ISO-10303-21;
HEADER;
FILE_DESCRIPTION(('KiCad electronic assembly'),'2;1');
FILE_NAME('model.step','1970-01-01T00:00:00',('Pcbnew'),('Kicad'),
  'Open CASCADE STEP processor 7.9','KiCad to STEP converter','Unknown'
  );
FILE_SCHEMA(('AUTOMOTIVE_DESIGN { 1 0 10303 214 1 1 1 1 }'));
ENDSEC;
DATA;
#1 = APPLICATION_PROTOCOL_DEFINITION('international standard',
  'automotive_design',2000,#2);
#2 = APPLICATION_CONTEXT(
  'core data for automotive mechanical design processes');
#3 = SHAPE_DEFINITION_REPRESENTATION(#4,#10);
#4 = PRODUCT_DEFINITION_SHAPE('','',#5);
#5 = PRODUCT_DEFINITION('design','',#6,#9);
#6 = PRODUCT_DEFINITION_FORMATION('','',#7);
#7 = PRODUCT('model 1','model 1','',(#8));
#8 = PRODUCT_CONTEXT('',#2,'mechanical');
#9 = PRODUCT_DEFINITION_CONTEXT('part definition',#2,'design');
#10 = SHAPE_REPRESENTATION('',(#11,#15,#19,#23),#27);
#11 = AXIS2_PLACEMENT_3D('',#12,#13,#14);
#12 = CARTESIAN_POINT('',(0.,0.,0.));
#13 = DIRECTION('',(0.,0.,1.));
#14 = DIRECTION('',(1.,0.,-0.));
#15 = AXIS2_PLACEMENT_3D('',#16,#17,#18);
#16 = CARTESIAN_POINT('',(0.,0.,1.595));
#17 = DIRECTION('',(0.,0.,1.));
#18 = DIRECTION('',(1.,0.,0.));
#19 = AXIS2_PLACEMENT_3D('',#20,#21,#22);
#20 = CARTESIAN_POINT('',(0.,0.,0.));
#21 = DIRECTION('',(0.,0.,1.));
#22 = DIRECTION('',(1.,0.,-0.));
#23 = AXIS2_PLACEMENT_3D('',#24,#25,#26);
#24 = CARTESIAN_POINT('',(0.,0.,0.));
#25 = DIRECTION('',(0.,0.,1.));
#26 = DIRECTION('',(1.,0.,-0.));
#27 = ( GEOMETRIC_REPRESENTATION_CONTEXT(3) 
GLOBAL_UNCERTAINTY_ASSIGNED_CONTEXT((#31)) GLOBAL_UNIT_ASSIGNED_CONTEXT(
(#28,#29,#30)) REPRESENTATION_CONTEXT('Context #1',
  '3D Context with UNIT and UNCERTAINTY') );
#28 = ( LENGTH_UNIT() NAMED_UNIT(*) SI_UNIT(.MILLI.,.METRE.) );
#29 = ( NAMED_UNIT(*) PLANE_ANGLE_UNIT() SI_UNIT($,.RADIAN.) );
#30 = ( NAMED_UNIT(*) SI_UNIT($,.STERADIAN.) SOLID_ANGLE_UNIT() );
#31 = UNCERTAINTY_MEASURE_WITH_UNIT(LENGTH_MEASURE(1.E-07),#28,
  'distance_accuracy_value','confusion accuracy');
#32 = PRODUCT_RELATED_PRODUCT_CATEGORY('part',$,(#7));
#33 = SHAPE_DEFINITION_REPRESENTATION(#34,#40);
#34 = PRODUCT_DEFINITION_SHAPE('','',#35);
#35 = PRODUCT_DEFINITION('design','',#36,#39);
#36 = PRODUCT_DEFINITION_FORMATION('','',#37);
#37 = PRODUCT('D_SMA','D_SMA','',(#38));
#38 = PRODUCT_CONTEXT('',#2,'mechanical');
#39 = PRODUCT_DEFINITION_CONTEXT('part definition',#2,'design');
#40 = SHAPE_REPRESENTATION('',(#11,#41),#45);
#41 = AXIS2_PLACEMENT_3D('',#42,#43,#44);
#42 = CARTESIAN_POINT('',(0.,0.,0.));
#43 = DIRECTION('',(0.,0.,1.));
#44 = DIRECTION('',(1.,0.,-0.));
#45 = ( GEOMETRIC_REPRESENTATION_CONTEXT(3) 
GLOBAL_UNCERTAINTY_ASSIGNED_CONTEXT((#49)) GLOBAL_UNIT_ASSIGNED_CONTEXT(
(#46,#47,#48)) REPRESENTATION_CONTEXT('Context #1',
  '3D Context with UNIT and UNCERTAINTY') );
#46 = ( LENGTH_UNIT() NAMED_UNIT(*) SI_UNIT(.MILLI.,.METRE.) );
#47 = ( NAMED_UNIT(*) PLANE_ANGLE_UNIT() SI_UNIT($,.RADIAN.) );
#48 = ( NAMED_UNIT(*) SI_UNIT($,.STERADIAN.) SOLID_ANGLE_UNIT() );
#49 = UNCERTAINTY_MEASURE_WITH_UNIT(LENGTH_MEASURE(1.E-07),#46,
  'distance_accuracy_value','confusion accuracy');
#50 = CONTEXT_DEPENDENT_SHAPE_REPRESENTATION(#51,#53);
#51 = ( REPRESENTATION_RELATIONSHIP('','',#40,#10) 
REPRESENTATION_RELATIONSHIP_WITH_TRANSFORMATION(#52) 
SHAPE_REPRESENTATION_RELATIONSHIP() );
#52 = ITEM_DEFINED_TRANSFORMATION('','',#11,#15);
#53 = PRODUCT_DEFINITION_SHAPE('Placement','Placement of an item',#54);
#54 = NEXT_ASSEMBLY_USAGE_OCCURRENCE('2','REF**','',#5,#35,$);
#55 = PRODUCT_RELATED_PRODUCT_CATEGORY('part',$,(#37));
#56 = SHAPE_DEFINITION_REPRESENTATION(#57,#63);
#57 = PRODUCT_DEFINITION_SHAPE('','',#58);
#58 = PRODUCT_DEFINITION('design','',#59,#62);
#59 = PRODUCT_DEFINITION_FORMATION('','',#60);
#60 = PRODUCT('D_SMA','D_SMA','',(#61));
#61 = PRODUCT_CONTEXT('',#2,'mechanical');
#62 = PRODUCT_DEFINITION_CONTEXT('part definition',#2,'design');
#63 = ADVANCED_BREP_SHAPE_REPRESENTATION('',(#11,#64),#1272);
#64 = MANIFOLD_SOLID_BREP('',#65);
#65 = CLOSED_SHELL('',(#66,#106,#189,#214,#289,#306,#323,#340,#357,#374,
    #390,#437,#472,#511,#540,#579,#608,#662,#705,#728,#751,#774,#825,
    #848,#865,#939,#963,#1030,#1042,#1054,#1071,#1100,#1123,#1146,#1163,
    #1185,#1197,#1214,#1231,#1248,#1260));
#66 = ADVANCED_FACE('',(#67),#101,.T.);
#67 = FACE_BOUND('',#68,.T.);
#68 = EDGE_LOOP('',(#69,#79,#87,#95));
#69 = ORIENTED_EDGE('',*,*,#70,.T.);
#70 = EDGE_CURVE('',#71,#73,#75,.T.);
#71 = VERTEX_POINT('',#72);
#72 = CARTESIAN_POINT('',(1.14,0.75,0.));
#73 = VERTEX_POINT('',#74);
#74 = CARTESIAN_POINT('',(2.353333333333,0.75,-2.775557561563E-17));
#75 = LINE('',#76,#77);
#76 = CARTESIAN_POINT('',(2.28,0.75,0.));
#77 = VECTOR('',#78,1.);
#78 = DIRECTION('',(1.,-3.445092848398E-16,0.));
#79 = ORIENTED_EDGE('',*,*,#80,.T.);
#80 = EDGE_CURVE('',#73,#81,#83,.T.);
#81 = VERTEX_POINT('',#82);
#82 = CARTESIAN_POINT('',(2.353333333333,-0.75,-2.775557561563E-17));
#83 = LINE('',#84,#85);
#84 = CARTESIAN_POINT('',(2.353333333333,0.75,-2.775557561563E-17));
#85 = VECTOR('',#86,1.);
#86 = DIRECTION('',(-3.445092848398E-16,-1.,0.));
#87 = ORIENTED_EDGE('',*,*,#88,.T.);
#88 = EDGE_CURVE('',#81,#89,#91,.T.);
#89 = VERTEX_POINT('',#90);
#90 = CARTESIAN_POINT('',(1.14,-0.75,0.));
#91 = LINE('',#92,#93);
#92 = CARTESIAN_POINT('',(2.28,-0.75,0.));
#93 = VECTOR('',#94,1.);
#94 = DIRECTION('',(-1.,3.445092848398E-16,0.));
#95 = ORIENTED_EDGE('',*,*,#96,.T.);
#96 = EDGE_CURVE('',#89,#71,#97,.T.);
#97 = LINE('',#98,#99);
#98 = CARTESIAN_POINT('',(1.14,-0.75,0.));
#99 = VECTOR('',#100,1.);
#100 = DIRECTION('',(3.445092848398E-16,1.,0.));
#101 = PLANE('',#102);
#102 = AXIS2_PLACEMENT_3D('',#103,#104,#105);
#103 = CARTESIAN_POINT('',(1.746666666667,-5.821951347626E-16,
    -7.671995716851E-18));
#104 = DIRECTION('',(-1.332277103521E-17,5.237186372803E-33,-1.));
#105 = DIRECTION('',(1.,-2.22044604925E-16,-1.332277103521E-17));
#106 = ADVANCED_FACE('',(#107),#184,.T.);
#107 = FACE_BOUND('',#108,.T.);
#108 = EDGE_LOOP('',(#109,#119,#126,#127,#135,#143,#153,#161,#169,#177)
  );
#109 = ORIENTED_EDGE('',*,*,#110,.F.);
#110 = EDGE_CURVE('',#111,#113,#115,.T.);
#111 = VERTEX_POINT('',#112);
#112 = CARTESIAN_POINT('',(2.5,0.75,0.146666666667));
#113 = VERTEX_POINT('',#114);
#114 = CARTESIAN_POINT('',(2.5,0.75,0.842343333333));
#115 = LINE('',#116,#117);
#116 = CARTESIAN_POINT('',(2.5,0.75,0.));
#117 = VECTOR('',#118,1.);
#118 = DIRECTION('',(0.,0.,1.));
#119 = ORIENTED_EDGE('',*,*,#120,.T.);
#120 = EDGE_CURVE('',#111,#73,#121,.T.);
#121 = CIRCLE('',#122,0.146666666667);
#122 = AXIS2_PLACEMENT_3D('',#123,#124,#125);
#123 = CARTESIAN_POINT('',(2.353333333333,0.75,0.146666666667));
#124 = DIRECTION('',(3.445092848398E-16,1.,-0.));
#125 = DIRECTION('',(0.,0.,1.));
#126 = ORIENTED_EDGE('',*,*,#70,.F.);
#127 = ORIENTED_EDGE('',*,*,#128,.T.);
#128 = EDGE_CURVE('',#71,#129,#131,.T.);
#129 = VERTEX_POINT('',#130);
#130 = CARTESIAN_POINT('',(1.14,0.75,0.22));
#131 = LINE('',#132,#133);
#132 = CARTESIAN_POINT('',(1.14,0.75,0.));
#133 = VECTOR('',#134,1.);
#134 = DIRECTION('',(0.,0.,1.));
#135 = ORIENTED_EDGE('',*,*,#136,.F.);
#136 = EDGE_CURVE('',#137,#129,#139,.T.);
#137 = VERTEX_POINT('',#138);
#138 = CARTESIAN_POINT('',(2.225259344883,0.75,0.22));
#139 = LINE('',#140,#141);
#140 = CARTESIAN_POINT('',(2.108163247245,0.75,0.22));
#141 = VECTOR('',#142,1.);
#142 = DIRECTION('',(-1.,4.514825988711E-16,0.));
#143 = ORIENTED_EDGE('',*,*,#144,.T.);
#144 = EDGE_CURVE('',#137,#145,#147,.T.);
#145 = VERTEX_POINT('',#146);
#146 = CARTESIAN_POINT('',(2.225413939802,0.75,0.2222));
#147 = B_SPLINE_CURVE_WITH_KNOTS('',4,(#148,#149,#150,#151,#152),
  .UNSPECIFIED.,.F.,.F.,(5,5),(0.,1.),.PIECEWISE_BEZIER_KNOTS.);
#148 = CARTESIAN_POINT('',(2.225259344883,0.75,0.22));
#149 = CARTESIAN_POINT('',(2.238768685756,0.75,0.412247910026));
#150 = CARTESIAN_POINT('',(2.25227825666,0.75,0.604499093572));
#151 = CARTESIAN_POINT('',(2.265788033788,0.75,0.796753211837));
#152 = CARTESIAN_POINT('',(2.279297998531,0.75,0.98901));
#153 = ORIENTED_EDGE('',*,*,#154,.T.);
#154 = EDGE_CURVE('',#145,#155,#157,.T.);
#155 = VERTEX_POINT('',#156);
#156 = CARTESIAN_POINT('',(2.28,0.75,0.2222));
#157 = LINE('',#158,#159);
#158 = CARTESIAN_POINT('',(1.14,0.75,0.2222));
#159 = VECTOR('',#160,1.);
#160 = DIRECTION('',(1.,-3.445092848398E-16,0.));
#161 = ORIENTED_EDGE('',*,*,#162,.T.);
#162 = EDGE_CURVE('',#155,#163,#165,.T.);
#163 = VERTEX_POINT('',#164);
#164 = CARTESIAN_POINT('',(2.28,0.75,0.98901));
#165 = LINE('',#166,#167);
#166 = CARTESIAN_POINT('',(2.28,0.75,0.));
#167 = VECTOR('',#168,1.);
#168 = DIRECTION('',(0.,0.,1.));
#169 = ORIENTED_EDGE('',*,*,#170,.T.);
#170 = EDGE_CURVE('',#163,#171,#173,.T.);
#171 = VERTEX_POINT('',#172);
#172 = CARTESIAN_POINT('',(2.353333333333,0.75,0.98901));
#173 = LINE('',#174,#175);
#174 = CARTESIAN_POINT('',(2.28,0.75,0.98901));
#175 = VECTOR('',#176,1.);
#176 = DIRECTION('',(1.,-3.445092848398E-16,0.));
#177 = ORIENTED_EDGE('',*,*,#178,.F.);
#178 = EDGE_CURVE('',#113,#171,#179,.T.);
#179 = CIRCLE('',#180,0.146666666667);
#180 = AXIS2_PLACEMENT_3D('',#181,#182,#183);
#181 = CARTESIAN_POINT('',(2.353333333333,0.75,0.842343333333));
#182 = DIRECTION('',(-3.445092848398E-16,-1.,0.));
#183 = DIRECTION('',(0.,0.,1.));
#184 = PLANE('',#185);
#185 = AXIS2_PLACEMENT_3D('',#186,#187,#188);
#186 = CARTESIAN_POINT('',(1.991067149606,0.75,0.303091083877));
#187 = DIRECTION('',(4.514825988711E-16,1.,5.822139933717E-17));
#188 = DIRECTION('',(-1.,4.514825988711E-16,0.));
#189 = ADVANCED_FACE('',(#190),#209,.T.);
#190 = FACE_BOUND('',#191,.T.);
#191 = EDGE_LOOP('',(#192,#200,#207,#208));
#192 = ORIENTED_EDGE('',*,*,#193,.T.);
#193 = EDGE_CURVE('',#111,#194,#196,.T.);
#194 = VERTEX_POINT('',#195);
#195 = CARTESIAN_POINT('',(2.5,-0.75,0.146666666667));
#196 = LINE('',#197,#198);
#197 = CARTESIAN_POINT('',(2.5,0.75,0.146666666667));
#198 = VECTOR('',#199,1.);
#199 = DIRECTION('',(-3.445092848398E-16,-1.,0.));
#200 = ORIENTED_EDGE('',*,*,#201,.T.);
#201 = EDGE_CURVE('',#194,#81,#202,.T.);
#202 = CIRCLE('',#203,0.146666666667);
#203 = AXIS2_PLACEMENT_3D('',#204,#205,#206);
#204 = CARTESIAN_POINT('',(2.353333333333,-0.75,0.146666666667));
#205 = DIRECTION('',(3.445092848398E-16,1.,-0.));
#206 = DIRECTION('',(0.,0.,1.));
#207 = ORIENTED_EDGE('',*,*,#80,.F.);
#208 = ORIENTED_EDGE('',*,*,#120,.F.);
#209 = CYLINDRICAL_SURFACE('',#210,0.146666666667);
#210 = AXIS2_PLACEMENT_3D('',#211,#212,#213);
#211 = CARTESIAN_POINT('',(2.353333333333,0.75,0.146666666667));
#212 = DIRECTION('',(-3.445092848398E-16,-1.,0.));
#213 = DIRECTION('',(1.,-3.445092848398E-16,0.));
#214 = ADVANCED_FACE('',(#215),#284,.T.);
#215 = FACE_BOUND('',#216,.T.);
#216 = EDGE_LOOP('',(#217,#218,#226,#235,#243,#251,#259,#269,#277,#283)
  );
#217 = ORIENTED_EDGE('',*,*,#201,.F.);
#218 = ORIENTED_EDGE('',*,*,#219,.T.);
#219 = EDGE_CURVE('',#194,#220,#222,.T.);
#220 = VERTEX_POINT('',#221);
#221 = CARTESIAN_POINT('',(2.5,-0.75,0.842343333333));
#222 = LINE('',#223,#224);
#223 = CARTESIAN_POINT('',(2.5,-0.75,0.));
#224 = VECTOR('',#225,1.);
#225 = DIRECTION('',(0.,0.,1.));
#226 = ORIENTED_EDGE('',*,*,#227,.T.);
#227 = EDGE_CURVE('',#220,#228,#230,.T.);
#228 = VERTEX_POINT('',#229);
#229 = CARTESIAN_POINT('',(2.353333333333,-0.75,0.98901));
#230 = CIRCLE('',#231,0.146666666667);
#231 = AXIS2_PLACEMENT_3D('',#232,#233,#234);
#232 = CARTESIAN_POINT('',(2.353333333333,-0.75,0.842343333333));
#233 = DIRECTION('',(-3.445092848398E-16,-1.,0.));
#234 = DIRECTION('',(0.,0.,1.));
#235 = ORIENTED_EDGE('',*,*,#236,.T.);
#236 = EDGE_CURVE('',#228,#237,#239,.T.);
#237 = VERTEX_POINT('',#238);
#238 = CARTESIAN_POINT('',(2.28,-0.75,0.98901));
#239 = LINE('',#240,#241);
#240 = CARTESIAN_POINT('',(2.5,-0.75,0.98901));
#241 = VECTOR('',#242,1.);
#242 = DIRECTION('',(-1.,3.445092848398E-16,0.));
#243 = ORIENTED_EDGE('',*,*,#244,.F.);
#244 = EDGE_CURVE('',#245,#237,#247,.T.);
#245 = VERTEX_POINT('',#246);
#246 = CARTESIAN_POINT('',(2.28,-0.75,0.2222));
#247 = LINE('',#248,#249);
#248 = CARTESIAN_POINT('',(2.28,-0.75,0.));
#249 = VECTOR('',#250,1.);
#250 = DIRECTION('',(0.,0.,1.));
#251 = ORIENTED_EDGE('',*,*,#252,.T.);
#252 = EDGE_CURVE('',#245,#253,#255,.T.);
#253 = VERTEX_POINT('',#254);
#254 = CARTESIAN_POINT('',(2.225413939802,-0.75,0.2222));
#255 = LINE('',#256,#257);
#256 = CARTESIAN_POINT('',(2.28,-0.75,0.2222));
#257 = VECTOR('',#258,1.);
#258 = DIRECTION('',(-1.,3.445092848398E-16,0.));
#259 = ORIENTED_EDGE('',*,*,#260,.F.);
#260 = EDGE_CURVE('',#261,#253,#263,.T.);
#261 = VERTEX_POINT('',#262);
#262 = CARTESIAN_POINT('',(2.225259344883,-0.75,0.22));
#263 = B_SPLINE_CURVE_WITH_KNOTS('',4,(#264,#265,#266,#267,#268),
  .UNSPECIFIED.,.F.,.F.,(5,5),(0.,1.),.PIECEWISE_BEZIER_KNOTS.);
#264 = CARTESIAN_POINT('',(2.225259344883,-0.75,0.22));
#265 = CARTESIAN_POINT('',(2.238768685756,-0.75,0.412247910026));
#266 = CARTESIAN_POINT('',(2.25227825666,-0.75,0.604499093572));
#267 = CARTESIAN_POINT('',(2.265788033788,-0.75,0.796753211837));
#268 = CARTESIAN_POINT('',(2.279297998531,-0.75,0.98901));
#269 = ORIENTED_EDGE('',*,*,#270,.F.);
#270 = EDGE_CURVE('',#271,#261,#273,.T.);
#271 = VERTEX_POINT('',#272);
#272 = CARTESIAN_POINT('',(1.14,-0.75,0.22));
#273 = LINE('',#274,#275);
#274 = CARTESIAN_POINT('',(2.108163247245,-0.75,0.22));
#275 = VECTOR('',#276,1.);
#276 = DIRECTION('',(1.,-2.844998265321E-16,-0.));
#277 = ORIENTED_EDGE('',*,*,#278,.F.);
#278 = EDGE_CURVE('',#89,#271,#279,.T.);
#279 = LINE('',#280,#281);
#280 = CARTESIAN_POINT('',(1.14,-0.75,0.));
#281 = VECTOR('',#282,1.);
#282 = DIRECTION('',(0.,0.,1.));
#283 = ORIENTED_EDGE('',*,*,#88,.F.);
#284 = PLANE('',#285);
#285 = AXIS2_PLACEMENT_3D('',#286,#287,#288);
#286 = CARTESIAN_POINT('',(1.991067149606,-0.75,0.303091083877));
#287 = DIRECTION('',(-2.844998265321E-16,-1.,-7.396066644327E-17));
#288 = DIRECTION('',(1.642256696039E-32,7.396066644327E-17,-1.));
#289 = ADVANCED_FACE('',(#290),#301,.T.);
#290 = FACE_BOUND('',#291,.T.);
#291 = EDGE_LOOP('',(#292,#293,#294,#300));
#292 = ORIENTED_EDGE('',*,*,#96,.F.);
#293 = ORIENTED_EDGE('',*,*,#278,.T.);
#294 = ORIENTED_EDGE('',*,*,#295,.F.);
#295 = EDGE_CURVE('',#129,#271,#296,.T.);
#296 = LINE('',#297,#298);
#297 = CARTESIAN_POINT('',(1.14,-1.022629672442,0.22));
#298 = VECTOR('',#299,1.);
#299 = DIRECTION('',(-3.445092848398E-16,-1.,0.));
#300 = ORIENTED_EDGE('',*,*,#128,.F.);
#301 = PLANE('',#302);
#302 = AXIS2_PLACEMENT_3D('',#303,#304,#305);
#303 = CARTESIAN_POINT('',(1.14,-0.75,0.));
#304 = DIRECTION('',(-1.,3.445092848398E-16,0.));
#305 = DIRECTION('',(3.445092848398E-16,1.,0.));
#306 = ADVANCED_FACE('',(#307),#318,.T.);
#307 = FACE_BOUND('',#308,.T.);
#308 = EDGE_LOOP('',(#309,#310,#316,#317));
#309 = ORIENTED_EDGE('',*,*,#110,.T.);
#310 = ORIENTED_EDGE('',*,*,#311,.T.);
#311 = EDGE_CURVE('',#113,#220,#312,.T.);
#312 = LINE('',#313,#314);
#313 = CARTESIAN_POINT('',(2.5,0.75,0.842343333333));
#314 = VECTOR('',#315,1.);
#315 = DIRECTION('',(-3.445092848398E-16,-1.,0.));
#316 = ORIENTED_EDGE('',*,*,#219,.F.);
#317 = ORIENTED_EDGE('',*,*,#193,.F.);
#318 = PLANE('',#319);
#319 = AXIS2_PLACEMENT_3D('',#320,#321,#322);
#320 = CARTESIAN_POINT('',(2.5,0.75,0.));
#321 = DIRECTION('',(1.,-3.445092848398E-16,0.));
#322 = DIRECTION('',(-3.445092848398E-16,-1.,0.));
#323 = ADVANCED_FACE('',(#324),#335,.T.);
#324 = FACE_BOUND('',#325,.T.);
#325 = EDGE_LOOP('',(#326,#327,#333,#334));
#326 = ORIENTED_EDGE('',*,*,#178,.T.);
#327 = ORIENTED_EDGE('',*,*,#328,.T.);
#328 = EDGE_CURVE('',#171,#228,#329,.T.);
#329 = LINE('',#330,#331);
#330 = CARTESIAN_POINT('',(2.353333333333,0.75,0.98901));
#331 = VECTOR('',#332,1.);
#332 = DIRECTION('',(-3.445092848398E-16,-1.,0.));
#333 = ORIENTED_EDGE('',*,*,#227,.F.);
#334 = ORIENTED_EDGE('',*,*,#311,.F.);
#335 = CYLINDRICAL_SURFACE('',#336,0.146666666667);
#336 = AXIS2_PLACEMENT_3D('',#337,#338,#339);
#337 = CARTESIAN_POINT('',(2.353333333333,0.75,0.842343333333));
#338 = DIRECTION('',(-3.445092848398E-16,-1.,0.));
#339 = DIRECTION('',(1.,-3.445092848398E-16,0.));
#340 = ADVANCED_FACE('',(#341),#352,.F.);
#341 = FACE_BOUND('',#342,.F.);
#342 = EDGE_LOOP('',(#343,#344,#345,#346));
#343 = ORIENTED_EDGE('',*,*,#170,.T.);
#344 = ORIENTED_EDGE('',*,*,#328,.T.);
#345 = ORIENTED_EDGE('',*,*,#236,.T.);
#346 = ORIENTED_EDGE('',*,*,#347,.T.);
#347 = EDGE_CURVE('',#237,#163,#348,.T.);
#348 = LINE('',#349,#350);
#349 = CARTESIAN_POINT('',(2.28,-0.75,0.98901));
#350 = VECTOR('',#351,1.);
#351 = DIRECTION('',(3.445092848398E-16,1.,0.));
#352 = PLANE('',#353);
#353 = AXIS2_PLACEMENT_3D('',#354,#355,#356);
#354 = CARTESIAN_POINT('',(2.39,-6.661338147751E-16,0.98901));
#355 = DIRECTION('',(0.,0.,-1.));
#356 = DIRECTION('',(3.445092848398E-16,1.,0.));
#357 = ADVANCED_FACE('',(#358),#369,.T.);
#358 = FACE_BOUND('',#359,.T.);
#359 = EDGE_LOOP('',(#360,#366,#367,#368));
#360 = ORIENTED_EDGE('',*,*,#361,.T.);
#361 = EDGE_CURVE('',#155,#245,#362,.T.);
#362 = LINE('',#363,#364);
#363 = CARTESIAN_POINT('',(2.28,0.75,0.2222));
#364 = VECTOR('',#365,1.);
#365 = DIRECTION('',(-3.445092848398E-16,-1.,0.));
#366 = ORIENTED_EDGE('',*,*,#244,.T.);
#367 = ORIENTED_EDGE('',*,*,#347,.T.);
#368 = ORIENTED_EDGE('',*,*,#162,.F.);
#369 = PLANE('',#370);
#370 = AXIS2_PLACEMENT_3D('',#371,#372,#373);
#371 = CARTESIAN_POINT('',(2.28,-0.75,0.));
#372 = DIRECTION('',(-1.,3.445092848398E-16,0.));
#373 = DIRECTION('',(3.445092848398E-16,1.,0.));
#374 = ADVANCED_FACE('',(#375),#385,.F.);
#375 = FACE_BOUND('',#376,.F.);
#376 = EDGE_LOOP('',(#377,#382,#383,#384));
#377 = ORIENTED_EDGE('',*,*,#378,.F.);
#378 = EDGE_CURVE('',#145,#253,#379,.T.);
#379 = B_SPLINE_CURVE_WITH_KNOTS('',1,(#380,#381),.UNSPECIFIED.,.F.,.F.,
  (2,2),(0.,1.),.PIECEWISE_BEZIER_KNOTS.);
#380 = CARTESIAN_POINT('',(2.225413939802,0.75,0.2222));
#381 = CARTESIAN_POINT('',(2.225413939802,-0.75,0.2222));
#382 = ORIENTED_EDGE('',*,*,#154,.T.);
#383 = ORIENTED_EDGE('',*,*,#361,.T.);
#384 = ORIENTED_EDGE('',*,*,#252,.T.);
#385 = PLANE('',#386);
#386 = AXIS2_PLACEMENT_3D('',#387,#388,#389);
#387 = CARTESIAN_POINT('',(1.71,-5.551115123126E-16,0.2222));
#388 = DIRECTION('',(0.,0.,-1.));
#389 = DIRECTION('',(3.445092848398E-16,1.,0.));
#390 = ADVANCED_FACE('',(#391),#432,.T.);
#391 = FACE_BOUND('',#392,.T.);
#392 = EDGE_LOOP('',(#393,#402,#408,#409,#410,#411,#419,#426));
#393 = ORIENTED_EDGE('',*,*,#394,.F.);
#394 = EDGE_CURVE('',#395,#397,#399,.T.);
#395 = VERTEX_POINT('',#396);
#396 = CARTESIAN_POINT('',(2.225259344883,-1.295259344883,0.22));
#397 = VERTEX_POINT('',#398);
#398 = CARTESIAN_POINT('',(2.28,-1.35,0.999));
#399 = B_SPLINE_CURVE_WITH_KNOTS('',1,(#400,#401),.UNSPECIFIED.,.F.,.F.,
  (2,2),(0.,1.),.PIECEWISE_BEZIER_KNOTS.);
#400 = CARTESIAN_POINT('',(2.225259344883,-1.295259344883,0.22));
#401 = CARTESIAN_POINT('',(2.28,-1.35,0.999));
#402 = ORIENTED_EDGE('',*,*,#403,.T.);
#403 = EDGE_CURVE('',#395,#261,#404,.T.);
#404 = LINE('',#405,#406);
#405 = CARTESIAN_POINT('',(2.225259344883,-1.295259344883,0.22));
#406 = VECTOR('',#407,1.);
#407 = DIRECTION('',(2.22044604925E-16,1.,0.));
#408 = ORIENTED_EDGE('',*,*,#260,.T.);
#409 = ORIENTED_EDGE('',*,*,#378,.F.);
#410 = ORIENTED_EDGE('',*,*,#144,.F.);
#411 = ORIENTED_EDGE('',*,*,#412,.T.);
#412 = EDGE_CURVE('',#137,#413,#415,.T.);
#413 = VERTEX_POINT('',#414);
#414 = CARTESIAN_POINT('',(2.225259344883,1.295259344883,0.22));
#415 = LINE('',#416,#417);
#416 = CARTESIAN_POINT('',(2.225259344883,-1.295259344883,0.22));
#417 = VECTOR('',#418,1.);
#418 = DIRECTION('',(2.22044604925E-16,1.,0.));
#419 = ORIENTED_EDGE('',*,*,#420,.T.);
#420 = EDGE_CURVE('',#413,#421,#423,.T.);
#421 = VERTEX_POINT('',#422);
#422 = CARTESIAN_POINT('',(2.28,1.35,0.999));
#423 = B_SPLINE_CURVE_WITH_KNOTS('',1,(#424,#425),.UNSPECIFIED.,.F.,.F.,
  (2,2),(0.,1.),.PIECEWISE_BEZIER_KNOTS.);
#424 = CARTESIAN_POINT('',(2.225259344883,1.295259344883,0.22));
#425 = CARTESIAN_POINT('',(2.28,1.35,0.999));
#426 = ORIENTED_EDGE('',*,*,#427,.F.);
#427 = EDGE_CURVE('',#397,#421,#428,.T.);
#428 = LINE('',#429,#430);
#429 = CARTESIAN_POINT('',(2.28,-1.35,0.999));
#430 = VECTOR('',#431,1.);
#431 = DIRECTION('',(2.22044604925E-16,1.,0.));
#432 = B_SPLINE_SURFACE_WITH_KNOTS('',1,1,(
    (#433,#434)
    ,(#435,#436
  )),.UNSPECIFIED.,.F.,.F.,.F.,(2,2),(2,2),(0.,2.7),(0.,1.),
  .PIECEWISE_BEZIER_KNOTS.);
#433 = CARTESIAN_POINT('',(2.225259344883,-1.295259344883,0.22));
#434 = CARTESIAN_POINT('',(2.28,-1.35,0.999));
#435 = CARTESIAN_POINT('',(2.225259344883,1.295259344883,0.22));
#436 = CARTESIAN_POINT('',(2.28,1.35,0.999));
#437 = ADVANCED_FACE('',(#438),#467,.T.);
#438 = FACE_BOUND('',#439,.T.);
#439 = EDGE_LOOP('',(#440,#441,#449,#457,#463,#464,#465,#466));
#440 = ORIENTED_EDGE('',*,*,#403,.F.);
#441 = ORIENTED_EDGE('',*,*,#442,.F.);
#442 = EDGE_CURVE('',#443,#395,#445,.T.);
#443 = VERTEX_POINT('',#444);
#444 = CARTESIAN_POINT('',(1.1,-1.295259344883,0.22));
#445 = LINE('',#446,#447);
#446 = CARTESIAN_POINT('',(-2.225259344883,-1.295259344883,0.22));
#447 = VECTOR('',#448,1.);
#448 = DIRECTION('',(1.,-2.22044604925E-16,0.));
#449 = ORIENTED_EDGE('',*,*,#450,.T.);
#450 = EDGE_CURVE('',#443,#451,#453,.T.);
#451 = VERTEX_POINT('',#452);
#452 = CARTESIAN_POINT('',(1.1,1.295259344883,0.22));
#453 = LINE('',#454,#455);
#454 = CARTESIAN_POINT('',(1.1,-1.295259344883,0.22));
#455 = VECTOR('',#456,1.);
#456 = DIRECTION('',(2.22044604925E-16,1.,0.));
#457 = ORIENTED_EDGE('',*,*,#458,.F.);
#458 = EDGE_CURVE('',#413,#451,#459,.T.);
#459 = LINE('',#460,#461);
#460 = CARTESIAN_POINT('',(2.225259344883,1.295259344883,0.22));
#461 = VECTOR('',#462,1.);
#462 = DIRECTION('',(-1.,2.22044604925E-16,0.));
#463 = ORIENTED_EDGE('',*,*,#412,.F.);
#464 = ORIENTED_EDGE('',*,*,#136,.T.);
#465 = ORIENTED_EDGE('',*,*,#295,.T.);
#466 = ORIENTED_EDGE('',*,*,#270,.T.);
#467 = PLANE('',#468);
#468 = AXIS2_PLACEMENT_3D('',#469,#470,#471);
#469 = CARTESIAN_POINT('',(2.225259344883,-1.295259344883,0.22));
#470 = DIRECTION('',(0.,0.,-1.));
#471 = DIRECTION('',(-0.864253276514,0.503056929218,0.));
#472 = ADVANCED_FACE('',(#473),#506,.T.);
#473 = FACE_BOUND('',#474,.T.);
#474 = EDGE_LOOP('',(#475,#485,#491,#492,#493,#501));
#475 = ORIENTED_EDGE('',*,*,#476,.T.);
#476 = EDGE_CURVE('',#477,#479,#481,.T.);
#477 = VERTEX_POINT('',#478);
#478 = CARTESIAN_POINT('',(-2.225259344883,-1.295259344883,0.22));
#479 = VERTEX_POINT('',#480);
#480 = CARTESIAN_POINT('',(-1.1,-1.295259344883,0.22));
#481 = LINE('',#482,#483);
#482 = CARTESIAN_POINT('',(-2.225259344883,-1.295259344883,0.22));
#483 = VECTOR('',#484,1.);
#484 = DIRECTION('',(1.,-2.22044604925E-16,0.));
#485 = ORIENTED_EDGE('',*,*,#486,.T.);
#486 = EDGE_CURVE('',#479,#443,#487,.T.);
#487 = LINE('',#488,#489);
#488 = CARTESIAN_POINT('',(-1.1,-1.295259344883,0.22));
#489 = VECTOR('',#490,1.);
#490 = DIRECTION('',(1.,-2.22044604925E-16,0.));
#491 = ORIENTED_EDGE('',*,*,#442,.T.);
#492 = ORIENTED_EDGE('',*,*,#394,.T.);
#493 = ORIENTED_EDGE('',*,*,#494,.F.);
#494 = EDGE_CURVE('',#495,#397,#497,.T.);
#495 = VERTEX_POINT('',#496);
#496 = CARTESIAN_POINT('',(-2.28,-1.35,0.999));
#497 = LINE('',#498,#499);
#498 = CARTESIAN_POINT('',(-2.28,-1.35,0.999));
#499 = VECTOR('',#500,1.);
#500 = DIRECTION('',(1.,-2.22044604925E-16,0.));
#501 = ORIENTED_EDGE('',*,*,#502,.F.);
#502 = EDGE_CURVE('',#477,#495,#503,.T.);
#503 = B_SPLINE_CURVE_WITH_KNOTS('',1,(#504,#505),.UNSPECIFIED.,.F.,.F.,
  (2,2),(0.,1.),.PIECEWISE_BEZIER_KNOTS.);
#504 = CARTESIAN_POINT('',(-2.225259344883,-1.295259344883,0.22));
#505 = CARTESIAN_POINT('',(-2.28,-1.35,0.999));
#506 = B_SPLINE_SURFACE_WITH_KNOTS('',1,1,(
    (#507,#508)
    ,(#509,#510
    )),.UNSPECIFIED.,.F.,.F.,.F.,(2,2),(2,2),(0.,4.56),(0.,1.),
  .PIECEWISE_BEZIER_KNOTS.);
#507 = CARTESIAN_POINT('',(-2.225259344883,-1.295259344883,0.22));
#508 = CARTESIAN_POINT('',(-2.28,-1.35,0.999));
#509 = CARTESIAN_POINT('',(2.225259344883,-1.295259344883,0.22));
#510 = CARTESIAN_POINT('',(2.28,-1.35,0.999));
#511 = ADVANCED_FACE('',(#512),#535,.T.);
#512 = FACE_BOUND('',#513,.T.);
#513 = EDGE_LOOP('',(#514,#515,#522,#530));
#514 = ORIENTED_EDGE('',*,*,#427,.T.);
#515 = ORIENTED_EDGE('',*,*,#516,.T.);
#516 = EDGE_CURVE('',#421,#517,#519,.T.);
#517 = VERTEX_POINT('',#518);
#518 = CARTESIAN_POINT('',(2.194199820414,1.264199820414,2.22));
#519 = B_SPLINE_CURVE_WITH_KNOTS('',1,(#520,#521),.UNSPECIFIED.,.F.,.F.,
  (2,2),(0.,1.),.PIECEWISE_BEZIER_KNOTS.);
#520 = CARTESIAN_POINT('',(2.28,1.35,0.999));
#521 = CARTESIAN_POINT('',(2.194199820414,1.264199820414,2.22));
#522 = ORIENTED_EDGE('',*,*,#523,.F.);
#523 = EDGE_CURVE('',#524,#517,#526,.T.);
#524 = VERTEX_POINT('',#525);
#525 = CARTESIAN_POINT('',(2.194199820414,-1.264199820414,2.22));
#526 = LINE('',#527,#528);
#527 = CARTESIAN_POINT('',(2.194199820414,-1.264199820414,2.22));
#528 = VECTOR('',#529,1.);
#529 = DIRECTION('',(2.22044604925E-16,1.,0.));
#530 = ORIENTED_EDGE('',*,*,#531,.F.);
#531 = EDGE_CURVE('',#397,#524,#532,.T.);
#532 = B_SPLINE_CURVE_WITH_KNOTS('',1,(#533,#534),.UNSPECIFIED.,.F.,.F.,
  (2,2),(0.,1.),.PIECEWISE_BEZIER_KNOTS.);
#533 = CARTESIAN_POINT('',(2.28,-1.35,0.999));
#534 = CARTESIAN_POINT('',(2.194199820414,-1.264199820414,2.22));
#535 = B_SPLINE_SURFACE_WITH_KNOTS('',1,1,(
    (#536,#537)
    ,(#538,#539
  )),.UNSPECIFIED.,.F.,.F.,.F.,(2,2),(2,2),(0.,2.7),(0.,1.),
  .PIECEWISE_BEZIER_KNOTS.);
#536 = CARTESIAN_POINT('',(2.28,-1.35,0.999));
#537 = CARTESIAN_POINT('',(2.194199820414,-1.264199820414,2.22));
#538 = CARTESIAN_POINT('',(2.28,1.35,0.999));
#539 = CARTESIAN_POINT('',(2.194199820414,1.264199820414,2.22));
#540 = ADVANCED_FACE('',(#541),#574,.T.);
#541 = FACE_BOUND('',#542,.T.);
#542 = EDGE_LOOP('',(#543,#544,#552,#560,#567,#573));
#543 = ORIENTED_EDGE('',*,*,#458,.T.);
#544 = ORIENTED_EDGE('',*,*,#545,.T.);
#545 = EDGE_CURVE('',#451,#546,#548,.T.);
#546 = VERTEX_POINT('',#547);
#547 = CARTESIAN_POINT('',(-1.1,1.295259344883,0.22));
#548 = LINE('',#549,#550);
#549 = CARTESIAN_POINT('',(1.1,1.295259344883,0.22));
#550 = VECTOR('',#551,1.);
#551 = DIRECTION('',(-1.,2.22044604925E-16,0.));
#552 = ORIENTED_EDGE('',*,*,#553,.T.);
#553 = EDGE_CURVE('',#546,#554,#556,.T.);
#554 = VERTEX_POINT('',#555);
#555 = CARTESIAN_POINT('',(-2.225259344883,1.295259344883,0.22));
#556 = LINE('',#557,#558);
#557 = CARTESIAN_POINT('',(2.225259344883,1.295259344883,0.22));
#558 = VECTOR('',#559,1.);
#559 = DIRECTION('',(-1.,2.22044604925E-16,0.));
#560 = ORIENTED_EDGE('',*,*,#561,.T.);
#561 = EDGE_CURVE('',#554,#562,#564,.T.);
#562 = VERTEX_POINT('',#563);
#563 = CARTESIAN_POINT('',(-2.28,1.35,0.999));
#564 = B_SPLINE_CURVE_WITH_KNOTS('',1,(#565,#566),.UNSPECIFIED.,.F.,.F.,
  (2,2),(0.,1.),.PIECEWISE_BEZIER_KNOTS.);
#565 = CARTESIAN_POINT('',(-2.225259344883,1.295259344883,0.22));
#566 = CARTESIAN_POINT('',(-2.28,1.35,0.999));
#567 = ORIENTED_EDGE('',*,*,#568,.F.);
#568 = EDGE_CURVE('',#421,#562,#569,.T.);
#569 = LINE('',#570,#571);
#570 = CARTESIAN_POINT('',(2.28,1.35,0.999));
#571 = VECTOR('',#572,1.);
#572 = DIRECTION('',(-1.,2.22044604925E-16,0.));
#573 = ORIENTED_EDGE('',*,*,#420,.F.);
#574 = B_SPLINE_SURFACE_WITH_KNOTS('',1,1,(
    (#575,#576)
    ,(#577,#578
    )),.UNSPECIFIED.,.F.,.F.,.F.,(2,2),(2,2),(0.,4.56),(0.,1.),
  .PIECEWISE_BEZIER_KNOTS.);
#575 = CARTESIAN_POINT('',(2.225259344883,1.295259344883,0.22));
#576 = CARTESIAN_POINT('',(2.28,1.35,0.999));
#577 = CARTESIAN_POINT('',(-2.225259344883,1.295259344883,0.22));
#578 = CARTESIAN_POINT('',(-2.28,1.35,0.999));
#579 = ADVANCED_FACE('',(#580),#603,.T.);
#580 = FACE_BOUND('',#581,.T.);
#581 = EDGE_LOOP('',(#582,#592,#597,#598));
#582 = ORIENTED_EDGE('',*,*,#583,.T.);
#583 = EDGE_CURVE('',#584,#586,#588,.T.);
#584 = VERTEX_POINT('',#585);
#585 = CARTESIAN_POINT('',(1.1,-1.279799853066,0.));
#586 = VERTEX_POINT('',#587);
#587 = CARTESIAN_POINT('',(1.1,1.279799853066,0.));
#588 = LINE('',#589,#590);
#589 = CARTESIAN_POINT('',(1.1,-1.279799853066,0.));
#590 = VECTOR('',#591,1.);
#591 = DIRECTION('',(2.22044604925E-16,1.,0.));
#592 = ORIENTED_EDGE('',*,*,#593,.T.);
#593 = EDGE_CURVE('',#586,#451,#594,.T.);
#594 = B_SPLINE_CURVE_WITH_KNOTS('',1,(#595,#596),.UNSPECIFIED.,.F.,.F.,
  (2,2),(0.,1.),.PIECEWISE_BEZIER_KNOTS.);
#595 = CARTESIAN_POINT('',(1.1,1.279799853066,0.));
#596 = CARTESIAN_POINT('',(1.1,1.295259344883,0.22));
#597 = ORIENTED_EDGE('',*,*,#450,.F.);
#598 = ORIENTED_EDGE('',*,*,#599,.F.);
#599 = EDGE_CURVE('',#584,#443,#600,.T.);
#600 = B_SPLINE_CURVE_WITH_KNOTS('',1,(#601,#602),.UNSPECIFIED.,.F.,.F.,
  (2,2),(0.,1.),.PIECEWISE_BEZIER_KNOTS.);
#601 = CARTESIAN_POINT('',(1.1,-1.279799853066,0.));
#602 = CARTESIAN_POINT('',(1.1,-1.295259344883,0.22));
#603 = B_SPLINE_SURFACE_WITH_KNOTS('',1,1,(
    (#604,#605)
    ,(#606,#607
    )),.UNSPECIFIED.,.F.,.F.,.F.,(2,2),(2,2),(0.,2.590518689767),(0.,1.)
  ,.PIECEWISE_BEZIER_KNOTS.);
#604 = CARTESIAN_POINT('',(1.1,-1.279799853066,0.));
#605 = CARTESIAN_POINT('',(1.1,-1.295259344883,0.22));
#606 = CARTESIAN_POINT('',(1.1,1.279799853066,0.));
#607 = CARTESIAN_POINT('',(1.1,1.295259344883,0.22));
#608 = ADVANCED_FACE('',(#609),#657,.T.);
#609 = FACE_BOUND('',#610,.T.);
#610 = EDGE_LOOP('',(#611,#612,#618,#619,#627,#635,#643,#651));
#611 = ORIENTED_EDGE('',*,*,#553,.F.);
#612 = ORIENTED_EDGE('',*,*,#613,.T.);
#613 = EDGE_CURVE('',#546,#479,#614,.T.);
#614 = LINE('',#615,#616);
#615 = CARTESIAN_POINT('',(-1.1,1.295259344883,0.22));
#616 = VECTOR('',#617,1.);
#617 = DIRECTION('',(-2.22044604925E-16,-1.,0.));
#618 = ORIENTED_EDGE('',*,*,#476,.F.);
#619 = ORIENTED_EDGE('',*,*,#620,.F.);
#620 = EDGE_CURVE('',#621,#477,#623,.T.);
#621 = VERTEX_POINT('',#622);
#622 = CARTESIAN_POINT('',(-2.225259344883,-0.75,0.22));
#623 = LINE('',#624,#625);
#624 = CARTESIAN_POINT('',(-2.225259344883,1.295259344883,0.22));
#625 = VECTOR('',#626,1.);
#626 = DIRECTION('',(-2.22044604925E-16,-1.,0.));
#627 = ORIENTED_EDGE('',*,*,#628,.T.);
#628 = EDGE_CURVE('',#621,#629,#631,.T.);
#629 = VERTEX_POINT('',#630);
#630 = CARTESIAN_POINT('',(-1.14,-0.75,0.22));
#631 = LINE('',#632,#633);
#632 = CARTESIAN_POINT('',(0.117096097639,-0.75,0.22));
#633 = VECTOR('',#634,1.);
#634 = DIRECTION('',(1.,-2.22044604925E-16,0.));
#635 = ORIENTED_EDGE('',*,*,#636,.T.);
#636 = EDGE_CURVE('',#629,#637,#639,.T.);
#637 = VERTEX_POINT('',#638);
#638 = CARTESIAN_POINT('',(-1.14,0.75,0.22));
#639 = LINE('',#640,#641);
#640 = CARTESIAN_POINT('',(-1.14,-0.272629672442,0.22));
#641 = VECTOR('',#642,1.);
#642 = DIRECTION('',(2.22044604925E-16,1.,0.));
#643 = ORIENTED_EDGE('',*,*,#644,.T.);
#644 = EDGE_CURVE('',#637,#645,#647,.T.);
#645 = VERTEX_POINT('',#646);
#646 = CARTESIAN_POINT('',(-2.225259344883,0.75,0.22));
#647 = LINE('',#648,#649);
#648 = CARTESIAN_POINT('',(0.117096097639,0.75,0.22));
#649 = VECTOR('',#650,1.);
#650 = DIRECTION('',(-1.,2.22044604925E-16,0.));
#651 = ORIENTED_EDGE('',*,*,#652,.F.);
#652 = EDGE_CURVE('',#554,#645,#653,.T.);
#653 = LINE('',#654,#655);
#654 = CARTESIAN_POINT('',(-2.225259344883,1.295259344883,0.22));
#655 = VECTOR('',#656,1.);
#656 = DIRECTION('',(-2.22044604925E-16,-1.,0.));
#657 = PLANE('',#658);
#658 = AXIS2_PLACEMENT_3D('',#659,#660,#661);
#659 = CARTESIAN_POINT('',(2.225259344883,-1.295259344883,0.22));
#660 = DIRECTION('',(0.,0.,-1.));
#661 = DIRECTION('',(-0.864253276514,0.503056929218,0.));
#662 = ADVANCED_FACE('',(#663),#700,.T.);
#663 = FACE_BOUND('',#664,.T.);
#664 = EDGE_LOOP('',(#665,#666,#667,#677,#684,#692,#693,#694));
#665 = ORIENTED_EDGE('',*,*,#561,.F.);
#666 = ORIENTED_EDGE('',*,*,#652,.T.);
#667 = ORIENTED_EDGE('',*,*,#668,.T.);
#668 = EDGE_CURVE('',#645,#669,#671,.T.);
#669 = VERTEX_POINT('',#670);
#670 = CARTESIAN_POINT('',(-2.225413939802,0.75,0.2222));
#671 = B_SPLINE_CURVE_WITH_KNOTS('',4,(#672,#673,#674,#675,#676),
  .UNSPECIFIED.,.F.,.F.,(5,5),(0.,1.),.PIECEWISE_BEZIER_KNOTS.);
#672 = CARTESIAN_POINT('',(-2.225259344883,0.75,0.22));
#673 = CARTESIAN_POINT('',(-2.238768685756,0.75,0.412247910026));
#674 = CARTESIAN_POINT('',(-2.25227825666,0.75,0.604499093572));
#675 = CARTESIAN_POINT('',(-2.265788033788,0.75,0.796753211837));
#676 = CARTESIAN_POINT('',(-2.279297998531,0.75,0.98901));
#677 = ORIENTED_EDGE('',*,*,#678,.F.);
#678 = EDGE_CURVE('',#679,#669,#681,.T.);
#679 = VERTEX_POINT('',#680);
#680 = CARTESIAN_POINT('',(-2.225413939802,-0.75,0.2222));
#681 = B_SPLINE_CURVE_WITH_KNOTS('',1,(#682,#683),.UNSPECIFIED.,.F.,.F.,
  (2,2),(0.,1.),.PIECEWISE_BEZIER_KNOTS.);
#682 = CARTESIAN_POINT('',(-2.225413939802,-0.75,0.2222));
#683 = CARTESIAN_POINT('',(-2.225413939802,0.75,0.2222));
#684 = ORIENTED_EDGE('',*,*,#685,.F.);
#685 = EDGE_CURVE('',#621,#679,#686,.T.);
#686 = B_SPLINE_CURVE_WITH_KNOTS('',4,(#687,#688,#689,#690,#691),
  .UNSPECIFIED.,.F.,.F.,(5,5),(0.,1.),.PIECEWISE_BEZIER_KNOTS.);
#687 = CARTESIAN_POINT('',(-2.225259344883,-0.75,0.22));
#688 = CARTESIAN_POINT('',(-2.238768685756,-0.75,0.412247910026));
#689 = CARTESIAN_POINT('',(-2.25227825666,-0.75,0.604499093572));
#690 = CARTESIAN_POINT('',(-2.265788033788,-0.75,0.796753211837));
#691 = CARTESIAN_POINT('',(-2.279297998531,-0.75,0.98901));
#692 = ORIENTED_EDGE('',*,*,#620,.T.);
#693 = ORIENTED_EDGE('',*,*,#502,.T.);
#694 = ORIENTED_EDGE('',*,*,#695,.F.);
#695 = EDGE_CURVE('',#562,#495,#696,.T.);
#696 = LINE('',#697,#698);
#697 = CARTESIAN_POINT('',(-2.28,1.35,0.999));
#698 = VECTOR('',#699,1.);
#699 = DIRECTION('',(-2.22044604925E-16,-1.,0.));
#700 = B_SPLINE_SURFACE_WITH_KNOTS('',1,1,(
    (#701,#702)
    ,(#703,#704
  )),.UNSPECIFIED.,.F.,.F.,.F.,(2,2),(2,2),(0.,2.7),(0.,1.),
  .PIECEWISE_BEZIER_KNOTS.);
#701 = CARTESIAN_POINT('',(-2.225259344883,1.295259344883,0.22));
#702 = CARTESIAN_POINT('',(-2.28,1.35,0.999));
#703 = CARTESIAN_POINT('',(-2.225259344883,-1.295259344883,0.22));
#704 = CARTESIAN_POINT('',(-2.28,-1.35,0.999));
#705 = ADVANCED_FACE('',(#706),#723,.T.);
#706 = FACE_BOUND('',#707,.T.);
#707 = EDGE_LOOP('',(#708,#716,#717,#718));
#708 = ORIENTED_EDGE('',*,*,#709,.T.);
#709 = EDGE_CURVE('',#710,#584,#712,.T.);
#710 = VERTEX_POINT('',#711);
#711 = CARTESIAN_POINT('',(-1.1,-1.279799853066,0.));
#712 = LINE('',#713,#714);
#713 = CARTESIAN_POINT('',(-1.1,-1.279799853066,0.));
#714 = VECTOR('',#715,1.);
#715 = DIRECTION('',(1.,-2.22044604925E-16,0.));
#716 = ORIENTED_EDGE('',*,*,#599,.T.);
#717 = ORIENTED_EDGE('',*,*,#486,.F.);
#718 = ORIENTED_EDGE('',*,*,#719,.F.);
#719 = EDGE_CURVE('',#710,#479,#720,.T.);
#720 = B_SPLINE_CURVE_WITH_KNOTS('',1,(#721,#722),.UNSPECIFIED.,.F.,.F.,
  (2,2),(0.,1.),.PIECEWISE_BEZIER_KNOTS.);
#721 = CARTESIAN_POINT('',(-1.1,-1.279799853066,0.));
#722 = CARTESIAN_POINT('',(-1.1,-1.295259344883,0.22));
#723 = PLANE('',#724);
#724 = AXIS2_PLACEMENT_3D('',#725,#726,#727);
#725 = CARTESIAN_POINT('',(-1.1,-1.295259344883,0.22));
#726 = DIRECTION('',(-2.214984063823E-16,-0.997540140447,
    -7.009756199374E-02));
#727 = DIRECTION('',(1.,-2.22044604925E-16,-1.177128382009E-30));
#728 = ADVANCED_FACE('',(#729),#746,.T.);
#729 = FACE_BOUND('',#730,.T.);
#730 = EDGE_LOOP('',(#731,#732,#733,#741));
#731 = ORIENTED_EDGE('',*,*,#494,.T.);
#732 = ORIENTED_EDGE('',*,*,#531,.T.);
#733 = ORIENTED_EDGE('',*,*,#734,.F.);
#734 = EDGE_CURVE('',#735,#524,#737,.T.);
#735 = VERTEX_POINT('',#736);
#736 = CARTESIAN_POINT('',(-2.194199820414,-1.264199820414,2.22));
#737 = LINE('',#738,#739);
#738 = CARTESIAN_POINT('',(-2.194199820414,-1.264199820414,2.22));
#739 = VECTOR('',#740,1.);
#740 = DIRECTION('',(1.,-2.22044604925E-16,0.));
#741 = ORIENTED_EDGE('',*,*,#742,.F.);
#742 = EDGE_CURVE('',#495,#735,#743,.T.);
#743 = B_SPLINE_CURVE_WITH_KNOTS('',1,(#744,#745),.UNSPECIFIED.,.F.,.F.,
  (2,2),(0.,1.),.PIECEWISE_BEZIER_KNOTS.);
#744 = CARTESIAN_POINT('',(-2.28,-1.35,0.999));
#745 = CARTESIAN_POINT('',(-2.194199820414,-1.264199820414,2.22));
#746 = B_SPLINE_SURFACE_WITH_KNOTS('',1,1,(
    (#747,#748)
    ,(#749,#750
    )),.UNSPECIFIED.,.F.,.F.,.F.,(2,2),(2,2),(0.,4.56),(0.,1.),
  .PIECEWISE_BEZIER_KNOTS.);
#747 = CARTESIAN_POINT('',(-2.28,-1.35,0.999));
#748 = CARTESIAN_POINT('',(-2.194199820414,-1.264199820414,2.22));
#749 = CARTESIAN_POINT('',(2.28,-1.35,0.999));
#750 = CARTESIAN_POINT('',(2.194199820414,-1.264199820414,2.22));
#751 = ADVANCED_FACE('',(#752),#769,.T.);
#752 = FACE_BOUND('',#753,.T.);
#753 = EDGE_LOOP('',(#754,#755,#762,#768));
#754 = ORIENTED_EDGE('',*,*,#568,.T.);
#755 = ORIENTED_EDGE('',*,*,#756,.T.);
#756 = EDGE_CURVE('',#562,#757,#759,.T.);
#757 = VERTEX_POINT('',#758);
#758 = CARTESIAN_POINT('',(-2.194199820414,1.264199820414,2.22));
#759 = B_SPLINE_CURVE_WITH_KNOTS('',1,(#760,#761),.UNSPECIFIED.,.F.,.F.,
  (2,2),(0.,1.),.PIECEWISE_BEZIER_KNOTS.);
#760 = CARTESIAN_POINT('',(-2.28,1.35,0.999));
#761 = CARTESIAN_POINT('',(-2.194199820414,1.264199820414,2.22));
#762 = ORIENTED_EDGE('',*,*,#763,.F.);
#763 = EDGE_CURVE('',#517,#757,#764,.T.);
#764 = LINE('',#765,#766);
#765 = CARTESIAN_POINT('',(2.194199820414,1.264199820414,2.22));
#766 = VECTOR('',#767,1.);
#767 = DIRECTION('',(-1.,2.22044604925E-16,0.));
#768 = ORIENTED_EDGE('',*,*,#516,.F.);
#769 = B_SPLINE_SURFACE_WITH_KNOTS('',1,1,(
    (#770,#771)
    ,(#772,#773
    )),.UNSPECIFIED.,.F.,.F.,.F.,(2,2),(2,2),(0.,4.56),(0.,1.),
  .PIECEWISE_BEZIER_KNOTS.);
#770 = CARTESIAN_POINT('',(2.28,1.35,0.999));
#771 = CARTESIAN_POINT('',(2.194199820414,1.264199820414,2.22));
#772 = CARTESIAN_POINT('',(-2.28,1.35,0.999));
#773 = CARTESIAN_POINT('',(-2.194199820414,1.264199820414,2.22));
#774 = ADVANCED_FACE('',(#775,#786),#820,.F.);
#775 = FACE_BOUND('',#776,.F.);
#776 = EDGE_LOOP('',(#777,#778,#779,#785));
#777 = ORIENTED_EDGE('',*,*,#523,.F.);
#778 = ORIENTED_EDGE('',*,*,#734,.F.);
#779 = ORIENTED_EDGE('',*,*,#780,.F.);
#780 = EDGE_CURVE('',#757,#735,#781,.T.);
#781 = LINE('',#782,#783);
#782 = CARTESIAN_POINT('',(-2.194199820414,1.264199820414,2.22));
#783 = VECTOR('',#784,1.);
#784 = DIRECTION('',(-2.22044604925E-16,-1.,0.));
#785 = ORIENTED_EDGE('',*,*,#763,.F.);
#786 = FACE_BOUND('',#787,.F.);
#787 = EDGE_LOOP('',(#788,#798,#806,#814));
#788 = ORIENTED_EDGE('',*,*,#789,.T.);
#789 = EDGE_CURVE('',#790,#792,#794,.T.);
#790 = VERTEX_POINT('',#791);
#791 = CARTESIAN_POINT('',(-1.508399640828,1.178399640828,2.22));
#792 = VERTEX_POINT('',#793);
#793 = CARTESIAN_POINT('',(-2.108399640828,1.178399640828,2.22));
#794 = LINE('',#795,#796);
#795 = CARTESIAN_POINT('',(-1.508399640828,1.178399640828,2.22));
#796 = VECTOR('',#797,1.);
#797 = DIRECTION('',(-1.,2.22044604925E-16,0.));
#798 = ORIENTED_EDGE('',*,*,#799,.T.);
#799 = EDGE_CURVE('',#792,#800,#802,.T.);
#800 = VERTEX_POINT('',#801);
#801 = CARTESIAN_POINT('',(-2.108399640828,-1.178399640828,2.22));
#802 = LINE('',#803,#804);
#803 = CARTESIAN_POINT('',(-2.108399640828,1.178399640828,2.22));
#804 = VECTOR('',#805,1.);
#805 = DIRECTION('',(-2.22044604925E-16,-1.,0.));
#806 = ORIENTED_EDGE('',*,*,#807,.T.);
#807 = EDGE_CURVE('',#800,#808,#810,.T.);
#808 = VERTEX_POINT('',#809);
#809 = CARTESIAN_POINT('',(-1.508399640828,-1.178399640828,2.22));
#810 = LINE('',#811,#812);
#811 = CARTESIAN_POINT('',(-2.108399640828,-1.178399640828,2.22));
#812 = VECTOR('',#813,1.);
#813 = DIRECTION('',(1.,-2.22044604925E-16,0.));
#814 = ORIENTED_EDGE('',*,*,#815,.T.);
#815 = EDGE_CURVE('',#808,#790,#816,.T.);
#816 = LINE('',#817,#818);
#817 = CARTESIAN_POINT('',(-1.508399640828,-1.178399640828,2.22));
#818 = VECTOR('',#819,1.);
#819 = DIRECTION('',(2.22044604925E-16,1.,0.));
#820 = PLANE('',#821);
#821 = AXIS2_PLACEMENT_3D('',#822,#823,#824);
#822 = CARTESIAN_POINT('',(2.194199820414,-1.264199820414,2.22));
#823 = DIRECTION('',(0.,0.,-1.));
#824 = DIRECTION('',(-0.866473406918,0.499223231735,0.));
#825 = ADVANCED_FACE('',(#826),#843,.T.);
#826 = FACE_BOUND('',#827,.T.);
#827 = EDGE_LOOP('',(#828,#836,#841,#842));
#828 = ORIENTED_EDGE('',*,*,#829,.T.);
#829 = EDGE_CURVE('',#586,#830,#832,.T.);
#830 = VERTEX_POINT('',#831);
#831 = CARTESIAN_POINT('',(-1.1,1.279799853066,0.));
#832 = LINE('',#833,#834);
#833 = CARTESIAN_POINT('',(1.1,1.279799853066,0.));
#834 = VECTOR('',#835,1.);
#835 = DIRECTION('',(-1.,2.22044604925E-16,0.));
#836 = ORIENTED_EDGE('',*,*,#837,.T.);
#837 = EDGE_CURVE('',#830,#546,#838,.T.);
#838 = B_SPLINE_CURVE_WITH_KNOTS('',1,(#839,#840),.UNSPECIFIED.,.F.,.F.,
  (2,2),(0.,1.),.PIECEWISE_BEZIER_KNOTS.);
#839 = CARTESIAN_POINT('',(-1.1,1.279799853066,0.));
#840 = CARTESIAN_POINT('',(-1.1,1.295259344883,0.22));
#841 = ORIENTED_EDGE('',*,*,#545,.F.);
#842 = ORIENTED_EDGE('',*,*,#593,.F.);
#843 = PLANE('',#844);
#844 = AXIS2_PLACEMENT_3D('',#845,#846,#847);
#845 = CARTESIAN_POINT('',(1.1,1.295259344883,0.22));
#846 = DIRECTION('',(2.214984063823E-16,0.997540140447,
    -7.009756199374E-02));
#847 = DIRECTION('',(-1.,2.22044604925E-16,-1.177128382009E-30));
#848 = ADVANCED_FACE('',(#849),#860,.T.);
#849 = FACE_BOUND('',#850,.F.);
#850 = EDGE_LOOP('',(#851,#852,#853,#859));
#851 = ORIENTED_EDGE('',*,*,#583,.T.);
#852 = ORIENTED_EDGE('',*,*,#829,.T.);
#853 = ORIENTED_EDGE('',*,*,#854,.T.);
#854 = EDGE_CURVE('',#830,#710,#855,.T.);
#855 = LINE('',#856,#857);
#856 = CARTESIAN_POINT('',(-1.1,1.279799853066,0.));
#857 = VECTOR('',#858,1.);
#858 = DIRECTION('',(-2.22044604925E-16,-1.,0.));
#859 = ORIENTED_EDGE('',*,*,#709,.T.);
#860 = PLANE('',#861);
#861 = AXIS2_PLACEMENT_3D('',#862,#863,#864);
#862 = CARTESIAN_POINT('',(1.1,-1.279799853066,0.));
#863 = DIRECTION('',(0.,0.,-1.));
#864 = DIRECTION('',(-0.651825367196,0.758369099238,0.));
#865 = ADVANCED_FACE('',(#866),#934,.T.);
#866 = FACE_BOUND('',#867,.T.);
#867 = EDGE_LOOP('',(#868,#879,#887,#896,#904,#912,#918,#919,#920,#928)
  );
#868 = ORIENTED_EDGE('',*,*,#869,.F.);
#869 = EDGE_CURVE('',#870,#872,#874,.T.);
#870 = VERTEX_POINT('',#871);
#871 = CARTESIAN_POINT('',(-2.5,0.75,0.146666666667));
#872 = VERTEX_POINT('',#873);
#873 = CARTESIAN_POINT('',(-2.353333333333,0.75,-2.775557561563E-17));
#874 = CIRCLE('',#875,0.146666666667);
#875 = AXIS2_PLACEMENT_3D('',#876,#877,#878);
#876 = CARTESIAN_POINT('',(-2.353333333333,0.75,0.146666666667));
#877 = DIRECTION('',(-2.22044604925E-16,-1.,0.));
#878 = DIRECTION('',(0.,0.,1.));
#879 = ORIENTED_EDGE('',*,*,#880,.T.);
#880 = EDGE_CURVE('',#870,#881,#883,.T.);
#881 = VERTEX_POINT('',#882);
#882 = CARTESIAN_POINT('',(-2.5,0.75,0.842343333333));
#883 = LINE('',#884,#885);
#884 = CARTESIAN_POINT('',(-2.5,0.75,0.));
#885 = VECTOR('',#886,1.);
#886 = DIRECTION('',(0.,0.,1.));
#887 = ORIENTED_EDGE('',*,*,#888,.T.);
#888 = EDGE_CURVE('',#881,#889,#891,.T.);
#889 = VERTEX_POINT('',#890);
#890 = CARTESIAN_POINT('',(-2.353333333333,0.75,0.98901));
#891 = CIRCLE('',#892,0.146666666667);
#892 = AXIS2_PLACEMENT_3D('',#893,#894,#895);
#893 = CARTESIAN_POINT('',(-2.353333333333,0.75,0.842343333333));
#894 = DIRECTION('',(2.22044604925E-16,1.,-0.));
#895 = DIRECTION('',(0.,0.,1.));
#896 = ORIENTED_EDGE('',*,*,#897,.T.);
#897 = EDGE_CURVE('',#889,#898,#900,.T.);
#898 = VERTEX_POINT('',#899);
#899 = CARTESIAN_POINT('',(-2.28,0.75,0.98901));
#900 = LINE('',#901,#902);
#901 = CARTESIAN_POINT('',(-2.5,0.75,0.98901));
#902 = VECTOR('',#903,1.);
#903 = DIRECTION('',(1.,-2.22044604925E-16,0.));
#904 = ORIENTED_EDGE('',*,*,#905,.F.);
#905 = EDGE_CURVE('',#906,#898,#908,.T.);
#906 = VERTEX_POINT('',#907);
#907 = CARTESIAN_POINT('',(-2.28,0.75,0.2222));
#908 = LINE('',#909,#910);
#909 = CARTESIAN_POINT('',(-2.28,0.75,0.));
#910 = VECTOR('',#911,1.);
#911 = DIRECTION('',(0.,0.,1.));
#912 = ORIENTED_EDGE('',*,*,#913,.T.);
#913 = EDGE_CURVE('',#906,#669,#914,.T.);
#914 = LINE('',#915,#916);
#915 = CARTESIAN_POINT('',(-2.28,0.75,0.2222));
#916 = VECTOR('',#917,1.);
#917 = DIRECTION('',(1.,-2.22044604925E-16,0.));
#918 = ORIENTED_EDGE('',*,*,#668,.F.);
#919 = ORIENTED_EDGE('',*,*,#644,.F.);
#920 = ORIENTED_EDGE('',*,*,#921,.F.);
#921 = EDGE_CURVE('',#922,#637,#924,.T.);
#922 = VERTEX_POINT('',#923);
#923 = CARTESIAN_POINT('',(-1.14,0.75,0.));
#924 = LINE('',#925,#926);
#925 = CARTESIAN_POINT('',(-1.14,0.75,0.));
#926 = VECTOR('',#927,1.);
#927 = DIRECTION('',(0.,0.,1.));
#928 = ORIENTED_EDGE('',*,*,#929,.F.);
#929 = EDGE_CURVE('',#872,#922,#930,.T.);
#930 = LINE('',#931,#932);
#931 = CARTESIAN_POINT('',(-2.28,0.75,0.));
#932 = VECTOR('',#933,1.);
#933 = DIRECTION('',(1.,-2.22044604925E-16,0.));
#934 = PLANE('',#935);
#935 = AXIS2_PLACEMENT_3D('',#936,#937,#938);
#936 = CARTESIAN_POINT('',(-1.991067149606,0.75,0.303091083877));
#937 = DIRECTION('',(2.22044604925E-16,1.,-7.960022943413E-32));
#938 = DIRECTION('',(-1.,2.22044604925E-16,0.));
#939 = ADVANCED_FACE('',(#940),#958,.T.);
#940 = FACE_BOUND('',#941,.T.);
#941 = EDGE_LOOP('',(#942,#950,#951,#952));
#942 = ORIENTED_EDGE('',*,*,#943,.F.);
#943 = EDGE_CURVE('',#922,#944,#946,.T.);
#944 = VERTEX_POINT('',#945);
#945 = CARTESIAN_POINT('',(-1.14,-0.75,0.));
#946 = LINE('',#947,#948);
#947 = CARTESIAN_POINT('',(-1.14,0.75,0.));
#948 = VECTOR('',#949,1.);
#949 = DIRECTION('',(-2.22044604925E-16,-1.,0.));
#950 = ORIENTED_EDGE('',*,*,#921,.T.);
#951 = ORIENTED_EDGE('',*,*,#636,.F.);
#952 = ORIENTED_EDGE('',*,*,#953,.F.);
#953 = EDGE_CURVE('',#944,#629,#954,.T.);
#954 = LINE('',#955,#956);
#955 = CARTESIAN_POINT('',(-1.14,-0.75,0.));
#956 = VECTOR('',#957,1.);
#957 = DIRECTION('',(0.,0.,1.));
#958 = PLANE('',#959);
#959 = AXIS2_PLACEMENT_3D('',#960,#961,#962);
#960 = CARTESIAN_POINT('',(-1.14,0.75,0.));
#961 = DIRECTION('',(1.,-2.22044604925E-16,0.));
#962 = DIRECTION('',(-2.22044604925E-16,-1.,0.));
#963 = ADVANCED_FACE('',(#964),#1025,.T.);
#964 = FACE_BOUND('',#965,.T.);
#965 = EDGE_LOOP('',(#966,#976,#985,#991,#992,#993,#994,#1002,#1010,
    #1018));
#966 = ORIENTED_EDGE('',*,*,#967,.F.);
#967 = EDGE_CURVE('',#968,#970,#972,.T.);
#968 = VERTEX_POINT('',#969);
#969 = CARTESIAN_POINT('',(-2.5,-0.75,0.146666666667));
#970 = VERTEX_POINT('',#971);
#971 = CARTESIAN_POINT('',(-2.5,-0.75,0.842343333333));
#972 = LINE('',#973,#974);
#973 = CARTESIAN_POINT('',(-2.5,-0.75,0.));
#974 = VECTOR('',#975,1.);
#975 = DIRECTION('',(0.,0.,1.));
#976 = ORIENTED_EDGE('',*,*,#977,.T.);
#977 = EDGE_CURVE('',#968,#978,#980,.T.);
#978 = VERTEX_POINT('',#979);
#979 = CARTESIAN_POINT('',(-2.353333333333,-0.75,-2.775557561563E-17));
#980 = CIRCLE('',#981,0.146666666667);
#981 = AXIS2_PLACEMENT_3D('',#982,#983,#984);
#982 = CARTESIAN_POINT('',(-2.353333333333,-0.75,0.146666666667));
#983 = DIRECTION('',(-2.22044604925E-16,-1.,0.));
#984 = DIRECTION('',(0.,0.,1.));
#985 = ORIENTED_EDGE('',*,*,#986,.F.);
#986 = EDGE_CURVE('',#944,#978,#987,.T.);
#987 = LINE('',#988,#989);
#988 = CARTESIAN_POINT('',(-2.28,-0.75,0.));
#989 = VECTOR('',#990,1.);
#990 = DIRECTION('',(-1.,2.22044604925E-16,0.));
#991 = ORIENTED_EDGE('',*,*,#953,.T.);
#992 = ORIENTED_EDGE('',*,*,#628,.F.);
#993 = ORIENTED_EDGE('',*,*,#685,.T.);
#994 = ORIENTED_EDGE('',*,*,#995,.T.);
#995 = EDGE_CURVE('',#679,#996,#998,.T.);
#996 = VERTEX_POINT('',#997);
#997 = CARTESIAN_POINT('',(-2.28,-0.75,0.2222));
#998 = LINE('',#999,#1000);
#999 = CARTESIAN_POINT('',(-1.14,-0.75,0.2222));
#1000 = VECTOR('',#1001,1.);
#1001 = DIRECTION('',(-1.,2.22044604925E-16,0.));
#1002 = ORIENTED_EDGE('',*,*,#1003,.T.);
#1003 = EDGE_CURVE('',#996,#1004,#1006,.T.);
#1004 = VERTEX_POINT('',#1005);
#1005 = CARTESIAN_POINT('',(-2.28,-0.75,0.98901));
#1006 = LINE('',#1007,#1008);
#1007 = CARTESIAN_POINT('',(-2.28,-0.75,0.));
#1008 = VECTOR('',#1009,1.);
#1009 = DIRECTION('',(0.,0.,1.));
#1010 = ORIENTED_EDGE('',*,*,#1011,.T.);
#1011 = EDGE_CURVE('',#1004,#1012,#1014,.T.);
#1012 = VERTEX_POINT('',#1013);
#1013 = CARTESIAN_POINT('',(-2.353333333333,-0.75,0.98901));
#1014 = LINE('',#1015,#1016);
#1015 = CARTESIAN_POINT('',(-2.28,-0.75,0.98901));
#1016 = VECTOR('',#1017,1.);
#1017 = DIRECTION('',(-1.,2.22044604925E-16,0.));
#1018 = ORIENTED_EDGE('',*,*,#1019,.F.);
#1019 = EDGE_CURVE('',#970,#1012,#1020,.T.);
#1020 = CIRCLE('',#1021,0.146666666667);
#1021 = AXIS2_PLACEMENT_3D('',#1022,#1023,#1024);
#1022 = CARTESIAN_POINT('',(-2.353333333333,-0.75,0.842343333333));
#1023 = DIRECTION('',(2.22044604925E-16,1.,-0.));
#1024 = DIRECTION('',(0.,0.,1.));
#1025 = PLANE('',#1026);
#1026 = AXIS2_PLACEMENT_3D('',#1027,#1028,#1029);
#1027 = CARTESIAN_POINT('',(-1.991067149606,-0.75,0.303091083877));
#1028 = DIRECTION('',(-2.22044604925E-16,-1.,-0.));
#1029 = DIRECTION('',(0.,0.,-1.));
#1030 = ADVANCED_FACE('',(#1031),#1037,.T.);
#1031 = FACE_BOUND('',#1032,.T.);
#1032 = EDGE_LOOP('',(#1033,#1034,#1035,#1036));
#1033 = ORIENTED_EDGE('',*,*,#854,.T.);
#1034 = ORIENTED_EDGE('',*,*,#719,.T.);
#1035 = ORIENTED_EDGE('',*,*,#613,.F.);
#1036 = ORIENTED_EDGE('',*,*,#837,.F.);
#1037 = B_SPLINE_SURFACE_WITH_KNOTS('',1,1,(
    (#1038,#1039)
    ,(#1040,#1041
    )),.UNSPECIFIED.,.F.,.F.,.F.,(2,2),(2,2),(0.,2.590518689767),(0.,1.)
  ,.PIECEWISE_BEZIER_KNOTS.);
#1038 = CARTESIAN_POINT('',(-1.1,1.279799853066,0.));
#1039 = CARTESIAN_POINT('',(-1.1,1.295259344883,0.22));
#1040 = CARTESIAN_POINT('',(-1.1,-1.279799853066,0.));
#1041 = CARTESIAN_POINT('',(-1.1,-1.295259344883,0.22));
#1042 = ADVANCED_FACE('',(#1043),#1049,.T.);
#1043 = FACE_BOUND('',#1044,.T.);
#1044 = EDGE_LOOP('',(#1045,#1046,#1047,#1048));
#1045 = ORIENTED_EDGE('',*,*,#695,.T.);
#1046 = ORIENTED_EDGE('',*,*,#742,.T.);
#1047 = ORIENTED_EDGE('',*,*,#780,.F.);
#1048 = ORIENTED_EDGE('',*,*,#756,.F.);
#1049 = B_SPLINE_SURFACE_WITH_KNOTS('',1,1,(
    (#1050,#1051)
    ,(#1052,#1053
    )),.UNSPECIFIED.,.F.,.F.,.F.,(2,2),(2,2),(0.,2.7),(0.,1.),
  .PIECEWISE_BEZIER_KNOTS.);
#1050 = CARTESIAN_POINT('',(-2.28,1.35,0.999));
#1051 = CARTESIAN_POINT('',(-2.194199820414,1.264199820414,2.22));
#1052 = CARTESIAN_POINT('',(-2.28,-1.35,0.999));
#1053 = CARTESIAN_POINT('',(-2.194199820414,-1.264199820414,2.22));
#1054 = ADVANCED_FACE('',(#1055),#1066,.F.);
#1055 = FACE_BOUND('',#1056,.F.);
#1056 = EDGE_LOOP('',(#1057,#1058,#1059,#1065));
#1057 = ORIENTED_EDGE('',*,*,#678,.F.);
#1058 = ORIENTED_EDGE('',*,*,#995,.T.);
#1059 = ORIENTED_EDGE('',*,*,#1060,.T.);
#1060 = EDGE_CURVE('',#996,#906,#1061,.T.);
#1061 = LINE('',#1062,#1063);
#1062 = CARTESIAN_POINT('',(-2.28,-0.75,0.2222));
#1063 = VECTOR('',#1064,1.);
#1064 = DIRECTION('',(2.22044604925E-16,1.,0.));
#1065 = ORIENTED_EDGE('',*,*,#913,.T.);
#1066 = PLANE('',#1067);
#1067 = AXIS2_PLACEMENT_3D('',#1068,#1069,#1070);
#1068 = CARTESIAN_POINT('',(-1.71,4.440892098501E-16,0.2222));
#1069 = DIRECTION('',(0.,-0.,-1.));
#1070 = DIRECTION('',(-2.22044604925E-16,-1.,0.));
#1071 = ADVANCED_FACE('',(#1072),#1095,.F.);
#1072 = FACE_BOUND('',#1073,.F.);
#1073 = EDGE_LOOP('',(#1074,#1084,#1089,#1090));
#1074 = ORIENTED_EDGE('',*,*,#1075,.T.);
#1075 = EDGE_CURVE('',#1076,#1078,#1080,.T.);
#1076 = VERTEX_POINT('',#1077);
#1077 = CARTESIAN_POINT('',(-1.508399640828,1.178399640828,2.2178));
#1078 = VERTEX_POINT('',#1079);
#1079 = CARTESIAN_POINT('',(-2.108399640828,1.178399640828,2.2178));
#1080 = LINE('',#1081,#1082);
#1081 = CARTESIAN_POINT('',(-1.508399640828,1.178399640828,2.2178));
#1082 = VECTOR('',#1083,1.);
#1083 = DIRECTION('',(-1.,2.22044604925E-16,0.));
#1084 = ORIENTED_EDGE('',*,*,#1085,.T.);
#1085 = EDGE_CURVE('',#1078,#792,#1086,.T.);
#1086 = B_SPLINE_CURVE_WITH_KNOTS('',1,(#1087,#1088),.UNSPECIFIED.,.F.,
  .F.,(2,2),(0.,1.),.PIECEWISE_BEZIER_KNOTS.);
#1087 = CARTESIAN_POINT('',(-2.108399640828,1.178399640828,2.2178));
#1088 = CARTESIAN_POINT('',(-2.108399640828,1.178399640828,2.22));
#1089 = ORIENTED_EDGE('',*,*,#789,.F.);
#1090 = ORIENTED_EDGE('',*,*,#1091,.F.);
#1091 = EDGE_CURVE('',#1076,#790,#1092,.T.);
#1092 = B_SPLINE_CURVE_WITH_KNOTS('',1,(#1093,#1094),.UNSPECIFIED.,.F.,
  .F.,(2,2),(0.,1.),.PIECEWISE_BEZIER_KNOTS.);
#1093 = CARTESIAN_POINT('',(-1.508399640828,1.178399640828,2.2178));
#1094 = CARTESIAN_POINT('',(-1.508399640828,1.178399640828,2.22));
#1095 = PLANE('',#1096);
#1096 = AXIS2_PLACEMENT_3D('',#1097,#1098,#1099);
#1097 = CARTESIAN_POINT('',(-1.508399640828,1.178399640828,2.22));
#1098 = DIRECTION('',(2.22044604925E-16,1.,0.));
#1099 = DIRECTION('',(-1.,2.22044604925E-16,0.));
#1100 = ADVANCED_FACE('',(#1101),#1118,.F.);
#1101 = FACE_BOUND('',#1102,.F.);
#1102 = EDGE_LOOP('',(#1103,#1111,#1112,#1113));
#1103 = ORIENTED_EDGE('',*,*,#1104,.T.);
#1104 = EDGE_CURVE('',#1105,#1076,#1107,.T.);
#1105 = VERTEX_POINT('',#1106);
#1106 = CARTESIAN_POINT('',(-1.508399640828,-1.178399640828,2.2178));
#1107 = LINE('',#1108,#1109);
#1108 = CARTESIAN_POINT('',(-1.508399640828,-1.178399640828,2.2178));
#1109 = VECTOR('',#1110,1.);
#1110 = DIRECTION('',(2.22044604925E-16,1.,0.));
#1111 = ORIENTED_EDGE('',*,*,#1091,.T.);
#1112 = ORIENTED_EDGE('',*,*,#815,.F.);
#1113 = ORIENTED_EDGE('',*,*,#1114,.F.);
#1114 = EDGE_CURVE('',#1105,#808,#1115,.T.);
#1115 = B_SPLINE_CURVE_WITH_KNOTS('',1,(#1116,#1117),.UNSPECIFIED.,.F.,
  .F.,(2,2),(0.,1.),.PIECEWISE_BEZIER_KNOTS.);
#1116 = CARTESIAN_POINT('',(-1.508399640828,-1.178399640828,2.2178));
#1117 = CARTESIAN_POINT('',(-1.508399640828,-1.178399640828,2.22));
#1118 = PLANE('',#1119);
#1119 = AXIS2_PLACEMENT_3D('',#1120,#1121,#1122);
#1120 = CARTESIAN_POINT('',(-1.508399640828,-1.178399640828,2.22));
#1121 = DIRECTION('',(1.,-2.22044604925E-16,0.));
#1122 = DIRECTION('',(2.22044604925E-16,1.,0.));
#1123 = ADVANCED_FACE('',(#1124),#1141,.F.);
#1124 = FACE_BOUND('',#1125,.F.);
#1125 = EDGE_LOOP('',(#1126,#1134,#1135,#1136));
#1126 = ORIENTED_EDGE('',*,*,#1127,.T.);
#1127 = EDGE_CURVE('',#1128,#1105,#1130,.T.);
#1128 = VERTEX_POINT('',#1129);
#1129 = CARTESIAN_POINT('',(-2.108399640828,-1.178399640828,2.2178));
#1130 = LINE('',#1131,#1132);
#1131 = CARTESIAN_POINT('',(-2.108399640828,-1.178399640828,2.2178));
#1132 = VECTOR('',#1133,1.);
#1133 = DIRECTION('',(1.,-2.22044604925E-16,0.));
#1134 = ORIENTED_EDGE('',*,*,#1114,.T.);
#1135 = ORIENTED_EDGE('',*,*,#807,.F.);
#1136 = ORIENTED_EDGE('',*,*,#1137,.F.);
#1137 = EDGE_CURVE('',#1128,#800,#1138,.T.);
#1138 = B_SPLINE_CURVE_WITH_KNOTS('',1,(#1139,#1140),.UNSPECIFIED.,.F.,
  .F.,(2,2),(0.,1.),.PIECEWISE_BEZIER_KNOTS.);
#1139 = CARTESIAN_POINT('',(-2.108399640828,-1.178399640828,2.2178));
#1140 = CARTESIAN_POINT('',(-2.108399640828,-1.178399640828,2.22));
#1141 = PLANE('',#1142);
#1142 = AXIS2_PLACEMENT_3D('',#1143,#1144,#1145);
#1143 = CARTESIAN_POINT('',(-2.108399640828,-1.178399640828,2.22));
#1144 = DIRECTION('',(-2.22044604925E-16,-1.,0.));
#1145 = DIRECTION('',(1.,-2.22044604925E-16,0.));
#1146 = ADVANCED_FACE('',(#1147),#1158,.F.);
#1147 = FACE_BOUND('',#1148,.F.);
#1148 = EDGE_LOOP('',(#1149,#1155,#1156,#1157));
#1149 = ORIENTED_EDGE('',*,*,#1150,.T.);
#1150 = EDGE_CURVE('',#1078,#1128,#1151,.T.);
#1151 = LINE('',#1152,#1153);
#1152 = CARTESIAN_POINT('',(-2.108399640828,1.178399640828,2.2178));
#1153 = VECTOR('',#1154,1.);
#1154 = DIRECTION('',(-2.22044604925E-16,-1.,0.));
#1155 = ORIENTED_EDGE('',*,*,#1137,.T.);
#1156 = ORIENTED_EDGE('',*,*,#799,.F.);
#1157 = ORIENTED_EDGE('',*,*,#1085,.F.);
#1158 = PLANE('',#1159);
#1159 = AXIS2_PLACEMENT_3D('',#1160,#1161,#1162);
#1160 = CARTESIAN_POINT('',(-2.108399640828,1.178399640828,2.22));
#1161 = DIRECTION('',(-1.,2.22044604925E-16,0.));
#1162 = DIRECTION('',(-2.22044604925E-16,-1.,0.));
#1163 = ADVANCED_FACE('',(#1164),#1180,.T.);
#1164 = FACE_BOUND('',#1165,.T.);
#1165 = EDGE_LOOP('',(#1166,#1172,#1173,#1179));
#1166 = ORIENTED_EDGE('',*,*,#1167,.T.);
#1167 = EDGE_CURVE('',#968,#870,#1168,.T.);
#1168 = LINE('',#1169,#1170);
#1169 = CARTESIAN_POINT('',(-2.5,-0.75,0.146666666667));
#1170 = VECTOR('',#1171,1.);
#1171 = DIRECTION('',(2.22044604925E-16,1.,0.));
#1172 = ORIENTED_EDGE('',*,*,#869,.T.);
#1173 = ORIENTED_EDGE('',*,*,#1174,.F.);
#1174 = EDGE_CURVE('',#978,#872,#1175,.T.);
#1175 = LINE('',#1176,#1177);
#1176 = CARTESIAN_POINT('',(-2.353333333333,-0.75,-2.775557561563E-17));
#1177 = VECTOR('',#1178,1.);
#1178 = DIRECTION('',(2.22044604925E-16,1.,0.));
#1179 = ORIENTED_EDGE('',*,*,#977,.F.);
#1180 = CYLINDRICAL_SURFACE('',#1181,0.146666666667);
#1181 = AXIS2_PLACEMENT_3D('',#1182,#1183,#1184);
#1182 = CARTESIAN_POINT('',(-2.353333333333,-0.75,0.146666666667));
#1183 = DIRECTION('',(2.22044604925E-16,1.,0.));
#1184 = DIRECTION('',(-1.,2.22044604925E-16,0.));
#1185 = ADVANCED_FACE('',(#1186),#1192,.T.);
#1186 = FACE_BOUND('',#1187,.T.);
#1187 = EDGE_LOOP('',(#1188,#1189,#1190,#1191));
#1188 = ORIENTED_EDGE('',*,*,#986,.T.);
#1189 = ORIENTED_EDGE('',*,*,#1174,.T.);
#1190 = ORIENTED_EDGE('',*,*,#929,.T.);
#1191 = ORIENTED_EDGE('',*,*,#943,.T.);
#1192 = PLANE('',#1193);
#1193 = AXIS2_PLACEMENT_3D('',#1194,#1195,#1196);
#1194 = CARTESIAN_POINT('',(-1.746666666667,3.878379099357E-16,
    -7.671995716851E-18));
#1195 = DIRECTION('',(1.332277103521E-17,-2.579688262589E-33,-1.));
#1196 = DIRECTION('',(1.,-2.22044604925E-16,1.332277103521E-17));
#1197 = ADVANCED_FACE('',(#1198),#1209,.T.);
#1198 = FACE_BOUND('',#1199,.T.);
#1199 = EDGE_LOOP('',(#1200,#1201,#1202,#1208));
#1200 = ORIENTED_EDGE('',*,*,#1060,.T.);
#1201 = ORIENTED_EDGE('',*,*,#905,.T.);
#1202 = ORIENTED_EDGE('',*,*,#1203,.T.);
#1203 = EDGE_CURVE('',#898,#1004,#1204,.T.);
#1204 = LINE('',#1205,#1206);
#1205 = CARTESIAN_POINT('',(-2.28,0.75,0.98901));
#1206 = VECTOR('',#1207,1.);
#1207 = DIRECTION('',(-2.22044604925E-16,-1.,0.));
#1208 = ORIENTED_EDGE('',*,*,#1003,.F.);
#1209 = PLANE('',#1210);
#1210 = AXIS2_PLACEMENT_3D('',#1211,#1212,#1213);
#1211 = CARTESIAN_POINT('',(-2.28,0.75,0.));
#1212 = DIRECTION('',(1.,-2.22044604925E-16,0.));
#1213 = DIRECTION('',(-2.22044604925E-16,-1.,0.));
#1214 = ADVANCED_FACE('',(#1215),#1226,.F.);
#1215 = FACE_BOUND('',#1216,.F.);
#1216 = EDGE_LOOP('',(#1217,#1218,#1224,#1225));
#1217 = ORIENTED_EDGE('',*,*,#1011,.T.);
#1218 = ORIENTED_EDGE('',*,*,#1219,.T.);
#1219 = EDGE_CURVE('',#1012,#889,#1220,.T.);
#1220 = LINE('',#1221,#1222);
#1221 = CARTESIAN_POINT('',(-2.353333333333,-0.75,0.98901));
#1222 = VECTOR('',#1223,1.);
#1223 = DIRECTION('',(2.22044604925E-16,1.,0.));
#1224 = ORIENTED_EDGE('',*,*,#897,.T.);
#1225 = ORIENTED_EDGE('',*,*,#1203,.T.);
#1226 = PLANE('',#1227);
#1227 = AXIS2_PLACEMENT_3D('',#1228,#1229,#1230);
#1228 = CARTESIAN_POINT('',(-2.39,4.440892098501E-16,0.98901));
#1229 = DIRECTION('',(0.,-0.,-1.));
#1230 = DIRECTION('',(-2.22044604925E-16,-1.,0.));
#1231 = ADVANCED_FACE('',(#1232),#1243,.T.);
#1232 = FACE_BOUND('',#1233,.T.);
#1233 = EDGE_LOOP('',(#1234,#1235,#1236,#1237));
#1234 = ORIENTED_EDGE('',*,*,#1019,.T.);
#1235 = ORIENTED_EDGE('',*,*,#1219,.T.);
#1236 = ORIENTED_EDGE('',*,*,#888,.F.);
#1237 = ORIENTED_EDGE('',*,*,#1238,.F.);
#1238 = EDGE_CURVE('',#970,#881,#1239,.T.);
#1239 = LINE('',#1240,#1241);
#1240 = CARTESIAN_POINT('',(-2.5,-0.75,0.842343333333));
#1241 = VECTOR('',#1242,1.);
#1242 = DIRECTION('',(2.22044604925E-16,1.,0.));
#1243 = CYLINDRICAL_SURFACE('',#1244,0.146666666667);
#1244 = AXIS2_PLACEMENT_3D('',#1245,#1246,#1247);
#1245 = CARTESIAN_POINT('',(-2.353333333333,-0.75,0.842343333333));
#1246 = DIRECTION('',(2.22044604925E-16,1.,0.));
#1247 = DIRECTION('',(-1.,2.22044604925E-16,0.));
#1248 = ADVANCED_FACE('',(#1249),#1255,.T.);
#1249 = FACE_BOUND('',#1250,.T.);
#1250 = EDGE_LOOP('',(#1251,#1252,#1253,#1254));
#1251 = ORIENTED_EDGE('',*,*,#967,.T.);
#1252 = ORIENTED_EDGE('',*,*,#1238,.T.);
#1253 = ORIENTED_EDGE('',*,*,#880,.F.);
#1254 = ORIENTED_EDGE('',*,*,#1167,.F.);
#1255 = PLANE('',#1256);
#1256 = AXIS2_PLACEMENT_3D('',#1257,#1258,#1259);
#1257 = CARTESIAN_POINT('',(-2.5,-0.75,0.));
#1258 = DIRECTION('',(-1.,2.22044604925E-16,0.));
#1259 = DIRECTION('',(2.22044604925E-16,1.,0.));
#1260 = ADVANCED_FACE('',(#1261),#1267,.F.);
#1261 = FACE_BOUND('',#1262,.T.);
#1262 = EDGE_LOOP('',(#1263,#1264,#1265,#1266));
#1263 = ORIENTED_EDGE('',*,*,#1104,.T.);
#1264 = ORIENTED_EDGE('',*,*,#1075,.T.);
#1265 = ORIENTED_EDGE('',*,*,#1150,.T.);
#1266 = ORIENTED_EDGE('',*,*,#1127,.T.);
#1267 = PLANE('',#1268);
#1268 = AXIS2_PLACEMENT_3D('',#1269,#1270,#1271);
#1269 = CARTESIAN_POINT('',(-1.508399640828,-1.178399640828,2.2178));
#1270 = DIRECTION('',(0.,0.,-1.));
#1271 = DIRECTION('',(-0.246713052972,0.969088576701,0.));
#1272 = ( GEOMETRIC_REPRESENTATION_CONTEXT(3) 
GLOBAL_UNCERTAINTY_ASSIGNED_CONTEXT((#1276)) 
GLOBAL_UNIT_ASSIGNED_CONTEXT((#1273,#1274,#1275)) REPRESENTATION_CONTEXT
('Context #1','3D Context with UNIT and UNCERTAINTY') );
#1273 = ( LENGTH_UNIT() NAMED_UNIT(*) SI_UNIT(.MILLI.,.METRE.) );
#1274 = ( NAMED_UNIT(*) PLANE_ANGLE_UNIT() SI_UNIT($,.RADIAN.) );
#1275 = ( NAMED_UNIT(*) SI_UNIT($,.STERADIAN.) SOLID_ANGLE_UNIT() );
#1276 = UNCERTAINTY_MEASURE_WITH_UNIT(LENGTH_MEASURE(1.E-07),#1273,
  'distance_accuracy_value','confusion accuracy');
#1277 = CONTEXT_DEPENDENT_SHAPE_REPRESENTATION(#1278,#1280);
#1278 = ( REPRESENTATION_RELATIONSHIP('','',#63,#40) 
REPRESENTATION_RELATIONSHIP_WITH_TRANSFORMATION(#1279) 
SHAPE_REPRESENTATION_RELATIONSHIP() );
#1279 = ITEM_DEFINED_TRANSFORMATION('','',#11,#41);
#1280 = PRODUCT_DEFINITION_SHAPE('Placement','Placement of an item',
  #1281);
#1281 = NEXT_ASSEMBLY_USAGE_OCCURRENCE('1','=>[0:1:1:3]','',#35,#58,$);
#1282 = PRODUCT_RELATED_PRODUCT_CATEGORY('part',$,(#60));
#1283 = SHAPE_DEFINITION_REPRESENTATION(#1284,#1290);
#1284 = PRODUCT_DEFINITION_SHAPE('','',#1285);
#1285 = PRODUCT_DEFINITION('design','',#1286,#1289);
#1286 = PRODUCT_DEFINITION_FORMATION('','',#1287);
#1287 = PRODUCT(
'electronic_diode_schottky_sma_mdd_microdiode_semiconductor_ss14_render_
pad',
'electronic_diode_schottky_sma_mdd_microdiode_semiconductor_ss14_render_
pad','',(#1288));
#1288 = PRODUCT_CONTEXT('',#2,'mechanical');
#1289 = PRODUCT_DEFINITION_CONTEXT('part definition',#2,'design');
#1290 = SHAPE_REPRESENTATION('',(#11,#1291,#1581),#1871);
#1291 = MANIFOLD_SOLID_BREP('',#1292);
#1292 = CLOSED_SHELL('',(#1293,#1335,#1366,#1399,#1430,#1463,#1494,#1527
    ,#1549,#1565));
#1293 = ADVANCED_FACE('',(#1294),#1330,.T.);
#1294 = FACE_BOUND('',#1295,.T.);
#1295 = EDGE_LOOP('',(#1296,#1306,#1315,#1323));
#1296 = ORIENTED_EDGE('',*,*,#1297,.T.);
#1297 = EDGE_CURVE('',#1298,#1300,#1302,.T.);
#1298 = VERTEX_POINT('',#1299);
#1299 = CARTESIAN_POINT('',(-3.25,0.65,1.51));
#1300 = VERTEX_POINT('',#1301);
#1301 = CARTESIAN_POINT('',(-3.25,0.65,1.55));
#1302 = LINE('',#1303,#1304);
#1303 = CARTESIAN_POINT('',(-3.25,0.65,1.51));
#1304 = VECTOR('',#1305,1.);
#1305 = DIRECTION('',(0.,0.,1.));
#1306 = ORIENTED_EDGE('',*,*,#1307,.T.);
#1307 = EDGE_CURVE('',#1300,#1308,#1310,.T.);
#1308 = VERTEX_POINT('',#1309);
#1309 = CARTESIAN_POINT('',(-3.,0.9,1.55));
#1310 = CIRCLE('',#1311,0.249998959685);
#1311 = AXIS2_PLACEMENT_3D('',#1312,#1313,#1314);
#1312 = CARTESIAN_POINT('',(-3.000001040317,0.650001040317,1.55));
#1313 = DIRECTION('',(0.,0.,-1.));
#1314 = DIRECTION('',(-0.999999999991,-4.161285832181E-06,-0.));
#1315 = ORIENTED_EDGE('',*,*,#1316,.F.);
#1316 = EDGE_CURVE('',#1317,#1308,#1319,.T.);
#1317 = VERTEX_POINT('',#1318);
#1318 = CARTESIAN_POINT('',(-3.,0.9,1.51));
#1319 = LINE('',#1320,#1321);
#1320 = CARTESIAN_POINT('',(-3.,0.9,1.51));
#1321 = VECTOR('',#1322,1.);
#1322 = DIRECTION('',(0.,0.,1.));
#1323 = ORIENTED_EDGE('',*,*,#1324,.F.);
#1324 = EDGE_CURVE('',#1298,#1317,#1325,.T.);
#1325 = CIRCLE('',#1326,0.249998959685);
#1326 = AXIS2_PLACEMENT_3D('',#1327,#1328,#1329);
#1327 = CARTESIAN_POINT('',(-3.000001040317,0.650001040317,1.51));
#1328 = DIRECTION('',(0.,0.,-1.));
#1329 = DIRECTION('',(-0.999999999991,-4.161285832181E-06,-0.));
#1330 = CYLINDRICAL_SURFACE('',#1331,0.249998959685);
#1331 = AXIS2_PLACEMENT_3D('',#1332,#1333,#1334);
#1332 = CARTESIAN_POINT('',(-3.000001040317,0.650001040317,1.51));
#1333 = DIRECTION('',(0.,0.,-1.));
#1334 = DIRECTION('',(-0.999999999991,-4.161285832181E-06,-0.));
#1335 = ADVANCED_FACE('',(#1336),#1361,.T.);
#1336 = FACE_BOUND('',#1337,.T.);
#1337 = EDGE_LOOP('',(#1338,#1339,#1347,#1355));
#1338 = ORIENTED_EDGE('',*,*,#1316,.T.);
#1339 = ORIENTED_EDGE('',*,*,#1340,.T.);
#1340 = EDGE_CURVE('',#1308,#1341,#1343,.T.);
#1341 = VERTEX_POINT('',#1342);
#1342 = CARTESIAN_POINT('',(-1.,0.9,1.55));
#1343 = LINE('',#1344,#1345);
#1344 = CARTESIAN_POINT('',(-3.,0.9,1.55));
#1345 = VECTOR('',#1346,1.);
#1346 = DIRECTION('',(1.,0.,0.));
#1347 = ORIENTED_EDGE('',*,*,#1348,.F.);
#1348 = EDGE_CURVE('',#1349,#1341,#1351,.T.);
#1349 = VERTEX_POINT('',#1350);
#1350 = CARTESIAN_POINT('',(-1.,0.9,1.51));
#1351 = LINE('',#1352,#1353);
#1352 = CARTESIAN_POINT('',(-1.,0.9,1.51));
#1353 = VECTOR('',#1354,1.);
#1354 = DIRECTION('',(0.,0.,1.));
#1355 = ORIENTED_EDGE('',*,*,#1356,.F.);
#1356 = EDGE_CURVE('',#1317,#1349,#1357,.T.);
#1357 = LINE('',#1358,#1359);
#1358 = CARTESIAN_POINT('',(-3.,0.9,1.51));
#1359 = VECTOR('',#1360,1.);
#1360 = DIRECTION('',(1.,0.,0.));
#1361 = PLANE('',#1362);
#1362 = AXIS2_PLACEMENT_3D('',#1363,#1364,#1365);
#1363 = CARTESIAN_POINT('',(-3.,0.9,1.51));
#1364 = DIRECTION('',(0.,1.,0.));
#1365 = DIRECTION('',(1.,0.,0.));
#1366 = ADVANCED_FACE('',(#1367),#1394,.T.);
#1367 = FACE_BOUND('',#1368,.T.);
#1368 = EDGE_LOOP('',(#1369,#1370,#1379,#1387));
#1369 = ORIENTED_EDGE('',*,*,#1348,.T.);
#1370 = ORIENTED_EDGE('',*,*,#1371,.T.);
#1371 = EDGE_CURVE('',#1341,#1372,#1374,.T.);
#1372 = VERTEX_POINT('',#1373);
#1373 = CARTESIAN_POINT('',(-0.75,0.65,1.55));
#1374 = CIRCLE('',#1375,0.249998959685);
#1375 = AXIS2_PLACEMENT_3D('',#1376,#1377,#1378);
#1376 = CARTESIAN_POINT('',(-0.999998959683,0.650001040317,1.55));
#1377 = DIRECTION('',(0.,0.,-1.));
#1378 = DIRECTION('',(-4.161285832626E-06,0.999999999991,0.));
#1379 = ORIENTED_EDGE('',*,*,#1380,.F.);
#1380 = EDGE_CURVE('',#1381,#1372,#1383,.T.);
#1381 = VERTEX_POINT('',#1382);
#1382 = CARTESIAN_POINT('',(-0.75,0.65,1.51));
#1383 = LINE('',#1384,#1385);
#1384 = CARTESIAN_POINT('',(-0.75,0.65,1.51));
#1385 = VECTOR('',#1386,1.);
#1386 = DIRECTION('',(0.,0.,1.));
#1387 = ORIENTED_EDGE('',*,*,#1388,.F.);
#1388 = EDGE_CURVE('',#1349,#1381,#1389,.T.);
#1389 = CIRCLE('',#1390,0.249998959685);
#1390 = AXIS2_PLACEMENT_3D('',#1391,#1392,#1393);
#1391 = CARTESIAN_POINT('',(-0.999998959683,0.650001040317,1.51));
#1392 = DIRECTION('',(0.,0.,-1.));
#1393 = DIRECTION('',(-4.161285832626E-06,0.999999999991,0.));
#1394 = CYLINDRICAL_SURFACE('',#1395,0.249998959685);
#1395 = AXIS2_PLACEMENT_3D('',#1396,#1397,#1398);
#1396 = CARTESIAN_POINT('',(-0.999998959683,0.650001040317,1.51));
#1397 = DIRECTION('',(0.,0.,-1.));
#1398 = DIRECTION('',(-4.161285832626E-06,0.999999999991,0.));
#1399 = ADVANCED_FACE('',(#1400),#1425,.T.);
#1400 = FACE_BOUND('',#1401,.T.);
#1401 = EDGE_LOOP('',(#1402,#1403,#1411,#1419));
#1402 = ORIENTED_EDGE('',*,*,#1380,.T.);
#1403 = ORIENTED_EDGE('',*,*,#1404,.T.);
#1404 = EDGE_CURVE('',#1372,#1405,#1407,.T.);
#1405 = VERTEX_POINT('',#1406);
#1406 = CARTESIAN_POINT('',(-0.75,-0.65,1.55));
#1407 = LINE('',#1408,#1409);
#1408 = CARTESIAN_POINT('',(-0.75,0.65,1.55));
#1409 = VECTOR('',#1410,1.);
#1410 = DIRECTION('',(0.,-1.,0.));
#1411 = ORIENTED_EDGE('',*,*,#1412,.F.);
#1412 = EDGE_CURVE('',#1413,#1405,#1415,.T.);
#1413 = VERTEX_POINT('',#1414);
#1414 = CARTESIAN_POINT('',(-0.75,-0.65,1.51));
#1415 = LINE('',#1416,#1417);
#1416 = CARTESIAN_POINT('',(-0.75,-0.65,1.51));
#1417 = VECTOR('',#1418,1.);
#1418 = DIRECTION('',(0.,0.,1.));
#1419 = ORIENTED_EDGE('',*,*,#1420,.F.);
#1420 = EDGE_CURVE('',#1381,#1413,#1421,.T.);
#1421 = LINE('',#1422,#1423);
#1422 = CARTESIAN_POINT('',(-0.75,0.65,1.51));
#1423 = VECTOR('',#1424,1.);
#1424 = DIRECTION('',(0.,-1.,0.));
#1425 = PLANE('',#1426);
#1426 = AXIS2_PLACEMENT_3D('',#1427,#1428,#1429);
#1427 = CARTESIAN_POINT('',(-0.75,0.65,1.51));
#1428 = DIRECTION('',(1.,0.,-0.));
#1429 = DIRECTION('',(0.,-1.,0.));
#1430 = ADVANCED_FACE('',(#1431),#1458,.T.);
#1431 = FACE_BOUND('',#1432,.T.);
#1432 = EDGE_LOOP('',(#1433,#1434,#1443,#1451));
#1433 = ORIENTED_EDGE('',*,*,#1412,.T.);
#1434 = ORIENTED_EDGE('',*,*,#1435,.T.);
#1435 = EDGE_CURVE('',#1405,#1436,#1438,.T.);
#1436 = VERTEX_POINT('',#1437);
#1437 = CARTESIAN_POINT('',(-1.,-0.9,1.55));
#1438 = CIRCLE('',#1439,0.249998959685);
#1439 = AXIS2_PLACEMENT_3D('',#1440,#1441,#1442);
#1440 = CARTESIAN_POINT('',(-0.999998959683,-0.650001040317,1.55));
#1441 = DIRECTION('',(0.,0.,-1.));
#1442 = DIRECTION('',(0.999999999991,4.161285832181E-06,0.));
#1443 = ORIENTED_EDGE('',*,*,#1444,.F.);
#1444 = EDGE_CURVE('',#1445,#1436,#1447,.T.);
#1445 = VERTEX_POINT('',#1446);
#1446 = CARTESIAN_POINT('',(-1.,-0.9,1.51));
#1447 = LINE('',#1448,#1449);
#1448 = CARTESIAN_POINT('',(-1.,-0.9,1.51));
#1449 = VECTOR('',#1450,1.);
#1450 = DIRECTION('',(0.,0.,1.));
#1451 = ORIENTED_EDGE('',*,*,#1452,.F.);
#1452 = EDGE_CURVE('',#1413,#1445,#1453,.T.);
#1453 = CIRCLE('',#1454,0.249998959685);
#1454 = AXIS2_PLACEMENT_3D('',#1455,#1456,#1457);
#1455 = CARTESIAN_POINT('',(-0.999998959683,-0.650001040317,1.51));
#1456 = DIRECTION('',(0.,0.,-1.));
#1457 = DIRECTION('',(0.999999999991,4.161285832181E-06,0.));
#1458 = CYLINDRICAL_SURFACE('',#1459,0.249998959685);
#1459 = AXIS2_PLACEMENT_3D('',#1460,#1461,#1462);
#1460 = CARTESIAN_POINT('',(-0.999998959683,-0.650001040317,1.51));
#1461 = DIRECTION('',(0.,0.,-1.));
#1462 = DIRECTION('',(0.999999999991,4.161285832181E-06,0.));
#1463 = ADVANCED_FACE('',(#1464),#1489,.T.);
#1464 = FACE_BOUND('',#1465,.T.);
#1465 = EDGE_LOOP('',(#1466,#1467,#1475,#1483));
#1466 = ORIENTED_EDGE('',*,*,#1444,.T.);
#1467 = ORIENTED_EDGE('',*,*,#1468,.T.);
#1468 = EDGE_CURVE('',#1436,#1469,#1471,.T.);
#1469 = VERTEX_POINT('',#1470);
#1470 = CARTESIAN_POINT('',(-3.,-0.9,1.55));
#1471 = LINE('',#1472,#1473);
#1472 = CARTESIAN_POINT('',(-1.,-0.9,1.55));
#1473 = VECTOR('',#1474,1.);
#1474 = DIRECTION('',(-1.,0.,0.));
#1475 = ORIENTED_EDGE('',*,*,#1476,.F.);
#1476 = EDGE_CURVE('',#1477,#1469,#1479,.T.);
#1477 = VERTEX_POINT('',#1478);
#1478 = CARTESIAN_POINT('',(-3.,-0.9,1.51));
#1479 = LINE('',#1480,#1481);
#1480 = CARTESIAN_POINT('',(-3.,-0.9,1.51));
#1481 = VECTOR('',#1482,1.);
#1482 = DIRECTION('',(0.,0.,1.));
#1483 = ORIENTED_EDGE('',*,*,#1484,.F.);
#1484 = EDGE_CURVE('',#1445,#1477,#1485,.T.);
#1485 = LINE('',#1486,#1487);
#1486 = CARTESIAN_POINT('',(-1.,-0.9,1.51));
#1487 = VECTOR('',#1488,1.);
#1488 = DIRECTION('',(-1.,0.,0.));
#1489 = PLANE('',#1490);
#1490 = AXIS2_PLACEMENT_3D('',#1491,#1492,#1493);
#1491 = CARTESIAN_POINT('',(-1.,-0.9,1.51));
#1492 = DIRECTION('',(0.,-1.,0.));
#1493 = DIRECTION('',(-1.,0.,0.));
#1494 = ADVANCED_FACE('',(#1495),#1522,.T.);
#1495 = FACE_BOUND('',#1496,.T.);
#1496 = EDGE_LOOP('',(#1497,#1498,#1507,#1515));
#1497 = ORIENTED_EDGE('',*,*,#1476,.T.);
#1498 = ORIENTED_EDGE('',*,*,#1499,.T.);
#1499 = EDGE_CURVE('',#1469,#1500,#1502,.T.);
#1500 = VERTEX_POINT('',#1501);
#1501 = CARTESIAN_POINT('',(-3.25,-0.65,1.55));
#1502 = CIRCLE('',#1503,0.249998959685);
#1503 = AXIS2_PLACEMENT_3D('',#1504,#1505,#1506);
#1504 = CARTESIAN_POINT('',(-3.000001040317,-0.650001040317,1.55));
#1505 = DIRECTION('',(0.,0.,-1.));
#1506 = DIRECTION('',(4.161285831737E-06,-0.999999999991,0.));
#1507 = ORIENTED_EDGE('',*,*,#1508,.F.);
#1508 = EDGE_CURVE('',#1509,#1500,#1511,.T.);
#1509 = VERTEX_POINT('',#1510);
#1510 = CARTESIAN_POINT('',(-3.25,-0.65,1.51));
#1511 = LINE('',#1512,#1513);
#1512 = CARTESIAN_POINT('',(-3.25,-0.65,1.51));
#1513 = VECTOR('',#1514,1.);
#1514 = DIRECTION('',(0.,0.,1.));
#1515 = ORIENTED_EDGE('',*,*,#1516,.F.);
#1516 = EDGE_CURVE('',#1477,#1509,#1517,.T.);
#1517 = CIRCLE('',#1518,0.249998959685);
#1518 = AXIS2_PLACEMENT_3D('',#1519,#1520,#1521);
#1519 = CARTESIAN_POINT('',(-3.000001040317,-0.650001040317,1.51));
#1520 = DIRECTION('',(0.,0.,-1.));
#1521 = DIRECTION('',(4.161285831737E-06,-0.999999999991,0.));
#1522 = CYLINDRICAL_SURFACE('',#1523,0.249998959685);
#1523 = AXIS2_PLACEMENT_3D('',#1524,#1525,#1526);
#1524 = CARTESIAN_POINT('',(-3.000001040317,-0.650001040317,1.51));
#1525 = DIRECTION('',(0.,0.,-1.));
#1526 = DIRECTION('',(4.161285831737E-06,-0.999999999991,0.));
#1527 = ADVANCED_FACE('',(#1528),#1544,.T.);
#1528 = FACE_BOUND('',#1529,.T.);
#1529 = EDGE_LOOP('',(#1530,#1531,#1537,#1538));
#1530 = ORIENTED_EDGE('',*,*,#1508,.T.);
#1531 = ORIENTED_EDGE('',*,*,#1532,.T.);
#1532 = EDGE_CURVE('',#1500,#1300,#1533,.T.);
#1533 = LINE('',#1534,#1535);
#1534 = CARTESIAN_POINT('',(-3.25,-0.65,1.55));
#1535 = VECTOR('',#1536,1.);
#1536 = DIRECTION('',(0.,1.,0.));
#1537 = ORIENTED_EDGE('',*,*,#1297,.F.);
#1538 = ORIENTED_EDGE('',*,*,#1539,.F.);
#1539 = EDGE_CURVE('',#1509,#1298,#1540,.T.);
#1540 = LINE('',#1541,#1542);
#1541 = CARTESIAN_POINT('',(-3.25,-0.65,1.51));
#1542 = VECTOR('',#1543,1.);
#1543 = DIRECTION('',(0.,1.,0.));
#1544 = PLANE('',#1545);
#1545 = AXIS2_PLACEMENT_3D('',#1546,#1547,#1548);
#1546 = CARTESIAN_POINT('',(-3.25,-0.65,1.51));
#1547 = DIRECTION('',(-1.,0.,0.));
#1548 = DIRECTION('',(0.,1.,0.));
#1549 = ADVANCED_FACE('',(#1550),#1560,.F.);
#1550 = FACE_BOUND('',#1551,.T.);
#1551 = EDGE_LOOP('',(#1552,#1553,#1554,#1555,#1556,#1557,#1558,#1559));
#1552 = ORIENTED_EDGE('',*,*,#1324,.T.);
#1553 = ORIENTED_EDGE('',*,*,#1356,.T.);
#1554 = ORIENTED_EDGE('',*,*,#1388,.T.);
#1555 = ORIENTED_EDGE('',*,*,#1420,.T.);
#1556 = ORIENTED_EDGE('',*,*,#1452,.T.);
#1557 = ORIENTED_EDGE('',*,*,#1484,.T.);
#1558 = ORIENTED_EDGE('',*,*,#1516,.T.);
#1559 = ORIENTED_EDGE('',*,*,#1539,.T.);
#1560 = PLANE('',#1561);
#1561 = AXIS2_PLACEMENT_3D('',#1562,#1563,#1564);
#1562 = CARTESIAN_POINT('',(0.,0.,1.51));
#1563 = DIRECTION('',(0.,0.,1.));
#1564 = DIRECTION('',(1.,0.,-0.));
#1565 = ADVANCED_FACE('',(#1566),#1576,.T.);
#1566 = FACE_BOUND('',#1567,.F.);
#1567 = EDGE_LOOP('',(#1568,#1569,#1570,#1571,#1572,#1573,#1574,#1575));
#1568 = ORIENTED_EDGE('',*,*,#1307,.T.);
#1569 = ORIENTED_EDGE('',*,*,#1340,.T.);
#1570 = ORIENTED_EDGE('',*,*,#1371,.T.);
#1571 = ORIENTED_EDGE('',*,*,#1404,.T.);
#1572 = ORIENTED_EDGE('',*,*,#1435,.T.);
#1573 = ORIENTED_EDGE('',*,*,#1468,.T.);
#1574 = ORIENTED_EDGE('',*,*,#1499,.T.);
#1575 = ORIENTED_EDGE('',*,*,#1532,.T.);
#1576 = PLANE('',#1577);
#1577 = AXIS2_PLACEMENT_3D('',#1578,#1579,#1580);
#1578 = CARTESIAN_POINT('',(0.,0.,1.55));
#1579 = DIRECTION('',(0.,0.,1.));
#1580 = DIRECTION('',(1.,0.,-0.));
#1581 = MANIFOLD_SOLID_BREP('',#1582);
#1582 = CLOSED_SHELL('',(#1583,#1625,#1656,#1689,#1720,#1753,#1784,#1817
    ,#1839,#1855));
#1583 = ADVANCED_FACE('',(#1584),#1620,.T.);
#1584 = FACE_BOUND('',#1585,.T.);
#1585 = EDGE_LOOP('',(#1586,#1596,#1605,#1613));
#1586 = ORIENTED_EDGE('',*,*,#1587,.T.);
#1587 = EDGE_CURVE('',#1588,#1590,#1592,.T.);
#1588 = VERTEX_POINT('',#1589);
#1589 = CARTESIAN_POINT('',(0.75,0.65,1.51));
#1590 = VERTEX_POINT('',#1591);
#1591 = CARTESIAN_POINT('',(0.75,0.65,1.55));
#1592 = LINE('',#1593,#1594);
#1593 = CARTESIAN_POINT('',(0.75,0.65,1.51));
#1594 = VECTOR('',#1595,1.);
#1595 = DIRECTION('',(0.,0.,1.));
#1596 = ORIENTED_EDGE('',*,*,#1597,.T.);
#1597 = EDGE_CURVE('',#1590,#1598,#1600,.T.);
#1598 = VERTEX_POINT('',#1599);
#1599 = CARTESIAN_POINT('',(1.,0.9,1.55));
#1600 = CIRCLE('',#1601,0.249998959685);
#1601 = AXIS2_PLACEMENT_3D('',#1602,#1603,#1604);
#1602 = CARTESIAN_POINT('',(0.999998959683,0.650001040317,1.55));
#1603 = DIRECTION('',(0.,0.,-1.));
#1604 = DIRECTION('',(-0.999999999991,-4.161285832181E-06,-0.));
#1605 = ORIENTED_EDGE('',*,*,#1606,.F.);
#1606 = EDGE_CURVE('',#1607,#1598,#1609,.T.);
#1607 = VERTEX_POINT('',#1608);
#1608 = CARTESIAN_POINT('',(1.,0.9,1.51));
#1609 = LINE('',#1610,#1611);
#1610 = CARTESIAN_POINT('',(1.,0.9,1.51));
#1611 = VECTOR('',#1612,1.);
#1612 = DIRECTION('',(0.,0.,1.));
#1613 = ORIENTED_EDGE('',*,*,#1614,.F.);
#1614 = EDGE_CURVE('',#1588,#1607,#1615,.T.);
#1615 = CIRCLE('',#1616,0.249998959685);
#1616 = AXIS2_PLACEMENT_3D('',#1617,#1618,#1619);
#1617 = CARTESIAN_POINT('',(0.999998959683,0.650001040317,1.51));
#1618 = DIRECTION('',(0.,0.,-1.));
#1619 = DIRECTION('',(-0.999999999991,-4.161285832181E-06,-0.));
#1620 = CYLINDRICAL_SURFACE('',#1621,0.249998959685);
#1621 = AXIS2_PLACEMENT_3D('',#1622,#1623,#1624);
#1622 = CARTESIAN_POINT('',(0.999998959683,0.650001040317,1.51));
#1623 = DIRECTION('',(0.,0.,-1.));
#1624 = DIRECTION('',(-0.999999999991,-4.161285832181E-06,-0.));
#1625 = ADVANCED_FACE('',(#1626),#1651,.T.);
#1626 = FACE_BOUND('',#1627,.T.);
#1627 = EDGE_LOOP('',(#1628,#1629,#1637,#1645));
#1628 = ORIENTED_EDGE('',*,*,#1606,.T.);
#1629 = ORIENTED_EDGE('',*,*,#1630,.T.);
#1630 = EDGE_CURVE('',#1598,#1631,#1633,.T.);
#1631 = VERTEX_POINT('',#1632);
#1632 = CARTESIAN_POINT('',(3.,0.9,1.55));
#1633 = LINE('',#1634,#1635);
#1634 = CARTESIAN_POINT('',(1.,0.9,1.55));
#1635 = VECTOR('',#1636,1.);
#1636 = DIRECTION('',(1.,0.,0.));
#1637 = ORIENTED_EDGE('',*,*,#1638,.F.);
#1638 = EDGE_CURVE('',#1639,#1631,#1641,.T.);
#1639 = VERTEX_POINT('',#1640);
#1640 = CARTESIAN_POINT('',(3.,0.9,1.51));
#1641 = LINE('',#1642,#1643);
#1642 = CARTESIAN_POINT('',(3.,0.9,1.51));
#1643 = VECTOR('',#1644,1.);
#1644 = DIRECTION('',(0.,0.,1.));
#1645 = ORIENTED_EDGE('',*,*,#1646,.F.);
#1646 = EDGE_CURVE('',#1607,#1639,#1647,.T.);
#1647 = LINE('',#1648,#1649);
#1648 = CARTESIAN_POINT('',(1.,0.9,1.51));
#1649 = VECTOR('',#1650,1.);
#1650 = DIRECTION('',(1.,0.,0.));
#1651 = PLANE('',#1652);
#1652 = AXIS2_PLACEMENT_3D('',#1653,#1654,#1655);
#1653 = CARTESIAN_POINT('',(1.,0.9,1.51));
#1654 = DIRECTION('',(0.,1.,0.));
#1655 = DIRECTION('',(1.,0.,0.));
#1656 = ADVANCED_FACE('',(#1657),#1684,.T.);
#1657 = FACE_BOUND('',#1658,.T.);
#1658 = EDGE_LOOP('',(#1659,#1660,#1669,#1677));
#1659 = ORIENTED_EDGE('',*,*,#1638,.T.);
#1660 = ORIENTED_EDGE('',*,*,#1661,.T.);
#1661 = EDGE_CURVE('',#1631,#1662,#1664,.T.);
#1662 = VERTEX_POINT('',#1663);
#1663 = CARTESIAN_POINT('',(3.25,0.65,1.55));
#1664 = CIRCLE('',#1665,0.249998959685);
#1665 = AXIS2_PLACEMENT_3D('',#1666,#1667,#1668);
#1666 = CARTESIAN_POINT('',(3.000001040317,0.650001040317,1.55));
#1667 = DIRECTION('',(0.,0.,-1.));
#1668 = DIRECTION('',(-4.161285831737E-06,0.999999999991,0.));
#1669 = ORIENTED_EDGE('',*,*,#1670,.F.);
#1670 = EDGE_CURVE('',#1671,#1662,#1673,.T.);
#1671 = VERTEX_POINT('',#1672);
#1672 = CARTESIAN_POINT('',(3.25,0.65,1.51));
#1673 = LINE('',#1674,#1675);
#1674 = CARTESIAN_POINT('',(3.25,0.65,1.51));
#1675 = VECTOR('',#1676,1.);
#1676 = DIRECTION('',(0.,0.,1.));
#1677 = ORIENTED_EDGE('',*,*,#1678,.F.);
#1678 = EDGE_CURVE('',#1639,#1671,#1679,.T.);
#1679 = CIRCLE('',#1680,0.249998959685);
#1680 = AXIS2_PLACEMENT_3D('',#1681,#1682,#1683);
#1681 = CARTESIAN_POINT('',(3.000001040317,0.650001040317,1.51));
#1682 = DIRECTION('',(0.,0.,-1.));
#1683 = DIRECTION('',(-4.161285831737E-06,0.999999999991,0.));
#1684 = CYLINDRICAL_SURFACE('',#1685,0.249998959685);
#1685 = AXIS2_PLACEMENT_3D('',#1686,#1687,#1688);
#1686 = CARTESIAN_POINT('',(3.000001040317,0.650001040317,1.51));
#1687 = DIRECTION('',(0.,0.,-1.));
#1688 = DIRECTION('',(-4.161285831737E-06,0.999999999991,0.));
#1689 = ADVANCED_FACE('',(#1690),#1715,.T.);
#1690 = FACE_BOUND('',#1691,.T.);
#1691 = EDGE_LOOP('',(#1692,#1693,#1701,#1709));
#1692 = ORIENTED_EDGE('',*,*,#1670,.T.);
#1693 = ORIENTED_EDGE('',*,*,#1694,.T.);
#1694 = EDGE_CURVE('',#1662,#1695,#1697,.T.);
#1695 = VERTEX_POINT('',#1696);
#1696 = CARTESIAN_POINT('',(3.25,-0.65,1.55));
#1697 = LINE('',#1698,#1699);
#1698 = CARTESIAN_POINT('',(3.25,0.65,1.55));
#1699 = VECTOR('',#1700,1.);
#1700 = DIRECTION('',(0.,-1.,0.));
#1701 = ORIENTED_EDGE('',*,*,#1702,.F.);
#1702 = EDGE_CURVE('',#1703,#1695,#1705,.T.);
#1703 = VERTEX_POINT('',#1704);
#1704 = CARTESIAN_POINT('',(3.25,-0.65,1.51));
#1705 = LINE('',#1706,#1707);
#1706 = CARTESIAN_POINT('',(3.25,-0.65,1.51));
#1707 = VECTOR('',#1708,1.);
#1708 = DIRECTION('',(0.,0.,1.));
#1709 = ORIENTED_EDGE('',*,*,#1710,.F.);
#1710 = EDGE_CURVE('',#1671,#1703,#1711,.T.);
#1711 = LINE('',#1712,#1713);
#1712 = CARTESIAN_POINT('',(3.25,0.65,1.51));
#1713 = VECTOR('',#1714,1.);
#1714 = DIRECTION('',(0.,-1.,0.));
#1715 = PLANE('',#1716);
#1716 = AXIS2_PLACEMENT_3D('',#1717,#1718,#1719);
#1717 = CARTESIAN_POINT('',(3.25,0.65,1.51));
#1718 = DIRECTION('',(1.,0.,-0.));
#1719 = DIRECTION('',(0.,-1.,0.));
#1720 = ADVANCED_FACE('',(#1721),#1748,.T.);
#1721 = FACE_BOUND('',#1722,.T.);
#1722 = EDGE_LOOP('',(#1723,#1724,#1733,#1741));
#1723 = ORIENTED_EDGE('',*,*,#1702,.T.);
#1724 = ORIENTED_EDGE('',*,*,#1725,.T.);
#1725 = EDGE_CURVE('',#1695,#1726,#1728,.T.);
#1726 = VERTEX_POINT('',#1727);
#1727 = CARTESIAN_POINT('',(3.,-0.9,1.55));
#1728 = CIRCLE('',#1729,0.249998959685);
#1729 = AXIS2_PLACEMENT_3D('',#1730,#1731,#1732);
#1730 = CARTESIAN_POINT('',(3.000001040317,-0.650001040317,1.55));
#1731 = DIRECTION('',(0.,0.,-1.));
#1732 = DIRECTION('',(0.999999999991,4.161285832181E-06,0.));
#1733 = ORIENTED_EDGE('',*,*,#1734,.F.);
#1734 = EDGE_CURVE('',#1735,#1726,#1737,.T.);
#1735 = VERTEX_POINT('',#1736);
#1736 = CARTESIAN_POINT('',(3.,-0.9,1.51));
#1737 = LINE('',#1738,#1739);
#1738 = CARTESIAN_POINT('',(3.,-0.9,1.51));
#1739 = VECTOR('',#1740,1.);
#1740 = DIRECTION('',(0.,0.,1.));
#1741 = ORIENTED_EDGE('',*,*,#1742,.F.);
#1742 = EDGE_CURVE('',#1703,#1735,#1743,.T.);
#1743 = CIRCLE('',#1744,0.249998959685);
#1744 = AXIS2_PLACEMENT_3D('',#1745,#1746,#1747);
#1745 = CARTESIAN_POINT('',(3.000001040317,-0.650001040317,1.51));
#1746 = DIRECTION('',(0.,0.,-1.));
#1747 = DIRECTION('',(0.999999999991,4.161285832181E-06,0.));
#1748 = CYLINDRICAL_SURFACE('',#1749,0.249998959685);
#1749 = AXIS2_PLACEMENT_3D('',#1750,#1751,#1752);
#1750 = CARTESIAN_POINT('',(3.000001040317,-0.650001040317,1.51));
#1751 = DIRECTION('',(0.,0.,-1.));
#1752 = DIRECTION('',(0.999999999991,4.161285832181E-06,0.));
#1753 = ADVANCED_FACE('',(#1754),#1779,.T.);
#1754 = FACE_BOUND('',#1755,.T.);
#1755 = EDGE_LOOP('',(#1756,#1757,#1765,#1773));
#1756 = ORIENTED_EDGE('',*,*,#1734,.T.);
#1757 = ORIENTED_EDGE('',*,*,#1758,.T.);
#1758 = EDGE_CURVE('',#1726,#1759,#1761,.T.);
#1759 = VERTEX_POINT('',#1760);
#1760 = CARTESIAN_POINT('',(1.,-0.9,1.55));
#1761 = LINE('',#1762,#1763);
#1762 = CARTESIAN_POINT('',(3.,-0.9,1.55));
#1763 = VECTOR('',#1764,1.);
#1764 = DIRECTION('',(-1.,0.,0.));
#1765 = ORIENTED_EDGE('',*,*,#1766,.F.);
#1766 = EDGE_CURVE('',#1767,#1759,#1769,.T.);
#1767 = VERTEX_POINT('',#1768);
#1768 = CARTESIAN_POINT('',(1.,-0.9,1.51));
#1769 = LINE('',#1770,#1771);
#1770 = CARTESIAN_POINT('',(1.,-0.9,1.51));
#1771 = VECTOR('',#1772,1.);
#1772 = DIRECTION('',(0.,0.,1.));
#1773 = ORIENTED_EDGE('',*,*,#1774,.F.);
#1774 = EDGE_CURVE('',#1735,#1767,#1775,.T.);
#1775 = LINE('',#1776,#1777);
#1776 = CARTESIAN_POINT('',(3.,-0.9,1.51));
#1777 = VECTOR('',#1778,1.);
#1778 = DIRECTION('',(-1.,0.,0.));
#1779 = PLANE('',#1780);
#1780 = AXIS2_PLACEMENT_3D('',#1781,#1782,#1783);
#1781 = CARTESIAN_POINT('',(3.,-0.9,1.51));
#1782 = DIRECTION('',(0.,-1.,0.));
#1783 = DIRECTION('',(-1.,0.,0.));
#1784 = ADVANCED_FACE('',(#1785),#1812,.T.);
#1785 = FACE_BOUND('',#1786,.T.);
#1786 = EDGE_LOOP('',(#1787,#1788,#1797,#1805));
#1787 = ORIENTED_EDGE('',*,*,#1766,.T.);
#1788 = ORIENTED_EDGE('',*,*,#1789,.T.);
#1789 = EDGE_CURVE('',#1759,#1790,#1792,.T.);
#1790 = VERTEX_POINT('',#1791);
#1791 = CARTESIAN_POINT('',(0.75,-0.65,1.55));
#1792 = CIRCLE('',#1793,0.249998959685);
#1793 = AXIS2_PLACEMENT_3D('',#1794,#1795,#1796);
#1794 = CARTESIAN_POINT('',(0.999998959683,-0.650001040317,1.55));
#1795 = DIRECTION('',(0.,0.,-1.));
#1796 = DIRECTION('',(4.161285832626E-06,-0.999999999991,0.));
#1797 = ORIENTED_EDGE('',*,*,#1798,.F.);
#1798 = EDGE_CURVE('',#1799,#1790,#1801,.T.);
#1799 = VERTEX_POINT('',#1800);
#1800 = CARTESIAN_POINT('',(0.75,-0.65,1.51));
#1801 = LINE('',#1802,#1803);
#1802 = CARTESIAN_POINT('',(0.75,-0.65,1.51));
#1803 = VECTOR('',#1804,1.);
#1804 = DIRECTION('',(0.,0.,1.));
#1805 = ORIENTED_EDGE('',*,*,#1806,.F.);
#1806 = EDGE_CURVE('',#1767,#1799,#1807,.T.);
#1807 = CIRCLE('',#1808,0.249998959685);
#1808 = AXIS2_PLACEMENT_3D('',#1809,#1810,#1811);
#1809 = CARTESIAN_POINT('',(0.999998959683,-0.650001040317,1.51));
#1810 = DIRECTION('',(0.,0.,-1.));
#1811 = DIRECTION('',(4.161285832626E-06,-0.999999999991,0.));
#1812 = CYLINDRICAL_SURFACE('',#1813,0.249998959685);
#1813 = AXIS2_PLACEMENT_3D('',#1814,#1815,#1816);
#1814 = CARTESIAN_POINT('',(0.999998959683,-0.650001040317,1.51));
#1815 = DIRECTION('',(0.,0.,-1.));
#1816 = DIRECTION('',(4.161285832626E-06,-0.999999999991,0.));
#1817 = ADVANCED_FACE('',(#1818),#1834,.T.);
#1818 = FACE_BOUND('',#1819,.T.);
#1819 = EDGE_LOOP('',(#1820,#1821,#1827,#1828));
#1820 = ORIENTED_EDGE('',*,*,#1798,.T.);
#1821 = ORIENTED_EDGE('',*,*,#1822,.T.);
#1822 = EDGE_CURVE('',#1790,#1590,#1823,.T.);
#1823 = LINE('',#1824,#1825);
#1824 = CARTESIAN_POINT('',(0.75,-0.65,1.55));
#1825 = VECTOR('',#1826,1.);
#1826 = DIRECTION('',(0.,1.,0.));
#1827 = ORIENTED_EDGE('',*,*,#1587,.F.);
#1828 = ORIENTED_EDGE('',*,*,#1829,.F.);
#1829 = EDGE_CURVE('',#1799,#1588,#1830,.T.);
#1830 = LINE('',#1831,#1832);
#1831 = CARTESIAN_POINT('',(0.75,-0.65,1.51));
#1832 = VECTOR('',#1833,1.);
#1833 = DIRECTION('',(0.,1.,0.));
#1834 = PLANE('',#1835);
#1835 = AXIS2_PLACEMENT_3D('',#1836,#1837,#1838);
#1836 = CARTESIAN_POINT('',(0.75,-0.65,1.51));
#1837 = DIRECTION('',(-1.,0.,0.));
#1838 = DIRECTION('',(0.,1.,0.));
#1839 = ADVANCED_FACE('',(#1840),#1850,.F.);
#1840 = FACE_BOUND('',#1841,.T.);
#1841 = EDGE_LOOP('',(#1842,#1843,#1844,#1845,#1846,#1847,#1848,#1849));
#1842 = ORIENTED_EDGE('',*,*,#1614,.T.);
#1843 = ORIENTED_EDGE('',*,*,#1646,.T.);
#1844 = ORIENTED_EDGE('',*,*,#1678,.T.);
#1845 = ORIENTED_EDGE('',*,*,#1710,.T.);
#1846 = ORIENTED_EDGE('',*,*,#1742,.T.);
#1847 = ORIENTED_EDGE('',*,*,#1774,.T.);
#1848 = ORIENTED_EDGE('',*,*,#1806,.T.);
#1849 = ORIENTED_EDGE('',*,*,#1829,.T.);
#1850 = PLANE('',#1851);
#1851 = AXIS2_PLACEMENT_3D('',#1852,#1853,#1854);
#1852 = CARTESIAN_POINT('',(0.,0.,1.51));
#1853 = DIRECTION('',(0.,0.,1.));
#1854 = DIRECTION('',(1.,0.,-0.));
#1855 = ADVANCED_FACE('',(#1856),#1866,.T.);
#1856 = FACE_BOUND('',#1857,.F.);
#1857 = EDGE_LOOP('',(#1858,#1859,#1860,#1861,#1862,#1863,#1864,#1865));
#1858 = ORIENTED_EDGE('',*,*,#1597,.T.);
#1859 = ORIENTED_EDGE('',*,*,#1630,.T.);
#1860 = ORIENTED_EDGE('',*,*,#1661,.T.);
#1861 = ORIENTED_EDGE('',*,*,#1694,.T.);
#1862 = ORIENTED_EDGE('',*,*,#1725,.T.);
#1863 = ORIENTED_EDGE('',*,*,#1758,.T.);
#1864 = ORIENTED_EDGE('',*,*,#1789,.T.);
#1865 = ORIENTED_EDGE('',*,*,#1822,.T.);
#1866 = PLANE('',#1867);
#1867 = AXIS2_PLACEMENT_3D('',#1868,#1869,#1870);
#1868 = CARTESIAN_POINT('',(0.,0.,1.55));
#1869 = DIRECTION('',(0.,0.,1.));
#1870 = DIRECTION('',(1.,0.,-0.));
#1871 = ( GEOMETRIC_REPRESENTATION_CONTEXT(3) 
GLOBAL_UNCERTAINTY_ASSIGNED_CONTEXT((#1875)) 
GLOBAL_UNIT_ASSIGNED_CONTEXT((#1872,#1873,#1874)) REPRESENTATION_CONTEXT
('Context #1','3D Context with UNIT and UNCERTAINTY') );
#1872 = ( LENGTH_UNIT() NAMED_UNIT(*) SI_UNIT(.MILLI.,.METRE.) );
#1873 = ( NAMED_UNIT(*) PLANE_ANGLE_UNIT() SI_UNIT($,.RADIAN.) );
#1874 = ( NAMED_UNIT(*) SI_UNIT($,.STERADIAN.) SOLID_ANGLE_UNIT() );
#1875 = UNCERTAINTY_MEASURE_WITH_UNIT(LENGTH_MEASURE(1.E-07),#1872,
  'distance_accuracy_value','confusion accuracy');
#1876 = CONTEXT_DEPENDENT_SHAPE_REPRESENTATION(#1877,#1879);
#1877 = ( REPRESENTATION_RELATIONSHIP('','',#1290,#10) 
REPRESENTATION_RELATIONSHIP_WITH_TRANSFORMATION(#1878) 
SHAPE_REPRESENTATION_RELATIONSHIP() );
#1878 = ITEM_DEFINED_TRANSFORMATION('','',#11,#19);
#1879 = PRODUCT_DEFINITION_SHAPE('Placement','Placement of an item',
  #1880);
#1880 = NEXT_ASSEMBLY_USAGE_OCCURRENCE('3','=>[0:1:1:4]','',#5,#1285,$);
#1881 = PRODUCT_RELATED_PRODUCT_CATEGORY('part',$,(#1287));
#1882 = SHAPE_DEFINITION_REPRESENTATION(#1883,#1889);
#1883 = PRODUCT_DEFINITION_SHAPE('','',#1884);
#1884 = PRODUCT_DEFINITION('design','',#1885,#1888);
#1885 = PRODUCT_DEFINITION_FORMATION('','',#1886);
#1886 = PRODUCT(
'electronic_diode_schottky_sma_mdd_microdiode_semiconductor_ss14_render_
PCB',
'electronic_diode_schottky_sma_mdd_microdiode_semiconductor_ss14_render_
PCB','',(#1887));
#1887 = PRODUCT_CONTEXT('',#2,'mechanical');
#1888 = PRODUCT_DEFINITION_CONTEXT('part definition',#2,'design');
#1889 = ADVANCED_BREP_SHAPE_REPRESENTATION('',(#11,#1890),#2040);
#1890 = MANIFOLD_SOLID_BREP('',#1891);
#1891 = CLOSED_SHELL('',(#1892,#1932,#1963,#1994,#2016,#2028));
#1892 = ADVANCED_FACE('',(#1893),#1927,.T.);
#1893 = FACE_BOUND('',#1894,.T.);
#1894 = EDGE_LOOP('',(#1895,#1905,#1913,#1921));
#1895 = ORIENTED_EDGE('',*,*,#1896,.T.);
#1896 = EDGE_CURVE('',#1897,#1899,#1901,.T.);
#1897 = VERTEX_POINT('',#1898);
#1898 = CARTESIAN_POINT('',(5.5,-3.75,0.));
#1899 = VERTEX_POINT('',#1900);
#1900 = CARTESIAN_POINT('',(5.5,-3.75,1.51));
#1901 = LINE('',#1902,#1903);
#1902 = CARTESIAN_POINT('',(5.5,-3.75,0.));
#1903 = VECTOR('',#1904,1.);
#1904 = DIRECTION('',(0.,0.,1.));
#1905 = ORIENTED_EDGE('',*,*,#1906,.T.);
#1906 = EDGE_CURVE('',#1899,#1907,#1909,.T.);
#1907 = VERTEX_POINT('',#1908);
#1908 = CARTESIAN_POINT('',(-5.5,-3.75,1.51));
#1909 = LINE('',#1910,#1911);
#1910 = CARTESIAN_POINT('',(5.5,-3.75,1.51));
#1911 = VECTOR('',#1912,1.);
#1912 = DIRECTION('',(-1.,0.,0.));
#1913 = ORIENTED_EDGE('',*,*,#1914,.F.);
#1914 = EDGE_CURVE('',#1915,#1907,#1917,.T.);
#1915 = VERTEX_POINT('',#1916);
#1916 = CARTESIAN_POINT('',(-5.5,-3.75,0.));
#1917 = LINE('',#1918,#1919);
#1918 = CARTESIAN_POINT('',(-5.5,-3.75,0.));
#1919 = VECTOR('',#1920,1.);
#1920 = DIRECTION('',(0.,0.,1.));
#1921 = ORIENTED_EDGE('',*,*,#1922,.F.);
#1922 = EDGE_CURVE('',#1897,#1915,#1923,.T.);
#1923 = LINE('',#1924,#1925);
#1924 = CARTESIAN_POINT('',(5.5,-3.75,0.));
#1925 = VECTOR('',#1926,1.);
#1926 = DIRECTION('',(-1.,0.,0.));
#1927 = PLANE('',#1928);
#1928 = AXIS2_PLACEMENT_3D('',#1929,#1930,#1931);
#1929 = CARTESIAN_POINT('',(5.5,-3.75,0.));
#1930 = DIRECTION('',(0.,-1.,0.));
#1931 = DIRECTION('',(-1.,0.,0.));
#1932 = ADVANCED_FACE('',(#1933),#1958,.T.);
#1933 = FACE_BOUND('',#1934,.T.);
#1934 = EDGE_LOOP('',(#1935,#1936,#1944,#1952));
#1935 = ORIENTED_EDGE('',*,*,#1914,.T.);
#1936 = ORIENTED_EDGE('',*,*,#1937,.T.);
#1937 = EDGE_CURVE('',#1907,#1938,#1940,.T.);
#1938 = VERTEX_POINT('',#1939);
#1939 = CARTESIAN_POINT('',(-5.5,3.75,1.51));
#1940 = LINE('',#1941,#1942);
#1941 = CARTESIAN_POINT('',(-5.5,-3.75,1.51));
#1942 = VECTOR('',#1943,1.);
#1943 = DIRECTION('',(0.,1.,0.));
#1944 = ORIENTED_EDGE('',*,*,#1945,.F.);
#1945 = EDGE_CURVE('',#1946,#1938,#1948,.T.);
#1946 = VERTEX_POINT('',#1947);
#1947 = CARTESIAN_POINT('',(-5.5,3.75,0.));
#1948 = LINE('',#1949,#1950);
#1949 = CARTESIAN_POINT('',(-5.5,3.75,0.));
#1950 = VECTOR('',#1951,1.);
#1951 = DIRECTION('',(0.,0.,1.));
#1952 = ORIENTED_EDGE('',*,*,#1953,.F.);
#1953 = EDGE_CURVE('',#1915,#1946,#1954,.T.);
#1954 = LINE('',#1955,#1956);
#1955 = CARTESIAN_POINT('',(-5.5,-3.75,0.));
#1956 = VECTOR('',#1957,1.);
#1957 = DIRECTION('',(0.,1.,0.));
#1958 = PLANE('',#1959);
#1959 = AXIS2_PLACEMENT_3D('',#1960,#1961,#1962);
#1960 = CARTESIAN_POINT('',(-5.5,-3.75,0.));
#1961 = DIRECTION('',(-1.,0.,0.));
#1962 = DIRECTION('',(0.,1.,0.));
#1963 = ADVANCED_FACE('',(#1964),#1989,.T.);
#1964 = FACE_BOUND('',#1965,.T.);
#1965 = EDGE_LOOP('',(#1966,#1967,#1975,#1983));
#1966 = ORIENTED_EDGE('',*,*,#1945,.T.);
#1967 = ORIENTED_EDGE('',*,*,#1968,.T.);
#1968 = EDGE_CURVE('',#1938,#1969,#1971,.T.);
#1969 = VERTEX_POINT('',#1970);
#1970 = CARTESIAN_POINT('',(5.5,3.75,1.51));
#1971 = LINE('',#1972,#1973);
#1972 = CARTESIAN_POINT('',(-5.5,3.75,1.51));
#1973 = VECTOR('',#1974,1.);
#1974 = DIRECTION('',(1.,0.,0.));
#1975 = ORIENTED_EDGE('',*,*,#1976,.F.);
#1976 = EDGE_CURVE('',#1977,#1969,#1979,.T.);
#1977 = VERTEX_POINT('',#1978);
#1978 = CARTESIAN_POINT('',(5.5,3.75,0.));
#1979 = LINE('',#1980,#1981);
#1980 = CARTESIAN_POINT('',(5.5,3.75,0.));
#1981 = VECTOR('',#1982,1.);
#1982 = DIRECTION('',(0.,0.,1.));
#1983 = ORIENTED_EDGE('',*,*,#1984,.F.);
#1984 = EDGE_CURVE('',#1946,#1977,#1985,.T.);
#1985 = LINE('',#1986,#1987);
#1986 = CARTESIAN_POINT('',(-5.5,3.75,0.));
#1987 = VECTOR('',#1988,1.);
#1988 = DIRECTION('',(1.,0.,0.));
#1989 = PLANE('',#1990);
#1990 = AXIS2_PLACEMENT_3D('',#1991,#1992,#1993);
#1991 = CARTESIAN_POINT('',(-5.5,3.75,0.));
#1992 = DIRECTION('',(0.,1.,0.));
#1993 = DIRECTION('',(1.,0.,0.));
#1994 = ADVANCED_FACE('',(#1995),#2011,.T.);
#1995 = FACE_BOUND('',#1996,.T.);
#1996 = EDGE_LOOP('',(#1997,#1998,#2004,#2005));
#1997 = ORIENTED_EDGE('',*,*,#1976,.T.);
#1998 = ORIENTED_EDGE('',*,*,#1999,.T.);
#1999 = EDGE_CURVE('',#1969,#1899,#2000,.T.);
#2000 = LINE('',#2001,#2002);
#2001 = CARTESIAN_POINT('',(5.5,3.75,1.51));
#2002 = VECTOR('',#2003,1.);
#2003 = DIRECTION('',(0.,-1.,0.));
#2004 = ORIENTED_EDGE('',*,*,#1896,.F.);
#2005 = ORIENTED_EDGE('',*,*,#2006,.F.);
#2006 = EDGE_CURVE('',#1977,#1897,#2007,.T.);
#2007 = LINE('',#2008,#2009);
#2008 = CARTESIAN_POINT('',(5.5,3.75,0.));
#2009 = VECTOR('',#2010,1.);
#2010 = DIRECTION('',(0.,-1.,0.));
#2011 = PLANE('',#2012);
#2012 = AXIS2_PLACEMENT_3D('',#2013,#2014,#2015);
#2013 = CARTESIAN_POINT('',(5.5,3.75,0.));
#2014 = DIRECTION('',(1.,0.,-0.));
#2015 = DIRECTION('',(0.,-1.,0.));
#2016 = ADVANCED_FACE('',(#2017),#2023,.F.);
#2017 = FACE_BOUND('',#2018,.T.);
#2018 = EDGE_LOOP('',(#2019,#2020,#2021,#2022));
#2019 = ORIENTED_EDGE('',*,*,#1922,.T.);
#2020 = ORIENTED_EDGE('',*,*,#1953,.T.);
#2021 = ORIENTED_EDGE('',*,*,#1984,.T.);
#2022 = ORIENTED_EDGE('',*,*,#2006,.T.);
#2023 = PLANE('',#2024);
#2024 = AXIS2_PLACEMENT_3D('',#2025,#2026,#2027);
#2025 = CARTESIAN_POINT('',(0.,0.,0.));
#2026 = DIRECTION('',(0.,0.,1.));
#2027 = DIRECTION('',(1.,0.,-0.));
#2028 = ADVANCED_FACE('',(#2029),#2035,.T.);
#2029 = FACE_BOUND('',#2030,.F.);
#2030 = EDGE_LOOP('',(#2031,#2032,#2033,#2034));
#2031 = ORIENTED_EDGE('',*,*,#1906,.T.);
#2032 = ORIENTED_EDGE('',*,*,#1937,.T.);
#2033 = ORIENTED_EDGE('',*,*,#1968,.T.);
#2034 = ORIENTED_EDGE('',*,*,#1999,.T.);
#2035 = PLANE('',#2036);
#2036 = AXIS2_PLACEMENT_3D('',#2037,#2038,#2039);
#2037 = CARTESIAN_POINT('',(0.,0.,1.51));
#2038 = DIRECTION('',(0.,0.,1.));
#2039 = DIRECTION('',(1.,0.,-0.));
#2040 = ( GEOMETRIC_REPRESENTATION_CONTEXT(3) 
GLOBAL_UNCERTAINTY_ASSIGNED_CONTEXT((#2044)) 
GLOBAL_UNIT_ASSIGNED_CONTEXT((#2041,#2042,#2043)) REPRESENTATION_CONTEXT
('Context #1','3D Context with UNIT and UNCERTAINTY') );
#2041 = ( LENGTH_UNIT() NAMED_UNIT(*) SI_UNIT(.MILLI.,.METRE.) );
#2042 = ( NAMED_UNIT(*) PLANE_ANGLE_UNIT() SI_UNIT($,.RADIAN.) );
#2043 = ( NAMED_UNIT(*) SI_UNIT($,.STERADIAN.) SOLID_ANGLE_UNIT() );
#2044 = UNCERTAINTY_MEASURE_WITH_UNIT(LENGTH_MEASURE(1.E-07),#2041,
  'distance_accuracy_value','confusion accuracy');
#2045 = CONTEXT_DEPENDENT_SHAPE_REPRESENTATION(#2046,#2048);
#2046 = ( REPRESENTATION_RELATIONSHIP('','',#1889,#10) 
REPRESENTATION_RELATIONSHIP_WITH_TRANSFORMATION(#2047) 
SHAPE_REPRESENTATION_RELATIONSHIP() );
#2047 = ITEM_DEFINED_TRANSFORMATION('','',#11,#23);
#2048 = PRODUCT_DEFINITION_SHAPE('Placement','Placement of an item',
  #2049);
#2049 = NEXT_ASSEMBLY_USAGE_OCCURRENCE('4','=>[0:1:1:5]','',#5,#1884,$);
#2050 = PRODUCT_RELATED_PRODUCT_CATEGORY('part',$,(#1886));
#2051 = MECHANICAL_DESIGN_GEOMETRIC_PRESENTATION_REPRESENTATION('',(
    #2052,#2060),#1871);
#2052 = STYLED_ITEM('color',(#2053),#1291);
#2053 = PRESENTATION_STYLE_ASSIGNMENT((#2054));
#2054 = SURFACE_STYLE_USAGE(.BOTH.,#2055);
#2055 = SURFACE_SIDE_STYLE('',(#2056));
#2056 = SURFACE_STYLE_FILL_AREA(#2057);
#2057 = FILL_AREA_STYLE('',(#2058));
#2058 = FILL_AREA_STYLE_COLOUR('',#2059);
#2059 = COLOUR_RGB('',0.735356983052,0.735356983052,0.735356983052);
#2060 = STYLED_ITEM('color',(#2061),#1581);
#2061 = PRESENTATION_STYLE_ASSIGNMENT((#2062));
#2062 = SURFACE_STYLE_USAGE(.BOTH.,#2063);
#2063 = SURFACE_SIDE_STYLE('',(#2064));
#2064 = SURFACE_STYLE_FILL_AREA(#2065);
#2065 = FILL_AREA_STYLE('',(#2066));
#2066 = FILL_AREA_STYLE_COLOUR('',#2059);
#2067 = MECHANICAL_DESIGN_GEOMETRIC_PRESENTATION_REPRESENTATION('',(
    #2068,#2076,#2083,#2090,#2097,#2104,#2111,#2118,#2125,#2132,#2139,
    #2147,#2154,#2161,#2168,#2175,#2182,#2189,#2196,#2203,#2210,#2217,
    #2224,#2231,#2238,#2245,#2252,#2259,#2266,#2273,#2280,#2288,#2295,
    #2302,#2309,#2316,#2323,#2330,#2337,#2344,#2351),#1272);
#2068 = STYLED_ITEM('color',(#2069),#66);
#2069 = PRESENTATION_STYLE_ASSIGNMENT((#2070));
#2070 = SURFACE_STYLE_USAGE(.BOTH.,#2071);
#2071 = SURFACE_SIDE_STYLE('',(#2072));
#2072 = SURFACE_STYLE_FILL_AREA(#2073);
#2073 = FILL_AREA_STYLE('',(#2074));
#2074 = FILL_AREA_STYLE_COLOUR('',#2075);
#2075 = COLOUR_RGB('',0.823999987314,0.819999987296,0.781000009244);
#2076 = STYLED_ITEM('color',(#2077),#106);
#2077 = PRESENTATION_STYLE_ASSIGNMENT((#2078));
#2078 = SURFACE_STYLE_USAGE(.BOTH.,#2079);
#2079 = SURFACE_SIDE_STYLE('',(#2080));
#2080 = SURFACE_STYLE_FILL_AREA(#2081);
#2081 = FILL_AREA_STYLE('',(#2082));
#2082 = FILL_AREA_STYLE_COLOUR('',#2075);
#2083 = STYLED_ITEM('color',(#2084),#189);
#2084 = PRESENTATION_STYLE_ASSIGNMENT((#2085));
#2085 = SURFACE_STYLE_USAGE(.BOTH.,#2086);
#2086 = SURFACE_SIDE_STYLE('',(#2087));
#2087 = SURFACE_STYLE_FILL_AREA(#2088);
#2088 = FILL_AREA_STYLE('',(#2089));
#2089 = FILL_AREA_STYLE_COLOUR('',#2075);
#2090 = STYLED_ITEM('color',(#2091),#214);
#2091 = PRESENTATION_STYLE_ASSIGNMENT((#2092));
#2092 = SURFACE_STYLE_USAGE(.BOTH.,#2093);
#2093 = SURFACE_SIDE_STYLE('',(#2094));
#2094 = SURFACE_STYLE_FILL_AREA(#2095);
#2095 = FILL_AREA_STYLE('',(#2096));
#2096 = FILL_AREA_STYLE_COLOUR('',#2075);
#2097 = STYLED_ITEM('color',(#2098),#289);
#2098 = PRESENTATION_STYLE_ASSIGNMENT((#2099));
#2099 = SURFACE_STYLE_USAGE(.BOTH.,#2100);
#2100 = SURFACE_SIDE_STYLE('',(#2101));
#2101 = SURFACE_STYLE_FILL_AREA(#2102);
#2102 = FILL_AREA_STYLE('',(#2103));
#2103 = FILL_AREA_STYLE_COLOUR('',#2075);
#2104 = STYLED_ITEM('color',(#2105),#306);
#2105 = PRESENTATION_STYLE_ASSIGNMENT((#2106));
#2106 = SURFACE_STYLE_USAGE(.BOTH.,#2107);
#2107 = SURFACE_SIDE_STYLE('',(#2108));
#2108 = SURFACE_STYLE_FILL_AREA(#2109);
#2109 = FILL_AREA_STYLE('',(#2110));
#2110 = FILL_AREA_STYLE_COLOUR('',#2075);
#2111 = STYLED_ITEM('color',(#2112),#323);
#2112 = PRESENTATION_STYLE_ASSIGNMENT((#2113));
#2113 = SURFACE_STYLE_USAGE(.BOTH.,#2114);
#2114 = SURFACE_SIDE_STYLE('',(#2115));
#2115 = SURFACE_STYLE_FILL_AREA(#2116);
#2116 = FILL_AREA_STYLE('',(#2117));
#2117 = FILL_AREA_STYLE_COLOUR('',#2075);
#2118 = STYLED_ITEM('color',(#2119),#340);
#2119 = PRESENTATION_STYLE_ASSIGNMENT((#2120));
#2120 = SURFACE_STYLE_USAGE(.BOTH.,#2121);
#2121 = SURFACE_SIDE_STYLE('',(#2122));
#2122 = SURFACE_STYLE_FILL_AREA(#2123);
#2123 = FILL_AREA_STYLE('',(#2124));
#2124 = FILL_AREA_STYLE_COLOUR('',#2075);
#2125 = STYLED_ITEM('color',(#2126),#357);
#2126 = PRESENTATION_STYLE_ASSIGNMENT((#2127));
#2127 = SURFACE_STYLE_USAGE(.BOTH.,#2128);
#2128 = SURFACE_SIDE_STYLE('',(#2129));
#2129 = SURFACE_STYLE_FILL_AREA(#2130);
#2130 = FILL_AREA_STYLE('',(#2131));
#2131 = FILL_AREA_STYLE_COLOUR('',#2075);
#2132 = STYLED_ITEM('color',(#2133),#374);
#2133 = PRESENTATION_STYLE_ASSIGNMENT((#2134));
#2134 = SURFACE_STYLE_USAGE(.BOTH.,#2135);
#2135 = SURFACE_SIDE_STYLE('',(#2136));
#2136 = SURFACE_STYLE_FILL_AREA(#2137);
#2137 = FILL_AREA_STYLE('',(#2138));
#2138 = FILL_AREA_STYLE_COLOUR('',#2075);
#2139 = STYLED_ITEM('color',(#2140),#390);
#2140 = PRESENTATION_STYLE_ASSIGNMENT((#2141));
#2141 = SURFACE_STYLE_USAGE(.BOTH.,#2142);
#2142 = SURFACE_SIDE_STYLE('',(#2143));
#2143 = SURFACE_STYLE_FILL_AREA(#2144);
#2144 = FILL_AREA_STYLE('',(#2145));
#2145 = FILL_AREA_STYLE_COLOUR('',#2146);
#2146 = COLOUR_RGB('',0.147999998088,0.144999993226,0.144999993226);
#2147 = STYLED_ITEM('color',(#2148),#437);
#2148 = PRESENTATION_STYLE_ASSIGNMENT((#2149));
#2149 = SURFACE_STYLE_USAGE(.BOTH.,#2150);
#2150 = SURFACE_SIDE_STYLE('',(#2151));
#2151 = SURFACE_STYLE_FILL_AREA(#2152);
#2152 = FILL_AREA_STYLE('',(#2153));
#2153 = FILL_AREA_STYLE_COLOUR('',#2146);
#2154 = STYLED_ITEM('color',(#2155),#472);
#2155 = PRESENTATION_STYLE_ASSIGNMENT((#2156));
#2156 = SURFACE_STYLE_USAGE(.BOTH.,#2157);
#2157 = SURFACE_SIDE_STYLE('',(#2158));
#2158 = SURFACE_STYLE_FILL_AREA(#2159);
#2159 = FILL_AREA_STYLE('',(#2160));
#2160 = FILL_AREA_STYLE_COLOUR('',#2146);
#2161 = STYLED_ITEM('color',(#2162),#511);
#2162 = PRESENTATION_STYLE_ASSIGNMENT((#2163));
#2163 = SURFACE_STYLE_USAGE(.BOTH.,#2164);
#2164 = SURFACE_SIDE_STYLE('',(#2165));
#2165 = SURFACE_STYLE_FILL_AREA(#2166);
#2166 = FILL_AREA_STYLE('',(#2167));
#2167 = FILL_AREA_STYLE_COLOUR('',#2146);
#2168 = STYLED_ITEM('color',(#2169),#540);
#2169 = PRESENTATION_STYLE_ASSIGNMENT((#2170));
#2170 = SURFACE_STYLE_USAGE(.BOTH.,#2171);
#2171 = SURFACE_SIDE_STYLE('',(#2172));
#2172 = SURFACE_STYLE_FILL_AREA(#2173);
#2173 = FILL_AREA_STYLE('',(#2174));
#2174 = FILL_AREA_STYLE_COLOUR('',#2146);
#2175 = STYLED_ITEM('color',(#2176),#579);
#2176 = PRESENTATION_STYLE_ASSIGNMENT((#2177));
#2177 = SURFACE_STYLE_USAGE(.BOTH.,#2178);
#2178 = SURFACE_SIDE_STYLE('',(#2179));
#2179 = SURFACE_STYLE_FILL_AREA(#2180);
#2180 = FILL_AREA_STYLE('',(#2181));
#2181 = FILL_AREA_STYLE_COLOUR('',#2146);
#2182 = STYLED_ITEM('color',(#2183),#608);
#2183 = PRESENTATION_STYLE_ASSIGNMENT((#2184));
#2184 = SURFACE_STYLE_USAGE(.BOTH.,#2185);
#2185 = SURFACE_SIDE_STYLE('',(#2186));
#2186 = SURFACE_STYLE_FILL_AREA(#2187);
#2187 = FILL_AREA_STYLE('',(#2188));
#2188 = FILL_AREA_STYLE_COLOUR('',#2146);
#2189 = STYLED_ITEM('color',(#2190),#662);
#2190 = PRESENTATION_STYLE_ASSIGNMENT((#2191));
#2191 = SURFACE_STYLE_USAGE(.BOTH.,#2192);
#2192 = SURFACE_SIDE_STYLE('',(#2193));
#2193 = SURFACE_STYLE_FILL_AREA(#2194);
#2194 = FILL_AREA_STYLE('',(#2195));
#2195 = FILL_AREA_STYLE_COLOUR('',#2146);
#2196 = STYLED_ITEM('color',(#2197),#705);
#2197 = PRESENTATION_STYLE_ASSIGNMENT((#2198));
#2198 = SURFACE_STYLE_USAGE(.BOTH.,#2199);
#2199 = SURFACE_SIDE_STYLE('',(#2200));
#2200 = SURFACE_STYLE_FILL_AREA(#2201);
#2201 = FILL_AREA_STYLE('',(#2202));
#2202 = FILL_AREA_STYLE_COLOUR('',#2146);
#2203 = STYLED_ITEM('color',(#2204),#728);
#2204 = PRESENTATION_STYLE_ASSIGNMENT((#2205));
#2205 = SURFACE_STYLE_USAGE(.BOTH.,#2206);
#2206 = SURFACE_SIDE_STYLE('',(#2207));
#2207 = SURFACE_STYLE_FILL_AREA(#2208);
#2208 = FILL_AREA_STYLE('',(#2209));
#2209 = FILL_AREA_STYLE_COLOUR('',#2146);
#2210 = STYLED_ITEM('color',(#2211),#751);
#2211 = PRESENTATION_STYLE_ASSIGNMENT((#2212));
#2212 = SURFACE_STYLE_USAGE(.BOTH.,#2213);
#2213 = SURFACE_SIDE_STYLE('',(#2214));
#2214 = SURFACE_STYLE_FILL_AREA(#2215);
#2215 = FILL_AREA_STYLE('',(#2216));
#2216 = FILL_AREA_STYLE_COLOUR('',#2146);
#2217 = STYLED_ITEM('color',(#2218),#774);
#2218 = PRESENTATION_STYLE_ASSIGNMENT((#2219));
#2219 = SURFACE_STYLE_USAGE(.BOTH.,#2220);
#2220 = SURFACE_SIDE_STYLE('',(#2221));
#2221 = SURFACE_STYLE_FILL_AREA(#2222);
#2222 = FILL_AREA_STYLE('',(#2223));
#2223 = FILL_AREA_STYLE_COLOUR('',#2146);
#2224 = STYLED_ITEM('color',(#2225),#825);
#2225 = PRESENTATION_STYLE_ASSIGNMENT((#2226));
#2226 = SURFACE_STYLE_USAGE(.BOTH.,#2227);
#2227 = SURFACE_SIDE_STYLE('',(#2228));
#2228 = SURFACE_STYLE_FILL_AREA(#2229);
#2229 = FILL_AREA_STYLE('',(#2230));
#2230 = FILL_AREA_STYLE_COLOUR('',#2146);
#2231 = STYLED_ITEM('color',(#2232),#848);
#2232 = PRESENTATION_STYLE_ASSIGNMENT((#2233));
#2233 = SURFACE_STYLE_USAGE(.BOTH.,#2234);
#2234 = SURFACE_SIDE_STYLE('',(#2235));
#2235 = SURFACE_STYLE_FILL_AREA(#2236);
#2236 = FILL_AREA_STYLE('',(#2237));
#2237 = FILL_AREA_STYLE_COLOUR('',#2146);
#2238 = STYLED_ITEM('color',(#2239),#865);
#2239 = PRESENTATION_STYLE_ASSIGNMENT((#2240));
#2240 = SURFACE_STYLE_USAGE(.BOTH.,#2241);
#2241 = SURFACE_SIDE_STYLE('',(#2242));
#2242 = SURFACE_STYLE_FILL_AREA(#2243);
#2243 = FILL_AREA_STYLE('',(#2244));
#2244 = FILL_AREA_STYLE_COLOUR('',#2075);
#2245 = STYLED_ITEM('color',(#2246),#939);
#2246 = PRESENTATION_STYLE_ASSIGNMENT((#2247));
#2247 = SURFACE_STYLE_USAGE(.BOTH.,#2248);
#2248 = SURFACE_SIDE_STYLE('',(#2249));
#2249 = SURFACE_STYLE_FILL_AREA(#2250);
#2250 = FILL_AREA_STYLE('',(#2251));
#2251 = FILL_AREA_STYLE_COLOUR('',#2075);
#2252 = STYLED_ITEM('color',(#2253),#963);
#2253 = PRESENTATION_STYLE_ASSIGNMENT((#2254));
#2254 = SURFACE_STYLE_USAGE(.BOTH.,#2255);
#2255 = SURFACE_SIDE_STYLE('',(#2256));
#2256 = SURFACE_STYLE_FILL_AREA(#2257);
#2257 = FILL_AREA_STYLE('',(#2258));
#2258 = FILL_AREA_STYLE_COLOUR('',#2075);
#2259 = STYLED_ITEM('color',(#2260),#1030);
#2260 = PRESENTATION_STYLE_ASSIGNMENT((#2261));
#2261 = SURFACE_STYLE_USAGE(.BOTH.,#2262);
#2262 = SURFACE_SIDE_STYLE('',(#2263));
#2263 = SURFACE_STYLE_FILL_AREA(#2264);
#2264 = FILL_AREA_STYLE('',(#2265));
#2265 = FILL_AREA_STYLE_COLOUR('',#2146);
#2266 = STYLED_ITEM('color',(#2267),#1042);
#2267 = PRESENTATION_STYLE_ASSIGNMENT((#2268));
#2268 = SURFACE_STYLE_USAGE(.BOTH.,#2269);
#2269 = SURFACE_SIDE_STYLE('',(#2270));
#2270 = SURFACE_STYLE_FILL_AREA(#2271);
#2271 = FILL_AREA_STYLE('',(#2272));
#2272 = FILL_AREA_STYLE_COLOUR('',#2146);
#2273 = STYLED_ITEM('color',(#2274),#1054);
#2274 = PRESENTATION_STYLE_ASSIGNMENT((#2275));
#2275 = SURFACE_STYLE_USAGE(.BOTH.,#2276);
#2276 = SURFACE_SIDE_STYLE('',(#2277));
#2277 = SURFACE_STYLE_FILL_AREA(#2278);
#2278 = FILL_AREA_STYLE('',(#2279));
#2279 = FILL_AREA_STYLE_COLOUR('',#2075);
#2280 = STYLED_ITEM('color',(#2281),#1071);
#2281 = PRESENTATION_STYLE_ASSIGNMENT((#2282));
#2282 = SURFACE_STYLE_USAGE(.BOTH.,#2283);
#2283 = SURFACE_SIDE_STYLE('',(#2284));
#2284 = SURFACE_STYLE_FILL_AREA(#2285);
#2285 = FILL_AREA_STYLE('',(#2286));
#2286 = FILL_AREA_STYLE_COLOUR('',#2287);
#2287 = COLOUR_RGB('',0.690999977303,0.663999984767,0.597999987832);
#2288 = STYLED_ITEM('color',(#2289),#1100);
#2289 = PRESENTATION_STYLE_ASSIGNMENT((#2290));
#2290 = SURFACE_STYLE_USAGE(.BOTH.,#2291);
#2291 = SURFACE_SIDE_STYLE('',(#2292));
#2292 = SURFACE_STYLE_FILL_AREA(#2293);
#2293 = FILL_AREA_STYLE('',(#2294));
#2294 = FILL_AREA_STYLE_COLOUR('',#2287);
#2295 = STYLED_ITEM('color',(#2296),#1123);
#2296 = PRESENTATION_STYLE_ASSIGNMENT((#2297));
#2297 = SURFACE_STYLE_USAGE(.BOTH.,#2298);
#2298 = SURFACE_SIDE_STYLE('',(#2299));
#2299 = SURFACE_STYLE_FILL_AREA(#2300);
#2300 = FILL_AREA_STYLE('',(#2301));
#2301 = FILL_AREA_STYLE_COLOUR('',#2287);
#2302 = STYLED_ITEM('color',(#2303),#1146);
#2303 = PRESENTATION_STYLE_ASSIGNMENT((#2304));
#2304 = SURFACE_STYLE_USAGE(.BOTH.,#2305);
#2305 = SURFACE_SIDE_STYLE('',(#2306));
#2306 = SURFACE_STYLE_FILL_AREA(#2307);
#2307 = FILL_AREA_STYLE('',(#2308));
#2308 = FILL_AREA_STYLE_COLOUR('',#2287);
#2309 = STYLED_ITEM('color',(#2310),#1163);
#2310 = PRESENTATION_STYLE_ASSIGNMENT((#2311));
#2311 = SURFACE_STYLE_USAGE(.BOTH.,#2312);
#2312 = SURFACE_SIDE_STYLE('',(#2313));
#2313 = SURFACE_STYLE_FILL_AREA(#2314);
#2314 = FILL_AREA_STYLE('',(#2315));
#2315 = FILL_AREA_STYLE_COLOUR('',#2075);
#2316 = STYLED_ITEM('color',(#2317),#1185);
#2317 = PRESENTATION_STYLE_ASSIGNMENT((#2318));
#2318 = SURFACE_STYLE_USAGE(.BOTH.,#2319);
#2319 = SURFACE_SIDE_STYLE('',(#2320));
#2320 = SURFACE_STYLE_FILL_AREA(#2321);
#2321 = FILL_AREA_STYLE('',(#2322));
#2322 = FILL_AREA_STYLE_COLOUR('',#2075);
#2323 = STYLED_ITEM('color',(#2324),#1197);
#2324 = PRESENTATION_STYLE_ASSIGNMENT((#2325));
#2325 = SURFACE_STYLE_USAGE(.BOTH.,#2326);
#2326 = SURFACE_SIDE_STYLE('',(#2327));
#2327 = SURFACE_STYLE_FILL_AREA(#2328);
#2328 = FILL_AREA_STYLE('',(#2329));
#2329 = FILL_AREA_STYLE_COLOUR('',#2075);
#2330 = STYLED_ITEM('color',(#2331),#1214);
#2331 = PRESENTATION_STYLE_ASSIGNMENT((#2332));
#2332 = SURFACE_STYLE_USAGE(.BOTH.,#2333);
#2333 = SURFACE_SIDE_STYLE('',(#2334));
#2334 = SURFACE_STYLE_FILL_AREA(#2335);
#2335 = FILL_AREA_STYLE('',(#2336));
#2336 = FILL_AREA_STYLE_COLOUR('',#2075);
#2337 = STYLED_ITEM('color',(#2338),#1231);
#2338 = PRESENTATION_STYLE_ASSIGNMENT((#2339));
#2339 = SURFACE_STYLE_USAGE(.BOTH.,#2340);
#2340 = SURFACE_SIDE_STYLE('',(#2341));
#2341 = SURFACE_STYLE_FILL_AREA(#2342);
#2342 = FILL_AREA_STYLE('',(#2343));
#2343 = FILL_AREA_STYLE_COLOUR('',#2075);
#2344 = STYLED_ITEM('color',(#2345),#1248);
#2345 = PRESENTATION_STYLE_ASSIGNMENT((#2346));
#2346 = SURFACE_STYLE_USAGE(.BOTH.,#2347);
#2347 = SURFACE_SIDE_STYLE('',(#2348));
#2348 = SURFACE_STYLE_FILL_AREA(#2349);
#2349 = FILL_AREA_STYLE('',(#2350));
#2350 = FILL_AREA_STYLE_COLOUR('',#2075);
#2351 = STYLED_ITEM('color',(#2352),#1260);
#2352 = PRESENTATION_STYLE_ASSIGNMENT((#2353));
#2353 = SURFACE_STYLE_USAGE(.BOTH.,#2354);
#2354 = SURFACE_SIDE_STYLE('',(#2355));
#2355 = SURFACE_STYLE_FILL_AREA(#2356);
#2356 = FILL_AREA_STYLE('',(#2357));
#2357 = FILL_AREA_STYLE_COLOUR('',#2287);
#2358 = MECHANICAL_DESIGN_GEOMETRIC_PRESENTATION_REPRESENTATION('',(
    #2359),#2040);
#2359 = STYLED_ITEM('color',(#2360),#1890);
#2360 = PRESENTATION_STYLE_ASSIGNMENT((#2361));
#2361 = SURFACE_STYLE_USAGE(.BOTH.,#2362);
#2362 = SURFACE_SIDE_STYLE('',(#2363));
#2363 = SURFACE_STYLE_FILL_AREA(#2364);
#2364 = FILL_AREA_STYLE('',(#2365));
#2365 = FILL_AREA_STYLE_COLOUR('',#2366);
#2366 = COLOUR_RGB('',0.313304153717,0.484529207832,0.410020903123);
ENDSEC;
END-ISO-10303-21;
