ISO-10303-21;
HEADER;
FILE_DESCRIPTION(('KiCad electronic assembly'),'2;1');
FILE_NAME('model.step','1970-01-01T00:00:00',('Pcbnew'),('Kicad'),
  'Open CASCADE STEP processor 7.9','KiCad to STEP converter','Unknown'
  );
FILE_SCHEMA(('AUTOMOTIVE_DESIGN { 1 0 10303 214 1 1 1 1 }'));
ENDSEC;
DATA;
#1 = APPLICATION_PROTOCOL_DEFINITION('international standard',
  'automotive_design',2000,#2);
#2 = APPLICATION_CONTEXT(
  'core data for automotive mechanical design processes');
#3 = SHAPE_DEFINITION_REPRESENTATION(#4,#10);
#4 = PRODUCT_DEFINITION_SHAPE('','',#5);
#5 = PRODUCT_DEFINITION('design','',#6,#9);
#6 = PRODUCT_DEFINITION_FORMATION('','',#7);
#7 = PRODUCT('model 1','model 1','',(#8));
#8 = PRODUCT_CONTEXT('',#2,'mechanical');
#9 = PRODUCT_DEFINITION_CONTEXT('part definition',#2,'design');
#10 = SHAPE_REPRESENTATION('',(#11,#15,#19,#23),#27);
#11 = AXIS2_PLACEMENT_3D('',#12,#13,#14);
#12 = CARTESIAN_POINT('',(0.,0.,0.));
#13 = DIRECTION('',(0.,0.,1.));
#14 = DIRECTION('',(1.,0.,-0.));
#15 = AXIS2_PLACEMENT_3D('',#16,#17,#18);
#16 = CARTESIAN_POINT('',(0.,0.,1.595));
#17 = DIRECTION('',(0.,0.,1.));
#18 = DIRECTION('',(1.,0.,0.));
#19 = AXIS2_PLACEMENT_3D('',#20,#21,#22);
#20 = CARTESIAN_POINT('',(0.,0.,0.));
#21 = DIRECTION('',(0.,0.,1.));
#22 = DIRECTION('',(1.,0.,-0.));
#23 = AXIS2_PLACEMENT_3D('',#24,#25,#26);
#24 = CARTESIAN_POINT('',(0.,0.,0.));
#25 = DIRECTION('',(0.,0.,1.));
#26 = DIRECTION('',(1.,0.,-0.));
#27 = ( GEOMETRIC_REPRESENTATION_CONTEXT(3) 
GLOBAL_UNCERTAINTY_ASSIGNED_CONTEXT((#31)) GLOBAL_UNIT_ASSIGNED_CONTEXT(
(#28,#29,#30)) REPRESENTATION_CONTEXT('Context #1',
  '3D Context with UNIT and UNCERTAINTY') );
#28 = ( LENGTH_UNIT() NAMED_UNIT(*) SI_UNIT(.MILLI.,.METRE.) );
#29 = ( NAMED_UNIT(*) PLANE_ANGLE_UNIT() SI_UNIT($,.RADIAN.) );
#30 = ( NAMED_UNIT(*) SI_UNIT($,.STERADIAN.) SOLID_ANGLE_UNIT() );
#31 = UNCERTAINTY_MEASURE_WITH_UNIT(LENGTH_MEASURE(1.E-07),#28,
  'distance_accuracy_value','confusion accuracy');
#32 = PRODUCT_RELATED_PRODUCT_CATEGORY('part',$,(#7));
#33 = SHAPE_DEFINITION_REPRESENTATION(#34,#40);
#34 = PRODUCT_DEFINITION_SHAPE('','',#35);
#35 = PRODUCT_DEFINITION('design','',#36,#39);
#36 = PRODUCT_DEFINITION_FORMATION('','',#37);
#37 = PRODUCT('JST_SH_SM08B-SRSS-TB_1x08-1MP_P1.00mm_Horizontal',
  'JST_SH_SM08B-SRSS-TB_1x08-1MP_P1.00mm_Horizontal','',(#38));
#38 = PRODUCT_CONTEXT('',#2,'mechanical');
#39 = PRODUCT_DEFINITION_CONTEXT('part definition',#2,'design');
#40 = SHAPE_REPRESENTATION('',(#11,#41),#45);
#41 = AXIS2_PLACEMENT_3D('',#42,#43,#44);
#42 = CARTESIAN_POINT('',(0.,0.,0.));
#43 = DIRECTION('',(0.,0.,1.));
#44 = DIRECTION('',(1.,0.,-0.));
#45 = ( GEOMETRIC_REPRESENTATION_CONTEXT(3) 
GLOBAL_UNCERTAINTY_ASSIGNED_CONTEXT((#49)) GLOBAL_UNIT_ASSIGNED_CONTEXT(
(#46,#47,#48)) REPRESENTATION_CONTEXT('Context #1',
  '3D Context with UNIT and UNCERTAINTY') );
#46 = ( LENGTH_UNIT() NAMED_UNIT(*) SI_UNIT(.MILLI.,.METRE.) );
#47 = ( NAMED_UNIT(*) PLANE_ANGLE_UNIT() SI_UNIT($,.RADIAN.) );
#48 = ( NAMED_UNIT(*) SI_UNIT($,.STERADIAN.) SOLID_ANGLE_UNIT() );
#49 = UNCERTAINTY_MEASURE_WITH_UNIT(LENGTH_MEASURE(1.E-07),#46,
  'distance_accuracy_value','confusion accuracy');
#50 = CONTEXT_DEPENDENT_SHAPE_REPRESENTATION(#51,#53);
#51 = ( REPRESENTATION_RELATIONSHIP('','',#40,#10) 
REPRESENTATION_RELATIONSHIP_WITH_TRANSFORMATION(#52) 
SHAPE_REPRESENTATION_RELATIONSHIP() );
#52 = ITEM_DEFINED_TRANSFORMATION('','',#11,#15);
#53 = PRODUCT_DEFINITION_SHAPE('Placement','Placement of an item',#54);
#54 = NEXT_ASSEMBLY_USAGE_OCCURRENCE('2','REF**','',#5,#35,$);
#55 = PRODUCT_RELATED_PRODUCT_CATEGORY('part',$,(#37));
#56 = SHAPE_DEFINITION_REPRESENTATION(#57,#63);
#57 = PRODUCT_DEFINITION_SHAPE('','',#58);
#58 = PRODUCT_DEFINITION('design','',#59,#62);
#59 = PRODUCT_DEFINITION_FORMATION('','',#60);
#60 = PRODUCT('JST_SH_SM08B-SRSS-TB_1x08-1MP_P1.00mm_Horizontal',
  'JST_SH_SM08B-SRSS-TB_1x08-1MP_P1.00mm_Horizontal','',(#61));
#61 = PRODUCT_CONTEXT('',#2,'mechanical');
#62 = PRODUCT_DEFINITION_CONTEXT('part definition',#2,'design');
#63 = ADVANCED_BREP_SHAPE_REPRESENTATION('',(#11,#64),#4228);
#64 = MANIFOLD_SOLID_BREP('',#65);
#65 = CLOSED_SHELL('',(#66,#170,#505,#529,#553,#577,#601,#762,#818,#842,
    #866,#890,#914,#1138,#1210,#1234,#1265,#1289,#1320,#1344,#1384,#1408
    ,#1441,#1481,#1505,#1538,#1578,#1602,#1635,#1675,#1699,#1732,#1772,
    #1796,#1829,#1869,#1893,#1926,#1966,#1990,#2023,#2063,#2087,#2120,
    #2147,#2165,#2190,#2214,#2268,#2292,#2316,#2333,#2357,#2404,#2428,
    #2452,#2469,#2486,#2526,#2543,#2557,#2574,#2591,#2608,#2625,#2642,
    #2659,#2676,#2693,#2710,#2734,#2751,#2768,#2780,#2800,#2812,#2824,
    #2841,#2853,#2870,#2882,#2899,#2911,#2928,#2940,#2957,#2969,#2986,
    #2998,#3015,#3027,#3044,#3056,#3068,#3352,#3364,#3395,#3419,#3443,
    #3460,#3491,#3515,#3539,#3556,#3587,#3611,#3635,#3652,#3683,#3707,
    #3731,#3748,#3779,#3803,#3827,#3844,#3875,#3899,#3923,#3940,#3971,
    #3995,#4019,#4036,#4067,#4091,#4115,#4132,#4144,#4156,#4168,#4180,
    #4192,#4204,#4216));
#66 = ADVANCED_FACE('',(#67),#165,.F.);
#67 = FACE_BOUND('',#68,.F.);
#68 = EDGE_LOOP('',(#69,#79,#87,#95,#103,#111,#119,#127,#135,#143,#151,
    #159));
#69 = ORIENTED_EDGE('',*,*,#70,.F.);
#70 = EDGE_CURVE('',#71,#73,#75,.T.);
#71 = VERTEX_POINT('',#72);
#72 = CARTESIAN_POINT('',(-5.,1.775,6.E-02));
#73 = VERTEX_POINT('',#74);
#74 = CARTESIAN_POINT('',(-5.,-0.975,6.E-02));
#75 = LINE('',#76,#77);
#76 = CARTESIAN_POINT('',(-5.,1.775,6.E-02));
#77 = VECTOR('',#78,1.);
#78 = DIRECTION('',(0.,-1.,1.110223024625E-16));
#79 = ORIENTED_EDGE('',*,*,#80,.T.);
#80 = EDGE_CURVE('',#71,#81,#83,.T.);
#81 = VERTEX_POINT('',#82);
#82 = CARTESIAN_POINT('',(-5.,1.775,1.46));
#83 = LINE('',#84,#85);
#84 = CARTESIAN_POINT('',(-5.,1.775,6.E-02));
#85 = VECTOR('',#86,1.);
#86 = DIRECTION('',(0.,1.110223024625E-16,1.));
#87 = ORIENTED_EDGE('',*,*,#88,.T.);
#88 = EDGE_CURVE('',#81,#89,#91,.T.);
#89 = VERTEX_POINT('',#90);
#90 = CARTESIAN_POINT('',(-5.,1.225,1.46));
#91 = LINE('',#92,#93);
#92 = CARTESIAN_POINT('',(-5.,1.775,1.46));
#93 = VECTOR('',#94,1.);
#94 = DIRECTION('',(0.,-1.,1.110223024625E-16));
#95 = ORIENTED_EDGE('',*,*,#96,.T.);
#96 = EDGE_CURVE('',#89,#97,#99,.T.);
#97 = VERTEX_POINT('',#98);
#98 = CARTESIAN_POINT('',(-5.,1.225,2.46));
#99 = LINE('',#100,#101);
#100 = CARTESIAN_POINT('',(-5.,1.225,1.46));
#101 = VECTOR('',#102,1.);
#102 = DIRECTION('',(0.,1.110223024625E-16,1.));
#103 = ORIENTED_EDGE('',*,*,#104,.T.);
#104 = EDGE_CURVE('',#97,#105,#107,.T.);
#105 = VERTEX_POINT('',#106);
#106 = CARTESIAN_POINT('',(-5.,0.575,2.46));
#107 = LINE('',#108,#109);
#108 = CARTESIAN_POINT('',(-5.,1.225,2.46));
#109 = VECTOR('',#110,1.);
#110 = DIRECTION('',(0.,-1.,1.110223024625E-16));
#111 = ORIENTED_EDGE('',*,*,#112,.T.);
#112 = EDGE_CURVE('',#105,#113,#115,.T.);
#113 = VERTEX_POINT('',#114);
#114 = CARTESIAN_POINT('',(-5.,0.286,2.96));
#115 = LINE('',#116,#117);
#116 = CARTESIAN_POINT('',(-5.,0.575,2.46));
#117 = VECTOR('',#118,1.);
#118 = DIRECTION('',(0.,-0.500421834463,0.865781720524));
#119 = ORIENTED_EDGE('',*,*,#120,.T.);
#120 = EDGE_CURVE('',#113,#121,#123,.T.);
#121 = VERTEX_POINT('',#122);
#122 = CARTESIAN_POINT('',(-5.,-2.475,2.96));
#123 = LINE('',#124,#125);
#124 = CARTESIAN_POINT('',(-5.,1.775,2.96));
#125 = VECTOR('',#126,1.);
#126 = DIRECTION('',(0.,-1.,1.110223024625E-16));
#127 = ORIENTED_EDGE('',*,*,#128,.F.);
#128 = EDGE_CURVE('',#129,#121,#131,.T.);
#129 = VERTEX_POINT('',#130);
#130 = CARTESIAN_POINT('',(-5.,-2.475,1.26));
#131 = LINE('',#132,#133);
#132 = CARTESIAN_POINT('',(-5.,-2.475,6.E-02));
#133 = VECTOR('',#134,1.);
#134 = DIRECTION('',(0.,1.110223024625E-16,1.));
#135 = ORIENTED_EDGE('',*,*,#136,.T.);
#136 = EDGE_CURVE('',#129,#137,#139,.T.);
#137 = VERTEX_POINT('',#138);
#138 = CARTESIAN_POINT('',(-5.,-1.975,1.26));
#139 = LINE('',#140,#141);
#140 = CARTESIAN_POINT('',(-5.,-2.475,1.26));
#141 = VECTOR('',#142,1.);
#142 = DIRECTION('',(0.,1.,-1.110223024625E-16));
#143 = ORIENTED_EDGE('',*,*,#144,.T.);
#144 = EDGE_CURVE('',#137,#145,#147,.T.);
#145 = VERTEX_POINT('',#146);
#146 = CARTESIAN_POINT('',(-5.,-1.975,0.61));
#147 = LINE('',#148,#149);
#148 = CARTESIAN_POINT('',(-5.,-1.975,1.26));
#149 = VECTOR('',#150,1.);
#150 = DIRECTION('',(0.,-1.110223024625E-16,-1.));
#151 = ORIENTED_EDGE('',*,*,#152,.T.);
#152 = EDGE_CURVE('',#145,#153,#155,.T.);
#153 = VERTEX_POINT('',#154);
#154 = CARTESIAN_POINT('',(-5.,-0.975,0.61));
#155 = LINE('',#156,#157);
#156 = CARTESIAN_POINT('',(-5.,-1.975,0.61));
#157 = VECTOR('',#158,1.);
#158 = DIRECTION('',(0.,1.,-1.110223024625E-16));
#159 = ORIENTED_EDGE('',*,*,#160,.T.);
#160 = EDGE_CURVE('',#153,#73,#161,.T.);
#161 = LINE('',#162,#163);
#162 = CARTESIAN_POINT('',(-5.,-0.975,0.61));
#163 = VECTOR('',#164,1.);
#164 = DIRECTION('',(0.,-1.110223024625E-16,-1.));
#165 = PLANE('',#166);
#166 = AXIS2_PLACEMENT_3D('',#167,#168,#169);
#167 = CARTESIAN_POINT('',(-5.,1.775,6.E-02));
#168 = DIRECTION('',(1.,0.,0.));
#169 = DIRECTION('',(0.,-1.,1.110223024625E-16));
#170 = ADVANCED_FACE('',(#171),#500,.F.);
#171 = FACE_BOUND('',#172,.F.);
#172 = EDGE_LOOP('',(#173,#183,#191,#199,#207,#215,#223,#231,#239,#247,
    #255,#263,#271,#279,#287,#295,#303,#311,#319,#327,#335,#343,#351,
    #359,#367,#375,#383,#391,#399,#407,#415,#423,#431,#439,#445,#446,
    #454,#462,#470,#478,#486,#494));
#173 = ORIENTED_EDGE('',*,*,#174,.F.);
#174 = EDGE_CURVE('',#175,#177,#179,.T.);
#175 = VERTEX_POINT('',#176);
#176 = CARTESIAN_POINT('',(5.,1.775,6.E-02));
#177 = VERTEX_POINT('',#178);
#178 = CARTESIAN_POINT('',(5.,-0.975,6.E-02));
#179 = LINE('',#180,#181);
#180 = CARTESIAN_POINT('',(5.,1.775,6.E-02));
#181 = VECTOR('',#182,1.);
#182 = DIRECTION('',(0.,-1.,1.110223024625E-16));
#183 = ORIENTED_EDGE('',*,*,#184,.F.);
#184 = EDGE_CURVE('',#185,#175,#187,.T.);
#185 = VERTEX_POINT('',#186);
#186 = CARTESIAN_POINT('',(3.6,1.775,6.E-02));
#187 = LINE('',#188,#189);
#188 = CARTESIAN_POINT('',(-5.,1.775,6.E-02));
#189 = VECTOR('',#190,1.);
#190 = DIRECTION('',(1.,0.,0.));
#191 = ORIENTED_EDGE('',*,*,#192,.F.);
#192 = EDGE_CURVE('',#193,#185,#195,.T.);
#193 = VERTEX_POINT('',#194);
#194 = CARTESIAN_POINT('',(3.6,1.675,6.E-02));
#195 = LINE('',#196,#197);
#196 = CARTESIAN_POINT('',(3.6,1.675,6.E-02));
#197 = VECTOR('',#198,1.);
#198 = DIRECTION('',(0.,1.,0.));
#199 = ORIENTED_EDGE('',*,*,#200,.F.);
#200 = EDGE_CURVE('',#201,#193,#203,.T.);
#201 = VERTEX_POINT('',#202);
#202 = CARTESIAN_POINT('',(3.4,1.675,6.E-02));
#203 = LINE('',#204,#205);
#204 = CARTESIAN_POINT('',(3.4,1.675,6.E-02));
#205 = VECTOR('',#206,1.);
#206 = DIRECTION('',(1.,0.,0.));
#207 = ORIENTED_EDGE('',*,*,#208,.T.);
#208 = EDGE_CURVE('',#201,#209,#211,.T.);
#209 = VERTEX_POINT('',#210);
#210 = CARTESIAN_POINT('',(3.4,1.775,6.E-02));
#211 = LINE('',#212,#213);
#212 = CARTESIAN_POINT('',(3.4,1.675,6.E-02));
#213 = VECTOR('',#214,1.);
#214 = DIRECTION('',(0.,1.,0.));
#215 = ORIENTED_EDGE('',*,*,#216,.F.);
#216 = EDGE_CURVE('',#217,#209,#219,.T.);
#217 = VERTEX_POINT('',#218);
#218 = CARTESIAN_POINT('',(2.6,1.775,6.E-02));
#219 = LINE('',#220,#221);
#220 = CARTESIAN_POINT('',(-5.,1.775,6.E-02));
#221 = VECTOR('',#222,1.);
#222 = DIRECTION('',(1.,0.,0.));
#223 = ORIENTED_EDGE('',*,*,#224,.F.);
#224 = EDGE_CURVE('',#225,#217,#227,.T.);
#225 = VERTEX_POINT('',#226);
#226 = CARTESIAN_POINT('',(2.6,1.675,6.E-02));
#227 = LINE('',#228,#229);
#228 = CARTESIAN_POINT('',(2.6,1.675,6.E-02));
#229 = VECTOR('',#230,1.);
#230 = DIRECTION('',(0.,1.,0.));
#231 = ORIENTED_EDGE('',*,*,#232,.F.);
#232 = EDGE_CURVE('',#233,#225,#235,.T.);
#233 = VERTEX_POINT('',#234);
#234 = CARTESIAN_POINT('',(2.4,1.675,6.E-02));
#235 = LINE('',#236,#237);
#236 = CARTESIAN_POINT('',(2.4,1.675,6.E-02));
#237 = VECTOR('',#238,1.);
#238 = DIRECTION('',(1.,0.,0.));
#239 = ORIENTED_EDGE('',*,*,#240,.T.);
#240 = EDGE_CURVE('',#233,#241,#243,.T.);
#241 = VERTEX_POINT('',#242);
#242 = CARTESIAN_POINT('',(2.4,1.775,6.E-02));
#243 = LINE('',#244,#245);
#244 = CARTESIAN_POINT('',(2.4,1.675,6.E-02));
#245 = VECTOR('',#246,1.);
#246 = DIRECTION('',(0.,1.,0.));
#247 = ORIENTED_EDGE('',*,*,#248,.F.);
#248 = EDGE_CURVE('',#249,#241,#251,.T.);
#249 = VERTEX_POINT('',#250);
#250 = CARTESIAN_POINT('',(1.6,1.775,6.E-02));
#251 = LINE('',#252,#253);
#252 = CARTESIAN_POINT('',(-5.,1.775,6.E-02));
#253 = VECTOR('',#254,1.);
#254 = DIRECTION('',(1.,0.,0.));
#255 = ORIENTED_EDGE('',*,*,#256,.F.);
#256 = EDGE_CURVE('',#257,#249,#259,.T.);
#257 = VERTEX_POINT('',#258);
#258 = CARTESIAN_POINT('',(1.6,1.675,6.E-02));
#259 = LINE('',#260,#261);
#260 = CARTESIAN_POINT('',(1.6,1.675,6.E-02));
#261 = VECTOR('',#262,1.);
#262 = DIRECTION('',(0.,1.,0.));
#263 = ORIENTED_EDGE('',*,*,#264,.F.);
#264 = EDGE_CURVE('',#265,#257,#267,.T.);
#265 = VERTEX_POINT('',#266);
#266 = CARTESIAN_POINT('',(1.4,1.675,6.E-02));
#267 = LINE('',#268,#269);
#268 = CARTESIAN_POINT('',(1.4,1.675,6.E-02));
#269 = VECTOR('',#270,1.);
#270 = DIRECTION('',(1.,0.,0.));
#271 = ORIENTED_EDGE('',*,*,#272,.T.);
#272 = EDGE_CURVE('',#265,#273,#275,.T.);
#273 = VERTEX_POINT('',#274);
#274 = CARTESIAN_POINT('',(1.4,1.775,6.E-02));
#275 = LINE('',#276,#277);
#276 = CARTESIAN_POINT('',(1.4,1.675,6.E-02));
#277 = VECTOR('',#278,1.);
#278 = DIRECTION('',(0.,1.,0.));
#279 = ORIENTED_EDGE('',*,*,#280,.F.);
#280 = EDGE_CURVE('',#281,#273,#283,.T.);
#281 = VERTEX_POINT('',#282);
#282 = CARTESIAN_POINT('',(0.6,1.775,6.E-02));
#283 = LINE('',#284,#285);
#284 = CARTESIAN_POINT('',(-5.,1.775,6.E-02));
#285 = VECTOR('',#286,1.);
#286 = DIRECTION('',(1.,0.,0.));
#287 = ORIENTED_EDGE('',*,*,#288,.F.);
#288 = EDGE_CURVE('',#289,#281,#291,.T.);
#289 = VERTEX_POINT('',#290);
#290 = CARTESIAN_POINT('',(0.6,1.675,6.E-02));
#291 = LINE('',#292,#293);
#292 = CARTESIAN_POINT('',(0.6,1.675,6.E-02));
#293 = VECTOR('',#294,1.);
#294 = DIRECTION('',(0.,1.,0.));
#295 = ORIENTED_EDGE('',*,*,#296,.F.);
#296 = EDGE_CURVE('',#297,#289,#299,.T.);
#297 = VERTEX_POINT('',#298);
#298 = CARTESIAN_POINT('',(0.4,1.675,6.E-02));
#299 = LINE('',#300,#301);
#300 = CARTESIAN_POINT('',(0.4,1.675,6.E-02));
#301 = VECTOR('',#302,1.);
#302 = DIRECTION('',(1.,0.,0.));
#303 = ORIENTED_EDGE('',*,*,#304,.T.);
#304 = EDGE_CURVE('',#297,#305,#307,.T.);
#305 = VERTEX_POINT('',#306);
#306 = CARTESIAN_POINT('',(0.4,1.775,6.E-02));
#307 = LINE('',#308,#309);
#308 = CARTESIAN_POINT('',(0.4,1.675,6.E-02));
#309 = VECTOR('',#310,1.);
#310 = DIRECTION('',(0.,1.,0.));
#311 = ORIENTED_EDGE('',*,*,#312,.F.);
#312 = EDGE_CURVE('',#313,#305,#315,.T.);
#313 = VERTEX_POINT('',#314);
#314 = CARTESIAN_POINT('',(-0.4,1.775,6.E-02));
#315 = LINE('',#316,#317);
#316 = CARTESIAN_POINT('',(-5.,1.775,6.E-02));
#317 = VECTOR('',#318,1.);
#318 = DIRECTION('',(1.,0.,0.));
#319 = ORIENTED_EDGE('',*,*,#320,.F.);
#320 = EDGE_CURVE('',#321,#313,#323,.T.);
#321 = VERTEX_POINT('',#322);
#322 = CARTESIAN_POINT('',(-0.4,1.675,6.E-02));
#323 = LINE('',#324,#325);
#324 = CARTESIAN_POINT('',(-0.4,1.675,6.E-02));
#325 = VECTOR('',#326,1.);
#326 = DIRECTION('',(0.,1.,0.));
#327 = ORIENTED_EDGE('',*,*,#328,.F.);
#328 = EDGE_CURVE('',#329,#321,#331,.T.);
#329 = VERTEX_POINT('',#330);
#330 = CARTESIAN_POINT('',(-0.6,1.675,6.E-02));
#331 = LINE('',#332,#333);
#332 = CARTESIAN_POINT('',(-0.6,1.675,6.E-02));
#333 = VECTOR('',#334,1.);
#334 = DIRECTION('',(1.,0.,0.));
#335 = ORIENTED_EDGE('',*,*,#336,.T.);
#336 = EDGE_CURVE('',#329,#337,#339,.T.);
#337 = VERTEX_POINT('',#338);
#338 = CARTESIAN_POINT('',(-0.6,1.775,6.E-02));
#339 = LINE('',#340,#341);
#340 = CARTESIAN_POINT('',(-0.6,1.675,6.E-02));
#341 = VECTOR('',#342,1.);
#342 = DIRECTION('',(0.,1.,0.));
#343 = ORIENTED_EDGE('',*,*,#344,.F.);
#344 = EDGE_CURVE('',#345,#337,#347,.T.);
#345 = VERTEX_POINT('',#346);
#346 = CARTESIAN_POINT('',(-1.4,1.775,6.E-02));
#347 = LINE('',#348,#349);
#348 = CARTESIAN_POINT('',(-5.,1.775,6.E-02));
#349 = VECTOR('',#350,1.);
#350 = DIRECTION('',(1.,0.,0.));
#351 = ORIENTED_EDGE('',*,*,#352,.F.);
#352 = EDGE_CURVE('',#353,#345,#355,.T.);
#353 = VERTEX_POINT('',#354);
#354 = CARTESIAN_POINT('',(-1.4,1.675,6.E-02));
#355 = LINE('',#356,#357);
#356 = CARTESIAN_POINT('',(-1.4,1.675,6.E-02));
#357 = VECTOR('',#358,1.);
#358 = DIRECTION('',(0.,1.,0.));
#359 = ORIENTED_EDGE('',*,*,#360,.F.);
#360 = EDGE_CURVE('',#361,#353,#363,.T.);
#361 = VERTEX_POINT('',#362);
#362 = CARTESIAN_POINT('',(-1.6,1.675,6.E-02));
#363 = LINE('',#364,#365);
#364 = CARTESIAN_POINT('',(-1.6,1.675,6.E-02));
#365 = VECTOR('',#366,1.);
#366 = DIRECTION('',(1.,0.,0.));
#367 = ORIENTED_EDGE('',*,*,#368,.T.);
#368 = EDGE_CURVE('',#361,#369,#371,.T.);
#369 = VERTEX_POINT('',#370);
#370 = CARTESIAN_POINT('',(-1.6,1.775,6.E-02));
#371 = LINE('',#372,#373);
#372 = CARTESIAN_POINT('',(-1.6,1.675,6.E-02));
#373 = VECTOR('',#374,1.);
#374 = DIRECTION('',(0.,1.,0.));
#375 = ORIENTED_EDGE('',*,*,#376,.F.);
#376 = EDGE_CURVE('',#377,#369,#379,.T.);
#377 = VERTEX_POINT('',#378);
#378 = CARTESIAN_POINT('',(-2.4,1.775,6.E-02));
#379 = LINE('',#380,#381);
#380 = CARTESIAN_POINT('',(-5.,1.775,6.E-02));
#381 = VECTOR('',#382,1.);
#382 = DIRECTION('',(1.,0.,0.));
#383 = ORIENTED_EDGE('',*,*,#384,.F.);
#384 = EDGE_CURVE('',#385,#377,#387,.T.);
#385 = VERTEX_POINT('',#386);
#386 = CARTESIAN_POINT('',(-2.4,1.675,6.E-02));
#387 = LINE('',#388,#389);
#388 = CARTESIAN_POINT('',(-2.4,1.675,6.E-02));
#389 = VECTOR('',#390,1.);
#390 = DIRECTION('',(0.,1.,0.));
#391 = ORIENTED_EDGE('',*,*,#392,.F.);
#392 = EDGE_CURVE('',#393,#385,#395,.T.);
#393 = VERTEX_POINT('',#394);
#394 = CARTESIAN_POINT('',(-2.6,1.675,6.E-02));
#395 = LINE('',#396,#397);
#396 = CARTESIAN_POINT('',(-2.6,1.675,6.E-02));
#397 = VECTOR('',#398,1.);
#398 = DIRECTION('',(1.,0.,0.));
#399 = ORIENTED_EDGE('',*,*,#400,.T.);
#400 = EDGE_CURVE('',#393,#401,#403,.T.);
#401 = VERTEX_POINT('',#402);
#402 = CARTESIAN_POINT('',(-2.6,1.775,6.E-02));
#403 = LINE('',#404,#405);
#404 = CARTESIAN_POINT('',(-2.6,1.675,6.E-02));
#405 = VECTOR('',#406,1.);
#406 = DIRECTION('',(0.,1.,0.));
#407 = ORIENTED_EDGE('',*,*,#408,.F.);
#408 = EDGE_CURVE('',#409,#401,#411,.T.);
#409 = VERTEX_POINT('',#410);
#410 = CARTESIAN_POINT('',(-3.4,1.775,6.E-02));
#411 = LINE('',#412,#413);
#412 = CARTESIAN_POINT('',(-5.,1.775,6.E-02));
#413 = VECTOR('',#414,1.);
#414 = DIRECTION('',(1.,0.,0.));
#415 = ORIENTED_EDGE('',*,*,#416,.F.);
#416 = EDGE_CURVE('',#417,#409,#419,.T.);
#417 = VERTEX_POINT('',#418);
#418 = CARTESIAN_POINT('',(-3.4,1.675,6.E-02));
#419 = LINE('',#420,#421);
#420 = CARTESIAN_POINT('',(-3.4,1.675,6.E-02));
#421 = VECTOR('',#422,1.);
#422 = DIRECTION('',(0.,1.,0.));
#423 = ORIENTED_EDGE('',*,*,#424,.F.);
#424 = EDGE_CURVE('',#425,#417,#427,.T.);
#425 = VERTEX_POINT('',#426);
#426 = CARTESIAN_POINT('',(-3.6,1.675,6.E-02));
#427 = LINE('',#428,#429);
#428 = CARTESIAN_POINT('',(-3.6,1.675,6.E-02));
#429 = VECTOR('',#430,1.);
#430 = DIRECTION('',(1.,0.,0.));
#431 = ORIENTED_EDGE('',*,*,#432,.T.);
#432 = EDGE_CURVE('',#425,#433,#435,.T.);
#433 = VERTEX_POINT('',#434);
#434 = CARTESIAN_POINT('',(-3.6,1.775,6.E-02));
#435 = LINE('',#436,#437);
#436 = CARTESIAN_POINT('',(-3.6,1.675,6.E-02));
#437 = VECTOR('',#438,1.);
#438 = DIRECTION('',(0.,1.,0.));
#439 = ORIENTED_EDGE('',*,*,#440,.F.);
#440 = EDGE_CURVE('',#71,#433,#441,.T.);
#441 = LINE('',#442,#443);
#442 = CARTESIAN_POINT('',(-5.,1.775,6.E-02));
#443 = VECTOR('',#444,1.);
#444 = DIRECTION('',(1.,0.,0.));
#445 = ORIENTED_EDGE('',*,*,#70,.T.);
#446 = ORIENTED_EDGE('',*,*,#447,.T.);
#447 = EDGE_CURVE('',#73,#448,#450,.T.);
#448 = VERTEX_POINT('',#449);
#449 = CARTESIAN_POINT('',(-4.7,-0.975,6.E-02));
#450 = LINE('',#451,#452);
#451 = CARTESIAN_POINT('',(-5.,-0.975,6.E-02));
#452 = VECTOR('',#453,1.);
#453 = DIRECTION('',(1.,0.,0.));
#454 = ORIENTED_EDGE('',*,*,#455,.T.);
#455 = EDGE_CURVE('',#448,#456,#458,.T.);
#456 = VERTEX_POINT('',#457);
#457 = CARTESIAN_POINT('',(-4.5,-0.975,6.E-02));
#458 = LINE('',#459,#460);
#459 = CARTESIAN_POINT('',(-5.,-0.975,6.E-02));
#460 = VECTOR('',#461,1.);
#461 = DIRECTION('',(1.,0.,0.));
#462 = ORIENTED_EDGE('',*,*,#463,.T.);
#463 = EDGE_CURVE('',#456,#464,#466,.T.);
#464 = VERTEX_POINT('',#465);
#465 = CARTESIAN_POINT('',(-4.5,-2.475,6.E-02));
#466 = LINE('',#467,#468);
#467 = CARTESIAN_POINT('',(-4.5,-0.975,6.E-02));
#468 = VECTOR('',#469,1.);
#469 = DIRECTION('',(0.,-1.,2.590520390792E-16));
#470 = ORIENTED_EDGE('',*,*,#471,.T.);
#471 = EDGE_CURVE('',#464,#472,#474,.T.);
#472 = VERTEX_POINT('',#473);
#473 = CARTESIAN_POINT('',(4.5,-2.475,6.E-02));
#474 = LINE('',#475,#476);
#475 = CARTESIAN_POINT('',(-5.,-2.475,6.E-02));
#476 = VECTOR('',#477,1.);
#477 = DIRECTION('',(1.,0.,0.));
#478 = ORIENTED_EDGE('',*,*,#479,.F.);
#479 = EDGE_CURVE('',#480,#472,#482,.T.);
#480 = VERTEX_POINT('',#481);
#481 = CARTESIAN_POINT('',(4.5,-0.975,6.E-02));
#482 = LINE('',#483,#484);
#483 = CARTESIAN_POINT('',(4.5,-0.975,6.E-02));
#484 = VECTOR('',#485,1.);
#485 = DIRECTION('',(0.,-1.,2.590520390792E-16));
#486 = ORIENTED_EDGE('',*,*,#487,.T.);
#487 = EDGE_CURVE('',#480,#488,#490,.T.);
#488 = VERTEX_POINT('',#489);
#489 = CARTESIAN_POINT('',(4.7,-0.975,6.E-02));
#490 = LINE('',#491,#492);
#491 = CARTESIAN_POINT('',(4.5,-0.975,6.E-02));
#492 = VECTOR('',#493,1.);
#493 = DIRECTION('',(1.,0.,0.));
#494 = ORIENTED_EDGE('',*,*,#495,.T.);
#495 = EDGE_CURVE('',#488,#177,#496,.T.);
#496 = LINE('',#497,#498);
#497 = CARTESIAN_POINT('',(4.5,-0.975,6.E-02));
#498 = VECTOR('',#499,1.);
#499 = DIRECTION('',(1.,0.,0.));
#500 = PLANE('',#501);
#501 = AXIS2_PLACEMENT_3D('',#502,#503,#504);
#502 = CARTESIAN_POINT('',(-5.,1.775,6.E-02));
#503 = DIRECTION('',(0.,1.110223024625E-16,1.));
#504 = DIRECTION('',(0.,-1.,1.110223024625E-16));
#505 = ADVANCED_FACE('',(#506),#524,.F.);
#506 = FACE_BOUND('',#507,.F.);
#507 = EDGE_LOOP('',(#508,#509,#517,#523));
#508 = ORIENTED_EDGE('',*,*,#160,.F.);
#509 = ORIENTED_EDGE('',*,*,#510,.T.);
#510 = EDGE_CURVE('',#153,#511,#513,.T.);
#511 = VERTEX_POINT('',#512);
#512 = CARTESIAN_POINT('',(-4.7,-0.975,0.61));
#513 = LINE('',#514,#515);
#514 = CARTESIAN_POINT('',(-5.,-0.975,0.61));
#515 = VECTOR('',#516,1.);
#516 = DIRECTION('',(1.,0.,0.));
#517 = ORIENTED_EDGE('',*,*,#518,.T.);
#518 = EDGE_CURVE('',#511,#448,#519,.T.);
#519 = LINE('',#520,#521);
#520 = CARTESIAN_POINT('',(-4.7,-0.975,0.61));
#521 = VECTOR('',#522,1.);
#522 = DIRECTION('',(0.,0.,-1.));
#523 = ORIENTED_EDGE('',*,*,#447,.F.);
#524 = PLANE('',#525);
#525 = AXIS2_PLACEMENT_3D('',#526,#527,#528);
#526 = CARTESIAN_POINT('',(-5.,-0.975,0.61));
#527 = DIRECTION('',(0.,1.,-1.110223024625E-16));
#528 = DIRECTION('',(0.,-1.110223024625E-16,-1.));
#529 = ADVANCED_FACE('',(#530),#548,.F.);
#530 = FACE_BOUND('',#531,.F.);
#531 = EDGE_LOOP('',(#532,#533,#541,#547));
#532 = ORIENTED_EDGE('',*,*,#152,.F.);
#533 = ORIENTED_EDGE('',*,*,#534,.T.);
#534 = EDGE_CURVE('',#145,#535,#537,.T.);
#535 = VERTEX_POINT('',#536);
#536 = CARTESIAN_POINT('',(-4.7,-1.975,0.61));
#537 = LINE('',#538,#539);
#538 = CARTESIAN_POINT('',(-5.,-1.975,0.61));
#539 = VECTOR('',#540,1.);
#540 = DIRECTION('',(1.,0.,0.));
#541 = ORIENTED_EDGE('',*,*,#542,.T.);
#542 = EDGE_CURVE('',#535,#511,#543,.T.);
#543 = LINE('',#544,#545);
#544 = CARTESIAN_POINT('',(-4.7,-1.975,0.61));
#545 = VECTOR('',#546,1.);
#546 = DIRECTION('',(0.,1.,0.));
#547 = ORIENTED_EDGE('',*,*,#510,.F.);
#548 = PLANE('',#549);
#549 = AXIS2_PLACEMENT_3D('',#550,#551,#552);
#550 = CARTESIAN_POINT('',(-5.,-1.975,0.61));
#551 = DIRECTION('',(0.,1.110223024625E-16,1.));
#552 = DIRECTION('',(0.,1.,-1.110223024625E-16));
#553 = ADVANCED_FACE('',(#554),#572,.F.);
#554 = FACE_BOUND('',#555,.F.);
#555 = EDGE_LOOP('',(#556,#557,#565,#571));
#556 = ORIENTED_EDGE('',*,*,#144,.F.);
#557 = ORIENTED_EDGE('',*,*,#558,.T.);
#558 = EDGE_CURVE('',#137,#559,#561,.T.);
#559 = VERTEX_POINT('',#560);
#560 = CARTESIAN_POINT('',(-4.7,-1.975,1.26));
#561 = LINE('',#562,#563);
#562 = CARTESIAN_POINT('',(-5.,-1.975,1.26));
#563 = VECTOR('',#564,1.);
#564 = DIRECTION('',(1.,0.,0.));
#565 = ORIENTED_EDGE('',*,*,#566,.T.);
#566 = EDGE_CURVE('',#559,#535,#567,.T.);
#567 = LINE('',#568,#569);
#568 = CARTESIAN_POINT('',(-4.7,-1.975,1.26));
#569 = VECTOR('',#570,1.);
#570 = DIRECTION('',(0.,0.,-1.));
#571 = ORIENTED_EDGE('',*,*,#534,.F.);
#572 = PLANE('',#573);
#573 = AXIS2_PLACEMENT_3D('',#574,#575,#576);
#574 = CARTESIAN_POINT('',(-5.,-1.975,1.26));
#575 = DIRECTION('',(0.,1.,-1.110223024625E-16));
#576 = DIRECTION('',(0.,-1.110223024625E-16,-1.));
#577 = ADVANCED_FACE('',(#578),#596,.F.);
#578 = FACE_BOUND('',#579,.F.);
#579 = EDGE_LOOP('',(#580,#581,#589,#595));
#580 = ORIENTED_EDGE('',*,*,#136,.F.);
#581 = ORIENTED_EDGE('',*,*,#582,.T.);
#582 = EDGE_CURVE('',#129,#583,#585,.T.);
#583 = VERTEX_POINT('',#584);
#584 = CARTESIAN_POINT('',(-4.7,-2.475,1.26));
#585 = LINE('',#586,#587);
#586 = CARTESIAN_POINT('',(-5.,-2.475,1.26));
#587 = VECTOR('',#588,1.);
#588 = DIRECTION('',(1.,0.,0.));
#589 = ORIENTED_EDGE('',*,*,#590,.T.);
#590 = EDGE_CURVE('',#583,#559,#591,.T.);
#591 = LINE('',#592,#593);
#592 = CARTESIAN_POINT('',(-4.7,-2.475,1.26));
#593 = VECTOR('',#594,1.);
#594 = DIRECTION('',(0.,1.,0.));
#595 = ORIENTED_EDGE('',*,*,#558,.F.);
#596 = PLANE('',#597);
#597 = AXIS2_PLACEMENT_3D('',#598,#599,#600);
#598 = CARTESIAN_POINT('',(-5.,-2.475,1.26));
#599 = DIRECTION('',(0.,1.110223024625E-16,1.));
#600 = DIRECTION('',(0.,1.,-1.110223024625E-16));
#601 = ADVANCED_FACE('',(#602,#659),#757,.T.);
#602 = FACE_BOUND('',#603,.T.);
#603 = EDGE_LOOP('',(#604,#605,#606,#614,#620,#621,#629,#637,#645,#653)
  );
#604 = ORIENTED_EDGE('',*,*,#128,.F.);
#605 = ORIENTED_EDGE('',*,*,#582,.T.);
#606 = ORIENTED_EDGE('',*,*,#607,.T.);
#607 = EDGE_CURVE('',#583,#608,#610,.T.);
#608 = VERTEX_POINT('',#609);
#609 = CARTESIAN_POINT('',(-4.5,-2.475,1.26));
#610 = LINE('',#611,#612);
#611 = CARTESIAN_POINT('',(-5.,-2.475,1.26));
#612 = VECTOR('',#613,1.);
#613 = DIRECTION('',(1.,0.,0.));
#614 = ORIENTED_EDGE('',*,*,#615,.F.);
#615 = EDGE_CURVE('',#464,#608,#616,.T.);
#616 = LINE('',#617,#618);
#617 = CARTESIAN_POINT('',(-4.5,-2.475,6.E-02));
#618 = VECTOR('',#619,1.);
#619 = DIRECTION('',(0.,1.110223024625E-16,1.));
#620 = ORIENTED_EDGE('',*,*,#471,.T.);
#621 = ORIENTED_EDGE('',*,*,#622,.T.);
#622 = EDGE_CURVE('',#472,#623,#625,.T.);
#623 = VERTEX_POINT('',#624);
#624 = CARTESIAN_POINT('',(4.5,-2.475,1.26));
#625 = LINE('',#626,#627);
#626 = CARTESIAN_POINT('',(4.5,-2.475,6.E-02));
#627 = VECTOR('',#628,1.);
#628 = DIRECTION('',(0.,1.110223024625E-16,1.));
#629 = ORIENTED_EDGE('',*,*,#630,.T.);
#630 = EDGE_CURVE('',#623,#631,#633,.T.);
#631 = VERTEX_POINT('',#632);
#632 = CARTESIAN_POINT('',(4.7,-2.475,1.26));
#633 = LINE('',#634,#635);
#634 = CARTESIAN_POINT('',(4.5,-2.475,1.26));
#635 = VECTOR('',#636,1.);
#636 = DIRECTION('',(1.,0.,0.));
#637 = ORIENTED_EDGE('',*,*,#638,.T.);
#638 = EDGE_CURVE('',#631,#639,#641,.T.);
#639 = VERTEX_POINT('',#640);
#640 = CARTESIAN_POINT('',(5.,-2.475,1.26));
#641 = LINE('',#642,#643);
#642 = CARTESIAN_POINT('',(4.5,-2.475,1.26));
#643 = VECTOR('',#644,1.);
#644 = DIRECTION('',(1.,0.,0.));
#645 = ORIENTED_EDGE('',*,*,#646,.T.);
#646 = EDGE_CURVE('',#639,#647,#649,.T.);
#647 = VERTEX_POINT('',#648);
#648 = CARTESIAN_POINT('',(5.,-2.475,2.96));
#649 = LINE('',#650,#651);
#650 = CARTESIAN_POINT('',(5.,-2.475,6.E-02));
#651 = VECTOR('',#652,1.);
#652 = DIRECTION('',(0.,1.110223024625E-16,1.));
#653 = ORIENTED_EDGE('',*,*,#654,.F.);
#654 = EDGE_CURVE('',#121,#647,#655,.T.);
#655 = LINE('',#656,#657);
#656 = CARTESIAN_POINT('',(-5.,-2.475,2.96));
#657 = VECTOR('',#658,1.);
#658 = DIRECTION('',(1.,0.,0.));
#659 = FACE_BOUND('',#660,.T.);
#660 = EDGE_LOOP('',(#661,#671,#679,#687,#695,#703,#711,#719,#727,#735,
    #743,#751));
#661 = ORIENTED_EDGE('',*,*,#662,.F.);
#662 = EDGE_CURVE('',#663,#665,#667,.T.);
#663 = VERTEX_POINT('',#664);
#664 = CARTESIAN_POINT('',(4.2,-2.475,0.46));
#665 = VERTEX_POINT('',#666);
#666 = CARTESIAN_POINT('',(4.2,-2.475,1.46));
#667 = LINE('',#668,#669);
#668 = CARTESIAN_POINT('',(4.2,-2.475,0.46));
#669 = VECTOR('',#670,1.);
#670 = DIRECTION('',(0.,1.110223024625E-16,1.));
#671 = ORIENTED_EDGE('',*,*,#672,.F.);
#672 = EDGE_CURVE('',#673,#663,#675,.T.);
#673 = VERTEX_POINT('',#674);
#674 = CARTESIAN_POINT('',(-4.2,-2.475,0.46));
#675 = LINE('',#676,#677);
#676 = CARTESIAN_POINT('',(-4.2,-2.475,0.46));
#677 = VECTOR('',#678,1.);
#678 = DIRECTION('',(1.,0.,0.));
#679 = ORIENTED_EDGE('',*,*,#680,.F.);
#680 = EDGE_CURVE('',#681,#673,#683,.T.);
#681 = VERTEX_POINT('',#682);
#682 = CARTESIAN_POINT('',(-4.2,-2.475,1.46));
#683 = LINE('',#684,#685);
#684 = CARTESIAN_POINT('',(-4.2,-2.475,2.56));
#685 = VECTOR('',#686,1.);
#686 = DIRECTION('',(0.,-1.110223024625E-16,-1.));
#687 = ORIENTED_EDGE('',*,*,#688,.F.);
#688 = EDGE_CURVE('',#689,#681,#691,.T.);
#689 = VERTEX_POINT('',#690);
#690 = CARTESIAN_POINT('',(-4.55,-2.475,1.46));
#691 = LINE('',#692,#693);
#692 = CARTESIAN_POINT('',(-4.55,-2.475,1.46));
#693 = VECTOR('',#694,1.);
#694 = DIRECTION('',(1.,0.,0.));
#695 = ORIENTED_EDGE('',*,*,#696,.F.);
#696 = EDGE_CURVE('',#697,#689,#699,.T.);
#697 = VERTEX_POINT('',#698);
#698 = CARTESIAN_POINT('',(-4.55,-2.475,2.06));
#699 = LINE('',#700,#701);
#700 = CARTESIAN_POINT('',(-4.55,-2.475,2.06));
#701 = VECTOR('',#702,1.);
#702 = DIRECTION('',(0.,-1.110223024625E-16,-1.));
#703 = ORIENTED_EDGE('',*,*,#704,.F.);
#704 = EDGE_CURVE('',#705,#697,#707,.T.);
#705 = VERTEX_POINT('',#706);
#706 = CARTESIAN_POINT('',(-4.2,-2.475,2.06));
#707 = LINE('',#708,#709);
#708 = CARTESIAN_POINT('',(4.55,-2.475,2.06));
#709 = VECTOR('',#710,1.);
#710 = DIRECTION('',(-1.,0.,0.));
#711 = ORIENTED_EDGE('',*,*,#712,.F.);
#712 = EDGE_CURVE('',#713,#705,#715,.T.);
#713 = VERTEX_POINT('',#714);
#714 = CARTESIAN_POINT('',(-4.2,-2.475,2.56));
#715 = LINE('',#716,#717);
#716 = CARTESIAN_POINT('',(-4.2,-2.475,2.56));
#717 = VECTOR('',#718,1.);
#718 = DIRECTION('',(0.,-1.110223024625E-16,-1.));
#719 = ORIENTED_EDGE('',*,*,#720,.F.);
#720 = EDGE_CURVE('',#721,#713,#723,.T.);
#721 = VERTEX_POINT('',#722);
#722 = CARTESIAN_POINT('',(4.2,-2.475,2.56));
#723 = LINE('',#724,#725);
#724 = CARTESIAN_POINT('',(4.2,-2.475,2.56));
#725 = VECTOR('',#726,1.);
#726 = DIRECTION('',(-1.,0.,0.));
#727 = ORIENTED_EDGE('',*,*,#728,.F.);
#728 = EDGE_CURVE('',#729,#721,#731,.T.);
#729 = VERTEX_POINT('',#730);
#730 = CARTESIAN_POINT('',(4.2,-2.475,2.06));
#731 = LINE('',#732,#733);
#732 = CARTESIAN_POINT('',(4.2,-2.475,0.46));
#733 = VECTOR('',#734,1.);
#734 = DIRECTION('',(0.,1.110223024625E-16,1.));
#735 = ORIENTED_EDGE('',*,*,#736,.F.);
#736 = EDGE_CURVE('',#737,#729,#739,.T.);
#737 = VERTEX_POINT('',#738);
#738 = CARTESIAN_POINT('',(4.55,-2.475,2.06));
#739 = LINE('',#740,#741);
#740 = CARTESIAN_POINT('',(4.55,-2.475,2.06));
#741 = VECTOR('',#742,1.);
#742 = DIRECTION('',(-1.,0.,0.));
#743 = ORIENTED_EDGE('',*,*,#744,.F.);
#744 = EDGE_CURVE('',#745,#737,#747,.T.);
#745 = VERTEX_POINT('',#746);
#746 = CARTESIAN_POINT('',(4.55,-2.475,1.46));
#747 = LINE('',#748,#749);
#748 = CARTESIAN_POINT('',(4.55,-2.475,1.46));
#749 = VECTOR('',#750,1.);
#750 = DIRECTION('',(0.,1.110223024625E-16,1.));
#751 = ORIENTED_EDGE('',*,*,#752,.F.);
#752 = EDGE_CURVE('',#665,#745,#753,.T.);
#753 = LINE('',#754,#755);
#754 = CARTESIAN_POINT('',(-4.55,-2.475,1.46));
#755 = VECTOR('',#756,1.);
#756 = DIRECTION('',(1.,0.,0.));
#757 = PLANE('',#758);
#758 = AXIS2_PLACEMENT_3D('',#759,#760,#761);
#759 = CARTESIAN_POINT('',(-5.,-2.475,6.E-02));
#760 = DIRECTION('',(0.,-1.,1.110223024625E-16));
#761 = DIRECTION('',(1.,0.,0.));
#762 = ADVANCED_FACE('',(#763),#813,.T.);
#763 = FACE_BOUND('',#764,.T.);
#764 = EDGE_LOOP('',(#765,#775,#783,#789,#790,#791,#799,#807));
#765 = ORIENTED_EDGE('',*,*,#766,.F.);
#766 = EDGE_CURVE('',#767,#769,#771,.T.);
#767 = VERTEX_POINT('',#768);
#768 = CARTESIAN_POINT('',(-4.5,1.775,2.96));
#769 = VERTEX_POINT('',#770);
#770 = CARTESIAN_POINT('',(4.5,1.775,2.96));
#771 = LINE('',#772,#773);
#772 = CARTESIAN_POINT('',(-5.,1.775,2.96));
#773 = VECTOR('',#774,1.);
#774 = DIRECTION('',(1.,0.,0.));
#775 = ORIENTED_EDGE('',*,*,#776,.F.);
#776 = EDGE_CURVE('',#777,#767,#779,.T.);
#777 = VERTEX_POINT('',#778);
#778 = CARTESIAN_POINT('',(-4.5,0.286,2.96));
#779 = LINE('',#780,#781);
#780 = CARTESIAN_POINT('',(-4.5,0.286,2.96));
#781 = VECTOR('',#782,1.);
#782 = DIRECTION('',(0.,1.,-1.110223024625E-16));
#783 = ORIENTED_EDGE('',*,*,#784,.F.);
#784 = EDGE_CURVE('',#113,#777,#785,.T.);
#785 = LINE('',#786,#787);
#786 = CARTESIAN_POINT('',(-5.,0.286,2.96));
#787 = VECTOR('',#788,1.);
#788 = DIRECTION('',(1.,0.,0.));
#789 = ORIENTED_EDGE('',*,*,#120,.T.);
#790 = ORIENTED_EDGE('',*,*,#654,.T.);
#791 = ORIENTED_EDGE('',*,*,#792,.F.);
#792 = EDGE_CURVE('',#793,#647,#795,.T.);
#793 = VERTEX_POINT('',#794);
#794 = CARTESIAN_POINT('',(5.,0.286,2.96));
#795 = LINE('',#796,#797);
#796 = CARTESIAN_POINT('',(5.,1.775,2.96));
#797 = VECTOR('',#798,1.);
#798 = DIRECTION('',(0.,-1.,1.110223024625E-16));
#799 = ORIENTED_EDGE('',*,*,#800,.F.);
#800 = EDGE_CURVE('',#801,#793,#803,.T.);
#801 = VERTEX_POINT('',#802);
#802 = CARTESIAN_POINT('',(4.5,0.286,2.96));
#803 = LINE('',#804,#805);
#804 = CARTESIAN_POINT('',(4.5,0.286,2.96));
#805 = VECTOR('',#806,1.);
#806 = DIRECTION('',(1.,0.,0.));
#807 = ORIENTED_EDGE('',*,*,#808,.T.);
#808 = EDGE_CURVE('',#801,#769,#809,.T.);
#809 = LINE('',#810,#811);
#810 = CARTESIAN_POINT('',(4.5,0.286,2.96));
#811 = VECTOR('',#812,1.);
#812 = DIRECTION('',(0.,1.,-1.110223024625E-16));
#813 = PLANE('',#814);
#814 = AXIS2_PLACEMENT_3D('',#815,#816,#817);
#815 = CARTESIAN_POINT('',(-5.,1.775,2.96));
#816 = DIRECTION('',(0.,1.110223024625E-16,1.));
#817 = DIRECTION('',(0.,-1.,1.110223024625E-16));
#818 = ADVANCED_FACE('',(#819),#837,.F.);
#819 = FACE_BOUND('',#820,.F.);
#820 = EDGE_LOOP('',(#821,#829,#835,#836));
#821 = ORIENTED_EDGE('',*,*,#822,.T.);
#822 = EDGE_CURVE('',#105,#823,#825,.T.);
#823 = VERTEX_POINT('',#824);
#824 = CARTESIAN_POINT('',(-4.5,0.575,2.46));
#825 = LINE('',#826,#827);
#826 = CARTESIAN_POINT('',(-5.,0.575,2.46));
#827 = VECTOR('',#828,1.);
#828 = DIRECTION('',(1.,0.,0.));
#829 = ORIENTED_EDGE('',*,*,#830,.T.);
#830 = EDGE_CURVE('',#823,#777,#831,.T.);
#831 = LINE('',#832,#833);
#832 = CARTESIAN_POINT('',(-4.5,0.575,2.46));
#833 = VECTOR('',#834,1.);
#834 = DIRECTION('',(0.,-0.500421834463,0.865781720524));
#835 = ORIENTED_EDGE('',*,*,#784,.F.);
#836 = ORIENTED_EDGE('',*,*,#112,.F.);
#837 = PLANE('',#838);
#838 = AXIS2_PLACEMENT_3D('',#839,#840,#841);
#839 = CARTESIAN_POINT('',(-5.,0.575,2.46));
#840 = DIRECTION('',(0.,-0.865781720524,-0.500421834463));
#841 = DIRECTION('',(0.,-0.500421834463,0.865781720524));
#842 = ADVANCED_FACE('',(#843),#861,.F.);
#843 = FACE_BOUND('',#844,.F.);
#844 = EDGE_LOOP('',(#845,#853,#859,#860));
#845 = ORIENTED_EDGE('',*,*,#846,.T.);
#846 = EDGE_CURVE('',#97,#847,#849,.T.);
#847 = VERTEX_POINT('',#848);
#848 = CARTESIAN_POINT('',(-4.5,1.225,2.46));
#849 = LINE('',#850,#851);
#850 = CARTESIAN_POINT('',(-5.,1.225,2.46));
#851 = VECTOR('',#852,1.);
#852 = DIRECTION('',(1.,0.,0.));
#853 = ORIENTED_EDGE('',*,*,#854,.T.);
#854 = EDGE_CURVE('',#847,#823,#855,.T.);
#855 = LINE('',#856,#857);
#856 = CARTESIAN_POINT('',(-4.5,1.225,2.46));
#857 = VECTOR('',#858,1.);
#858 = DIRECTION('',(0.,-1.,1.110223024625E-16));
#859 = ORIENTED_EDGE('',*,*,#822,.F.);
#860 = ORIENTED_EDGE('',*,*,#104,.F.);
#861 = PLANE('',#862);
#862 = AXIS2_PLACEMENT_3D('',#863,#864,#865);
#863 = CARTESIAN_POINT('',(-5.,1.225,2.46));
#864 = DIRECTION('',(0.,-1.110223024625E-16,-1.));
#865 = DIRECTION('',(0.,-1.,1.110223024625E-16));
#866 = ADVANCED_FACE('',(#867),#885,.F.);
#867 = FACE_BOUND('',#868,.F.);
#868 = EDGE_LOOP('',(#869,#877,#883,#884));
#869 = ORIENTED_EDGE('',*,*,#870,.T.);
#870 = EDGE_CURVE('',#89,#871,#873,.T.);
#871 = VERTEX_POINT('',#872);
#872 = CARTESIAN_POINT('',(-4.5,1.225,1.46));
#873 = LINE('',#874,#875);
#874 = CARTESIAN_POINT('',(-5.,1.225,1.46));
#875 = VECTOR('',#876,1.);
#876 = DIRECTION('',(1.,0.,0.));
#877 = ORIENTED_EDGE('',*,*,#878,.T.);
#878 = EDGE_CURVE('',#871,#847,#879,.T.);
#879 = LINE('',#880,#881);
#880 = CARTESIAN_POINT('',(-4.5,1.225,1.46));
#881 = VECTOR('',#882,1.);
#882 = DIRECTION('',(0.,1.110223024625E-16,1.));
#883 = ORIENTED_EDGE('',*,*,#846,.F.);
#884 = ORIENTED_EDGE('',*,*,#96,.F.);
#885 = PLANE('',#886);
#886 = AXIS2_PLACEMENT_3D('',#887,#888,#889);
#887 = CARTESIAN_POINT('',(-5.,1.225,1.46));
#888 = DIRECTION('',(0.,-1.,1.110223024625E-16));
#889 = DIRECTION('',(0.,1.110223024625E-16,1.));
#890 = ADVANCED_FACE('',(#891),#909,.F.);
#891 = FACE_BOUND('',#892,.F.);
#892 = EDGE_LOOP('',(#893,#901,#907,#908));
#893 = ORIENTED_EDGE('',*,*,#894,.T.);
#894 = EDGE_CURVE('',#81,#895,#897,.T.);
#895 = VERTEX_POINT('',#896);
#896 = CARTESIAN_POINT('',(-4.5,1.775,1.46));
#897 = LINE('',#898,#899);
#898 = CARTESIAN_POINT('',(-5.,1.775,1.46));
#899 = VECTOR('',#900,1.);
#900 = DIRECTION('',(1.,0.,0.));
#901 = ORIENTED_EDGE('',*,*,#902,.T.);
#902 = EDGE_CURVE('',#895,#871,#903,.T.);
#903 = LINE('',#904,#905);
#904 = CARTESIAN_POINT('',(-4.5,1.775,1.46));
#905 = VECTOR('',#906,1.);
#906 = DIRECTION('',(0.,-1.,1.110223024625E-16));
#907 = ORIENTED_EDGE('',*,*,#870,.F.);
#908 = ORIENTED_EDGE('',*,*,#88,.F.);
#909 = PLANE('',#910);
#910 = AXIS2_PLACEMENT_3D('',#911,#912,#913);
#911 = CARTESIAN_POINT('',(-5.,1.775,1.46));
#912 = DIRECTION('',(0.,-1.110223024625E-16,-1.));
#913 = DIRECTION('',(0.,-1.,1.110223024625E-16));
#914 = ADVANCED_FACE('',(#915),#1133,.F.);
#915 = FACE_BOUND('',#916,.F.);
#916 = EDGE_LOOP('',(#917,#918,#919,#927,#935,#941,#942,#950,#958,#964,
    #965,#973,#981,#987,#988,#996,#1004,#1010,#1011,#1019,#1027,#1033,
    #1034,#1042,#1050,#1056,#1057,#1065,#1073,#1079,#1080,#1088,#1096,
    #1102,#1103,#1111,#1119,#1125,#1126,#1132));
#917 = ORIENTED_EDGE('',*,*,#80,.F.);
#918 = ORIENTED_EDGE('',*,*,#440,.T.);
#919 = ORIENTED_EDGE('',*,*,#920,.T.);
#920 = EDGE_CURVE('',#433,#921,#923,.T.);
#921 = VERTEX_POINT('',#922);
#922 = CARTESIAN_POINT('',(-3.6,1.775,0.2));
#923 = LINE('',#924,#925);
#924 = CARTESIAN_POINT('',(-3.6,1.775,6.E-02));
#925 = VECTOR('',#926,1.);
#926 = DIRECTION('',(0.,0.,1.));
#927 = ORIENTED_EDGE('',*,*,#928,.T.);
#928 = EDGE_CURVE('',#921,#929,#931,.T.);
#929 = VERTEX_POINT('',#930);
#930 = CARTESIAN_POINT('',(-3.4,1.775,0.2));
#931 = LINE('',#932,#933);
#932 = CARTESIAN_POINT('',(-3.6,1.775,0.2));
#933 = VECTOR('',#934,1.);
#934 = DIRECTION('',(1.,0.,0.));
#935 = ORIENTED_EDGE('',*,*,#936,.F.);
#936 = EDGE_CURVE('',#409,#929,#937,.T.);
#937 = LINE('',#938,#939);
#938 = CARTESIAN_POINT('',(-3.4,1.775,6.E-02));
#939 = VECTOR('',#940,1.);
#940 = DIRECTION('',(0.,0.,1.));
#941 = ORIENTED_EDGE('',*,*,#408,.T.);
#942 = ORIENTED_EDGE('',*,*,#943,.T.);
#943 = EDGE_CURVE('',#401,#944,#946,.T.);
#944 = VERTEX_POINT('',#945);
#945 = CARTESIAN_POINT('',(-2.6,1.775,0.2));
#946 = LINE('',#947,#948);
#947 = CARTESIAN_POINT('',(-2.6,1.775,6.E-02));
#948 = VECTOR('',#949,1.);
#949 = DIRECTION('',(0.,0.,1.));
#950 = ORIENTED_EDGE('',*,*,#951,.T.);
#951 = EDGE_CURVE('',#944,#952,#954,.T.);
#952 = VERTEX_POINT('',#953);
#953 = CARTESIAN_POINT('',(-2.4,1.775,0.2));
#954 = LINE('',#955,#956);
#955 = CARTESIAN_POINT('',(-2.6,1.775,0.2));
#956 = VECTOR('',#957,1.);
#957 = DIRECTION('',(1.,0.,0.));
#958 = ORIENTED_EDGE('',*,*,#959,.F.);
#959 = EDGE_CURVE('',#377,#952,#960,.T.);
#960 = LINE('',#961,#962);
#961 = CARTESIAN_POINT('',(-2.4,1.775,6.E-02));
#962 = VECTOR('',#963,1.);
#963 = DIRECTION('',(0.,0.,1.));
#964 = ORIENTED_EDGE('',*,*,#376,.T.);
#965 = ORIENTED_EDGE('',*,*,#966,.T.);
#966 = EDGE_CURVE('',#369,#967,#969,.T.);
#967 = VERTEX_POINT('',#968);
#968 = CARTESIAN_POINT('',(-1.6,1.775,0.2));
#969 = LINE('',#970,#971);
#970 = CARTESIAN_POINT('',(-1.6,1.775,6.E-02));
#971 = VECTOR('',#972,1.);
#972 = DIRECTION('',(0.,0.,1.));
#973 = ORIENTED_EDGE('',*,*,#974,.T.);
#974 = EDGE_CURVE('',#967,#975,#977,.T.);
#975 = VERTEX_POINT('',#976);
#976 = CARTESIAN_POINT('',(-1.4,1.775,0.2));
#977 = LINE('',#978,#979);
#978 = CARTESIAN_POINT('',(-1.6,1.775,0.2));
#979 = VECTOR('',#980,1.);
#980 = DIRECTION('',(1.,0.,0.));
#981 = ORIENTED_EDGE('',*,*,#982,.F.);
#982 = EDGE_CURVE('',#345,#975,#983,.T.);
#983 = LINE('',#984,#985);
#984 = CARTESIAN_POINT('',(-1.4,1.775,6.E-02));
#985 = VECTOR('',#986,1.);
#986 = DIRECTION('',(0.,0.,1.));
#987 = ORIENTED_EDGE('',*,*,#344,.T.);
#988 = ORIENTED_EDGE('',*,*,#989,.T.);
#989 = EDGE_CURVE('',#337,#990,#992,.T.);
#990 = VERTEX_POINT('',#991);
#991 = CARTESIAN_POINT('',(-0.6,1.775,0.2));
#992 = LINE('',#993,#994);
#993 = CARTESIAN_POINT('',(-0.6,1.775,6.E-02));
#994 = VECTOR('',#995,1.);
#995 = DIRECTION('',(0.,0.,1.));
#996 = ORIENTED_EDGE('',*,*,#997,.T.);
#997 = EDGE_CURVE('',#990,#998,#1000,.T.);
#998 = VERTEX_POINT('',#999);
#999 = CARTESIAN_POINT('',(-0.4,1.775,0.2));
#1000 = LINE('',#1001,#1002);
#1001 = CARTESIAN_POINT('',(-0.6,1.775,0.2));
#1002 = VECTOR('',#1003,1.);
#1003 = DIRECTION('',(1.,0.,0.));
#1004 = ORIENTED_EDGE('',*,*,#1005,.F.);
#1005 = EDGE_CURVE('',#313,#998,#1006,.T.);
#1006 = LINE('',#1007,#1008);
#1007 = CARTESIAN_POINT('',(-0.4,1.775,6.E-02));
#1008 = VECTOR('',#1009,1.);
#1009 = DIRECTION('',(0.,0.,1.));
#1010 = ORIENTED_EDGE('',*,*,#312,.T.);
#1011 = ORIENTED_EDGE('',*,*,#1012,.T.);
#1012 = EDGE_CURVE('',#305,#1013,#1015,.T.);
#1013 = VERTEX_POINT('',#1014);
#1014 = CARTESIAN_POINT('',(0.4,1.775,0.2));
#1015 = LINE('',#1016,#1017);
#1016 = CARTESIAN_POINT('',(0.4,1.775,6.E-02));
#1017 = VECTOR('',#1018,1.);
#1018 = DIRECTION('',(0.,0.,1.));
#1019 = ORIENTED_EDGE('',*,*,#1020,.T.);
#1020 = EDGE_CURVE('',#1013,#1021,#1023,.T.);
#1021 = VERTEX_POINT('',#1022);
#1022 = CARTESIAN_POINT('',(0.6,1.775,0.2));
#1023 = LINE('',#1024,#1025);
#1024 = CARTESIAN_POINT('',(0.4,1.775,0.2));
#1025 = VECTOR('',#1026,1.);
#1026 = DIRECTION('',(1.,0.,0.));
#1027 = ORIENTED_EDGE('',*,*,#1028,.F.);
#1028 = EDGE_CURVE('',#281,#1021,#1029,.T.);
#1029 = LINE('',#1030,#1031);
#1030 = CARTESIAN_POINT('',(0.6,1.775,6.E-02));
#1031 = VECTOR('',#1032,1.);
#1032 = DIRECTION('',(0.,0.,1.));
#1033 = ORIENTED_EDGE('',*,*,#280,.T.);
#1034 = ORIENTED_EDGE('',*,*,#1035,.T.);
#1035 = EDGE_CURVE('',#273,#1036,#1038,.T.);
#1036 = VERTEX_POINT('',#1037);
#1037 = CARTESIAN_POINT('',(1.4,1.775,0.2));
#1038 = LINE('',#1039,#1040);
#1039 = CARTESIAN_POINT('',(1.4,1.775,6.E-02));
#1040 = VECTOR('',#1041,1.);
#1041 = DIRECTION('',(0.,0.,1.));
#1042 = ORIENTED_EDGE('',*,*,#1043,.T.);
#1043 = EDGE_CURVE('',#1036,#1044,#1046,.T.);
#1044 = VERTEX_POINT('',#1045);
#1045 = CARTESIAN_POINT('',(1.6,1.775,0.2));
#1046 = LINE('',#1047,#1048);
#1047 = CARTESIAN_POINT('',(1.4,1.775,0.2));
#1048 = VECTOR('',#1049,1.);
#1049 = DIRECTION('',(1.,0.,0.));
#1050 = ORIENTED_EDGE('',*,*,#1051,.F.);
#1051 = EDGE_CURVE('',#249,#1044,#1052,.T.);
#1052 = LINE('',#1053,#1054);
#1053 = CARTESIAN_POINT('',(1.6,1.775,6.E-02));
#1054 = VECTOR('',#1055,1.);
#1055 = DIRECTION('',(0.,0.,1.));
#1056 = ORIENTED_EDGE('',*,*,#248,.T.);
#1057 = ORIENTED_EDGE('',*,*,#1058,.T.);
#1058 = EDGE_CURVE('',#241,#1059,#1061,.T.);
#1059 = VERTEX_POINT('',#1060);
#1060 = CARTESIAN_POINT('',(2.4,1.775,0.2));
#1061 = LINE('',#1062,#1063);
#1062 = CARTESIAN_POINT('',(2.4,1.775,6.E-02));
#1063 = VECTOR('',#1064,1.);
#1064 = DIRECTION('',(0.,0.,1.));
#1065 = ORIENTED_EDGE('',*,*,#1066,.T.);
#1066 = EDGE_CURVE('',#1059,#1067,#1069,.T.);
#1067 = VERTEX_POINT('',#1068);
#1068 = CARTESIAN_POINT('',(2.6,1.775,0.2));
#1069 = LINE('',#1070,#1071);
#1070 = CARTESIAN_POINT('',(2.4,1.775,0.2));
#1071 = VECTOR('',#1072,1.);
#1072 = DIRECTION('',(1.,0.,0.));
#1073 = ORIENTED_EDGE('',*,*,#1074,.F.);
#1074 = EDGE_CURVE('',#217,#1067,#1075,.T.);
#1075 = LINE('',#1076,#1077);
#1076 = CARTESIAN_POINT('',(2.6,1.775,6.E-02));
#1077 = VECTOR('',#1078,1.);
#1078 = DIRECTION('',(0.,0.,1.));
#1079 = ORIENTED_EDGE('',*,*,#216,.T.);
#1080 = ORIENTED_EDGE('',*,*,#1081,.T.);
#1081 = EDGE_CURVE('',#209,#1082,#1084,.T.);
#1082 = VERTEX_POINT('',#1083);
#1083 = CARTESIAN_POINT('',(3.4,1.775,0.2));
#1084 = LINE('',#1085,#1086);
#1085 = CARTESIAN_POINT('',(3.4,1.775,6.E-02));
#1086 = VECTOR('',#1087,1.);
#1087 = DIRECTION('',(0.,0.,1.));
#1088 = ORIENTED_EDGE('',*,*,#1089,.T.);
#1089 = EDGE_CURVE('',#1082,#1090,#1092,.T.);
#1090 = VERTEX_POINT('',#1091);
#1091 = CARTESIAN_POINT('',(3.6,1.775,0.2));
#1092 = LINE('',#1093,#1094);
#1093 = CARTESIAN_POINT('',(3.4,1.775,0.2));
#1094 = VECTOR('',#1095,1.);
#1095 = DIRECTION('',(1.,0.,0.));
#1096 = ORIENTED_EDGE('',*,*,#1097,.F.);
#1097 = EDGE_CURVE('',#185,#1090,#1098,.T.);
#1098 = LINE('',#1099,#1100);
#1099 = CARTESIAN_POINT('',(3.6,1.775,6.E-02));
#1100 = VECTOR('',#1101,1.);
#1101 = DIRECTION('',(0.,0.,1.));
#1102 = ORIENTED_EDGE('',*,*,#184,.T.);
#1103 = ORIENTED_EDGE('',*,*,#1104,.T.);
#1104 = EDGE_CURVE('',#175,#1105,#1107,.T.);
#1105 = VERTEX_POINT('',#1106);
#1106 = CARTESIAN_POINT('',(5.,1.775,1.46));
#1107 = LINE('',#1108,#1109);
#1108 = CARTESIAN_POINT('',(5.,1.775,6.E-02));
#1109 = VECTOR('',#1110,1.);
#1110 = DIRECTION('',(0.,1.110223024625E-16,1.));
#1111 = ORIENTED_EDGE('',*,*,#1112,.F.);
#1112 = EDGE_CURVE('',#1113,#1105,#1115,.T.);
#1113 = VERTEX_POINT('',#1114);
#1114 = CARTESIAN_POINT('',(4.5,1.775,1.46));
#1115 = LINE('',#1116,#1117);
#1116 = CARTESIAN_POINT('',(4.5,1.775,1.46));
#1117 = VECTOR('',#1118,1.);
#1118 = DIRECTION('',(1.,0.,0.));
#1119 = ORIENTED_EDGE('',*,*,#1120,.F.);
#1120 = EDGE_CURVE('',#769,#1113,#1121,.T.);
#1121 = LINE('',#1122,#1123);
#1122 = CARTESIAN_POINT('',(4.5,1.775,2.96));
#1123 = VECTOR('',#1124,1.);
#1124 = DIRECTION('',(0.,-1.110223024625E-16,-1.));
#1125 = ORIENTED_EDGE('',*,*,#766,.F.);
#1126 = ORIENTED_EDGE('',*,*,#1127,.T.);
#1127 = EDGE_CURVE('',#767,#895,#1128,.T.);
#1128 = LINE('',#1129,#1130);
#1129 = CARTESIAN_POINT('',(-4.5,1.775,2.96));
#1130 = VECTOR('',#1131,1.);
#1131 = DIRECTION('',(0.,-1.110223024625E-16,-1.));
#1132 = ORIENTED_EDGE('',*,*,#894,.F.);
#1133 = PLANE('',#1134);
#1134 = AXIS2_PLACEMENT_3D('',#1135,#1136,#1137);
#1135 = CARTESIAN_POINT('',(-5.,1.775,6.E-02));
#1136 = DIRECTION('',(0.,-1.,1.110223024625E-16));
#1137 = DIRECTION('',(1.,0.,0.));
#1138 = ADVANCED_FACE('',(#1139),#1205,.T.);
#1139 = FACE_BOUND('',#1140,.T.);
#1140 = EDGE_LOOP('',(#1141,#1142,#1143,#1151,#1159,#1167,#1173,#1174,
    #1175,#1183,#1191,#1199));
#1141 = ORIENTED_EDGE('',*,*,#174,.F.);
#1142 = ORIENTED_EDGE('',*,*,#1104,.T.);
#1143 = ORIENTED_EDGE('',*,*,#1144,.T.);
#1144 = EDGE_CURVE('',#1105,#1145,#1147,.T.);
#1145 = VERTEX_POINT('',#1146);
#1146 = CARTESIAN_POINT('',(5.,1.225,1.46));
#1147 = LINE('',#1148,#1149);
#1148 = CARTESIAN_POINT('',(5.,1.775,1.46));
#1149 = VECTOR('',#1150,1.);
#1150 = DIRECTION('',(0.,-1.,1.110223024625E-16));
#1151 = ORIENTED_EDGE('',*,*,#1152,.T.);
#1152 = EDGE_CURVE('',#1145,#1153,#1155,.T.);
#1153 = VERTEX_POINT('',#1154);
#1154 = CARTESIAN_POINT('',(5.,1.225,2.46));
#1155 = LINE('',#1156,#1157);
#1156 = CARTESIAN_POINT('',(5.,1.225,1.46));
#1157 = VECTOR('',#1158,1.);
#1158 = DIRECTION('',(0.,1.110223024625E-16,1.));
#1159 = ORIENTED_EDGE('',*,*,#1160,.T.);
#1160 = EDGE_CURVE('',#1153,#1161,#1163,.T.);
#1161 = VERTEX_POINT('',#1162);
#1162 = CARTESIAN_POINT('',(5.,0.575,2.46));
#1163 = LINE('',#1164,#1165);
#1164 = CARTESIAN_POINT('',(5.,1.225,2.46));
#1165 = VECTOR('',#1166,1.);
#1166 = DIRECTION('',(0.,-1.,1.110223024625E-16));
#1167 = ORIENTED_EDGE('',*,*,#1168,.T.);
#1168 = EDGE_CURVE('',#1161,#793,#1169,.T.);
#1169 = LINE('',#1170,#1171);
#1170 = CARTESIAN_POINT('',(5.,0.575,2.46));
#1171 = VECTOR('',#1172,1.);
#1172 = DIRECTION('',(0.,-0.500421834463,0.865781720524));
#1173 = ORIENTED_EDGE('',*,*,#792,.T.);
#1174 = ORIENTED_EDGE('',*,*,#646,.F.);
#1175 = ORIENTED_EDGE('',*,*,#1176,.T.);
#1176 = EDGE_CURVE('',#639,#1177,#1179,.T.);
#1177 = VERTEX_POINT('',#1178);
#1178 = CARTESIAN_POINT('',(5.,-1.975,1.26));
#1179 = LINE('',#1180,#1181);
#1180 = CARTESIAN_POINT('',(5.,-2.475,1.26));
#1181 = VECTOR('',#1182,1.);
#1182 = DIRECTION('',(0.,1.,-1.110223024625E-16));
#1183 = ORIENTED_EDGE('',*,*,#1184,.T.);
#1184 = EDGE_CURVE('',#1177,#1185,#1187,.T.);
#1185 = VERTEX_POINT('',#1186);
#1186 = CARTESIAN_POINT('',(5.,-1.975,0.61));
#1187 = LINE('',#1188,#1189);
#1188 = CARTESIAN_POINT('',(5.,-1.975,1.26));
#1189 = VECTOR('',#1190,1.);
#1190 = DIRECTION('',(0.,-1.110223024625E-16,-1.));
#1191 = ORIENTED_EDGE('',*,*,#1192,.T.);
#1192 = EDGE_CURVE('',#1185,#1193,#1195,.T.);
#1193 = VERTEX_POINT('',#1194);
#1194 = CARTESIAN_POINT('',(5.,-0.975,0.61));
#1195 = LINE('',#1196,#1197);
#1196 = CARTESIAN_POINT('',(5.,-1.975,0.61));
#1197 = VECTOR('',#1198,1.);
#1198 = DIRECTION('',(0.,1.,-1.110223024625E-16));
#1199 = ORIENTED_EDGE('',*,*,#1200,.T.);
#1200 = EDGE_CURVE('',#1193,#177,#1201,.T.);
#1201 = LINE('',#1202,#1203);
#1202 = CARTESIAN_POINT('',(5.,-0.975,0.61));
#1203 = VECTOR('',#1204,1.);
#1204 = DIRECTION('',(0.,-1.110223024625E-16,-1.));
#1205 = PLANE('',#1206);
#1206 = AXIS2_PLACEMENT_3D('',#1207,#1208,#1209);
#1207 = CARTESIAN_POINT('',(5.,1.775,6.E-02));
#1208 = DIRECTION('',(1.,0.,0.));
#1209 = DIRECTION('',(0.,-1.,1.110223024625E-16));
#1210 = ADVANCED_FACE('',(#1211),#1229,.F.);
#1211 = FACE_BOUND('',#1212,.F.);
#1212 = EDGE_LOOP('',(#1213,#1221,#1227,#1228));
#1213 = ORIENTED_EDGE('',*,*,#1214,.F.);
#1214 = EDGE_CURVE('',#1215,#488,#1217,.T.);
#1215 = VERTEX_POINT('',#1216);
#1216 = CARTESIAN_POINT('',(4.7,-0.975,0.61));
#1217 = LINE('',#1218,#1219);
#1218 = CARTESIAN_POINT('',(4.7,-0.975,0.61));
#1219 = VECTOR('',#1220,1.);
#1220 = DIRECTION('',(0.,0.,-1.));
#1221 = ORIENTED_EDGE('',*,*,#1222,.T.);
#1222 = EDGE_CURVE('',#1215,#1193,#1223,.T.);
#1223 = LINE('',#1224,#1225);
#1224 = CARTESIAN_POINT('',(4.5,-0.975,0.61));
#1225 = VECTOR('',#1226,1.);
#1226 = DIRECTION('',(1.,0.,0.));
#1227 = ORIENTED_EDGE('',*,*,#1200,.T.);
#1228 = ORIENTED_EDGE('',*,*,#495,.F.);
#1229 = PLANE('',#1230);
#1230 = AXIS2_PLACEMENT_3D('',#1231,#1232,#1233);
#1231 = CARTESIAN_POINT('',(4.5,-0.975,0.61));
#1232 = DIRECTION('',(0.,1.,-1.110223024625E-16));
#1233 = DIRECTION('',(0.,-1.110223024625E-16,-1.));
#1234 = ADVANCED_FACE('',(#1235),#1260,.T.);
#1235 = FACE_BOUND('',#1236,.T.);
#1236 = EDGE_LOOP('',(#1237,#1245,#1246,#1254));
#1237 = ORIENTED_EDGE('',*,*,#1238,.F.);
#1238 = EDGE_CURVE('',#480,#1239,#1241,.T.);
#1239 = VERTEX_POINT('',#1240);
#1240 = CARTESIAN_POINT('',(4.5,-0.975,1.E-02));
#1241 = LINE('',#1242,#1243);
#1242 = CARTESIAN_POINT('',(4.5,-0.975,0.61));
#1243 = VECTOR('',#1244,1.);
#1244 = DIRECTION('',(0.,0.,-1.));
#1245 = ORIENTED_EDGE('',*,*,#487,.T.);
#1246 = ORIENTED_EDGE('',*,*,#1247,.T.);
#1247 = EDGE_CURVE('',#488,#1248,#1250,.T.);
#1248 = VERTEX_POINT('',#1249);
#1249 = CARTESIAN_POINT('',(4.7,-0.975,1.E-02));
#1250 = LINE('',#1251,#1252);
#1251 = CARTESIAN_POINT('',(4.7,-0.975,0.61));
#1252 = VECTOR('',#1253,1.);
#1253 = DIRECTION('',(0.,0.,-1.));
#1254 = ORIENTED_EDGE('',*,*,#1255,.F.);
#1255 = EDGE_CURVE('',#1239,#1248,#1256,.T.);
#1256 = LINE('',#1257,#1258);
#1257 = CARTESIAN_POINT('',(4.5,-0.975,1.E-02));
#1258 = VECTOR('',#1259,1.);
#1259 = DIRECTION('',(1.,0.,0.));
#1260 = PLANE('',#1261);
#1261 = AXIS2_PLACEMENT_3D('',#1262,#1263,#1264);
#1262 = CARTESIAN_POINT('',(4.5,-0.975,0.61));
#1263 = DIRECTION('',(0.,1.,0.));
#1264 = DIRECTION('',(0.,0.,-1.));
#1265 = ADVANCED_FACE('',(#1266),#1284,.T.);
#1266 = FACE_BOUND('',#1267,.T.);
#1267 = EDGE_LOOP('',(#1268,#1276,#1282,#1283));
#1268 = ORIENTED_EDGE('',*,*,#1269,.T.);
#1269 = EDGE_CURVE('',#1239,#1270,#1272,.T.);
#1270 = VERTEX_POINT('',#1271);
#1271 = CARTESIAN_POINT('',(4.5,-2.475,1.E-02));
#1272 = LINE('',#1273,#1274);
#1273 = CARTESIAN_POINT('',(4.5,-0.975,1.E-02));
#1274 = VECTOR('',#1275,1.);
#1275 = DIRECTION('',(0.,-1.,-5.782411586589E-18));
#1276 = ORIENTED_EDGE('',*,*,#1277,.T.);
#1277 = EDGE_CURVE('',#1270,#472,#1278,.T.);
#1278 = LINE('',#1279,#1280);
#1279 = CARTESIAN_POINT('',(4.5,-2.475,1.E-02));
#1280 = VECTOR('',#1281,1.);
#1281 = DIRECTION('',(0.,0.,1.));
#1282 = ORIENTED_EDGE('',*,*,#479,.F.);
#1283 = ORIENTED_EDGE('',*,*,#1238,.T.);
#1284 = PLANE('',#1285);
#1285 = AXIS2_PLACEMENT_3D('',#1286,#1287,#1288);
#1286 = CARTESIAN_POINT('',(4.5,-1.843181818182,0.516818181818));
#1287 = DIRECTION('',(-1.,-0.,-0.));
#1288 = DIRECTION('',(0.,0.,-1.));
#1289 = ADVANCED_FACE('',(#1290),#1315,.F.);
#1290 = FACE_BOUND('',#1291,.F.);
#1291 = EDGE_LOOP('',(#1292,#1302,#1308,#1309));
#1292 = ORIENTED_EDGE('',*,*,#1293,.T.);
#1293 = EDGE_CURVE('',#1294,#1296,#1298,.T.);
#1294 = VERTEX_POINT('',#1295);
#1295 = CARTESIAN_POINT('',(-4.5,-0.975,1.E-02));
#1296 = VERTEX_POINT('',#1297);
#1297 = CARTESIAN_POINT('',(-4.5,-2.475,1.E-02));
#1298 = LINE('',#1299,#1300);
#1299 = CARTESIAN_POINT('',(-4.5,-0.975,1.E-02));
#1300 = VECTOR('',#1301,1.);
#1301 = DIRECTION('',(0.,-1.,-5.782411586589E-18));
#1302 = ORIENTED_EDGE('',*,*,#1303,.T.);
#1303 = EDGE_CURVE('',#1296,#464,#1304,.T.);
#1304 = LINE('',#1305,#1306);
#1305 = CARTESIAN_POINT('',(-4.5,-2.475,1.E-02));
#1306 = VECTOR('',#1307,1.);
#1307 = DIRECTION('',(0.,0.,1.));
#1308 = ORIENTED_EDGE('',*,*,#463,.F.);
#1309 = ORIENTED_EDGE('',*,*,#1310,.T.);
#1310 = EDGE_CURVE('',#456,#1294,#1311,.T.);
#1311 = LINE('',#1312,#1313);
#1312 = CARTESIAN_POINT('',(-4.5,-0.975,0.61));
#1313 = VECTOR('',#1314,1.);
#1314 = DIRECTION('',(0.,0.,-1.));
#1315 = PLANE('',#1316);
#1316 = AXIS2_PLACEMENT_3D('',#1317,#1318,#1319);
#1317 = CARTESIAN_POINT('',(-4.5,-1.843181818182,0.516818181818));
#1318 = DIRECTION('',(-1.,-0.,-0.));
#1319 = DIRECTION('',(0.,0.,-1.));
#1320 = ADVANCED_FACE('',(#1321),#1339,.T.);
#1321 = FACE_BOUND('',#1322,.T.);
#1322 = EDGE_LOOP('',(#1323,#1331,#1332,#1333));
#1323 = ORIENTED_EDGE('',*,*,#1324,.F.);
#1324 = EDGE_CURVE('',#448,#1325,#1327,.T.);
#1325 = VERTEX_POINT('',#1326);
#1326 = CARTESIAN_POINT('',(-4.7,-0.975,1.E-02));
#1327 = LINE('',#1328,#1329);
#1328 = CARTESIAN_POINT('',(-4.7,-0.975,0.61));
#1329 = VECTOR('',#1330,1.);
#1330 = DIRECTION('',(0.,0.,-1.));
#1331 = ORIENTED_EDGE('',*,*,#455,.T.);
#1332 = ORIENTED_EDGE('',*,*,#1310,.T.);
#1333 = ORIENTED_EDGE('',*,*,#1334,.F.);
#1334 = EDGE_CURVE('',#1325,#1294,#1335,.T.);
#1335 = LINE('',#1336,#1337);
#1336 = CARTESIAN_POINT('',(-4.7,-0.975,1.E-02));
#1337 = VECTOR('',#1338,1.);
#1338 = DIRECTION('',(1.,0.,0.));
#1339 = PLANE('',#1340);
#1340 = AXIS2_PLACEMENT_3D('',#1341,#1342,#1343);
#1341 = CARTESIAN_POINT('',(-4.7,-0.975,0.61));
#1342 = DIRECTION('',(0.,1.,0.));
#1343 = DIRECTION('',(0.,0.,-1.));
#1344 = ADVANCED_FACE('',(#1345),#1379,.T.);
#1345 = FACE_BOUND('',#1346,.T.);
#1346 = EDGE_LOOP('',(#1347,#1355,#1356,#1357,#1365,#1373));
#1347 = ORIENTED_EDGE('',*,*,#1348,.T.);
#1348 = EDGE_CURVE('',#1349,#425,#1351,.T.);
#1349 = VERTEX_POINT('',#1350);
#1350 = CARTESIAN_POINT('',(-3.6,1.675,0.));
#1351 = LINE('',#1352,#1353);
#1352 = CARTESIAN_POINT('',(-3.6,1.675,0.));
#1353 = VECTOR('',#1354,1.);
#1354 = DIRECTION('',(0.,0.,1.));
#1355 = ORIENTED_EDGE('',*,*,#432,.T.);
#1356 = ORIENTED_EDGE('',*,*,#920,.T.);
#1357 = ORIENTED_EDGE('',*,*,#1358,.T.);
#1358 = EDGE_CURVE('',#921,#1359,#1361,.T.);
#1359 = VERTEX_POINT('',#1360);
#1360 = CARTESIAN_POINT('',(-3.6,2.475,0.2));
#1361 = LINE('',#1362,#1363);
#1362 = CARTESIAN_POINT('',(-3.6,1.775,0.2));
#1363 = VECTOR('',#1364,1.);
#1364 = DIRECTION('',(0.,1.,0.));
#1365 = ORIENTED_EDGE('',*,*,#1366,.T.);
#1366 = EDGE_CURVE('',#1359,#1367,#1369,.T.);
#1367 = VERTEX_POINT('',#1368);
#1368 = CARTESIAN_POINT('',(-3.6,2.475,0.));
#1369 = LINE('',#1370,#1371);
#1370 = CARTESIAN_POINT('',(-3.6,2.475,0.2));
#1371 = VECTOR('',#1372,1.);
#1372 = DIRECTION('',(0.,0.,-1.));
#1373 = ORIENTED_EDGE('',*,*,#1374,.T.);
#1374 = EDGE_CURVE('',#1367,#1349,#1375,.T.);
#1375 = LINE('',#1376,#1377);
#1376 = CARTESIAN_POINT('',(-3.6,2.475,0.));
#1377 = VECTOR('',#1378,1.);
#1378 = DIRECTION('',(0.,-1.,0.));
#1379 = PLANE('',#1380);
#1380 = AXIS2_PLACEMENT_3D('',#1381,#1382,#1383);
#1381 = CARTESIAN_POINT('',(-3.6,2.082,9.3E-02));
#1382 = DIRECTION('',(-1.,-0.,-0.));
#1383 = DIRECTION('',(0.,0.,-1.));
#1384 = ADVANCED_FACE('',(#1385),#1403,.T.);
#1385 = FACE_BOUND('',#1386,.T.);
#1386 = EDGE_LOOP('',(#1387,#1395,#1401,#1402));
#1387 = ORIENTED_EDGE('',*,*,#1388,.T.);
#1388 = EDGE_CURVE('',#1349,#1389,#1391,.T.);
#1389 = VERTEX_POINT('',#1390);
#1390 = CARTESIAN_POINT('',(-3.4,1.675,0.));
#1391 = LINE('',#1392,#1393);
#1392 = CARTESIAN_POINT('',(-3.6,1.675,0.));
#1393 = VECTOR('',#1394,1.);
#1394 = DIRECTION('',(1.,0.,0.));
#1395 = ORIENTED_EDGE('',*,*,#1396,.T.);
#1396 = EDGE_CURVE('',#1389,#417,#1397,.T.);
#1397 = LINE('',#1398,#1399);
#1398 = CARTESIAN_POINT('',(-3.4,1.675,0.));
#1399 = VECTOR('',#1400,1.);
#1400 = DIRECTION('',(0.,0.,1.));
#1401 = ORIENTED_EDGE('',*,*,#424,.F.);
#1402 = ORIENTED_EDGE('',*,*,#1348,.F.);
#1403 = PLANE('',#1404);
#1404 = AXIS2_PLACEMENT_3D('',#1405,#1406,#1407);
#1405 = CARTESIAN_POINT('',(-3.6,1.675,0.));
#1406 = DIRECTION('',(0.,-1.,0.));
#1407 = DIRECTION('',(0.,0.,1.));
#1408 = ADVANCED_FACE('',(#1409),#1436,.F.);
#1409 = FACE_BOUND('',#1410,.F.);
#1410 = EDGE_LOOP('',(#1411,#1412,#1413,#1414,#1422,#1430));
#1411 = ORIENTED_EDGE('',*,*,#1396,.T.);
#1412 = ORIENTED_EDGE('',*,*,#416,.T.);
#1413 = ORIENTED_EDGE('',*,*,#936,.T.);
#1414 = ORIENTED_EDGE('',*,*,#1415,.T.);
#1415 = EDGE_CURVE('',#929,#1416,#1418,.T.);
#1416 = VERTEX_POINT('',#1417);
#1417 = CARTESIAN_POINT('',(-3.4,2.475,0.2));
#1418 = LINE('',#1419,#1420);
#1419 = CARTESIAN_POINT('',(-3.4,1.775,0.2));
#1420 = VECTOR('',#1421,1.);
#1421 = DIRECTION('',(0.,1.,0.));
#1422 = ORIENTED_EDGE('',*,*,#1423,.T.);
#1423 = EDGE_CURVE('',#1416,#1424,#1426,.T.);
#1424 = VERTEX_POINT('',#1425);
#1425 = CARTESIAN_POINT('',(-3.4,2.475,0.));
#1426 = LINE('',#1427,#1428);
#1427 = CARTESIAN_POINT('',(-3.4,2.475,0.2));
#1428 = VECTOR('',#1429,1.);
#1429 = DIRECTION('',(0.,0.,-1.));
#1430 = ORIENTED_EDGE('',*,*,#1431,.T.);
#1431 = EDGE_CURVE('',#1424,#1389,#1432,.T.);
#1432 = LINE('',#1433,#1434);
#1433 = CARTESIAN_POINT('',(-3.4,2.475,0.));
#1434 = VECTOR('',#1435,1.);
#1435 = DIRECTION('',(0.,-1.,0.));
#1436 = PLANE('',#1437);
#1437 = AXIS2_PLACEMENT_3D('',#1438,#1439,#1440);
#1438 = CARTESIAN_POINT('',(-3.4,2.082,9.3E-02));
#1439 = DIRECTION('',(-1.,-0.,-0.));
#1440 = DIRECTION('',(0.,0.,-1.));
#1441 = ADVANCED_FACE('',(#1442),#1476,.T.);
#1442 = FACE_BOUND('',#1443,.T.);
#1443 = EDGE_LOOP('',(#1444,#1452,#1453,#1454,#1462,#1470));
#1444 = ORIENTED_EDGE('',*,*,#1445,.T.);
#1445 = EDGE_CURVE('',#1446,#393,#1448,.T.);
#1446 = VERTEX_POINT('',#1447);
#1447 = CARTESIAN_POINT('',(-2.6,1.675,0.));
#1448 = LINE('',#1449,#1450);
#1449 = CARTESIAN_POINT('',(-2.6,1.675,0.));
#1450 = VECTOR('',#1451,1.);
#1451 = DIRECTION('',(0.,0.,1.));
#1452 = ORIENTED_EDGE('',*,*,#400,.T.);
#1453 = ORIENTED_EDGE('',*,*,#943,.T.);
#1454 = ORIENTED_EDGE('',*,*,#1455,.T.);
#1455 = EDGE_CURVE('',#944,#1456,#1458,.T.);
#1456 = VERTEX_POINT('',#1457);
#1457 = CARTESIAN_POINT('',(-2.6,2.475,0.2));
#1458 = LINE('',#1459,#1460);
#1459 = CARTESIAN_POINT('',(-2.6,1.775,0.2));
#1460 = VECTOR('',#1461,1.);
#1461 = DIRECTION('',(0.,1.,0.));
#1462 = ORIENTED_EDGE('',*,*,#1463,.T.);
#1463 = EDGE_CURVE('',#1456,#1464,#1466,.T.);
#1464 = VERTEX_POINT('',#1465);
#1465 = CARTESIAN_POINT('',(-2.6,2.475,0.));
#1466 = LINE('',#1467,#1468);
#1467 = CARTESIAN_POINT('',(-2.6,2.475,0.2));
#1468 = VECTOR('',#1469,1.);
#1469 = DIRECTION('',(0.,0.,-1.));
#1470 = ORIENTED_EDGE('',*,*,#1471,.T.);
#1471 = EDGE_CURVE('',#1464,#1446,#1472,.T.);
#1472 = LINE('',#1473,#1474);
#1473 = CARTESIAN_POINT('',(-2.6,2.475,0.));
#1474 = VECTOR('',#1475,1.);
#1475 = DIRECTION('',(0.,-1.,0.));
#1476 = PLANE('',#1477);
#1477 = AXIS2_PLACEMENT_3D('',#1478,#1479,#1480);
#1478 = CARTESIAN_POINT('',(-2.6,2.082,9.3E-02));
#1479 = DIRECTION('',(-1.,-0.,-0.));
#1480 = DIRECTION('',(0.,0.,-1.));
#1481 = ADVANCED_FACE('',(#1482),#1500,.T.);
#1482 = FACE_BOUND('',#1483,.T.);
#1483 = EDGE_LOOP('',(#1484,#1492,#1498,#1499));
#1484 = ORIENTED_EDGE('',*,*,#1485,.T.);
#1485 = EDGE_CURVE('',#1446,#1486,#1488,.T.);
#1486 = VERTEX_POINT('',#1487);
#1487 = CARTESIAN_POINT('',(-2.4,1.675,0.));
#1488 = LINE('',#1489,#1490);
#1489 = CARTESIAN_POINT('',(-2.6,1.675,0.));
#1490 = VECTOR('',#1491,1.);
#1491 = DIRECTION('',(1.,0.,0.));
#1492 = ORIENTED_EDGE('',*,*,#1493,.T.);
#1493 = EDGE_CURVE('',#1486,#385,#1494,.T.);
#1494 = LINE('',#1495,#1496);
#1495 = CARTESIAN_POINT('',(-2.4,1.675,0.));
#1496 = VECTOR('',#1497,1.);
#1497 = DIRECTION('',(0.,0.,1.));
#1498 = ORIENTED_EDGE('',*,*,#392,.F.);
#1499 = ORIENTED_EDGE('',*,*,#1445,.F.);
#1500 = PLANE('',#1501);
#1501 = AXIS2_PLACEMENT_3D('',#1502,#1503,#1504);
#1502 = CARTESIAN_POINT('',(-2.6,1.675,0.));
#1503 = DIRECTION('',(0.,-1.,0.));
#1504 = DIRECTION('',(0.,0.,1.));
#1505 = ADVANCED_FACE('',(#1506),#1533,.F.);
#1506 = FACE_BOUND('',#1507,.F.);
#1507 = EDGE_LOOP('',(#1508,#1509,#1510,#1511,#1519,#1527));
#1508 = ORIENTED_EDGE('',*,*,#1493,.T.);
#1509 = ORIENTED_EDGE('',*,*,#384,.T.);
#1510 = ORIENTED_EDGE('',*,*,#959,.T.);
#1511 = ORIENTED_EDGE('',*,*,#1512,.T.);
#1512 = EDGE_CURVE('',#952,#1513,#1515,.T.);
#1513 = VERTEX_POINT('',#1514);
#1514 = CARTESIAN_POINT('',(-2.4,2.475,0.2));
#1515 = LINE('',#1516,#1517);
#1516 = CARTESIAN_POINT('',(-2.4,1.775,0.2));
#1517 = VECTOR('',#1518,1.);
#1518 = DIRECTION('',(0.,1.,0.));
#1519 = ORIENTED_EDGE('',*,*,#1520,.T.);
#1520 = EDGE_CURVE('',#1513,#1521,#1523,.T.);
#1521 = VERTEX_POINT('',#1522);
#1522 = CARTESIAN_POINT('',(-2.4,2.475,0.));
#1523 = LINE('',#1524,#1525);
#1524 = CARTESIAN_POINT('',(-2.4,2.475,0.2));
#1525 = VECTOR('',#1526,1.);
#1526 = DIRECTION('',(0.,0.,-1.));
#1527 = ORIENTED_EDGE('',*,*,#1528,.T.);
#1528 = EDGE_CURVE('',#1521,#1486,#1529,.T.);
#1529 = LINE('',#1530,#1531);
#1530 = CARTESIAN_POINT('',(-2.4,2.475,0.));
#1531 = VECTOR('',#1532,1.);
#1532 = DIRECTION('',(0.,-1.,0.));
#1533 = PLANE('',#1534);
#1534 = AXIS2_PLACEMENT_3D('',#1535,#1536,#1537);
#1535 = CARTESIAN_POINT('',(-2.4,2.082,9.3E-02));
#1536 = DIRECTION('',(-1.,-0.,-0.));
#1537 = DIRECTION('',(0.,0.,-1.));
#1538 = ADVANCED_FACE('',(#1539),#1573,.T.);
#1539 = FACE_BOUND('',#1540,.T.);
#1540 = EDGE_LOOP('',(#1541,#1549,#1550,#1551,#1559,#1567));
#1541 = ORIENTED_EDGE('',*,*,#1542,.T.);
#1542 = EDGE_CURVE('',#1543,#361,#1545,.T.);
#1543 = VERTEX_POINT('',#1544);
#1544 = CARTESIAN_POINT('',(-1.6,1.675,0.));
#1545 = LINE('',#1546,#1547);
#1546 = CARTESIAN_POINT('',(-1.6,1.675,0.));
#1547 = VECTOR('',#1548,1.);
#1548 = DIRECTION('',(0.,0.,1.));
#1549 = ORIENTED_EDGE('',*,*,#368,.T.);
#1550 = ORIENTED_EDGE('',*,*,#966,.T.);
#1551 = ORIENTED_EDGE('',*,*,#1552,.T.);
#1552 = EDGE_CURVE('',#967,#1553,#1555,.T.);
#1553 = VERTEX_POINT('',#1554);
#1554 = CARTESIAN_POINT('',(-1.6,2.475,0.2));
#1555 = LINE('',#1556,#1557);
#1556 = CARTESIAN_POINT('',(-1.6,1.775,0.2));
#1557 = VECTOR('',#1558,1.);
#1558 = DIRECTION('',(0.,1.,0.));
#1559 = ORIENTED_EDGE('',*,*,#1560,.T.);
#1560 = EDGE_CURVE('',#1553,#1561,#1563,.T.);
#1561 = VERTEX_POINT('',#1562);
#1562 = CARTESIAN_POINT('',(-1.6,2.475,0.));
#1563 = LINE('',#1564,#1565);
#1564 = CARTESIAN_POINT('',(-1.6,2.475,0.2));
#1565 = VECTOR('',#1566,1.);
#1566 = DIRECTION('',(0.,0.,-1.));
#1567 = ORIENTED_EDGE('',*,*,#1568,.T.);
#1568 = EDGE_CURVE('',#1561,#1543,#1569,.T.);
#1569 = LINE('',#1570,#1571);
#1570 = CARTESIAN_POINT('',(-1.6,2.475,0.));
#1571 = VECTOR('',#1572,1.);
#1572 = DIRECTION('',(0.,-1.,0.));
#1573 = PLANE('',#1574);
#1574 = AXIS2_PLACEMENT_3D('',#1575,#1576,#1577);
#1575 = CARTESIAN_POINT('',(-1.6,2.082,9.3E-02));
#1576 = DIRECTION('',(-1.,-0.,-0.));
#1577 = DIRECTION('',(0.,0.,-1.));
#1578 = ADVANCED_FACE('',(#1579),#1597,.T.);
#1579 = FACE_BOUND('',#1580,.T.);
#1580 = EDGE_LOOP('',(#1581,#1589,#1595,#1596));
#1581 = ORIENTED_EDGE('',*,*,#1582,.T.);
#1582 = EDGE_CURVE('',#1543,#1583,#1585,.T.);
#1583 = VERTEX_POINT('',#1584);
#1584 = CARTESIAN_POINT('',(-1.4,1.675,0.));
#1585 = LINE('',#1586,#1587);
#1586 = CARTESIAN_POINT('',(-1.6,1.675,0.));
#1587 = VECTOR('',#1588,1.);
#1588 = DIRECTION('',(1.,0.,0.));
#1589 = ORIENTED_EDGE('',*,*,#1590,.T.);
#1590 = EDGE_CURVE('',#1583,#353,#1591,.T.);
#1591 = LINE('',#1592,#1593);
#1592 = CARTESIAN_POINT('',(-1.4,1.675,0.));
#1593 = VECTOR('',#1594,1.);
#1594 = DIRECTION('',(0.,0.,1.));
#1595 = ORIENTED_EDGE('',*,*,#360,.F.);
#1596 = ORIENTED_EDGE('',*,*,#1542,.F.);
#1597 = PLANE('',#1598);
#1598 = AXIS2_PLACEMENT_3D('',#1599,#1600,#1601);
#1599 = CARTESIAN_POINT('',(-1.6,1.675,0.));
#1600 = DIRECTION('',(0.,-1.,0.));
#1601 = DIRECTION('',(0.,0.,1.));
#1602 = ADVANCED_FACE('',(#1603),#1630,.F.);
#1603 = FACE_BOUND('',#1604,.F.);
#1604 = EDGE_LOOP('',(#1605,#1606,#1607,#1608,#1616,#1624));
#1605 = ORIENTED_EDGE('',*,*,#1590,.T.);
#1606 = ORIENTED_EDGE('',*,*,#352,.T.);
#1607 = ORIENTED_EDGE('',*,*,#982,.T.);
#1608 = ORIENTED_EDGE('',*,*,#1609,.T.);
#1609 = EDGE_CURVE('',#975,#1610,#1612,.T.);
#1610 = VERTEX_POINT('',#1611);
#1611 = CARTESIAN_POINT('',(-1.4,2.475,0.2));
#1612 = LINE('',#1613,#1614);
#1613 = CARTESIAN_POINT('',(-1.4,1.775,0.2));
#1614 = VECTOR('',#1615,1.);
#1615 = DIRECTION('',(0.,1.,0.));
#1616 = ORIENTED_EDGE('',*,*,#1617,.T.);
#1617 = EDGE_CURVE('',#1610,#1618,#1620,.T.);
#1618 = VERTEX_POINT('',#1619);
#1619 = CARTESIAN_POINT('',(-1.4,2.475,0.));
#1620 = LINE('',#1621,#1622);
#1621 = CARTESIAN_POINT('',(-1.4,2.475,0.2));
#1622 = VECTOR('',#1623,1.);
#1623 = DIRECTION('',(0.,0.,-1.));
#1624 = ORIENTED_EDGE('',*,*,#1625,.T.);
#1625 = EDGE_CURVE('',#1618,#1583,#1626,.T.);
#1626 = LINE('',#1627,#1628);
#1627 = CARTESIAN_POINT('',(-1.4,2.475,0.));
#1628 = VECTOR('',#1629,1.);
#1629 = DIRECTION('',(0.,-1.,0.));
#1630 = PLANE('',#1631);
#1631 = AXIS2_PLACEMENT_3D('',#1632,#1633,#1634);
#1632 = CARTESIAN_POINT('',(-1.4,2.082,9.3E-02));
#1633 = DIRECTION('',(-1.,-0.,-0.));
#1634 = DIRECTION('',(0.,0.,-1.));
#1635 = ADVANCED_FACE('',(#1636),#1670,.T.);
#1636 = FACE_BOUND('',#1637,.T.);
#1637 = EDGE_LOOP('',(#1638,#1646,#1647,#1648,#1656,#1664));
#1638 = ORIENTED_EDGE('',*,*,#1639,.T.);
#1639 = EDGE_CURVE('',#1640,#329,#1642,.T.);
#1640 = VERTEX_POINT('',#1641);
#1641 = CARTESIAN_POINT('',(-0.6,1.675,0.));
#1642 = LINE('',#1643,#1644);
#1643 = CARTESIAN_POINT('',(-0.6,1.675,0.));
#1644 = VECTOR('',#1645,1.);
#1645 = DIRECTION('',(0.,0.,1.));
#1646 = ORIENTED_EDGE('',*,*,#336,.T.);
#1647 = ORIENTED_EDGE('',*,*,#989,.T.);
#1648 = ORIENTED_EDGE('',*,*,#1649,.T.);
#1649 = EDGE_CURVE('',#990,#1650,#1652,.T.);
#1650 = VERTEX_POINT('',#1651);
#1651 = CARTESIAN_POINT('',(-0.6,2.475,0.2));
#1652 = LINE('',#1653,#1654);
#1653 = CARTESIAN_POINT('',(-0.6,1.775,0.2));
#1654 = VECTOR('',#1655,1.);
#1655 = DIRECTION('',(0.,1.,0.));
#1656 = ORIENTED_EDGE('',*,*,#1657,.T.);
#1657 = EDGE_CURVE('',#1650,#1658,#1660,.T.);
#1658 = VERTEX_POINT('',#1659);
#1659 = CARTESIAN_POINT('',(-0.6,2.475,0.));
#1660 = LINE('',#1661,#1662);
#1661 = CARTESIAN_POINT('',(-0.6,2.475,0.2));
#1662 = VECTOR('',#1663,1.);
#1663 = DIRECTION('',(0.,0.,-1.));
#1664 = ORIENTED_EDGE('',*,*,#1665,.T.);
#1665 = EDGE_CURVE('',#1658,#1640,#1666,.T.);
#1666 = LINE('',#1667,#1668);
#1667 = CARTESIAN_POINT('',(-0.6,2.475,0.));
#1668 = VECTOR('',#1669,1.);
#1669 = DIRECTION('',(0.,-1.,0.));
#1670 = PLANE('',#1671);
#1671 = AXIS2_PLACEMENT_3D('',#1672,#1673,#1674);
#1672 = CARTESIAN_POINT('',(-0.6,2.082,9.3E-02));
#1673 = DIRECTION('',(-1.,-0.,-0.));
#1674 = DIRECTION('',(0.,0.,-1.));
#1675 = ADVANCED_FACE('',(#1676),#1694,.T.);
#1676 = FACE_BOUND('',#1677,.T.);
#1677 = EDGE_LOOP('',(#1678,#1686,#1692,#1693));
#1678 = ORIENTED_EDGE('',*,*,#1679,.T.);
#1679 = EDGE_CURVE('',#1640,#1680,#1682,.T.);
#1680 = VERTEX_POINT('',#1681);
#1681 = CARTESIAN_POINT('',(-0.4,1.675,0.));
#1682 = LINE('',#1683,#1684);
#1683 = CARTESIAN_POINT('',(-0.6,1.675,0.));
#1684 = VECTOR('',#1685,1.);
#1685 = DIRECTION('',(1.,0.,0.));
#1686 = ORIENTED_EDGE('',*,*,#1687,.T.);
#1687 = EDGE_CURVE('',#1680,#321,#1688,.T.);
#1688 = LINE('',#1689,#1690);
#1689 = CARTESIAN_POINT('',(-0.4,1.675,0.));
#1690 = VECTOR('',#1691,1.);
#1691 = DIRECTION('',(0.,0.,1.));
#1692 = ORIENTED_EDGE('',*,*,#328,.F.);
#1693 = ORIENTED_EDGE('',*,*,#1639,.F.);
#1694 = PLANE('',#1695);
#1695 = AXIS2_PLACEMENT_3D('',#1696,#1697,#1698);
#1696 = CARTESIAN_POINT('',(-0.6,1.675,0.));
#1697 = DIRECTION('',(0.,-1.,0.));
#1698 = DIRECTION('',(0.,0.,1.));
#1699 = ADVANCED_FACE('',(#1700),#1727,.F.);
#1700 = FACE_BOUND('',#1701,.F.);
#1701 = EDGE_LOOP('',(#1702,#1703,#1704,#1705,#1713,#1721));
#1702 = ORIENTED_EDGE('',*,*,#1687,.T.);
#1703 = ORIENTED_EDGE('',*,*,#320,.T.);
#1704 = ORIENTED_EDGE('',*,*,#1005,.T.);
#1705 = ORIENTED_EDGE('',*,*,#1706,.T.);
#1706 = EDGE_CURVE('',#998,#1707,#1709,.T.);
#1707 = VERTEX_POINT('',#1708);
#1708 = CARTESIAN_POINT('',(-0.4,2.475,0.2));
#1709 = LINE('',#1710,#1711);
#1710 = CARTESIAN_POINT('',(-0.4,1.775,0.2));
#1711 = VECTOR('',#1712,1.);
#1712 = DIRECTION('',(0.,1.,0.));
#1713 = ORIENTED_EDGE('',*,*,#1714,.T.);
#1714 = EDGE_CURVE('',#1707,#1715,#1717,.T.);
#1715 = VERTEX_POINT('',#1716);
#1716 = CARTESIAN_POINT('',(-0.4,2.475,0.));
#1717 = LINE('',#1718,#1719);
#1718 = CARTESIAN_POINT('',(-0.4,2.475,0.2));
#1719 = VECTOR('',#1720,1.);
#1720 = DIRECTION('',(0.,0.,-1.));
#1721 = ORIENTED_EDGE('',*,*,#1722,.T.);
#1722 = EDGE_CURVE('',#1715,#1680,#1723,.T.);
#1723 = LINE('',#1724,#1725);
#1724 = CARTESIAN_POINT('',(-0.4,2.475,0.));
#1725 = VECTOR('',#1726,1.);
#1726 = DIRECTION('',(0.,-1.,0.));
#1727 = PLANE('',#1728);
#1728 = AXIS2_PLACEMENT_3D('',#1729,#1730,#1731);
#1729 = CARTESIAN_POINT('',(-0.4,2.082,9.3E-02));
#1730 = DIRECTION('',(-1.,-0.,-0.));
#1731 = DIRECTION('',(0.,0.,-1.));
#1732 = ADVANCED_FACE('',(#1733),#1767,.T.);
#1733 = FACE_BOUND('',#1734,.T.);
#1734 = EDGE_LOOP('',(#1735,#1743,#1744,#1745,#1753,#1761));
#1735 = ORIENTED_EDGE('',*,*,#1736,.T.);
#1736 = EDGE_CURVE('',#1737,#297,#1739,.T.);
#1737 = VERTEX_POINT('',#1738);
#1738 = CARTESIAN_POINT('',(0.4,1.675,0.));
#1739 = LINE('',#1740,#1741);
#1740 = CARTESIAN_POINT('',(0.4,1.675,0.));
#1741 = VECTOR('',#1742,1.);
#1742 = DIRECTION('',(0.,0.,1.));
#1743 = ORIENTED_EDGE('',*,*,#304,.T.);
#1744 = ORIENTED_EDGE('',*,*,#1012,.T.);
#1745 = ORIENTED_EDGE('',*,*,#1746,.T.);
#1746 = EDGE_CURVE('',#1013,#1747,#1749,.T.);
#1747 = VERTEX_POINT('',#1748);
#1748 = CARTESIAN_POINT('',(0.4,2.475,0.2));
#1749 = LINE('',#1750,#1751);
#1750 = CARTESIAN_POINT('',(0.4,1.775,0.2));
#1751 = VECTOR('',#1752,1.);
#1752 = DIRECTION('',(0.,1.,0.));
#1753 = ORIENTED_EDGE('',*,*,#1754,.T.);
#1754 = EDGE_CURVE('',#1747,#1755,#1757,.T.);
#1755 = VERTEX_POINT('',#1756);
#1756 = CARTESIAN_POINT('',(0.4,2.475,0.));
#1757 = LINE('',#1758,#1759);
#1758 = CARTESIAN_POINT('',(0.4,2.475,0.2));
#1759 = VECTOR('',#1760,1.);
#1760 = DIRECTION('',(0.,0.,-1.));
#1761 = ORIENTED_EDGE('',*,*,#1762,.T.);
#1762 = EDGE_CURVE('',#1755,#1737,#1763,.T.);
#1763 = LINE('',#1764,#1765);
#1764 = CARTESIAN_POINT('',(0.4,2.475,0.));
#1765 = VECTOR('',#1766,1.);
#1766 = DIRECTION('',(0.,-1.,0.));
#1767 = PLANE('',#1768);
#1768 = AXIS2_PLACEMENT_3D('',#1769,#1770,#1771);
#1769 = CARTESIAN_POINT('',(0.4,2.082,9.3E-02));
#1770 = DIRECTION('',(-1.,-0.,-0.));
#1771 = DIRECTION('',(0.,0.,-1.));
#1772 = ADVANCED_FACE('',(#1773),#1791,.T.);
#1773 = FACE_BOUND('',#1774,.T.);
#1774 = EDGE_LOOP('',(#1775,#1783,#1789,#1790));
#1775 = ORIENTED_EDGE('',*,*,#1776,.T.);
#1776 = EDGE_CURVE('',#1737,#1777,#1779,.T.);
#1777 = VERTEX_POINT('',#1778);
#1778 = CARTESIAN_POINT('',(0.6,1.675,0.));
#1779 = LINE('',#1780,#1781);
#1780 = CARTESIAN_POINT('',(0.4,1.675,0.));
#1781 = VECTOR('',#1782,1.);
#1782 = DIRECTION('',(1.,0.,0.));
#1783 = ORIENTED_EDGE('',*,*,#1784,.T.);
#1784 = EDGE_CURVE('',#1777,#289,#1785,.T.);
#1785 = LINE('',#1786,#1787);
#1786 = CARTESIAN_POINT('',(0.6,1.675,0.));
#1787 = VECTOR('',#1788,1.);
#1788 = DIRECTION('',(0.,0.,1.));
#1789 = ORIENTED_EDGE('',*,*,#296,.F.);
#1790 = ORIENTED_EDGE('',*,*,#1736,.F.);
#1791 = PLANE('',#1792);
#1792 = AXIS2_PLACEMENT_3D('',#1793,#1794,#1795);
#1793 = CARTESIAN_POINT('',(0.4,1.675,0.));
#1794 = DIRECTION('',(0.,-1.,0.));
#1795 = DIRECTION('',(0.,0.,1.));
#1796 = ADVANCED_FACE('',(#1797),#1824,.F.);
#1797 = FACE_BOUND('',#1798,.F.);
#1798 = EDGE_LOOP('',(#1799,#1800,#1801,#1802,#1810,#1818));
#1799 = ORIENTED_EDGE('',*,*,#1784,.T.);
#1800 = ORIENTED_EDGE('',*,*,#288,.T.);
#1801 = ORIENTED_EDGE('',*,*,#1028,.T.);
#1802 = ORIENTED_EDGE('',*,*,#1803,.T.);
#1803 = EDGE_CURVE('',#1021,#1804,#1806,.T.);
#1804 = VERTEX_POINT('',#1805);
#1805 = CARTESIAN_POINT('',(0.6,2.475,0.2));
#1806 = LINE('',#1807,#1808);
#1807 = CARTESIAN_POINT('',(0.6,1.775,0.2));
#1808 = VECTOR('',#1809,1.);
#1809 = DIRECTION('',(0.,1.,0.));
#1810 = ORIENTED_EDGE('',*,*,#1811,.T.);
#1811 = EDGE_CURVE('',#1804,#1812,#1814,.T.);
#1812 = VERTEX_POINT('',#1813);
#1813 = CARTESIAN_POINT('',(0.6,2.475,0.));
#1814 = LINE('',#1815,#1816);
#1815 = CARTESIAN_POINT('',(0.6,2.475,0.2));
#1816 = VECTOR('',#1817,1.);
#1817 = DIRECTION('',(0.,0.,-1.));
#1818 = ORIENTED_EDGE('',*,*,#1819,.T.);
#1819 = EDGE_CURVE('',#1812,#1777,#1820,.T.);
#1820 = LINE('',#1821,#1822);
#1821 = CARTESIAN_POINT('',(0.6,2.475,0.));
#1822 = VECTOR('',#1823,1.);
#1823 = DIRECTION('',(0.,-1.,0.));
#1824 = PLANE('',#1825);
#1825 = AXIS2_PLACEMENT_3D('',#1826,#1827,#1828);
#1826 = CARTESIAN_POINT('',(0.6,2.082,9.3E-02));
#1827 = DIRECTION('',(-1.,-0.,-0.));
#1828 = DIRECTION('',(0.,0.,-1.));
#1829 = ADVANCED_FACE('',(#1830),#1864,.T.);
#1830 = FACE_BOUND('',#1831,.T.);
#1831 = EDGE_LOOP('',(#1832,#1840,#1841,#1842,#1850,#1858));
#1832 = ORIENTED_EDGE('',*,*,#1833,.T.);
#1833 = EDGE_CURVE('',#1834,#265,#1836,.T.);
#1834 = VERTEX_POINT('',#1835);
#1835 = CARTESIAN_POINT('',(1.4,1.675,0.));
#1836 = LINE('',#1837,#1838);
#1837 = CARTESIAN_POINT('',(1.4,1.675,0.));
#1838 = VECTOR('',#1839,1.);
#1839 = DIRECTION('',(0.,0.,1.));
#1840 = ORIENTED_EDGE('',*,*,#272,.T.);
#1841 = ORIENTED_EDGE('',*,*,#1035,.T.);
#1842 = ORIENTED_EDGE('',*,*,#1843,.T.);
#1843 = EDGE_CURVE('',#1036,#1844,#1846,.T.);
#1844 = VERTEX_POINT('',#1845);
#1845 = CARTESIAN_POINT('',(1.4,2.475,0.2));
#1846 = LINE('',#1847,#1848);
#1847 = CARTESIAN_POINT('',(1.4,1.775,0.2));
#1848 = VECTOR('',#1849,1.);
#1849 = DIRECTION('',(0.,1.,0.));
#1850 = ORIENTED_EDGE('',*,*,#1851,.T.);
#1851 = EDGE_CURVE('',#1844,#1852,#1854,.T.);
#1852 = VERTEX_POINT('',#1853);
#1853 = CARTESIAN_POINT('',(1.4,2.475,0.));
#1854 = LINE('',#1855,#1856);
#1855 = CARTESIAN_POINT('',(1.4,2.475,0.2));
#1856 = VECTOR('',#1857,1.);
#1857 = DIRECTION('',(0.,0.,-1.));
#1858 = ORIENTED_EDGE('',*,*,#1859,.T.);
#1859 = EDGE_CURVE('',#1852,#1834,#1860,.T.);
#1860 = LINE('',#1861,#1862);
#1861 = CARTESIAN_POINT('',(1.4,2.475,0.));
#1862 = VECTOR('',#1863,1.);
#1863 = DIRECTION('',(0.,-1.,0.));
#1864 = PLANE('',#1865);
#1865 = AXIS2_PLACEMENT_3D('',#1866,#1867,#1868);
#1866 = CARTESIAN_POINT('',(1.4,2.082,9.3E-02));
#1867 = DIRECTION('',(-1.,-0.,-0.));
#1868 = DIRECTION('',(0.,0.,-1.));
#1869 = ADVANCED_FACE('',(#1870),#1888,.T.);
#1870 = FACE_BOUND('',#1871,.T.);
#1871 = EDGE_LOOP('',(#1872,#1880,#1886,#1887));
#1872 = ORIENTED_EDGE('',*,*,#1873,.T.);
#1873 = EDGE_CURVE('',#1834,#1874,#1876,.T.);
#1874 = VERTEX_POINT('',#1875);
#1875 = CARTESIAN_POINT('',(1.6,1.675,0.));
#1876 = LINE('',#1877,#1878);
#1877 = CARTESIAN_POINT('',(1.4,1.675,0.));
#1878 = VECTOR('',#1879,1.);
#1879 = DIRECTION('',(1.,0.,0.));
#1880 = ORIENTED_EDGE('',*,*,#1881,.T.);
#1881 = EDGE_CURVE('',#1874,#257,#1882,.T.);
#1882 = LINE('',#1883,#1884);
#1883 = CARTESIAN_POINT('',(1.6,1.675,0.));
#1884 = VECTOR('',#1885,1.);
#1885 = DIRECTION('',(0.,0.,1.));
#1886 = ORIENTED_EDGE('',*,*,#264,.F.);
#1887 = ORIENTED_EDGE('',*,*,#1833,.F.);
#1888 = PLANE('',#1889);
#1889 = AXIS2_PLACEMENT_3D('',#1890,#1891,#1892);
#1890 = CARTESIAN_POINT('',(1.4,1.675,0.));
#1891 = DIRECTION('',(0.,-1.,0.));
#1892 = DIRECTION('',(0.,0.,1.));
#1893 = ADVANCED_FACE('',(#1894),#1921,.F.);
#1894 = FACE_BOUND('',#1895,.F.);
#1895 = EDGE_LOOP('',(#1896,#1897,#1898,#1899,#1907,#1915));
#1896 = ORIENTED_EDGE('',*,*,#1881,.T.);
#1897 = ORIENTED_EDGE('',*,*,#256,.T.);
#1898 = ORIENTED_EDGE('',*,*,#1051,.T.);
#1899 = ORIENTED_EDGE('',*,*,#1900,.T.);
#1900 = EDGE_CURVE('',#1044,#1901,#1903,.T.);
#1901 = VERTEX_POINT('',#1902);
#1902 = CARTESIAN_POINT('',(1.6,2.475,0.2));
#1903 = LINE('',#1904,#1905);
#1904 = CARTESIAN_POINT('',(1.6,1.775,0.2));
#1905 = VECTOR('',#1906,1.);
#1906 = DIRECTION('',(0.,1.,0.));
#1907 = ORIENTED_EDGE('',*,*,#1908,.T.);
#1908 = EDGE_CURVE('',#1901,#1909,#1911,.T.);
#1909 = VERTEX_POINT('',#1910);
#1910 = CARTESIAN_POINT('',(1.6,2.475,0.));
#1911 = LINE('',#1912,#1913);
#1912 = CARTESIAN_POINT('',(1.6,2.475,0.2));
#1913 = VECTOR('',#1914,1.);
#1914 = DIRECTION('',(0.,0.,-1.));
#1915 = ORIENTED_EDGE('',*,*,#1916,.T.);
#1916 = EDGE_CURVE('',#1909,#1874,#1917,.T.);
#1917 = LINE('',#1918,#1919);
#1918 = CARTESIAN_POINT('',(1.6,2.475,0.));
#1919 = VECTOR('',#1920,1.);
#1920 = DIRECTION('',(0.,-1.,0.));
#1921 = PLANE('',#1922);
#1922 = AXIS2_PLACEMENT_3D('',#1923,#1924,#1925);
#1923 = CARTESIAN_POINT('',(1.6,2.082,9.3E-02));
#1924 = DIRECTION('',(-1.,-0.,-0.));
#1925 = DIRECTION('',(0.,0.,-1.));
#1926 = ADVANCED_FACE('',(#1927),#1961,.T.);
#1927 = FACE_BOUND('',#1928,.T.);
#1928 = EDGE_LOOP('',(#1929,#1937,#1938,#1939,#1947,#1955));
#1929 = ORIENTED_EDGE('',*,*,#1930,.T.);
#1930 = EDGE_CURVE('',#1931,#233,#1933,.T.);
#1931 = VERTEX_POINT('',#1932);
#1932 = CARTESIAN_POINT('',(2.4,1.675,0.));
#1933 = LINE('',#1934,#1935);
#1934 = CARTESIAN_POINT('',(2.4,1.675,0.));
#1935 = VECTOR('',#1936,1.);
#1936 = DIRECTION('',(0.,0.,1.));
#1937 = ORIENTED_EDGE('',*,*,#240,.T.);
#1938 = ORIENTED_EDGE('',*,*,#1058,.T.);
#1939 = ORIENTED_EDGE('',*,*,#1940,.T.);
#1940 = EDGE_CURVE('',#1059,#1941,#1943,.T.);
#1941 = VERTEX_POINT('',#1942);
#1942 = CARTESIAN_POINT('',(2.4,2.475,0.2));
#1943 = LINE('',#1944,#1945);
#1944 = CARTESIAN_POINT('',(2.4,1.775,0.2));
#1945 = VECTOR('',#1946,1.);
#1946 = DIRECTION('',(0.,1.,0.));
#1947 = ORIENTED_EDGE('',*,*,#1948,.T.);
#1948 = EDGE_CURVE('',#1941,#1949,#1951,.T.);
#1949 = VERTEX_POINT('',#1950);
#1950 = CARTESIAN_POINT('',(2.4,2.475,0.));
#1951 = LINE('',#1952,#1953);
#1952 = CARTESIAN_POINT('',(2.4,2.475,0.2));
#1953 = VECTOR('',#1954,1.);
#1954 = DIRECTION('',(0.,0.,-1.));
#1955 = ORIENTED_EDGE('',*,*,#1956,.T.);
#1956 = EDGE_CURVE('',#1949,#1931,#1957,.T.);
#1957 = LINE('',#1958,#1959);
#1958 = CARTESIAN_POINT('',(2.4,2.475,0.));
#1959 = VECTOR('',#1960,1.);
#1960 = DIRECTION('',(0.,-1.,0.));
#1961 = PLANE('',#1962);
#1962 = AXIS2_PLACEMENT_3D('',#1963,#1964,#1965);
#1963 = CARTESIAN_POINT('',(2.4,2.082,9.3E-02));
#1964 = DIRECTION('',(-1.,-0.,-0.));
#1965 = DIRECTION('',(0.,0.,-1.));
#1966 = ADVANCED_FACE('',(#1967),#1985,.T.);
#1967 = FACE_BOUND('',#1968,.T.);
#1968 = EDGE_LOOP('',(#1969,#1977,#1983,#1984));
#1969 = ORIENTED_EDGE('',*,*,#1970,.T.);
#1970 = EDGE_CURVE('',#1931,#1971,#1973,.T.);
#1971 = VERTEX_POINT('',#1972);
#1972 = CARTESIAN_POINT('',(2.6,1.675,0.));
#1973 = LINE('',#1974,#1975);
#1974 = CARTESIAN_POINT('',(2.4,1.675,0.));
#1975 = VECTOR('',#1976,1.);
#1976 = DIRECTION('',(1.,0.,0.));
#1977 = ORIENTED_EDGE('',*,*,#1978,.T.);
#1978 = EDGE_CURVE('',#1971,#225,#1979,.T.);
#1979 = LINE('',#1980,#1981);
#1980 = CARTESIAN_POINT('',(2.6,1.675,0.));
#1981 = VECTOR('',#1982,1.);
#1982 = DIRECTION('',(0.,0.,1.));
#1983 = ORIENTED_EDGE('',*,*,#232,.F.);
#1984 = ORIENTED_EDGE('',*,*,#1930,.F.);
#1985 = PLANE('',#1986);
#1986 = AXIS2_PLACEMENT_3D('',#1987,#1988,#1989);
#1987 = CARTESIAN_POINT('',(2.4,1.675,0.));
#1988 = DIRECTION('',(0.,-1.,0.));
#1989 = DIRECTION('',(0.,0.,1.));
#1990 = ADVANCED_FACE('',(#1991),#2018,.F.);
#1991 = FACE_BOUND('',#1992,.F.);
#1992 = EDGE_LOOP('',(#1993,#1994,#1995,#1996,#2004,#2012));
#1993 = ORIENTED_EDGE('',*,*,#1978,.T.);
#1994 = ORIENTED_EDGE('',*,*,#224,.T.);
#1995 = ORIENTED_EDGE('',*,*,#1074,.T.);
#1996 = ORIENTED_EDGE('',*,*,#1997,.T.);
#1997 = EDGE_CURVE('',#1067,#1998,#2000,.T.);
#1998 = VERTEX_POINT('',#1999);
#1999 = CARTESIAN_POINT('',(2.6,2.475,0.2));
#2000 = LINE('',#2001,#2002);
#2001 = CARTESIAN_POINT('',(2.6,1.775,0.2));
#2002 = VECTOR('',#2003,1.);
#2003 = DIRECTION('',(0.,1.,0.));
#2004 = ORIENTED_EDGE('',*,*,#2005,.T.);
#2005 = EDGE_CURVE('',#1998,#2006,#2008,.T.);
#2006 = VERTEX_POINT('',#2007);
#2007 = CARTESIAN_POINT('',(2.6,2.475,0.));
#2008 = LINE('',#2009,#2010);
#2009 = CARTESIAN_POINT('',(2.6,2.475,0.2));
#2010 = VECTOR('',#2011,1.);
#2011 = DIRECTION('',(0.,0.,-1.));
#2012 = ORIENTED_EDGE('',*,*,#2013,.T.);
#2013 = EDGE_CURVE('',#2006,#1971,#2014,.T.);
#2014 = LINE('',#2015,#2016);
#2015 = CARTESIAN_POINT('',(2.6,2.475,0.));
#2016 = VECTOR('',#2017,1.);
#2017 = DIRECTION('',(0.,-1.,0.));
#2018 = PLANE('',#2019);
#2019 = AXIS2_PLACEMENT_3D('',#2020,#2021,#2022);
#2020 = CARTESIAN_POINT('',(2.6,2.082,9.3E-02));
#2021 = DIRECTION('',(-1.,-0.,-0.));
#2022 = DIRECTION('',(0.,0.,-1.));
#2023 = ADVANCED_FACE('',(#2024),#2058,.T.);
#2024 = FACE_BOUND('',#2025,.T.);
#2025 = EDGE_LOOP('',(#2026,#2034,#2035,#2036,#2044,#2052));
#2026 = ORIENTED_EDGE('',*,*,#2027,.T.);
#2027 = EDGE_CURVE('',#2028,#201,#2030,.T.);
#2028 = VERTEX_POINT('',#2029);
#2029 = CARTESIAN_POINT('',(3.4,1.675,0.));
#2030 = LINE('',#2031,#2032);
#2031 = CARTESIAN_POINT('',(3.4,1.675,0.));
#2032 = VECTOR('',#2033,1.);
#2033 = DIRECTION('',(0.,0.,1.));
#2034 = ORIENTED_EDGE('',*,*,#208,.T.);
#2035 = ORIENTED_EDGE('',*,*,#1081,.T.);
#2036 = ORIENTED_EDGE('',*,*,#2037,.T.);
#2037 = EDGE_CURVE('',#1082,#2038,#2040,.T.);
#2038 = VERTEX_POINT('',#2039);
#2039 = CARTESIAN_POINT('',(3.4,2.475,0.2));
#2040 = LINE('',#2041,#2042);
#2041 = CARTESIAN_POINT('',(3.4,1.775,0.2));
#2042 = VECTOR('',#2043,1.);
#2043 = DIRECTION('',(0.,1.,0.));
#2044 = ORIENTED_EDGE('',*,*,#2045,.T.);
#2045 = EDGE_CURVE('',#2038,#2046,#2048,.T.);
#2046 = VERTEX_POINT('',#2047);
#2047 = CARTESIAN_POINT('',(3.4,2.475,0.));
#2048 = LINE('',#2049,#2050);
#2049 = CARTESIAN_POINT('',(3.4,2.475,0.2));
#2050 = VECTOR('',#2051,1.);
#2051 = DIRECTION('',(0.,0.,-1.));
#2052 = ORIENTED_EDGE('',*,*,#2053,.T.);
#2053 = EDGE_CURVE('',#2046,#2028,#2054,.T.);
#2054 = LINE('',#2055,#2056);
#2055 = CARTESIAN_POINT('',(3.4,2.475,0.));
#2056 = VECTOR('',#2057,1.);
#2057 = DIRECTION('',(0.,-1.,0.));
#2058 = PLANE('',#2059);
#2059 = AXIS2_PLACEMENT_3D('',#2060,#2061,#2062);
#2060 = CARTESIAN_POINT('',(3.4,2.082,9.3E-02));
#2061 = DIRECTION('',(-1.,-0.,-0.));
#2062 = DIRECTION('',(0.,0.,-1.));
#2063 = ADVANCED_FACE('',(#2064),#2082,.T.);
#2064 = FACE_BOUND('',#2065,.T.);
#2065 = EDGE_LOOP('',(#2066,#2074,#2080,#2081));
#2066 = ORIENTED_EDGE('',*,*,#2067,.T.);
#2067 = EDGE_CURVE('',#2028,#2068,#2070,.T.);
#2068 = VERTEX_POINT('',#2069);
#2069 = CARTESIAN_POINT('',(3.6,1.675,0.));
#2070 = LINE('',#2071,#2072);
#2071 = CARTESIAN_POINT('',(3.4,1.675,0.));
#2072 = VECTOR('',#2073,1.);
#2073 = DIRECTION('',(1.,0.,0.));
#2074 = ORIENTED_EDGE('',*,*,#2075,.T.);
#2075 = EDGE_CURVE('',#2068,#193,#2076,.T.);
#2076 = LINE('',#2077,#2078);
#2077 = CARTESIAN_POINT('',(3.6,1.675,0.));
#2078 = VECTOR('',#2079,1.);
#2079 = DIRECTION('',(0.,0.,1.));
#2080 = ORIENTED_EDGE('',*,*,#200,.F.);
#2081 = ORIENTED_EDGE('',*,*,#2027,.F.);
#2082 = PLANE('',#2083);
#2083 = AXIS2_PLACEMENT_3D('',#2084,#2085,#2086);
#2084 = CARTESIAN_POINT('',(3.4,1.675,0.));
#2085 = DIRECTION('',(0.,-1.,0.));
#2086 = DIRECTION('',(0.,0.,1.));
#2087 = ADVANCED_FACE('',(#2088),#2115,.F.);
#2088 = FACE_BOUND('',#2089,.F.);
#2089 = EDGE_LOOP('',(#2090,#2091,#2092,#2093,#2101,#2109));
#2090 = ORIENTED_EDGE('',*,*,#2075,.T.);
#2091 = ORIENTED_EDGE('',*,*,#192,.T.);
#2092 = ORIENTED_EDGE('',*,*,#1097,.T.);
#2093 = ORIENTED_EDGE('',*,*,#2094,.T.);
#2094 = EDGE_CURVE('',#1090,#2095,#2097,.T.);
#2095 = VERTEX_POINT('',#2096);
#2096 = CARTESIAN_POINT('',(3.6,2.475,0.2));
#2097 = LINE('',#2098,#2099);
#2098 = CARTESIAN_POINT('',(3.6,1.775,0.2));
#2099 = VECTOR('',#2100,1.);
#2100 = DIRECTION('',(0.,1.,0.));
#2101 = ORIENTED_EDGE('',*,*,#2102,.T.);
#2102 = EDGE_CURVE('',#2095,#2103,#2105,.T.);
#2103 = VERTEX_POINT('',#2104);
#2104 = CARTESIAN_POINT('',(3.6,2.475,0.));
#2105 = LINE('',#2106,#2107);
#2106 = CARTESIAN_POINT('',(3.6,2.475,0.2));
#2107 = VECTOR('',#2108,1.);
#2108 = DIRECTION('',(0.,0.,-1.));
#2109 = ORIENTED_EDGE('',*,*,#2110,.T.);
#2110 = EDGE_CURVE('',#2103,#2068,#2111,.T.);
#2111 = LINE('',#2112,#2113);
#2112 = CARTESIAN_POINT('',(3.6,2.475,0.));
#2113 = VECTOR('',#2114,1.);
#2114 = DIRECTION('',(0.,-1.,0.));
#2115 = PLANE('',#2116);
#2116 = AXIS2_PLACEMENT_3D('',#2117,#2118,#2119);
#2117 = CARTESIAN_POINT('',(3.6,2.082,9.3E-02));
#2118 = DIRECTION('',(-1.,-0.,-0.));
#2119 = DIRECTION('',(0.,0.,-1.));
#2120 = ADVANCED_FACE('',(#2121),#2142,.T.);
#2121 = FACE_BOUND('',#2122,.T.);
#2122 = EDGE_LOOP('',(#2123,#2131,#2132,#2133,#2134,#2135,#2136));
#2123 = ORIENTED_EDGE('',*,*,#2124,.T.);
#2124 = EDGE_CURVE('',#2125,#583,#2127,.T.);
#2125 = VERTEX_POINT('',#2126);
#2126 = CARTESIAN_POINT('',(-4.7,-2.475,1.E-02));
#2127 = LINE('',#2128,#2129);
#2128 = CARTESIAN_POINT('',(-4.7,-2.475,1.E-02));
#2129 = VECTOR('',#2130,1.);
#2130 = DIRECTION('',(0.,0.,1.));
#2131 = ORIENTED_EDGE('',*,*,#590,.T.);
#2132 = ORIENTED_EDGE('',*,*,#566,.T.);
#2133 = ORIENTED_EDGE('',*,*,#542,.T.);
#2134 = ORIENTED_EDGE('',*,*,#518,.T.);
#2135 = ORIENTED_EDGE('',*,*,#1324,.T.);
#2136 = ORIENTED_EDGE('',*,*,#2137,.T.);
#2137 = EDGE_CURVE('',#1325,#2125,#2138,.T.);
#2138 = LINE('',#2139,#2140);
#2139 = CARTESIAN_POINT('',(-4.7,-0.975,1.E-02));
#2140 = VECTOR('',#2141,1.);
#2141 = DIRECTION('',(0.,-1.,-5.782411586589E-18));
#2142 = PLANE('',#2143);
#2143 = AXIS2_PLACEMENT_3D('',#2144,#2145,#2146);
#2144 = CARTESIAN_POINT('',(-4.7,-1.843181818182,0.516818181818));
#2145 = DIRECTION('',(-1.,-0.,-0.));
#2146 = DIRECTION('',(0.,0.,-1.));
#2147 = ADVANCED_FACE('',(#2148),#2160,.T.);
#2148 = FACE_BOUND('',#2149,.T.);
#2149 = EDGE_LOOP('',(#2150,#2156,#2157,#2158,#2159));
#2150 = ORIENTED_EDGE('',*,*,#2151,.T.);
#2151 = EDGE_CURVE('',#2125,#1296,#2152,.T.);
#2152 = LINE('',#2153,#2154);
#2153 = CARTESIAN_POINT('',(-4.7,-2.475,1.E-02));
#2154 = VECTOR('',#2155,1.);
#2155 = DIRECTION('',(1.,0.,0.));
#2156 = ORIENTED_EDGE('',*,*,#1303,.T.);
#2157 = ORIENTED_EDGE('',*,*,#615,.T.);
#2158 = ORIENTED_EDGE('',*,*,#607,.F.);
#2159 = ORIENTED_EDGE('',*,*,#2124,.F.);
#2160 = PLANE('',#2161);
#2161 = AXIS2_PLACEMENT_3D('',#2162,#2163,#2164);
#2162 = CARTESIAN_POINT('',(-4.7,-2.475,1.E-02));
#2163 = DIRECTION('',(0.,-1.,0.));
#2164 = DIRECTION('',(0.,0.,1.));
#2165 = ADVANCED_FACE('',(#2166),#2185,.T.);
#2166 = FACE_BOUND('',#2167,.T.);
#2167 = EDGE_LOOP('',(#2168,#2176,#2182,#2183,#2184));
#2168 = ORIENTED_EDGE('',*,*,#2169,.T.);
#2169 = EDGE_CURVE('',#1270,#2170,#2172,.T.);
#2170 = VERTEX_POINT('',#2171);
#2171 = CARTESIAN_POINT('',(4.7,-2.475,1.E-02));
#2172 = LINE('',#2173,#2174);
#2173 = CARTESIAN_POINT('',(4.5,-2.475,1.E-02));
#2174 = VECTOR('',#2175,1.);
#2175 = DIRECTION('',(1.,0.,0.));
#2176 = ORIENTED_EDGE('',*,*,#2177,.T.);
#2177 = EDGE_CURVE('',#2170,#631,#2178,.T.);
#2178 = LINE('',#2179,#2180);
#2179 = CARTESIAN_POINT('',(4.7,-2.475,1.E-02));
#2180 = VECTOR('',#2181,1.);
#2181 = DIRECTION('',(0.,0.,1.));
#2182 = ORIENTED_EDGE('',*,*,#630,.F.);
#2183 = ORIENTED_EDGE('',*,*,#622,.F.);
#2184 = ORIENTED_EDGE('',*,*,#1277,.F.);
#2185 = PLANE('',#2186);
#2186 = AXIS2_PLACEMENT_3D('',#2187,#2188,#2189);
#2187 = CARTESIAN_POINT('',(4.5,-2.475,1.E-02));
#2188 = DIRECTION('',(0.,-1.,0.));
#2189 = DIRECTION('',(0.,0.,1.));
#2190 = ADVANCED_FACE('',(#2191),#2209,.F.);
#2191 = FACE_BOUND('',#2192,.F.);
#2192 = EDGE_LOOP('',(#2193,#2201,#2202,#2203));
#2193 = ORIENTED_EDGE('',*,*,#2194,.F.);
#2194 = EDGE_CURVE('',#631,#2195,#2197,.T.);
#2195 = VERTEX_POINT('',#2196);
#2196 = CARTESIAN_POINT('',(4.7,-1.975,1.26));
#2197 = LINE('',#2198,#2199);
#2198 = CARTESIAN_POINT('',(4.7,-2.475,1.26));
#2199 = VECTOR('',#2200,1.);
#2200 = DIRECTION('',(0.,1.,0.));
#2201 = ORIENTED_EDGE('',*,*,#638,.T.);
#2202 = ORIENTED_EDGE('',*,*,#1176,.T.);
#2203 = ORIENTED_EDGE('',*,*,#2204,.F.);
#2204 = EDGE_CURVE('',#2195,#1177,#2205,.T.);
#2205 = LINE('',#2206,#2207);
#2206 = CARTESIAN_POINT('',(4.5,-1.975,1.26));
#2207 = VECTOR('',#2208,1.);
#2208 = DIRECTION('',(1.,0.,0.));
#2209 = PLANE('',#2210);
#2210 = AXIS2_PLACEMENT_3D('',#2211,#2212,#2213);
#2211 = CARTESIAN_POINT('',(4.5,-2.475,1.26));
#2212 = DIRECTION('',(0.,1.110223024625E-16,1.));
#2213 = DIRECTION('',(0.,1.,-1.110223024625E-16));
#2214 = ADVANCED_FACE('',(#2215),#2263,.F.);
#2215 = FACE_BOUND('',#2216,.F.);
#2216 = EDGE_LOOP('',(#2217,#2218,#2226,#2234,#2240,#2241,#2249,#2257));
#2217 = ORIENTED_EDGE('',*,*,#662,.F.);
#2218 = ORIENTED_EDGE('',*,*,#2219,.T.);
#2219 = EDGE_CURVE('',#663,#2220,#2222,.T.);
#2220 = VERTEX_POINT('',#2221);
#2221 = CARTESIAN_POINT('',(4.2,0.525,0.46));
#2222 = LINE('',#2223,#2224);
#2223 = CARTESIAN_POINT('',(4.2,-2.475,0.46));
#2224 = VECTOR('',#2225,1.);
#2225 = DIRECTION('',(0.,1.,-1.110223024625E-16));
#2226 = ORIENTED_EDGE('',*,*,#2227,.T.);
#2227 = EDGE_CURVE('',#2220,#2228,#2230,.T.);
#2228 = VERTEX_POINT('',#2229);
#2229 = CARTESIAN_POINT('',(4.2,0.525,2.56));
#2230 = LINE('',#2231,#2232);
#2231 = CARTESIAN_POINT('',(4.2,0.525,0.46));
#2232 = VECTOR('',#2233,1.);
#2233 = DIRECTION('',(0.,1.110223024625E-16,1.));
#2234 = ORIENTED_EDGE('',*,*,#2235,.F.);
#2235 = EDGE_CURVE('',#721,#2228,#2236,.T.);
#2236 = LINE('',#2237,#2238);
#2237 = CARTESIAN_POINT('',(4.2,-2.475,2.56));
#2238 = VECTOR('',#2239,1.);
#2239 = DIRECTION('',(0.,1.,-1.110223024625E-16));
#2240 = ORIENTED_EDGE('',*,*,#728,.F.);
#2241 = ORIENTED_EDGE('',*,*,#2242,.F.);
#2242 = EDGE_CURVE('',#2243,#729,#2245,.T.);
#2243 = VERTEX_POINT('',#2244);
#2244 = CARTESIAN_POINT('',(4.2,-7.5E-02,2.06));
#2245 = LINE('',#2246,#2247);
#2246 = CARTESIAN_POINT('',(4.2,-2.475,2.06));
#2247 = VECTOR('',#2248,1.);
#2248 = DIRECTION('',(0.,-1.,1.110223024625E-16));
#2249 = ORIENTED_EDGE('',*,*,#2250,.T.);
#2250 = EDGE_CURVE('',#2243,#2251,#2253,.T.);
#2251 = VERTEX_POINT('',#2252);
#2252 = CARTESIAN_POINT('',(4.2,-7.5E-02,1.46));
#2253 = LINE('',#2254,#2255);
#2254 = CARTESIAN_POINT('',(4.2,-7.5E-02,1.11));
#2255 = VECTOR('',#2256,1.);
#2256 = DIRECTION('',(0.,-1.110223024625E-16,-1.));
#2257 = ORIENTED_EDGE('',*,*,#2258,.F.);
#2258 = EDGE_CURVE('',#665,#2251,#2259,.T.);
#2259 = LINE('',#2260,#2261);
#2260 = CARTESIAN_POINT('',(4.2,-2.475,1.46));
#2261 = VECTOR('',#2262,1.);
#2262 = DIRECTION('',(0.,1.,-1.110223024625E-16));
#2263 = PLANE('',#2264);
#2264 = AXIS2_PLACEMENT_3D('',#2265,#2266,#2267);
#2265 = CARTESIAN_POINT('',(4.2,-2.475,0.46));
#2266 = DIRECTION('',(1.,0.,0.));
#2267 = DIRECTION('',(-0.,1.110223024625E-16,1.));
#2268 = ADVANCED_FACE('',(#2269),#2287,.F.);
#2269 = FACE_BOUND('',#2270,.F.);
#2270 = EDGE_LOOP('',(#2271,#2272,#2273,#2281));
#2271 = ORIENTED_EDGE('',*,*,#752,.F.);
#2272 = ORIENTED_EDGE('',*,*,#2258,.T.);
#2273 = ORIENTED_EDGE('',*,*,#2274,.T.);
#2274 = EDGE_CURVE('',#2251,#2275,#2277,.T.);
#2275 = VERTEX_POINT('',#2276);
#2276 = CARTESIAN_POINT('',(4.55,-7.5E-02,1.46));
#2277 = LINE('',#2278,#2279);
#2278 = CARTESIAN_POINT('',(-4.55,-7.5E-02,1.46));
#2279 = VECTOR('',#2280,1.);
#2280 = DIRECTION('',(1.,0.,0.));
#2281 = ORIENTED_EDGE('',*,*,#2282,.F.);
#2282 = EDGE_CURVE('',#745,#2275,#2283,.T.);
#2283 = LINE('',#2284,#2285);
#2284 = CARTESIAN_POINT('',(4.55,-2.475,1.46));
#2285 = VECTOR('',#2286,1.);
#2286 = DIRECTION('',(0.,1.,-1.110223024625E-16));
#2287 = PLANE('',#2288);
#2288 = AXIS2_PLACEMENT_3D('',#2289,#2290,#2291);
#2289 = CARTESIAN_POINT('',(-4.55,-2.475,1.46));
#2290 = DIRECTION('',(0.,-1.110223024625E-16,-1.));
#2291 = DIRECTION('',(1.,0.,0.));
#2292 = ADVANCED_FACE('',(#2293),#2311,.F.);
#2293 = FACE_BOUND('',#2294,.F.);
#2294 = EDGE_LOOP('',(#2295,#2296,#2304,#2310));
#2295 = ORIENTED_EDGE('',*,*,#2282,.T.);
#2296 = ORIENTED_EDGE('',*,*,#2297,.T.);
#2297 = EDGE_CURVE('',#2275,#2298,#2300,.T.);
#2298 = VERTEX_POINT('',#2299);
#2299 = CARTESIAN_POINT('',(4.55,-7.5E-02,2.06));
#2300 = LINE('',#2301,#2302);
#2301 = CARTESIAN_POINT('',(4.55,-7.5E-02,1.46));
#2302 = VECTOR('',#2303,1.);
#2303 = DIRECTION('',(0.,1.110223024625E-16,1.));
#2304 = ORIENTED_EDGE('',*,*,#2305,.F.);
#2305 = EDGE_CURVE('',#737,#2298,#2306,.T.);
#2306 = LINE('',#2307,#2308);
#2307 = CARTESIAN_POINT('',(4.55,-2.475,2.06));
#2308 = VECTOR('',#2309,1.);
#2309 = DIRECTION('',(0.,1.,-1.110223024625E-16));
#2310 = ORIENTED_EDGE('',*,*,#744,.F.);
#2311 = PLANE('',#2312);
#2312 = AXIS2_PLACEMENT_3D('',#2313,#2314,#2315);
#2313 = CARTESIAN_POINT('',(4.55,-2.475,1.46));
#2314 = DIRECTION('',(1.,0.,0.));
#2315 = DIRECTION('',(-0.,1.110223024625E-16,1.));
#2316 = ADVANCED_FACE('',(#2317),#2328,.F.);
#2317 = FACE_BOUND('',#2318,.F.);
#2318 = EDGE_LOOP('',(#2319,#2320,#2321,#2327));
#2319 = ORIENTED_EDGE('',*,*,#736,.F.);
#2320 = ORIENTED_EDGE('',*,*,#2305,.T.);
#2321 = ORIENTED_EDGE('',*,*,#2322,.T.);
#2322 = EDGE_CURVE('',#2298,#2243,#2323,.T.);
#2323 = LINE('',#2324,#2325);
#2324 = CARTESIAN_POINT('',(4.55,-7.5E-02,2.06));
#2325 = VECTOR('',#2326,1.);
#2326 = DIRECTION('',(-1.,0.,0.));
#2327 = ORIENTED_EDGE('',*,*,#2242,.T.);
#2328 = PLANE('',#2329);
#2329 = AXIS2_PLACEMENT_3D('',#2330,#2331,#2332);
#2330 = CARTESIAN_POINT('',(4.55,-2.475,2.06));
#2331 = DIRECTION('',(0.,1.110223024625E-16,1.));
#2332 = DIRECTION('',(-1.,0.,0.));
#2333 = ADVANCED_FACE('',(#2334),#2352,.F.);
#2334 = FACE_BOUND('',#2335,.F.);
#2335 = EDGE_LOOP('',(#2336,#2337,#2345,#2351));
#2336 = ORIENTED_EDGE('',*,*,#2235,.T.);
#2337 = ORIENTED_EDGE('',*,*,#2338,.T.);
#2338 = EDGE_CURVE('',#2228,#2339,#2341,.T.);
#2339 = VERTEX_POINT('',#2340);
#2340 = CARTESIAN_POINT('',(-4.2,0.525,2.56));
#2341 = LINE('',#2342,#2343);
#2342 = CARTESIAN_POINT('',(4.2,0.525,2.56));
#2343 = VECTOR('',#2344,1.);
#2344 = DIRECTION('',(-1.,0.,0.));
#2345 = ORIENTED_EDGE('',*,*,#2346,.F.);
#2346 = EDGE_CURVE('',#713,#2339,#2347,.T.);
#2347 = LINE('',#2348,#2349);
#2348 = CARTESIAN_POINT('',(-4.2,-2.475,2.56));
#2349 = VECTOR('',#2350,1.);
#2350 = DIRECTION('',(0.,1.,-1.110223024625E-16));
#2351 = ORIENTED_EDGE('',*,*,#720,.F.);
#2352 = PLANE('',#2353);
#2353 = AXIS2_PLACEMENT_3D('',#2354,#2355,#2356);
#2354 = CARTESIAN_POINT('',(4.2,-2.475,2.56));
#2355 = DIRECTION('',(0.,1.110223024625E-16,1.));
#2356 = DIRECTION('',(-1.,0.,0.));
#2357 = ADVANCED_FACE('',(#2358),#2399,.F.);
#2358 = FACE_BOUND('',#2359,.F.);
#2359 = EDGE_LOOP('',(#2360,#2361,#2362,#2370,#2376,#2377,#2385,#2393));
#2360 = ORIENTED_EDGE('',*,*,#712,.F.);
#2361 = ORIENTED_EDGE('',*,*,#2346,.T.);
#2362 = ORIENTED_EDGE('',*,*,#2363,.T.);
#2363 = EDGE_CURVE('',#2339,#2364,#2366,.T.);
#2364 = VERTEX_POINT('',#2365);
#2365 = CARTESIAN_POINT('',(-4.2,0.525,0.46));
#2366 = LINE('',#2367,#2368);
#2367 = CARTESIAN_POINT('',(-4.2,0.525,2.56));
#2368 = VECTOR('',#2369,1.);
#2369 = DIRECTION('',(0.,-1.110223024625E-16,-1.));
#2370 = ORIENTED_EDGE('',*,*,#2371,.F.);
#2371 = EDGE_CURVE('',#673,#2364,#2372,.T.);
#2372 = LINE('',#2373,#2374);
#2373 = CARTESIAN_POINT('',(-4.2,-2.475,0.46));
#2374 = VECTOR('',#2375,1.);
#2375 = DIRECTION('',(0.,1.,-1.110223024625E-16));
#2376 = ORIENTED_EDGE('',*,*,#680,.F.);
#2377 = ORIENTED_EDGE('',*,*,#2378,.F.);
#2378 = EDGE_CURVE('',#2379,#681,#2381,.T.);
#2379 = VERTEX_POINT('',#2380);
#2380 = CARTESIAN_POINT('',(-4.2,-7.5E-02,1.46));
#2381 = LINE('',#2382,#2383);
#2382 = CARTESIAN_POINT('',(-4.2,-2.475,1.46));
#2383 = VECTOR('',#2384,1.);
#2384 = DIRECTION('',(0.,-1.,1.110223024625E-16));
#2385 = ORIENTED_EDGE('',*,*,#2386,.T.);
#2386 = EDGE_CURVE('',#2379,#2387,#2389,.T.);
#2387 = VERTEX_POINT('',#2388);
#2388 = CARTESIAN_POINT('',(-4.2,-7.5E-02,2.06));
#2389 = LINE('',#2390,#2391);
#2390 = CARTESIAN_POINT('',(-4.2,-7.5E-02,2.16));
#2391 = VECTOR('',#2392,1.);
#2392 = DIRECTION('',(0.,1.110223024625E-16,1.));
#2393 = ORIENTED_EDGE('',*,*,#2394,.F.);
#2394 = EDGE_CURVE('',#705,#2387,#2395,.T.);
#2395 = LINE('',#2396,#2397);
#2396 = CARTESIAN_POINT('',(-4.2,-2.475,2.06));
#2397 = VECTOR('',#2398,1.);
#2398 = DIRECTION('',(0.,1.,-1.110223024625E-16));
#2399 = PLANE('',#2400);
#2400 = AXIS2_PLACEMENT_3D('',#2401,#2402,#2403);
#2401 = CARTESIAN_POINT('',(-4.2,-2.475,2.56));
#2402 = DIRECTION('',(-1.,0.,0.));
#2403 = DIRECTION('',(-0.,-1.110223024625E-16,-1.));
#2404 = ADVANCED_FACE('',(#2405),#2423,.F.);
#2405 = FACE_BOUND('',#2406,.F.);
#2406 = EDGE_LOOP('',(#2407,#2408,#2409,#2417));
#2407 = ORIENTED_EDGE('',*,*,#704,.F.);
#2408 = ORIENTED_EDGE('',*,*,#2394,.T.);
#2409 = ORIENTED_EDGE('',*,*,#2410,.T.);
#2410 = EDGE_CURVE('',#2387,#2411,#2413,.T.);
#2411 = VERTEX_POINT('',#2412);
#2412 = CARTESIAN_POINT('',(-4.55,-7.5E-02,2.06));
#2413 = LINE('',#2414,#2415);
#2414 = CARTESIAN_POINT('',(4.55,-7.5E-02,2.06));
#2415 = VECTOR('',#2416,1.);
#2416 = DIRECTION('',(-1.,0.,0.));
#2417 = ORIENTED_EDGE('',*,*,#2418,.F.);
#2418 = EDGE_CURVE('',#697,#2411,#2419,.T.);
#2419 = LINE('',#2420,#2421);
#2420 = CARTESIAN_POINT('',(-4.55,-2.475,2.06));
#2421 = VECTOR('',#2422,1.);
#2422 = DIRECTION('',(0.,1.,-1.110223024625E-16));
#2423 = PLANE('',#2424);
#2424 = AXIS2_PLACEMENT_3D('',#2425,#2426,#2427);
#2425 = CARTESIAN_POINT('',(4.55,-2.475,2.06));
#2426 = DIRECTION('',(0.,1.110223024625E-16,1.));
#2427 = DIRECTION('',(-1.,0.,0.));
#2428 = ADVANCED_FACE('',(#2429),#2447,.F.);
#2429 = FACE_BOUND('',#2430,.F.);
#2430 = EDGE_LOOP('',(#2431,#2432,#2440,#2446));
#2431 = ORIENTED_EDGE('',*,*,#2418,.T.);
#2432 = ORIENTED_EDGE('',*,*,#2433,.T.);
#2433 = EDGE_CURVE('',#2411,#2434,#2436,.T.);
#2434 = VERTEX_POINT('',#2435);
#2435 = CARTESIAN_POINT('',(-4.55,-7.5E-02,1.46));
#2436 = LINE('',#2437,#2438);
#2437 = CARTESIAN_POINT('',(-4.55,-7.5E-02,2.06));
#2438 = VECTOR('',#2439,1.);
#2439 = DIRECTION('',(0.,-1.110223024625E-16,-1.));
#2440 = ORIENTED_EDGE('',*,*,#2441,.F.);
#2441 = EDGE_CURVE('',#689,#2434,#2442,.T.);
#2442 = LINE('',#2443,#2444);
#2443 = CARTESIAN_POINT('',(-4.55,-2.475,1.46));
#2444 = VECTOR('',#2445,1.);
#2445 = DIRECTION('',(0.,1.,-1.110223024625E-16));
#2446 = ORIENTED_EDGE('',*,*,#696,.F.);
#2447 = PLANE('',#2448);
#2448 = AXIS2_PLACEMENT_3D('',#2449,#2450,#2451);
#2449 = CARTESIAN_POINT('',(-4.55,-2.475,2.06));
#2450 = DIRECTION('',(-1.,0.,0.));
#2451 = DIRECTION('',(-0.,-1.110223024625E-16,-1.));
#2452 = ADVANCED_FACE('',(#2453),#2464,.F.);
#2453 = FACE_BOUND('',#2454,.F.);
#2454 = EDGE_LOOP('',(#2455,#2456,#2457,#2463));
#2455 = ORIENTED_EDGE('',*,*,#688,.F.);
#2456 = ORIENTED_EDGE('',*,*,#2441,.T.);
#2457 = ORIENTED_EDGE('',*,*,#2458,.T.);
#2458 = EDGE_CURVE('',#2434,#2379,#2459,.T.);
#2459 = LINE('',#2460,#2461);
#2460 = CARTESIAN_POINT('',(-4.55,-7.5E-02,1.46));
#2461 = VECTOR('',#2462,1.);
#2462 = DIRECTION('',(1.,0.,0.));
#2463 = ORIENTED_EDGE('',*,*,#2378,.T.);
#2464 = PLANE('',#2465);
#2465 = AXIS2_PLACEMENT_3D('',#2466,#2467,#2468);
#2466 = CARTESIAN_POINT('',(-4.55,-2.475,1.46));
#2467 = DIRECTION('',(0.,-1.110223024625E-16,-1.));
#2468 = DIRECTION('',(1.,0.,0.));
#2469 = ADVANCED_FACE('',(#2470),#2481,.F.);
#2470 = FACE_BOUND('',#2471,.F.);
#2471 = EDGE_LOOP('',(#2472,#2473,#2479,#2480));
#2472 = ORIENTED_EDGE('',*,*,#2371,.T.);
#2473 = ORIENTED_EDGE('',*,*,#2474,.T.);
#2474 = EDGE_CURVE('',#2364,#2220,#2475,.T.);
#2475 = LINE('',#2476,#2477);
#2476 = CARTESIAN_POINT('',(-4.2,0.525,0.46));
#2477 = VECTOR('',#2478,1.);
#2478 = DIRECTION('',(1.,0.,0.));
#2479 = ORIENTED_EDGE('',*,*,#2219,.F.);
#2480 = ORIENTED_EDGE('',*,*,#672,.F.);
#2481 = PLANE('',#2482);
#2482 = AXIS2_PLACEMENT_3D('',#2483,#2484,#2485);
#2483 = CARTESIAN_POINT('',(-4.2,-2.475,0.46));
#2484 = DIRECTION('',(0.,-1.110223024625E-16,-1.));
#2485 = DIRECTION('',(1.,0.,0.));
#2486 = ADVANCED_FACE('',(#2487),#2521,.F.);
#2487 = FACE_BOUND('',#2488,.F.);
#2488 = EDGE_LOOP('',(#2489,#2490,#2498,#2506,#2514,#2520));
#2489 = ORIENTED_EDGE('',*,*,#1120,.T.);
#2490 = ORIENTED_EDGE('',*,*,#2491,.T.);
#2491 = EDGE_CURVE('',#1113,#2492,#2494,.T.);
#2492 = VERTEX_POINT('',#2493);
#2493 = CARTESIAN_POINT('',(4.5,1.225,1.46));
#2494 = LINE('',#2495,#2496);
#2495 = CARTESIAN_POINT('',(4.5,1.775,1.46));
#2496 = VECTOR('',#2497,1.);
#2497 = DIRECTION('',(0.,-1.,1.110223024625E-16));
#2498 = ORIENTED_EDGE('',*,*,#2499,.T.);
#2499 = EDGE_CURVE('',#2492,#2500,#2502,.T.);
#2500 = VERTEX_POINT('',#2501);
#2501 = CARTESIAN_POINT('',(4.5,1.225,2.46));
#2502 = LINE('',#2503,#2504);
#2503 = CARTESIAN_POINT('',(4.5,1.225,1.46));
#2504 = VECTOR('',#2505,1.);
#2505 = DIRECTION('',(0.,1.110223024625E-16,1.));
#2506 = ORIENTED_EDGE('',*,*,#2507,.T.);
#2507 = EDGE_CURVE('',#2500,#2508,#2510,.T.);
#2508 = VERTEX_POINT('',#2509);
#2509 = CARTESIAN_POINT('',(4.5,0.575,2.46));
#2510 = LINE('',#2511,#2512);
#2511 = CARTESIAN_POINT('',(4.5,1.225,2.46));
#2512 = VECTOR('',#2513,1.);
#2513 = DIRECTION('',(0.,-1.,1.110223024625E-16));
#2514 = ORIENTED_EDGE('',*,*,#2515,.T.);
#2515 = EDGE_CURVE('',#2508,#801,#2516,.T.);
#2516 = LINE('',#2517,#2518);
#2517 = CARTESIAN_POINT('',(4.5,0.575,2.46));
#2518 = VECTOR('',#2519,1.);
#2519 = DIRECTION('',(0.,-0.500421834463,0.865781720524));
#2520 = ORIENTED_EDGE('',*,*,#808,.T.);
#2521 = PLANE('',#2522);
#2522 = AXIS2_PLACEMENT_3D('',#2523,#2524,#2525);
#2523 = CARTESIAN_POINT('',(4.5,1.22787099059,2.3670284193));
#2524 = DIRECTION('',(-1.,0.,0.));
#2525 = DIRECTION('',(0.,1.,-1.110223024625E-16));
#2526 = ADVANCED_FACE('',(#2527),#2538,.F.);
#2527 = FACE_BOUND('',#2528,.F.);
#2528 = EDGE_LOOP('',(#2529,#2535,#2536,#2537));
#2529 = ORIENTED_EDGE('',*,*,#2530,.T.);
#2530 = EDGE_CURVE('',#2508,#1161,#2531,.T.);
#2531 = LINE('',#2532,#2533);
#2532 = CARTESIAN_POINT('',(4.5,0.575,2.46));
#2533 = VECTOR('',#2534,1.);
#2534 = DIRECTION('',(1.,0.,0.));
#2535 = ORIENTED_EDGE('',*,*,#1168,.T.);
#2536 = ORIENTED_EDGE('',*,*,#800,.F.);
#2537 = ORIENTED_EDGE('',*,*,#2515,.F.);
#2538 = PLANE('',#2539);
#2539 = AXIS2_PLACEMENT_3D('',#2540,#2541,#2542);
#2540 = CARTESIAN_POINT('',(4.5,0.575,2.46));
#2541 = DIRECTION('',(0.,-0.865781720524,-0.500421834463));
#2542 = DIRECTION('',(0.,-0.500421834463,0.865781720524));
#2543 = ADVANCED_FACE('',(#2544),#2552,.T.);
#2544 = FACE_BOUND('',#2545,.T.);
#2545 = EDGE_LOOP('',(#2546,#2547,#2548,#2549,#2550,#2551));
#2546 = ORIENTED_EDGE('',*,*,#1127,.T.);
#2547 = ORIENTED_EDGE('',*,*,#902,.T.);
#2548 = ORIENTED_EDGE('',*,*,#878,.T.);
#2549 = ORIENTED_EDGE('',*,*,#854,.T.);
#2550 = ORIENTED_EDGE('',*,*,#830,.T.);
#2551 = ORIENTED_EDGE('',*,*,#776,.T.);
#2552 = PLANE('',#2553);
#2553 = AXIS2_PLACEMENT_3D('',#2554,#2555,#2556);
#2554 = CARTESIAN_POINT('',(-4.5,1.22787099059,2.3670284193));
#2555 = DIRECTION('',(-1.,0.,0.));
#2556 = DIRECTION('',(0.,1.,-1.110223024625E-16));
#2557 = ADVANCED_FACE('',(#2558),#2569,.F.);
#2558 = FACE_BOUND('',#2559,.F.);
#2559 = EDGE_LOOP('',(#2560,#2561,#2562,#2568));
#2560 = ORIENTED_EDGE('',*,*,#1112,.T.);
#2561 = ORIENTED_EDGE('',*,*,#1144,.T.);
#2562 = ORIENTED_EDGE('',*,*,#2563,.F.);
#2563 = EDGE_CURVE('',#2492,#1145,#2564,.T.);
#2564 = LINE('',#2565,#2566);
#2565 = CARTESIAN_POINT('',(4.5,1.225,1.46));
#2566 = VECTOR('',#2567,1.);
#2567 = DIRECTION('',(1.,0.,0.));
#2568 = ORIENTED_EDGE('',*,*,#2491,.F.);
#2569 = PLANE('',#2570);
#2570 = AXIS2_PLACEMENT_3D('',#2571,#2572,#2573);
#2571 = CARTESIAN_POINT('',(4.5,1.775,1.46));
#2572 = DIRECTION('',(0.,-1.110223024625E-16,-1.));
#2573 = DIRECTION('',(0.,-1.,1.110223024625E-16));
#2574 = ADVANCED_FACE('',(#2575),#2586,.T.);
#2575 = FACE_BOUND('',#2576,.T.);
#2576 = EDGE_LOOP('',(#2577,#2578,#2579,#2585));
#2577 = ORIENTED_EDGE('',*,*,#1089,.T.);
#2578 = ORIENTED_EDGE('',*,*,#2094,.T.);
#2579 = ORIENTED_EDGE('',*,*,#2580,.F.);
#2580 = EDGE_CURVE('',#2038,#2095,#2581,.T.);
#2581 = LINE('',#2582,#2583);
#2582 = CARTESIAN_POINT('',(3.4,2.475,0.2));
#2583 = VECTOR('',#2584,1.);
#2584 = DIRECTION('',(1.,0.,0.));
#2585 = ORIENTED_EDGE('',*,*,#2037,.F.);
#2586 = PLANE('',#2587);
#2587 = AXIS2_PLACEMENT_3D('',#2588,#2589,#2590);
#2588 = CARTESIAN_POINT('',(3.4,1.775,0.2));
#2589 = DIRECTION('',(0.,0.,1.));
#2590 = DIRECTION('',(0.,1.,0.));
#2591 = ADVANCED_FACE('',(#2592),#2603,.T.);
#2592 = FACE_BOUND('',#2593,.T.);
#2593 = EDGE_LOOP('',(#2594,#2595,#2596,#2602));
#2594 = ORIENTED_EDGE('',*,*,#1066,.T.);
#2595 = ORIENTED_EDGE('',*,*,#1997,.T.);
#2596 = ORIENTED_EDGE('',*,*,#2597,.F.);
#2597 = EDGE_CURVE('',#1941,#1998,#2598,.T.);
#2598 = LINE('',#2599,#2600);
#2599 = CARTESIAN_POINT('',(2.4,2.475,0.2));
#2600 = VECTOR('',#2601,1.);
#2601 = DIRECTION('',(1.,0.,0.));
#2602 = ORIENTED_EDGE('',*,*,#1940,.F.);
#2603 = PLANE('',#2604);
#2604 = AXIS2_PLACEMENT_3D('',#2605,#2606,#2607);
#2605 = CARTESIAN_POINT('',(2.4,1.775,0.2));
#2606 = DIRECTION('',(0.,0.,1.));
#2607 = DIRECTION('',(0.,1.,0.));
#2608 = ADVANCED_FACE('',(#2609),#2620,.T.);
#2609 = FACE_BOUND('',#2610,.T.);
#2610 = EDGE_LOOP('',(#2611,#2612,#2613,#2619));
#2611 = ORIENTED_EDGE('',*,*,#1043,.T.);
#2612 = ORIENTED_EDGE('',*,*,#1900,.T.);
#2613 = ORIENTED_EDGE('',*,*,#2614,.F.);
#2614 = EDGE_CURVE('',#1844,#1901,#2615,.T.);
#2615 = LINE('',#2616,#2617);
#2616 = CARTESIAN_POINT('',(1.4,2.475,0.2));
#2617 = VECTOR('',#2618,1.);
#2618 = DIRECTION('',(1.,0.,0.));
#2619 = ORIENTED_EDGE('',*,*,#1843,.F.);
#2620 = PLANE('',#2621);
#2621 = AXIS2_PLACEMENT_3D('',#2622,#2623,#2624);
#2622 = CARTESIAN_POINT('',(1.4,1.775,0.2));
#2623 = DIRECTION('',(0.,0.,1.));
#2624 = DIRECTION('',(0.,1.,0.));
#2625 = ADVANCED_FACE('',(#2626),#2637,.T.);
#2626 = FACE_BOUND('',#2627,.T.);
#2627 = EDGE_LOOP('',(#2628,#2629,#2630,#2636));
#2628 = ORIENTED_EDGE('',*,*,#1020,.T.);
#2629 = ORIENTED_EDGE('',*,*,#1803,.T.);
#2630 = ORIENTED_EDGE('',*,*,#2631,.F.);
#2631 = EDGE_CURVE('',#1747,#1804,#2632,.T.);
#2632 = LINE('',#2633,#2634);
#2633 = CARTESIAN_POINT('',(0.4,2.475,0.2));
#2634 = VECTOR('',#2635,1.);
#2635 = DIRECTION('',(1.,0.,0.));
#2636 = ORIENTED_EDGE('',*,*,#1746,.F.);
#2637 = PLANE('',#2638);
#2638 = AXIS2_PLACEMENT_3D('',#2639,#2640,#2641);
#2639 = CARTESIAN_POINT('',(0.4,1.775,0.2));
#2640 = DIRECTION('',(0.,0.,1.));
#2641 = DIRECTION('',(0.,1.,0.));
#2642 = ADVANCED_FACE('',(#2643),#2654,.T.);
#2643 = FACE_BOUND('',#2644,.T.);
#2644 = EDGE_LOOP('',(#2645,#2646,#2647,#2653));
#2645 = ORIENTED_EDGE('',*,*,#997,.T.);
#2646 = ORIENTED_EDGE('',*,*,#1706,.T.);
#2647 = ORIENTED_EDGE('',*,*,#2648,.F.);
#2648 = EDGE_CURVE('',#1650,#1707,#2649,.T.);
#2649 = LINE('',#2650,#2651);
#2650 = CARTESIAN_POINT('',(-0.6,2.475,0.2));
#2651 = VECTOR('',#2652,1.);
#2652 = DIRECTION('',(1.,0.,0.));
#2653 = ORIENTED_EDGE('',*,*,#1649,.F.);
#2654 = PLANE('',#2655);
#2655 = AXIS2_PLACEMENT_3D('',#2656,#2657,#2658);
#2656 = CARTESIAN_POINT('',(-0.6,1.775,0.2));
#2657 = DIRECTION('',(0.,0.,1.));
#2658 = DIRECTION('',(0.,1.,0.));
#2659 = ADVANCED_FACE('',(#2660),#2671,.T.);
#2660 = FACE_BOUND('',#2661,.T.);
#2661 = EDGE_LOOP('',(#2662,#2663,#2664,#2670));
#2662 = ORIENTED_EDGE('',*,*,#974,.T.);
#2663 = ORIENTED_EDGE('',*,*,#1609,.T.);
#2664 = ORIENTED_EDGE('',*,*,#2665,.F.);
#2665 = EDGE_CURVE('',#1553,#1610,#2666,.T.);
#2666 = LINE('',#2667,#2668);
#2667 = CARTESIAN_POINT('',(-1.6,2.475,0.2));
#2668 = VECTOR('',#2669,1.);
#2669 = DIRECTION('',(1.,0.,0.));
#2670 = ORIENTED_EDGE('',*,*,#1552,.F.);
#2671 = PLANE('',#2672);
#2672 = AXIS2_PLACEMENT_3D('',#2673,#2674,#2675);
#2673 = CARTESIAN_POINT('',(-1.6,1.775,0.2));
#2674 = DIRECTION('',(0.,0.,1.));
#2675 = DIRECTION('',(0.,1.,0.));
#2676 = ADVANCED_FACE('',(#2677),#2688,.T.);
#2677 = FACE_BOUND('',#2678,.T.);
#2678 = EDGE_LOOP('',(#2679,#2680,#2681,#2687));
#2679 = ORIENTED_EDGE('',*,*,#951,.T.);
#2680 = ORIENTED_EDGE('',*,*,#1512,.T.);
#2681 = ORIENTED_EDGE('',*,*,#2682,.F.);
#2682 = EDGE_CURVE('',#1456,#1513,#2683,.T.);
#2683 = LINE('',#2684,#2685);
#2684 = CARTESIAN_POINT('',(-2.6,2.475,0.2));
#2685 = VECTOR('',#2686,1.);
#2686 = DIRECTION('',(1.,0.,0.));
#2687 = ORIENTED_EDGE('',*,*,#1455,.F.);
#2688 = PLANE('',#2689);
#2689 = AXIS2_PLACEMENT_3D('',#2690,#2691,#2692);
#2690 = CARTESIAN_POINT('',(-2.6,1.775,0.2));
#2691 = DIRECTION('',(0.,0.,1.));
#2692 = DIRECTION('',(0.,1.,0.));
#2693 = ADVANCED_FACE('',(#2694),#2705,.T.);
#2694 = FACE_BOUND('',#2695,.T.);
#2695 = EDGE_LOOP('',(#2696,#2697,#2698,#2704));
#2696 = ORIENTED_EDGE('',*,*,#928,.T.);
#2697 = ORIENTED_EDGE('',*,*,#1415,.T.);
#2698 = ORIENTED_EDGE('',*,*,#2699,.F.);
#2699 = EDGE_CURVE('',#1359,#1416,#2700,.T.);
#2700 = LINE('',#2701,#2702);
#2701 = CARTESIAN_POINT('',(-3.6,2.475,0.2));
#2702 = VECTOR('',#2703,1.);
#2703 = DIRECTION('',(1.,0.,0.));
#2704 = ORIENTED_EDGE('',*,*,#1358,.F.);
#2705 = PLANE('',#2706);
#2706 = AXIS2_PLACEMENT_3D('',#2707,#2708,#2709);
#2707 = CARTESIAN_POINT('',(-3.6,1.775,0.2));
#2708 = DIRECTION('',(0.,0.,1.));
#2709 = DIRECTION('',(0.,1.,0.));
#2710 = ADVANCED_FACE('',(#2711),#2729,.F.);
#2711 = FACE_BOUND('',#2712,.F.);
#2712 = EDGE_LOOP('',(#2713,#2721,#2727,#2728));
#2713 = ORIENTED_EDGE('',*,*,#2714,.F.);
#2714 = EDGE_CURVE('',#2715,#1215,#2717,.T.);
#2715 = VERTEX_POINT('',#2716);
#2716 = CARTESIAN_POINT('',(4.7,-1.975,0.61));
#2717 = LINE('',#2718,#2719);
#2718 = CARTESIAN_POINT('',(4.7,-1.975,0.61));
#2719 = VECTOR('',#2720,1.);
#2720 = DIRECTION('',(0.,1.,0.));
#2721 = ORIENTED_EDGE('',*,*,#2722,.T.);
#2722 = EDGE_CURVE('',#2715,#1185,#2723,.T.);
#2723 = LINE('',#2724,#2725);
#2724 = CARTESIAN_POINT('',(4.5,-1.975,0.61));
#2725 = VECTOR('',#2726,1.);
#2726 = DIRECTION('',(1.,0.,0.));
#2727 = ORIENTED_EDGE('',*,*,#1192,.T.);
#2728 = ORIENTED_EDGE('',*,*,#1222,.F.);
#2729 = PLANE('',#2730);
#2730 = AXIS2_PLACEMENT_3D('',#2731,#2732,#2733);
#2731 = CARTESIAN_POINT('',(4.5,-1.975,0.61));
#2732 = DIRECTION('',(0.,1.110223024625E-16,1.));
#2733 = DIRECTION('',(0.,1.,-1.110223024625E-16));
#2734 = ADVANCED_FACE('',(#2735),#2746,.F.);
#2735 = FACE_BOUND('',#2736,.F.);
#2736 = EDGE_LOOP('',(#2737,#2743,#2744,#2745));
#2737 = ORIENTED_EDGE('',*,*,#2738,.F.);
#2738 = EDGE_CURVE('',#2195,#2715,#2739,.T.);
#2739 = LINE('',#2740,#2741);
#2740 = CARTESIAN_POINT('',(4.7,-1.975,1.26));
#2741 = VECTOR('',#2742,1.);
#2742 = DIRECTION('',(0.,0.,-1.));
#2743 = ORIENTED_EDGE('',*,*,#2204,.T.);
#2744 = ORIENTED_EDGE('',*,*,#1184,.T.);
#2745 = ORIENTED_EDGE('',*,*,#2722,.F.);
#2746 = PLANE('',#2747);
#2747 = AXIS2_PLACEMENT_3D('',#2748,#2749,#2750);
#2748 = CARTESIAN_POINT('',(4.5,-1.975,1.26));
#2749 = DIRECTION('',(0.,1.,-1.110223024625E-16));
#2750 = DIRECTION('',(0.,-1.110223024625E-16,-1.));
#2751 = ADVANCED_FACE('',(#2752),#2763,.F.);
#2752 = FACE_BOUND('',#2753,.F.);
#2753 = EDGE_LOOP('',(#2754,#2760,#2761,#2762));
#2754 = ORIENTED_EDGE('',*,*,#2755,.T.);
#2755 = EDGE_CURVE('',#2500,#1153,#2756,.T.);
#2756 = LINE('',#2757,#2758);
#2757 = CARTESIAN_POINT('',(4.5,1.225,2.46));
#2758 = VECTOR('',#2759,1.);
#2759 = DIRECTION('',(1.,0.,0.));
#2760 = ORIENTED_EDGE('',*,*,#1160,.T.);
#2761 = ORIENTED_EDGE('',*,*,#2530,.F.);
#2762 = ORIENTED_EDGE('',*,*,#2507,.F.);
#2763 = PLANE('',#2764);
#2764 = AXIS2_PLACEMENT_3D('',#2765,#2766,#2767);
#2765 = CARTESIAN_POINT('',(4.5,1.225,2.46));
#2766 = DIRECTION('',(0.,-1.110223024625E-16,-1.));
#2767 = DIRECTION('',(0.,-1.,1.110223024625E-16));
#2768 = ADVANCED_FACE('',(#2769),#2775,.F.);
#2769 = FACE_BOUND('',#2770,.F.);
#2770 = EDGE_LOOP('',(#2771,#2772,#2773,#2774));
#2771 = ORIENTED_EDGE('',*,*,#2563,.T.);
#2772 = ORIENTED_EDGE('',*,*,#1152,.T.);
#2773 = ORIENTED_EDGE('',*,*,#2755,.F.);
#2774 = ORIENTED_EDGE('',*,*,#2499,.F.);
#2775 = PLANE('',#2776);
#2776 = AXIS2_PLACEMENT_3D('',#2777,#2778,#2779);
#2777 = CARTESIAN_POINT('',(4.5,1.225,1.46));
#2778 = DIRECTION('',(0.,-1.,1.110223024625E-16));
#2779 = DIRECTION('',(0.,1.110223024625E-16,1.));
#2780 = ADVANCED_FACE('',(#2781),#2795,.F.);
#2781 = FACE_BOUND('',#2782,.F.);
#2782 = EDGE_LOOP('',(#2783,#2784,#2785,#2786,#2787,#2788,#2789));
#2783 = ORIENTED_EDGE('',*,*,#2177,.T.);
#2784 = ORIENTED_EDGE('',*,*,#2194,.T.);
#2785 = ORIENTED_EDGE('',*,*,#2738,.T.);
#2786 = ORIENTED_EDGE('',*,*,#2714,.T.);
#2787 = ORIENTED_EDGE('',*,*,#1214,.T.);
#2788 = ORIENTED_EDGE('',*,*,#1247,.T.);
#2789 = ORIENTED_EDGE('',*,*,#2790,.T.);
#2790 = EDGE_CURVE('',#1248,#2170,#2791,.T.);
#2791 = LINE('',#2792,#2793);
#2792 = CARTESIAN_POINT('',(4.7,-0.975,1.E-02));
#2793 = VECTOR('',#2794,1.);
#2794 = DIRECTION('',(0.,-1.,-5.782411586589E-18));
#2795 = PLANE('',#2796);
#2796 = AXIS2_PLACEMENT_3D('',#2797,#2798,#2799);
#2797 = CARTESIAN_POINT('',(4.7,-1.843181818182,0.516818181818));
#2798 = DIRECTION('',(-1.,-0.,-0.));
#2799 = DIRECTION('',(0.,0.,-1.));
#2800 = ADVANCED_FACE('',(#2801),#2807,.T.);
#2801 = FACE_BOUND('',#2802,.T.);
#2802 = EDGE_LOOP('',(#2803,#2804,#2805,#2806));
#2803 = ORIENTED_EDGE('',*,*,#1255,.T.);
#2804 = ORIENTED_EDGE('',*,*,#2790,.T.);
#2805 = ORIENTED_EDGE('',*,*,#2169,.F.);
#2806 = ORIENTED_EDGE('',*,*,#1269,.F.);
#2807 = PLANE('',#2808);
#2808 = AXIS2_PLACEMENT_3D('',#2809,#2810,#2811);
#2809 = CARTESIAN_POINT('',(4.5,-0.975,1.E-02));
#2810 = DIRECTION('',(0.,5.782411586589E-18,-1.));
#2811 = DIRECTION('',(0.,-1.,-5.782411586589E-18));
#2812 = ADVANCED_FACE('',(#2813),#2819,.T.);
#2813 = FACE_BOUND('',#2814,.T.);
#2814 = EDGE_LOOP('',(#2815,#2816,#2817,#2818));
#2815 = ORIENTED_EDGE('',*,*,#1334,.T.);
#2816 = ORIENTED_EDGE('',*,*,#1293,.T.);
#2817 = ORIENTED_EDGE('',*,*,#2151,.F.);
#2818 = ORIENTED_EDGE('',*,*,#2137,.F.);
#2819 = PLANE('',#2820);
#2820 = AXIS2_PLACEMENT_3D('',#2821,#2822,#2823);
#2821 = CARTESIAN_POINT('',(-4.7,-0.975,1.E-02));
#2822 = DIRECTION('',(0.,5.782411586589E-18,-1.));
#2823 = DIRECTION('',(0.,-1.,-5.782411586589E-18));
#2824 = ADVANCED_FACE('',(#2825),#2836,.T.);
#2825 = FACE_BOUND('',#2826,.T.);
#2826 = EDGE_LOOP('',(#2827,#2828,#2829,#2835));
#2827 = ORIENTED_EDGE('',*,*,#2699,.T.);
#2828 = ORIENTED_EDGE('',*,*,#1423,.T.);
#2829 = ORIENTED_EDGE('',*,*,#2830,.F.);
#2830 = EDGE_CURVE('',#1367,#1424,#2831,.T.);
#2831 = LINE('',#2832,#2833);
#2832 = CARTESIAN_POINT('',(-3.6,2.475,0.));
#2833 = VECTOR('',#2834,1.);
#2834 = DIRECTION('',(1.,0.,0.));
#2835 = ORIENTED_EDGE('',*,*,#1366,.F.);
#2836 = PLANE('',#2837);
#2837 = AXIS2_PLACEMENT_3D('',#2838,#2839,#2840);
#2838 = CARTESIAN_POINT('',(-3.6,2.475,0.2));
#2839 = DIRECTION('',(0.,1.,0.));
#2840 = DIRECTION('',(0.,0.,-1.));
#2841 = ADVANCED_FACE('',(#2842),#2848,.T.);
#2842 = FACE_BOUND('',#2843,.T.);
#2843 = EDGE_LOOP('',(#2844,#2845,#2846,#2847));
#2844 = ORIENTED_EDGE('',*,*,#2830,.T.);
#2845 = ORIENTED_EDGE('',*,*,#1431,.T.);
#2846 = ORIENTED_EDGE('',*,*,#1388,.F.);
#2847 = ORIENTED_EDGE('',*,*,#1374,.F.);
#2848 = PLANE('',#2849);
#2849 = AXIS2_PLACEMENT_3D('',#2850,#2851,#2852);
#2850 = CARTESIAN_POINT('',(-3.6,2.475,0.));
#2851 = DIRECTION('',(0.,0.,-1.));
#2852 = DIRECTION('',(0.,-1.,0.));
#2853 = ADVANCED_FACE('',(#2854),#2865,.T.);
#2854 = FACE_BOUND('',#2855,.T.);
#2855 = EDGE_LOOP('',(#2856,#2857,#2858,#2864));
#2856 = ORIENTED_EDGE('',*,*,#2682,.T.);
#2857 = ORIENTED_EDGE('',*,*,#1520,.T.);
#2858 = ORIENTED_EDGE('',*,*,#2859,.F.);
#2859 = EDGE_CURVE('',#1464,#1521,#2860,.T.);
#2860 = LINE('',#2861,#2862);
#2861 = CARTESIAN_POINT('',(-2.6,2.475,0.));
#2862 = VECTOR('',#2863,1.);
#2863 = DIRECTION('',(1.,0.,0.));
#2864 = ORIENTED_EDGE('',*,*,#1463,.F.);
#2865 = PLANE('',#2866);
#2866 = AXIS2_PLACEMENT_3D('',#2867,#2868,#2869);
#2867 = CARTESIAN_POINT('',(-2.6,2.475,0.2));
#2868 = DIRECTION('',(0.,1.,0.));
#2869 = DIRECTION('',(0.,0.,-1.));
#2870 = ADVANCED_FACE('',(#2871),#2877,.T.);
#2871 = FACE_BOUND('',#2872,.T.);
#2872 = EDGE_LOOP('',(#2873,#2874,#2875,#2876));
#2873 = ORIENTED_EDGE('',*,*,#2859,.T.);
#2874 = ORIENTED_EDGE('',*,*,#1528,.T.);
#2875 = ORIENTED_EDGE('',*,*,#1485,.F.);
#2876 = ORIENTED_EDGE('',*,*,#1471,.F.);
#2877 = PLANE('',#2878);
#2878 = AXIS2_PLACEMENT_3D('',#2879,#2880,#2881);
#2879 = CARTESIAN_POINT('',(-2.6,2.475,0.));
#2880 = DIRECTION('',(0.,0.,-1.));
#2881 = DIRECTION('',(0.,-1.,0.));
#2882 = ADVANCED_FACE('',(#2883),#2894,.T.);
#2883 = FACE_BOUND('',#2884,.T.);
#2884 = EDGE_LOOP('',(#2885,#2886,#2887,#2893));
#2885 = ORIENTED_EDGE('',*,*,#2665,.T.);
#2886 = ORIENTED_EDGE('',*,*,#1617,.T.);
#2887 = ORIENTED_EDGE('',*,*,#2888,.F.);
#2888 = EDGE_CURVE('',#1561,#1618,#2889,.T.);
#2889 = LINE('',#2890,#2891);
#2890 = CARTESIAN_POINT('',(-1.6,2.475,0.));
#2891 = VECTOR('',#2892,1.);
#2892 = DIRECTION('',(1.,0.,0.));
#2893 = ORIENTED_EDGE('',*,*,#1560,.F.);
#2894 = PLANE('',#2895);
#2895 = AXIS2_PLACEMENT_3D('',#2896,#2897,#2898);
#2896 = CARTESIAN_POINT('',(-1.6,2.475,0.2));
#2897 = DIRECTION('',(0.,1.,0.));
#2898 = DIRECTION('',(0.,0.,-1.));
#2899 = ADVANCED_FACE('',(#2900),#2906,.T.);
#2900 = FACE_BOUND('',#2901,.T.);
#2901 = EDGE_LOOP('',(#2902,#2903,#2904,#2905));
#2902 = ORIENTED_EDGE('',*,*,#2888,.T.);
#2903 = ORIENTED_EDGE('',*,*,#1625,.T.);
#2904 = ORIENTED_EDGE('',*,*,#1582,.F.);
#2905 = ORIENTED_EDGE('',*,*,#1568,.F.);
#2906 = PLANE('',#2907);
#2907 = AXIS2_PLACEMENT_3D('',#2908,#2909,#2910);
#2908 = CARTESIAN_POINT('',(-1.6,2.475,0.));
#2909 = DIRECTION('',(0.,0.,-1.));
#2910 = DIRECTION('',(0.,-1.,0.));
#2911 = ADVANCED_FACE('',(#2912),#2923,.T.);
#2912 = FACE_BOUND('',#2913,.T.);
#2913 = EDGE_LOOP('',(#2914,#2915,#2916,#2922));
#2914 = ORIENTED_EDGE('',*,*,#2648,.T.);
#2915 = ORIENTED_EDGE('',*,*,#1714,.T.);
#2916 = ORIENTED_EDGE('',*,*,#2917,.F.);
#2917 = EDGE_CURVE('',#1658,#1715,#2918,.T.);
#2918 = LINE('',#2919,#2920);
#2919 = CARTESIAN_POINT('',(-0.6,2.475,0.));
#2920 = VECTOR('',#2921,1.);
#2921 = DIRECTION('',(1.,0.,0.));
#2922 = ORIENTED_EDGE('',*,*,#1657,.F.);
#2923 = PLANE('',#2924);
#2924 = AXIS2_PLACEMENT_3D('',#2925,#2926,#2927);
#2925 = CARTESIAN_POINT('',(-0.6,2.475,0.2));
#2926 = DIRECTION('',(0.,1.,0.));
#2927 = DIRECTION('',(0.,0.,-1.));
#2928 = ADVANCED_FACE('',(#2929),#2935,.T.);
#2929 = FACE_BOUND('',#2930,.T.);
#2930 = EDGE_LOOP('',(#2931,#2932,#2933,#2934));
#2931 = ORIENTED_EDGE('',*,*,#2917,.T.);
#2932 = ORIENTED_EDGE('',*,*,#1722,.T.);
#2933 = ORIENTED_EDGE('',*,*,#1679,.F.);
#2934 = ORIENTED_EDGE('',*,*,#1665,.F.);
#2935 = PLANE('',#2936);
#2936 = AXIS2_PLACEMENT_3D('',#2937,#2938,#2939);
#2937 = CARTESIAN_POINT('',(-0.6,2.475,0.));
#2938 = DIRECTION('',(0.,0.,-1.));
#2939 = DIRECTION('',(0.,-1.,0.));
#2940 = ADVANCED_FACE('',(#2941),#2952,.T.);
#2941 = FACE_BOUND('',#2942,.T.);
#2942 = EDGE_LOOP('',(#2943,#2944,#2945,#2951));
#2943 = ORIENTED_EDGE('',*,*,#2631,.T.);
#2944 = ORIENTED_EDGE('',*,*,#1811,.T.);
#2945 = ORIENTED_EDGE('',*,*,#2946,.F.);
#2946 = EDGE_CURVE('',#1755,#1812,#2947,.T.);
#2947 = LINE('',#2948,#2949);
#2948 = CARTESIAN_POINT('',(0.4,2.475,0.));
#2949 = VECTOR('',#2950,1.);
#2950 = DIRECTION('',(1.,0.,0.));
#2951 = ORIENTED_EDGE('',*,*,#1754,.F.);
#2952 = PLANE('',#2953);
#2953 = AXIS2_PLACEMENT_3D('',#2954,#2955,#2956);
#2954 = CARTESIAN_POINT('',(0.4,2.475,0.2));
#2955 = DIRECTION('',(0.,1.,0.));
#2956 = DIRECTION('',(0.,0.,-1.));
#2957 = ADVANCED_FACE('',(#2958),#2964,.T.);
#2958 = FACE_BOUND('',#2959,.T.);
#2959 = EDGE_LOOP('',(#2960,#2961,#2962,#2963));
#2960 = ORIENTED_EDGE('',*,*,#2946,.T.);
#2961 = ORIENTED_EDGE('',*,*,#1819,.T.);
#2962 = ORIENTED_EDGE('',*,*,#1776,.F.);
#2963 = ORIENTED_EDGE('',*,*,#1762,.F.);
#2964 = PLANE('',#2965);
#2965 = AXIS2_PLACEMENT_3D('',#2966,#2967,#2968);
#2966 = CARTESIAN_POINT('',(0.4,2.475,0.));
#2967 = DIRECTION('',(0.,0.,-1.));
#2968 = DIRECTION('',(0.,-1.,0.));
#2969 = ADVANCED_FACE('',(#2970),#2981,.T.);
#2970 = FACE_BOUND('',#2971,.T.);
#2971 = EDGE_LOOP('',(#2972,#2973,#2974,#2980));
#2972 = ORIENTED_EDGE('',*,*,#2614,.T.);
#2973 = ORIENTED_EDGE('',*,*,#1908,.T.);
#2974 = ORIENTED_EDGE('',*,*,#2975,.F.);
#2975 = EDGE_CURVE('',#1852,#1909,#2976,.T.);
#2976 = LINE('',#2977,#2978);
#2977 = CARTESIAN_POINT('',(1.4,2.475,0.));
#2978 = VECTOR('',#2979,1.);
#2979 = DIRECTION('',(1.,0.,0.));
#2980 = ORIENTED_EDGE('',*,*,#1851,.F.);
#2981 = PLANE('',#2982);
#2982 = AXIS2_PLACEMENT_3D('',#2983,#2984,#2985);
#2983 = CARTESIAN_POINT('',(1.4,2.475,0.2));
#2984 = DIRECTION('',(0.,1.,0.));
#2985 = DIRECTION('',(0.,0.,-1.));
#2986 = ADVANCED_FACE('',(#2987),#2993,.T.);
#2987 = FACE_BOUND('',#2988,.T.);
#2988 = EDGE_LOOP('',(#2989,#2990,#2991,#2992));
#2989 = ORIENTED_EDGE('',*,*,#2975,.T.);
#2990 = ORIENTED_EDGE('',*,*,#1916,.T.);
#2991 = ORIENTED_EDGE('',*,*,#1873,.F.);
#2992 = ORIENTED_EDGE('',*,*,#1859,.F.);
#2993 = PLANE('',#2994);
#2994 = AXIS2_PLACEMENT_3D('',#2995,#2996,#2997);
#2995 = CARTESIAN_POINT('',(1.4,2.475,0.));
#2996 = DIRECTION('',(0.,0.,-1.));
#2997 = DIRECTION('',(0.,-1.,0.));
#2998 = ADVANCED_FACE('',(#2999),#3010,.T.);
#2999 = FACE_BOUND('',#3000,.T.);
#3000 = EDGE_LOOP('',(#3001,#3002,#3003,#3009));
#3001 = ORIENTED_EDGE('',*,*,#2597,.T.);
#3002 = ORIENTED_EDGE('',*,*,#2005,.T.);
#3003 = ORIENTED_EDGE('',*,*,#3004,.F.);
#3004 = EDGE_CURVE('',#1949,#2006,#3005,.T.);
#3005 = LINE('',#3006,#3007);
#3006 = CARTESIAN_POINT('',(2.4,2.475,0.));
#3007 = VECTOR('',#3008,1.);
#3008 = DIRECTION('',(1.,0.,0.));
#3009 = ORIENTED_EDGE('',*,*,#1948,.F.);
#3010 = PLANE('',#3011);
#3011 = AXIS2_PLACEMENT_3D('',#3012,#3013,#3014);
#3012 = CARTESIAN_POINT('',(2.4,2.475,0.2));
#3013 = DIRECTION('',(0.,1.,0.));
#3014 = DIRECTION('',(0.,0.,-1.));
#3015 = ADVANCED_FACE('',(#3016),#3022,.T.);
#3016 = FACE_BOUND('',#3017,.T.);
#3017 = EDGE_LOOP('',(#3018,#3019,#3020,#3021));
#3018 = ORIENTED_EDGE('',*,*,#3004,.T.);
#3019 = ORIENTED_EDGE('',*,*,#2013,.T.);
#3020 = ORIENTED_EDGE('',*,*,#1970,.F.);
#3021 = ORIENTED_EDGE('',*,*,#1956,.F.);
#3022 = PLANE('',#3023);
#3023 = AXIS2_PLACEMENT_3D('',#3024,#3025,#3026);
#3024 = CARTESIAN_POINT('',(2.4,2.475,0.));
#3025 = DIRECTION('',(0.,0.,-1.));
#3026 = DIRECTION('',(0.,-1.,0.));
#3027 = ADVANCED_FACE('',(#3028),#3039,.T.);
#3028 = FACE_BOUND('',#3029,.T.);
#3029 = EDGE_LOOP('',(#3030,#3031,#3032,#3038));
#3030 = ORIENTED_EDGE('',*,*,#2580,.T.);
#3031 = ORIENTED_EDGE('',*,*,#2102,.T.);
#3032 = ORIENTED_EDGE('',*,*,#3033,.F.);
#3033 = EDGE_CURVE('',#2046,#2103,#3034,.T.);
#3034 = LINE('',#3035,#3036);
#3035 = CARTESIAN_POINT('',(3.4,2.475,0.));
#3036 = VECTOR('',#3037,1.);
#3037 = DIRECTION('',(1.,0.,0.));
#3038 = ORIENTED_EDGE('',*,*,#2045,.F.);
#3039 = PLANE('',#3040);
#3040 = AXIS2_PLACEMENT_3D('',#3041,#3042,#3043);
#3041 = CARTESIAN_POINT('',(3.4,2.475,0.2));
#3042 = DIRECTION('',(0.,1.,0.));
#3043 = DIRECTION('',(0.,0.,-1.));
#3044 = ADVANCED_FACE('',(#3045),#3051,.T.);
#3045 = FACE_BOUND('',#3046,.T.);
#3046 = EDGE_LOOP('',(#3047,#3048,#3049,#3050));
#3047 = ORIENTED_EDGE('',*,*,#3033,.T.);
#3048 = ORIENTED_EDGE('',*,*,#2110,.T.);
#3049 = ORIENTED_EDGE('',*,*,#2067,.F.);
#3050 = ORIENTED_EDGE('',*,*,#2053,.F.);
#3051 = PLANE('',#3052);
#3052 = AXIS2_PLACEMENT_3D('',#3053,#3054,#3055);
#3053 = CARTESIAN_POINT('',(3.4,2.475,0.));
#3054 = DIRECTION('',(0.,0.,-1.));
#3055 = DIRECTION('',(0.,-1.,0.));
#3056 = ADVANCED_FACE('',(#3057),#3063,.T.);
#3057 = FACE_BOUND('',#3058,.T.);
#3058 = EDGE_LOOP('',(#3059,#3060,#3061,#3062));
#3059 = ORIENTED_EDGE('',*,*,#2274,.T.);
#3060 = ORIENTED_EDGE('',*,*,#2297,.T.);
#3061 = ORIENTED_EDGE('',*,*,#2322,.T.);
#3062 = ORIENTED_EDGE('',*,*,#2250,.T.);
#3063 = PLANE('',#3064);
#3064 = AXIS2_PLACEMENT_3D('',#3065,#3066,#3067);
#3065 = CARTESIAN_POINT('',(0.,-7.5E-02,1.76));
#3066 = DIRECTION('',(0.,-1.,1.110223024625E-16));
#3067 = DIRECTION('',(1.,0.,0.));
#3068 = ADVANCED_FACE('',(#3069,#3075,#3109,#3143,#3177,#3211,#3245,
    #3279,#3313),#3347,.T.);
#3069 = FACE_BOUND('',#3070,.T.);
#3070 = EDGE_LOOP('',(#3071,#3072,#3073,#3074));
#3071 = ORIENTED_EDGE('',*,*,#2227,.T.);
#3072 = ORIENTED_EDGE('',*,*,#2338,.T.);
#3073 = ORIENTED_EDGE('',*,*,#2363,.T.);
#3074 = ORIENTED_EDGE('',*,*,#2474,.T.);
#3075 = FACE_BOUND('',#3076,.T.);
#3076 = EDGE_LOOP('',(#3077,#3087,#3095,#3103));
#3077 = ORIENTED_EDGE('',*,*,#3078,.F.);
#3078 = EDGE_CURVE('',#3079,#3081,#3083,.T.);
#3079 = VERTEX_POINT('',#3080);
#3080 = CARTESIAN_POINT('',(-3.6,0.525,1.66));
#3081 = VERTEX_POINT('',#3082);
#3082 = CARTESIAN_POINT('',(-3.4,0.525,1.66));
#3083 = LINE('',#3084,#3085);
#3084 = CARTESIAN_POINT('',(-3.6,0.525,1.66));
#3085 = VECTOR('',#3086,1.);
#3086 = DIRECTION('',(1.,0.,0.));
#3087 = ORIENTED_EDGE('',*,*,#3088,.F.);
#3088 = EDGE_CURVE('',#3089,#3079,#3091,.T.);
#3089 = VERTEX_POINT('',#3090);
#3090 = CARTESIAN_POINT('',(-3.6,0.525,2.14));
#3091 = LINE('',#3092,#3093);
#3092 = CARTESIAN_POINT('',(-3.6,0.525,2.14));
#3093 = VECTOR('',#3094,1.);
#3094 = DIRECTION('',(0.,0.,-1.));
#3095 = ORIENTED_EDGE('',*,*,#3096,.T.);
#3096 = EDGE_CURVE('',#3089,#3097,#3099,.T.);
#3097 = VERTEX_POINT('',#3098);
#3098 = CARTESIAN_POINT('',(-3.4,0.525,2.14));
#3099 = LINE('',#3100,#3101);
#3100 = CARTESIAN_POINT('',(-3.6,0.525,2.14));
#3101 = VECTOR('',#3102,1.);
#3102 = DIRECTION('',(1.,0.,0.));
#3103 = ORIENTED_EDGE('',*,*,#3104,.T.);
#3104 = EDGE_CURVE('',#3097,#3081,#3105,.T.);
#3105 = LINE('',#3106,#3107);
#3106 = CARTESIAN_POINT('',(-3.4,0.525,2.14));
#3107 = VECTOR('',#3108,1.);
#3108 = DIRECTION('',(0.,0.,-1.));
#3109 = FACE_BOUND('',#3110,.T.);
#3110 = EDGE_LOOP('',(#3111,#3121,#3129,#3137));
#3111 = ORIENTED_EDGE('',*,*,#3112,.F.);
#3112 = EDGE_CURVE('',#3113,#3115,#3117,.T.);
#3113 = VERTEX_POINT('',#3114);
#3114 = CARTESIAN_POINT('',(-2.6,0.525,2.14));
#3115 = VERTEX_POINT('',#3116);
#3116 = CARTESIAN_POINT('',(-2.6,0.525,1.66));
#3117 = LINE('',#3118,#3119);
#3118 = CARTESIAN_POINT('',(-2.6,0.525,2.14));
#3119 = VECTOR('',#3120,1.);
#3120 = DIRECTION('',(0.,0.,-1.));
#3121 = ORIENTED_EDGE('',*,*,#3122,.T.);
#3122 = EDGE_CURVE('',#3113,#3123,#3125,.T.);
#3123 = VERTEX_POINT('',#3124);
#3124 = CARTESIAN_POINT('',(-2.4,0.525,2.14));
#3125 = LINE('',#3126,#3127);
#3126 = CARTESIAN_POINT('',(-2.6,0.525,2.14));
#3127 = VECTOR('',#3128,1.);
#3128 = DIRECTION('',(1.,0.,0.));
#3129 = ORIENTED_EDGE('',*,*,#3130,.T.);
#3130 = EDGE_CURVE('',#3123,#3131,#3133,.T.);
#3131 = VERTEX_POINT('',#3132);
#3132 = CARTESIAN_POINT('',(-2.4,0.525,1.66));
#3133 = LINE('',#3134,#3135);
#3134 = CARTESIAN_POINT('',(-2.4,0.525,2.14));
#3135 = VECTOR('',#3136,1.);
#3136 = DIRECTION('',(0.,0.,-1.));
#3137 = ORIENTED_EDGE('',*,*,#3138,.F.);
#3138 = EDGE_CURVE('',#3115,#3131,#3139,.T.);
#3139 = LINE('',#3140,#3141);
#3140 = CARTESIAN_POINT('',(-2.6,0.525,1.66));
#3141 = VECTOR('',#3142,1.);
#3142 = DIRECTION('',(1.,0.,0.));
#3143 = FACE_BOUND('',#3144,.T.);
#3144 = EDGE_LOOP('',(#3145,#3155,#3163,#3171));
#3145 = ORIENTED_EDGE('',*,*,#3146,.F.);
#3146 = EDGE_CURVE('',#3147,#3149,#3151,.T.);
#3147 = VERTEX_POINT('',#3148);
#3148 = CARTESIAN_POINT('',(-1.6,0.525,2.14));
#3149 = VERTEX_POINT('',#3150);
#3150 = CARTESIAN_POINT('',(-1.6,0.525,1.66));
#3151 = LINE('',#3152,#3153);
#3152 = CARTESIAN_POINT('',(-1.6,0.525,2.14));
#3153 = VECTOR('',#3154,1.);
#3154 = DIRECTION('',(0.,0.,-1.));
#3155 = ORIENTED_EDGE('',*,*,#3156,.T.);
#3156 = EDGE_CURVE('',#3147,#3157,#3159,.T.);
#3157 = VERTEX_POINT('',#3158);
#3158 = CARTESIAN_POINT('',(-1.4,0.525,2.14));
#3159 = LINE('',#3160,#3161);
#3160 = CARTESIAN_POINT('',(-1.6,0.525,2.14));
#3161 = VECTOR('',#3162,1.);
#3162 = DIRECTION('',(1.,0.,0.));
#3163 = ORIENTED_EDGE('',*,*,#3164,.T.);
#3164 = EDGE_CURVE('',#3157,#3165,#3167,.T.);
#3165 = VERTEX_POINT('',#3166);
#3166 = CARTESIAN_POINT('',(-1.4,0.525,1.66));
#3167 = LINE('',#3168,#3169);
#3168 = CARTESIAN_POINT('',(-1.4,0.525,2.14));
#3169 = VECTOR('',#3170,1.);
#3170 = DIRECTION('',(0.,0.,-1.));
#3171 = ORIENTED_EDGE('',*,*,#3172,.F.);
#3172 = EDGE_CURVE('',#3149,#3165,#3173,.T.);
#3173 = LINE('',#3174,#3175);
#3174 = CARTESIAN_POINT('',(-1.6,0.525,1.66));
#3175 = VECTOR('',#3176,1.);
#3176 = DIRECTION('',(1.,0.,0.));
#3177 = FACE_BOUND('',#3178,.T.);
#3178 = EDGE_LOOP('',(#3179,#3189,#3197,#3205));
#3179 = ORIENTED_EDGE('',*,*,#3180,.F.);
#3180 = EDGE_CURVE('',#3181,#3183,#3185,.T.);
#3181 = VERTEX_POINT('',#3182);
#3182 = CARTESIAN_POINT('',(-0.6,0.525,2.14));
#3183 = VERTEX_POINT('',#3184);
#3184 = CARTESIAN_POINT('',(-0.6,0.525,1.66));
#3185 = LINE('',#3186,#3187);
#3186 = CARTESIAN_POINT('',(-0.6,0.525,2.14));
#3187 = VECTOR('',#3188,1.);
#3188 = DIRECTION('',(0.,0.,-1.));
#3189 = ORIENTED_EDGE('',*,*,#3190,.T.);
#3190 = EDGE_CURVE('',#3181,#3191,#3193,.T.);
#3191 = VERTEX_POINT('',#3192);
#3192 = CARTESIAN_POINT('',(-0.4,0.525,2.14));
#3193 = LINE('',#3194,#3195);
#3194 = CARTESIAN_POINT('',(-0.6,0.525,2.14));
#3195 = VECTOR('',#3196,1.);
#3196 = DIRECTION('',(1.,0.,0.));
#3197 = ORIENTED_EDGE('',*,*,#3198,.T.);
#3198 = EDGE_CURVE('',#3191,#3199,#3201,.T.);
#3199 = VERTEX_POINT('',#3200);
#3200 = CARTESIAN_POINT('',(-0.4,0.525,1.66));
#3201 = LINE('',#3202,#3203);
#3202 = CARTESIAN_POINT('',(-0.4,0.525,2.14));
#3203 = VECTOR('',#3204,1.);
#3204 = DIRECTION('',(0.,0.,-1.));
#3205 = ORIENTED_EDGE('',*,*,#3206,.F.);
#3206 = EDGE_CURVE('',#3183,#3199,#3207,.T.);
#3207 = LINE('',#3208,#3209);
#3208 = CARTESIAN_POINT('',(-0.6,0.525,1.66));
#3209 = VECTOR('',#3210,1.);
#3210 = DIRECTION('',(1.,0.,0.));
#3211 = FACE_BOUND('',#3212,.T.);
#3212 = EDGE_LOOP('',(#3213,#3223,#3231,#3239));
#3213 = ORIENTED_EDGE('',*,*,#3214,.F.);
#3214 = EDGE_CURVE('',#3215,#3217,#3219,.T.);
#3215 = VERTEX_POINT('',#3216);
#3216 = CARTESIAN_POINT('',(0.4,0.525,2.14));
#3217 = VERTEX_POINT('',#3218);
#3218 = CARTESIAN_POINT('',(0.4,0.525,1.66));
#3219 = LINE('',#3220,#3221);
#3220 = CARTESIAN_POINT('',(0.4,0.525,2.14));
#3221 = VECTOR('',#3222,1.);
#3222 = DIRECTION('',(0.,0.,-1.));
#3223 = ORIENTED_EDGE('',*,*,#3224,.T.);
#3224 = EDGE_CURVE('',#3215,#3225,#3227,.T.);
#3225 = VERTEX_POINT('',#3226);
#3226 = CARTESIAN_POINT('',(0.6,0.525,2.14));
#3227 = LINE('',#3228,#3229);
#3228 = CARTESIAN_POINT('',(0.4,0.525,2.14));
#3229 = VECTOR('',#3230,1.);
#3230 = DIRECTION('',(1.,0.,0.));
#3231 = ORIENTED_EDGE('',*,*,#3232,.T.);
#3232 = EDGE_CURVE('',#3225,#3233,#3235,.T.);
#3233 = VERTEX_POINT('',#3234);
#3234 = CARTESIAN_POINT('',(0.6,0.525,1.66));
#3235 = LINE('',#3236,#3237);
#3236 = CARTESIAN_POINT('',(0.6,0.525,2.14));
#3237 = VECTOR('',#3238,1.);
#3238 = DIRECTION('',(0.,0.,-1.));
#3239 = ORIENTED_EDGE('',*,*,#3240,.F.);
#3240 = EDGE_CURVE('',#3217,#3233,#3241,.T.);
#3241 = LINE('',#3242,#3243);
#3242 = CARTESIAN_POINT('',(0.4,0.525,1.66));
#3243 = VECTOR('',#3244,1.);
#3244 = DIRECTION('',(1.,0.,0.));
#3245 = FACE_BOUND('',#3246,.T.);
#3246 = EDGE_LOOP('',(#3247,#3257,#3265,#3273));
#3247 = ORIENTED_EDGE('',*,*,#3248,.F.);
#3248 = EDGE_CURVE('',#3249,#3251,#3253,.T.);
#3249 = VERTEX_POINT('',#3250);
#3250 = CARTESIAN_POINT('',(1.4,0.525,2.14));
#3251 = VERTEX_POINT('',#3252);
#3252 = CARTESIAN_POINT('',(1.4,0.525,1.66));
#3253 = LINE('',#3254,#3255);
#3254 = CARTESIAN_POINT('',(1.4,0.525,2.14));
#3255 = VECTOR('',#3256,1.);
#3256 = DIRECTION('',(0.,0.,-1.));
#3257 = ORIENTED_EDGE('',*,*,#3258,.T.);
#3258 = EDGE_CURVE('',#3249,#3259,#3261,.T.);
#3259 = VERTEX_POINT('',#3260);
#3260 = CARTESIAN_POINT('',(1.6,0.525,2.14));
#3261 = LINE('',#3262,#3263);
#3262 = CARTESIAN_POINT('',(1.4,0.525,2.14));
#3263 = VECTOR('',#3264,1.);
#3264 = DIRECTION('',(1.,0.,0.));
#3265 = ORIENTED_EDGE('',*,*,#3266,.T.);
#3266 = EDGE_CURVE('',#3259,#3267,#3269,.T.);
#3267 = VERTEX_POINT('',#3268);
#3268 = CARTESIAN_POINT('',(1.6,0.525,1.66));
#3269 = LINE('',#3270,#3271);
#3270 = CARTESIAN_POINT('',(1.6,0.525,2.14));
#3271 = VECTOR('',#3272,1.);
#3272 = DIRECTION('',(0.,0.,-1.));
#3273 = ORIENTED_EDGE('',*,*,#3274,.F.);
#3274 = EDGE_CURVE('',#3251,#3267,#3275,.T.);
#3275 = LINE('',#3276,#3277);
#3276 = CARTESIAN_POINT('',(1.4,0.525,1.66));
#3277 = VECTOR('',#3278,1.);
#3278 = DIRECTION('',(1.,0.,0.));
#3279 = FACE_BOUND('',#3280,.T.);
#3280 = EDGE_LOOP('',(#3281,#3291,#3299,#3307));
#3281 = ORIENTED_EDGE('',*,*,#3282,.F.);
#3282 = EDGE_CURVE('',#3283,#3285,#3287,.T.);
#3283 = VERTEX_POINT('',#3284);
#3284 = CARTESIAN_POINT('',(2.4,0.525,2.14));
#3285 = VERTEX_POINT('',#3286);
#3286 = CARTESIAN_POINT('',(2.4,0.525,1.66));
#3287 = LINE('',#3288,#3289);
#3288 = CARTESIAN_POINT('',(2.4,0.525,2.14));
#3289 = VECTOR('',#3290,1.);
#3290 = DIRECTION('',(0.,0.,-1.));
#3291 = ORIENTED_EDGE('',*,*,#3292,.T.);
#3292 = EDGE_CURVE('',#3283,#3293,#3295,.T.);
#3293 = VERTEX_POINT('',#3294);
#3294 = CARTESIAN_POINT('',(2.6,0.525,2.14));
#3295 = LINE('',#3296,#3297);
#3296 = CARTESIAN_POINT('',(2.4,0.525,2.14));
#3297 = VECTOR('',#3298,1.);
#3298 = DIRECTION('',(1.,0.,0.));
#3299 = ORIENTED_EDGE('',*,*,#3300,.T.);
#3300 = EDGE_CURVE('',#3293,#3301,#3303,.T.);
#3301 = VERTEX_POINT('',#3302);
#3302 = CARTESIAN_POINT('',(2.6,0.525,1.66));
#3303 = LINE('',#3304,#3305);
#3304 = CARTESIAN_POINT('',(2.6,0.525,2.14));
#3305 = VECTOR('',#3306,1.);
#3306 = DIRECTION('',(0.,0.,-1.));
#3307 = ORIENTED_EDGE('',*,*,#3308,.F.);
#3308 = EDGE_CURVE('',#3285,#3301,#3309,.T.);
#3309 = LINE('',#3310,#3311);
#3310 = CARTESIAN_POINT('',(2.4,0.525,1.66));
#3311 = VECTOR('',#3312,1.);
#3312 = DIRECTION('',(1.,0.,0.));
#3313 = FACE_BOUND('',#3314,.T.);
#3314 = EDGE_LOOP('',(#3315,#3325,#3333,#3341));
#3315 = ORIENTED_EDGE('',*,*,#3316,.F.);
#3316 = EDGE_CURVE('',#3317,#3319,#3321,.T.);
#3317 = VERTEX_POINT('',#3318);
#3318 = CARTESIAN_POINT('',(3.4,0.525,2.14));
#3319 = VERTEX_POINT('',#3320);
#3320 = CARTESIAN_POINT('',(3.4,0.525,1.66));
#3321 = LINE('',#3322,#3323);
#3322 = CARTESIAN_POINT('',(3.4,0.525,2.14));
#3323 = VECTOR('',#3324,1.);
#3324 = DIRECTION('',(0.,0.,-1.));
#3325 = ORIENTED_EDGE('',*,*,#3326,.T.);
#3326 = EDGE_CURVE('',#3317,#3327,#3329,.T.);
#3327 = VERTEX_POINT('',#3328);
#3328 = CARTESIAN_POINT('',(3.6,0.525,2.14));
#3329 = LINE('',#3330,#3331);
#3330 = CARTESIAN_POINT('',(3.4,0.525,2.14));
#3331 = VECTOR('',#3332,1.);
#3332 = DIRECTION('',(1.,0.,0.));
#3333 = ORIENTED_EDGE('',*,*,#3334,.T.);
#3334 = EDGE_CURVE('',#3327,#3335,#3337,.T.);
#3335 = VERTEX_POINT('',#3336);
#3336 = CARTESIAN_POINT('',(3.6,0.525,1.66));
#3337 = LINE('',#3338,#3339);
#3338 = CARTESIAN_POINT('',(3.6,0.525,2.14));
#3339 = VECTOR('',#3340,1.);
#3340 = DIRECTION('',(0.,0.,-1.));
#3341 = ORIENTED_EDGE('',*,*,#3342,.F.);
#3342 = EDGE_CURVE('',#3319,#3335,#3343,.T.);
#3343 = LINE('',#3344,#3345);
#3344 = CARTESIAN_POINT('',(3.4,0.525,1.66));
#3345 = VECTOR('',#3346,1.);
#3346 = DIRECTION('',(1.,0.,0.));
#3347 = PLANE('',#3348);
#3348 = AXIS2_PLACEMENT_3D('',#3349,#3350,#3351);
#3349 = CARTESIAN_POINT('',(0.,0.525,1.51));
#3350 = DIRECTION('',(0.,-1.,1.110223024625E-16));
#3351 = DIRECTION('',(1.,0.,0.));
#3352 = ADVANCED_FACE('',(#3353),#3359,.T.);
#3353 = FACE_BOUND('',#3354,.T.);
#3354 = EDGE_LOOP('',(#3355,#3356,#3357,#3358));
#3355 = ORIENTED_EDGE('',*,*,#2458,.T.);
#3356 = ORIENTED_EDGE('',*,*,#2386,.T.);
#3357 = ORIENTED_EDGE('',*,*,#2410,.T.);
#3358 = ORIENTED_EDGE('',*,*,#2433,.T.);
#3359 = PLANE('',#3360);
#3360 = AXIS2_PLACEMENT_3D('',#3361,#3362,#3363);
#3361 = CARTESIAN_POINT('',(0.,-7.5E-02,1.76));
#3362 = DIRECTION('',(0.,-1.,1.110223024625E-16));
#3363 = DIRECTION('',(1.,0.,0.));
#3364 = ADVANCED_FACE('',(#3365),#3390,.T.);
#3365 = FACE_BOUND('',#3366,.T.);
#3366 = EDGE_LOOP('',(#3367,#3368,#3376,#3384));
#3367 = ORIENTED_EDGE('',*,*,#3078,.T.);
#3368 = ORIENTED_EDGE('',*,*,#3369,.T.);
#3369 = EDGE_CURVE('',#3081,#3370,#3372,.T.);
#3370 = VERTEX_POINT('',#3371);
#3371 = CARTESIAN_POINT('',(-3.4,-1.225,1.79));
#3372 = LINE('',#3373,#3374);
#3373 = CARTESIAN_POINT('',(-3.4,0.525,1.66));
#3374 = VECTOR('',#3375,1.);
#3375 = DIRECTION('',(0.,-0.997252183706,7.408159078957E-02));
#3376 = ORIENTED_EDGE('',*,*,#3377,.F.);
#3377 = EDGE_CURVE('',#3378,#3370,#3380,.T.);
#3378 = VERTEX_POINT('',#3379);
#3379 = CARTESIAN_POINT('',(-3.6,-1.225,1.79));
#3380 = LINE('',#3381,#3382);
#3381 = CARTESIAN_POINT('',(-3.6,-1.225,1.79));
#3382 = VECTOR('',#3383,1.);
#3383 = DIRECTION('',(1.,0.,0.));
#3384 = ORIENTED_EDGE('',*,*,#3385,.F.);
#3385 = EDGE_CURVE('',#3079,#3378,#3386,.T.);
#3386 = LINE('',#3387,#3388);
#3387 = CARTESIAN_POINT('',(-3.6,0.525,1.66));
#3388 = VECTOR('',#3389,1.);
#3389 = DIRECTION('',(0.,-0.997252183706,7.408159078957E-02));
#3390 = PLANE('',#3391);
#3391 = AXIS2_PLACEMENT_3D('',#3392,#3393,#3394);
#3392 = CARTESIAN_POINT('',(-3.6,0.525,1.66));
#3393 = DIRECTION('',(0.,-7.408159078957E-02,-0.997252183706));
#3394 = DIRECTION('',(0.,-0.997252183706,7.408159078957E-02));
#3395 = ADVANCED_FACE('',(#3396),#3414,.F.);
#3396 = FACE_BOUND('',#3397,.F.);
#3397 = EDGE_LOOP('',(#3398,#3406,#3412,#3413));
#3398 = ORIENTED_EDGE('',*,*,#3399,.T.);
#3399 = EDGE_CURVE('',#3370,#3400,#3402,.T.);
#3400 = VERTEX_POINT('',#3401);
#3401 = CARTESIAN_POINT('',(-3.4,-1.225,2.14));
#3402 = LINE('',#3403,#3404);
#3403 = CARTESIAN_POINT('',(-3.4,-1.225,1.79));
#3404 = VECTOR('',#3405,1.);
#3405 = DIRECTION('',(0.,0.,1.));
#3406 = ORIENTED_EDGE('',*,*,#3407,.T.);
#3407 = EDGE_CURVE('',#3400,#3097,#3408,.T.);
#3408 = LINE('',#3409,#3410);
#3409 = CARTESIAN_POINT('',(-3.4,-1.225,2.14));
#3410 = VECTOR('',#3411,1.);
#3411 = DIRECTION('',(0.,1.,0.));
#3412 = ORIENTED_EDGE('',*,*,#3104,.T.);
#3413 = ORIENTED_EDGE('',*,*,#3369,.T.);
#3414 = PLANE('',#3415);
#3415 = AXIS2_PLACEMENT_3D('',#3416,#3417,#3418);
#3416 = CARTESIAN_POINT('',(-3.4,-0.323759014354,1.931294517928));
#3417 = DIRECTION('',(-1.,-0.,-0.));
#3418 = DIRECTION('',(0.,0.,-1.));
#3419 = ADVANCED_FACE('',(#3420),#3438,.T.);
#3420 = FACE_BOUND('',#3421,.T.);
#3421 = EDGE_LOOP('',(#3422,#3430,#3431,#3432));
#3422 = ORIENTED_EDGE('',*,*,#3423,.T.);
#3423 = EDGE_CURVE('',#3424,#3400,#3426,.T.);
#3424 = VERTEX_POINT('',#3425);
#3425 = CARTESIAN_POINT('',(-3.6,-1.225,2.14));
#3426 = LINE('',#3427,#3428);
#3427 = CARTESIAN_POINT('',(-3.6,-1.225,2.14));
#3428 = VECTOR('',#3429,1.);
#3429 = DIRECTION('',(1.,0.,0.));
#3430 = ORIENTED_EDGE('',*,*,#3407,.T.);
#3431 = ORIENTED_EDGE('',*,*,#3096,.F.);
#3432 = ORIENTED_EDGE('',*,*,#3433,.F.);
#3433 = EDGE_CURVE('',#3424,#3089,#3434,.T.);
#3434 = LINE('',#3435,#3436);
#3435 = CARTESIAN_POINT('',(-3.6,-1.225,2.14));
#3436 = VECTOR('',#3437,1.);
#3437 = DIRECTION('',(0.,1.,0.));
#3438 = PLANE('',#3439);
#3439 = AXIS2_PLACEMENT_3D('',#3440,#3441,#3442);
#3440 = CARTESIAN_POINT('',(-3.6,-1.225,2.14));
#3441 = DIRECTION('',(0.,0.,1.));
#3442 = DIRECTION('',(0.,1.,0.));
#3443 = ADVANCED_FACE('',(#3444),#3455,.T.);
#3444 = FACE_BOUND('',#3445,.T.);
#3445 = EDGE_LOOP('',(#3446,#3452,#3453,#3454));
#3446 = ORIENTED_EDGE('',*,*,#3447,.T.);
#3447 = EDGE_CURVE('',#3378,#3424,#3448,.T.);
#3448 = LINE('',#3449,#3450);
#3449 = CARTESIAN_POINT('',(-3.6,-1.225,1.79));
#3450 = VECTOR('',#3451,1.);
#3451 = DIRECTION('',(0.,0.,1.));
#3452 = ORIENTED_EDGE('',*,*,#3433,.T.);
#3453 = ORIENTED_EDGE('',*,*,#3088,.T.);
#3454 = ORIENTED_EDGE('',*,*,#3385,.T.);
#3455 = PLANE('',#3456);
#3456 = AXIS2_PLACEMENT_3D('',#3457,#3458,#3459);
#3457 = CARTESIAN_POINT('',(-3.6,-0.323759014354,1.931294517928));
#3458 = DIRECTION('',(-1.,-0.,-0.));
#3459 = DIRECTION('',(0.,0.,-1.));
#3460 = ADVANCED_FACE('',(#3461),#3486,.T.);
#3461 = FACE_BOUND('',#3462,.T.);
#3462 = EDGE_LOOP('',(#3463,#3473,#3479,#3480));
#3463 = ORIENTED_EDGE('',*,*,#3464,.T.);
#3464 = EDGE_CURVE('',#3465,#3467,#3469,.T.);
#3465 = VERTEX_POINT('',#3466);
#3466 = CARTESIAN_POINT('',(-2.6,-1.225,1.79));
#3467 = VERTEX_POINT('',#3468);
#3468 = CARTESIAN_POINT('',(-2.6,-1.225,2.14));
#3469 = LINE('',#3470,#3471);
#3470 = CARTESIAN_POINT('',(-2.6,-1.225,1.79));
#3471 = VECTOR('',#3472,1.);
#3472 = DIRECTION('',(0.,0.,1.));
#3473 = ORIENTED_EDGE('',*,*,#3474,.T.);
#3474 = EDGE_CURVE('',#3467,#3113,#3475,.T.);
#3475 = LINE('',#3476,#3477);
#3476 = CARTESIAN_POINT('',(-2.6,-1.225,2.14));
#3477 = VECTOR('',#3478,1.);
#3478 = DIRECTION('',(0.,1.,0.));
#3479 = ORIENTED_EDGE('',*,*,#3112,.T.);
#3480 = ORIENTED_EDGE('',*,*,#3481,.T.);
#3481 = EDGE_CURVE('',#3115,#3465,#3482,.T.);
#3482 = LINE('',#3483,#3484);
#3483 = CARTESIAN_POINT('',(-2.6,0.525,1.66));
#3484 = VECTOR('',#3485,1.);
#3485 = DIRECTION('',(0.,-0.997252183706,7.408159078957E-02));
#3486 = PLANE('',#3487);
#3487 = AXIS2_PLACEMENT_3D('',#3488,#3489,#3490);
#3488 = CARTESIAN_POINT('',(-2.6,-0.323759014354,1.931294517928));
#3489 = DIRECTION('',(-1.,-0.,-0.));
#3490 = DIRECTION('',(0.,0.,-1.));
#3491 = ADVANCED_FACE('',(#3492),#3510,.T.);
#3492 = FACE_BOUND('',#3493,.T.);
#3493 = EDGE_LOOP('',(#3494,#3495,#3503,#3509));
#3494 = ORIENTED_EDGE('',*,*,#3138,.T.);
#3495 = ORIENTED_EDGE('',*,*,#3496,.T.);
#3496 = EDGE_CURVE('',#3131,#3497,#3499,.T.);
#3497 = VERTEX_POINT('',#3498);
#3498 = CARTESIAN_POINT('',(-2.4,-1.225,1.79));
#3499 = LINE('',#3500,#3501);
#3500 = CARTESIAN_POINT('',(-2.4,0.525,1.66));
#3501 = VECTOR('',#3502,1.);
#3502 = DIRECTION('',(0.,-0.997252183706,7.408159078957E-02));
#3503 = ORIENTED_EDGE('',*,*,#3504,.F.);
#3504 = EDGE_CURVE('',#3465,#3497,#3505,.T.);
#3505 = LINE('',#3506,#3507);
#3506 = CARTESIAN_POINT('',(-2.6,-1.225,1.79));
#3507 = VECTOR('',#3508,1.);
#3508 = DIRECTION('',(1.,0.,0.));
#3509 = ORIENTED_EDGE('',*,*,#3481,.F.);
#3510 = PLANE('',#3511);
#3511 = AXIS2_PLACEMENT_3D('',#3512,#3513,#3514);
#3512 = CARTESIAN_POINT('',(-2.6,0.525,1.66));
#3513 = DIRECTION('',(0.,-7.408159078957E-02,-0.997252183706));
#3514 = DIRECTION('',(0.,-0.997252183706,7.408159078957E-02));
#3515 = ADVANCED_FACE('',(#3516),#3534,.F.);
#3516 = FACE_BOUND('',#3517,.F.);
#3517 = EDGE_LOOP('',(#3518,#3526,#3532,#3533));
#3518 = ORIENTED_EDGE('',*,*,#3519,.T.);
#3519 = EDGE_CURVE('',#3497,#3520,#3522,.T.);
#3520 = VERTEX_POINT('',#3521);
#3521 = CARTESIAN_POINT('',(-2.4,-1.225,2.14));
#3522 = LINE('',#3523,#3524);
#3523 = CARTESIAN_POINT('',(-2.4,-1.225,1.79));
#3524 = VECTOR('',#3525,1.);
#3525 = DIRECTION('',(0.,0.,1.));
#3526 = ORIENTED_EDGE('',*,*,#3527,.T.);
#3527 = EDGE_CURVE('',#3520,#3123,#3528,.T.);
#3528 = LINE('',#3529,#3530);
#3529 = CARTESIAN_POINT('',(-2.4,-1.225,2.14));
#3530 = VECTOR('',#3531,1.);
#3531 = DIRECTION('',(0.,1.,0.));
#3532 = ORIENTED_EDGE('',*,*,#3130,.T.);
#3533 = ORIENTED_EDGE('',*,*,#3496,.T.);
#3534 = PLANE('',#3535);
#3535 = AXIS2_PLACEMENT_3D('',#3536,#3537,#3538);
#3536 = CARTESIAN_POINT('',(-2.4,-0.323759014354,1.931294517928));
#3537 = DIRECTION('',(-1.,-0.,-0.));
#3538 = DIRECTION('',(0.,0.,-1.));
#3539 = ADVANCED_FACE('',(#3540),#3551,.T.);
#3540 = FACE_BOUND('',#3541,.T.);
#3541 = EDGE_LOOP('',(#3542,#3548,#3549,#3550));
#3542 = ORIENTED_EDGE('',*,*,#3543,.T.);
#3543 = EDGE_CURVE('',#3467,#3520,#3544,.T.);
#3544 = LINE('',#3545,#3546);
#3545 = CARTESIAN_POINT('',(-2.6,-1.225,2.14));
#3546 = VECTOR('',#3547,1.);
#3547 = DIRECTION('',(1.,0.,0.));
#3548 = ORIENTED_EDGE('',*,*,#3527,.T.);
#3549 = ORIENTED_EDGE('',*,*,#3122,.F.);
#3550 = ORIENTED_EDGE('',*,*,#3474,.F.);
#3551 = PLANE('',#3552);
#3552 = AXIS2_PLACEMENT_3D('',#3553,#3554,#3555);
#3553 = CARTESIAN_POINT('',(-2.6,-1.225,2.14));
#3554 = DIRECTION('',(0.,0.,1.));
#3555 = DIRECTION('',(0.,1.,0.));
#3556 = ADVANCED_FACE('',(#3557),#3582,.T.);
#3557 = FACE_BOUND('',#3558,.T.);
#3558 = EDGE_LOOP('',(#3559,#3569,#3575,#3576));
#3559 = ORIENTED_EDGE('',*,*,#3560,.T.);
#3560 = EDGE_CURVE('',#3561,#3563,#3565,.T.);
#3561 = VERTEX_POINT('',#3562);
#3562 = CARTESIAN_POINT('',(-1.6,-1.225,1.79));
#3563 = VERTEX_POINT('',#3564);
#3564 = CARTESIAN_POINT('',(-1.6,-1.225,2.14));
#3565 = LINE('',#3566,#3567);
#3566 = CARTESIAN_POINT('',(-1.6,-1.225,1.79));
#3567 = VECTOR('',#3568,1.);
#3568 = DIRECTION('',(0.,0.,1.));
#3569 = ORIENTED_EDGE('',*,*,#3570,.T.);
#3570 = EDGE_CURVE('',#3563,#3147,#3571,.T.);
#3571 = LINE('',#3572,#3573);
#3572 = CARTESIAN_POINT('',(-1.6,-1.225,2.14));
#3573 = VECTOR('',#3574,1.);
#3574 = DIRECTION('',(0.,1.,0.));
#3575 = ORIENTED_EDGE('',*,*,#3146,.T.);
#3576 = ORIENTED_EDGE('',*,*,#3577,.T.);
#3577 = EDGE_CURVE('',#3149,#3561,#3578,.T.);
#3578 = LINE('',#3579,#3580);
#3579 = CARTESIAN_POINT('',(-1.6,0.525,1.66));
#3580 = VECTOR('',#3581,1.);
#3581 = DIRECTION('',(0.,-0.997252183706,7.408159078957E-02));
#3582 = PLANE('',#3583);
#3583 = AXIS2_PLACEMENT_3D('',#3584,#3585,#3586);
#3584 = CARTESIAN_POINT('',(-1.6,-0.323759014354,1.931294517928));
#3585 = DIRECTION('',(-1.,-0.,-0.));
#3586 = DIRECTION('',(0.,0.,-1.));
#3587 = ADVANCED_FACE('',(#3588),#3606,.T.);
#3588 = FACE_BOUND('',#3589,.T.);
#3589 = EDGE_LOOP('',(#3590,#3591,#3599,#3605));
#3590 = ORIENTED_EDGE('',*,*,#3172,.T.);
#3591 = ORIENTED_EDGE('',*,*,#3592,.T.);
#3592 = EDGE_CURVE('',#3165,#3593,#3595,.T.);
#3593 = VERTEX_POINT('',#3594);
#3594 = CARTESIAN_POINT('',(-1.4,-1.225,1.79));
#3595 = LINE('',#3596,#3597);
#3596 = CARTESIAN_POINT('',(-1.4,0.525,1.66));
#3597 = VECTOR('',#3598,1.);
#3598 = DIRECTION('',(0.,-0.997252183706,7.408159078957E-02));
#3599 = ORIENTED_EDGE('',*,*,#3600,.F.);
#3600 = EDGE_CURVE('',#3561,#3593,#3601,.T.);
#3601 = LINE('',#3602,#3603);
#3602 = CARTESIAN_POINT('',(-1.6,-1.225,1.79));
#3603 = VECTOR('',#3604,1.);
#3604 = DIRECTION('',(1.,0.,0.));
#3605 = ORIENTED_EDGE('',*,*,#3577,.F.);
#3606 = PLANE('',#3607);
#3607 = AXIS2_PLACEMENT_3D('',#3608,#3609,#3610);
#3608 = CARTESIAN_POINT('',(-1.6,0.525,1.66));
#3609 = DIRECTION('',(0.,-7.408159078957E-02,-0.997252183706));
#3610 = DIRECTION('',(0.,-0.997252183706,7.408159078957E-02));
#3611 = ADVANCED_FACE('',(#3612),#3630,.F.);
#3612 = FACE_BOUND('',#3613,.F.);
#3613 = EDGE_LOOP('',(#3614,#3622,#3628,#3629));
#3614 = ORIENTED_EDGE('',*,*,#3615,.T.);
#3615 = EDGE_CURVE('',#3593,#3616,#3618,.T.);
#3616 = VERTEX_POINT('',#3617);
#3617 = CARTESIAN_POINT('',(-1.4,-1.225,2.14));
#3618 = LINE('',#3619,#3620);
#3619 = CARTESIAN_POINT('',(-1.4,-1.225,1.79));
#3620 = VECTOR('',#3621,1.);
#3621 = DIRECTION('',(0.,0.,1.));
#3622 = ORIENTED_EDGE('',*,*,#3623,.T.);
#3623 = EDGE_CURVE('',#3616,#3157,#3624,.T.);
#3624 = LINE('',#3625,#3626);
#3625 = CARTESIAN_POINT('',(-1.4,-1.225,2.14));
#3626 = VECTOR('',#3627,1.);
#3627 = DIRECTION('',(0.,1.,0.));
#3628 = ORIENTED_EDGE('',*,*,#3164,.T.);
#3629 = ORIENTED_EDGE('',*,*,#3592,.T.);
#3630 = PLANE('',#3631);
#3631 = AXIS2_PLACEMENT_3D('',#3632,#3633,#3634);
#3632 = CARTESIAN_POINT('',(-1.4,-0.323759014354,1.931294517928));
#3633 = DIRECTION('',(-1.,-0.,-0.));
#3634 = DIRECTION('',(0.,0.,-1.));
#3635 = ADVANCED_FACE('',(#3636),#3647,.T.);
#3636 = FACE_BOUND('',#3637,.T.);
#3637 = EDGE_LOOP('',(#3638,#3644,#3645,#3646));
#3638 = ORIENTED_EDGE('',*,*,#3639,.T.);
#3639 = EDGE_CURVE('',#3563,#3616,#3640,.T.);
#3640 = LINE('',#3641,#3642);
#3641 = CARTESIAN_POINT('',(-1.6,-1.225,2.14));
#3642 = VECTOR('',#3643,1.);
#3643 = DIRECTION('',(1.,0.,0.));
#3644 = ORIENTED_EDGE('',*,*,#3623,.T.);
#3645 = ORIENTED_EDGE('',*,*,#3156,.F.);
#3646 = ORIENTED_EDGE('',*,*,#3570,.F.);
#3647 = PLANE('',#3648);
#3648 = AXIS2_PLACEMENT_3D('',#3649,#3650,#3651);
#3649 = CARTESIAN_POINT('',(-1.6,-1.225,2.14));
#3650 = DIRECTION('',(0.,0.,1.));
#3651 = DIRECTION('',(0.,1.,0.));
#3652 = ADVANCED_FACE('',(#3653),#3678,.T.);
#3653 = FACE_BOUND('',#3654,.T.);
#3654 = EDGE_LOOP('',(#3655,#3665,#3671,#3672));
#3655 = ORIENTED_EDGE('',*,*,#3656,.T.);
#3656 = EDGE_CURVE('',#3657,#3659,#3661,.T.);
#3657 = VERTEX_POINT('',#3658);
#3658 = CARTESIAN_POINT('',(-0.6,-1.225,1.79));
#3659 = VERTEX_POINT('',#3660);
#3660 = CARTESIAN_POINT('',(-0.6,-1.225,2.14));
#3661 = LINE('',#3662,#3663);
#3662 = CARTESIAN_POINT('',(-0.6,-1.225,1.79));
#3663 = VECTOR('',#3664,1.);
#3664 = DIRECTION('',(0.,0.,1.));
#3665 = ORIENTED_EDGE('',*,*,#3666,.T.);
#3666 = EDGE_CURVE('',#3659,#3181,#3667,.T.);
#3667 = LINE('',#3668,#3669);
#3668 = CARTESIAN_POINT('',(-0.6,-1.225,2.14));
#3669 = VECTOR('',#3670,1.);
#3670 = DIRECTION('',(0.,1.,0.));
#3671 = ORIENTED_EDGE('',*,*,#3180,.T.);
#3672 = ORIENTED_EDGE('',*,*,#3673,.T.);
#3673 = EDGE_CURVE('',#3183,#3657,#3674,.T.);
#3674 = LINE('',#3675,#3676);
#3675 = CARTESIAN_POINT('',(-0.6,0.525,1.66));
#3676 = VECTOR('',#3677,1.);
#3677 = DIRECTION('',(0.,-0.997252183706,7.408159078957E-02));
#3678 = PLANE('',#3679);
#3679 = AXIS2_PLACEMENT_3D('',#3680,#3681,#3682);
#3680 = CARTESIAN_POINT('',(-0.6,-0.323759014354,1.931294517928));
#3681 = DIRECTION('',(-1.,-0.,-0.));
#3682 = DIRECTION('',(0.,0.,-1.));
#3683 = ADVANCED_FACE('',(#3684),#3702,.T.);
#3684 = FACE_BOUND('',#3685,.T.);
#3685 = EDGE_LOOP('',(#3686,#3687,#3695,#3701));
#3686 = ORIENTED_EDGE('',*,*,#3206,.T.);
#3687 = ORIENTED_EDGE('',*,*,#3688,.T.);
#3688 = EDGE_CURVE('',#3199,#3689,#3691,.T.);
#3689 = VERTEX_POINT('',#3690);
#3690 = CARTESIAN_POINT('',(-0.4,-1.225,1.79));
#3691 = LINE('',#3692,#3693);
#3692 = CARTESIAN_POINT('',(-0.4,0.525,1.66));
#3693 = VECTOR('',#3694,1.);
#3694 = DIRECTION('',(0.,-0.997252183706,7.408159078957E-02));
#3695 = ORIENTED_EDGE('',*,*,#3696,.F.);
#3696 = EDGE_CURVE('',#3657,#3689,#3697,.T.);
#3697 = LINE('',#3698,#3699);
#3698 = CARTESIAN_POINT('',(-0.6,-1.225,1.79));
#3699 = VECTOR('',#3700,1.);
#3700 = DIRECTION('',(1.,0.,0.));
#3701 = ORIENTED_EDGE('',*,*,#3673,.F.);
#3702 = PLANE('',#3703);
#3703 = AXIS2_PLACEMENT_3D('',#3704,#3705,#3706);
#3704 = CARTESIAN_POINT('',(-0.6,0.525,1.66));
#3705 = DIRECTION('',(0.,-7.408159078957E-02,-0.997252183706));
#3706 = DIRECTION('',(0.,-0.997252183706,7.408159078957E-02));
#3707 = ADVANCED_FACE('',(#3708),#3726,.F.);
#3708 = FACE_BOUND('',#3709,.F.);
#3709 = EDGE_LOOP('',(#3710,#3718,#3724,#3725));
#3710 = ORIENTED_EDGE('',*,*,#3711,.T.);
#3711 = EDGE_CURVE('',#3689,#3712,#3714,.T.);
#3712 = VERTEX_POINT('',#3713);
#3713 = CARTESIAN_POINT('',(-0.4,-1.225,2.14));
#3714 = LINE('',#3715,#3716);
#3715 = CARTESIAN_POINT('',(-0.4,-1.225,1.79));
#3716 = VECTOR('',#3717,1.);
#3717 = DIRECTION('',(0.,0.,1.));
#3718 = ORIENTED_EDGE('',*,*,#3719,.T.);
#3719 = EDGE_CURVE('',#3712,#3191,#3720,.T.);
#3720 = LINE('',#3721,#3722);
#3721 = CARTESIAN_POINT('',(-0.4,-1.225,2.14));
#3722 = VECTOR('',#3723,1.);
#3723 = DIRECTION('',(0.,1.,0.));
#3724 = ORIENTED_EDGE('',*,*,#3198,.T.);
#3725 = ORIENTED_EDGE('',*,*,#3688,.T.);
#3726 = PLANE('',#3727);
#3727 = AXIS2_PLACEMENT_3D('',#3728,#3729,#3730);
#3728 = CARTESIAN_POINT('',(-0.4,-0.323759014354,1.931294517928));
#3729 = DIRECTION('',(-1.,-0.,-0.));
#3730 = DIRECTION('',(0.,0.,-1.));
#3731 = ADVANCED_FACE('',(#3732),#3743,.T.);
#3732 = FACE_BOUND('',#3733,.T.);
#3733 = EDGE_LOOP('',(#3734,#3740,#3741,#3742));
#3734 = ORIENTED_EDGE('',*,*,#3735,.T.);
#3735 = EDGE_CURVE('',#3659,#3712,#3736,.T.);
#3736 = LINE('',#3737,#3738);
#3737 = CARTESIAN_POINT('',(-0.6,-1.225,2.14));
#3738 = VECTOR('',#3739,1.);
#3739 = DIRECTION('',(1.,0.,0.));
#3740 = ORIENTED_EDGE('',*,*,#3719,.T.);
#3741 = ORIENTED_EDGE('',*,*,#3190,.F.);
#3742 = ORIENTED_EDGE('',*,*,#3666,.F.);
#3743 = PLANE('',#3744);
#3744 = AXIS2_PLACEMENT_3D('',#3745,#3746,#3747);
#3745 = CARTESIAN_POINT('',(-0.6,-1.225,2.14));
#3746 = DIRECTION('',(0.,0.,1.));
#3747 = DIRECTION('',(0.,1.,0.));
#3748 = ADVANCED_FACE('',(#3749),#3774,.T.);
#3749 = FACE_BOUND('',#3750,.T.);
#3750 = EDGE_LOOP('',(#3751,#3761,#3767,#3768));
#3751 = ORIENTED_EDGE('',*,*,#3752,.T.);
#3752 = EDGE_CURVE('',#3753,#3755,#3757,.T.);
#3753 = VERTEX_POINT('',#3754);
#3754 = CARTESIAN_POINT('',(0.4,-1.225,1.79));
#3755 = VERTEX_POINT('',#3756);
#3756 = CARTESIAN_POINT('',(0.4,-1.225,2.14));
#3757 = LINE('',#3758,#3759);
#3758 = CARTESIAN_POINT('',(0.4,-1.225,1.79));
#3759 = VECTOR('',#3760,1.);
#3760 = DIRECTION('',(0.,0.,1.));
#3761 = ORIENTED_EDGE('',*,*,#3762,.T.);
#3762 = EDGE_CURVE('',#3755,#3215,#3763,.T.);
#3763 = LINE('',#3764,#3765);
#3764 = CARTESIAN_POINT('',(0.4,-1.225,2.14));
#3765 = VECTOR('',#3766,1.);
#3766 = DIRECTION('',(0.,1.,0.));
#3767 = ORIENTED_EDGE('',*,*,#3214,.T.);
#3768 = ORIENTED_EDGE('',*,*,#3769,.T.);
#3769 = EDGE_CURVE('',#3217,#3753,#3770,.T.);
#3770 = LINE('',#3771,#3772);
#3771 = CARTESIAN_POINT('',(0.4,0.525,1.66));
#3772 = VECTOR('',#3773,1.);
#3773 = DIRECTION('',(0.,-0.997252183706,7.408159078957E-02));
#3774 = PLANE('',#3775);
#3775 = AXIS2_PLACEMENT_3D('',#3776,#3777,#3778);
#3776 = CARTESIAN_POINT('',(0.4,-0.323759014354,1.931294517928));
#3777 = DIRECTION('',(-1.,-0.,-0.));
#3778 = DIRECTION('',(0.,0.,-1.));
#3779 = ADVANCED_FACE('',(#3780),#3798,.T.);
#3780 = FACE_BOUND('',#3781,.T.);
#3781 = EDGE_LOOP('',(#3782,#3783,#3791,#3797));
#3782 = ORIENTED_EDGE('',*,*,#3240,.T.);
#3783 = ORIENTED_EDGE('',*,*,#3784,.T.);
#3784 = EDGE_CURVE('',#3233,#3785,#3787,.T.);
#3785 = VERTEX_POINT('',#3786);
#3786 = CARTESIAN_POINT('',(0.6,-1.225,1.79));
#3787 = LINE('',#3788,#3789);
#3788 = CARTESIAN_POINT('',(0.6,0.525,1.66));
#3789 = VECTOR('',#3790,1.);
#3790 = DIRECTION('',(0.,-0.997252183706,7.408159078957E-02));
#3791 = ORIENTED_EDGE('',*,*,#3792,.F.);
#3792 = EDGE_CURVE('',#3753,#3785,#3793,.T.);
#3793 = LINE('',#3794,#3795);
#3794 = CARTESIAN_POINT('',(0.4,-1.225,1.79));
#3795 = VECTOR('',#3796,1.);
#3796 = DIRECTION('',(1.,0.,0.));
#3797 = ORIENTED_EDGE('',*,*,#3769,.F.);
#3798 = PLANE('',#3799);
#3799 = AXIS2_PLACEMENT_3D('',#3800,#3801,#3802);
#3800 = CARTESIAN_POINT('',(0.4,0.525,1.66));
#3801 = DIRECTION('',(0.,-7.408159078957E-02,-0.997252183706));
#3802 = DIRECTION('',(0.,-0.997252183706,7.408159078957E-02));
#3803 = ADVANCED_FACE('',(#3804),#3822,.F.);
#3804 = FACE_BOUND('',#3805,.F.);
#3805 = EDGE_LOOP('',(#3806,#3814,#3820,#3821));
#3806 = ORIENTED_EDGE('',*,*,#3807,.T.);
#3807 = EDGE_CURVE('',#3785,#3808,#3810,.T.);
#3808 = VERTEX_POINT('',#3809);
#3809 = CARTESIAN_POINT('',(0.6,-1.225,2.14));
#3810 = LINE('',#3811,#3812);
#3811 = CARTESIAN_POINT('',(0.6,-1.225,1.79));
#3812 = VECTOR('',#3813,1.);
#3813 = DIRECTION('',(0.,0.,1.));
#3814 = ORIENTED_EDGE('',*,*,#3815,.T.);
#3815 = EDGE_CURVE('',#3808,#3225,#3816,.T.);
#3816 = LINE('',#3817,#3818);
#3817 = CARTESIAN_POINT('',(0.6,-1.225,2.14));
#3818 = VECTOR('',#3819,1.);
#3819 = DIRECTION('',(0.,1.,0.));
#3820 = ORIENTED_EDGE('',*,*,#3232,.T.);
#3821 = ORIENTED_EDGE('',*,*,#3784,.T.);
#3822 = PLANE('',#3823);
#3823 = AXIS2_PLACEMENT_3D('',#3824,#3825,#3826);
#3824 = CARTESIAN_POINT('',(0.6,-0.323759014354,1.931294517928));
#3825 = DIRECTION('',(-1.,-0.,-0.));
#3826 = DIRECTION('',(0.,0.,-1.));
#3827 = ADVANCED_FACE('',(#3828),#3839,.T.);
#3828 = FACE_BOUND('',#3829,.T.);
#3829 = EDGE_LOOP('',(#3830,#3836,#3837,#3838));
#3830 = ORIENTED_EDGE('',*,*,#3831,.T.);
#3831 = EDGE_CURVE('',#3755,#3808,#3832,.T.);
#3832 = LINE('',#3833,#3834);
#3833 = CARTESIAN_POINT('',(0.4,-1.225,2.14));
#3834 = VECTOR('',#3835,1.);
#3835 = DIRECTION('',(1.,0.,0.));
#3836 = ORIENTED_EDGE('',*,*,#3815,.T.);
#3837 = ORIENTED_EDGE('',*,*,#3224,.F.);
#3838 = ORIENTED_EDGE('',*,*,#3762,.F.);
#3839 = PLANE('',#3840);
#3840 = AXIS2_PLACEMENT_3D('',#3841,#3842,#3843);
#3841 = CARTESIAN_POINT('',(0.4,-1.225,2.14));
#3842 = DIRECTION('',(0.,0.,1.));
#3843 = DIRECTION('',(0.,1.,0.));
#3844 = ADVANCED_FACE('',(#3845),#3870,.T.);
#3845 = FACE_BOUND('',#3846,.T.);
#3846 = EDGE_LOOP('',(#3847,#3857,#3863,#3864));
#3847 = ORIENTED_EDGE('',*,*,#3848,.T.);
#3848 = EDGE_CURVE('',#3849,#3851,#3853,.T.);
#3849 = VERTEX_POINT('',#3850);
#3850 = CARTESIAN_POINT('',(1.4,-1.225,1.79));
#3851 = VERTEX_POINT('',#3852);
#3852 = CARTESIAN_POINT('',(1.4,-1.225,2.14));
#3853 = LINE('',#3854,#3855);
#3854 = CARTESIAN_POINT('',(1.4,-1.225,1.79));
#3855 = VECTOR('',#3856,1.);
#3856 = DIRECTION('',(0.,0.,1.));
#3857 = ORIENTED_EDGE('',*,*,#3858,.T.);
#3858 = EDGE_CURVE('',#3851,#3249,#3859,.T.);
#3859 = LINE('',#3860,#3861);
#3860 = CARTESIAN_POINT('',(1.4,-1.225,2.14));
#3861 = VECTOR('',#3862,1.);
#3862 = DIRECTION('',(0.,1.,0.));
#3863 = ORIENTED_EDGE('',*,*,#3248,.T.);
#3864 = ORIENTED_EDGE('',*,*,#3865,.T.);
#3865 = EDGE_CURVE('',#3251,#3849,#3866,.T.);
#3866 = LINE('',#3867,#3868);
#3867 = CARTESIAN_POINT('',(1.4,0.525,1.66));
#3868 = VECTOR('',#3869,1.);
#3869 = DIRECTION('',(0.,-0.997252183706,7.408159078957E-02));
#3870 = PLANE('',#3871);
#3871 = AXIS2_PLACEMENT_3D('',#3872,#3873,#3874);
#3872 = CARTESIAN_POINT('',(1.4,-0.323759014354,1.931294517928));
#3873 = DIRECTION('',(-1.,-0.,-0.));
#3874 = DIRECTION('',(0.,0.,-1.));
#3875 = ADVANCED_FACE('',(#3876),#3894,.T.);
#3876 = FACE_BOUND('',#3877,.T.);
#3877 = EDGE_LOOP('',(#3878,#3879,#3887,#3893));
#3878 = ORIENTED_EDGE('',*,*,#3274,.T.);
#3879 = ORIENTED_EDGE('',*,*,#3880,.T.);
#3880 = EDGE_CURVE('',#3267,#3881,#3883,.T.);
#3881 = VERTEX_POINT('',#3882);
#3882 = CARTESIAN_POINT('',(1.6,-1.225,1.79));
#3883 = LINE('',#3884,#3885);
#3884 = CARTESIAN_POINT('',(1.6,0.525,1.66));
#3885 = VECTOR('',#3886,1.);
#3886 = DIRECTION('',(0.,-0.997252183706,7.408159078957E-02));
#3887 = ORIENTED_EDGE('',*,*,#3888,.F.);
#3888 = EDGE_CURVE('',#3849,#3881,#3889,.T.);
#3889 = LINE('',#3890,#3891);
#3890 = CARTESIAN_POINT('',(1.4,-1.225,1.79));
#3891 = VECTOR('',#3892,1.);
#3892 = DIRECTION('',(1.,0.,0.));
#3893 = ORIENTED_EDGE('',*,*,#3865,.F.);
#3894 = PLANE('',#3895);
#3895 = AXIS2_PLACEMENT_3D('',#3896,#3897,#3898);
#3896 = CARTESIAN_POINT('',(1.4,0.525,1.66));
#3897 = DIRECTION('',(0.,-7.408159078957E-02,-0.997252183706));
#3898 = DIRECTION('',(0.,-0.997252183706,7.408159078957E-02));
#3899 = ADVANCED_FACE('',(#3900),#3918,.F.);
#3900 = FACE_BOUND('',#3901,.F.);
#3901 = EDGE_LOOP('',(#3902,#3910,#3916,#3917));
#3902 = ORIENTED_EDGE('',*,*,#3903,.T.);
#3903 = EDGE_CURVE('',#3881,#3904,#3906,.T.);
#3904 = VERTEX_POINT('',#3905);
#3905 = CARTESIAN_POINT('',(1.6,-1.225,2.14));
#3906 = LINE('',#3907,#3908);
#3907 = CARTESIAN_POINT('',(1.6,-1.225,1.79));
#3908 = VECTOR('',#3909,1.);
#3909 = DIRECTION('',(0.,0.,1.));
#3910 = ORIENTED_EDGE('',*,*,#3911,.T.);
#3911 = EDGE_CURVE('',#3904,#3259,#3912,.T.);
#3912 = LINE('',#3913,#3914);
#3913 = CARTESIAN_POINT('',(1.6,-1.225,2.14));
#3914 = VECTOR('',#3915,1.);
#3915 = DIRECTION('',(0.,1.,0.));
#3916 = ORIENTED_EDGE('',*,*,#3266,.T.);
#3917 = ORIENTED_EDGE('',*,*,#3880,.T.);
#3918 = PLANE('',#3919);
#3919 = AXIS2_PLACEMENT_3D('',#3920,#3921,#3922);
#3920 = CARTESIAN_POINT('',(1.6,-0.323759014354,1.931294517928));
#3921 = DIRECTION('',(-1.,-0.,-0.));
#3922 = DIRECTION('',(0.,0.,-1.));
#3923 = ADVANCED_FACE('',(#3924),#3935,.T.);
#3924 = FACE_BOUND('',#3925,.T.);
#3925 = EDGE_LOOP('',(#3926,#3932,#3933,#3934));
#3926 = ORIENTED_EDGE('',*,*,#3927,.T.);
#3927 = EDGE_CURVE('',#3851,#3904,#3928,.T.);
#3928 = LINE('',#3929,#3930);
#3929 = CARTESIAN_POINT('',(1.4,-1.225,2.14));
#3930 = VECTOR('',#3931,1.);
#3931 = DIRECTION('',(1.,0.,0.));
#3932 = ORIENTED_EDGE('',*,*,#3911,.T.);
#3933 = ORIENTED_EDGE('',*,*,#3258,.F.);
#3934 = ORIENTED_EDGE('',*,*,#3858,.F.);
#3935 = PLANE('',#3936);
#3936 = AXIS2_PLACEMENT_3D('',#3937,#3938,#3939);
#3937 = CARTESIAN_POINT('',(1.4,-1.225,2.14));
#3938 = DIRECTION('',(0.,0.,1.));
#3939 = DIRECTION('',(0.,1.,0.));
#3940 = ADVANCED_FACE('',(#3941),#3966,.T.);
#3941 = FACE_BOUND('',#3942,.T.);
#3942 = EDGE_LOOP('',(#3943,#3953,#3959,#3960));
#3943 = ORIENTED_EDGE('',*,*,#3944,.T.);
#3944 = EDGE_CURVE('',#3945,#3947,#3949,.T.);
#3945 = VERTEX_POINT('',#3946);
#3946 = CARTESIAN_POINT('',(2.4,-1.225,1.79));
#3947 = VERTEX_POINT('',#3948);
#3948 = CARTESIAN_POINT('',(2.4,-1.225,2.14));
#3949 = LINE('',#3950,#3951);
#3950 = CARTESIAN_POINT('',(2.4,-1.225,1.79));
#3951 = VECTOR('',#3952,1.);
#3952 = DIRECTION('',(0.,0.,1.));
#3953 = ORIENTED_EDGE('',*,*,#3954,.T.);
#3954 = EDGE_CURVE('',#3947,#3283,#3955,.T.);
#3955 = LINE('',#3956,#3957);
#3956 = CARTESIAN_POINT('',(2.4,-1.225,2.14));
#3957 = VECTOR('',#3958,1.);
#3958 = DIRECTION('',(0.,1.,0.));
#3959 = ORIENTED_EDGE('',*,*,#3282,.T.);
#3960 = ORIENTED_EDGE('',*,*,#3961,.T.);
#3961 = EDGE_CURVE('',#3285,#3945,#3962,.T.);
#3962 = LINE('',#3963,#3964);
#3963 = CARTESIAN_POINT('',(2.4,0.525,1.66));
#3964 = VECTOR('',#3965,1.);
#3965 = DIRECTION('',(0.,-0.997252183706,7.408159078957E-02));
#3966 = PLANE('',#3967);
#3967 = AXIS2_PLACEMENT_3D('',#3968,#3969,#3970);
#3968 = CARTESIAN_POINT('',(2.4,-0.323759014354,1.931294517928));
#3969 = DIRECTION('',(-1.,-0.,-0.));
#3970 = DIRECTION('',(0.,0.,-1.));
#3971 = ADVANCED_FACE('',(#3972),#3990,.T.);
#3972 = FACE_BOUND('',#3973,.T.);
#3973 = EDGE_LOOP('',(#3974,#3975,#3983,#3989));
#3974 = ORIENTED_EDGE('',*,*,#3308,.T.);
#3975 = ORIENTED_EDGE('',*,*,#3976,.T.);
#3976 = EDGE_CURVE('',#3301,#3977,#3979,.T.);
#3977 = VERTEX_POINT('',#3978);
#3978 = CARTESIAN_POINT('',(2.6,-1.225,1.79));
#3979 = LINE('',#3980,#3981);
#3980 = CARTESIAN_POINT('',(2.6,0.525,1.66));
#3981 = VECTOR('',#3982,1.);
#3982 = DIRECTION('',(0.,-0.997252183706,7.408159078957E-02));
#3983 = ORIENTED_EDGE('',*,*,#3984,.F.);
#3984 = EDGE_CURVE('',#3945,#3977,#3985,.T.);
#3985 = LINE('',#3986,#3987);
#3986 = CARTESIAN_POINT('',(2.4,-1.225,1.79));
#3987 = VECTOR('',#3988,1.);
#3988 = DIRECTION('',(1.,0.,0.));
#3989 = ORIENTED_EDGE('',*,*,#3961,.F.);
#3990 = PLANE('',#3991);
#3991 = AXIS2_PLACEMENT_3D('',#3992,#3993,#3994);
#3992 = CARTESIAN_POINT('',(2.4,0.525,1.66));
#3993 = DIRECTION('',(0.,-7.408159078957E-02,-0.997252183706));
#3994 = DIRECTION('',(0.,-0.997252183706,7.408159078957E-02));
#3995 = ADVANCED_FACE('',(#3996),#4014,.F.);
#3996 = FACE_BOUND('',#3997,.F.);
#3997 = EDGE_LOOP('',(#3998,#4006,#4012,#4013));
#3998 = ORIENTED_EDGE('',*,*,#3999,.T.);
#3999 = EDGE_CURVE('',#3977,#4000,#4002,.T.);
#4000 = VERTEX_POINT('',#4001);
#4001 = CARTESIAN_POINT('',(2.6,-1.225,2.14));
#4002 = LINE('',#4003,#4004);
#4003 = CARTESIAN_POINT('',(2.6,-1.225,1.79));
#4004 = VECTOR('',#4005,1.);
#4005 = DIRECTION('',(0.,0.,1.));
#4006 = ORIENTED_EDGE('',*,*,#4007,.T.);
#4007 = EDGE_CURVE('',#4000,#3293,#4008,.T.);
#4008 = LINE('',#4009,#4010);
#4009 = CARTESIAN_POINT('',(2.6,-1.225,2.14));
#4010 = VECTOR('',#4011,1.);
#4011 = DIRECTION('',(0.,1.,0.));
#4012 = ORIENTED_EDGE('',*,*,#3300,.T.);
#4013 = ORIENTED_EDGE('',*,*,#3976,.T.);
#4014 = PLANE('',#4015);
#4015 = AXIS2_PLACEMENT_3D('',#4016,#4017,#4018);
#4016 = CARTESIAN_POINT('',(2.6,-0.323759014354,1.931294517928));
#4017 = DIRECTION('',(-1.,-0.,-0.));
#4018 = DIRECTION('',(0.,0.,-1.));
#4019 = ADVANCED_FACE('',(#4020),#4031,.T.);
#4020 = FACE_BOUND('',#4021,.T.);
#4021 = EDGE_LOOP('',(#4022,#4028,#4029,#4030));
#4022 = ORIENTED_EDGE('',*,*,#4023,.T.);
#4023 = EDGE_CURVE('',#3947,#4000,#4024,.T.);
#4024 = LINE('',#4025,#4026);
#4025 = CARTESIAN_POINT('',(2.4,-1.225,2.14));
#4026 = VECTOR('',#4027,1.);
#4027 = DIRECTION('',(1.,0.,0.));
#4028 = ORIENTED_EDGE('',*,*,#4007,.T.);
#4029 = ORIENTED_EDGE('',*,*,#3292,.F.);
#4030 = ORIENTED_EDGE('',*,*,#3954,.F.);
#4031 = PLANE('',#4032);
#4032 = AXIS2_PLACEMENT_3D('',#4033,#4034,#4035);
#4033 = CARTESIAN_POINT('',(2.4,-1.225,2.14));
#4034 = DIRECTION('',(0.,0.,1.));
#4035 = DIRECTION('',(0.,1.,0.));
#4036 = ADVANCED_FACE('',(#4037),#4062,.T.);
#4037 = FACE_BOUND('',#4038,.T.);
#4038 = EDGE_LOOP('',(#4039,#4049,#4055,#4056));
#4039 = ORIENTED_EDGE('',*,*,#4040,.T.);
#4040 = EDGE_CURVE('',#4041,#4043,#4045,.T.);
#4041 = VERTEX_POINT('',#4042);
#4042 = CARTESIAN_POINT('',(3.4,-1.225,1.79));
#4043 = VERTEX_POINT('',#4044);
#4044 = CARTESIAN_POINT('',(3.4,-1.225,2.14));
#4045 = LINE('',#4046,#4047);
#4046 = CARTESIAN_POINT('',(3.4,-1.225,1.79));
#4047 = VECTOR('',#4048,1.);
#4048 = DIRECTION('',(0.,0.,1.));
#4049 = ORIENTED_EDGE('',*,*,#4050,.T.);
#4050 = EDGE_CURVE('',#4043,#3317,#4051,.T.);
#4051 = LINE('',#4052,#4053);
#4052 = CARTESIAN_POINT('',(3.4,-1.225,2.14));
#4053 = VECTOR('',#4054,1.);
#4054 = DIRECTION('',(0.,1.,0.));
#4055 = ORIENTED_EDGE('',*,*,#3316,.T.);
#4056 = ORIENTED_EDGE('',*,*,#4057,.T.);
#4057 = EDGE_CURVE('',#3319,#4041,#4058,.T.);
#4058 = LINE('',#4059,#4060);
#4059 = CARTESIAN_POINT('',(3.4,0.525,1.66));
#4060 = VECTOR('',#4061,1.);
#4061 = DIRECTION('',(0.,-0.997252183706,7.408159078957E-02));
#4062 = PLANE('',#4063);
#4063 = AXIS2_PLACEMENT_3D('',#4064,#4065,#4066);
#4064 = CARTESIAN_POINT('',(3.4,-0.323759014354,1.931294517928));
#4065 = DIRECTION('',(-1.,-0.,-0.));
#4066 = DIRECTION('',(0.,0.,-1.));
#4067 = ADVANCED_FACE('',(#4068),#4086,.T.);
#4068 = FACE_BOUND('',#4069,.T.);
#4069 = EDGE_LOOP('',(#4070,#4071,#4079,#4085));
#4070 = ORIENTED_EDGE('',*,*,#3342,.T.);
#4071 = ORIENTED_EDGE('',*,*,#4072,.T.);
#4072 = EDGE_CURVE('',#3335,#4073,#4075,.T.);
#4073 = VERTEX_POINT('',#4074);
#4074 = CARTESIAN_POINT('',(3.6,-1.225,1.79));
#4075 = LINE('',#4076,#4077);
#4076 = CARTESIAN_POINT('',(3.6,0.525,1.66));
#4077 = VECTOR('',#4078,1.);
#4078 = DIRECTION('',(0.,-0.997252183706,7.408159078957E-02));
#4079 = ORIENTED_EDGE('',*,*,#4080,.F.);
#4080 = EDGE_CURVE('',#4041,#4073,#4081,.T.);
#4081 = LINE('',#4082,#4083);
#4082 = CARTESIAN_POINT('',(3.4,-1.225,1.79));
#4083 = VECTOR('',#4084,1.);
#4084 = DIRECTION('',(1.,0.,0.));
#4085 = ORIENTED_EDGE('',*,*,#4057,.F.);
#4086 = PLANE('',#4087);
#4087 = AXIS2_PLACEMENT_3D('',#4088,#4089,#4090);
#4088 = CARTESIAN_POINT('',(3.4,0.525,1.66));
#4089 = DIRECTION('',(0.,-7.408159078957E-02,-0.997252183706));
#4090 = DIRECTION('',(0.,-0.997252183706,7.408159078957E-02));
#4091 = ADVANCED_FACE('',(#4092),#4110,.F.);
#4092 = FACE_BOUND('',#4093,.F.);
#4093 = EDGE_LOOP('',(#4094,#4102,#4108,#4109));
#4094 = ORIENTED_EDGE('',*,*,#4095,.T.);
#4095 = EDGE_CURVE('',#4073,#4096,#4098,.T.);
#4096 = VERTEX_POINT('',#4097);
#4097 = CARTESIAN_POINT('',(3.6,-1.225,2.14));
#4098 = LINE('',#4099,#4100);
#4099 = CARTESIAN_POINT('',(3.6,-1.225,1.79));
#4100 = VECTOR('',#4101,1.);
#4101 = DIRECTION('',(0.,0.,1.));
#4102 = ORIENTED_EDGE('',*,*,#4103,.T.);
#4103 = EDGE_CURVE('',#4096,#3327,#4104,.T.);
#4104 = LINE('',#4105,#4106);
#4105 = CARTESIAN_POINT('',(3.6,-1.225,2.14));
#4106 = VECTOR('',#4107,1.);
#4107 = DIRECTION('',(0.,1.,0.));
#4108 = ORIENTED_EDGE('',*,*,#3334,.T.);
#4109 = ORIENTED_EDGE('',*,*,#4072,.T.);
#4110 = PLANE('',#4111);
#4111 = AXIS2_PLACEMENT_3D('',#4112,#4113,#4114);
#4112 = CARTESIAN_POINT('',(3.6,-0.323759014354,1.931294517928));
#4113 = DIRECTION('',(-1.,-0.,-0.));
#4114 = DIRECTION('',(0.,0.,-1.));
#4115 = ADVANCED_FACE('',(#4116),#4127,.T.);
#4116 = FACE_BOUND('',#4117,.T.);
#4117 = EDGE_LOOP('',(#4118,#4124,#4125,#4126));
#4118 = ORIENTED_EDGE('',*,*,#4119,.T.);
#4119 = EDGE_CURVE('',#4043,#4096,#4120,.T.);
#4120 = LINE('',#4121,#4122);
#4121 = CARTESIAN_POINT('',(3.4,-1.225,2.14));
#4122 = VECTOR('',#4123,1.);
#4123 = DIRECTION('',(1.,0.,0.));
#4124 = ORIENTED_EDGE('',*,*,#4103,.T.);
#4125 = ORIENTED_EDGE('',*,*,#3326,.F.);
#4126 = ORIENTED_EDGE('',*,*,#4050,.F.);
#4127 = PLANE('',#4128);
#4128 = AXIS2_PLACEMENT_3D('',#4129,#4130,#4131);
#4129 = CARTESIAN_POINT('',(3.4,-1.225,2.14));
#4130 = DIRECTION('',(0.,0.,1.));
#4131 = DIRECTION('',(0.,1.,0.));
#4132 = ADVANCED_FACE('',(#4133),#4139,.T.);
#4133 = FACE_BOUND('',#4134,.T.);
#4134 = EDGE_LOOP('',(#4135,#4136,#4137,#4138));
#4135 = ORIENTED_EDGE('',*,*,#3377,.T.);
#4136 = ORIENTED_EDGE('',*,*,#3399,.T.);
#4137 = ORIENTED_EDGE('',*,*,#3423,.F.);
#4138 = ORIENTED_EDGE('',*,*,#3447,.F.);
#4139 = PLANE('',#4140);
#4140 = AXIS2_PLACEMENT_3D('',#4141,#4142,#4143);
#4141 = CARTESIAN_POINT('',(-3.6,-1.225,1.79));
#4142 = DIRECTION('',(0.,-1.,0.));
#4143 = DIRECTION('',(0.,0.,1.));
#4144 = ADVANCED_FACE('',(#4145),#4151,.T.);
#4145 = FACE_BOUND('',#4146,.T.);
#4146 = EDGE_LOOP('',(#4147,#4148,#4149,#4150));
#4147 = ORIENTED_EDGE('',*,*,#3504,.T.);
#4148 = ORIENTED_EDGE('',*,*,#3519,.T.);
#4149 = ORIENTED_EDGE('',*,*,#3543,.F.);
#4150 = ORIENTED_EDGE('',*,*,#3464,.F.);
#4151 = PLANE('',#4152);
#4152 = AXIS2_PLACEMENT_3D('',#4153,#4154,#4155);
#4153 = CARTESIAN_POINT('',(-2.6,-1.225,1.79));
#4154 = DIRECTION('',(0.,-1.,0.));
#4155 = DIRECTION('',(0.,0.,1.));
#4156 = ADVANCED_FACE('',(#4157),#4163,.T.);
#4157 = FACE_BOUND('',#4158,.T.);
#4158 = EDGE_LOOP('',(#4159,#4160,#4161,#4162));
#4159 = ORIENTED_EDGE('',*,*,#3600,.T.);
#4160 = ORIENTED_EDGE('',*,*,#3615,.T.);
#4161 = ORIENTED_EDGE('',*,*,#3639,.F.);
#4162 = ORIENTED_EDGE('',*,*,#3560,.F.);
#4163 = PLANE('',#4164);
#4164 = AXIS2_PLACEMENT_3D('',#4165,#4166,#4167);
#4165 = CARTESIAN_POINT('',(-1.6,-1.225,1.79));
#4166 = DIRECTION('',(0.,-1.,0.));
#4167 = DIRECTION('',(0.,0.,1.));
#4168 = ADVANCED_FACE('',(#4169),#4175,.T.);
#4169 = FACE_BOUND('',#4170,.T.);
#4170 = EDGE_LOOP('',(#4171,#4172,#4173,#4174));
#4171 = ORIENTED_EDGE('',*,*,#3696,.T.);
#4172 = ORIENTED_EDGE('',*,*,#3711,.T.);
#4173 = ORIENTED_EDGE('',*,*,#3735,.F.);
#4174 = ORIENTED_EDGE('',*,*,#3656,.F.);
#4175 = PLANE('',#4176);
#4176 = AXIS2_PLACEMENT_3D('',#4177,#4178,#4179);
#4177 = CARTESIAN_POINT('',(-0.6,-1.225,1.79));
#4178 = DIRECTION('',(0.,-1.,0.));
#4179 = DIRECTION('',(0.,0.,1.));
#4180 = ADVANCED_FACE('',(#4181),#4187,.T.);
#4181 = FACE_BOUND('',#4182,.T.);
#4182 = EDGE_LOOP('',(#4183,#4184,#4185,#4186));
#4183 = ORIENTED_EDGE('',*,*,#3792,.T.);
#4184 = ORIENTED_EDGE('',*,*,#3807,.T.);
#4185 = ORIENTED_EDGE('',*,*,#3831,.F.);
#4186 = ORIENTED_EDGE('',*,*,#3752,.F.);
#4187 = PLANE('',#4188);
#4188 = AXIS2_PLACEMENT_3D('',#4189,#4190,#4191);
#4189 = CARTESIAN_POINT('',(0.4,-1.225,1.79));
#4190 = DIRECTION('',(0.,-1.,0.));
#4191 = DIRECTION('',(0.,0.,1.));
#4192 = ADVANCED_FACE('',(#4193),#4199,.T.);
#4193 = FACE_BOUND('',#4194,.T.);
#4194 = EDGE_LOOP('',(#4195,#4196,#4197,#4198));
#4195 = ORIENTED_EDGE('',*,*,#3888,.T.);
#4196 = ORIENTED_EDGE('',*,*,#3903,.T.);
#4197 = ORIENTED_EDGE('',*,*,#3927,.F.);
#4198 = ORIENTED_EDGE('',*,*,#3848,.F.);
#4199 = PLANE('',#4200);
#4200 = AXIS2_PLACEMENT_3D('',#4201,#4202,#4203);
#4201 = CARTESIAN_POINT('',(1.4,-1.225,1.79));
#4202 = DIRECTION('',(0.,-1.,0.));
#4203 = DIRECTION('',(0.,0.,1.));
#4204 = ADVANCED_FACE('',(#4205),#4211,.T.);
#4205 = FACE_BOUND('',#4206,.T.);
#4206 = EDGE_LOOP('',(#4207,#4208,#4209,#4210));
#4207 = ORIENTED_EDGE('',*,*,#3984,.T.);
#4208 = ORIENTED_EDGE('',*,*,#3999,.T.);
#4209 = ORIENTED_EDGE('',*,*,#4023,.F.);
#4210 = ORIENTED_EDGE('',*,*,#3944,.F.);
#4211 = PLANE('',#4212);
#4212 = AXIS2_PLACEMENT_3D('',#4213,#4214,#4215);
#4213 = CARTESIAN_POINT('',(2.4,-1.225,1.79));
#4214 = DIRECTION('',(0.,-1.,0.));
#4215 = DIRECTION('',(0.,0.,1.));
#4216 = ADVANCED_FACE('',(#4217),#4223,.T.);
#4217 = FACE_BOUND('',#4218,.T.);
#4218 = EDGE_LOOP('',(#4219,#4220,#4221,#4222));
#4219 = ORIENTED_EDGE('',*,*,#4080,.T.);
#4220 = ORIENTED_EDGE('',*,*,#4095,.T.);
#4221 = ORIENTED_EDGE('',*,*,#4119,.F.);
#4222 = ORIENTED_EDGE('',*,*,#4040,.F.);
#4223 = PLANE('',#4224);
#4224 = AXIS2_PLACEMENT_3D('',#4225,#4226,#4227);
#4225 = CARTESIAN_POINT('',(3.4,-1.225,1.79));
#4226 = DIRECTION('',(0.,-1.,0.));
#4227 = DIRECTION('',(0.,0.,1.));
#4228 = ( GEOMETRIC_REPRESENTATION_CONTEXT(3) 
GLOBAL_UNCERTAINTY_ASSIGNED_CONTEXT((#4232)) 
GLOBAL_UNIT_ASSIGNED_CONTEXT((#4229,#4230,#4231)) REPRESENTATION_CONTEXT
('Context #1','3D Context with UNIT and UNCERTAINTY') );
#4229 = ( LENGTH_UNIT() NAMED_UNIT(*) SI_UNIT(.MILLI.,.METRE.) );
#4230 = ( NAMED_UNIT(*) PLANE_ANGLE_UNIT() SI_UNIT($,.RADIAN.) );
#4231 = ( NAMED_UNIT(*) SI_UNIT($,.STERADIAN.) SOLID_ANGLE_UNIT() );
#4232 = UNCERTAINTY_MEASURE_WITH_UNIT(LENGTH_MEASURE(1.E-07),#4229,
  'distance_accuracy_value','confusion accuracy');
#4233 = CONTEXT_DEPENDENT_SHAPE_REPRESENTATION(#4234,#4236);
#4234 = ( REPRESENTATION_RELATIONSHIP('','',#63,#40) 
REPRESENTATION_RELATIONSHIP_WITH_TRANSFORMATION(#4235) 
SHAPE_REPRESENTATION_RELATIONSHIP() );
#4235 = ITEM_DEFINED_TRANSFORMATION('','',#11,#41);
#4236 = PRODUCT_DEFINITION_SHAPE('Placement','Placement of an item',
  #4237);
#4237 = NEXT_ASSEMBLY_USAGE_OCCURRENCE('1','=>[0:1:1:3]','',#35,#58,$);
#4238 = PRODUCT_RELATED_PRODUCT_CATEGORY('part',$,(#60));
#4239 = SHAPE_DEFINITION_REPRESENTATION(#4240,#4246);
#4240 = PRODUCT_DEFINITION_SHAPE('','',#4241);
#4241 = PRODUCT_DEFINITION('design','',#4242,#4245);
#4242 = PRODUCT_DEFINITION_FORMATION('','',#4243);
#4243 = PRODUCT(
'electronic_connector_jst_sh_1_mm_pitch_surface_mount_right_angle_8_pin_
jst_sm08b_srss_tb_render_pad',
'electronic_connector_jst_sh_1_mm_pitch_surface_mount_right_angle_8_pin_
jst_sm08b_srss_tb_render_pad','',(#4244));
#4244 = PRODUCT_CONTEXT('',#2,'mechanical');
#4245 = PRODUCT_DEFINITION_CONTEXT('part definition',#2,'design');
#4246 = SHAPE_REPRESENTATION('',(#11,#4247,#4537,#4827,#5117,#5407,#5697
    ,#5987,#6277,#6567,#6857),#7147);
#4247 = MANIFOLD_SOLID_BREP('',#4248);
#4248 = CLOSED_SHELL('',(#4249,#4291,#4322,#4355,#4386,#4419,#4450,#4483
    ,#4505,#4521));
#4249 = ADVANCED_FACE('',(#4250),#4286,.T.);
#4250 = FACE_BOUND('',#4251,.T.);
#4251 = EDGE_LOOP('',(#4252,#4262,#4271,#4279));
#4252 = ORIENTED_EDGE('',*,*,#4253,.T.);
#4253 = EDGE_CURVE('',#4254,#4256,#4258,.T.);
#4254 = VERTEX_POINT('',#4255);
#4255 = CARTESIAN_POINT('',(-3.8,2.625,1.51));
#4256 = VERTEX_POINT('',#4257);
#4257 = CARTESIAN_POINT('',(-3.8,2.625,1.55));
#4258 = LINE('',#4259,#4260);
#4259 = CARTESIAN_POINT('',(-3.8,2.625,1.51));
#4260 = VECTOR('',#4261,1.);
#4261 = DIRECTION('',(0.,0.,1.));
#4262 = ORIENTED_EDGE('',*,*,#4263,.T.);
#4263 = EDGE_CURVE('',#4256,#4264,#4266,.T.);
#4264 = VERTEX_POINT('',#4265);
#4265 = CARTESIAN_POINT('',(-3.65,2.775,1.55));
#4266 = CIRCLE('',#4267,0.150000058649);
#4267 = AXIS2_PLACEMENT_3D('',#4268,#4269,#4270);
#4268 = CARTESIAN_POINT('',(-3.649999941351,2.624999941351,1.55));
#4269 = DIRECTION('',(0.,0.,-1.));
#4270 = DIRECTION('',(-1.,3.909953556853E-07,0.));
#4271 = ORIENTED_EDGE('',*,*,#4272,.F.);
#4272 = EDGE_CURVE('',#4273,#4264,#4275,.T.);
#4273 = VERTEX_POINT('',#4274);
#4274 = CARTESIAN_POINT('',(-3.65,2.775,1.51));
#4275 = LINE('',#4276,#4277);
#4276 = CARTESIAN_POINT('',(-3.65,2.775,1.51));
#4277 = VECTOR('',#4278,1.);
#4278 = DIRECTION('',(0.,0.,1.));
#4279 = ORIENTED_EDGE('',*,*,#4280,.F.);
#4280 = EDGE_CURVE('',#4254,#4273,#4281,.T.);
#4281 = CIRCLE('',#4282,0.150000058649);
#4282 = AXIS2_PLACEMENT_3D('',#4283,#4284,#4285);
#4283 = CARTESIAN_POINT('',(-3.649999941351,2.624999941351,1.51));
#4284 = DIRECTION('',(0.,0.,-1.));
#4285 = DIRECTION('',(-1.,3.909953556853E-07,0.));
#4286 = CYLINDRICAL_SURFACE('',#4287,0.150000058649);
#4287 = AXIS2_PLACEMENT_3D('',#4288,#4289,#4290);
#4288 = CARTESIAN_POINT('',(-3.649999941351,2.624999941351,1.51));
#4289 = DIRECTION('',(0.,0.,-1.));
#4290 = DIRECTION('',(-1.,3.909953556853E-07,0.));
#4291 = ADVANCED_FACE('',(#4292),#4317,.T.);
#4292 = FACE_BOUND('',#4293,.T.);
#4293 = EDGE_LOOP('',(#4294,#4295,#4303,#4311));
#4294 = ORIENTED_EDGE('',*,*,#4272,.T.);
#4295 = ORIENTED_EDGE('',*,*,#4296,.T.);
#4296 = EDGE_CURVE('',#4264,#4297,#4299,.T.);
#4297 = VERTEX_POINT('',#4298);
#4298 = CARTESIAN_POINT('',(-3.35,2.775,1.55));
#4299 = LINE('',#4300,#4301);
#4300 = CARTESIAN_POINT('',(-3.65,2.775,1.55));
#4301 = VECTOR('',#4302,1.);
#4302 = DIRECTION('',(1.,0.,0.));
#4303 = ORIENTED_EDGE('',*,*,#4304,.F.);
#4304 = EDGE_CURVE('',#4305,#4297,#4307,.T.);
#4305 = VERTEX_POINT('',#4306);
#4306 = CARTESIAN_POINT('',(-3.35,2.775,1.51));
#4307 = LINE('',#4308,#4309);
#4308 = CARTESIAN_POINT('',(-3.35,2.775,1.51));
#4309 = VECTOR('',#4310,1.);
#4310 = DIRECTION('',(0.,0.,1.));
#4311 = ORIENTED_EDGE('',*,*,#4312,.F.);
#4312 = EDGE_CURVE('',#4273,#4305,#4313,.T.);
#4313 = LINE('',#4314,#4315);
#4314 = CARTESIAN_POINT('',(-3.65,2.775,1.51));
#4315 = VECTOR('',#4316,1.);
#4316 = DIRECTION('',(1.,0.,0.));
#4317 = PLANE('',#4318);
#4318 = AXIS2_PLACEMENT_3D('',#4319,#4320,#4321);
#4319 = CARTESIAN_POINT('',(-3.65,2.775,1.51));
#4320 = DIRECTION('',(0.,1.,0.));
#4321 = DIRECTION('',(1.,0.,0.));
#4322 = ADVANCED_FACE('',(#4323),#4350,.T.);
#4323 = FACE_BOUND('',#4324,.T.);
#4324 = EDGE_LOOP('',(#4325,#4326,#4335,#4343));
#4325 = ORIENTED_EDGE('',*,*,#4304,.T.);
#4326 = ORIENTED_EDGE('',*,*,#4327,.T.);
#4327 = EDGE_CURVE('',#4297,#4328,#4330,.T.);
#4328 = VERTEX_POINT('',#4329);
#4329 = CARTESIAN_POINT('',(-3.2,2.625,1.55));
#4330 = CIRCLE('',#4331,0.150000058649);
#4331 = AXIS2_PLACEMENT_3D('',#4332,#4333,#4334);
#4332 = CARTESIAN_POINT('',(-3.350000058649,2.624999941351,1.55));
#4333 = DIRECTION('',(0.,0.,-1.));
#4334 = DIRECTION('',(3.909953556853E-07,1.,0.));
#4335 = ORIENTED_EDGE('',*,*,#4336,.F.);
#4336 = EDGE_CURVE('',#4337,#4328,#4339,.T.);
#4337 = VERTEX_POINT('',#4338);
#4338 = CARTESIAN_POINT('',(-3.2,2.625,1.51));
#4339 = LINE('',#4340,#4341);
#4340 = CARTESIAN_POINT('',(-3.2,2.625,1.51));
#4341 = VECTOR('',#4342,1.);
#4342 = DIRECTION('',(0.,0.,1.));
#4343 = ORIENTED_EDGE('',*,*,#4344,.F.);
#4344 = EDGE_CURVE('',#4305,#4337,#4345,.T.);
#4345 = CIRCLE('',#4346,0.150000058649);
#4346 = AXIS2_PLACEMENT_3D('',#4347,#4348,#4349);
#4347 = CARTESIAN_POINT('',(-3.350000058649,2.624999941351,1.51));
#4348 = DIRECTION('',(0.,0.,-1.));
#4349 = DIRECTION('',(3.909953556853E-07,1.,0.));
#4350 = CYLINDRICAL_SURFACE('',#4351,0.150000058649);
#4351 = AXIS2_PLACEMENT_3D('',#4352,#4353,#4354);
#4352 = CARTESIAN_POINT('',(-3.350000058649,2.624999941351,1.51));
#4353 = DIRECTION('',(0.,0.,-1.));
#4354 = DIRECTION('',(3.909953556853E-07,1.,0.));
#4355 = ADVANCED_FACE('',(#4356),#4381,.T.);
#4356 = FACE_BOUND('',#4357,.T.);
#4357 = EDGE_LOOP('',(#4358,#4359,#4367,#4375));
#4358 = ORIENTED_EDGE('',*,*,#4336,.T.);
#4359 = ORIENTED_EDGE('',*,*,#4360,.T.);
#4360 = EDGE_CURVE('',#4328,#4361,#4363,.T.);
#4361 = VERTEX_POINT('',#4362);
#4362 = CARTESIAN_POINT('',(-3.2,1.375,1.55));
#4363 = LINE('',#4364,#4365);
#4364 = CARTESIAN_POINT('',(-3.2,2.625,1.55));
#4365 = VECTOR('',#4366,1.);
#4366 = DIRECTION('',(0.,-1.,0.));
#4367 = ORIENTED_EDGE('',*,*,#4368,.F.);
#4368 = EDGE_CURVE('',#4369,#4361,#4371,.T.);
#4369 = VERTEX_POINT('',#4370);
#4370 = CARTESIAN_POINT('',(-3.2,1.375,1.51));
#4371 = LINE('',#4372,#4373);
#4372 = CARTESIAN_POINT('',(-3.2,1.375,1.51));
#4373 = VECTOR('',#4374,1.);
#4374 = DIRECTION('',(0.,0.,1.));
#4375 = ORIENTED_EDGE('',*,*,#4376,.F.);
#4376 = EDGE_CURVE('',#4337,#4369,#4377,.T.);
#4377 = LINE('',#4378,#4379);
#4378 = CARTESIAN_POINT('',(-3.2,2.625,1.51));
#4379 = VECTOR('',#4380,1.);
#4380 = DIRECTION('',(0.,-1.,0.));
#4381 = PLANE('',#4382);
#4382 = AXIS2_PLACEMENT_3D('',#4383,#4384,#4385);
#4383 = CARTESIAN_POINT('',(-3.2,2.625,1.51));
#4384 = DIRECTION('',(1.,0.,-0.));
#4385 = DIRECTION('',(0.,-1.,0.));
#4386 = ADVANCED_FACE('',(#4387),#4414,.T.);
#4387 = FACE_BOUND('',#4388,.T.);
#4388 = EDGE_LOOP('',(#4389,#4390,#4399,#4407));
#4389 = ORIENTED_EDGE('',*,*,#4368,.T.);
#4390 = ORIENTED_EDGE('',*,*,#4391,.T.);
#4391 = EDGE_CURVE('',#4361,#4392,#4394,.T.);
#4392 = VERTEX_POINT('',#4393);
#4393 = CARTESIAN_POINT('',(-3.35,1.225,1.55));
#4394 = CIRCLE('',#4395,0.150000058649);
#4395 = AXIS2_PLACEMENT_3D('',#4396,#4397,#4398);
#4396 = CARTESIAN_POINT('',(-3.350000058649,1.375000058649,1.55));
#4397 = DIRECTION('',(0.,0.,-1.));
#4398 = DIRECTION('',(1.,-3.909953556853E-07,0.));
#4399 = ORIENTED_EDGE('',*,*,#4400,.F.);
#4400 = EDGE_CURVE('',#4401,#4392,#4403,.T.);
#4401 = VERTEX_POINT('',#4402);
#4402 = CARTESIAN_POINT('',(-3.35,1.225,1.51));
#4403 = LINE('',#4404,#4405);
#4404 = CARTESIAN_POINT('',(-3.35,1.225,1.51));
#4405 = VECTOR('',#4406,1.);
#4406 = DIRECTION('',(0.,0.,1.));
#4407 = ORIENTED_EDGE('',*,*,#4408,.F.);
#4408 = EDGE_CURVE('',#4369,#4401,#4409,.T.);
#4409 = CIRCLE('',#4410,0.150000058649);
#4410 = AXIS2_PLACEMENT_3D('',#4411,#4412,#4413);
#4411 = CARTESIAN_POINT('',(-3.350000058649,1.375000058649,1.51));
#4412 = DIRECTION('',(0.,0.,-1.));
#4413 = DIRECTION('',(1.,-3.909953556853E-07,0.));
#4414 = CYLINDRICAL_SURFACE('',#4415,0.150000058649);
#4415 = AXIS2_PLACEMENT_3D('',#4416,#4417,#4418);
#4416 = CARTESIAN_POINT('',(-3.350000058649,1.375000058649,1.51));
#4417 = DIRECTION('',(0.,0.,-1.));
#4418 = DIRECTION('',(1.,-3.909953556853E-07,0.));
#4419 = ADVANCED_FACE('',(#4420),#4445,.T.);
#4420 = FACE_BOUND('',#4421,.T.);
#4421 = EDGE_LOOP('',(#4422,#4423,#4431,#4439));
#4422 = ORIENTED_EDGE('',*,*,#4400,.T.);
#4423 = ORIENTED_EDGE('',*,*,#4424,.T.);
#4424 = EDGE_CURVE('',#4392,#4425,#4427,.T.);
#4425 = VERTEX_POINT('',#4426);
#4426 = CARTESIAN_POINT('',(-3.65,1.225,1.55));
#4427 = LINE('',#4428,#4429);
#4428 = CARTESIAN_POINT('',(-3.35,1.225,1.55));
#4429 = VECTOR('',#4430,1.);
#4430 = DIRECTION('',(-1.,0.,0.));
#4431 = ORIENTED_EDGE('',*,*,#4432,.F.);
#4432 = EDGE_CURVE('',#4433,#4425,#4435,.T.);
#4433 = VERTEX_POINT('',#4434);
#4434 = CARTESIAN_POINT('',(-3.65,1.225,1.51));
#4435 = LINE('',#4436,#4437);
#4436 = CARTESIAN_POINT('',(-3.65,1.225,1.51));
#4437 = VECTOR('',#4438,1.);
#4438 = DIRECTION('',(0.,0.,1.));
#4439 = ORIENTED_EDGE('',*,*,#4440,.F.);
#4440 = EDGE_CURVE('',#4401,#4433,#4441,.T.);
#4441 = LINE('',#4442,#4443);
#4442 = CARTESIAN_POINT('',(-3.35,1.225,1.51));
#4443 = VECTOR('',#4444,1.);
#4444 = DIRECTION('',(-1.,0.,0.));
#4445 = PLANE('',#4446);
#4446 = AXIS2_PLACEMENT_3D('',#4447,#4448,#4449);
#4447 = CARTESIAN_POINT('',(-3.35,1.225,1.51));
#4448 = DIRECTION('',(0.,-1.,0.));
#4449 = DIRECTION('',(-1.,0.,0.));
#4450 = ADVANCED_FACE('',(#4451),#4478,.T.);
#4451 = FACE_BOUND('',#4452,.T.);
#4452 = EDGE_LOOP('',(#4453,#4454,#4463,#4471));
#4453 = ORIENTED_EDGE('',*,*,#4432,.T.);
#4454 = ORIENTED_EDGE('',*,*,#4455,.T.);
#4455 = EDGE_CURVE('',#4425,#4456,#4458,.T.);
#4456 = VERTEX_POINT('',#4457);
#4457 = CARTESIAN_POINT('',(-3.8,1.375,1.55));
#4458 = CIRCLE('',#4459,0.150000058649);
#4459 = AXIS2_PLACEMENT_3D('',#4460,#4461,#4462);
#4460 = CARTESIAN_POINT('',(-3.649999941351,1.375000058649,1.55));
#4461 = DIRECTION('',(0.,0.,-1.));
#4462 = DIRECTION('',(-3.909953586459E-07,-1.,-0.));
#4463 = ORIENTED_EDGE('',*,*,#4464,.F.);
#4464 = EDGE_CURVE('',#4465,#4456,#4467,.T.);
#4465 = VERTEX_POINT('',#4466);
#4466 = CARTESIAN_POINT('',(-3.8,1.375,1.51));
#4467 = LINE('',#4468,#4469);
#4468 = CARTESIAN_POINT('',(-3.8,1.375,1.51));
#4469 = VECTOR('',#4470,1.);
#4470 = DIRECTION('',(0.,0.,1.));
#4471 = ORIENTED_EDGE('',*,*,#4472,.F.);
#4472 = EDGE_CURVE('',#4433,#4465,#4473,.T.);
#4473 = CIRCLE('',#4474,0.150000058649);
#4474 = AXIS2_PLACEMENT_3D('',#4475,#4476,#4477);
#4475 = CARTESIAN_POINT('',(-3.649999941351,1.375000058649,1.51));
#4476 = DIRECTION('',(0.,0.,-1.));
#4477 = DIRECTION('',(-3.909953586459E-07,-1.,-0.));
#4478 = CYLINDRICAL_SURFACE('',#4479,0.150000058649);
#4479 = AXIS2_PLACEMENT_3D('',#4480,#4481,#4482);
#4480 = CARTESIAN_POINT('',(-3.649999941351,1.375000058649,1.51));
#4481 = DIRECTION('',(0.,0.,-1.));
#4482 = DIRECTION('',(-3.909953586459E-07,-1.,-0.));
#4483 = ADVANCED_FACE('',(#4484),#4500,.T.);
#4484 = FACE_BOUND('',#4485,.T.);
#4485 = EDGE_LOOP('',(#4486,#4487,#4493,#4494));
#4486 = ORIENTED_EDGE('',*,*,#4464,.T.);
#4487 = ORIENTED_EDGE('',*,*,#4488,.T.);
#4488 = EDGE_CURVE('',#4456,#4256,#4489,.T.);
#4489 = LINE('',#4490,#4491);
#4490 = CARTESIAN_POINT('',(-3.8,1.375,1.55));
#4491 = VECTOR('',#4492,1.);
#4492 = DIRECTION('',(0.,1.,0.));
#4493 = ORIENTED_EDGE('',*,*,#4253,.F.);
#4494 = ORIENTED_EDGE('',*,*,#4495,.F.);
#4495 = EDGE_CURVE('',#4465,#4254,#4496,.T.);
#4496 = LINE('',#4497,#4498);
#4497 = CARTESIAN_POINT('',(-3.8,1.375,1.51));
#4498 = VECTOR('',#4499,1.);
#4499 = DIRECTION('',(0.,1.,0.));
#4500 = PLANE('',#4501);
#4501 = AXIS2_PLACEMENT_3D('',#4502,#4503,#4504);
#4502 = CARTESIAN_POINT('',(-3.8,1.375,1.51));
#4503 = DIRECTION('',(-1.,0.,0.));
#4504 = DIRECTION('',(0.,1.,0.));
#4505 = ADVANCED_FACE('',(#4506),#4516,.F.);
#4506 = FACE_BOUND('',#4507,.T.);
#4507 = EDGE_LOOP('',(#4508,#4509,#4510,#4511,#4512,#4513,#4514,#4515));
#4508 = ORIENTED_EDGE('',*,*,#4280,.T.);
#4509 = ORIENTED_EDGE('',*,*,#4312,.T.);
#4510 = ORIENTED_EDGE('',*,*,#4344,.T.);
#4511 = ORIENTED_EDGE('',*,*,#4376,.T.);
#4512 = ORIENTED_EDGE('',*,*,#4408,.T.);
#4513 = ORIENTED_EDGE('',*,*,#4440,.T.);
#4514 = ORIENTED_EDGE('',*,*,#4472,.T.);
#4515 = ORIENTED_EDGE('',*,*,#4495,.T.);
#4516 = PLANE('',#4517);
#4517 = AXIS2_PLACEMENT_3D('',#4518,#4519,#4520);
#4518 = CARTESIAN_POINT('',(0.,0.,1.51));
#4519 = DIRECTION('',(0.,0.,1.));
#4520 = DIRECTION('',(1.,0.,-0.));
#4521 = ADVANCED_FACE('',(#4522),#4532,.T.);
#4522 = FACE_BOUND('',#4523,.F.);
#4523 = EDGE_LOOP('',(#4524,#4525,#4526,#4527,#4528,#4529,#4530,#4531));
#4524 = ORIENTED_EDGE('',*,*,#4263,.T.);
#4525 = ORIENTED_EDGE('',*,*,#4296,.T.);
#4526 = ORIENTED_EDGE('',*,*,#4327,.T.);
#4527 = ORIENTED_EDGE('',*,*,#4360,.T.);
#4528 = ORIENTED_EDGE('',*,*,#4391,.T.);
#4529 = ORIENTED_EDGE('',*,*,#4424,.T.);
#4530 = ORIENTED_EDGE('',*,*,#4455,.T.);
#4531 = ORIENTED_EDGE('',*,*,#4488,.T.);
#4532 = PLANE('',#4533);
#4533 = AXIS2_PLACEMENT_3D('',#4534,#4535,#4536);
#4534 = CARTESIAN_POINT('',(0.,0.,1.55));
#4535 = DIRECTION('',(0.,0.,1.));
#4536 = DIRECTION('',(1.,0.,-0.));
#4537 = MANIFOLD_SOLID_BREP('',#4538);
#4538 = CLOSED_SHELL('',(#4539,#4581,#4612,#4645,#4676,#4709,#4740,#4773
    ,#4795,#4811));
#4539 = ADVANCED_FACE('',(#4540),#4576,.T.);
#4540 = FACE_BOUND('',#4541,.T.);
#4541 = EDGE_LOOP('',(#4542,#4552,#4561,#4569));
#4542 = ORIENTED_EDGE('',*,*,#4543,.T.);
#4543 = EDGE_CURVE('',#4544,#4546,#4548,.T.);
#4544 = VERTEX_POINT('',#4545);
#4545 = CARTESIAN_POINT('',(-2.8,2.625,1.51));
#4546 = VERTEX_POINT('',#4547);
#4547 = CARTESIAN_POINT('',(-2.8,2.625,1.55));
#4548 = LINE('',#4549,#4550);
#4549 = CARTESIAN_POINT('',(-2.8,2.625,1.51));
#4550 = VECTOR('',#4551,1.);
#4551 = DIRECTION('',(0.,0.,1.));
#4552 = ORIENTED_EDGE('',*,*,#4553,.T.);
#4553 = EDGE_CURVE('',#4546,#4554,#4556,.T.);
#4554 = VERTEX_POINT('',#4555);
#4555 = CARTESIAN_POINT('',(-2.65,2.775,1.55));
#4556 = CIRCLE('',#4557,0.150000058649);
#4557 = AXIS2_PLACEMENT_3D('',#4558,#4559,#4560);
#4558 = CARTESIAN_POINT('',(-2.649999941351,2.624999941351,1.55));
#4559 = DIRECTION('',(0.,0.,-1.));
#4560 = DIRECTION('',(-1.,3.909953556853E-07,0.));
#4561 = ORIENTED_EDGE('',*,*,#4562,.F.);
#4562 = EDGE_CURVE('',#4563,#4554,#4565,.T.);
#4563 = VERTEX_POINT('',#4564);
#4564 = CARTESIAN_POINT('',(-2.65,2.775,1.51));
#4565 = LINE('',#4566,#4567);
#4566 = CARTESIAN_POINT('',(-2.65,2.775,1.51));
#4567 = VECTOR('',#4568,1.);
#4568 = DIRECTION('',(0.,0.,1.));
#4569 = ORIENTED_EDGE('',*,*,#4570,.F.);
#4570 = EDGE_CURVE('',#4544,#4563,#4571,.T.);
#4571 = CIRCLE('',#4572,0.150000058649);
#4572 = AXIS2_PLACEMENT_3D('',#4573,#4574,#4575);
#4573 = CARTESIAN_POINT('',(-2.649999941351,2.624999941351,1.51));
#4574 = DIRECTION('',(0.,0.,-1.));
#4575 = DIRECTION('',(-1.,3.909953556853E-07,0.));
#4576 = CYLINDRICAL_SURFACE('',#4577,0.150000058649);
#4577 = AXIS2_PLACEMENT_3D('',#4578,#4579,#4580);
#4578 = CARTESIAN_POINT('',(-2.649999941351,2.624999941351,1.51));
#4579 = DIRECTION('',(0.,0.,-1.));
#4580 = DIRECTION('',(-1.,3.909953556853E-07,0.));
#4581 = ADVANCED_FACE('',(#4582),#4607,.T.);
#4582 = FACE_BOUND('',#4583,.T.);
#4583 = EDGE_LOOP('',(#4584,#4585,#4593,#4601));
#4584 = ORIENTED_EDGE('',*,*,#4562,.T.);
#4585 = ORIENTED_EDGE('',*,*,#4586,.T.);
#4586 = EDGE_CURVE('',#4554,#4587,#4589,.T.);
#4587 = VERTEX_POINT('',#4588);
#4588 = CARTESIAN_POINT('',(-2.35,2.775,1.55));
#4589 = LINE('',#4590,#4591);
#4590 = CARTESIAN_POINT('',(-2.65,2.775,1.55));
#4591 = VECTOR('',#4592,1.);
#4592 = DIRECTION('',(1.,0.,0.));
#4593 = ORIENTED_EDGE('',*,*,#4594,.F.);
#4594 = EDGE_CURVE('',#4595,#4587,#4597,.T.);
#4595 = VERTEX_POINT('',#4596);
#4596 = CARTESIAN_POINT('',(-2.35,2.775,1.51));
#4597 = LINE('',#4598,#4599);
#4598 = CARTESIAN_POINT('',(-2.35,2.775,1.51));
#4599 = VECTOR('',#4600,1.);
#4600 = DIRECTION('',(0.,0.,1.));
#4601 = ORIENTED_EDGE('',*,*,#4602,.F.);
#4602 = EDGE_CURVE('',#4563,#4595,#4603,.T.);
#4603 = LINE('',#4604,#4605);
#4604 = CARTESIAN_POINT('',(-2.65,2.775,1.51));
#4605 = VECTOR('',#4606,1.);
#4606 = DIRECTION('',(1.,0.,0.));
#4607 = PLANE('',#4608);
#4608 = AXIS2_PLACEMENT_3D('',#4609,#4610,#4611);
#4609 = CARTESIAN_POINT('',(-2.65,2.775,1.51));
#4610 = DIRECTION('',(0.,1.,0.));
#4611 = DIRECTION('',(1.,0.,0.));
#4612 = ADVANCED_FACE('',(#4613),#4640,.T.);
#4613 = FACE_BOUND('',#4614,.T.);
#4614 = EDGE_LOOP('',(#4615,#4616,#4625,#4633));
#4615 = ORIENTED_EDGE('',*,*,#4594,.T.);
#4616 = ORIENTED_EDGE('',*,*,#4617,.T.);
#4617 = EDGE_CURVE('',#4587,#4618,#4620,.T.);
#4618 = VERTEX_POINT('',#4619);
#4619 = CARTESIAN_POINT('',(-2.2,2.625,1.55));
#4620 = CIRCLE('',#4621,0.150000058649);
#4621 = AXIS2_PLACEMENT_3D('',#4622,#4623,#4624);
#4622 = CARTESIAN_POINT('',(-2.350000058649,2.624999941351,1.55));
#4623 = DIRECTION('',(0.,0.,-1.));
#4624 = DIRECTION('',(3.909953556853E-07,1.,0.));
#4625 = ORIENTED_EDGE('',*,*,#4626,.F.);
#4626 = EDGE_CURVE('',#4627,#4618,#4629,.T.);
#4627 = VERTEX_POINT('',#4628);
#4628 = CARTESIAN_POINT('',(-2.2,2.625,1.51));
#4629 = LINE('',#4630,#4631);
#4630 = CARTESIAN_POINT('',(-2.2,2.625,1.51));
#4631 = VECTOR('',#4632,1.);
#4632 = DIRECTION('',(0.,0.,1.));
#4633 = ORIENTED_EDGE('',*,*,#4634,.F.);
#4634 = EDGE_CURVE('',#4595,#4627,#4635,.T.);
#4635 = CIRCLE('',#4636,0.150000058649);
#4636 = AXIS2_PLACEMENT_3D('',#4637,#4638,#4639);
#4637 = CARTESIAN_POINT('',(-2.350000058649,2.624999941351,1.51));
#4638 = DIRECTION('',(0.,0.,-1.));
#4639 = DIRECTION('',(3.909953556853E-07,1.,0.));
#4640 = CYLINDRICAL_SURFACE('',#4641,0.150000058649);
#4641 = AXIS2_PLACEMENT_3D('',#4642,#4643,#4644);
#4642 = CARTESIAN_POINT('',(-2.350000058649,2.624999941351,1.51));
#4643 = DIRECTION('',(0.,0.,-1.));
#4644 = DIRECTION('',(3.909953556853E-07,1.,0.));
#4645 = ADVANCED_FACE('',(#4646),#4671,.T.);
#4646 = FACE_BOUND('',#4647,.T.);
#4647 = EDGE_LOOP('',(#4648,#4649,#4657,#4665));
#4648 = ORIENTED_EDGE('',*,*,#4626,.T.);
#4649 = ORIENTED_EDGE('',*,*,#4650,.T.);
#4650 = EDGE_CURVE('',#4618,#4651,#4653,.T.);
#4651 = VERTEX_POINT('',#4652);
#4652 = CARTESIAN_POINT('',(-2.2,1.375,1.55));
#4653 = LINE('',#4654,#4655);
#4654 = CARTESIAN_POINT('',(-2.2,2.625,1.55));
#4655 = VECTOR('',#4656,1.);
#4656 = DIRECTION('',(0.,-1.,0.));
#4657 = ORIENTED_EDGE('',*,*,#4658,.F.);
#4658 = EDGE_CURVE('',#4659,#4651,#4661,.T.);
#4659 = VERTEX_POINT('',#4660);
#4660 = CARTESIAN_POINT('',(-2.2,1.375,1.51));
#4661 = LINE('',#4662,#4663);
#4662 = CARTESIAN_POINT('',(-2.2,1.375,1.51));
#4663 = VECTOR('',#4664,1.);
#4664 = DIRECTION('',(0.,0.,1.));
#4665 = ORIENTED_EDGE('',*,*,#4666,.F.);
#4666 = EDGE_CURVE('',#4627,#4659,#4667,.T.);
#4667 = LINE('',#4668,#4669);
#4668 = CARTESIAN_POINT('',(-2.2,2.625,1.51));
#4669 = VECTOR('',#4670,1.);
#4670 = DIRECTION('',(0.,-1.,0.));
#4671 = PLANE('',#4672);
#4672 = AXIS2_PLACEMENT_3D('',#4673,#4674,#4675);
#4673 = CARTESIAN_POINT('',(-2.2,2.625,1.51));
#4674 = DIRECTION('',(1.,0.,-0.));
#4675 = DIRECTION('',(0.,-1.,0.));
#4676 = ADVANCED_FACE('',(#4677),#4704,.T.);
#4677 = FACE_BOUND('',#4678,.T.);
#4678 = EDGE_LOOP('',(#4679,#4680,#4689,#4697));
#4679 = ORIENTED_EDGE('',*,*,#4658,.T.);
#4680 = ORIENTED_EDGE('',*,*,#4681,.T.);
#4681 = EDGE_CURVE('',#4651,#4682,#4684,.T.);
#4682 = VERTEX_POINT('',#4683);
#4683 = CARTESIAN_POINT('',(-2.35,1.225,1.55));
#4684 = CIRCLE('',#4685,0.150000058649);
#4685 = AXIS2_PLACEMENT_3D('',#4686,#4687,#4688);
#4686 = CARTESIAN_POINT('',(-2.350000058649,1.375000058649,1.55));
#4687 = DIRECTION('',(0.,0.,-1.));
#4688 = DIRECTION('',(1.,-3.909953556853E-07,0.));
#4689 = ORIENTED_EDGE('',*,*,#4690,.F.);
#4690 = EDGE_CURVE('',#4691,#4682,#4693,.T.);
#4691 = VERTEX_POINT('',#4692);
#4692 = CARTESIAN_POINT('',(-2.35,1.225,1.51));
#4693 = LINE('',#4694,#4695);
#4694 = CARTESIAN_POINT('',(-2.35,1.225,1.51));
#4695 = VECTOR('',#4696,1.);
#4696 = DIRECTION('',(0.,0.,1.));
#4697 = ORIENTED_EDGE('',*,*,#4698,.F.);
#4698 = EDGE_CURVE('',#4659,#4691,#4699,.T.);
#4699 = CIRCLE('',#4700,0.150000058649);
#4700 = AXIS2_PLACEMENT_3D('',#4701,#4702,#4703);
#4701 = CARTESIAN_POINT('',(-2.350000058649,1.375000058649,1.51));
#4702 = DIRECTION('',(0.,0.,-1.));
#4703 = DIRECTION('',(1.,-3.909953556853E-07,0.));
#4704 = CYLINDRICAL_SURFACE('',#4705,0.150000058649);
#4705 = AXIS2_PLACEMENT_3D('',#4706,#4707,#4708);
#4706 = CARTESIAN_POINT('',(-2.350000058649,1.375000058649,1.51));
#4707 = DIRECTION('',(0.,0.,-1.));
#4708 = DIRECTION('',(1.,-3.909953556853E-07,0.));
#4709 = ADVANCED_FACE('',(#4710),#4735,.T.);
#4710 = FACE_BOUND('',#4711,.T.);
#4711 = EDGE_LOOP('',(#4712,#4713,#4721,#4729));
#4712 = ORIENTED_EDGE('',*,*,#4690,.T.);
#4713 = ORIENTED_EDGE('',*,*,#4714,.T.);
#4714 = EDGE_CURVE('',#4682,#4715,#4717,.T.);
#4715 = VERTEX_POINT('',#4716);
#4716 = CARTESIAN_POINT('',(-2.65,1.225,1.55));
#4717 = LINE('',#4718,#4719);
#4718 = CARTESIAN_POINT('',(-2.35,1.225,1.55));
#4719 = VECTOR('',#4720,1.);
#4720 = DIRECTION('',(-1.,0.,0.));
#4721 = ORIENTED_EDGE('',*,*,#4722,.F.);
#4722 = EDGE_CURVE('',#4723,#4715,#4725,.T.);
#4723 = VERTEX_POINT('',#4724);
#4724 = CARTESIAN_POINT('',(-2.65,1.225,1.51));
#4725 = LINE('',#4726,#4727);
#4726 = CARTESIAN_POINT('',(-2.65,1.225,1.51));
#4727 = VECTOR('',#4728,1.);
#4728 = DIRECTION('',(0.,0.,1.));
#4729 = ORIENTED_EDGE('',*,*,#4730,.F.);
#4730 = EDGE_CURVE('',#4691,#4723,#4731,.T.);
#4731 = LINE('',#4732,#4733);
#4732 = CARTESIAN_POINT('',(-2.35,1.225,1.51));
#4733 = VECTOR('',#4734,1.);
#4734 = DIRECTION('',(-1.,0.,0.));
#4735 = PLANE('',#4736);
#4736 = AXIS2_PLACEMENT_3D('',#4737,#4738,#4739);
#4737 = CARTESIAN_POINT('',(-2.35,1.225,1.51));
#4738 = DIRECTION('',(0.,-1.,0.));
#4739 = DIRECTION('',(-1.,0.,0.));
#4740 = ADVANCED_FACE('',(#4741),#4768,.T.);
#4741 = FACE_BOUND('',#4742,.T.);
#4742 = EDGE_LOOP('',(#4743,#4744,#4753,#4761));
#4743 = ORIENTED_EDGE('',*,*,#4722,.T.);
#4744 = ORIENTED_EDGE('',*,*,#4745,.T.);
#4745 = EDGE_CURVE('',#4715,#4746,#4748,.T.);
#4746 = VERTEX_POINT('',#4747);
#4747 = CARTESIAN_POINT('',(-2.8,1.375,1.55));
#4748 = CIRCLE('',#4749,0.150000058649);
#4749 = AXIS2_PLACEMENT_3D('',#4750,#4751,#4752);
#4750 = CARTESIAN_POINT('',(-2.649999941351,1.375000058649,1.55));
#4751 = DIRECTION('',(0.,0.,-1.));
#4752 = DIRECTION('',(-3.909953586459E-07,-1.,-0.));
#4753 = ORIENTED_EDGE('',*,*,#4754,.F.);
#4754 = EDGE_CURVE('',#4755,#4746,#4757,.T.);
#4755 = VERTEX_POINT('',#4756);
#4756 = CARTESIAN_POINT('',(-2.8,1.375,1.51));
#4757 = LINE('',#4758,#4759);
#4758 = CARTESIAN_POINT('',(-2.8,1.375,1.51));
#4759 = VECTOR('',#4760,1.);
#4760 = DIRECTION('',(0.,0.,1.));
#4761 = ORIENTED_EDGE('',*,*,#4762,.F.);
#4762 = EDGE_CURVE('',#4723,#4755,#4763,.T.);
#4763 = CIRCLE('',#4764,0.150000058649);
#4764 = AXIS2_PLACEMENT_3D('',#4765,#4766,#4767);
#4765 = CARTESIAN_POINT('',(-2.649999941351,1.375000058649,1.51));
#4766 = DIRECTION('',(0.,0.,-1.));
#4767 = DIRECTION('',(-3.909953586459E-07,-1.,-0.));
#4768 = CYLINDRICAL_SURFACE('',#4769,0.150000058649);
#4769 = AXIS2_PLACEMENT_3D('',#4770,#4771,#4772);
#4770 = CARTESIAN_POINT('',(-2.649999941351,1.375000058649,1.51));
#4771 = DIRECTION('',(0.,0.,-1.));
#4772 = DIRECTION('',(-3.909953586459E-07,-1.,-0.));
#4773 = ADVANCED_FACE('',(#4774),#4790,.T.);
#4774 = FACE_BOUND('',#4775,.T.);
#4775 = EDGE_LOOP('',(#4776,#4777,#4783,#4784));
#4776 = ORIENTED_EDGE('',*,*,#4754,.T.);
#4777 = ORIENTED_EDGE('',*,*,#4778,.T.);
#4778 = EDGE_CURVE('',#4746,#4546,#4779,.T.);
#4779 = LINE('',#4780,#4781);
#4780 = CARTESIAN_POINT('',(-2.8,1.375,1.55));
#4781 = VECTOR('',#4782,1.);
#4782 = DIRECTION('',(0.,1.,0.));
#4783 = ORIENTED_EDGE('',*,*,#4543,.F.);
#4784 = ORIENTED_EDGE('',*,*,#4785,.F.);
#4785 = EDGE_CURVE('',#4755,#4544,#4786,.T.);
#4786 = LINE('',#4787,#4788);
#4787 = CARTESIAN_POINT('',(-2.8,1.375,1.51));
#4788 = VECTOR('',#4789,1.);
#4789 = DIRECTION('',(0.,1.,0.));
#4790 = PLANE('',#4791);
#4791 = AXIS2_PLACEMENT_3D('',#4792,#4793,#4794);
#4792 = CARTESIAN_POINT('',(-2.8,1.375,1.51));
#4793 = DIRECTION('',(-1.,0.,0.));
#4794 = DIRECTION('',(0.,1.,0.));
#4795 = ADVANCED_FACE('',(#4796),#4806,.F.);
#4796 = FACE_BOUND('',#4797,.T.);
#4797 = EDGE_LOOP('',(#4798,#4799,#4800,#4801,#4802,#4803,#4804,#4805));
#4798 = ORIENTED_EDGE('',*,*,#4570,.T.);
#4799 = ORIENTED_EDGE('',*,*,#4602,.T.);
#4800 = ORIENTED_EDGE('',*,*,#4634,.T.);
#4801 = ORIENTED_EDGE('',*,*,#4666,.T.);
#4802 = ORIENTED_EDGE('',*,*,#4698,.T.);
#4803 = ORIENTED_EDGE('',*,*,#4730,.T.);
#4804 = ORIENTED_EDGE('',*,*,#4762,.T.);
#4805 = ORIENTED_EDGE('',*,*,#4785,.T.);
#4806 = PLANE('',#4807);
#4807 = AXIS2_PLACEMENT_3D('',#4808,#4809,#4810);
#4808 = CARTESIAN_POINT('',(0.,0.,1.51));
#4809 = DIRECTION('',(0.,0.,1.));
#4810 = DIRECTION('',(1.,0.,-0.));
#4811 = ADVANCED_FACE('',(#4812),#4822,.T.);
#4812 = FACE_BOUND('',#4813,.F.);
#4813 = EDGE_LOOP('',(#4814,#4815,#4816,#4817,#4818,#4819,#4820,#4821));
#4814 = ORIENTED_EDGE('',*,*,#4553,.T.);
#4815 = ORIENTED_EDGE('',*,*,#4586,.T.);
#4816 = ORIENTED_EDGE('',*,*,#4617,.T.);
#4817 = ORIENTED_EDGE('',*,*,#4650,.T.);
#4818 = ORIENTED_EDGE('',*,*,#4681,.T.);
#4819 = ORIENTED_EDGE('',*,*,#4714,.T.);
#4820 = ORIENTED_EDGE('',*,*,#4745,.T.);
#4821 = ORIENTED_EDGE('',*,*,#4778,.T.);
#4822 = PLANE('',#4823);
#4823 = AXIS2_PLACEMENT_3D('',#4824,#4825,#4826);
#4824 = CARTESIAN_POINT('',(0.,0.,1.55));
#4825 = DIRECTION('',(0.,0.,1.));
#4826 = DIRECTION('',(1.,0.,-0.));
#4827 = MANIFOLD_SOLID_BREP('',#4828);
#4828 = CLOSED_SHELL('',(#4829,#4871,#4902,#4935,#4966,#4999,#5030,#5063
    ,#5085,#5101));
#4829 = ADVANCED_FACE('',(#4830),#4866,.T.);
#4830 = FACE_BOUND('',#4831,.T.);
#4831 = EDGE_LOOP('',(#4832,#4842,#4851,#4859));
#4832 = ORIENTED_EDGE('',*,*,#4833,.T.);
#4833 = EDGE_CURVE('',#4834,#4836,#4838,.T.);
#4834 = VERTEX_POINT('',#4835);
#4835 = CARTESIAN_POINT('',(-1.8,2.625,1.51));
#4836 = VERTEX_POINT('',#4837);
#4837 = CARTESIAN_POINT('',(-1.8,2.625,1.55));
#4838 = LINE('',#4839,#4840);
#4839 = CARTESIAN_POINT('',(-1.8,2.625,1.51));
#4840 = VECTOR('',#4841,1.);
#4841 = DIRECTION('',(0.,0.,1.));
#4842 = ORIENTED_EDGE('',*,*,#4843,.T.);
#4843 = EDGE_CURVE('',#4836,#4844,#4846,.T.);
#4844 = VERTEX_POINT('',#4845);
#4845 = CARTESIAN_POINT('',(-1.65,2.775,1.55));
#4846 = CIRCLE('',#4847,0.150000058649);
#4847 = AXIS2_PLACEMENT_3D('',#4848,#4849,#4850);
#4848 = CARTESIAN_POINT('',(-1.649999941351,2.624999941351,1.55));
#4849 = DIRECTION('',(0.,0.,-1.));
#4850 = DIRECTION('',(-1.,3.909953616065E-07,0.));
#4851 = ORIENTED_EDGE('',*,*,#4852,.F.);
#4852 = EDGE_CURVE('',#4853,#4844,#4855,.T.);
#4853 = VERTEX_POINT('',#4854);
#4854 = CARTESIAN_POINT('',(-1.65,2.775,1.51));
#4855 = LINE('',#4856,#4857);
#4856 = CARTESIAN_POINT('',(-1.65,2.775,1.51));
#4857 = VECTOR('',#4858,1.);
#4858 = DIRECTION('',(0.,0.,1.));
#4859 = ORIENTED_EDGE('',*,*,#4860,.F.);
#4860 = EDGE_CURVE('',#4834,#4853,#4861,.T.);
#4861 = CIRCLE('',#4862,0.150000058649);
#4862 = AXIS2_PLACEMENT_3D('',#4863,#4864,#4865);
#4863 = CARTESIAN_POINT('',(-1.649999941351,2.624999941351,1.51));
#4864 = DIRECTION('',(0.,0.,-1.));
#4865 = DIRECTION('',(-1.,3.909953616065E-07,0.));
#4866 = CYLINDRICAL_SURFACE('',#4867,0.150000058649);
#4867 = AXIS2_PLACEMENT_3D('',#4868,#4869,#4870);
#4868 = CARTESIAN_POINT('',(-1.649999941351,2.624999941351,1.51));
#4869 = DIRECTION('',(0.,0.,-1.));
#4870 = DIRECTION('',(-1.,3.909953616065E-07,0.));
#4871 = ADVANCED_FACE('',(#4872),#4897,.T.);
#4872 = FACE_BOUND('',#4873,.T.);
#4873 = EDGE_LOOP('',(#4874,#4875,#4883,#4891));
#4874 = ORIENTED_EDGE('',*,*,#4852,.T.);
#4875 = ORIENTED_EDGE('',*,*,#4876,.T.);
#4876 = EDGE_CURVE('',#4844,#4877,#4879,.T.);
#4877 = VERTEX_POINT('',#4878);
#4878 = CARTESIAN_POINT('',(-1.35,2.775,1.55));
#4879 = LINE('',#4880,#4881);
#4880 = CARTESIAN_POINT('',(-1.65,2.775,1.55));
#4881 = VECTOR('',#4882,1.);
#4882 = DIRECTION('',(1.,0.,0.));
#4883 = ORIENTED_EDGE('',*,*,#4884,.F.);
#4884 = EDGE_CURVE('',#4885,#4877,#4887,.T.);
#4885 = VERTEX_POINT('',#4886);
#4886 = CARTESIAN_POINT('',(-1.35,2.775,1.51));
#4887 = LINE('',#4888,#4889);
#4888 = CARTESIAN_POINT('',(-1.35,2.775,1.51));
#4889 = VECTOR('',#4890,1.);
#4890 = DIRECTION('',(0.,0.,1.));
#4891 = ORIENTED_EDGE('',*,*,#4892,.F.);
#4892 = EDGE_CURVE('',#4853,#4885,#4893,.T.);
#4893 = LINE('',#4894,#4895);
#4894 = CARTESIAN_POINT('',(-1.65,2.775,1.51));
#4895 = VECTOR('',#4896,1.);
#4896 = DIRECTION('',(1.,0.,0.));
#4897 = PLANE('',#4898);
#4898 = AXIS2_PLACEMENT_3D('',#4899,#4900,#4901);
#4899 = CARTESIAN_POINT('',(-1.65,2.775,1.51));
#4900 = DIRECTION('',(0.,1.,0.));
#4901 = DIRECTION('',(1.,0.,0.));
#4902 = ADVANCED_FACE('',(#4903),#4930,.T.);
#4903 = FACE_BOUND('',#4904,.T.);
#4904 = EDGE_LOOP('',(#4905,#4906,#4915,#4923));
#4905 = ORIENTED_EDGE('',*,*,#4884,.T.);
#4906 = ORIENTED_EDGE('',*,*,#4907,.T.);
#4907 = EDGE_CURVE('',#4877,#4908,#4910,.T.);
#4908 = VERTEX_POINT('',#4909);
#4909 = CARTESIAN_POINT('',(-1.2,2.625,1.55));
#4910 = CIRCLE('',#4911,0.150000058649);
#4911 = AXIS2_PLACEMENT_3D('',#4912,#4913,#4914);
#4912 = CARTESIAN_POINT('',(-1.350000058649,2.624999941351,1.55));
#4913 = DIRECTION('',(0.,0.,-1.));
#4914 = DIRECTION('',(3.909953586459E-07,1.,0.));
#4915 = ORIENTED_EDGE('',*,*,#4916,.F.);
#4916 = EDGE_CURVE('',#4917,#4908,#4919,.T.);
#4917 = VERTEX_POINT('',#4918);
#4918 = CARTESIAN_POINT('',(-1.2,2.625,1.51));
#4919 = LINE('',#4920,#4921);
#4920 = CARTESIAN_POINT('',(-1.2,2.625,1.51));
#4921 = VECTOR('',#4922,1.);
#4922 = DIRECTION('',(0.,0.,1.));
#4923 = ORIENTED_EDGE('',*,*,#4924,.F.);
#4924 = EDGE_CURVE('',#4885,#4917,#4925,.T.);
#4925 = CIRCLE('',#4926,0.150000058649);
#4926 = AXIS2_PLACEMENT_3D('',#4927,#4928,#4929);
#4927 = CARTESIAN_POINT('',(-1.350000058649,2.624999941351,1.51));
#4928 = DIRECTION('',(0.,0.,-1.));
#4929 = DIRECTION('',(3.909953586459E-07,1.,0.));
#4930 = CYLINDRICAL_SURFACE('',#4931,0.150000058649);
#4931 = AXIS2_PLACEMENT_3D('',#4932,#4933,#4934);
#4932 = CARTESIAN_POINT('',(-1.350000058649,2.624999941351,1.51));
#4933 = DIRECTION('',(0.,0.,-1.));
#4934 = DIRECTION('',(3.909953586459E-07,1.,0.));
#4935 = ADVANCED_FACE('',(#4936),#4961,.T.);
#4936 = FACE_BOUND('',#4937,.T.);
#4937 = EDGE_LOOP('',(#4938,#4939,#4947,#4955));
#4938 = ORIENTED_EDGE('',*,*,#4916,.T.);
#4939 = ORIENTED_EDGE('',*,*,#4940,.T.);
#4940 = EDGE_CURVE('',#4908,#4941,#4943,.T.);
#4941 = VERTEX_POINT('',#4942);
#4942 = CARTESIAN_POINT('',(-1.2,1.375,1.55));
#4943 = LINE('',#4944,#4945);
#4944 = CARTESIAN_POINT('',(-1.2,2.625,1.55));
#4945 = VECTOR('',#4946,1.);
#4946 = DIRECTION('',(0.,-1.,0.));
#4947 = ORIENTED_EDGE('',*,*,#4948,.F.);
#4948 = EDGE_CURVE('',#4949,#4941,#4951,.T.);
#4949 = VERTEX_POINT('',#4950);
#4950 = CARTESIAN_POINT('',(-1.2,1.375,1.51));
#4951 = LINE('',#4952,#4953);
#4952 = CARTESIAN_POINT('',(-1.2,1.375,1.51));
#4953 = VECTOR('',#4954,1.);
#4954 = DIRECTION('',(0.,0.,1.));
#4955 = ORIENTED_EDGE('',*,*,#4956,.F.);
#4956 = EDGE_CURVE('',#4917,#4949,#4957,.T.);
#4957 = LINE('',#4958,#4959);
#4958 = CARTESIAN_POINT('',(-1.2,2.625,1.51));
#4959 = VECTOR('',#4960,1.);
#4960 = DIRECTION('',(0.,-1.,0.));
#4961 = PLANE('',#4962);
#4962 = AXIS2_PLACEMENT_3D('',#4963,#4964,#4965);
#4963 = CARTESIAN_POINT('',(-1.2,2.625,1.51));
#4964 = DIRECTION('',(1.,0.,-0.));
#4965 = DIRECTION('',(0.,-1.,0.));
#4966 = ADVANCED_FACE('',(#4967),#4994,.T.);
#4967 = FACE_BOUND('',#4968,.T.);
#4968 = EDGE_LOOP('',(#4969,#4970,#4979,#4987));
#4969 = ORIENTED_EDGE('',*,*,#4948,.T.);
#4970 = ORIENTED_EDGE('',*,*,#4971,.T.);
#4971 = EDGE_CURVE('',#4941,#4972,#4974,.T.);
#4972 = VERTEX_POINT('',#4973);
#4973 = CARTESIAN_POINT('',(-1.35,1.225,1.55));
#4974 = CIRCLE('',#4975,0.150000058649);
#4975 = AXIS2_PLACEMENT_3D('',#4976,#4977,#4978);
#4976 = CARTESIAN_POINT('',(-1.350000058649,1.375000058649,1.55));
#4977 = DIRECTION('',(0.,0.,-1.));
#4978 = DIRECTION('',(1.,-3.909953616065E-07,0.));
#4979 = ORIENTED_EDGE('',*,*,#4980,.F.);
#4980 = EDGE_CURVE('',#4981,#4972,#4983,.T.);
#4981 = VERTEX_POINT('',#4982);
#4982 = CARTESIAN_POINT('',(-1.35,1.225,1.51));
#4983 = LINE('',#4984,#4985);
#4984 = CARTESIAN_POINT('',(-1.35,1.225,1.51));
#4985 = VECTOR('',#4986,1.);
#4986 = DIRECTION('',(0.,0.,1.));
#4987 = ORIENTED_EDGE('',*,*,#4988,.F.);
#4988 = EDGE_CURVE('',#4949,#4981,#4989,.T.);
#4989 = CIRCLE('',#4990,0.150000058649);
#4990 = AXIS2_PLACEMENT_3D('',#4991,#4992,#4993);
#4991 = CARTESIAN_POINT('',(-1.350000058649,1.375000058649,1.51));
#4992 = DIRECTION('',(0.,0.,-1.));
#4993 = DIRECTION('',(1.,-3.909953616065E-07,0.));
#4994 = CYLINDRICAL_SURFACE('',#4995,0.150000058649);
#4995 = AXIS2_PLACEMENT_3D('',#4996,#4997,#4998);
#4996 = CARTESIAN_POINT('',(-1.350000058649,1.375000058649,1.51));
#4997 = DIRECTION('',(0.,0.,-1.));
#4998 = DIRECTION('',(1.,-3.909953616065E-07,0.));
#4999 = ADVANCED_FACE('',(#5000),#5025,.T.);
#5000 = FACE_BOUND('',#5001,.T.);
#5001 = EDGE_LOOP('',(#5002,#5003,#5011,#5019));
#5002 = ORIENTED_EDGE('',*,*,#4980,.T.);
#5003 = ORIENTED_EDGE('',*,*,#5004,.T.);
#5004 = EDGE_CURVE('',#4972,#5005,#5007,.T.);
#5005 = VERTEX_POINT('',#5006);
#5006 = CARTESIAN_POINT('',(-1.65,1.225,1.55));
#5007 = LINE('',#5008,#5009);
#5008 = CARTESIAN_POINT('',(-1.35,1.225,1.55));
#5009 = VECTOR('',#5010,1.);
#5010 = DIRECTION('',(-1.,0.,0.));
#5011 = ORIENTED_EDGE('',*,*,#5012,.F.);
#5012 = EDGE_CURVE('',#5013,#5005,#5015,.T.);
#5013 = VERTEX_POINT('',#5014);
#5014 = CARTESIAN_POINT('',(-1.65,1.225,1.51));
#5015 = LINE('',#5016,#5017);
#5016 = CARTESIAN_POINT('',(-1.65,1.225,1.51));
#5017 = VECTOR('',#5018,1.);
#5018 = DIRECTION('',(0.,0.,1.));
#5019 = ORIENTED_EDGE('',*,*,#5020,.F.);
#5020 = EDGE_CURVE('',#4981,#5013,#5021,.T.);
#5021 = LINE('',#5022,#5023);
#5022 = CARTESIAN_POINT('',(-1.35,1.225,1.51));
#5023 = VECTOR('',#5024,1.);
#5024 = DIRECTION('',(-1.,0.,0.));
#5025 = PLANE('',#5026);
#5026 = AXIS2_PLACEMENT_3D('',#5027,#5028,#5029);
#5027 = CARTESIAN_POINT('',(-1.35,1.225,1.51));
#5028 = DIRECTION('',(0.,-1.,0.));
#5029 = DIRECTION('',(-1.,0.,0.));
#5030 = ADVANCED_FACE('',(#5031),#5058,.T.);
#5031 = FACE_BOUND('',#5032,.T.);
#5032 = EDGE_LOOP('',(#5033,#5034,#5043,#5051));
#5033 = ORIENTED_EDGE('',*,*,#5012,.T.);
#5034 = ORIENTED_EDGE('',*,*,#5035,.T.);
#5035 = EDGE_CURVE('',#5005,#5036,#5038,.T.);
#5036 = VERTEX_POINT('',#5037);
#5037 = CARTESIAN_POINT('',(-1.8,1.375,1.55));
#5038 = CIRCLE('',#5039,0.150000058649);
#5039 = AXIS2_PLACEMENT_3D('',#5040,#5041,#5042);
#5040 = CARTESIAN_POINT('',(-1.649999941351,1.375000058649,1.55));
#5041 = DIRECTION('',(0.,0.,-1.));
#5042 = DIRECTION('',(-3.909953601262E-07,-1.,-0.));
#5043 = ORIENTED_EDGE('',*,*,#5044,.F.);
#5044 = EDGE_CURVE('',#5045,#5036,#5047,.T.);
#5045 = VERTEX_POINT('',#5046);
#5046 = CARTESIAN_POINT('',(-1.8,1.375,1.51));
#5047 = LINE('',#5048,#5049);
#5048 = CARTESIAN_POINT('',(-1.8,1.375,1.51));
#5049 = VECTOR('',#5050,1.);
#5050 = DIRECTION('',(0.,0.,1.));
#5051 = ORIENTED_EDGE('',*,*,#5052,.F.);
#5052 = EDGE_CURVE('',#5013,#5045,#5053,.T.);
#5053 = CIRCLE('',#5054,0.150000058649);
#5054 = AXIS2_PLACEMENT_3D('',#5055,#5056,#5057);
#5055 = CARTESIAN_POINT('',(-1.649999941351,1.375000058649,1.51));
#5056 = DIRECTION('',(0.,0.,-1.));
#5057 = DIRECTION('',(-3.909953601262E-07,-1.,-0.));
#5058 = CYLINDRICAL_SURFACE('',#5059,0.150000058649);
#5059 = AXIS2_PLACEMENT_3D('',#5060,#5061,#5062);
#5060 = CARTESIAN_POINT('',(-1.649999941351,1.375000058649,1.51));
#5061 = DIRECTION('',(0.,0.,-1.));
#5062 = DIRECTION('',(-3.909953601262E-07,-1.,-0.));
#5063 = ADVANCED_FACE('',(#5064),#5080,.T.);
#5064 = FACE_BOUND('',#5065,.T.);
#5065 = EDGE_LOOP('',(#5066,#5067,#5073,#5074));
#5066 = ORIENTED_EDGE('',*,*,#5044,.T.);
#5067 = ORIENTED_EDGE('',*,*,#5068,.T.);
#5068 = EDGE_CURVE('',#5036,#4836,#5069,.T.);
#5069 = LINE('',#5070,#5071);
#5070 = CARTESIAN_POINT('',(-1.8,1.375,1.55));
#5071 = VECTOR('',#5072,1.);
#5072 = DIRECTION('',(0.,1.,0.));
#5073 = ORIENTED_EDGE('',*,*,#4833,.F.);
#5074 = ORIENTED_EDGE('',*,*,#5075,.F.);
#5075 = EDGE_CURVE('',#5045,#4834,#5076,.T.);
#5076 = LINE('',#5077,#5078);
#5077 = CARTESIAN_POINT('',(-1.8,1.375,1.51));
#5078 = VECTOR('',#5079,1.);
#5079 = DIRECTION('',(0.,1.,0.));
#5080 = PLANE('',#5081);
#5081 = AXIS2_PLACEMENT_3D('',#5082,#5083,#5084);
#5082 = CARTESIAN_POINT('',(-1.8,1.375,1.51));
#5083 = DIRECTION('',(-1.,0.,0.));
#5084 = DIRECTION('',(0.,1.,0.));
#5085 = ADVANCED_FACE('',(#5086),#5096,.F.);
#5086 = FACE_BOUND('',#5087,.T.);
#5087 = EDGE_LOOP('',(#5088,#5089,#5090,#5091,#5092,#5093,#5094,#5095));
#5088 = ORIENTED_EDGE('',*,*,#4860,.T.);
#5089 = ORIENTED_EDGE('',*,*,#4892,.T.);
#5090 = ORIENTED_EDGE('',*,*,#4924,.T.);
#5091 = ORIENTED_EDGE('',*,*,#4956,.T.);
#5092 = ORIENTED_EDGE('',*,*,#4988,.T.);
#5093 = ORIENTED_EDGE('',*,*,#5020,.T.);
#5094 = ORIENTED_EDGE('',*,*,#5052,.T.);
#5095 = ORIENTED_EDGE('',*,*,#5075,.T.);
#5096 = PLANE('',#5097);
#5097 = AXIS2_PLACEMENT_3D('',#5098,#5099,#5100);
#5098 = CARTESIAN_POINT('',(0.,0.,1.51));
#5099 = DIRECTION('',(0.,0.,1.));
#5100 = DIRECTION('',(1.,0.,-0.));
#5101 = ADVANCED_FACE('',(#5102),#5112,.T.);
#5102 = FACE_BOUND('',#5103,.F.);
#5103 = EDGE_LOOP('',(#5104,#5105,#5106,#5107,#5108,#5109,#5110,#5111));
#5104 = ORIENTED_EDGE('',*,*,#4843,.T.);
#5105 = ORIENTED_EDGE('',*,*,#4876,.T.);
#5106 = ORIENTED_EDGE('',*,*,#4907,.T.);
#5107 = ORIENTED_EDGE('',*,*,#4940,.T.);
#5108 = ORIENTED_EDGE('',*,*,#4971,.T.);
#5109 = ORIENTED_EDGE('',*,*,#5004,.T.);
#5110 = ORIENTED_EDGE('',*,*,#5035,.T.);
#5111 = ORIENTED_EDGE('',*,*,#5068,.T.);
#5112 = PLANE('',#5113);
#5113 = AXIS2_PLACEMENT_3D('',#5114,#5115,#5116);
#5114 = CARTESIAN_POINT('',(0.,0.,1.55));
#5115 = DIRECTION('',(0.,0.,1.));
#5116 = DIRECTION('',(1.,0.,-0.));
#5117 = MANIFOLD_SOLID_BREP('',#5118);
#5118 = CLOSED_SHELL('',(#5119,#5161,#5192,#5225,#5256,#5289,#5320,#5353
    ,#5375,#5391));
#5119 = ADVANCED_FACE('',(#5120),#5156,.T.);
#5120 = FACE_BOUND('',#5121,.T.);
#5121 = EDGE_LOOP('',(#5122,#5132,#5141,#5149));
#5122 = ORIENTED_EDGE('',*,*,#5123,.T.);
#5123 = EDGE_CURVE('',#5124,#5126,#5128,.T.);
#5124 = VERTEX_POINT('',#5125);
#5125 = CARTESIAN_POINT('',(-0.8,2.625,1.51));
#5126 = VERTEX_POINT('',#5127);
#5127 = CARTESIAN_POINT('',(-0.8,2.625,1.55));
#5128 = LINE('',#5129,#5130);
#5129 = CARTESIAN_POINT('',(-0.8,2.625,1.51));
#5130 = VECTOR('',#5131,1.);
#5131 = DIRECTION('',(0.,0.,1.));
#5132 = ORIENTED_EDGE('',*,*,#5133,.T.);
#5133 = EDGE_CURVE('',#5126,#5134,#5136,.T.);
#5134 = VERTEX_POINT('',#5135);
#5135 = CARTESIAN_POINT('',(-0.65,2.775,1.55));
#5136 = CIRCLE('',#5137,0.150000058649);
#5137 = AXIS2_PLACEMENT_3D('',#5138,#5139,#5140);
#5138 = CARTESIAN_POINT('',(-0.649999941351,2.624999941351,1.55));
#5139 = DIRECTION('',(0.,0.,-1.));
#5140 = DIRECTION('',(-1.,3.909953586459E-07,0.));
#5141 = ORIENTED_EDGE('',*,*,#5142,.F.);
#5142 = EDGE_CURVE('',#5143,#5134,#5145,.T.);
#5143 = VERTEX_POINT('',#5144);
#5144 = CARTESIAN_POINT('',(-0.65,2.775,1.51));
#5145 = LINE('',#5146,#5147);
#5146 = CARTESIAN_POINT('',(-0.65,2.775,1.51));
#5147 = VECTOR('',#5148,1.);
#5148 = DIRECTION('',(0.,0.,1.));
#5149 = ORIENTED_EDGE('',*,*,#5150,.F.);
#5150 = EDGE_CURVE('',#5124,#5143,#5151,.T.);
#5151 = CIRCLE('',#5152,0.150000058649);
#5152 = AXIS2_PLACEMENT_3D('',#5153,#5154,#5155);
#5153 = CARTESIAN_POINT('',(-0.649999941351,2.624999941351,1.51));
#5154 = DIRECTION('',(0.,0.,-1.));
#5155 = DIRECTION('',(-1.,3.909953586459E-07,0.));
#5156 = CYLINDRICAL_SURFACE('',#5157,0.150000058649);
#5157 = AXIS2_PLACEMENT_3D('',#5158,#5159,#5160);
#5158 = CARTESIAN_POINT('',(-0.649999941351,2.624999941351,1.51));
#5159 = DIRECTION('',(0.,0.,-1.));
#5160 = DIRECTION('',(-1.,3.909953586459E-07,0.));
#5161 = ADVANCED_FACE('',(#5162),#5187,.T.);
#5162 = FACE_BOUND('',#5163,.T.);
#5163 = EDGE_LOOP('',(#5164,#5165,#5173,#5181));
#5164 = ORIENTED_EDGE('',*,*,#5142,.T.);
#5165 = ORIENTED_EDGE('',*,*,#5166,.T.);
#5166 = EDGE_CURVE('',#5134,#5167,#5169,.T.);
#5167 = VERTEX_POINT('',#5168);
#5168 = CARTESIAN_POINT('',(-0.35,2.775,1.55));
#5169 = LINE('',#5170,#5171);
#5170 = CARTESIAN_POINT('',(-0.65,2.775,1.55));
#5171 = VECTOR('',#5172,1.);
#5172 = DIRECTION('',(1.,0.,0.));
#5173 = ORIENTED_EDGE('',*,*,#5174,.F.);
#5174 = EDGE_CURVE('',#5175,#5167,#5177,.T.);
#5175 = VERTEX_POINT('',#5176);
#5176 = CARTESIAN_POINT('',(-0.35,2.775,1.51));
#5177 = LINE('',#5178,#5179);
#5178 = CARTESIAN_POINT('',(-0.35,2.775,1.51));
#5179 = VECTOR('',#5180,1.);
#5180 = DIRECTION('',(0.,0.,1.));
#5181 = ORIENTED_EDGE('',*,*,#5182,.F.);
#5182 = EDGE_CURVE('',#5143,#5175,#5183,.T.);
#5183 = LINE('',#5184,#5185);
#5184 = CARTESIAN_POINT('',(-0.65,2.775,1.51));
#5185 = VECTOR('',#5186,1.);
#5186 = DIRECTION('',(1.,0.,0.));
#5187 = PLANE('',#5188);
#5188 = AXIS2_PLACEMENT_3D('',#5189,#5190,#5191);
#5189 = CARTESIAN_POINT('',(-0.65,2.775,1.51));
#5190 = DIRECTION('',(0.,1.,0.));
#5191 = DIRECTION('',(1.,0.,0.));
#5192 = ADVANCED_FACE('',(#5193),#5220,.T.);
#5193 = FACE_BOUND('',#5194,.T.);
#5194 = EDGE_LOOP('',(#5195,#5196,#5205,#5213));
#5195 = ORIENTED_EDGE('',*,*,#5174,.T.);
#5196 = ORIENTED_EDGE('',*,*,#5197,.T.);
#5197 = EDGE_CURVE('',#5167,#5198,#5200,.T.);
#5198 = VERTEX_POINT('',#5199);
#5199 = CARTESIAN_POINT('',(-0.2,2.625,1.55));
#5200 = CIRCLE('',#5201,0.150000058649);
#5201 = AXIS2_PLACEMENT_3D('',#5202,#5203,#5204);
#5202 = CARTESIAN_POINT('',(-0.350000058649,2.624999941351,1.55));
#5203 = DIRECTION('',(0.,0.,-1.));
#5204 = DIRECTION('',(3.909953597561E-07,1.,0.));
#5205 = ORIENTED_EDGE('',*,*,#5206,.F.);
#5206 = EDGE_CURVE('',#5207,#5198,#5209,.T.);
#5207 = VERTEX_POINT('',#5208);
#5208 = CARTESIAN_POINT('',(-0.2,2.625,1.51));
#5209 = LINE('',#5210,#5211);
#5210 = CARTESIAN_POINT('',(-0.2,2.625,1.51));
#5211 = VECTOR('',#5212,1.);
#5212 = DIRECTION('',(0.,0.,1.));
#5213 = ORIENTED_EDGE('',*,*,#5214,.F.);
#5214 = EDGE_CURVE('',#5175,#5207,#5215,.T.);
#5215 = CIRCLE('',#5216,0.150000058649);
#5216 = AXIS2_PLACEMENT_3D('',#5217,#5218,#5219);
#5217 = CARTESIAN_POINT('',(-0.350000058649,2.624999941351,1.51));
#5218 = DIRECTION('',(0.,0.,-1.));
#5219 = DIRECTION('',(3.909953597561E-07,1.,0.));
#5220 = CYLINDRICAL_SURFACE('',#5221,0.150000058649);
#5221 = AXIS2_PLACEMENT_3D('',#5222,#5223,#5224);
#5222 = CARTESIAN_POINT('',(-0.350000058649,2.624999941351,1.51));
#5223 = DIRECTION('',(0.,0.,-1.));
#5224 = DIRECTION('',(3.909953597561E-07,1.,0.));
#5225 = ADVANCED_FACE('',(#5226),#5251,.T.);
#5226 = FACE_BOUND('',#5227,.T.);
#5227 = EDGE_LOOP('',(#5228,#5229,#5237,#5245));
#5228 = ORIENTED_EDGE('',*,*,#5206,.T.);
#5229 = ORIENTED_EDGE('',*,*,#5230,.T.);
#5230 = EDGE_CURVE('',#5198,#5231,#5233,.T.);
#5231 = VERTEX_POINT('',#5232);
#5232 = CARTESIAN_POINT('',(-0.2,1.375,1.55));
#5233 = LINE('',#5234,#5235);
#5234 = CARTESIAN_POINT('',(-0.2,2.625,1.55));
#5235 = VECTOR('',#5236,1.);
#5236 = DIRECTION('',(0.,-1.,0.));
#5237 = ORIENTED_EDGE('',*,*,#5238,.F.);
#5238 = EDGE_CURVE('',#5239,#5231,#5241,.T.);
#5239 = VERTEX_POINT('',#5240);
#5240 = CARTESIAN_POINT('',(-0.2,1.375,1.51));
#5241 = LINE('',#5242,#5243);
#5242 = CARTESIAN_POINT('',(-0.2,1.375,1.51));
#5243 = VECTOR('',#5244,1.);
#5244 = DIRECTION('',(0.,0.,1.));
#5245 = ORIENTED_EDGE('',*,*,#5246,.F.);
#5246 = EDGE_CURVE('',#5207,#5239,#5247,.T.);
#5247 = LINE('',#5248,#5249);
#5248 = CARTESIAN_POINT('',(-0.2,2.625,1.51));
#5249 = VECTOR('',#5250,1.);
#5250 = DIRECTION('',(0.,-1.,0.));
#5251 = PLANE('',#5252);
#5252 = AXIS2_PLACEMENT_3D('',#5253,#5254,#5255);
#5253 = CARTESIAN_POINT('',(-0.2,2.625,1.51));
#5254 = DIRECTION('',(1.,0.,-0.));
#5255 = DIRECTION('',(0.,-1.,0.));
#5256 = ADVANCED_FACE('',(#5257),#5284,.T.);
#5257 = FACE_BOUND('',#5258,.T.);
#5258 = EDGE_LOOP('',(#5259,#5260,#5269,#5277));
#5259 = ORIENTED_EDGE('',*,*,#5238,.T.);
#5260 = ORIENTED_EDGE('',*,*,#5261,.T.);
#5261 = EDGE_CURVE('',#5231,#5262,#5264,.T.);
#5262 = VERTEX_POINT('',#5263);
#5263 = CARTESIAN_POINT('',(-0.35,1.225,1.55));
#5264 = CIRCLE('',#5265,0.150000058649);
#5265 = AXIS2_PLACEMENT_3D('',#5266,#5267,#5268);
#5266 = CARTESIAN_POINT('',(-0.350000058649,1.375000058649,1.55));
#5267 = DIRECTION('',(0.,0.,-1.));
#5268 = DIRECTION('',(1.,-3.909953601262E-07,0.));
#5269 = ORIENTED_EDGE('',*,*,#5270,.F.);
#5270 = EDGE_CURVE('',#5271,#5262,#5273,.T.);
#5271 = VERTEX_POINT('',#5272);
#5272 = CARTESIAN_POINT('',(-0.35,1.225,1.51));
#5273 = LINE('',#5274,#5275);
#5274 = CARTESIAN_POINT('',(-0.35,1.225,1.51));
#5275 = VECTOR('',#5276,1.);
#5276 = DIRECTION('',(0.,0.,1.));
#5277 = ORIENTED_EDGE('',*,*,#5278,.F.);
#5278 = EDGE_CURVE('',#5239,#5271,#5279,.T.);
#5279 = CIRCLE('',#5280,0.150000058649);
#5280 = AXIS2_PLACEMENT_3D('',#5281,#5282,#5283);
#5281 = CARTESIAN_POINT('',(-0.350000058649,1.375000058649,1.51));
#5282 = DIRECTION('',(0.,0.,-1.));
#5283 = DIRECTION('',(1.,-3.909953601262E-07,0.));
#5284 = CYLINDRICAL_SURFACE('',#5285,0.150000058649);
#5285 = AXIS2_PLACEMENT_3D('',#5286,#5287,#5288);
#5286 = CARTESIAN_POINT('',(-0.350000058649,1.375000058649,1.51));
#5287 = DIRECTION('',(0.,0.,-1.));
#5288 = DIRECTION('',(1.,-3.909953601262E-07,0.));
#5289 = ADVANCED_FACE('',(#5290),#5315,.T.);
#5290 = FACE_BOUND('',#5291,.T.);
#5291 = EDGE_LOOP('',(#5292,#5293,#5301,#5309));
#5292 = ORIENTED_EDGE('',*,*,#5270,.T.);
#5293 = ORIENTED_EDGE('',*,*,#5294,.T.);
#5294 = EDGE_CURVE('',#5262,#5295,#5297,.T.);
#5295 = VERTEX_POINT('',#5296);
#5296 = CARTESIAN_POINT('',(-0.65,1.225,1.55));
#5297 = LINE('',#5298,#5299);
#5298 = CARTESIAN_POINT('',(-0.35,1.225,1.55));
#5299 = VECTOR('',#5300,1.);
#5300 = DIRECTION('',(-1.,0.,0.));
#5301 = ORIENTED_EDGE('',*,*,#5302,.F.);
#5302 = EDGE_CURVE('',#5303,#5295,#5305,.T.);
#5303 = VERTEX_POINT('',#5304);
#5304 = CARTESIAN_POINT('',(-0.65,1.225,1.51));
#5305 = LINE('',#5306,#5307);
#5306 = CARTESIAN_POINT('',(-0.65,1.225,1.51));
#5307 = VECTOR('',#5308,1.);
#5308 = DIRECTION('',(0.,0.,1.));
#5309 = ORIENTED_EDGE('',*,*,#5310,.F.);
#5310 = EDGE_CURVE('',#5271,#5303,#5311,.T.);
#5311 = LINE('',#5312,#5313);
#5312 = CARTESIAN_POINT('',(-0.35,1.225,1.51));
#5313 = VECTOR('',#5314,1.);
#5314 = DIRECTION('',(-1.,0.,0.));
#5315 = PLANE('',#5316);
#5316 = AXIS2_PLACEMENT_3D('',#5317,#5318,#5319);
#5317 = CARTESIAN_POINT('',(-0.35,1.225,1.51));
#5318 = DIRECTION('',(0.,-1.,0.));
#5319 = DIRECTION('',(-1.,0.,0.));
#5320 = ADVANCED_FACE('',(#5321),#5348,.T.);
#5321 = FACE_BOUND('',#5322,.T.);
#5322 = EDGE_LOOP('',(#5323,#5324,#5333,#5341));
#5323 = ORIENTED_EDGE('',*,*,#5302,.T.);
#5324 = ORIENTED_EDGE('',*,*,#5325,.T.);
#5325 = EDGE_CURVE('',#5295,#5326,#5328,.T.);
#5326 = VERTEX_POINT('',#5327);
#5327 = CARTESIAN_POINT('',(-0.8,1.375,1.55));
#5328 = CIRCLE('',#5329,0.150000058649);
#5329 = AXIS2_PLACEMENT_3D('',#5330,#5331,#5332);
#5330 = CARTESIAN_POINT('',(-0.649999941351,1.375000058649,1.55));
#5331 = DIRECTION('',(0.,0.,-1.));
#5332 = DIRECTION('',(-3.909953608663E-07,-1.,-0.));
#5333 = ORIENTED_EDGE('',*,*,#5334,.F.);
#5334 = EDGE_CURVE('',#5335,#5326,#5337,.T.);
#5335 = VERTEX_POINT('',#5336);
#5336 = CARTESIAN_POINT('',(-0.8,1.375,1.51));
#5337 = LINE('',#5338,#5339);
#5338 = CARTESIAN_POINT('',(-0.8,1.375,1.51));
#5339 = VECTOR('',#5340,1.);
#5340 = DIRECTION('',(0.,0.,1.));
#5341 = ORIENTED_EDGE('',*,*,#5342,.F.);
#5342 = EDGE_CURVE('',#5303,#5335,#5343,.T.);
#5343 = CIRCLE('',#5344,0.150000058649);
#5344 = AXIS2_PLACEMENT_3D('',#5345,#5346,#5347);
#5345 = CARTESIAN_POINT('',(-0.649999941351,1.375000058649,1.51));
#5346 = DIRECTION('',(0.,0.,-1.));
#5347 = DIRECTION('',(-3.909953608663E-07,-1.,-0.));
#5348 = CYLINDRICAL_SURFACE('',#5349,0.150000058649);
#5349 = AXIS2_PLACEMENT_3D('',#5350,#5351,#5352);
#5350 = CARTESIAN_POINT('',(-0.649999941351,1.375000058649,1.51));
#5351 = DIRECTION('',(0.,0.,-1.));
#5352 = DIRECTION('',(-3.909953608663E-07,-1.,-0.));
#5353 = ADVANCED_FACE('',(#5354),#5370,.T.);
#5354 = FACE_BOUND('',#5355,.T.);
#5355 = EDGE_LOOP('',(#5356,#5357,#5363,#5364));
#5356 = ORIENTED_EDGE('',*,*,#5334,.T.);
#5357 = ORIENTED_EDGE('',*,*,#5358,.T.);
#5358 = EDGE_CURVE('',#5326,#5126,#5359,.T.);
#5359 = LINE('',#5360,#5361);
#5360 = CARTESIAN_POINT('',(-0.8,1.375,1.55));
#5361 = VECTOR('',#5362,1.);
#5362 = DIRECTION('',(0.,1.,0.));
#5363 = ORIENTED_EDGE('',*,*,#5123,.F.);
#5364 = ORIENTED_EDGE('',*,*,#5365,.F.);
#5365 = EDGE_CURVE('',#5335,#5124,#5366,.T.);
#5366 = LINE('',#5367,#5368);
#5367 = CARTESIAN_POINT('',(-0.8,1.375,1.51));
#5368 = VECTOR('',#5369,1.);
#5369 = DIRECTION('',(0.,1.,0.));
#5370 = PLANE('',#5371);
#5371 = AXIS2_PLACEMENT_3D('',#5372,#5373,#5374);
#5372 = CARTESIAN_POINT('',(-0.8,1.375,1.51));
#5373 = DIRECTION('',(-1.,0.,0.));
#5374 = DIRECTION('',(0.,1.,0.));
#5375 = ADVANCED_FACE('',(#5376),#5386,.F.);
#5376 = FACE_BOUND('',#5377,.T.);
#5377 = EDGE_LOOP('',(#5378,#5379,#5380,#5381,#5382,#5383,#5384,#5385));
#5378 = ORIENTED_EDGE('',*,*,#5150,.T.);
#5379 = ORIENTED_EDGE('',*,*,#5182,.T.);
#5380 = ORIENTED_EDGE('',*,*,#5214,.T.);
#5381 = ORIENTED_EDGE('',*,*,#5246,.T.);
#5382 = ORIENTED_EDGE('',*,*,#5278,.T.);
#5383 = ORIENTED_EDGE('',*,*,#5310,.T.);
#5384 = ORIENTED_EDGE('',*,*,#5342,.T.);
#5385 = ORIENTED_EDGE('',*,*,#5365,.T.);
#5386 = PLANE('',#5387);
#5387 = AXIS2_PLACEMENT_3D('',#5388,#5389,#5390);
#5388 = CARTESIAN_POINT('',(0.,0.,1.51));
#5389 = DIRECTION('',(0.,0.,1.));
#5390 = DIRECTION('',(1.,0.,-0.));
#5391 = ADVANCED_FACE('',(#5392),#5402,.T.);
#5392 = FACE_BOUND('',#5393,.F.);
#5393 = EDGE_LOOP('',(#5394,#5395,#5396,#5397,#5398,#5399,#5400,#5401));
#5394 = ORIENTED_EDGE('',*,*,#5133,.T.);
#5395 = ORIENTED_EDGE('',*,*,#5166,.T.);
#5396 = ORIENTED_EDGE('',*,*,#5197,.T.);
#5397 = ORIENTED_EDGE('',*,*,#5230,.T.);
#5398 = ORIENTED_EDGE('',*,*,#5261,.T.);
#5399 = ORIENTED_EDGE('',*,*,#5294,.T.);
#5400 = ORIENTED_EDGE('',*,*,#5325,.T.);
#5401 = ORIENTED_EDGE('',*,*,#5358,.T.);
#5402 = PLANE('',#5403);
#5403 = AXIS2_PLACEMENT_3D('',#5404,#5405,#5406);
#5404 = CARTESIAN_POINT('',(0.,0.,1.55));
#5405 = DIRECTION('',(0.,0.,1.));
#5406 = DIRECTION('',(1.,0.,-0.));
#5407 = MANIFOLD_SOLID_BREP('',#5408);
#5408 = CLOSED_SHELL('',(#5409,#5451,#5482,#5515,#5546,#5579,#5610,#5643
    ,#5665,#5681));
#5409 = ADVANCED_FACE('',(#5410),#5446,.T.);
#5410 = FACE_BOUND('',#5411,.T.);
#5411 = EDGE_LOOP('',(#5412,#5422,#5431,#5439));
#5412 = ORIENTED_EDGE('',*,*,#5413,.T.);
#5413 = EDGE_CURVE('',#5414,#5416,#5418,.T.);
#5414 = VERTEX_POINT('',#5415);
#5415 = CARTESIAN_POINT('',(0.2,2.625,1.51));
#5416 = VERTEX_POINT('',#5417);
#5417 = CARTESIAN_POINT('',(0.2,2.625,1.55));
#5418 = LINE('',#5419,#5420);
#5419 = CARTESIAN_POINT('',(0.2,2.625,1.51));
#5420 = VECTOR('',#5421,1.);
#5421 = DIRECTION('',(0.,0.,1.));
#5422 = ORIENTED_EDGE('',*,*,#5423,.T.);
#5423 = EDGE_CURVE('',#5416,#5424,#5426,.T.);
#5424 = VERTEX_POINT('',#5425);
#5425 = CARTESIAN_POINT('',(0.35,2.775,1.55));
#5426 = CIRCLE('',#5427,0.150000058649);
#5427 = AXIS2_PLACEMENT_3D('',#5428,#5429,#5430);
#5428 = CARTESIAN_POINT('',(0.350000058649,2.624999941351,1.55));
#5429 = DIRECTION('',(0.,0.,-1.));
#5430 = DIRECTION('',(-1.,3.909953586459E-07,0.));
#5431 = ORIENTED_EDGE('',*,*,#5432,.F.);
#5432 = EDGE_CURVE('',#5433,#5424,#5435,.T.);
#5433 = VERTEX_POINT('',#5434);
#5434 = CARTESIAN_POINT('',(0.35,2.775,1.51));
#5435 = LINE('',#5436,#5437);
#5436 = CARTESIAN_POINT('',(0.35,2.775,1.51));
#5437 = VECTOR('',#5438,1.);
#5438 = DIRECTION('',(0.,0.,1.));
#5439 = ORIENTED_EDGE('',*,*,#5440,.F.);
#5440 = EDGE_CURVE('',#5414,#5433,#5441,.T.);
#5441 = CIRCLE('',#5442,0.150000058649);
#5442 = AXIS2_PLACEMENT_3D('',#5443,#5444,#5445);
#5443 = CARTESIAN_POINT('',(0.350000058649,2.624999941351,1.51));
#5444 = DIRECTION('',(0.,0.,-1.));
#5445 = DIRECTION('',(-1.,3.909953586459E-07,0.));
#5446 = CYLINDRICAL_SURFACE('',#5447,0.150000058649);
#5447 = AXIS2_PLACEMENT_3D('',#5448,#5449,#5450);
#5448 = CARTESIAN_POINT('',(0.350000058649,2.624999941351,1.51));
#5449 = DIRECTION('',(0.,0.,-1.));
#5450 = DIRECTION('',(-1.,3.909953586459E-07,0.));
#5451 = ADVANCED_FACE('',(#5452),#5477,.T.);
#5452 = FACE_BOUND('',#5453,.T.);
#5453 = EDGE_LOOP('',(#5454,#5455,#5463,#5471));
#5454 = ORIENTED_EDGE('',*,*,#5432,.T.);
#5455 = ORIENTED_EDGE('',*,*,#5456,.T.);
#5456 = EDGE_CURVE('',#5424,#5457,#5459,.T.);
#5457 = VERTEX_POINT('',#5458);
#5458 = CARTESIAN_POINT('',(0.65,2.775,1.55));
#5459 = LINE('',#5460,#5461);
#5460 = CARTESIAN_POINT('',(0.35,2.775,1.55));
#5461 = VECTOR('',#5462,1.);
#5462 = DIRECTION('',(1.,0.,0.));
#5463 = ORIENTED_EDGE('',*,*,#5464,.F.);
#5464 = EDGE_CURVE('',#5465,#5457,#5467,.T.);
#5465 = VERTEX_POINT('',#5466);
#5466 = CARTESIAN_POINT('',(0.65,2.775,1.51));
#5467 = LINE('',#5468,#5469);
#5468 = CARTESIAN_POINT('',(0.65,2.775,1.51));
#5469 = VECTOR('',#5470,1.);
#5470 = DIRECTION('',(0.,0.,1.));
#5471 = ORIENTED_EDGE('',*,*,#5472,.F.);
#5472 = EDGE_CURVE('',#5433,#5465,#5473,.T.);
#5473 = LINE('',#5474,#5475);
#5474 = CARTESIAN_POINT('',(0.35,2.775,1.51));
#5475 = VECTOR('',#5476,1.);
#5476 = DIRECTION('',(1.,0.,0.));
#5477 = PLANE('',#5478);
#5478 = AXIS2_PLACEMENT_3D('',#5479,#5480,#5481);
#5479 = CARTESIAN_POINT('',(0.35,2.775,1.51));
#5480 = DIRECTION('',(0.,1.,0.));
#5481 = DIRECTION('',(1.,0.,0.));
#5482 = ADVANCED_FACE('',(#5483),#5510,.T.);
#5483 = FACE_BOUND('',#5484,.T.);
#5484 = EDGE_LOOP('',(#5485,#5486,#5495,#5503));
#5485 = ORIENTED_EDGE('',*,*,#5464,.T.);
#5486 = ORIENTED_EDGE('',*,*,#5487,.T.);
#5487 = EDGE_CURVE('',#5457,#5488,#5490,.T.);
#5488 = VERTEX_POINT('',#5489);
#5489 = CARTESIAN_POINT('',(0.8,2.625,1.55));
#5490 = CIRCLE('',#5491,0.150000058649);
#5491 = AXIS2_PLACEMENT_3D('',#5492,#5493,#5494);
#5492 = CARTESIAN_POINT('',(0.649999941351,2.624999941351,1.55));
#5493 = DIRECTION('',(0.,0.,-1.));
#5494 = DIRECTION('',(3.90995359386E-07,1.,0.));
#5495 = ORIENTED_EDGE('',*,*,#5496,.F.);
#5496 = EDGE_CURVE('',#5497,#5488,#5499,.T.);
#5497 = VERTEX_POINT('',#5498);
#5498 = CARTESIAN_POINT('',(0.8,2.625,1.51));
#5499 = LINE('',#5500,#5501);
#5500 = CARTESIAN_POINT('',(0.8,2.625,1.51));
#5501 = VECTOR('',#5502,1.);
#5502 = DIRECTION('',(0.,0.,1.));
#5503 = ORIENTED_EDGE('',*,*,#5504,.F.);
#5504 = EDGE_CURVE('',#5465,#5497,#5505,.T.);
#5505 = CIRCLE('',#5506,0.150000058649);
#5506 = AXIS2_PLACEMENT_3D('',#5507,#5508,#5509);
#5507 = CARTESIAN_POINT('',(0.649999941351,2.624999941351,1.51));
#5508 = DIRECTION('',(0.,0.,-1.));
#5509 = DIRECTION('',(3.90995359386E-07,1.,0.));
#5510 = CYLINDRICAL_SURFACE('',#5511,0.150000058649);
#5511 = AXIS2_PLACEMENT_3D('',#5512,#5513,#5514);
#5512 = CARTESIAN_POINT('',(0.649999941351,2.624999941351,1.51));
#5513 = DIRECTION('',(0.,0.,-1.));
#5514 = DIRECTION('',(3.90995359386E-07,1.,0.));
#5515 = ADVANCED_FACE('',(#5516),#5541,.T.);
#5516 = FACE_BOUND('',#5517,.T.);
#5517 = EDGE_LOOP('',(#5518,#5519,#5527,#5535));
#5518 = ORIENTED_EDGE('',*,*,#5496,.T.);
#5519 = ORIENTED_EDGE('',*,*,#5520,.T.);
#5520 = EDGE_CURVE('',#5488,#5521,#5523,.T.);
#5521 = VERTEX_POINT('',#5522);
#5522 = CARTESIAN_POINT('',(0.8,1.375,1.55));
#5523 = LINE('',#5524,#5525);
#5524 = CARTESIAN_POINT('',(0.8,2.625,1.55));
#5525 = VECTOR('',#5526,1.);
#5526 = DIRECTION('',(0.,-1.,0.));
#5527 = ORIENTED_EDGE('',*,*,#5528,.F.);
#5528 = EDGE_CURVE('',#5529,#5521,#5531,.T.);
#5529 = VERTEX_POINT('',#5530);
#5530 = CARTESIAN_POINT('',(0.8,1.375,1.51));
#5531 = LINE('',#5532,#5533);
#5532 = CARTESIAN_POINT('',(0.8,1.375,1.51));
#5533 = VECTOR('',#5534,1.);
#5534 = DIRECTION('',(0.,0.,1.));
#5535 = ORIENTED_EDGE('',*,*,#5536,.F.);
#5536 = EDGE_CURVE('',#5497,#5529,#5537,.T.);
#5537 = LINE('',#5538,#5539);
#5538 = CARTESIAN_POINT('',(0.8,2.625,1.51));
#5539 = VECTOR('',#5540,1.);
#5540 = DIRECTION('',(0.,-1.,0.));
#5541 = PLANE('',#5542);
#5542 = AXIS2_PLACEMENT_3D('',#5543,#5544,#5545);
#5543 = CARTESIAN_POINT('',(0.8,2.625,1.51));
#5544 = DIRECTION('',(1.,0.,-0.));
#5545 = DIRECTION('',(0.,-1.,0.));
#5546 = ADVANCED_FACE('',(#5547),#5574,.T.);
#5547 = FACE_BOUND('',#5548,.T.);
#5548 = EDGE_LOOP('',(#5549,#5550,#5559,#5567));
#5549 = ORIENTED_EDGE('',*,*,#5528,.T.);
#5550 = ORIENTED_EDGE('',*,*,#5551,.T.);
#5551 = EDGE_CURVE('',#5521,#5552,#5554,.T.);
#5552 = VERTEX_POINT('',#5553);
#5553 = CARTESIAN_POINT('',(0.65,1.225,1.55));
#5554 = CIRCLE('',#5555,0.150000058649);
#5555 = AXIS2_PLACEMENT_3D('',#5556,#5557,#5558);
#5556 = CARTESIAN_POINT('',(0.649999941351,1.375000058649,1.55));
#5557 = DIRECTION('',(0.,0.,-1.));
#5558 = DIRECTION('',(1.,-3.909953601262E-07,0.));
#5559 = ORIENTED_EDGE('',*,*,#5560,.F.);
#5560 = EDGE_CURVE('',#5561,#5552,#5563,.T.);
#5561 = VERTEX_POINT('',#5562);
#5562 = CARTESIAN_POINT('',(0.65,1.225,1.51));
#5563 = LINE('',#5564,#5565);
#5564 = CARTESIAN_POINT('',(0.65,1.225,1.51));
#5565 = VECTOR('',#5566,1.);
#5566 = DIRECTION('',(0.,0.,1.));
#5567 = ORIENTED_EDGE('',*,*,#5568,.F.);
#5568 = EDGE_CURVE('',#5529,#5561,#5569,.T.);
#5569 = CIRCLE('',#5570,0.150000058649);
#5570 = AXIS2_PLACEMENT_3D('',#5571,#5572,#5573);
#5571 = CARTESIAN_POINT('',(0.649999941351,1.375000058649,1.51));
#5572 = DIRECTION('',(0.,0.,-1.));
#5573 = DIRECTION('',(1.,-3.909953601262E-07,0.));
#5574 = CYLINDRICAL_SURFACE('',#5575,0.150000058649);
#5575 = AXIS2_PLACEMENT_3D('',#5576,#5577,#5578);
#5576 = CARTESIAN_POINT('',(0.649999941351,1.375000058649,1.51));
#5577 = DIRECTION('',(0.,0.,-1.));
#5578 = DIRECTION('',(1.,-3.909953601262E-07,0.));
#5579 = ADVANCED_FACE('',(#5580),#5605,.T.);
#5580 = FACE_BOUND('',#5581,.T.);
#5581 = EDGE_LOOP('',(#5582,#5583,#5591,#5599));
#5582 = ORIENTED_EDGE('',*,*,#5560,.T.);
#5583 = ORIENTED_EDGE('',*,*,#5584,.T.);
#5584 = EDGE_CURVE('',#5552,#5585,#5587,.T.);
#5585 = VERTEX_POINT('',#5586);
#5586 = CARTESIAN_POINT('',(0.35,1.225,1.55));
#5587 = LINE('',#5588,#5589);
#5588 = CARTESIAN_POINT('',(0.65,1.225,1.55));
#5589 = VECTOR('',#5590,1.);
#5590 = DIRECTION('',(-1.,0.,0.));
#5591 = ORIENTED_EDGE('',*,*,#5592,.F.);
#5592 = EDGE_CURVE('',#5593,#5585,#5595,.T.);
#5593 = VERTEX_POINT('',#5594);
#5594 = CARTESIAN_POINT('',(0.35,1.225,1.51));
#5595 = LINE('',#5596,#5597);
#5596 = CARTESIAN_POINT('',(0.35,1.225,1.51));
#5597 = VECTOR('',#5598,1.);
#5598 = DIRECTION('',(0.,0.,1.));
#5599 = ORIENTED_EDGE('',*,*,#5600,.F.);
#5600 = EDGE_CURVE('',#5561,#5593,#5601,.T.);
#5601 = LINE('',#5602,#5603);
#5602 = CARTESIAN_POINT('',(0.65,1.225,1.51));
#5603 = VECTOR('',#5604,1.);
#5604 = DIRECTION('',(-1.,0.,0.));
#5605 = PLANE('',#5606);
#5606 = AXIS2_PLACEMENT_3D('',#5607,#5608,#5609);
#5607 = CARTESIAN_POINT('',(0.65,1.225,1.51));
#5608 = DIRECTION('',(0.,-1.,0.));
#5609 = DIRECTION('',(-1.,0.,0.));
#5610 = ADVANCED_FACE('',(#5611),#5638,.T.);
#5611 = FACE_BOUND('',#5612,.T.);
#5612 = EDGE_LOOP('',(#5613,#5614,#5623,#5631));
#5613 = ORIENTED_EDGE('',*,*,#5592,.T.);
#5614 = ORIENTED_EDGE('',*,*,#5615,.T.);
#5615 = EDGE_CURVE('',#5585,#5616,#5618,.T.);
#5616 = VERTEX_POINT('',#5617);
#5617 = CARTESIAN_POINT('',(0.2,1.375,1.55));
#5618 = CIRCLE('',#5619,0.150000058649);
#5619 = AXIS2_PLACEMENT_3D('',#5620,#5621,#5622);
#5620 = CARTESIAN_POINT('',(0.350000058649,1.375000058649,1.55));
#5621 = DIRECTION('',(0.,0.,-1.));
#5622 = DIRECTION('',(-3.909953608663E-07,-1.,-0.));
#5623 = ORIENTED_EDGE('',*,*,#5624,.F.);
#5624 = EDGE_CURVE('',#5625,#5616,#5627,.T.);
#5625 = VERTEX_POINT('',#5626);
#5626 = CARTESIAN_POINT('',(0.2,1.375,1.51));
#5627 = LINE('',#5628,#5629);
#5628 = CARTESIAN_POINT('',(0.2,1.375,1.51));
#5629 = VECTOR('',#5630,1.);
#5630 = DIRECTION('',(0.,0.,1.));
#5631 = ORIENTED_EDGE('',*,*,#5632,.F.);
#5632 = EDGE_CURVE('',#5593,#5625,#5633,.T.);
#5633 = CIRCLE('',#5634,0.150000058649);
#5634 = AXIS2_PLACEMENT_3D('',#5635,#5636,#5637);
#5635 = CARTESIAN_POINT('',(0.350000058649,1.375000058649,1.51));
#5636 = DIRECTION('',(0.,0.,-1.));
#5637 = DIRECTION('',(-3.909953608663E-07,-1.,-0.));
#5638 = CYLINDRICAL_SURFACE('',#5639,0.150000058649);
#5639 = AXIS2_PLACEMENT_3D('',#5640,#5641,#5642);
#5640 = CARTESIAN_POINT('',(0.350000058649,1.375000058649,1.51));
#5641 = DIRECTION('',(0.,0.,-1.));
#5642 = DIRECTION('',(-3.909953608663E-07,-1.,-0.));
#5643 = ADVANCED_FACE('',(#5644),#5660,.T.);
#5644 = FACE_BOUND('',#5645,.T.);
#5645 = EDGE_LOOP('',(#5646,#5647,#5653,#5654));
#5646 = ORIENTED_EDGE('',*,*,#5624,.T.);
#5647 = ORIENTED_EDGE('',*,*,#5648,.T.);
#5648 = EDGE_CURVE('',#5616,#5416,#5649,.T.);
#5649 = LINE('',#5650,#5651);
#5650 = CARTESIAN_POINT('',(0.2,1.375,1.55));
#5651 = VECTOR('',#5652,1.);
#5652 = DIRECTION('',(0.,1.,0.));
#5653 = ORIENTED_EDGE('',*,*,#5413,.F.);
#5654 = ORIENTED_EDGE('',*,*,#5655,.F.);
#5655 = EDGE_CURVE('',#5625,#5414,#5656,.T.);
#5656 = LINE('',#5657,#5658);
#5657 = CARTESIAN_POINT('',(0.2,1.375,1.51));
#5658 = VECTOR('',#5659,1.);
#5659 = DIRECTION('',(0.,1.,0.));
#5660 = PLANE('',#5661);
#5661 = AXIS2_PLACEMENT_3D('',#5662,#5663,#5664);
#5662 = CARTESIAN_POINT('',(0.2,1.375,1.51));
#5663 = DIRECTION('',(-1.,0.,0.));
#5664 = DIRECTION('',(0.,1.,0.));
#5665 = ADVANCED_FACE('',(#5666),#5676,.F.);
#5666 = FACE_BOUND('',#5667,.T.);
#5667 = EDGE_LOOP('',(#5668,#5669,#5670,#5671,#5672,#5673,#5674,#5675));
#5668 = ORIENTED_EDGE('',*,*,#5440,.T.);
#5669 = ORIENTED_EDGE('',*,*,#5472,.T.);
#5670 = ORIENTED_EDGE('',*,*,#5504,.T.);
#5671 = ORIENTED_EDGE('',*,*,#5536,.T.);
#5672 = ORIENTED_EDGE('',*,*,#5568,.T.);
#5673 = ORIENTED_EDGE('',*,*,#5600,.T.);
#5674 = ORIENTED_EDGE('',*,*,#5632,.T.);
#5675 = ORIENTED_EDGE('',*,*,#5655,.T.);
#5676 = PLANE('',#5677);
#5677 = AXIS2_PLACEMENT_3D('',#5678,#5679,#5680);
#5678 = CARTESIAN_POINT('',(0.,0.,1.51));
#5679 = DIRECTION('',(0.,0.,1.));
#5680 = DIRECTION('',(1.,0.,-0.));
#5681 = ADVANCED_FACE('',(#5682),#5692,.T.);
#5682 = FACE_BOUND('',#5683,.F.);
#5683 = EDGE_LOOP('',(#5684,#5685,#5686,#5687,#5688,#5689,#5690,#5691));
#5684 = ORIENTED_EDGE('',*,*,#5423,.T.);
#5685 = ORIENTED_EDGE('',*,*,#5456,.T.);
#5686 = ORIENTED_EDGE('',*,*,#5487,.T.);
#5687 = ORIENTED_EDGE('',*,*,#5520,.T.);
#5688 = ORIENTED_EDGE('',*,*,#5551,.T.);
#5689 = ORIENTED_EDGE('',*,*,#5584,.T.);
#5690 = ORIENTED_EDGE('',*,*,#5615,.T.);
#5691 = ORIENTED_EDGE('',*,*,#5648,.T.);
#5692 = PLANE('',#5693);
#5693 = AXIS2_PLACEMENT_3D('',#5694,#5695,#5696);
#5694 = CARTESIAN_POINT('',(0.,0.,1.55));
#5695 = DIRECTION('',(0.,0.,1.));
#5696 = DIRECTION('',(1.,0.,-0.));
#5697 = MANIFOLD_SOLID_BREP('',#5698);
#5698 = CLOSED_SHELL('',(#5699,#5741,#5772,#5805,#5836,#5869,#5900,#5933
    ,#5955,#5971));
#5699 = ADVANCED_FACE('',(#5700),#5736,.T.);
#5700 = FACE_BOUND('',#5701,.T.);
#5701 = EDGE_LOOP('',(#5702,#5712,#5721,#5729));
#5702 = ORIENTED_EDGE('',*,*,#5703,.T.);
#5703 = EDGE_CURVE('',#5704,#5706,#5708,.T.);
#5704 = VERTEX_POINT('',#5705);
#5705 = CARTESIAN_POINT('',(1.2,2.625,1.51));
#5706 = VERTEX_POINT('',#5707);
#5707 = CARTESIAN_POINT('',(1.2,2.625,1.55));
#5708 = LINE('',#5709,#5710);
#5709 = CARTESIAN_POINT('',(1.2,2.625,1.51));
#5710 = VECTOR('',#5711,1.);
#5711 = DIRECTION('',(0.,0.,1.));
#5712 = ORIENTED_EDGE('',*,*,#5713,.T.);
#5713 = EDGE_CURVE('',#5706,#5714,#5716,.T.);
#5714 = VERTEX_POINT('',#5715);
#5715 = CARTESIAN_POINT('',(1.35,2.775,1.55));
#5716 = CIRCLE('',#5717,0.150000058649);
#5717 = AXIS2_PLACEMENT_3D('',#5718,#5719,#5720);
#5718 = CARTESIAN_POINT('',(1.350000058649,2.624999941351,1.55));
#5719 = DIRECTION('',(0.,0.,-1.));
#5720 = DIRECTION('',(-1.,3.909953616065E-07,0.));
#5721 = ORIENTED_EDGE('',*,*,#5722,.F.);
#5722 = EDGE_CURVE('',#5723,#5714,#5725,.T.);
#5723 = VERTEX_POINT('',#5724);
#5724 = CARTESIAN_POINT('',(1.35,2.775,1.51));
#5725 = LINE('',#5726,#5727);
#5726 = CARTESIAN_POINT('',(1.35,2.775,1.51));
#5727 = VECTOR('',#5728,1.);
#5728 = DIRECTION('',(0.,0.,1.));
#5729 = ORIENTED_EDGE('',*,*,#5730,.F.);
#5730 = EDGE_CURVE('',#5704,#5723,#5731,.T.);
#5731 = CIRCLE('',#5732,0.150000058649);
#5732 = AXIS2_PLACEMENT_3D('',#5733,#5734,#5735);
#5733 = CARTESIAN_POINT('',(1.350000058649,2.624999941351,1.51));
#5734 = DIRECTION('',(0.,0.,-1.));
#5735 = DIRECTION('',(-1.,3.909953616065E-07,0.));
#5736 = CYLINDRICAL_SURFACE('',#5737,0.150000058649);
#5737 = AXIS2_PLACEMENT_3D('',#5738,#5739,#5740);
#5738 = CARTESIAN_POINT('',(1.350000058649,2.624999941351,1.51));
#5739 = DIRECTION('',(0.,0.,-1.));
#5740 = DIRECTION('',(-1.,3.909953616065E-07,0.));
#5741 = ADVANCED_FACE('',(#5742),#5767,.T.);
#5742 = FACE_BOUND('',#5743,.T.);
#5743 = EDGE_LOOP('',(#5744,#5745,#5753,#5761));
#5744 = ORIENTED_EDGE('',*,*,#5722,.T.);
#5745 = ORIENTED_EDGE('',*,*,#5746,.T.);
#5746 = EDGE_CURVE('',#5714,#5747,#5749,.T.);
#5747 = VERTEX_POINT('',#5748);
#5748 = CARTESIAN_POINT('',(1.65,2.775,1.55));
#5749 = LINE('',#5750,#5751);
#5750 = CARTESIAN_POINT('',(1.35,2.775,1.55));
#5751 = VECTOR('',#5752,1.);
#5752 = DIRECTION('',(1.,0.,0.));
#5753 = ORIENTED_EDGE('',*,*,#5754,.F.);
#5754 = EDGE_CURVE('',#5755,#5747,#5757,.T.);
#5755 = VERTEX_POINT('',#5756);
#5756 = CARTESIAN_POINT('',(1.65,2.775,1.51));
#5757 = LINE('',#5758,#5759);
#5758 = CARTESIAN_POINT('',(1.65,2.775,1.51));
#5759 = VECTOR('',#5760,1.);
#5760 = DIRECTION('',(0.,0.,1.));
#5761 = ORIENTED_EDGE('',*,*,#5762,.F.);
#5762 = EDGE_CURVE('',#5723,#5755,#5763,.T.);
#5763 = LINE('',#5764,#5765);
#5764 = CARTESIAN_POINT('',(1.35,2.775,1.51));
#5765 = VECTOR('',#5766,1.);
#5766 = DIRECTION('',(1.,0.,0.));
#5767 = PLANE('',#5768);
#5768 = AXIS2_PLACEMENT_3D('',#5769,#5770,#5771);
#5769 = CARTESIAN_POINT('',(1.35,2.775,1.51));
#5770 = DIRECTION('',(0.,1.,0.));
#5771 = DIRECTION('',(1.,0.,0.));
#5772 = ADVANCED_FACE('',(#5773),#5800,.T.);
#5773 = FACE_BOUND('',#5774,.T.);
#5774 = EDGE_LOOP('',(#5775,#5776,#5785,#5793));
#5775 = ORIENTED_EDGE('',*,*,#5754,.T.);
#5776 = ORIENTED_EDGE('',*,*,#5777,.T.);
#5777 = EDGE_CURVE('',#5747,#5778,#5780,.T.);
#5778 = VERTEX_POINT('',#5779);
#5779 = CARTESIAN_POINT('',(1.8,2.625,1.55));
#5780 = CIRCLE('',#5781,0.150000058649);
#5781 = AXIS2_PLACEMENT_3D('',#5782,#5783,#5784);
#5782 = CARTESIAN_POINT('',(1.649999941351,2.624999941351,1.55));
#5783 = DIRECTION('',(0.,0.,-1.));
#5784 = DIRECTION('',(3.909953586459E-07,1.,0.));
#5785 = ORIENTED_EDGE('',*,*,#5786,.F.);
#5786 = EDGE_CURVE('',#5787,#5778,#5789,.T.);
#5787 = VERTEX_POINT('',#5788);
#5788 = CARTESIAN_POINT('',(1.8,2.625,1.51));
#5789 = LINE('',#5790,#5791);
#5790 = CARTESIAN_POINT('',(1.8,2.625,1.51));
#5791 = VECTOR('',#5792,1.);
#5792 = DIRECTION('',(0.,0.,1.));
#5793 = ORIENTED_EDGE('',*,*,#5794,.F.);
#5794 = EDGE_CURVE('',#5755,#5787,#5795,.T.);
#5795 = CIRCLE('',#5796,0.150000058649);
#5796 = AXIS2_PLACEMENT_3D('',#5797,#5798,#5799);
#5797 = CARTESIAN_POINT('',(1.649999941351,2.624999941351,1.51));
#5798 = DIRECTION('',(0.,0.,-1.));
#5799 = DIRECTION('',(3.909953586459E-07,1.,0.));
#5800 = CYLINDRICAL_SURFACE('',#5801,0.150000058649);
#5801 = AXIS2_PLACEMENT_3D('',#5802,#5803,#5804);
#5802 = CARTESIAN_POINT('',(1.649999941351,2.624999941351,1.51));
#5803 = DIRECTION('',(0.,0.,-1.));
#5804 = DIRECTION('',(3.909953586459E-07,1.,0.));
#5805 = ADVANCED_FACE('',(#5806),#5831,.T.);
#5806 = FACE_BOUND('',#5807,.T.);
#5807 = EDGE_LOOP('',(#5808,#5809,#5817,#5825));
#5808 = ORIENTED_EDGE('',*,*,#5786,.T.);
#5809 = ORIENTED_EDGE('',*,*,#5810,.T.);
#5810 = EDGE_CURVE('',#5778,#5811,#5813,.T.);
#5811 = VERTEX_POINT('',#5812);
#5812 = CARTESIAN_POINT('',(1.8,1.375,1.55));
#5813 = LINE('',#5814,#5815);
#5814 = CARTESIAN_POINT('',(1.8,2.625,1.55));
#5815 = VECTOR('',#5816,1.);
#5816 = DIRECTION('',(0.,-1.,0.));
#5817 = ORIENTED_EDGE('',*,*,#5818,.F.);
#5818 = EDGE_CURVE('',#5819,#5811,#5821,.T.);
#5819 = VERTEX_POINT('',#5820);
#5820 = CARTESIAN_POINT('',(1.8,1.375,1.51));
#5821 = LINE('',#5822,#5823);
#5822 = CARTESIAN_POINT('',(1.8,1.375,1.51));
#5823 = VECTOR('',#5824,1.);
#5824 = DIRECTION('',(0.,0.,1.));
#5825 = ORIENTED_EDGE('',*,*,#5826,.F.);
#5826 = EDGE_CURVE('',#5787,#5819,#5827,.T.);
#5827 = LINE('',#5828,#5829);
#5828 = CARTESIAN_POINT('',(1.8,2.625,1.51));
#5829 = VECTOR('',#5830,1.);
#5830 = DIRECTION('',(0.,-1.,0.));
#5831 = PLANE('',#5832);
#5832 = AXIS2_PLACEMENT_3D('',#5833,#5834,#5835);
#5833 = CARTESIAN_POINT('',(1.8,2.625,1.51));
#5834 = DIRECTION('',(1.,0.,-0.));
#5835 = DIRECTION('',(0.,-1.,0.));
#5836 = ADVANCED_FACE('',(#5837),#5864,.T.);
#5837 = FACE_BOUND('',#5838,.T.);
#5838 = EDGE_LOOP('',(#5839,#5840,#5849,#5857));
#5839 = ORIENTED_EDGE('',*,*,#5818,.T.);
#5840 = ORIENTED_EDGE('',*,*,#5841,.T.);
#5841 = EDGE_CURVE('',#5811,#5842,#5844,.T.);
#5842 = VERTEX_POINT('',#5843);
#5843 = CARTESIAN_POINT('',(1.65,1.225,1.55));
#5844 = CIRCLE('',#5845,0.150000058649);
#5845 = AXIS2_PLACEMENT_3D('',#5846,#5847,#5848);
#5846 = CARTESIAN_POINT('',(1.649999941351,1.375000058649,1.55));
#5847 = DIRECTION('',(0.,0.,-1.));
#5848 = DIRECTION('',(1.,-3.909953616065E-07,0.));
#5849 = ORIENTED_EDGE('',*,*,#5850,.F.);
#5850 = EDGE_CURVE('',#5851,#5842,#5853,.T.);
#5851 = VERTEX_POINT('',#5852);
#5852 = CARTESIAN_POINT('',(1.65,1.225,1.51));
#5853 = LINE('',#5854,#5855);
#5854 = CARTESIAN_POINT('',(1.65,1.225,1.51));
#5855 = VECTOR('',#5856,1.);
#5856 = DIRECTION('',(0.,0.,1.));
#5857 = ORIENTED_EDGE('',*,*,#5858,.F.);
#5858 = EDGE_CURVE('',#5819,#5851,#5859,.T.);
#5859 = CIRCLE('',#5860,0.150000058649);
#5860 = AXIS2_PLACEMENT_3D('',#5861,#5862,#5863);
#5861 = CARTESIAN_POINT('',(1.649999941351,1.375000058649,1.51));
#5862 = DIRECTION('',(0.,0.,-1.));
#5863 = DIRECTION('',(1.,-3.909953616065E-07,0.));
#5864 = CYLINDRICAL_SURFACE('',#5865,0.150000058649);
#5865 = AXIS2_PLACEMENT_3D('',#5866,#5867,#5868);
#5866 = CARTESIAN_POINT('',(1.649999941351,1.375000058649,1.51));
#5867 = DIRECTION('',(0.,0.,-1.));
#5868 = DIRECTION('',(1.,-3.909953616065E-07,0.));
#5869 = ADVANCED_FACE('',(#5870),#5895,.T.);
#5870 = FACE_BOUND('',#5871,.T.);
#5871 = EDGE_LOOP('',(#5872,#5873,#5881,#5889));
#5872 = ORIENTED_EDGE('',*,*,#5850,.T.);
#5873 = ORIENTED_EDGE('',*,*,#5874,.T.);
#5874 = EDGE_CURVE('',#5842,#5875,#5877,.T.);
#5875 = VERTEX_POINT('',#5876);
#5876 = CARTESIAN_POINT('',(1.35,1.225,1.55));
#5877 = LINE('',#5878,#5879);
#5878 = CARTESIAN_POINT('',(1.65,1.225,1.55));
#5879 = VECTOR('',#5880,1.);
#5880 = DIRECTION('',(-1.,0.,0.));
#5881 = ORIENTED_EDGE('',*,*,#5882,.F.);
#5882 = EDGE_CURVE('',#5883,#5875,#5885,.T.);
#5883 = VERTEX_POINT('',#5884);
#5884 = CARTESIAN_POINT('',(1.35,1.225,1.51));
#5885 = LINE('',#5886,#5887);
#5886 = CARTESIAN_POINT('',(1.35,1.225,1.51));
#5887 = VECTOR('',#5888,1.);
#5888 = DIRECTION('',(0.,0.,1.));
#5889 = ORIENTED_EDGE('',*,*,#5890,.F.);
#5890 = EDGE_CURVE('',#5851,#5883,#5891,.T.);
#5891 = LINE('',#5892,#5893);
#5892 = CARTESIAN_POINT('',(1.65,1.225,1.51));
#5893 = VECTOR('',#5894,1.);
#5894 = DIRECTION('',(-1.,0.,0.));
#5895 = PLANE('',#5896);
#5896 = AXIS2_PLACEMENT_3D('',#5897,#5898,#5899);
#5897 = CARTESIAN_POINT('',(1.65,1.225,1.51));
#5898 = DIRECTION('',(0.,-1.,0.));
#5899 = DIRECTION('',(-1.,0.,0.));
#5900 = ADVANCED_FACE('',(#5901),#5928,.T.);
#5901 = FACE_BOUND('',#5902,.T.);
#5902 = EDGE_LOOP('',(#5903,#5904,#5913,#5921));
#5903 = ORIENTED_EDGE('',*,*,#5882,.T.);
#5904 = ORIENTED_EDGE('',*,*,#5905,.T.);
#5905 = EDGE_CURVE('',#5875,#5906,#5908,.T.);
#5906 = VERTEX_POINT('',#5907);
#5907 = CARTESIAN_POINT('',(1.2,1.375,1.55));
#5908 = CIRCLE('',#5909,0.150000058649);
#5909 = AXIS2_PLACEMENT_3D('',#5910,#5911,#5912);
#5910 = CARTESIAN_POINT('',(1.350000058649,1.375000058649,1.55));
#5911 = DIRECTION('',(0.,0.,-1.));
#5912 = DIRECTION('',(-3.909953601262E-07,-1.,-0.));
#5913 = ORIENTED_EDGE('',*,*,#5914,.F.);
#5914 = EDGE_CURVE('',#5915,#5906,#5917,.T.);
#5915 = VERTEX_POINT('',#5916);
#5916 = CARTESIAN_POINT('',(1.2,1.375,1.51));
#5917 = LINE('',#5918,#5919);
#5918 = CARTESIAN_POINT('',(1.2,1.375,1.51));
#5919 = VECTOR('',#5920,1.);
#5920 = DIRECTION('',(0.,0.,1.));
#5921 = ORIENTED_EDGE('',*,*,#5922,.F.);
#5922 = EDGE_CURVE('',#5883,#5915,#5923,.T.);
#5923 = CIRCLE('',#5924,0.150000058649);
#5924 = AXIS2_PLACEMENT_3D('',#5925,#5926,#5927);
#5925 = CARTESIAN_POINT('',(1.350000058649,1.375000058649,1.51));
#5926 = DIRECTION('',(0.,0.,-1.));
#5927 = DIRECTION('',(-3.909953601262E-07,-1.,-0.));
#5928 = CYLINDRICAL_SURFACE('',#5929,0.150000058649);
#5929 = AXIS2_PLACEMENT_3D('',#5930,#5931,#5932);
#5930 = CARTESIAN_POINT('',(1.350000058649,1.375000058649,1.51));
#5931 = DIRECTION('',(0.,0.,-1.));
#5932 = DIRECTION('',(-3.909953601262E-07,-1.,-0.));
#5933 = ADVANCED_FACE('',(#5934),#5950,.T.);
#5934 = FACE_BOUND('',#5935,.T.);
#5935 = EDGE_LOOP('',(#5936,#5937,#5943,#5944));
#5936 = ORIENTED_EDGE('',*,*,#5914,.T.);
#5937 = ORIENTED_EDGE('',*,*,#5938,.T.);
#5938 = EDGE_CURVE('',#5906,#5706,#5939,.T.);
#5939 = LINE('',#5940,#5941);
#5940 = CARTESIAN_POINT('',(1.2,1.375,1.55));
#5941 = VECTOR('',#5942,1.);
#5942 = DIRECTION('',(0.,1.,0.));
#5943 = ORIENTED_EDGE('',*,*,#5703,.F.);
#5944 = ORIENTED_EDGE('',*,*,#5945,.F.);
#5945 = EDGE_CURVE('',#5915,#5704,#5946,.T.);
#5946 = LINE('',#5947,#5948);
#5947 = CARTESIAN_POINT('',(1.2,1.375,1.51));
#5948 = VECTOR('',#5949,1.);
#5949 = DIRECTION('',(0.,1.,0.));
#5950 = PLANE('',#5951);
#5951 = AXIS2_PLACEMENT_3D('',#5952,#5953,#5954);
#5952 = CARTESIAN_POINT('',(1.2,1.375,1.51));
#5953 = DIRECTION('',(-1.,0.,0.));
#5954 = DIRECTION('',(0.,1.,0.));
#5955 = ADVANCED_FACE('',(#5956),#5966,.F.);
#5956 = FACE_BOUND('',#5957,.T.);
#5957 = EDGE_LOOP('',(#5958,#5959,#5960,#5961,#5962,#5963,#5964,#5965));
#5958 = ORIENTED_EDGE('',*,*,#5730,.T.);
#5959 = ORIENTED_EDGE('',*,*,#5762,.T.);
#5960 = ORIENTED_EDGE('',*,*,#5794,.T.);
#5961 = ORIENTED_EDGE('',*,*,#5826,.T.);
#5962 = ORIENTED_EDGE('',*,*,#5858,.T.);
#5963 = ORIENTED_EDGE('',*,*,#5890,.T.);
#5964 = ORIENTED_EDGE('',*,*,#5922,.T.);
#5965 = ORIENTED_EDGE('',*,*,#5945,.T.);
#5966 = PLANE('',#5967);
#5967 = AXIS2_PLACEMENT_3D('',#5968,#5969,#5970);
#5968 = CARTESIAN_POINT('',(0.,0.,1.51));
#5969 = DIRECTION('',(0.,0.,1.));
#5970 = DIRECTION('',(1.,0.,-0.));
#5971 = ADVANCED_FACE('',(#5972),#5982,.T.);
#5972 = FACE_BOUND('',#5973,.F.);
#5973 = EDGE_LOOP('',(#5974,#5975,#5976,#5977,#5978,#5979,#5980,#5981));
#5974 = ORIENTED_EDGE('',*,*,#5713,.T.);
#5975 = ORIENTED_EDGE('',*,*,#5746,.T.);
#5976 = ORIENTED_EDGE('',*,*,#5777,.T.);
#5977 = ORIENTED_EDGE('',*,*,#5810,.T.);
#5978 = ORIENTED_EDGE('',*,*,#5841,.T.);
#5979 = ORIENTED_EDGE('',*,*,#5874,.T.);
#5980 = ORIENTED_EDGE('',*,*,#5905,.T.);
#5981 = ORIENTED_EDGE('',*,*,#5938,.T.);
#5982 = PLANE('',#5983);
#5983 = AXIS2_PLACEMENT_3D('',#5984,#5985,#5986);
#5984 = CARTESIAN_POINT('',(0.,0.,1.55));
#5985 = DIRECTION('',(0.,0.,1.));
#5986 = DIRECTION('',(1.,0.,-0.));
#5987 = MANIFOLD_SOLID_BREP('',#5988);
#5988 = CLOSED_SHELL('',(#5989,#6031,#6062,#6095,#6126,#6159,#6190,#6223
    ,#6245,#6261));
#5989 = ADVANCED_FACE('',(#5990),#6026,.T.);
#5990 = FACE_BOUND('',#5991,.T.);
#5991 = EDGE_LOOP('',(#5992,#6002,#6011,#6019));
#5992 = ORIENTED_EDGE('',*,*,#5993,.T.);
#5993 = EDGE_CURVE('',#5994,#5996,#5998,.T.);
#5994 = VERTEX_POINT('',#5995);
#5995 = CARTESIAN_POINT('',(2.2,2.625,1.51));
#5996 = VERTEX_POINT('',#5997);
#5997 = CARTESIAN_POINT('',(2.2,2.625,1.55));
#5998 = LINE('',#5999,#6000);
#5999 = CARTESIAN_POINT('',(2.2,2.625,1.51));
#6000 = VECTOR('',#6001,1.);
#6001 = DIRECTION('',(0.,0.,1.));
#6002 = ORIENTED_EDGE('',*,*,#6003,.T.);
#6003 = EDGE_CURVE('',#5996,#6004,#6006,.T.);
#6004 = VERTEX_POINT('',#6005);
#6005 = CARTESIAN_POINT('',(2.35,2.775,1.55));
#6006 = CIRCLE('',#6007,0.150000058649);
#6007 = AXIS2_PLACEMENT_3D('',#6008,#6009,#6010);
#6008 = CARTESIAN_POINT('',(2.350000058649,2.624999941351,1.55));
#6009 = DIRECTION('',(0.,0.,-1.));
#6010 = DIRECTION('',(-1.,3.909953556853E-07,0.));
#6011 = ORIENTED_EDGE('',*,*,#6012,.F.);
#6012 = EDGE_CURVE('',#6013,#6004,#6015,.T.);
#6013 = VERTEX_POINT('',#6014);
#6014 = CARTESIAN_POINT('',(2.35,2.775,1.51));
#6015 = LINE('',#6016,#6017);
#6016 = CARTESIAN_POINT('',(2.35,2.775,1.51));
#6017 = VECTOR('',#6018,1.);
#6018 = DIRECTION('',(0.,0.,1.));
#6019 = ORIENTED_EDGE('',*,*,#6020,.F.);
#6020 = EDGE_CURVE('',#5994,#6013,#6021,.T.);
#6021 = CIRCLE('',#6022,0.150000058649);
#6022 = AXIS2_PLACEMENT_3D('',#6023,#6024,#6025);
#6023 = CARTESIAN_POINT('',(2.350000058649,2.624999941351,1.51));
#6024 = DIRECTION('',(0.,0.,-1.));
#6025 = DIRECTION('',(-1.,3.909953556853E-07,0.));
#6026 = CYLINDRICAL_SURFACE('',#6027,0.150000058649);
#6027 = AXIS2_PLACEMENT_3D('',#6028,#6029,#6030);
#6028 = CARTESIAN_POINT('',(2.350000058649,2.624999941351,1.51));
#6029 = DIRECTION('',(0.,0.,-1.));
#6030 = DIRECTION('',(-1.,3.909953556853E-07,0.));
#6031 = ADVANCED_FACE('',(#6032),#6057,.T.);
#6032 = FACE_BOUND('',#6033,.T.);
#6033 = EDGE_LOOP('',(#6034,#6035,#6043,#6051));
#6034 = ORIENTED_EDGE('',*,*,#6012,.T.);
#6035 = ORIENTED_EDGE('',*,*,#6036,.T.);
#6036 = EDGE_CURVE('',#6004,#6037,#6039,.T.);
#6037 = VERTEX_POINT('',#6038);
#6038 = CARTESIAN_POINT('',(2.65,2.775,1.55));
#6039 = LINE('',#6040,#6041);
#6040 = CARTESIAN_POINT('',(2.35,2.775,1.55));
#6041 = VECTOR('',#6042,1.);
#6042 = DIRECTION('',(1.,0.,0.));
#6043 = ORIENTED_EDGE('',*,*,#6044,.F.);
#6044 = EDGE_CURVE('',#6045,#6037,#6047,.T.);
#6045 = VERTEX_POINT('',#6046);
#6046 = CARTESIAN_POINT('',(2.65,2.775,1.51));
#6047 = LINE('',#6048,#6049);
#6048 = CARTESIAN_POINT('',(2.65,2.775,1.51));
#6049 = VECTOR('',#6050,1.);
#6050 = DIRECTION('',(0.,0.,1.));
#6051 = ORIENTED_EDGE('',*,*,#6052,.F.);
#6052 = EDGE_CURVE('',#6013,#6045,#6053,.T.);
#6053 = LINE('',#6054,#6055);
#6054 = CARTESIAN_POINT('',(2.35,2.775,1.51));
#6055 = VECTOR('',#6056,1.);
#6056 = DIRECTION('',(1.,0.,0.));
#6057 = PLANE('',#6058);
#6058 = AXIS2_PLACEMENT_3D('',#6059,#6060,#6061);
#6059 = CARTESIAN_POINT('',(2.35,2.775,1.51));
#6060 = DIRECTION('',(0.,1.,0.));
#6061 = DIRECTION('',(1.,0.,0.));
#6062 = ADVANCED_FACE('',(#6063),#6090,.T.);
#6063 = FACE_BOUND('',#6064,.T.);
#6064 = EDGE_LOOP('',(#6065,#6066,#6075,#6083));
#6065 = ORIENTED_EDGE('',*,*,#6044,.T.);
#6066 = ORIENTED_EDGE('',*,*,#6067,.T.);
#6067 = EDGE_CURVE('',#6037,#6068,#6070,.T.);
#6068 = VERTEX_POINT('',#6069);
#6069 = CARTESIAN_POINT('',(2.8,2.625,1.55));
#6070 = CIRCLE('',#6071,0.150000058649);
#6071 = AXIS2_PLACEMENT_3D('',#6072,#6073,#6074);
#6072 = CARTESIAN_POINT('',(2.649999941351,2.624999941351,1.55));
#6073 = DIRECTION('',(0.,0.,-1.));
#6074 = DIRECTION('',(3.909953556853E-07,1.,0.));
#6075 = ORIENTED_EDGE('',*,*,#6076,.F.);
#6076 = EDGE_CURVE('',#6077,#6068,#6079,.T.);
#6077 = VERTEX_POINT('',#6078);
#6078 = CARTESIAN_POINT('',(2.8,2.625,1.51));
#6079 = LINE('',#6080,#6081);
#6080 = CARTESIAN_POINT('',(2.8,2.625,1.51));
#6081 = VECTOR('',#6082,1.);
#6082 = DIRECTION('',(0.,0.,1.));
#6083 = ORIENTED_EDGE('',*,*,#6084,.F.);
#6084 = EDGE_CURVE('',#6045,#6077,#6085,.T.);
#6085 = CIRCLE('',#6086,0.150000058649);
#6086 = AXIS2_PLACEMENT_3D('',#6087,#6088,#6089);
#6087 = CARTESIAN_POINT('',(2.649999941351,2.624999941351,1.51));
#6088 = DIRECTION('',(0.,0.,-1.));
#6089 = DIRECTION('',(3.909953556853E-07,1.,0.));
#6090 = CYLINDRICAL_SURFACE('',#6091,0.150000058649);
#6091 = AXIS2_PLACEMENT_3D('',#6092,#6093,#6094);
#6092 = CARTESIAN_POINT('',(2.649999941351,2.624999941351,1.51));
#6093 = DIRECTION('',(0.,0.,-1.));
#6094 = DIRECTION('',(3.909953556853E-07,1.,0.));
#6095 = ADVANCED_FACE('',(#6096),#6121,.T.);
#6096 = FACE_BOUND('',#6097,.T.);
#6097 = EDGE_LOOP('',(#6098,#6099,#6107,#6115));
#6098 = ORIENTED_EDGE('',*,*,#6076,.T.);
#6099 = ORIENTED_EDGE('',*,*,#6100,.T.);
#6100 = EDGE_CURVE('',#6068,#6101,#6103,.T.);
#6101 = VERTEX_POINT('',#6102);
#6102 = CARTESIAN_POINT('',(2.8,1.375,1.55));
#6103 = LINE('',#6104,#6105);
#6104 = CARTESIAN_POINT('',(2.8,2.625,1.55));
#6105 = VECTOR('',#6106,1.);
#6106 = DIRECTION('',(0.,-1.,0.));
#6107 = ORIENTED_EDGE('',*,*,#6108,.F.);
#6108 = EDGE_CURVE('',#6109,#6101,#6111,.T.);
#6109 = VERTEX_POINT('',#6110);
#6110 = CARTESIAN_POINT('',(2.8,1.375,1.51));
#6111 = LINE('',#6112,#6113);
#6112 = CARTESIAN_POINT('',(2.8,1.375,1.51));
#6113 = VECTOR('',#6114,1.);
#6114 = DIRECTION('',(0.,0.,1.));
#6115 = ORIENTED_EDGE('',*,*,#6116,.F.);
#6116 = EDGE_CURVE('',#6077,#6109,#6117,.T.);
#6117 = LINE('',#6118,#6119);
#6118 = CARTESIAN_POINT('',(2.8,2.625,1.51));
#6119 = VECTOR('',#6120,1.);
#6120 = DIRECTION('',(0.,-1.,0.));
#6121 = PLANE('',#6122);
#6122 = AXIS2_PLACEMENT_3D('',#6123,#6124,#6125);
#6123 = CARTESIAN_POINT('',(2.8,2.625,1.51));
#6124 = DIRECTION('',(1.,0.,-0.));
#6125 = DIRECTION('',(0.,-1.,0.));
#6126 = ADVANCED_FACE('',(#6127),#6154,.T.);
#6127 = FACE_BOUND('',#6128,.T.);
#6128 = EDGE_LOOP('',(#6129,#6130,#6139,#6147));
#6129 = ORIENTED_EDGE('',*,*,#6108,.T.);
#6130 = ORIENTED_EDGE('',*,*,#6131,.T.);
#6131 = EDGE_CURVE('',#6101,#6132,#6134,.T.);
#6132 = VERTEX_POINT('',#6133);
#6133 = CARTESIAN_POINT('',(2.65,1.225,1.55));
#6134 = CIRCLE('',#6135,0.150000058649);
#6135 = AXIS2_PLACEMENT_3D('',#6136,#6137,#6138);
#6136 = CARTESIAN_POINT('',(2.649999941351,1.375000058649,1.55));
#6137 = DIRECTION('',(0.,0.,-1.));
#6138 = DIRECTION('',(1.,-3.909953556853E-07,0.));
#6139 = ORIENTED_EDGE('',*,*,#6140,.F.);
#6140 = EDGE_CURVE('',#6141,#6132,#6143,.T.);
#6141 = VERTEX_POINT('',#6142);
#6142 = CARTESIAN_POINT('',(2.65,1.225,1.51));
#6143 = LINE('',#6144,#6145);
#6144 = CARTESIAN_POINT('',(2.65,1.225,1.51));
#6145 = VECTOR('',#6146,1.);
#6146 = DIRECTION('',(0.,0.,1.));
#6147 = ORIENTED_EDGE('',*,*,#6148,.F.);
#6148 = EDGE_CURVE('',#6109,#6141,#6149,.T.);
#6149 = CIRCLE('',#6150,0.150000058649);
#6150 = AXIS2_PLACEMENT_3D('',#6151,#6152,#6153);
#6151 = CARTESIAN_POINT('',(2.649999941351,1.375000058649,1.51));
#6152 = DIRECTION('',(0.,0.,-1.));
#6153 = DIRECTION('',(1.,-3.909953556853E-07,0.));
#6154 = CYLINDRICAL_SURFACE('',#6155,0.150000058649);
#6155 = AXIS2_PLACEMENT_3D('',#6156,#6157,#6158);
#6156 = CARTESIAN_POINT('',(2.649999941351,1.375000058649,1.51));
#6157 = DIRECTION('',(0.,0.,-1.));
#6158 = DIRECTION('',(1.,-3.909953556853E-07,0.));
#6159 = ADVANCED_FACE('',(#6160),#6185,.T.);
#6160 = FACE_BOUND('',#6161,.T.);
#6161 = EDGE_LOOP('',(#6162,#6163,#6171,#6179));
#6162 = ORIENTED_EDGE('',*,*,#6140,.T.);
#6163 = ORIENTED_EDGE('',*,*,#6164,.T.);
#6164 = EDGE_CURVE('',#6132,#6165,#6167,.T.);
#6165 = VERTEX_POINT('',#6166);
#6166 = CARTESIAN_POINT('',(2.35,1.225,1.55));
#6167 = LINE('',#6168,#6169);
#6168 = CARTESIAN_POINT('',(2.65,1.225,1.55));
#6169 = VECTOR('',#6170,1.);
#6170 = DIRECTION('',(-1.,0.,0.));
#6171 = ORIENTED_EDGE('',*,*,#6172,.F.);
#6172 = EDGE_CURVE('',#6173,#6165,#6175,.T.);
#6173 = VERTEX_POINT('',#6174);
#6174 = CARTESIAN_POINT('',(2.35,1.225,1.51));
#6175 = LINE('',#6176,#6177);
#6176 = CARTESIAN_POINT('',(2.35,1.225,1.51));
#6177 = VECTOR('',#6178,1.);
#6178 = DIRECTION('',(0.,0.,1.));
#6179 = ORIENTED_EDGE('',*,*,#6180,.F.);
#6180 = EDGE_CURVE('',#6141,#6173,#6181,.T.);
#6181 = LINE('',#6182,#6183);
#6182 = CARTESIAN_POINT('',(2.65,1.225,1.51));
#6183 = VECTOR('',#6184,1.);
#6184 = DIRECTION('',(-1.,0.,0.));
#6185 = PLANE('',#6186);
#6186 = AXIS2_PLACEMENT_3D('',#6187,#6188,#6189);
#6187 = CARTESIAN_POINT('',(2.65,1.225,1.51));
#6188 = DIRECTION('',(0.,-1.,0.));
#6189 = DIRECTION('',(-1.,0.,0.));
#6190 = ADVANCED_FACE('',(#6191),#6218,.T.);
#6191 = FACE_BOUND('',#6192,.T.);
#6192 = EDGE_LOOP('',(#6193,#6194,#6203,#6211));
#6193 = ORIENTED_EDGE('',*,*,#6172,.T.);
#6194 = ORIENTED_EDGE('',*,*,#6195,.T.);
#6195 = EDGE_CURVE('',#6165,#6196,#6198,.T.);
#6196 = VERTEX_POINT('',#6197);
#6197 = CARTESIAN_POINT('',(2.2,1.375,1.55));
#6198 = CIRCLE('',#6199,0.150000058649);
#6199 = AXIS2_PLACEMENT_3D('',#6200,#6201,#6202);
#6200 = CARTESIAN_POINT('',(2.350000058649,1.375000058649,1.55));
#6201 = DIRECTION('',(0.,0.,-1.));
#6202 = DIRECTION('',(-3.909953586459E-07,-1.,-0.));
#6203 = ORIENTED_EDGE('',*,*,#6204,.F.);
#6204 = EDGE_CURVE('',#6205,#6196,#6207,.T.);
#6205 = VERTEX_POINT('',#6206);
#6206 = CARTESIAN_POINT('',(2.2,1.375,1.51));
#6207 = LINE('',#6208,#6209);
#6208 = CARTESIAN_POINT('',(2.2,1.375,1.51));
#6209 = VECTOR('',#6210,1.);
#6210 = DIRECTION('',(0.,0.,1.));
#6211 = ORIENTED_EDGE('',*,*,#6212,.F.);
#6212 = EDGE_CURVE('',#6173,#6205,#6213,.T.);
#6213 = CIRCLE('',#6214,0.150000058649);
#6214 = AXIS2_PLACEMENT_3D('',#6215,#6216,#6217);
#6215 = CARTESIAN_POINT('',(2.350000058649,1.375000058649,1.51));
#6216 = DIRECTION('',(0.,0.,-1.));
#6217 = DIRECTION('',(-3.909953586459E-07,-1.,-0.));
#6218 = CYLINDRICAL_SURFACE('',#6219,0.150000058649);
#6219 = AXIS2_PLACEMENT_3D('',#6220,#6221,#6222);
#6220 = CARTESIAN_POINT('',(2.350000058649,1.375000058649,1.51));
#6221 = DIRECTION('',(0.,0.,-1.));
#6222 = DIRECTION('',(-3.909953586459E-07,-1.,-0.));
#6223 = ADVANCED_FACE('',(#6224),#6240,.T.);
#6224 = FACE_BOUND('',#6225,.T.);
#6225 = EDGE_LOOP('',(#6226,#6227,#6233,#6234));
#6226 = ORIENTED_EDGE('',*,*,#6204,.T.);
#6227 = ORIENTED_EDGE('',*,*,#6228,.T.);
#6228 = EDGE_CURVE('',#6196,#5996,#6229,.T.);
#6229 = LINE('',#6230,#6231);
#6230 = CARTESIAN_POINT('',(2.2,1.375,1.55));
#6231 = VECTOR('',#6232,1.);
#6232 = DIRECTION('',(0.,1.,0.));
#6233 = ORIENTED_EDGE('',*,*,#5993,.F.);
#6234 = ORIENTED_EDGE('',*,*,#6235,.F.);
#6235 = EDGE_CURVE('',#6205,#5994,#6236,.T.);
#6236 = LINE('',#6237,#6238);
#6237 = CARTESIAN_POINT('',(2.2,1.375,1.51));
#6238 = VECTOR('',#6239,1.);
#6239 = DIRECTION('',(0.,1.,0.));
#6240 = PLANE('',#6241);
#6241 = AXIS2_PLACEMENT_3D('',#6242,#6243,#6244);
#6242 = CARTESIAN_POINT('',(2.2,1.375,1.51));
#6243 = DIRECTION('',(-1.,0.,0.));
#6244 = DIRECTION('',(0.,1.,0.));
#6245 = ADVANCED_FACE('',(#6246),#6256,.F.);
#6246 = FACE_BOUND('',#6247,.T.);
#6247 = EDGE_LOOP('',(#6248,#6249,#6250,#6251,#6252,#6253,#6254,#6255));
#6248 = ORIENTED_EDGE('',*,*,#6020,.T.);
#6249 = ORIENTED_EDGE('',*,*,#6052,.T.);
#6250 = ORIENTED_EDGE('',*,*,#6084,.T.);
#6251 = ORIENTED_EDGE('',*,*,#6116,.T.);
#6252 = ORIENTED_EDGE('',*,*,#6148,.T.);
#6253 = ORIENTED_EDGE('',*,*,#6180,.T.);
#6254 = ORIENTED_EDGE('',*,*,#6212,.T.);
#6255 = ORIENTED_EDGE('',*,*,#6235,.T.);
#6256 = PLANE('',#6257);
#6257 = AXIS2_PLACEMENT_3D('',#6258,#6259,#6260);
#6258 = CARTESIAN_POINT('',(0.,0.,1.51));
#6259 = DIRECTION('',(0.,0.,1.));
#6260 = DIRECTION('',(1.,0.,-0.));
#6261 = ADVANCED_FACE('',(#6262),#6272,.T.);
#6262 = FACE_BOUND('',#6263,.F.);
#6263 = EDGE_LOOP('',(#6264,#6265,#6266,#6267,#6268,#6269,#6270,#6271));
#6264 = ORIENTED_EDGE('',*,*,#6003,.T.);
#6265 = ORIENTED_EDGE('',*,*,#6036,.T.);
#6266 = ORIENTED_EDGE('',*,*,#6067,.T.);
#6267 = ORIENTED_EDGE('',*,*,#6100,.T.);
#6268 = ORIENTED_EDGE('',*,*,#6131,.T.);
#6269 = ORIENTED_EDGE('',*,*,#6164,.T.);
#6270 = ORIENTED_EDGE('',*,*,#6195,.T.);
#6271 = ORIENTED_EDGE('',*,*,#6228,.T.);
#6272 = PLANE('',#6273);
#6273 = AXIS2_PLACEMENT_3D('',#6274,#6275,#6276);
#6274 = CARTESIAN_POINT('',(0.,0.,1.55));
#6275 = DIRECTION('',(0.,0.,1.));
#6276 = DIRECTION('',(1.,0.,-0.));
#6277 = MANIFOLD_SOLID_BREP('',#6278);
#6278 = CLOSED_SHELL('',(#6279,#6321,#6352,#6385,#6416,#6449,#6480,#6513
    ,#6535,#6551));
#6279 = ADVANCED_FACE('',(#6280),#6316,.T.);
#6280 = FACE_BOUND('',#6281,.T.);
#6281 = EDGE_LOOP('',(#6282,#6292,#6301,#6309));
#6282 = ORIENTED_EDGE('',*,*,#6283,.T.);
#6283 = EDGE_CURVE('',#6284,#6286,#6288,.T.);
#6284 = VERTEX_POINT('',#6285);
#6285 = CARTESIAN_POINT('',(3.2,2.625,1.51));
#6286 = VERTEX_POINT('',#6287);
#6287 = CARTESIAN_POINT('',(3.2,2.625,1.55));
#6288 = LINE('',#6289,#6290);
#6289 = CARTESIAN_POINT('',(3.2,2.625,1.51));
#6290 = VECTOR('',#6291,1.);
#6291 = DIRECTION('',(0.,0.,1.));
#6292 = ORIENTED_EDGE('',*,*,#6293,.T.);
#6293 = EDGE_CURVE('',#6286,#6294,#6296,.T.);
#6294 = VERTEX_POINT('',#6295);
#6295 = CARTESIAN_POINT('',(3.35,2.775,1.55));
#6296 = CIRCLE('',#6297,0.150000058649);
#6297 = AXIS2_PLACEMENT_3D('',#6298,#6299,#6300);
#6298 = CARTESIAN_POINT('',(3.350000058649,2.624999941351,1.55));
#6299 = DIRECTION('',(0.,0.,-1.));
#6300 = DIRECTION('',(-1.,3.909953556853E-07,0.));
#6301 = ORIENTED_EDGE('',*,*,#6302,.F.);
#6302 = EDGE_CURVE('',#6303,#6294,#6305,.T.);
#6303 = VERTEX_POINT('',#6304);
#6304 = CARTESIAN_POINT('',(3.35,2.775,1.51));
#6305 = LINE('',#6306,#6307);
#6306 = CARTESIAN_POINT('',(3.35,2.775,1.51));
#6307 = VECTOR('',#6308,1.);
#6308 = DIRECTION('',(0.,0.,1.));
#6309 = ORIENTED_EDGE('',*,*,#6310,.F.);
#6310 = EDGE_CURVE('',#6284,#6303,#6311,.T.);
#6311 = CIRCLE('',#6312,0.150000058649);
#6312 = AXIS2_PLACEMENT_3D('',#6313,#6314,#6315);
#6313 = CARTESIAN_POINT('',(3.350000058649,2.624999941351,1.51));
#6314 = DIRECTION('',(0.,0.,-1.));
#6315 = DIRECTION('',(-1.,3.909953556853E-07,0.));
#6316 = CYLINDRICAL_SURFACE('',#6317,0.150000058649);
#6317 = AXIS2_PLACEMENT_3D('',#6318,#6319,#6320);
#6318 = CARTESIAN_POINT('',(3.350000058649,2.624999941351,1.51));
#6319 = DIRECTION('',(0.,0.,-1.));
#6320 = DIRECTION('',(-1.,3.909953556853E-07,0.));
#6321 = ADVANCED_FACE('',(#6322),#6347,.T.);
#6322 = FACE_BOUND('',#6323,.T.);
#6323 = EDGE_LOOP('',(#6324,#6325,#6333,#6341));
#6324 = ORIENTED_EDGE('',*,*,#6302,.T.);
#6325 = ORIENTED_EDGE('',*,*,#6326,.T.);
#6326 = EDGE_CURVE('',#6294,#6327,#6329,.T.);
#6327 = VERTEX_POINT('',#6328);
#6328 = CARTESIAN_POINT('',(3.65,2.775,1.55));
#6329 = LINE('',#6330,#6331);
#6330 = CARTESIAN_POINT('',(3.35,2.775,1.55));
#6331 = VECTOR('',#6332,1.);
#6332 = DIRECTION('',(1.,0.,0.));
#6333 = ORIENTED_EDGE('',*,*,#6334,.F.);
#6334 = EDGE_CURVE('',#6335,#6327,#6337,.T.);
#6335 = VERTEX_POINT('',#6336);
#6336 = CARTESIAN_POINT('',(3.65,2.775,1.51));
#6337 = LINE('',#6338,#6339);
#6338 = CARTESIAN_POINT('',(3.65,2.775,1.51));
#6339 = VECTOR('',#6340,1.);
#6340 = DIRECTION('',(0.,0.,1.));
#6341 = ORIENTED_EDGE('',*,*,#6342,.F.);
#6342 = EDGE_CURVE('',#6303,#6335,#6343,.T.);
#6343 = LINE('',#6344,#6345);
#6344 = CARTESIAN_POINT('',(3.35,2.775,1.51));
#6345 = VECTOR('',#6346,1.);
#6346 = DIRECTION('',(1.,0.,0.));
#6347 = PLANE('',#6348);
#6348 = AXIS2_PLACEMENT_3D('',#6349,#6350,#6351);
#6349 = CARTESIAN_POINT('',(3.35,2.775,1.51));
#6350 = DIRECTION('',(0.,1.,0.));
#6351 = DIRECTION('',(1.,0.,0.));
#6352 = ADVANCED_FACE('',(#6353),#6380,.T.);
#6353 = FACE_BOUND('',#6354,.T.);
#6354 = EDGE_LOOP('',(#6355,#6356,#6365,#6373));
#6355 = ORIENTED_EDGE('',*,*,#6334,.T.);
#6356 = ORIENTED_EDGE('',*,*,#6357,.T.);
#6357 = EDGE_CURVE('',#6327,#6358,#6360,.T.);
#6358 = VERTEX_POINT('',#6359);
#6359 = CARTESIAN_POINT('',(3.8,2.625,1.55));
#6360 = CIRCLE('',#6361,0.150000058649);
#6361 = AXIS2_PLACEMENT_3D('',#6362,#6363,#6364);
#6362 = CARTESIAN_POINT('',(3.649999941351,2.624999941351,1.55));
#6363 = DIRECTION('',(0.,0.,-1.));
#6364 = DIRECTION('',(3.909953556853E-07,1.,0.));
#6365 = ORIENTED_EDGE('',*,*,#6366,.F.);
#6366 = EDGE_CURVE('',#6367,#6358,#6369,.T.);
#6367 = VERTEX_POINT('',#6368);
#6368 = CARTESIAN_POINT('',(3.8,2.625,1.51));
#6369 = LINE('',#6370,#6371);
#6370 = CARTESIAN_POINT('',(3.8,2.625,1.51));
#6371 = VECTOR('',#6372,1.);
#6372 = DIRECTION('',(0.,0.,1.));
#6373 = ORIENTED_EDGE('',*,*,#6374,.F.);
#6374 = EDGE_CURVE('',#6335,#6367,#6375,.T.);
#6375 = CIRCLE('',#6376,0.150000058649);
#6376 = AXIS2_PLACEMENT_3D('',#6377,#6378,#6379);
#6377 = CARTESIAN_POINT('',(3.649999941351,2.624999941351,1.51));
#6378 = DIRECTION('',(0.,0.,-1.));
#6379 = DIRECTION('',(3.909953556853E-07,1.,0.));
#6380 = CYLINDRICAL_SURFACE('',#6381,0.150000058649);
#6381 = AXIS2_PLACEMENT_3D('',#6382,#6383,#6384);
#6382 = CARTESIAN_POINT('',(3.649999941351,2.624999941351,1.51));
#6383 = DIRECTION('',(0.,0.,-1.));
#6384 = DIRECTION('',(3.909953556853E-07,1.,0.));
#6385 = ADVANCED_FACE('',(#6386),#6411,.T.);
#6386 = FACE_BOUND('',#6387,.T.);
#6387 = EDGE_LOOP('',(#6388,#6389,#6397,#6405));
#6388 = ORIENTED_EDGE('',*,*,#6366,.T.);
#6389 = ORIENTED_EDGE('',*,*,#6390,.T.);
#6390 = EDGE_CURVE('',#6358,#6391,#6393,.T.);
#6391 = VERTEX_POINT('',#6392);
#6392 = CARTESIAN_POINT('',(3.8,1.375,1.55));
#6393 = LINE('',#6394,#6395);
#6394 = CARTESIAN_POINT('',(3.8,2.625,1.55));
#6395 = VECTOR('',#6396,1.);
#6396 = DIRECTION('',(0.,-1.,0.));
#6397 = ORIENTED_EDGE('',*,*,#6398,.F.);
#6398 = EDGE_CURVE('',#6399,#6391,#6401,.T.);
#6399 = VERTEX_POINT('',#6400);
#6400 = CARTESIAN_POINT('',(3.8,1.375,1.51));
#6401 = LINE('',#6402,#6403);
#6402 = CARTESIAN_POINT('',(3.8,1.375,1.51));
#6403 = VECTOR('',#6404,1.);
#6404 = DIRECTION('',(0.,0.,1.));
#6405 = ORIENTED_EDGE('',*,*,#6406,.F.);
#6406 = EDGE_CURVE('',#6367,#6399,#6407,.T.);
#6407 = LINE('',#6408,#6409);
#6408 = CARTESIAN_POINT('',(3.8,2.625,1.51));
#6409 = VECTOR('',#6410,1.);
#6410 = DIRECTION('',(0.,-1.,0.));
#6411 = PLANE('',#6412);
#6412 = AXIS2_PLACEMENT_3D('',#6413,#6414,#6415);
#6413 = CARTESIAN_POINT('',(3.8,2.625,1.51));
#6414 = DIRECTION('',(1.,0.,-0.));
#6415 = DIRECTION('',(0.,-1.,0.));
#6416 = ADVANCED_FACE('',(#6417),#6444,.T.);
#6417 = FACE_BOUND('',#6418,.T.);
#6418 = EDGE_LOOP('',(#6419,#6420,#6429,#6437));
#6419 = ORIENTED_EDGE('',*,*,#6398,.T.);
#6420 = ORIENTED_EDGE('',*,*,#6421,.T.);
#6421 = EDGE_CURVE('',#6391,#6422,#6424,.T.);
#6422 = VERTEX_POINT('',#6423);
#6423 = CARTESIAN_POINT('',(3.65,1.225,1.55));
#6424 = CIRCLE('',#6425,0.150000058649);
#6425 = AXIS2_PLACEMENT_3D('',#6426,#6427,#6428);
#6426 = CARTESIAN_POINT('',(3.649999941351,1.375000058649,1.55));
#6427 = DIRECTION('',(0.,0.,-1.));
#6428 = DIRECTION('',(1.,-3.909953556853E-07,0.));
#6429 = ORIENTED_EDGE('',*,*,#6430,.F.);
#6430 = EDGE_CURVE('',#6431,#6422,#6433,.T.);
#6431 = VERTEX_POINT('',#6432);
#6432 = CARTESIAN_POINT('',(3.65,1.225,1.51));
#6433 = LINE('',#6434,#6435);
#6434 = CARTESIAN_POINT('',(3.65,1.225,1.51));
#6435 = VECTOR('',#6436,1.);
#6436 = DIRECTION('',(0.,0.,1.));
#6437 = ORIENTED_EDGE('',*,*,#6438,.F.);
#6438 = EDGE_CURVE('',#6399,#6431,#6439,.T.);
#6439 = CIRCLE('',#6440,0.150000058649);
#6440 = AXIS2_PLACEMENT_3D('',#6441,#6442,#6443);
#6441 = CARTESIAN_POINT('',(3.649999941351,1.375000058649,1.51));
#6442 = DIRECTION('',(0.,0.,-1.));
#6443 = DIRECTION('',(1.,-3.909953556853E-07,0.));
#6444 = CYLINDRICAL_SURFACE('',#6445,0.150000058649);
#6445 = AXIS2_PLACEMENT_3D('',#6446,#6447,#6448);
#6446 = CARTESIAN_POINT('',(3.649999941351,1.375000058649,1.51));
#6447 = DIRECTION('',(0.,0.,-1.));
#6448 = DIRECTION('',(1.,-3.909953556853E-07,0.));
#6449 = ADVANCED_FACE('',(#6450),#6475,.T.);
#6450 = FACE_BOUND('',#6451,.T.);
#6451 = EDGE_LOOP('',(#6452,#6453,#6461,#6469));
#6452 = ORIENTED_EDGE('',*,*,#6430,.T.);
#6453 = ORIENTED_EDGE('',*,*,#6454,.T.);
#6454 = EDGE_CURVE('',#6422,#6455,#6457,.T.);
#6455 = VERTEX_POINT('',#6456);
#6456 = CARTESIAN_POINT('',(3.35,1.225,1.55));
#6457 = LINE('',#6458,#6459);
#6458 = CARTESIAN_POINT('',(3.65,1.225,1.55));
#6459 = VECTOR('',#6460,1.);
#6460 = DIRECTION('',(-1.,0.,0.));
#6461 = ORIENTED_EDGE('',*,*,#6462,.F.);
#6462 = EDGE_CURVE('',#6463,#6455,#6465,.T.);
#6463 = VERTEX_POINT('',#6464);
#6464 = CARTESIAN_POINT('',(3.35,1.225,1.51));
#6465 = LINE('',#6466,#6467);
#6466 = CARTESIAN_POINT('',(3.35,1.225,1.51));
#6467 = VECTOR('',#6468,1.);
#6468 = DIRECTION('',(0.,0.,1.));
#6469 = ORIENTED_EDGE('',*,*,#6470,.F.);
#6470 = EDGE_CURVE('',#6431,#6463,#6471,.T.);
#6471 = LINE('',#6472,#6473);
#6472 = CARTESIAN_POINT('',(3.65,1.225,1.51));
#6473 = VECTOR('',#6474,1.);
#6474 = DIRECTION('',(-1.,0.,0.));
#6475 = PLANE('',#6476);
#6476 = AXIS2_PLACEMENT_3D('',#6477,#6478,#6479);
#6477 = CARTESIAN_POINT('',(3.65,1.225,1.51));
#6478 = DIRECTION('',(0.,-1.,0.));
#6479 = DIRECTION('',(-1.,0.,0.));
#6480 = ADVANCED_FACE('',(#6481),#6508,.T.);
#6481 = FACE_BOUND('',#6482,.T.);
#6482 = EDGE_LOOP('',(#6483,#6484,#6493,#6501));
#6483 = ORIENTED_EDGE('',*,*,#6462,.T.);
#6484 = ORIENTED_EDGE('',*,*,#6485,.T.);
#6485 = EDGE_CURVE('',#6455,#6486,#6488,.T.);
#6486 = VERTEX_POINT('',#6487);
#6487 = CARTESIAN_POINT('',(3.2,1.375,1.55));
#6488 = CIRCLE('',#6489,0.150000058649);
#6489 = AXIS2_PLACEMENT_3D('',#6490,#6491,#6492);
#6490 = CARTESIAN_POINT('',(3.350000058649,1.375000058649,1.55));
#6491 = DIRECTION('',(0.,0.,-1.));
#6492 = DIRECTION('',(-3.909953586459E-07,-1.,-0.));
#6493 = ORIENTED_EDGE('',*,*,#6494,.F.);
#6494 = EDGE_CURVE('',#6495,#6486,#6497,.T.);
#6495 = VERTEX_POINT('',#6496);
#6496 = CARTESIAN_POINT('',(3.2,1.375,1.51));
#6497 = LINE('',#6498,#6499);
#6498 = CARTESIAN_POINT('',(3.2,1.375,1.51));
#6499 = VECTOR('',#6500,1.);
#6500 = DIRECTION('',(0.,0.,1.));
#6501 = ORIENTED_EDGE('',*,*,#6502,.F.);
#6502 = EDGE_CURVE('',#6463,#6495,#6503,.T.);
#6503 = CIRCLE('',#6504,0.150000058649);
#6504 = AXIS2_PLACEMENT_3D('',#6505,#6506,#6507);
#6505 = CARTESIAN_POINT('',(3.350000058649,1.375000058649,1.51));
#6506 = DIRECTION('',(0.,0.,-1.));
#6507 = DIRECTION('',(-3.909953586459E-07,-1.,-0.));
#6508 = CYLINDRICAL_SURFACE('',#6509,0.150000058649);
#6509 = AXIS2_PLACEMENT_3D('',#6510,#6511,#6512);
#6510 = CARTESIAN_POINT('',(3.350000058649,1.375000058649,1.51));
#6511 = DIRECTION('',(0.,0.,-1.));
#6512 = DIRECTION('',(-3.909953586459E-07,-1.,-0.));
#6513 = ADVANCED_FACE('',(#6514),#6530,.T.);
#6514 = FACE_BOUND('',#6515,.T.);
#6515 = EDGE_LOOP('',(#6516,#6517,#6523,#6524));
#6516 = ORIENTED_EDGE('',*,*,#6494,.T.);
#6517 = ORIENTED_EDGE('',*,*,#6518,.T.);
#6518 = EDGE_CURVE('',#6486,#6286,#6519,.T.);
#6519 = LINE('',#6520,#6521);
#6520 = CARTESIAN_POINT('',(3.2,1.375,1.55));
#6521 = VECTOR('',#6522,1.);
#6522 = DIRECTION('',(0.,1.,0.));
#6523 = ORIENTED_EDGE('',*,*,#6283,.F.);
#6524 = ORIENTED_EDGE('',*,*,#6525,.F.);
#6525 = EDGE_CURVE('',#6495,#6284,#6526,.T.);
#6526 = LINE('',#6527,#6528);
#6527 = CARTESIAN_POINT('',(3.2,1.375,1.51));
#6528 = VECTOR('',#6529,1.);
#6529 = DIRECTION('',(0.,1.,0.));
#6530 = PLANE('',#6531);
#6531 = AXIS2_PLACEMENT_3D('',#6532,#6533,#6534);
#6532 = CARTESIAN_POINT('',(3.2,1.375,1.51));
#6533 = DIRECTION('',(-1.,0.,0.));
#6534 = DIRECTION('',(0.,1.,0.));
#6535 = ADVANCED_FACE('',(#6536),#6546,.F.);
#6536 = FACE_BOUND('',#6537,.T.);
#6537 = EDGE_LOOP('',(#6538,#6539,#6540,#6541,#6542,#6543,#6544,#6545));
#6538 = ORIENTED_EDGE('',*,*,#6310,.T.);
#6539 = ORIENTED_EDGE('',*,*,#6342,.T.);
#6540 = ORIENTED_EDGE('',*,*,#6374,.T.);
#6541 = ORIENTED_EDGE('',*,*,#6406,.T.);
#6542 = ORIENTED_EDGE('',*,*,#6438,.T.);
#6543 = ORIENTED_EDGE('',*,*,#6470,.T.);
#6544 = ORIENTED_EDGE('',*,*,#6502,.T.);
#6545 = ORIENTED_EDGE('',*,*,#6525,.T.);
#6546 = PLANE('',#6547);
#6547 = AXIS2_PLACEMENT_3D('',#6548,#6549,#6550);
#6548 = CARTESIAN_POINT('',(0.,0.,1.51));
#6549 = DIRECTION('',(0.,0.,1.));
#6550 = DIRECTION('',(1.,0.,-0.));
#6551 = ADVANCED_FACE('',(#6552),#6562,.T.);
#6552 = FACE_BOUND('',#6553,.F.);
#6553 = EDGE_LOOP('',(#6554,#6555,#6556,#6557,#6558,#6559,#6560,#6561));
#6554 = ORIENTED_EDGE('',*,*,#6293,.T.);
#6555 = ORIENTED_EDGE('',*,*,#6326,.T.);
#6556 = ORIENTED_EDGE('',*,*,#6357,.T.);
#6557 = ORIENTED_EDGE('',*,*,#6390,.T.);
#6558 = ORIENTED_EDGE('',*,*,#6421,.T.);
#6559 = ORIENTED_EDGE('',*,*,#6454,.T.);
#6560 = ORIENTED_EDGE('',*,*,#6485,.T.);
#6561 = ORIENTED_EDGE('',*,*,#6518,.T.);
#6562 = PLANE('',#6563);
#6563 = AXIS2_PLACEMENT_3D('',#6564,#6565,#6566);
#6564 = CARTESIAN_POINT('',(0.,0.,1.55));
#6565 = DIRECTION('',(0.,0.,1.));
#6566 = DIRECTION('',(1.,0.,-0.));
#6567 = MANIFOLD_SOLID_BREP('',#6568);
#6568 = CLOSED_SHELL('',(#6569,#6611,#6642,#6675,#6706,#6739,#6770,#6803
    ,#6825,#6841));
#6569 = ADVANCED_FACE('',(#6570),#6606,.T.);
#6570 = FACE_BOUND('',#6571,.T.);
#6571 = EDGE_LOOP('',(#6572,#6582,#6591,#6599));
#6572 = ORIENTED_EDGE('',*,*,#6573,.T.);
#6573 = EDGE_CURVE('',#6574,#6576,#6578,.T.);
#6574 = VERTEX_POINT('',#6575);
#6575 = CARTESIAN_POINT('',(-5.4,-1.225,1.51));
#6576 = VERTEX_POINT('',#6577);
#6577 = CARTESIAN_POINT('',(-5.4,-1.225,1.55));
#6578 = LINE('',#6579,#6580);
#6579 = CARTESIAN_POINT('',(-5.4,-1.225,1.51));
#6580 = VECTOR('',#6581,1.);
#6581 = DIRECTION('',(0.,0.,1.));
#6582 = ORIENTED_EDGE('',*,*,#6583,.T.);
#6583 = EDGE_CURVE('',#6576,#6584,#6586,.T.);
#6584 = VERTEX_POINT('',#6585);
#6585 = CARTESIAN_POINT('',(-5.15,-0.975,1.55));
#6586 = CIRCLE('',#6587,0.249998959685);
#6587 = AXIS2_PLACEMENT_3D('',#6588,#6589,#6590);
#6588 = CARTESIAN_POINT('',(-5.150001040317,-1.224998959683,1.55));
#6589 = DIRECTION('',(0.,0.,-1.));
#6590 = DIRECTION('',(-0.999999999991,-4.161285830849E-06,-0.));
#6591 = ORIENTED_EDGE('',*,*,#6592,.F.);
#6592 = EDGE_CURVE('',#6593,#6584,#6595,.T.);
#6593 = VERTEX_POINT('',#6594);
#6594 = CARTESIAN_POINT('',(-5.15,-0.975,1.51));
#6595 = LINE('',#6596,#6597);
#6596 = CARTESIAN_POINT('',(-5.15,-0.975,1.51));
#6597 = VECTOR('',#6598,1.);
#6598 = DIRECTION('',(0.,0.,1.));
#6599 = ORIENTED_EDGE('',*,*,#6600,.F.);
#6600 = EDGE_CURVE('',#6574,#6593,#6601,.T.);
#6601 = CIRCLE('',#6602,0.249998959685);
#6602 = AXIS2_PLACEMENT_3D('',#6603,#6604,#6605);
#6603 = CARTESIAN_POINT('',(-5.150001040317,-1.224998959683,1.51));
#6604 = DIRECTION('',(0.,0.,-1.));
#6605 = DIRECTION('',(-0.999999999991,-4.161285830849E-06,-0.));
#6606 = CYLINDRICAL_SURFACE('',#6607,0.249998959685);
#6607 = AXIS2_PLACEMENT_3D('',#6608,#6609,#6610);
#6608 = CARTESIAN_POINT('',(-5.150001040317,-1.224998959683,1.51));
#6609 = DIRECTION('',(0.,0.,-1.));
#6610 = DIRECTION('',(-0.999999999991,-4.161285830849E-06,-0.));
#6611 = ADVANCED_FACE('',(#6612),#6637,.T.);
#6612 = FACE_BOUND('',#6613,.T.);
#6613 = EDGE_LOOP('',(#6614,#6615,#6623,#6631));
#6614 = ORIENTED_EDGE('',*,*,#6592,.T.);
#6615 = ORIENTED_EDGE('',*,*,#6616,.T.);
#6616 = EDGE_CURVE('',#6584,#6617,#6619,.T.);
#6617 = VERTEX_POINT('',#6618);
#6618 = CARTESIAN_POINT('',(-4.45,-0.975,1.55));
#6619 = LINE('',#6620,#6621);
#6620 = CARTESIAN_POINT('',(-5.15,-0.975,1.55));
#6621 = VECTOR('',#6622,1.);
#6622 = DIRECTION('',(1.,0.,0.));
#6623 = ORIENTED_EDGE('',*,*,#6624,.F.);
#6624 = EDGE_CURVE('',#6625,#6617,#6627,.T.);
#6625 = VERTEX_POINT('',#6626);
#6626 = CARTESIAN_POINT('',(-4.45,-0.975,1.51));
#6627 = LINE('',#6628,#6629);
#6628 = CARTESIAN_POINT('',(-4.45,-0.975,1.51));
#6629 = VECTOR('',#6630,1.);
#6630 = DIRECTION('',(0.,0.,1.));
#6631 = ORIENTED_EDGE('',*,*,#6632,.F.);
#6632 = EDGE_CURVE('',#6593,#6625,#6633,.T.);
#6633 = LINE('',#6634,#6635);
#6634 = CARTESIAN_POINT('',(-5.15,-0.975,1.51));
#6635 = VECTOR('',#6636,1.);
#6636 = DIRECTION('',(1.,0.,0.));
#6637 = PLANE('',#6638);
#6638 = AXIS2_PLACEMENT_3D('',#6639,#6640,#6641);
#6639 = CARTESIAN_POINT('',(-5.15,-0.975,1.51));
#6640 = DIRECTION('',(0.,1.,0.));
#6641 = DIRECTION('',(1.,0.,0.));
#6642 = ADVANCED_FACE('',(#6643),#6670,.T.);
#6643 = FACE_BOUND('',#6644,.T.);
#6644 = EDGE_LOOP('',(#6645,#6646,#6655,#6663));
#6645 = ORIENTED_EDGE('',*,*,#6624,.T.);
#6646 = ORIENTED_EDGE('',*,*,#6647,.T.);
#6647 = EDGE_CURVE('',#6617,#6648,#6650,.T.);
#6648 = VERTEX_POINT('',#6649);
#6649 = CARTESIAN_POINT('',(-4.2,-1.225,1.55));
#6650 = CIRCLE('',#6651,0.249998959685);
#6651 = AXIS2_PLACEMENT_3D('',#6652,#6653,#6654);
#6652 = CARTESIAN_POINT('',(-4.449998959683,-1.224998959683,1.55));
#6653 = DIRECTION('',(0.,0.,-1.));
#6654 = DIRECTION('',(-4.161285833514E-06,0.999999999991,0.));
#6655 = ORIENTED_EDGE('',*,*,#6656,.F.);
#6656 = EDGE_CURVE('',#6657,#6648,#6659,.T.);
#6657 = VERTEX_POINT('',#6658);
#6658 = CARTESIAN_POINT('',(-4.2,-1.225,1.51));
#6659 = LINE('',#6660,#6661);
#6660 = CARTESIAN_POINT('',(-4.2,-1.225,1.51));
#6661 = VECTOR('',#6662,1.);
#6662 = DIRECTION('',(0.,0.,1.));
#6663 = ORIENTED_EDGE('',*,*,#6664,.F.);
#6664 = EDGE_CURVE('',#6625,#6657,#6665,.T.);
#6665 = CIRCLE('',#6666,0.249998959685);
#6666 = AXIS2_PLACEMENT_3D('',#6667,#6668,#6669);
#6667 = CARTESIAN_POINT('',(-4.449998959683,-1.224998959683,1.51));
#6668 = DIRECTION('',(0.,0.,-1.));
#6669 = DIRECTION('',(-4.161285833514E-06,0.999999999991,0.));
#6670 = CYLINDRICAL_SURFACE('',#6671,0.249998959685);
#6671 = AXIS2_PLACEMENT_3D('',#6672,#6673,#6674);
#6672 = CARTESIAN_POINT('',(-4.449998959683,-1.224998959683,1.51));
#6673 = DIRECTION('',(0.,0.,-1.));
#6674 = DIRECTION('',(-4.161285833514E-06,0.999999999991,0.));
#6675 = ADVANCED_FACE('',(#6676),#6701,.T.);
#6676 = FACE_BOUND('',#6677,.T.);
#6677 = EDGE_LOOP('',(#6678,#6679,#6687,#6695));
#6678 = ORIENTED_EDGE('',*,*,#6656,.T.);
#6679 = ORIENTED_EDGE('',*,*,#6680,.T.);
#6680 = EDGE_CURVE('',#6648,#6681,#6683,.T.);
#6681 = VERTEX_POINT('',#6682);
#6682 = CARTESIAN_POINT('',(-4.2,-2.525,1.55));
#6683 = LINE('',#6684,#6685);
#6684 = CARTESIAN_POINT('',(-4.2,-1.225,1.55));
#6685 = VECTOR('',#6686,1.);
#6686 = DIRECTION('',(0.,-1.,0.));
#6687 = ORIENTED_EDGE('',*,*,#6688,.F.);
#6688 = EDGE_CURVE('',#6689,#6681,#6691,.T.);
#6689 = VERTEX_POINT('',#6690);
#6690 = CARTESIAN_POINT('',(-4.2,-2.525,1.51));
#6691 = LINE('',#6692,#6693);
#6692 = CARTESIAN_POINT('',(-4.2,-2.525,1.51));
#6693 = VECTOR('',#6694,1.);
#6694 = DIRECTION('',(0.,0.,1.));
#6695 = ORIENTED_EDGE('',*,*,#6696,.F.);
#6696 = EDGE_CURVE('',#6657,#6689,#6697,.T.);
#6697 = LINE('',#6698,#6699);
#6698 = CARTESIAN_POINT('',(-4.2,-1.225,1.51));
#6699 = VECTOR('',#6700,1.);
#6700 = DIRECTION('',(0.,-1.,0.));
#6701 = PLANE('',#6702);
#6702 = AXIS2_PLACEMENT_3D('',#6703,#6704,#6705);
#6703 = CARTESIAN_POINT('',(-4.2,-1.225,1.51));
#6704 = DIRECTION('',(1.,0.,-0.));
#6705 = DIRECTION('',(0.,-1.,0.));
#6706 = ADVANCED_FACE('',(#6707),#6734,.T.);
#6707 = FACE_BOUND('',#6708,.T.);
#6708 = EDGE_LOOP('',(#6709,#6710,#6719,#6727));
#6709 = ORIENTED_EDGE('',*,*,#6688,.T.);
#6710 = ORIENTED_EDGE('',*,*,#6711,.T.);
#6711 = EDGE_CURVE('',#6681,#6712,#6714,.T.);
#6712 = VERTEX_POINT('',#6713);
#6713 = CARTESIAN_POINT('',(-4.45,-2.775,1.55));
#6714 = CIRCLE('',#6715,0.249998959685);
#6715 = AXIS2_PLACEMENT_3D('',#6716,#6717,#6718);
#6716 = CARTESIAN_POINT('',(-4.449998959683,-2.525001040317,1.55));
#6717 = DIRECTION('',(0.,0.,-1.));
#6718 = DIRECTION('',(0.999999999991,4.161285837066E-06,0.));
#6719 = ORIENTED_EDGE('',*,*,#6720,.F.);
#6720 = EDGE_CURVE('',#6721,#6712,#6723,.T.);
#6721 = VERTEX_POINT('',#6722);
#6722 = CARTESIAN_POINT('',(-4.45,-2.775,1.51));
#6723 = LINE('',#6724,#6725);
#6724 = CARTESIAN_POINT('',(-4.45,-2.775,1.51));
#6725 = VECTOR('',#6726,1.);
#6726 = DIRECTION('',(0.,0.,1.));
#6727 = ORIENTED_EDGE('',*,*,#6728,.F.);
#6728 = EDGE_CURVE('',#6689,#6721,#6729,.T.);
#6729 = CIRCLE('',#6730,0.249998959685);
#6730 = AXIS2_PLACEMENT_3D('',#6731,#6732,#6733);
#6731 = CARTESIAN_POINT('',(-4.449998959683,-2.525001040317,1.51));
#6732 = DIRECTION('',(0.,0.,-1.));
#6733 = DIRECTION('',(0.999999999991,4.161285837066E-06,0.));
#6734 = CYLINDRICAL_SURFACE('',#6735,0.249998959685);
#6735 = AXIS2_PLACEMENT_3D('',#6736,#6737,#6738);
#6736 = CARTESIAN_POINT('',(-4.449998959683,-2.525001040317,1.51));
#6737 = DIRECTION('',(0.,0.,-1.));
#6738 = DIRECTION('',(0.999999999991,4.161285837066E-06,0.));
#6739 = ADVANCED_FACE('',(#6740),#6765,.T.);
#6740 = FACE_BOUND('',#6741,.T.);
#6741 = EDGE_LOOP('',(#6742,#6743,#6751,#6759));
#6742 = ORIENTED_EDGE('',*,*,#6720,.T.);
#6743 = ORIENTED_EDGE('',*,*,#6744,.T.);
#6744 = EDGE_CURVE('',#6712,#6745,#6747,.T.);
#6745 = VERTEX_POINT('',#6746);
#6746 = CARTESIAN_POINT('',(-5.15,-2.775,1.55));
#6747 = LINE('',#6748,#6749);
#6748 = CARTESIAN_POINT('',(-4.45,-2.775,1.55));
#6749 = VECTOR('',#6750,1.);
#6750 = DIRECTION('',(-1.,0.,0.));
#6751 = ORIENTED_EDGE('',*,*,#6752,.F.);
#6752 = EDGE_CURVE('',#6753,#6745,#6755,.T.);
#6753 = VERTEX_POINT('',#6754);
#6754 = CARTESIAN_POINT('',(-5.15,-2.775,1.51));
#6755 = LINE('',#6756,#6757);
#6756 = CARTESIAN_POINT('',(-5.15,-2.775,1.51));
#6757 = VECTOR('',#6758,1.);
#6758 = DIRECTION('',(0.,0.,1.));
#6759 = ORIENTED_EDGE('',*,*,#6760,.F.);
#6760 = EDGE_CURVE('',#6721,#6753,#6761,.T.);
#6761 = LINE('',#6762,#6763);
#6762 = CARTESIAN_POINT('',(-4.45,-2.775,1.51));
#6763 = VECTOR('',#6764,1.);
#6764 = DIRECTION('',(-1.,0.,0.));
#6765 = PLANE('',#6766);
#6766 = AXIS2_PLACEMENT_3D('',#6767,#6768,#6769);
#6767 = CARTESIAN_POINT('',(-4.45,-2.775,1.51));
#6768 = DIRECTION('',(0.,-1.,0.));
#6769 = DIRECTION('',(-1.,0.,0.));
#6770 = ADVANCED_FACE('',(#6771),#6798,.T.);
#6771 = FACE_BOUND('',#6772,.T.);
#6772 = EDGE_LOOP('',(#6773,#6774,#6783,#6791));
#6773 = ORIENTED_EDGE('',*,*,#6752,.T.);
#6774 = ORIENTED_EDGE('',*,*,#6775,.T.);
#6775 = EDGE_CURVE('',#6745,#6776,#6778,.T.);
#6776 = VERTEX_POINT('',#6777);
#6777 = CARTESIAN_POINT('',(-5.4,-2.525,1.55));
#6778 = CIRCLE('',#6779,0.249998959685);
#6779 = AXIS2_PLACEMENT_3D('',#6780,#6781,#6782);
#6780 = CARTESIAN_POINT('',(-5.150001040317,-2.525001040317,1.55));
#6781 = DIRECTION('',(0.,0.,-1.));
#6782 = DIRECTION('',(4.161285829961E-06,-0.999999999991,0.));
#6783 = ORIENTED_EDGE('',*,*,#6784,.F.);
#6784 = EDGE_CURVE('',#6785,#6776,#6787,.T.);
#6785 = VERTEX_POINT('',#6786);
#6786 = CARTESIAN_POINT('',(-5.4,-2.525,1.51));
#6787 = LINE('',#6788,#6789);
#6788 = CARTESIAN_POINT('',(-5.4,-2.525,1.51));
#6789 = VECTOR('',#6790,1.);
#6790 = DIRECTION('',(0.,0.,1.));
#6791 = ORIENTED_EDGE('',*,*,#6792,.F.);
#6792 = EDGE_CURVE('',#6753,#6785,#6793,.T.);
#6793 = CIRCLE('',#6794,0.249998959685);
#6794 = AXIS2_PLACEMENT_3D('',#6795,#6796,#6797);
#6795 = CARTESIAN_POINT('',(-5.150001040317,-2.525001040317,1.51));
#6796 = DIRECTION('',(0.,0.,-1.));
#6797 = DIRECTION('',(4.161285829961E-06,-0.999999999991,0.));
#6798 = CYLINDRICAL_SURFACE('',#6799,0.249998959685);
#6799 = AXIS2_PLACEMENT_3D('',#6800,#6801,#6802);
#6800 = CARTESIAN_POINT('',(-5.150001040317,-2.525001040317,1.51));
#6801 = DIRECTION('',(0.,0.,-1.));
#6802 = DIRECTION('',(4.161285829961E-06,-0.999999999991,0.));
#6803 = ADVANCED_FACE('',(#6804),#6820,.T.);
#6804 = FACE_BOUND('',#6805,.T.);
#6805 = EDGE_LOOP('',(#6806,#6807,#6813,#6814));
#6806 = ORIENTED_EDGE('',*,*,#6784,.T.);
#6807 = ORIENTED_EDGE('',*,*,#6808,.T.);
#6808 = EDGE_CURVE('',#6776,#6576,#6809,.T.);
#6809 = LINE('',#6810,#6811);
#6810 = CARTESIAN_POINT('',(-5.4,-2.525,1.55));
#6811 = VECTOR('',#6812,1.);
#6812 = DIRECTION('',(0.,1.,0.));
#6813 = ORIENTED_EDGE('',*,*,#6573,.F.);
#6814 = ORIENTED_EDGE('',*,*,#6815,.F.);
#6815 = EDGE_CURVE('',#6785,#6574,#6816,.T.);
#6816 = LINE('',#6817,#6818);
#6817 = CARTESIAN_POINT('',(-5.4,-2.525,1.51));
#6818 = VECTOR('',#6819,1.);
#6819 = DIRECTION('',(0.,1.,0.));
#6820 = PLANE('',#6821);
#6821 = AXIS2_PLACEMENT_3D('',#6822,#6823,#6824);
#6822 = CARTESIAN_POINT('',(-5.4,-2.525,1.51));
#6823 = DIRECTION('',(-1.,0.,0.));
#6824 = DIRECTION('',(0.,1.,0.));
#6825 = ADVANCED_FACE('',(#6826),#6836,.F.);
#6826 = FACE_BOUND('',#6827,.T.);
#6827 = EDGE_LOOP('',(#6828,#6829,#6830,#6831,#6832,#6833,#6834,#6835));
#6828 = ORIENTED_EDGE('',*,*,#6600,.T.);
#6829 = ORIENTED_EDGE('',*,*,#6632,.T.);
#6830 = ORIENTED_EDGE('',*,*,#6664,.T.);
#6831 = ORIENTED_EDGE('',*,*,#6696,.T.);
#6832 = ORIENTED_EDGE('',*,*,#6728,.T.);
#6833 = ORIENTED_EDGE('',*,*,#6760,.T.);
#6834 = ORIENTED_EDGE('',*,*,#6792,.T.);
#6835 = ORIENTED_EDGE('',*,*,#6815,.T.);
#6836 = PLANE('',#6837);
#6837 = AXIS2_PLACEMENT_3D('',#6838,#6839,#6840);
#6838 = CARTESIAN_POINT('',(0.,0.,1.51));
#6839 = DIRECTION('',(0.,0.,1.));
#6840 = DIRECTION('',(1.,0.,-0.));
#6841 = ADVANCED_FACE('',(#6842),#6852,.T.);
#6842 = FACE_BOUND('',#6843,.F.);
#6843 = EDGE_LOOP('',(#6844,#6845,#6846,#6847,#6848,#6849,#6850,#6851));
#6844 = ORIENTED_EDGE('',*,*,#6583,.T.);
#6845 = ORIENTED_EDGE('',*,*,#6616,.T.);
#6846 = ORIENTED_EDGE('',*,*,#6647,.T.);
#6847 = ORIENTED_EDGE('',*,*,#6680,.T.);
#6848 = ORIENTED_EDGE('',*,*,#6711,.T.);
#6849 = ORIENTED_EDGE('',*,*,#6744,.T.);
#6850 = ORIENTED_EDGE('',*,*,#6775,.T.);
#6851 = ORIENTED_EDGE('',*,*,#6808,.T.);
#6852 = PLANE('',#6853);
#6853 = AXIS2_PLACEMENT_3D('',#6854,#6855,#6856);
#6854 = CARTESIAN_POINT('',(0.,0.,1.55));
#6855 = DIRECTION('',(0.,0.,1.));
#6856 = DIRECTION('',(1.,0.,-0.));
#6857 = MANIFOLD_SOLID_BREP('',#6858);
#6858 = CLOSED_SHELL('',(#6859,#6901,#6932,#6965,#6996,#7029,#7060,#7093
    ,#7115,#7131));
#6859 = ADVANCED_FACE('',(#6860),#6896,.T.);
#6860 = FACE_BOUND('',#6861,.T.);
#6861 = EDGE_LOOP('',(#6862,#6872,#6881,#6889));
#6862 = ORIENTED_EDGE('',*,*,#6863,.T.);
#6863 = EDGE_CURVE('',#6864,#6866,#6868,.T.);
#6864 = VERTEX_POINT('',#6865);
#6865 = CARTESIAN_POINT('',(4.2,-1.225,1.51));
#6866 = VERTEX_POINT('',#6867);
#6867 = CARTESIAN_POINT('',(4.2,-1.225,1.55));
#6868 = LINE('',#6869,#6870);
#6869 = CARTESIAN_POINT('',(4.2,-1.225,1.51));
#6870 = VECTOR('',#6871,1.);
#6871 = DIRECTION('',(0.,0.,1.));
#6872 = ORIENTED_EDGE('',*,*,#6873,.T.);
#6873 = EDGE_CURVE('',#6866,#6874,#6876,.T.);
#6874 = VERTEX_POINT('',#6875);
#6875 = CARTESIAN_POINT('',(4.45,-0.975,1.55));
#6876 = CIRCLE('',#6877,0.249998959685);
#6877 = AXIS2_PLACEMENT_3D('',#6878,#6879,#6880);
#6878 = CARTESIAN_POINT('',(4.449998959683,-1.224998959683,1.55));
#6879 = DIRECTION('',(0.,0.,-1.));
#6880 = DIRECTION('',(-0.999999999991,-4.161285837066E-06,-0.));
#6881 = ORIENTED_EDGE('',*,*,#6882,.F.);
#6882 = EDGE_CURVE('',#6883,#6874,#6885,.T.);
#6883 = VERTEX_POINT('',#6884);
#6884 = CARTESIAN_POINT('',(4.45,-0.975,1.51));
#6885 = LINE('',#6886,#6887);
#6886 = CARTESIAN_POINT('',(4.45,-0.975,1.51));
#6887 = VECTOR('',#6888,1.);
#6888 = DIRECTION('',(0.,0.,1.));
#6889 = ORIENTED_EDGE('',*,*,#6890,.F.);
#6890 = EDGE_CURVE('',#6864,#6883,#6891,.T.);
#6891 = CIRCLE('',#6892,0.249998959685);
#6892 = AXIS2_PLACEMENT_3D('',#6893,#6894,#6895);
#6893 = CARTESIAN_POINT('',(4.449998959683,-1.224998959683,1.51));
#6894 = DIRECTION('',(0.,0.,-1.));
#6895 = DIRECTION('',(-0.999999999991,-4.161285837066E-06,-0.));
#6896 = CYLINDRICAL_SURFACE('',#6897,0.249998959685);
#6897 = AXIS2_PLACEMENT_3D('',#6898,#6899,#6900);
#6898 = CARTESIAN_POINT('',(4.449998959683,-1.224998959683,1.51));
#6899 = DIRECTION('',(0.,0.,-1.));
#6900 = DIRECTION('',(-0.999999999991,-4.161285837066E-06,-0.));
#6901 = ADVANCED_FACE('',(#6902),#6927,.T.);
#6902 = FACE_BOUND('',#6903,.T.);
#6903 = EDGE_LOOP('',(#6904,#6905,#6913,#6921));
#6904 = ORIENTED_EDGE('',*,*,#6882,.T.);
#6905 = ORIENTED_EDGE('',*,*,#6906,.T.);
#6906 = EDGE_CURVE('',#6874,#6907,#6909,.T.);
#6907 = VERTEX_POINT('',#6908);
#6908 = CARTESIAN_POINT('',(5.15,-0.975,1.55));
#6909 = LINE('',#6910,#6911);
#6910 = CARTESIAN_POINT('',(4.45,-0.975,1.55));
#6911 = VECTOR('',#6912,1.);
#6912 = DIRECTION('',(1.,0.,0.));
#6913 = ORIENTED_EDGE('',*,*,#6914,.F.);
#6914 = EDGE_CURVE('',#6915,#6907,#6917,.T.);
#6915 = VERTEX_POINT('',#6916);
#6916 = CARTESIAN_POINT('',(5.15,-0.975,1.51));
#6917 = LINE('',#6918,#6919);
#6918 = CARTESIAN_POINT('',(5.15,-0.975,1.51));
#6919 = VECTOR('',#6920,1.);
#6920 = DIRECTION('',(0.,0.,1.));
#6921 = ORIENTED_EDGE('',*,*,#6922,.F.);
#6922 = EDGE_CURVE('',#6883,#6915,#6923,.T.);
#6923 = LINE('',#6924,#6925);
#6924 = CARTESIAN_POINT('',(4.45,-0.975,1.51));
#6925 = VECTOR('',#6926,1.);
#6926 = DIRECTION('',(1.,0.,0.));
#6927 = PLANE('',#6928);
#6928 = AXIS2_PLACEMENT_3D('',#6929,#6930,#6931);
#6929 = CARTESIAN_POINT('',(4.45,-0.975,1.51));
#6930 = DIRECTION('',(0.,1.,0.));
#6931 = DIRECTION('',(1.,0.,0.));
#6932 = ADVANCED_FACE('',(#6933),#6960,.T.);
#6933 = FACE_BOUND('',#6934,.T.);
#6934 = EDGE_LOOP('',(#6935,#6936,#6945,#6953));
#6935 = ORIENTED_EDGE('',*,*,#6914,.T.);
#6936 = ORIENTED_EDGE('',*,*,#6937,.T.);
#6937 = EDGE_CURVE('',#6907,#6938,#6940,.T.);
#6938 = VERTEX_POINT('',#6939);
#6939 = CARTESIAN_POINT('',(5.4,-1.225,1.55));
#6940 = CIRCLE('',#6941,0.249998959685);
#6941 = AXIS2_PLACEMENT_3D('',#6942,#6943,#6944);
#6942 = CARTESIAN_POINT('',(5.150001040317,-1.224998959683,1.55));
#6943 = DIRECTION('',(0.,0.,-1.));
#6944 = DIRECTION('',(-4.161285829961E-06,0.999999999991,0.));
#6945 = ORIENTED_EDGE('',*,*,#6946,.F.);
#6946 = EDGE_CURVE('',#6947,#6938,#6949,.T.);
#6947 = VERTEX_POINT('',#6948);
#6948 = CARTESIAN_POINT('',(5.4,-1.225,1.51));
#6949 = LINE('',#6950,#6951);
#6950 = CARTESIAN_POINT('',(5.4,-1.225,1.51));
#6951 = VECTOR('',#6952,1.);
#6952 = DIRECTION('',(0.,0.,1.));
#6953 = ORIENTED_EDGE('',*,*,#6954,.F.);
#6954 = EDGE_CURVE('',#6915,#6947,#6955,.T.);
#6955 = CIRCLE('',#6956,0.249998959685);
#6956 = AXIS2_PLACEMENT_3D('',#6957,#6958,#6959);
#6957 = CARTESIAN_POINT('',(5.150001040317,-1.224998959683,1.51));
#6958 = DIRECTION('',(0.,0.,-1.));
#6959 = DIRECTION('',(-4.161285829961E-06,0.999999999991,0.));
#6960 = CYLINDRICAL_SURFACE('',#6961,0.249998959685);
#6961 = AXIS2_PLACEMENT_3D('',#6962,#6963,#6964);
#6962 = CARTESIAN_POINT('',(5.150001040317,-1.224998959683,1.51));
#6963 = DIRECTION('',(0.,0.,-1.));
#6964 = DIRECTION('',(-4.161285829961E-06,0.999999999991,0.));
#6965 = ADVANCED_FACE('',(#6966),#6991,.T.);
#6966 = FACE_BOUND('',#6967,.T.);
#6967 = EDGE_LOOP('',(#6968,#6969,#6977,#6985));
#6968 = ORIENTED_EDGE('',*,*,#6946,.T.);
#6969 = ORIENTED_EDGE('',*,*,#6970,.T.);
#6970 = EDGE_CURVE('',#6938,#6971,#6973,.T.);
#6971 = VERTEX_POINT('',#6972);
#6972 = CARTESIAN_POINT('',(5.4,-2.525,1.55));
#6973 = LINE('',#6974,#6975);
#6974 = CARTESIAN_POINT('',(5.4,-1.225,1.55));
#6975 = VECTOR('',#6976,1.);
#6976 = DIRECTION('',(0.,-1.,0.));
#6977 = ORIENTED_EDGE('',*,*,#6978,.F.);
#6978 = EDGE_CURVE('',#6979,#6971,#6981,.T.);
#6979 = VERTEX_POINT('',#6980);
#6980 = CARTESIAN_POINT('',(5.4,-2.525,1.51));
#6981 = LINE('',#6982,#6983);
#6982 = CARTESIAN_POINT('',(5.4,-2.525,1.51));
#6983 = VECTOR('',#6984,1.);
#6984 = DIRECTION('',(0.,0.,1.));
#6985 = ORIENTED_EDGE('',*,*,#6986,.F.);
#6986 = EDGE_CURVE('',#6947,#6979,#6987,.T.);
#6987 = LINE('',#6988,#6989);
#6988 = CARTESIAN_POINT('',(5.4,-1.225,1.51));
#6989 = VECTOR('',#6990,1.);
#6990 = DIRECTION('',(0.,-1.,0.));
#6991 = PLANE('',#6992);
#6992 = AXIS2_PLACEMENT_3D('',#6993,#6994,#6995);
#6993 = CARTESIAN_POINT('',(5.4,-1.225,1.51));
#6994 = DIRECTION('',(1.,0.,-0.));
#6995 = DIRECTION('',(0.,-1.,0.));
#6996 = ADVANCED_FACE('',(#6997),#7024,.T.);
#6997 = FACE_BOUND('',#6998,.T.);
#6998 = EDGE_LOOP('',(#6999,#7000,#7009,#7017));
#6999 = ORIENTED_EDGE('',*,*,#6978,.T.);
#7000 = ORIENTED_EDGE('',*,*,#7001,.T.);
#7001 = EDGE_CURVE('',#6971,#7002,#7004,.T.);
#7002 = VERTEX_POINT('',#7003);
#7003 = CARTESIAN_POINT('',(5.15,-2.775,1.55));
#7004 = CIRCLE('',#7005,0.249998959685);
#7005 = AXIS2_PLACEMENT_3D('',#7006,#7007,#7008);
#7006 = CARTESIAN_POINT('',(5.150001040317,-2.525001040317,1.55));
#7007 = DIRECTION('',(0.,0.,-1.));
#7008 = DIRECTION('',(0.999999999991,4.161285829961E-06,0.));
#7009 = ORIENTED_EDGE('',*,*,#7010,.F.);
#7010 = EDGE_CURVE('',#7011,#7002,#7013,.T.);
#7011 = VERTEX_POINT('',#7012);
#7012 = CARTESIAN_POINT('',(5.15,-2.775,1.51));
#7013 = LINE('',#7014,#7015);
#7014 = CARTESIAN_POINT('',(5.15,-2.775,1.51));
#7015 = VECTOR('',#7016,1.);
#7016 = DIRECTION('',(0.,0.,1.));
#7017 = ORIENTED_EDGE('',*,*,#7018,.F.);
#7018 = EDGE_CURVE('',#6979,#7011,#7019,.T.);
#7019 = CIRCLE('',#7020,0.249998959685);
#7020 = AXIS2_PLACEMENT_3D('',#7021,#7022,#7023);
#7021 = CARTESIAN_POINT('',(5.150001040317,-2.525001040317,1.51));
#7022 = DIRECTION('',(0.,0.,-1.));
#7023 = DIRECTION('',(0.999999999991,4.161285829961E-06,0.));
#7024 = CYLINDRICAL_SURFACE('',#7025,0.249998959685);
#7025 = AXIS2_PLACEMENT_3D('',#7026,#7027,#7028);
#7026 = CARTESIAN_POINT('',(5.150001040317,-2.525001040317,1.51));
#7027 = DIRECTION('',(0.,0.,-1.));
#7028 = DIRECTION('',(0.999999999991,4.161285829961E-06,0.));
#7029 = ADVANCED_FACE('',(#7030),#7055,.T.);
#7030 = FACE_BOUND('',#7031,.T.);
#7031 = EDGE_LOOP('',(#7032,#7033,#7041,#7049));
#7032 = ORIENTED_EDGE('',*,*,#7010,.T.);
#7033 = ORIENTED_EDGE('',*,*,#7034,.T.);
#7034 = EDGE_CURVE('',#7002,#7035,#7037,.T.);
#7035 = VERTEX_POINT('',#7036);
#7036 = CARTESIAN_POINT('',(4.45,-2.775,1.55));
#7037 = LINE('',#7038,#7039);
#7038 = CARTESIAN_POINT('',(5.15,-2.775,1.55));
#7039 = VECTOR('',#7040,1.);
#7040 = DIRECTION('',(-1.,0.,0.));
#7041 = ORIENTED_EDGE('',*,*,#7042,.F.);
#7042 = EDGE_CURVE('',#7043,#7035,#7045,.T.);
#7043 = VERTEX_POINT('',#7044);
#7044 = CARTESIAN_POINT('',(4.45,-2.775,1.51));
#7045 = LINE('',#7046,#7047);
#7046 = CARTESIAN_POINT('',(4.45,-2.775,1.51));
#7047 = VECTOR('',#7048,1.);
#7048 = DIRECTION('',(0.,0.,1.));
#7049 = ORIENTED_EDGE('',*,*,#7050,.F.);
#7050 = EDGE_CURVE('',#7011,#7043,#7051,.T.);
#7051 = LINE('',#7052,#7053);
#7052 = CARTESIAN_POINT('',(5.15,-2.775,1.51));
#7053 = VECTOR('',#7054,1.);
#7054 = DIRECTION('',(-1.,0.,0.));
#7055 = PLANE('',#7056);
#7056 = AXIS2_PLACEMENT_3D('',#7057,#7058,#7059);
#7057 = CARTESIAN_POINT('',(5.15,-2.775,1.51));
#7058 = DIRECTION('',(0.,-1.,0.));
#7059 = DIRECTION('',(-1.,0.,0.));
#7060 = ADVANCED_FACE('',(#7061),#7088,.T.);
#7061 = FACE_BOUND('',#7062,.T.);
#7062 = EDGE_LOOP('',(#7063,#7064,#7073,#7081));
#7063 = ORIENTED_EDGE('',*,*,#7042,.T.);
#7064 = ORIENTED_EDGE('',*,*,#7065,.T.);
#7065 = EDGE_CURVE('',#7035,#7066,#7068,.T.);
#7066 = VERTEX_POINT('',#7067);
#7067 = CARTESIAN_POINT('',(4.2,-2.525,1.55));
#7068 = CIRCLE('',#7069,0.249998959685);
#7069 = AXIS2_PLACEMENT_3D('',#7070,#7071,#7072);
#7070 = CARTESIAN_POINT('',(4.449998959683,-2.525001040317,1.55));
#7071 = DIRECTION('',(0.,0.,-1.));
#7072 = DIRECTION('',(4.161285833514E-06,-0.999999999991,0.));
#7073 = ORIENTED_EDGE('',*,*,#7074,.F.);
#7074 = EDGE_CURVE('',#7075,#7066,#7077,.T.);
#7075 = VERTEX_POINT('',#7076);
#7076 = CARTESIAN_POINT('',(4.2,-2.525,1.51));
#7077 = LINE('',#7078,#7079);
#7078 = CARTESIAN_POINT('',(4.2,-2.525,1.51));
#7079 = VECTOR('',#7080,1.);
#7080 = DIRECTION('',(0.,0.,1.));
#7081 = ORIENTED_EDGE('',*,*,#7082,.F.);
#7082 = EDGE_CURVE('',#7043,#7075,#7083,.T.);
#7083 = CIRCLE('',#7084,0.249998959685);
#7084 = AXIS2_PLACEMENT_3D('',#7085,#7086,#7087);
#7085 = CARTESIAN_POINT('',(4.449998959683,-2.525001040317,1.51));
#7086 = DIRECTION('',(0.,0.,-1.));
#7087 = DIRECTION('',(4.161285833514E-06,-0.999999999991,0.));
#7088 = CYLINDRICAL_SURFACE('',#7089,0.249998959685);
#7089 = AXIS2_PLACEMENT_3D('',#7090,#7091,#7092);
#7090 = CARTESIAN_POINT('',(4.449998959683,-2.525001040317,1.51));
#7091 = DIRECTION('',(0.,0.,-1.));
#7092 = DIRECTION('',(4.161285833514E-06,-0.999999999991,0.));
#7093 = ADVANCED_FACE('',(#7094),#7110,.T.);
#7094 = FACE_BOUND('',#7095,.T.);
#7095 = EDGE_LOOP('',(#7096,#7097,#7103,#7104));
#7096 = ORIENTED_EDGE('',*,*,#7074,.T.);
#7097 = ORIENTED_EDGE('',*,*,#7098,.T.);
#7098 = EDGE_CURVE('',#7066,#6866,#7099,.T.);
#7099 = LINE('',#7100,#7101);
#7100 = CARTESIAN_POINT('',(4.2,-2.525,1.55));
#7101 = VECTOR('',#7102,1.);
#7102 = DIRECTION('',(0.,1.,0.));
#7103 = ORIENTED_EDGE('',*,*,#6863,.F.);
#7104 = ORIENTED_EDGE('',*,*,#7105,.F.);
#7105 = EDGE_CURVE('',#7075,#6864,#7106,.T.);
#7106 = LINE('',#7107,#7108);
#7107 = CARTESIAN_POINT('',(4.2,-2.525,1.51));
#7108 = VECTOR('',#7109,1.);
#7109 = DIRECTION('',(0.,1.,0.));
#7110 = PLANE('',#7111);
#7111 = AXIS2_PLACEMENT_3D('',#7112,#7113,#7114);
#7112 = CARTESIAN_POINT('',(4.2,-2.525,1.51));
#7113 = DIRECTION('',(-1.,0.,0.));
#7114 = DIRECTION('',(0.,1.,0.));
#7115 = ADVANCED_FACE('',(#7116),#7126,.F.);
#7116 = FACE_BOUND('',#7117,.T.);
#7117 = EDGE_LOOP('',(#7118,#7119,#7120,#7121,#7122,#7123,#7124,#7125));
#7118 = ORIENTED_EDGE('',*,*,#6890,.T.);
#7119 = ORIENTED_EDGE('',*,*,#6922,.T.);
#7120 = ORIENTED_EDGE('',*,*,#6954,.T.);
#7121 = ORIENTED_EDGE('',*,*,#6986,.T.);
#7122 = ORIENTED_EDGE('',*,*,#7018,.T.);
#7123 = ORIENTED_EDGE('',*,*,#7050,.T.);
#7124 = ORIENTED_EDGE('',*,*,#7082,.T.);
#7125 = ORIENTED_EDGE('',*,*,#7105,.T.);
#7126 = PLANE('',#7127);
#7127 = AXIS2_PLACEMENT_3D('',#7128,#7129,#7130);
#7128 = CARTESIAN_POINT('',(0.,0.,1.51));
#7129 = DIRECTION('',(0.,0.,1.));
#7130 = DIRECTION('',(1.,0.,-0.));
#7131 = ADVANCED_FACE('',(#7132),#7142,.T.);
#7132 = FACE_BOUND('',#7133,.F.);
#7133 = EDGE_LOOP('',(#7134,#7135,#7136,#7137,#7138,#7139,#7140,#7141));
#7134 = ORIENTED_EDGE('',*,*,#6873,.T.);
#7135 = ORIENTED_EDGE('',*,*,#6906,.T.);
#7136 = ORIENTED_EDGE('',*,*,#6937,.T.);
#7137 = ORIENTED_EDGE('',*,*,#6970,.T.);
#7138 = ORIENTED_EDGE('',*,*,#7001,.T.);
#7139 = ORIENTED_EDGE('',*,*,#7034,.T.);
#7140 = ORIENTED_EDGE('',*,*,#7065,.T.);
#7141 = ORIENTED_EDGE('',*,*,#7098,.T.);
#7142 = PLANE('',#7143);
#7143 = AXIS2_PLACEMENT_3D('',#7144,#7145,#7146);
#7144 = CARTESIAN_POINT('',(0.,0.,1.55));
#7145 = DIRECTION('',(0.,0.,1.));
#7146 = DIRECTION('',(1.,0.,-0.));
#7147 = ( GEOMETRIC_REPRESENTATION_CONTEXT(3) 
GLOBAL_UNCERTAINTY_ASSIGNED_CONTEXT((#7151)) 
GLOBAL_UNIT_ASSIGNED_CONTEXT((#7148,#7149,#7150)) REPRESENTATION_CONTEXT
('Context #1','3D Context with UNIT and UNCERTAINTY') );
#7148 = ( LENGTH_UNIT() NAMED_UNIT(*) SI_UNIT(.MILLI.,.METRE.) );
#7149 = ( NAMED_UNIT(*) PLANE_ANGLE_UNIT() SI_UNIT($,.RADIAN.) );
#7150 = ( NAMED_UNIT(*) SI_UNIT($,.STERADIAN.) SOLID_ANGLE_UNIT() );
#7151 = UNCERTAINTY_MEASURE_WITH_UNIT(LENGTH_MEASURE(1.E-07),#7148,
  'distance_accuracy_value','confusion accuracy');
#7152 = CONTEXT_DEPENDENT_SHAPE_REPRESENTATION(#7153,#7155);
#7153 = ( REPRESENTATION_RELATIONSHIP('','',#4246,#10) 
REPRESENTATION_RELATIONSHIP_WITH_TRANSFORMATION(#7154) 
SHAPE_REPRESENTATION_RELATIONSHIP() );
#7154 = ITEM_DEFINED_TRANSFORMATION('','',#11,#19);
#7155 = PRODUCT_DEFINITION_SHAPE('Placement','Placement of an item',
  #7156);
#7156 = NEXT_ASSEMBLY_USAGE_OCCURRENCE('3','=>[0:1:1:4]','',#5,#4241,$);
#7157 = PRODUCT_RELATED_PRODUCT_CATEGORY('part',$,(#4243));
#7158 = SHAPE_DEFINITION_REPRESENTATION(#7159,#7165);
#7159 = PRODUCT_DEFINITION_SHAPE('','',#7160);
#7160 = PRODUCT_DEFINITION('design','',#7161,#7164);
#7161 = PRODUCT_DEFINITION_FORMATION('','',#7162);
#7162 = PRODUCT(
'electronic_connector_jst_sh_1_mm_pitch_surface_mount_right_angle_8_pin_
jst_sm08b_srss_tb_render_PCB',
'electronic_connector_jst_sh_1_mm_pitch_surface_mount_right_angle_8_pin_
jst_sm08b_srss_tb_render_PCB','',(#7163));
#7163 = PRODUCT_CONTEXT('',#2,'mechanical');
#7164 = PRODUCT_DEFINITION_CONTEXT('part definition',#2,'design');
#7165 = ADVANCED_BREP_SHAPE_REPRESENTATION('',(#11,#7166),#7316);
#7166 = MANIFOLD_SOLID_BREP('',#7167);
#7167 = CLOSED_SHELL('',(#7168,#7208,#7239,#7270,#7292,#7304));
#7168 = ADVANCED_FACE('',(#7169),#7203,.T.);
#7169 = FACE_BOUND('',#7170,.T.);
#7170 = EDGE_LOOP('',(#7171,#7181,#7189,#7197));
#7171 = ORIENTED_EDGE('',*,*,#7172,.T.);
#7172 = EDGE_CURVE('',#7173,#7175,#7177,.T.);
#7173 = VERTEX_POINT('',#7174);
#7174 = CARTESIAN_POINT('',(7.9,-5.28,0.));
#7175 = VERTEX_POINT('',#7176);
#7176 = CARTESIAN_POINT('',(7.9,-5.28,1.51));
#7177 = LINE('',#7178,#7179);
#7178 = CARTESIAN_POINT('',(7.9,-5.28,0.));
#7179 = VECTOR('',#7180,1.);
#7180 = DIRECTION('',(0.,0.,1.));
#7181 = ORIENTED_EDGE('',*,*,#7182,.T.);
#7182 = EDGE_CURVE('',#7175,#7183,#7185,.T.);
#7183 = VERTEX_POINT('',#7184);
#7184 = CARTESIAN_POINT('',(-7.9,-5.28,1.51));
#7185 = LINE('',#7186,#7187);
#7186 = CARTESIAN_POINT('',(7.9,-5.28,1.51));
#7187 = VECTOR('',#7188,1.);
#7188 = DIRECTION('',(-1.,0.,0.));
#7189 = ORIENTED_EDGE('',*,*,#7190,.F.);
#7190 = EDGE_CURVE('',#7191,#7183,#7193,.T.);
#7191 = VERTEX_POINT('',#7192);
#7192 = CARTESIAN_POINT('',(-7.9,-5.28,0.));
#7193 = LINE('',#7194,#7195);
#7194 = CARTESIAN_POINT('',(-7.9,-5.28,0.));
#7195 = VECTOR('',#7196,1.);
#7196 = DIRECTION('',(0.,0.,1.));
#7197 = ORIENTED_EDGE('',*,*,#7198,.F.);
#7198 = EDGE_CURVE('',#7173,#7191,#7199,.T.);
#7199 = LINE('',#7200,#7201);
#7200 = CARTESIAN_POINT('',(7.9,-5.28,0.));
#7201 = VECTOR('',#7202,1.);
#7202 = DIRECTION('',(-1.,0.,0.));
#7203 = PLANE('',#7204);
#7204 = AXIS2_PLACEMENT_3D('',#7205,#7206,#7207);
#7205 = CARTESIAN_POINT('',(7.9,-5.28,0.));
#7206 = DIRECTION('',(0.,-1.,0.));
#7207 = DIRECTION('',(-1.,0.,0.));
#7208 = ADVANCED_FACE('',(#7209),#7234,.T.);
#7209 = FACE_BOUND('',#7210,.T.);
#7210 = EDGE_LOOP('',(#7211,#7212,#7220,#7228));
#7211 = ORIENTED_EDGE('',*,*,#7190,.T.);
#7212 = ORIENTED_EDGE('',*,*,#7213,.T.);
#7213 = EDGE_CURVE('',#7183,#7214,#7216,.T.);
#7214 = VERTEX_POINT('',#7215);
#7215 = CARTESIAN_POINT('',(-7.9,5.28,1.51));
#7216 = LINE('',#7217,#7218);
#7217 = CARTESIAN_POINT('',(-7.9,-5.28,1.51));
#7218 = VECTOR('',#7219,1.);
#7219 = DIRECTION('',(0.,1.,0.));
#7220 = ORIENTED_EDGE('',*,*,#7221,.F.);
#7221 = EDGE_CURVE('',#7222,#7214,#7224,.T.);
#7222 = VERTEX_POINT('',#7223);
#7223 = CARTESIAN_POINT('',(-7.9,5.28,0.));
#7224 = LINE('',#7225,#7226);
#7225 = CARTESIAN_POINT('',(-7.9,5.28,0.));
#7226 = VECTOR('',#7227,1.);
#7227 = DIRECTION('',(0.,0.,1.));
#7228 = ORIENTED_EDGE('',*,*,#7229,.F.);
#7229 = EDGE_CURVE('',#7191,#7222,#7230,.T.);
#7230 = LINE('',#7231,#7232);
#7231 = CARTESIAN_POINT('',(-7.9,-5.28,0.));
#7232 = VECTOR('',#7233,1.);
#7233 = DIRECTION('',(0.,1.,0.));
#7234 = PLANE('',#7235);
#7235 = AXIS2_PLACEMENT_3D('',#7236,#7237,#7238);
#7236 = CARTESIAN_POINT('',(-7.9,-5.28,0.));
#7237 = DIRECTION('',(-1.,0.,0.));
#7238 = DIRECTION('',(0.,1.,0.));
#7239 = ADVANCED_FACE('',(#7240),#7265,.T.);
#7240 = FACE_BOUND('',#7241,.T.);
#7241 = EDGE_LOOP('',(#7242,#7243,#7251,#7259));
#7242 = ORIENTED_EDGE('',*,*,#7221,.T.);
#7243 = ORIENTED_EDGE('',*,*,#7244,.T.);
#7244 = EDGE_CURVE('',#7214,#7245,#7247,.T.);
#7245 = VERTEX_POINT('',#7246);
#7246 = CARTESIAN_POINT('',(7.9,5.28,1.51));
#7247 = LINE('',#7248,#7249);
#7248 = CARTESIAN_POINT('',(-7.9,5.28,1.51));
#7249 = VECTOR('',#7250,1.);
#7250 = DIRECTION('',(1.,0.,0.));
#7251 = ORIENTED_EDGE('',*,*,#7252,.F.);
#7252 = EDGE_CURVE('',#7253,#7245,#7255,.T.);
#7253 = VERTEX_POINT('',#7254);
#7254 = CARTESIAN_POINT('',(7.9,5.28,0.));
#7255 = LINE('',#7256,#7257);
#7256 = CARTESIAN_POINT('',(7.9,5.28,0.));
#7257 = VECTOR('',#7258,1.);
#7258 = DIRECTION('',(0.,0.,1.));
#7259 = ORIENTED_EDGE('',*,*,#7260,.F.);
#7260 = EDGE_CURVE('',#7222,#7253,#7261,.T.);
#7261 = LINE('',#7262,#7263);
#7262 = CARTESIAN_POINT('',(-7.9,5.28,0.));
#7263 = VECTOR('',#7264,1.);
#7264 = DIRECTION('',(1.,0.,0.));
#7265 = PLANE('',#7266);
#7266 = AXIS2_PLACEMENT_3D('',#7267,#7268,#7269);
#7267 = CARTESIAN_POINT('',(-7.9,5.28,0.));
#7268 = DIRECTION('',(0.,1.,0.));
#7269 = DIRECTION('',(1.,0.,0.));
#7270 = ADVANCED_FACE('',(#7271),#7287,.T.);
#7271 = FACE_BOUND('',#7272,.T.);
#7272 = EDGE_LOOP('',(#7273,#7274,#7280,#7281));
#7273 = ORIENTED_EDGE('',*,*,#7252,.T.);
#7274 = ORIENTED_EDGE('',*,*,#7275,.T.);
#7275 = EDGE_CURVE('',#7245,#7175,#7276,.T.);
#7276 = LINE('',#7277,#7278);
#7277 = CARTESIAN_POINT('',(7.9,5.28,1.51));
#7278 = VECTOR('',#7279,1.);
#7279 = DIRECTION('',(0.,-1.,0.));
#7280 = ORIENTED_EDGE('',*,*,#7172,.F.);
#7281 = ORIENTED_EDGE('',*,*,#7282,.F.);
#7282 = EDGE_CURVE('',#7253,#7173,#7283,.T.);
#7283 = LINE('',#7284,#7285);
#7284 = CARTESIAN_POINT('',(7.9,5.28,0.));
#7285 = VECTOR('',#7286,1.);
#7286 = DIRECTION('',(0.,-1.,0.));
#7287 = PLANE('',#7288);
#7288 = AXIS2_PLACEMENT_3D('',#7289,#7290,#7291);
#7289 = CARTESIAN_POINT('',(7.9,5.28,0.));
#7290 = DIRECTION('',(1.,0.,-0.));
#7291 = DIRECTION('',(0.,-1.,0.));
#7292 = ADVANCED_FACE('',(#7293),#7299,.F.);
#7293 = FACE_BOUND('',#7294,.T.);
#7294 = EDGE_LOOP('',(#7295,#7296,#7297,#7298));
#7295 = ORIENTED_EDGE('',*,*,#7198,.T.);
#7296 = ORIENTED_EDGE('',*,*,#7229,.T.);
#7297 = ORIENTED_EDGE('',*,*,#7260,.T.);
#7298 = ORIENTED_EDGE('',*,*,#7282,.T.);
#7299 = PLANE('',#7300);
#7300 = AXIS2_PLACEMENT_3D('',#7301,#7302,#7303);
#7301 = CARTESIAN_POINT('',(0.,0.,0.));
#7302 = DIRECTION('',(0.,0.,1.));
#7303 = DIRECTION('',(1.,0.,-0.));
#7304 = ADVANCED_FACE('',(#7305),#7311,.T.);
#7305 = FACE_BOUND('',#7306,.F.);
#7306 = EDGE_LOOP('',(#7307,#7308,#7309,#7310));
#7307 = ORIENTED_EDGE('',*,*,#7182,.T.);
#7308 = ORIENTED_EDGE('',*,*,#7213,.T.);
#7309 = ORIENTED_EDGE('',*,*,#7244,.T.);
#7310 = ORIENTED_EDGE('',*,*,#7275,.T.);
#7311 = PLANE('',#7312);
#7312 = AXIS2_PLACEMENT_3D('',#7313,#7314,#7315);
#7313 = CARTESIAN_POINT('',(0.,0.,1.51));
#7314 = DIRECTION('',(0.,0.,1.));
#7315 = DIRECTION('',(1.,0.,-0.));
#7316 = ( GEOMETRIC_REPRESENTATION_CONTEXT(3) 
GLOBAL_UNCERTAINTY_ASSIGNED_CONTEXT((#7320)) 
GLOBAL_UNIT_ASSIGNED_CONTEXT((#7317,#7318,#7319)) REPRESENTATION_CONTEXT
('Context #1','3D Context with UNIT and UNCERTAINTY') );
#7317 = ( LENGTH_UNIT() NAMED_UNIT(*) SI_UNIT(.MILLI.,.METRE.) );
#7318 = ( NAMED_UNIT(*) PLANE_ANGLE_UNIT() SI_UNIT($,.RADIAN.) );
#7319 = ( NAMED_UNIT(*) SI_UNIT($,.STERADIAN.) SOLID_ANGLE_UNIT() );
#7320 = UNCERTAINTY_MEASURE_WITH_UNIT(LENGTH_MEASURE(1.E-07),#7317,
  'distance_accuracy_value','confusion accuracy');
#7321 = CONTEXT_DEPENDENT_SHAPE_REPRESENTATION(#7322,#7324);
#7322 = ( REPRESENTATION_RELATIONSHIP('','',#7165,#10) 
REPRESENTATION_RELATIONSHIP_WITH_TRANSFORMATION(#7323) 
SHAPE_REPRESENTATION_RELATIONSHIP() );
#7323 = ITEM_DEFINED_TRANSFORMATION('','',#11,#23);
#7324 = PRODUCT_DEFINITION_SHAPE('Placement','Placement of an item',
  #7325);
#7325 = NEXT_ASSEMBLY_USAGE_OCCURRENCE('4','=>[0:1:1:5]','',#5,#7160,$);
#7326 = PRODUCT_RELATED_PRODUCT_CATEGORY('part',$,(#7162));
#7327 = MECHANICAL_DESIGN_GEOMETRIC_PRESENTATION_REPRESENTATION('',(
    #7328,#7336,#7343,#7350,#7357,#7364,#7371,#7378,#7385,#7392),#7147);
#7328 = STYLED_ITEM('color',(#7329),#4247);
#7329 = PRESENTATION_STYLE_ASSIGNMENT((#7330));
#7330 = SURFACE_STYLE_USAGE(.BOTH.,#7331);
#7331 = SURFACE_SIDE_STYLE('',(#7332));
#7332 = SURFACE_STYLE_FILL_AREA(#7333);
#7333 = FILL_AREA_STYLE('',(#7334));
#7334 = FILL_AREA_STYLE_COLOUR('',#7335);
#7335 = COLOUR_RGB('',0.735356983052,0.735356983052,0.735356983052);
#7336 = STYLED_ITEM('color',(#7337),#4537);
#7337 = PRESENTATION_STYLE_ASSIGNMENT((#7338));
#7338 = SURFACE_STYLE_USAGE(.BOTH.,#7339);
#7339 = SURFACE_SIDE_STYLE('',(#7340));
#7340 = SURFACE_STYLE_FILL_AREA(#7341);
#7341 = FILL_AREA_STYLE('',(#7342));
#7342 = FILL_AREA_STYLE_COLOUR('',#7335);
#7343 = STYLED_ITEM('color',(#7344),#4827);
#7344 = PRESENTATION_STYLE_ASSIGNMENT((#7345));
#7345 = SURFACE_STYLE_USAGE(.BOTH.,#7346);
#7346 = SURFACE_SIDE_STYLE('',(#7347));
#7347 = SURFACE_STYLE_FILL_AREA(#7348);
#7348 = FILL_AREA_STYLE('',(#7349));
#7349 = FILL_AREA_STYLE_COLOUR('',#7335);
#7350 = STYLED_ITEM('color',(#7351),#5117);
#7351 = PRESENTATION_STYLE_ASSIGNMENT((#7352));
#7352 = SURFACE_STYLE_USAGE(.BOTH.,#7353);
#7353 = SURFACE_SIDE_STYLE('',(#7354));
#7354 = SURFACE_STYLE_FILL_AREA(#7355);
#7355 = FILL_AREA_STYLE('',(#7356));
#7356 = FILL_AREA_STYLE_COLOUR('',#7335);
#7357 = STYLED_ITEM('color',(#7358),#5407);
#7358 = PRESENTATION_STYLE_ASSIGNMENT((#7359));
#7359 = SURFACE_STYLE_USAGE(.BOTH.,#7360);
#7360 = SURFACE_SIDE_STYLE('',(#7361));
#7361 = SURFACE_STYLE_FILL_AREA(#7362);
#7362 = FILL_AREA_STYLE('',(#7363));
#7363 = FILL_AREA_STYLE_COLOUR('',#7335);
#7364 = STYLED_ITEM('color',(#7365),#5697);
#7365 = PRESENTATION_STYLE_ASSIGNMENT((#7366));
#7366 = SURFACE_STYLE_USAGE(.BOTH.,#7367);
#7367 = SURFACE_SIDE_STYLE('',(#7368));
#7368 = SURFACE_STYLE_FILL_AREA(#7369);
#7369 = FILL_AREA_STYLE('',(#7370));
#7370 = FILL_AREA_STYLE_COLOUR('',#7335);
#7371 = STYLED_ITEM('color',(#7372),#5987);
#7372 = PRESENTATION_STYLE_ASSIGNMENT((#7373));
#7373 = SURFACE_STYLE_USAGE(.BOTH.,#7374);
#7374 = SURFACE_SIDE_STYLE('',(#7375));
#7375 = SURFACE_STYLE_FILL_AREA(#7376);
#7376 = FILL_AREA_STYLE('',(#7377));
#7377 = FILL_AREA_STYLE_COLOUR('',#7335);
#7378 = STYLED_ITEM('color',(#7379),#6277);
#7379 = PRESENTATION_STYLE_ASSIGNMENT((#7380));
#7380 = SURFACE_STYLE_USAGE(.BOTH.,#7381);
#7381 = SURFACE_SIDE_STYLE('',(#7382));
#7382 = SURFACE_STYLE_FILL_AREA(#7383);
#7383 = FILL_AREA_STYLE('',(#7384));
#7384 = FILL_AREA_STYLE_COLOUR('',#7335);
#7385 = STYLED_ITEM('color',(#7386),#6567);
#7386 = PRESENTATION_STYLE_ASSIGNMENT((#7387));
#7387 = SURFACE_STYLE_USAGE(.BOTH.,#7388);
#7388 = SURFACE_SIDE_STYLE('',(#7389));
#7389 = SURFACE_STYLE_FILL_AREA(#7390);
#7390 = FILL_AREA_STYLE('',(#7391));
#7391 = FILL_AREA_STYLE_COLOUR('',#7335);
#7392 = STYLED_ITEM('color',(#7393),#6857);
#7393 = PRESENTATION_STYLE_ASSIGNMENT((#7394));
#7394 = SURFACE_STYLE_USAGE(.BOTH.,#7395);
#7395 = SURFACE_SIDE_STYLE('',(#7396));
#7396 = SURFACE_STYLE_FILL_AREA(#7397);
#7397 = FILL_AREA_STYLE('',(#7398));
#7398 = FILL_AREA_STYLE_COLOUR('',#7335);
#7399 = MECHANICAL_DESIGN_GEOMETRIC_PRESENTATION_REPRESENTATION('',(
    #7400),#7316);
#7400 = STYLED_ITEM('color',(#7401),#7166);
#7401 = PRESENTATION_STYLE_ASSIGNMENT((#7402));
#7402 = SURFACE_STYLE_USAGE(.BOTH.,#7403);
#7403 = SURFACE_SIDE_STYLE('',(#7404));
#7404 = SURFACE_STYLE_FILL_AREA(#7405);
#7405 = FILL_AREA_STYLE('',(#7406));
#7406 = FILL_AREA_STYLE_COLOUR('',#7407);
#7407 = COLOUR_RGB('',0.313304153717,0.484529207832,0.410020903123);
#7408 = MECHANICAL_DESIGN_GEOMETRIC_PRESENTATION_REPRESENTATION('',(
    #7409,#7419,#7428,#7437,#7446,#7455,#7464,#7473,#7482,#7491,#7500,
    #7509,#7518,#7527,#7536,#7545,#7555,#7564,#7573,#7582,#7591,#7600,
    #7609,#7618,#7627,#7636,#7645,#7654,#7663,#7672,#7681,#7690,#7699,
    #7708,#7717,#7726,#7735,#7744,#7753,#7762,#7771,#7780,#7789,#7798,
    #7807,#7816,#7825,#7834,#7843,#7852,#7861,#7870,#7879,#7888,#7897,
    #7906,#7915,#7924,#7933,#7942,#7951,#7960,#7969,#7978,#7987,#7996,
    #8005,#8014,#8023,#8032,#8041,#8050,#8059,#8068,#8077,#8086,#8095,
    #8104,#8113,#8122,#8131,#8140,#8149,#8158,#8167,#8176,#8185,#8194,
    #8203,#8212,#8221,#8230,#8239,#8248,#8257,#8266,#8275,#8284,#8293,
    #8302,#8311,#8320,#8329,#8338,#8347,#8356,#8365,#8374,#8383,#8392,
    #8401,#8410,#8419,#8428,#8437,#8446,#8455,#8464,#8473,#8482,#8491,
    #8500,#8509,#8518,#8527,#8536,#8545,#8554,#8563,#8572,#8581,#8590,
    #8599,#8608,#8617),#4228);
#7409 = STYLED_ITEM('color',(#7410),#66);
#7410 = PRESENTATION_STYLE_ASSIGNMENT((#7411,#7417));
#7411 = SURFACE_STYLE_USAGE(.BOTH.,#7412);
#7412 = SURFACE_SIDE_STYLE('',(#7413));
#7413 = SURFACE_STYLE_FILL_AREA(#7414);
#7414 = FILL_AREA_STYLE('',(#7415));
#7415 = FILL_AREA_STYLE_COLOUR('',#7416);
#7416 = COLOUR_RGB('',0.894999996726,0.890999991539,0.812999995914);
#7417 = CURVE_STYLE('',#7418,POSITIVE_LENGTH_MEASURE(0.1),#7416);
#7418 = DRAUGHTING_PRE_DEFINED_CURVE_FONT('continuous');
#7419 = STYLED_ITEM('color',(#7420),#170);
#7420 = PRESENTATION_STYLE_ASSIGNMENT((#7421,#7426));
#7421 = SURFACE_STYLE_USAGE(.BOTH.,#7422);
#7422 = SURFACE_SIDE_STYLE('',(#7423));
#7423 = SURFACE_STYLE_FILL_AREA(#7424);
#7424 = FILL_AREA_STYLE('',(#7425));
#7425 = FILL_AREA_STYLE_COLOUR('',#7416);
#7426 = CURVE_STYLE('',#7427,POSITIVE_LENGTH_MEASURE(0.1),#7416);
#7427 = DRAUGHTING_PRE_DEFINED_CURVE_FONT('continuous');
#7428 = STYLED_ITEM('color',(#7429),#505);
#7429 = PRESENTATION_STYLE_ASSIGNMENT((#7430,#7435));
#7430 = SURFACE_STYLE_USAGE(.BOTH.,#7431);
#7431 = SURFACE_SIDE_STYLE('',(#7432));
#7432 = SURFACE_STYLE_FILL_AREA(#7433);
#7433 = FILL_AREA_STYLE('',(#7434));
#7434 = FILL_AREA_STYLE_COLOUR('',#7416);
#7435 = CURVE_STYLE('',#7436,POSITIVE_LENGTH_MEASURE(0.1),#7416);
#7436 = DRAUGHTING_PRE_DEFINED_CURVE_FONT('continuous');
#7437 = STYLED_ITEM('color',(#7438),#529);
#7438 = PRESENTATION_STYLE_ASSIGNMENT((#7439,#7444));
#7439 = SURFACE_STYLE_USAGE(.BOTH.,#7440);
#7440 = SURFACE_SIDE_STYLE('',(#7441));
#7441 = SURFACE_STYLE_FILL_AREA(#7442);
#7442 = FILL_AREA_STYLE('',(#7443));
#7443 = FILL_AREA_STYLE_COLOUR('',#7416);
#7444 = CURVE_STYLE('',#7445,POSITIVE_LENGTH_MEASURE(0.1),#7416);
#7445 = DRAUGHTING_PRE_DEFINED_CURVE_FONT('continuous');
#7446 = STYLED_ITEM('color',(#7447),#553);
#7447 = PRESENTATION_STYLE_ASSIGNMENT((#7448,#7453));
#7448 = SURFACE_STYLE_USAGE(.BOTH.,#7449);
#7449 = SURFACE_SIDE_STYLE('',(#7450));
#7450 = SURFACE_STYLE_FILL_AREA(#7451);
#7451 = FILL_AREA_STYLE('',(#7452));
#7452 = FILL_AREA_STYLE_COLOUR('',#7416);
#7453 = CURVE_STYLE('',#7454,POSITIVE_LENGTH_MEASURE(0.1),#7416);
#7454 = DRAUGHTING_PRE_DEFINED_CURVE_FONT('continuous');
#7455 = STYLED_ITEM('color',(#7456),#577);
#7456 = PRESENTATION_STYLE_ASSIGNMENT((#7457,#7462));
#7457 = SURFACE_STYLE_USAGE(.BOTH.,#7458);
#7458 = SURFACE_SIDE_STYLE('',(#7459));
#7459 = SURFACE_STYLE_FILL_AREA(#7460);
#7460 = FILL_AREA_STYLE('',(#7461));
#7461 = FILL_AREA_STYLE_COLOUR('',#7416);
#7462 = CURVE_STYLE('',#7463,POSITIVE_LENGTH_MEASURE(0.1),#7416);
#7463 = DRAUGHTING_PRE_DEFINED_CURVE_FONT('continuous');
#7464 = STYLED_ITEM('color',(#7465),#601);
#7465 = PRESENTATION_STYLE_ASSIGNMENT((#7466,#7471));
#7466 = SURFACE_STYLE_USAGE(.BOTH.,#7467);
#7467 = SURFACE_SIDE_STYLE('',(#7468));
#7468 = SURFACE_STYLE_FILL_AREA(#7469);
#7469 = FILL_AREA_STYLE('',(#7470));
#7470 = FILL_AREA_STYLE_COLOUR('',#7416);
#7471 = CURVE_STYLE('',#7472,POSITIVE_LENGTH_MEASURE(0.1),#7416);
#7472 = DRAUGHTING_PRE_DEFINED_CURVE_FONT('continuous');
#7473 = STYLED_ITEM('color',(#7474),#762);
#7474 = PRESENTATION_STYLE_ASSIGNMENT((#7475,#7480));
#7475 = SURFACE_STYLE_USAGE(.BOTH.,#7476);
#7476 = SURFACE_SIDE_STYLE('',(#7477));
#7477 = SURFACE_STYLE_FILL_AREA(#7478);
#7478 = FILL_AREA_STYLE('',(#7479));
#7479 = FILL_AREA_STYLE_COLOUR('',#7416);
#7480 = CURVE_STYLE('',#7481,POSITIVE_LENGTH_MEASURE(0.1),#7416);
#7481 = DRAUGHTING_PRE_DEFINED_CURVE_FONT('continuous');
#7482 = STYLED_ITEM('color',(#7483),#818);
#7483 = PRESENTATION_STYLE_ASSIGNMENT((#7484,#7489));
#7484 = SURFACE_STYLE_USAGE(.BOTH.,#7485);
#7485 = SURFACE_SIDE_STYLE('',(#7486));
#7486 = SURFACE_STYLE_FILL_AREA(#7487);
#7487 = FILL_AREA_STYLE('',(#7488));
#7488 = FILL_AREA_STYLE_COLOUR('',#7416);
#7489 = CURVE_STYLE('',#7490,POSITIVE_LENGTH_MEASURE(0.1),#7416);
#7490 = DRAUGHTING_PRE_DEFINED_CURVE_FONT('continuous');
#7491 = STYLED_ITEM('color',(#7492),#842);
#7492 = PRESENTATION_STYLE_ASSIGNMENT((#7493,#7498));
#7493 = SURFACE_STYLE_USAGE(.BOTH.,#7494);
#7494 = SURFACE_SIDE_STYLE('',(#7495));
#7495 = SURFACE_STYLE_FILL_AREA(#7496);
#7496 = FILL_AREA_STYLE('',(#7497));
#7497 = FILL_AREA_STYLE_COLOUR('',#7416);
#7498 = CURVE_STYLE('',#7499,POSITIVE_LENGTH_MEASURE(0.1),#7416);
#7499 = DRAUGHTING_PRE_DEFINED_CURVE_FONT('continuous');
#7500 = STYLED_ITEM('color',(#7501),#866);
#7501 = PRESENTATION_STYLE_ASSIGNMENT((#7502,#7507));
#7502 = SURFACE_STYLE_USAGE(.BOTH.,#7503);
#7503 = SURFACE_SIDE_STYLE('',(#7504));
#7504 = SURFACE_STYLE_FILL_AREA(#7505);
#7505 = FILL_AREA_STYLE('',(#7506));
#7506 = FILL_AREA_STYLE_COLOUR('',#7416);
#7507 = CURVE_STYLE('',#7508,POSITIVE_LENGTH_MEASURE(0.1),#7416);
#7508 = DRAUGHTING_PRE_DEFINED_CURVE_FONT('continuous');
#7509 = STYLED_ITEM('color',(#7510),#890);
#7510 = PRESENTATION_STYLE_ASSIGNMENT((#7511,#7516));
#7511 = SURFACE_STYLE_USAGE(.BOTH.,#7512);
#7512 = SURFACE_SIDE_STYLE('',(#7513));
#7513 = SURFACE_STYLE_FILL_AREA(#7514);
#7514 = FILL_AREA_STYLE('',(#7515));
#7515 = FILL_AREA_STYLE_COLOUR('',#7416);
#7516 = CURVE_STYLE('',#7517,POSITIVE_LENGTH_MEASURE(0.1),#7416);
#7517 = DRAUGHTING_PRE_DEFINED_CURVE_FONT('continuous');
#7518 = STYLED_ITEM('color',(#7519),#914);
#7519 = PRESENTATION_STYLE_ASSIGNMENT((#7520,#7525));
#7520 = SURFACE_STYLE_USAGE(.BOTH.,#7521);
#7521 = SURFACE_SIDE_STYLE('',(#7522));
#7522 = SURFACE_STYLE_FILL_AREA(#7523);
#7523 = FILL_AREA_STYLE('',(#7524));
#7524 = FILL_AREA_STYLE_COLOUR('',#7416);
#7525 = CURVE_STYLE('',#7526,POSITIVE_LENGTH_MEASURE(0.1),#7416);
#7526 = DRAUGHTING_PRE_DEFINED_CURVE_FONT('continuous');
#7527 = STYLED_ITEM('color',(#7528),#1138);
#7528 = PRESENTATION_STYLE_ASSIGNMENT((#7529,#7534));
#7529 = SURFACE_STYLE_USAGE(.BOTH.,#7530);
#7530 = SURFACE_SIDE_STYLE('',(#7531));
#7531 = SURFACE_STYLE_FILL_AREA(#7532);
#7532 = FILL_AREA_STYLE('',(#7533));
#7533 = FILL_AREA_STYLE_COLOUR('',#7416);
#7534 = CURVE_STYLE('',#7535,POSITIVE_LENGTH_MEASURE(0.1),#7416);
#7535 = DRAUGHTING_PRE_DEFINED_CURVE_FONT('continuous');
#7536 = STYLED_ITEM('color',(#7537),#1210);
#7537 = PRESENTATION_STYLE_ASSIGNMENT((#7538,#7543));
#7538 = SURFACE_STYLE_USAGE(.BOTH.,#7539);
#7539 = SURFACE_SIDE_STYLE('',(#7540));
#7540 = SURFACE_STYLE_FILL_AREA(#7541);
#7541 = FILL_AREA_STYLE('',(#7542));
#7542 = FILL_AREA_STYLE_COLOUR('',#7416);
#7543 = CURVE_STYLE('',#7544,POSITIVE_LENGTH_MEASURE(0.1),#7416);
#7544 = DRAUGHTING_PRE_DEFINED_CURVE_FONT('continuous');
#7545 = STYLED_ITEM('color',(#7546),#1234);
#7546 = PRESENTATION_STYLE_ASSIGNMENT((#7547,#7553));
#7547 = SURFACE_STYLE_USAGE(.BOTH.,#7548);
#7548 = SURFACE_SIDE_STYLE('',(#7549));
#7549 = SURFACE_STYLE_FILL_AREA(#7550);
#7550 = FILL_AREA_STYLE('',(#7551));
#7551 = FILL_AREA_STYLE_COLOUR('',#7552);
#7552 = COLOUR_RGB('',0.823999987314,0.819999987296,0.781000009244);
#7553 = CURVE_STYLE('',#7554,POSITIVE_LENGTH_MEASURE(0.1),#7552);
#7554 = DRAUGHTING_PRE_DEFINED_CURVE_FONT('continuous');
#7555 = STYLED_ITEM('color',(#7556),#1265);
#7556 = PRESENTATION_STYLE_ASSIGNMENT((#7557,#7562));
#7557 = SURFACE_STYLE_USAGE(.BOTH.,#7558);
#7558 = SURFACE_SIDE_STYLE('',(#7559));
#7559 = SURFACE_STYLE_FILL_AREA(#7560);
#7560 = FILL_AREA_STYLE('',(#7561));
#7561 = FILL_AREA_STYLE_COLOUR('',#7552);
#7562 = CURVE_STYLE('',#7563,POSITIVE_LENGTH_MEASURE(0.1),#7552);
#7563 = DRAUGHTING_PRE_DEFINED_CURVE_FONT('continuous');
#7564 = STYLED_ITEM('color',(#7565),#1289);
#7565 = PRESENTATION_STYLE_ASSIGNMENT((#7566,#7571));
#7566 = SURFACE_STYLE_USAGE(.BOTH.,#7567);
#7567 = SURFACE_SIDE_STYLE('',(#7568));
#7568 = SURFACE_STYLE_FILL_AREA(#7569);
#7569 = FILL_AREA_STYLE('',(#7570));
#7570 = FILL_AREA_STYLE_COLOUR('',#7552);
#7571 = CURVE_STYLE('',#7572,POSITIVE_LENGTH_MEASURE(0.1),#7552);
#7572 = DRAUGHTING_PRE_DEFINED_CURVE_FONT('continuous');
#7573 = STYLED_ITEM('color',(#7574),#1320);
#7574 = PRESENTATION_STYLE_ASSIGNMENT((#7575,#7580));
#7575 = SURFACE_STYLE_USAGE(.BOTH.,#7576);
#7576 = SURFACE_SIDE_STYLE('',(#7577));
#7577 = SURFACE_STYLE_FILL_AREA(#7578);
#7578 = FILL_AREA_STYLE('',(#7579));
#7579 = FILL_AREA_STYLE_COLOUR('',#7552);
#7580 = CURVE_STYLE('',#7581,POSITIVE_LENGTH_MEASURE(0.1),#7552);
#7581 = DRAUGHTING_PRE_DEFINED_CURVE_FONT('continuous');
#7582 = STYLED_ITEM('color',(#7583),#1344);
#7583 = PRESENTATION_STYLE_ASSIGNMENT((#7584,#7589));
#7584 = SURFACE_STYLE_USAGE(.BOTH.,#7585);
#7585 = SURFACE_SIDE_STYLE('',(#7586));
#7586 = SURFACE_STYLE_FILL_AREA(#7587);
#7587 = FILL_AREA_STYLE('',(#7588));
#7588 = FILL_AREA_STYLE_COLOUR('',#7552);
#7589 = CURVE_STYLE('',#7590,POSITIVE_LENGTH_MEASURE(0.1),#7552);
#7590 = DRAUGHTING_PRE_DEFINED_CURVE_FONT('continuous');
#7591 = STYLED_ITEM('color',(#7592),#1384);
#7592 = PRESENTATION_STYLE_ASSIGNMENT((#7593,#7598));
#7593 = SURFACE_STYLE_USAGE(.BOTH.,#7594);
#7594 = SURFACE_SIDE_STYLE('',(#7595));
#7595 = SURFACE_STYLE_FILL_AREA(#7596);
#7596 = FILL_AREA_STYLE('',(#7597));
#7597 = FILL_AREA_STYLE_COLOUR('',#7552);
#7598 = CURVE_STYLE('',#7599,POSITIVE_LENGTH_MEASURE(0.1),#7552);
#7599 = DRAUGHTING_PRE_DEFINED_CURVE_FONT('continuous');
#7600 = STYLED_ITEM('color',(#7601),#1408);
#7601 = PRESENTATION_STYLE_ASSIGNMENT((#7602,#7607));
#7602 = SURFACE_STYLE_USAGE(.BOTH.,#7603);
#7603 = SURFACE_SIDE_STYLE('',(#7604));
#7604 = SURFACE_STYLE_FILL_AREA(#7605);
#7605 = FILL_AREA_STYLE('',(#7606));
#7606 = FILL_AREA_STYLE_COLOUR('',#7552);
#7607 = CURVE_STYLE('',#7608,POSITIVE_LENGTH_MEASURE(0.1),#7552);
#7608 = DRAUGHTING_PRE_DEFINED_CURVE_FONT('continuous');
#7609 = STYLED_ITEM('color',(#7610),#1441);
#7610 = PRESENTATION_STYLE_ASSIGNMENT((#7611,#7616));
#7611 = SURFACE_STYLE_USAGE(.BOTH.,#7612);
#7612 = SURFACE_SIDE_STYLE('',(#7613));
#7613 = SURFACE_STYLE_FILL_AREA(#7614);
#7614 = FILL_AREA_STYLE('',(#7615));
#7615 = FILL_AREA_STYLE_COLOUR('',#7552);
#7616 = CURVE_STYLE('',#7617,POSITIVE_LENGTH_MEASURE(0.1),#7552);
#7617 = DRAUGHTING_PRE_DEFINED_CURVE_FONT('continuous');
#7618 = STYLED_ITEM('color',(#7619),#1481);
#7619 = PRESENTATION_STYLE_ASSIGNMENT((#7620,#7625));
#7620 = SURFACE_STYLE_USAGE(.BOTH.,#7621);
#7621 = SURFACE_SIDE_STYLE('',(#7622));
#7622 = SURFACE_STYLE_FILL_AREA(#7623);
#7623 = FILL_AREA_STYLE('',(#7624));
#7624 = FILL_AREA_STYLE_COLOUR('',#7552);
#7625 = CURVE_STYLE('',#7626,POSITIVE_LENGTH_MEASURE(0.1),#7552);
#7626 = DRAUGHTING_PRE_DEFINED_CURVE_FONT('continuous');
#7627 = STYLED_ITEM('color',(#7628),#1505);
#7628 = PRESENTATION_STYLE_ASSIGNMENT((#7629,#7634));
#7629 = SURFACE_STYLE_USAGE(.BOTH.,#7630);
#7630 = SURFACE_SIDE_STYLE('',(#7631));
#7631 = SURFACE_STYLE_FILL_AREA(#7632);
#7632 = FILL_AREA_STYLE('',(#7633));
#7633 = FILL_AREA_STYLE_COLOUR('',#7552);
#7634 = CURVE_STYLE('',#7635,POSITIVE_LENGTH_MEASURE(0.1),#7552);
#7635 = DRAUGHTING_PRE_DEFINED_CURVE_FONT('continuous');
#7636 = STYLED_ITEM('color',(#7637),#1538);
#7637 = PRESENTATION_STYLE_ASSIGNMENT((#7638,#7643));
#7638 = SURFACE_STYLE_USAGE(.BOTH.,#7639);
#7639 = SURFACE_SIDE_STYLE('',(#7640));
#7640 = SURFACE_STYLE_FILL_AREA(#7641);
#7641 = FILL_AREA_STYLE('',(#7642));
#7642 = FILL_AREA_STYLE_COLOUR('',#7552);
#7643 = CURVE_STYLE('',#7644,POSITIVE_LENGTH_MEASURE(0.1),#7552);
#7644 = DRAUGHTING_PRE_DEFINED_CURVE_FONT('continuous');
#7645 = STYLED_ITEM('color',(#7646),#1578);
#7646 = PRESENTATION_STYLE_ASSIGNMENT((#7647,#7652));
#7647 = SURFACE_STYLE_USAGE(.BOTH.,#7648);
#7648 = SURFACE_SIDE_STYLE('',(#7649));
#7649 = SURFACE_STYLE_FILL_AREA(#7650);
#7650 = FILL_AREA_STYLE('',(#7651));
#7651 = FILL_AREA_STYLE_COLOUR('',#7552);
#7652 = CURVE_STYLE('',#7653,POSITIVE_LENGTH_MEASURE(0.1),#7552);
#7653 = DRAUGHTING_PRE_DEFINED_CURVE_FONT('continuous');
#7654 = STYLED_ITEM('color',(#7655),#1602);
#7655 = PRESENTATION_STYLE_ASSIGNMENT((#7656,#7661));
#7656 = SURFACE_STYLE_USAGE(.BOTH.,#7657);
#7657 = SURFACE_SIDE_STYLE('',(#7658));
#7658 = SURFACE_STYLE_FILL_AREA(#7659);
#7659 = FILL_AREA_STYLE('',(#7660));
#7660 = FILL_AREA_STYLE_COLOUR('',#7552);
#7661 = CURVE_STYLE('',#7662,POSITIVE_LENGTH_MEASURE(0.1),#7552);
#7662 = DRAUGHTING_PRE_DEFINED_CURVE_FONT('continuous');
#7663 = STYLED_ITEM('color',(#7664),#1635);
#7664 = PRESENTATION_STYLE_ASSIGNMENT((#7665,#7670));
#7665 = SURFACE_STYLE_USAGE(.BOTH.,#7666);
#7666 = SURFACE_SIDE_STYLE('',(#7667));
#7667 = SURFACE_STYLE_FILL_AREA(#7668);
#7668 = FILL_AREA_STYLE('',(#7669));
#7669 = FILL_AREA_STYLE_COLOUR('',#7552);
#7670 = CURVE_STYLE('',#7671,POSITIVE_LENGTH_MEASURE(0.1),#7552);
#7671 = DRAUGHTING_PRE_DEFINED_CURVE_FONT('continuous');
#7672 = STYLED_ITEM('color',(#7673),#1675);
#7673 = PRESENTATION_STYLE_ASSIGNMENT((#7674,#7679));
#7674 = SURFACE_STYLE_USAGE(.BOTH.,#7675);
#7675 = SURFACE_SIDE_STYLE('',(#7676));
#7676 = SURFACE_STYLE_FILL_AREA(#7677);
#7677 = FILL_AREA_STYLE('',(#7678));
#7678 = FILL_AREA_STYLE_COLOUR('',#7552);
#7679 = CURVE_STYLE('',#7680,POSITIVE_LENGTH_MEASURE(0.1),#7552);
#7680 = DRAUGHTING_PRE_DEFINED_CURVE_FONT('continuous');
#7681 = STYLED_ITEM('color',(#7682),#1699);
#7682 = PRESENTATION_STYLE_ASSIGNMENT((#7683,#7688));
#7683 = SURFACE_STYLE_USAGE(.BOTH.,#7684);
#7684 = SURFACE_SIDE_STYLE('',(#7685));
#7685 = SURFACE_STYLE_FILL_AREA(#7686);
#7686 = FILL_AREA_STYLE('',(#7687));
#7687 = FILL_AREA_STYLE_COLOUR('',#7552);
#7688 = CURVE_STYLE('',#7689,POSITIVE_LENGTH_MEASURE(0.1),#7552);
#7689 = DRAUGHTING_PRE_DEFINED_CURVE_FONT('continuous');
#7690 = STYLED_ITEM('color',(#7691),#1732);
#7691 = PRESENTATION_STYLE_ASSIGNMENT((#7692,#7697));
#7692 = SURFACE_STYLE_USAGE(.BOTH.,#7693);
#7693 = SURFACE_SIDE_STYLE('',(#7694));
#7694 = SURFACE_STYLE_FILL_AREA(#7695);
#7695 = FILL_AREA_STYLE('',(#7696));
#7696 = FILL_AREA_STYLE_COLOUR('',#7552);
#7697 = CURVE_STYLE('',#7698,POSITIVE_LENGTH_MEASURE(0.1),#7552);
#7698 = DRAUGHTING_PRE_DEFINED_CURVE_FONT('continuous');
#7699 = STYLED_ITEM('color',(#7700),#1772);
#7700 = PRESENTATION_STYLE_ASSIGNMENT((#7701,#7706));
#7701 = SURFACE_STYLE_USAGE(.BOTH.,#7702);
#7702 = SURFACE_SIDE_STYLE('',(#7703));
#7703 = SURFACE_STYLE_FILL_AREA(#7704);
#7704 = FILL_AREA_STYLE('',(#7705));
#7705 = FILL_AREA_STYLE_COLOUR('',#7552);
#7706 = CURVE_STYLE('',#7707,POSITIVE_LENGTH_MEASURE(0.1),#7552);
#7707 = DRAUGHTING_PRE_DEFINED_CURVE_FONT('continuous');
#7708 = STYLED_ITEM('color',(#7709),#1796);
#7709 = PRESENTATION_STYLE_ASSIGNMENT((#7710,#7715));
#7710 = SURFACE_STYLE_USAGE(.BOTH.,#7711);
#7711 = SURFACE_SIDE_STYLE('',(#7712));
#7712 = SURFACE_STYLE_FILL_AREA(#7713);
#7713 = FILL_AREA_STYLE('',(#7714));
#7714 = FILL_AREA_STYLE_COLOUR('',#7552);
#7715 = CURVE_STYLE('',#7716,POSITIVE_LENGTH_MEASURE(0.1),#7552);
#7716 = DRAUGHTING_PRE_DEFINED_CURVE_FONT('continuous');
#7717 = STYLED_ITEM('color',(#7718),#1829);
#7718 = PRESENTATION_STYLE_ASSIGNMENT((#7719,#7724));
#7719 = SURFACE_STYLE_USAGE(.BOTH.,#7720);
#7720 = SURFACE_SIDE_STYLE('',(#7721));
#7721 = SURFACE_STYLE_FILL_AREA(#7722);
#7722 = FILL_AREA_STYLE('',(#7723));
#7723 = FILL_AREA_STYLE_COLOUR('',#7552);
#7724 = CURVE_STYLE('',#7725,POSITIVE_LENGTH_MEASURE(0.1),#7552);
#7725 = DRAUGHTING_PRE_DEFINED_CURVE_FONT('continuous');
#7726 = STYLED_ITEM('color',(#7727),#1869);
#7727 = PRESENTATION_STYLE_ASSIGNMENT((#7728,#7733));
#7728 = SURFACE_STYLE_USAGE(.BOTH.,#7729);
#7729 = SURFACE_SIDE_STYLE('',(#7730));
#7730 = SURFACE_STYLE_FILL_AREA(#7731);
#7731 = FILL_AREA_STYLE('',(#7732));
#7732 = FILL_AREA_STYLE_COLOUR('',#7552);
#7733 = CURVE_STYLE('',#7734,POSITIVE_LENGTH_MEASURE(0.1),#7552);
#7734 = DRAUGHTING_PRE_DEFINED_CURVE_FONT('continuous');
#7735 = STYLED_ITEM('color',(#7736),#1893);
#7736 = PRESENTATION_STYLE_ASSIGNMENT((#7737,#7742));
#7737 = SURFACE_STYLE_USAGE(.BOTH.,#7738);
#7738 = SURFACE_SIDE_STYLE('',(#7739));
#7739 = SURFACE_STYLE_FILL_AREA(#7740);
#7740 = FILL_AREA_STYLE('',(#7741));
#7741 = FILL_AREA_STYLE_COLOUR('',#7552);
#7742 = CURVE_STYLE('',#7743,POSITIVE_LENGTH_MEASURE(0.1),#7552);
#7743 = DRAUGHTING_PRE_DEFINED_CURVE_FONT('continuous');
#7744 = STYLED_ITEM('color',(#7745),#1926);
#7745 = PRESENTATION_STYLE_ASSIGNMENT((#7746,#7751));
#7746 = SURFACE_STYLE_USAGE(.BOTH.,#7747);
#7747 = SURFACE_SIDE_STYLE('',(#7748));
#7748 = SURFACE_STYLE_FILL_AREA(#7749);
#7749 = FILL_AREA_STYLE('',(#7750));
#7750 = FILL_AREA_STYLE_COLOUR('',#7552);
#7751 = CURVE_STYLE('',#7752,POSITIVE_LENGTH_MEASURE(0.1),#7552);
#7752 = DRAUGHTING_PRE_DEFINED_CURVE_FONT('continuous');
#7753 = STYLED_ITEM('color',(#7754),#1966);
#7754 = PRESENTATION_STYLE_ASSIGNMENT((#7755,#7760));
#7755 = SURFACE_STYLE_USAGE(.BOTH.,#7756);
#7756 = SURFACE_SIDE_STYLE('',(#7757));
#7757 = SURFACE_STYLE_FILL_AREA(#7758);
#7758 = FILL_AREA_STYLE('',(#7759));
#7759 = FILL_AREA_STYLE_COLOUR('',#7552);
#7760 = CURVE_STYLE('',#7761,POSITIVE_LENGTH_MEASURE(0.1),#7552);
#7761 = DRAUGHTING_PRE_DEFINED_CURVE_FONT('continuous');
#7762 = STYLED_ITEM('color',(#7763),#1990);
#7763 = PRESENTATION_STYLE_ASSIGNMENT((#7764,#7769));
#7764 = SURFACE_STYLE_USAGE(.BOTH.,#7765);
#7765 = SURFACE_SIDE_STYLE('',(#7766));
#7766 = SURFACE_STYLE_FILL_AREA(#7767);
#7767 = FILL_AREA_STYLE('',(#7768));
#7768 = FILL_AREA_STYLE_COLOUR('',#7552);
#7769 = CURVE_STYLE('',#7770,POSITIVE_LENGTH_MEASURE(0.1),#7552);
#7770 = DRAUGHTING_PRE_DEFINED_CURVE_FONT('continuous');
#7771 = STYLED_ITEM('color',(#7772),#2023);
#7772 = PRESENTATION_STYLE_ASSIGNMENT((#7773,#7778));
#7773 = SURFACE_STYLE_USAGE(.BOTH.,#7774);
#7774 = SURFACE_SIDE_STYLE('',(#7775));
#7775 = SURFACE_STYLE_FILL_AREA(#7776);
#7776 = FILL_AREA_STYLE('',(#7777));
#7777 = FILL_AREA_STYLE_COLOUR('',#7552);
#7778 = CURVE_STYLE('',#7779,POSITIVE_LENGTH_MEASURE(0.1),#7552);
#7779 = DRAUGHTING_PRE_DEFINED_CURVE_FONT('continuous');
#7780 = STYLED_ITEM('color',(#7781),#2063);
#7781 = PRESENTATION_STYLE_ASSIGNMENT((#7782,#7787));
#7782 = SURFACE_STYLE_USAGE(.BOTH.,#7783);
#7783 = SURFACE_SIDE_STYLE('',(#7784));
#7784 = SURFACE_STYLE_FILL_AREA(#7785);
#7785 = FILL_AREA_STYLE('',(#7786));
#7786 = FILL_AREA_STYLE_COLOUR('',#7552);
#7787 = CURVE_STYLE('',#7788,POSITIVE_LENGTH_MEASURE(0.1),#7552);
#7788 = DRAUGHTING_PRE_DEFINED_CURVE_FONT('continuous');
#7789 = STYLED_ITEM('color',(#7790),#2087);
#7790 = PRESENTATION_STYLE_ASSIGNMENT((#7791,#7796));
#7791 = SURFACE_STYLE_USAGE(.BOTH.,#7792);
#7792 = SURFACE_SIDE_STYLE('',(#7793));
#7793 = SURFACE_STYLE_FILL_AREA(#7794);
#7794 = FILL_AREA_STYLE('',(#7795));
#7795 = FILL_AREA_STYLE_COLOUR('',#7552);
#7796 = CURVE_STYLE('',#7797,POSITIVE_LENGTH_MEASURE(0.1),#7552);
#7797 = DRAUGHTING_PRE_DEFINED_CURVE_FONT('continuous');
#7798 = STYLED_ITEM('color',(#7799),#2120);
#7799 = PRESENTATION_STYLE_ASSIGNMENT((#7800,#7805));
#7800 = SURFACE_STYLE_USAGE(.BOTH.,#7801);
#7801 = SURFACE_SIDE_STYLE('',(#7802));
#7802 = SURFACE_STYLE_FILL_AREA(#7803);
#7803 = FILL_AREA_STYLE('',(#7804));
#7804 = FILL_AREA_STYLE_COLOUR('',#7552);
#7805 = CURVE_STYLE('',#7806,POSITIVE_LENGTH_MEASURE(0.1),#7552);
#7806 = DRAUGHTING_PRE_DEFINED_CURVE_FONT('continuous');
#7807 = STYLED_ITEM('color',(#7808),#2147);
#7808 = PRESENTATION_STYLE_ASSIGNMENT((#7809,#7814));
#7809 = SURFACE_STYLE_USAGE(.BOTH.,#7810);
#7810 = SURFACE_SIDE_STYLE('',(#7811));
#7811 = SURFACE_STYLE_FILL_AREA(#7812);
#7812 = FILL_AREA_STYLE('',(#7813));
#7813 = FILL_AREA_STYLE_COLOUR('',#7552);
#7814 = CURVE_STYLE('',#7815,POSITIVE_LENGTH_MEASURE(0.1),#7552);
#7815 = DRAUGHTING_PRE_DEFINED_CURVE_FONT('continuous');
#7816 = STYLED_ITEM('color',(#7817),#2165);
#7817 = PRESENTATION_STYLE_ASSIGNMENT((#7818,#7823));
#7818 = SURFACE_STYLE_USAGE(.BOTH.,#7819);
#7819 = SURFACE_SIDE_STYLE('',(#7820));
#7820 = SURFACE_STYLE_FILL_AREA(#7821);
#7821 = FILL_AREA_STYLE('',(#7822));
#7822 = FILL_AREA_STYLE_COLOUR('',#7552);
#7823 = CURVE_STYLE('',#7824,POSITIVE_LENGTH_MEASURE(0.1),#7552);
#7824 = DRAUGHTING_PRE_DEFINED_CURVE_FONT('continuous');
#7825 = STYLED_ITEM('color',(#7826),#2190);
#7826 = PRESENTATION_STYLE_ASSIGNMENT((#7827,#7832));
#7827 = SURFACE_STYLE_USAGE(.BOTH.,#7828);
#7828 = SURFACE_SIDE_STYLE('',(#7829));
#7829 = SURFACE_STYLE_FILL_AREA(#7830);
#7830 = FILL_AREA_STYLE('',(#7831));
#7831 = FILL_AREA_STYLE_COLOUR('',#7416);
#7832 = CURVE_STYLE('',#7833,POSITIVE_LENGTH_MEASURE(0.1),#7416);
#7833 = DRAUGHTING_PRE_DEFINED_CURVE_FONT('continuous');
#7834 = STYLED_ITEM('color',(#7835),#2214);
#7835 = PRESENTATION_STYLE_ASSIGNMENT((#7836,#7841));
#7836 = SURFACE_STYLE_USAGE(.BOTH.,#7837);
#7837 = SURFACE_SIDE_STYLE('',(#7838));
#7838 = SURFACE_STYLE_FILL_AREA(#7839);
#7839 = FILL_AREA_STYLE('',(#7840));
#7840 = FILL_AREA_STYLE_COLOUR('',#7416);
#7841 = CURVE_STYLE('',#7842,POSITIVE_LENGTH_MEASURE(0.1),#7416);
#7842 = DRAUGHTING_PRE_DEFINED_CURVE_FONT('continuous');
#7843 = STYLED_ITEM('color',(#7844),#2268);
#7844 = PRESENTATION_STYLE_ASSIGNMENT((#7845,#7850));
#7845 = SURFACE_STYLE_USAGE(.BOTH.,#7846);
#7846 = SURFACE_SIDE_STYLE('',(#7847));
#7847 = SURFACE_STYLE_FILL_AREA(#7848);
#7848 = FILL_AREA_STYLE('',(#7849));
#7849 = FILL_AREA_STYLE_COLOUR('',#7416);
#7850 = CURVE_STYLE('',#7851,POSITIVE_LENGTH_MEASURE(0.1),#7416);
#7851 = DRAUGHTING_PRE_DEFINED_CURVE_FONT('continuous');
#7852 = STYLED_ITEM('color',(#7853),#2292);
#7853 = PRESENTATION_STYLE_ASSIGNMENT((#7854,#7859));
#7854 = SURFACE_STYLE_USAGE(.BOTH.,#7855);
#7855 = SURFACE_SIDE_STYLE('',(#7856));
#7856 = SURFACE_STYLE_FILL_AREA(#7857);
#7857 = FILL_AREA_STYLE('',(#7858));
#7858 = FILL_AREA_STYLE_COLOUR('',#7416);
#7859 = CURVE_STYLE('',#7860,POSITIVE_LENGTH_MEASURE(0.1),#7416);
#7860 = DRAUGHTING_PRE_DEFINED_CURVE_FONT('continuous');
#7861 = STYLED_ITEM('color',(#7862),#2316);
#7862 = PRESENTATION_STYLE_ASSIGNMENT((#7863,#7868));
#7863 = SURFACE_STYLE_USAGE(.BOTH.,#7864);
#7864 = SURFACE_SIDE_STYLE('',(#7865));
#7865 = SURFACE_STYLE_FILL_AREA(#7866);
#7866 = FILL_AREA_STYLE('',(#7867));
#7867 = FILL_AREA_STYLE_COLOUR('',#7416);
#7868 = CURVE_STYLE('',#7869,POSITIVE_LENGTH_MEASURE(0.1),#7416);
#7869 = DRAUGHTING_PRE_DEFINED_CURVE_FONT('continuous');
#7870 = STYLED_ITEM('color',(#7871),#2333);
#7871 = PRESENTATION_STYLE_ASSIGNMENT((#7872,#7877));
#7872 = SURFACE_STYLE_USAGE(.BOTH.,#7873);
#7873 = SURFACE_SIDE_STYLE('',(#7874));
#7874 = SURFACE_STYLE_FILL_AREA(#7875);
#7875 = FILL_AREA_STYLE('',(#7876));
#7876 = FILL_AREA_STYLE_COLOUR('',#7416);
#7877 = CURVE_STYLE('',#7878,POSITIVE_LENGTH_MEASURE(0.1),#7416);
#7878 = DRAUGHTING_PRE_DEFINED_CURVE_FONT('continuous');
#7879 = STYLED_ITEM('color',(#7880),#2357);
#7880 = PRESENTATION_STYLE_ASSIGNMENT((#7881,#7886));
#7881 = SURFACE_STYLE_USAGE(.BOTH.,#7882);
#7882 = SURFACE_SIDE_STYLE('',(#7883));
#7883 = SURFACE_STYLE_FILL_AREA(#7884);
#7884 = FILL_AREA_STYLE('',(#7885));
#7885 = FILL_AREA_STYLE_COLOUR('',#7416);
#7886 = CURVE_STYLE('',#7887,POSITIVE_LENGTH_MEASURE(0.1),#7416);
#7887 = DRAUGHTING_PRE_DEFINED_CURVE_FONT('continuous');
#7888 = STYLED_ITEM('color',(#7889),#2404);
#7889 = PRESENTATION_STYLE_ASSIGNMENT((#7890,#7895));
#7890 = SURFACE_STYLE_USAGE(.BOTH.,#7891);
#7891 = SURFACE_SIDE_STYLE('',(#7892));
#7892 = SURFACE_STYLE_FILL_AREA(#7893);
#7893 = FILL_AREA_STYLE('',(#7894));
#7894 = FILL_AREA_STYLE_COLOUR('',#7416);
#7895 = CURVE_STYLE('',#7896,POSITIVE_LENGTH_MEASURE(0.1),#7416);
#7896 = DRAUGHTING_PRE_DEFINED_CURVE_FONT('continuous');
#7897 = STYLED_ITEM('color',(#7898),#2428);
#7898 = PRESENTATION_STYLE_ASSIGNMENT((#7899,#7904));
#7899 = SURFACE_STYLE_USAGE(.BOTH.,#7900);
#7900 = SURFACE_SIDE_STYLE('',(#7901));
#7901 = SURFACE_STYLE_FILL_AREA(#7902);
#7902 = FILL_AREA_STYLE('',(#7903));
#7903 = FILL_AREA_STYLE_COLOUR('',#7416);
#7904 = CURVE_STYLE('',#7905,POSITIVE_LENGTH_MEASURE(0.1),#7416);
#7905 = DRAUGHTING_PRE_DEFINED_CURVE_FONT('continuous');
#7906 = STYLED_ITEM('color',(#7907),#2452);
#7907 = PRESENTATION_STYLE_ASSIGNMENT((#7908,#7913));
#7908 = SURFACE_STYLE_USAGE(.BOTH.,#7909);
#7909 = SURFACE_SIDE_STYLE('',(#7910));
#7910 = SURFACE_STYLE_FILL_AREA(#7911);
#7911 = FILL_AREA_STYLE('',(#7912));
#7912 = FILL_AREA_STYLE_COLOUR('',#7416);
#7913 = CURVE_STYLE('',#7914,POSITIVE_LENGTH_MEASURE(0.1),#7416);
#7914 = DRAUGHTING_PRE_DEFINED_CURVE_FONT('continuous');
#7915 = STYLED_ITEM('color',(#7916),#2469);
#7916 = PRESENTATION_STYLE_ASSIGNMENT((#7917,#7922));
#7917 = SURFACE_STYLE_USAGE(.BOTH.,#7918);
#7918 = SURFACE_SIDE_STYLE('',(#7919));
#7919 = SURFACE_STYLE_FILL_AREA(#7920);
#7920 = FILL_AREA_STYLE('',(#7921));
#7921 = FILL_AREA_STYLE_COLOUR('',#7416);
#7922 = CURVE_STYLE('',#7923,POSITIVE_LENGTH_MEASURE(0.1),#7416);
#7923 = DRAUGHTING_PRE_DEFINED_CURVE_FONT('continuous');
#7924 = STYLED_ITEM('color',(#7925),#2486);
#7925 = PRESENTATION_STYLE_ASSIGNMENT((#7926,#7931));
#7926 = SURFACE_STYLE_USAGE(.BOTH.,#7927);
#7927 = SURFACE_SIDE_STYLE('',(#7928));
#7928 = SURFACE_STYLE_FILL_AREA(#7929);
#7929 = FILL_AREA_STYLE('',(#7930));
#7930 = FILL_AREA_STYLE_COLOUR('',#7416);
#7931 = CURVE_STYLE('',#7932,POSITIVE_LENGTH_MEASURE(0.1),#7416);
#7932 = DRAUGHTING_PRE_DEFINED_CURVE_FONT('continuous');
#7933 = STYLED_ITEM('color',(#7934),#2526);
#7934 = PRESENTATION_STYLE_ASSIGNMENT((#7935,#7940));
#7935 = SURFACE_STYLE_USAGE(.BOTH.,#7936);
#7936 = SURFACE_SIDE_STYLE('',(#7937));
#7937 = SURFACE_STYLE_FILL_AREA(#7938);
#7938 = FILL_AREA_STYLE('',(#7939));
#7939 = FILL_AREA_STYLE_COLOUR('',#7416);
#7940 = CURVE_STYLE('',#7941,POSITIVE_LENGTH_MEASURE(0.1),#7416);
#7941 = DRAUGHTING_PRE_DEFINED_CURVE_FONT('continuous');
#7942 = STYLED_ITEM('color',(#7943),#2543);
#7943 = PRESENTATION_STYLE_ASSIGNMENT((#7944,#7949));
#7944 = SURFACE_STYLE_USAGE(.BOTH.,#7945);
#7945 = SURFACE_SIDE_STYLE('',(#7946));
#7946 = SURFACE_STYLE_FILL_AREA(#7947);
#7947 = FILL_AREA_STYLE('',(#7948));
#7948 = FILL_AREA_STYLE_COLOUR('',#7416);
#7949 = CURVE_STYLE('',#7950,POSITIVE_LENGTH_MEASURE(0.1),#7416);
#7950 = DRAUGHTING_PRE_DEFINED_CURVE_FONT('continuous');
#7951 = STYLED_ITEM('color',(#7952),#2557);
#7952 = PRESENTATION_STYLE_ASSIGNMENT((#7953,#7958));
#7953 = SURFACE_STYLE_USAGE(.BOTH.,#7954);
#7954 = SURFACE_SIDE_STYLE('',(#7955));
#7955 = SURFACE_STYLE_FILL_AREA(#7956);
#7956 = FILL_AREA_STYLE('',(#7957));
#7957 = FILL_AREA_STYLE_COLOUR('',#7416);
#7958 = CURVE_STYLE('',#7959,POSITIVE_LENGTH_MEASURE(0.1),#7416);
#7959 = DRAUGHTING_PRE_DEFINED_CURVE_FONT('continuous');
#7960 = STYLED_ITEM('color',(#7961),#2574);
#7961 = PRESENTATION_STYLE_ASSIGNMENT((#7962,#7967));
#7962 = SURFACE_STYLE_USAGE(.BOTH.,#7963);
#7963 = SURFACE_SIDE_STYLE('',(#7964));
#7964 = SURFACE_STYLE_FILL_AREA(#7965);
#7965 = FILL_AREA_STYLE('',(#7966));
#7966 = FILL_AREA_STYLE_COLOUR('',#7552);
#7967 = CURVE_STYLE('',#7968,POSITIVE_LENGTH_MEASURE(0.1),#7552);
#7968 = DRAUGHTING_PRE_DEFINED_CURVE_FONT('continuous');
#7969 = STYLED_ITEM('color',(#7970),#2591);
#7970 = PRESENTATION_STYLE_ASSIGNMENT((#7971,#7976));
#7971 = SURFACE_STYLE_USAGE(.BOTH.,#7972);
#7972 = SURFACE_SIDE_STYLE('',(#7973));
#7973 = SURFACE_STYLE_FILL_AREA(#7974);
#7974 = FILL_AREA_STYLE('',(#7975));
#7975 = FILL_AREA_STYLE_COLOUR('',#7552);
#7976 = CURVE_STYLE('',#7977,POSITIVE_LENGTH_MEASURE(0.1),#7552);
#7977 = DRAUGHTING_PRE_DEFINED_CURVE_FONT('continuous');
#7978 = STYLED_ITEM('color',(#7979),#2608);
#7979 = PRESENTATION_STYLE_ASSIGNMENT((#7980,#7985));
#7980 = SURFACE_STYLE_USAGE(.BOTH.,#7981);
#7981 = SURFACE_SIDE_STYLE('',(#7982));
#7982 = SURFACE_STYLE_FILL_AREA(#7983);
#7983 = FILL_AREA_STYLE('',(#7984));
#7984 = FILL_AREA_STYLE_COLOUR('',#7552);
#7985 = CURVE_STYLE('',#7986,POSITIVE_LENGTH_MEASURE(0.1),#7552);
#7986 = DRAUGHTING_PRE_DEFINED_CURVE_FONT('continuous');
#7987 = STYLED_ITEM('color',(#7988),#2625);
#7988 = PRESENTATION_STYLE_ASSIGNMENT((#7989,#7994));
#7989 = SURFACE_STYLE_USAGE(.BOTH.,#7990);
#7990 = SURFACE_SIDE_STYLE('',(#7991));
#7991 = SURFACE_STYLE_FILL_AREA(#7992);
#7992 = FILL_AREA_STYLE('',(#7993));
#7993 = FILL_AREA_STYLE_COLOUR('',#7552);
#7994 = CURVE_STYLE('',#7995,POSITIVE_LENGTH_MEASURE(0.1),#7552);
#7995 = DRAUGHTING_PRE_DEFINED_CURVE_FONT('continuous');
#7996 = STYLED_ITEM('color',(#7997),#2642);
#7997 = PRESENTATION_STYLE_ASSIGNMENT((#7998,#8003));
#7998 = SURFACE_STYLE_USAGE(.BOTH.,#7999);
#7999 = SURFACE_SIDE_STYLE('',(#8000));
#8000 = SURFACE_STYLE_FILL_AREA(#8001);
#8001 = FILL_AREA_STYLE('',(#8002));
#8002 = FILL_AREA_STYLE_COLOUR('',#7552);
#8003 = CURVE_STYLE('',#8004,POSITIVE_LENGTH_MEASURE(0.1),#7552);
#8004 = DRAUGHTING_PRE_DEFINED_CURVE_FONT('continuous');
#8005 = STYLED_ITEM('color',(#8006),#2659);
#8006 = PRESENTATION_STYLE_ASSIGNMENT((#8007,#8012));
#8007 = SURFACE_STYLE_USAGE(.BOTH.,#8008);
#8008 = SURFACE_SIDE_STYLE('',(#8009));
#8009 = SURFACE_STYLE_FILL_AREA(#8010);
#8010 = FILL_AREA_STYLE('',(#8011));
#8011 = FILL_AREA_STYLE_COLOUR('',#7552);
#8012 = CURVE_STYLE('',#8013,POSITIVE_LENGTH_MEASURE(0.1),#7552);
#8013 = DRAUGHTING_PRE_DEFINED_CURVE_FONT('continuous');
#8014 = STYLED_ITEM('color',(#8015),#2676);
#8015 = PRESENTATION_STYLE_ASSIGNMENT((#8016,#8021));
#8016 = SURFACE_STYLE_USAGE(.BOTH.,#8017);
#8017 = SURFACE_SIDE_STYLE('',(#8018));
#8018 = SURFACE_STYLE_FILL_AREA(#8019);
#8019 = FILL_AREA_STYLE('',(#8020));
#8020 = FILL_AREA_STYLE_COLOUR('',#7552);
#8021 = CURVE_STYLE('',#8022,POSITIVE_LENGTH_MEASURE(0.1),#7552);
#8022 = DRAUGHTING_PRE_DEFINED_CURVE_FONT('continuous');
#8023 = STYLED_ITEM('color',(#8024),#2693);
#8024 = PRESENTATION_STYLE_ASSIGNMENT((#8025,#8030));
#8025 = SURFACE_STYLE_USAGE(.BOTH.,#8026);
#8026 = SURFACE_SIDE_STYLE('',(#8027));
#8027 = SURFACE_STYLE_FILL_AREA(#8028);
#8028 = FILL_AREA_STYLE('',(#8029));
#8029 = FILL_AREA_STYLE_COLOUR('',#7552);
#8030 = CURVE_STYLE('',#8031,POSITIVE_LENGTH_MEASURE(0.1),#7552);
#8031 = DRAUGHTING_PRE_DEFINED_CURVE_FONT('continuous');
#8032 = STYLED_ITEM('color',(#8033),#2710);
#8033 = PRESENTATION_STYLE_ASSIGNMENT((#8034,#8039));
#8034 = SURFACE_STYLE_USAGE(.BOTH.,#8035);
#8035 = SURFACE_SIDE_STYLE('',(#8036));
#8036 = SURFACE_STYLE_FILL_AREA(#8037);
#8037 = FILL_AREA_STYLE('',(#8038));
#8038 = FILL_AREA_STYLE_COLOUR('',#7416);
#8039 = CURVE_STYLE('',#8040,POSITIVE_LENGTH_MEASURE(0.1),#7416);
#8040 = DRAUGHTING_PRE_DEFINED_CURVE_FONT('continuous');
#8041 = STYLED_ITEM('color',(#8042),#2734);
#8042 = PRESENTATION_STYLE_ASSIGNMENT((#8043,#8048));
#8043 = SURFACE_STYLE_USAGE(.BOTH.,#8044);
#8044 = SURFACE_SIDE_STYLE('',(#8045));
#8045 = SURFACE_STYLE_FILL_AREA(#8046);
#8046 = FILL_AREA_STYLE('',(#8047));
#8047 = FILL_AREA_STYLE_COLOUR('',#7416);
#8048 = CURVE_STYLE('',#8049,POSITIVE_LENGTH_MEASURE(0.1),#7416);
#8049 = DRAUGHTING_PRE_DEFINED_CURVE_FONT('continuous');
#8050 = STYLED_ITEM('color',(#8051),#2751);
#8051 = PRESENTATION_STYLE_ASSIGNMENT((#8052,#8057));
#8052 = SURFACE_STYLE_USAGE(.BOTH.,#8053);
#8053 = SURFACE_SIDE_STYLE('',(#8054));
#8054 = SURFACE_STYLE_FILL_AREA(#8055);
#8055 = FILL_AREA_STYLE('',(#8056));
#8056 = FILL_AREA_STYLE_COLOUR('',#7416);
#8057 = CURVE_STYLE('',#8058,POSITIVE_LENGTH_MEASURE(0.1),#7416);
#8058 = DRAUGHTING_PRE_DEFINED_CURVE_FONT('continuous');
#8059 = STYLED_ITEM('color',(#8060),#2768);
#8060 = PRESENTATION_STYLE_ASSIGNMENT((#8061,#8066));
#8061 = SURFACE_STYLE_USAGE(.BOTH.,#8062);
#8062 = SURFACE_SIDE_STYLE('',(#8063));
#8063 = SURFACE_STYLE_FILL_AREA(#8064);
#8064 = FILL_AREA_STYLE('',(#8065));
#8065 = FILL_AREA_STYLE_COLOUR('',#7416);
#8066 = CURVE_STYLE('',#8067,POSITIVE_LENGTH_MEASURE(0.1),#7416);
#8067 = DRAUGHTING_PRE_DEFINED_CURVE_FONT('continuous');
#8068 = STYLED_ITEM('color',(#8069),#2780);
#8069 = PRESENTATION_STYLE_ASSIGNMENT((#8070,#8075));
#8070 = SURFACE_STYLE_USAGE(.BOTH.,#8071);
#8071 = SURFACE_SIDE_STYLE('',(#8072));
#8072 = SURFACE_STYLE_FILL_AREA(#8073);
#8073 = FILL_AREA_STYLE('',(#8074));
#8074 = FILL_AREA_STYLE_COLOUR('',#7552);
#8075 = CURVE_STYLE('',#8076,POSITIVE_LENGTH_MEASURE(0.1),#7552);
#8076 = DRAUGHTING_PRE_DEFINED_CURVE_FONT('continuous');
#8077 = STYLED_ITEM('color',(#8078),#2800);
#8078 = PRESENTATION_STYLE_ASSIGNMENT((#8079,#8084));
#8079 = SURFACE_STYLE_USAGE(.BOTH.,#8080);
#8080 = SURFACE_SIDE_STYLE('',(#8081));
#8081 = SURFACE_STYLE_FILL_AREA(#8082);
#8082 = FILL_AREA_STYLE('',(#8083));
#8083 = FILL_AREA_STYLE_COLOUR('',#7552);
#8084 = CURVE_STYLE('',#8085,POSITIVE_LENGTH_MEASURE(0.1),#7552);
#8085 = DRAUGHTING_PRE_DEFINED_CURVE_FONT('continuous');
#8086 = STYLED_ITEM('color',(#8087),#2812);
#8087 = PRESENTATION_STYLE_ASSIGNMENT((#8088,#8093));
#8088 = SURFACE_STYLE_USAGE(.BOTH.,#8089);
#8089 = SURFACE_SIDE_STYLE('',(#8090));
#8090 = SURFACE_STYLE_FILL_AREA(#8091);
#8091 = FILL_AREA_STYLE('',(#8092));
#8092 = FILL_AREA_STYLE_COLOUR('',#7552);
#8093 = CURVE_STYLE('',#8094,POSITIVE_LENGTH_MEASURE(0.1),#7552);
#8094 = DRAUGHTING_PRE_DEFINED_CURVE_FONT('continuous');
#8095 = STYLED_ITEM('color',(#8096),#2824);
#8096 = PRESENTATION_STYLE_ASSIGNMENT((#8097,#8102));
#8097 = SURFACE_STYLE_USAGE(.BOTH.,#8098);
#8098 = SURFACE_SIDE_STYLE('',(#8099));
#8099 = SURFACE_STYLE_FILL_AREA(#8100);
#8100 = FILL_AREA_STYLE('',(#8101));
#8101 = FILL_AREA_STYLE_COLOUR('',#7552);
#8102 = CURVE_STYLE('',#8103,POSITIVE_LENGTH_MEASURE(0.1),#7552);
#8103 = DRAUGHTING_PRE_DEFINED_CURVE_FONT('continuous');
#8104 = STYLED_ITEM('color',(#8105),#2841);
#8105 = PRESENTATION_STYLE_ASSIGNMENT((#8106,#8111));
#8106 = SURFACE_STYLE_USAGE(.BOTH.,#8107);
#8107 = SURFACE_SIDE_STYLE('',(#8108));
#8108 = SURFACE_STYLE_FILL_AREA(#8109);
#8109 = FILL_AREA_STYLE('',(#8110));
#8110 = FILL_AREA_STYLE_COLOUR('',#7552);
#8111 = CURVE_STYLE('',#8112,POSITIVE_LENGTH_MEASURE(0.1),#7552);
#8112 = DRAUGHTING_PRE_DEFINED_CURVE_FONT('continuous');
#8113 = STYLED_ITEM('color',(#8114),#2853);
#8114 = PRESENTATION_STYLE_ASSIGNMENT((#8115,#8120));
#8115 = SURFACE_STYLE_USAGE(.BOTH.,#8116);
#8116 = SURFACE_SIDE_STYLE('',(#8117));
#8117 = SURFACE_STYLE_FILL_AREA(#8118);
#8118 = FILL_AREA_STYLE('',(#8119));
#8119 = FILL_AREA_STYLE_COLOUR('',#7552);
#8120 = CURVE_STYLE('',#8121,POSITIVE_LENGTH_MEASURE(0.1),#7552);
#8121 = DRAUGHTING_PRE_DEFINED_CURVE_FONT('continuous');
#8122 = STYLED_ITEM('color',(#8123),#2870);
#8123 = PRESENTATION_STYLE_ASSIGNMENT((#8124,#8129));
#8124 = SURFACE_STYLE_USAGE(.BOTH.,#8125);
#8125 = SURFACE_SIDE_STYLE('',(#8126));
#8126 = SURFACE_STYLE_FILL_AREA(#8127);
#8127 = FILL_AREA_STYLE('',(#8128));
#8128 = FILL_AREA_STYLE_COLOUR('',#7552);
#8129 = CURVE_STYLE('',#8130,POSITIVE_LENGTH_MEASURE(0.1),#7552);
#8130 = DRAUGHTING_PRE_DEFINED_CURVE_FONT('continuous');
#8131 = STYLED_ITEM('color',(#8132),#2882);
#8132 = PRESENTATION_STYLE_ASSIGNMENT((#8133,#8138));
#8133 = SURFACE_STYLE_USAGE(.BOTH.,#8134);
#8134 = SURFACE_SIDE_STYLE('',(#8135));
#8135 = SURFACE_STYLE_FILL_AREA(#8136);
#8136 = FILL_AREA_STYLE('',(#8137));
#8137 = FILL_AREA_STYLE_COLOUR('',#7552);
#8138 = CURVE_STYLE('',#8139,POSITIVE_LENGTH_MEASURE(0.1),#7552);
#8139 = DRAUGHTING_PRE_DEFINED_CURVE_FONT('continuous');
#8140 = STYLED_ITEM('color',(#8141),#2899);
#8141 = PRESENTATION_STYLE_ASSIGNMENT((#8142,#8147));
#8142 = SURFACE_STYLE_USAGE(.BOTH.,#8143);
#8143 = SURFACE_SIDE_STYLE('',(#8144));
#8144 = SURFACE_STYLE_FILL_AREA(#8145);
#8145 = FILL_AREA_STYLE('',(#8146));
#8146 = FILL_AREA_STYLE_COLOUR('',#7552);
#8147 = CURVE_STYLE('',#8148,POSITIVE_LENGTH_MEASURE(0.1),#7552);
#8148 = DRAUGHTING_PRE_DEFINED_CURVE_FONT('continuous');
#8149 = STYLED_ITEM('color',(#8150),#2911);
#8150 = PRESENTATION_STYLE_ASSIGNMENT((#8151,#8156));
#8151 = SURFACE_STYLE_USAGE(.BOTH.,#8152);
#8152 = SURFACE_SIDE_STYLE('',(#8153));
#8153 = SURFACE_STYLE_FILL_AREA(#8154);
#8154 = FILL_AREA_STYLE('',(#8155));
#8155 = FILL_AREA_STYLE_COLOUR('',#7552);
#8156 = CURVE_STYLE('',#8157,POSITIVE_LENGTH_MEASURE(0.1),#7552);
#8157 = DRAUGHTING_PRE_DEFINED_CURVE_FONT('continuous');
#8158 = STYLED_ITEM('color',(#8159),#2928);
#8159 = PRESENTATION_STYLE_ASSIGNMENT((#8160,#8165));
#8160 = SURFACE_STYLE_USAGE(.BOTH.,#8161);
#8161 = SURFACE_SIDE_STYLE('',(#8162));
#8162 = SURFACE_STYLE_FILL_AREA(#8163);
#8163 = FILL_AREA_STYLE('',(#8164));
#8164 = FILL_AREA_STYLE_COLOUR('',#7552);
#8165 = CURVE_STYLE('',#8166,POSITIVE_LENGTH_MEASURE(0.1),#7552);
#8166 = DRAUGHTING_PRE_DEFINED_CURVE_FONT('continuous');
#8167 = STYLED_ITEM('color',(#8168),#2940);
#8168 = PRESENTATION_STYLE_ASSIGNMENT((#8169,#8174));
#8169 = SURFACE_STYLE_USAGE(.BOTH.,#8170);
#8170 = SURFACE_SIDE_STYLE('',(#8171));
#8171 = SURFACE_STYLE_FILL_AREA(#8172);
#8172 = FILL_AREA_STYLE('',(#8173));
#8173 = FILL_AREA_STYLE_COLOUR('',#7552);
#8174 = CURVE_STYLE('',#8175,POSITIVE_LENGTH_MEASURE(0.1),#7552);
#8175 = DRAUGHTING_PRE_DEFINED_CURVE_FONT('continuous');
#8176 = STYLED_ITEM('color',(#8177),#2957);
#8177 = PRESENTATION_STYLE_ASSIGNMENT((#8178,#8183));
#8178 = SURFACE_STYLE_USAGE(.BOTH.,#8179);
#8179 = SURFACE_SIDE_STYLE('',(#8180));
#8180 = SURFACE_STYLE_FILL_AREA(#8181);
#8181 = FILL_AREA_STYLE('',(#8182));
#8182 = FILL_AREA_STYLE_COLOUR('',#7552);
#8183 = CURVE_STYLE('',#8184,POSITIVE_LENGTH_MEASURE(0.1),#7552);
#8184 = DRAUGHTING_PRE_DEFINED_CURVE_FONT('continuous');
#8185 = STYLED_ITEM('color',(#8186),#2969);
#8186 = PRESENTATION_STYLE_ASSIGNMENT((#8187,#8192));
#8187 = SURFACE_STYLE_USAGE(.BOTH.,#8188);
#8188 = SURFACE_SIDE_STYLE('',(#8189));
#8189 = SURFACE_STYLE_FILL_AREA(#8190);
#8190 = FILL_AREA_STYLE('',(#8191));
#8191 = FILL_AREA_STYLE_COLOUR('',#7552);
#8192 = CURVE_STYLE('',#8193,POSITIVE_LENGTH_MEASURE(0.1),#7552);
#8193 = DRAUGHTING_PRE_DEFINED_CURVE_FONT('continuous');
#8194 = STYLED_ITEM('color',(#8195),#2986);
#8195 = PRESENTATION_STYLE_ASSIGNMENT((#8196,#8201));
#8196 = SURFACE_STYLE_USAGE(.BOTH.,#8197);
#8197 = SURFACE_SIDE_STYLE('',(#8198));
#8198 = SURFACE_STYLE_FILL_AREA(#8199);
#8199 = FILL_AREA_STYLE('',(#8200));
#8200 = FILL_AREA_STYLE_COLOUR('',#7552);
#8201 = CURVE_STYLE('',#8202,POSITIVE_LENGTH_MEASURE(0.1),#7552);
#8202 = DRAUGHTING_PRE_DEFINED_CURVE_FONT('continuous');
#8203 = STYLED_ITEM('color',(#8204),#2998);
#8204 = PRESENTATION_STYLE_ASSIGNMENT((#8205,#8210));
#8205 = SURFACE_STYLE_USAGE(.BOTH.,#8206);
#8206 = SURFACE_SIDE_STYLE('',(#8207));
#8207 = SURFACE_STYLE_FILL_AREA(#8208);
#8208 = FILL_AREA_STYLE('',(#8209));
#8209 = FILL_AREA_STYLE_COLOUR('',#7552);
#8210 = CURVE_STYLE('',#8211,POSITIVE_LENGTH_MEASURE(0.1),#7552);
#8211 = DRAUGHTING_PRE_DEFINED_CURVE_FONT('continuous');
#8212 = STYLED_ITEM('color',(#8213),#3015);
#8213 = PRESENTATION_STYLE_ASSIGNMENT((#8214,#8219));
#8214 = SURFACE_STYLE_USAGE(.BOTH.,#8215);
#8215 = SURFACE_SIDE_STYLE('',(#8216));
#8216 = SURFACE_STYLE_FILL_AREA(#8217);
#8217 = FILL_AREA_STYLE('',(#8218));
#8218 = FILL_AREA_STYLE_COLOUR('',#7552);
#8219 = CURVE_STYLE('',#8220,POSITIVE_LENGTH_MEASURE(0.1),#7552);
#8220 = DRAUGHTING_PRE_DEFINED_CURVE_FONT('continuous');
#8221 = STYLED_ITEM('color',(#8222),#3027);
#8222 = PRESENTATION_STYLE_ASSIGNMENT((#8223,#8228));
#8223 = SURFACE_STYLE_USAGE(.BOTH.,#8224);
#8224 = SURFACE_SIDE_STYLE('',(#8225));
#8225 = SURFACE_STYLE_FILL_AREA(#8226);
#8226 = FILL_AREA_STYLE('',(#8227));
#8227 = FILL_AREA_STYLE_COLOUR('',#7552);
#8228 = CURVE_STYLE('',#8229,POSITIVE_LENGTH_MEASURE(0.1),#7552);
#8229 = DRAUGHTING_PRE_DEFINED_CURVE_FONT('continuous');
#8230 = STYLED_ITEM('color',(#8231),#3044);
#8231 = PRESENTATION_STYLE_ASSIGNMENT((#8232,#8237));
#8232 = SURFACE_STYLE_USAGE(.BOTH.,#8233);
#8233 = SURFACE_SIDE_STYLE('',(#8234));
#8234 = SURFACE_STYLE_FILL_AREA(#8235);
#8235 = FILL_AREA_STYLE('',(#8236));
#8236 = FILL_AREA_STYLE_COLOUR('',#7552);
#8237 = CURVE_STYLE('',#8238,POSITIVE_LENGTH_MEASURE(0.1),#7552);
#8238 = DRAUGHTING_PRE_DEFINED_CURVE_FONT('continuous');
#8239 = STYLED_ITEM('color',(#8240),#3056);
#8240 = PRESENTATION_STYLE_ASSIGNMENT((#8241,#8246));
#8241 = SURFACE_STYLE_USAGE(.BOTH.,#8242);
#8242 = SURFACE_SIDE_STYLE('',(#8243));
#8243 = SURFACE_STYLE_FILL_AREA(#8244);
#8244 = FILL_AREA_STYLE('',(#8245));
#8245 = FILL_AREA_STYLE_COLOUR('',#7416);
#8246 = CURVE_STYLE('',#8247,POSITIVE_LENGTH_MEASURE(0.1),#7416);
#8247 = DRAUGHTING_PRE_DEFINED_CURVE_FONT('continuous');
#8248 = STYLED_ITEM('color',(#8249),#3068);
#8249 = PRESENTATION_STYLE_ASSIGNMENT((#8250,#8255));
#8250 = SURFACE_STYLE_USAGE(.BOTH.,#8251);
#8251 = SURFACE_SIDE_STYLE('',(#8252));
#8252 = SURFACE_STYLE_FILL_AREA(#8253);
#8253 = FILL_AREA_STYLE('',(#8254));
#8254 = FILL_AREA_STYLE_COLOUR('',#7416);
#8255 = CURVE_STYLE('',#8256,POSITIVE_LENGTH_MEASURE(0.1),#7416);
#8256 = DRAUGHTING_PRE_DEFINED_CURVE_FONT('continuous');
#8257 = STYLED_ITEM('color',(#8258),#3352);
#8258 = PRESENTATION_STYLE_ASSIGNMENT((#8259,#8264));
#8259 = SURFACE_STYLE_USAGE(.BOTH.,#8260);
#8260 = SURFACE_SIDE_STYLE('',(#8261));
#8261 = SURFACE_STYLE_FILL_AREA(#8262);
#8262 = FILL_AREA_STYLE('',(#8263));
#8263 = FILL_AREA_STYLE_COLOUR('',#7416);
#8264 = CURVE_STYLE('',#8265,POSITIVE_LENGTH_MEASURE(0.1),#7416);
#8265 = DRAUGHTING_PRE_DEFINED_CURVE_FONT('continuous');
#8266 = STYLED_ITEM('color',(#8267),#3364);
#8267 = PRESENTATION_STYLE_ASSIGNMENT((#8268,#8273));
#8268 = SURFACE_STYLE_USAGE(.BOTH.,#8269);
#8269 = SURFACE_SIDE_STYLE('',(#8270));
#8270 = SURFACE_STYLE_FILL_AREA(#8271);
#8271 = FILL_AREA_STYLE('',(#8272));
#8272 = FILL_AREA_STYLE_COLOUR('',#7552);
#8273 = CURVE_STYLE('',#8274,POSITIVE_LENGTH_MEASURE(0.1),#7552);
#8274 = DRAUGHTING_PRE_DEFINED_CURVE_FONT('continuous');
#8275 = STYLED_ITEM('color',(#8276),#3395);
#8276 = PRESENTATION_STYLE_ASSIGNMENT((#8277,#8282));
#8277 = SURFACE_STYLE_USAGE(.BOTH.,#8278);
#8278 = SURFACE_SIDE_STYLE('',(#8279));
#8279 = SURFACE_STYLE_FILL_AREA(#8280);
#8280 = FILL_AREA_STYLE('',(#8281));
#8281 = FILL_AREA_STYLE_COLOUR('',#7552);
#8282 = CURVE_STYLE('',#8283,POSITIVE_LENGTH_MEASURE(0.1),#7552);
#8283 = DRAUGHTING_PRE_DEFINED_CURVE_FONT('continuous');
#8284 = STYLED_ITEM('color',(#8285),#3419);
#8285 = PRESENTATION_STYLE_ASSIGNMENT((#8286,#8291));
#8286 = SURFACE_STYLE_USAGE(.BOTH.,#8287);
#8287 = SURFACE_SIDE_STYLE('',(#8288));
#8288 = SURFACE_STYLE_FILL_AREA(#8289);
#8289 = FILL_AREA_STYLE('',(#8290));
#8290 = FILL_AREA_STYLE_COLOUR('',#7552);
#8291 = CURVE_STYLE('',#8292,POSITIVE_LENGTH_MEASURE(0.1),#7552);
#8292 = DRAUGHTING_PRE_DEFINED_CURVE_FONT('continuous');
#8293 = STYLED_ITEM('color',(#8294),#3443);
#8294 = PRESENTATION_STYLE_ASSIGNMENT((#8295,#8300));
#8295 = SURFACE_STYLE_USAGE(.BOTH.,#8296);
#8296 = SURFACE_SIDE_STYLE('',(#8297));
#8297 = SURFACE_STYLE_FILL_AREA(#8298);
#8298 = FILL_AREA_STYLE('',(#8299));
#8299 = FILL_AREA_STYLE_COLOUR('',#7552);
#8300 = CURVE_STYLE('',#8301,POSITIVE_LENGTH_MEASURE(0.1),#7552);
#8301 = DRAUGHTING_PRE_DEFINED_CURVE_FONT('continuous');
#8302 = STYLED_ITEM('color',(#8303),#3460);
#8303 = PRESENTATION_STYLE_ASSIGNMENT((#8304,#8309));
#8304 = SURFACE_STYLE_USAGE(.BOTH.,#8305);
#8305 = SURFACE_SIDE_STYLE('',(#8306));
#8306 = SURFACE_STYLE_FILL_AREA(#8307);
#8307 = FILL_AREA_STYLE('',(#8308));
#8308 = FILL_AREA_STYLE_COLOUR('',#7552);
#8309 = CURVE_STYLE('',#8310,POSITIVE_LENGTH_MEASURE(0.1),#7552);
#8310 = DRAUGHTING_PRE_DEFINED_CURVE_FONT('continuous');
#8311 = STYLED_ITEM('color',(#8312),#3491);
#8312 = PRESENTATION_STYLE_ASSIGNMENT((#8313,#8318));
#8313 = SURFACE_STYLE_USAGE(.BOTH.,#8314);
#8314 = SURFACE_SIDE_STYLE('',(#8315));
#8315 = SURFACE_STYLE_FILL_AREA(#8316);
#8316 = FILL_AREA_STYLE('',(#8317));
#8317 = FILL_AREA_STYLE_COLOUR('',#7552);
#8318 = CURVE_STYLE('',#8319,POSITIVE_LENGTH_MEASURE(0.1),#7552);
#8319 = DRAUGHTING_PRE_DEFINED_CURVE_FONT('continuous');
#8320 = STYLED_ITEM('color',(#8321),#3515);
#8321 = PRESENTATION_STYLE_ASSIGNMENT((#8322,#8327));
#8322 = SURFACE_STYLE_USAGE(.BOTH.,#8323);
#8323 = SURFACE_SIDE_STYLE('',(#8324));
#8324 = SURFACE_STYLE_FILL_AREA(#8325);
#8325 = FILL_AREA_STYLE('',(#8326));
#8326 = FILL_AREA_STYLE_COLOUR('',#7552);
#8327 = CURVE_STYLE('',#8328,POSITIVE_LENGTH_MEASURE(0.1),#7552);
#8328 = DRAUGHTING_PRE_DEFINED_CURVE_FONT('continuous');
#8329 = STYLED_ITEM('color',(#8330),#3539);
#8330 = PRESENTATION_STYLE_ASSIGNMENT((#8331,#8336));
#8331 = SURFACE_STYLE_USAGE(.BOTH.,#8332);
#8332 = SURFACE_SIDE_STYLE('',(#8333));
#8333 = SURFACE_STYLE_FILL_AREA(#8334);
#8334 = FILL_AREA_STYLE('',(#8335));
#8335 = FILL_AREA_STYLE_COLOUR('',#7552);
#8336 = CURVE_STYLE('',#8337,POSITIVE_LENGTH_MEASURE(0.1),#7552);
#8337 = DRAUGHTING_PRE_DEFINED_CURVE_FONT('continuous');
#8338 = STYLED_ITEM('color',(#8339),#3556);
#8339 = PRESENTATION_STYLE_ASSIGNMENT((#8340,#8345));
#8340 = SURFACE_STYLE_USAGE(.BOTH.,#8341);
#8341 = SURFACE_SIDE_STYLE('',(#8342));
#8342 = SURFACE_STYLE_FILL_AREA(#8343);
#8343 = FILL_AREA_STYLE('',(#8344));
#8344 = FILL_AREA_STYLE_COLOUR('',#7552);
#8345 = CURVE_STYLE('',#8346,POSITIVE_LENGTH_MEASURE(0.1),#7552);
#8346 = DRAUGHTING_PRE_DEFINED_CURVE_FONT('continuous');
#8347 = STYLED_ITEM('color',(#8348),#3587);
#8348 = PRESENTATION_STYLE_ASSIGNMENT((#8349,#8354));
#8349 = SURFACE_STYLE_USAGE(.BOTH.,#8350);
#8350 = SURFACE_SIDE_STYLE('',(#8351));
#8351 = SURFACE_STYLE_FILL_AREA(#8352);
#8352 = FILL_AREA_STYLE('',(#8353));
#8353 = FILL_AREA_STYLE_COLOUR('',#7552);
#8354 = CURVE_STYLE('',#8355,POSITIVE_LENGTH_MEASURE(0.1),#7552);
#8355 = DRAUGHTING_PRE_DEFINED_CURVE_FONT('continuous');
#8356 = STYLED_ITEM('color',(#8357),#3611);
#8357 = PRESENTATION_STYLE_ASSIGNMENT((#8358,#8363));
#8358 = SURFACE_STYLE_USAGE(.BOTH.,#8359);
#8359 = SURFACE_SIDE_STYLE('',(#8360));
#8360 = SURFACE_STYLE_FILL_AREA(#8361);
#8361 = FILL_AREA_STYLE('',(#8362));
#8362 = FILL_AREA_STYLE_COLOUR('',#7552);
#8363 = CURVE_STYLE('',#8364,POSITIVE_LENGTH_MEASURE(0.1),#7552);
#8364 = DRAUGHTING_PRE_DEFINED_CURVE_FONT('continuous');
#8365 = STYLED_ITEM('color',(#8366),#3635);
#8366 = PRESENTATION_STYLE_ASSIGNMENT((#8367,#8372));
#8367 = SURFACE_STYLE_USAGE(.BOTH.,#8368);
#8368 = SURFACE_SIDE_STYLE('',(#8369));
#8369 = SURFACE_STYLE_FILL_AREA(#8370);
#8370 = FILL_AREA_STYLE('',(#8371));
#8371 = FILL_AREA_STYLE_COLOUR('',#7552);
#8372 = CURVE_STYLE('',#8373,POSITIVE_LENGTH_MEASURE(0.1),#7552);
#8373 = DRAUGHTING_PRE_DEFINED_CURVE_FONT('continuous');
#8374 = STYLED_ITEM('color',(#8375),#3652);
#8375 = PRESENTATION_STYLE_ASSIGNMENT((#8376,#8381));
#8376 = SURFACE_STYLE_USAGE(.BOTH.,#8377);
#8377 = SURFACE_SIDE_STYLE('',(#8378));
#8378 = SURFACE_STYLE_FILL_AREA(#8379);
#8379 = FILL_AREA_STYLE('',(#8380));
#8380 = FILL_AREA_STYLE_COLOUR('',#7552);
#8381 = CURVE_STYLE('',#8382,POSITIVE_LENGTH_MEASURE(0.1),#7552);
#8382 = DRAUGHTING_PRE_DEFINED_CURVE_FONT('continuous');
#8383 = STYLED_ITEM('color',(#8384),#3683);
#8384 = PRESENTATION_STYLE_ASSIGNMENT((#8385,#8390));
#8385 = SURFACE_STYLE_USAGE(.BOTH.,#8386);
#8386 = SURFACE_SIDE_STYLE('',(#8387));
#8387 = SURFACE_STYLE_FILL_AREA(#8388);
#8388 = FILL_AREA_STYLE('',(#8389));
#8389 = FILL_AREA_STYLE_COLOUR('',#7552);
#8390 = CURVE_STYLE('',#8391,POSITIVE_LENGTH_MEASURE(0.1),#7552);
#8391 = DRAUGHTING_PRE_DEFINED_CURVE_FONT('continuous');
#8392 = STYLED_ITEM('color',(#8393),#3707);
#8393 = PRESENTATION_STYLE_ASSIGNMENT((#8394,#8399));
#8394 = SURFACE_STYLE_USAGE(.BOTH.,#8395);
#8395 = SURFACE_SIDE_STYLE('',(#8396));
#8396 = SURFACE_STYLE_FILL_AREA(#8397);
#8397 = FILL_AREA_STYLE('',(#8398));
#8398 = FILL_AREA_STYLE_COLOUR('',#7552);
#8399 = CURVE_STYLE('',#8400,POSITIVE_LENGTH_MEASURE(0.1),#7552);
#8400 = DRAUGHTING_PRE_DEFINED_CURVE_FONT('continuous');
#8401 = STYLED_ITEM('color',(#8402),#3731);
#8402 = PRESENTATION_STYLE_ASSIGNMENT((#8403,#8408));
#8403 = SURFACE_STYLE_USAGE(.BOTH.,#8404);
#8404 = SURFACE_SIDE_STYLE('',(#8405));
#8405 = SURFACE_STYLE_FILL_AREA(#8406);
#8406 = FILL_AREA_STYLE('',(#8407));
#8407 = FILL_AREA_STYLE_COLOUR('',#7552);
#8408 = CURVE_STYLE('',#8409,POSITIVE_LENGTH_MEASURE(0.1),#7552);
#8409 = DRAUGHTING_PRE_DEFINED_CURVE_FONT('continuous');
#8410 = STYLED_ITEM('color',(#8411),#3748);
#8411 = PRESENTATION_STYLE_ASSIGNMENT((#8412,#8417));
#8412 = SURFACE_STYLE_USAGE(.BOTH.,#8413);
#8413 = SURFACE_SIDE_STYLE('',(#8414));
#8414 = SURFACE_STYLE_FILL_AREA(#8415);
#8415 = FILL_AREA_STYLE('',(#8416));
#8416 = FILL_AREA_STYLE_COLOUR('',#7552);
#8417 = CURVE_STYLE('',#8418,POSITIVE_LENGTH_MEASURE(0.1),#7552);
#8418 = DRAUGHTING_PRE_DEFINED_CURVE_FONT('continuous');
#8419 = STYLED_ITEM('color',(#8420),#3779);
#8420 = PRESENTATION_STYLE_ASSIGNMENT((#8421,#8426));
#8421 = SURFACE_STYLE_USAGE(.BOTH.,#8422);
#8422 = SURFACE_SIDE_STYLE('',(#8423));
#8423 = SURFACE_STYLE_FILL_AREA(#8424);
#8424 = FILL_AREA_STYLE('',(#8425));
#8425 = FILL_AREA_STYLE_COLOUR('',#7552);
#8426 = CURVE_STYLE('',#8427,POSITIVE_LENGTH_MEASURE(0.1),#7552);
#8427 = DRAUGHTING_PRE_DEFINED_CURVE_FONT('continuous');
#8428 = STYLED_ITEM('color',(#8429),#3803);
#8429 = PRESENTATION_STYLE_ASSIGNMENT((#8430,#8435));
#8430 = SURFACE_STYLE_USAGE(.BOTH.,#8431);
#8431 = SURFACE_SIDE_STYLE('',(#8432));
#8432 = SURFACE_STYLE_FILL_AREA(#8433);
#8433 = FILL_AREA_STYLE('',(#8434));
#8434 = FILL_AREA_STYLE_COLOUR('',#7552);
#8435 = CURVE_STYLE('',#8436,POSITIVE_LENGTH_MEASURE(0.1),#7552);
#8436 = DRAUGHTING_PRE_DEFINED_CURVE_FONT('continuous');
#8437 = STYLED_ITEM('color',(#8438),#3827);
#8438 = PRESENTATION_STYLE_ASSIGNMENT((#8439,#8444));
#8439 = SURFACE_STYLE_USAGE(.BOTH.,#8440);
#8440 = SURFACE_SIDE_STYLE('',(#8441));
#8441 = SURFACE_STYLE_FILL_AREA(#8442);
#8442 = FILL_AREA_STYLE('',(#8443));
#8443 = FILL_AREA_STYLE_COLOUR('',#7552);
#8444 = CURVE_STYLE('',#8445,POSITIVE_LENGTH_MEASURE(0.1),#7552);
#8445 = DRAUGHTING_PRE_DEFINED_CURVE_FONT('continuous');
#8446 = STYLED_ITEM('color',(#8447),#3844);
#8447 = PRESENTATION_STYLE_ASSIGNMENT((#8448,#8453));
#8448 = SURFACE_STYLE_USAGE(.BOTH.,#8449);
#8449 = SURFACE_SIDE_STYLE('',(#8450));
#8450 = SURFACE_STYLE_FILL_AREA(#8451);
#8451 = FILL_AREA_STYLE('',(#8452));
#8452 = FILL_AREA_STYLE_COLOUR('',#7552);
#8453 = CURVE_STYLE('',#8454,POSITIVE_LENGTH_MEASURE(0.1),#7552);
#8454 = DRAUGHTING_PRE_DEFINED_CURVE_FONT('continuous');
#8455 = STYLED_ITEM('color',(#8456),#3875);
#8456 = PRESENTATION_STYLE_ASSIGNMENT((#8457,#8462));
#8457 = SURFACE_STYLE_USAGE(.BOTH.,#8458);
#8458 = SURFACE_SIDE_STYLE('',(#8459));
#8459 = SURFACE_STYLE_FILL_AREA(#8460);
#8460 = FILL_AREA_STYLE('',(#8461));
#8461 = FILL_AREA_STYLE_COLOUR('',#7552);
#8462 = CURVE_STYLE('',#8463,POSITIVE_LENGTH_MEASURE(0.1),#7552);
#8463 = DRAUGHTING_PRE_DEFINED_CURVE_FONT('continuous');
#8464 = STYLED_ITEM('color',(#8465),#3899);
#8465 = PRESENTATION_STYLE_ASSIGNMENT((#8466,#8471));
#8466 = SURFACE_STYLE_USAGE(.BOTH.,#8467);
#8467 = SURFACE_SIDE_STYLE('',(#8468));
#8468 = SURFACE_STYLE_FILL_AREA(#8469);
#8469 = FILL_AREA_STYLE('',(#8470));
#8470 = FILL_AREA_STYLE_COLOUR('',#7552);
#8471 = CURVE_STYLE('',#8472,POSITIVE_LENGTH_MEASURE(0.1),#7552);
#8472 = DRAUGHTING_PRE_DEFINED_CURVE_FONT('continuous');
#8473 = STYLED_ITEM('color',(#8474),#3923);
#8474 = PRESENTATION_STYLE_ASSIGNMENT((#8475,#8480));
#8475 = SURFACE_STYLE_USAGE(.BOTH.,#8476);
#8476 = SURFACE_SIDE_STYLE('',(#8477));
#8477 = SURFACE_STYLE_FILL_AREA(#8478);
#8478 = FILL_AREA_STYLE('',(#8479));
#8479 = FILL_AREA_STYLE_COLOUR('',#7552);
#8480 = CURVE_STYLE('',#8481,POSITIVE_LENGTH_MEASURE(0.1),#7552);
#8481 = DRAUGHTING_PRE_DEFINED_CURVE_FONT('continuous');
#8482 = STYLED_ITEM('color',(#8483),#3940);
#8483 = PRESENTATION_STYLE_ASSIGNMENT((#8484,#8489));
#8484 = SURFACE_STYLE_USAGE(.BOTH.,#8485);
#8485 = SURFACE_SIDE_STYLE('',(#8486));
#8486 = SURFACE_STYLE_FILL_AREA(#8487);
#8487 = FILL_AREA_STYLE('',(#8488));
#8488 = FILL_AREA_STYLE_COLOUR('',#7552);
#8489 = CURVE_STYLE('',#8490,POSITIVE_LENGTH_MEASURE(0.1),#7552);
#8490 = DRAUGHTING_PRE_DEFINED_CURVE_FONT('continuous');
#8491 = STYLED_ITEM('color',(#8492),#3971);
#8492 = PRESENTATION_STYLE_ASSIGNMENT((#8493,#8498));
#8493 = SURFACE_STYLE_USAGE(.BOTH.,#8494);
#8494 = SURFACE_SIDE_STYLE('',(#8495));
#8495 = SURFACE_STYLE_FILL_AREA(#8496);
#8496 = FILL_AREA_STYLE('',(#8497));
#8497 = FILL_AREA_STYLE_COLOUR('',#7552);
#8498 = CURVE_STYLE('',#8499,POSITIVE_LENGTH_MEASURE(0.1),#7552);
#8499 = DRAUGHTING_PRE_DEFINED_CURVE_FONT('continuous');
#8500 = STYLED_ITEM('color',(#8501),#3995);
#8501 = PRESENTATION_STYLE_ASSIGNMENT((#8502,#8507));
#8502 = SURFACE_STYLE_USAGE(.BOTH.,#8503);
#8503 = SURFACE_SIDE_STYLE('',(#8504));
#8504 = SURFACE_STYLE_FILL_AREA(#8505);
#8505 = FILL_AREA_STYLE('',(#8506));
#8506 = FILL_AREA_STYLE_COLOUR('',#7552);
#8507 = CURVE_STYLE('',#8508,POSITIVE_LENGTH_MEASURE(0.1),#7552);
#8508 = DRAUGHTING_PRE_DEFINED_CURVE_FONT('continuous');
#8509 = STYLED_ITEM('color',(#8510),#4019);
#8510 = PRESENTATION_STYLE_ASSIGNMENT((#8511,#8516));
#8511 = SURFACE_STYLE_USAGE(.BOTH.,#8512);
#8512 = SURFACE_SIDE_STYLE('',(#8513));
#8513 = SURFACE_STYLE_FILL_AREA(#8514);
#8514 = FILL_AREA_STYLE('',(#8515));
#8515 = FILL_AREA_STYLE_COLOUR('',#7552);
#8516 = CURVE_STYLE('',#8517,POSITIVE_LENGTH_MEASURE(0.1),#7552);
#8517 = DRAUGHTING_PRE_DEFINED_CURVE_FONT('continuous');
#8518 = STYLED_ITEM('color',(#8519),#4036);
#8519 = PRESENTATION_STYLE_ASSIGNMENT((#8520,#8525));
#8520 = SURFACE_STYLE_USAGE(.BOTH.,#8521);
#8521 = SURFACE_SIDE_STYLE('',(#8522));
#8522 = SURFACE_STYLE_FILL_AREA(#8523);
#8523 = FILL_AREA_STYLE('',(#8524));
#8524 = FILL_AREA_STYLE_COLOUR('',#7552);
#8525 = CURVE_STYLE('',#8526,POSITIVE_LENGTH_MEASURE(0.1),#7552);
#8526 = DRAUGHTING_PRE_DEFINED_CURVE_FONT('continuous');
#8527 = STYLED_ITEM('color',(#8528),#4067);
#8528 = PRESENTATION_STYLE_ASSIGNMENT((#8529,#8534));
#8529 = SURFACE_STYLE_USAGE(.BOTH.,#8530);
#8530 = SURFACE_SIDE_STYLE('',(#8531));
#8531 = SURFACE_STYLE_FILL_AREA(#8532);
#8532 = FILL_AREA_STYLE('',(#8533));
#8533 = FILL_AREA_STYLE_COLOUR('',#7552);
#8534 = CURVE_STYLE('',#8535,POSITIVE_LENGTH_MEASURE(0.1),#7552);
#8535 = DRAUGHTING_PRE_DEFINED_CURVE_FONT('continuous');
#8536 = STYLED_ITEM('color',(#8537),#4091);
#8537 = PRESENTATION_STYLE_ASSIGNMENT((#8538,#8543));
#8538 = SURFACE_STYLE_USAGE(.BOTH.,#8539);
#8539 = SURFACE_SIDE_STYLE('',(#8540));
#8540 = SURFACE_STYLE_FILL_AREA(#8541);
#8541 = FILL_AREA_STYLE('',(#8542));
#8542 = FILL_AREA_STYLE_COLOUR('',#7552);
#8543 = CURVE_STYLE('',#8544,POSITIVE_LENGTH_MEASURE(0.1),#7552);
#8544 = DRAUGHTING_PRE_DEFINED_CURVE_FONT('continuous');
#8545 = STYLED_ITEM('color',(#8546),#4115);
#8546 = PRESENTATION_STYLE_ASSIGNMENT((#8547,#8552));
#8547 = SURFACE_STYLE_USAGE(.BOTH.,#8548);
#8548 = SURFACE_SIDE_STYLE('',(#8549));
#8549 = SURFACE_STYLE_FILL_AREA(#8550);
#8550 = FILL_AREA_STYLE('',(#8551));
#8551 = FILL_AREA_STYLE_COLOUR('',#7552);
#8552 = CURVE_STYLE('',#8553,POSITIVE_LENGTH_MEASURE(0.1),#7552);
#8553 = DRAUGHTING_PRE_DEFINED_CURVE_FONT('continuous');
#8554 = STYLED_ITEM('color',(#8555),#4132);
#8555 = PRESENTATION_STYLE_ASSIGNMENT((#8556,#8561));
#8556 = SURFACE_STYLE_USAGE(.BOTH.,#8557);
#8557 = SURFACE_SIDE_STYLE('',(#8558));
#8558 = SURFACE_STYLE_FILL_AREA(#8559);
#8559 = FILL_AREA_STYLE('',(#8560));
#8560 = FILL_AREA_STYLE_COLOUR('',#7552);
#8561 = CURVE_STYLE('',#8562,POSITIVE_LENGTH_MEASURE(0.1),#7552);
#8562 = DRAUGHTING_PRE_DEFINED_CURVE_FONT('continuous');
#8563 = STYLED_ITEM('color',(#8564),#4144);
#8564 = PRESENTATION_STYLE_ASSIGNMENT((#8565,#8570));
#8565 = SURFACE_STYLE_USAGE(.BOTH.,#8566);
#8566 = SURFACE_SIDE_STYLE('',(#8567));
#8567 = SURFACE_STYLE_FILL_AREA(#8568);
#8568 = FILL_AREA_STYLE('',(#8569));
#8569 = FILL_AREA_STYLE_COLOUR('',#7552);
#8570 = CURVE_STYLE('',#8571,POSITIVE_LENGTH_MEASURE(0.1),#7552);
#8571 = DRAUGHTING_PRE_DEFINED_CURVE_FONT('continuous');
#8572 = STYLED_ITEM('color',(#8573),#4156);
#8573 = PRESENTATION_STYLE_ASSIGNMENT((#8574,#8579));
#8574 = SURFACE_STYLE_USAGE(.BOTH.,#8575);
#8575 = SURFACE_SIDE_STYLE('',(#8576));
#8576 = SURFACE_STYLE_FILL_AREA(#8577);
#8577 = FILL_AREA_STYLE('',(#8578));
#8578 = FILL_AREA_STYLE_COLOUR('',#7552);
#8579 = CURVE_STYLE('',#8580,POSITIVE_LENGTH_MEASURE(0.1),#7552);
#8580 = DRAUGHTING_PRE_DEFINED_CURVE_FONT('continuous');
#8581 = STYLED_ITEM('color',(#8582),#4168);
#8582 = PRESENTATION_STYLE_ASSIGNMENT((#8583,#8588));
#8583 = SURFACE_STYLE_USAGE(.BOTH.,#8584);
#8584 = SURFACE_SIDE_STYLE('',(#8585));
#8585 = SURFACE_STYLE_FILL_AREA(#8586);
#8586 = FILL_AREA_STYLE('',(#8587));
#8587 = FILL_AREA_STYLE_COLOUR('',#7552);
#8588 = CURVE_STYLE('',#8589,POSITIVE_LENGTH_MEASURE(0.1),#7552);
#8589 = DRAUGHTING_PRE_DEFINED_CURVE_FONT('continuous');
#8590 = STYLED_ITEM('color',(#8591),#4180);
#8591 = PRESENTATION_STYLE_ASSIGNMENT((#8592,#8597));
#8592 = SURFACE_STYLE_USAGE(.BOTH.,#8593);
#8593 = SURFACE_SIDE_STYLE('',(#8594));
#8594 = SURFACE_STYLE_FILL_AREA(#8595);
#8595 = FILL_AREA_STYLE('',(#8596));
#8596 = FILL_AREA_STYLE_COLOUR('',#7552);
#8597 = CURVE_STYLE('',#8598,POSITIVE_LENGTH_MEASURE(0.1),#7552);
#8598 = DRAUGHTING_PRE_DEFINED_CURVE_FONT('continuous');
#8599 = STYLED_ITEM('color',(#8600),#4192);
#8600 = PRESENTATION_STYLE_ASSIGNMENT((#8601,#8606));
#8601 = SURFACE_STYLE_USAGE(.BOTH.,#8602);
#8602 = SURFACE_SIDE_STYLE('',(#8603));
#8603 = SURFACE_STYLE_FILL_AREA(#8604);
#8604 = FILL_AREA_STYLE('',(#8605));
#8605 = FILL_AREA_STYLE_COLOUR('',#7552);
#8606 = CURVE_STYLE('',#8607,POSITIVE_LENGTH_MEASURE(0.1),#7552);
#8607 = DRAUGHTING_PRE_DEFINED_CURVE_FONT('continuous');
#8608 = STYLED_ITEM('color',(#8609),#4204);
#8609 = PRESENTATION_STYLE_ASSIGNMENT((#8610,#8615));
#8610 = SURFACE_STYLE_USAGE(.BOTH.,#8611);
#8611 = SURFACE_SIDE_STYLE('',(#8612));
#8612 = SURFACE_STYLE_FILL_AREA(#8613);
#8613 = FILL_AREA_STYLE('',(#8614));
#8614 = FILL_AREA_STYLE_COLOUR('',#7552);
#8615 = CURVE_STYLE('',#8616,POSITIVE_LENGTH_MEASURE(0.1),#7552);
#8616 = DRAUGHTING_PRE_DEFINED_CURVE_FONT('continuous');
#8617 = STYLED_ITEM('color',(#8618),#4216);
#8618 = PRESENTATION_STYLE_ASSIGNMENT((#8619,#8624));
#8619 = SURFACE_STYLE_USAGE(.BOTH.,#8620);
#8620 = SURFACE_SIDE_STYLE('',(#8621));
#8621 = SURFACE_STYLE_FILL_AREA(#8622);
#8622 = FILL_AREA_STYLE('',(#8623));
#8623 = FILL_AREA_STYLE_COLOUR('',#7552);
#8624 = CURVE_STYLE('',#8625,POSITIVE_LENGTH_MEASURE(0.1),#7552);
#8625 = DRAUGHTING_PRE_DEFINED_CURVE_FONT('continuous');
ENDSEC;
END-ISO-10303-21;
