ISO-10303-21;
HEADER;
FILE_DESCRIPTION(('KiCad electronic assembly'),'2;1');
FILE_NAME('model.step','1970-01-01T00:00:00',('Pcbnew'),('Kicad'),
  'Open CASCADE STEP processor 7.9','KiCad to STEP converter','Unknown'
  );
FILE_SCHEMA(('AUTOMOTIVE_DESIGN { 1 0 10303 214 1 1 1 1 }'));
ENDSEC;
DATA;
#1 = APPLICATION_PROTOCOL_DEFINITION('international standard',
  'automotive_design',2000,#2);
#2 = APPLICATION_CONTEXT(
  'core data for automotive mechanical design processes');
#3 = SHAPE_DEFINITION_REPRESENTATION(#4,#10);
#4 = PRODUCT_DEFINITION_SHAPE('','',#5);
#5 = PRODUCT_DEFINITION('design','',#6,#9);
#6 = PRODUCT_DEFINITION_FORMATION('','',#7);
#7 = PRODUCT('model 1','model 1','',(#8));
#8 = PRODUCT_CONTEXT('',#2,'mechanical');
#9 = PRODUCT_DEFINITION_CONTEXT('part definition',#2,'design');
#10 = SHAPE_REPRESENTATION('',(#11,#15,#19,#23),#27);
#11 = AXIS2_PLACEMENT_3D('',#12,#13,#14);
#12 = CARTESIAN_POINT('',(0.,0.,0.));
#13 = DIRECTION('',(0.,0.,1.));
#14 = DIRECTION('',(1.,0.,-0.));
#15 = AXIS2_PLACEMENT_3D('',#16,#17,#18);
#16 = CARTESIAN_POINT('',(0.,0.,1.595));
#17 = DIRECTION('',(0.,0.,1.));
#18 = DIRECTION('',(1.,0.,0.));
#19 = AXIS2_PLACEMENT_3D('',#20,#21,#22);
#20 = CARTESIAN_POINT('',(0.,0.,0.));
#21 = DIRECTION('',(0.,0.,1.));
#22 = DIRECTION('',(1.,0.,-0.));
#23 = AXIS2_PLACEMENT_3D('',#24,#25,#26);
#24 = CARTESIAN_POINT('',(0.,0.,0.));
#25 = DIRECTION('',(0.,0.,1.));
#26 = DIRECTION('',(1.,0.,-0.));
#27 = ( GEOMETRIC_REPRESENTATION_CONTEXT(3) 
GLOBAL_UNCERTAINTY_ASSIGNED_CONTEXT((#31)) GLOBAL_UNIT_ASSIGNED_CONTEXT(
(#28,#29,#30)) REPRESENTATION_CONTEXT('Context #1',
  '3D Context with UNIT and UNCERTAINTY') );
#28 = ( LENGTH_UNIT() NAMED_UNIT(*) SI_UNIT(.MILLI.,.METRE.) );
#29 = ( NAMED_UNIT(*) PLANE_ANGLE_UNIT() SI_UNIT($,.RADIAN.) );
#30 = ( NAMED_UNIT(*) SI_UNIT($,.STERADIAN.) SOLID_ANGLE_UNIT() );
#31 = UNCERTAINTY_MEASURE_WITH_UNIT(LENGTH_MEASURE(1.E-07),#28,
  'distance_accuracy_value','confusion accuracy');
#32 = PRODUCT_RELATED_PRODUCT_CATEGORY('part',$,(#7));
#33 = SHAPE_DEFINITION_REPRESENTATION(#34,#40);
#34 = PRODUCT_DEFINITION_SHAPE('','',#35);
#35 = PRODUCT_DEFINITION('design','',#36,#39);
#36 = PRODUCT_DEFINITION_FORMATION('','',#37);
#37 = PRODUCT('JST_PH_S6B-PH-K_1x06_P2.00mm_Horizontal',
  'JST_PH_S6B-PH-K_1x06_P2.00mm_Horizontal','',(#38));
#38 = PRODUCT_CONTEXT('',#2,'mechanical');
#39 = PRODUCT_DEFINITION_CONTEXT('part definition',#2,'design');
#40 = SHAPE_REPRESENTATION('',(#11,#41),#45);
#41 = AXIS2_PLACEMENT_3D('',#42,#43,#44);
#42 = CARTESIAN_POINT('',(0.,0.,0.));
#43 = DIRECTION('',(0.,0.,1.));
#44 = DIRECTION('',(1.,0.,-0.));
#45 = ( GEOMETRIC_REPRESENTATION_CONTEXT(3) 
GLOBAL_UNCERTAINTY_ASSIGNED_CONTEXT((#49)) GLOBAL_UNIT_ASSIGNED_CONTEXT(
(#46,#47,#48)) REPRESENTATION_CONTEXT('Context #1',
  '3D Context with UNIT and UNCERTAINTY') );
#46 = ( LENGTH_UNIT() NAMED_UNIT(*) SI_UNIT(.MILLI.,.METRE.) );
#47 = ( NAMED_UNIT(*) PLANE_ANGLE_UNIT() SI_UNIT($,.RADIAN.) );
#48 = ( NAMED_UNIT(*) SI_UNIT($,.STERADIAN.) SOLID_ANGLE_UNIT() );
#49 = UNCERTAINTY_MEASURE_WITH_UNIT(LENGTH_MEASURE(1.E-07),#46,
  'distance_accuracy_value','confusion accuracy');
#50 = CONTEXT_DEPENDENT_SHAPE_REPRESENTATION(#51,#53);
#51 = ( REPRESENTATION_RELATIONSHIP('','',#40,#10) 
REPRESENTATION_RELATIONSHIP_WITH_TRANSFORMATION(#52) 
SHAPE_REPRESENTATION_RELATIONSHIP() );
#52 = ITEM_DEFINED_TRANSFORMATION('','',#11,#15);
#53 = PRODUCT_DEFINITION_SHAPE('Placement','Placement of an item',#54);
#54 = NEXT_ASSEMBLY_USAGE_OCCURRENCE('2','REF**','',#5,#35,$);
#55 = PRODUCT_RELATED_PRODUCT_CATEGORY('part',$,(#37));
#56 = SHAPE_DEFINITION_REPRESENTATION(#57,#63);
#57 = PRODUCT_DEFINITION_SHAPE('','',#58);
#58 = PRODUCT_DEFINITION('design','',#59,#62);
#59 = PRODUCT_DEFINITION_FORMATION('','',#60);
#60 = PRODUCT('JST_S6B_PH_K','JST_S6B_PH_K','',(#61));
#61 = PRODUCT_CONTEXT('',#2,'mechanical');
#62 = PRODUCT_DEFINITION_CONTEXT('part definition',#2,'design');
#63 = ADVANCED_BREP_SHAPE_REPRESENTATION('',(#11,#64),#7326);
#64 = MANIFOLD_SOLID_BREP('',#65);
#65 = CLOSED_SHELL('',(#66,#106,#186,#274,#331,#348,#372,#396,#420,#476,
    #740,#771,#783,#997,#1011,#1195,#1252,#1276,#1349,#1373,#1406,#1517,
    #1862,#1902,#1933,#1951,#1968,#1986,#2012,#2043,#2060,#2093,#2117,
    #2148,#2165,#2198,#2222,#2253,#2270,#2303,#2327,#2358,#2375,#2408,
    #2432,#2463,#2480,#2513,#2553,#2576,#2625,#2649,#2696,#2713,#2730,
    #2742,#2789,#2820,#2837,#2854,#2871,#2888,#2905,#2922,#2946,#2970,
    #2987,#3011,#3035,#3052,#3076,#3100,#3117,#3141,#3165,#3182,#3206,
    #3230,#3247,#3264,#3276,#3293,#3305,#3329,#3347,#3359,#3371,#3385,
    #3397,#3409,#3421,#3452,#3476,#3500,#3517,#3548,#3572,#3596,#3613,
    #3644,#3668,#3692,#3709,#3740,#3764,#3788,#3805,#3836,#3860,#3884,
    #3901,#3932,#3956,#3980,#3997,#4043,#4089,#4135,#4181,#4227,#4273,
    #4290,#4302,#4333,#4357,#4381,#4398,#4429,#4453,#4477,#4494,#4525,
    #4549,#4573,#4590,#4621,#4645,#4669,#4686,#4717,#4741,#4765,#4782,
    #4813,#4837,#4861,#4878,#4909,#4999,#5023,#5106,#5171,#5195,#5253,
    #5270,#5301,#5359,#5383,#5434,#5499,#5523,#5581,#5598,#5663,#5687,
    #5745,#5762,#5793,#5883,#5907,#5990,#6002,#6014,#6026,#6038,#6050,
    #6062,#6079,#6096,#6113,#6130,#6163,#6203,#6234,#6251,#6263,#6296,
    #6313,#6330,#6361,#6383,#6395,#6426,#6443,#6460,#6477,#6508,#6525,
    #6556,#6573,#6590,#6621,#6643,#6655,#6686,#6703,#6720,#6751,#6773,
    #6785,#6816,#6833,#6850,#6867,#6884,#6917,#6957,#6988,#7005,#7017,
    #7050,#7067,#7084,#7096,#7113,#7130,#7142,#7159,#7176,#7188,#7205,
    #7222,#7234,#7251,#7268,#7280,#7297,#7314));
#66 = ADVANCED_FACE('',(#67),#101,.T.);
#67 = FACE_BOUND('',#68,.T.);
#68 = EDGE_LOOP('',(#69,#79,#87,#95));
#69 = ORIENTED_EDGE('',*,*,#70,.F.);
#70 = EDGE_CURVE('',#71,#73,#75,.T.);
#71 = VERTEX_POINT('',#72);
#72 = CARTESIAN_POINT('',(11.95,-4.65,2.5));
#73 = VERTEX_POINT('',#74);
#74 = CARTESIAN_POINT('',(11.95,-6.25,2.5));
#75 = LINE('',#76,#77);
#76 = CARTESIAN_POINT('',(11.95,-4.65,2.5));
#77 = VECTOR('',#78,1.);
#78 = DIRECTION('',(-1.224646799147E-16,-1.,1.110223024625E-16));
#79 = ORIENTED_EDGE('',*,*,#80,.T.);
#80 = EDGE_CURVE('',#71,#81,#83,.T.);
#81 = VERTEX_POINT('',#82);
#82 = CARTESIAN_POINT('',(11.45,-4.65,2.5));
#83 = LINE('',#84,#85);
#84 = CARTESIAN_POINT('',(11.95,-4.65,2.5));
#85 = VECTOR('',#86,1.);
#86 = DIRECTION('',(-1.,1.224646799147E-16,0.));
#87 = ORIENTED_EDGE('',*,*,#88,.T.);
#88 = EDGE_CURVE('',#81,#89,#91,.T.);
#89 = VERTEX_POINT('',#90);
#90 = CARTESIAN_POINT('',(11.45,-6.25,2.5));
#91 = LINE('',#92,#93);
#92 = CARTESIAN_POINT('',(11.45,-5.45,2.5));
#93 = VECTOR('',#94,1.);
#94 = DIRECTION('',(-1.224646799147E-16,-1.,1.110223024625E-16));
#95 = ORIENTED_EDGE('',*,*,#96,.F.);
#96 = EDGE_CURVE('',#73,#89,#97,.T.);
#97 = LINE('',#98,#99);
#98 = CARTESIAN_POINT('',(11.95,-6.25,2.5));
#99 = VECTOR('',#100,1.);
#100 = DIRECTION('',(-1.,1.224646799147E-16,0.));
#101 = PLANE('',#102);
#102 = AXIS2_PLACEMENT_3D('',#103,#104,#105);
#103 = CARTESIAN_POINT('',(11.95,-4.65,2.5));
#104 = DIRECTION('',(1.359631073447E-32,1.110223024625E-16,1.));
#105 = DIRECTION('',(-1.224646799147E-16,-1.,1.110223024625E-16));
#106 = ADVANCED_FACE('',(#107),#181,.T.);
#107 = FACE_BOUND('',#108,.T.);
#108 = EDGE_LOOP('',(#109,#117,#125,#133,#141,#149,#157,#165,#173,#180)
  );
#109 = ORIENTED_EDGE('',*,*,#110,.F.);
#110 = EDGE_CURVE('',#111,#73,#113,.T.);
#111 = VERTEX_POINT('',#112);
#112 = CARTESIAN_POINT('',(11.95,-6.25,0.));
#113 = LINE('',#114,#115);
#114 = CARTESIAN_POINT('',(11.95,-6.25,0.3));
#115 = VECTOR('',#116,1.);
#116 = DIRECTION('',(1.359631073447E-32,1.110223024625E-16,1.));
#117 = ORIENTED_EDGE('',*,*,#118,.F.);
#118 = EDGE_CURVE('',#119,#111,#121,.T.);
#119 = VERTEX_POINT('',#120);
#120 = CARTESIAN_POINT('',(11.95,1.35,0.));
#121 = LINE('',#122,#123);
#122 = CARTESIAN_POINT('',(11.95,1.35,0.));
#123 = VECTOR('',#124,1.);
#124 = DIRECTION('',(-1.224646799147E-16,-1.,0.));
#125 = ORIENTED_EDGE('',*,*,#126,.F.);
#126 = EDGE_CURVE('',#127,#119,#129,.T.);
#127 = VERTEX_POINT('',#128);
#128 = CARTESIAN_POINT('',(11.95,1.35,3.2));
#129 = LINE('',#130,#131);
#130 = CARTESIAN_POINT('',(11.95,1.35,3.2));
#131 = VECTOR('',#132,1.);
#132 = DIRECTION('',(-0.,0.,-1.));
#133 = ORIENTED_EDGE('',*,*,#134,.F.);
#134 = EDGE_CURVE('',#135,#127,#137,.T.);
#135 = VERTEX_POINT('',#136);
#136 = CARTESIAN_POINT('',(11.95,-0.25,4.1));
#137 = LINE('',#138,#139);
#138 = CARTESIAN_POINT('',(11.95,-0.25,4.1));
#139 = VECTOR('',#140,1.);
#140 = DIRECTION('',(1.067372191754E-16,0.871575537124,-0.490261239633)
  );
#141 = ORIENTED_EDGE('',*,*,#142,.T.);
#142 = EDGE_CURVE('',#135,#143,#145,.T.);
#143 = VERTEX_POINT('',#144);
#144 = CARTESIAN_POINT('',(11.95,-0.25,4.8));
#145 = LINE('',#146,#147);
#146 = CARTESIAN_POINT('',(11.95,-0.25,0.3));
#147 = VECTOR('',#148,1.);
#148 = DIRECTION('',(1.359631073447E-32,1.110223024625E-16,1.));
#149 = ORIENTED_EDGE('',*,*,#150,.T.);
#150 = EDGE_CURVE('',#143,#151,#153,.T.);
#151 = VERTEX_POINT('',#152);
#152 = CARTESIAN_POINT('',(11.95,-6.25,4.8));
#153 = LINE('',#154,#155);
#154 = CARTESIAN_POINT('',(11.95,-0.25,4.8));
#155 = VECTOR('',#156,1.);
#156 = DIRECTION('',(-1.224646799147E-16,-1.,1.110223024625E-16));
#157 = ORIENTED_EDGE('',*,*,#158,.F.);
#158 = EDGE_CURVE('',#159,#151,#161,.T.);
#159 = VERTEX_POINT('',#160);
#160 = CARTESIAN_POINT('',(11.95,-6.25,3.3));
#161 = LINE('',#162,#163);
#162 = CARTESIAN_POINT('',(11.95,-6.25,0.3));
#163 = VECTOR('',#164,1.);
#164 = DIRECTION('',(1.359631073447E-32,1.110223024625E-16,1.));
#165 = ORIENTED_EDGE('',*,*,#166,.T.);
#166 = EDGE_CURVE('',#159,#167,#169,.T.);
#167 = VERTEX_POINT('',#168);
#168 = CARTESIAN_POINT('',(11.95,-4.65,3.3));
#169 = LINE('',#170,#171);
#170 = CARTESIAN_POINT('',(11.95,-6.25,3.3));
#171 = VECTOR('',#172,1.);
#172 = DIRECTION('',(1.224646799147E-16,1.,-1.110223024625E-16));
#173 = ORIENTED_EDGE('',*,*,#174,.T.);
#174 = EDGE_CURVE('',#167,#71,#175,.T.);
#175 = CIRCLE('',#176,0.4);
#176 = AXIS2_PLACEMENT_3D('',#177,#178,#179);
#177 = CARTESIAN_POINT('',(11.95,-4.65,2.9));
#178 = DIRECTION('',(-1.,1.224646799147E-16,0.));
#179 = DIRECTION('',(1.359631073446E-32,1.110223024625E-16,1.));
#180 = ORIENTED_EDGE('',*,*,#70,.T.);
#181 = PLANE('',#182);
#182 = AXIS2_PLACEMENT_3D('',#183,#184,#185);
#183 = CARTESIAN_POINT('',(11.95,-2.909897467985,2.368621550033));
#184 = DIRECTION('',(1.,-1.224646799147E-16,-3.096025220137E-32));
#185 = DIRECTION('',(-3.096025220137E-32,3.79153737592E-48,-1.));
#186 = ADVANCED_FACE('',(#187),#269,.T.);
#187 = FACE_BOUND('',#188,.T.);
#188 = EDGE_LOOP('',(#189,#199,#207,#213,#214,#215,#223,#231,#239,#247,
    #255,#263));
#189 = ORIENTED_EDGE('',*,*,#190,.T.);
#190 = EDGE_CURVE('',#191,#193,#195,.T.);
#191 = VERTEX_POINT('',#192);
#192 = CARTESIAN_POINT('',(-0.95,-6.25,0.3));
#193 = VERTEX_POINT('',#194);
#194 = CARTESIAN_POINT('',(10.95,-6.25,0.3));
#195 = LINE('',#196,#197);
#196 = CARTESIAN_POINT('',(-1.95,-6.25,0.3));
#197 = VECTOR('',#198,1.);
#198 = DIRECTION('',(1.,-1.224646799147E-16,0.));
#199 = ORIENTED_EDGE('',*,*,#200,.F.);
#200 = EDGE_CURVE('',#201,#193,#203,.T.);
#201 = VERTEX_POINT('',#202);
#202 = CARTESIAN_POINT('',(10.95,-6.25,0.));
#203 = LINE('',#204,#205);
#204 = CARTESIAN_POINT('',(10.95,-6.25,0.));
#205 = VECTOR('',#206,1.);
#206 = DIRECTION('',(0.,0.,1.));
#207 = ORIENTED_EDGE('',*,*,#208,.F.);
#208 = EDGE_CURVE('',#111,#201,#209,.T.);
#209 = LINE('',#210,#211);
#210 = CARTESIAN_POINT('',(11.95,-6.25,0.));
#211 = VECTOR('',#212,1.);
#212 = DIRECTION('',(-1.,1.224646799147E-16,0.));
#213 = ORIENTED_EDGE('',*,*,#110,.T.);
#214 = ORIENTED_EDGE('',*,*,#96,.T.);
#215 = ORIENTED_EDGE('',*,*,#216,.F.);
#216 = EDGE_CURVE('',#217,#89,#219,.T.);
#217 = VERTEX_POINT('',#218);
#218 = CARTESIAN_POINT('',(11.45,-6.25,0.8));
#219 = LINE('',#220,#221);
#220 = CARTESIAN_POINT('',(11.45,-6.25,0.8));
#221 = VECTOR('',#222,1.);
#222 = DIRECTION('',(1.359631073447E-32,1.110223024625E-16,1.));
#223 = ORIENTED_EDGE('',*,*,#224,.F.);
#224 = EDGE_CURVE('',#225,#217,#227,.T.);
#225 = VERTEX_POINT('',#226);
#226 = CARTESIAN_POINT('',(-1.45,-6.25,0.8));
#227 = LINE('',#228,#229);
#228 = CARTESIAN_POINT('',(-1.45,-6.25,0.8));
#229 = VECTOR('',#230,1.);
#230 = DIRECTION('',(1.,-1.224646799147E-16,0.));
#231 = ORIENTED_EDGE('',*,*,#232,.F.);
#232 = EDGE_CURVE('',#233,#225,#235,.T.);
#233 = VERTEX_POINT('',#234);
#234 = CARTESIAN_POINT('',(-1.45,-6.25,2.5));
#235 = LINE('',#236,#237);
#236 = CARTESIAN_POINT('',(-1.45,-6.25,4.2));
#237 = VECTOR('',#238,1.);
#238 = DIRECTION('',(-1.359631073447E-32,-1.110223024625E-16,-1.));
#239 = ORIENTED_EDGE('',*,*,#240,.T.);
#240 = EDGE_CURVE('',#233,#241,#243,.T.);
#241 = VERTEX_POINT('',#242);
#242 = CARTESIAN_POINT('',(-1.95,-6.25,2.5));
#243 = LINE('',#244,#245);
#244 = CARTESIAN_POINT('',(11.95,-6.25,2.5));
#245 = VECTOR('',#246,1.);
#246 = DIRECTION('',(-1.,1.224646799147E-16,0.));
#247 = ORIENTED_EDGE('',*,*,#248,.T.);
#248 = EDGE_CURVE('',#241,#249,#251,.T.);
#249 = VERTEX_POINT('',#250);
#250 = CARTESIAN_POINT('',(-1.95,-6.25,0.));
#251 = LINE('',#252,#253);
#252 = CARTESIAN_POINT('',(-1.95,-6.25,4.8));
#253 = VECTOR('',#254,1.);
#254 = DIRECTION('',(-1.359631073447E-32,-1.110223024625E-16,-1.));
#255 = ORIENTED_EDGE('',*,*,#256,.F.);
#256 = EDGE_CURVE('',#257,#249,#259,.T.);
#257 = VERTEX_POINT('',#258);
#258 = CARTESIAN_POINT('',(-0.95,-6.25,0.));
#259 = LINE('',#260,#261);
#260 = CARTESIAN_POINT('',(-0.95,-6.25,0.));
#261 = VECTOR('',#262,1.);
#262 = DIRECTION('',(-1.,1.224646799147E-16,0.));
#263 = ORIENTED_EDGE('',*,*,#264,.T.);
#264 = EDGE_CURVE('',#257,#191,#265,.T.);
#265 = LINE('',#266,#267);
#266 = CARTESIAN_POINT('',(-0.95,-6.25,0.));
#267 = VECTOR('',#268,1.);
#268 = DIRECTION('',(0.,0.,1.));
#269 = PLANE('',#270);
#270 = AXIS2_PLACEMENT_3D('',#271,#272,#273);
#271 = CARTESIAN_POINT('',(5.,-6.25,0.770108695652));
#272 = DIRECTION('',(-1.224646799147E-16,-1.,-2.272378937661E-31));
#273 = DIRECTION('',(-2.782861592456E-47,-2.272378937661E-31,1.));
#274 = ADVANCED_FACE('',(#275),#326,.F.);
#275 = FACE_BOUND('',#276,.F.);
#276 = EDGE_LOOP('',(#277,#278,#286,#294,#302,#310,#318,#325));
#277 = ORIENTED_EDGE('',*,*,#216,.F.);
#278 = ORIENTED_EDGE('',*,*,#279,.T.);
#279 = EDGE_CURVE('',#217,#280,#282,.T.);
#280 = VERTEX_POINT('',#281);
#281 = CARTESIAN_POINT('',(11.45,-2.05,0.8));
#282 = LINE('',#283,#284);
#283 = CARTESIAN_POINT('',(11.45,-6.25,0.8));
#284 = VECTOR('',#285,1.);
#285 = DIRECTION('',(1.224646799147E-16,1.,-1.110223024625E-16));
#286 = ORIENTED_EDGE('',*,*,#287,.T.);
#287 = EDGE_CURVE('',#280,#288,#290,.T.);
#288 = VERTEX_POINT('',#289);
#289 = CARTESIAN_POINT('',(11.45,-2.05,4.2));
#290 = LINE('',#291,#292);
#291 = CARTESIAN_POINT('',(11.45,-2.05,0.8));
#292 = VECTOR('',#293,1.);
#293 = DIRECTION('',(1.359631073447E-32,1.110223024625E-16,1.));
#294 = ORIENTED_EDGE('',*,*,#295,.F.);
#295 = EDGE_CURVE('',#296,#288,#298,.T.);
#296 = VERTEX_POINT('',#297);
#297 = CARTESIAN_POINT('',(11.45,-6.25,4.2));
#298 = LINE('',#299,#300);
#299 = CARTESIAN_POINT('',(11.45,-6.25,4.2));
#300 = VECTOR('',#301,1.);
#301 = DIRECTION('',(1.224646799147E-16,1.,-1.110223024625E-16));
#302 = ORIENTED_EDGE('',*,*,#303,.F.);
#303 = EDGE_CURVE('',#304,#296,#306,.T.);
#304 = VERTEX_POINT('',#305);
#305 = CARTESIAN_POINT('',(11.45,-6.25,3.3));
#306 = LINE('',#307,#308);
#307 = CARTESIAN_POINT('',(11.45,-6.25,0.8));
#308 = VECTOR('',#309,1.);
#309 = DIRECTION('',(1.359631073447E-32,1.110223024625E-16,1.));
#310 = ORIENTED_EDGE('',*,*,#311,.T.);
#311 = EDGE_CURVE('',#304,#312,#314,.T.);
#312 = VERTEX_POINT('',#313);
#313 = CARTESIAN_POINT('',(11.45,-4.65,3.3));
#314 = LINE('',#315,#316);
#315 = CARTESIAN_POINT('',(11.45,-6.25,3.3));
#316 = VECTOR('',#317,1.);
#317 = DIRECTION('',(1.224646799147E-16,1.,-1.110223024625E-16));
#318 = ORIENTED_EDGE('',*,*,#319,.F.);
#319 = EDGE_CURVE('',#81,#312,#320,.T.);
#320 = CIRCLE('',#321,0.4);
#321 = AXIS2_PLACEMENT_3D('',#322,#323,#324);
#322 = CARTESIAN_POINT('',(11.45,-4.65,2.9));
#323 = DIRECTION('',(1.,-1.224646799147E-16,0.));
#324 = DIRECTION('',(1.359631073446E-32,1.110223024625E-16,1.));
#325 = ORIENTED_EDGE('',*,*,#88,.T.);
#326 = PLANE('',#327);
#327 = AXIS2_PLACEMENT_3D('',#328,#329,#330);
#328 = CARTESIAN_POINT('',(11.45,-6.25,0.8));
#329 = DIRECTION('',(1.,-1.224646799147E-16,0.));
#330 = DIRECTION('',(1.359631073446E-32,1.110223024625E-16,1.));
#331 = ADVANCED_FACE('',(#332),#343,.F.);
#332 = FACE_BOUND('',#333,.F.);
#333 = EDGE_LOOP('',(#334,#335,#336,#342));
#334 = ORIENTED_EDGE('',*,*,#80,.T.);
#335 = ORIENTED_EDGE('',*,*,#319,.T.);
#336 = ORIENTED_EDGE('',*,*,#337,.F.);
#337 = EDGE_CURVE('',#167,#312,#338,.T.);
#338 = LINE('',#339,#340);
#339 = CARTESIAN_POINT('',(11.95,-4.65,3.3));
#340 = VECTOR('',#341,1.);
#341 = DIRECTION('',(-1.,1.224646799147E-16,0.));
#342 = ORIENTED_EDGE('',*,*,#174,.T.);
#343 = CYLINDRICAL_SURFACE('',#344,0.4);
#344 = AXIS2_PLACEMENT_3D('',#345,#346,#347);
#345 = CARTESIAN_POINT('',(11.95,-4.65,2.9));
#346 = DIRECTION('',(1.,-1.224646799147E-16,0.));
#347 = DIRECTION('',(1.359631073446E-32,1.110223024625E-16,1.));
#348 = ADVANCED_FACE('',(#349),#367,.F.);
#349 = FACE_BOUND('',#350,.F.);
#350 = EDGE_LOOP('',(#351,#359,#365,#366));
#351 = ORIENTED_EDGE('',*,*,#352,.T.);
#352 = EDGE_CURVE('',#119,#353,#355,.T.);
#353 = VERTEX_POINT('',#354);
#354 = CARTESIAN_POINT('',(10.95,1.35,0.));
#355 = LINE('',#356,#357);
#356 = CARTESIAN_POINT('',(11.95,1.35,0.));
#357 = VECTOR('',#358,1.);
#358 = DIRECTION('',(-1.,1.224646799147E-16,0.));
#359 = ORIENTED_EDGE('',*,*,#360,.T.);
#360 = EDGE_CURVE('',#353,#201,#361,.T.);
#361 = LINE('',#362,#363);
#362 = CARTESIAN_POINT('',(10.95,1.35,0.));
#363 = VECTOR('',#364,1.);
#364 = DIRECTION('',(-1.224646799147E-16,-1.,0.));
#365 = ORIENTED_EDGE('',*,*,#208,.F.);
#366 = ORIENTED_EDGE('',*,*,#118,.F.);
#367 = PLANE('',#368);
#368 = AXIS2_PLACEMENT_3D('',#369,#370,#371);
#369 = CARTESIAN_POINT('',(11.95,1.35,0.));
#370 = DIRECTION('',(0.,0.,1.));
#371 = DIRECTION('',(-1.224646799147E-16,-1.,0.));
#372 = ADVANCED_FACE('',(#373),#391,.F.);
#373 = FACE_BOUND('',#374,.F.);
#374 = EDGE_LOOP('',(#375,#383,#389,#390));
#375 = ORIENTED_EDGE('',*,*,#376,.T.);
#376 = EDGE_CURVE('',#127,#377,#379,.T.);
#377 = VERTEX_POINT('',#378);
#378 = CARTESIAN_POINT('',(10.95,1.35,3.2));
#379 = LINE('',#380,#381);
#380 = CARTESIAN_POINT('',(11.95,1.35,3.2));
#381 = VECTOR('',#382,1.);
#382 = DIRECTION('',(-1.,1.224646799147E-16,0.));
#383 = ORIENTED_EDGE('',*,*,#384,.T.);
#384 = EDGE_CURVE('',#377,#353,#385,.T.);
#385 = LINE('',#386,#387);
#386 = CARTESIAN_POINT('',(10.95,1.35,3.2));
#387 = VECTOR('',#388,1.);
#388 = DIRECTION('',(-0.,0.,-1.));
#389 = ORIENTED_EDGE('',*,*,#352,.F.);
#390 = ORIENTED_EDGE('',*,*,#126,.F.);
#391 = PLANE('',#392);
#392 = AXIS2_PLACEMENT_3D('',#393,#394,#395);
#393 = CARTESIAN_POINT('',(11.95,1.35,3.2));
#394 = DIRECTION('',(-1.224646799147E-16,-1.,0.));
#395 = DIRECTION('',(-0.,0.,-1.));
#396 = ADVANCED_FACE('',(#397),#415,.F.);
#397 = FACE_BOUND('',#398,.F.);
#398 = EDGE_LOOP('',(#399,#407,#413,#414));
#399 = ORIENTED_EDGE('',*,*,#400,.T.);
#400 = EDGE_CURVE('',#135,#401,#403,.T.);
#401 = VERTEX_POINT('',#402);
#402 = CARTESIAN_POINT('',(10.95,-0.25,4.1));
#403 = LINE('',#404,#405);
#404 = CARTESIAN_POINT('',(11.95,-0.25,4.1));
#405 = VECTOR('',#406,1.);
#406 = DIRECTION('',(-1.,1.224646799147E-16,0.));
#407 = ORIENTED_EDGE('',*,*,#408,.T.);
#408 = EDGE_CURVE('',#401,#377,#409,.T.);
#409 = LINE('',#410,#411);
#410 = CARTESIAN_POINT('',(10.95,-0.25,4.1));
#411 = VECTOR('',#412,1.);
#412 = DIRECTION('',(1.067372191754E-16,0.871575537124,-0.490261239633)
  );
#413 = ORIENTED_EDGE('',*,*,#376,.F.);
#414 = ORIENTED_EDGE('',*,*,#134,.F.);
#415 = PLANE('',#416);
#416 = AXIS2_PLACEMENT_3D('',#417,#418,#419);
#417 = CARTESIAN_POINT('',(11.95,-0.25,4.1));
#418 = DIRECTION('',(-6.003968578616E-17,-0.490261239633,-0.871575537124
    ));
#419 = DIRECTION('',(1.067372191754E-16,0.871575537124,-0.490261239633)
  );
#420 = ADVANCED_FACE('',(#421),#471,.F.);
#421 = FACE_BOUND('',#422,.F.);
#422 = EDGE_LOOP('',(#423,#433,#441,#447,#448,#449,#457,#465));
#423 = ORIENTED_EDGE('',*,*,#424,.F.);
#424 = EDGE_CURVE('',#425,#427,#429,.T.);
#425 = VERTEX_POINT('',#426);
#426 = CARTESIAN_POINT('',(10.75,-0.25,0.3));
#427 = VERTEX_POINT('',#428);
#428 = CARTESIAN_POINT('',(10.75,-0.25,4.2));
#429 = LINE('',#430,#431);
#430 = CARTESIAN_POINT('',(10.75,-0.25,0.3));
#431 = VECTOR('',#432,1.);
#432 = DIRECTION('',(1.359631073447E-32,1.110223024625E-16,1.));
#433 = ORIENTED_EDGE('',*,*,#434,.T.);
#434 = EDGE_CURVE('',#425,#435,#437,.T.);
#435 = VERTEX_POINT('',#436);
#436 = CARTESIAN_POINT('',(10.95,-0.25,0.3));
#437 = LINE('',#438,#439);
#438 = CARTESIAN_POINT('',(-1.95,-0.25,0.3));
#439 = VECTOR('',#440,1.);
#440 = DIRECTION('',(1.,-1.224646799147E-16,0.));
#441 = ORIENTED_EDGE('',*,*,#442,.T.);
#442 = EDGE_CURVE('',#435,#401,#443,.T.);
#443 = LINE('',#444,#445);
#444 = CARTESIAN_POINT('',(10.95,-0.25,0.3));
#445 = VECTOR('',#446,1.);
#446 = DIRECTION('',(0.,0.,1.));
#447 = ORIENTED_EDGE('',*,*,#400,.F.);
#448 = ORIENTED_EDGE('',*,*,#142,.T.);
#449 = ORIENTED_EDGE('',*,*,#450,.T.);
#450 = EDGE_CURVE('',#143,#451,#453,.T.);
#451 = VERTEX_POINT('',#452);
#452 = CARTESIAN_POINT('',(11.4,-0.25,4.8));
#453 = LINE('',#454,#455);
#454 = CARTESIAN_POINT('',(11.95,-0.25,4.8));
#455 = VECTOR('',#456,1.);
#456 = DIRECTION('',(-1.,1.224646799147E-16,0.));
#457 = ORIENTED_EDGE('',*,*,#458,.T.);
#458 = EDGE_CURVE('',#451,#459,#461,.T.);
#459 = VERTEX_POINT('',#460);
#460 = CARTESIAN_POINT('',(11.4,-0.25,4.2));
#461 = LINE('',#462,#463);
#462 = CARTESIAN_POINT('',(11.4,-0.25,4.8));
#463 = VECTOR('',#464,1.);
#464 = DIRECTION('',(-1.359631073447E-32,-1.110223024625E-16,-1.));
#465 = ORIENTED_EDGE('',*,*,#466,.T.);
#466 = EDGE_CURVE('',#459,#427,#467,.T.);
#467 = LINE('',#468,#469);
#468 = CARTESIAN_POINT('',(11.4,-0.25,4.2));
#469 = VECTOR('',#470,1.);
#470 = DIRECTION('',(-1.,1.224646799147E-16,0.));
#471 = PLANE('',#472);
#472 = AXIS2_PLACEMENT_3D('',#473,#474,#475);
#473 = CARTESIAN_POINT('',(5.,-0.25,2.55));
#474 = DIRECTION('',(-1.224646799147E-16,-1.,1.110223024625E-16));
#475 = DIRECTION('',(-1.,1.224646799147E-16,0.));
#476 = ADVANCED_FACE('',(#477),#735,.F.);
#477 = FACE_BOUND('',#478,.F.);
#478 = EDGE_LOOP('',(#479,#480,#481,#489,#497,#505,#513,#521,#529,#537,
    #545,#553,#561,#569,#577,#585,#593,#601,#609,#617,#625,#633,#641,
    #649,#657,#665,#673,#681,#689,#697,#705,#713,#721,#729));
#479 = ORIENTED_EDGE('',*,*,#450,.F.);
#480 = ORIENTED_EDGE('',*,*,#150,.T.);
#481 = ORIENTED_EDGE('',*,*,#482,.T.);
#482 = EDGE_CURVE('',#151,#483,#485,.T.);
#483 = VERTEX_POINT('',#484);
#484 = CARTESIAN_POINT('',(9.45,-6.25,4.8));
#485 = LINE('',#486,#487);
#486 = CARTESIAN_POINT('',(11.95,-6.25,4.8));
#487 = VECTOR('',#488,1.);
#488 = DIRECTION('',(-1.,1.224646799147E-16,0.));
#489 = ORIENTED_EDGE('',*,*,#490,.T.);
#490 = EDGE_CURVE('',#483,#491,#493,.T.);
#491 = VERTEX_POINT('',#492);
#492 = CARTESIAN_POINT('',(9.45,-2.35,4.8));
#493 = LINE('',#494,#495);
#494 = CARTESIAN_POINT('',(9.45,-6.25,4.8));
#495 = VECTOR('',#496,1.);
#496 = DIRECTION('',(1.224646799147E-16,1.,-1.110223024625E-16));
#497 = ORIENTED_EDGE('',*,*,#498,.T.);
#498 = EDGE_CURVE('',#491,#499,#501,.T.);
#499 = VERTEX_POINT('',#500);
#500 = CARTESIAN_POINT('',(0.55,-2.35,4.8));
#501 = LINE('',#502,#503);
#502 = CARTESIAN_POINT('',(9.45,-2.35,4.8));
#503 = VECTOR('',#504,1.);
#504 = DIRECTION('',(-1.,1.723623439428E-16,-5.5397535479E-33));
#505 = ORIENTED_EDGE('',*,*,#506,.T.);
#506 = EDGE_CURVE('',#499,#507,#509,.T.);
#507 = VERTEX_POINT('',#508);
#508 = CARTESIAN_POINT('',(0.55,-6.25,4.8));
#509 = LINE('',#510,#511);
#510 = CARTESIAN_POINT('',(0.55,-2.35,4.8));
#511 = VECTOR('',#512,1.);
#512 = DIRECTION('',(-1.224646799147E-16,-1.,1.110223024625E-16));
#513 = ORIENTED_EDGE('',*,*,#514,.T.);
#514 = EDGE_CURVE('',#507,#515,#517,.T.);
#515 = VERTEX_POINT('',#516);
#516 = CARTESIAN_POINT('',(-0.45,-6.25,4.8));
#517 = LINE('',#518,#519);
#518 = CARTESIAN_POINT('',(11.95,-6.25,4.8));
#519 = VECTOR('',#520,1.);
#520 = DIRECTION('',(-1.,1.224646799147E-16,0.));
#521 = ORIENTED_EDGE('',*,*,#522,.F.);
#522 = EDGE_CURVE('',#523,#515,#525,.T.);
#523 = VERTEX_POINT('',#524);
#524 = CARTESIAN_POINT('',(-0.45,-4.45,4.8));
#525 = LINE('',#526,#527);
#526 = CARTESIAN_POINT('',(-0.45,-4.45,4.8));
#527 = VECTOR('',#528,1.);
#528 = DIRECTION('',(-1.224646799147E-16,-1.,1.110223024625E-16));
#529 = ORIENTED_EDGE('',*,*,#530,.F.);
#530 = EDGE_CURVE('',#531,#523,#533,.T.);
#531 = VERTEX_POINT('',#532);
#532 = CARTESIAN_POINT('',(-0.4,-4.45,4.8));
#533 = LINE('',#534,#535);
#534 = CARTESIAN_POINT('',(-0.4,-4.45,4.8));
#535 = VECTOR('',#536,1.);
#536 = DIRECTION('',(-1.,1.224646799147E-16,0.));
#537 = ORIENTED_EDGE('',*,*,#538,.F.);
#538 = EDGE_CURVE('',#539,#531,#541,.T.);
#539 = VERTEX_POINT('',#540);
#540 = CARTESIAN_POINT('',(-0.4,-0.45,4.8));
#541 = LINE('',#542,#543);
#542 = CARTESIAN_POINT('',(-0.4,-0.25,4.8));
#543 = VECTOR('',#544,1.);
#544 = DIRECTION('',(-1.224646799147E-16,-1.,1.110223024625E-16));
#545 = ORIENTED_EDGE('',*,*,#546,.F.);
#546 = EDGE_CURVE('',#547,#539,#549,.T.);
#547 = VERTEX_POINT('',#548);
#548 = CARTESIAN_POINT('',(0.75,-0.45,4.8));
#549 = LINE('',#550,#551);
#550 = CARTESIAN_POINT('',(0.75,-0.45,4.8));
#551 = VECTOR('',#552,1.);
#552 = DIRECTION('',(-1.,1.224646799147E-16,0.));
#553 = ORIENTED_EDGE('',*,*,#554,.F.);
#554 = EDGE_CURVE('',#555,#547,#557,.T.);
#555 = VERTEX_POINT('',#556);
#556 = CARTESIAN_POINT('',(0.75,-0.25,4.8));
#557 = LINE('',#558,#559);
#558 = CARTESIAN_POINT('',(0.75,-0.25,4.8));
#559 = VECTOR('',#560,1.);
#560 = DIRECTION('',(-1.224646799147E-16,-1.,1.110223024625E-16));
#561 = ORIENTED_EDGE('',*,*,#562,.F.);
#562 = EDGE_CURVE('',#563,#555,#565,.T.);
#563 = VERTEX_POINT('',#564);
#564 = CARTESIAN_POINT('',(1.25,-0.25,4.8));
#565 = LINE('',#566,#567);
#566 = CARTESIAN_POINT('',(11.95,-0.25,4.8));
#567 = VECTOR('',#568,1.);
#568 = DIRECTION('',(-1.,1.224646799147E-16,0.));
#569 = ORIENTED_EDGE('',*,*,#570,.T.);
#570 = EDGE_CURVE('',#563,#571,#573,.T.);
#571 = VERTEX_POINT('',#572);
#572 = CARTESIAN_POINT('',(1.25,-0.45,4.8));
#573 = LINE('',#574,#575);
#574 = CARTESIAN_POINT('',(1.25,-0.25,4.8));
#575 = VECTOR('',#576,1.);
#576 = DIRECTION('',(-1.224646799147E-16,-1.,1.110223024625E-16));
#577 = ORIENTED_EDGE('',*,*,#578,.F.);
#578 = EDGE_CURVE('',#579,#571,#581,.T.);
#579 = VERTEX_POINT('',#580);
#580 = CARTESIAN_POINT('',(2.75,-0.45,4.8));
#581 = LINE('',#582,#583);
#582 = CARTESIAN_POINT('',(2.75,-0.45,4.8));
#583 = VECTOR('',#584,1.);
#584 = DIRECTION('',(-1.,1.224646799147E-16,0.));
#585 = ORIENTED_EDGE('',*,*,#586,.F.);
#586 = EDGE_CURVE('',#587,#579,#589,.T.);
#587 = VERTEX_POINT('',#588);
#588 = CARTESIAN_POINT('',(2.75,-0.25,4.8));
#589 = LINE('',#590,#591);
#590 = CARTESIAN_POINT('',(2.75,-0.25,4.8));
#591 = VECTOR('',#592,1.);
#592 = DIRECTION('',(-1.224646799147E-16,-1.,1.110223024625E-16));
#593 = ORIENTED_EDGE('',*,*,#594,.F.);
#594 = EDGE_CURVE('',#595,#587,#597,.T.);
#595 = VERTEX_POINT('',#596);
#596 = CARTESIAN_POINT('',(3.25,-0.25,4.8));
#597 = LINE('',#598,#599);
#598 = CARTESIAN_POINT('',(11.95,-0.25,4.8));
#599 = VECTOR('',#600,1.);
#600 = DIRECTION('',(-1.,1.224646799147E-16,0.));
#601 = ORIENTED_EDGE('',*,*,#602,.T.);
#602 = EDGE_CURVE('',#595,#603,#605,.T.);
#603 = VERTEX_POINT('',#604);
#604 = CARTESIAN_POINT('',(3.25,-0.45,4.8));
#605 = LINE('',#606,#607);
#606 = CARTESIAN_POINT('',(3.25,-0.25,4.8));
#607 = VECTOR('',#608,1.);
#608 = DIRECTION('',(-1.224646799147E-16,-1.,1.110223024625E-16));
#609 = ORIENTED_EDGE('',*,*,#610,.F.);
#610 = EDGE_CURVE('',#611,#603,#613,.T.);
#611 = VERTEX_POINT('',#612);
#612 = CARTESIAN_POINT('',(4.75,-0.45,4.8));
#613 = LINE('',#614,#615);
#614 = CARTESIAN_POINT('',(4.75,-0.45,4.8));
#615 = VECTOR('',#616,1.);
#616 = DIRECTION('',(-1.,1.224646799147E-16,0.));
#617 = ORIENTED_EDGE('',*,*,#618,.F.);
#618 = EDGE_CURVE('',#619,#611,#621,.T.);
#619 = VERTEX_POINT('',#620);
#620 = CARTESIAN_POINT('',(4.75,-0.25,4.8));
#621 = LINE('',#622,#623);
#622 = CARTESIAN_POINT('',(4.75,-0.25,4.8));
#623 = VECTOR('',#624,1.);
#624 = DIRECTION('',(-1.224646799147E-16,-1.,1.110223024625E-16));
#625 = ORIENTED_EDGE('',*,*,#626,.F.);
#626 = EDGE_CURVE('',#627,#619,#629,.T.);
#627 = VERTEX_POINT('',#628);
#628 = CARTESIAN_POINT('',(5.25,-0.25,4.8));
#629 = LINE('',#630,#631);
#630 = CARTESIAN_POINT('',(11.95,-0.25,4.8));
#631 = VECTOR('',#632,1.);
#632 = DIRECTION('',(-1.,1.224646799147E-16,0.));
#633 = ORIENTED_EDGE('',*,*,#634,.T.);
#634 = EDGE_CURVE('',#627,#635,#637,.T.);
#635 = VERTEX_POINT('',#636);
#636 = CARTESIAN_POINT('',(5.25,-0.45,4.8));
#637 = LINE('',#638,#639);
#638 = CARTESIAN_POINT('',(5.25,-0.25,4.8));
#639 = VECTOR('',#640,1.);
#640 = DIRECTION('',(-1.224646799147E-16,-1.,1.110223024625E-16));
#641 = ORIENTED_EDGE('',*,*,#642,.F.);
#642 = EDGE_CURVE('',#643,#635,#645,.T.);
#643 = VERTEX_POINT('',#644);
#644 = CARTESIAN_POINT('',(6.75,-0.45,4.8));
#645 = LINE('',#646,#647);
#646 = CARTESIAN_POINT('',(6.75,-0.45,4.8));
#647 = VECTOR('',#648,1.);
#648 = DIRECTION('',(-1.,1.224646799147E-16,0.));
#649 = ORIENTED_EDGE('',*,*,#650,.F.);
#650 = EDGE_CURVE('',#651,#643,#653,.T.);
#651 = VERTEX_POINT('',#652);
#652 = CARTESIAN_POINT('',(6.75,-0.25,4.8));
#653 = LINE('',#654,#655);
#654 = CARTESIAN_POINT('',(6.75,-0.25,4.8));
#655 = VECTOR('',#656,1.);
#656 = DIRECTION('',(-1.224646799147E-16,-1.,1.110223024625E-16));
#657 = ORIENTED_EDGE('',*,*,#658,.F.);
#658 = EDGE_CURVE('',#659,#651,#661,.T.);
#659 = VERTEX_POINT('',#660);
#660 = CARTESIAN_POINT('',(7.25,-0.25,4.8));
#661 = LINE('',#662,#663);
#662 = CARTESIAN_POINT('',(11.95,-0.25,4.8));
#663 = VECTOR('',#664,1.);
#664 = DIRECTION('',(-1.,1.224646799147E-16,0.));
#665 = ORIENTED_EDGE('',*,*,#666,.T.);
#666 = EDGE_CURVE('',#659,#667,#669,.T.);
#667 = VERTEX_POINT('',#668);
#668 = CARTESIAN_POINT('',(7.25,-0.45,4.8));
#669 = LINE('',#670,#671);
#670 = CARTESIAN_POINT('',(7.25,-0.25,4.8));
#671 = VECTOR('',#672,1.);
#672 = DIRECTION('',(-1.224646799147E-16,-1.,1.110223024625E-16));
#673 = ORIENTED_EDGE('',*,*,#674,.F.);
#674 = EDGE_CURVE('',#675,#667,#677,.T.);
#675 = VERTEX_POINT('',#676);
#676 = CARTESIAN_POINT('',(8.75,-0.45,4.8));
#677 = LINE('',#678,#679);
#678 = CARTESIAN_POINT('',(8.75,-0.45,4.8));
#679 = VECTOR('',#680,1.);
#680 = DIRECTION('',(-1.,1.224646799147E-16,0.));
#681 = ORIENTED_EDGE('',*,*,#682,.F.);
#682 = EDGE_CURVE('',#683,#675,#685,.T.);
#683 = VERTEX_POINT('',#684);
#684 = CARTESIAN_POINT('',(8.75,-0.25,4.8));
#685 = LINE('',#686,#687);
#686 = CARTESIAN_POINT('',(8.75,-0.25,4.8));
#687 = VECTOR('',#688,1.);
#688 = DIRECTION('',(-1.224646799147E-16,-1.,1.110223024625E-16));
#689 = ORIENTED_EDGE('',*,*,#690,.F.);
#690 = EDGE_CURVE('',#691,#683,#693,.T.);
#691 = VERTEX_POINT('',#692);
#692 = CARTESIAN_POINT('',(9.25,-0.25,4.8));
#693 = LINE('',#694,#695);
#694 = CARTESIAN_POINT('',(11.95,-0.25,4.8));
#695 = VECTOR('',#696,1.);
#696 = DIRECTION('',(-1.,1.224646799147E-16,0.));
#697 = ORIENTED_EDGE('',*,*,#698,.T.);
#698 = EDGE_CURVE('',#691,#699,#701,.T.);
#699 = VERTEX_POINT('',#700);
#700 = CARTESIAN_POINT('',(9.25,-0.45,4.8));
#701 = LINE('',#702,#703);
#702 = CARTESIAN_POINT('',(9.25,-0.25,4.8));
#703 = VECTOR('',#704,1.);
#704 = DIRECTION('',(-1.224646799147E-16,-1.,1.110223024625E-16));
#705 = ORIENTED_EDGE('',*,*,#706,.F.);
#706 = EDGE_CURVE('',#707,#699,#709,.T.);
#707 = VERTEX_POINT('',#708);
#708 = CARTESIAN_POINT('',(10.4,-0.45,4.8));
#709 = LINE('',#710,#711);
#710 = CARTESIAN_POINT('',(10.75,-0.45,4.8));
#711 = VECTOR('',#712,1.);
#712 = DIRECTION('',(-1.,1.224646799147E-16,0.));
#713 = ORIENTED_EDGE('',*,*,#714,.T.);
#714 = EDGE_CURVE('',#707,#715,#717,.T.);
#715 = VERTEX_POINT('',#716);
#716 = CARTESIAN_POINT('',(10.4,-4.45,4.8));
#717 = LINE('',#718,#719);
#718 = CARTESIAN_POINT('',(10.4,-0.25,4.8));
#719 = VECTOR('',#720,1.);
#720 = DIRECTION('',(-1.224646799147E-16,-1.,1.110223024625E-16));
#721 = ORIENTED_EDGE('',*,*,#722,.T.);
#722 = EDGE_CURVE('',#715,#723,#725,.T.);
#723 = VERTEX_POINT('',#724);
#724 = CARTESIAN_POINT('',(11.4,-4.45,4.8));
#725 = LINE('',#726,#727);
#726 = CARTESIAN_POINT('',(10.4,-4.45,4.8));
#727 = VECTOR('',#728,1.);
#728 = DIRECTION('',(1.,-1.224646799147E-16,0.));
#729 = ORIENTED_EDGE('',*,*,#730,.T.);
#730 = EDGE_CURVE('',#723,#451,#731,.T.);
#731 = LINE('',#732,#733);
#732 = CARTESIAN_POINT('',(11.4,-4.45,4.8));
#733 = VECTOR('',#734,1.);
#734 = DIRECTION('',(1.224646799147E-16,1.,-1.110223024625E-16));
#735 = PLANE('',#736);
#736 = AXIS2_PLACEMENT_3D('',#737,#738,#739);
#737 = CARTESIAN_POINT('',(11.95,-0.25,4.8));
#738 = DIRECTION('',(-1.359631073447E-32,-1.110223024625E-16,-1.));
#739 = DIRECTION('',(-1.,1.224646799147E-16,6.927121900793E-45));
#740 = ADVANCED_FACE('',(#741),#766,.T.);
#741 = FACE_BOUND('',#742,.T.);
#742 = EDGE_LOOP('',(#743,#749,#750,#751,#759,#765));
#743 = ORIENTED_EDGE('',*,*,#744,.F.);
#744 = EDGE_CURVE('',#159,#304,#745,.T.);
#745 = LINE('',#746,#747);
#746 = CARTESIAN_POINT('',(11.95,-6.25,3.3));
#747 = VECTOR('',#748,1.);
#748 = DIRECTION('',(-1.,1.224646799147E-16,0.));
#749 = ORIENTED_EDGE('',*,*,#158,.T.);
#750 = ORIENTED_EDGE('',*,*,#482,.T.);
#751 = ORIENTED_EDGE('',*,*,#752,.T.);
#752 = EDGE_CURVE('',#483,#753,#755,.T.);
#753 = VERTEX_POINT('',#754);
#754 = CARTESIAN_POINT('',(9.45,-6.25,4.2));
#755 = LINE('',#756,#757);
#756 = CARTESIAN_POINT('',(9.45,-6.25,4.8));
#757 = VECTOR('',#758,1.);
#758 = DIRECTION('',(-1.359631073447E-32,-1.110223024625E-16,-1.));
#759 = ORIENTED_EDGE('',*,*,#760,.F.);
#760 = EDGE_CURVE('',#296,#753,#761,.T.);
#761 = LINE('',#762,#763);
#762 = CARTESIAN_POINT('',(11.45,-6.25,4.2));
#763 = VECTOR('',#764,1.);
#764 = DIRECTION('',(-1.,1.224646799147E-16,0.));
#765 = ORIENTED_EDGE('',*,*,#303,.F.);
#766 = PLANE('',#767);
#767 = AXIS2_PLACEMENT_3D('',#768,#769,#770);
#768 = CARTESIAN_POINT('',(5.,-6.25,2.55));
#769 = DIRECTION('',(-1.224646799147E-16,-1.,1.110223024625E-16));
#770 = DIRECTION('',(-1.,1.224646799147E-16,0.));
#771 = ADVANCED_FACE('',(#772),#778,.T.);
#772 = FACE_BOUND('',#773,.T.);
#773 = EDGE_LOOP('',(#774,#775,#776,#777));
#774 = ORIENTED_EDGE('',*,*,#166,.F.);
#775 = ORIENTED_EDGE('',*,*,#744,.T.);
#776 = ORIENTED_EDGE('',*,*,#311,.T.);
#777 = ORIENTED_EDGE('',*,*,#337,.F.);
#778 = PLANE('',#779);
#779 = AXIS2_PLACEMENT_3D('',#780,#781,#782);
#780 = CARTESIAN_POINT('',(11.95,-6.25,3.3));
#781 = DIRECTION('',(-1.359631073447E-32,-1.110223024625E-16,-1.));
#782 = DIRECTION('',(1.224646799147E-16,1.,-1.110223024625E-16));
#783 = ADVANCED_FACE('',(#784),#992,.F.);
#784 = FACE_BOUND('',#785,.F.);
#785 = EDGE_LOOP('',(#786,#796,#802,#803,#809,#810,#818,#826,#834,#842,
    #850,#858,#866,#874,#882,#890,#898,#906,#914,#922,#930,#938,#946,
    #954,#962,#970,#978,#986));
#786 = ORIENTED_EDGE('',*,*,#787,.F.);
#787 = EDGE_CURVE('',#788,#790,#792,.T.);
#788 = VERTEX_POINT('',#789);
#789 = CARTESIAN_POINT('',(-0.95,-0.25,0.3));
#790 = VERTEX_POINT('',#791);
#791 = CARTESIAN_POINT('',(-0.75,-0.25,0.3));
#792 = LINE('',#793,#794);
#793 = CARTESIAN_POINT('',(-1.95,-0.25,0.3));
#794 = VECTOR('',#795,1.);
#795 = DIRECTION('',(1.,-1.224646799147E-16,0.));
#796 = ORIENTED_EDGE('',*,*,#797,.F.);
#797 = EDGE_CURVE('',#191,#788,#798,.T.);
#798 = LINE('',#799,#800);
#799 = CARTESIAN_POINT('',(-0.95,-6.25,0.3));
#800 = VECTOR('',#801,1.);
#801 = DIRECTION('',(1.224646799147E-16,1.,0.));
#802 = ORIENTED_EDGE('',*,*,#190,.T.);
#803 = ORIENTED_EDGE('',*,*,#804,.T.);
#804 = EDGE_CURVE('',#193,#435,#805,.T.);
#805 = LINE('',#806,#807);
#806 = CARTESIAN_POINT('',(10.95,-6.25,0.3));
#807 = VECTOR('',#808,1.);
#808 = DIRECTION('',(1.224646799147E-16,1.,0.));
#809 = ORIENTED_EDGE('',*,*,#434,.F.);
#810 = ORIENTED_EDGE('',*,*,#811,.F.);
#811 = EDGE_CURVE('',#812,#425,#814,.T.);
#812 = VERTEX_POINT('',#813);
#813 = CARTESIAN_POINT('',(10.75,-0.45,0.3));
#814 = LINE('',#815,#816);
#815 = CARTESIAN_POINT('',(10.75,-0.45,0.3));
#816 = VECTOR('',#817,1.);
#817 = DIRECTION('',(1.224646799147E-16,1.,-1.110223024625E-16));
#818 = ORIENTED_EDGE('',*,*,#819,.T.);
#819 = EDGE_CURVE('',#812,#820,#822,.T.);
#820 = VERTEX_POINT('',#821);
#821 = CARTESIAN_POINT('',(9.25,-0.45,0.3));
#822 = LINE('',#823,#824);
#823 = CARTESIAN_POINT('',(10.75,-0.45,0.3));
#824 = VECTOR('',#825,1.);
#825 = DIRECTION('',(-1.,1.224646799147E-16,0.));
#826 = ORIENTED_EDGE('',*,*,#827,.T.);
#827 = EDGE_CURVE('',#820,#828,#830,.T.);
#828 = VERTEX_POINT('',#829);
#829 = CARTESIAN_POINT('',(9.25,-0.25,0.3));
#830 = LINE('',#831,#832);
#831 = CARTESIAN_POINT('',(9.25,-0.45,0.3));
#832 = VECTOR('',#833,1.);
#833 = DIRECTION('',(1.224646799147E-16,1.,-1.110223024625E-16));
#834 = ORIENTED_EDGE('',*,*,#835,.F.);
#835 = EDGE_CURVE('',#836,#828,#838,.T.);
#836 = VERTEX_POINT('',#837);
#837 = CARTESIAN_POINT('',(8.75,-0.25,0.3));
#838 = LINE('',#839,#840);
#839 = CARTESIAN_POINT('',(-1.95,-0.25,0.3));
#840 = VECTOR('',#841,1.);
#841 = DIRECTION('',(1.,-1.224646799147E-16,0.));
#842 = ORIENTED_EDGE('',*,*,#843,.F.);
#843 = EDGE_CURVE('',#844,#836,#846,.T.);
#844 = VERTEX_POINT('',#845);
#845 = CARTESIAN_POINT('',(8.75,-0.45,0.3));
#846 = LINE('',#847,#848);
#847 = CARTESIAN_POINT('',(8.75,-0.45,0.3));
#848 = VECTOR('',#849,1.);
#849 = DIRECTION('',(1.224646799147E-16,1.,-1.110223024625E-16));
#850 = ORIENTED_EDGE('',*,*,#851,.T.);
#851 = EDGE_CURVE('',#844,#852,#854,.T.);
#852 = VERTEX_POINT('',#853);
#853 = CARTESIAN_POINT('',(7.25,-0.45,0.3));
#854 = LINE('',#855,#856);
#855 = CARTESIAN_POINT('',(8.75,-0.45,0.3));
#856 = VECTOR('',#857,1.);
#857 = DIRECTION('',(-1.,1.224646799147E-16,0.));
#858 = ORIENTED_EDGE('',*,*,#859,.T.);
#859 = EDGE_CURVE('',#852,#860,#862,.T.);
#860 = VERTEX_POINT('',#861);
#861 = CARTESIAN_POINT('',(7.25,-0.25,0.3));
#862 = LINE('',#863,#864);
#863 = CARTESIAN_POINT('',(7.25,-0.45,0.3));
#864 = VECTOR('',#865,1.);
#865 = DIRECTION('',(1.224646799147E-16,1.,-1.110223024625E-16));
#866 = ORIENTED_EDGE('',*,*,#867,.F.);
#867 = EDGE_CURVE('',#868,#860,#870,.T.);
#868 = VERTEX_POINT('',#869);
#869 = CARTESIAN_POINT('',(6.75,-0.25,0.3));
#870 = LINE('',#871,#872);
#871 = CARTESIAN_POINT('',(-1.95,-0.25,0.3));
#872 = VECTOR('',#873,1.);
#873 = DIRECTION('',(1.,-1.224646799147E-16,0.));
#874 = ORIENTED_EDGE('',*,*,#875,.F.);
#875 = EDGE_CURVE('',#876,#868,#878,.T.);
#876 = VERTEX_POINT('',#877);
#877 = CARTESIAN_POINT('',(6.75,-0.45,0.3));
#878 = LINE('',#879,#880);
#879 = CARTESIAN_POINT('',(6.75,-0.45,0.3));
#880 = VECTOR('',#881,1.);
#881 = DIRECTION('',(1.224646799147E-16,1.,-1.110223024625E-16));
#882 = ORIENTED_EDGE('',*,*,#883,.T.);
#883 = EDGE_CURVE('',#876,#884,#886,.T.);
#884 = VERTEX_POINT('',#885);
#885 = CARTESIAN_POINT('',(5.25,-0.45,0.3));
#886 = LINE('',#887,#888);
#887 = CARTESIAN_POINT('',(6.75,-0.45,0.3));
#888 = VECTOR('',#889,1.);
#889 = DIRECTION('',(-1.,1.224646799147E-16,0.));
#890 = ORIENTED_EDGE('',*,*,#891,.T.);
#891 = EDGE_CURVE('',#884,#892,#894,.T.);
#892 = VERTEX_POINT('',#893);
#893 = CARTESIAN_POINT('',(5.25,-0.25,0.3));
#894 = LINE('',#895,#896);
#895 = CARTESIAN_POINT('',(5.25,-0.45,0.3));
#896 = VECTOR('',#897,1.);
#897 = DIRECTION('',(1.224646799147E-16,1.,-1.110223024625E-16));
#898 = ORIENTED_EDGE('',*,*,#899,.F.);
#899 = EDGE_CURVE('',#900,#892,#902,.T.);
#900 = VERTEX_POINT('',#901);
#901 = CARTESIAN_POINT('',(4.75,-0.25,0.3));
#902 = LINE('',#903,#904);
#903 = CARTESIAN_POINT('',(-1.95,-0.25,0.3));
#904 = VECTOR('',#905,1.);
#905 = DIRECTION('',(1.,-1.224646799147E-16,0.));
#906 = ORIENTED_EDGE('',*,*,#907,.F.);
#907 = EDGE_CURVE('',#908,#900,#910,.T.);
#908 = VERTEX_POINT('',#909);
#909 = CARTESIAN_POINT('',(4.75,-0.45,0.3));
#910 = LINE('',#911,#912);
#911 = CARTESIAN_POINT('',(4.75,-0.45,0.3));
#912 = VECTOR('',#913,1.);
#913 = DIRECTION('',(1.224646799147E-16,1.,-1.110223024625E-16));
#914 = ORIENTED_EDGE('',*,*,#915,.T.);
#915 = EDGE_CURVE('',#908,#916,#918,.T.);
#916 = VERTEX_POINT('',#917);
#917 = CARTESIAN_POINT('',(3.25,-0.45,0.3));
#918 = LINE('',#919,#920);
#919 = CARTESIAN_POINT('',(4.75,-0.45,0.3));
#920 = VECTOR('',#921,1.);
#921 = DIRECTION('',(-1.,1.224646799147E-16,0.));
#922 = ORIENTED_EDGE('',*,*,#923,.T.);
#923 = EDGE_CURVE('',#916,#924,#926,.T.);
#924 = VERTEX_POINT('',#925);
#925 = CARTESIAN_POINT('',(3.25,-0.25,0.3));
#926 = LINE('',#927,#928);
#927 = CARTESIAN_POINT('',(3.25,-0.45,0.3));
#928 = VECTOR('',#929,1.);
#929 = DIRECTION('',(1.224646799147E-16,1.,-1.110223024625E-16));
#930 = ORIENTED_EDGE('',*,*,#931,.F.);
#931 = EDGE_CURVE('',#932,#924,#934,.T.);
#932 = VERTEX_POINT('',#933);
#933 = CARTESIAN_POINT('',(2.75,-0.25,0.3));
#934 = LINE('',#935,#936);
#935 = CARTESIAN_POINT('',(-1.95,-0.25,0.3));
#936 = VECTOR('',#937,1.);
#937 = DIRECTION('',(1.,-1.224646799147E-16,0.));
#938 = ORIENTED_EDGE('',*,*,#939,.F.);
#939 = EDGE_CURVE('',#940,#932,#942,.T.);
#940 = VERTEX_POINT('',#941);
#941 = CARTESIAN_POINT('',(2.75,-0.45,0.3));
#942 = LINE('',#943,#944);
#943 = CARTESIAN_POINT('',(2.75,-0.45,0.3));
#944 = VECTOR('',#945,1.);
#945 = DIRECTION('',(1.224646799147E-16,1.,-1.110223024625E-16));
#946 = ORIENTED_EDGE('',*,*,#947,.T.);
#947 = EDGE_CURVE('',#940,#948,#950,.T.);
#948 = VERTEX_POINT('',#949);
#949 = CARTESIAN_POINT('',(1.25,-0.45,0.3));
#950 = LINE('',#951,#952);
#951 = CARTESIAN_POINT('',(2.75,-0.45,0.3));
#952 = VECTOR('',#953,1.);
#953 = DIRECTION('',(-1.,1.224646799147E-16,0.));
#954 = ORIENTED_EDGE('',*,*,#955,.T.);
#955 = EDGE_CURVE('',#948,#956,#958,.T.);
#956 = VERTEX_POINT('',#957);
#957 = CARTESIAN_POINT('',(1.25,-0.25,0.3));
#958 = LINE('',#959,#960);
#959 = CARTESIAN_POINT('',(1.25,-0.45,0.3));
#960 = VECTOR('',#961,1.);
#961 = DIRECTION('',(1.224646799147E-16,1.,-1.110223024625E-16));
#962 = ORIENTED_EDGE('',*,*,#963,.F.);
#963 = EDGE_CURVE('',#964,#956,#966,.T.);
#964 = VERTEX_POINT('',#965);
#965 = CARTESIAN_POINT('',(0.75,-0.25,0.3));
#966 = LINE('',#967,#968);
#967 = CARTESIAN_POINT('',(-1.95,-0.25,0.3));
#968 = VECTOR('',#969,1.);
#969 = DIRECTION('',(1.,-1.224646799147E-16,0.));
#970 = ORIENTED_EDGE('',*,*,#971,.F.);
#971 = EDGE_CURVE('',#972,#964,#974,.T.);
#972 = VERTEX_POINT('',#973);
#973 = CARTESIAN_POINT('',(0.75,-0.45,0.3));
#974 = LINE('',#975,#976);
#975 = CARTESIAN_POINT('',(0.75,-0.45,0.3));
#976 = VECTOR('',#977,1.);
#977 = DIRECTION('',(1.224646799147E-16,1.,-1.110223024625E-16));
#978 = ORIENTED_EDGE('',*,*,#979,.T.);
#979 = EDGE_CURVE('',#972,#980,#982,.T.);
#980 = VERTEX_POINT('',#981);
#981 = CARTESIAN_POINT('',(-0.75,-0.45,0.3));
#982 = LINE('',#983,#984);
#983 = CARTESIAN_POINT('',(0.75,-0.45,0.3));
#984 = VECTOR('',#985,1.);
#985 = DIRECTION('',(-1.,1.224646799147E-16,0.));
#986 = ORIENTED_EDGE('',*,*,#987,.T.);
#987 = EDGE_CURVE('',#980,#790,#988,.T.);
#988 = LINE('',#989,#990);
#989 = CARTESIAN_POINT('',(-0.75,-0.45,0.3));
#990 = VECTOR('',#991,1.);
#991 = DIRECTION('',(1.224646799147E-16,1.,-1.110223024625E-16));
#992 = PLANE('',#993);
#993 = AXIS2_PLACEMENT_3D('',#994,#995,#996);
#994 = CARTESIAN_POINT('',(-1.95,-0.25,0.3));
#995 = DIRECTION('',(1.359631073447E-32,1.110223024625E-16,1.));
#996 = DIRECTION('',(1.,-1.224646799147E-16,-6.927121900793E-45));
#997 = ADVANCED_FACE('',(#998),#1006,.T.);
#998 = FACE_BOUND('',#999,.T.);
#999 = EDGE_LOOP('',(#1000,#1001,#1002,#1003,#1004,#1005));
#1000 = ORIENTED_EDGE('',*,*,#442,.T.);
#1001 = ORIENTED_EDGE('',*,*,#408,.T.);
#1002 = ORIENTED_EDGE('',*,*,#384,.T.);
#1003 = ORIENTED_EDGE('',*,*,#360,.T.);
#1004 = ORIENTED_EDGE('',*,*,#200,.T.);
#1005 = ORIENTED_EDGE('',*,*,#804,.T.);
#1006 = PLANE('',#1007);
#1007 = AXIS2_PLACEMENT_3D('',#1008,#1009,#1010);
#1008 = CARTESIAN_POINT('',(10.95,-1.566489992801,0.968760807125));
#1009 = DIRECTION('',(-1.,1.224646799147E-16,0.));
#1010 = DIRECTION('',(0.,0.,1.));
#1011 = ADVANCED_FACE('',(#1012),#1190,.F.);
#1012 = FACE_BOUND('',#1013,.F.);
#1013 = EDGE_LOOP('',(#1014,#1015,#1023,#1031,#1039,#1047,#1055,#1063,
    #1071,#1079,#1087,#1095,#1103,#1111,#1119,#1127,#1135,#1143,#1151,
    #1159,#1167,#1175,#1183,#1189));
#1014 = ORIENTED_EDGE('',*,*,#224,.F.);
#1015 = ORIENTED_EDGE('',*,*,#1016,.T.);
#1016 = EDGE_CURVE('',#225,#1017,#1019,.T.);
#1017 = VERTEX_POINT('',#1018);
#1018 = CARTESIAN_POINT('',(-1.45,-2.05,0.8));
#1019 = LINE('',#1020,#1021);
#1020 = CARTESIAN_POINT('',(-1.45,-6.25,0.8));
#1021 = VECTOR('',#1022,1.);
#1022 = DIRECTION('',(1.224646799147E-16,1.,-1.110223024625E-16));
#1023 = ORIENTED_EDGE('',*,*,#1024,.T.);
#1024 = EDGE_CURVE('',#1017,#1025,#1027,.T.);
#1025 = VERTEX_POINT('',#1026);
#1026 = CARTESIAN_POINT('',(0.8,-2.05,0.8));
#1027 = LINE('',#1028,#1029);
#1028 = CARTESIAN_POINT('',(-1.45,-2.05,0.8));
#1029 = VECTOR('',#1030,1.);
#1030 = DIRECTION('',(1.,-1.224646799147E-16,0.));
#1031 = ORIENTED_EDGE('',*,*,#1032,.T.);
#1032 = EDGE_CURVE('',#1025,#1033,#1035,.T.);
#1033 = VERTEX_POINT('',#1034);
#1034 = CARTESIAN_POINT('',(0.8,-3.95,0.8));
#1035 = LINE('',#1036,#1037);
#1036 = CARTESIAN_POINT('',(0.8,-2.05,0.8));
#1037 = VECTOR('',#1038,1.);
#1038 = DIRECTION('',(-1.224646799147E-16,-1.,1.110223024625E-16));
#1039 = ORIENTED_EDGE('',*,*,#1040,.T.);
#1040 = EDGE_CURVE('',#1033,#1041,#1043,.T.);
#1041 = VERTEX_POINT('',#1042);
#1042 = CARTESIAN_POINT('',(1.2,-3.95,0.8));
#1043 = LINE('',#1044,#1045);
#1044 = CARTESIAN_POINT('',(0.8,-3.95,0.8));
#1045 = VECTOR('',#1046,1.);
#1046 = DIRECTION('',(1.,-1.224646799147E-16,0.));
#1047 = ORIENTED_EDGE('',*,*,#1048,.F.);
#1048 = EDGE_CURVE('',#1049,#1041,#1051,.T.);
#1049 = VERTEX_POINT('',#1050);
#1050 = CARTESIAN_POINT('',(1.2,-2.05,0.8));
#1051 = LINE('',#1052,#1053);
#1052 = CARTESIAN_POINT('',(1.2,-2.05,0.8));
#1053 = VECTOR('',#1054,1.);
#1054 = DIRECTION('',(-1.224646799147E-16,-1.,1.110223024625E-16));
#1055 = ORIENTED_EDGE('',*,*,#1056,.T.);
#1056 = EDGE_CURVE('',#1049,#1057,#1059,.T.);
#1057 = VERTEX_POINT('',#1058);
#1058 = CARTESIAN_POINT('',(2.8,-2.05,0.8));
#1059 = LINE('',#1060,#1061);
#1060 = CARTESIAN_POINT('',(-1.45,-2.05,0.8));
#1061 = VECTOR('',#1062,1.);
#1062 = DIRECTION('',(1.,-1.224646799147E-16,0.));
#1063 = ORIENTED_EDGE('',*,*,#1064,.T.);
#1064 = EDGE_CURVE('',#1057,#1065,#1067,.T.);
#1065 = VERTEX_POINT('',#1066);
#1066 = CARTESIAN_POINT('',(2.8,-3.95,0.8));
#1067 = LINE('',#1068,#1069);
#1068 = CARTESIAN_POINT('',(2.8,-2.05,0.8));
#1069 = VECTOR('',#1070,1.);
#1070 = DIRECTION('',(-1.224646799147E-16,-1.,1.110223024625E-16));
#1071 = ORIENTED_EDGE('',*,*,#1072,.T.);
#1072 = EDGE_CURVE('',#1065,#1073,#1075,.T.);
#1073 = VERTEX_POINT('',#1074);
#1074 = CARTESIAN_POINT('',(3.2,-3.95,0.8));
#1075 = LINE('',#1076,#1077);
#1076 = CARTESIAN_POINT('',(2.8,-3.95,0.8));
#1077 = VECTOR('',#1078,1.);
#1078 = DIRECTION('',(1.,-1.224646799147E-16,0.));
#1079 = ORIENTED_EDGE('',*,*,#1080,.F.);
#1080 = EDGE_CURVE('',#1081,#1073,#1083,.T.);
#1081 = VERTEX_POINT('',#1082);
#1082 = CARTESIAN_POINT('',(3.2,-2.05,0.8));
#1083 = LINE('',#1084,#1085);
#1084 = CARTESIAN_POINT('',(3.2,-2.05,0.8));
#1085 = VECTOR('',#1086,1.);
#1086 = DIRECTION('',(-1.224646799147E-16,-1.,1.110223024625E-16));
#1087 = ORIENTED_EDGE('',*,*,#1088,.T.);
#1088 = EDGE_CURVE('',#1081,#1089,#1091,.T.);
#1089 = VERTEX_POINT('',#1090);
#1090 = CARTESIAN_POINT('',(4.8,-2.05,0.8));
#1091 = LINE('',#1092,#1093);
#1092 = CARTESIAN_POINT('',(-1.45,-2.05,0.8));
#1093 = VECTOR('',#1094,1.);
#1094 = DIRECTION('',(1.,-1.224646799147E-16,0.));
#1095 = ORIENTED_EDGE('',*,*,#1096,.T.);
#1096 = EDGE_CURVE('',#1089,#1097,#1099,.T.);
#1097 = VERTEX_POINT('',#1098);
#1098 = CARTESIAN_POINT('',(4.8,-3.95,0.8));
#1099 = LINE('',#1100,#1101);
#1100 = CARTESIAN_POINT('',(4.8,-2.05,0.8));
#1101 = VECTOR('',#1102,1.);
#1102 = DIRECTION('',(-1.224646799147E-16,-1.,1.110223024625E-16));
#1103 = ORIENTED_EDGE('',*,*,#1104,.T.);
#1104 = EDGE_CURVE('',#1097,#1105,#1107,.T.);
#1105 = VERTEX_POINT('',#1106);
#1106 = CARTESIAN_POINT('',(5.2,-3.95,0.8));
#1107 = LINE('',#1108,#1109);
#1108 = CARTESIAN_POINT('',(4.8,-3.95,0.8));
#1109 = VECTOR('',#1110,1.);
#1110 = DIRECTION('',(1.,-1.224646799147E-16,0.));
#1111 = ORIENTED_EDGE('',*,*,#1112,.F.);
#1112 = EDGE_CURVE('',#1113,#1105,#1115,.T.);
#1113 = VERTEX_POINT('',#1114);
#1114 = CARTESIAN_POINT('',(5.2,-2.05,0.8));
#1115 = LINE('',#1116,#1117);
#1116 = CARTESIAN_POINT('',(5.2,-2.05,0.8));
#1117 = VECTOR('',#1118,1.);
#1118 = DIRECTION('',(-1.224646799147E-16,-1.,1.110223024625E-16));
#1119 = ORIENTED_EDGE('',*,*,#1120,.T.);
#1120 = EDGE_CURVE('',#1113,#1121,#1123,.T.);
#1121 = VERTEX_POINT('',#1122);
#1122 = CARTESIAN_POINT('',(6.8,-2.05,0.8));
#1123 = LINE('',#1124,#1125);
#1124 = CARTESIAN_POINT('',(-1.45,-2.05,0.8));
#1125 = VECTOR('',#1126,1.);
#1126 = DIRECTION('',(1.,-1.224646799147E-16,0.));
#1127 = ORIENTED_EDGE('',*,*,#1128,.T.);
#1128 = EDGE_CURVE('',#1121,#1129,#1131,.T.);
#1129 = VERTEX_POINT('',#1130);
#1130 = CARTESIAN_POINT('',(6.8,-3.95,0.8));
#1131 = LINE('',#1132,#1133);
#1132 = CARTESIAN_POINT('',(6.8,-2.05,0.8));
#1133 = VECTOR('',#1134,1.);
#1134 = DIRECTION('',(-1.224646799147E-16,-1.,1.110223024625E-16));
#1135 = ORIENTED_EDGE('',*,*,#1136,.T.);
#1136 = EDGE_CURVE('',#1129,#1137,#1139,.T.);
#1137 = VERTEX_POINT('',#1138);
#1138 = CARTESIAN_POINT('',(7.2,-3.95,0.8));
#1139 = LINE('',#1140,#1141);
#1140 = CARTESIAN_POINT('',(6.8,-3.95,0.8));
#1141 = VECTOR('',#1142,1.);
#1142 = DIRECTION('',(1.,-1.224646799147E-16,0.));
#1143 = ORIENTED_EDGE('',*,*,#1144,.F.);
#1144 = EDGE_CURVE('',#1145,#1137,#1147,.T.);
#1145 = VERTEX_POINT('',#1146);
#1146 = CARTESIAN_POINT('',(7.2,-2.05,0.8));
#1147 = LINE('',#1148,#1149);
#1148 = CARTESIAN_POINT('',(7.2,-2.05,0.8));
#1149 = VECTOR('',#1150,1.);
#1150 = DIRECTION('',(-1.224646799147E-16,-1.,1.110223024625E-16));
#1151 = ORIENTED_EDGE('',*,*,#1152,.T.);
#1152 = EDGE_CURVE('',#1145,#1153,#1155,.T.);
#1153 = VERTEX_POINT('',#1154);
#1154 = CARTESIAN_POINT('',(8.8,-2.05,0.8));
#1155 = LINE('',#1156,#1157);
#1156 = CARTESIAN_POINT('',(-1.45,-2.05,0.8));
#1157 = VECTOR('',#1158,1.);
#1158 = DIRECTION('',(1.,-1.224646799147E-16,0.));
#1159 = ORIENTED_EDGE('',*,*,#1160,.T.);
#1160 = EDGE_CURVE('',#1153,#1161,#1163,.T.);
#1161 = VERTEX_POINT('',#1162);
#1162 = CARTESIAN_POINT('',(8.8,-3.95,0.8));
#1163 = LINE('',#1164,#1165);
#1164 = CARTESIAN_POINT('',(8.8,-2.05,0.8));
#1165 = VECTOR('',#1166,1.);
#1166 = DIRECTION('',(-1.224646799147E-16,-1.,1.110223024625E-16));
#1167 = ORIENTED_EDGE('',*,*,#1168,.T.);
#1168 = EDGE_CURVE('',#1161,#1169,#1171,.T.);
#1169 = VERTEX_POINT('',#1170);
#1170 = CARTESIAN_POINT('',(9.2,-3.95,0.8));
#1171 = LINE('',#1172,#1173);
#1172 = CARTESIAN_POINT('',(8.8,-3.95,0.8));
#1173 = VECTOR('',#1174,1.);
#1174 = DIRECTION('',(1.,-1.224646799147E-16,0.));
#1175 = ORIENTED_EDGE('',*,*,#1176,.F.);
#1176 = EDGE_CURVE('',#1177,#1169,#1179,.T.);
#1177 = VERTEX_POINT('',#1178);
#1178 = CARTESIAN_POINT('',(9.2,-2.05,0.8));
#1179 = LINE('',#1180,#1181);
#1180 = CARTESIAN_POINT('',(9.2,-2.05,0.8));
#1181 = VECTOR('',#1182,1.);
#1182 = DIRECTION('',(-1.224646799147E-16,-1.,1.110223024625E-16));
#1183 = ORIENTED_EDGE('',*,*,#1184,.T.);
#1184 = EDGE_CURVE('',#1177,#280,#1185,.T.);
#1185 = LINE('',#1186,#1187);
#1186 = CARTESIAN_POINT('',(-1.45,-2.05,0.8));
#1187 = VECTOR('',#1188,1.);
#1188 = DIRECTION('',(1.,-1.224646799147E-16,0.));
#1189 = ORIENTED_EDGE('',*,*,#279,.F.);
#1190 = PLANE('',#1191);
#1191 = AXIS2_PLACEMENT_3D('',#1192,#1193,#1194);
#1192 = CARTESIAN_POINT('',(-1.45,-6.25,0.8));
#1193 = DIRECTION('',(-1.359631073447E-32,-1.110223024625E-16,-1.));
#1194 = DIRECTION('',(1.,-1.224646799147E-16,-6.927121900793E-45));
#1195 = ADVANCED_FACE('',(#1196),#1247,.F.);
#1196 = FACE_BOUND('',#1197,.F.);
#1197 = EDGE_LOOP('',(#1198,#1208,#1216,#1222,#1223,#1224,#1232,#1241));
#1198 = ORIENTED_EDGE('',*,*,#1199,.F.);
#1199 = EDGE_CURVE('',#1200,#1202,#1204,.T.);
#1200 = VERTEX_POINT('',#1201);
#1201 = CARTESIAN_POINT('',(-1.45,-6.25,4.2));
#1202 = VERTEX_POINT('',#1203);
#1203 = CARTESIAN_POINT('',(-1.45,-6.25,3.3));
#1204 = LINE('',#1205,#1206);
#1205 = CARTESIAN_POINT('',(-1.45,-6.25,4.2));
#1206 = VECTOR('',#1207,1.);
#1207 = DIRECTION('',(-1.359631073447E-32,-1.110223024625E-16,-1.));
#1208 = ORIENTED_EDGE('',*,*,#1209,.T.);
#1209 = EDGE_CURVE('',#1200,#1210,#1212,.T.);
#1210 = VERTEX_POINT('',#1211);
#1211 = CARTESIAN_POINT('',(-1.45,-2.05,4.2));
#1212 = LINE('',#1213,#1214);
#1213 = CARTESIAN_POINT('',(-1.45,-6.25,4.2));
#1214 = VECTOR('',#1215,1.);
#1215 = DIRECTION('',(1.224646799147E-16,1.,-1.110223024625E-16));
#1216 = ORIENTED_EDGE('',*,*,#1217,.T.);
#1217 = EDGE_CURVE('',#1210,#1017,#1218,.T.);
#1218 = LINE('',#1219,#1220);
#1219 = CARTESIAN_POINT('',(-1.45,-2.05,4.2));
#1220 = VECTOR('',#1221,1.);
#1221 = DIRECTION('',(-1.359631073447E-32,-1.110223024625E-16,-1.));
#1222 = ORIENTED_EDGE('',*,*,#1016,.F.);
#1223 = ORIENTED_EDGE('',*,*,#232,.F.);
#1224 = ORIENTED_EDGE('',*,*,#1225,.T.);
#1225 = EDGE_CURVE('',#233,#1226,#1228,.T.);
#1226 = VERTEX_POINT('',#1227);
#1227 = CARTESIAN_POINT('',(-1.45,-4.65,2.5));
#1228 = LINE('',#1229,#1230);
#1229 = CARTESIAN_POINT('',(-1.45,-5.45,2.5));
#1230 = VECTOR('',#1231,1.);
#1231 = DIRECTION('',(1.224646799147E-16,1.,-1.110223024625E-16));
#1232 = ORIENTED_EDGE('',*,*,#1233,.T.);
#1233 = EDGE_CURVE('',#1226,#1234,#1236,.T.);
#1234 = VERTEX_POINT('',#1235);
#1235 = CARTESIAN_POINT('',(-1.45,-4.65,3.3));
#1236 = CIRCLE('',#1237,0.4);
#1237 = AXIS2_PLACEMENT_3D('',#1238,#1239,#1240);
#1238 = CARTESIAN_POINT('',(-1.45,-4.65,2.9));
#1239 = DIRECTION('',(1.,-1.224646799147E-16,0.));
#1240 = DIRECTION('',(1.359631073446E-32,1.110223024625E-16,1.));
#1241 = ORIENTED_EDGE('',*,*,#1242,.T.);
#1242 = EDGE_CURVE('',#1234,#1202,#1243,.T.);
#1243 = LINE('',#1244,#1245);
#1244 = CARTESIAN_POINT('',(-1.45,-6.25,3.3));
#1245 = VECTOR('',#1246,1.);
#1246 = DIRECTION('',(-1.224646799147E-16,-1.,1.110223024625E-16));
#1247 = PLANE('',#1248);
#1248 = AXIS2_PLACEMENT_3D('',#1249,#1250,#1251);
#1249 = CARTESIAN_POINT('',(-1.45,-6.25,4.2));
#1250 = DIRECTION('',(-1.,1.224646799147E-16,0.));
#1251 = DIRECTION('',(-1.359631073446E-32,-1.110223024625E-16,-1.));
#1252 = ADVANCED_FACE('',(#1253),#1271,.T.);
#1253 = FACE_BOUND('',#1254,.T.);
#1254 = EDGE_LOOP('',(#1255,#1256,#1264,#1270));
#1255 = ORIENTED_EDGE('',*,*,#1225,.T.);
#1256 = ORIENTED_EDGE('',*,*,#1257,.T.);
#1257 = EDGE_CURVE('',#1226,#1258,#1260,.T.);
#1258 = VERTEX_POINT('',#1259);
#1259 = CARTESIAN_POINT('',(-1.95,-4.65,2.5));
#1260 = LINE('',#1261,#1262);
#1261 = CARTESIAN_POINT('',(11.95,-4.65,2.5));
#1262 = VECTOR('',#1263,1.);
#1263 = DIRECTION('',(-1.,1.224646799147E-16,0.));
#1264 = ORIENTED_EDGE('',*,*,#1265,.T.);
#1265 = EDGE_CURVE('',#1258,#241,#1266,.T.);
#1266 = LINE('',#1267,#1268);
#1267 = CARTESIAN_POINT('',(-1.95,-2.45,2.5));
#1268 = VECTOR('',#1269,1.);
#1269 = DIRECTION('',(-1.224646799147E-16,-1.,1.110223024625E-16));
#1270 = ORIENTED_EDGE('',*,*,#240,.F.);
#1271 = PLANE('',#1272);
#1272 = AXIS2_PLACEMENT_3D('',#1273,#1274,#1275);
#1273 = CARTESIAN_POINT('',(11.95,-4.65,2.5));
#1274 = DIRECTION('',(1.359631073447E-32,1.110223024625E-16,1.));
#1275 = DIRECTION('',(-1.224646799147E-16,-1.,1.110223024625E-16));
#1276 = ADVANCED_FACE('',(#1277),#1344,.T.);
#1277 = FACE_BOUND('',#1278,.T.);
#1278 = EDGE_LOOP('',(#1279,#1289,#1297,#1305,#1311,#1312,#1313,#1322,
    #1330,#1338));
#1279 = ORIENTED_EDGE('',*,*,#1280,.T.);
#1280 = EDGE_CURVE('',#1281,#1283,#1285,.T.);
#1281 = VERTEX_POINT('',#1282);
#1282 = CARTESIAN_POINT('',(-1.95,-0.25,4.8));
#1283 = VERTEX_POINT('',#1284);
#1284 = CARTESIAN_POINT('',(-1.95,-0.25,4.1));
#1285 = LINE('',#1286,#1287);
#1286 = CARTESIAN_POINT('',(-1.95,-0.25,4.8));
#1287 = VECTOR('',#1288,1.);
#1288 = DIRECTION('',(-1.359631073447E-32,-1.110223024625E-16,-1.));
#1289 = ORIENTED_EDGE('',*,*,#1290,.T.);
#1290 = EDGE_CURVE('',#1283,#1291,#1293,.T.);
#1291 = VERTEX_POINT('',#1292);
#1292 = CARTESIAN_POINT('',(-1.95,1.35,3.2));
#1293 = LINE('',#1294,#1295);
#1294 = CARTESIAN_POINT('',(-1.95,-0.25,4.1));
#1295 = VECTOR('',#1296,1.);
#1296 = DIRECTION('',(1.067372191754E-16,0.871575537124,-0.490261239633)
  );
#1297 = ORIENTED_EDGE('',*,*,#1298,.T.);
#1298 = EDGE_CURVE('',#1291,#1299,#1301,.T.);
#1299 = VERTEX_POINT('',#1300);
#1300 = CARTESIAN_POINT('',(-1.95,1.35,0.));
#1301 = LINE('',#1302,#1303);
#1302 = CARTESIAN_POINT('',(-1.95,1.35,3.2));
#1303 = VECTOR('',#1304,1.);
#1304 = DIRECTION('',(-0.,0.,-1.));
#1305 = ORIENTED_EDGE('',*,*,#1306,.T.);
#1306 = EDGE_CURVE('',#1299,#249,#1307,.T.);
#1307 = LINE('',#1308,#1309);
#1308 = CARTESIAN_POINT('',(-1.95,1.35,0.));
#1309 = VECTOR('',#1310,1.);
#1310 = DIRECTION('',(-1.224646799147E-16,-1.,0.));
#1311 = ORIENTED_EDGE('',*,*,#248,.F.);
#1312 = ORIENTED_EDGE('',*,*,#1265,.F.);
#1313 = ORIENTED_EDGE('',*,*,#1314,.T.);
#1314 = EDGE_CURVE('',#1258,#1315,#1317,.T.);
#1315 = VERTEX_POINT('',#1316);
#1316 = CARTESIAN_POINT('',(-1.95,-4.65,3.3));
#1317 = CIRCLE('',#1318,0.4);
#1318 = AXIS2_PLACEMENT_3D('',#1319,#1320,#1321);
#1319 = CARTESIAN_POINT('',(-1.95,-4.65,2.9));
#1320 = DIRECTION('',(1.,-1.224646799147E-16,0.));
#1321 = DIRECTION('',(1.359631073446E-32,1.110223024625E-16,1.));
#1322 = ORIENTED_EDGE('',*,*,#1323,.F.);
#1323 = EDGE_CURVE('',#1324,#1315,#1326,.T.);
#1324 = VERTEX_POINT('',#1325);
#1325 = CARTESIAN_POINT('',(-1.95,-6.25,3.3));
#1326 = LINE('',#1327,#1328);
#1327 = CARTESIAN_POINT('',(-1.95,-3.25,3.3));
#1328 = VECTOR('',#1329,1.);
#1329 = DIRECTION('',(1.224646799147E-16,1.,-1.110223024625E-16));
#1330 = ORIENTED_EDGE('',*,*,#1331,.F.);
#1331 = EDGE_CURVE('',#1332,#1324,#1334,.T.);
#1332 = VERTEX_POINT('',#1333);
#1333 = CARTESIAN_POINT('',(-1.95,-6.25,4.8));
#1334 = LINE('',#1335,#1336);
#1335 = CARTESIAN_POINT('',(-1.95,-6.25,4.8));
#1336 = VECTOR('',#1337,1.);
#1337 = DIRECTION('',(-1.359631073447E-32,-1.110223024625E-16,-1.));
#1338 = ORIENTED_EDGE('',*,*,#1339,.F.);
#1339 = EDGE_CURVE('',#1281,#1332,#1340,.T.);
#1340 = LINE('',#1341,#1342);
#1341 = CARTESIAN_POINT('',(-1.95,-0.25,4.8));
#1342 = VECTOR('',#1343,1.);
#1343 = DIRECTION('',(-1.224646799147E-16,-1.,1.110223024625E-16));
#1344 = PLANE('',#1345);
#1345 = AXIS2_PLACEMENT_3D('',#1346,#1347,#1348);
#1346 = CARTESIAN_POINT('',(-1.95,-2.909897467985,2.368621550033));
#1347 = DIRECTION('',(-1.,1.224646799147E-16,-1.410366006779E-31));
#1348 = DIRECTION('',(-1.410366006779E-31,1.727200215828E-47,1.));
#1349 = ADVANCED_FACE('',(#1350),#1368,.F.);
#1350 = FACE_BOUND('',#1351,.F.);
#1351 = EDGE_LOOP('',(#1352,#1360,#1361,#1362));
#1352 = ORIENTED_EDGE('',*,*,#1353,.T.);
#1353 = EDGE_CURVE('',#1354,#1299,#1356,.T.);
#1354 = VERTEX_POINT('',#1355);
#1355 = CARTESIAN_POINT('',(-0.95,1.35,0.));
#1356 = LINE('',#1357,#1358);
#1357 = CARTESIAN_POINT('',(-0.95,1.35,0.));
#1358 = VECTOR('',#1359,1.);
#1359 = DIRECTION('',(-1.,1.224646799147E-16,0.));
#1360 = ORIENTED_EDGE('',*,*,#1306,.T.);
#1361 = ORIENTED_EDGE('',*,*,#256,.F.);
#1362 = ORIENTED_EDGE('',*,*,#1363,.F.);
#1363 = EDGE_CURVE('',#1354,#257,#1364,.T.);
#1364 = LINE('',#1365,#1366);
#1365 = CARTESIAN_POINT('',(-0.95,1.35,0.));
#1366 = VECTOR('',#1367,1.);
#1367 = DIRECTION('',(-1.224646799147E-16,-1.,0.));
#1368 = PLANE('',#1369);
#1369 = AXIS2_PLACEMENT_3D('',#1370,#1371,#1372);
#1370 = CARTESIAN_POINT('',(-0.95,1.35,0.));
#1371 = DIRECTION('',(0.,0.,1.));
#1372 = DIRECTION('',(-1.224646799147E-16,-1.,0.));
#1373 = ADVANCED_FACE('',(#1374),#1401,.F.);
#1374 = FACE_BOUND('',#1375,.F.);
#1375 = EDGE_LOOP('',(#1376,#1384,#1392,#1398,#1399,#1400));
#1376 = ORIENTED_EDGE('',*,*,#1377,.T.);
#1377 = EDGE_CURVE('',#788,#1378,#1380,.T.);
#1378 = VERTEX_POINT('',#1379);
#1379 = CARTESIAN_POINT('',(-0.95,-0.25,4.1));
#1380 = LINE('',#1381,#1382);
#1381 = CARTESIAN_POINT('',(-0.95,-0.25,0.3));
#1382 = VECTOR('',#1383,1.);
#1383 = DIRECTION('',(0.,0.,1.));
#1384 = ORIENTED_EDGE('',*,*,#1385,.T.);
#1385 = EDGE_CURVE('',#1378,#1386,#1388,.T.);
#1386 = VERTEX_POINT('',#1387);
#1387 = CARTESIAN_POINT('',(-0.95,1.35,3.2));
#1388 = LINE('',#1389,#1390);
#1389 = CARTESIAN_POINT('',(-0.95,-0.25,4.1));
#1390 = VECTOR('',#1391,1.);
#1391 = DIRECTION('',(1.067372191754E-16,0.871575537124,-0.490261239633)
  );
#1392 = ORIENTED_EDGE('',*,*,#1393,.T.);
#1393 = EDGE_CURVE('',#1386,#1354,#1394,.T.);
#1394 = LINE('',#1395,#1396);
#1395 = CARTESIAN_POINT('',(-0.95,1.35,3.2));
#1396 = VECTOR('',#1397,1.);
#1397 = DIRECTION('',(-0.,0.,-1.));
#1398 = ORIENTED_EDGE('',*,*,#1363,.T.);
#1399 = ORIENTED_EDGE('',*,*,#264,.T.);
#1400 = ORIENTED_EDGE('',*,*,#797,.T.);
#1401 = PLANE('',#1402);
#1402 = AXIS2_PLACEMENT_3D('',#1403,#1404,#1405);
#1403 = CARTESIAN_POINT('',(-0.95,-1.566489992801,0.968760807125));
#1404 = DIRECTION('',(-1.,1.224646799147E-16,0.));
#1405 = DIRECTION('',(0.,0.,1.));
#1406 = ADVANCED_FACE('',(#1407),#1512,.F.);
#1407 = FACE_BOUND('',#1408,.F.);
#1408 = EDGE_LOOP('',(#1409,#1410,#1411,#1419,#1427,#1435,#1443,#1451,
    #1459,#1467,#1475,#1481,#1482,#1490,#1498,#1506));
#1409 = ORIENTED_EDGE('',*,*,#760,.F.);
#1410 = ORIENTED_EDGE('',*,*,#295,.T.);
#1411 = ORIENTED_EDGE('',*,*,#1412,.T.);
#1412 = EDGE_CURVE('',#288,#1413,#1415,.T.);
#1413 = VERTEX_POINT('',#1414);
#1414 = CARTESIAN_POINT('',(11.4,-2.05,4.2));
#1415 = LINE('',#1416,#1417);
#1416 = CARTESIAN_POINT('',(11.45,-2.05,4.2));
#1417 = VECTOR('',#1418,1.);
#1418 = DIRECTION('',(-1.,1.224646799147E-16,0.));
#1419 = ORIENTED_EDGE('',*,*,#1420,.F.);
#1420 = EDGE_CURVE('',#1421,#1413,#1423,.T.);
#1421 = VERTEX_POINT('',#1422);
#1422 = CARTESIAN_POINT('',(11.4,-4.45,4.2));
#1423 = LINE('',#1424,#1425);
#1424 = CARTESIAN_POINT('',(11.4,-4.45,4.2));
#1425 = VECTOR('',#1426,1.);
#1426 = DIRECTION('',(1.224646799147E-16,1.,-1.110223024625E-16));
#1427 = ORIENTED_EDGE('',*,*,#1428,.F.);
#1428 = EDGE_CURVE('',#1429,#1421,#1431,.T.);
#1429 = VERTEX_POINT('',#1430);
#1430 = CARTESIAN_POINT('',(10.4,-4.45,4.2));
#1431 = LINE('',#1432,#1433);
#1432 = CARTESIAN_POINT('',(10.4,-4.45,4.2));
#1433 = VECTOR('',#1434,1.);
#1434 = DIRECTION('',(1.,-1.224646799147E-16,0.));
#1435 = ORIENTED_EDGE('',*,*,#1436,.F.);
#1436 = EDGE_CURVE('',#1437,#1429,#1439,.T.);
#1437 = VERTEX_POINT('',#1438);
#1438 = CARTESIAN_POINT('',(10.4,-2.05,4.2));
#1439 = LINE('',#1440,#1441);
#1440 = CARTESIAN_POINT('',(10.4,-0.25,4.2));
#1441 = VECTOR('',#1442,1.);
#1442 = DIRECTION('',(-1.224646799147E-16,-1.,1.110223024625E-16));
#1443 = ORIENTED_EDGE('',*,*,#1444,.T.);
#1444 = EDGE_CURVE('',#1437,#1445,#1447,.T.);
#1445 = VERTEX_POINT('',#1446);
#1446 = CARTESIAN_POINT('',(-0.4,-2.05,4.2));
#1447 = LINE('',#1448,#1449);
#1448 = CARTESIAN_POINT('',(11.45,-2.05,4.2));
#1449 = VECTOR('',#1450,1.);
#1450 = DIRECTION('',(-1.,1.224646799147E-16,0.));
#1451 = ORIENTED_EDGE('',*,*,#1452,.T.);
#1452 = EDGE_CURVE('',#1445,#1453,#1455,.T.);
#1453 = VERTEX_POINT('',#1454);
#1454 = CARTESIAN_POINT('',(-0.4,-4.45,4.2));
#1455 = LINE('',#1456,#1457);
#1456 = CARTESIAN_POINT('',(-0.4,-0.25,4.2));
#1457 = VECTOR('',#1458,1.);
#1458 = DIRECTION('',(-1.224646799147E-16,-1.,1.110223024625E-16));
#1459 = ORIENTED_EDGE('',*,*,#1460,.T.);
#1460 = EDGE_CURVE('',#1453,#1461,#1463,.T.);
#1461 = VERTEX_POINT('',#1462);
#1462 = CARTESIAN_POINT('',(-1.4,-4.45,4.2));
#1463 = LINE('',#1464,#1465);
#1464 = CARTESIAN_POINT('',(-0.4,-4.45,4.2));
#1465 = VECTOR('',#1466,1.);
#1466 = DIRECTION('',(-1.,1.224646799147E-16,0.));
#1467 = ORIENTED_EDGE('',*,*,#1468,.T.);
#1468 = EDGE_CURVE('',#1461,#1469,#1471,.T.);
#1469 = VERTEX_POINT('',#1470);
#1470 = CARTESIAN_POINT('',(-1.4,-2.05,4.2));
#1471 = LINE('',#1472,#1473);
#1472 = CARTESIAN_POINT('',(-1.4,-4.45,4.2));
#1473 = VECTOR('',#1474,1.);
#1474 = DIRECTION('',(1.224646799147E-16,1.,-1.110223024625E-16));
#1475 = ORIENTED_EDGE('',*,*,#1476,.T.);
#1476 = EDGE_CURVE('',#1469,#1210,#1477,.T.);
#1477 = LINE('',#1478,#1479);
#1478 = CARTESIAN_POINT('',(11.45,-2.05,4.2));
#1479 = VECTOR('',#1480,1.);
#1480 = DIRECTION('',(-1.,1.224646799147E-16,0.));
#1481 = ORIENTED_EDGE('',*,*,#1209,.F.);
#1482 = ORIENTED_EDGE('',*,*,#1483,.F.);
#1483 = EDGE_CURVE('',#1484,#1200,#1486,.T.);
#1484 = VERTEX_POINT('',#1485);
#1485 = CARTESIAN_POINT('',(0.55,-6.25,4.2));
#1486 = LINE('',#1487,#1488);
#1487 = CARTESIAN_POINT('',(11.45,-6.25,4.2));
#1488 = VECTOR('',#1489,1.);
#1489 = DIRECTION('',(-1.,1.224646799147E-16,0.));
#1490 = ORIENTED_EDGE('',*,*,#1491,.F.);
#1491 = EDGE_CURVE('',#1492,#1484,#1494,.T.);
#1492 = VERTEX_POINT('',#1493);
#1493 = CARTESIAN_POINT('',(0.55,-2.35,4.2));
#1494 = LINE('',#1495,#1496);
#1495 = CARTESIAN_POINT('',(0.55,-4.3,4.2));
#1496 = VECTOR('',#1497,1.);
#1497 = DIRECTION('',(-1.224646799147E-16,-1.,1.110223024625E-16));
#1498 = ORIENTED_EDGE('',*,*,#1499,.F.);
#1499 = EDGE_CURVE('',#1500,#1492,#1502,.T.);
#1500 = VERTEX_POINT('',#1501);
#1501 = CARTESIAN_POINT('',(9.45,-2.35,4.2));
#1502 = LINE('',#1503,#1504);
#1503 = CARTESIAN_POINT('',(10.45,-2.35,4.2));
#1504 = VECTOR('',#1505,1.);
#1505 = DIRECTION('',(-1.,1.723623439428E-16,-5.5397535479E-33));
#1506 = ORIENTED_EDGE('',*,*,#1507,.F.);
#1507 = EDGE_CURVE('',#753,#1500,#1508,.T.);
#1508 = LINE('',#1509,#1510);
#1509 = CARTESIAN_POINT('',(9.45,-6.25,4.2));
#1510 = VECTOR('',#1511,1.);
#1511 = DIRECTION('',(1.224646799147E-16,1.,-1.110223024625E-16));
#1512 = PLANE('',#1513);
#1513 = AXIS2_PLACEMENT_3D('',#1514,#1515,#1516);
#1514 = CARTESIAN_POINT('',(11.45,-6.25,4.2));
#1515 = DIRECTION('',(1.359631073447E-32,1.110223024625E-16,1.));
#1516 = DIRECTION('',(-1.,1.224646799147E-16,6.927121900793E-45));
#1517 = ADVANCED_FACE('',(#1518,#1653,#1687,#1721,#1755,#1789,#1823),
  #1857,.T.);
#1518 = FACE_BOUND('',#1519,.T.);
#1519 = EDGE_LOOP('',(#1520,#1528,#1529,#1530,#1531,#1537,#1538,#1544,
    #1545,#1546,#1547,#1555,#1563,#1569,#1570,#1578,#1586,#1592,#1593,
    #1601,#1609,#1615,#1616,#1624,#1632,#1638,#1639,#1647));
#1520 = ORIENTED_EDGE('',*,*,#1521,.F.);
#1521 = EDGE_CURVE('',#1177,#1522,#1524,.T.);
#1522 = VERTEX_POINT('',#1523);
#1523 = CARTESIAN_POINT('',(9.2,-2.05,1.1));
#1524 = LINE('',#1525,#1526);
#1525 = CARTESIAN_POINT('',(9.2,-2.05,0.8));
#1526 = VECTOR('',#1527,1.);
#1527 = DIRECTION('',(1.359631073447E-32,1.110223024625E-16,1.));
#1528 = ORIENTED_EDGE('',*,*,#1184,.T.);
#1529 = ORIENTED_EDGE('',*,*,#287,.T.);
#1530 = ORIENTED_EDGE('',*,*,#1412,.T.);
#1531 = ORIENTED_EDGE('',*,*,#1532,.T.);
#1532 = EDGE_CURVE('',#1413,#1437,#1533,.T.);
#1533 = LINE('',#1534,#1535);
#1534 = CARTESIAN_POINT('',(11.45,-2.05,4.2));
#1535 = VECTOR('',#1536,1.);
#1536 = DIRECTION('',(-1.,1.224646799147E-16,0.));
#1537 = ORIENTED_EDGE('',*,*,#1444,.T.);
#1538 = ORIENTED_EDGE('',*,*,#1539,.T.);
#1539 = EDGE_CURVE('',#1445,#1469,#1540,.T.);
#1540 = LINE('',#1541,#1542);
#1541 = CARTESIAN_POINT('',(11.45,-2.05,4.2));
#1542 = VECTOR('',#1543,1.);
#1543 = DIRECTION('',(-1.,1.224646799147E-16,0.));
#1544 = ORIENTED_EDGE('',*,*,#1476,.T.);
#1545 = ORIENTED_EDGE('',*,*,#1217,.T.);
#1546 = ORIENTED_EDGE('',*,*,#1024,.T.);
#1547 = ORIENTED_EDGE('',*,*,#1548,.F.);
#1548 = EDGE_CURVE('',#1549,#1025,#1551,.T.);
#1549 = VERTEX_POINT('',#1550);
#1550 = CARTESIAN_POINT('',(0.8,-2.05,1.1));
#1551 = LINE('',#1552,#1553);
#1552 = CARTESIAN_POINT('',(0.8,-2.05,1.1));
#1553 = VECTOR('',#1554,1.);
#1554 = DIRECTION('',(-1.359631073447E-32,-1.110223024625E-16,-1.));
#1555 = ORIENTED_EDGE('',*,*,#1556,.F.);
#1556 = EDGE_CURVE('',#1557,#1549,#1559,.T.);
#1557 = VERTEX_POINT('',#1558);
#1558 = CARTESIAN_POINT('',(1.2,-2.05,1.1));
#1559 = LINE('',#1560,#1561);
#1560 = CARTESIAN_POINT('',(1.2,-2.05,1.1));
#1561 = VECTOR('',#1562,1.);
#1562 = DIRECTION('',(-1.,1.224646799147E-16,0.));
#1563 = ORIENTED_EDGE('',*,*,#1564,.F.);
#1564 = EDGE_CURVE('',#1049,#1557,#1565,.T.);
#1565 = LINE('',#1566,#1567);
#1566 = CARTESIAN_POINT('',(1.2,-2.05,0.8));
#1567 = VECTOR('',#1568,1.);
#1568 = DIRECTION('',(1.359631073447E-32,1.110223024625E-16,1.));
#1569 = ORIENTED_EDGE('',*,*,#1056,.T.);
#1570 = ORIENTED_EDGE('',*,*,#1571,.F.);
#1571 = EDGE_CURVE('',#1572,#1057,#1574,.T.);
#1572 = VERTEX_POINT('',#1573);
#1573 = CARTESIAN_POINT('',(2.8,-2.05,1.1));
#1574 = LINE('',#1575,#1576);
#1575 = CARTESIAN_POINT('',(2.8,-2.05,1.1));
#1576 = VECTOR('',#1577,1.);
#1577 = DIRECTION('',(-1.359631073447E-32,-1.110223024625E-16,-1.));
#1578 = ORIENTED_EDGE('',*,*,#1579,.F.);
#1579 = EDGE_CURVE('',#1580,#1572,#1582,.T.);
#1580 = VERTEX_POINT('',#1581);
#1581 = CARTESIAN_POINT('',(3.2,-2.05,1.1));
#1582 = LINE('',#1583,#1584);
#1583 = CARTESIAN_POINT('',(3.2,-2.05,1.1));
#1584 = VECTOR('',#1585,1.);
#1585 = DIRECTION('',(-1.,1.224646799147E-16,0.));
#1586 = ORIENTED_EDGE('',*,*,#1587,.F.);
#1587 = EDGE_CURVE('',#1081,#1580,#1588,.T.);
#1588 = LINE('',#1589,#1590);
#1589 = CARTESIAN_POINT('',(3.2,-2.05,0.8));
#1590 = VECTOR('',#1591,1.);
#1591 = DIRECTION('',(1.359631073447E-32,1.110223024625E-16,1.));
#1592 = ORIENTED_EDGE('',*,*,#1088,.T.);
#1593 = ORIENTED_EDGE('',*,*,#1594,.F.);
#1594 = EDGE_CURVE('',#1595,#1089,#1597,.T.);
#1595 = VERTEX_POINT('',#1596);
#1596 = CARTESIAN_POINT('',(4.8,-2.05,1.1));
#1597 = LINE('',#1598,#1599);
#1598 = CARTESIAN_POINT('',(4.8,-2.05,1.1));
#1599 = VECTOR('',#1600,1.);
#1600 = DIRECTION('',(-1.359631073447E-32,-1.110223024625E-16,-1.));
#1601 = ORIENTED_EDGE('',*,*,#1602,.F.);
#1602 = EDGE_CURVE('',#1603,#1595,#1605,.T.);
#1603 = VERTEX_POINT('',#1604);
#1604 = CARTESIAN_POINT('',(5.2,-2.05,1.1));
#1605 = LINE('',#1606,#1607);
#1606 = CARTESIAN_POINT('',(5.2,-2.05,1.1));
#1607 = VECTOR('',#1608,1.);
#1608 = DIRECTION('',(-1.,1.224646799147E-16,0.));
#1609 = ORIENTED_EDGE('',*,*,#1610,.F.);
#1610 = EDGE_CURVE('',#1113,#1603,#1611,.T.);
#1611 = LINE('',#1612,#1613);
#1612 = CARTESIAN_POINT('',(5.2,-2.05,0.8));
#1613 = VECTOR('',#1614,1.);
#1614 = DIRECTION('',(1.359631073447E-32,1.110223024625E-16,1.));
#1615 = ORIENTED_EDGE('',*,*,#1120,.T.);
#1616 = ORIENTED_EDGE('',*,*,#1617,.F.);
#1617 = EDGE_CURVE('',#1618,#1121,#1620,.T.);
#1618 = VERTEX_POINT('',#1619);
#1619 = CARTESIAN_POINT('',(6.8,-2.05,1.1));
#1620 = LINE('',#1621,#1622);
#1621 = CARTESIAN_POINT('',(6.8,-2.05,1.1));
#1622 = VECTOR('',#1623,1.);
#1623 = DIRECTION('',(-1.359631073447E-32,-1.110223024625E-16,-1.));
#1624 = ORIENTED_EDGE('',*,*,#1625,.F.);
#1625 = EDGE_CURVE('',#1626,#1618,#1628,.T.);
#1626 = VERTEX_POINT('',#1627);
#1627 = CARTESIAN_POINT('',(7.2,-2.05,1.1));
#1628 = LINE('',#1629,#1630);
#1629 = CARTESIAN_POINT('',(7.2,-2.05,1.1));
#1630 = VECTOR('',#1631,1.);
#1631 = DIRECTION('',(-1.,1.224646799147E-16,0.));
#1632 = ORIENTED_EDGE('',*,*,#1633,.F.);
#1633 = EDGE_CURVE('',#1145,#1626,#1634,.T.);
#1634 = LINE('',#1635,#1636);
#1635 = CARTESIAN_POINT('',(7.2,-2.05,0.8));
#1636 = VECTOR('',#1637,1.);
#1637 = DIRECTION('',(1.359631073447E-32,1.110223024625E-16,1.));
#1638 = ORIENTED_EDGE('',*,*,#1152,.T.);
#1639 = ORIENTED_EDGE('',*,*,#1640,.F.);
#1640 = EDGE_CURVE('',#1641,#1153,#1643,.T.);
#1641 = VERTEX_POINT('',#1642);
#1642 = CARTESIAN_POINT('',(8.8,-2.05,1.1));
#1643 = LINE('',#1644,#1645);
#1644 = CARTESIAN_POINT('',(8.8,-2.05,1.1));
#1645 = VECTOR('',#1646,1.);
#1646 = DIRECTION('',(-1.359631073447E-32,-1.110223024625E-16,-1.));
#1647 = ORIENTED_EDGE('',*,*,#1648,.F.);
#1648 = EDGE_CURVE('',#1522,#1641,#1649,.T.);
#1649 = LINE('',#1650,#1651);
#1650 = CARTESIAN_POINT('',(9.2,-2.05,1.1));
#1651 = VECTOR('',#1652,1.);
#1652 = DIRECTION('',(-1.,1.224646799147E-16,0.));
#1653 = FACE_BOUND('',#1654,.T.);
#1654 = EDGE_LOOP('',(#1655,#1665,#1673,#1681));
#1655 = ORIENTED_EDGE('',*,*,#1656,.F.);
#1656 = EDGE_CURVE('',#1657,#1659,#1661,.T.);
#1657 = VERTEX_POINT('',#1658);
#1658 = CARTESIAN_POINT('',(3.75,-2.05,3.35));
#1659 = VERTEX_POINT('',#1660);
#1660 = CARTESIAN_POINT('',(3.75,-2.05,2.85));
#1661 = LINE('',#1662,#1663);
#1662 = CARTESIAN_POINT('',(3.75,-2.05,1.911519607843));
#1663 = VECTOR('',#1664,1.);
#1664 = DIRECTION('',(-1.359631073447E-32,-1.110223024625E-16,-1.));
#1665 = ORIENTED_EDGE('',*,*,#1666,.T.);
#1666 = EDGE_CURVE('',#1657,#1667,#1669,.T.);
#1667 = VERTEX_POINT('',#1668);
#1668 = CARTESIAN_POINT('',(4.25,-2.05,3.35));
#1669 = LINE('',#1670,#1671);
#1670 = CARTESIAN_POINT('',(4.625,-2.05,3.35));
#1671 = VECTOR('',#1672,1.);
#1672 = DIRECTION('',(1.,-1.224646799147E-16,0.));
#1673 = ORIENTED_EDGE('',*,*,#1674,.T.);
#1674 = EDGE_CURVE('',#1667,#1675,#1677,.T.);
#1675 = VERTEX_POINT('',#1676);
#1676 = CARTESIAN_POINT('',(4.25,-2.05,2.85));
#1677 = LINE('',#1678,#1679);
#1678 = CARTESIAN_POINT('',(4.25,-2.05,1.911519607843));
#1679 = VECTOR('',#1680,1.);
#1680 = DIRECTION('',(-1.359631073447E-32,-1.110223024625E-16,-1.));
#1681 = ORIENTED_EDGE('',*,*,#1682,.T.);
#1682 = EDGE_CURVE('',#1675,#1659,#1683,.T.);
#1683 = LINE('',#1684,#1685);
#1684 = CARTESIAN_POINT('',(4.625,-2.05,2.85));
#1685 = VECTOR('',#1686,1.);
#1686 = DIRECTION('',(-1.,1.224646799147E-16,0.));
#1687 = FACE_BOUND('',#1688,.T.);
#1688 = EDGE_LOOP('',(#1689,#1699,#1707,#1715));
#1689 = ORIENTED_EDGE('',*,*,#1690,.F.);
#1690 = EDGE_CURVE('',#1691,#1693,#1695,.T.);
#1691 = VERTEX_POINT('',#1692);
#1692 = CARTESIAN_POINT('',(1.75,-2.05,3.35));
#1693 = VERTEX_POINT('',#1694);
#1694 = CARTESIAN_POINT('',(1.75,-2.05,2.85));
#1695 = LINE('',#1696,#1697);
#1696 = CARTESIAN_POINT('',(1.75,-2.05,1.911519607843));
#1697 = VECTOR('',#1698,1.);
#1698 = DIRECTION('',(-1.359631073447E-32,-1.110223024625E-16,-1.));
#1699 = ORIENTED_EDGE('',*,*,#1700,.T.);
#1700 = EDGE_CURVE('',#1691,#1701,#1703,.T.);
#1701 = VERTEX_POINT('',#1702);
#1702 = CARTESIAN_POINT('',(2.25,-2.05,3.35));
#1703 = LINE('',#1704,#1705);
#1704 = CARTESIAN_POINT('',(3.625,-2.05,3.35));
#1705 = VECTOR('',#1706,1.);
#1706 = DIRECTION('',(1.,-1.224646799147E-16,0.));
#1707 = ORIENTED_EDGE('',*,*,#1708,.T.);
#1708 = EDGE_CURVE('',#1701,#1709,#1711,.T.);
#1709 = VERTEX_POINT('',#1710);
#1710 = CARTESIAN_POINT('',(2.25,-2.05,2.85));
#1711 = LINE('',#1712,#1713);
#1712 = CARTESIAN_POINT('',(2.25,-2.05,1.911519607843));
#1713 = VECTOR('',#1714,1.);
#1714 = DIRECTION('',(-1.359631073447E-32,-1.110223024625E-16,-1.));
#1715 = ORIENTED_EDGE('',*,*,#1716,.T.);
#1716 = EDGE_CURVE('',#1709,#1693,#1717,.T.);
#1717 = LINE('',#1718,#1719);
#1718 = CARTESIAN_POINT('',(3.625,-2.05,2.85));
#1719 = VECTOR('',#1720,1.);
#1720 = DIRECTION('',(-1.,1.224646799147E-16,0.));
#1721 = FACE_BOUND('',#1722,.T.);
#1722 = EDGE_LOOP('',(#1723,#1733,#1741,#1749));
#1723 = ORIENTED_EDGE('',*,*,#1724,.T.);
#1724 = EDGE_CURVE('',#1725,#1727,#1729,.T.);
#1725 = VERTEX_POINT('',#1726);
#1726 = CARTESIAN_POINT('',(-0.25,-2.05,3.35));
#1727 = VERTEX_POINT('',#1728);
#1728 = CARTESIAN_POINT('',(0.25,-2.05,3.35));
#1729 = LINE('',#1730,#1731);
#1730 = CARTESIAN_POINT('',(2.625,-2.05,3.35));
#1731 = VECTOR('',#1732,1.);
#1732 = DIRECTION('',(1.,-1.224646799147E-16,0.));
#1733 = ORIENTED_EDGE('',*,*,#1734,.T.);
#1734 = EDGE_CURVE('',#1727,#1735,#1737,.T.);
#1735 = VERTEX_POINT('',#1736);
#1736 = CARTESIAN_POINT('',(0.25,-2.05,2.85));
#1737 = LINE('',#1738,#1739);
#1738 = CARTESIAN_POINT('',(0.25,-2.05,1.901106711288));
#1739 = VECTOR('',#1740,1.);
#1740 = DIRECTION('',(-1.359631073447E-32,-1.110223024625E-16,-1.));
#1741 = ORIENTED_EDGE('',*,*,#1742,.T.);
#1742 = EDGE_CURVE('',#1735,#1743,#1745,.T.);
#1743 = VERTEX_POINT('',#1744);
#1744 = CARTESIAN_POINT('',(-0.25,-2.05,2.85));
#1745 = LINE('',#1746,#1747);
#1746 = CARTESIAN_POINT('',(2.625,-2.05,2.85));
#1747 = VECTOR('',#1748,1.);
#1748 = DIRECTION('',(-1.,1.224646799147E-16,0.));
#1749 = ORIENTED_EDGE('',*,*,#1750,.F.);
#1750 = EDGE_CURVE('',#1725,#1743,#1751,.T.);
#1751 = LINE('',#1752,#1753);
#1752 = CARTESIAN_POINT('',(-0.25,-2.05,1.901106711288));
#1753 = VECTOR('',#1754,1.);
#1754 = DIRECTION('',(-1.359631073447E-32,-1.110223024625E-16,-1.));
#1755 = FACE_BOUND('',#1756,.T.);
#1756 = EDGE_LOOP('',(#1757,#1767,#1775,#1783));
#1757 = ORIENTED_EDGE('',*,*,#1758,.T.);
#1758 = EDGE_CURVE('',#1759,#1761,#1763,.T.);
#1759 = VERTEX_POINT('',#1760);
#1760 = CARTESIAN_POINT('',(5.75,-2.05,3.35));
#1761 = VERTEX_POINT('',#1762);
#1762 = CARTESIAN_POINT('',(6.25,-2.05,3.35));
#1763 = LINE('',#1764,#1765);
#1764 = CARTESIAN_POINT('',(5.625,-2.05,3.35));
#1765 = VECTOR('',#1766,1.);
#1766 = DIRECTION('',(1.,-1.224646799147E-16,0.));
#1767 = ORIENTED_EDGE('',*,*,#1768,.T.);
#1768 = EDGE_CURVE('',#1761,#1769,#1771,.T.);
#1769 = VERTEX_POINT('',#1770);
#1770 = CARTESIAN_POINT('',(6.25,-2.05,2.85));
#1771 = LINE('',#1772,#1773);
#1772 = CARTESIAN_POINT('',(6.25,-2.05,1.911519607843));
#1773 = VECTOR('',#1774,1.);
#1774 = DIRECTION('',(-1.359631073447E-32,-1.110223024625E-16,-1.));
#1775 = ORIENTED_EDGE('',*,*,#1776,.T.);
#1776 = EDGE_CURVE('',#1769,#1777,#1779,.T.);
#1777 = VERTEX_POINT('',#1778);
#1778 = CARTESIAN_POINT('',(5.75,-2.05,2.85));
#1779 = LINE('',#1780,#1781);
#1780 = CARTESIAN_POINT('',(5.625,-2.05,2.85));
#1781 = VECTOR('',#1782,1.);
#1782 = DIRECTION('',(-1.,1.224646799147E-16,0.));
#1783 = ORIENTED_EDGE('',*,*,#1784,.F.);
#1784 = EDGE_CURVE('',#1759,#1777,#1785,.T.);
#1785 = LINE('',#1786,#1787);
#1786 = CARTESIAN_POINT('',(5.75,-2.05,1.911519607843));
#1787 = VECTOR('',#1788,1.);
#1788 = DIRECTION('',(-1.359631073447E-32,-1.110223024625E-16,-1.));
#1789 = FACE_BOUND('',#1790,.T.);
#1790 = EDGE_LOOP('',(#1791,#1801,#1809,#1817));
#1791 = ORIENTED_EDGE('',*,*,#1792,.T.);
#1792 = EDGE_CURVE('',#1793,#1795,#1797,.T.);
#1793 = VERTEX_POINT('',#1794);
#1794 = CARTESIAN_POINT('',(9.75,-2.05,3.35));
#1795 = VERTEX_POINT('',#1796);
#1796 = CARTESIAN_POINT('',(10.25,-2.05,3.35));
#1797 = LINE('',#1798,#1799);
#1798 = CARTESIAN_POINT('',(7.625,-2.05,3.35));
#1799 = VECTOR('',#1800,1.);
#1800 = DIRECTION('',(1.,-1.224646799147E-16,0.));
#1801 = ORIENTED_EDGE('',*,*,#1802,.T.);
#1802 = EDGE_CURVE('',#1795,#1803,#1805,.T.);
#1803 = VERTEX_POINT('',#1804);
#1804 = CARTESIAN_POINT('',(10.25,-2.05,2.85));
#1805 = LINE('',#1806,#1807);
#1806 = CARTESIAN_POINT('',(10.25,-2.05,1.901106711288));
#1807 = VECTOR('',#1808,1.);
#1808 = DIRECTION('',(-1.359631073447E-32,-1.110223024625E-16,-1.));
#1809 = ORIENTED_EDGE('',*,*,#1810,.T.);
#1810 = EDGE_CURVE('',#1803,#1811,#1813,.T.);
#1811 = VERTEX_POINT('',#1812);
#1812 = CARTESIAN_POINT('',(9.75,-2.05,2.85));
#1813 = LINE('',#1814,#1815);
#1814 = CARTESIAN_POINT('',(7.625,-2.05,2.85));
#1815 = VECTOR('',#1816,1.);
#1816 = DIRECTION('',(-1.,1.224646799147E-16,0.));
#1817 = ORIENTED_EDGE('',*,*,#1818,.F.);
#1818 = EDGE_CURVE('',#1793,#1811,#1819,.T.);
#1819 = LINE('',#1820,#1821);
#1820 = CARTESIAN_POINT('',(9.75,-2.05,1.901106711288));
#1821 = VECTOR('',#1822,1.);
#1822 = DIRECTION('',(-1.359631073447E-32,-1.110223024625E-16,-1.));
#1823 = FACE_BOUND('',#1824,.T.);
#1824 = EDGE_LOOP('',(#1825,#1835,#1843,#1851));
#1825 = ORIENTED_EDGE('',*,*,#1826,.F.);
#1826 = EDGE_CURVE('',#1827,#1829,#1831,.T.);
#1827 = VERTEX_POINT('',#1828);
#1828 = CARTESIAN_POINT('',(7.75,-2.05,3.35));
#1829 = VERTEX_POINT('',#1830);
#1830 = CARTESIAN_POINT('',(7.75,-2.05,2.85));
#1831 = LINE('',#1832,#1833);
#1832 = CARTESIAN_POINT('',(7.75,-2.05,1.911519607843));
#1833 = VECTOR('',#1834,1.);
#1834 = DIRECTION('',(-1.359631073447E-32,-1.110223024625E-16,-1.));
#1835 = ORIENTED_EDGE('',*,*,#1836,.T.);
#1836 = EDGE_CURVE('',#1827,#1837,#1839,.T.);
#1837 = VERTEX_POINT('',#1838);
#1838 = CARTESIAN_POINT('',(8.25,-2.05,3.35));
#1839 = LINE('',#1840,#1841);
#1840 = CARTESIAN_POINT('',(6.625,-2.05,3.35));
#1841 = VECTOR('',#1842,1.);
#1842 = DIRECTION('',(1.,-1.224646799147E-16,0.));
#1843 = ORIENTED_EDGE('',*,*,#1844,.T.);
#1844 = EDGE_CURVE('',#1837,#1845,#1847,.T.);
#1845 = VERTEX_POINT('',#1846);
#1846 = CARTESIAN_POINT('',(8.25,-2.05,2.85));
#1847 = LINE('',#1848,#1849);
#1848 = CARTESIAN_POINT('',(8.25,-2.05,1.911519607843));
#1849 = VECTOR('',#1850,1.);
#1850 = DIRECTION('',(-1.359631073447E-32,-1.110223024625E-16,-1.));
#1851 = ORIENTED_EDGE('',*,*,#1852,.T.);
#1852 = EDGE_CURVE('',#1845,#1829,#1853,.T.);
#1853 = LINE('',#1854,#1855);
#1854 = CARTESIAN_POINT('',(6.625,-2.05,2.85));
#1855 = VECTOR('',#1856,1.);
#1856 = DIRECTION('',(-1.,1.224646799147E-16,0.));
#1857 = PLANE('',#1858);
#1858 = AXIS2_PLACEMENT_3D('',#1859,#1860,#1861);
#1859 = CARTESIAN_POINT('',(5.,-2.05,2.5));
#1860 = DIRECTION('',(-1.224646799147E-16,-1.,1.110223024625E-16));
#1861 = DIRECTION('',(-1.359631073447E-32,-1.110223024625E-16,-1.));
#1862 = ADVANCED_FACE('',(#1863),#1897,.F.);
#1863 = FACE_BOUND('',#1864,.F.);
#1864 = EDGE_LOOP('',(#1865,#1866,#1874,#1882,#1890,#1896));
#1865 = ORIENTED_EDGE('',*,*,#424,.T.);
#1866 = ORIENTED_EDGE('',*,*,#1867,.T.);
#1867 = EDGE_CURVE('',#427,#1868,#1870,.T.);
#1868 = VERTEX_POINT('',#1869);
#1869 = CARTESIAN_POINT('',(10.75,-0.4,4.2));
#1870 = LINE('',#1871,#1872);
#1871 = CARTESIAN_POINT('',(10.75,-1.335399017773,4.2));
#1872 = VECTOR('',#1873,1.);
#1873 = DIRECTION('',(-1.224646799147E-16,-1.,1.110223024625E-16));
#1874 = ORIENTED_EDGE('',*,*,#1875,.T.);
#1875 = EDGE_CURVE('',#1868,#1876,#1878,.T.);
#1876 = VERTEX_POINT('',#1877);
#1877 = CARTESIAN_POINT('',(10.75,-0.35,3.6));
#1878 = LINE('',#1879,#1880);
#1879 = CARTESIAN_POINT('',(10.75,-0.45,4.8));
#1880 = VECTOR('',#1881,1.);
#1881 = DIRECTION('',(1.017013810865E-17,8.304547985373E-02,
    -0.996545758245));
#1882 = ORIENTED_EDGE('',*,*,#1883,.T.);
#1883 = EDGE_CURVE('',#1876,#1884,#1886,.T.);
#1884 = VERTEX_POINT('',#1885);
#1885 = CARTESIAN_POINT('',(10.75,-0.35,2.6));
#1886 = LINE('',#1887,#1888);
#1887 = CARTESIAN_POINT('',(10.75,-0.35,3.6));
#1888 = VECTOR('',#1889,1.);
#1889 = DIRECTION('',(-1.359631073447E-32,-1.110223024625E-16,-1.));
#1890 = ORIENTED_EDGE('',*,*,#1891,.T.);
#1891 = EDGE_CURVE('',#1884,#812,#1892,.T.);
#1892 = LINE('',#1893,#1894);
#1893 = CARTESIAN_POINT('',(10.75,-0.35,2.6));
#1894 = VECTOR('',#1895,1.);
#1895 = DIRECTION('',(-5.319525767383E-18,-4.343722427631E-02,
    -0.999056158355));
#1896 = ORIENTED_EDGE('',*,*,#811,.T.);
#1897 = PLANE('',#1898);
#1898 = AXIS2_PLACEMENT_3D('',#1899,#1900,#1901);
#1899 = CARTESIAN_POINT('',(10.75,-0.320798035545,2.550475523299));
#1900 = DIRECTION('',(1.,-1.224646799147E-16,0.));
#1901 = DIRECTION('',(1.224646799147E-16,1.,-1.110223024625E-16));
#1902 = ADVANCED_FACE('',(#1903),#1928,.T.);
#1903 = FACE_BOUND('',#1904,.T.);
#1904 = EDGE_LOOP('',(#1905,#1906,#1912,#1913,#1914,#1922));
#1905 = ORIENTED_EDGE('',*,*,#1532,.F.);
#1906 = ORIENTED_EDGE('',*,*,#1907,.T.);
#1907 = EDGE_CURVE('',#1413,#459,#1908,.T.);
#1908 = LINE('',#1909,#1910);
#1909 = CARTESIAN_POINT('',(11.4,-4.45,4.2));
#1910 = VECTOR('',#1911,1.);
#1911 = DIRECTION('',(1.224646799147E-16,1.,-1.110223024625E-16));
#1912 = ORIENTED_EDGE('',*,*,#466,.T.);
#1913 = ORIENTED_EDGE('',*,*,#1867,.T.);
#1914 = ORIENTED_EDGE('',*,*,#1915,.T.);
#1915 = EDGE_CURVE('',#1868,#1916,#1918,.T.);
#1916 = VERTEX_POINT('',#1917);
#1917 = CARTESIAN_POINT('',(10.4,-0.4,4.2));
#1918 = LINE('',#1919,#1920);
#1919 = CARTESIAN_POINT('',(10.825,-0.4,4.2));
#1920 = VECTOR('',#1921,1.);
#1921 = DIRECTION('',(-1.,1.224646799147E-16,0.));
#1922 = ORIENTED_EDGE('',*,*,#1923,.T.);
#1923 = EDGE_CURVE('',#1916,#1437,#1924,.T.);
#1924 = LINE('',#1925,#1926);
#1925 = CARTESIAN_POINT('',(10.4,-0.25,4.2));
#1926 = VECTOR('',#1927,1.);
#1927 = DIRECTION('',(-1.224646799147E-16,-1.,1.110223024625E-16));
#1928 = PLANE('',#1929);
#1929 = AXIS2_PLACEMENT_3D('',#1930,#1931,#1932);
#1930 = CARTESIAN_POINT('',(10.9,-2.35,4.2));
#1931 = DIRECTION('',(1.359631073447E-32,1.110223024625E-16,1.));
#1932 = DIRECTION('',(1.224646799147E-16,1.,-1.110223024625E-16));
#1933 = ADVANCED_FACE('',(#1934),#1946,.F.);
#1934 = FACE_BOUND('',#1935,.T.);
#1935 = EDGE_LOOP('',(#1936,#1937,#1938,#1939,#1940));
#1936 = ORIENTED_EDGE('',*,*,#730,.T.);
#1937 = ORIENTED_EDGE('',*,*,#458,.T.);
#1938 = ORIENTED_EDGE('',*,*,#1907,.F.);
#1939 = ORIENTED_EDGE('',*,*,#1420,.F.);
#1940 = ORIENTED_EDGE('',*,*,#1941,.F.);
#1941 = EDGE_CURVE('',#723,#1421,#1942,.T.);
#1942 = LINE('',#1943,#1944);
#1943 = CARTESIAN_POINT('',(11.4,-4.45,4.8));
#1944 = VECTOR('',#1945,1.);
#1945 = DIRECTION('',(-1.359631073447E-32,-1.110223024625E-16,-1.));
#1946 = PLANE('',#1947);
#1947 = AXIS2_PLACEMENT_3D('',#1948,#1949,#1950);
#1948 = CARTESIAN_POINT('',(11.4,-4.45,4.8));
#1949 = DIRECTION('',(1.,-1.224646799147E-16,0.));
#1950 = DIRECTION('',(1.224646799147E-16,1.,-1.110223024625E-16));
#1951 = ADVANCED_FACE('',(#1952),#1963,.F.);
#1952 = FACE_BOUND('',#1953,.F.);
#1953 = EDGE_LOOP('',(#1954,#1955,#1961,#1962));
#1954 = ORIENTED_EDGE('',*,*,#722,.F.);
#1955 = ORIENTED_EDGE('',*,*,#1956,.T.);
#1956 = EDGE_CURVE('',#715,#1429,#1957,.T.);
#1957 = LINE('',#1958,#1959);
#1958 = CARTESIAN_POINT('',(10.4,-4.45,4.8));
#1959 = VECTOR('',#1960,1.);
#1960 = DIRECTION('',(-1.359631073447E-32,-1.110223024625E-16,-1.));
#1961 = ORIENTED_EDGE('',*,*,#1428,.T.);
#1962 = ORIENTED_EDGE('',*,*,#1941,.F.);
#1963 = PLANE('',#1964);
#1964 = AXIS2_PLACEMENT_3D('',#1965,#1966,#1967);
#1965 = CARTESIAN_POINT('',(10.4,-4.45,4.8));
#1966 = DIRECTION('',(-1.224646799147E-16,-1.,1.110223024625E-16));
#1967 = DIRECTION('',(1.,-1.224646799147E-16,0.));
#1968 = ADVANCED_FACE('',(#1969),#1981,.F.);
#1969 = FACE_BOUND('',#1970,.T.);
#1970 = EDGE_LOOP('',(#1971,#1972,#1973,#1974,#1975));
#1971 = ORIENTED_EDGE('',*,*,#714,.T.);
#1972 = ORIENTED_EDGE('',*,*,#1956,.T.);
#1973 = ORIENTED_EDGE('',*,*,#1436,.F.);
#1974 = ORIENTED_EDGE('',*,*,#1923,.F.);
#1975 = ORIENTED_EDGE('',*,*,#1976,.F.);
#1976 = EDGE_CURVE('',#707,#1916,#1977,.T.);
#1977 = LINE('',#1978,#1979);
#1978 = CARTESIAN_POINT('',(10.4,-0.449310344828,4.791724137931));
#1979 = VECTOR('',#1980,1.);
#1980 = DIRECTION('',(1.017013810865E-17,8.304547985373E-02,
    -0.996545758245));
#1981 = PLANE('',#1982);
#1982 = AXIS2_PLACEMENT_3D('',#1983,#1984,#1985);
#1983 = CARTESIAN_POINT('',(10.4,-0.25,4.8));
#1984 = DIRECTION('',(-1.,1.224646799147E-16,0.));
#1985 = DIRECTION('',(-1.224646799147E-16,-1.,1.110223024625E-16));
#1986 = ADVANCED_FACE('',(#1987),#2007,.F.);
#1987 = FACE_BOUND('',#1988,.F.);
#1988 = EDGE_LOOP('',(#1989,#1990,#1991,#1999,#2005,#2006));
#1989 = ORIENTED_EDGE('',*,*,#1976,.F.);
#1990 = ORIENTED_EDGE('',*,*,#706,.T.);
#1991 = ORIENTED_EDGE('',*,*,#1992,.T.);
#1992 = EDGE_CURVE('',#699,#1993,#1995,.T.);
#1993 = VERTEX_POINT('',#1994);
#1994 = CARTESIAN_POINT('',(9.25,-0.35,3.6));
#1995 = LINE('',#1996,#1997);
#1996 = CARTESIAN_POINT('',(9.25,-0.45,4.8));
#1997 = VECTOR('',#1998,1.);
#1998 = DIRECTION('',(1.017013810865E-17,8.304547985373E-02,
    -0.996545758245));
#1999 = ORIENTED_EDGE('',*,*,#2000,.F.);
#2000 = EDGE_CURVE('',#1876,#1993,#2001,.T.);
#2001 = LINE('',#2002,#2003);
#2002 = CARTESIAN_POINT('',(10.75,-0.35,3.6));
#2003 = VECTOR('',#2004,1.);
#2004 = DIRECTION('',(-1.,1.224646799147E-16,0.));
#2005 = ORIENTED_EDGE('',*,*,#1875,.F.);
#2006 = ORIENTED_EDGE('',*,*,#1915,.T.);
#2007 = PLANE('',#2008);
#2008 = AXIS2_PLACEMENT_3D('',#2009,#2010,#2011);
#2009 = CARTESIAN_POINT('',(10.75,-0.45,4.8));
#2010 = DIRECTION('',(-1.220416573038E-16,-0.996545758245,
    -8.304547985373E-02));
#2011 = DIRECTION('',(1.017013810865E-17,8.304547985373E-02,
    -0.996545758245));
#2012 = ADVANCED_FACE('',(#2013),#2038,.T.);
#2013 = FACE_BOUND('',#2014,.T.);
#2014 = EDGE_LOOP('',(#2015,#2016,#2017,#2025,#2031,#2032));
#2015 = ORIENTED_EDGE('',*,*,#698,.T.);
#2016 = ORIENTED_EDGE('',*,*,#1992,.T.);
#2017 = ORIENTED_EDGE('',*,*,#2018,.T.);
#2018 = EDGE_CURVE('',#1993,#2019,#2021,.T.);
#2019 = VERTEX_POINT('',#2020);
#2020 = CARTESIAN_POINT('',(9.25,-0.35,2.6));
#2021 = LINE('',#2022,#2023);
#2022 = CARTESIAN_POINT('',(9.25,-0.35,3.6));
#2023 = VECTOR('',#2024,1.);
#2024 = DIRECTION('',(-1.359631073447E-32,-1.110223024625E-16,-1.));
#2025 = ORIENTED_EDGE('',*,*,#2026,.T.);
#2026 = EDGE_CURVE('',#2019,#820,#2027,.T.);
#2027 = LINE('',#2028,#2029);
#2028 = CARTESIAN_POINT('',(9.25,-0.35,2.6));
#2029 = VECTOR('',#2030,1.);
#2030 = DIRECTION('',(-5.319525767383E-18,-4.343722427631E-02,
    -0.999056158355));
#2031 = ORIENTED_EDGE('',*,*,#827,.T.);
#2032 = ORIENTED_EDGE('',*,*,#2033,.T.);
#2033 = EDGE_CURVE('',#828,#691,#2034,.T.);
#2034 = LINE('',#2035,#2036);
#2035 = CARTESIAN_POINT('',(9.25,-0.25,0.3));
#2036 = VECTOR('',#2037,1.);
#2037 = DIRECTION('',(1.359631073447E-32,1.110223024625E-16,1.));
#2038 = PLANE('',#2039);
#2039 = AXIS2_PLACEMENT_3D('',#2040,#2041,#2042);
#2040 = CARTESIAN_POINT('',(9.25,-0.320798035545,2.550475523299));
#2041 = DIRECTION('',(1.,-1.224646799147E-16,0.));
#2042 = DIRECTION('',(1.224646799147E-16,1.,-1.110223024625E-16));
#2043 = ADVANCED_FACE('',(#2044),#2055,.F.);
#2044 = FACE_BOUND('',#2045,.F.);
#2045 = EDGE_LOOP('',(#2046,#2047,#2048,#2049));
#2046 = ORIENTED_EDGE('',*,*,#835,.T.);
#2047 = ORIENTED_EDGE('',*,*,#2033,.T.);
#2048 = ORIENTED_EDGE('',*,*,#690,.T.);
#2049 = ORIENTED_EDGE('',*,*,#2050,.F.);
#2050 = EDGE_CURVE('',#836,#683,#2051,.T.);
#2051 = LINE('',#2052,#2053);
#2052 = CARTESIAN_POINT('',(8.75,-0.25,0.3));
#2053 = VECTOR('',#2054,1.);
#2054 = DIRECTION('',(1.359631073447E-32,1.110223024625E-16,1.));
#2055 = PLANE('',#2056);
#2056 = AXIS2_PLACEMENT_3D('',#2057,#2058,#2059);
#2057 = CARTESIAN_POINT('',(5.,-0.25,2.55));
#2058 = DIRECTION('',(-1.224646799147E-16,-1.,1.110223024625E-16));
#2059 = DIRECTION('',(-1.,1.224646799147E-16,0.));
#2060 = ADVANCED_FACE('',(#2061),#2088,.F.);
#2061 = FACE_BOUND('',#2062,.F.);
#2062 = EDGE_LOOP('',(#2063,#2064,#2072,#2080,#2086,#2087));
#2063 = ORIENTED_EDGE('',*,*,#682,.T.);
#2064 = ORIENTED_EDGE('',*,*,#2065,.T.);
#2065 = EDGE_CURVE('',#675,#2066,#2068,.T.);
#2066 = VERTEX_POINT('',#2067);
#2067 = CARTESIAN_POINT('',(8.75,-0.35,3.6));
#2068 = LINE('',#2069,#2070);
#2069 = CARTESIAN_POINT('',(8.75,-0.45,4.8));
#2070 = VECTOR('',#2071,1.);
#2071 = DIRECTION('',(1.017013810865E-17,8.304547985373E-02,
    -0.996545758245));
#2072 = ORIENTED_EDGE('',*,*,#2073,.T.);
#2073 = EDGE_CURVE('',#2066,#2074,#2076,.T.);
#2074 = VERTEX_POINT('',#2075);
#2075 = CARTESIAN_POINT('',(8.75,-0.35,2.6));
#2076 = LINE('',#2077,#2078);
#2077 = CARTESIAN_POINT('',(8.75,-0.35,3.6));
#2078 = VECTOR('',#2079,1.);
#2079 = DIRECTION('',(-1.359631073447E-32,-1.110223024625E-16,-1.));
#2080 = ORIENTED_EDGE('',*,*,#2081,.T.);
#2081 = EDGE_CURVE('',#2074,#844,#2082,.T.);
#2082 = LINE('',#2083,#2084);
#2083 = CARTESIAN_POINT('',(8.75,-0.35,2.6));
#2084 = VECTOR('',#2085,1.);
#2085 = DIRECTION('',(-5.319525767383E-18,-4.343722427631E-02,
    -0.999056158355));
#2086 = ORIENTED_EDGE('',*,*,#843,.T.);
#2087 = ORIENTED_EDGE('',*,*,#2050,.T.);
#2088 = PLANE('',#2089);
#2089 = AXIS2_PLACEMENT_3D('',#2090,#2091,#2092);
#2090 = CARTESIAN_POINT('',(8.75,-0.320798035545,2.550475523299));
#2091 = DIRECTION('',(1.,-1.224646799147E-16,0.));
#2092 = DIRECTION('',(1.224646799147E-16,1.,-1.110223024625E-16));
#2093 = ADVANCED_FACE('',(#2094),#2112,.F.);
#2094 = FACE_BOUND('',#2095,.F.);
#2095 = EDGE_LOOP('',(#2096,#2097,#2105,#2111));
#2096 = ORIENTED_EDGE('',*,*,#674,.T.);
#2097 = ORIENTED_EDGE('',*,*,#2098,.T.);
#2098 = EDGE_CURVE('',#667,#2099,#2101,.T.);
#2099 = VERTEX_POINT('',#2100);
#2100 = CARTESIAN_POINT('',(7.25,-0.35,3.6));
#2101 = LINE('',#2102,#2103);
#2102 = CARTESIAN_POINT('',(7.25,-0.45,4.8));
#2103 = VECTOR('',#2104,1.);
#2104 = DIRECTION('',(1.017013810865E-17,8.304547985373E-02,
    -0.996545758245));
#2105 = ORIENTED_EDGE('',*,*,#2106,.F.);
#2106 = EDGE_CURVE('',#2066,#2099,#2107,.T.);
#2107 = LINE('',#2108,#2109);
#2108 = CARTESIAN_POINT('',(8.75,-0.35,3.6));
#2109 = VECTOR('',#2110,1.);
#2110 = DIRECTION('',(-1.,1.224646799147E-16,0.));
#2111 = ORIENTED_EDGE('',*,*,#2065,.F.);
#2112 = PLANE('',#2113);
#2113 = AXIS2_PLACEMENT_3D('',#2114,#2115,#2116);
#2114 = CARTESIAN_POINT('',(8.75,-0.45,4.8));
#2115 = DIRECTION('',(-1.220416573038E-16,-0.996545758245,
    -8.304547985373E-02));
#2116 = DIRECTION('',(1.017013810865E-17,8.304547985373E-02,
    -0.996545758245));
#2117 = ADVANCED_FACE('',(#2118),#2143,.T.);
#2118 = FACE_BOUND('',#2119,.T.);
#2119 = EDGE_LOOP('',(#2120,#2121,#2122,#2130,#2136,#2137));
#2120 = ORIENTED_EDGE('',*,*,#666,.T.);
#2121 = ORIENTED_EDGE('',*,*,#2098,.T.);
#2122 = ORIENTED_EDGE('',*,*,#2123,.T.);
#2123 = EDGE_CURVE('',#2099,#2124,#2126,.T.);
#2124 = VERTEX_POINT('',#2125);
#2125 = CARTESIAN_POINT('',(7.25,-0.35,2.6));
#2126 = LINE('',#2127,#2128);
#2127 = CARTESIAN_POINT('',(7.25,-0.35,3.6));
#2128 = VECTOR('',#2129,1.);
#2129 = DIRECTION('',(-1.359631073447E-32,-1.110223024625E-16,-1.));
#2130 = ORIENTED_EDGE('',*,*,#2131,.T.);
#2131 = EDGE_CURVE('',#2124,#852,#2132,.T.);
#2132 = LINE('',#2133,#2134);
#2133 = CARTESIAN_POINT('',(7.25,-0.35,2.6));
#2134 = VECTOR('',#2135,1.);
#2135 = DIRECTION('',(-5.319525767383E-18,-4.343722427631E-02,
    -0.999056158355));
#2136 = ORIENTED_EDGE('',*,*,#859,.T.);
#2137 = ORIENTED_EDGE('',*,*,#2138,.T.);
#2138 = EDGE_CURVE('',#860,#659,#2139,.T.);
#2139 = LINE('',#2140,#2141);
#2140 = CARTESIAN_POINT('',(7.25,-0.25,0.3));
#2141 = VECTOR('',#2142,1.);
#2142 = DIRECTION('',(1.359631073447E-32,1.110223024625E-16,1.));
#2143 = PLANE('',#2144);
#2144 = AXIS2_PLACEMENT_3D('',#2145,#2146,#2147);
#2145 = CARTESIAN_POINT('',(7.25,-0.320798035545,2.550475523299));
#2146 = DIRECTION('',(1.,-1.224646799147E-16,0.));
#2147 = DIRECTION('',(1.224646799147E-16,1.,-1.110223024625E-16));
#2148 = ADVANCED_FACE('',(#2149),#2160,.F.);
#2149 = FACE_BOUND('',#2150,.F.);
#2150 = EDGE_LOOP('',(#2151,#2157,#2158,#2159));
#2151 = ORIENTED_EDGE('',*,*,#2152,.F.);
#2152 = EDGE_CURVE('',#868,#651,#2153,.T.);
#2153 = LINE('',#2154,#2155);
#2154 = CARTESIAN_POINT('',(6.75,-0.25,0.3));
#2155 = VECTOR('',#2156,1.);
#2156 = DIRECTION('',(1.359631073447E-32,1.110223024625E-16,1.));
#2157 = ORIENTED_EDGE('',*,*,#867,.T.);
#2158 = ORIENTED_EDGE('',*,*,#2138,.T.);
#2159 = ORIENTED_EDGE('',*,*,#658,.T.);
#2160 = PLANE('',#2161);
#2161 = AXIS2_PLACEMENT_3D('',#2162,#2163,#2164);
#2162 = CARTESIAN_POINT('',(5.,-0.25,2.55));
#2163 = DIRECTION('',(-1.224646799147E-16,-1.,1.110223024625E-16));
#2164 = DIRECTION('',(-1.,1.224646799147E-16,0.));
#2165 = ADVANCED_FACE('',(#2166),#2193,.F.);
#2166 = FACE_BOUND('',#2167,.F.);
#2167 = EDGE_LOOP('',(#2168,#2169,#2177,#2185,#2191,#2192));
#2168 = ORIENTED_EDGE('',*,*,#650,.T.);
#2169 = ORIENTED_EDGE('',*,*,#2170,.T.);
#2170 = EDGE_CURVE('',#643,#2171,#2173,.T.);
#2171 = VERTEX_POINT('',#2172);
#2172 = CARTESIAN_POINT('',(6.75,-0.35,3.6));
#2173 = LINE('',#2174,#2175);
#2174 = CARTESIAN_POINT('',(6.75,-0.45,4.8));
#2175 = VECTOR('',#2176,1.);
#2176 = DIRECTION('',(1.017013810865E-17,8.304547985373E-02,
    -0.996545758245));
#2177 = ORIENTED_EDGE('',*,*,#2178,.T.);
#2178 = EDGE_CURVE('',#2171,#2179,#2181,.T.);
#2179 = VERTEX_POINT('',#2180);
#2180 = CARTESIAN_POINT('',(6.75,-0.35,2.6));
#2181 = LINE('',#2182,#2183);
#2182 = CARTESIAN_POINT('',(6.75,-0.35,3.6));
#2183 = VECTOR('',#2184,1.);
#2184 = DIRECTION('',(-1.359631073447E-32,-1.110223024625E-16,-1.));
#2185 = ORIENTED_EDGE('',*,*,#2186,.T.);
#2186 = EDGE_CURVE('',#2179,#876,#2187,.T.);
#2187 = LINE('',#2188,#2189);
#2188 = CARTESIAN_POINT('',(6.75,-0.35,2.6));
#2189 = VECTOR('',#2190,1.);
#2190 = DIRECTION('',(-5.319525767383E-18,-4.343722427631E-02,
    -0.999056158355));
#2191 = ORIENTED_EDGE('',*,*,#875,.T.);
#2192 = ORIENTED_EDGE('',*,*,#2152,.T.);
#2193 = PLANE('',#2194);
#2194 = AXIS2_PLACEMENT_3D('',#2195,#2196,#2197);
#2195 = CARTESIAN_POINT('',(6.75,-0.320798035545,2.550475523299));
#2196 = DIRECTION('',(1.,-1.224646799147E-16,0.));
#2197 = DIRECTION('',(1.224646799147E-16,1.,-1.110223024625E-16));
#2198 = ADVANCED_FACE('',(#2199),#2217,.F.);
#2199 = FACE_BOUND('',#2200,.F.);
#2200 = EDGE_LOOP('',(#2201,#2202,#2210,#2216));
#2201 = ORIENTED_EDGE('',*,*,#642,.T.);
#2202 = ORIENTED_EDGE('',*,*,#2203,.T.);
#2203 = EDGE_CURVE('',#635,#2204,#2206,.T.);
#2204 = VERTEX_POINT('',#2205);
#2205 = CARTESIAN_POINT('',(5.25,-0.35,3.6));
#2206 = LINE('',#2207,#2208);
#2207 = CARTESIAN_POINT('',(5.25,-0.45,4.8));
#2208 = VECTOR('',#2209,1.);
#2209 = DIRECTION('',(1.017013810865E-17,8.304547985373E-02,
    -0.996545758245));
#2210 = ORIENTED_EDGE('',*,*,#2211,.F.);
#2211 = EDGE_CURVE('',#2171,#2204,#2212,.T.);
#2212 = LINE('',#2213,#2214);
#2213 = CARTESIAN_POINT('',(6.75,-0.35,3.6));
#2214 = VECTOR('',#2215,1.);
#2215 = DIRECTION('',(-1.,1.224646799147E-16,0.));
#2216 = ORIENTED_EDGE('',*,*,#2170,.F.);
#2217 = PLANE('',#2218);
#2218 = AXIS2_PLACEMENT_3D('',#2219,#2220,#2221);
#2219 = CARTESIAN_POINT('',(6.75,-0.45,4.8));
#2220 = DIRECTION('',(-1.220416573038E-16,-0.996545758245,
    -8.304547985373E-02));
#2221 = DIRECTION('',(1.017013810865E-17,8.304547985373E-02,
    -0.996545758245));
#2222 = ADVANCED_FACE('',(#2223),#2248,.T.);
#2223 = FACE_BOUND('',#2224,.T.);
#2224 = EDGE_LOOP('',(#2225,#2226,#2227,#2235,#2241,#2242));
#2225 = ORIENTED_EDGE('',*,*,#634,.T.);
#2226 = ORIENTED_EDGE('',*,*,#2203,.T.);
#2227 = ORIENTED_EDGE('',*,*,#2228,.T.);
#2228 = EDGE_CURVE('',#2204,#2229,#2231,.T.);
#2229 = VERTEX_POINT('',#2230);
#2230 = CARTESIAN_POINT('',(5.25,-0.35,2.6));
#2231 = LINE('',#2232,#2233);
#2232 = CARTESIAN_POINT('',(5.25,-0.35,3.6));
#2233 = VECTOR('',#2234,1.);
#2234 = DIRECTION('',(-1.359631073447E-32,-1.110223024625E-16,-1.));
#2235 = ORIENTED_EDGE('',*,*,#2236,.T.);
#2236 = EDGE_CURVE('',#2229,#884,#2237,.T.);
#2237 = LINE('',#2238,#2239);
#2238 = CARTESIAN_POINT('',(5.25,-0.35,2.6));
#2239 = VECTOR('',#2240,1.);
#2240 = DIRECTION('',(-5.319525767383E-18,-4.343722427631E-02,
    -0.999056158355));
#2241 = ORIENTED_EDGE('',*,*,#891,.T.);
#2242 = ORIENTED_EDGE('',*,*,#2243,.T.);
#2243 = EDGE_CURVE('',#892,#627,#2244,.T.);
#2244 = LINE('',#2245,#2246);
#2245 = CARTESIAN_POINT('',(5.25,-0.25,0.3));
#2246 = VECTOR('',#2247,1.);
#2247 = DIRECTION('',(1.359631073447E-32,1.110223024625E-16,1.));
#2248 = PLANE('',#2249);
#2249 = AXIS2_PLACEMENT_3D('',#2250,#2251,#2252);
#2250 = CARTESIAN_POINT('',(5.25,-0.320798035545,2.550475523299));
#2251 = DIRECTION('',(1.,-1.224646799147E-16,0.));
#2252 = DIRECTION('',(1.224646799147E-16,1.,-1.110223024625E-16));
#2253 = ADVANCED_FACE('',(#2254),#2265,.F.);
#2254 = FACE_BOUND('',#2255,.F.);
#2255 = EDGE_LOOP('',(#2256,#2257,#2263,#2264));
#2256 = ORIENTED_EDGE('',*,*,#626,.T.);
#2257 = ORIENTED_EDGE('',*,*,#2258,.F.);
#2258 = EDGE_CURVE('',#900,#619,#2259,.T.);
#2259 = LINE('',#2260,#2261);
#2260 = CARTESIAN_POINT('',(4.75,-0.25,0.3));
#2261 = VECTOR('',#2262,1.);
#2262 = DIRECTION('',(1.359631073447E-32,1.110223024625E-16,1.));
#2263 = ORIENTED_EDGE('',*,*,#899,.T.);
#2264 = ORIENTED_EDGE('',*,*,#2243,.T.);
#2265 = PLANE('',#2266);
#2266 = AXIS2_PLACEMENT_3D('',#2267,#2268,#2269);
#2267 = CARTESIAN_POINT('',(5.,-0.25,2.55));
#2268 = DIRECTION('',(-1.224646799147E-16,-1.,1.110223024625E-16));
#2269 = DIRECTION('',(-1.,1.224646799147E-16,0.));
#2270 = ADVANCED_FACE('',(#2271),#2298,.F.);
#2271 = FACE_BOUND('',#2272,.F.);
#2272 = EDGE_LOOP('',(#2273,#2274,#2282,#2290,#2296,#2297));
#2273 = ORIENTED_EDGE('',*,*,#618,.T.);
#2274 = ORIENTED_EDGE('',*,*,#2275,.T.);
#2275 = EDGE_CURVE('',#611,#2276,#2278,.T.);
#2276 = VERTEX_POINT('',#2277);
#2277 = CARTESIAN_POINT('',(4.75,-0.35,3.6));
#2278 = LINE('',#2279,#2280);
#2279 = CARTESIAN_POINT('',(4.75,-0.45,4.8));
#2280 = VECTOR('',#2281,1.);
#2281 = DIRECTION('',(1.017013810865E-17,8.304547985373E-02,
    -0.996545758245));
#2282 = ORIENTED_EDGE('',*,*,#2283,.T.);
#2283 = EDGE_CURVE('',#2276,#2284,#2286,.T.);
#2284 = VERTEX_POINT('',#2285);
#2285 = CARTESIAN_POINT('',(4.75,-0.35,2.6));
#2286 = LINE('',#2287,#2288);
#2287 = CARTESIAN_POINT('',(4.75,-0.35,3.6));
#2288 = VECTOR('',#2289,1.);
#2289 = DIRECTION('',(-1.359631073447E-32,-1.110223024625E-16,-1.));
#2290 = ORIENTED_EDGE('',*,*,#2291,.T.);
#2291 = EDGE_CURVE('',#2284,#908,#2292,.T.);
#2292 = LINE('',#2293,#2294);
#2293 = CARTESIAN_POINT('',(4.75,-0.35,2.6));
#2294 = VECTOR('',#2295,1.);
#2295 = DIRECTION('',(-5.319525767383E-18,-4.343722427631E-02,
    -0.999056158355));
#2296 = ORIENTED_EDGE('',*,*,#907,.T.);
#2297 = ORIENTED_EDGE('',*,*,#2258,.T.);
#2298 = PLANE('',#2299);
#2299 = AXIS2_PLACEMENT_3D('',#2300,#2301,#2302);
#2300 = CARTESIAN_POINT('',(4.75,-0.320798035545,2.550475523299));
#2301 = DIRECTION('',(1.,-1.224646799147E-16,0.));
#2302 = DIRECTION('',(1.224646799147E-16,1.,-1.110223024625E-16));
#2303 = ADVANCED_FACE('',(#2304),#2322,.F.);
#2304 = FACE_BOUND('',#2305,.F.);
#2305 = EDGE_LOOP('',(#2306,#2307,#2315,#2321));
#2306 = ORIENTED_EDGE('',*,*,#610,.T.);
#2307 = ORIENTED_EDGE('',*,*,#2308,.T.);
#2308 = EDGE_CURVE('',#603,#2309,#2311,.T.);
#2309 = VERTEX_POINT('',#2310);
#2310 = CARTESIAN_POINT('',(3.25,-0.35,3.6));
#2311 = LINE('',#2312,#2313);
#2312 = CARTESIAN_POINT('',(3.25,-0.45,4.8));
#2313 = VECTOR('',#2314,1.);
#2314 = DIRECTION('',(1.017013810865E-17,8.304547985373E-02,
    -0.996545758245));
#2315 = ORIENTED_EDGE('',*,*,#2316,.F.);
#2316 = EDGE_CURVE('',#2276,#2309,#2317,.T.);
#2317 = LINE('',#2318,#2319);
#2318 = CARTESIAN_POINT('',(4.75,-0.35,3.6));
#2319 = VECTOR('',#2320,1.);
#2320 = DIRECTION('',(-1.,1.224646799147E-16,0.));
#2321 = ORIENTED_EDGE('',*,*,#2275,.F.);
#2322 = PLANE('',#2323);
#2323 = AXIS2_PLACEMENT_3D('',#2324,#2325,#2326);
#2324 = CARTESIAN_POINT('',(4.75,-0.45,4.8));
#2325 = DIRECTION('',(-1.220416573038E-16,-0.996545758245,
    -8.304547985373E-02));
#2326 = DIRECTION('',(1.017013810865E-17,8.304547985373E-02,
    -0.996545758245));
#2327 = ADVANCED_FACE('',(#2328),#2353,.T.);
#2328 = FACE_BOUND('',#2329,.T.);
#2329 = EDGE_LOOP('',(#2330,#2331,#2332,#2340,#2346,#2347));
#2330 = ORIENTED_EDGE('',*,*,#602,.T.);
#2331 = ORIENTED_EDGE('',*,*,#2308,.T.);
#2332 = ORIENTED_EDGE('',*,*,#2333,.T.);
#2333 = EDGE_CURVE('',#2309,#2334,#2336,.T.);
#2334 = VERTEX_POINT('',#2335);
#2335 = CARTESIAN_POINT('',(3.25,-0.35,2.6));
#2336 = LINE('',#2337,#2338);
#2337 = CARTESIAN_POINT('',(3.25,-0.35,3.6));
#2338 = VECTOR('',#2339,1.);
#2339 = DIRECTION('',(-1.359631073447E-32,-1.110223024625E-16,-1.));
#2340 = ORIENTED_EDGE('',*,*,#2341,.T.);
#2341 = EDGE_CURVE('',#2334,#916,#2342,.T.);
#2342 = LINE('',#2343,#2344);
#2343 = CARTESIAN_POINT('',(3.25,-0.35,2.6));
#2344 = VECTOR('',#2345,1.);
#2345 = DIRECTION('',(-5.319525767383E-18,-4.343722427631E-02,
    -0.999056158355));
#2346 = ORIENTED_EDGE('',*,*,#923,.T.);
#2347 = ORIENTED_EDGE('',*,*,#2348,.T.);
#2348 = EDGE_CURVE('',#924,#595,#2349,.T.);
#2349 = LINE('',#2350,#2351);
#2350 = CARTESIAN_POINT('',(3.25,-0.25,0.3));
#2351 = VECTOR('',#2352,1.);
#2352 = DIRECTION('',(1.359631073447E-32,1.110223024625E-16,1.));
#2353 = PLANE('',#2354);
#2354 = AXIS2_PLACEMENT_3D('',#2355,#2356,#2357);
#2355 = CARTESIAN_POINT('',(3.25,-0.320798035545,2.550475523299));
#2356 = DIRECTION('',(1.,-1.224646799147E-16,0.));
#2357 = DIRECTION('',(1.224646799147E-16,1.,-1.110223024625E-16));
#2358 = ADVANCED_FACE('',(#2359),#2370,.F.);
#2359 = FACE_BOUND('',#2360,.F.);
#2360 = EDGE_LOOP('',(#2361,#2362,#2363,#2369));
#2361 = ORIENTED_EDGE('',*,*,#2348,.T.);
#2362 = ORIENTED_EDGE('',*,*,#594,.T.);
#2363 = ORIENTED_EDGE('',*,*,#2364,.F.);
#2364 = EDGE_CURVE('',#932,#587,#2365,.T.);
#2365 = LINE('',#2366,#2367);
#2366 = CARTESIAN_POINT('',(2.75,-0.25,0.3));
#2367 = VECTOR('',#2368,1.);
#2368 = DIRECTION('',(1.359631073447E-32,1.110223024625E-16,1.));
#2369 = ORIENTED_EDGE('',*,*,#931,.T.);
#2370 = PLANE('',#2371);
#2371 = AXIS2_PLACEMENT_3D('',#2372,#2373,#2374);
#2372 = CARTESIAN_POINT('',(5.,-0.25,2.55));
#2373 = DIRECTION('',(-1.224646799147E-16,-1.,1.110223024625E-16));
#2374 = DIRECTION('',(-1.,1.224646799147E-16,0.));
#2375 = ADVANCED_FACE('',(#2376),#2403,.F.);
#2376 = FACE_BOUND('',#2377,.F.);
#2377 = EDGE_LOOP('',(#2378,#2379,#2387,#2395,#2401,#2402));
#2378 = ORIENTED_EDGE('',*,*,#586,.T.);
#2379 = ORIENTED_EDGE('',*,*,#2380,.T.);
#2380 = EDGE_CURVE('',#579,#2381,#2383,.T.);
#2381 = VERTEX_POINT('',#2382);
#2382 = CARTESIAN_POINT('',(2.75,-0.35,3.6));
#2383 = LINE('',#2384,#2385);
#2384 = CARTESIAN_POINT('',(2.75,-0.45,4.8));
#2385 = VECTOR('',#2386,1.);
#2386 = DIRECTION('',(1.017013810865E-17,8.304547985373E-02,
    -0.996545758245));
#2387 = ORIENTED_EDGE('',*,*,#2388,.T.);
#2388 = EDGE_CURVE('',#2381,#2389,#2391,.T.);
#2389 = VERTEX_POINT('',#2390);
#2390 = CARTESIAN_POINT('',(2.75,-0.35,2.6));
#2391 = LINE('',#2392,#2393);
#2392 = CARTESIAN_POINT('',(2.75,-0.35,3.6));
#2393 = VECTOR('',#2394,1.);
#2394 = DIRECTION('',(-1.359631073447E-32,-1.110223024625E-16,-1.));
#2395 = ORIENTED_EDGE('',*,*,#2396,.T.);
#2396 = EDGE_CURVE('',#2389,#940,#2397,.T.);
#2397 = LINE('',#2398,#2399);
#2398 = CARTESIAN_POINT('',(2.75,-0.35,2.6));
#2399 = VECTOR('',#2400,1.);
#2400 = DIRECTION('',(-5.319525767383E-18,-4.343722427631E-02,
    -0.999056158355));
#2401 = ORIENTED_EDGE('',*,*,#939,.T.);
#2402 = ORIENTED_EDGE('',*,*,#2364,.T.);
#2403 = PLANE('',#2404);
#2404 = AXIS2_PLACEMENT_3D('',#2405,#2406,#2407);
#2405 = CARTESIAN_POINT('',(2.75,-0.320798035545,2.550475523299));
#2406 = DIRECTION('',(1.,-1.224646799147E-16,0.));
#2407 = DIRECTION('',(1.224646799147E-16,1.,-1.110223024625E-16));
#2408 = ADVANCED_FACE('',(#2409),#2427,.F.);
#2409 = FACE_BOUND('',#2410,.F.);
#2410 = EDGE_LOOP('',(#2411,#2412,#2420,#2426));
#2411 = ORIENTED_EDGE('',*,*,#578,.T.);
#2412 = ORIENTED_EDGE('',*,*,#2413,.T.);
#2413 = EDGE_CURVE('',#571,#2414,#2416,.T.);
#2414 = VERTEX_POINT('',#2415);
#2415 = CARTESIAN_POINT('',(1.25,-0.35,3.6));
#2416 = LINE('',#2417,#2418);
#2417 = CARTESIAN_POINT('',(1.25,-0.45,4.8));
#2418 = VECTOR('',#2419,1.);
#2419 = DIRECTION('',(1.017013810865E-17,8.304547985373E-02,
    -0.996545758245));
#2420 = ORIENTED_EDGE('',*,*,#2421,.F.);
#2421 = EDGE_CURVE('',#2381,#2414,#2422,.T.);
#2422 = LINE('',#2423,#2424);
#2423 = CARTESIAN_POINT('',(2.75,-0.35,3.6));
#2424 = VECTOR('',#2425,1.);
#2425 = DIRECTION('',(-1.,1.224646799147E-16,0.));
#2426 = ORIENTED_EDGE('',*,*,#2380,.F.);
#2427 = PLANE('',#2428);
#2428 = AXIS2_PLACEMENT_3D('',#2429,#2430,#2431);
#2429 = CARTESIAN_POINT('',(2.75,-0.45,4.8));
#2430 = DIRECTION('',(-1.220416573038E-16,-0.996545758245,
    -8.304547985373E-02));
#2431 = DIRECTION('',(1.017013810865E-17,8.304547985373E-02,
    -0.996545758245));
#2432 = ADVANCED_FACE('',(#2433),#2458,.T.);
#2433 = FACE_BOUND('',#2434,.T.);
#2434 = EDGE_LOOP('',(#2435,#2436,#2437,#2445,#2451,#2452));
#2435 = ORIENTED_EDGE('',*,*,#570,.T.);
#2436 = ORIENTED_EDGE('',*,*,#2413,.T.);
#2437 = ORIENTED_EDGE('',*,*,#2438,.T.);
#2438 = EDGE_CURVE('',#2414,#2439,#2441,.T.);
#2439 = VERTEX_POINT('',#2440);
#2440 = CARTESIAN_POINT('',(1.25,-0.35,2.6));
#2441 = LINE('',#2442,#2443);
#2442 = CARTESIAN_POINT('',(1.25,-0.35,3.6));
#2443 = VECTOR('',#2444,1.);
#2444 = DIRECTION('',(-1.359631073447E-32,-1.110223024625E-16,-1.));
#2445 = ORIENTED_EDGE('',*,*,#2446,.T.);
#2446 = EDGE_CURVE('',#2439,#948,#2447,.T.);
#2447 = LINE('',#2448,#2449);
#2448 = CARTESIAN_POINT('',(1.25,-0.35,2.6));
#2449 = VECTOR('',#2450,1.);
#2450 = DIRECTION('',(-5.319525767383E-18,-4.343722427631E-02,
    -0.999056158355));
#2451 = ORIENTED_EDGE('',*,*,#955,.T.);
#2452 = ORIENTED_EDGE('',*,*,#2453,.T.);
#2453 = EDGE_CURVE('',#956,#563,#2454,.T.);
#2454 = LINE('',#2455,#2456);
#2455 = CARTESIAN_POINT('',(1.25,-0.25,0.3));
#2456 = VECTOR('',#2457,1.);
#2457 = DIRECTION('',(1.359631073447E-32,1.110223024625E-16,1.));
#2458 = PLANE('',#2459);
#2459 = AXIS2_PLACEMENT_3D('',#2460,#2461,#2462);
#2460 = CARTESIAN_POINT('',(1.25,-0.320798035545,2.550475523299));
#2461 = DIRECTION('',(1.,-1.224646799147E-16,0.));
#2462 = DIRECTION('',(1.224646799147E-16,1.,-1.110223024625E-16));
#2463 = ADVANCED_FACE('',(#2464),#2475,.F.);
#2464 = FACE_BOUND('',#2465,.F.);
#2465 = EDGE_LOOP('',(#2466,#2467,#2468,#2469));
#2466 = ORIENTED_EDGE('',*,*,#963,.T.);
#2467 = ORIENTED_EDGE('',*,*,#2453,.T.);
#2468 = ORIENTED_EDGE('',*,*,#562,.T.);
#2469 = ORIENTED_EDGE('',*,*,#2470,.F.);
#2470 = EDGE_CURVE('',#964,#555,#2471,.T.);
#2471 = LINE('',#2472,#2473);
#2472 = CARTESIAN_POINT('',(0.75,-0.25,0.3));
#2473 = VECTOR('',#2474,1.);
#2474 = DIRECTION('',(1.359631073447E-32,1.110223024625E-16,1.));
#2475 = PLANE('',#2476);
#2476 = AXIS2_PLACEMENT_3D('',#2477,#2478,#2479);
#2477 = CARTESIAN_POINT('',(5.,-0.25,2.55));
#2478 = DIRECTION('',(-1.224646799147E-16,-1.,1.110223024625E-16));
#2479 = DIRECTION('',(-1.,1.224646799147E-16,0.));
#2480 = ADVANCED_FACE('',(#2481),#2508,.F.);
#2481 = FACE_BOUND('',#2482,.F.);
#2482 = EDGE_LOOP('',(#2483,#2484,#2492,#2500,#2506,#2507));
#2483 = ORIENTED_EDGE('',*,*,#554,.T.);
#2484 = ORIENTED_EDGE('',*,*,#2485,.T.);
#2485 = EDGE_CURVE('',#547,#2486,#2488,.T.);
#2486 = VERTEX_POINT('',#2487);
#2487 = CARTESIAN_POINT('',(0.75,-0.35,3.6));
#2488 = LINE('',#2489,#2490);
#2489 = CARTESIAN_POINT('',(0.75,-0.45,4.8));
#2490 = VECTOR('',#2491,1.);
#2491 = DIRECTION('',(1.017013810865E-17,8.304547985373E-02,
    -0.996545758245));
#2492 = ORIENTED_EDGE('',*,*,#2493,.T.);
#2493 = EDGE_CURVE('',#2486,#2494,#2496,.T.);
#2494 = VERTEX_POINT('',#2495);
#2495 = CARTESIAN_POINT('',(0.75,-0.35,2.6));
#2496 = LINE('',#2497,#2498);
#2497 = CARTESIAN_POINT('',(0.75,-0.35,3.6));
#2498 = VECTOR('',#2499,1.);
#2499 = DIRECTION('',(-1.359631073447E-32,-1.110223024625E-16,-1.));
#2500 = ORIENTED_EDGE('',*,*,#2501,.T.);
#2501 = EDGE_CURVE('',#2494,#972,#2502,.T.);
#2502 = LINE('',#2503,#2504);
#2503 = CARTESIAN_POINT('',(0.75,-0.35,2.6));
#2504 = VECTOR('',#2505,1.);
#2505 = DIRECTION('',(-5.319525767383E-18,-4.343722427631E-02,
    -0.999056158355));
#2506 = ORIENTED_EDGE('',*,*,#971,.T.);
#2507 = ORIENTED_EDGE('',*,*,#2470,.T.);
#2508 = PLANE('',#2509);
#2509 = AXIS2_PLACEMENT_3D('',#2510,#2511,#2512);
#2510 = CARTESIAN_POINT('',(0.75,-0.320798035545,2.550475523299));
#2511 = DIRECTION('',(1.,-1.224646799147E-16,0.));
#2512 = DIRECTION('',(1.224646799147E-16,1.,-1.110223024625E-16));
#2513 = ADVANCED_FACE('',(#2514),#2548,.F.);
#2514 = FACE_BOUND('',#2515,.F.);
#2515 = EDGE_LOOP('',(#2516,#2517,#2518,#2526,#2534,#2542));
#2516 = ORIENTED_EDGE('',*,*,#2485,.F.);
#2517 = ORIENTED_EDGE('',*,*,#546,.T.);
#2518 = ORIENTED_EDGE('',*,*,#2519,.T.);
#2519 = EDGE_CURVE('',#539,#2520,#2522,.T.);
#2520 = VERTEX_POINT('',#2521);
#2521 = CARTESIAN_POINT('',(-0.4,-0.4,4.2));
#2522 = LINE('',#2523,#2524);
#2523 = CARTESIAN_POINT('',(-0.4,-0.449310344828,4.791724137931));
#2524 = VECTOR('',#2525,1.);
#2525 = DIRECTION('',(1.017013810865E-17,8.304547985373E-02,
    -0.996545758245));
#2526 = ORIENTED_EDGE('',*,*,#2527,.F.);
#2527 = EDGE_CURVE('',#2528,#2520,#2530,.T.);
#2528 = VERTEX_POINT('',#2529);
#2529 = CARTESIAN_POINT('',(-0.75,-0.4,4.2));
#2530 = LINE('',#2531,#2532);
#2531 = CARTESIAN_POINT('',(-7.5E-02,-0.4,4.2));
#2532 = VECTOR('',#2533,1.);
#2533 = DIRECTION('',(1.,-1.224646799147E-16,-0.));
#2534 = ORIENTED_EDGE('',*,*,#2535,.T.);
#2535 = EDGE_CURVE('',#2528,#2536,#2538,.T.);
#2536 = VERTEX_POINT('',#2537);
#2537 = CARTESIAN_POINT('',(-0.75,-0.35,3.6));
#2538 = LINE('',#2539,#2540);
#2539 = CARTESIAN_POINT('',(-0.75,-0.45,4.8));
#2540 = VECTOR('',#2541,1.);
#2541 = DIRECTION('',(1.017013810865E-17,8.304547985373E-02,
    -0.996545758245));
#2542 = ORIENTED_EDGE('',*,*,#2543,.F.);
#2543 = EDGE_CURVE('',#2486,#2536,#2544,.T.);
#2544 = LINE('',#2545,#2546);
#2545 = CARTESIAN_POINT('',(0.75,-0.35,3.6));
#2546 = VECTOR('',#2547,1.);
#2547 = DIRECTION('',(-1.,1.224646799147E-16,0.));
#2548 = PLANE('',#2549);
#2549 = AXIS2_PLACEMENT_3D('',#2550,#2551,#2552);
#2550 = CARTESIAN_POINT('',(0.75,-0.45,4.8));
#2551 = DIRECTION('',(-1.220416573038E-16,-0.996545758245,
    -8.304547985373E-02));
#2552 = DIRECTION('',(1.017013810865E-17,8.304547985373E-02,
    -0.996545758245));
#2553 = ADVANCED_FACE('',(#2554),#2571,.T.);
#2554 = FACE_BOUND('',#2555,.T.);
#2555 = EDGE_LOOP('',(#2556,#2557,#2558,#2564,#2565));
#2556 = ORIENTED_EDGE('',*,*,#538,.F.);
#2557 = ORIENTED_EDGE('',*,*,#2519,.T.);
#2558 = ORIENTED_EDGE('',*,*,#2559,.T.);
#2559 = EDGE_CURVE('',#2520,#1445,#2560,.T.);
#2560 = LINE('',#2561,#2562);
#2561 = CARTESIAN_POINT('',(-0.4,-0.25,4.2));
#2562 = VECTOR('',#2563,1.);
#2563 = DIRECTION('',(-1.224646799147E-16,-1.,1.110223024625E-16));
#2564 = ORIENTED_EDGE('',*,*,#1452,.T.);
#2565 = ORIENTED_EDGE('',*,*,#2566,.F.);
#2566 = EDGE_CURVE('',#531,#1453,#2567,.T.);
#2567 = LINE('',#2568,#2569);
#2568 = CARTESIAN_POINT('',(-0.4,-4.45,4.8));
#2569 = VECTOR('',#2570,1.);
#2570 = DIRECTION('',(-1.359631073447E-32,-1.110223024625E-16,-1.));
#2571 = PLANE('',#2572);
#2572 = AXIS2_PLACEMENT_3D('',#2573,#2574,#2575);
#2573 = CARTESIAN_POINT('',(-0.4,-0.25,4.8));
#2574 = DIRECTION('',(-1.,1.224646799147E-16,0.));
#2575 = DIRECTION('',(-1.224646799147E-16,-1.,1.110223024625E-16));
#2576 = ADVANCED_FACE('',(#2577),#2620,.T.);
#2577 = FACE_BOUND('',#2578,.T.);
#2578 = EDGE_LOOP('',(#2579,#2580,#2581,#2582,#2590,#2598,#2606,#2614));
#2579 = ORIENTED_EDGE('',*,*,#530,.F.);
#2580 = ORIENTED_EDGE('',*,*,#2566,.T.);
#2581 = ORIENTED_EDGE('',*,*,#1460,.T.);
#2582 = ORIENTED_EDGE('',*,*,#2583,.F.);
#2583 = EDGE_CURVE('',#2584,#1461,#2586,.T.);
#2584 = VERTEX_POINT('',#2585);
#2585 = CARTESIAN_POINT('',(-1.4,-4.45,4.8));
#2586 = LINE('',#2587,#2588);
#2587 = CARTESIAN_POINT('',(-1.4,-4.45,4.8));
#2588 = VECTOR('',#2589,1.);
#2589 = DIRECTION('',(-1.359631073447E-32,-1.110223024625E-16,-1.));
#2590 = ORIENTED_EDGE('',*,*,#2591,.F.);
#2591 = EDGE_CURVE('',#2592,#2584,#2594,.T.);
#2592 = VERTEX_POINT('',#2593);
#2593 = CARTESIAN_POINT('',(-0.95,-4.45,4.8));
#2594 = LINE('',#2595,#2596);
#2595 = CARTESIAN_POINT('',(-0.4,-4.45,4.8));
#2596 = VECTOR('',#2597,1.);
#2597 = DIRECTION('',(-1.,1.224646799147E-16,0.));
#2598 = ORIENTED_EDGE('',*,*,#2599,.F.);
#2599 = EDGE_CURVE('',#2600,#2592,#2602,.T.);
#2600 = VERTEX_POINT('',#2601);
#2601 = CARTESIAN_POINT('',(-0.95,-4.45,4.85));
#2602 = LINE('',#2603,#2604);
#2603 = CARTESIAN_POINT('',(-0.95,-4.45,4.85));
#2604 = VECTOR('',#2605,1.);
#2605 = DIRECTION('',(-1.359631073447E-32,-1.110223024625E-16,-1.));
#2606 = ORIENTED_EDGE('',*,*,#2607,.F.);
#2607 = EDGE_CURVE('',#2608,#2600,#2610,.T.);
#2608 = VERTEX_POINT('',#2609);
#2609 = CARTESIAN_POINT('',(-0.45,-4.45,4.85));
#2610 = LINE('',#2611,#2612);
#2611 = CARTESIAN_POINT('',(-0.45,-4.45,4.85));
#2612 = VECTOR('',#2613,1.);
#2613 = DIRECTION('',(-1.,1.224646799147E-16,0.));
#2614 = ORIENTED_EDGE('',*,*,#2615,.F.);
#2615 = EDGE_CURVE('',#523,#2608,#2616,.T.);
#2616 = LINE('',#2617,#2618);
#2617 = CARTESIAN_POINT('',(-0.45,-4.45,4.8));
#2618 = VECTOR('',#2619,1.);
#2619 = DIRECTION('',(1.359631073447E-32,1.110223024625E-16,1.));
#2620 = PLANE('',#2621);
#2621 = AXIS2_PLACEMENT_3D('',#2622,#2623,#2624);
#2622 = CARTESIAN_POINT('',(-0.893939393939,-4.45,4.517424242424));
#2623 = DIRECTION('',(1.224646799148E-16,1.,-1.110223024625E-16));
#2624 = DIRECTION('',(1.,-1.224646799148E-16,3.287030186824E-45));
#2625 = ADVANCED_FACE('',(#2626),#2644,.F.);
#2626 = FACE_BOUND('',#2627,.F.);
#2627 = EDGE_LOOP('',(#2628,#2629,#2637,#2643));
#2628 = ORIENTED_EDGE('',*,*,#522,.T.);
#2629 = ORIENTED_EDGE('',*,*,#2630,.T.);
#2630 = EDGE_CURVE('',#515,#2631,#2633,.T.);
#2631 = VERTEX_POINT('',#2632);
#2632 = CARTESIAN_POINT('',(-0.45,-6.25,4.85));
#2633 = LINE('',#2634,#2635);
#2634 = CARTESIAN_POINT('',(-0.45,-6.25,4.8));
#2635 = VECTOR('',#2636,1.);
#2636 = DIRECTION('',(1.359631073447E-32,1.110223024625E-16,1.));
#2637 = ORIENTED_EDGE('',*,*,#2638,.F.);
#2638 = EDGE_CURVE('',#2608,#2631,#2639,.T.);
#2639 = LINE('',#2640,#2641);
#2640 = CARTESIAN_POINT('',(-0.45,-4.45,4.85));
#2641 = VECTOR('',#2642,1.);
#2642 = DIRECTION('',(-1.224646799147E-16,-1.,1.110223024625E-16));
#2643 = ORIENTED_EDGE('',*,*,#2615,.F.);
#2644 = PLANE('',#2645);
#2645 = AXIS2_PLACEMENT_3D('',#2646,#2647,#2648);
#2646 = CARTESIAN_POINT('',(-0.45,-4.45,4.8));
#2647 = DIRECTION('',(-1.,1.224646799147E-16,0.));
#2648 = DIRECTION('',(1.359631073446E-32,1.110223024625E-16,1.));
#2649 = ADVANCED_FACE('',(#2650),#2691,.T.);
#2650 = FACE_BOUND('',#2651,.T.);
#2651 = EDGE_LOOP('',(#2652,#2658,#2659,#2660,#2668,#2676,#2682,#2683,
    #2689,#2690));
#2652 = ORIENTED_EDGE('',*,*,#2653,.F.);
#2653 = EDGE_CURVE('',#507,#1484,#2654,.T.);
#2654 = LINE('',#2655,#2656);
#2655 = CARTESIAN_POINT('',(0.55,-6.25,4.8));
#2656 = VECTOR('',#2657,1.);
#2657 = DIRECTION('',(-1.359631073447E-32,-1.110223024625E-16,-1.));
#2658 = ORIENTED_EDGE('',*,*,#514,.T.);
#2659 = ORIENTED_EDGE('',*,*,#2630,.T.);
#2660 = ORIENTED_EDGE('',*,*,#2661,.T.);
#2661 = EDGE_CURVE('',#2631,#2662,#2664,.T.);
#2662 = VERTEX_POINT('',#2663);
#2663 = CARTESIAN_POINT('',(-0.95,-6.25,4.85));
#2664 = LINE('',#2665,#2666);
#2665 = CARTESIAN_POINT('',(-0.45,-6.25,4.85));
#2666 = VECTOR('',#2667,1.);
#2667 = DIRECTION('',(-1.,1.224646799147E-16,0.));
#2668 = ORIENTED_EDGE('',*,*,#2669,.T.);
#2669 = EDGE_CURVE('',#2662,#2670,#2672,.T.);
#2670 = VERTEX_POINT('',#2671);
#2671 = CARTESIAN_POINT('',(-0.95,-6.25,4.8));
#2672 = LINE('',#2673,#2674);
#2673 = CARTESIAN_POINT('',(-0.95,-6.25,4.85));
#2674 = VECTOR('',#2675,1.);
#2675 = DIRECTION('',(-1.359631073447E-32,-1.110223024625E-16,-1.));
#2676 = ORIENTED_EDGE('',*,*,#2677,.T.);
#2677 = EDGE_CURVE('',#2670,#1332,#2678,.T.);
#2678 = LINE('',#2679,#2680);
#2679 = CARTESIAN_POINT('',(11.95,-6.25,4.8));
#2680 = VECTOR('',#2681,1.);
#2681 = DIRECTION('',(-1.,1.224646799147E-16,0.));
#2682 = ORIENTED_EDGE('',*,*,#1331,.T.);
#2683 = ORIENTED_EDGE('',*,*,#2684,.F.);
#2684 = EDGE_CURVE('',#1202,#1324,#2685,.T.);
#2685 = LINE('',#2686,#2687);
#2686 = CARTESIAN_POINT('',(11.95,-6.25,3.3));
#2687 = VECTOR('',#2688,1.);
#2688 = DIRECTION('',(-1.,1.224646799147E-16,0.));
#2689 = ORIENTED_EDGE('',*,*,#1199,.F.);
#2690 = ORIENTED_EDGE('',*,*,#1483,.F.);
#2691 = PLANE('',#2692);
#2692 = AXIS2_PLACEMENT_3D('',#2693,#2694,#2695);
#2693 = CARTESIAN_POINT('',(-0.922222222222,-6.25,4.28487654321));
#2694 = DIRECTION('',(8.559605107782E-17,-1.,8.677730044361E-17));
#2695 = DIRECTION('',(-1.,-8.559605107782E-17,2.309938140683E-32));
#2696 = ADVANCED_FACE('',(#2697),#2708,.F.);
#2697 = FACE_BOUND('',#2698,.F.);
#2698 = EDGE_LOOP('',(#2699,#2700,#2706,#2707));
#2699 = ORIENTED_EDGE('',*,*,#506,.F.);
#2700 = ORIENTED_EDGE('',*,*,#2701,.T.);
#2701 = EDGE_CURVE('',#499,#1492,#2702,.T.);
#2702 = LINE('',#2703,#2704);
#2703 = CARTESIAN_POINT('',(0.55,-2.35,4.8));
#2704 = VECTOR('',#2705,1.);
#2705 = DIRECTION('',(-1.359631073447E-32,-1.110223024625E-16,-1.));
#2706 = ORIENTED_EDGE('',*,*,#1491,.T.);
#2707 = ORIENTED_EDGE('',*,*,#2653,.F.);
#2708 = PLANE('',#2709);
#2709 = AXIS2_PLACEMENT_3D('',#2710,#2711,#2712);
#2710 = CARTESIAN_POINT('',(0.55,-2.35,4.8));
#2711 = DIRECTION('',(-1.,1.224646799147E-16,0.));
#2712 = DIRECTION('',(-1.224646799147E-16,-1.,1.110223024625E-16));
#2713 = ADVANCED_FACE('',(#2714),#2725,.F.);
#2714 = FACE_BOUND('',#2715,.F.);
#2715 = EDGE_LOOP('',(#2716,#2717,#2723,#2724));
#2716 = ORIENTED_EDGE('',*,*,#498,.F.);
#2717 = ORIENTED_EDGE('',*,*,#2718,.T.);
#2718 = EDGE_CURVE('',#491,#1500,#2719,.T.);
#2719 = LINE('',#2720,#2721);
#2720 = CARTESIAN_POINT('',(9.45,-2.35,4.8));
#2721 = VECTOR('',#2722,1.);
#2722 = DIRECTION('',(-1.359631073447E-32,-1.110223024625E-16,-1.));
#2723 = ORIENTED_EDGE('',*,*,#1499,.T.);
#2724 = ORIENTED_EDGE('',*,*,#2701,.F.);
#2725 = PLANE('',#2726);
#2726 = AXIS2_PLACEMENT_3D('',#2727,#2728,#2729);
#2727 = CARTESIAN_POINT('',(9.45,-2.35,4.8));
#2728 = DIRECTION('',(1.723623439428E-16,1.,-1.110223024625E-16));
#2729 = DIRECTION('',(-1.,1.723623439428E-16,-5.5397535479E-33));
#2730 = ADVANCED_FACE('',(#2731),#2737,.F.);
#2731 = FACE_BOUND('',#2732,.F.);
#2732 = EDGE_LOOP('',(#2733,#2734,#2735,#2736));
#2733 = ORIENTED_EDGE('',*,*,#490,.F.);
#2734 = ORIENTED_EDGE('',*,*,#752,.T.);
#2735 = ORIENTED_EDGE('',*,*,#1507,.T.);
#2736 = ORIENTED_EDGE('',*,*,#2718,.F.);
#2737 = PLANE('',#2738);
#2738 = AXIS2_PLACEMENT_3D('',#2739,#2740,#2741);
#2739 = CARTESIAN_POINT('',(9.45,-6.25,4.8));
#2740 = DIRECTION('',(1.,-1.224646799147E-16,-0.));
#2741 = DIRECTION('',(1.224646799147E-16,1.,-1.110223024625E-16));
#2742 = ADVANCED_FACE('',(#2743),#2784,.F.);
#2743 = FACE_BOUND('',#2744,.F.);
#2744 = EDGE_LOOP('',(#2745,#2753,#2754,#2760,#2761,#2762,#2770,#2778));
#2745 = ORIENTED_EDGE('',*,*,#2746,.T.);
#2746 = EDGE_CURVE('',#2747,#1281,#2749,.T.);
#2747 = VERTEX_POINT('',#2748);
#2748 = CARTESIAN_POINT('',(-1.4,-0.25,4.8));
#2749 = LINE('',#2750,#2751);
#2750 = CARTESIAN_POINT('',(11.95,-0.25,4.8));
#2751 = VECTOR('',#2752,1.);
#2752 = DIRECTION('',(-1.,1.224646799147E-16,0.));
#2753 = ORIENTED_EDGE('',*,*,#1280,.T.);
#2754 = ORIENTED_EDGE('',*,*,#2755,.F.);
#2755 = EDGE_CURVE('',#1378,#1283,#2756,.T.);
#2756 = LINE('',#2757,#2758);
#2757 = CARTESIAN_POINT('',(-0.95,-0.25,4.1));
#2758 = VECTOR('',#2759,1.);
#2759 = DIRECTION('',(-1.,1.224646799147E-16,0.));
#2760 = ORIENTED_EDGE('',*,*,#1377,.F.);
#2761 = ORIENTED_EDGE('',*,*,#787,.T.);
#2762 = ORIENTED_EDGE('',*,*,#2763,.T.);
#2763 = EDGE_CURVE('',#790,#2764,#2766,.T.);
#2764 = VERTEX_POINT('',#2765);
#2765 = CARTESIAN_POINT('',(-0.75,-0.25,4.2));
#2766 = LINE('',#2767,#2768);
#2767 = CARTESIAN_POINT('',(-0.75,-0.25,0.3));
#2768 = VECTOR('',#2769,1.);
#2769 = DIRECTION('',(1.359631073447E-32,1.110223024625E-16,1.));
#2770 = ORIENTED_EDGE('',*,*,#2771,.F.);
#2771 = EDGE_CURVE('',#2772,#2764,#2774,.T.);
#2772 = VERTEX_POINT('',#2773);
#2773 = CARTESIAN_POINT('',(-1.4,-0.25,4.2));
#2774 = LINE('',#2775,#2776);
#2775 = CARTESIAN_POINT('',(-1.4,-0.25,4.2));
#2776 = VECTOR('',#2777,1.);
#2777 = DIRECTION('',(1.,-1.224646799147E-16,0.));
#2778 = ORIENTED_EDGE('',*,*,#2779,.F.);
#2779 = EDGE_CURVE('',#2747,#2772,#2780,.T.);
#2780 = LINE('',#2781,#2782);
#2781 = CARTESIAN_POINT('',(-1.4,-0.25,4.8));
#2782 = VECTOR('',#2783,1.);
#2783 = DIRECTION('',(-1.359631073447E-32,-1.110223024625E-16,-1.));
#2784 = PLANE('',#2785);
#2785 = AXIS2_PLACEMENT_3D('',#2786,#2787,#2788);
#2786 = CARTESIAN_POINT('',(5.,-0.25,2.55));
#2787 = DIRECTION('',(-1.224646799147E-16,-1.,1.110223024625E-16));
#2788 = DIRECTION('',(-1.,1.224646799147E-16,0.));
#2789 = ADVANCED_FACE('',(#2790),#2815,.T.);
#2790 = FACE_BOUND('',#2791,.T.);
#2791 = EDGE_LOOP('',(#2792,#2793,#2799,#2800,#2808,#2814));
#2792 = ORIENTED_EDGE('',*,*,#2763,.T.);
#2793 = ORIENTED_EDGE('',*,*,#2794,.F.);
#2794 = EDGE_CURVE('',#2528,#2764,#2795,.T.);
#2795 = LINE('',#2796,#2797);
#2796 = CARTESIAN_POINT('',(-0.75,-1.335399017773,4.2));
#2797 = VECTOR('',#2798,1.);
#2798 = DIRECTION('',(1.224646799147E-16,1.,-1.110223024625E-16));
#2799 = ORIENTED_EDGE('',*,*,#2535,.T.);
#2800 = ORIENTED_EDGE('',*,*,#2801,.T.);
#2801 = EDGE_CURVE('',#2536,#2802,#2804,.T.);
#2802 = VERTEX_POINT('',#2803);
#2803 = CARTESIAN_POINT('',(-0.75,-0.35,2.6));
#2804 = LINE('',#2805,#2806);
#2805 = CARTESIAN_POINT('',(-0.75,-0.35,3.6));
#2806 = VECTOR('',#2807,1.);
#2807 = DIRECTION('',(-1.359631073447E-32,-1.110223024625E-16,-1.));
#2808 = ORIENTED_EDGE('',*,*,#2809,.T.);
#2809 = EDGE_CURVE('',#2802,#980,#2810,.T.);
#2810 = LINE('',#2811,#2812);
#2811 = CARTESIAN_POINT('',(-0.75,-0.35,2.6));
#2812 = VECTOR('',#2813,1.);
#2813 = DIRECTION('',(-5.319525767383E-18,-4.343722427631E-02,
    -0.999056158355));
#2814 = ORIENTED_EDGE('',*,*,#987,.T.);
#2815 = PLANE('',#2816);
#2816 = AXIS2_PLACEMENT_3D('',#2817,#2818,#2819);
#2817 = CARTESIAN_POINT('',(-0.75,-0.320798035545,2.550475523299));
#2818 = DIRECTION('',(1.,-1.224646799147E-16,0.));
#2819 = DIRECTION('',(1.224646799147E-16,1.,-1.110223024625E-16));
#2820 = ADVANCED_FACE('',(#2821),#2832,.F.);
#2821 = FACE_BOUND('',#2822,.F.);
#2822 = EDGE_LOOP('',(#2823,#2829,#2830,#2831));
#2823 = ORIENTED_EDGE('',*,*,#2824,.T.);
#2824 = EDGE_CURVE('',#2494,#2802,#2825,.T.);
#2825 = LINE('',#2826,#2827);
#2826 = CARTESIAN_POINT('',(0.75,-0.35,2.6));
#2827 = VECTOR('',#2828,1.);
#2828 = DIRECTION('',(-1.,1.224646799147E-16,0.));
#2829 = ORIENTED_EDGE('',*,*,#2809,.T.);
#2830 = ORIENTED_EDGE('',*,*,#979,.F.);
#2831 = ORIENTED_EDGE('',*,*,#2501,.F.);
#2832 = PLANE('',#2833);
#2833 = AXIS2_PLACEMENT_3D('',#2834,#2835,#2836);
#2834 = CARTESIAN_POINT('',(0.75,-0.35,2.6));
#2835 = DIRECTION('',(-1.223490926498E-16,-0.999056158355,
    4.343722427631E-02));
#2836 = DIRECTION('',(-5.319525767383E-18,-4.343722427631E-02,
    -0.999056158355));
#2837 = ADVANCED_FACE('',(#2838),#2849,.F.);
#2838 = FACE_BOUND('',#2839,.F.);
#2839 = EDGE_LOOP('',(#2840,#2846,#2847,#2848));
#2840 = ORIENTED_EDGE('',*,*,#2841,.T.);
#2841 = EDGE_CURVE('',#2389,#2439,#2842,.T.);
#2842 = LINE('',#2843,#2844);
#2843 = CARTESIAN_POINT('',(2.75,-0.35,2.6));
#2844 = VECTOR('',#2845,1.);
#2845 = DIRECTION('',(-1.,1.224646799147E-16,0.));
#2846 = ORIENTED_EDGE('',*,*,#2446,.T.);
#2847 = ORIENTED_EDGE('',*,*,#947,.F.);
#2848 = ORIENTED_EDGE('',*,*,#2396,.F.);
#2849 = PLANE('',#2850);
#2850 = AXIS2_PLACEMENT_3D('',#2851,#2852,#2853);
#2851 = CARTESIAN_POINT('',(2.75,-0.35,2.6));
#2852 = DIRECTION('',(-1.223490926498E-16,-0.999056158355,
    4.343722427631E-02));
#2853 = DIRECTION('',(-5.319525767383E-18,-4.343722427631E-02,
    -0.999056158355));
#2854 = ADVANCED_FACE('',(#2855),#2866,.F.);
#2855 = FACE_BOUND('',#2856,.F.);
#2856 = EDGE_LOOP('',(#2857,#2863,#2864,#2865));
#2857 = ORIENTED_EDGE('',*,*,#2858,.T.);
#2858 = EDGE_CURVE('',#2284,#2334,#2859,.T.);
#2859 = LINE('',#2860,#2861);
#2860 = CARTESIAN_POINT('',(4.75,-0.35,2.6));
#2861 = VECTOR('',#2862,1.);
#2862 = DIRECTION('',(-1.,1.224646799147E-16,0.));
#2863 = ORIENTED_EDGE('',*,*,#2341,.T.);
#2864 = ORIENTED_EDGE('',*,*,#915,.F.);
#2865 = ORIENTED_EDGE('',*,*,#2291,.F.);
#2866 = PLANE('',#2867);
#2867 = AXIS2_PLACEMENT_3D('',#2868,#2869,#2870);
#2868 = CARTESIAN_POINT('',(4.75,-0.35,2.6));
#2869 = DIRECTION('',(-1.223490926498E-16,-0.999056158355,
    4.343722427631E-02));
#2870 = DIRECTION('',(-5.319525767383E-18,-4.343722427631E-02,
    -0.999056158355));
#2871 = ADVANCED_FACE('',(#2872),#2883,.F.);
#2872 = FACE_BOUND('',#2873,.F.);
#2873 = EDGE_LOOP('',(#2874,#2880,#2881,#2882));
#2874 = ORIENTED_EDGE('',*,*,#2875,.T.);
#2875 = EDGE_CURVE('',#2179,#2229,#2876,.T.);
#2876 = LINE('',#2877,#2878);
#2877 = CARTESIAN_POINT('',(6.75,-0.35,2.6));
#2878 = VECTOR('',#2879,1.);
#2879 = DIRECTION('',(-1.,1.224646799147E-16,0.));
#2880 = ORIENTED_EDGE('',*,*,#2236,.T.);
#2881 = ORIENTED_EDGE('',*,*,#883,.F.);
#2882 = ORIENTED_EDGE('',*,*,#2186,.F.);
#2883 = PLANE('',#2884);
#2884 = AXIS2_PLACEMENT_3D('',#2885,#2886,#2887);
#2885 = CARTESIAN_POINT('',(6.75,-0.35,2.6));
#2886 = DIRECTION('',(-1.223490926498E-16,-0.999056158355,
    4.343722427631E-02));
#2887 = DIRECTION('',(-5.319525767383E-18,-4.343722427631E-02,
    -0.999056158355));
#2888 = ADVANCED_FACE('',(#2889),#2900,.F.);
#2889 = FACE_BOUND('',#2890,.F.);
#2890 = EDGE_LOOP('',(#2891,#2897,#2898,#2899));
#2891 = ORIENTED_EDGE('',*,*,#2892,.T.);
#2892 = EDGE_CURVE('',#2074,#2124,#2893,.T.);
#2893 = LINE('',#2894,#2895);
#2894 = CARTESIAN_POINT('',(8.75,-0.35,2.6));
#2895 = VECTOR('',#2896,1.);
#2896 = DIRECTION('',(-1.,1.224646799147E-16,0.));
#2897 = ORIENTED_EDGE('',*,*,#2131,.T.);
#2898 = ORIENTED_EDGE('',*,*,#851,.F.);
#2899 = ORIENTED_EDGE('',*,*,#2081,.F.);
#2900 = PLANE('',#2901);
#2901 = AXIS2_PLACEMENT_3D('',#2902,#2903,#2904);
#2902 = CARTESIAN_POINT('',(8.75,-0.35,2.6));
#2903 = DIRECTION('',(-1.223490926498E-16,-0.999056158355,
    4.343722427631E-02));
#2904 = DIRECTION('',(-5.319525767383E-18,-4.343722427631E-02,
    -0.999056158355));
#2905 = ADVANCED_FACE('',(#2906),#2917,.F.);
#2906 = FACE_BOUND('',#2907,.F.);
#2907 = EDGE_LOOP('',(#2908,#2914,#2915,#2916));
#2908 = ORIENTED_EDGE('',*,*,#2909,.T.);
#2909 = EDGE_CURVE('',#1884,#2019,#2910,.T.);
#2910 = LINE('',#2911,#2912);
#2911 = CARTESIAN_POINT('',(10.75,-0.35,2.6));
#2912 = VECTOR('',#2913,1.);
#2913 = DIRECTION('',(-1.,1.224646799147E-16,0.));
#2914 = ORIENTED_EDGE('',*,*,#2026,.T.);
#2915 = ORIENTED_EDGE('',*,*,#819,.F.);
#2916 = ORIENTED_EDGE('',*,*,#1891,.F.);
#2917 = PLANE('',#2918);
#2918 = AXIS2_PLACEMENT_3D('',#2919,#2920,#2921);
#2919 = CARTESIAN_POINT('',(10.75,-0.35,2.6));
#2920 = DIRECTION('',(-1.223490926498E-16,-0.999056158355,
    4.343722427631E-02));
#2921 = DIRECTION('',(-5.319525767383E-18,-4.343722427631E-02,
    -0.999056158355));
#2922 = ADVANCED_FACE('',(#2923),#2941,.F.);
#2923 = FACE_BOUND('',#2924,.F.);
#2924 = EDGE_LOOP('',(#2925,#2926,#2934,#2940));
#2925 = ORIENTED_EDGE('',*,*,#1176,.T.);
#2926 = ORIENTED_EDGE('',*,*,#2927,.T.);
#2927 = EDGE_CURVE('',#1169,#2928,#2930,.T.);
#2928 = VERTEX_POINT('',#2929);
#2929 = CARTESIAN_POINT('',(9.2,-3.95,1.1));
#2930 = LINE('',#2931,#2932);
#2931 = CARTESIAN_POINT('',(9.2,-3.95,0.8));
#2932 = VECTOR('',#2933,1.);
#2933 = DIRECTION('',(1.359631073447E-32,1.110223024625E-16,1.));
#2934 = ORIENTED_EDGE('',*,*,#2935,.F.);
#2935 = EDGE_CURVE('',#1522,#2928,#2936,.T.);
#2936 = LINE('',#2937,#2938);
#2937 = CARTESIAN_POINT('',(9.2,-2.05,1.1));
#2938 = VECTOR('',#2939,1.);
#2939 = DIRECTION('',(-1.224646799147E-16,-1.,1.110223024625E-16));
#2940 = ORIENTED_EDGE('',*,*,#1521,.F.);
#2941 = PLANE('',#2942);
#2942 = AXIS2_PLACEMENT_3D('',#2943,#2944,#2945);
#2943 = CARTESIAN_POINT('',(9.2,-2.05,0.8));
#2944 = DIRECTION('',(-1.,1.224646799147E-16,0.));
#2945 = DIRECTION('',(1.359631073446E-32,1.110223024625E-16,1.));
#2946 = ADVANCED_FACE('',(#2947),#2965,.T.);
#2947 = FACE_BOUND('',#2948,.T.);
#2948 = EDGE_LOOP('',(#2949,#2957,#2963,#2964));
#2949 = ORIENTED_EDGE('',*,*,#2950,.T.);
#2950 = EDGE_CURVE('',#2928,#2951,#2953,.T.);
#2951 = VERTEX_POINT('',#2952);
#2952 = CARTESIAN_POINT('',(8.8,-3.95,1.1));
#2953 = LINE('',#2954,#2955);
#2954 = CARTESIAN_POINT('',(9.2,-3.95,1.1));
#2955 = VECTOR('',#2956,1.);
#2956 = DIRECTION('',(-1.,1.224646799147E-16,0.));
#2957 = ORIENTED_EDGE('',*,*,#2958,.T.);
#2958 = EDGE_CURVE('',#2951,#1161,#2959,.T.);
#2959 = LINE('',#2960,#2961);
#2960 = CARTESIAN_POINT('',(8.8,-3.95,1.1));
#2961 = VECTOR('',#2962,1.);
#2962 = DIRECTION('',(-1.359631073447E-32,-1.110223024625E-16,-1.));
#2963 = ORIENTED_EDGE('',*,*,#1168,.T.);
#2964 = ORIENTED_EDGE('',*,*,#2927,.T.);
#2965 = PLANE('',#2966);
#2966 = AXIS2_PLACEMENT_3D('',#2967,#2968,#2969);
#2967 = CARTESIAN_POINT('',(9.,-3.95,0.95));
#2968 = DIRECTION('',(-1.224646799147E-16,-1.,1.110223024625E-16));
#2969 = DIRECTION('',(-1.,1.224646799147E-16,0.));
#2970 = ADVANCED_FACE('',(#2971),#2982,.F.);
#2971 = FACE_BOUND('',#2972,.F.);
#2972 = EDGE_LOOP('',(#2973,#2979,#2980,#2981));
#2973 = ORIENTED_EDGE('',*,*,#2974,.T.);
#2974 = EDGE_CURVE('',#1641,#2951,#2975,.T.);
#2975 = LINE('',#2976,#2977);
#2976 = CARTESIAN_POINT('',(8.8,-2.05,1.1));
#2977 = VECTOR('',#2978,1.);
#2978 = DIRECTION('',(-1.224646799147E-16,-1.,1.110223024625E-16));
#2979 = ORIENTED_EDGE('',*,*,#2958,.T.);
#2980 = ORIENTED_EDGE('',*,*,#1160,.F.);
#2981 = ORIENTED_EDGE('',*,*,#1640,.F.);
#2982 = PLANE('',#2983);
#2983 = AXIS2_PLACEMENT_3D('',#2984,#2985,#2986);
#2984 = CARTESIAN_POINT('',(8.8,-2.05,1.1));
#2985 = DIRECTION('',(1.,-1.224646799147E-16,0.));
#2986 = DIRECTION('',(-1.359631073446E-32,-1.110223024625E-16,-1.));
#2987 = ADVANCED_FACE('',(#2988),#3006,.F.);
#2988 = FACE_BOUND('',#2989,.F.);
#2989 = EDGE_LOOP('',(#2990,#2991,#2999,#3005));
#2990 = ORIENTED_EDGE('',*,*,#1144,.T.);
#2991 = ORIENTED_EDGE('',*,*,#2992,.T.);
#2992 = EDGE_CURVE('',#1137,#2993,#2995,.T.);
#2993 = VERTEX_POINT('',#2994);
#2994 = CARTESIAN_POINT('',(7.2,-3.95,1.1));
#2995 = LINE('',#2996,#2997);
#2996 = CARTESIAN_POINT('',(7.2,-3.95,0.8));
#2997 = VECTOR('',#2998,1.);
#2998 = DIRECTION('',(1.359631073447E-32,1.110223024625E-16,1.));
#2999 = ORIENTED_EDGE('',*,*,#3000,.F.);
#3000 = EDGE_CURVE('',#1626,#2993,#3001,.T.);
#3001 = LINE('',#3002,#3003);
#3002 = CARTESIAN_POINT('',(7.2,-2.05,1.1));
#3003 = VECTOR('',#3004,1.);
#3004 = DIRECTION('',(-1.224646799147E-16,-1.,1.110223024625E-16));
#3005 = ORIENTED_EDGE('',*,*,#1633,.F.);
#3006 = PLANE('',#3007);
#3007 = AXIS2_PLACEMENT_3D('',#3008,#3009,#3010);
#3008 = CARTESIAN_POINT('',(7.2,-2.05,0.8));
#3009 = DIRECTION('',(-1.,1.224646799147E-16,0.));
#3010 = DIRECTION('',(1.359631073446E-32,1.110223024625E-16,1.));
#3011 = ADVANCED_FACE('',(#3012),#3030,.T.);
#3012 = FACE_BOUND('',#3013,.T.);
#3013 = EDGE_LOOP('',(#3014,#3022,#3028,#3029));
#3014 = ORIENTED_EDGE('',*,*,#3015,.T.);
#3015 = EDGE_CURVE('',#2993,#3016,#3018,.T.);
#3016 = VERTEX_POINT('',#3017);
#3017 = CARTESIAN_POINT('',(6.8,-3.95,1.1));
#3018 = LINE('',#3019,#3020);
#3019 = CARTESIAN_POINT('',(7.2,-3.95,1.1));
#3020 = VECTOR('',#3021,1.);
#3021 = DIRECTION('',(-1.,1.224646799147E-16,0.));
#3022 = ORIENTED_EDGE('',*,*,#3023,.T.);
#3023 = EDGE_CURVE('',#3016,#1129,#3024,.T.);
#3024 = LINE('',#3025,#3026);
#3025 = CARTESIAN_POINT('',(6.8,-3.95,1.1));
#3026 = VECTOR('',#3027,1.);
#3027 = DIRECTION('',(-1.359631073447E-32,-1.110223024625E-16,-1.));
#3028 = ORIENTED_EDGE('',*,*,#1136,.T.);
#3029 = ORIENTED_EDGE('',*,*,#2992,.T.);
#3030 = PLANE('',#3031);
#3031 = AXIS2_PLACEMENT_3D('',#3032,#3033,#3034);
#3032 = CARTESIAN_POINT('',(7.,-3.95,0.95));
#3033 = DIRECTION('',(-1.224646799147E-16,-1.,1.110223024625E-16));
#3034 = DIRECTION('',(-1.,1.224646799147E-16,0.));
#3035 = ADVANCED_FACE('',(#3036),#3047,.F.);
#3036 = FACE_BOUND('',#3037,.F.);
#3037 = EDGE_LOOP('',(#3038,#3044,#3045,#3046));
#3038 = ORIENTED_EDGE('',*,*,#3039,.T.);
#3039 = EDGE_CURVE('',#1618,#3016,#3040,.T.);
#3040 = LINE('',#3041,#3042);
#3041 = CARTESIAN_POINT('',(6.8,-2.05,1.1));
#3042 = VECTOR('',#3043,1.);
#3043 = DIRECTION('',(-1.224646799147E-16,-1.,1.110223024625E-16));
#3044 = ORIENTED_EDGE('',*,*,#3023,.T.);
#3045 = ORIENTED_EDGE('',*,*,#1128,.F.);
#3046 = ORIENTED_EDGE('',*,*,#1617,.F.);
#3047 = PLANE('',#3048);
#3048 = AXIS2_PLACEMENT_3D('',#3049,#3050,#3051);
#3049 = CARTESIAN_POINT('',(6.8,-2.05,1.1));
#3050 = DIRECTION('',(1.,-1.224646799147E-16,0.));
#3051 = DIRECTION('',(-1.359631073446E-32,-1.110223024625E-16,-1.));
#3052 = ADVANCED_FACE('',(#3053),#3071,.F.);
#3053 = FACE_BOUND('',#3054,.F.);
#3054 = EDGE_LOOP('',(#3055,#3056,#3064,#3070));
#3055 = ORIENTED_EDGE('',*,*,#1112,.T.);
#3056 = ORIENTED_EDGE('',*,*,#3057,.T.);
#3057 = EDGE_CURVE('',#1105,#3058,#3060,.T.);
#3058 = VERTEX_POINT('',#3059);
#3059 = CARTESIAN_POINT('',(5.2,-3.95,1.1));
#3060 = LINE('',#3061,#3062);
#3061 = CARTESIAN_POINT('',(5.2,-3.95,0.8));
#3062 = VECTOR('',#3063,1.);
#3063 = DIRECTION('',(1.359631073447E-32,1.110223024625E-16,1.));
#3064 = ORIENTED_EDGE('',*,*,#3065,.F.);
#3065 = EDGE_CURVE('',#1603,#3058,#3066,.T.);
#3066 = LINE('',#3067,#3068);
#3067 = CARTESIAN_POINT('',(5.2,-2.05,1.1));
#3068 = VECTOR('',#3069,1.);
#3069 = DIRECTION('',(-1.224646799147E-16,-1.,1.110223024625E-16));
#3070 = ORIENTED_EDGE('',*,*,#1610,.F.);
#3071 = PLANE('',#3072);
#3072 = AXIS2_PLACEMENT_3D('',#3073,#3074,#3075);
#3073 = CARTESIAN_POINT('',(5.2,-2.05,0.8));
#3074 = DIRECTION('',(-1.,1.224646799147E-16,0.));
#3075 = DIRECTION('',(1.359631073446E-32,1.110223024625E-16,1.));
#3076 = ADVANCED_FACE('',(#3077),#3095,.T.);
#3077 = FACE_BOUND('',#3078,.T.);
#3078 = EDGE_LOOP('',(#3079,#3087,#3093,#3094));
#3079 = ORIENTED_EDGE('',*,*,#3080,.T.);
#3080 = EDGE_CURVE('',#3058,#3081,#3083,.T.);
#3081 = VERTEX_POINT('',#3082);
#3082 = CARTESIAN_POINT('',(4.8,-3.95,1.1));
#3083 = LINE('',#3084,#3085);
#3084 = CARTESIAN_POINT('',(5.2,-3.95,1.1));
#3085 = VECTOR('',#3086,1.);
#3086 = DIRECTION('',(-1.,1.224646799147E-16,0.));
#3087 = ORIENTED_EDGE('',*,*,#3088,.T.);
#3088 = EDGE_CURVE('',#3081,#1097,#3089,.T.);
#3089 = LINE('',#3090,#3091);
#3090 = CARTESIAN_POINT('',(4.8,-3.95,1.1));
#3091 = VECTOR('',#3092,1.);
#3092 = DIRECTION('',(-1.359631073447E-32,-1.110223024625E-16,-1.));
#3093 = ORIENTED_EDGE('',*,*,#1104,.T.);
#3094 = ORIENTED_EDGE('',*,*,#3057,.T.);
#3095 = PLANE('',#3096);
#3096 = AXIS2_PLACEMENT_3D('',#3097,#3098,#3099);
#3097 = CARTESIAN_POINT('',(5.,-3.95,0.95));
#3098 = DIRECTION('',(-1.224646799147E-16,-1.,1.110223024625E-16));
#3099 = DIRECTION('',(-1.,1.224646799147E-16,0.));
#3100 = ADVANCED_FACE('',(#3101),#3112,.F.);
#3101 = FACE_BOUND('',#3102,.F.);
#3102 = EDGE_LOOP('',(#3103,#3109,#3110,#3111));
#3103 = ORIENTED_EDGE('',*,*,#3104,.T.);
#3104 = EDGE_CURVE('',#1595,#3081,#3105,.T.);
#3105 = LINE('',#3106,#3107);
#3106 = CARTESIAN_POINT('',(4.8,-2.05,1.1));
#3107 = VECTOR('',#3108,1.);
#3108 = DIRECTION('',(-1.224646799147E-16,-1.,1.110223024625E-16));
#3109 = ORIENTED_EDGE('',*,*,#3088,.T.);
#3110 = ORIENTED_EDGE('',*,*,#1096,.F.);
#3111 = ORIENTED_EDGE('',*,*,#1594,.F.);
#3112 = PLANE('',#3113);
#3113 = AXIS2_PLACEMENT_3D('',#3114,#3115,#3116);
#3114 = CARTESIAN_POINT('',(4.8,-2.05,1.1));
#3115 = DIRECTION('',(1.,-1.224646799147E-16,0.));
#3116 = DIRECTION('',(-1.359631073446E-32,-1.110223024625E-16,-1.));
#3117 = ADVANCED_FACE('',(#3118),#3136,.F.);
#3118 = FACE_BOUND('',#3119,.F.);
#3119 = EDGE_LOOP('',(#3120,#3121,#3129,#3135));
#3120 = ORIENTED_EDGE('',*,*,#1080,.T.);
#3121 = ORIENTED_EDGE('',*,*,#3122,.T.);
#3122 = EDGE_CURVE('',#1073,#3123,#3125,.T.);
#3123 = VERTEX_POINT('',#3124);
#3124 = CARTESIAN_POINT('',(3.2,-3.95,1.1));
#3125 = LINE('',#3126,#3127);
#3126 = CARTESIAN_POINT('',(3.2,-3.95,0.8));
#3127 = VECTOR('',#3128,1.);
#3128 = DIRECTION('',(1.359631073447E-32,1.110223024625E-16,1.));
#3129 = ORIENTED_EDGE('',*,*,#3130,.F.);
#3130 = EDGE_CURVE('',#1580,#3123,#3131,.T.);
#3131 = LINE('',#3132,#3133);
#3132 = CARTESIAN_POINT('',(3.2,-2.05,1.1));
#3133 = VECTOR('',#3134,1.);
#3134 = DIRECTION('',(-1.224646799147E-16,-1.,1.110223024625E-16));
#3135 = ORIENTED_EDGE('',*,*,#1587,.F.);
#3136 = PLANE('',#3137);
#3137 = AXIS2_PLACEMENT_3D('',#3138,#3139,#3140);
#3138 = CARTESIAN_POINT('',(3.2,-2.05,0.8));
#3139 = DIRECTION('',(-1.,1.224646799147E-16,0.));
#3140 = DIRECTION('',(1.359631073446E-32,1.110223024625E-16,1.));
#3141 = ADVANCED_FACE('',(#3142),#3160,.T.);
#3142 = FACE_BOUND('',#3143,.T.);
#3143 = EDGE_LOOP('',(#3144,#3152,#3158,#3159));
#3144 = ORIENTED_EDGE('',*,*,#3145,.T.);
#3145 = EDGE_CURVE('',#3123,#3146,#3148,.T.);
#3146 = VERTEX_POINT('',#3147);
#3147 = CARTESIAN_POINT('',(2.8,-3.95,1.1));
#3148 = LINE('',#3149,#3150);
#3149 = CARTESIAN_POINT('',(3.2,-3.95,1.1));
#3150 = VECTOR('',#3151,1.);
#3151 = DIRECTION('',(-1.,1.224646799147E-16,0.));
#3152 = ORIENTED_EDGE('',*,*,#3153,.T.);
#3153 = EDGE_CURVE('',#3146,#1065,#3154,.T.);
#3154 = LINE('',#3155,#3156);
#3155 = CARTESIAN_POINT('',(2.8,-3.95,1.1));
#3156 = VECTOR('',#3157,1.);
#3157 = DIRECTION('',(-1.359631073447E-32,-1.110223024625E-16,-1.));
#3158 = ORIENTED_EDGE('',*,*,#1072,.T.);
#3159 = ORIENTED_EDGE('',*,*,#3122,.T.);
#3160 = PLANE('',#3161);
#3161 = AXIS2_PLACEMENT_3D('',#3162,#3163,#3164);
#3162 = CARTESIAN_POINT('',(3.,-3.95,0.95));
#3163 = DIRECTION('',(-1.224646799147E-16,-1.,1.110223024625E-16));
#3164 = DIRECTION('',(-1.,1.224646799147E-16,0.));
#3165 = ADVANCED_FACE('',(#3166),#3177,.F.);
#3166 = FACE_BOUND('',#3167,.F.);
#3167 = EDGE_LOOP('',(#3168,#3174,#3175,#3176));
#3168 = ORIENTED_EDGE('',*,*,#3169,.T.);
#3169 = EDGE_CURVE('',#1572,#3146,#3170,.T.);
#3170 = LINE('',#3171,#3172);
#3171 = CARTESIAN_POINT('',(2.8,-2.05,1.1));
#3172 = VECTOR('',#3173,1.);
#3173 = DIRECTION('',(-1.224646799147E-16,-1.,1.110223024625E-16));
#3174 = ORIENTED_EDGE('',*,*,#3153,.T.);
#3175 = ORIENTED_EDGE('',*,*,#1064,.F.);
#3176 = ORIENTED_EDGE('',*,*,#1571,.F.);
#3177 = PLANE('',#3178);
#3178 = AXIS2_PLACEMENT_3D('',#3179,#3180,#3181);
#3179 = CARTESIAN_POINT('',(2.8,-2.05,1.1));
#3180 = DIRECTION('',(1.,-1.224646799147E-16,0.));
#3181 = DIRECTION('',(-1.359631073446E-32,-1.110223024625E-16,-1.));
#3182 = ADVANCED_FACE('',(#3183),#3201,.F.);
#3183 = FACE_BOUND('',#3184,.F.);
#3184 = EDGE_LOOP('',(#3185,#3186,#3194,#3200));
#3185 = ORIENTED_EDGE('',*,*,#1048,.T.);
#3186 = ORIENTED_EDGE('',*,*,#3187,.T.);
#3187 = EDGE_CURVE('',#1041,#3188,#3190,.T.);
#3188 = VERTEX_POINT('',#3189);
#3189 = CARTESIAN_POINT('',(1.2,-3.95,1.1));
#3190 = LINE('',#3191,#3192);
#3191 = CARTESIAN_POINT('',(1.2,-3.95,0.8));
#3192 = VECTOR('',#3193,1.);
#3193 = DIRECTION('',(1.359631073447E-32,1.110223024625E-16,1.));
#3194 = ORIENTED_EDGE('',*,*,#3195,.F.);
#3195 = EDGE_CURVE('',#1557,#3188,#3196,.T.);
#3196 = LINE('',#3197,#3198);
#3197 = CARTESIAN_POINT('',(1.2,-2.05,1.1));
#3198 = VECTOR('',#3199,1.);
#3199 = DIRECTION('',(-1.224646799147E-16,-1.,1.110223024625E-16));
#3200 = ORIENTED_EDGE('',*,*,#1564,.F.);
#3201 = PLANE('',#3202);
#3202 = AXIS2_PLACEMENT_3D('',#3203,#3204,#3205);
#3203 = CARTESIAN_POINT('',(1.2,-2.05,0.8));
#3204 = DIRECTION('',(-1.,1.224646799147E-16,0.));
#3205 = DIRECTION('',(1.359631073446E-32,1.110223024625E-16,1.));
#3206 = ADVANCED_FACE('',(#3207),#3225,.T.);
#3207 = FACE_BOUND('',#3208,.T.);
#3208 = EDGE_LOOP('',(#3209,#3217,#3223,#3224));
#3209 = ORIENTED_EDGE('',*,*,#3210,.T.);
#3210 = EDGE_CURVE('',#3188,#3211,#3213,.T.);
#3211 = VERTEX_POINT('',#3212);
#3212 = CARTESIAN_POINT('',(0.8,-3.95,1.1));
#3213 = LINE('',#3214,#3215);
#3214 = CARTESIAN_POINT('',(1.2,-3.95,1.1));
#3215 = VECTOR('',#3216,1.);
#3216 = DIRECTION('',(-1.,1.224646799147E-16,0.));
#3217 = ORIENTED_EDGE('',*,*,#3218,.T.);
#3218 = EDGE_CURVE('',#3211,#1033,#3219,.T.);
#3219 = LINE('',#3220,#3221);
#3220 = CARTESIAN_POINT('',(0.8,-3.95,1.1));
#3221 = VECTOR('',#3222,1.);
#3222 = DIRECTION('',(-1.359631073447E-32,-1.110223024625E-16,-1.));
#3223 = ORIENTED_EDGE('',*,*,#1040,.T.);
#3224 = ORIENTED_EDGE('',*,*,#3187,.T.);
#3225 = PLANE('',#3226);
#3226 = AXIS2_PLACEMENT_3D('',#3227,#3228,#3229);
#3227 = CARTESIAN_POINT('',(1.,-3.95,0.95));
#3228 = DIRECTION('',(-1.224646799147E-16,-1.,1.110223024625E-16));
#3229 = DIRECTION('',(-1.,1.224646799147E-16,0.));
#3230 = ADVANCED_FACE('',(#3231),#3242,.F.);
#3231 = FACE_BOUND('',#3232,.F.);
#3232 = EDGE_LOOP('',(#3233,#3239,#3240,#3241));
#3233 = ORIENTED_EDGE('',*,*,#3234,.T.);
#3234 = EDGE_CURVE('',#1549,#3211,#3235,.T.);
#3235 = LINE('',#3236,#3237);
#3236 = CARTESIAN_POINT('',(0.8,-2.05,1.1));
#3237 = VECTOR('',#3238,1.);
#3238 = DIRECTION('',(-1.224646799147E-16,-1.,1.110223024625E-16));
#3239 = ORIENTED_EDGE('',*,*,#3218,.T.);
#3240 = ORIENTED_EDGE('',*,*,#1032,.F.);
#3241 = ORIENTED_EDGE('',*,*,#1548,.F.);
#3242 = PLANE('',#3243);
#3243 = AXIS2_PLACEMENT_3D('',#3244,#3245,#3246);
#3244 = CARTESIAN_POINT('',(0.8,-2.05,1.1));
#3245 = DIRECTION('',(1.,-1.224646799147E-16,0.));
#3246 = DIRECTION('',(-1.359631073446E-32,-1.110223024625E-16,-1.));
#3247 = ADVANCED_FACE('',(#3248),#3259,.T.);
#3248 = FACE_BOUND('',#3249,.T.);
#3249 = EDGE_LOOP('',(#3250,#3251,#3252,#3253));
#3250 = ORIENTED_EDGE('',*,*,#1242,.T.);
#3251 = ORIENTED_EDGE('',*,*,#2684,.T.);
#3252 = ORIENTED_EDGE('',*,*,#1323,.T.);
#3253 = ORIENTED_EDGE('',*,*,#3254,.F.);
#3254 = EDGE_CURVE('',#1234,#1315,#3255,.T.);
#3255 = LINE('',#3256,#3257);
#3256 = CARTESIAN_POINT('',(11.95,-4.65,3.3));
#3257 = VECTOR('',#3258,1.);
#3258 = DIRECTION('',(-1.,1.224646799147E-16,0.));
#3259 = PLANE('',#3260);
#3260 = AXIS2_PLACEMENT_3D('',#3261,#3262,#3263);
#3261 = CARTESIAN_POINT('',(11.95,-6.25,3.3));
#3262 = DIRECTION('',(-1.359631073447E-32,-1.110223024625E-16,-1.));
#3263 = DIRECTION('',(1.224646799147E-16,1.,-1.110223024625E-16));
#3264 = ADVANCED_FACE('',(#3265),#3271,.F.);
#3265 = FACE_BOUND('',#3266,.F.);
#3266 = EDGE_LOOP('',(#3267,#3268,#3269,#3270));
#3267 = ORIENTED_EDGE('',*,*,#1257,.T.);
#3268 = ORIENTED_EDGE('',*,*,#1314,.T.);
#3269 = ORIENTED_EDGE('',*,*,#3254,.F.);
#3270 = ORIENTED_EDGE('',*,*,#1233,.F.);
#3271 = CYLINDRICAL_SURFACE('',#3272,0.4);
#3272 = AXIS2_PLACEMENT_3D('',#3273,#3274,#3275);
#3273 = CARTESIAN_POINT('',(11.95,-4.65,2.9));
#3274 = DIRECTION('',(1.,-1.224646799147E-16,0.));
#3275 = DIRECTION('',(1.359631073446E-32,1.110223024625E-16,1.));
#3276 = ADVANCED_FACE('',(#3277),#3288,.F.);
#3277 = FACE_BOUND('',#3278,.F.);
#3278 = EDGE_LOOP('',(#3279,#3280,#3281,#3287));
#3279 = ORIENTED_EDGE('',*,*,#2755,.T.);
#3280 = ORIENTED_EDGE('',*,*,#1290,.T.);
#3281 = ORIENTED_EDGE('',*,*,#3282,.F.);
#3282 = EDGE_CURVE('',#1386,#1291,#3283,.T.);
#3283 = LINE('',#3284,#3285);
#3284 = CARTESIAN_POINT('',(-0.95,1.35,3.2));
#3285 = VECTOR('',#3286,1.);
#3286 = DIRECTION('',(-1.,1.224646799147E-16,0.));
#3287 = ORIENTED_EDGE('',*,*,#1385,.F.);
#3288 = PLANE('',#3289);
#3289 = AXIS2_PLACEMENT_3D('',#3290,#3291,#3292);
#3290 = CARTESIAN_POINT('',(-0.95,-0.25,4.1));
#3291 = DIRECTION('',(-6.003968578616E-17,-0.490261239633,
    -0.871575537124));
#3292 = DIRECTION('',(1.067372191754E-16,0.871575537124,-0.490261239633)
  );
#3293 = ADVANCED_FACE('',(#3294),#3300,.F.);
#3294 = FACE_BOUND('',#3295,.F.);
#3295 = EDGE_LOOP('',(#3296,#3297,#3298,#3299));
#3296 = ORIENTED_EDGE('',*,*,#3282,.T.);
#3297 = ORIENTED_EDGE('',*,*,#1298,.T.);
#3298 = ORIENTED_EDGE('',*,*,#1353,.F.);
#3299 = ORIENTED_EDGE('',*,*,#1393,.F.);
#3300 = PLANE('',#3301);
#3301 = AXIS2_PLACEMENT_3D('',#3302,#3303,#3304);
#3302 = CARTESIAN_POINT('',(-0.95,1.35,3.2));
#3303 = DIRECTION('',(-1.224646799147E-16,-1.,0.));
#3304 = DIRECTION('',(-0.,0.,-1.));
#3305 = ADVANCED_FACE('',(#3306),#3324,.F.);
#3306 = FACE_BOUND('',#3307,.F.);
#3307 = EDGE_LOOP('',(#3308,#3309,#3315,#3316,#3322,#3323));
#3308 = ORIENTED_EDGE('',*,*,#2746,.F.);
#3309 = ORIENTED_EDGE('',*,*,#3310,.F.);
#3310 = EDGE_CURVE('',#2584,#2747,#3311,.T.);
#3311 = LINE('',#3312,#3313);
#3312 = CARTESIAN_POINT('',(-1.4,-4.45,4.8));
#3313 = VECTOR('',#3314,1.);
#3314 = DIRECTION('',(1.224646799147E-16,1.,-1.110223024625E-16));
#3315 = ORIENTED_EDGE('',*,*,#2591,.F.);
#3316 = ORIENTED_EDGE('',*,*,#3317,.T.);
#3317 = EDGE_CURVE('',#2592,#2670,#3318,.T.);
#3318 = LINE('',#3319,#3320);
#3319 = CARTESIAN_POINT('',(-0.95,-4.45,4.8));
#3320 = VECTOR('',#3321,1.);
#3321 = DIRECTION('',(-1.224646799147E-16,-1.,1.110223024625E-16));
#3322 = ORIENTED_EDGE('',*,*,#2677,.T.);
#3323 = ORIENTED_EDGE('',*,*,#1339,.F.);
#3324 = PLANE('',#3325);
#3325 = AXIS2_PLACEMENT_3D('',#3326,#3327,#3328);
#3326 = CARTESIAN_POINT('',(11.95,-0.25,4.8));
#3327 = DIRECTION('',(-1.359631073447E-32,-1.110223024625E-16,-1.));
#3328 = DIRECTION('',(-1.,1.224646799147E-16,6.927121900793E-45));
#3329 = ADVANCED_FACE('',(#3330),#3342,.T.);
#3330 = FACE_BOUND('',#3331,.T.);
#3331 = EDGE_LOOP('',(#3332,#3333,#3334,#3335,#3341));
#3332 = ORIENTED_EDGE('',*,*,#3310,.F.);
#3333 = ORIENTED_EDGE('',*,*,#2583,.T.);
#3334 = ORIENTED_EDGE('',*,*,#1468,.T.);
#3335 = ORIENTED_EDGE('',*,*,#3336,.T.);
#3336 = EDGE_CURVE('',#1469,#2772,#3337,.T.);
#3337 = LINE('',#3338,#3339);
#3338 = CARTESIAN_POINT('',(-1.4,-4.45,4.2));
#3339 = VECTOR('',#3340,1.);
#3340 = DIRECTION('',(1.224646799147E-16,1.,-1.110223024625E-16));
#3341 = ORIENTED_EDGE('',*,*,#2779,.F.);
#3342 = PLANE('',#3343);
#3343 = AXIS2_PLACEMENT_3D('',#3344,#3345,#3346);
#3344 = CARTESIAN_POINT('',(-1.4,-4.45,4.8));
#3345 = DIRECTION('',(1.,-1.224646799147E-16,0.));
#3346 = DIRECTION('',(1.224646799147E-16,1.,-1.110223024625E-16));
#3347 = ADVANCED_FACE('',(#3348),#3354,.F.);
#3348 = FACE_BOUND('',#3349,.F.);
#3349 = EDGE_LOOP('',(#3350,#3351,#3352,#3353));
#3350 = ORIENTED_EDGE('',*,*,#2935,.T.);
#3351 = ORIENTED_EDGE('',*,*,#2950,.T.);
#3352 = ORIENTED_EDGE('',*,*,#2974,.F.);
#3353 = ORIENTED_EDGE('',*,*,#1648,.F.);
#3354 = PLANE('',#3355);
#3355 = AXIS2_PLACEMENT_3D('',#3356,#3357,#3358);
#3356 = CARTESIAN_POINT('',(9.2,-2.05,1.1));
#3357 = DIRECTION('',(-1.359631073447E-32,-1.110223024625E-16,-1.));
#3358 = DIRECTION('',(-1.,1.224646799147E-16,6.927121900793E-45));
#3359 = ADVANCED_FACE('',(#3360),#3366,.F.);
#3360 = FACE_BOUND('',#3361,.F.);
#3361 = EDGE_LOOP('',(#3362,#3363,#3364,#3365));
#3362 = ORIENTED_EDGE('',*,*,#3000,.T.);
#3363 = ORIENTED_EDGE('',*,*,#3015,.T.);
#3364 = ORIENTED_EDGE('',*,*,#3039,.F.);
#3365 = ORIENTED_EDGE('',*,*,#1625,.F.);
#3366 = PLANE('',#3367);
#3367 = AXIS2_PLACEMENT_3D('',#3368,#3369,#3370);
#3368 = CARTESIAN_POINT('',(7.2,-2.05,1.1));
#3369 = DIRECTION('',(-1.359631073447E-32,-1.110223024625E-16,-1.));
#3370 = DIRECTION('',(-1.,1.224646799147E-16,6.927121900793E-45));
#3371 = ADVANCED_FACE('',(#3372),#3380,.F.);
#3372 = FACE_BOUND('',#3373,.F.);
#3373 = EDGE_LOOP('',(#3374,#3375,#3376,#3377,#3378,#3379));
#3374 = ORIENTED_EDGE('',*,*,#1539,.T.);
#3375 = ORIENTED_EDGE('',*,*,#3336,.T.);
#3376 = ORIENTED_EDGE('',*,*,#2771,.T.);
#3377 = ORIENTED_EDGE('',*,*,#2794,.F.);
#3378 = ORIENTED_EDGE('',*,*,#2527,.T.);
#3379 = ORIENTED_EDGE('',*,*,#2559,.T.);
#3380 = PLANE('',#3381);
#3381 = AXIS2_PLACEMENT_3D('',#3382,#3383,#3384);
#3382 = CARTESIAN_POINT('',(-0.9,-2.35,4.2));
#3383 = DIRECTION('',(-1.359631073447E-32,-1.110223024625E-16,-1.));
#3384 = DIRECTION('',(-1.224646799147E-16,-1.,1.110223024625E-16));
#3385 = ADVANCED_FACE('',(#3386),#3392,.F.);
#3386 = FACE_BOUND('',#3387,.F.);
#3387 = EDGE_LOOP('',(#3388,#3389,#3390,#3391));
#3388 = ORIENTED_EDGE('',*,*,#3065,.T.);
#3389 = ORIENTED_EDGE('',*,*,#3080,.T.);
#3390 = ORIENTED_EDGE('',*,*,#3104,.F.);
#3391 = ORIENTED_EDGE('',*,*,#1602,.F.);
#3392 = PLANE('',#3393);
#3393 = AXIS2_PLACEMENT_3D('',#3394,#3395,#3396);
#3394 = CARTESIAN_POINT('',(5.2,-2.05,1.1));
#3395 = DIRECTION('',(-1.359631073447E-32,-1.110223024625E-16,-1.));
#3396 = DIRECTION('',(-1.,1.224646799147E-16,6.927121900793E-45));
#3397 = ADVANCED_FACE('',(#3398),#3404,.F.);
#3398 = FACE_BOUND('',#3399,.F.);
#3399 = EDGE_LOOP('',(#3400,#3401,#3402,#3403));
#3400 = ORIENTED_EDGE('',*,*,#3195,.T.);
#3401 = ORIENTED_EDGE('',*,*,#3210,.T.);
#3402 = ORIENTED_EDGE('',*,*,#3234,.F.);
#3403 = ORIENTED_EDGE('',*,*,#1556,.F.);
#3404 = PLANE('',#3405);
#3405 = AXIS2_PLACEMENT_3D('',#3406,#3407,#3408);
#3406 = CARTESIAN_POINT('',(1.2,-2.05,1.1));
#3407 = DIRECTION('',(-1.359631073447E-32,-1.110223024625E-16,-1.));
#3408 = DIRECTION('',(-1.,1.224646799147E-16,6.927121900793E-45));
#3409 = ADVANCED_FACE('',(#3410),#3416,.F.);
#3410 = FACE_BOUND('',#3411,.F.);
#3411 = EDGE_LOOP('',(#3412,#3413,#3414,#3415));
#3412 = ORIENTED_EDGE('',*,*,#3130,.T.);
#3413 = ORIENTED_EDGE('',*,*,#3145,.T.);
#3414 = ORIENTED_EDGE('',*,*,#3169,.F.);
#3415 = ORIENTED_EDGE('',*,*,#1579,.F.);
#3416 = PLANE('',#3417);
#3417 = AXIS2_PLACEMENT_3D('',#3418,#3419,#3420);
#3418 = CARTESIAN_POINT('',(3.2,-2.05,1.1));
#3419 = DIRECTION('',(-1.359631073447E-32,-1.110223024625E-16,-1.));
#3420 = DIRECTION('',(-1.,1.224646799147E-16,6.927121900793E-45));
#3421 = ADVANCED_FACE('',(#3422),#3447,.T.);
#3422 = FACE_BOUND('',#3423,.T.);
#3423 = EDGE_LOOP('',(#3424,#3434,#3440,#3441));
#3424 = ORIENTED_EDGE('',*,*,#3425,.T.);
#3425 = EDGE_CURVE('',#3426,#3428,#3430,.T.);
#3426 = VERTEX_POINT('',#3427);
#3427 = CARTESIAN_POINT('',(3.75,-5.55,2.85));
#3428 = VERTEX_POINT('',#3429);
#3429 = CARTESIAN_POINT('',(3.75,-5.55,3.35));
#3430 = LINE('',#3431,#3432);
#3431 = CARTESIAN_POINT('',(3.75,-5.55,2.85));
#3432 = VECTOR('',#3433,1.);
#3433 = DIRECTION('',(0.,0.,1.));
#3434 = ORIENTED_EDGE('',*,*,#3435,.T.);
#3435 = EDGE_CURVE('',#3428,#1657,#3436,.T.);
#3436 = LINE('',#3437,#3438);
#3437 = CARTESIAN_POINT('',(3.75,-5.75,3.35));
#3438 = VECTOR('',#3439,1.);
#3439 = DIRECTION('',(1.224646799147E-16,1.,0.));
#3440 = ORIENTED_EDGE('',*,*,#1656,.T.);
#3441 = ORIENTED_EDGE('',*,*,#3442,.T.);
#3442 = EDGE_CURVE('',#1659,#3426,#3443,.T.);
#3443 = LINE('',#3444,#3445);
#3444 = CARTESIAN_POINT('',(3.75,-0.25,2.85));
#3445 = VECTOR('',#3446,1.);
#3446 = DIRECTION('',(-1.224646799147E-16,-1.,0.));
#3447 = PLANE('',#3448);
#3448 = AXIS2_PLACEMENT_3D('',#3449,#3450,#3451);
#3449 = CARTESIAN_POINT('',(3.75,-1.401960784314,1.323039215686));
#3450 = DIRECTION('',(-1.,1.224646799147E-16,0.));
#3451 = DIRECTION('',(0.,0.,1.));
#3452 = ADVANCED_FACE('',(#3453),#3471,.F.);
#3453 = FACE_BOUND('',#3454,.F.);
#3454 = EDGE_LOOP('',(#3455,#3463,#3464,#3465));
#3455 = ORIENTED_EDGE('',*,*,#3456,.F.);
#3456 = EDGE_CURVE('',#1675,#3457,#3459,.T.);
#3457 = VERTEX_POINT('',#3458);
#3458 = CARTESIAN_POINT('',(4.25,-5.55,2.85));
#3459 = LINE('',#3460,#3461);
#3460 = CARTESIAN_POINT('',(4.25,-0.25,2.85));
#3461 = VECTOR('',#3462,1.);
#3462 = DIRECTION('',(-1.224646799147E-16,-1.,0.));
#3463 = ORIENTED_EDGE('',*,*,#1682,.T.);
#3464 = ORIENTED_EDGE('',*,*,#3442,.T.);
#3465 = ORIENTED_EDGE('',*,*,#3466,.F.);
#3466 = EDGE_CURVE('',#3457,#3426,#3467,.T.);
#3467 = LINE('',#3468,#3469);
#3468 = CARTESIAN_POINT('',(4.25,-5.55,2.85));
#3469 = VECTOR('',#3470,1.);
#3470 = DIRECTION('',(-1.,1.224646799147E-16,0.));
#3471 = PLANE('',#3472);
#3472 = AXIS2_PLACEMENT_3D('',#3473,#3474,#3475);
#3473 = CARTESIAN_POINT('',(4.25,-0.25,2.85));
#3474 = DIRECTION('',(0.,0.,1.));
#3475 = DIRECTION('',(-1.224646799147E-16,-1.,0.));
#3476 = ADVANCED_FACE('',(#3477),#3495,.F.);
#3477 = FACE_BOUND('',#3478,.F.);
#3478 = EDGE_LOOP('',(#3479,#3487,#3493,#3494));
#3479 = ORIENTED_EDGE('',*,*,#3480,.T.);
#3480 = EDGE_CURVE('',#3457,#3481,#3483,.T.);
#3481 = VERTEX_POINT('',#3482);
#3482 = CARTESIAN_POINT('',(4.25,-5.55,3.35));
#3483 = LINE('',#3484,#3485);
#3484 = CARTESIAN_POINT('',(4.25,-5.55,2.85));
#3485 = VECTOR('',#3486,1.);
#3486 = DIRECTION('',(0.,0.,1.));
#3487 = ORIENTED_EDGE('',*,*,#3488,.T.);
#3488 = EDGE_CURVE('',#3481,#1667,#3489,.T.);
#3489 = LINE('',#3490,#3491);
#3490 = CARTESIAN_POINT('',(4.25,-5.75,3.35));
#3491 = VECTOR('',#3492,1.);
#3492 = DIRECTION('',(1.224646799147E-16,1.,0.));
#3493 = ORIENTED_EDGE('',*,*,#1674,.T.);
#3494 = ORIENTED_EDGE('',*,*,#3456,.T.);
#3495 = PLANE('',#3496);
#3496 = AXIS2_PLACEMENT_3D('',#3497,#3498,#3499);
#3497 = CARTESIAN_POINT('',(4.25,-1.401960784314,1.323039215686));
#3498 = DIRECTION('',(-1.,1.224646799147E-16,0.));
#3499 = DIRECTION('',(0.,0.,1.));
#3500 = ADVANCED_FACE('',(#3501),#3512,.F.);
#3501 = FACE_BOUND('',#3502,.F.);
#3502 = EDGE_LOOP('',(#3503,#3504,#3510,#3511));
#3503 = ORIENTED_EDGE('',*,*,#3488,.F.);
#3504 = ORIENTED_EDGE('',*,*,#3505,.T.);
#3505 = EDGE_CURVE('',#3481,#3428,#3506,.T.);
#3506 = LINE('',#3507,#3508);
#3507 = CARTESIAN_POINT('',(4.25,-5.55,3.35));
#3508 = VECTOR('',#3509,1.);
#3509 = DIRECTION('',(-1.,1.224646799147E-16,0.));
#3510 = ORIENTED_EDGE('',*,*,#3435,.T.);
#3511 = ORIENTED_EDGE('',*,*,#1666,.T.);
#3512 = PLANE('',#3513);
#3513 = AXIS2_PLACEMENT_3D('',#3514,#3515,#3516);
#3514 = CARTESIAN_POINT('',(4.25,-5.75,3.35));
#3515 = DIRECTION('',(-0.,0.,-1.));
#3516 = DIRECTION('',(1.224646799147E-16,1.,0.));
#3517 = ADVANCED_FACE('',(#3518),#3543,.T.);
#3518 = FACE_BOUND('',#3519,.T.);
#3519 = EDGE_LOOP('',(#3520,#3530,#3536,#3537));
#3520 = ORIENTED_EDGE('',*,*,#3521,.T.);
#3521 = EDGE_CURVE('',#3522,#3524,#3526,.T.);
#3522 = VERTEX_POINT('',#3523);
#3523 = CARTESIAN_POINT('',(1.75,-5.55,2.85));
#3524 = VERTEX_POINT('',#3525);
#3525 = CARTESIAN_POINT('',(1.75,-5.55,3.35));
#3526 = LINE('',#3527,#3528);
#3527 = CARTESIAN_POINT('',(1.75,-5.55,2.85));
#3528 = VECTOR('',#3529,1.);
#3529 = DIRECTION('',(0.,0.,1.));
#3530 = ORIENTED_EDGE('',*,*,#3531,.T.);
#3531 = EDGE_CURVE('',#3524,#1691,#3532,.T.);
#3532 = LINE('',#3533,#3534);
#3533 = CARTESIAN_POINT('',(1.75,-5.75,3.35));
#3534 = VECTOR('',#3535,1.);
#3535 = DIRECTION('',(1.224646799147E-16,1.,0.));
#3536 = ORIENTED_EDGE('',*,*,#1690,.T.);
#3537 = ORIENTED_EDGE('',*,*,#3538,.T.);
#3538 = EDGE_CURVE('',#1693,#3522,#3539,.T.);
#3539 = LINE('',#3540,#3541);
#3540 = CARTESIAN_POINT('',(1.75,-0.25,2.85));
#3541 = VECTOR('',#3542,1.);
#3542 = DIRECTION('',(-1.224646799147E-16,-1.,0.));
#3543 = PLANE('',#3544);
#3544 = AXIS2_PLACEMENT_3D('',#3545,#3546,#3547);
#3545 = CARTESIAN_POINT('',(1.75,-1.401960784314,1.323039215686));
#3546 = DIRECTION('',(-1.,1.224646799147E-16,0.));
#3547 = DIRECTION('',(0.,0.,1.));
#3548 = ADVANCED_FACE('',(#3549),#3567,.F.);
#3549 = FACE_BOUND('',#3550,.F.);
#3550 = EDGE_LOOP('',(#3551,#3559,#3560,#3561));
#3551 = ORIENTED_EDGE('',*,*,#3552,.F.);
#3552 = EDGE_CURVE('',#1709,#3553,#3555,.T.);
#3553 = VERTEX_POINT('',#3554);
#3554 = CARTESIAN_POINT('',(2.25,-5.55,2.85));
#3555 = LINE('',#3556,#3557);
#3556 = CARTESIAN_POINT('',(2.25,-0.25,2.85));
#3557 = VECTOR('',#3558,1.);
#3558 = DIRECTION('',(-1.224646799147E-16,-1.,0.));
#3559 = ORIENTED_EDGE('',*,*,#1716,.T.);
#3560 = ORIENTED_EDGE('',*,*,#3538,.T.);
#3561 = ORIENTED_EDGE('',*,*,#3562,.F.);
#3562 = EDGE_CURVE('',#3553,#3522,#3563,.T.);
#3563 = LINE('',#3564,#3565);
#3564 = CARTESIAN_POINT('',(2.25,-5.55,2.85));
#3565 = VECTOR('',#3566,1.);
#3566 = DIRECTION('',(-1.,1.224646799147E-16,0.));
#3567 = PLANE('',#3568);
#3568 = AXIS2_PLACEMENT_3D('',#3569,#3570,#3571);
#3569 = CARTESIAN_POINT('',(2.25,-0.25,2.85));
#3570 = DIRECTION('',(0.,0.,1.));
#3571 = DIRECTION('',(-1.224646799147E-16,-1.,0.));
#3572 = ADVANCED_FACE('',(#3573),#3591,.F.);
#3573 = FACE_BOUND('',#3574,.F.);
#3574 = EDGE_LOOP('',(#3575,#3583,#3589,#3590));
#3575 = ORIENTED_EDGE('',*,*,#3576,.T.);
#3576 = EDGE_CURVE('',#3553,#3577,#3579,.T.);
#3577 = VERTEX_POINT('',#3578);
#3578 = CARTESIAN_POINT('',(2.25,-5.55,3.35));
#3579 = LINE('',#3580,#3581);
#3580 = CARTESIAN_POINT('',(2.25,-5.55,2.85));
#3581 = VECTOR('',#3582,1.);
#3582 = DIRECTION('',(0.,0.,1.));
#3583 = ORIENTED_EDGE('',*,*,#3584,.T.);
#3584 = EDGE_CURVE('',#3577,#1701,#3585,.T.);
#3585 = LINE('',#3586,#3587);
#3586 = CARTESIAN_POINT('',(2.25,-5.75,3.35));
#3587 = VECTOR('',#3588,1.);
#3588 = DIRECTION('',(1.224646799147E-16,1.,0.));
#3589 = ORIENTED_EDGE('',*,*,#1708,.T.);
#3590 = ORIENTED_EDGE('',*,*,#3552,.T.);
#3591 = PLANE('',#3592);
#3592 = AXIS2_PLACEMENT_3D('',#3593,#3594,#3595);
#3593 = CARTESIAN_POINT('',(2.25,-1.401960784314,1.323039215686));
#3594 = DIRECTION('',(-1.,1.224646799147E-16,0.));
#3595 = DIRECTION('',(0.,0.,1.));
#3596 = ADVANCED_FACE('',(#3597),#3608,.F.);
#3597 = FACE_BOUND('',#3598,.F.);
#3598 = EDGE_LOOP('',(#3599,#3600,#3606,#3607));
#3599 = ORIENTED_EDGE('',*,*,#3584,.F.);
#3600 = ORIENTED_EDGE('',*,*,#3601,.T.);
#3601 = EDGE_CURVE('',#3577,#3524,#3602,.T.);
#3602 = LINE('',#3603,#3604);
#3603 = CARTESIAN_POINT('',(2.25,-5.55,3.35));
#3604 = VECTOR('',#3605,1.);
#3605 = DIRECTION('',(-1.,1.224646799147E-16,0.));
#3606 = ORIENTED_EDGE('',*,*,#3531,.T.);
#3607 = ORIENTED_EDGE('',*,*,#1700,.T.);
#3608 = PLANE('',#3609);
#3609 = AXIS2_PLACEMENT_3D('',#3610,#3611,#3612);
#3610 = CARTESIAN_POINT('',(2.25,-5.75,3.35));
#3611 = DIRECTION('',(-0.,0.,-1.));
#3612 = DIRECTION('',(1.224646799147E-16,1.,0.));
#3613 = ADVANCED_FACE('',(#3614),#3639,.F.);
#3614 = FACE_BOUND('',#3615,.F.);
#3615 = EDGE_LOOP('',(#3616,#3624,#3632,#3638));
#3616 = ORIENTED_EDGE('',*,*,#3617,.F.);
#3617 = EDGE_CURVE('',#3618,#1727,#3620,.T.);
#3618 = VERTEX_POINT('',#3619);
#3619 = CARTESIAN_POINT('',(0.25,-5.55,3.35));
#3620 = LINE('',#3621,#3622);
#3621 = CARTESIAN_POINT('',(0.25,-5.75,3.35));
#3622 = VECTOR('',#3623,1.);
#3623 = DIRECTION('',(1.224646799147E-16,1.,0.));
#3624 = ORIENTED_EDGE('',*,*,#3625,.T.);
#3625 = EDGE_CURVE('',#3618,#3626,#3628,.T.);
#3626 = VERTEX_POINT('',#3627);
#3627 = CARTESIAN_POINT('',(-0.25,-5.55,3.35));
#3628 = LINE('',#3629,#3630);
#3629 = CARTESIAN_POINT('',(0.25,-5.55,3.35));
#3630 = VECTOR('',#3631,1.);
#3631 = DIRECTION('',(-1.,1.224646799147E-16,0.));
#3632 = ORIENTED_EDGE('',*,*,#3633,.T.);
#3633 = EDGE_CURVE('',#3626,#1725,#3634,.T.);
#3634 = LINE('',#3635,#3636);
#3635 = CARTESIAN_POINT('',(-0.25,-5.75,3.35));
#3636 = VECTOR('',#3637,1.);
#3637 = DIRECTION('',(1.224646799147E-16,1.,0.));
#3638 = ORIENTED_EDGE('',*,*,#1724,.T.);
#3639 = PLANE('',#3640);
#3640 = AXIS2_PLACEMENT_3D('',#3641,#3642,#3643);
#3641 = CARTESIAN_POINT('',(0.25,-5.75,3.35));
#3642 = DIRECTION('',(-0.,0.,-1.));
#3643 = DIRECTION('',(1.224646799147E-16,1.,0.));
#3644 = ADVANCED_FACE('',(#3645),#3663,.T.);
#3645 = FACE_BOUND('',#3646,.T.);
#3646 = EDGE_LOOP('',(#3647,#3655,#3656,#3657));
#3647 = ORIENTED_EDGE('',*,*,#3648,.T.);
#3648 = EDGE_CURVE('',#3649,#3626,#3651,.T.);
#3649 = VERTEX_POINT('',#3650);
#3650 = CARTESIAN_POINT('',(-0.25,-5.55,2.85));
#3651 = LINE('',#3652,#3653);
#3652 = CARTESIAN_POINT('',(-0.25,-5.55,2.85));
#3653 = VECTOR('',#3654,1.);
#3654 = DIRECTION('',(0.,0.,1.));
#3655 = ORIENTED_EDGE('',*,*,#3633,.T.);
#3656 = ORIENTED_EDGE('',*,*,#1750,.T.);
#3657 = ORIENTED_EDGE('',*,*,#3658,.T.);
#3658 = EDGE_CURVE('',#1743,#3649,#3659,.T.);
#3659 = LINE('',#3660,#3661);
#3660 = CARTESIAN_POINT('',(-0.25,-0.25,2.85));
#3661 = VECTOR('',#3662,1.);
#3662 = DIRECTION('',(-1.224646799147E-16,-1.,0.));
#3663 = PLANE('',#3664);
#3664 = AXIS2_PLACEMENT_3D('',#3665,#3666,#3667);
#3665 = CARTESIAN_POINT('',(-0.25,-1.421959173294,1.302213422577));
#3666 = DIRECTION('',(-1.,1.224646799147E-16,0.));
#3667 = DIRECTION('',(0.,0.,1.));
#3668 = ADVANCED_FACE('',(#3669),#3687,.F.);
#3669 = FACE_BOUND('',#3670,.F.);
#3670 = EDGE_LOOP('',(#3671,#3679,#3680,#3681));
#3671 = ORIENTED_EDGE('',*,*,#3672,.F.);
#3672 = EDGE_CURVE('',#1735,#3673,#3675,.T.);
#3673 = VERTEX_POINT('',#3674);
#3674 = CARTESIAN_POINT('',(0.25,-5.55,2.85));
#3675 = LINE('',#3676,#3677);
#3676 = CARTESIAN_POINT('',(0.25,-0.25,2.85));
#3677 = VECTOR('',#3678,1.);
#3678 = DIRECTION('',(-1.224646799147E-16,-1.,0.));
#3679 = ORIENTED_EDGE('',*,*,#1742,.T.);
#3680 = ORIENTED_EDGE('',*,*,#3658,.T.);
#3681 = ORIENTED_EDGE('',*,*,#3682,.F.);
#3682 = EDGE_CURVE('',#3673,#3649,#3683,.T.);
#3683 = LINE('',#3684,#3685);
#3684 = CARTESIAN_POINT('',(0.25,-5.55,2.85));
#3685 = VECTOR('',#3686,1.);
#3686 = DIRECTION('',(-1.,1.224646799147E-16,0.));
#3687 = PLANE('',#3688);
#3688 = AXIS2_PLACEMENT_3D('',#3689,#3690,#3691);
#3689 = CARTESIAN_POINT('',(0.25,-0.25,2.85));
#3690 = DIRECTION('',(0.,0.,1.));
#3691 = DIRECTION('',(-1.224646799147E-16,-1.,0.));
#3692 = ADVANCED_FACE('',(#3693),#3704,.F.);
#3693 = FACE_BOUND('',#3694,.F.);
#3694 = EDGE_LOOP('',(#3695,#3701,#3702,#3703));
#3695 = ORIENTED_EDGE('',*,*,#3696,.T.);
#3696 = EDGE_CURVE('',#3673,#3618,#3697,.T.);
#3697 = LINE('',#3698,#3699);
#3698 = CARTESIAN_POINT('',(0.25,-5.55,2.85));
#3699 = VECTOR('',#3700,1.);
#3700 = DIRECTION('',(0.,0.,1.));
#3701 = ORIENTED_EDGE('',*,*,#3617,.T.);
#3702 = ORIENTED_EDGE('',*,*,#1734,.T.);
#3703 = ORIENTED_EDGE('',*,*,#3672,.T.);
#3704 = PLANE('',#3705);
#3705 = AXIS2_PLACEMENT_3D('',#3706,#3707,#3708);
#3706 = CARTESIAN_POINT('',(0.25,-1.421959173294,1.302213422577));
#3707 = DIRECTION('',(-1.,1.224646799147E-16,0.));
#3708 = DIRECTION('',(0.,0.,1.));
#3709 = ADVANCED_FACE('',(#3710),#3735,.F.);
#3710 = FACE_BOUND('',#3711,.F.);
#3711 = EDGE_LOOP('',(#3712,#3720,#3728,#3734));
#3712 = ORIENTED_EDGE('',*,*,#3713,.F.);
#3713 = EDGE_CURVE('',#3714,#1761,#3716,.T.);
#3714 = VERTEX_POINT('',#3715);
#3715 = CARTESIAN_POINT('',(6.25,-5.55,3.35));
#3716 = LINE('',#3717,#3718);
#3717 = CARTESIAN_POINT('',(6.25,-5.75,3.35));
#3718 = VECTOR('',#3719,1.);
#3719 = DIRECTION('',(1.224646799147E-16,1.,0.));
#3720 = ORIENTED_EDGE('',*,*,#3721,.T.);
#3721 = EDGE_CURVE('',#3714,#3722,#3724,.T.);
#3722 = VERTEX_POINT('',#3723);
#3723 = CARTESIAN_POINT('',(5.75,-5.55,3.35));
#3724 = LINE('',#3725,#3726);
#3725 = CARTESIAN_POINT('',(6.25,-5.55,3.35));
#3726 = VECTOR('',#3727,1.);
#3727 = DIRECTION('',(-1.,1.224646799147E-16,0.));
#3728 = ORIENTED_EDGE('',*,*,#3729,.T.);
#3729 = EDGE_CURVE('',#3722,#1759,#3730,.T.);
#3730 = LINE('',#3731,#3732);
#3731 = CARTESIAN_POINT('',(5.75,-5.75,3.35));
#3732 = VECTOR('',#3733,1.);
#3733 = DIRECTION('',(1.224646799147E-16,1.,0.));
#3734 = ORIENTED_EDGE('',*,*,#1758,.T.);
#3735 = PLANE('',#3736);
#3736 = AXIS2_PLACEMENT_3D('',#3737,#3738,#3739);
#3737 = CARTESIAN_POINT('',(6.25,-5.75,3.35));
#3738 = DIRECTION('',(-0.,0.,-1.));
#3739 = DIRECTION('',(1.224646799147E-16,1.,0.));
#3740 = ADVANCED_FACE('',(#3741),#3759,.T.);
#3741 = FACE_BOUND('',#3742,.T.);
#3742 = EDGE_LOOP('',(#3743,#3751,#3752,#3753));
#3743 = ORIENTED_EDGE('',*,*,#3744,.T.);
#3744 = EDGE_CURVE('',#3745,#3722,#3747,.T.);
#3745 = VERTEX_POINT('',#3746);
#3746 = CARTESIAN_POINT('',(5.75,-5.55,2.85));
#3747 = LINE('',#3748,#3749);
#3748 = CARTESIAN_POINT('',(5.75,-5.55,2.85));
#3749 = VECTOR('',#3750,1.);
#3750 = DIRECTION('',(0.,0.,1.));
#3751 = ORIENTED_EDGE('',*,*,#3729,.T.);
#3752 = ORIENTED_EDGE('',*,*,#1784,.T.);
#3753 = ORIENTED_EDGE('',*,*,#3754,.T.);
#3754 = EDGE_CURVE('',#1777,#3745,#3755,.T.);
#3755 = LINE('',#3756,#3757);
#3756 = CARTESIAN_POINT('',(5.75,-0.25,2.85));
#3757 = VECTOR('',#3758,1.);
#3758 = DIRECTION('',(-1.224646799147E-16,-1.,0.));
#3759 = PLANE('',#3760);
#3760 = AXIS2_PLACEMENT_3D('',#3761,#3762,#3763);
#3761 = CARTESIAN_POINT('',(5.75,-1.401960784314,1.323039215686));
#3762 = DIRECTION('',(-1.,1.224646799147E-16,0.));
#3763 = DIRECTION('',(0.,0.,1.));
#3764 = ADVANCED_FACE('',(#3765),#3783,.F.);
#3765 = FACE_BOUND('',#3766,.F.);
#3766 = EDGE_LOOP('',(#3767,#3775,#3776,#3777));
#3767 = ORIENTED_EDGE('',*,*,#3768,.F.);
#3768 = EDGE_CURVE('',#1769,#3769,#3771,.T.);
#3769 = VERTEX_POINT('',#3770);
#3770 = CARTESIAN_POINT('',(6.25,-5.55,2.85));
#3771 = LINE('',#3772,#3773);
#3772 = CARTESIAN_POINT('',(6.25,-0.25,2.85));
#3773 = VECTOR('',#3774,1.);
#3774 = DIRECTION('',(-1.224646799147E-16,-1.,0.));
#3775 = ORIENTED_EDGE('',*,*,#1776,.T.);
#3776 = ORIENTED_EDGE('',*,*,#3754,.T.);
#3777 = ORIENTED_EDGE('',*,*,#3778,.F.);
#3778 = EDGE_CURVE('',#3769,#3745,#3779,.T.);
#3779 = LINE('',#3780,#3781);
#3780 = CARTESIAN_POINT('',(6.25,-5.55,2.85));
#3781 = VECTOR('',#3782,1.);
#3782 = DIRECTION('',(-1.,1.224646799147E-16,0.));
#3783 = PLANE('',#3784);
#3784 = AXIS2_PLACEMENT_3D('',#3785,#3786,#3787);
#3785 = CARTESIAN_POINT('',(6.25,-0.25,2.85));
#3786 = DIRECTION('',(0.,0.,1.));
#3787 = DIRECTION('',(-1.224646799147E-16,-1.,0.));
#3788 = ADVANCED_FACE('',(#3789),#3800,.F.);
#3789 = FACE_BOUND('',#3790,.F.);
#3790 = EDGE_LOOP('',(#3791,#3797,#3798,#3799));
#3791 = ORIENTED_EDGE('',*,*,#3792,.T.);
#3792 = EDGE_CURVE('',#3769,#3714,#3793,.T.);
#3793 = LINE('',#3794,#3795);
#3794 = CARTESIAN_POINT('',(6.25,-5.55,2.85));
#3795 = VECTOR('',#3796,1.);
#3796 = DIRECTION('',(0.,0.,1.));
#3797 = ORIENTED_EDGE('',*,*,#3713,.T.);
#3798 = ORIENTED_EDGE('',*,*,#1768,.T.);
#3799 = ORIENTED_EDGE('',*,*,#3768,.T.);
#3800 = PLANE('',#3801);
#3801 = AXIS2_PLACEMENT_3D('',#3802,#3803,#3804);
#3802 = CARTESIAN_POINT('',(6.25,-1.401960784314,1.323039215686));
#3803 = DIRECTION('',(-1.,1.224646799147E-16,0.));
#3804 = DIRECTION('',(0.,0.,1.));
#3805 = ADVANCED_FACE('',(#3806),#3831,.F.);
#3806 = FACE_BOUND('',#3807,.F.);
#3807 = EDGE_LOOP('',(#3808,#3816,#3824,#3830));
#3808 = ORIENTED_EDGE('',*,*,#3809,.F.);
#3809 = EDGE_CURVE('',#3810,#1795,#3812,.T.);
#3810 = VERTEX_POINT('',#3811);
#3811 = CARTESIAN_POINT('',(10.25,-5.55,3.35));
#3812 = LINE('',#3813,#3814);
#3813 = CARTESIAN_POINT('',(10.25,-5.75,3.35));
#3814 = VECTOR('',#3815,1.);
#3815 = DIRECTION('',(1.224646799147E-16,1.,0.));
#3816 = ORIENTED_EDGE('',*,*,#3817,.T.);
#3817 = EDGE_CURVE('',#3810,#3818,#3820,.T.);
#3818 = VERTEX_POINT('',#3819);
#3819 = CARTESIAN_POINT('',(9.75,-5.55,3.35));
#3820 = LINE('',#3821,#3822);
#3821 = CARTESIAN_POINT('',(10.25,-5.55,3.35));
#3822 = VECTOR('',#3823,1.);
#3823 = DIRECTION('',(-1.,1.224646799147E-16,0.));
#3824 = ORIENTED_EDGE('',*,*,#3825,.T.);
#3825 = EDGE_CURVE('',#3818,#1793,#3826,.T.);
#3826 = LINE('',#3827,#3828);
#3827 = CARTESIAN_POINT('',(9.75,-5.75,3.35));
#3828 = VECTOR('',#3829,1.);
#3829 = DIRECTION('',(1.224646799147E-16,1.,0.));
#3830 = ORIENTED_EDGE('',*,*,#1792,.T.);
#3831 = PLANE('',#3832);
#3832 = AXIS2_PLACEMENT_3D('',#3833,#3834,#3835);
#3833 = CARTESIAN_POINT('',(10.25,-5.75,3.35));
#3834 = DIRECTION('',(-0.,0.,-1.));
#3835 = DIRECTION('',(1.224646799147E-16,1.,0.));
#3836 = ADVANCED_FACE('',(#3837),#3855,.T.);
#3837 = FACE_BOUND('',#3838,.T.);
#3838 = EDGE_LOOP('',(#3839,#3847,#3848,#3849));
#3839 = ORIENTED_EDGE('',*,*,#3840,.T.);
#3840 = EDGE_CURVE('',#3841,#3818,#3843,.T.);
#3841 = VERTEX_POINT('',#3842);
#3842 = CARTESIAN_POINT('',(9.75,-5.55,2.85));
#3843 = LINE('',#3844,#3845);
#3844 = CARTESIAN_POINT('',(9.75,-5.55,2.85));
#3845 = VECTOR('',#3846,1.);
#3846 = DIRECTION('',(0.,0.,1.));
#3847 = ORIENTED_EDGE('',*,*,#3825,.T.);
#3848 = ORIENTED_EDGE('',*,*,#1818,.T.);
#3849 = ORIENTED_EDGE('',*,*,#3850,.T.);
#3850 = EDGE_CURVE('',#1811,#3841,#3851,.T.);
#3851 = LINE('',#3852,#3853);
#3852 = CARTESIAN_POINT('',(9.75,-0.25,2.85));
#3853 = VECTOR('',#3854,1.);
#3854 = DIRECTION('',(-1.224646799147E-16,-1.,0.));
#3855 = PLANE('',#3856);
#3856 = AXIS2_PLACEMENT_3D('',#3857,#3858,#3859);
#3857 = CARTESIAN_POINT('',(9.75,-1.421959173294,1.302213422577));
#3858 = DIRECTION('',(-1.,1.224646799147E-16,0.));
#3859 = DIRECTION('',(0.,0.,1.));
#3860 = ADVANCED_FACE('',(#3861),#3879,.F.);
#3861 = FACE_BOUND('',#3862,.F.);
#3862 = EDGE_LOOP('',(#3863,#3871,#3872,#3873));
#3863 = ORIENTED_EDGE('',*,*,#3864,.F.);
#3864 = EDGE_CURVE('',#1803,#3865,#3867,.T.);
#3865 = VERTEX_POINT('',#3866);
#3866 = CARTESIAN_POINT('',(10.25,-5.55,2.85));
#3867 = LINE('',#3868,#3869);
#3868 = CARTESIAN_POINT('',(10.25,-0.25,2.85));
#3869 = VECTOR('',#3870,1.);
#3870 = DIRECTION('',(-1.224646799147E-16,-1.,0.));
#3871 = ORIENTED_EDGE('',*,*,#1810,.T.);
#3872 = ORIENTED_EDGE('',*,*,#3850,.T.);
#3873 = ORIENTED_EDGE('',*,*,#3874,.F.);
#3874 = EDGE_CURVE('',#3865,#3841,#3875,.T.);
#3875 = LINE('',#3876,#3877);
#3876 = CARTESIAN_POINT('',(10.25,-5.55,2.85));
#3877 = VECTOR('',#3878,1.);
#3878 = DIRECTION('',(-1.,1.224646799147E-16,0.));
#3879 = PLANE('',#3880);
#3880 = AXIS2_PLACEMENT_3D('',#3881,#3882,#3883);
#3881 = CARTESIAN_POINT('',(10.25,-0.25,2.85));
#3882 = DIRECTION('',(0.,0.,1.));
#3883 = DIRECTION('',(-1.224646799147E-16,-1.,0.));
#3884 = ADVANCED_FACE('',(#3885),#3896,.F.);
#3885 = FACE_BOUND('',#3886,.F.);
#3886 = EDGE_LOOP('',(#3887,#3893,#3894,#3895));
#3887 = ORIENTED_EDGE('',*,*,#3888,.T.);
#3888 = EDGE_CURVE('',#3865,#3810,#3889,.T.);
#3889 = LINE('',#3890,#3891);
#3890 = CARTESIAN_POINT('',(10.25,-5.55,2.85));
#3891 = VECTOR('',#3892,1.);
#3892 = DIRECTION('',(0.,0.,1.));
#3893 = ORIENTED_EDGE('',*,*,#3809,.T.);
#3894 = ORIENTED_EDGE('',*,*,#1802,.T.);
#3895 = ORIENTED_EDGE('',*,*,#3864,.T.);
#3896 = PLANE('',#3897);
#3897 = AXIS2_PLACEMENT_3D('',#3898,#3899,#3900);
#3898 = CARTESIAN_POINT('',(10.25,-1.421959173294,1.302213422577));
#3899 = DIRECTION('',(-1.,1.224646799147E-16,0.));
#3900 = DIRECTION('',(0.,0.,1.));
#3901 = ADVANCED_FACE('',(#3902),#3927,.T.);
#3902 = FACE_BOUND('',#3903,.T.);
#3903 = EDGE_LOOP('',(#3904,#3914,#3920,#3921));
#3904 = ORIENTED_EDGE('',*,*,#3905,.T.);
#3905 = EDGE_CURVE('',#3906,#3908,#3910,.T.);
#3906 = VERTEX_POINT('',#3907);
#3907 = CARTESIAN_POINT('',(7.75,-5.55,2.85));
#3908 = VERTEX_POINT('',#3909);
#3909 = CARTESIAN_POINT('',(7.75,-5.55,3.35));
#3910 = LINE('',#3911,#3912);
#3911 = CARTESIAN_POINT('',(7.75,-5.55,2.85));
#3912 = VECTOR('',#3913,1.);
#3913 = DIRECTION('',(0.,0.,1.));
#3914 = ORIENTED_EDGE('',*,*,#3915,.T.);
#3915 = EDGE_CURVE('',#3908,#1827,#3916,.T.);
#3916 = LINE('',#3917,#3918);
#3917 = CARTESIAN_POINT('',(7.75,-5.75,3.35));
#3918 = VECTOR('',#3919,1.);
#3919 = DIRECTION('',(1.224646799147E-16,1.,0.));
#3920 = ORIENTED_EDGE('',*,*,#1826,.T.);
#3921 = ORIENTED_EDGE('',*,*,#3922,.T.);
#3922 = EDGE_CURVE('',#1829,#3906,#3923,.T.);
#3923 = LINE('',#3924,#3925);
#3924 = CARTESIAN_POINT('',(7.75,-0.25,2.85));
#3925 = VECTOR('',#3926,1.);
#3926 = DIRECTION('',(-1.224646799147E-16,-1.,0.));
#3927 = PLANE('',#3928);
#3928 = AXIS2_PLACEMENT_3D('',#3929,#3930,#3931);
#3929 = CARTESIAN_POINT('',(7.75,-1.401960784314,1.323039215686));
#3930 = DIRECTION('',(-1.,1.224646799147E-16,0.));
#3931 = DIRECTION('',(0.,0.,1.));
#3932 = ADVANCED_FACE('',(#3933),#3951,.F.);
#3933 = FACE_BOUND('',#3934,.F.);
#3934 = EDGE_LOOP('',(#3935,#3943,#3944,#3945));
#3935 = ORIENTED_EDGE('',*,*,#3936,.F.);
#3936 = EDGE_CURVE('',#1845,#3937,#3939,.T.);
#3937 = VERTEX_POINT('',#3938);
#3938 = CARTESIAN_POINT('',(8.25,-5.55,2.85));
#3939 = LINE('',#3940,#3941);
#3940 = CARTESIAN_POINT('',(8.25,-0.25,2.85));
#3941 = VECTOR('',#3942,1.);
#3942 = DIRECTION('',(-1.224646799147E-16,-1.,0.));
#3943 = ORIENTED_EDGE('',*,*,#1852,.T.);
#3944 = ORIENTED_EDGE('',*,*,#3922,.T.);
#3945 = ORIENTED_EDGE('',*,*,#3946,.F.);
#3946 = EDGE_CURVE('',#3937,#3906,#3947,.T.);
#3947 = LINE('',#3948,#3949);
#3948 = CARTESIAN_POINT('',(8.25,-5.55,2.85));
#3949 = VECTOR('',#3950,1.);
#3950 = DIRECTION('',(-1.,1.224646799147E-16,0.));
#3951 = PLANE('',#3952);
#3952 = AXIS2_PLACEMENT_3D('',#3953,#3954,#3955);
#3953 = CARTESIAN_POINT('',(8.25,-0.25,2.85));
#3954 = DIRECTION('',(0.,0.,1.));
#3955 = DIRECTION('',(-1.224646799147E-16,-1.,0.));
#3956 = ADVANCED_FACE('',(#3957),#3975,.F.);
#3957 = FACE_BOUND('',#3958,.F.);
#3958 = EDGE_LOOP('',(#3959,#3967,#3973,#3974));
#3959 = ORIENTED_EDGE('',*,*,#3960,.T.);
#3960 = EDGE_CURVE('',#3937,#3961,#3963,.T.);
#3961 = VERTEX_POINT('',#3962);
#3962 = CARTESIAN_POINT('',(8.25,-5.55,3.35));
#3963 = LINE('',#3964,#3965);
#3964 = CARTESIAN_POINT('',(8.25,-5.55,2.85));
#3965 = VECTOR('',#3966,1.);
#3966 = DIRECTION('',(0.,0.,1.));
#3967 = ORIENTED_EDGE('',*,*,#3968,.T.);
#3968 = EDGE_CURVE('',#3961,#1837,#3969,.T.);
#3969 = LINE('',#3970,#3971);
#3970 = CARTESIAN_POINT('',(8.25,-5.75,3.35));
#3971 = VECTOR('',#3972,1.);
#3972 = DIRECTION('',(1.224646799147E-16,1.,0.));
#3973 = ORIENTED_EDGE('',*,*,#1844,.T.);
#3974 = ORIENTED_EDGE('',*,*,#3936,.T.);
#3975 = PLANE('',#3976);
#3976 = AXIS2_PLACEMENT_3D('',#3977,#3978,#3979);
#3977 = CARTESIAN_POINT('',(8.25,-1.401960784314,1.323039215686));
#3978 = DIRECTION('',(-1.,1.224646799147E-16,0.));
#3979 = DIRECTION('',(0.,0.,1.));
#3980 = ADVANCED_FACE('',(#3981),#3992,.F.);
#3981 = FACE_BOUND('',#3982,.F.);
#3982 = EDGE_LOOP('',(#3983,#3984,#3990,#3991));
#3983 = ORIENTED_EDGE('',*,*,#3968,.F.);
#3984 = ORIENTED_EDGE('',*,*,#3985,.T.);
#3985 = EDGE_CURVE('',#3961,#3908,#3986,.T.);
#3986 = LINE('',#3987,#3988);
#3987 = CARTESIAN_POINT('',(8.25,-5.55,3.35));
#3988 = VECTOR('',#3989,1.);
#3989 = DIRECTION('',(-1.,1.224646799147E-16,0.));
#3990 = ORIENTED_EDGE('',*,*,#3915,.T.);
#3991 = ORIENTED_EDGE('',*,*,#1836,.T.);
#3992 = PLANE('',#3993);
#3993 = AXIS2_PLACEMENT_3D('',#3994,#3995,#3996);
#3994 = CARTESIAN_POINT('',(8.25,-5.75,3.35));
#3995 = DIRECTION('',(-0.,0.,-1.));
#3996 = DIRECTION('',(1.224646799147E-16,1.,0.));
#3997 = ADVANCED_FACE('',(#3998,#4004),#4038,.F.);
#3998 = FACE_BOUND('',#3999,.F.);
#3999 = EDGE_LOOP('',(#4000,#4001,#4002,#4003));
#4000 = ORIENTED_EDGE('',*,*,#2000,.T.);
#4001 = ORIENTED_EDGE('',*,*,#2018,.T.);
#4002 = ORIENTED_EDGE('',*,*,#2909,.F.);
#4003 = ORIENTED_EDGE('',*,*,#1883,.F.);
#4004 = FACE_BOUND('',#4005,.F.);
#4005 = EDGE_LOOP('',(#4006,#4016,#4024,#4032));
#4006 = ORIENTED_EDGE('',*,*,#4007,.T.);
#4007 = EDGE_CURVE('',#4008,#4010,#4012,.T.);
#4008 = VERTEX_POINT('',#4009);
#4009 = CARTESIAN_POINT('',(9.75,-0.35,3.35));
#4010 = VERTEX_POINT('',#4011);
#4011 = CARTESIAN_POINT('',(10.25,-0.35,3.35));
#4012 = LINE('',#4013,#4014);
#4013 = CARTESIAN_POINT('',(10.5,-0.35,3.35));
#4014 = VECTOR('',#4015,1.);
#4015 = DIRECTION('',(1.,-1.224646799147E-16,0.));
#4016 = ORIENTED_EDGE('',*,*,#4017,.T.);
#4017 = EDGE_CURVE('',#4010,#4018,#4020,.T.);
#4018 = VERTEX_POINT('',#4019);
#4019 = CARTESIAN_POINT('',(10.25,-0.35,2.85));
#4020 = LINE('',#4021,#4022);
#4021 = CARTESIAN_POINT('',(10.25,-0.35,2.451106711288));
#4022 = VECTOR('',#4023,1.);
#4023 = DIRECTION('',(-1.359631073447E-32,-1.110223024625E-16,-1.));
#4024 = ORIENTED_EDGE('',*,*,#4025,.T.);
#4025 = EDGE_CURVE('',#4018,#4026,#4028,.T.);
#4026 = VERTEX_POINT('',#4027);
#4027 = CARTESIAN_POINT('',(9.75,-0.35,2.85));
#4028 = LINE('',#4029,#4030);
#4029 = CARTESIAN_POINT('',(10.5,-0.35,2.85));
#4030 = VECTOR('',#4031,1.);
#4031 = DIRECTION('',(-1.,1.224646799147E-16,0.));
#4032 = ORIENTED_EDGE('',*,*,#4033,.F.);
#4033 = EDGE_CURVE('',#4008,#4026,#4034,.T.);
#4034 = LINE('',#4035,#4036);
#4035 = CARTESIAN_POINT('',(9.75,-0.35,2.451106711288));
#4036 = VECTOR('',#4037,1.);
#4037 = DIRECTION('',(-1.359631073447E-32,-1.110223024625E-16,-1.));
#4038 = PLANE('',#4039);
#4039 = AXIS2_PLACEMENT_3D('',#4040,#4041,#4042);
#4040 = CARTESIAN_POINT('',(10.75,-0.35,3.6));
#4041 = DIRECTION('',(-1.224646799147E-16,-1.,1.110223024625E-16));
#4042 = DIRECTION('',(-1.359631073447E-32,-1.110223024625E-16,-1.));
#4043 = ADVANCED_FACE('',(#4044,#4050),#4084,.F.);
#4044 = FACE_BOUND('',#4045,.F.);
#4045 = EDGE_LOOP('',(#4046,#4047,#4048,#4049));
#4046 = ORIENTED_EDGE('',*,*,#2106,.T.);
#4047 = ORIENTED_EDGE('',*,*,#2123,.T.);
#4048 = ORIENTED_EDGE('',*,*,#2892,.F.);
#4049 = ORIENTED_EDGE('',*,*,#2073,.F.);
#4050 = FACE_BOUND('',#4051,.F.);
#4051 = EDGE_LOOP('',(#4052,#4062,#4070,#4078));
#4052 = ORIENTED_EDGE('',*,*,#4053,.F.);
#4053 = EDGE_CURVE('',#4054,#4056,#4058,.T.);
#4054 = VERTEX_POINT('',#4055);
#4055 = CARTESIAN_POINT('',(7.75,-0.35,3.35));
#4056 = VERTEX_POINT('',#4057);
#4057 = CARTESIAN_POINT('',(7.75,-0.35,2.85));
#4058 = LINE('',#4059,#4060);
#4059 = CARTESIAN_POINT('',(7.75,-0.35,2.461519607843));
#4060 = VECTOR('',#4061,1.);
#4061 = DIRECTION('',(-1.359631073447E-32,-1.110223024625E-16,-1.));
#4062 = ORIENTED_EDGE('',*,*,#4063,.T.);
#4063 = EDGE_CURVE('',#4054,#4064,#4066,.T.);
#4064 = VERTEX_POINT('',#4065);
#4065 = CARTESIAN_POINT('',(8.25,-0.35,3.35));
#4066 = LINE('',#4067,#4068);
#4067 = CARTESIAN_POINT('',(8.5,-0.35,3.35));
#4068 = VECTOR('',#4069,1.);
#4069 = DIRECTION('',(1.,-1.224646799147E-16,0.));
#4070 = ORIENTED_EDGE('',*,*,#4071,.T.);
#4071 = EDGE_CURVE('',#4064,#4072,#4074,.T.);
#4072 = VERTEX_POINT('',#4073);
#4073 = CARTESIAN_POINT('',(8.25,-0.35,2.85));
#4074 = LINE('',#4075,#4076);
#4075 = CARTESIAN_POINT('',(8.25,-0.35,2.461519607843));
#4076 = VECTOR('',#4077,1.);
#4077 = DIRECTION('',(-1.359631073447E-32,-1.110223024625E-16,-1.));
#4078 = ORIENTED_EDGE('',*,*,#4079,.T.);
#4079 = EDGE_CURVE('',#4072,#4056,#4080,.T.);
#4080 = LINE('',#4081,#4082);
#4081 = CARTESIAN_POINT('',(8.5,-0.35,2.85));
#4082 = VECTOR('',#4083,1.);
#4083 = DIRECTION('',(-1.,1.224646799147E-16,0.));
#4084 = PLANE('',#4085);
#4085 = AXIS2_PLACEMENT_3D('',#4086,#4087,#4088);
#4086 = CARTESIAN_POINT('',(8.75,-0.35,3.6));
#4087 = DIRECTION('',(-1.224646799147E-16,-1.,1.110223024625E-16));
#4088 = DIRECTION('',(-1.359631073447E-32,-1.110223024625E-16,-1.));
#4089 = ADVANCED_FACE('',(#4090,#4096),#4130,.F.);
#4090 = FACE_BOUND('',#4091,.F.);
#4091 = EDGE_LOOP('',(#4092,#4093,#4094,#4095));
#4092 = ORIENTED_EDGE('',*,*,#2211,.T.);
#4093 = ORIENTED_EDGE('',*,*,#2228,.T.);
#4094 = ORIENTED_EDGE('',*,*,#2875,.F.);
#4095 = ORIENTED_EDGE('',*,*,#2178,.F.);
#4096 = FACE_BOUND('',#4097,.F.);
#4097 = EDGE_LOOP('',(#4098,#4108,#4116,#4124));
#4098 = ORIENTED_EDGE('',*,*,#4099,.T.);
#4099 = EDGE_CURVE('',#4100,#4102,#4104,.T.);
#4100 = VERTEX_POINT('',#4101);
#4101 = CARTESIAN_POINT('',(5.75,-0.35,3.35));
#4102 = VERTEX_POINT('',#4103);
#4103 = CARTESIAN_POINT('',(6.25,-0.35,3.35));
#4104 = LINE('',#4105,#4106);
#4105 = CARTESIAN_POINT('',(6.5,-0.35,3.35));
#4106 = VECTOR('',#4107,1.);
#4107 = DIRECTION('',(1.,-1.224646799147E-16,0.));
#4108 = ORIENTED_EDGE('',*,*,#4109,.T.);
#4109 = EDGE_CURVE('',#4102,#4110,#4112,.T.);
#4110 = VERTEX_POINT('',#4111);
#4111 = CARTESIAN_POINT('',(6.25,-0.35,2.85));
#4112 = LINE('',#4113,#4114);
#4113 = CARTESIAN_POINT('',(6.25,-0.35,2.461519607843));
#4114 = VECTOR('',#4115,1.);
#4115 = DIRECTION('',(-1.359631073447E-32,-1.110223024625E-16,-1.));
#4116 = ORIENTED_EDGE('',*,*,#4117,.T.);
#4117 = EDGE_CURVE('',#4110,#4118,#4120,.T.);
#4118 = VERTEX_POINT('',#4119);
#4119 = CARTESIAN_POINT('',(5.75,-0.35,2.85));
#4120 = LINE('',#4121,#4122);
#4121 = CARTESIAN_POINT('',(6.5,-0.35,2.85));
#4122 = VECTOR('',#4123,1.);
#4123 = DIRECTION('',(-1.,1.224646799147E-16,0.));
#4124 = ORIENTED_EDGE('',*,*,#4125,.F.);
#4125 = EDGE_CURVE('',#4100,#4118,#4126,.T.);
#4126 = LINE('',#4127,#4128);
#4127 = CARTESIAN_POINT('',(5.75,-0.35,2.461519607843));
#4128 = VECTOR('',#4129,1.);
#4129 = DIRECTION('',(-1.359631073447E-32,-1.110223024625E-16,-1.));
#4130 = PLANE('',#4131);
#4131 = AXIS2_PLACEMENT_3D('',#4132,#4133,#4134);
#4132 = CARTESIAN_POINT('',(6.75,-0.35,3.6));
#4133 = DIRECTION('',(-1.224646799147E-16,-1.,1.110223024625E-16));
#4134 = DIRECTION('',(-1.359631073447E-32,-1.110223024625E-16,-1.));
#4135 = ADVANCED_FACE('',(#4136,#4142),#4176,.F.);
#4136 = FACE_BOUND('',#4137,.F.);
#4137 = EDGE_LOOP('',(#4138,#4139,#4140,#4141));
#4138 = ORIENTED_EDGE('',*,*,#2316,.T.);
#4139 = ORIENTED_EDGE('',*,*,#2333,.T.);
#4140 = ORIENTED_EDGE('',*,*,#2858,.F.);
#4141 = ORIENTED_EDGE('',*,*,#2283,.F.);
#4142 = FACE_BOUND('',#4143,.F.);
#4143 = EDGE_LOOP('',(#4144,#4154,#4162,#4170));
#4144 = ORIENTED_EDGE('',*,*,#4145,.F.);
#4145 = EDGE_CURVE('',#4146,#4148,#4150,.T.);
#4146 = VERTEX_POINT('',#4147);
#4147 = CARTESIAN_POINT('',(3.75,-0.35,3.35));
#4148 = VERTEX_POINT('',#4149);
#4149 = CARTESIAN_POINT('',(3.75,-0.35,2.85));
#4150 = LINE('',#4151,#4152);
#4151 = CARTESIAN_POINT('',(3.75,-0.35,2.461519607843));
#4152 = VECTOR('',#4153,1.);
#4153 = DIRECTION('',(-1.359631073447E-32,-1.110223024625E-16,-1.));
#4154 = ORIENTED_EDGE('',*,*,#4155,.T.);
#4155 = EDGE_CURVE('',#4146,#4156,#4158,.T.);
#4156 = VERTEX_POINT('',#4157);
#4157 = CARTESIAN_POINT('',(4.25,-0.35,3.35));
#4158 = LINE('',#4159,#4160);
#4159 = CARTESIAN_POINT('',(4.5,-0.35,3.35));
#4160 = VECTOR('',#4161,1.);
#4161 = DIRECTION('',(1.,-1.224646799147E-16,0.));
#4162 = ORIENTED_EDGE('',*,*,#4163,.T.);
#4163 = EDGE_CURVE('',#4156,#4164,#4166,.T.);
#4164 = VERTEX_POINT('',#4165);
#4165 = CARTESIAN_POINT('',(4.25,-0.35,2.85));
#4166 = LINE('',#4167,#4168);
#4167 = CARTESIAN_POINT('',(4.25,-0.35,2.461519607843));
#4168 = VECTOR('',#4169,1.);
#4169 = DIRECTION('',(-1.359631073447E-32,-1.110223024625E-16,-1.));
#4170 = ORIENTED_EDGE('',*,*,#4171,.T.);
#4171 = EDGE_CURVE('',#4164,#4148,#4172,.T.);
#4172 = LINE('',#4173,#4174);
#4173 = CARTESIAN_POINT('',(4.5,-0.35,2.85));
#4174 = VECTOR('',#4175,1.);
#4175 = DIRECTION('',(-1.,1.224646799147E-16,0.));
#4176 = PLANE('',#4177);
#4177 = AXIS2_PLACEMENT_3D('',#4178,#4179,#4180);
#4178 = CARTESIAN_POINT('',(4.75,-0.35,3.6));
#4179 = DIRECTION('',(-1.224646799147E-16,-1.,1.110223024625E-16));
#4180 = DIRECTION('',(-1.359631073447E-32,-1.110223024625E-16,-1.));
#4181 = ADVANCED_FACE('',(#4182,#4188),#4222,.F.);
#4182 = FACE_BOUND('',#4183,.F.);
#4183 = EDGE_LOOP('',(#4184,#4185,#4186,#4187));
#4184 = ORIENTED_EDGE('',*,*,#2421,.T.);
#4185 = ORIENTED_EDGE('',*,*,#2438,.T.);
#4186 = ORIENTED_EDGE('',*,*,#2841,.F.);
#4187 = ORIENTED_EDGE('',*,*,#2388,.F.);
#4188 = FACE_BOUND('',#4189,.F.);
#4189 = EDGE_LOOP('',(#4190,#4200,#4208,#4216));
#4190 = ORIENTED_EDGE('',*,*,#4191,.F.);
#4191 = EDGE_CURVE('',#4192,#4194,#4196,.T.);
#4192 = VERTEX_POINT('',#4193);
#4193 = CARTESIAN_POINT('',(1.75,-0.35,3.35));
#4194 = VERTEX_POINT('',#4195);
#4195 = CARTESIAN_POINT('',(1.75,-0.35,2.85));
#4196 = LINE('',#4197,#4198);
#4197 = CARTESIAN_POINT('',(1.75,-0.35,2.461519607843));
#4198 = VECTOR('',#4199,1.);
#4199 = DIRECTION('',(-1.359631073447E-32,-1.110223024625E-16,-1.));
#4200 = ORIENTED_EDGE('',*,*,#4201,.T.);
#4201 = EDGE_CURVE('',#4192,#4202,#4204,.T.);
#4202 = VERTEX_POINT('',#4203);
#4203 = CARTESIAN_POINT('',(2.25,-0.35,3.35));
#4204 = LINE('',#4205,#4206);
#4205 = CARTESIAN_POINT('',(2.5,-0.35,3.35));
#4206 = VECTOR('',#4207,1.);
#4207 = DIRECTION('',(1.,-1.224646799147E-16,0.));
#4208 = ORIENTED_EDGE('',*,*,#4209,.T.);
#4209 = EDGE_CURVE('',#4202,#4210,#4212,.T.);
#4210 = VERTEX_POINT('',#4211);
#4211 = CARTESIAN_POINT('',(2.25,-0.35,2.85));
#4212 = LINE('',#4213,#4214);
#4213 = CARTESIAN_POINT('',(2.25,-0.35,2.461519607843));
#4214 = VECTOR('',#4215,1.);
#4215 = DIRECTION('',(-1.359631073447E-32,-1.110223024625E-16,-1.));
#4216 = ORIENTED_EDGE('',*,*,#4217,.T.);
#4217 = EDGE_CURVE('',#4210,#4194,#4218,.T.);
#4218 = LINE('',#4219,#4220);
#4219 = CARTESIAN_POINT('',(2.5,-0.35,2.85));
#4220 = VECTOR('',#4221,1.);
#4221 = DIRECTION('',(-1.,1.224646799147E-16,0.));
#4222 = PLANE('',#4223);
#4223 = AXIS2_PLACEMENT_3D('',#4224,#4225,#4226);
#4224 = CARTESIAN_POINT('',(2.75,-0.35,3.6));
#4225 = DIRECTION('',(-1.224646799147E-16,-1.,1.110223024625E-16));
#4226 = DIRECTION('',(-1.359631073447E-32,-1.110223024625E-16,-1.));
#4227 = ADVANCED_FACE('',(#4228,#4234),#4268,.F.);
#4228 = FACE_BOUND('',#4229,.F.);
#4229 = EDGE_LOOP('',(#4230,#4231,#4232,#4233));
#4230 = ORIENTED_EDGE('',*,*,#2543,.T.);
#4231 = ORIENTED_EDGE('',*,*,#2801,.T.);
#4232 = ORIENTED_EDGE('',*,*,#2824,.F.);
#4233 = ORIENTED_EDGE('',*,*,#2493,.F.);
#4234 = FACE_BOUND('',#4235,.F.);
#4235 = EDGE_LOOP('',(#4236,#4246,#4254,#4262));
#4236 = ORIENTED_EDGE('',*,*,#4237,.T.);
#4237 = EDGE_CURVE('',#4238,#4240,#4242,.T.);
#4238 = VERTEX_POINT('',#4239);
#4239 = CARTESIAN_POINT('',(-0.25,-0.35,3.35));
#4240 = VERTEX_POINT('',#4241);
#4241 = CARTESIAN_POINT('',(0.25,-0.35,3.35));
#4242 = LINE('',#4243,#4244);
#4243 = CARTESIAN_POINT('',(0.5,-0.35,3.35));
#4244 = VECTOR('',#4245,1.);
#4245 = DIRECTION('',(1.,-1.224646799147E-16,0.));
#4246 = ORIENTED_EDGE('',*,*,#4247,.T.);
#4247 = EDGE_CURVE('',#4240,#4248,#4250,.T.);
#4248 = VERTEX_POINT('',#4249);
#4249 = CARTESIAN_POINT('',(0.25,-0.35,2.85));
#4250 = LINE('',#4251,#4252);
#4251 = CARTESIAN_POINT('',(0.25,-0.35,2.451106711288));
#4252 = VECTOR('',#4253,1.);
#4253 = DIRECTION('',(-1.359631073447E-32,-1.110223024625E-16,-1.));
#4254 = ORIENTED_EDGE('',*,*,#4255,.T.);
#4255 = EDGE_CURVE('',#4248,#4256,#4258,.T.);
#4256 = VERTEX_POINT('',#4257);
#4257 = CARTESIAN_POINT('',(-0.25,-0.35,2.85));
#4258 = LINE('',#4259,#4260);
#4259 = CARTESIAN_POINT('',(0.5,-0.35,2.85));
#4260 = VECTOR('',#4261,1.);
#4261 = DIRECTION('',(-1.,1.224646799147E-16,0.));
#4262 = ORIENTED_EDGE('',*,*,#4263,.F.);
#4263 = EDGE_CURVE('',#4238,#4256,#4264,.T.);
#4264 = LINE('',#4265,#4266);
#4265 = CARTESIAN_POINT('',(-0.25,-0.35,2.451106711288));
#4266 = VECTOR('',#4267,1.);
#4267 = DIRECTION('',(-1.359631073447E-32,-1.110223024625E-16,-1.));
#4268 = PLANE('',#4269);
#4269 = AXIS2_PLACEMENT_3D('',#4270,#4271,#4272);
#4270 = CARTESIAN_POINT('',(0.75,-0.35,3.6));
#4271 = DIRECTION('',(-1.224646799147E-16,-1.,1.110223024625E-16));
#4272 = DIRECTION('',(-1.359631073447E-32,-1.110223024625E-16,-1.));
#4273 = ADVANCED_FACE('',(#4274),#4285,.F.);
#4274 = FACE_BOUND('',#4275,.F.);
#4275 = EDGE_LOOP('',(#4276,#4282,#4283,#4284));
#4276 = ORIENTED_EDGE('',*,*,#4277,.T.);
#4277 = EDGE_CURVE('',#2600,#2662,#4278,.T.);
#4278 = LINE('',#4279,#4280);
#4279 = CARTESIAN_POINT('',(-0.95,-4.45,4.85));
#4280 = VECTOR('',#4281,1.);
#4281 = DIRECTION('',(-1.224646799147E-16,-1.,1.110223024625E-16));
#4282 = ORIENTED_EDGE('',*,*,#2669,.T.);
#4283 = ORIENTED_EDGE('',*,*,#3317,.F.);
#4284 = ORIENTED_EDGE('',*,*,#2599,.F.);
#4285 = PLANE('',#4286);
#4286 = AXIS2_PLACEMENT_3D('',#4287,#4288,#4289);
#4287 = CARTESIAN_POINT('',(-0.95,-4.45,4.85));
#4288 = DIRECTION('',(1.,-1.224646799147E-16,0.));
#4289 = DIRECTION('',(-1.359631073446E-32,-1.110223024625E-16,-1.));
#4290 = ADVANCED_FACE('',(#4291),#4297,.F.);
#4291 = FACE_BOUND('',#4292,.F.);
#4292 = EDGE_LOOP('',(#4293,#4294,#4295,#4296));
#4293 = ORIENTED_EDGE('',*,*,#2638,.T.);
#4294 = ORIENTED_EDGE('',*,*,#2661,.T.);
#4295 = ORIENTED_EDGE('',*,*,#4277,.F.);
#4296 = ORIENTED_EDGE('',*,*,#2607,.F.);
#4297 = PLANE('',#4298);
#4298 = AXIS2_PLACEMENT_3D('',#4299,#4300,#4301);
#4299 = CARTESIAN_POINT('',(-0.45,-4.45,4.85));
#4300 = DIRECTION('',(-1.359631073447E-32,-1.110223024625E-16,-1.));
#4301 = DIRECTION('',(-1.,1.224646799147E-16,6.927121900793E-45));
#4302 = ADVANCED_FACE('',(#4303),#4328,.F.);
#4303 = FACE_BOUND('',#4304,.F.);
#4304 = EDGE_LOOP('',(#4305,#4313,#4314,#4322));
#4305 = ORIENTED_EDGE('',*,*,#4306,.F.);
#4306 = EDGE_CURVE('',#3426,#4307,#4309,.T.);
#4307 = VERTEX_POINT('',#4308);
#4308 = CARTESIAN_POINT('',(3.95,-5.75,3.05));
#4309 = LINE('',#4310,#4311);
#4310 = CARTESIAN_POINT('',(3.9,-5.7,3.));
#4311 = VECTOR('',#4312,1.);
#4312 = DIRECTION('',(0.57735026919,-0.57735026919,0.57735026919));
#4313 = ORIENTED_EDGE('',*,*,#3425,.T.);
#4314 = ORIENTED_EDGE('',*,*,#4315,.T.);
#4315 = EDGE_CURVE('',#3428,#4316,#4318,.T.);
#4316 = VERTEX_POINT('',#4317);
#4317 = CARTESIAN_POINT('',(3.95,-5.75,3.15));
#4318 = LINE('',#4319,#4320);
#4319 = CARTESIAN_POINT('',(3.983333333333,-5.783333333333,
    3.116666666667));
#4320 = VECTOR('',#4321,1.);
#4321 = DIRECTION('',(0.57735026919,-0.57735026919,-0.57735026919));
#4322 = ORIENTED_EDGE('',*,*,#4323,.F.);
#4323 = EDGE_CURVE('',#4307,#4316,#4324,.T.);
#4324 = LINE('',#4325,#4326);
#4325 = CARTESIAN_POINT('',(3.95,-5.75,2.85));
#4326 = VECTOR('',#4327,1.);
#4327 = DIRECTION('',(0.,0.,1.));
#4328 = PLANE('',#4329);
#4329 = AXIS2_PLACEMENT_3D('',#4330,#4331,#4332);
#4330 = CARTESIAN_POINT('',(3.85,-5.65,2.85));
#4331 = DIRECTION('',(0.707106781187,0.707106781187,1.735417226644E-18)
  );
#4332 = DIRECTION('',(-1.227125289148E-18,-1.227125289148E-18,1.));
#4333 = ADVANCED_FACE('',(#4334),#4352,.T.);
#4334 = FACE_BOUND('',#4335,.F.);
#4335 = EDGE_LOOP('',(#4336,#4344,#4345,#4346));
#4336 = ORIENTED_EDGE('',*,*,#4337,.F.);
#4337 = EDGE_CURVE('',#3457,#4338,#4340,.T.);
#4338 = VERTEX_POINT('',#4339);
#4339 = CARTESIAN_POINT('',(4.05,-5.75,3.05));
#4340 = LINE('',#4341,#4342);
#4341 = CARTESIAN_POINT('',(4.183333333333,-5.616666666667,
    2.916666666667));
#4342 = VECTOR('',#4343,1.);
#4343 = DIRECTION('',(-0.57735026919,-0.57735026919,0.57735026919));
#4344 = ORIENTED_EDGE('',*,*,#3466,.T.);
#4345 = ORIENTED_EDGE('',*,*,#4306,.T.);
#4346 = ORIENTED_EDGE('',*,*,#4347,.F.);
#4347 = EDGE_CURVE('',#4338,#4307,#4348,.T.);
#4348 = LINE('',#4349,#4350);
#4349 = CARTESIAN_POINT('',(4.25,-5.75,3.05));
#4350 = VECTOR('',#4351,1.);
#4351 = DIRECTION('',(-1.,1.224646799147E-16,0.));
#4352 = PLANE('',#4353);
#4353 = AXIS2_PLACEMENT_3D('',#4354,#4355,#4356);
#4354 = CARTESIAN_POINT('',(4.25,-5.65,2.95));
#4355 = DIRECTION('',(-8.659560562349E-17,-0.707106781187,
    -0.707106781187));
#4356 = DIRECTION('',(1.,-1.224646799147E-16,2.105272540809E-29));
#4357 = ADVANCED_FACE('',(#4358),#4376,.T.);
#4358 = FACE_BOUND('',#4359,.T.);
#4359 = EDGE_LOOP('',(#4360,#4361,#4362,#4370));
#4360 = ORIENTED_EDGE('',*,*,#4337,.F.);
#4361 = ORIENTED_EDGE('',*,*,#3480,.T.);
#4362 = ORIENTED_EDGE('',*,*,#4363,.T.);
#4363 = EDGE_CURVE('',#3481,#4364,#4366,.T.);
#4364 = VERTEX_POINT('',#4365);
#4365 = CARTESIAN_POINT('',(4.05,-5.75,3.15));
#4366 = LINE('',#4367,#4368);
#4367 = CARTESIAN_POINT('',(4.1,-5.7,3.2));
#4368 = VECTOR('',#4369,1.);
#4369 = DIRECTION('',(-0.57735026919,-0.57735026919,-0.57735026919));
#4370 = ORIENTED_EDGE('',*,*,#4371,.F.);
#4371 = EDGE_CURVE('',#4338,#4364,#4372,.T.);
#4372 = LINE('',#4373,#4374);
#4373 = CARTESIAN_POINT('',(4.05,-5.75,2.85));
#4374 = VECTOR('',#4375,1.);
#4375 = DIRECTION('',(0.,0.,1.));
#4376 = PLANE('',#4377);
#4377 = AXIS2_PLACEMENT_3D('',#4378,#4379,#4380);
#4378 = CARTESIAN_POINT('',(4.15,-5.65,2.85));
#4379 = DIRECTION('',(0.707106781187,-0.707106781187,-1.735417226644E-18
    ));
#4380 = DIRECTION('',(1.227125289148E-18,-1.227125289148E-18,1.));
#4381 = ADVANCED_FACE('',(#4382),#4393,.T.);
#4382 = FACE_BOUND('',#4383,.T.);
#4383 = EDGE_LOOP('',(#4384,#4385,#4386,#4387));
#4384 = ORIENTED_EDGE('',*,*,#4363,.F.);
#4385 = ORIENTED_EDGE('',*,*,#3505,.T.);
#4386 = ORIENTED_EDGE('',*,*,#4315,.T.);
#4387 = ORIENTED_EDGE('',*,*,#4388,.F.);
#4388 = EDGE_CURVE('',#4364,#4316,#4389,.T.);
#4389 = LINE('',#4390,#4391);
#4390 = CARTESIAN_POINT('',(4.25,-5.75,3.15));
#4391 = VECTOR('',#4392,1.);
#4392 = DIRECTION('',(-1.,1.224646799147E-16,0.));
#4393 = PLANE('',#4394);
#4394 = AXIS2_PLACEMENT_3D('',#4395,#4396,#4397);
#4395 = CARTESIAN_POINT('',(4.25,-5.65,3.25));
#4396 = DIRECTION('',(-8.659560562349E-17,-0.707106781187,0.707106781187
    ));
#4397 = DIRECTION('',(-1.,1.224646799147E-16,2.105272540809E-29));
#4398 = ADVANCED_FACE('',(#4399),#4424,.F.);
#4399 = FACE_BOUND('',#4400,.F.);
#4400 = EDGE_LOOP('',(#4401,#4409,#4410,#4418));
#4401 = ORIENTED_EDGE('',*,*,#4402,.F.);
#4402 = EDGE_CURVE('',#3522,#4403,#4405,.T.);
#4403 = VERTEX_POINT('',#4404);
#4404 = CARTESIAN_POINT('',(1.95,-5.75,3.05));
#4405 = LINE('',#4406,#4407);
#4406 = CARTESIAN_POINT('',(1.9,-5.7,3.));
#4407 = VECTOR('',#4408,1.);
#4408 = DIRECTION('',(0.57735026919,-0.57735026919,0.57735026919));
#4409 = ORIENTED_EDGE('',*,*,#3521,.T.);
#4410 = ORIENTED_EDGE('',*,*,#4411,.T.);
#4411 = EDGE_CURVE('',#3524,#4412,#4414,.T.);
#4412 = VERTEX_POINT('',#4413);
#4413 = CARTESIAN_POINT('',(1.95,-5.75,3.15));
#4414 = LINE('',#4415,#4416);
#4415 = CARTESIAN_POINT('',(1.983333333333,-5.783333333333,
    3.116666666667));
#4416 = VECTOR('',#4417,1.);
#4417 = DIRECTION('',(0.57735026919,-0.57735026919,-0.57735026919));
#4418 = ORIENTED_EDGE('',*,*,#4419,.F.);
#4419 = EDGE_CURVE('',#4403,#4412,#4420,.T.);
#4420 = LINE('',#4421,#4422);
#4421 = CARTESIAN_POINT('',(1.95,-5.75,2.85));
#4422 = VECTOR('',#4423,1.);
#4423 = DIRECTION('',(0.,0.,1.));
#4424 = PLANE('',#4425);
#4425 = AXIS2_PLACEMENT_3D('',#4426,#4427,#4428);
#4426 = CARTESIAN_POINT('',(1.85,-5.65,2.85));
#4427 = DIRECTION('',(0.707106781187,0.707106781187,1.735417226644E-18)
  );
#4428 = DIRECTION('',(-1.227125289148E-18,-1.227125289148E-18,1.));
#4429 = ADVANCED_FACE('',(#4430),#4448,.T.);
#4430 = FACE_BOUND('',#4431,.F.);
#4431 = EDGE_LOOP('',(#4432,#4440,#4441,#4442));
#4432 = ORIENTED_EDGE('',*,*,#4433,.F.);
#4433 = EDGE_CURVE('',#3553,#4434,#4436,.T.);
#4434 = VERTEX_POINT('',#4435);
#4435 = CARTESIAN_POINT('',(2.05,-5.75,3.05));
#4436 = LINE('',#4437,#4438);
#4437 = CARTESIAN_POINT('',(2.183333333333,-5.616666666667,
    2.916666666667));
#4438 = VECTOR('',#4439,1.);
#4439 = DIRECTION('',(-0.57735026919,-0.57735026919,0.57735026919));
#4440 = ORIENTED_EDGE('',*,*,#3562,.T.);
#4441 = ORIENTED_EDGE('',*,*,#4402,.T.);
#4442 = ORIENTED_EDGE('',*,*,#4443,.F.);
#4443 = EDGE_CURVE('',#4434,#4403,#4444,.T.);
#4444 = LINE('',#4445,#4446);
#4445 = CARTESIAN_POINT('',(2.25,-5.75,3.05));
#4446 = VECTOR('',#4447,1.);
#4447 = DIRECTION('',(-1.,1.224646799147E-16,0.));
#4448 = PLANE('',#4449);
#4449 = AXIS2_PLACEMENT_3D('',#4450,#4451,#4452);
#4450 = CARTESIAN_POINT('',(2.25,-5.65,2.95));
#4451 = DIRECTION('',(-8.659560562349E-17,-0.707106781187,
    -0.707106781187));
#4452 = DIRECTION('',(1.,-1.224646799147E-16,2.105272540809E-29));
#4453 = ADVANCED_FACE('',(#4454),#4472,.T.);
#4454 = FACE_BOUND('',#4455,.T.);
#4455 = EDGE_LOOP('',(#4456,#4457,#4458,#4466));
#4456 = ORIENTED_EDGE('',*,*,#4433,.F.);
#4457 = ORIENTED_EDGE('',*,*,#3576,.T.);
#4458 = ORIENTED_EDGE('',*,*,#4459,.T.);
#4459 = EDGE_CURVE('',#3577,#4460,#4462,.T.);
#4460 = VERTEX_POINT('',#4461);
#4461 = CARTESIAN_POINT('',(2.05,-5.75,3.15));
#4462 = LINE('',#4463,#4464);
#4463 = CARTESIAN_POINT('',(2.1,-5.7,3.2));
#4464 = VECTOR('',#4465,1.);
#4465 = DIRECTION('',(-0.57735026919,-0.57735026919,-0.57735026919));
#4466 = ORIENTED_EDGE('',*,*,#4467,.F.);
#4467 = EDGE_CURVE('',#4434,#4460,#4468,.T.);
#4468 = LINE('',#4469,#4470);
#4469 = CARTESIAN_POINT('',(2.05,-5.75,2.85));
#4470 = VECTOR('',#4471,1.);
#4471 = DIRECTION('',(0.,0.,1.));
#4472 = PLANE('',#4473);
#4473 = AXIS2_PLACEMENT_3D('',#4474,#4475,#4476);
#4474 = CARTESIAN_POINT('',(2.15,-5.65,2.85));
#4475 = DIRECTION('',(0.707106781187,-0.707106781187,-1.735417226644E-18
    ));
#4476 = DIRECTION('',(1.227125289148E-18,-1.227125289148E-18,1.));
#4477 = ADVANCED_FACE('',(#4478),#4489,.T.);
#4478 = FACE_BOUND('',#4479,.T.);
#4479 = EDGE_LOOP('',(#4480,#4481,#4482,#4483));
#4480 = ORIENTED_EDGE('',*,*,#4459,.F.);
#4481 = ORIENTED_EDGE('',*,*,#3601,.T.);
#4482 = ORIENTED_EDGE('',*,*,#4411,.T.);
#4483 = ORIENTED_EDGE('',*,*,#4484,.F.);
#4484 = EDGE_CURVE('',#4460,#4412,#4485,.T.);
#4485 = LINE('',#4486,#4487);
#4486 = CARTESIAN_POINT('',(2.25,-5.75,3.15));
#4487 = VECTOR('',#4488,1.);
#4488 = DIRECTION('',(-1.,1.224646799147E-16,0.));
#4489 = PLANE('',#4490);
#4490 = AXIS2_PLACEMENT_3D('',#4491,#4492,#4493);
#4491 = CARTESIAN_POINT('',(2.25,-5.65,3.25));
#4492 = DIRECTION('',(-8.659560562349E-17,-0.707106781187,0.707106781187
    ));
#4493 = DIRECTION('',(-1.,1.224646799147E-16,2.105272540809E-29));
#4494 = ADVANCED_FACE('',(#4495),#4520,.T.);
#4495 = FACE_BOUND('',#4496,.F.);
#4496 = EDGE_LOOP('',(#4497,#4505,#4513,#4519));
#4497 = ORIENTED_EDGE('',*,*,#4498,.F.);
#4498 = EDGE_CURVE('',#4499,#3618,#4501,.T.);
#4499 = VERTEX_POINT('',#4500);
#4500 = CARTESIAN_POINT('',(5.E-02,-5.75,3.15));
#4501 = LINE('',#4502,#4503);
#4502 = CARTESIAN_POINT('',(0.1,-5.7,3.2));
#4503 = VECTOR('',#4504,1.);
#4504 = DIRECTION('',(0.57735026919,0.57735026919,0.57735026919));
#4505 = ORIENTED_EDGE('',*,*,#4506,.T.);
#4506 = EDGE_CURVE('',#4499,#4507,#4509,.T.);
#4507 = VERTEX_POINT('',#4508);
#4508 = CARTESIAN_POINT('',(-5.E-02,-5.75,3.15));
#4509 = LINE('',#4510,#4511);
#4510 = CARTESIAN_POINT('',(0.25,-5.75,3.15));
#4511 = VECTOR('',#4512,1.);
#4512 = DIRECTION('',(-1.,1.224646799147E-16,0.));
#4513 = ORIENTED_EDGE('',*,*,#4514,.T.);
#4514 = EDGE_CURVE('',#4507,#3626,#4515,.T.);
#4515 = LINE('',#4516,#4517);
#4516 = CARTESIAN_POINT('',(-1.666666666667E-02,-5.783333333333,
    3.116666666667));
#4517 = VECTOR('',#4518,1.);
#4518 = DIRECTION('',(-0.57735026919,0.57735026919,0.57735026919));
#4519 = ORIENTED_EDGE('',*,*,#3625,.F.);
#4520 = PLANE('',#4521);
#4521 = AXIS2_PLACEMENT_3D('',#4522,#4523,#4524);
#4522 = CARTESIAN_POINT('',(0.25,-5.65,3.25));
#4523 = DIRECTION('',(-8.659560562349E-17,-0.707106781187,0.707106781187
    ));
#4524 = DIRECTION('',(1.,-1.224646799147E-16,-2.105272540809E-29));
#4525 = ADVANCED_FACE('',(#4526),#4544,.F.);
#4526 = FACE_BOUND('',#4527,.F.);
#4527 = EDGE_LOOP('',(#4528,#4536,#4537,#4538));
#4528 = ORIENTED_EDGE('',*,*,#4529,.F.);
#4529 = EDGE_CURVE('',#3649,#4530,#4532,.T.);
#4530 = VERTEX_POINT('',#4531);
#4531 = CARTESIAN_POINT('',(-5.E-02,-5.75,3.05));
#4532 = LINE('',#4533,#4534);
#4533 = CARTESIAN_POINT('',(-0.1,-5.7,3.));
#4534 = VECTOR('',#4535,1.);
#4535 = DIRECTION('',(0.57735026919,-0.57735026919,0.57735026919));
#4536 = ORIENTED_EDGE('',*,*,#3648,.T.);
#4537 = ORIENTED_EDGE('',*,*,#4514,.F.);
#4538 = ORIENTED_EDGE('',*,*,#4539,.F.);
#4539 = EDGE_CURVE('',#4530,#4507,#4540,.T.);
#4540 = LINE('',#4541,#4542);
#4541 = CARTESIAN_POINT('',(-5.E-02,-5.75,2.85));
#4542 = VECTOR('',#4543,1.);
#4543 = DIRECTION('',(0.,0.,1.));
#4544 = PLANE('',#4545);
#4545 = AXIS2_PLACEMENT_3D('',#4546,#4547,#4548);
#4546 = CARTESIAN_POINT('',(-0.15,-5.65,2.85));
#4547 = DIRECTION('',(0.707106781187,0.707106781187,1.735417226644E-18)
  );
#4548 = DIRECTION('',(-1.227125289148E-18,-1.227125289148E-18,1.));
#4549 = ADVANCED_FACE('',(#4550),#4568,.T.);
#4550 = FACE_BOUND('',#4551,.F.);
#4551 = EDGE_LOOP('',(#4552,#4560,#4561,#4562));
#4552 = ORIENTED_EDGE('',*,*,#4553,.F.);
#4553 = EDGE_CURVE('',#3673,#4554,#4556,.T.);
#4554 = VERTEX_POINT('',#4555);
#4555 = CARTESIAN_POINT('',(5.E-02,-5.75,3.05));
#4556 = LINE('',#4557,#4558);
#4557 = CARTESIAN_POINT('',(0.183333333333,-5.616666666667,
    2.916666666667));
#4558 = VECTOR('',#4559,1.);
#4559 = DIRECTION('',(-0.57735026919,-0.57735026919,0.57735026919));
#4560 = ORIENTED_EDGE('',*,*,#3682,.T.);
#4561 = ORIENTED_EDGE('',*,*,#4529,.T.);
#4562 = ORIENTED_EDGE('',*,*,#4563,.F.);
#4563 = EDGE_CURVE('',#4554,#4530,#4564,.T.);
#4564 = LINE('',#4565,#4566);
#4565 = CARTESIAN_POINT('',(0.25,-5.75,3.05));
#4566 = VECTOR('',#4567,1.);
#4567 = DIRECTION('',(-1.,1.224646799147E-16,0.));
#4568 = PLANE('',#4569);
#4569 = AXIS2_PLACEMENT_3D('',#4570,#4571,#4572);
#4570 = CARTESIAN_POINT('',(0.25,-5.65,2.95));
#4571 = DIRECTION('',(-8.659560562349E-17,-0.707106781187,
    -0.707106781187));
#4572 = DIRECTION('',(1.,-1.224646799147E-16,2.105272540809E-29));
#4573 = ADVANCED_FACE('',(#4574),#4585,.T.);
#4574 = FACE_BOUND('',#4575,.T.);
#4575 = EDGE_LOOP('',(#4576,#4577,#4578,#4579));
#4576 = ORIENTED_EDGE('',*,*,#4553,.F.);
#4577 = ORIENTED_EDGE('',*,*,#3696,.T.);
#4578 = ORIENTED_EDGE('',*,*,#4498,.F.);
#4579 = ORIENTED_EDGE('',*,*,#4580,.F.);
#4580 = EDGE_CURVE('',#4554,#4499,#4581,.T.);
#4581 = LINE('',#4582,#4583);
#4582 = CARTESIAN_POINT('',(5.E-02,-5.75,2.85));
#4583 = VECTOR('',#4584,1.);
#4584 = DIRECTION('',(0.,0.,1.));
#4585 = PLANE('',#4586);
#4586 = AXIS2_PLACEMENT_3D('',#4587,#4588,#4589);
#4587 = CARTESIAN_POINT('',(0.15,-5.65,2.85));
#4588 = DIRECTION('',(0.707106781187,-0.707106781187,-1.735417226644E-18
    ));
#4589 = DIRECTION('',(1.227125289148E-18,-1.227125289148E-18,1.));
#4590 = ADVANCED_FACE('',(#4591),#4616,.T.);
#4591 = FACE_BOUND('',#4592,.T.);
#4592 = EDGE_LOOP('',(#4593,#4601,#4602,#4610));
#4593 = ORIENTED_EDGE('',*,*,#4594,.F.);
#4594 = EDGE_CURVE('',#3714,#4595,#4597,.T.);
#4595 = VERTEX_POINT('',#4596);
#4596 = CARTESIAN_POINT('',(6.05,-5.75,3.15));
#4597 = LINE('',#4598,#4599);
#4598 = CARTESIAN_POINT('',(6.1,-5.7,3.2));
#4599 = VECTOR('',#4600,1.);
#4600 = DIRECTION('',(-0.57735026919,-0.57735026919,-0.57735026919));
#4601 = ORIENTED_EDGE('',*,*,#3721,.T.);
#4602 = ORIENTED_EDGE('',*,*,#4603,.T.);
#4603 = EDGE_CURVE('',#3722,#4604,#4606,.T.);
#4604 = VERTEX_POINT('',#4605);
#4605 = CARTESIAN_POINT('',(5.95,-5.75,3.15));
#4606 = LINE('',#4607,#4608);
#4607 = CARTESIAN_POINT('',(5.983333333333,-5.783333333333,
    3.116666666667));
#4608 = VECTOR('',#4609,1.);
#4609 = DIRECTION('',(0.57735026919,-0.57735026919,-0.57735026919));
#4610 = ORIENTED_EDGE('',*,*,#4611,.F.);
#4611 = EDGE_CURVE('',#4595,#4604,#4612,.T.);
#4612 = LINE('',#4613,#4614);
#4613 = CARTESIAN_POINT('',(6.25,-5.75,3.15));
#4614 = VECTOR('',#4615,1.);
#4615 = DIRECTION('',(-1.,1.224646799147E-16,0.));
#4616 = PLANE('',#4617);
#4617 = AXIS2_PLACEMENT_3D('',#4618,#4619,#4620);
#4618 = CARTESIAN_POINT('',(6.25,-5.65,3.25));
#4619 = DIRECTION('',(-8.659560562349E-17,-0.707106781187,0.707106781187
    ));
#4620 = DIRECTION('',(-1.,1.224646799147E-16,2.105272540809E-29));
#4621 = ADVANCED_FACE('',(#4622),#4640,.F.);
#4622 = FACE_BOUND('',#4623,.F.);
#4623 = EDGE_LOOP('',(#4624,#4632,#4633,#4634));
#4624 = ORIENTED_EDGE('',*,*,#4625,.F.);
#4625 = EDGE_CURVE('',#3745,#4626,#4628,.T.);
#4626 = VERTEX_POINT('',#4627);
#4627 = CARTESIAN_POINT('',(5.95,-5.75,3.05));
#4628 = LINE('',#4629,#4630);
#4629 = CARTESIAN_POINT('',(5.9,-5.7,3.));
#4630 = VECTOR('',#4631,1.);
#4631 = DIRECTION('',(0.57735026919,-0.57735026919,0.57735026919));
#4632 = ORIENTED_EDGE('',*,*,#3744,.T.);
#4633 = ORIENTED_EDGE('',*,*,#4603,.T.);
#4634 = ORIENTED_EDGE('',*,*,#4635,.F.);
#4635 = EDGE_CURVE('',#4626,#4604,#4636,.T.);
#4636 = LINE('',#4637,#4638);
#4637 = CARTESIAN_POINT('',(5.95,-5.75,2.85));
#4638 = VECTOR('',#4639,1.);
#4639 = DIRECTION('',(0.,0.,1.));
#4640 = PLANE('',#4641);
#4641 = AXIS2_PLACEMENT_3D('',#4642,#4643,#4644);
#4642 = CARTESIAN_POINT('',(5.85,-5.65,2.85));
#4643 = DIRECTION('',(0.707106781187,0.707106781187,1.735417226644E-18)
  );
#4644 = DIRECTION('',(-1.227125289148E-18,-1.227125289148E-18,1.));
#4645 = ADVANCED_FACE('',(#4646),#4664,.T.);
#4646 = FACE_BOUND('',#4647,.F.);
#4647 = EDGE_LOOP('',(#4648,#4656,#4657,#4658));
#4648 = ORIENTED_EDGE('',*,*,#4649,.F.);
#4649 = EDGE_CURVE('',#3769,#4650,#4652,.T.);
#4650 = VERTEX_POINT('',#4651);
#4651 = CARTESIAN_POINT('',(6.05,-5.75,3.05));
#4652 = LINE('',#4653,#4654);
#4653 = CARTESIAN_POINT('',(6.183333333333,-5.616666666667,
    2.916666666667));
#4654 = VECTOR('',#4655,1.);
#4655 = DIRECTION('',(-0.57735026919,-0.57735026919,0.57735026919));
#4656 = ORIENTED_EDGE('',*,*,#3778,.T.);
#4657 = ORIENTED_EDGE('',*,*,#4625,.T.);
#4658 = ORIENTED_EDGE('',*,*,#4659,.F.);
#4659 = EDGE_CURVE('',#4650,#4626,#4660,.T.);
#4660 = LINE('',#4661,#4662);
#4661 = CARTESIAN_POINT('',(6.25,-5.75,3.05));
#4662 = VECTOR('',#4663,1.);
#4663 = DIRECTION('',(-1.,1.224646799147E-16,0.));
#4664 = PLANE('',#4665);
#4665 = AXIS2_PLACEMENT_3D('',#4666,#4667,#4668);
#4666 = CARTESIAN_POINT('',(6.25,-5.65,2.95));
#4667 = DIRECTION('',(-8.659560562349E-17,-0.707106781187,
    -0.707106781187));
#4668 = DIRECTION('',(1.,-1.224646799147E-16,2.105272540809E-29));
#4669 = ADVANCED_FACE('',(#4670),#4681,.T.);
#4670 = FACE_BOUND('',#4671,.T.);
#4671 = EDGE_LOOP('',(#4672,#4673,#4674,#4675));
#4672 = ORIENTED_EDGE('',*,*,#4649,.F.);
#4673 = ORIENTED_EDGE('',*,*,#3792,.T.);
#4674 = ORIENTED_EDGE('',*,*,#4594,.T.);
#4675 = ORIENTED_EDGE('',*,*,#4676,.F.);
#4676 = EDGE_CURVE('',#4650,#4595,#4677,.T.);
#4677 = LINE('',#4678,#4679);
#4678 = CARTESIAN_POINT('',(6.05,-5.75,2.85));
#4679 = VECTOR('',#4680,1.);
#4680 = DIRECTION('',(0.,0.,1.));
#4681 = PLANE('',#4682);
#4682 = AXIS2_PLACEMENT_3D('',#4683,#4684,#4685);
#4683 = CARTESIAN_POINT('',(6.15,-5.65,2.85));
#4684 = DIRECTION('',(0.707106781187,-0.707106781187,-1.735417226644E-18
    ));
#4685 = DIRECTION('',(1.227125289148E-18,-1.227125289148E-18,1.));
#4686 = ADVANCED_FACE('',(#4687),#4712,.T.);
#4687 = FACE_BOUND('',#4688,.F.);
#4688 = EDGE_LOOP('',(#4689,#4697,#4705,#4711));
#4689 = ORIENTED_EDGE('',*,*,#4690,.F.);
#4690 = EDGE_CURVE('',#4691,#3810,#4693,.T.);
#4691 = VERTEX_POINT('',#4692);
#4692 = CARTESIAN_POINT('',(10.05,-5.75,3.15));
#4693 = LINE('',#4694,#4695);
#4694 = CARTESIAN_POINT('',(10.1,-5.7,3.2));
#4695 = VECTOR('',#4696,1.);
#4696 = DIRECTION('',(0.57735026919,0.57735026919,0.57735026919));
#4697 = ORIENTED_EDGE('',*,*,#4698,.T.);
#4698 = EDGE_CURVE('',#4691,#4699,#4701,.T.);
#4699 = VERTEX_POINT('',#4700);
#4700 = CARTESIAN_POINT('',(9.95,-5.75,3.15));
#4701 = LINE('',#4702,#4703);
#4702 = CARTESIAN_POINT('',(10.25,-5.75,3.15));
#4703 = VECTOR('',#4704,1.);
#4704 = DIRECTION('',(-1.,1.224646799147E-16,0.));
#4705 = ORIENTED_EDGE('',*,*,#4706,.T.);
#4706 = EDGE_CURVE('',#4699,#3818,#4707,.T.);
#4707 = LINE('',#4708,#4709);
#4708 = CARTESIAN_POINT('',(9.983333333333,-5.783333333333,
    3.116666666667));
#4709 = VECTOR('',#4710,1.);
#4710 = DIRECTION('',(-0.57735026919,0.57735026919,0.57735026919));
#4711 = ORIENTED_EDGE('',*,*,#3817,.F.);
#4712 = PLANE('',#4713);
#4713 = AXIS2_PLACEMENT_3D('',#4714,#4715,#4716);
#4714 = CARTESIAN_POINT('',(10.25,-5.65,3.25));
#4715 = DIRECTION('',(-8.659560562349E-17,-0.707106781187,0.707106781187
    ));
#4716 = DIRECTION('',(1.,-1.224646799147E-16,-2.105272540809E-29));
#4717 = ADVANCED_FACE('',(#4718),#4736,.F.);
#4718 = FACE_BOUND('',#4719,.F.);
#4719 = EDGE_LOOP('',(#4720,#4728,#4729,#4730));
#4720 = ORIENTED_EDGE('',*,*,#4721,.F.);
#4721 = EDGE_CURVE('',#3841,#4722,#4724,.T.);
#4722 = VERTEX_POINT('',#4723);
#4723 = CARTESIAN_POINT('',(9.95,-5.75,3.05));
#4724 = LINE('',#4725,#4726);
#4725 = CARTESIAN_POINT('',(9.9,-5.7,3.));
#4726 = VECTOR('',#4727,1.);
#4727 = DIRECTION('',(0.57735026919,-0.57735026919,0.57735026919));
#4728 = ORIENTED_EDGE('',*,*,#3840,.T.);
#4729 = ORIENTED_EDGE('',*,*,#4706,.F.);
#4730 = ORIENTED_EDGE('',*,*,#4731,.F.);
#4731 = EDGE_CURVE('',#4722,#4699,#4732,.T.);
#4732 = LINE('',#4733,#4734);
#4733 = CARTESIAN_POINT('',(9.95,-5.75,2.85));
#4734 = VECTOR('',#4735,1.);
#4735 = DIRECTION('',(0.,0.,1.));
#4736 = PLANE('',#4737);
#4737 = AXIS2_PLACEMENT_3D('',#4738,#4739,#4740);
#4738 = CARTESIAN_POINT('',(9.85,-5.65,2.85));
#4739 = DIRECTION('',(0.707106781187,0.707106781187,1.735417226644E-18)
  );
#4740 = DIRECTION('',(-1.227125289148E-18,-1.227125289148E-18,1.));
#4741 = ADVANCED_FACE('',(#4742),#4760,.T.);
#4742 = FACE_BOUND('',#4743,.F.);
#4743 = EDGE_LOOP('',(#4744,#4752,#4753,#4754));
#4744 = ORIENTED_EDGE('',*,*,#4745,.F.);
#4745 = EDGE_CURVE('',#3865,#4746,#4748,.T.);
#4746 = VERTEX_POINT('',#4747);
#4747 = CARTESIAN_POINT('',(10.05,-5.75,3.05));
#4748 = LINE('',#4749,#4750);
#4749 = CARTESIAN_POINT('',(10.183333333333,-5.616666666667,
    2.916666666667));
#4750 = VECTOR('',#4751,1.);
#4751 = DIRECTION('',(-0.57735026919,-0.57735026919,0.57735026919));
#4752 = ORIENTED_EDGE('',*,*,#3874,.T.);
#4753 = ORIENTED_EDGE('',*,*,#4721,.T.);
#4754 = ORIENTED_EDGE('',*,*,#4755,.F.);
#4755 = EDGE_CURVE('',#4746,#4722,#4756,.T.);
#4756 = LINE('',#4757,#4758);
#4757 = CARTESIAN_POINT('',(10.25,-5.75,3.05));
#4758 = VECTOR('',#4759,1.);
#4759 = DIRECTION('',(-1.,1.224646799147E-16,0.));
#4760 = PLANE('',#4761);
#4761 = AXIS2_PLACEMENT_3D('',#4762,#4763,#4764);
#4762 = CARTESIAN_POINT('',(10.25,-5.65,2.95));
#4763 = DIRECTION('',(-8.659560562349E-17,-0.707106781187,
    -0.707106781187));
#4764 = DIRECTION('',(1.,-1.224646799147E-16,2.105272540809E-29));
#4765 = ADVANCED_FACE('',(#4766),#4777,.T.);
#4766 = FACE_BOUND('',#4767,.T.);
#4767 = EDGE_LOOP('',(#4768,#4769,#4770,#4771));
#4768 = ORIENTED_EDGE('',*,*,#4745,.F.);
#4769 = ORIENTED_EDGE('',*,*,#3888,.T.);
#4770 = ORIENTED_EDGE('',*,*,#4690,.F.);
#4771 = ORIENTED_EDGE('',*,*,#4772,.F.);
#4772 = EDGE_CURVE('',#4746,#4691,#4773,.T.);
#4773 = LINE('',#4774,#4775);
#4774 = CARTESIAN_POINT('',(10.05,-5.75,2.85));
#4775 = VECTOR('',#4776,1.);
#4776 = DIRECTION('',(0.,0.,1.));
#4777 = PLANE('',#4778);
#4778 = AXIS2_PLACEMENT_3D('',#4779,#4780,#4781);
#4779 = CARTESIAN_POINT('',(10.15,-5.65,2.85));
#4780 = DIRECTION('',(0.707106781187,-0.707106781187,-1.735417226644E-18
    ));
#4781 = DIRECTION('',(1.227125289148E-18,-1.227125289148E-18,1.));
#4782 = ADVANCED_FACE('',(#4783),#4808,.F.);
#4783 = FACE_BOUND('',#4784,.F.);
#4784 = EDGE_LOOP('',(#4785,#4793,#4794,#4802));
#4785 = ORIENTED_EDGE('',*,*,#4786,.F.);
#4786 = EDGE_CURVE('',#3906,#4787,#4789,.T.);
#4787 = VERTEX_POINT('',#4788);
#4788 = CARTESIAN_POINT('',(7.95,-5.75,3.05));
#4789 = LINE('',#4790,#4791);
#4790 = CARTESIAN_POINT('',(7.9,-5.7,3.));
#4791 = VECTOR('',#4792,1.);
#4792 = DIRECTION('',(0.57735026919,-0.57735026919,0.57735026919));
#4793 = ORIENTED_EDGE('',*,*,#3905,.T.);
#4794 = ORIENTED_EDGE('',*,*,#4795,.T.);
#4795 = EDGE_CURVE('',#3908,#4796,#4798,.T.);
#4796 = VERTEX_POINT('',#4797);
#4797 = CARTESIAN_POINT('',(7.95,-5.75,3.15));
#4798 = LINE('',#4799,#4800);
#4799 = CARTESIAN_POINT('',(7.983333333333,-5.783333333333,
    3.116666666667));
#4800 = VECTOR('',#4801,1.);
#4801 = DIRECTION('',(0.57735026919,-0.57735026919,-0.57735026919));
#4802 = ORIENTED_EDGE('',*,*,#4803,.F.);
#4803 = EDGE_CURVE('',#4787,#4796,#4804,.T.);
#4804 = LINE('',#4805,#4806);
#4805 = CARTESIAN_POINT('',(7.95,-5.75,2.85));
#4806 = VECTOR('',#4807,1.);
#4807 = DIRECTION('',(0.,0.,1.));
#4808 = PLANE('',#4809);
#4809 = AXIS2_PLACEMENT_3D('',#4810,#4811,#4812);
#4810 = CARTESIAN_POINT('',(7.85,-5.65,2.85));
#4811 = DIRECTION('',(0.707106781187,0.707106781187,1.735417226644E-18)
  );
#4812 = DIRECTION('',(-1.227125289148E-18,-1.227125289148E-18,1.));
#4813 = ADVANCED_FACE('',(#4814),#4832,.T.);
#4814 = FACE_BOUND('',#4815,.F.);
#4815 = EDGE_LOOP('',(#4816,#4824,#4825,#4826));
#4816 = ORIENTED_EDGE('',*,*,#4817,.F.);
#4817 = EDGE_CURVE('',#3937,#4818,#4820,.T.);
#4818 = VERTEX_POINT('',#4819);
#4819 = CARTESIAN_POINT('',(8.05,-5.75,3.05));
#4820 = LINE('',#4821,#4822);
#4821 = CARTESIAN_POINT('',(8.183333333333,-5.616666666667,
    2.916666666667));
#4822 = VECTOR('',#4823,1.);
#4823 = DIRECTION('',(-0.57735026919,-0.57735026919,0.57735026919));
#4824 = ORIENTED_EDGE('',*,*,#3946,.T.);
#4825 = ORIENTED_EDGE('',*,*,#4786,.T.);
#4826 = ORIENTED_EDGE('',*,*,#4827,.F.);
#4827 = EDGE_CURVE('',#4818,#4787,#4828,.T.);
#4828 = LINE('',#4829,#4830);
#4829 = CARTESIAN_POINT('',(8.25,-5.75,3.05));
#4830 = VECTOR('',#4831,1.);
#4831 = DIRECTION('',(-1.,1.224646799147E-16,0.));
#4832 = PLANE('',#4833);
#4833 = AXIS2_PLACEMENT_3D('',#4834,#4835,#4836);
#4834 = CARTESIAN_POINT('',(8.25,-5.65,2.95));
#4835 = DIRECTION('',(-8.659560562349E-17,-0.707106781187,
    -0.707106781187));
#4836 = DIRECTION('',(1.,-1.224646799147E-16,2.105272540809E-29));
#4837 = ADVANCED_FACE('',(#4838),#4856,.T.);
#4838 = FACE_BOUND('',#4839,.T.);
#4839 = EDGE_LOOP('',(#4840,#4841,#4842,#4850));
#4840 = ORIENTED_EDGE('',*,*,#4817,.F.);
#4841 = ORIENTED_EDGE('',*,*,#3960,.T.);
#4842 = ORIENTED_EDGE('',*,*,#4843,.T.);
#4843 = EDGE_CURVE('',#3961,#4844,#4846,.T.);
#4844 = VERTEX_POINT('',#4845);
#4845 = CARTESIAN_POINT('',(8.05,-5.75,3.15));
#4846 = LINE('',#4847,#4848);
#4847 = CARTESIAN_POINT('',(8.1,-5.7,3.2));
#4848 = VECTOR('',#4849,1.);
#4849 = DIRECTION('',(-0.57735026919,-0.57735026919,-0.57735026919));
#4850 = ORIENTED_EDGE('',*,*,#4851,.F.);
#4851 = EDGE_CURVE('',#4818,#4844,#4852,.T.);
#4852 = LINE('',#4853,#4854);
#4853 = CARTESIAN_POINT('',(8.05,-5.75,2.85));
#4854 = VECTOR('',#4855,1.);
#4855 = DIRECTION('',(0.,0.,1.));
#4856 = PLANE('',#4857);
#4857 = AXIS2_PLACEMENT_3D('',#4858,#4859,#4860);
#4858 = CARTESIAN_POINT('',(8.15,-5.65,2.85));
#4859 = DIRECTION('',(0.707106781187,-0.707106781187,-1.735417226644E-18
    ));
#4860 = DIRECTION('',(1.227125289148E-18,-1.227125289148E-18,1.));
#4861 = ADVANCED_FACE('',(#4862),#4873,.T.);
#4862 = FACE_BOUND('',#4863,.T.);
#4863 = EDGE_LOOP('',(#4864,#4865,#4866,#4867));
#4864 = ORIENTED_EDGE('',*,*,#4843,.F.);
#4865 = ORIENTED_EDGE('',*,*,#3985,.T.);
#4866 = ORIENTED_EDGE('',*,*,#4795,.T.);
#4867 = ORIENTED_EDGE('',*,*,#4868,.F.);
#4868 = EDGE_CURVE('',#4844,#4796,#4869,.T.);
#4869 = LINE('',#4870,#4871);
#4870 = CARTESIAN_POINT('',(8.25,-5.75,3.15));
#4871 = VECTOR('',#4872,1.);
#4872 = DIRECTION('',(-1.,1.224646799147E-16,0.));
#4873 = PLANE('',#4874);
#4874 = AXIS2_PLACEMENT_3D('',#4875,#4876,#4877);
#4875 = CARTESIAN_POINT('',(8.25,-5.65,3.25));
#4876 = DIRECTION('',(-8.659560562349E-17,-0.707106781187,0.707106781187
    ));
#4877 = DIRECTION('',(-1.,1.224646799147E-16,2.105272540809E-29));
#4878 = ADVANCED_FACE('',(#4879),#4904,.F.);
#4879 = FACE_BOUND('',#4880,.F.);
#4880 = EDGE_LOOP('',(#4881,#4889,#4890,#4898));
#4881 = ORIENTED_EDGE('',*,*,#4882,.F.);
#4882 = EDGE_CURVE('',#4010,#4883,#4885,.T.);
#4883 = VERTEX_POINT('',#4884);
#4884 = CARTESIAN_POINT('',(10.25,-0.3,3.35));
#4885 = LINE('',#4886,#4887);
#4886 = CARTESIAN_POINT('',(10.25,-5.75,3.35));
#4887 = VECTOR('',#4888,1.);
#4888 = DIRECTION('',(1.224646799147E-16,1.,0.));
#4889 = ORIENTED_EDGE('',*,*,#4007,.F.);
#4890 = ORIENTED_EDGE('',*,*,#4891,.T.);
#4891 = EDGE_CURVE('',#4008,#4892,#4894,.T.);
#4892 = VERTEX_POINT('',#4893);
#4893 = CARTESIAN_POINT('',(9.75,-0.3,3.35));
#4894 = LINE('',#4895,#4896);
#4895 = CARTESIAN_POINT('',(9.75,-5.75,3.35));
#4896 = VECTOR('',#4897,1.);
#4897 = DIRECTION('',(1.224646799147E-16,1.,0.));
#4898 = ORIENTED_EDGE('',*,*,#4899,.F.);
#4899 = EDGE_CURVE('',#4883,#4892,#4900,.T.);
#4900 = LINE('',#4901,#4902);
#4901 = CARTESIAN_POINT('',(10.25,-0.3,3.35));
#4902 = VECTOR('',#4903,1.);
#4903 = DIRECTION('',(-1.,1.224646799147E-16,0.));
#4904 = PLANE('',#4905);
#4905 = AXIS2_PLACEMENT_3D('',#4906,#4907,#4908);
#4906 = CARTESIAN_POINT('',(10.25,-5.75,3.35));
#4907 = DIRECTION('',(-0.,0.,-1.));
#4908 = DIRECTION('',(1.224646799147E-16,1.,0.));
#4909 = ADVANCED_FACE('',(#4910),#4994,.T.);
#4910 = FACE_BOUND('',#4911,.T.);
#4911 = EDGE_LOOP('',(#4912,#4913,#4914,#4923,#4931,#4939,#4947,#4955,
    #4963,#4971,#4979,#4988));
#4912 = ORIENTED_EDGE('',*,*,#4033,.F.);
#4913 = ORIENTED_EDGE('',*,*,#4891,.T.);
#4914 = ORIENTED_EDGE('',*,*,#4915,.T.);
#4915 = EDGE_CURVE('',#4892,#4916,#4918,.T.);
#4916 = VERTEX_POINT('',#4917);
#4917 = CARTESIAN_POINT('',(9.75,0.25,2.8));
#4918 = CIRCLE('',#4919,0.55);
#4919 = AXIS2_PLACEMENT_3D('',#4920,#4921,#4922);
#4920 = CARTESIAN_POINT('',(9.75,-0.3,2.8));
#4921 = DIRECTION('',(-1.,1.224646799147E-16,0.));
#4922 = DIRECTION('',(0.,0.,1.));
#4923 = ORIENTED_EDGE('',*,*,#4924,.T.);
#4924 = EDGE_CURVE('',#4916,#4925,#4927,.T.);
#4925 = VERTEX_POINT('',#4926);
#4926 = CARTESIAN_POINT('',(9.75,0.25,-0.9));
#4927 = LINE('',#4928,#4929);
#4928 = CARTESIAN_POINT('',(9.75,0.25,3.35));
#4929 = VECTOR('',#4930,1.);
#4930 = DIRECTION('',(-0.,0.,-1.));
#4931 = ORIENTED_EDGE('',*,*,#4932,.T.);
#4932 = EDGE_CURVE('',#4925,#4933,#4935,.T.);
#4933 = VERTEX_POINT('',#4934);
#4934 = CARTESIAN_POINT('',(9.75,-5.E-02,-1.5));
#4935 = LINE('',#4936,#4937);
#4936 = CARTESIAN_POINT('',(9.75,0.25,-0.9));
#4937 = VECTOR('',#4938,1.);
#4938 = DIRECTION('',(-5.476786982641E-17,-0.4472135955,-0.894427191));
#4939 = ORIENTED_EDGE('',*,*,#4940,.T.);
#4940 = EDGE_CURVE('',#4933,#4941,#4943,.T.);
#4941 = VERTEX_POINT('',#4942);
#4942 = CARTESIAN_POINT('',(9.75,0.218421052632,-3.2));
#4943 = LINE('',#4944,#4945);
#4944 = CARTESIAN_POINT('',(9.75,-5.E-02,-1.5));
#4945 = VECTOR('',#4946,1.);
#4946 = DIRECTION('',(1.909990663905E-17,0.155962573473,-0.987762965329)
  );
#4947 = ORIENTED_EDGE('',*,*,#4948,.T.);
#4948 = EDGE_CURVE('',#4941,#4949,#4951,.T.);
#4949 = VERTEX_POINT('',#4950);
#4950 = CARTESIAN_POINT('',(9.75,-0.281578947368,-3.2));
#4951 = LINE('',#4952,#4953);
#4952 = CARTESIAN_POINT('',(9.75,0.25,-3.2));
#4953 = VECTOR('',#4954,1.);
#4954 = DIRECTION('',(-1.224646799147E-16,-1.,0.));
#4955 = ORIENTED_EDGE('',*,*,#4956,.T.);
#4956 = EDGE_CURVE('',#4949,#4957,#4959,.T.);
#4957 = VERTEX_POINT('',#4958);
#4958 = CARTESIAN_POINT('',(9.75,-0.55,-1.5));
#4959 = LINE('',#4960,#4961);
#4960 = CARTESIAN_POINT('',(9.75,-0.25,-3.4));
#4961 = VECTOR('',#4962,1.);
#4962 = DIRECTION('',(-1.909990663905E-17,-0.155962573473,0.987762965329
    ));
#4963 = ORIENTED_EDGE('',*,*,#4964,.T.);
#4964 = EDGE_CURVE('',#4957,#4965,#4967,.T.);
#4965 = VERTEX_POINT('',#4966);
#4966 = CARTESIAN_POINT('',(9.75,-0.25,-0.9));
#4967 = LINE('',#4968,#4969);
#4968 = CARTESIAN_POINT('',(9.75,-0.55,-1.5));
#4969 = VECTOR('',#4970,1.);
#4970 = DIRECTION('',(5.476786982641E-17,0.4472135955,0.894427191));
#4971 = ORIENTED_EDGE('',*,*,#4972,.T.);
#4972 = EDGE_CURVE('',#4965,#4973,#4975,.T.);
#4973 = VERTEX_POINT('',#4974);
#4974 = CARTESIAN_POINT('',(9.75,-0.25,2.8));
#4975 = LINE('',#4976,#4977);
#4976 = CARTESIAN_POINT('',(9.75,-0.25,-0.9));
#4977 = VECTOR('',#4978,1.);
#4978 = DIRECTION('',(0.,0.,1.));
#4979 = ORIENTED_EDGE('',*,*,#4980,.F.);
#4980 = EDGE_CURVE('',#4981,#4973,#4983,.T.);
#4981 = VERTEX_POINT('',#4982);
#4982 = CARTESIAN_POINT('',(9.75,-0.3,2.85));
#4983 = CIRCLE('',#4984,5.E-02);
#4984 = AXIS2_PLACEMENT_3D('',#4985,#4986,#4987);
#4985 = CARTESIAN_POINT('',(9.75,-0.3,2.8));
#4986 = DIRECTION('',(-1.,1.224646799147E-16,0.));
#4987 = DIRECTION('',(0.,0.,1.));
#4988 = ORIENTED_EDGE('',*,*,#4989,.T.);
#4989 = EDGE_CURVE('',#4981,#4026,#4990,.T.);
#4990 = LINE('',#4991,#4992);
#4991 = CARTESIAN_POINT('',(9.75,-0.25,2.85));
#4992 = VECTOR('',#4993,1.);
#4993 = DIRECTION('',(-1.224646799147E-16,-1.,0.));
#4994 = PLANE('',#4995);
#4995 = AXIS2_PLACEMENT_3D('',#4996,#4997,#4998);
#4996 = CARTESIAN_POINT('',(9.75,-1.421959173294,1.302213422577));
#4997 = DIRECTION('',(-1.,1.224646799147E-16,0.));
#4998 = DIRECTION('',(0.,0.,1.));
#4999 = ADVANCED_FACE('',(#5000),#5018,.F.);
#5000 = FACE_BOUND('',#5001,.F.);
#5001 = EDGE_LOOP('',(#5002,#5010,#5016,#5017));
#5002 = ORIENTED_EDGE('',*,*,#5003,.F.);
#5003 = EDGE_CURVE('',#5004,#4018,#5006,.T.);
#5004 = VERTEX_POINT('',#5005);
#5005 = CARTESIAN_POINT('',(10.25,-0.3,2.85));
#5006 = LINE('',#5007,#5008);
#5007 = CARTESIAN_POINT('',(10.25,-0.25,2.85));
#5008 = VECTOR('',#5009,1.);
#5009 = DIRECTION('',(-1.224646799147E-16,-1.,0.));
#5010 = ORIENTED_EDGE('',*,*,#5011,.T.);
#5011 = EDGE_CURVE('',#5004,#4981,#5012,.T.);
#5012 = LINE('',#5013,#5014);
#5013 = CARTESIAN_POINT('',(10.25,-0.3,2.85));
#5014 = VECTOR('',#5015,1.);
#5015 = DIRECTION('',(-1.,1.224646799147E-16,0.));
#5016 = ORIENTED_EDGE('',*,*,#4989,.T.);
#5017 = ORIENTED_EDGE('',*,*,#4025,.F.);
#5018 = PLANE('',#5019);
#5019 = AXIS2_PLACEMENT_3D('',#5020,#5021,#5022);
#5020 = CARTESIAN_POINT('',(10.25,-0.25,2.85));
#5021 = DIRECTION('',(0.,0.,1.));
#5022 = DIRECTION('',(-1.224646799147E-16,-1.,0.));
#5023 = ADVANCED_FACE('',(#5024),#5101,.F.);
#5024 = FACE_BOUND('',#5025,.F.);
#5025 = EDGE_LOOP('',(#5026,#5027,#5028,#5037,#5045,#5053,#5061,#5069,
    #5077,#5085,#5093,#5100));
#5026 = ORIENTED_EDGE('',*,*,#4017,.F.);
#5027 = ORIENTED_EDGE('',*,*,#4882,.T.);
#5028 = ORIENTED_EDGE('',*,*,#5029,.T.);
#5029 = EDGE_CURVE('',#4883,#5030,#5032,.T.);
#5030 = VERTEX_POINT('',#5031);
#5031 = CARTESIAN_POINT('',(10.25,0.25,2.8));
#5032 = CIRCLE('',#5033,0.55);
#5033 = AXIS2_PLACEMENT_3D('',#5034,#5035,#5036);
#5034 = CARTESIAN_POINT('',(10.25,-0.3,2.8));
#5035 = DIRECTION('',(-1.,1.224646799147E-16,0.));
#5036 = DIRECTION('',(0.,0.,1.));
#5037 = ORIENTED_EDGE('',*,*,#5038,.T.);
#5038 = EDGE_CURVE('',#5030,#5039,#5041,.T.);
#5039 = VERTEX_POINT('',#5040);
#5040 = CARTESIAN_POINT('',(10.25,0.25,-0.9));
#5041 = LINE('',#5042,#5043);
#5042 = CARTESIAN_POINT('',(10.25,0.25,3.35));
#5043 = VECTOR('',#5044,1.);
#5044 = DIRECTION('',(-0.,0.,-1.));
#5045 = ORIENTED_EDGE('',*,*,#5046,.T.);
#5046 = EDGE_CURVE('',#5039,#5047,#5049,.T.);
#5047 = VERTEX_POINT('',#5048);
#5048 = CARTESIAN_POINT('',(10.25,-5.E-02,-1.5));
#5049 = LINE('',#5050,#5051);
#5050 = CARTESIAN_POINT('',(10.25,0.25,-0.9));
#5051 = VECTOR('',#5052,1.);
#5052 = DIRECTION('',(-5.476786982641E-17,-0.4472135955,-0.894427191));
#5053 = ORIENTED_EDGE('',*,*,#5054,.T.);
#5054 = EDGE_CURVE('',#5047,#5055,#5057,.T.);
#5055 = VERTEX_POINT('',#5056);
#5056 = CARTESIAN_POINT('',(10.25,0.218421052632,-3.2));
#5057 = LINE('',#5058,#5059);
#5058 = CARTESIAN_POINT('',(10.25,-5.E-02,-1.5));
#5059 = VECTOR('',#5060,1.);
#5060 = DIRECTION('',(1.909990663905E-17,0.155962573473,-0.987762965329)
  );
#5061 = ORIENTED_EDGE('',*,*,#5062,.T.);
#5062 = EDGE_CURVE('',#5055,#5063,#5065,.T.);
#5063 = VERTEX_POINT('',#5064);
#5064 = CARTESIAN_POINT('',(10.25,-0.281578947368,-3.2));
#5065 = LINE('',#5066,#5067);
#5066 = CARTESIAN_POINT('',(10.25,0.25,-3.2));
#5067 = VECTOR('',#5068,1.);
#5068 = DIRECTION('',(-1.224646799147E-16,-1.,0.));
#5069 = ORIENTED_EDGE('',*,*,#5070,.T.);
#5070 = EDGE_CURVE('',#5063,#5071,#5073,.T.);
#5071 = VERTEX_POINT('',#5072);
#5072 = CARTESIAN_POINT('',(10.25,-0.55,-1.5));
#5073 = LINE('',#5074,#5075);
#5074 = CARTESIAN_POINT('',(10.25,-0.25,-3.4));
#5075 = VECTOR('',#5076,1.);
#5076 = DIRECTION('',(-1.909990663905E-17,-0.155962573473,0.987762965329
    ));
#5077 = ORIENTED_EDGE('',*,*,#5078,.T.);
#5078 = EDGE_CURVE('',#5071,#5079,#5081,.T.);
#5079 = VERTEX_POINT('',#5080);
#5080 = CARTESIAN_POINT('',(10.25,-0.25,-0.9));
#5081 = LINE('',#5082,#5083);
#5082 = CARTESIAN_POINT('',(10.25,-0.55,-1.5));
#5083 = VECTOR('',#5084,1.);
#5084 = DIRECTION('',(5.476786982641E-17,0.4472135955,0.894427191));
#5085 = ORIENTED_EDGE('',*,*,#5086,.T.);
#5086 = EDGE_CURVE('',#5079,#5087,#5089,.T.);
#5087 = VERTEX_POINT('',#5088);
#5088 = CARTESIAN_POINT('',(10.25,-0.25,2.8));
#5089 = LINE('',#5090,#5091);
#5090 = CARTESIAN_POINT('',(10.25,-0.25,-0.9));
#5091 = VECTOR('',#5092,1.);
#5092 = DIRECTION('',(0.,0.,1.));
#5093 = ORIENTED_EDGE('',*,*,#5094,.F.);
#5094 = EDGE_CURVE('',#5004,#5087,#5095,.T.);
#5095 = CIRCLE('',#5096,5.E-02);
#5096 = AXIS2_PLACEMENT_3D('',#5097,#5098,#5099);
#5097 = CARTESIAN_POINT('',(10.25,-0.3,2.8));
#5098 = DIRECTION('',(-1.,1.224646799147E-16,0.));
#5099 = DIRECTION('',(0.,0.,1.));
#5100 = ORIENTED_EDGE('',*,*,#5003,.T.);
#5101 = PLANE('',#5102);
#5102 = AXIS2_PLACEMENT_3D('',#5103,#5104,#5105);
#5103 = CARTESIAN_POINT('',(10.25,-1.421959173294,1.302213422577));
#5104 = DIRECTION('',(-1.,1.224646799147E-16,0.));
#5105 = DIRECTION('',(0.,0.,1.));
#5106 = ADVANCED_FACE('',(#5107),#5166,.T.);
#5107 = FACE_BOUND('',#5108,.T.);
#5108 = EDGE_LOOP('',(#5109,#5110,#5118,#5127,#5135,#5143,#5151,#5160));
#5109 = ORIENTED_EDGE('',*,*,#4053,.F.);
#5110 = ORIENTED_EDGE('',*,*,#5111,.T.);
#5111 = EDGE_CURVE('',#4054,#5112,#5114,.T.);
#5112 = VERTEX_POINT('',#5113);
#5113 = CARTESIAN_POINT('',(7.75,-0.3,3.35));
#5114 = LINE('',#5115,#5116);
#5115 = CARTESIAN_POINT('',(7.75,-5.75,3.35));
#5116 = VECTOR('',#5117,1.);
#5117 = DIRECTION('',(1.224646799147E-16,1.,0.));
#5118 = ORIENTED_EDGE('',*,*,#5119,.T.);
#5119 = EDGE_CURVE('',#5112,#5120,#5122,.T.);
#5120 = VERTEX_POINT('',#5121);
#5121 = CARTESIAN_POINT('',(7.75,0.25,2.8));
#5122 = CIRCLE('',#5123,0.55);
#5123 = AXIS2_PLACEMENT_3D('',#5124,#5125,#5126);
#5124 = CARTESIAN_POINT('',(7.75,-0.3,2.8));
#5125 = DIRECTION('',(-1.,1.224646799147E-16,0.));
#5126 = DIRECTION('',(0.,0.,1.));
#5127 = ORIENTED_EDGE('',*,*,#5128,.T.);
#5128 = EDGE_CURVE('',#5120,#5129,#5131,.T.);
#5129 = VERTEX_POINT('',#5130);
#5130 = CARTESIAN_POINT('',(7.75,0.25,-3.2));
#5131 = LINE('',#5132,#5133);
#5132 = CARTESIAN_POINT('',(7.75,0.25,3.35));
#5133 = VECTOR('',#5134,1.);
#5134 = DIRECTION('',(-0.,0.,-1.));
#5135 = ORIENTED_EDGE('',*,*,#5136,.T.);
#5136 = EDGE_CURVE('',#5129,#5137,#5139,.T.);
#5137 = VERTEX_POINT('',#5138);
#5138 = CARTESIAN_POINT('',(7.75,-0.25,-3.2));
#5139 = LINE('',#5140,#5141);
#5140 = CARTESIAN_POINT('',(7.75,0.25,-3.2));
#5141 = VECTOR('',#5142,1.);
#5142 = DIRECTION('',(-1.224646799147E-16,-1.,0.));
#5143 = ORIENTED_EDGE('',*,*,#5144,.T.);
#5144 = EDGE_CURVE('',#5137,#5145,#5147,.T.);
#5145 = VERTEX_POINT('',#5146);
#5146 = CARTESIAN_POINT('',(7.75,-0.25,2.8));
#5147 = LINE('',#5148,#5149);
#5148 = CARTESIAN_POINT('',(7.75,-0.25,-3.4));
#5149 = VECTOR('',#5150,1.);
#5150 = DIRECTION('',(0.,0.,1.));
#5151 = ORIENTED_EDGE('',*,*,#5152,.F.);
#5152 = EDGE_CURVE('',#5153,#5145,#5155,.T.);
#5153 = VERTEX_POINT('',#5154);
#5154 = CARTESIAN_POINT('',(7.75,-0.3,2.85));
#5155 = CIRCLE('',#5156,5.E-02);
#5156 = AXIS2_PLACEMENT_3D('',#5157,#5158,#5159);
#5157 = CARTESIAN_POINT('',(7.75,-0.3,2.8));
#5158 = DIRECTION('',(-1.,1.224646799147E-16,0.));
#5159 = DIRECTION('',(0.,0.,1.));
#5160 = ORIENTED_EDGE('',*,*,#5161,.T.);
#5161 = EDGE_CURVE('',#5153,#4056,#5162,.T.);
#5162 = LINE('',#5163,#5164);
#5163 = CARTESIAN_POINT('',(7.75,-0.25,2.85));
#5164 = VECTOR('',#5165,1.);
#5165 = DIRECTION('',(-1.224646799147E-16,-1.,0.));
#5166 = PLANE('',#5167);
#5167 = AXIS2_PLACEMENT_3D('',#5168,#5169,#5170);
#5168 = CARTESIAN_POINT('',(7.75,-1.401960784314,1.323039215686));
#5169 = DIRECTION('',(-1.,1.224646799147E-16,0.));
#5170 = DIRECTION('',(0.,0.,1.));
#5171 = ADVANCED_FACE('',(#5172),#5190,.F.);
#5172 = FACE_BOUND('',#5173,.F.);
#5173 = EDGE_LOOP('',(#5174,#5182,#5188,#5189));
#5174 = ORIENTED_EDGE('',*,*,#5175,.F.);
#5175 = EDGE_CURVE('',#5176,#4072,#5178,.T.);
#5176 = VERTEX_POINT('',#5177);
#5177 = CARTESIAN_POINT('',(8.25,-0.3,2.85));
#5178 = LINE('',#5179,#5180);
#5179 = CARTESIAN_POINT('',(8.25,-0.25,2.85));
#5180 = VECTOR('',#5181,1.);
#5181 = DIRECTION('',(-1.224646799147E-16,-1.,0.));
#5182 = ORIENTED_EDGE('',*,*,#5183,.T.);
#5183 = EDGE_CURVE('',#5176,#5153,#5184,.T.);
#5184 = LINE('',#5185,#5186);
#5185 = CARTESIAN_POINT('',(8.25,-0.3,2.85));
#5186 = VECTOR('',#5187,1.);
#5187 = DIRECTION('',(-1.,1.224646799147E-16,0.));
#5188 = ORIENTED_EDGE('',*,*,#5161,.T.);
#5189 = ORIENTED_EDGE('',*,*,#4079,.F.);
#5190 = PLANE('',#5191);
#5191 = AXIS2_PLACEMENT_3D('',#5192,#5193,#5194);
#5192 = CARTESIAN_POINT('',(8.25,-0.25,2.85));
#5193 = DIRECTION('',(0.,0.,1.));
#5194 = DIRECTION('',(-1.224646799147E-16,-1.,0.));
#5195 = ADVANCED_FACE('',(#5196),#5248,.F.);
#5196 = FACE_BOUND('',#5197,.F.);
#5197 = EDGE_LOOP('',(#5198,#5199,#5207,#5216,#5224,#5232,#5240,#5247));
#5198 = ORIENTED_EDGE('',*,*,#4071,.F.);
#5199 = ORIENTED_EDGE('',*,*,#5200,.T.);
#5200 = EDGE_CURVE('',#4064,#5201,#5203,.T.);
#5201 = VERTEX_POINT('',#5202);
#5202 = CARTESIAN_POINT('',(8.25,-0.3,3.35));
#5203 = LINE('',#5204,#5205);
#5204 = CARTESIAN_POINT('',(8.25,-5.75,3.35));
#5205 = VECTOR('',#5206,1.);
#5206 = DIRECTION('',(1.224646799147E-16,1.,0.));
#5207 = ORIENTED_EDGE('',*,*,#5208,.T.);
#5208 = EDGE_CURVE('',#5201,#5209,#5211,.T.);
#5209 = VERTEX_POINT('',#5210);
#5210 = CARTESIAN_POINT('',(8.25,0.25,2.8));
#5211 = CIRCLE('',#5212,0.55);
#5212 = AXIS2_PLACEMENT_3D('',#5213,#5214,#5215);
#5213 = CARTESIAN_POINT('',(8.25,-0.3,2.8));
#5214 = DIRECTION('',(-1.,1.224646799147E-16,0.));
#5215 = DIRECTION('',(0.,0.,1.));
#5216 = ORIENTED_EDGE('',*,*,#5217,.T.);
#5217 = EDGE_CURVE('',#5209,#5218,#5220,.T.);
#5218 = VERTEX_POINT('',#5219);
#5219 = CARTESIAN_POINT('',(8.25,0.25,-3.2));
#5220 = LINE('',#5221,#5222);
#5221 = CARTESIAN_POINT('',(8.25,0.25,3.35));
#5222 = VECTOR('',#5223,1.);
#5223 = DIRECTION('',(-0.,0.,-1.));
#5224 = ORIENTED_EDGE('',*,*,#5225,.T.);
#5225 = EDGE_CURVE('',#5218,#5226,#5228,.T.);
#5226 = VERTEX_POINT('',#5227);
#5227 = CARTESIAN_POINT('',(8.25,-0.25,-3.2));
#5228 = LINE('',#5229,#5230);
#5229 = CARTESIAN_POINT('',(8.25,0.25,-3.2));
#5230 = VECTOR('',#5231,1.);
#5231 = DIRECTION('',(-1.224646799147E-16,-1.,0.));
#5232 = ORIENTED_EDGE('',*,*,#5233,.T.);
#5233 = EDGE_CURVE('',#5226,#5234,#5236,.T.);
#5234 = VERTEX_POINT('',#5235);
#5235 = CARTESIAN_POINT('',(8.25,-0.25,2.8));
#5236 = LINE('',#5237,#5238);
#5237 = CARTESIAN_POINT('',(8.25,-0.25,-3.4));
#5238 = VECTOR('',#5239,1.);
#5239 = DIRECTION('',(0.,0.,1.));
#5240 = ORIENTED_EDGE('',*,*,#5241,.F.);
#5241 = EDGE_CURVE('',#5176,#5234,#5242,.T.);
#5242 = CIRCLE('',#5243,5.E-02);
#5243 = AXIS2_PLACEMENT_3D('',#5244,#5245,#5246);
#5244 = CARTESIAN_POINT('',(8.25,-0.3,2.8));
#5245 = DIRECTION('',(-1.,1.224646799147E-16,0.));
#5246 = DIRECTION('',(0.,0.,1.));
#5247 = ORIENTED_EDGE('',*,*,#5175,.T.);
#5248 = PLANE('',#5249);
#5249 = AXIS2_PLACEMENT_3D('',#5250,#5251,#5252);
#5250 = CARTESIAN_POINT('',(8.25,-1.401960784314,1.323039215686));
#5251 = DIRECTION('',(-1.,1.224646799147E-16,0.));
#5252 = DIRECTION('',(0.,0.,1.));
#5253 = ADVANCED_FACE('',(#5254),#5265,.F.);
#5254 = FACE_BOUND('',#5255,.F.);
#5255 = EDGE_LOOP('',(#5256,#5257,#5258,#5259));
#5256 = ORIENTED_EDGE('',*,*,#5200,.F.);
#5257 = ORIENTED_EDGE('',*,*,#4063,.F.);
#5258 = ORIENTED_EDGE('',*,*,#5111,.T.);
#5259 = ORIENTED_EDGE('',*,*,#5260,.F.);
#5260 = EDGE_CURVE('',#5201,#5112,#5261,.T.);
#5261 = LINE('',#5262,#5263);
#5262 = CARTESIAN_POINT('',(8.25,-0.3,3.35));
#5263 = VECTOR('',#5264,1.);
#5264 = DIRECTION('',(-1.,1.224646799147E-16,0.));
#5265 = PLANE('',#5266);
#5266 = AXIS2_PLACEMENT_3D('',#5267,#5268,#5269);
#5267 = CARTESIAN_POINT('',(8.25,-5.75,3.35));
#5268 = DIRECTION('',(-0.,0.,-1.));
#5269 = DIRECTION('',(1.224646799147E-16,1.,0.));
#5270 = ADVANCED_FACE('',(#5271),#5296,.F.);
#5271 = FACE_BOUND('',#5272,.F.);
#5272 = EDGE_LOOP('',(#5273,#5281,#5282,#5290));
#5273 = ORIENTED_EDGE('',*,*,#5274,.F.);
#5274 = EDGE_CURVE('',#4102,#5275,#5277,.T.);
#5275 = VERTEX_POINT('',#5276);
#5276 = CARTESIAN_POINT('',(6.25,-0.3,3.35));
#5277 = LINE('',#5278,#5279);
#5278 = CARTESIAN_POINT('',(6.25,-5.75,3.35));
#5279 = VECTOR('',#5280,1.);
#5280 = DIRECTION('',(1.224646799147E-16,1.,0.));
#5281 = ORIENTED_EDGE('',*,*,#4099,.F.);
#5282 = ORIENTED_EDGE('',*,*,#5283,.T.);
#5283 = EDGE_CURVE('',#4100,#5284,#5286,.T.);
#5284 = VERTEX_POINT('',#5285);
#5285 = CARTESIAN_POINT('',(5.75,-0.3,3.35));
#5286 = LINE('',#5287,#5288);
#5287 = CARTESIAN_POINT('',(5.75,-5.75,3.35));
#5288 = VECTOR('',#5289,1.);
#5289 = DIRECTION('',(1.224646799147E-16,1.,0.));
#5290 = ORIENTED_EDGE('',*,*,#5291,.F.);
#5291 = EDGE_CURVE('',#5275,#5284,#5292,.T.);
#5292 = LINE('',#5293,#5294);
#5293 = CARTESIAN_POINT('',(6.25,-0.3,3.35));
#5294 = VECTOR('',#5295,1.);
#5295 = DIRECTION('',(-1.,1.224646799147E-16,0.));
#5296 = PLANE('',#5297);
#5297 = AXIS2_PLACEMENT_3D('',#5298,#5299,#5300);
#5298 = CARTESIAN_POINT('',(6.25,-5.75,3.35));
#5299 = DIRECTION('',(-0.,0.,-1.));
#5300 = DIRECTION('',(1.224646799147E-16,1.,0.));
#5301 = ADVANCED_FACE('',(#5302),#5354,.T.);
#5302 = FACE_BOUND('',#5303,.T.);
#5303 = EDGE_LOOP('',(#5304,#5305,#5306,#5315,#5323,#5331,#5339,#5348));
#5304 = ORIENTED_EDGE('',*,*,#4125,.F.);
#5305 = ORIENTED_EDGE('',*,*,#5283,.T.);
#5306 = ORIENTED_EDGE('',*,*,#5307,.T.);
#5307 = EDGE_CURVE('',#5284,#5308,#5310,.T.);
#5308 = VERTEX_POINT('',#5309);
#5309 = CARTESIAN_POINT('',(5.75,0.25,2.8));
#5310 = CIRCLE('',#5311,0.55);
#5311 = AXIS2_PLACEMENT_3D('',#5312,#5313,#5314);
#5312 = CARTESIAN_POINT('',(5.75,-0.3,2.8));
#5313 = DIRECTION('',(-1.,1.224646799147E-16,0.));
#5314 = DIRECTION('',(0.,0.,1.));
#5315 = ORIENTED_EDGE('',*,*,#5316,.T.);
#5316 = EDGE_CURVE('',#5308,#5317,#5319,.T.);
#5317 = VERTEX_POINT('',#5318);
#5318 = CARTESIAN_POINT('',(5.75,0.25,-3.2));
#5319 = LINE('',#5320,#5321);
#5320 = CARTESIAN_POINT('',(5.75,0.25,3.35));
#5321 = VECTOR('',#5322,1.);
#5322 = DIRECTION('',(-0.,0.,-1.));
#5323 = ORIENTED_EDGE('',*,*,#5324,.T.);
#5324 = EDGE_CURVE('',#5317,#5325,#5327,.T.);
#5325 = VERTEX_POINT('',#5326);
#5326 = CARTESIAN_POINT('',(5.75,-0.25,-3.2));
#5327 = LINE('',#5328,#5329);
#5328 = CARTESIAN_POINT('',(5.75,0.25,-3.2));
#5329 = VECTOR('',#5330,1.);
#5330 = DIRECTION('',(-1.224646799147E-16,-1.,0.));
#5331 = ORIENTED_EDGE('',*,*,#5332,.T.);
#5332 = EDGE_CURVE('',#5325,#5333,#5335,.T.);
#5333 = VERTEX_POINT('',#5334);
#5334 = CARTESIAN_POINT('',(5.75,-0.25,2.8));
#5335 = LINE('',#5336,#5337);
#5336 = CARTESIAN_POINT('',(5.75,-0.25,-3.4));
#5337 = VECTOR('',#5338,1.);
#5338 = DIRECTION('',(0.,0.,1.));
#5339 = ORIENTED_EDGE('',*,*,#5340,.F.);
#5340 = EDGE_CURVE('',#5341,#5333,#5343,.T.);
#5341 = VERTEX_POINT('',#5342);
#5342 = CARTESIAN_POINT('',(5.75,-0.3,2.85));
#5343 = CIRCLE('',#5344,5.E-02);
#5344 = AXIS2_PLACEMENT_3D('',#5345,#5346,#5347);
#5345 = CARTESIAN_POINT('',(5.75,-0.3,2.8));
#5346 = DIRECTION('',(-1.,1.224646799147E-16,0.));
#5347 = DIRECTION('',(0.,0.,1.));
#5348 = ORIENTED_EDGE('',*,*,#5349,.T.);
#5349 = EDGE_CURVE('',#5341,#4118,#5350,.T.);
#5350 = LINE('',#5351,#5352);
#5351 = CARTESIAN_POINT('',(5.75,-0.25,2.85));
#5352 = VECTOR('',#5353,1.);
#5353 = DIRECTION('',(-1.224646799147E-16,-1.,0.));
#5354 = PLANE('',#5355);
#5355 = AXIS2_PLACEMENT_3D('',#5356,#5357,#5358);
#5356 = CARTESIAN_POINT('',(5.75,-1.401960784314,1.323039215686));
#5357 = DIRECTION('',(-1.,1.224646799147E-16,0.));
#5358 = DIRECTION('',(0.,0.,1.));
#5359 = ADVANCED_FACE('',(#5360),#5378,.F.);
#5360 = FACE_BOUND('',#5361,.F.);
#5361 = EDGE_LOOP('',(#5362,#5370,#5376,#5377));
#5362 = ORIENTED_EDGE('',*,*,#5363,.F.);
#5363 = EDGE_CURVE('',#5364,#4110,#5366,.T.);
#5364 = VERTEX_POINT('',#5365);
#5365 = CARTESIAN_POINT('',(6.25,-0.3,2.85));
#5366 = LINE('',#5367,#5368);
#5367 = CARTESIAN_POINT('',(6.25,-0.25,2.85));
#5368 = VECTOR('',#5369,1.);
#5369 = DIRECTION('',(-1.224646799147E-16,-1.,0.));
#5370 = ORIENTED_EDGE('',*,*,#5371,.T.);
#5371 = EDGE_CURVE('',#5364,#5341,#5372,.T.);
#5372 = LINE('',#5373,#5374);
#5373 = CARTESIAN_POINT('',(6.25,-0.3,2.85));
#5374 = VECTOR('',#5375,1.);
#5375 = DIRECTION('',(-1.,1.224646799147E-16,0.));
#5376 = ORIENTED_EDGE('',*,*,#5349,.T.);
#5377 = ORIENTED_EDGE('',*,*,#4117,.F.);
#5378 = PLANE('',#5379);
#5379 = AXIS2_PLACEMENT_3D('',#5380,#5381,#5382);
#5380 = CARTESIAN_POINT('',(6.25,-0.25,2.85));
#5381 = DIRECTION('',(0.,0.,1.));
#5382 = DIRECTION('',(-1.224646799147E-16,-1.,0.));
#5383 = ADVANCED_FACE('',(#5384),#5429,.F.);
#5384 = FACE_BOUND('',#5385,.F.);
#5385 = EDGE_LOOP('',(#5386,#5387,#5388,#5397,#5405,#5413,#5421,#5428));
#5386 = ORIENTED_EDGE('',*,*,#4109,.F.);
#5387 = ORIENTED_EDGE('',*,*,#5274,.T.);
#5388 = ORIENTED_EDGE('',*,*,#5389,.T.);
#5389 = EDGE_CURVE('',#5275,#5390,#5392,.T.);
#5390 = VERTEX_POINT('',#5391);
#5391 = CARTESIAN_POINT('',(6.25,0.25,2.8));
#5392 = CIRCLE('',#5393,0.55);
#5393 = AXIS2_PLACEMENT_3D('',#5394,#5395,#5396);
#5394 = CARTESIAN_POINT('',(6.25,-0.3,2.8));
#5395 = DIRECTION('',(-1.,1.224646799147E-16,0.));
#5396 = DIRECTION('',(0.,0.,1.));
#5397 = ORIENTED_EDGE('',*,*,#5398,.T.);
#5398 = EDGE_CURVE('',#5390,#5399,#5401,.T.);
#5399 = VERTEX_POINT('',#5400);
#5400 = CARTESIAN_POINT('',(6.25,0.25,-3.2));
#5401 = LINE('',#5402,#5403);
#5402 = CARTESIAN_POINT('',(6.25,0.25,3.35));
#5403 = VECTOR('',#5404,1.);
#5404 = DIRECTION('',(-0.,0.,-1.));
#5405 = ORIENTED_EDGE('',*,*,#5406,.T.);
#5406 = EDGE_CURVE('',#5399,#5407,#5409,.T.);
#5407 = VERTEX_POINT('',#5408);
#5408 = CARTESIAN_POINT('',(6.25,-0.25,-3.2));
#5409 = LINE('',#5410,#5411);
#5410 = CARTESIAN_POINT('',(6.25,0.25,-3.2));
#5411 = VECTOR('',#5412,1.);
#5412 = DIRECTION('',(-1.224646799147E-16,-1.,0.));
#5413 = ORIENTED_EDGE('',*,*,#5414,.T.);
#5414 = EDGE_CURVE('',#5407,#5415,#5417,.T.);
#5415 = VERTEX_POINT('',#5416);
#5416 = CARTESIAN_POINT('',(6.25,-0.25,2.8));
#5417 = LINE('',#5418,#5419);
#5418 = CARTESIAN_POINT('',(6.25,-0.25,-3.4));
#5419 = VECTOR('',#5420,1.);
#5420 = DIRECTION('',(0.,0.,1.));
#5421 = ORIENTED_EDGE('',*,*,#5422,.F.);
#5422 = EDGE_CURVE('',#5364,#5415,#5423,.T.);
#5423 = CIRCLE('',#5424,5.E-02);
#5424 = AXIS2_PLACEMENT_3D('',#5425,#5426,#5427);
#5425 = CARTESIAN_POINT('',(6.25,-0.3,2.8));
#5426 = DIRECTION('',(-1.,1.224646799147E-16,0.));
#5427 = DIRECTION('',(0.,0.,1.));
#5428 = ORIENTED_EDGE('',*,*,#5363,.T.);
#5429 = PLANE('',#5430);
#5430 = AXIS2_PLACEMENT_3D('',#5431,#5432,#5433);
#5431 = CARTESIAN_POINT('',(6.25,-1.401960784314,1.323039215686));
#5432 = DIRECTION('',(-1.,1.224646799147E-16,0.));
#5433 = DIRECTION('',(0.,0.,1.));
#5434 = ADVANCED_FACE('',(#5435),#5494,.T.);
#5435 = FACE_BOUND('',#5436,.T.);
#5436 = EDGE_LOOP('',(#5437,#5438,#5446,#5455,#5463,#5471,#5479,#5488));
#5437 = ORIENTED_EDGE('',*,*,#4145,.F.);
#5438 = ORIENTED_EDGE('',*,*,#5439,.T.);
#5439 = EDGE_CURVE('',#4146,#5440,#5442,.T.);
#5440 = VERTEX_POINT('',#5441);
#5441 = CARTESIAN_POINT('',(3.75,-0.3,3.35));
#5442 = LINE('',#5443,#5444);
#5443 = CARTESIAN_POINT('',(3.75,-5.75,3.35));
#5444 = VECTOR('',#5445,1.);
#5445 = DIRECTION('',(1.224646799147E-16,1.,0.));
#5446 = ORIENTED_EDGE('',*,*,#5447,.T.);
#5447 = EDGE_CURVE('',#5440,#5448,#5450,.T.);
#5448 = VERTEX_POINT('',#5449);
#5449 = CARTESIAN_POINT('',(3.75,0.25,2.8));
#5450 = CIRCLE('',#5451,0.55);
#5451 = AXIS2_PLACEMENT_3D('',#5452,#5453,#5454);
#5452 = CARTESIAN_POINT('',(3.75,-0.3,2.8));
#5453 = DIRECTION('',(-1.,1.224646799147E-16,0.));
#5454 = DIRECTION('',(0.,0.,1.));
#5455 = ORIENTED_EDGE('',*,*,#5456,.T.);
#5456 = EDGE_CURVE('',#5448,#5457,#5459,.T.);
#5457 = VERTEX_POINT('',#5458);
#5458 = CARTESIAN_POINT('',(3.75,0.25,-3.2));
#5459 = LINE('',#5460,#5461);
#5460 = CARTESIAN_POINT('',(3.75,0.25,3.35));
#5461 = VECTOR('',#5462,1.);
#5462 = DIRECTION('',(-0.,0.,-1.));
#5463 = ORIENTED_EDGE('',*,*,#5464,.T.);
#5464 = EDGE_CURVE('',#5457,#5465,#5467,.T.);
#5465 = VERTEX_POINT('',#5466);
#5466 = CARTESIAN_POINT('',(3.75,-0.25,-3.2));
#5467 = LINE('',#5468,#5469);
#5468 = CARTESIAN_POINT('',(3.75,0.25,-3.2));
#5469 = VECTOR('',#5470,1.);
#5470 = DIRECTION('',(-1.224646799147E-16,-1.,0.));
#5471 = ORIENTED_EDGE('',*,*,#5472,.T.);
#5472 = EDGE_CURVE('',#5465,#5473,#5475,.T.);
#5473 = VERTEX_POINT('',#5474);
#5474 = CARTESIAN_POINT('',(3.75,-0.25,2.8));
#5475 = LINE('',#5476,#5477);
#5476 = CARTESIAN_POINT('',(3.75,-0.25,-3.4));
#5477 = VECTOR('',#5478,1.);
#5478 = DIRECTION('',(0.,0.,1.));
#5479 = ORIENTED_EDGE('',*,*,#5480,.F.);
#5480 = EDGE_CURVE('',#5481,#5473,#5483,.T.);
#5481 = VERTEX_POINT('',#5482);
#5482 = CARTESIAN_POINT('',(3.75,-0.3,2.85));
#5483 = CIRCLE('',#5484,5.E-02);
#5484 = AXIS2_PLACEMENT_3D('',#5485,#5486,#5487);
#5485 = CARTESIAN_POINT('',(3.75,-0.3,2.8));
#5486 = DIRECTION('',(-1.,1.224646799147E-16,0.));
#5487 = DIRECTION('',(0.,0.,1.));
#5488 = ORIENTED_EDGE('',*,*,#5489,.T.);
#5489 = EDGE_CURVE('',#5481,#4148,#5490,.T.);
#5490 = LINE('',#5491,#5492);
#5491 = CARTESIAN_POINT('',(3.75,-0.25,2.85));
#5492 = VECTOR('',#5493,1.);
#5493 = DIRECTION('',(-1.224646799147E-16,-1.,0.));
#5494 = PLANE('',#5495);
#5495 = AXIS2_PLACEMENT_3D('',#5496,#5497,#5498);
#5496 = CARTESIAN_POINT('',(3.75,-1.401960784314,1.323039215686));
#5497 = DIRECTION('',(-1.,1.224646799147E-16,0.));
#5498 = DIRECTION('',(0.,0.,1.));
#5499 = ADVANCED_FACE('',(#5500),#5518,.F.);
#5500 = FACE_BOUND('',#5501,.F.);
#5501 = EDGE_LOOP('',(#5502,#5510,#5516,#5517));
#5502 = ORIENTED_EDGE('',*,*,#5503,.F.);
#5503 = EDGE_CURVE('',#5504,#4164,#5506,.T.);
#5504 = VERTEX_POINT('',#5505);
#5505 = CARTESIAN_POINT('',(4.25,-0.3,2.85));
#5506 = LINE('',#5507,#5508);
#5507 = CARTESIAN_POINT('',(4.25,-0.25,2.85));
#5508 = VECTOR('',#5509,1.);
#5509 = DIRECTION('',(-1.224646799147E-16,-1.,0.));
#5510 = ORIENTED_EDGE('',*,*,#5511,.T.);
#5511 = EDGE_CURVE('',#5504,#5481,#5512,.T.);
#5512 = LINE('',#5513,#5514);
#5513 = CARTESIAN_POINT('',(4.25,-0.3,2.85));
#5514 = VECTOR('',#5515,1.);
#5515 = DIRECTION('',(-1.,1.224646799147E-16,0.));
#5516 = ORIENTED_EDGE('',*,*,#5489,.T.);
#5517 = ORIENTED_EDGE('',*,*,#4171,.F.);
#5518 = PLANE('',#5519);
#5519 = AXIS2_PLACEMENT_3D('',#5520,#5521,#5522);
#5520 = CARTESIAN_POINT('',(4.25,-0.25,2.85));
#5521 = DIRECTION('',(0.,0.,1.));
#5522 = DIRECTION('',(-1.224646799147E-16,-1.,0.));
#5523 = ADVANCED_FACE('',(#5524),#5576,.F.);
#5524 = FACE_BOUND('',#5525,.F.);
#5525 = EDGE_LOOP('',(#5526,#5527,#5535,#5544,#5552,#5560,#5568,#5575));
#5526 = ORIENTED_EDGE('',*,*,#4163,.F.);
#5527 = ORIENTED_EDGE('',*,*,#5528,.T.);
#5528 = EDGE_CURVE('',#4156,#5529,#5531,.T.);
#5529 = VERTEX_POINT('',#5530);
#5530 = CARTESIAN_POINT('',(4.25,-0.3,3.35));
#5531 = LINE('',#5532,#5533);
#5532 = CARTESIAN_POINT('',(4.25,-5.75,3.35));
#5533 = VECTOR('',#5534,1.);
#5534 = DIRECTION('',(1.224646799147E-16,1.,0.));
#5535 = ORIENTED_EDGE('',*,*,#5536,.T.);
#5536 = EDGE_CURVE('',#5529,#5537,#5539,.T.);
#5537 = VERTEX_POINT('',#5538);
#5538 = CARTESIAN_POINT('',(4.25,0.25,2.8));
#5539 = CIRCLE('',#5540,0.55);
#5540 = AXIS2_PLACEMENT_3D('',#5541,#5542,#5543);
#5541 = CARTESIAN_POINT('',(4.25,-0.3,2.8));
#5542 = DIRECTION('',(-1.,1.224646799147E-16,0.));
#5543 = DIRECTION('',(0.,0.,1.));
#5544 = ORIENTED_EDGE('',*,*,#5545,.T.);
#5545 = EDGE_CURVE('',#5537,#5546,#5548,.T.);
#5546 = VERTEX_POINT('',#5547);
#5547 = CARTESIAN_POINT('',(4.25,0.25,-3.2));
#5548 = LINE('',#5549,#5550);
#5549 = CARTESIAN_POINT('',(4.25,0.25,3.35));
#5550 = VECTOR('',#5551,1.);
#5551 = DIRECTION('',(-0.,0.,-1.));
#5552 = ORIENTED_EDGE('',*,*,#5553,.T.);
#5553 = EDGE_CURVE('',#5546,#5554,#5556,.T.);
#5554 = VERTEX_POINT('',#5555);
#5555 = CARTESIAN_POINT('',(4.25,-0.25,-3.2));
#5556 = LINE('',#5557,#5558);
#5557 = CARTESIAN_POINT('',(4.25,0.25,-3.2));
#5558 = VECTOR('',#5559,1.);
#5559 = DIRECTION('',(-1.224646799147E-16,-1.,0.));
#5560 = ORIENTED_EDGE('',*,*,#5561,.T.);
#5561 = EDGE_CURVE('',#5554,#5562,#5564,.T.);
#5562 = VERTEX_POINT('',#5563);
#5563 = CARTESIAN_POINT('',(4.25,-0.25,2.8));
#5564 = LINE('',#5565,#5566);
#5565 = CARTESIAN_POINT('',(4.25,-0.25,-3.4));
#5566 = VECTOR('',#5567,1.);
#5567 = DIRECTION('',(0.,0.,1.));
#5568 = ORIENTED_EDGE('',*,*,#5569,.F.);
#5569 = EDGE_CURVE('',#5504,#5562,#5570,.T.);
#5570 = CIRCLE('',#5571,5.E-02);
#5571 = AXIS2_PLACEMENT_3D('',#5572,#5573,#5574);
#5572 = CARTESIAN_POINT('',(4.25,-0.3,2.8));
#5573 = DIRECTION('',(-1.,1.224646799147E-16,0.));
#5574 = DIRECTION('',(0.,0.,1.));
#5575 = ORIENTED_EDGE('',*,*,#5503,.T.);
#5576 = PLANE('',#5577);
#5577 = AXIS2_PLACEMENT_3D('',#5578,#5579,#5580);
#5578 = CARTESIAN_POINT('',(4.25,-1.401960784314,1.323039215686));
#5579 = DIRECTION('',(-1.,1.224646799147E-16,0.));
#5580 = DIRECTION('',(0.,0.,1.));
#5581 = ADVANCED_FACE('',(#5582),#5593,.F.);
#5582 = FACE_BOUND('',#5583,.F.);
#5583 = EDGE_LOOP('',(#5584,#5585,#5586,#5587));
#5584 = ORIENTED_EDGE('',*,*,#5528,.F.);
#5585 = ORIENTED_EDGE('',*,*,#4155,.F.);
#5586 = ORIENTED_EDGE('',*,*,#5439,.T.);
#5587 = ORIENTED_EDGE('',*,*,#5588,.F.);
#5588 = EDGE_CURVE('',#5529,#5440,#5589,.T.);
#5589 = LINE('',#5590,#5591);
#5590 = CARTESIAN_POINT('',(4.25,-0.3,3.35));
#5591 = VECTOR('',#5592,1.);
#5592 = DIRECTION('',(-1.,1.224646799147E-16,0.));
#5593 = PLANE('',#5594);
#5594 = AXIS2_PLACEMENT_3D('',#5595,#5596,#5597);
#5595 = CARTESIAN_POINT('',(4.25,-5.75,3.35));
#5596 = DIRECTION('',(-0.,0.,-1.));
#5597 = DIRECTION('',(1.224646799147E-16,1.,0.));
#5598 = ADVANCED_FACE('',(#5599),#5658,.T.);
#5599 = FACE_BOUND('',#5600,.T.);
#5600 = EDGE_LOOP('',(#5601,#5602,#5610,#5619,#5627,#5635,#5643,#5652));
#5601 = ORIENTED_EDGE('',*,*,#4191,.F.);
#5602 = ORIENTED_EDGE('',*,*,#5603,.T.);
#5603 = EDGE_CURVE('',#4192,#5604,#5606,.T.);
#5604 = VERTEX_POINT('',#5605);
#5605 = CARTESIAN_POINT('',(1.75,-0.3,3.35));
#5606 = LINE('',#5607,#5608);
#5607 = CARTESIAN_POINT('',(1.75,-5.75,3.35));
#5608 = VECTOR('',#5609,1.);
#5609 = DIRECTION('',(1.224646799147E-16,1.,0.));
#5610 = ORIENTED_EDGE('',*,*,#5611,.T.);
#5611 = EDGE_CURVE('',#5604,#5612,#5614,.T.);
#5612 = VERTEX_POINT('',#5613);
#5613 = CARTESIAN_POINT('',(1.75,0.25,2.8));
#5614 = CIRCLE('',#5615,0.55);
#5615 = AXIS2_PLACEMENT_3D('',#5616,#5617,#5618);
#5616 = CARTESIAN_POINT('',(1.75,-0.3,2.8));
#5617 = DIRECTION('',(-1.,1.224646799147E-16,0.));
#5618 = DIRECTION('',(0.,0.,1.));
#5619 = ORIENTED_EDGE('',*,*,#5620,.T.);
#5620 = EDGE_CURVE('',#5612,#5621,#5623,.T.);
#5621 = VERTEX_POINT('',#5622);
#5622 = CARTESIAN_POINT('',(1.75,0.25,-3.2));
#5623 = LINE('',#5624,#5625);
#5624 = CARTESIAN_POINT('',(1.75,0.25,3.35));
#5625 = VECTOR('',#5626,1.);
#5626 = DIRECTION('',(-0.,0.,-1.));
#5627 = ORIENTED_EDGE('',*,*,#5628,.T.);
#5628 = EDGE_CURVE('',#5621,#5629,#5631,.T.);
#5629 = VERTEX_POINT('',#5630);
#5630 = CARTESIAN_POINT('',(1.75,-0.25,-3.2));
#5631 = LINE('',#5632,#5633);
#5632 = CARTESIAN_POINT('',(1.75,0.25,-3.2));
#5633 = VECTOR('',#5634,1.);
#5634 = DIRECTION('',(-1.224646799147E-16,-1.,0.));
#5635 = ORIENTED_EDGE('',*,*,#5636,.T.);
#5636 = EDGE_CURVE('',#5629,#5637,#5639,.T.);
#5637 = VERTEX_POINT('',#5638);
#5638 = CARTESIAN_POINT('',(1.75,-0.25,2.8));
#5639 = LINE('',#5640,#5641);
#5640 = CARTESIAN_POINT('',(1.75,-0.25,-3.4));
#5641 = VECTOR('',#5642,1.);
#5642 = DIRECTION('',(0.,0.,1.));
#5643 = ORIENTED_EDGE('',*,*,#5644,.F.);
#5644 = EDGE_CURVE('',#5645,#5637,#5647,.T.);
#5645 = VERTEX_POINT('',#5646);
#5646 = CARTESIAN_POINT('',(1.75,-0.3,2.85));
#5647 = CIRCLE('',#5648,5.E-02);
#5648 = AXIS2_PLACEMENT_3D('',#5649,#5650,#5651);
#5649 = CARTESIAN_POINT('',(1.75,-0.3,2.8));
#5650 = DIRECTION('',(-1.,1.224646799147E-16,0.));
#5651 = DIRECTION('',(0.,0.,1.));
#5652 = ORIENTED_EDGE('',*,*,#5653,.T.);
#5653 = EDGE_CURVE('',#5645,#4194,#5654,.T.);
#5654 = LINE('',#5655,#5656);
#5655 = CARTESIAN_POINT('',(1.75,-0.25,2.85));
#5656 = VECTOR('',#5657,1.);
#5657 = DIRECTION('',(-1.224646799147E-16,-1.,0.));
#5658 = PLANE('',#5659);
#5659 = AXIS2_PLACEMENT_3D('',#5660,#5661,#5662);
#5660 = CARTESIAN_POINT('',(1.75,-1.401960784314,1.323039215686));
#5661 = DIRECTION('',(-1.,1.224646799147E-16,0.));
#5662 = DIRECTION('',(0.,0.,1.));
#5663 = ADVANCED_FACE('',(#5664),#5682,.F.);
#5664 = FACE_BOUND('',#5665,.F.);
#5665 = EDGE_LOOP('',(#5666,#5674,#5680,#5681));
#5666 = ORIENTED_EDGE('',*,*,#5667,.F.);
#5667 = EDGE_CURVE('',#5668,#4210,#5670,.T.);
#5668 = VERTEX_POINT('',#5669);
#5669 = CARTESIAN_POINT('',(2.25,-0.3,2.85));
#5670 = LINE('',#5671,#5672);
#5671 = CARTESIAN_POINT('',(2.25,-0.25,2.85));
#5672 = VECTOR('',#5673,1.);
#5673 = DIRECTION('',(-1.224646799147E-16,-1.,0.));
#5674 = ORIENTED_EDGE('',*,*,#5675,.T.);
#5675 = EDGE_CURVE('',#5668,#5645,#5676,.T.);
#5676 = LINE('',#5677,#5678);
#5677 = CARTESIAN_POINT('',(2.25,-0.3,2.85));
#5678 = VECTOR('',#5679,1.);
#5679 = DIRECTION('',(-1.,1.224646799147E-16,0.));
#5680 = ORIENTED_EDGE('',*,*,#5653,.T.);
#5681 = ORIENTED_EDGE('',*,*,#4217,.F.);
#5682 = PLANE('',#5683);
#5683 = AXIS2_PLACEMENT_3D('',#5684,#5685,#5686);
#5684 = CARTESIAN_POINT('',(2.25,-0.25,2.85));
#5685 = DIRECTION('',(0.,0.,1.));
#5686 = DIRECTION('',(-1.224646799147E-16,-1.,0.));
#5687 = ADVANCED_FACE('',(#5688),#5740,.F.);
#5688 = FACE_BOUND('',#5689,.F.);
#5689 = EDGE_LOOP('',(#5690,#5691,#5699,#5708,#5716,#5724,#5732,#5739));
#5690 = ORIENTED_EDGE('',*,*,#4209,.F.);
#5691 = ORIENTED_EDGE('',*,*,#5692,.T.);
#5692 = EDGE_CURVE('',#4202,#5693,#5695,.T.);
#5693 = VERTEX_POINT('',#5694);
#5694 = CARTESIAN_POINT('',(2.25,-0.3,3.35));
#5695 = LINE('',#5696,#5697);
#5696 = CARTESIAN_POINT('',(2.25,-5.75,3.35));
#5697 = VECTOR('',#5698,1.);
#5698 = DIRECTION('',(1.224646799147E-16,1.,0.));
#5699 = ORIENTED_EDGE('',*,*,#5700,.T.);
#5700 = EDGE_CURVE('',#5693,#5701,#5703,.T.);
#5701 = VERTEX_POINT('',#5702);
#5702 = CARTESIAN_POINT('',(2.25,0.25,2.8));
#5703 = CIRCLE('',#5704,0.55);
#5704 = AXIS2_PLACEMENT_3D('',#5705,#5706,#5707);
#5705 = CARTESIAN_POINT('',(2.25,-0.3,2.8));
#5706 = DIRECTION('',(-1.,1.224646799147E-16,0.));
#5707 = DIRECTION('',(0.,0.,1.));
#5708 = ORIENTED_EDGE('',*,*,#5709,.T.);
#5709 = EDGE_CURVE('',#5701,#5710,#5712,.T.);
#5710 = VERTEX_POINT('',#5711);
#5711 = CARTESIAN_POINT('',(2.25,0.25,-3.2));
#5712 = LINE('',#5713,#5714);
#5713 = CARTESIAN_POINT('',(2.25,0.25,3.35));
#5714 = VECTOR('',#5715,1.);
#5715 = DIRECTION('',(-0.,0.,-1.));
#5716 = ORIENTED_EDGE('',*,*,#5717,.T.);
#5717 = EDGE_CURVE('',#5710,#5718,#5720,.T.);
#5718 = VERTEX_POINT('',#5719);
#5719 = CARTESIAN_POINT('',(2.25,-0.25,-3.2));
#5720 = LINE('',#5721,#5722);
#5721 = CARTESIAN_POINT('',(2.25,0.25,-3.2));
#5722 = VECTOR('',#5723,1.);
#5723 = DIRECTION('',(-1.224646799147E-16,-1.,0.));
#5724 = ORIENTED_EDGE('',*,*,#5725,.T.);
#5725 = EDGE_CURVE('',#5718,#5726,#5728,.T.);
#5726 = VERTEX_POINT('',#5727);
#5727 = CARTESIAN_POINT('',(2.25,-0.25,2.8));
#5728 = LINE('',#5729,#5730);
#5729 = CARTESIAN_POINT('',(2.25,-0.25,-3.4));
#5730 = VECTOR('',#5731,1.);
#5731 = DIRECTION('',(0.,0.,1.));
#5732 = ORIENTED_EDGE('',*,*,#5733,.F.);
#5733 = EDGE_CURVE('',#5668,#5726,#5734,.T.);
#5734 = CIRCLE('',#5735,5.E-02);
#5735 = AXIS2_PLACEMENT_3D('',#5736,#5737,#5738);
#5736 = CARTESIAN_POINT('',(2.25,-0.3,2.8));
#5737 = DIRECTION('',(-1.,1.224646799147E-16,0.));
#5738 = DIRECTION('',(0.,0.,1.));
#5739 = ORIENTED_EDGE('',*,*,#5667,.T.);
#5740 = PLANE('',#5741);
#5741 = AXIS2_PLACEMENT_3D('',#5742,#5743,#5744);
#5742 = CARTESIAN_POINT('',(2.25,-1.401960784314,1.323039215686));
#5743 = DIRECTION('',(-1.,1.224646799147E-16,0.));
#5744 = DIRECTION('',(0.,0.,1.));
#5745 = ADVANCED_FACE('',(#5746),#5757,.F.);
#5746 = FACE_BOUND('',#5747,.F.);
#5747 = EDGE_LOOP('',(#5748,#5749,#5750,#5751));
#5748 = ORIENTED_EDGE('',*,*,#5692,.F.);
#5749 = ORIENTED_EDGE('',*,*,#4201,.F.);
#5750 = ORIENTED_EDGE('',*,*,#5603,.T.);
#5751 = ORIENTED_EDGE('',*,*,#5752,.F.);
#5752 = EDGE_CURVE('',#5693,#5604,#5753,.T.);
#5753 = LINE('',#5754,#5755);
#5754 = CARTESIAN_POINT('',(2.25,-0.3,3.35));
#5755 = VECTOR('',#5756,1.);
#5756 = DIRECTION('',(-1.,1.224646799147E-16,0.));
#5757 = PLANE('',#5758);
#5758 = AXIS2_PLACEMENT_3D('',#5759,#5760,#5761);
#5759 = CARTESIAN_POINT('',(2.25,-5.75,3.35));
#5760 = DIRECTION('',(-0.,0.,-1.));
#5761 = DIRECTION('',(1.224646799147E-16,1.,0.));
#5762 = ADVANCED_FACE('',(#5763),#5788,.F.);
#5763 = FACE_BOUND('',#5764,.F.);
#5764 = EDGE_LOOP('',(#5765,#5773,#5774,#5782));
#5765 = ORIENTED_EDGE('',*,*,#5766,.F.);
#5766 = EDGE_CURVE('',#4240,#5767,#5769,.T.);
#5767 = VERTEX_POINT('',#5768);
#5768 = CARTESIAN_POINT('',(0.25,-0.3,3.35));
#5769 = LINE('',#5770,#5771);
#5770 = CARTESIAN_POINT('',(0.25,-5.75,3.35));
#5771 = VECTOR('',#5772,1.);
#5772 = DIRECTION('',(1.224646799147E-16,1.,0.));
#5773 = ORIENTED_EDGE('',*,*,#4237,.F.);
#5774 = ORIENTED_EDGE('',*,*,#5775,.T.);
#5775 = EDGE_CURVE('',#4238,#5776,#5778,.T.);
#5776 = VERTEX_POINT('',#5777);
#5777 = CARTESIAN_POINT('',(-0.25,-0.3,3.35));
#5778 = LINE('',#5779,#5780);
#5779 = CARTESIAN_POINT('',(-0.25,-5.75,3.35));
#5780 = VECTOR('',#5781,1.);
#5781 = DIRECTION('',(1.224646799147E-16,1.,0.));
#5782 = ORIENTED_EDGE('',*,*,#5783,.F.);
#5783 = EDGE_CURVE('',#5767,#5776,#5784,.T.);
#5784 = LINE('',#5785,#5786);
#5785 = CARTESIAN_POINT('',(0.25,-0.3,3.35));
#5786 = VECTOR('',#5787,1.);
#5787 = DIRECTION('',(-1.,1.224646799147E-16,0.));
#5788 = PLANE('',#5789);
#5789 = AXIS2_PLACEMENT_3D('',#5790,#5791,#5792);
#5790 = CARTESIAN_POINT('',(0.25,-5.75,3.35));
#5791 = DIRECTION('',(-0.,0.,-1.));
#5792 = DIRECTION('',(1.224646799147E-16,1.,0.));
#5793 = ADVANCED_FACE('',(#5794),#5878,.T.);
#5794 = FACE_BOUND('',#5795,.T.);
#5795 = EDGE_LOOP('',(#5796,#5797,#5798,#5807,#5815,#5823,#5831,#5839,
    #5847,#5855,#5863,#5872));
#5796 = ORIENTED_EDGE('',*,*,#4263,.F.);
#5797 = ORIENTED_EDGE('',*,*,#5775,.T.);
#5798 = ORIENTED_EDGE('',*,*,#5799,.T.);
#5799 = EDGE_CURVE('',#5776,#5800,#5802,.T.);
#5800 = VERTEX_POINT('',#5801);
#5801 = CARTESIAN_POINT('',(-0.25,0.25,2.8));
#5802 = CIRCLE('',#5803,0.55);
#5803 = AXIS2_PLACEMENT_3D('',#5804,#5805,#5806);
#5804 = CARTESIAN_POINT('',(-0.25,-0.3,2.8));
#5805 = DIRECTION('',(-1.,1.224646799147E-16,0.));
#5806 = DIRECTION('',(0.,0.,1.));
#5807 = ORIENTED_EDGE('',*,*,#5808,.T.);
#5808 = EDGE_CURVE('',#5800,#5809,#5811,.T.);
#5809 = VERTEX_POINT('',#5810);
#5810 = CARTESIAN_POINT('',(-0.25,0.25,-0.9));
#5811 = LINE('',#5812,#5813);
#5812 = CARTESIAN_POINT('',(-0.25,0.25,3.35));
#5813 = VECTOR('',#5814,1.);
#5814 = DIRECTION('',(-0.,0.,-1.));
#5815 = ORIENTED_EDGE('',*,*,#5816,.T.);
#5816 = EDGE_CURVE('',#5809,#5817,#5819,.T.);
#5817 = VERTEX_POINT('',#5818);
#5818 = CARTESIAN_POINT('',(-0.25,-5.E-02,-1.5));
#5819 = LINE('',#5820,#5821);
#5820 = CARTESIAN_POINT('',(-0.25,0.25,-0.9));
#5821 = VECTOR('',#5822,1.);
#5822 = DIRECTION('',(-5.476786982641E-17,-0.4472135955,-0.894427191));
#5823 = ORIENTED_EDGE('',*,*,#5824,.T.);
#5824 = EDGE_CURVE('',#5817,#5825,#5827,.T.);
#5825 = VERTEX_POINT('',#5826);
#5826 = CARTESIAN_POINT('',(-0.25,0.218421052632,-3.2));
#5827 = LINE('',#5828,#5829);
#5828 = CARTESIAN_POINT('',(-0.25,-5.E-02,-1.5));
#5829 = VECTOR('',#5830,1.);
#5830 = DIRECTION('',(1.909990663905E-17,0.155962573473,-0.987762965329)
  );
#5831 = ORIENTED_EDGE('',*,*,#5832,.T.);
#5832 = EDGE_CURVE('',#5825,#5833,#5835,.T.);
#5833 = VERTEX_POINT('',#5834);
#5834 = CARTESIAN_POINT('',(-0.25,-0.281578947368,-3.2));
#5835 = LINE('',#5836,#5837);
#5836 = CARTESIAN_POINT('',(-0.25,0.25,-3.2));
#5837 = VECTOR('',#5838,1.);
#5838 = DIRECTION('',(-1.224646799147E-16,-1.,0.));
#5839 = ORIENTED_EDGE('',*,*,#5840,.T.);
#5840 = EDGE_CURVE('',#5833,#5841,#5843,.T.);
#5841 = VERTEX_POINT('',#5842);
#5842 = CARTESIAN_POINT('',(-0.25,-0.55,-1.5));
#5843 = LINE('',#5844,#5845);
#5844 = CARTESIAN_POINT('',(-0.25,-0.25,-3.4));
#5845 = VECTOR('',#5846,1.);
#5846 = DIRECTION('',(-1.909990663905E-17,-0.155962573473,0.987762965329
    ));
#5847 = ORIENTED_EDGE('',*,*,#5848,.T.);
#5848 = EDGE_CURVE('',#5841,#5849,#5851,.T.);
#5849 = VERTEX_POINT('',#5850);
#5850 = CARTESIAN_POINT('',(-0.25,-0.25,-0.9));
#5851 = LINE('',#5852,#5853);
#5852 = CARTESIAN_POINT('',(-0.25,-0.55,-1.5));
#5853 = VECTOR('',#5854,1.);
#5854 = DIRECTION('',(5.476786982641E-17,0.4472135955,0.894427191));
#5855 = ORIENTED_EDGE('',*,*,#5856,.T.);
#5856 = EDGE_CURVE('',#5849,#5857,#5859,.T.);
#5857 = VERTEX_POINT('',#5858);
#5858 = CARTESIAN_POINT('',(-0.25,-0.25,2.8));
#5859 = LINE('',#5860,#5861);
#5860 = CARTESIAN_POINT('',(-0.25,-0.25,-0.9));
#5861 = VECTOR('',#5862,1.);
#5862 = DIRECTION('',(0.,0.,1.));
#5863 = ORIENTED_EDGE('',*,*,#5864,.F.);
#5864 = EDGE_CURVE('',#5865,#5857,#5867,.T.);
#5865 = VERTEX_POINT('',#5866);
#5866 = CARTESIAN_POINT('',(-0.25,-0.3,2.85));
#5867 = CIRCLE('',#5868,5.E-02);
#5868 = AXIS2_PLACEMENT_3D('',#5869,#5870,#5871);
#5869 = CARTESIAN_POINT('',(-0.25,-0.3,2.8));
#5870 = DIRECTION('',(-1.,1.224646799147E-16,0.));
#5871 = DIRECTION('',(0.,0.,1.));
#5872 = ORIENTED_EDGE('',*,*,#5873,.T.);
#5873 = EDGE_CURVE('',#5865,#4256,#5874,.T.);
#5874 = LINE('',#5875,#5876);
#5875 = CARTESIAN_POINT('',(-0.25,-0.25,2.85));
#5876 = VECTOR('',#5877,1.);
#5877 = DIRECTION('',(-1.224646799147E-16,-1.,0.));
#5878 = PLANE('',#5879);
#5879 = AXIS2_PLACEMENT_3D('',#5880,#5881,#5882);
#5880 = CARTESIAN_POINT('',(-0.25,-1.421959173294,1.302213422577));
#5881 = DIRECTION('',(-1.,1.224646799147E-16,0.));
#5882 = DIRECTION('',(0.,0.,1.));
#5883 = ADVANCED_FACE('',(#5884),#5902,.F.);
#5884 = FACE_BOUND('',#5885,.F.);
#5885 = EDGE_LOOP('',(#5886,#5894,#5900,#5901));
#5886 = ORIENTED_EDGE('',*,*,#5887,.F.);
#5887 = EDGE_CURVE('',#5888,#4248,#5890,.T.);
#5888 = VERTEX_POINT('',#5889);
#5889 = CARTESIAN_POINT('',(0.25,-0.3,2.85));
#5890 = LINE('',#5891,#5892);
#5891 = CARTESIAN_POINT('',(0.25,-0.25,2.85));
#5892 = VECTOR('',#5893,1.);
#5893 = DIRECTION('',(-1.224646799147E-16,-1.,0.));
#5894 = ORIENTED_EDGE('',*,*,#5895,.T.);
#5895 = EDGE_CURVE('',#5888,#5865,#5896,.T.);
#5896 = LINE('',#5897,#5898);
#5897 = CARTESIAN_POINT('',(0.25,-0.3,2.85));
#5898 = VECTOR('',#5899,1.);
#5899 = DIRECTION('',(-1.,1.224646799147E-16,0.));
#5900 = ORIENTED_EDGE('',*,*,#5873,.T.);
#5901 = ORIENTED_EDGE('',*,*,#4255,.F.);
#5902 = PLANE('',#5903);
#5903 = AXIS2_PLACEMENT_3D('',#5904,#5905,#5906);
#5904 = CARTESIAN_POINT('',(0.25,-0.25,2.85));
#5905 = DIRECTION('',(0.,0.,1.));
#5906 = DIRECTION('',(-1.224646799147E-16,-1.,0.));
#5907 = ADVANCED_FACE('',(#5908),#5985,.F.);
#5908 = FACE_BOUND('',#5909,.F.);
#5909 = EDGE_LOOP('',(#5910,#5911,#5912,#5921,#5929,#5937,#5945,#5953,
    #5961,#5969,#5977,#5984));
#5910 = ORIENTED_EDGE('',*,*,#4247,.F.);
#5911 = ORIENTED_EDGE('',*,*,#5766,.T.);
#5912 = ORIENTED_EDGE('',*,*,#5913,.T.);
#5913 = EDGE_CURVE('',#5767,#5914,#5916,.T.);
#5914 = VERTEX_POINT('',#5915);
#5915 = CARTESIAN_POINT('',(0.25,0.25,2.8));
#5916 = CIRCLE('',#5917,0.55);
#5917 = AXIS2_PLACEMENT_3D('',#5918,#5919,#5920);
#5918 = CARTESIAN_POINT('',(0.25,-0.3,2.8));
#5919 = DIRECTION('',(-1.,1.224646799147E-16,0.));
#5920 = DIRECTION('',(0.,0.,1.));
#5921 = ORIENTED_EDGE('',*,*,#5922,.T.);
#5922 = EDGE_CURVE('',#5914,#5923,#5925,.T.);
#5923 = VERTEX_POINT('',#5924);
#5924 = CARTESIAN_POINT('',(0.25,0.25,-0.9));
#5925 = LINE('',#5926,#5927);
#5926 = CARTESIAN_POINT('',(0.25,0.25,3.35));
#5927 = VECTOR('',#5928,1.);
#5928 = DIRECTION('',(-0.,0.,-1.));
#5929 = ORIENTED_EDGE('',*,*,#5930,.T.);
#5930 = EDGE_CURVE('',#5923,#5931,#5933,.T.);
#5931 = VERTEX_POINT('',#5932);
#5932 = CARTESIAN_POINT('',(0.25,-5.E-02,-1.5));
#5933 = LINE('',#5934,#5935);
#5934 = CARTESIAN_POINT('',(0.25,0.25,-0.9));
#5935 = VECTOR('',#5936,1.);
#5936 = DIRECTION('',(-5.476786982641E-17,-0.4472135955,-0.894427191));
#5937 = ORIENTED_EDGE('',*,*,#5938,.T.);
#5938 = EDGE_CURVE('',#5931,#5939,#5941,.T.);
#5939 = VERTEX_POINT('',#5940);
#5940 = CARTESIAN_POINT('',(0.25,0.218421052632,-3.2));
#5941 = LINE('',#5942,#5943);
#5942 = CARTESIAN_POINT('',(0.25,-5.E-02,-1.5));
#5943 = VECTOR('',#5944,1.);
#5944 = DIRECTION('',(1.909990663905E-17,0.155962573473,-0.987762965329)
  );
#5945 = ORIENTED_EDGE('',*,*,#5946,.T.);
#5946 = EDGE_CURVE('',#5939,#5947,#5949,.T.);
#5947 = VERTEX_POINT('',#5948);
#5948 = CARTESIAN_POINT('',(0.25,-0.281578947368,-3.2));
#5949 = LINE('',#5950,#5951);
#5950 = CARTESIAN_POINT('',(0.25,0.25,-3.2));
#5951 = VECTOR('',#5952,1.);
#5952 = DIRECTION('',(-1.224646799147E-16,-1.,0.));
#5953 = ORIENTED_EDGE('',*,*,#5954,.T.);
#5954 = EDGE_CURVE('',#5947,#5955,#5957,.T.);
#5955 = VERTEX_POINT('',#5956);
#5956 = CARTESIAN_POINT('',(0.25,-0.55,-1.5));
#5957 = LINE('',#5958,#5959);
#5958 = CARTESIAN_POINT('',(0.25,-0.25,-3.4));
#5959 = VECTOR('',#5960,1.);
#5960 = DIRECTION('',(-1.909990663905E-17,-0.155962573473,0.987762965329
    ));
#5961 = ORIENTED_EDGE('',*,*,#5962,.T.);
#5962 = EDGE_CURVE('',#5955,#5963,#5965,.T.);
#5963 = VERTEX_POINT('',#5964);
#5964 = CARTESIAN_POINT('',(0.25,-0.25,-0.9));
#5965 = LINE('',#5966,#5967);
#5966 = CARTESIAN_POINT('',(0.25,-0.55,-1.5));
#5967 = VECTOR('',#5968,1.);
#5968 = DIRECTION('',(5.476786982641E-17,0.4472135955,0.894427191));
#5969 = ORIENTED_EDGE('',*,*,#5970,.T.);
#5970 = EDGE_CURVE('',#5963,#5971,#5973,.T.);
#5971 = VERTEX_POINT('',#5972);
#5972 = CARTESIAN_POINT('',(0.25,-0.25,2.8));
#5973 = LINE('',#5974,#5975);
#5974 = CARTESIAN_POINT('',(0.25,-0.25,-0.9));
#5975 = VECTOR('',#5976,1.);
#5976 = DIRECTION('',(0.,0.,1.));
#5977 = ORIENTED_EDGE('',*,*,#5978,.F.);
#5978 = EDGE_CURVE('',#5888,#5971,#5979,.T.);
#5979 = CIRCLE('',#5980,5.E-02);
#5980 = AXIS2_PLACEMENT_3D('',#5981,#5982,#5983);
#5981 = CARTESIAN_POINT('',(0.25,-0.3,2.8));
#5982 = DIRECTION('',(-1.,1.224646799147E-16,0.));
#5983 = DIRECTION('',(0.,0.,1.));
#5984 = ORIENTED_EDGE('',*,*,#5887,.T.);
#5985 = PLANE('',#5986);
#5986 = AXIS2_PLACEMENT_3D('',#5987,#5988,#5989);
#5987 = CARTESIAN_POINT('',(0.25,-1.421959173294,1.302213422577));
#5988 = DIRECTION('',(-1.,1.224646799147E-16,0.));
#5989 = DIRECTION('',(0.,0.,1.));
#5990 = ADVANCED_FACE('',(#5991),#5997,.F.);
#5991 = FACE_BOUND('',#5992,.F.);
#5992 = EDGE_LOOP('',(#5993,#5994,#5995,#5996));
#5993 = ORIENTED_EDGE('',*,*,#4347,.T.);
#5994 = ORIENTED_EDGE('',*,*,#4323,.T.);
#5995 = ORIENTED_EDGE('',*,*,#4388,.F.);
#5996 = ORIENTED_EDGE('',*,*,#4371,.F.);
#5997 = PLANE('',#5998);
#5998 = AXIS2_PLACEMENT_3D('',#5999,#6000,#6001);
#5999 = CARTESIAN_POINT('',(4.25,-5.75,2.85));
#6000 = DIRECTION('',(1.224646799147E-16,1.,0.));
#6001 = DIRECTION('',(0.,-0.,1.));
#6002 = ADVANCED_FACE('',(#6003),#6009,.F.);
#6003 = FACE_BOUND('',#6004,.F.);
#6004 = EDGE_LOOP('',(#6005,#6006,#6007,#6008));
#6005 = ORIENTED_EDGE('',*,*,#4443,.T.);
#6006 = ORIENTED_EDGE('',*,*,#4419,.T.);
#6007 = ORIENTED_EDGE('',*,*,#4484,.F.);
#6008 = ORIENTED_EDGE('',*,*,#4467,.F.);
#6009 = PLANE('',#6010);
#6010 = AXIS2_PLACEMENT_3D('',#6011,#6012,#6013);
#6011 = CARTESIAN_POINT('',(2.25,-5.75,2.85));
#6012 = DIRECTION('',(1.224646799147E-16,1.,0.));
#6013 = DIRECTION('',(0.,-0.,1.));
#6014 = ADVANCED_FACE('',(#6015),#6021,.F.);
#6015 = FACE_BOUND('',#6016,.F.);
#6016 = EDGE_LOOP('',(#6017,#6018,#6019,#6020));
#6017 = ORIENTED_EDGE('',*,*,#4563,.T.);
#6018 = ORIENTED_EDGE('',*,*,#4539,.T.);
#6019 = ORIENTED_EDGE('',*,*,#4506,.F.);
#6020 = ORIENTED_EDGE('',*,*,#4580,.F.);
#6021 = PLANE('',#6022);
#6022 = AXIS2_PLACEMENT_3D('',#6023,#6024,#6025);
#6023 = CARTESIAN_POINT('',(0.25,-5.75,2.85));
#6024 = DIRECTION('',(1.224646799147E-16,1.,0.));
#6025 = DIRECTION('',(0.,-0.,1.));
#6026 = ADVANCED_FACE('',(#6027),#6033,.F.);
#6027 = FACE_BOUND('',#6028,.F.);
#6028 = EDGE_LOOP('',(#6029,#6030,#6031,#6032));
#6029 = ORIENTED_EDGE('',*,*,#4659,.T.);
#6030 = ORIENTED_EDGE('',*,*,#4635,.T.);
#6031 = ORIENTED_EDGE('',*,*,#4611,.F.);
#6032 = ORIENTED_EDGE('',*,*,#4676,.F.);
#6033 = PLANE('',#6034);
#6034 = AXIS2_PLACEMENT_3D('',#6035,#6036,#6037);
#6035 = CARTESIAN_POINT('',(6.25,-5.75,2.85));
#6036 = DIRECTION('',(1.224646799147E-16,1.,0.));
#6037 = DIRECTION('',(0.,-0.,1.));
#6038 = ADVANCED_FACE('',(#6039),#6045,.F.);
#6039 = FACE_BOUND('',#6040,.F.);
#6040 = EDGE_LOOP('',(#6041,#6042,#6043,#6044));
#6041 = ORIENTED_EDGE('',*,*,#4755,.T.);
#6042 = ORIENTED_EDGE('',*,*,#4731,.T.);
#6043 = ORIENTED_EDGE('',*,*,#4698,.F.);
#6044 = ORIENTED_EDGE('',*,*,#4772,.F.);
#6045 = PLANE('',#6046);
#6046 = AXIS2_PLACEMENT_3D('',#6047,#6048,#6049);
#6047 = CARTESIAN_POINT('',(10.25,-5.75,2.85));
#6048 = DIRECTION('',(1.224646799147E-16,1.,0.));
#6049 = DIRECTION('',(0.,-0.,1.));
#6050 = ADVANCED_FACE('',(#6051),#6057,.F.);
#6051 = FACE_BOUND('',#6052,.F.);
#6052 = EDGE_LOOP('',(#6053,#6054,#6055,#6056));
#6053 = ORIENTED_EDGE('',*,*,#4827,.T.);
#6054 = ORIENTED_EDGE('',*,*,#4803,.T.);
#6055 = ORIENTED_EDGE('',*,*,#4868,.F.);
#6056 = ORIENTED_EDGE('',*,*,#4851,.F.);
#6057 = PLANE('',#6058);
#6058 = AXIS2_PLACEMENT_3D('',#6059,#6060,#6061);
#6059 = CARTESIAN_POINT('',(8.25,-5.75,2.85));
#6060 = DIRECTION('',(1.224646799147E-16,1.,0.));
#6061 = DIRECTION('',(0.,-0.,1.));
#6062 = ADVANCED_FACE('',(#6063),#6074,.T.);
#6063 = FACE_BOUND('',#6064,.T.);
#6064 = EDGE_LOOP('',(#6065,#6066,#6072,#6073));
#6065 = ORIENTED_EDGE('',*,*,#5029,.T.);
#6066 = ORIENTED_EDGE('',*,*,#6067,.T.);
#6067 = EDGE_CURVE('',#5030,#4916,#6068,.T.);
#6068 = LINE('',#6069,#6070);
#6069 = CARTESIAN_POINT('',(10.25,0.25,2.8));
#6070 = VECTOR('',#6071,1.);
#6071 = DIRECTION('',(-1.,1.224646799147E-16,0.));
#6072 = ORIENTED_EDGE('',*,*,#4915,.F.);
#6073 = ORIENTED_EDGE('',*,*,#4899,.F.);
#6074 = CYLINDRICAL_SURFACE('',#6075,0.55);
#6075 = AXIS2_PLACEMENT_3D('',#6076,#6077,#6078);
#6076 = CARTESIAN_POINT('',(10.25,-0.3,2.8));
#6077 = DIRECTION('',(-1.,1.224646799147E-16,0.));
#6078 = DIRECTION('',(0.,0.,1.));
#6079 = ADVANCED_FACE('',(#6080),#6091,.F.);
#6080 = FACE_BOUND('',#6081,.F.);
#6081 = EDGE_LOOP('',(#6082,#6083,#6089,#6090));
#6082 = ORIENTED_EDGE('',*,*,#5094,.T.);
#6083 = ORIENTED_EDGE('',*,*,#6084,.T.);
#6084 = EDGE_CURVE('',#5087,#4973,#6085,.T.);
#6085 = LINE('',#6086,#6087);
#6086 = CARTESIAN_POINT('',(10.25,-0.25,2.8));
#6087 = VECTOR('',#6088,1.);
#6088 = DIRECTION('',(-1.,1.224646799147E-16,0.));
#6089 = ORIENTED_EDGE('',*,*,#4980,.F.);
#6090 = ORIENTED_EDGE('',*,*,#5011,.F.);
#6091 = CYLINDRICAL_SURFACE('',#6092,5.E-02);
#6092 = AXIS2_PLACEMENT_3D('',#6093,#6094,#6095);
#6093 = CARTESIAN_POINT('',(10.25,-0.3,2.8));
#6094 = DIRECTION('',(-1.,1.224646799147E-16,0.));
#6095 = DIRECTION('',(0.,0.,1.));
#6096 = ADVANCED_FACE('',(#6097),#6108,.F.);
#6097 = FACE_BOUND('',#6098,.F.);
#6098 = EDGE_LOOP('',(#6099,#6100,#6106,#6107));
#6099 = ORIENTED_EDGE('',*,*,#5086,.F.);
#6100 = ORIENTED_EDGE('',*,*,#6101,.T.);
#6101 = EDGE_CURVE('',#5079,#4965,#6102,.T.);
#6102 = LINE('',#6103,#6104);
#6103 = CARTESIAN_POINT('',(10.25,-0.25,-0.9));
#6104 = VECTOR('',#6105,1.);
#6105 = DIRECTION('',(-1.,1.224646799147E-16,0.));
#6106 = ORIENTED_EDGE('',*,*,#4972,.T.);
#6107 = ORIENTED_EDGE('',*,*,#6084,.F.);
#6108 = PLANE('',#6109);
#6109 = AXIS2_PLACEMENT_3D('',#6110,#6111,#6112);
#6110 = CARTESIAN_POINT('',(10.25,-0.25,-0.9));
#6111 = DIRECTION('',(1.224646799147E-16,1.,0.));
#6112 = DIRECTION('',(0.,-0.,1.));
#6113 = ADVANCED_FACE('',(#6114),#6125,.F.);
#6114 = FACE_BOUND('',#6115,.F.);
#6115 = EDGE_LOOP('',(#6116,#6122,#6123,#6124));
#6116 = ORIENTED_EDGE('',*,*,#6117,.T.);
#6117 = EDGE_CURVE('',#5071,#4957,#6118,.T.);
#6118 = LINE('',#6119,#6120);
#6119 = CARTESIAN_POINT('',(10.25,-0.55,-1.5));
#6120 = VECTOR('',#6121,1.);
#6121 = DIRECTION('',(-1.,1.224646799147E-16,0.));
#6122 = ORIENTED_EDGE('',*,*,#4964,.T.);
#6123 = ORIENTED_EDGE('',*,*,#6101,.F.);
#6124 = ORIENTED_EDGE('',*,*,#5078,.F.);
#6125 = PLANE('',#6126);
#6126 = AXIS2_PLACEMENT_3D('',#6127,#6128,#6129);
#6127 = CARTESIAN_POINT('',(10.25,-0.55,-1.5));
#6128 = DIRECTION('',(1.095357396528E-16,0.894427191,-0.4472135955));
#6129 = DIRECTION('',(5.476786982641E-17,0.4472135955,0.894427191));
#6130 = ADVANCED_FACE('',(#6131),#6158,.F.);
#6131 = FACE_BOUND('',#6132,.F.);
#6132 = EDGE_LOOP('',(#6133,#6134,#6142,#6150,#6156,#6157));
#6133 = ORIENTED_EDGE('',*,*,#5070,.F.);
#6134 = ORIENTED_EDGE('',*,*,#6135,.F.);
#6135 = EDGE_CURVE('',#6136,#5063,#6138,.T.);
#6136 = VERTEX_POINT('',#6137);
#6137 = CARTESIAN_POINT('',(10.247552593066,-0.281192514695,
    -3.202447406934));
#6138 = LINE('',#6139,#6140);
#6139 = CARTESIAN_POINT('',(10.1292749658,-0.262517099863,-3.3207250342)
  );
#6140 = VECTOR('',#6141,1.);
#6141 = DIRECTION('',(0.702740385383,-0.110959008218,0.702740385383));
#6142 = ORIENTED_EDGE('',*,*,#6143,.T.);
#6143 = EDGE_CURVE('',#6136,#6144,#6146,.T.);
#6144 = VERTEX_POINT('',#6145);
#6145 = CARTESIAN_POINT('',(9.752447406934,-0.281192514695,
    -3.202447406934));
#6146 = LINE('',#6147,#6148);
#6147 = CARTESIAN_POINT('',(10.25,-0.281192514695,-3.202447406934));
#6148 = VECTOR('',#6149,1.);
#6149 = DIRECTION('',(-1.,1.224646799147E-16,0.));
#6150 = ORIENTED_EDGE('',*,*,#6151,.T.);
#6151 = EDGE_CURVE('',#6144,#4949,#6152,.T.);
#6152 = LINE('',#6153,#6154);
#6153 = CARTESIAN_POINT('',(9.994186046512,-0.243023255814,
    -3.444186046512));
#6154 = VECTOR('',#6155,1.);
#6155 = DIRECTION('',(-0.702740385383,-0.110959008218,0.702740385383));
#6156 = ORIENTED_EDGE('',*,*,#4956,.T.);
#6157 = ORIENTED_EDGE('',*,*,#6117,.F.);
#6158 = PLANE('',#6159);
#6159 = AXIS2_PLACEMENT_3D('',#6160,#6161,#6162);
#6160 = CARTESIAN_POINT('',(10.25,-0.25,-3.4));
#6161 = DIRECTION('',(1.209660753807E-16,0.987762965329,0.155962573473)
  );
#6162 = DIRECTION('',(-1.909990663905E-17,-0.155962573473,0.987762965329
    ));
#6163 = ADVANCED_FACE('',(#6164),#6198,.F.);
#6164 = FACE_BOUND('',#6165,.T.);
#6165 = EDGE_LOOP('',(#6166,#6174,#6175,#6176,#6184,#6192));
#6166 = ORIENTED_EDGE('',*,*,#6167,.T.);
#6167 = EDGE_CURVE('',#6168,#6144,#6170,.T.);
#6168 = VERTEX_POINT('',#6169);
#6169 = CARTESIAN_POINT('',(9.95,-5.E-02,-3.4));
#6170 = LINE('',#6171,#6172);
#6171 = CARTESIAN_POINT('',(9.982204224438,-1.231193164325E-02,
    -3.432204224438));
#6172 = VECTOR('',#6173,1.);
#6173 = DIRECTION('',(-0.544770019249,-0.63753529491,0.544770019249));
#6174 = ORIENTED_EDGE('',*,*,#6151,.T.);
#6175 = ORIENTED_EDGE('',*,*,#4948,.F.);
#6176 = ORIENTED_EDGE('',*,*,#6177,.F.);
#6177 = EDGE_CURVE('',#6178,#4941,#6180,.T.);
#6178 = VERTEX_POINT('',#6179);
#6179 = CARTESIAN_POINT('',(9.752447406934,0.218807485305,
    -3.202447406934));
#6180 = LINE('',#6181,#6182);
#6181 = CARTESIAN_POINT('',(9.493844049248,0.177975376197,
    -2.943844049248));
#6182 = VECTOR('',#6183,1.);
#6183 = DIRECTION('',(-0.702740385383,-0.110959008218,0.702740385383));
#6184 = ORIENTED_EDGE('',*,*,#6185,.F.);
#6185 = EDGE_CURVE('',#6186,#6178,#6188,.T.);
#6186 = VERTEX_POINT('',#6187);
#6187 = CARTESIAN_POINT('',(9.95,5.E-02,-3.4));
#6188 = LINE('',#6189,#6190);
#6189 = CARTESIAN_POINT('',(9.905717325178,8.783927542193E-02,
    -3.355717325178));
#6190 = VECTOR('',#6191,1.);
#6191 = DIRECTION('',(-0.605209817607,0.517148096144,0.605209817607));
#6192 = ORIENTED_EDGE('',*,*,#6193,.T.);
#6193 = EDGE_CURVE('',#6186,#6168,#6194,.T.);
#6194 = LINE('',#6195,#6196);
#6195 = CARTESIAN_POINT('',(9.95,0.25,-3.4));
#6196 = VECTOR('',#6197,1.);
#6197 = DIRECTION('',(-1.224646799147E-16,-1.,0.));
#6198 = PLANE('',#6199);
#6199 = AXIS2_PLACEMENT_3D('',#6200,#6201,#6202);
#6200 = CARTESIAN_POINT('',(9.85,0.25,-3.3));
#6201 = DIRECTION('',(0.707106781187,-8.833102285013E-17,0.707106781187)
  );
#6202 = DIRECTION('',(1.236918052038E-16,1.,1.227125289097E-18));
#6203 = ADVANCED_FACE('',(#6204),#6229,.F.);
#6204 = FACE_BOUND('',#6205,.F.);
#6205 = EDGE_LOOP('',(#6206,#6207,#6213,#6214,#6215,#6223));
#6206 = ORIENTED_EDGE('',*,*,#5054,.F.);
#6207 = ORIENTED_EDGE('',*,*,#6208,.T.);
#6208 = EDGE_CURVE('',#5047,#4933,#6209,.T.);
#6209 = LINE('',#6210,#6211);
#6210 = CARTESIAN_POINT('',(10.25,-5.E-02,-1.5));
#6211 = VECTOR('',#6212,1.);
#6212 = DIRECTION('',(-1.,1.224646799147E-16,0.));
#6213 = ORIENTED_EDGE('',*,*,#4940,.T.);
#6214 = ORIENTED_EDGE('',*,*,#6177,.F.);
#6215 = ORIENTED_EDGE('',*,*,#6216,.F.);
#6216 = EDGE_CURVE('',#6217,#6178,#6219,.T.);
#6217 = VERTEX_POINT('',#6218);
#6218 = CARTESIAN_POINT('',(10.247552593066,0.218807485305,
    -3.202447406934));
#6219 = LINE('',#6220,#6221);
#6220 = CARTESIAN_POINT('',(10.25,0.218807485305,-3.202447406934));
#6221 = VECTOR('',#6222,1.);
#6222 = DIRECTION('',(-1.,1.224646799147E-16,0.));
#6223 = ORIENTED_EDGE('',*,*,#6224,.T.);
#6224 = EDGE_CURVE('',#6217,#5055,#6225,.T.);
#6225 = LINE('',#6226,#6227);
#6226 = CARTESIAN_POINT('',(10.629616963064,0.158481532148,
    -2.820383036936));
#6227 = VECTOR('',#6228,1.);
#6228 = DIRECTION('',(0.702740385383,-0.110959008218,0.702740385383));
#6229 = PLANE('',#6230);
#6230 = AXIS2_PLACEMENT_3D('',#6231,#6232,#6233);
#6231 = CARTESIAN_POINT('',(10.25,-5.E-02,-1.5));
#6232 = DIRECTION('',(-1.209660753807E-16,-0.987762965329,
    -0.155962573473));
#6233 = DIRECTION('',(1.909990663905E-17,0.155962573473,-0.987762965329)
  );
#6234 = ADVANCED_FACE('',(#6235),#6246,.F.);
#6235 = FACE_BOUND('',#6236,.F.);
#6236 = EDGE_LOOP('',(#6237,#6243,#6244,#6245));
#6237 = ORIENTED_EDGE('',*,*,#6238,.T.);
#6238 = EDGE_CURVE('',#5039,#4925,#6239,.T.);
#6239 = LINE('',#6240,#6241);
#6240 = CARTESIAN_POINT('',(10.25,0.25,-0.9));
#6241 = VECTOR('',#6242,1.);
#6242 = DIRECTION('',(-1.,1.224646799147E-16,0.));
#6243 = ORIENTED_EDGE('',*,*,#4932,.T.);
#6244 = ORIENTED_EDGE('',*,*,#6208,.F.);
#6245 = ORIENTED_EDGE('',*,*,#5046,.F.);
#6246 = PLANE('',#6247);
#6247 = AXIS2_PLACEMENT_3D('',#6248,#6249,#6250);
#6248 = CARTESIAN_POINT('',(10.25,0.25,-0.9));
#6249 = DIRECTION('',(-1.095357396528E-16,-0.894427191,0.4472135955));
#6250 = DIRECTION('',(-5.476786982641E-17,-0.4472135955,-0.894427191));
#6251 = ADVANCED_FACE('',(#6252),#6258,.F.);
#6252 = FACE_BOUND('',#6253,.F.);
#6253 = EDGE_LOOP('',(#6254,#6255,#6256,#6257));
#6254 = ORIENTED_EDGE('',*,*,#5038,.F.);
#6255 = ORIENTED_EDGE('',*,*,#6067,.T.);
#6256 = ORIENTED_EDGE('',*,*,#4924,.T.);
#6257 = ORIENTED_EDGE('',*,*,#6238,.F.);
#6258 = PLANE('',#6259);
#6259 = AXIS2_PLACEMENT_3D('',#6260,#6261,#6262);
#6260 = CARTESIAN_POINT('',(10.25,0.25,3.35));
#6261 = DIRECTION('',(-1.224646799147E-16,-1.,0.));
#6262 = DIRECTION('',(-0.,0.,-1.));
#6263 = ADVANCED_FACE('',(#6264),#6291,.T.);
#6264 = FACE_BOUND('',#6265,.F.);
#6265 = EDGE_LOOP('',(#6266,#6274,#6275,#6276,#6277,#6285));
#6266 = ORIENTED_EDGE('',*,*,#6267,.T.);
#6267 = EDGE_CURVE('',#6268,#6136,#6270,.T.);
#6268 = VERTEX_POINT('',#6269);
#6269 = CARTESIAN_POINT('',(10.05,-5.E-02,-3.4));
#6270 = LINE('',#6271,#6272);
#6271 = CARTESIAN_POINT('',(10.09198936903,-9.913946036316E-02,
    -3.35801063097));
#6272 = VECTOR('',#6273,1.);
#6273 = DIRECTION('',(0.544770019249,-0.63753529491,0.544770019249));
#6274 = ORIENTED_EDGE('',*,*,#6135,.T.);
#6275 = ORIENTED_EDGE('',*,*,#5062,.F.);
#6276 = ORIENTED_EDGE('',*,*,#6224,.F.);
#6277 = ORIENTED_EDGE('',*,*,#6278,.F.);
#6278 = EDGE_CURVE('',#6279,#6217,#6281,.T.);
#6279 = VERTEX_POINT('',#6280);
#6280 = CARTESIAN_POINT('',(10.05,5.E-02,-3.4));
#6281 = LINE('',#6282,#6283);
#6282 = CARTESIAN_POINT('',(10.185852405654,0.166085051658,
    -3.264147594346));
#6283 = VECTOR('',#6284,1.);
#6284 = DIRECTION('',(0.605209817607,0.517148096144,0.605209817607));
#6285 = ORIENTED_EDGE('',*,*,#6286,.T.);
#6286 = EDGE_CURVE('',#6279,#6268,#6287,.T.);
#6287 = LINE('',#6288,#6289);
#6288 = CARTESIAN_POINT('',(10.05,0.25,-3.4));
#6289 = VECTOR('',#6290,1.);
#6290 = DIRECTION('',(-1.224646799147E-16,-1.,0.));
#6291 = PLANE('',#6292);
#6292 = AXIS2_PLACEMENT_3D('',#6293,#6294,#6295);
#6293 = CARTESIAN_POINT('',(10.15,0.25,-3.3));
#6294 = DIRECTION('',(0.707106781187,-8.486018839685E-17,-0.707106781187
    ));
#6295 = DIRECTION('',(1.212375546256E-16,1.,1.227125289196E-18));
#6296 = ADVANCED_FACE('',(#6297),#6308,.F.);
#6297 = FACE_BOUND('',#6298,.F.);
#6298 = EDGE_LOOP('',(#6299,#6300,#6306,#6307));
#6299 = ORIENTED_EDGE('',*,*,#5241,.T.);
#6300 = ORIENTED_EDGE('',*,*,#6301,.T.);
#6301 = EDGE_CURVE('',#5234,#5145,#6302,.T.);
#6302 = LINE('',#6303,#6304);
#6303 = CARTESIAN_POINT('',(8.25,-0.25,2.8));
#6304 = VECTOR('',#6305,1.);
#6305 = DIRECTION('',(-1.,1.224646799147E-16,0.));
#6306 = ORIENTED_EDGE('',*,*,#5152,.F.);
#6307 = ORIENTED_EDGE('',*,*,#5183,.F.);
#6308 = CYLINDRICAL_SURFACE('',#6309,5.E-02);
#6309 = AXIS2_PLACEMENT_3D('',#6310,#6311,#6312);
#6310 = CARTESIAN_POINT('',(8.25,-0.3,2.8));
#6311 = DIRECTION('',(-1.,1.224646799147E-16,0.));
#6312 = DIRECTION('',(0.,0.,1.));
#6313 = ADVANCED_FACE('',(#6314),#6325,.F.);
#6314 = FACE_BOUND('',#6315,.F.);
#6315 = EDGE_LOOP('',(#6316,#6317,#6323,#6324));
#6316 = ORIENTED_EDGE('',*,*,#5233,.F.);
#6317 = ORIENTED_EDGE('',*,*,#6318,.T.);
#6318 = EDGE_CURVE('',#5226,#5137,#6319,.T.);
#6319 = LINE('',#6320,#6321);
#6320 = CARTESIAN_POINT('',(8.25,-0.25,-3.2));
#6321 = VECTOR('',#6322,1.);
#6322 = DIRECTION('',(-1.,1.224646799147E-16,0.));
#6323 = ORIENTED_EDGE('',*,*,#5144,.T.);
#6324 = ORIENTED_EDGE('',*,*,#6301,.F.);
#6325 = PLANE('',#6326);
#6326 = AXIS2_PLACEMENT_3D('',#6327,#6328,#6329);
#6327 = CARTESIAN_POINT('',(8.25,-0.25,-3.4));
#6328 = DIRECTION('',(1.224646799147E-16,1.,0.));
#6329 = DIRECTION('',(0.,-0.,1.));
#6330 = ADVANCED_FACE('',(#6331),#6356,.F.);
#6331 = FACE_BOUND('',#6332,.T.);
#6332 = EDGE_LOOP('',(#6333,#6341,#6349,#6355));
#6333 = ORIENTED_EDGE('',*,*,#6334,.F.);
#6334 = EDGE_CURVE('',#6335,#5129,#6337,.T.);
#6335 = VERTEX_POINT('',#6336);
#6336 = CARTESIAN_POINT('',(7.95,5.E-02,-3.4));
#6337 = LINE('',#6338,#6339);
#6338 = CARTESIAN_POINT('',(7.9,0.1,-3.35));
#6339 = VECTOR('',#6340,1.);
#6340 = DIRECTION('',(-0.57735026919,0.57735026919,0.57735026919));
#6341 = ORIENTED_EDGE('',*,*,#6342,.T.);
#6342 = EDGE_CURVE('',#6335,#6343,#6345,.T.);
#6343 = VERTEX_POINT('',#6344);
#6344 = CARTESIAN_POINT('',(7.95,-5.E-02,-3.4));
#6345 = LINE('',#6346,#6347);
#6346 = CARTESIAN_POINT('',(7.95,0.25,-3.4));
#6347 = VECTOR('',#6348,1.);
#6348 = DIRECTION('',(-1.224646799147E-16,-1.,0.));
#6349 = ORIENTED_EDGE('',*,*,#6350,.T.);
#6350 = EDGE_CURVE('',#6343,#5137,#6351,.T.);
#6351 = LINE('',#6352,#6353);
#6352 = CARTESIAN_POINT('',(7.983333333333,-1.666666666667E-02,
    -3.433333333333));
#6353 = VECTOR('',#6354,1.);
#6354 = DIRECTION('',(-0.57735026919,-0.57735026919,0.57735026919));
#6355 = ORIENTED_EDGE('',*,*,#5136,.F.);
#6356 = PLANE('',#6357);
#6357 = AXIS2_PLACEMENT_3D('',#6358,#6359,#6360);
#6358 = CARTESIAN_POINT('',(7.85,0.25,-3.3));
#6359 = DIRECTION('',(0.707106781187,-8.833102285013E-17,0.707106781187)
  );
#6360 = DIRECTION('',(1.236918052038E-16,1.,1.227125289097E-18));
#6361 = ADVANCED_FACE('',(#6362),#6378,.F.);
#6362 = FACE_BOUND('',#6363,.F.);
#6363 = EDGE_LOOP('',(#6364,#6365,#6371,#6372));
#6364 = ORIENTED_EDGE('',*,*,#5217,.F.);
#6365 = ORIENTED_EDGE('',*,*,#6366,.T.);
#6366 = EDGE_CURVE('',#5209,#5120,#6367,.T.);
#6367 = LINE('',#6368,#6369);
#6368 = CARTESIAN_POINT('',(8.25,0.25,2.8));
#6369 = VECTOR('',#6370,1.);
#6370 = DIRECTION('',(-1.,1.224646799147E-16,0.));
#6371 = ORIENTED_EDGE('',*,*,#5128,.T.);
#6372 = ORIENTED_EDGE('',*,*,#6373,.F.);
#6373 = EDGE_CURVE('',#5218,#5129,#6374,.T.);
#6374 = LINE('',#6375,#6376);
#6375 = CARTESIAN_POINT('',(8.25,0.25,-3.2));
#6376 = VECTOR('',#6377,1.);
#6377 = DIRECTION('',(-1.,1.224646799147E-16,0.));
#6378 = PLANE('',#6379);
#6379 = AXIS2_PLACEMENT_3D('',#6380,#6381,#6382);
#6380 = CARTESIAN_POINT('',(8.25,0.25,3.35));
#6381 = DIRECTION('',(-1.224646799147E-16,-1.,0.));
#6382 = DIRECTION('',(-0.,0.,-1.));
#6383 = ADVANCED_FACE('',(#6384),#6390,.T.);
#6384 = FACE_BOUND('',#6385,.T.);
#6385 = EDGE_LOOP('',(#6386,#6387,#6388,#6389));
#6386 = ORIENTED_EDGE('',*,*,#5208,.T.);
#6387 = ORIENTED_EDGE('',*,*,#6366,.T.);
#6388 = ORIENTED_EDGE('',*,*,#5119,.F.);
#6389 = ORIENTED_EDGE('',*,*,#5260,.F.);
#6390 = CYLINDRICAL_SURFACE('',#6391,0.55);
#6391 = AXIS2_PLACEMENT_3D('',#6392,#6393,#6394);
#6392 = CARTESIAN_POINT('',(8.25,-0.3,2.8));
#6393 = DIRECTION('',(-1.,1.224646799147E-16,0.));
#6394 = DIRECTION('',(0.,0.,1.));
#6395 = ADVANCED_FACE('',(#6396),#6421,.T.);
#6396 = FACE_BOUND('',#6397,.F.);
#6397 = EDGE_LOOP('',(#6398,#6406,#6414,#6420));
#6398 = ORIENTED_EDGE('',*,*,#6399,.F.);
#6399 = EDGE_CURVE('',#6400,#5218,#6402,.T.);
#6400 = VERTEX_POINT('',#6401);
#6401 = CARTESIAN_POINT('',(8.05,5.E-02,-3.4));
#6402 = LINE('',#6403,#6404);
#6403 = CARTESIAN_POINT('',(8.183333333333,0.183333333333,
    -3.266666666667));
#6404 = VECTOR('',#6405,1.);
#6405 = DIRECTION('',(0.57735026919,0.57735026919,0.57735026919));
#6406 = ORIENTED_EDGE('',*,*,#6407,.T.);
#6407 = EDGE_CURVE('',#6400,#6408,#6410,.T.);
#6408 = VERTEX_POINT('',#6409);
#6409 = CARTESIAN_POINT('',(8.05,-5.E-02,-3.4));
#6410 = LINE('',#6411,#6412);
#6411 = CARTESIAN_POINT('',(8.05,0.25,-3.4));
#6412 = VECTOR('',#6413,1.);
#6413 = DIRECTION('',(-1.224646799147E-16,-1.,0.));
#6414 = ORIENTED_EDGE('',*,*,#6415,.T.);
#6415 = EDGE_CURVE('',#6408,#5226,#6416,.T.);
#6416 = LINE('',#6417,#6418);
#6417 = CARTESIAN_POINT('',(8.1,-0.1,-3.35));
#6418 = VECTOR('',#6419,1.);
#6419 = DIRECTION('',(0.57735026919,-0.57735026919,0.57735026919));
#6420 = ORIENTED_EDGE('',*,*,#5225,.F.);
#6421 = PLANE('',#6422);
#6422 = AXIS2_PLACEMENT_3D('',#6423,#6424,#6425);
#6423 = CARTESIAN_POINT('',(8.15,0.25,-3.3));
#6424 = DIRECTION('',(0.707106781187,-8.486018839685E-17,-0.707106781187
    ));
#6425 = DIRECTION('',(1.212375546256E-16,1.,1.227125289196E-18));
#6426 = ADVANCED_FACE('',(#6427),#6438,.T.);
#6427 = FACE_BOUND('',#6428,.T.);
#6428 = EDGE_LOOP('',(#6429,#6430,#6436,#6437));
#6429 = ORIENTED_EDGE('',*,*,#5389,.T.);
#6430 = ORIENTED_EDGE('',*,*,#6431,.T.);
#6431 = EDGE_CURVE('',#5390,#5308,#6432,.T.);
#6432 = LINE('',#6433,#6434);
#6433 = CARTESIAN_POINT('',(6.25,0.25,2.8));
#6434 = VECTOR('',#6435,1.);
#6435 = DIRECTION('',(-1.,1.224646799147E-16,0.));
#6436 = ORIENTED_EDGE('',*,*,#5307,.F.);
#6437 = ORIENTED_EDGE('',*,*,#5291,.F.);
#6438 = CYLINDRICAL_SURFACE('',#6439,0.55);
#6439 = AXIS2_PLACEMENT_3D('',#6440,#6441,#6442);
#6440 = CARTESIAN_POINT('',(6.25,-0.3,2.8));
#6441 = DIRECTION('',(-1.,1.224646799147E-16,0.));
#6442 = DIRECTION('',(0.,0.,1.));
#6443 = ADVANCED_FACE('',(#6444),#6455,.F.);
#6444 = FACE_BOUND('',#6445,.F.);
#6445 = EDGE_LOOP('',(#6446,#6447,#6453,#6454));
#6446 = ORIENTED_EDGE('',*,*,#5422,.T.);
#6447 = ORIENTED_EDGE('',*,*,#6448,.T.);
#6448 = EDGE_CURVE('',#5415,#5333,#6449,.T.);
#6449 = LINE('',#6450,#6451);
#6450 = CARTESIAN_POINT('',(6.25,-0.25,2.8));
#6451 = VECTOR('',#6452,1.);
#6452 = DIRECTION('',(-1.,1.224646799147E-16,0.));
#6453 = ORIENTED_EDGE('',*,*,#5340,.F.);
#6454 = ORIENTED_EDGE('',*,*,#5371,.F.);
#6455 = CYLINDRICAL_SURFACE('',#6456,5.E-02);
#6456 = AXIS2_PLACEMENT_3D('',#6457,#6458,#6459);
#6457 = CARTESIAN_POINT('',(6.25,-0.3,2.8));
#6458 = DIRECTION('',(-1.,1.224646799147E-16,0.));
#6459 = DIRECTION('',(0.,0.,1.));
#6460 = ADVANCED_FACE('',(#6461),#6472,.F.);
#6461 = FACE_BOUND('',#6462,.F.);
#6462 = EDGE_LOOP('',(#6463,#6464,#6470,#6471));
#6463 = ORIENTED_EDGE('',*,*,#5414,.F.);
#6464 = ORIENTED_EDGE('',*,*,#6465,.T.);
#6465 = EDGE_CURVE('',#5407,#5325,#6466,.T.);
#6466 = LINE('',#6467,#6468);
#6467 = CARTESIAN_POINT('',(6.25,-0.25,-3.2));
#6468 = VECTOR('',#6469,1.);
#6469 = DIRECTION('',(-1.,1.224646799147E-16,0.));
#6470 = ORIENTED_EDGE('',*,*,#5332,.T.);
#6471 = ORIENTED_EDGE('',*,*,#6448,.F.);
#6472 = PLANE('',#6473);
#6473 = AXIS2_PLACEMENT_3D('',#6474,#6475,#6476);
#6474 = CARTESIAN_POINT('',(6.25,-0.25,-3.4));
#6475 = DIRECTION('',(1.224646799147E-16,1.,0.));
#6476 = DIRECTION('',(0.,-0.,1.));
#6477 = ADVANCED_FACE('',(#6478),#6503,.F.);
#6478 = FACE_BOUND('',#6479,.T.);
#6479 = EDGE_LOOP('',(#6480,#6488,#6496,#6502));
#6480 = ORIENTED_EDGE('',*,*,#6481,.F.);
#6481 = EDGE_CURVE('',#6482,#5317,#6484,.T.);
#6482 = VERTEX_POINT('',#6483);
#6483 = CARTESIAN_POINT('',(5.95,5.E-02,-3.4));
#6484 = LINE('',#6485,#6486);
#6485 = CARTESIAN_POINT('',(5.9,0.1,-3.35));
#6486 = VECTOR('',#6487,1.);
#6487 = DIRECTION('',(-0.57735026919,0.57735026919,0.57735026919));
#6488 = ORIENTED_EDGE('',*,*,#6489,.T.);
#6489 = EDGE_CURVE('',#6482,#6490,#6492,.T.);
#6490 = VERTEX_POINT('',#6491);
#6491 = CARTESIAN_POINT('',(5.95,-5.E-02,-3.4));
#6492 = LINE('',#6493,#6494);
#6493 = CARTESIAN_POINT('',(5.95,0.25,-3.4));
#6494 = VECTOR('',#6495,1.);
#6495 = DIRECTION('',(-1.224646799147E-16,-1.,0.));
#6496 = ORIENTED_EDGE('',*,*,#6497,.T.);
#6497 = EDGE_CURVE('',#6490,#5325,#6498,.T.);
#6498 = LINE('',#6499,#6500);
#6499 = CARTESIAN_POINT('',(5.983333333333,-1.666666666667E-02,
    -3.433333333333));
#6500 = VECTOR('',#6501,1.);
#6501 = DIRECTION('',(-0.57735026919,-0.57735026919,0.57735026919));
#6502 = ORIENTED_EDGE('',*,*,#5324,.F.);
#6503 = PLANE('',#6504);
#6504 = AXIS2_PLACEMENT_3D('',#6505,#6506,#6507);
#6505 = CARTESIAN_POINT('',(5.85,0.25,-3.3));
#6506 = DIRECTION('',(0.707106781187,-8.833102285013E-17,0.707106781187)
  );
#6507 = DIRECTION('',(1.236918052038E-16,1.,1.227125289097E-18));
#6508 = ADVANCED_FACE('',(#6509),#6520,.F.);
#6509 = FACE_BOUND('',#6510,.F.);
#6510 = EDGE_LOOP('',(#6511,#6512,#6513,#6514));
#6511 = ORIENTED_EDGE('',*,*,#5398,.F.);
#6512 = ORIENTED_EDGE('',*,*,#6431,.T.);
#6513 = ORIENTED_EDGE('',*,*,#5316,.T.);
#6514 = ORIENTED_EDGE('',*,*,#6515,.F.);
#6515 = EDGE_CURVE('',#5399,#5317,#6516,.T.);
#6516 = LINE('',#6517,#6518);
#6517 = CARTESIAN_POINT('',(6.25,0.25,-3.2));
#6518 = VECTOR('',#6519,1.);
#6519 = DIRECTION('',(-1.,1.224646799147E-16,0.));
#6520 = PLANE('',#6521);
#6521 = AXIS2_PLACEMENT_3D('',#6522,#6523,#6524);
#6522 = CARTESIAN_POINT('',(6.25,0.25,3.35));
#6523 = DIRECTION('',(-1.224646799147E-16,-1.,0.));
#6524 = DIRECTION('',(-0.,0.,-1.));
#6525 = ADVANCED_FACE('',(#6526),#6551,.T.);
#6526 = FACE_BOUND('',#6527,.F.);
#6527 = EDGE_LOOP('',(#6528,#6536,#6544,#6550));
#6528 = ORIENTED_EDGE('',*,*,#6529,.F.);
#6529 = EDGE_CURVE('',#6530,#5399,#6532,.T.);
#6530 = VERTEX_POINT('',#6531);
#6531 = CARTESIAN_POINT('',(6.05,5.E-02,-3.4));
#6532 = LINE('',#6533,#6534);
#6533 = CARTESIAN_POINT('',(6.183333333333,0.183333333333,
    -3.266666666667));
#6534 = VECTOR('',#6535,1.);
#6535 = DIRECTION('',(0.57735026919,0.57735026919,0.57735026919));
#6536 = ORIENTED_EDGE('',*,*,#6537,.T.);
#6537 = EDGE_CURVE('',#6530,#6538,#6540,.T.);
#6538 = VERTEX_POINT('',#6539);
#6539 = CARTESIAN_POINT('',(6.05,-5.E-02,-3.4));
#6540 = LINE('',#6541,#6542);
#6541 = CARTESIAN_POINT('',(6.05,0.25,-3.4));
#6542 = VECTOR('',#6543,1.);
#6543 = DIRECTION('',(-1.224646799147E-16,-1.,0.));
#6544 = ORIENTED_EDGE('',*,*,#6545,.T.);
#6545 = EDGE_CURVE('',#6538,#5407,#6546,.T.);
#6546 = LINE('',#6547,#6548);
#6547 = CARTESIAN_POINT('',(6.1,-0.1,-3.35));
#6548 = VECTOR('',#6549,1.);
#6549 = DIRECTION('',(0.57735026919,-0.57735026919,0.57735026919));
#6550 = ORIENTED_EDGE('',*,*,#5406,.F.);
#6551 = PLANE('',#6552);
#6552 = AXIS2_PLACEMENT_3D('',#6553,#6554,#6555);
#6553 = CARTESIAN_POINT('',(6.15,0.25,-3.3));
#6554 = DIRECTION('',(0.707106781187,-8.486018839685E-17,-0.707106781187
    ));
#6555 = DIRECTION('',(1.212375546256E-16,1.,1.227125289196E-18));
#6556 = ADVANCED_FACE('',(#6557),#6568,.F.);
#6557 = FACE_BOUND('',#6558,.F.);
#6558 = EDGE_LOOP('',(#6559,#6560,#6566,#6567));
#6559 = ORIENTED_EDGE('',*,*,#5569,.T.);
#6560 = ORIENTED_EDGE('',*,*,#6561,.T.);
#6561 = EDGE_CURVE('',#5562,#5473,#6562,.T.);
#6562 = LINE('',#6563,#6564);
#6563 = CARTESIAN_POINT('',(4.25,-0.25,2.8));
#6564 = VECTOR('',#6565,1.);
#6565 = DIRECTION('',(-1.,1.224646799147E-16,0.));
#6566 = ORIENTED_EDGE('',*,*,#5480,.F.);
#6567 = ORIENTED_EDGE('',*,*,#5511,.F.);
#6568 = CYLINDRICAL_SURFACE('',#6569,5.E-02);
#6569 = AXIS2_PLACEMENT_3D('',#6570,#6571,#6572);
#6570 = CARTESIAN_POINT('',(4.25,-0.3,2.8));
#6571 = DIRECTION('',(-1.,1.224646799147E-16,0.));
#6572 = DIRECTION('',(0.,0.,1.));
#6573 = ADVANCED_FACE('',(#6574),#6585,.F.);
#6574 = FACE_BOUND('',#6575,.F.);
#6575 = EDGE_LOOP('',(#6576,#6577,#6583,#6584));
#6576 = ORIENTED_EDGE('',*,*,#5561,.F.);
#6577 = ORIENTED_EDGE('',*,*,#6578,.T.);
#6578 = EDGE_CURVE('',#5554,#5465,#6579,.T.);
#6579 = LINE('',#6580,#6581);
#6580 = CARTESIAN_POINT('',(4.25,-0.25,-3.2));
#6581 = VECTOR('',#6582,1.);
#6582 = DIRECTION('',(-1.,1.224646799147E-16,0.));
#6583 = ORIENTED_EDGE('',*,*,#5472,.T.);
#6584 = ORIENTED_EDGE('',*,*,#6561,.F.);
#6585 = PLANE('',#6586);
#6586 = AXIS2_PLACEMENT_3D('',#6587,#6588,#6589);
#6587 = CARTESIAN_POINT('',(4.25,-0.25,-3.4));
#6588 = DIRECTION('',(1.224646799147E-16,1.,0.));
#6589 = DIRECTION('',(0.,-0.,1.));
#6590 = ADVANCED_FACE('',(#6591),#6616,.F.);
#6591 = FACE_BOUND('',#6592,.T.);
#6592 = EDGE_LOOP('',(#6593,#6601,#6609,#6615));
#6593 = ORIENTED_EDGE('',*,*,#6594,.F.);
#6594 = EDGE_CURVE('',#6595,#5457,#6597,.T.);
#6595 = VERTEX_POINT('',#6596);
#6596 = CARTESIAN_POINT('',(3.95,5.E-02,-3.4));
#6597 = LINE('',#6598,#6599);
#6598 = CARTESIAN_POINT('',(3.9,0.1,-3.35));
#6599 = VECTOR('',#6600,1.);
#6600 = DIRECTION('',(-0.57735026919,0.57735026919,0.57735026919));
#6601 = ORIENTED_EDGE('',*,*,#6602,.T.);
#6602 = EDGE_CURVE('',#6595,#6603,#6605,.T.);
#6603 = VERTEX_POINT('',#6604);
#6604 = CARTESIAN_POINT('',(3.95,-5.E-02,-3.4));
#6605 = LINE('',#6606,#6607);
#6606 = CARTESIAN_POINT('',(3.95,0.25,-3.4));
#6607 = VECTOR('',#6608,1.);
#6608 = DIRECTION('',(-1.224646799147E-16,-1.,0.));
#6609 = ORIENTED_EDGE('',*,*,#6610,.T.);
#6610 = EDGE_CURVE('',#6603,#5465,#6611,.T.);
#6611 = LINE('',#6612,#6613);
#6612 = CARTESIAN_POINT('',(3.983333333333,-1.666666666667E-02,
    -3.433333333333));
#6613 = VECTOR('',#6614,1.);
#6614 = DIRECTION('',(-0.57735026919,-0.57735026919,0.57735026919));
#6615 = ORIENTED_EDGE('',*,*,#5464,.F.);
#6616 = PLANE('',#6617);
#6617 = AXIS2_PLACEMENT_3D('',#6618,#6619,#6620);
#6618 = CARTESIAN_POINT('',(3.85,0.25,-3.3));
#6619 = DIRECTION('',(0.707106781187,-8.833102285013E-17,0.707106781187)
  );
#6620 = DIRECTION('',(1.236918052038E-16,1.,1.227125289097E-18));
#6621 = ADVANCED_FACE('',(#6622),#6638,.F.);
#6622 = FACE_BOUND('',#6623,.F.);
#6623 = EDGE_LOOP('',(#6624,#6625,#6631,#6632));
#6624 = ORIENTED_EDGE('',*,*,#5545,.F.);
#6625 = ORIENTED_EDGE('',*,*,#6626,.T.);
#6626 = EDGE_CURVE('',#5537,#5448,#6627,.T.);
#6627 = LINE('',#6628,#6629);
#6628 = CARTESIAN_POINT('',(4.25,0.25,2.8));
#6629 = VECTOR('',#6630,1.);
#6630 = DIRECTION('',(-1.,1.224646799147E-16,0.));
#6631 = ORIENTED_EDGE('',*,*,#5456,.T.);
#6632 = ORIENTED_EDGE('',*,*,#6633,.F.);
#6633 = EDGE_CURVE('',#5546,#5457,#6634,.T.);
#6634 = LINE('',#6635,#6636);
#6635 = CARTESIAN_POINT('',(4.25,0.25,-3.2));
#6636 = VECTOR('',#6637,1.);
#6637 = DIRECTION('',(-1.,1.224646799147E-16,0.));
#6638 = PLANE('',#6639);
#6639 = AXIS2_PLACEMENT_3D('',#6640,#6641,#6642);
#6640 = CARTESIAN_POINT('',(4.25,0.25,3.35));
#6641 = DIRECTION('',(-1.224646799147E-16,-1.,0.));
#6642 = DIRECTION('',(-0.,0.,-1.));
#6643 = ADVANCED_FACE('',(#6644),#6650,.T.);
#6644 = FACE_BOUND('',#6645,.T.);
#6645 = EDGE_LOOP('',(#6646,#6647,#6648,#6649));
#6646 = ORIENTED_EDGE('',*,*,#5536,.T.);
#6647 = ORIENTED_EDGE('',*,*,#6626,.T.);
#6648 = ORIENTED_EDGE('',*,*,#5447,.F.);
#6649 = ORIENTED_EDGE('',*,*,#5588,.F.);
#6650 = CYLINDRICAL_SURFACE('',#6651,0.55);
#6651 = AXIS2_PLACEMENT_3D('',#6652,#6653,#6654);
#6652 = CARTESIAN_POINT('',(4.25,-0.3,2.8));
#6653 = DIRECTION('',(-1.,1.224646799147E-16,0.));
#6654 = DIRECTION('',(0.,0.,1.));
#6655 = ADVANCED_FACE('',(#6656),#6681,.T.);
#6656 = FACE_BOUND('',#6657,.F.);
#6657 = EDGE_LOOP('',(#6658,#6666,#6674,#6680));
#6658 = ORIENTED_EDGE('',*,*,#6659,.F.);
#6659 = EDGE_CURVE('',#6660,#5546,#6662,.T.);
#6660 = VERTEX_POINT('',#6661);
#6661 = CARTESIAN_POINT('',(4.05,5.E-02,-3.4));
#6662 = LINE('',#6663,#6664);
#6663 = CARTESIAN_POINT('',(4.183333333333,0.183333333333,
    -3.266666666667));
#6664 = VECTOR('',#6665,1.);
#6665 = DIRECTION('',(0.57735026919,0.57735026919,0.57735026919));
#6666 = ORIENTED_EDGE('',*,*,#6667,.T.);
#6667 = EDGE_CURVE('',#6660,#6668,#6670,.T.);
#6668 = VERTEX_POINT('',#6669);
#6669 = CARTESIAN_POINT('',(4.05,-5.E-02,-3.4));
#6670 = LINE('',#6671,#6672);
#6671 = CARTESIAN_POINT('',(4.05,0.25,-3.4));
#6672 = VECTOR('',#6673,1.);
#6673 = DIRECTION('',(-1.224646799147E-16,-1.,0.));
#6674 = ORIENTED_EDGE('',*,*,#6675,.T.);
#6675 = EDGE_CURVE('',#6668,#5554,#6676,.T.);
#6676 = LINE('',#6677,#6678);
#6677 = CARTESIAN_POINT('',(4.1,-0.1,-3.35));
#6678 = VECTOR('',#6679,1.);
#6679 = DIRECTION('',(0.57735026919,-0.57735026919,0.57735026919));
#6680 = ORIENTED_EDGE('',*,*,#5553,.F.);
#6681 = PLANE('',#6682);
#6682 = AXIS2_PLACEMENT_3D('',#6683,#6684,#6685);
#6683 = CARTESIAN_POINT('',(4.15,0.25,-3.3));
#6684 = DIRECTION('',(0.707106781187,-8.486018839685E-17,-0.707106781187
    ));
#6685 = DIRECTION('',(1.212375546256E-16,1.,1.227125289196E-18));
#6686 = ADVANCED_FACE('',(#6687),#6698,.F.);
#6687 = FACE_BOUND('',#6688,.F.);
#6688 = EDGE_LOOP('',(#6689,#6690,#6696,#6697));
#6689 = ORIENTED_EDGE('',*,*,#5733,.T.);
#6690 = ORIENTED_EDGE('',*,*,#6691,.T.);
#6691 = EDGE_CURVE('',#5726,#5637,#6692,.T.);
#6692 = LINE('',#6693,#6694);
#6693 = CARTESIAN_POINT('',(2.25,-0.25,2.8));
#6694 = VECTOR('',#6695,1.);
#6695 = DIRECTION('',(-1.,1.224646799147E-16,0.));
#6696 = ORIENTED_EDGE('',*,*,#5644,.F.);
#6697 = ORIENTED_EDGE('',*,*,#5675,.F.);
#6698 = CYLINDRICAL_SURFACE('',#6699,5.E-02);
#6699 = AXIS2_PLACEMENT_3D('',#6700,#6701,#6702);
#6700 = CARTESIAN_POINT('',(2.25,-0.3,2.8));
#6701 = DIRECTION('',(-1.,1.224646799147E-16,0.));
#6702 = DIRECTION('',(0.,0.,1.));
#6703 = ADVANCED_FACE('',(#6704),#6715,.F.);
#6704 = FACE_BOUND('',#6705,.F.);
#6705 = EDGE_LOOP('',(#6706,#6707,#6713,#6714));
#6706 = ORIENTED_EDGE('',*,*,#5725,.F.);
#6707 = ORIENTED_EDGE('',*,*,#6708,.T.);
#6708 = EDGE_CURVE('',#5718,#5629,#6709,.T.);
#6709 = LINE('',#6710,#6711);
#6710 = CARTESIAN_POINT('',(2.25,-0.25,-3.2));
#6711 = VECTOR('',#6712,1.);
#6712 = DIRECTION('',(-1.,1.224646799147E-16,0.));
#6713 = ORIENTED_EDGE('',*,*,#5636,.T.);
#6714 = ORIENTED_EDGE('',*,*,#6691,.F.);
#6715 = PLANE('',#6716);
#6716 = AXIS2_PLACEMENT_3D('',#6717,#6718,#6719);
#6717 = CARTESIAN_POINT('',(2.25,-0.25,-3.4));
#6718 = DIRECTION('',(1.224646799147E-16,1.,0.));
#6719 = DIRECTION('',(0.,-0.,1.));
#6720 = ADVANCED_FACE('',(#6721),#6746,.F.);
#6721 = FACE_BOUND('',#6722,.T.);
#6722 = EDGE_LOOP('',(#6723,#6731,#6739,#6745));
#6723 = ORIENTED_EDGE('',*,*,#6724,.F.);
#6724 = EDGE_CURVE('',#6725,#5621,#6727,.T.);
#6725 = VERTEX_POINT('',#6726);
#6726 = CARTESIAN_POINT('',(1.95,5.E-02,-3.4));
#6727 = LINE('',#6728,#6729);
#6728 = CARTESIAN_POINT('',(1.9,0.1,-3.35));
#6729 = VECTOR('',#6730,1.);
#6730 = DIRECTION('',(-0.57735026919,0.57735026919,0.57735026919));
#6731 = ORIENTED_EDGE('',*,*,#6732,.T.);
#6732 = EDGE_CURVE('',#6725,#6733,#6735,.T.);
#6733 = VERTEX_POINT('',#6734);
#6734 = CARTESIAN_POINT('',(1.95,-5.E-02,-3.4));
#6735 = LINE('',#6736,#6737);
#6736 = CARTESIAN_POINT('',(1.95,0.25,-3.4));
#6737 = VECTOR('',#6738,1.);
#6738 = DIRECTION('',(-1.224646799147E-16,-1.,0.));
#6739 = ORIENTED_EDGE('',*,*,#6740,.T.);
#6740 = EDGE_CURVE('',#6733,#5629,#6741,.T.);
#6741 = LINE('',#6742,#6743);
#6742 = CARTESIAN_POINT('',(1.983333333333,-1.666666666667E-02,
    -3.433333333333));
#6743 = VECTOR('',#6744,1.);
#6744 = DIRECTION('',(-0.57735026919,-0.57735026919,0.57735026919));
#6745 = ORIENTED_EDGE('',*,*,#5628,.F.);
#6746 = PLANE('',#6747);
#6747 = AXIS2_PLACEMENT_3D('',#6748,#6749,#6750);
#6748 = CARTESIAN_POINT('',(1.85,0.25,-3.3));
#6749 = DIRECTION('',(0.707106781187,-8.833102285013E-17,0.707106781187)
  );
#6750 = DIRECTION('',(1.236918052038E-16,1.,1.227125289097E-18));
#6751 = ADVANCED_FACE('',(#6752),#6768,.F.);
#6752 = FACE_BOUND('',#6753,.F.);
#6753 = EDGE_LOOP('',(#6754,#6755,#6761,#6762));
#6754 = ORIENTED_EDGE('',*,*,#5709,.F.);
#6755 = ORIENTED_EDGE('',*,*,#6756,.T.);
#6756 = EDGE_CURVE('',#5701,#5612,#6757,.T.);
#6757 = LINE('',#6758,#6759);
#6758 = CARTESIAN_POINT('',(2.25,0.25,2.8));
#6759 = VECTOR('',#6760,1.);
#6760 = DIRECTION('',(-1.,1.224646799147E-16,0.));
#6761 = ORIENTED_EDGE('',*,*,#5620,.T.);
#6762 = ORIENTED_EDGE('',*,*,#6763,.F.);
#6763 = EDGE_CURVE('',#5710,#5621,#6764,.T.);
#6764 = LINE('',#6765,#6766);
#6765 = CARTESIAN_POINT('',(2.25,0.25,-3.2));
#6766 = VECTOR('',#6767,1.);
#6767 = DIRECTION('',(-1.,1.224646799147E-16,0.));
#6768 = PLANE('',#6769);
#6769 = AXIS2_PLACEMENT_3D('',#6770,#6771,#6772);
#6770 = CARTESIAN_POINT('',(2.25,0.25,3.35));
#6771 = DIRECTION('',(-1.224646799147E-16,-1.,0.));
#6772 = DIRECTION('',(-0.,0.,-1.));
#6773 = ADVANCED_FACE('',(#6774),#6780,.T.);
#6774 = FACE_BOUND('',#6775,.T.);
#6775 = EDGE_LOOP('',(#6776,#6777,#6778,#6779));
#6776 = ORIENTED_EDGE('',*,*,#5700,.T.);
#6777 = ORIENTED_EDGE('',*,*,#6756,.T.);
#6778 = ORIENTED_EDGE('',*,*,#5611,.F.);
#6779 = ORIENTED_EDGE('',*,*,#5752,.F.);
#6780 = CYLINDRICAL_SURFACE('',#6781,0.55);
#6781 = AXIS2_PLACEMENT_3D('',#6782,#6783,#6784);
#6782 = CARTESIAN_POINT('',(2.25,-0.3,2.8));
#6783 = DIRECTION('',(-1.,1.224646799147E-16,0.));
#6784 = DIRECTION('',(0.,0.,1.));
#6785 = ADVANCED_FACE('',(#6786),#6811,.T.);
#6786 = FACE_BOUND('',#6787,.F.);
#6787 = EDGE_LOOP('',(#6788,#6796,#6804,#6810));
#6788 = ORIENTED_EDGE('',*,*,#6789,.F.);
#6789 = EDGE_CURVE('',#6790,#5710,#6792,.T.);
#6790 = VERTEX_POINT('',#6791);
#6791 = CARTESIAN_POINT('',(2.05,5.E-02,-3.4));
#6792 = LINE('',#6793,#6794);
#6793 = CARTESIAN_POINT('',(2.183333333333,0.183333333333,
    -3.266666666667));
#6794 = VECTOR('',#6795,1.);
#6795 = DIRECTION('',(0.57735026919,0.57735026919,0.57735026919));
#6796 = ORIENTED_EDGE('',*,*,#6797,.T.);
#6797 = EDGE_CURVE('',#6790,#6798,#6800,.T.);
#6798 = VERTEX_POINT('',#6799);
#6799 = CARTESIAN_POINT('',(2.05,-5.E-02,-3.4));
#6800 = LINE('',#6801,#6802);
#6801 = CARTESIAN_POINT('',(2.05,0.25,-3.4));
#6802 = VECTOR('',#6803,1.);
#6803 = DIRECTION('',(-1.224646799147E-16,-1.,0.));
#6804 = ORIENTED_EDGE('',*,*,#6805,.T.);
#6805 = EDGE_CURVE('',#6798,#5718,#6806,.T.);
#6806 = LINE('',#6807,#6808);
#6807 = CARTESIAN_POINT('',(2.1,-0.1,-3.35));
#6808 = VECTOR('',#6809,1.);
#6809 = DIRECTION('',(0.57735026919,-0.57735026919,0.57735026919));
#6810 = ORIENTED_EDGE('',*,*,#5717,.F.);
#6811 = PLANE('',#6812);
#6812 = AXIS2_PLACEMENT_3D('',#6813,#6814,#6815);
#6813 = CARTESIAN_POINT('',(2.15,0.25,-3.3));
#6814 = DIRECTION('',(0.707106781187,-8.486018839685E-17,-0.707106781187
    ));
#6815 = DIRECTION('',(1.212375546256E-16,1.,1.227125289196E-18));
#6816 = ADVANCED_FACE('',(#6817),#6828,.T.);
#6817 = FACE_BOUND('',#6818,.T.);
#6818 = EDGE_LOOP('',(#6819,#6820,#6826,#6827));
#6819 = ORIENTED_EDGE('',*,*,#5913,.T.);
#6820 = ORIENTED_EDGE('',*,*,#6821,.T.);
#6821 = EDGE_CURVE('',#5914,#5800,#6822,.T.);
#6822 = LINE('',#6823,#6824);
#6823 = CARTESIAN_POINT('',(0.25,0.25,2.8));
#6824 = VECTOR('',#6825,1.);
#6825 = DIRECTION('',(-1.,1.224646799147E-16,0.));
#6826 = ORIENTED_EDGE('',*,*,#5799,.F.);
#6827 = ORIENTED_EDGE('',*,*,#5783,.F.);
#6828 = CYLINDRICAL_SURFACE('',#6829,0.55);
#6829 = AXIS2_PLACEMENT_3D('',#6830,#6831,#6832);
#6830 = CARTESIAN_POINT('',(0.25,-0.3,2.8));
#6831 = DIRECTION('',(-1.,1.224646799147E-16,0.));
#6832 = DIRECTION('',(0.,0.,1.));
#6833 = ADVANCED_FACE('',(#6834),#6845,.F.);
#6834 = FACE_BOUND('',#6835,.F.);
#6835 = EDGE_LOOP('',(#6836,#6837,#6843,#6844));
#6836 = ORIENTED_EDGE('',*,*,#5978,.T.);
#6837 = ORIENTED_EDGE('',*,*,#6838,.T.);
#6838 = EDGE_CURVE('',#5971,#5857,#6839,.T.);
#6839 = LINE('',#6840,#6841);
#6840 = CARTESIAN_POINT('',(0.25,-0.25,2.8));
#6841 = VECTOR('',#6842,1.);
#6842 = DIRECTION('',(-1.,1.224646799147E-16,0.));
#6843 = ORIENTED_EDGE('',*,*,#5864,.F.);
#6844 = ORIENTED_EDGE('',*,*,#5895,.F.);
#6845 = CYLINDRICAL_SURFACE('',#6846,5.E-02);
#6846 = AXIS2_PLACEMENT_3D('',#6847,#6848,#6849);
#6847 = CARTESIAN_POINT('',(0.25,-0.3,2.8));
#6848 = DIRECTION('',(-1.,1.224646799147E-16,0.));
#6849 = DIRECTION('',(0.,0.,1.));
#6850 = ADVANCED_FACE('',(#6851),#6862,.F.);
#6851 = FACE_BOUND('',#6852,.F.);
#6852 = EDGE_LOOP('',(#6853,#6854,#6860,#6861));
#6853 = ORIENTED_EDGE('',*,*,#5970,.F.);
#6854 = ORIENTED_EDGE('',*,*,#6855,.T.);
#6855 = EDGE_CURVE('',#5963,#5849,#6856,.T.);
#6856 = LINE('',#6857,#6858);
#6857 = CARTESIAN_POINT('',(0.25,-0.25,-0.9));
#6858 = VECTOR('',#6859,1.);
#6859 = DIRECTION('',(-1.,1.224646799147E-16,0.));
#6860 = ORIENTED_EDGE('',*,*,#5856,.T.);
#6861 = ORIENTED_EDGE('',*,*,#6838,.F.);
#6862 = PLANE('',#6863);
#6863 = AXIS2_PLACEMENT_3D('',#6864,#6865,#6866);
#6864 = CARTESIAN_POINT('',(0.25,-0.25,-0.9));
#6865 = DIRECTION('',(1.224646799147E-16,1.,0.));
#6866 = DIRECTION('',(0.,-0.,1.));
#6867 = ADVANCED_FACE('',(#6868),#6879,.F.);
#6868 = FACE_BOUND('',#6869,.F.);
#6869 = EDGE_LOOP('',(#6870,#6876,#6877,#6878));
#6870 = ORIENTED_EDGE('',*,*,#6871,.T.);
#6871 = EDGE_CURVE('',#5955,#5841,#6872,.T.);
#6872 = LINE('',#6873,#6874);
#6873 = CARTESIAN_POINT('',(0.25,-0.55,-1.5));
#6874 = VECTOR('',#6875,1.);
#6875 = DIRECTION('',(-1.,1.224646799147E-16,0.));
#6876 = ORIENTED_EDGE('',*,*,#5848,.T.);
#6877 = ORIENTED_EDGE('',*,*,#6855,.F.);
#6878 = ORIENTED_EDGE('',*,*,#5962,.F.);
#6879 = PLANE('',#6880);
#6880 = AXIS2_PLACEMENT_3D('',#6881,#6882,#6883);
#6881 = CARTESIAN_POINT('',(0.25,-0.55,-1.5));
#6882 = DIRECTION('',(1.095357396528E-16,0.894427191,-0.4472135955));
#6883 = DIRECTION('',(5.476786982641E-17,0.4472135955,0.894427191));
#6884 = ADVANCED_FACE('',(#6885),#6912,.F.);
#6885 = FACE_BOUND('',#6886,.F.);
#6886 = EDGE_LOOP('',(#6887,#6888,#6896,#6904,#6910,#6911));
#6887 = ORIENTED_EDGE('',*,*,#5954,.F.);
#6888 = ORIENTED_EDGE('',*,*,#6889,.F.);
#6889 = EDGE_CURVE('',#6890,#5947,#6892,.T.);
#6890 = VERTEX_POINT('',#6891);
#6891 = CARTESIAN_POINT('',(0.247552593066,-0.281192514695,
    -3.202447406934));
#6892 = LINE('',#6893,#6894);
#6893 = CARTESIAN_POINT('',(0.1292749658,-0.262517099863,-3.3207250342)
  );
#6894 = VECTOR('',#6895,1.);
#6895 = DIRECTION('',(0.702740385383,-0.110959008218,0.702740385383));
#6896 = ORIENTED_EDGE('',*,*,#6897,.T.);
#6897 = EDGE_CURVE('',#6890,#6898,#6900,.T.);
#6898 = VERTEX_POINT('',#6899);
#6899 = CARTESIAN_POINT('',(-0.247552593066,-0.281192514695,
    -3.202447406934));
#6900 = LINE('',#6901,#6902);
#6901 = CARTESIAN_POINT('',(0.25,-0.281192514695,-3.202447406934));
#6902 = VECTOR('',#6903,1.);
#6903 = DIRECTION('',(-1.,1.224646799147E-16,0.));
#6904 = ORIENTED_EDGE('',*,*,#6905,.T.);
#6905 = EDGE_CURVE('',#6898,#5833,#6906,.T.);
#6906 = LINE('',#6907,#6908);
#6907 = CARTESIAN_POINT('',(-5.813953488372E-03,-0.243023255814,
    -3.444186046512));
#6908 = VECTOR('',#6909,1.);
#6909 = DIRECTION('',(-0.702740385383,-0.110959008218,0.702740385383));
#6910 = ORIENTED_EDGE('',*,*,#5840,.T.);
#6911 = ORIENTED_EDGE('',*,*,#6871,.F.);
#6912 = PLANE('',#6913);
#6913 = AXIS2_PLACEMENT_3D('',#6914,#6915,#6916);
#6914 = CARTESIAN_POINT('',(0.25,-0.25,-3.4));
#6915 = DIRECTION('',(1.209660753807E-16,0.987762965329,0.155962573473)
  );
#6916 = DIRECTION('',(-1.909990663905E-17,-0.155962573473,0.987762965329
    ));
#6917 = ADVANCED_FACE('',(#6918),#6952,.F.);
#6918 = FACE_BOUND('',#6919,.T.);
#6919 = EDGE_LOOP('',(#6920,#6928,#6929,#6930,#6938,#6946));
#6920 = ORIENTED_EDGE('',*,*,#6921,.T.);
#6921 = EDGE_CURVE('',#6922,#6898,#6924,.T.);
#6922 = VERTEX_POINT('',#6923);
#6923 = CARTESIAN_POINT('',(-5.E-02,-5.E-02,-3.4));
#6924 = LINE('',#6925,#6926);
#6925 = CARTESIAN_POINT('',(-1.77957755624E-02,-1.231193164325E-02,
    -3.432204224438));
#6926 = VECTOR('',#6927,1.);
#6927 = DIRECTION('',(-0.544770019249,-0.63753529491,0.544770019249));
#6928 = ORIENTED_EDGE('',*,*,#6905,.T.);
#6929 = ORIENTED_EDGE('',*,*,#5832,.F.);
#6930 = ORIENTED_EDGE('',*,*,#6931,.F.);
#6931 = EDGE_CURVE('',#6932,#5825,#6934,.T.);
#6932 = VERTEX_POINT('',#6933);
#6933 = CARTESIAN_POINT('',(-0.247552593066,0.218807485305,
    -3.202447406934));
#6934 = LINE('',#6935,#6936);
#6935 = CARTESIAN_POINT('',(-0.506155950752,0.177975376197,
    -2.943844049248));
#6936 = VECTOR('',#6937,1.);
#6937 = DIRECTION('',(-0.702740385383,-0.110959008218,0.702740385383));
#6938 = ORIENTED_EDGE('',*,*,#6939,.F.);
#6939 = EDGE_CURVE('',#6940,#6932,#6942,.T.);
#6940 = VERTEX_POINT('',#6941);
#6941 = CARTESIAN_POINT('',(-5.E-02,5.E-02,-3.4));
#6942 = LINE('',#6943,#6944);
#6943 = CARTESIAN_POINT('',(-9.428267482221E-02,8.783927542193E-02,
    -3.355717325178));
#6944 = VECTOR('',#6945,1.);
#6945 = DIRECTION('',(-0.605209817607,0.517148096144,0.605209817607));
#6946 = ORIENTED_EDGE('',*,*,#6947,.T.);
#6947 = EDGE_CURVE('',#6940,#6922,#6948,.T.);
#6948 = LINE('',#6949,#6950);
#6949 = CARTESIAN_POINT('',(-5.E-02,0.25,-3.4));
#6950 = VECTOR('',#6951,1.);
#6951 = DIRECTION('',(-1.224646799147E-16,-1.,0.));
#6952 = PLANE('',#6953);
#6953 = AXIS2_PLACEMENT_3D('',#6954,#6955,#6956);
#6954 = CARTESIAN_POINT('',(-0.15,0.25,-3.3));
#6955 = DIRECTION('',(0.707106781187,-8.833102285013E-17,0.707106781187)
  );
#6956 = DIRECTION('',(1.236918052038E-16,1.,1.227125289097E-18));
#6957 = ADVANCED_FACE('',(#6958),#6983,.F.);
#6958 = FACE_BOUND('',#6959,.F.);
#6959 = EDGE_LOOP('',(#6960,#6961,#6967,#6968,#6969,#6977));
#6960 = ORIENTED_EDGE('',*,*,#5938,.F.);
#6961 = ORIENTED_EDGE('',*,*,#6962,.T.);
#6962 = EDGE_CURVE('',#5931,#5817,#6963,.T.);
#6963 = LINE('',#6964,#6965);
#6964 = CARTESIAN_POINT('',(0.25,-5.E-02,-1.5));
#6965 = VECTOR('',#6966,1.);
#6966 = DIRECTION('',(-1.,1.224646799147E-16,0.));
#6967 = ORIENTED_EDGE('',*,*,#5824,.T.);
#6968 = ORIENTED_EDGE('',*,*,#6931,.F.);
#6969 = ORIENTED_EDGE('',*,*,#6970,.F.);
#6970 = EDGE_CURVE('',#6971,#6932,#6973,.T.);
#6971 = VERTEX_POINT('',#6972);
#6972 = CARTESIAN_POINT('',(0.247552593066,0.218807485305,
    -3.202447406934));
#6973 = LINE('',#6974,#6975);
#6974 = CARTESIAN_POINT('',(0.25,0.218807485305,-3.202447406934));
#6975 = VECTOR('',#6976,1.);
#6976 = DIRECTION('',(-1.,1.224646799147E-16,0.));
#6977 = ORIENTED_EDGE('',*,*,#6978,.T.);
#6978 = EDGE_CURVE('',#6971,#5939,#6979,.T.);
#6979 = LINE('',#6980,#6981);
#6980 = CARTESIAN_POINT('',(0.629616963064,0.158481532148,
    -2.820383036936));
#6981 = VECTOR('',#6982,1.);
#6982 = DIRECTION('',(0.702740385383,-0.110959008218,0.702740385383));
#6983 = PLANE('',#6984);
#6984 = AXIS2_PLACEMENT_3D('',#6985,#6986,#6987);
#6985 = CARTESIAN_POINT('',(0.25,-5.E-02,-1.5));
#6986 = DIRECTION('',(-1.209660753807E-16,-0.987762965329,
    -0.155962573473));
#6987 = DIRECTION('',(1.909990663905E-17,0.155962573473,-0.987762965329)
  );
#6988 = ADVANCED_FACE('',(#6989),#7000,.F.);
#6989 = FACE_BOUND('',#6990,.F.);
#6990 = EDGE_LOOP('',(#6991,#6997,#6998,#6999));
#6991 = ORIENTED_EDGE('',*,*,#6992,.T.);
#6992 = EDGE_CURVE('',#5923,#5809,#6993,.T.);
#6993 = LINE('',#6994,#6995);
#6994 = CARTESIAN_POINT('',(0.25,0.25,-0.9));
#6995 = VECTOR('',#6996,1.);
#6996 = DIRECTION('',(-1.,1.224646799147E-16,0.));
#6997 = ORIENTED_EDGE('',*,*,#5816,.T.);
#6998 = ORIENTED_EDGE('',*,*,#6962,.F.);
#6999 = ORIENTED_EDGE('',*,*,#5930,.F.);
#7000 = PLANE('',#7001);
#7001 = AXIS2_PLACEMENT_3D('',#7002,#7003,#7004);
#7002 = CARTESIAN_POINT('',(0.25,0.25,-0.9));
#7003 = DIRECTION('',(-1.095357396528E-16,-0.894427191,0.4472135955));
#7004 = DIRECTION('',(-5.476786982641E-17,-0.4472135955,-0.894427191));
#7005 = ADVANCED_FACE('',(#7006),#7012,.F.);
#7006 = FACE_BOUND('',#7007,.F.);
#7007 = EDGE_LOOP('',(#7008,#7009,#7010,#7011));
#7008 = ORIENTED_EDGE('',*,*,#5922,.F.);
#7009 = ORIENTED_EDGE('',*,*,#6821,.T.);
#7010 = ORIENTED_EDGE('',*,*,#5808,.T.);
#7011 = ORIENTED_EDGE('',*,*,#6992,.F.);
#7012 = PLANE('',#7013);
#7013 = AXIS2_PLACEMENT_3D('',#7014,#7015,#7016);
#7014 = CARTESIAN_POINT('',(0.25,0.25,3.35));
#7015 = DIRECTION('',(-1.224646799147E-16,-1.,0.));
#7016 = DIRECTION('',(-0.,0.,-1.));
#7017 = ADVANCED_FACE('',(#7018),#7045,.T.);
#7018 = FACE_BOUND('',#7019,.F.);
#7019 = EDGE_LOOP('',(#7020,#7028,#7029,#7030,#7031,#7039));
#7020 = ORIENTED_EDGE('',*,*,#7021,.T.);
#7021 = EDGE_CURVE('',#7022,#6890,#7024,.T.);
#7022 = VERTEX_POINT('',#7023);
#7023 = CARTESIAN_POINT('',(5.E-02,-5.E-02,-3.4));
#7024 = LINE('',#7025,#7026);
#7025 = CARTESIAN_POINT('',(9.198936903048E-02,-9.913946036316E-02,
    -3.35801063097));
#7026 = VECTOR('',#7027,1.);
#7027 = DIRECTION('',(0.544770019249,-0.63753529491,0.544770019249));
#7028 = ORIENTED_EDGE('',*,*,#6889,.T.);
#7029 = ORIENTED_EDGE('',*,*,#5946,.F.);
#7030 = ORIENTED_EDGE('',*,*,#6978,.F.);
#7031 = ORIENTED_EDGE('',*,*,#7032,.F.);
#7032 = EDGE_CURVE('',#7033,#6971,#7035,.T.);
#7033 = VERTEX_POINT('',#7034);
#7034 = CARTESIAN_POINT('',(5.E-02,5.E-02,-3.4));
#7035 = LINE('',#7036,#7037);
#7036 = CARTESIAN_POINT('',(0.185852405654,0.166085051658,
    -3.264147594346));
#7037 = VECTOR('',#7038,1.);
#7038 = DIRECTION('',(0.605209817607,0.517148096144,0.605209817607));
#7039 = ORIENTED_EDGE('',*,*,#7040,.T.);
#7040 = EDGE_CURVE('',#7033,#7022,#7041,.T.);
#7041 = LINE('',#7042,#7043);
#7042 = CARTESIAN_POINT('',(5.E-02,0.25,-3.4));
#7043 = VECTOR('',#7044,1.);
#7044 = DIRECTION('',(-1.224646799147E-16,-1.,0.));
#7045 = PLANE('',#7046);
#7046 = AXIS2_PLACEMENT_3D('',#7047,#7048,#7049);
#7047 = CARTESIAN_POINT('',(0.15,0.25,-3.3));
#7048 = DIRECTION('',(0.707106781187,-8.486018839685E-17,-0.707106781187
    ));
#7049 = DIRECTION('',(1.212375546256E-16,1.,1.227125289196E-18));
#7050 = ADVANCED_FACE('',(#7051),#7062,.T.);
#7051 = FACE_BOUND('',#7052,.F.);
#7052 = EDGE_LOOP('',(#7053,#7054,#7060,#7061));
#7053 = ORIENTED_EDGE('',*,*,#6267,.F.);
#7054 = ORIENTED_EDGE('',*,*,#7055,.T.);
#7055 = EDGE_CURVE('',#6268,#6168,#7056,.T.);
#7056 = LINE('',#7057,#7058);
#7057 = CARTESIAN_POINT('',(10.25,-5.E-02,-3.4));
#7058 = VECTOR('',#7059,1.);
#7059 = DIRECTION('',(-1.,1.224646799147E-16,0.));
#7060 = ORIENTED_EDGE('',*,*,#6167,.T.);
#7061 = ORIENTED_EDGE('',*,*,#6143,.F.);
#7062 = PLANE('',#7063);
#7063 = AXIS2_PLACEMENT_3D('',#7064,#7065,#7066);
#7064 = CARTESIAN_POINT('',(10.25,-0.165596257347,-3.301223703467));
#7065 = DIRECTION('',(-8.302774088379E-17,-0.64962967394,-0.760250805153
    ));
#7066 = DIRECTION('',(1.,-1.247195775152E-16,-2.638869166629E-18));
#7067 = ADVANCED_FACE('',(#7068),#7079,.F.);
#7068 = FACE_BOUND('',#7069,.F.);
#7069 = EDGE_LOOP('',(#7070,#7071,#7072,#7078));
#7070 = ORIENTED_EDGE('',*,*,#7055,.F.);
#7071 = ORIENTED_EDGE('',*,*,#6286,.F.);
#7072 = ORIENTED_EDGE('',*,*,#7073,.T.);
#7073 = EDGE_CURVE('',#6279,#6186,#7074,.T.);
#7074 = LINE('',#7075,#7076);
#7075 = CARTESIAN_POINT('',(10.25,5.E-02,-3.4));
#7076 = VECTOR('',#7077,1.);
#7077 = DIRECTION('',(-1.,1.224646799147E-16,0.));
#7078 = ORIENTED_EDGE('',*,*,#6193,.T.);
#7079 = PLANE('',#7080);
#7080 = AXIS2_PLACEMENT_3D('',#7081,#7082,#7083);
#7081 = CARTESIAN_POINT('',(10.25,0.25,-3.4));
#7082 = DIRECTION('',(0.,0.,1.));
#7083 = DIRECTION('',(-1.224646799147E-16,-1.,0.));
#7084 = ADVANCED_FACE('',(#7085),#7091,.T.);
#7085 = FACE_BOUND('',#7086,.T.);
#7086 = EDGE_LOOP('',(#7087,#7088,#7089,#7090));
#7087 = ORIENTED_EDGE('',*,*,#6278,.F.);
#7088 = ORIENTED_EDGE('',*,*,#7073,.T.);
#7089 = ORIENTED_EDGE('',*,*,#6185,.T.);
#7090 = ORIENTED_EDGE('',*,*,#6216,.F.);
#7091 = PLANE('',#7092);
#7092 = AXIS2_PLACEMENT_3D('',#7093,#7094,#7095);
#7093 = CARTESIAN_POINT('',(10.25,0.134403742653,-3.301223703467));
#7094 = DIRECTION('',(9.136856246232E-17,0.760250805153,-0.64962967394)
  );
#7095 = DIRECTION('',(-1.,1.211454098155E-16,1.127308249542E-18));
#7096 = ADVANCED_FACE('',(#7097),#7108,.T.);
#7097 = FACE_BOUND('',#7098,.F.);
#7098 = EDGE_LOOP('',(#7099,#7100,#7106,#7107));
#7099 = ORIENTED_EDGE('',*,*,#6415,.F.);
#7100 = ORIENTED_EDGE('',*,*,#7101,.T.);
#7101 = EDGE_CURVE('',#6408,#6343,#7102,.T.);
#7102 = LINE('',#7103,#7104);
#7103 = CARTESIAN_POINT('',(8.25,-5.E-02,-3.4));
#7104 = VECTOR('',#7105,1.);
#7105 = DIRECTION('',(-1.,1.224646799147E-16,0.));
#7106 = ORIENTED_EDGE('',*,*,#6350,.T.);
#7107 = ORIENTED_EDGE('',*,*,#6318,.F.);
#7108 = PLANE('',#7109);
#7109 = AXIS2_PLACEMENT_3D('',#7110,#7111,#7112);
#7110 = CARTESIAN_POINT('',(8.25,-0.15,-3.3));
#7111 = DIRECTION('',(-8.486018839685E-17,-0.707106781187,
    -0.707106781187));
#7112 = DIRECTION('',(1.,-1.212375546256E-16,1.227125289196E-18));
#7113 = ADVANCED_FACE('',(#7114),#7125,.T.);
#7114 = FACE_BOUND('',#7115,.T.);
#7115 = EDGE_LOOP('',(#7116,#7117,#7123,#7124));
#7116 = ORIENTED_EDGE('',*,*,#6399,.F.);
#7117 = ORIENTED_EDGE('',*,*,#7118,.T.);
#7118 = EDGE_CURVE('',#6400,#6335,#7119,.T.);
#7119 = LINE('',#7120,#7121);
#7120 = CARTESIAN_POINT('',(8.25,5.E-02,-3.4));
#7121 = VECTOR('',#7122,1.);
#7122 = DIRECTION('',(-1.,1.224646799147E-16,0.));
#7123 = ORIENTED_EDGE('',*,*,#6334,.T.);
#7124 = ORIENTED_EDGE('',*,*,#6373,.F.);
#7125 = PLANE('',#7126);
#7126 = AXIS2_PLACEMENT_3D('',#7127,#7128,#7129);
#7127 = CARTESIAN_POINT('',(8.25,0.15,-3.3));
#7128 = DIRECTION('',(8.486018839685E-17,0.707106781187,-0.707106781187)
  );
#7129 = DIRECTION('',(-1.,1.212375546256E-16,1.227125289196E-18));
#7130 = ADVANCED_FACE('',(#7131),#7137,.F.);
#7131 = FACE_BOUND('',#7132,.F.);
#7132 = EDGE_LOOP('',(#7133,#7134,#7135,#7136));
#7133 = ORIENTED_EDGE('',*,*,#7118,.T.);
#7134 = ORIENTED_EDGE('',*,*,#6342,.T.);
#7135 = ORIENTED_EDGE('',*,*,#7101,.F.);
#7136 = ORIENTED_EDGE('',*,*,#6407,.F.);
#7137 = PLANE('',#7138);
#7138 = AXIS2_PLACEMENT_3D('',#7139,#7140,#7141);
#7139 = CARTESIAN_POINT('',(8.25,0.25,-3.4));
#7140 = DIRECTION('',(0.,0.,1.));
#7141 = DIRECTION('',(-1.224646799147E-16,-1.,0.));
#7142 = ADVANCED_FACE('',(#7143),#7154,.T.);
#7143 = FACE_BOUND('',#7144,.F.);
#7144 = EDGE_LOOP('',(#7145,#7146,#7152,#7153));
#7145 = ORIENTED_EDGE('',*,*,#6545,.F.);
#7146 = ORIENTED_EDGE('',*,*,#7147,.T.);
#7147 = EDGE_CURVE('',#6538,#6490,#7148,.T.);
#7148 = LINE('',#7149,#7150);
#7149 = CARTESIAN_POINT('',(6.25,-5.E-02,-3.4));
#7150 = VECTOR('',#7151,1.);
#7151 = DIRECTION('',(-1.,1.224646799147E-16,0.));
#7152 = ORIENTED_EDGE('',*,*,#6497,.T.);
#7153 = ORIENTED_EDGE('',*,*,#6465,.F.);
#7154 = PLANE('',#7155);
#7155 = AXIS2_PLACEMENT_3D('',#7156,#7157,#7158);
#7156 = CARTESIAN_POINT('',(6.25,-0.15,-3.3));
#7157 = DIRECTION('',(-8.486018839685E-17,-0.707106781187,
    -0.707106781187));
#7158 = DIRECTION('',(1.,-1.212375546256E-16,1.227125289196E-18));
#7159 = ADVANCED_FACE('',(#7160),#7171,.T.);
#7160 = FACE_BOUND('',#7161,.T.);
#7161 = EDGE_LOOP('',(#7162,#7163,#7169,#7170));
#7162 = ORIENTED_EDGE('',*,*,#6529,.F.);
#7163 = ORIENTED_EDGE('',*,*,#7164,.T.);
#7164 = EDGE_CURVE('',#6530,#6482,#7165,.T.);
#7165 = LINE('',#7166,#7167);
#7166 = CARTESIAN_POINT('',(6.25,5.E-02,-3.4));
#7167 = VECTOR('',#7168,1.);
#7168 = DIRECTION('',(-1.,1.224646799147E-16,0.));
#7169 = ORIENTED_EDGE('',*,*,#6481,.T.);
#7170 = ORIENTED_EDGE('',*,*,#6515,.F.);
#7171 = PLANE('',#7172);
#7172 = AXIS2_PLACEMENT_3D('',#7173,#7174,#7175);
#7173 = CARTESIAN_POINT('',(6.25,0.15,-3.3));
#7174 = DIRECTION('',(8.486018839685E-17,0.707106781187,-0.707106781187)
  );
#7175 = DIRECTION('',(-1.,1.212375546256E-16,1.227125289196E-18));
#7176 = ADVANCED_FACE('',(#7177),#7183,.F.);
#7177 = FACE_BOUND('',#7178,.F.);
#7178 = EDGE_LOOP('',(#7179,#7180,#7181,#7182));
#7179 = ORIENTED_EDGE('',*,*,#7164,.T.);
#7180 = ORIENTED_EDGE('',*,*,#6489,.T.);
#7181 = ORIENTED_EDGE('',*,*,#7147,.F.);
#7182 = ORIENTED_EDGE('',*,*,#6537,.F.);
#7183 = PLANE('',#7184);
#7184 = AXIS2_PLACEMENT_3D('',#7185,#7186,#7187);
#7185 = CARTESIAN_POINT('',(6.25,0.25,-3.4));
#7186 = DIRECTION('',(0.,0.,1.));
#7187 = DIRECTION('',(-1.224646799147E-16,-1.,0.));
#7188 = ADVANCED_FACE('',(#7189),#7200,.T.);
#7189 = FACE_BOUND('',#7190,.F.);
#7190 = EDGE_LOOP('',(#7191,#7192,#7198,#7199));
#7191 = ORIENTED_EDGE('',*,*,#6675,.F.);
#7192 = ORIENTED_EDGE('',*,*,#7193,.T.);
#7193 = EDGE_CURVE('',#6668,#6603,#7194,.T.);
#7194 = LINE('',#7195,#7196);
#7195 = CARTESIAN_POINT('',(4.25,-5.E-02,-3.4));
#7196 = VECTOR('',#7197,1.);
#7197 = DIRECTION('',(-1.,1.224646799147E-16,0.));
#7198 = ORIENTED_EDGE('',*,*,#6610,.T.);
#7199 = ORIENTED_EDGE('',*,*,#6578,.F.);
#7200 = PLANE('',#7201);
#7201 = AXIS2_PLACEMENT_3D('',#7202,#7203,#7204);
#7202 = CARTESIAN_POINT('',(4.25,-0.15,-3.3));
#7203 = DIRECTION('',(-8.486018839685E-17,-0.707106781187,
    -0.707106781187));
#7204 = DIRECTION('',(1.,-1.212375546256E-16,1.227125289196E-18));
#7205 = ADVANCED_FACE('',(#7206),#7217,.T.);
#7206 = FACE_BOUND('',#7207,.T.);
#7207 = EDGE_LOOP('',(#7208,#7209,#7215,#7216));
#7208 = ORIENTED_EDGE('',*,*,#6659,.F.);
#7209 = ORIENTED_EDGE('',*,*,#7210,.T.);
#7210 = EDGE_CURVE('',#6660,#6595,#7211,.T.);
#7211 = LINE('',#7212,#7213);
#7212 = CARTESIAN_POINT('',(4.25,5.E-02,-3.4));
#7213 = VECTOR('',#7214,1.);
#7214 = DIRECTION('',(-1.,1.224646799147E-16,0.));
#7215 = ORIENTED_EDGE('',*,*,#6594,.T.);
#7216 = ORIENTED_EDGE('',*,*,#6633,.F.);
#7217 = PLANE('',#7218);
#7218 = AXIS2_PLACEMENT_3D('',#7219,#7220,#7221);
#7219 = CARTESIAN_POINT('',(4.25,0.15,-3.3));
#7220 = DIRECTION('',(8.486018839685E-17,0.707106781187,-0.707106781187)
  );
#7221 = DIRECTION('',(-1.,1.212375546256E-16,1.227125289196E-18));
#7222 = ADVANCED_FACE('',(#7223),#7229,.F.);
#7223 = FACE_BOUND('',#7224,.F.);
#7224 = EDGE_LOOP('',(#7225,#7226,#7227,#7228));
#7225 = ORIENTED_EDGE('',*,*,#7210,.T.);
#7226 = ORIENTED_EDGE('',*,*,#6602,.T.);
#7227 = ORIENTED_EDGE('',*,*,#7193,.F.);
#7228 = ORIENTED_EDGE('',*,*,#6667,.F.);
#7229 = PLANE('',#7230);
#7230 = AXIS2_PLACEMENT_3D('',#7231,#7232,#7233);
#7231 = CARTESIAN_POINT('',(4.25,0.25,-3.4));
#7232 = DIRECTION('',(0.,0.,1.));
#7233 = DIRECTION('',(-1.224646799147E-16,-1.,0.));
#7234 = ADVANCED_FACE('',(#7235),#7246,.T.);
#7235 = FACE_BOUND('',#7236,.F.);
#7236 = EDGE_LOOP('',(#7237,#7238,#7244,#7245));
#7237 = ORIENTED_EDGE('',*,*,#6805,.F.);
#7238 = ORIENTED_EDGE('',*,*,#7239,.T.);
#7239 = EDGE_CURVE('',#6798,#6733,#7240,.T.);
#7240 = LINE('',#7241,#7242);
#7241 = CARTESIAN_POINT('',(2.25,-5.E-02,-3.4));
#7242 = VECTOR('',#7243,1.);
#7243 = DIRECTION('',(-1.,1.224646799147E-16,0.));
#7244 = ORIENTED_EDGE('',*,*,#6740,.T.);
#7245 = ORIENTED_EDGE('',*,*,#6708,.F.);
#7246 = PLANE('',#7247);
#7247 = AXIS2_PLACEMENT_3D('',#7248,#7249,#7250);
#7248 = CARTESIAN_POINT('',(2.25,-0.15,-3.3));
#7249 = DIRECTION('',(-8.486018839685E-17,-0.707106781187,
    -0.707106781187));
#7250 = DIRECTION('',(1.,-1.212375546256E-16,1.227125289196E-18));
#7251 = ADVANCED_FACE('',(#7252),#7263,.T.);
#7252 = FACE_BOUND('',#7253,.T.);
#7253 = EDGE_LOOP('',(#7254,#7255,#7261,#7262));
#7254 = ORIENTED_EDGE('',*,*,#6789,.F.);
#7255 = ORIENTED_EDGE('',*,*,#7256,.T.);
#7256 = EDGE_CURVE('',#6790,#6725,#7257,.T.);
#7257 = LINE('',#7258,#7259);
#7258 = CARTESIAN_POINT('',(2.25,5.E-02,-3.4));
#7259 = VECTOR('',#7260,1.);
#7260 = DIRECTION('',(-1.,1.224646799147E-16,0.));
#7261 = ORIENTED_EDGE('',*,*,#6724,.T.);
#7262 = ORIENTED_EDGE('',*,*,#6763,.F.);
#7263 = PLANE('',#7264);
#7264 = AXIS2_PLACEMENT_3D('',#7265,#7266,#7267);
#7265 = CARTESIAN_POINT('',(2.25,0.15,-3.3));
#7266 = DIRECTION('',(8.486018839685E-17,0.707106781187,-0.707106781187)
  );
#7267 = DIRECTION('',(-1.,1.212375546256E-16,1.227125289196E-18));
#7268 = ADVANCED_FACE('',(#7269),#7275,.F.);
#7269 = FACE_BOUND('',#7270,.F.);
#7270 = EDGE_LOOP('',(#7271,#7272,#7273,#7274));
#7271 = ORIENTED_EDGE('',*,*,#7256,.T.);
#7272 = ORIENTED_EDGE('',*,*,#6732,.T.);
#7273 = ORIENTED_EDGE('',*,*,#7239,.F.);
#7274 = ORIENTED_EDGE('',*,*,#6797,.F.);
#7275 = PLANE('',#7276);
#7276 = AXIS2_PLACEMENT_3D('',#7277,#7278,#7279);
#7277 = CARTESIAN_POINT('',(2.25,0.25,-3.4));
#7278 = DIRECTION('',(0.,0.,1.));
#7279 = DIRECTION('',(-1.224646799147E-16,-1.,0.));
#7280 = ADVANCED_FACE('',(#7281),#7292,.T.);
#7281 = FACE_BOUND('',#7282,.F.);
#7282 = EDGE_LOOP('',(#7283,#7284,#7290,#7291));
#7283 = ORIENTED_EDGE('',*,*,#7021,.F.);
#7284 = ORIENTED_EDGE('',*,*,#7285,.T.);
#7285 = EDGE_CURVE('',#7022,#6922,#7286,.T.);
#7286 = LINE('',#7287,#7288);
#7287 = CARTESIAN_POINT('',(0.25,-5.E-02,-3.4));
#7288 = VECTOR('',#7289,1.);
#7289 = DIRECTION('',(-1.,1.224646799147E-16,0.));
#7290 = ORIENTED_EDGE('',*,*,#6921,.T.);
#7291 = ORIENTED_EDGE('',*,*,#6897,.F.);
#7292 = PLANE('',#7293);
#7293 = AXIS2_PLACEMENT_3D('',#7294,#7295,#7296);
#7294 = CARTESIAN_POINT('',(0.25,-0.165596257347,-3.301223703467));
#7295 = DIRECTION('',(-8.302774088379E-17,-0.64962967394,-0.760250805153
    ));
#7296 = DIRECTION('',(1.,-1.247195775152E-16,-2.638869166629E-18));
#7297 = ADVANCED_FACE('',(#7298),#7309,.F.);
#7298 = FACE_BOUND('',#7299,.F.);
#7299 = EDGE_LOOP('',(#7300,#7301,#7302,#7308));
#7300 = ORIENTED_EDGE('',*,*,#7285,.F.);
#7301 = ORIENTED_EDGE('',*,*,#7040,.F.);
#7302 = ORIENTED_EDGE('',*,*,#7303,.T.);
#7303 = EDGE_CURVE('',#7033,#6940,#7304,.T.);
#7304 = LINE('',#7305,#7306);
#7305 = CARTESIAN_POINT('',(0.25,5.E-02,-3.4));
#7306 = VECTOR('',#7307,1.);
#7307 = DIRECTION('',(-1.,1.224646799147E-16,0.));
#7308 = ORIENTED_EDGE('',*,*,#6947,.T.);
#7309 = PLANE('',#7310);
#7310 = AXIS2_PLACEMENT_3D('',#7311,#7312,#7313);
#7311 = CARTESIAN_POINT('',(0.25,0.25,-3.4));
#7312 = DIRECTION('',(0.,0.,1.));
#7313 = DIRECTION('',(-1.224646799147E-16,-1.,0.));
#7314 = ADVANCED_FACE('',(#7315),#7321,.T.);
#7315 = FACE_BOUND('',#7316,.T.);
#7316 = EDGE_LOOP('',(#7317,#7318,#7319,#7320));
#7317 = ORIENTED_EDGE('',*,*,#7032,.F.);
#7318 = ORIENTED_EDGE('',*,*,#7303,.T.);
#7319 = ORIENTED_EDGE('',*,*,#6939,.T.);
#7320 = ORIENTED_EDGE('',*,*,#6970,.F.);
#7321 = PLANE('',#7322);
#7322 = AXIS2_PLACEMENT_3D('',#7323,#7324,#7325);
#7323 = CARTESIAN_POINT('',(0.25,0.134403742653,-3.301223703467));
#7324 = DIRECTION('',(9.136856246232E-17,0.760250805153,-0.64962967394)
  );
#7325 = DIRECTION('',(-1.,1.211454098155E-16,1.127308249542E-18));
#7326 = ( GEOMETRIC_REPRESENTATION_CONTEXT(3) 
GLOBAL_UNCERTAINTY_ASSIGNED_CONTEXT((#7330)) 
GLOBAL_UNIT_ASSIGNED_CONTEXT((#7327,#7328,#7329)) REPRESENTATION_CONTEXT
('Context #1','3D Context with UNIT and UNCERTAINTY') );
#7327 = ( LENGTH_UNIT() NAMED_UNIT(*) SI_UNIT(.MILLI.,.METRE.) );
#7328 = ( NAMED_UNIT(*) PLANE_ANGLE_UNIT() SI_UNIT($,.RADIAN.) );
#7329 = ( NAMED_UNIT(*) SI_UNIT($,.STERADIAN.) SOLID_ANGLE_UNIT() );
#7330 = UNCERTAINTY_MEASURE_WITH_UNIT(LENGTH_MEASURE(1.E-07),#7327,
  'distance_accuracy_value','confusion accuracy');
#7331 = CONTEXT_DEPENDENT_SHAPE_REPRESENTATION(#7332,#7334);
#7332 = ( REPRESENTATION_RELATIONSHIP('','',#63,#40) 
REPRESENTATION_RELATIONSHIP_WITH_TRANSFORMATION(#7333) 
SHAPE_REPRESENTATION_RELATIONSHIP() );
#7333 = ITEM_DEFINED_TRANSFORMATION('','',#11,#41);
#7334 = PRODUCT_DEFINITION_SHAPE('Placement','Placement of an item',
  #7335);
#7335 = NEXT_ASSEMBLY_USAGE_OCCURRENCE('1','=>[0:1:1:3]','',#35,#58,$);
#7336 = PRODUCT_RELATED_PRODUCT_CATEGORY('part',$,(#60));
#7337 = SHAPE_DEFINITION_REPRESENTATION(#7338,#7344);
#7338 = PRODUCT_DEFINITION_SHAPE('','',#7339);
#7339 = PRODUCT_DEFINITION('design','',#7340,#7343);
#7340 = PRODUCT_DEFINITION_FORMATION('','',#7341);
#7341 = PRODUCT(
'electronic_connector_jst_ph_2_mm_pitch_through_hole_right_angle_6_pin_
jst_s6b_ph_k_s_render_pad',
'electronic_connector_jst_ph_2_mm_pitch_through_hole_right_angle_6_pin_
jst_s6b_ph_k_s_render_pad','',(#7342));
#7342 = PRODUCT_CONTEXT('',#2,'mechanical');
#7343 = PRODUCT_DEFINITION_CONTEXT('part definition',#2,'design');
#7344 = SHAPE_REPRESENTATION('',(#11,#7345,#7674,#8003,#8095,#8288,#8481
    ,#8573,#8766,#8959,#9051,#9244,#9437,#9529,#9722,#9915,#10007,#10200
    ,#10393),#10485);
#7345 = MANIFOLD_SOLID_BREP('',#7346);
#7346 = CLOSED_SHELL('',(#7347,#7389,#7420,#7451,#7514,#7577,#7594,#7611
    ,#7628,#7645,#7657));
#7347 = ADVANCED_FACE('',(#7348),#7384,.T.);
#7348 = FACE_BOUND('',#7349,.T.);
#7349 = EDGE_LOOP('',(#7350,#7360,#7369,#7377));
#7350 = ORIENTED_EDGE('',*,*,#7351,.T.);
#7351 = EDGE_CURVE('',#7352,#7354,#7356,.T.);
#7352 = VERTEX_POINT('',#7353);
#7353 = CARTESIAN_POINT('',(-0.6,0.625,1.51));
#7354 = VERTEX_POINT('',#7355);
#7355 = CARTESIAN_POINT('',(-0.6,0.625,1.55));
#7356 = LINE('',#7357,#7358);
#7357 = CARTESIAN_POINT('',(-0.6,0.625,1.51));
#7358 = VECTOR('',#7359,1.);
#7359 = DIRECTION('',(0.,0.,1.));
#7360 = ORIENTED_EDGE('',*,*,#7361,.T.);
#7361 = EDGE_CURVE('',#7354,#7362,#7364,.T.);
#7362 = VERTEX_POINT('',#7363);
#7363 = CARTESIAN_POINT('',(-0.35,0.875,1.55));
#7364 = CIRCLE('',#7365,0.249998959685);
#7365 = AXIS2_PLACEMENT_3D('',#7366,#7367,#7368);
#7366 = CARTESIAN_POINT('',(-0.350001040317,0.625001040317,1.55));
#7367 = DIRECTION('',(0.,0.,-1.));
#7368 = DIRECTION('',(-0.999999999991,-4.16128583307E-06,-0.));
#7369 = ORIENTED_EDGE('',*,*,#7370,.F.);
#7370 = EDGE_CURVE('',#7371,#7362,#7373,.T.);
#7371 = VERTEX_POINT('',#7372);
#7372 = CARTESIAN_POINT('',(-0.35,0.875,1.51));
#7373 = LINE('',#7374,#7375);
#7374 = CARTESIAN_POINT('',(-0.35,0.875,1.51));
#7375 = VECTOR('',#7376,1.);
#7376 = DIRECTION('',(0.,0.,1.));
#7377 = ORIENTED_EDGE('',*,*,#7378,.F.);
#7378 = EDGE_CURVE('',#7352,#7371,#7379,.T.);
#7379 = CIRCLE('',#7380,0.249998959685);
#7380 = AXIS2_PLACEMENT_3D('',#7381,#7382,#7383);
#7381 = CARTESIAN_POINT('',(-0.350001040317,0.625001040317,1.51));
#7382 = DIRECTION('',(0.,0.,-1.));
#7383 = DIRECTION('',(-0.999999999991,-4.16128583307E-06,-0.));
#7384 = CYLINDRICAL_SURFACE('',#7385,0.249998959685);
#7385 = AXIS2_PLACEMENT_3D('',#7386,#7387,#7388);
#7386 = CARTESIAN_POINT('',(-0.350001040317,0.625001040317,1.51));
#7387 = DIRECTION('',(0.,0.,-1.));
#7388 = DIRECTION('',(-0.999999999991,-4.16128583307E-06,-0.));
#7389 = ADVANCED_FACE('',(#7390),#7415,.T.);
#7390 = FACE_BOUND('',#7391,.T.);
#7391 = EDGE_LOOP('',(#7392,#7402,#7408,#7409));
#7392 = ORIENTED_EDGE('',*,*,#7393,.T.);
#7393 = EDGE_CURVE('',#7394,#7396,#7398,.T.);
#7394 = VERTEX_POINT('',#7395);
#7395 = CARTESIAN_POINT('',(-0.6,-0.625,1.51));
#7396 = VERTEX_POINT('',#7397);
#7397 = CARTESIAN_POINT('',(-0.6,-0.625,1.55));
#7398 = LINE('',#7399,#7400);
#7399 = CARTESIAN_POINT('',(-0.6,-0.625,1.51));
#7400 = VECTOR('',#7401,1.);
#7401 = DIRECTION('',(0.,0.,1.));
#7402 = ORIENTED_EDGE('',*,*,#7403,.T.);
#7403 = EDGE_CURVE('',#7396,#7354,#7404,.T.);
#7404 = LINE('',#7405,#7406);
#7405 = CARTESIAN_POINT('',(-0.6,-0.625,1.55));
#7406 = VECTOR('',#7407,1.);
#7407 = DIRECTION('',(0.,1.,0.));
#7408 = ORIENTED_EDGE('',*,*,#7351,.F.);
#7409 = ORIENTED_EDGE('',*,*,#7410,.F.);
#7410 = EDGE_CURVE('',#7394,#7352,#7411,.T.);
#7411 = LINE('',#7412,#7413);
#7412 = CARTESIAN_POINT('',(-0.6,-0.625,1.51));
#7413 = VECTOR('',#7414,1.);
#7414 = DIRECTION('',(0.,1.,0.));
#7415 = PLANE('',#7416);
#7416 = AXIS2_PLACEMENT_3D('',#7417,#7418,#7419);
#7417 = CARTESIAN_POINT('',(-0.6,-0.625,1.51));
#7418 = DIRECTION('',(-1.,0.,0.));
#7419 = DIRECTION('',(0.,1.,0.));
#7420 = ADVANCED_FACE('',(#7421),#7446,.T.);
#7421 = FACE_BOUND('',#7422,.T.);
#7422 = EDGE_LOOP('',(#7423,#7424,#7432,#7440));
#7423 = ORIENTED_EDGE('',*,*,#7370,.T.);
#7424 = ORIENTED_EDGE('',*,*,#7425,.T.);
#7425 = EDGE_CURVE('',#7362,#7426,#7428,.T.);
#7426 = VERTEX_POINT('',#7427);
#7427 = CARTESIAN_POINT('',(0.35,0.875,1.55));
#7428 = LINE('',#7429,#7430);
#7429 = CARTESIAN_POINT('',(-0.35,0.875,1.55));
#7430 = VECTOR('',#7431,1.);
#7431 = DIRECTION('',(1.,0.,0.));
#7432 = ORIENTED_EDGE('',*,*,#7433,.F.);
#7433 = EDGE_CURVE('',#7434,#7426,#7436,.T.);
#7434 = VERTEX_POINT('',#7435);
#7435 = CARTESIAN_POINT('',(0.35,0.875,1.51));
#7436 = LINE('',#7437,#7438);
#7437 = CARTESIAN_POINT('',(0.35,0.875,1.51));
#7438 = VECTOR('',#7439,1.);
#7439 = DIRECTION('',(0.,0.,1.));
#7440 = ORIENTED_EDGE('',*,*,#7441,.F.);
#7441 = EDGE_CURVE('',#7371,#7434,#7442,.T.);
#7442 = LINE('',#7443,#7444);
#7443 = CARTESIAN_POINT('',(-0.35,0.875,1.51));
#7444 = VECTOR('',#7445,1.);
#7445 = DIRECTION('',(1.,0.,0.));
#7446 = PLANE('',#7447);
#7447 = AXIS2_PLACEMENT_3D('',#7448,#7449,#7450);
#7448 = CARTESIAN_POINT('',(-0.35,0.875,1.51));
#7449 = DIRECTION('',(0.,1.,0.));
#7450 = DIRECTION('',(1.,0.,0.));
#7451 = ADVANCED_FACE('',(#7452,#7498),#7509,.F.);
#7452 = FACE_BOUND('',#7453,.F.);
#7453 = EDGE_LOOP('',(#7454,#7455,#7456,#7465,#7473,#7482,#7490,#7497));
#7454 = ORIENTED_EDGE('',*,*,#7378,.F.);
#7455 = ORIENTED_EDGE('',*,*,#7410,.F.);
#7456 = ORIENTED_EDGE('',*,*,#7457,.F.);
#7457 = EDGE_CURVE('',#7458,#7394,#7460,.T.);
#7458 = VERTEX_POINT('',#7459);
#7459 = CARTESIAN_POINT('',(-0.35,-0.875,1.51));
#7460 = CIRCLE('',#7461,0.249998959685);
#7461 = AXIS2_PLACEMENT_3D('',#7462,#7463,#7464);
#7462 = CARTESIAN_POINT('',(-0.350001040317,-0.625001040317,1.51));
#7463 = DIRECTION('',(0.,0.,-1.));
#7464 = DIRECTION('',(4.161285832848E-06,-0.999999999991,0.));
#7465 = ORIENTED_EDGE('',*,*,#7466,.F.);
#7466 = EDGE_CURVE('',#7467,#7458,#7469,.T.);
#7467 = VERTEX_POINT('',#7468);
#7468 = CARTESIAN_POINT('',(0.35,-0.875,1.51));
#7469 = LINE('',#7470,#7471);
#7470 = CARTESIAN_POINT('',(0.35,-0.875,1.51));
#7471 = VECTOR('',#7472,1.);
#7472 = DIRECTION('',(-1.,0.,0.));
#7473 = ORIENTED_EDGE('',*,*,#7474,.F.);
#7474 = EDGE_CURVE('',#7475,#7467,#7477,.T.);
#7475 = VERTEX_POINT('',#7476);
#7476 = CARTESIAN_POINT('',(0.6,-0.625,1.51));
#7477 = CIRCLE('',#7478,0.249998959685);
#7478 = AXIS2_PLACEMENT_3D('',#7479,#7480,#7481);
#7479 = CARTESIAN_POINT('',(0.350001040317,-0.625001040317,1.51));
#7480 = DIRECTION('',(0.,0.,-1.));
#7481 = DIRECTION('',(0.999999999991,4.16128583307E-06,0.));
#7482 = ORIENTED_EDGE('',*,*,#7483,.F.);
#7483 = EDGE_CURVE('',#7484,#7475,#7486,.T.);
#7484 = VERTEX_POINT('',#7485);
#7485 = CARTESIAN_POINT('',(0.6,0.625,1.51));
#7486 = LINE('',#7487,#7488);
#7487 = CARTESIAN_POINT('',(0.6,0.625,1.51));
#7488 = VECTOR('',#7489,1.);
#7489 = DIRECTION('',(0.,-1.,0.));
#7490 = ORIENTED_EDGE('',*,*,#7491,.F.);
#7491 = EDGE_CURVE('',#7434,#7484,#7492,.T.);
#7492 = CIRCLE('',#7493,0.249998959685);
#7493 = AXIS2_PLACEMENT_3D('',#7494,#7495,#7496);
#7494 = CARTESIAN_POINT('',(0.350001040317,0.625001040317,1.51));
#7495 = DIRECTION('',(0.,0.,-1.));
#7496 = DIRECTION('',(-4.161285832848E-06,0.999999999991,0.));
#7497 = ORIENTED_EDGE('',*,*,#7441,.F.);
#7498 = FACE_BOUND('',#7499,.F.);
#7499 = EDGE_LOOP('',(#7500));
#7500 = ORIENTED_EDGE('',*,*,#7501,.T.);
#7501 = EDGE_CURVE('',#7502,#7502,#7504,.T.);
#7502 = VERTEX_POINT('',#7503);
#7503 = CARTESIAN_POINT('',(0.,-0.35,1.51));
#7504 = CIRCLE('',#7505,0.35);
#7505 = AXIS2_PLACEMENT_3D('',#7506,#7507,#7508);
#7506 = CARTESIAN_POINT('',(-4.163336342344E-17,6.938893903907E-17,1.51)
  );
#7507 = DIRECTION('',(-0.,0.,-1.));
#7508 = DIRECTION('',(1.189524669241E-16,-1.,-0.));
#7509 = PLANE('',#7510);
#7510 = AXIS2_PLACEMENT_3D('',#7511,#7512,#7513);
#7511 = CARTESIAN_POINT('',(0.,0.,1.51));
#7512 = DIRECTION('',(0.,0.,1.));
#7513 = DIRECTION('',(1.,0.,-0.));
#7514 = ADVANCED_FACE('',(#7515,#7561),#7572,.T.);
#7515 = FACE_BOUND('',#7516,.T.);
#7516 = EDGE_LOOP('',(#7517,#7518,#7519,#7528,#7536,#7545,#7553,#7560));
#7517 = ORIENTED_EDGE('',*,*,#7361,.F.);
#7518 = ORIENTED_EDGE('',*,*,#7403,.F.);
#7519 = ORIENTED_EDGE('',*,*,#7520,.F.);
#7520 = EDGE_CURVE('',#7521,#7396,#7523,.T.);
#7521 = VERTEX_POINT('',#7522);
#7522 = CARTESIAN_POINT('',(-0.35,-0.875,1.55));
#7523 = CIRCLE('',#7524,0.249998959685);
#7524 = AXIS2_PLACEMENT_3D('',#7525,#7526,#7527);
#7525 = CARTESIAN_POINT('',(-0.350001040317,-0.625001040317,1.55));
#7526 = DIRECTION('',(0.,0.,-1.));
#7527 = DIRECTION('',(4.161285832848E-06,-0.999999999991,0.));
#7528 = ORIENTED_EDGE('',*,*,#7529,.F.);
#7529 = EDGE_CURVE('',#7530,#7521,#7532,.T.);
#7530 = VERTEX_POINT('',#7531);
#7531 = CARTESIAN_POINT('',(0.35,-0.875,1.55));
#7532 = LINE('',#7533,#7534);
#7533 = CARTESIAN_POINT('',(0.35,-0.875,1.55));
#7534 = VECTOR('',#7535,1.);
#7535 = DIRECTION('',(-1.,0.,0.));
#7536 = ORIENTED_EDGE('',*,*,#7537,.F.);
#7537 = EDGE_CURVE('',#7538,#7530,#7540,.T.);
#7538 = VERTEX_POINT('',#7539);
#7539 = CARTESIAN_POINT('',(0.6,-0.625,1.55));
#7540 = CIRCLE('',#7541,0.249998959685);
#7541 = AXIS2_PLACEMENT_3D('',#7542,#7543,#7544);
#7542 = CARTESIAN_POINT('',(0.350001040317,-0.625001040317,1.55));
#7543 = DIRECTION('',(0.,0.,-1.));
#7544 = DIRECTION('',(0.999999999991,4.16128583307E-06,0.));
#7545 = ORIENTED_EDGE('',*,*,#7546,.F.);
#7546 = EDGE_CURVE('',#7547,#7538,#7549,.T.);
#7547 = VERTEX_POINT('',#7548);
#7548 = CARTESIAN_POINT('',(0.6,0.625,1.55));
#7549 = LINE('',#7550,#7551);
#7550 = CARTESIAN_POINT('',(0.6,0.625,1.55));
#7551 = VECTOR('',#7552,1.);
#7552 = DIRECTION('',(0.,-1.,0.));
#7553 = ORIENTED_EDGE('',*,*,#7554,.F.);
#7554 = EDGE_CURVE('',#7426,#7547,#7555,.T.);
#7555 = CIRCLE('',#7556,0.249998959685);
#7556 = AXIS2_PLACEMENT_3D('',#7557,#7558,#7559);
#7557 = CARTESIAN_POINT('',(0.350001040317,0.625001040317,1.55));
#7558 = DIRECTION('',(0.,0.,-1.));
#7559 = DIRECTION('',(-4.161285832848E-06,0.999999999991,0.));
#7560 = ORIENTED_EDGE('',*,*,#7425,.F.);
#7561 = FACE_BOUND('',#7562,.T.);
#7562 = EDGE_LOOP('',(#7563));
#7563 = ORIENTED_EDGE('',*,*,#7564,.T.);
#7564 = EDGE_CURVE('',#7565,#7565,#7567,.T.);
#7565 = VERTEX_POINT('',#7566);
#7566 = CARTESIAN_POINT('',(0.,-0.35,1.55));
#7567 = CIRCLE('',#7568,0.35);
#7568 = AXIS2_PLACEMENT_3D('',#7569,#7570,#7571);
#7569 = CARTESIAN_POINT('',(-4.163336342344E-17,6.938893903907E-17,1.55)
  );
#7570 = DIRECTION('',(-0.,0.,-1.));
#7571 = DIRECTION('',(1.189524669241E-16,-1.,-0.));
#7572 = PLANE('',#7573);
#7573 = AXIS2_PLACEMENT_3D('',#7574,#7575,#7576);
#7574 = CARTESIAN_POINT('',(0.,0.,1.55));
#7575 = DIRECTION('',(0.,0.,1.));
#7576 = DIRECTION('',(1.,0.,-0.));
#7577 = ADVANCED_FACE('',(#7578),#7589,.T.);
#7578 = FACE_BOUND('',#7579,.T.);
#7579 = EDGE_LOOP('',(#7580,#7586,#7587,#7588));
#7580 = ORIENTED_EDGE('',*,*,#7581,.T.);
#7581 = EDGE_CURVE('',#7458,#7521,#7582,.T.);
#7582 = LINE('',#7583,#7584);
#7583 = CARTESIAN_POINT('',(-0.35,-0.875,1.51));
#7584 = VECTOR('',#7585,1.);
#7585 = DIRECTION('',(0.,0.,1.));
#7586 = ORIENTED_EDGE('',*,*,#7520,.T.);
#7587 = ORIENTED_EDGE('',*,*,#7393,.F.);
#7588 = ORIENTED_EDGE('',*,*,#7457,.F.);
#7589 = CYLINDRICAL_SURFACE('',#7590,0.249998959685);
#7590 = AXIS2_PLACEMENT_3D('',#7591,#7592,#7593);
#7591 = CARTESIAN_POINT('',(-0.350001040317,-0.625001040317,1.51));
#7592 = DIRECTION('',(0.,0.,-1.));
#7593 = DIRECTION('',(4.161285832848E-06,-0.999999999991,0.));
#7594 = ADVANCED_FACE('',(#7595),#7606,.T.);
#7595 = FACE_BOUND('',#7596,.T.);
#7596 = EDGE_LOOP('',(#7597,#7598,#7599,#7605));
#7597 = ORIENTED_EDGE('',*,*,#7433,.T.);
#7598 = ORIENTED_EDGE('',*,*,#7554,.T.);
#7599 = ORIENTED_EDGE('',*,*,#7600,.F.);
#7600 = EDGE_CURVE('',#7484,#7547,#7601,.T.);
#7601 = LINE('',#7602,#7603);
#7602 = CARTESIAN_POINT('',(0.6,0.625,1.51));
#7603 = VECTOR('',#7604,1.);
#7604 = DIRECTION('',(0.,0.,1.));
#7605 = ORIENTED_EDGE('',*,*,#7491,.F.);
#7606 = CYLINDRICAL_SURFACE('',#7607,0.249998959685);
#7607 = AXIS2_PLACEMENT_3D('',#7608,#7609,#7610);
#7608 = CARTESIAN_POINT('',(0.350001040317,0.625001040317,1.51));
#7609 = DIRECTION('',(0.,0.,-1.));
#7610 = DIRECTION('',(-4.161285832848E-06,0.999999999991,0.));
#7611 = ADVANCED_FACE('',(#7612),#7623,.T.);
#7612 = FACE_BOUND('',#7613,.T.);
#7613 = EDGE_LOOP('',(#7614,#7620,#7621,#7622));
#7614 = ORIENTED_EDGE('',*,*,#7615,.T.);
#7615 = EDGE_CURVE('',#7467,#7530,#7616,.T.);
#7616 = LINE('',#7617,#7618);
#7617 = CARTESIAN_POINT('',(0.35,-0.875,1.51));
#7618 = VECTOR('',#7619,1.);
#7619 = DIRECTION('',(0.,0.,1.));
#7620 = ORIENTED_EDGE('',*,*,#7529,.T.);
#7621 = ORIENTED_EDGE('',*,*,#7581,.F.);
#7622 = ORIENTED_EDGE('',*,*,#7466,.F.);
#7623 = PLANE('',#7624);
#7624 = AXIS2_PLACEMENT_3D('',#7625,#7626,#7627);
#7625 = CARTESIAN_POINT('',(0.35,-0.875,1.51));
#7626 = DIRECTION('',(0.,-1.,0.));
#7627 = DIRECTION('',(-1.,0.,0.));
#7628 = ADVANCED_FACE('',(#7629),#7640,.T.);
#7629 = FACE_BOUND('',#7630,.T.);
#7630 = EDGE_LOOP('',(#7631,#7632,#7633,#7639));
#7631 = ORIENTED_EDGE('',*,*,#7600,.T.);
#7632 = ORIENTED_EDGE('',*,*,#7546,.T.);
#7633 = ORIENTED_EDGE('',*,*,#7634,.F.);
#7634 = EDGE_CURVE('',#7475,#7538,#7635,.T.);
#7635 = LINE('',#7636,#7637);
#7636 = CARTESIAN_POINT('',(0.6,-0.625,1.51));
#7637 = VECTOR('',#7638,1.);
#7638 = DIRECTION('',(0.,0.,1.));
#7639 = ORIENTED_EDGE('',*,*,#7483,.F.);
#7640 = PLANE('',#7641);
#7641 = AXIS2_PLACEMENT_3D('',#7642,#7643,#7644);
#7642 = CARTESIAN_POINT('',(0.6,0.625,1.51));
#7643 = DIRECTION('',(1.,0.,-0.));
#7644 = DIRECTION('',(0.,-1.,0.));
#7645 = ADVANCED_FACE('',(#7646),#7652,.T.);
#7646 = FACE_BOUND('',#7647,.T.);
#7647 = EDGE_LOOP('',(#7648,#7649,#7650,#7651));
#7648 = ORIENTED_EDGE('',*,*,#7634,.T.);
#7649 = ORIENTED_EDGE('',*,*,#7537,.T.);
#7650 = ORIENTED_EDGE('',*,*,#7615,.F.);
#7651 = ORIENTED_EDGE('',*,*,#7474,.F.);
#7652 = CYLINDRICAL_SURFACE('',#7653,0.249998959685);
#7653 = AXIS2_PLACEMENT_3D('',#7654,#7655,#7656);
#7654 = CARTESIAN_POINT('',(0.350001040317,-0.625001040317,1.51));
#7655 = DIRECTION('',(0.,0.,-1.));
#7656 = DIRECTION('',(0.999999999991,4.16128583307E-06,0.));
#7657 = ADVANCED_FACE('',(#7658),#7669,.F.);
#7658 = FACE_BOUND('',#7659,.T.);
#7659 = EDGE_LOOP('',(#7660,#7661,#7667,#7668));
#7660 = ORIENTED_EDGE('',*,*,#7501,.T.);
#7661 = ORIENTED_EDGE('',*,*,#7662,.T.);
#7662 = EDGE_CURVE('',#7502,#7565,#7663,.T.);
#7663 = LINE('',#7664,#7665);
#7664 = CARTESIAN_POINT('',(0.,-0.35,-4.6E-02));
#7665 = VECTOR('',#7666,1.);
#7666 = DIRECTION('',(0.,0.,1.));
#7667 = ORIENTED_EDGE('',*,*,#7564,.F.);
#7668 = ORIENTED_EDGE('',*,*,#7662,.F.);
#7669 = CYLINDRICAL_SURFACE('',#7670,0.35);
#7670 = AXIS2_PLACEMENT_3D('',#7671,#7672,#7673);
#7671 = CARTESIAN_POINT('',(-4.163336342344E-17,6.938893903907E-17,
    -4.6E-02));
#7672 = DIRECTION('',(-0.,0.,-1.));
#7673 = DIRECTION('',(1.189524669241E-16,-1.,-0.));
#7674 = MANIFOLD_SOLID_BREP('',#7675);
#7675 = CLOSED_SHELL('',(#7676,#7718,#7749,#7780,#7843,#7906,#7923,#7940
    ,#7957,#7974,#7986));
#7676 = ADVANCED_FACE('',(#7677),#7713,.T.);
#7677 = FACE_BOUND('',#7678,.F.);
#7678 = EDGE_LOOP('',(#7679,#7689,#7698,#7706));
#7679 = ORIENTED_EDGE('',*,*,#7680,.T.);
#7680 = EDGE_CURVE('',#7681,#7683,#7685,.T.);
#7681 = VERTEX_POINT('',#7682);
#7682 = CARTESIAN_POINT('',(-0.6,0.625,0.));
#7683 = VERTEX_POINT('',#7684);
#7684 = CARTESIAN_POINT('',(-0.6,0.625,-4.E-02));
#7685 = LINE('',#7686,#7687);
#7686 = CARTESIAN_POINT('',(-0.6,0.625,0.));
#7687 = VECTOR('',#7688,1.);
#7688 = DIRECTION('',(0.,0.,-1.));
#7689 = ORIENTED_EDGE('',*,*,#7690,.T.);
#7690 = EDGE_CURVE('',#7683,#7691,#7693,.T.);
#7691 = VERTEX_POINT('',#7692);
#7692 = CARTESIAN_POINT('',(-0.35,0.875,-4.E-02));
#7693 = CIRCLE('',#7694,0.249998959685);
#7694 = AXIS2_PLACEMENT_3D('',#7695,#7696,#7697);
#7695 = CARTESIAN_POINT('',(-0.350001040317,0.625001040317,-4.E-02));
#7696 = DIRECTION('',(0.,0.,-1.));
#7697 = DIRECTION('',(-0.999999999991,-4.16128583307E-06,-0.));
#7698 = ORIENTED_EDGE('',*,*,#7699,.F.);
#7699 = EDGE_CURVE('',#7700,#7691,#7702,.T.);
#7700 = VERTEX_POINT('',#7701);
#7701 = CARTESIAN_POINT('',(-0.35,0.875,0.));
#7702 = LINE('',#7703,#7704);
#7703 = CARTESIAN_POINT('',(-0.35,0.875,0.));
#7704 = VECTOR('',#7705,1.);
#7705 = DIRECTION('',(0.,0.,-1.));
#7706 = ORIENTED_EDGE('',*,*,#7707,.F.);
#7707 = EDGE_CURVE('',#7681,#7700,#7708,.T.);
#7708 = CIRCLE('',#7709,0.249998959685);
#7709 = AXIS2_PLACEMENT_3D('',#7710,#7711,#7712);
#7710 = CARTESIAN_POINT('',(-0.350001040317,0.625001040317,0.));
#7711 = DIRECTION('',(0.,0.,-1.));
#7712 = DIRECTION('',(-0.999999999991,-4.16128583307E-06,-0.));
#7713 = CYLINDRICAL_SURFACE('',#7714,0.249998959685);
#7714 = AXIS2_PLACEMENT_3D('',#7715,#7716,#7717);
#7715 = CARTESIAN_POINT('',(-0.350001040317,0.625001040317,0.));
#7716 = DIRECTION('',(-0.,-0.,1.));
#7717 = DIRECTION('',(-0.999999999991,-4.16128583307E-06,-0.));
#7718 = ADVANCED_FACE('',(#7719),#7744,.F.);
#7719 = FACE_BOUND('',#7720,.F.);
#7720 = EDGE_LOOP('',(#7721,#7731,#7737,#7738));
#7721 = ORIENTED_EDGE('',*,*,#7722,.T.);
#7722 = EDGE_CURVE('',#7723,#7725,#7727,.T.);
#7723 = VERTEX_POINT('',#7724);
#7724 = CARTESIAN_POINT('',(-0.6,-0.625,0.));
#7725 = VERTEX_POINT('',#7726);
#7726 = CARTESIAN_POINT('',(-0.6,-0.625,-4.E-02));
#7727 = LINE('',#7728,#7729);
#7728 = CARTESIAN_POINT('',(-0.6,-0.625,0.));
#7729 = VECTOR('',#7730,1.);
#7730 = DIRECTION('',(0.,0.,-1.));
#7731 = ORIENTED_EDGE('',*,*,#7732,.T.);
#7732 = EDGE_CURVE('',#7725,#7683,#7733,.T.);
#7733 = LINE('',#7734,#7735);
#7734 = CARTESIAN_POINT('',(-0.6,-0.625,-4.E-02));
#7735 = VECTOR('',#7736,1.);
#7736 = DIRECTION('',(0.,1.,0.));
#7737 = ORIENTED_EDGE('',*,*,#7680,.F.);
#7738 = ORIENTED_EDGE('',*,*,#7739,.F.);
#7739 = EDGE_CURVE('',#7723,#7681,#7740,.T.);
#7740 = LINE('',#7741,#7742);
#7741 = CARTESIAN_POINT('',(-0.6,-0.625,0.));
#7742 = VECTOR('',#7743,1.);
#7743 = DIRECTION('',(0.,1.,0.));
#7744 = PLANE('',#7745);
#7745 = AXIS2_PLACEMENT_3D('',#7746,#7747,#7748);
#7746 = CARTESIAN_POINT('',(-0.6,-0.625,0.));
#7747 = DIRECTION('',(1.,-0.,0.));
#7748 = DIRECTION('',(0.,1.,0.));
#7749 = ADVANCED_FACE('',(#7750),#7775,.F.);
#7750 = FACE_BOUND('',#7751,.F.);
#7751 = EDGE_LOOP('',(#7752,#7753,#7761,#7769));
#7752 = ORIENTED_EDGE('',*,*,#7699,.T.);
#7753 = ORIENTED_EDGE('',*,*,#7754,.T.);
#7754 = EDGE_CURVE('',#7691,#7755,#7757,.T.);
#7755 = VERTEX_POINT('',#7756);
#7756 = CARTESIAN_POINT('',(0.35,0.875,-4.E-02));
#7757 = LINE('',#7758,#7759);
#7758 = CARTESIAN_POINT('',(-0.35,0.875,-4.E-02));
#7759 = VECTOR('',#7760,1.);
#7760 = DIRECTION('',(1.,0.,0.));
#7761 = ORIENTED_EDGE('',*,*,#7762,.F.);
#7762 = EDGE_CURVE('',#7763,#7755,#7765,.T.);
#7763 = VERTEX_POINT('',#7764);
#7764 = CARTESIAN_POINT('',(0.35,0.875,0.));
#7765 = LINE('',#7766,#7767);
#7766 = CARTESIAN_POINT('',(0.35,0.875,0.));
#7767 = VECTOR('',#7768,1.);
#7768 = DIRECTION('',(0.,0.,-1.));
#7769 = ORIENTED_EDGE('',*,*,#7770,.F.);
#7770 = EDGE_CURVE('',#7700,#7763,#7771,.T.);
#7771 = LINE('',#7772,#7773);
#7772 = CARTESIAN_POINT('',(-0.35,0.875,0.));
#7773 = VECTOR('',#7774,1.);
#7774 = DIRECTION('',(1.,0.,0.));
#7775 = PLANE('',#7776);
#7776 = AXIS2_PLACEMENT_3D('',#7777,#7778,#7779);
#7777 = CARTESIAN_POINT('',(-0.35,0.875,0.));
#7778 = DIRECTION('',(0.,-1.,0.));
#7779 = DIRECTION('',(1.,0.,0.));
#7780 = ADVANCED_FACE('',(#7781,#7827),#7838,.F.);
#7781 = FACE_BOUND('',#7782,.F.);
#7782 = EDGE_LOOP('',(#7783,#7784,#7785,#7794,#7802,#7811,#7819,#7826));
#7783 = ORIENTED_EDGE('',*,*,#7707,.T.);
#7784 = ORIENTED_EDGE('',*,*,#7770,.T.);
#7785 = ORIENTED_EDGE('',*,*,#7786,.T.);
#7786 = EDGE_CURVE('',#7763,#7787,#7789,.T.);
#7787 = VERTEX_POINT('',#7788);
#7788 = CARTESIAN_POINT('',(0.6,0.625,0.));
#7789 = CIRCLE('',#7790,0.249998959685);
#7790 = AXIS2_PLACEMENT_3D('',#7791,#7792,#7793);
#7791 = CARTESIAN_POINT('',(0.350001040317,0.625001040317,0.));
#7792 = DIRECTION('',(0.,0.,-1.));
#7793 = DIRECTION('',(-4.161285832848E-06,0.999999999991,0.));
#7794 = ORIENTED_EDGE('',*,*,#7795,.T.);
#7795 = EDGE_CURVE('',#7787,#7796,#7798,.T.);
#7796 = VERTEX_POINT('',#7797);
#7797 = CARTESIAN_POINT('',(0.6,-0.625,0.));
#7798 = LINE('',#7799,#7800);
#7799 = CARTESIAN_POINT('',(0.6,0.625,0.));
#7800 = VECTOR('',#7801,1.);
#7801 = DIRECTION('',(0.,-1.,0.));
#7802 = ORIENTED_EDGE('',*,*,#7803,.T.);
#7803 = EDGE_CURVE('',#7796,#7804,#7806,.T.);
#7804 = VERTEX_POINT('',#7805);
#7805 = CARTESIAN_POINT('',(0.35,-0.875,0.));
#7806 = CIRCLE('',#7807,0.249998959685);
#7807 = AXIS2_PLACEMENT_3D('',#7808,#7809,#7810);
#7808 = CARTESIAN_POINT('',(0.350001040317,-0.625001040317,0.));
#7809 = DIRECTION('',(0.,0.,-1.));
#7810 = DIRECTION('',(0.999999999991,4.16128583307E-06,0.));
#7811 = ORIENTED_EDGE('',*,*,#7812,.T.);
#7812 = EDGE_CURVE('',#7804,#7813,#7815,.T.);
#7813 = VERTEX_POINT('',#7814);
#7814 = CARTESIAN_POINT('',(-0.35,-0.875,0.));
#7815 = LINE('',#7816,#7817);
#7816 = CARTESIAN_POINT('',(0.35,-0.875,0.));
#7817 = VECTOR('',#7818,1.);
#7818 = DIRECTION('',(-1.,0.,0.));
#7819 = ORIENTED_EDGE('',*,*,#7820,.T.);
#7820 = EDGE_CURVE('',#7813,#7723,#7821,.T.);
#7821 = CIRCLE('',#7822,0.249998959685);
#7822 = AXIS2_PLACEMENT_3D('',#7823,#7824,#7825);
#7823 = CARTESIAN_POINT('',(-0.350001040317,-0.625001040317,0.));
#7824 = DIRECTION('',(0.,0.,-1.));
#7825 = DIRECTION('',(4.161285832848E-06,-0.999999999991,0.));
#7826 = ORIENTED_EDGE('',*,*,#7739,.T.);
#7827 = FACE_BOUND('',#7828,.F.);
#7828 = EDGE_LOOP('',(#7829));
#7829 = ORIENTED_EDGE('',*,*,#7830,.F.);
#7830 = EDGE_CURVE('',#7831,#7831,#7833,.T.);
#7831 = VERTEX_POINT('',#7832);
#7832 = CARTESIAN_POINT('',(0.,-0.35,0.));
#7833 = CIRCLE('',#7834,0.35);
#7834 = AXIS2_PLACEMENT_3D('',#7835,#7836,#7837);
#7835 = CARTESIAN_POINT('',(-4.163336342344E-17,6.938893903907E-17,0.));
#7836 = DIRECTION('',(-0.,0.,-1.));
#7837 = DIRECTION('',(1.189524669241E-16,-1.,-0.));
#7838 = PLANE('',#7839);
#7839 = AXIS2_PLACEMENT_3D('',#7840,#7841,#7842);
#7840 = CARTESIAN_POINT('',(0.,0.,0.));
#7841 = DIRECTION('',(-0.,-0.,-1.));
#7842 = DIRECTION('',(-1.,0.,0.));
#7843 = ADVANCED_FACE('',(#7844,#7890),#7901,.T.);
#7844 = FACE_BOUND('',#7845,.T.);
#7845 = EDGE_LOOP('',(#7846,#7847,#7848,#7857,#7865,#7874,#7882,#7889));
#7846 = ORIENTED_EDGE('',*,*,#7690,.T.);
#7847 = ORIENTED_EDGE('',*,*,#7754,.T.);
#7848 = ORIENTED_EDGE('',*,*,#7849,.T.);
#7849 = EDGE_CURVE('',#7755,#7850,#7852,.T.);
#7850 = VERTEX_POINT('',#7851);
#7851 = CARTESIAN_POINT('',(0.6,0.625,-4.E-02));
#7852 = CIRCLE('',#7853,0.249998959685);
#7853 = AXIS2_PLACEMENT_3D('',#7854,#7855,#7856);
#7854 = CARTESIAN_POINT('',(0.350001040317,0.625001040317,-4.E-02));
#7855 = DIRECTION('',(0.,0.,-1.));
#7856 = DIRECTION('',(-4.161285832848E-06,0.999999999991,0.));
#7857 = ORIENTED_EDGE('',*,*,#7858,.T.);
#7858 = EDGE_CURVE('',#7850,#7859,#7861,.T.);
#7859 = VERTEX_POINT('',#7860);
#7860 = CARTESIAN_POINT('',(0.6,-0.625,-4.E-02));
#7861 = LINE('',#7862,#7863);
#7862 = CARTESIAN_POINT('',(0.6,0.625,-4.E-02));
#7863 = VECTOR('',#7864,1.);
#7864 = DIRECTION('',(0.,-1.,0.));
#7865 = ORIENTED_EDGE('',*,*,#7866,.T.);
#7866 = EDGE_CURVE('',#7859,#7867,#7869,.T.);
#7867 = VERTEX_POINT('',#7868);
#7868 = CARTESIAN_POINT('',(0.35,-0.875,-4.E-02));
#7869 = CIRCLE('',#7870,0.249998959685);
#7870 = AXIS2_PLACEMENT_3D('',#7871,#7872,#7873);
#7871 = CARTESIAN_POINT('',(0.350001040317,-0.625001040317,-4.E-02));
#7872 = DIRECTION('',(0.,0.,-1.));
#7873 = DIRECTION('',(0.999999999991,4.16128583307E-06,0.));
#7874 = ORIENTED_EDGE('',*,*,#7875,.T.);
#7875 = EDGE_CURVE('',#7867,#7876,#7878,.T.);
#7876 = VERTEX_POINT('',#7877);
#7877 = CARTESIAN_POINT('',(-0.35,-0.875,-4.E-02));
#7878 = LINE('',#7879,#7880);
#7879 = CARTESIAN_POINT('',(0.35,-0.875,-4.E-02));
#7880 = VECTOR('',#7881,1.);
#7881 = DIRECTION('',(-1.,0.,0.));
#7882 = ORIENTED_EDGE('',*,*,#7883,.T.);
#7883 = EDGE_CURVE('',#7876,#7725,#7884,.T.);
#7884 = CIRCLE('',#7885,0.249998959685);
#7885 = AXIS2_PLACEMENT_3D('',#7886,#7887,#7888);
#7886 = CARTESIAN_POINT('',(-0.350001040317,-0.625001040317,-4.E-02));
#7887 = DIRECTION('',(0.,0.,-1.));
#7888 = DIRECTION('',(4.161285832848E-06,-0.999999999991,0.));
#7889 = ORIENTED_EDGE('',*,*,#7732,.T.);
#7890 = FACE_BOUND('',#7891,.T.);
#7891 = EDGE_LOOP('',(#7892));
#7892 = ORIENTED_EDGE('',*,*,#7893,.F.);
#7893 = EDGE_CURVE('',#7894,#7894,#7896,.T.);
#7894 = VERTEX_POINT('',#7895);
#7895 = CARTESIAN_POINT('',(0.,-0.35,-4.E-02));
#7896 = CIRCLE('',#7897,0.35);
#7897 = AXIS2_PLACEMENT_3D('',#7898,#7899,#7900);
#7898 = CARTESIAN_POINT('',(-4.163336342344E-17,6.938893903907E-17,
    -4.E-02));
#7899 = DIRECTION('',(-0.,0.,-1.));
#7900 = DIRECTION('',(1.189524669241E-16,-1.,-0.));
#7901 = PLANE('',#7902);
#7902 = AXIS2_PLACEMENT_3D('',#7903,#7904,#7905);
#7903 = CARTESIAN_POINT('',(0.,0.,-4.E-02));
#7904 = DIRECTION('',(-0.,-0.,-1.));
#7905 = DIRECTION('',(-1.,0.,0.));
#7906 = ADVANCED_FACE('',(#7907),#7918,.T.);
#7907 = FACE_BOUND('',#7908,.F.);
#7908 = EDGE_LOOP('',(#7909,#7915,#7916,#7917));
#7909 = ORIENTED_EDGE('',*,*,#7910,.T.);
#7910 = EDGE_CURVE('',#7813,#7876,#7911,.T.);
#7911 = LINE('',#7912,#7913);
#7912 = CARTESIAN_POINT('',(-0.35,-0.875,0.));
#7913 = VECTOR('',#7914,1.);
#7914 = DIRECTION('',(0.,0.,-1.));
#7915 = ORIENTED_EDGE('',*,*,#7883,.T.);
#7916 = ORIENTED_EDGE('',*,*,#7722,.F.);
#7917 = ORIENTED_EDGE('',*,*,#7820,.F.);
#7918 = CYLINDRICAL_SURFACE('',#7919,0.249998959685);
#7919 = AXIS2_PLACEMENT_3D('',#7920,#7921,#7922);
#7920 = CARTESIAN_POINT('',(-0.350001040317,-0.625001040317,0.));
#7921 = DIRECTION('',(-0.,-0.,1.));
#7922 = DIRECTION('',(4.161285832848E-06,-0.999999999991,0.));
#7923 = ADVANCED_FACE('',(#7924),#7935,.T.);
#7924 = FACE_BOUND('',#7925,.F.);
#7925 = EDGE_LOOP('',(#7926,#7927,#7928,#7934));
#7926 = ORIENTED_EDGE('',*,*,#7762,.T.);
#7927 = ORIENTED_EDGE('',*,*,#7849,.T.);
#7928 = ORIENTED_EDGE('',*,*,#7929,.F.);
#7929 = EDGE_CURVE('',#7787,#7850,#7930,.T.);
#7930 = LINE('',#7931,#7932);
#7931 = CARTESIAN_POINT('',(0.6,0.625,0.));
#7932 = VECTOR('',#7933,1.);
#7933 = DIRECTION('',(0.,0.,-1.));
#7934 = ORIENTED_EDGE('',*,*,#7786,.F.);
#7935 = CYLINDRICAL_SURFACE('',#7936,0.249998959685);
#7936 = AXIS2_PLACEMENT_3D('',#7937,#7938,#7939);
#7937 = CARTESIAN_POINT('',(0.350001040317,0.625001040317,0.));
#7938 = DIRECTION('',(-0.,-0.,1.));
#7939 = DIRECTION('',(-4.161285832848E-06,0.999999999991,0.));
#7940 = ADVANCED_FACE('',(#7941),#7952,.F.);
#7941 = FACE_BOUND('',#7942,.F.);
#7942 = EDGE_LOOP('',(#7943,#7949,#7950,#7951));
#7943 = ORIENTED_EDGE('',*,*,#7944,.T.);
#7944 = EDGE_CURVE('',#7804,#7867,#7945,.T.);
#7945 = LINE('',#7946,#7947);
#7946 = CARTESIAN_POINT('',(0.35,-0.875,0.));
#7947 = VECTOR('',#7948,1.);
#7948 = DIRECTION('',(0.,0.,-1.));
#7949 = ORIENTED_EDGE('',*,*,#7875,.T.);
#7950 = ORIENTED_EDGE('',*,*,#7910,.F.);
#7951 = ORIENTED_EDGE('',*,*,#7812,.F.);
#7952 = PLANE('',#7953);
#7953 = AXIS2_PLACEMENT_3D('',#7954,#7955,#7956);
#7954 = CARTESIAN_POINT('',(0.35,-0.875,0.));
#7955 = DIRECTION('',(0.,1.,0.));
#7956 = DIRECTION('',(-1.,0.,0.));
#7957 = ADVANCED_FACE('',(#7958),#7969,.F.);
#7958 = FACE_BOUND('',#7959,.F.);
#7959 = EDGE_LOOP('',(#7960,#7961,#7962,#7968));
#7960 = ORIENTED_EDGE('',*,*,#7929,.T.);
#7961 = ORIENTED_EDGE('',*,*,#7858,.T.);
#7962 = ORIENTED_EDGE('',*,*,#7963,.F.);
#7963 = EDGE_CURVE('',#7796,#7859,#7964,.T.);
#7964 = LINE('',#7965,#7966);
#7965 = CARTESIAN_POINT('',(0.6,-0.625,0.));
#7966 = VECTOR('',#7967,1.);
#7967 = DIRECTION('',(0.,0.,-1.));
#7968 = ORIENTED_EDGE('',*,*,#7795,.F.);
#7969 = PLANE('',#7970);
#7970 = AXIS2_PLACEMENT_3D('',#7971,#7972,#7973);
#7971 = CARTESIAN_POINT('',(0.6,0.625,0.));
#7972 = DIRECTION('',(-1.,-0.,-0.));
#7973 = DIRECTION('',(0.,-1.,0.));
#7974 = ADVANCED_FACE('',(#7975),#7981,.T.);
#7975 = FACE_BOUND('',#7976,.F.);
#7976 = EDGE_LOOP('',(#7977,#7978,#7979,#7980));
#7977 = ORIENTED_EDGE('',*,*,#7963,.T.);
#7978 = ORIENTED_EDGE('',*,*,#7866,.T.);
#7979 = ORIENTED_EDGE('',*,*,#7944,.F.);
#7980 = ORIENTED_EDGE('',*,*,#7803,.F.);
#7981 = CYLINDRICAL_SURFACE('',#7982,0.249998959685);
#7982 = AXIS2_PLACEMENT_3D('',#7983,#7984,#7985);
#7983 = CARTESIAN_POINT('',(0.350001040317,-0.625001040317,0.));
#7984 = DIRECTION('',(-0.,-0.,1.));
#7985 = DIRECTION('',(0.999999999991,4.16128583307E-06,0.));
#7986 = ADVANCED_FACE('',(#7987),#7998,.F.);
#7987 = FACE_BOUND('',#7988,.T.);
#7988 = EDGE_LOOP('',(#7989,#7990,#7996,#7997));
#7989 = ORIENTED_EDGE('',*,*,#7893,.T.);
#7990 = ORIENTED_EDGE('',*,*,#7991,.T.);
#7991 = EDGE_CURVE('',#7894,#7831,#7992,.T.);
#7992 = LINE('',#7993,#7994);
#7993 = CARTESIAN_POINT('',(0.,-0.35,-4.6E-02));
#7994 = VECTOR('',#7995,1.);
#7995 = DIRECTION('',(0.,0.,1.));
#7996 = ORIENTED_EDGE('',*,*,#7830,.F.);
#7997 = ORIENTED_EDGE('',*,*,#7991,.F.);
#7998 = CYLINDRICAL_SURFACE('',#7999,0.35);
#7999 = AXIS2_PLACEMENT_3D('',#8000,#8001,#8002);
#8000 = CARTESIAN_POINT('',(-4.163336342344E-17,6.938893903907E-17,
    -4.6E-02));
#8001 = DIRECTION('',(-0.,0.,-1.));
#8002 = DIRECTION('',(1.189524669241E-16,-1.,-0.));
#8003 = MANIFOLD_SOLID_BREP('',#8004);
#8004 = CLOSED_SHELL('',(#8005,#8038,#8058,#8078));
#8005 = ADVANCED_FACE('',(#8006),#8033,.T.);
#8006 = FACE_BOUND('',#8007,.F.);
#8007 = EDGE_LOOP('',(#8008,#8018,#8025,#8026));
#8008 = ORIENTED_EDGE('',*,*,#8009,.T.);
#8009 = EDGE_CURVE('',#8010,#8012,#8014,.T.);
#8010 = VERTEX_POINT('',#8011);
#8011 = CARTESIAN_POINT('',(-6.162975822039E-33,-0.375,-4.E-02));
#8012 = VERTEX_POINT('',#8013);
#8013 = CARTESIAN_POINT('',(-6.162975822039E-33,-0.375,1.55));
#8014 = LINE('',#8015,#8016);
#8015 = CARTESIAN_POINT('',(-6.162975822039E-33,-0.375,-4.E-02));
#8016 = VECTOR('',#8017,1.);
#8017 = DIRECTION('',(0.,0.,1.));
#8018 = ORIENTED_EDGE('',*,*,#8019,.T.);
#8019 = EDGE_CURVE('',#8012,#8012,#8020,.T.);
#8020 = CIRCLE('',#8021,0.375);
#8021 = AXIS2_PLACEMENT_3D('',#8022,#8023,#8024);
#8022 = CARTESIAN_POINT('',(-4.163336342344E-17,6.938893903907E-17,1.55)
  );
#8023 = DIRECTION('',(0.,-0.,1.));
#8024 = DIRECTION('',(1.110223024625E-16,-1.,-0.));
#8025 = ORIENTED_EDGE('',*,*,#8009,.F.);
#8026 = ORIENTED_EDGE('',*,*,#8027,.F.);
#8027 = EDGE_CURVE('',#8010,#8010,#8028,.T.);
#8028 = CIRCLE('',#8029,0.375);
#8029 = AXIS2_PLACEMENT_3D('',#8030,#8031,#8032);
#8030 = CARTESIAN_POINT('',(-4.163336342344E-17,6.938893903907E-17,
    -4.E-02));
#8031 = DIRECTION('',(0.,-0.,1.));
#8032 = DIRECTION('',(1.110223024625E-16,-1.,-0.));
#8033 = CYLINDRICAL_SURFACE('',#8034,0.375);
#8034 = AXIS2_PLACEMENT_3D('',#8035,#8036,#8037);
#8035 = CARTESIAN_POINT('',(-4.163336342344E-17,6.938893903907E-17,
    -4.E-02));
#8036 = DIRECTION('',(-0.,0.,-1.));
#8037 = DIRECTION('',(1.110223024625E-16,-1.,-0.));
#8038 = ADVANCED_FACE('',(#8039,#8042),#8053,.F.);
#8039 = FACE_BOUND('',#8040,.F.);
#8040 = EDGE_LOOP('',(#8041));
#8041 = ORIENTED_EDGE('',*,*,#8027,.T.);
#8042 = FACE_BOUND('',#8043,.F.);
#8043 = EDGE_LOOP('',(#8044));
#8044 = ORIENTED_EDGE('',*,*,#8045,.T.);
#8045 = EDGE_CURVE('',#8046,#8046,#8048,.T.);
#8046 = VERTEX_POINT('',#8047);
#8047 = CARTESIAN_POINT('',(0.,-0.35,-4.E-02));
#8048 = CIRCLE('',#8049,0.35);
#8049 = AXIS2_PLACEMENT_3D('',#8050,#8051,#8052);
#8050 = CARTESIAN_POINT('',(-4.163336342344E-17,6.938893903907E-17,
    -4.E-02));
#8051 = DIRECTION('',(-0.,0.,-1.));
#8052 = DIRECTION('',(1.189524669241E-16,-1.,-0.));
#8053 = PLANE('',#8054);
#8054 = AXIS2_PLACEMENT_3D('',#8055,#8056,#8057);
#8055 = CARTESIAN_POINT('',(0.,-0.375,-4.E-02));
#8056 = DIRECTION('',(0.,0.,1.));
#8057 = DIRECTION('',(1.,0.,-0.));
#8058 = ADVANCED_FACE('',(#8059,#8062),#8073,.T.);
#8059 = FACE_BOUND('',#8060,.T.);
#8060 = EDGE_LOOP('',(#8061));
#8061 = ORIENTED_EDGE('',*,*,#8019,.T.);
#8062 = FACE_BOUND('',#8063,.T.);
#8063 = EDGE_LOOP('',(#8064));
#8064 = ORIENTED_EDGE('',*,*,#8065,.T.);
#8065 = EDGE_CURVE('',#8066,#8066,#8068,.T.);
#8066 = VERTEX_POINT('',#8067);
#8067 = CARTESIAN_POINT('',(0.,-0.35,1.55));
#8068 = CIRCLE('',#8069,0.35);
#8069 = AXIS2_PLACEMENT_3D('',#8070,#8071,#8072);
#8070 = CARTESIAN_POINT('',(-4.163336342344E-17,6.938893903907E-17,1.55)
  );
#8071 = DIRECTION('',(-0.,0.,-1.));
#8072 = DIRECTION('',(1.189524669241E-16,-1.,-0.));
#8073 = PLANE('',#8074);
#8074 = AXIS2_PLACEMENT_3D('',#8075,#8076,#8077);
#8075 = CARTESIAN_POINT('',(0.,-0.375,1.55));
#8076 = DIRECTION('',(0.,0.,1.));
#8077 = DIRECTION('',(1.,0.,-0.));
#8078 = ADVANCED_FACE('',(#8079),#8090,.F.);
#8079 = FACE_BOUND('',#8080,.T.);
#8080 = EDGE_LOOP('',(#8081,#8082,#8088,#8089));
#8081 = ORIENTED_EDGE('',*,*,#8045,.T.);
#8082 = ORIENTED_EDGE('',*,*,#8083,.T.);
#8083 = EDGE_CURVE('',#8046,#8066,#8084,.T.);
#8084 = LINE('',#8085,#8086);
#8085 = CARTESIAN_POINT('',(0.,-0.35,-4.6E-02));
#8086 = VECTOR('',#8087,1.);
#8087 = DIRECTION('',(0.,0.,1.));
#8088 = ORIENTED_EDGE('',*,*,#8065,.F.);
#8089 = ORIENTED_EDGE('',*,*,#8083,.F.);
#8090 = CYLINDRICAL_SURFACE('',#8091,0.35);
#8091 = AXIS2_PLACEMENT_3D('',#8092,#8093,#8094);
#8092 = CARTESIAN_POINT('',(-4.163336342344E-17,6.938893903907E-17,
    -4.6E-02));
#8093 = DIRECTION('',(-0.,0.,-1.));
#8094 = DIRECTION('',(1.189524669241E-16,-1.,-0.));
#8095 = MANIFOLD_SOLID_BREP('',#8096);
#8096 = CLOSED_SHELL('',(#8097,#8139,#8170,#8201,#8230,#8259,#8271));
#8097 = ADVANCED_FACE('',(#8098),#8134,.T.);
#8098 = FACE_BOUND('',#8099,.T.);
#8099 = EDGE_LOOP('',(#8100,#8110,#8119,#8127));
#8100 = ORIENTED_EDGE('',*,*,#8101,.T.);
#8101 = EDGE_CURVE('',#8102,#8104,#8106,.T.);
#8102 = VERTEX_POINT('',#8103);
#8103 = CARTESIAN_POINT('',(2.6,-0.275,1.51));
#8104 = VERTEX_POINT('',#8105);
#8105 = CARTESIAN_POINT('',(2.6,-0.275,1.55));
#8106 = LINE('',#8107,#8108);
#8107 = CARTESIAN_POINT('',(2.6,-0.275,1.51));
#8108 = VECTOR('',#8109,1.);
#8109 = DIRECTION('',(0.,0.,1.));
#8110 = ORIENTED_EDGE('',*,*,#8111,.T.);
#8111 = EDGE_CURVE('',#8104,#8112,#8114,.T.);
#8112 = VERTEX_POINT('',#8113);
#8113 = CARTESIAN_POINT('',(1.4,-0.275,1.55));
#8114 = CIRCLE('',#8115,0.6);
#8115 = AXIS2_PLACEMENT_3D('',#8116,#8117,#8118);
#8116 = CARTESIAN_POINT('',(2.,-0.275000120653,1.55));
#8117 = DIRECTION('',(0.,0.,-1.));
#8118 = DIRECTION('',(1.,2.010883661437E-07,0.));
#8119 = ORIENTED_EDGE('',*,*,#8120,.F.);
#8120 = EDGE_CURVE('',#8121,#8112,#8123,.T.);
#8121 = VERTEX_POINT('',#8122);
#8122 = CARTESIAN_POINT('',(1.4,-0.275,1.51));
#8123 = LINE('',#8124,#8125);
#8124 = CARTESIAN_POINT('',(1.4,-0.275,1.51));
#8125 = VECTOR('',#8126,1.);
#8126 = DIRECTION('',(0.,0.,1.));
#8127 = ORIENTED_EDGE('',*,*,#8128,.F.);
#8128 = EDGE_CURVE('',#8102,#8121,#8129,.T.);
#8129 = CIRCLE('',#8130,0.6);
#8130 = AXIS2_PLACEMENT_3D('',#8131,#8132,#8133);
#8131 = CARTESIAN_POINT('',(2.,-0.275000120653,1.51));
#8132 = DIRECTION('',(0.,0.,-1.));
#8133 = DIRECTION('',(1.,2.010883661437E-07,0.));
#8134 = CYLINDRICAL_SURFACE('',#8135,0.6);
#8135 = AXIS2_PLACEMENT_3D('',#8136,#8137,#8138);
#8136 = CARTESIAN_POINT('',(2.,-0.275000120653,1.51));
#8137 = DIRECTION('',(0.,0.,-1.));
#8138 = DIRECTION('',(1.,2.010883661437E-07,0.));
#8139 = ADVANCED_FACE('',(#8140),#8165,.T.);
#8140 = FACE_BOUND('',#8141,.T.);
#8141 = EDGE_LOOP('',(#8142,#8152,#8158,#8159));
#8142 = ORIENTED_EDGE('',*,*,#8143,.T.);
#8143 = EDGE_CURVE('',#8144,#8146,#8148,.T.);
#8144 = VERTEX_POINT('',#8145);
#8145 = CARTESIAN_POINT('',(2.6,0.275,1.51));
#8146 = VERTEX_POINT('',#8147);
#8147 = CARTESIAN_POINT('',(2.6,0.275,1.55));
#8148 = LINE('',#8149,#8150);
#8149 = CARTESIAN_POINT('',(2.6,0.275,1.51));
#8150 = VECTOR('',#8151,1.);
#8151 = DIRECTION('',(0.,0.,1.));
#8152 = ORIENTED_EDGE('',*,*,#8153,.T.);
#8153 = EDGE_CURVE('',#8146,#8104,#8154,.T.);
#8154 = LINE('',#8155,#8156);
#8155 = CARTESIAN_POINT('',(2.6,0.275,1.55));
#8156 = VECTOR('',#8157,1.);
#8157 = DIRECTION('',(0.,-1.,0.));
#8158 = ORIENTED_EDGE('',*,*,#8101,.F.);
#8159 = ORIENTED_EDGE('',*,*,#8160,.F.);
#8160 = EDGE_CURVE('',#8144,#8102,#8161,.T.);
#8161 = LINE('',#8162,#8163);
#8162 = CARTESIAN_POINT('',(2.6,0.275,1.51));
#8163 = VECTOR('',#8164,1.);
#8164 = DIRECTION('',(0.,-1.,0.));
#8165 = PLANE('',#8166);
#8166 = AXIS2_PLACEMENT_3D('',#8167,#8168,#8169);
#8167 = CARTESIAN_POINT('',(2.6,0.275,1.51));
#8168 = DIRECTION('',(1.,0.,-0.));
#8169 = DIRECTION('',(0.,-1.,0.));
#8170 = ADVANCED_FACE('',(#8171),#8196,.T.);
#8171 = FACE_BOUND('',#8172,.T.);
#8172 = EDGE_LOOP('',(#8173,#8174,#8182,#8190));
#8173 = ORIENTED_EDGE('',*,*,#8120,.T.);
#8174 = ORIENTED_EDGE('',*,*,#8175,.T.);
#8175 = EDGE_CURVE('',#8112,#8176,#8178,.T.);
#8176 = VERTEX_POINT('',#8177);
#8177 = CARTESIAN_POINT('',(1.4,0.275,1.55));
#8178 = LINE('',#8179,#8180);
#8179 = CARTESIAN_POINT('',(1.4,-0.275,1.55));
#8180 = VECTOR('',#8181,1.);
#8181 = DIRECTION('',(0.,1.,0.));
#8182 = ORIENTED_EDGE('',*,*,#8183,.F.);
#8183 = EDGE_CURVE('',#8184,#8176,#8186,.T.);
#8184 = VERTEX_POINT('',#8185);
#8185 = CARTESIAN_POINT('',(1.4,0.275,1.51));
#8186 = LINE('',#8187,#8188);
#8187 = CARTESIAN_POINT('',(1.4,0.275,1.51));
#8188 = VECTOR('',#8189,1.);
#8189 = DIRECTION('',(0.,0.,1.));
#8190 = ORIENTED_EDGE('',*,*,#8191,.F.);
#8191 = EDGE_CURVE('',#8121,#8184,#8192,.T.);
#8192 = LINE('',#8193,#8194);
#8193 = CARTESIAN_POINT('',(1.4,-0.275,1.51));
#8194 = VECTOR('',#8195,1.);
#8195 = DIRECTION('',(0.,1.,0.));
#8196 = PLANE('',#8197);
#8197 = AXIS2_PLACEMENT_3D('',#8198,#8199,#8200);
#8198 = CARTESIAN_POINT('',(1.4,-0.275,1.51));
#8199 = DIRECTION('',(-1.,0.,0.));
#8200 = DIRECTION('',(0.,1.,0.));
#8201 = ADVANCED_FACE('',(#8202,#8214),#8225,.F.);
#8202 = FACE_BOUND('',#8203,.F.);
#8203 = EDGE_LOOP('',(#8204,#8205,#8206,#8213));
#8204 = ORIENTED_EDGE('',*,*,#8128,.F.);
#8205 = ORIENTED_EDGE('',*,*,#8160,.F.);
#8206 = ORIENTED_EDGE('',*,*,#8207,.F.);
#8207 = EDGE_CURVE('',#8184,#8144,#8208,.T.);
#8208 = CIRCLE('',#8209,0.6);
#8209 = AXIS2_PLACEMENT_3D('',#8210,#8211,#8212);
#8210 = CARTESIAN_POINT('',(2.,0.275000617752,1.51));
#8211 = DIRECTION('',(0.,0.,-1.));
#8212 = DIRECTION('',(-0.999999999999,-1.02958639947E-06,-0.));
#8213 = ORIENTED_EDGE('',*,*,#8191,.F.);
#8214 = FACE_BOUND('',#8215,.F.);
#8215 = EDGE_LOOP('',(#8216));
#8216 = ORIENTED_EDGE('',*,*,#8217,.T.);
#8217 = EDGE_CURVE('',#8218,#8218,#8220,.T.);
#8218 = VERTEX_POINT('',#8219);
#8219 = CARTESIAN_POINT('',(2.,-0.35,1.51));
#8220 = CIRCLE('',#8221,0.35);
#8221 = AXIS2_PLACEMENT_3D('',#8222,#8223,#8224);
#8222 = CARTESIAN_POINT('',(2.,-4.163336342344E-17,1.51));
#8223 = DIRECTION('',(-0.,0.,-1.));
#8224 = DIRECTION('',(-0.,-1.,0.));
#8225 = PLANE('',#8226);
#8226 = AXIS2_PLACEMENT_3D('',#8227,#8228,#8229);
#8227 = CARTESIAN_POINT('',(0.,0.,1.51));
#8228 = DIRECTION('',(0.,0.,1.));
#8229 = DIRECTION('',(1.,0.,-0.));
#8230 = ADVANCED_FACE('',(#8231,#8243),#8254,.T.);
#8231 = FACE_BOUND('',#8232,.T.);
#8232 = EDGE_LOOP('',(#8233,#8234,#8235,#8242));
#8233 = ORIENTED_EDGE('',*,*,#8111,.F.);
#8234 = ORIENTED_EDGE('',*,*,#8153,.F.);
#8235 = ORIENTED_EDGE('',*,*,#8236,.F.);
#8236 = EDGE_CURVE('',#8176,#8146,#8237,.T.);
#8237 = CIRCLE('',#8238,0.6);
#8238 = AXIS2_PLACEMENT_3D('',#8239,#8240,#8241);
#8239 = CARTESIAN_POINT('',(2.,0.275000617752,1.55));
#8240 = DIRECTION('',(0.,0.,-1.));
#8241 = DIRECTION('',(-0.999999999999,-1.02958639947E-06,-0.));
#8242 = ORIENTED_EDGE('',*,*,#8175,.F.);
#8243 = FACE_BOUND('',#8244,.T.);
#8244 = EDGE_LOOP('',(#8245));
#8245 = ORIENTED_EDGE('',*,*,#8246,.T.);
#8246 = EDGE_CURVE('',#8247,#8247,#8249,.T.);
#8247 = VERTEX_POINT('',#8248);
#8248 = CARTESIAN_POINT('',(2.,-0.35,1.55));
#8249 = CIRCLE('',#8250,0.35);
#8250 = AXIS2_PLACEMENT_3D('',#8251,#8252,#8253);
#8251 = CARTESIAN_POINT('',(2.,-4.163336342344E-17,1.55));
#8252 = DIRECTION('',(-0.,0.,-1.));
#8253 = DIRECTION('',(-0.,-1.,0.));
#8254 = PLANE('',#8255);
#8255 = AXIS2_PLACEMENT_3D('',#8256,#8257,#8258);
#8256 = CARTESIAN_POINT('',(0.,0.,1.55));
#8257 = DIRECTION('',(0.,0.,1.));
#8258 = DIRECTION('',(1.,0.,-0.));
#8259 = ADVANCED_FACE('',(#8260),#8266,.T.);
#8260 = FACE_BOUND('',#8261,.T.);
#8261 = EDGE_LOOP('',(#8262,#8263,#8264,#8265));
#8262 = ORIENTED_EDGE('',*,*,#8183,.T.);
#8263 = ORIENTED_EDGE('',*,*,#8236,.T.);
#8264 = ORIENTED_EDGE('',*,*,#8143,.F.);
#8265 = ORIENTED_EDGE('',*,*,#8207,.F.);
#8266 = CYLINDRICAL_SURFACE('',#8267,0.6);
#8267 = AXIS2_PLACEMENT_3D('',#8268,#8269,#8270);
#8268 = CARTESIAN_POINT('',(2.,0.275000617752,1.51));
#8269 = DIRECTION('',(0.,0.,-1.));
#8270 = DIRECTION('',(-0.999999999999,-1.02958639947E-06,-0.));
#8271 = ADVANCED_FACE('',(#8272),#8283,.F.);
#8272 = FACE_BOUND('',#8273,.T.);
#8273 = EDGE_LOOP('',(#8274,#8275,#8281,#8282));
#8274 = ORIENTED_EDGE('',*,*,#8217,.T.);
#8275 = ORIENTED_EDGE('',*,*,#8276,.T.);
#8276 = EDGE_CURVE('',#8218,#8247,#8277,.T.);
#8277 = LINE('',#8278,#8279);
#8278 = CARTESIAN_POINT('',(2.,-0.35,-4.6E-02));
#8279 = VECTOR('',#8280,1.);
#8280 = DIRECTION('',(0.,0.,1.));
#8281 = ORIENTED_EDGE('',*,*,#8246,.F.);
#8282 = ORIENTED_EDGE('',*,*,#8276,.F.);
#8283 = CYLINDRICAL_SURFACE('',#8284,0.35);
#8284 = AXIS2_PLACEMENT_3D('',#8285,#8286,#8287);
#8285 = CARTESIAN_POINT('',(2.,-4.163336342344E-17,-4.6E-02));
#8286 = DIRECTION('',(-0.,-0.,-1.));
#8287 = DIRECTION('',(-0.,-1.,0.));
#8288 = MANIFOLD_SOLID_BREP('',#8289);
#8289 = CLOSED_SHELL('',(#8290,#8332,#8363,#8394,#8423,#8452,#8464));
#8290 = ADVANCED_FACE('',(#8291),#8327,.T.);
#8291 = FACE_BOUND('',#8292,.F.);
#8292 = EDGE_LOOP('',(#8293,#8303,#8312,#8320));
#8293 = ORIENTED_EDGE('',*,*,#8294,.T.);
#8294 = EDGE_CURVE('',#8295,#8297,#8299,.T.);
#8295 = VERTEX_POINT('',#8296);
#8296 = CARTESIAN_POINT('',(2.6,-0.275,0.));
#8297 = VERTEX_POINT('',#8298);
#8298 = CARTESIAN_POINT('',(2.6,-0.275,-4.E-02));
#8299 = LINE('',#8300,#8301);
#8300 = CARTESIAN_POINT('',(2.6,-0.275,0.));
#8301 = VECTOR('',#8302,1.);
#8302 = DIRECTION('',(0.,0.,-1.));
#8303 = ORIENTED_EDGE('',*,*,#8304,.T.);
#8304 = EDGE_CURVE('',#8297,#8305,#8307,.T.);
#8305 = VERTEX_POINT('',#8306);
#8306 = CARTESIAN_POINT('',(1.4,-0.275,-4.E-02));
#8307 = CIRCLE('',#8308,0.6);
#8308 = AXIS2_PLACEMENT_3D('',#8309,#8310,#8311);
#8309 = CARTESIAN_POINT('',(2.,-0.275000120653,-4.E-02));
#8310 = DIRECTION('',(0.,0.,-1.));
#8311 = DIRECTION('',(1.,2.010883661437E-07,0.));
#8312 = ORIENTED_EDGE('',*,*,#8313,.F.);
#8313 = EDGE_CURVE('',#8314,#8305,#8316,.T.);
#8314 = VERTEX_POINT('',#8315);
#8315 = CARTESIAN_POINT('',(1.4,-0.275,0.));
#8316 = LINE('',#8317,#8318);
#8317 = CARTESIAN_POINT('',(1.4,-0.275,0.));
#8318 = VECTOR('',#8319,1.);
#8319 = DIRECTION('',(0.,0.,-1.));
#8320 = ORIENTED_EDGE('',*,*,#8321,.F.);
#8321 = EDGE_CURVE('',#8295,#8314,#8322,.T.);
#8322 = CIRCLE('',#8323,0.6);
#8323 = AXIS2_PLACEMENT_3D('',#8324,#8325,#8326);
#8324 = CARTESIAN_POINT('',(2.,-0.275000120653,0.));
#8325 = DIRECTION('',(0.,0.,-1.));
#8326 = DIRECTION('',(1.,2.010883661437E-07,0.));
#8327 = CYLINDRICAL_SURFACE('',#8328,0.6);
#8328 = AXIS2_PLACEMENT_3D('',#8329,#8330,#8331);
#8329 = CARTESIAN_POINT('',(2.,-0.275000120653,0.));
#8330 = DIRECTION('',(-0.,-0.,1.));
#8331 = DIRECTION('',(1.,2.010883661437E-07,0.));
#8332 = ADVANCED_FACE('',(#8333),#8358,.F.);
#8333 = FACE_BOUND('',#8334,.F.);
#8334 = EDGE_LOOP('',(#8335,#8345,#8351,#8352));
#8335 = ORIENTED_EDGE('',*,*,#8336,.T.);
#8336 = EDGE_CURVE('',#8337,#8339,#8341,.T.);
#8337 = VERTEX_POINT('',#8338);
#8338 = CARTESIAN_POINT('',(2.6,0.275,0.));
#8339 = VERTEX_POINT('',#8340);
#8340 = CARTESIAN_POINT('',(2.6,0.275,-4.E-02));
#8341 = LINE('',#8342,#8343);
#8342 = CARTESIAN_POINT('',(2.6,0.275,0.));
#8343 = VECTOR('',#8344,1.);
#8344 = DIRECTION('',(0.,0.,-1.));
#8345 = ORIENTED_EDGE('',*,*,#8346,.T.);
#8346 = EDGE_CURVE('',#8339,#8297,#8347,.T.);
#8347 = LINE('',#8348,#8349);
#8348 = CARTESIAN_POINT('',(2.6,0.275,-4.E-02));
#8349 = VECTOR('',#8350,1.);
#8350 = DIRECTION('',(0.,-1.,0.));
#8351 = ORIENTED_EDGE('',*,*,#8294,.F.);
#8352 = ORIENTED_EDGE('',*,*,#8353,.F.);
#8353 = EDGE_CURVE('',#8337,#8295,#8354,.T.);
#8354 = LINE('',#8355,#8356);
#8355 = CARTESIAN_POINT('',(2.6,0.275,0.));
#8356 = VECTOR('',#8357,1.);
#8357 = DIRECTION('',(0.,-1.,0.));
#8358 = PLANE('',#8359);
#8359 = AXIS2_PLACEMENT_3D('',#8360,#8361,#8362);
#8360 = CARTESIAN_POINT('',(2.6,0.275,0.));
#8361 = DIRECTION('',(-1.,-0.,-0.));
#8362 = DIRECTION('',(0.,-1.,0.));
#8363 = ADVANCED_FACE('',(#8364),#8389,.F.);
#8364 = FACE_BOUND('',#8365,.F.);
#8365 = EDGE_LOOP('',(#8366,#8367,#8375,#8383));
#8366 = ORIENTED_EDGE('',*,*,#8313,.T.);
#8367 = ORIENTED_EDGE('',*,*,#8368,.T.);
#8368 = EDGE_CURVE('',#8305,#8369,#8371,.T.);
#8369 = VERTEX_POINT('',#8370);
#8370 = CARTESIAN_POINT('',(1.4,0.275,-4.E-02));
#8371 = LINE('',#8372,#8373);
#8372 = CARTESIAN_POINT('',(1.4,-0.275,-4.E-02));
#8373 = VECTOR('',#8374,1.);
#8374 = DIRECTION('',(0.,1.,0.));
#8375 = ORIENTED_EDGE('',*,*,#8376,.F.);
#8376 = EDGE_CURVE('',#8377,#8369,#8379,.T.);
#8377 = VERTEX_POINT('',#8378);
#8378 = CARTESIAN_POINT('',(1.4,0.275,0.));
#8379 = LINE('',#8380,#8381);
#8380 = CARTESIAN_POINT('',(1.4,0.275,0.));
#8381 = VECTOR('',#8382,1.);
#8382 = DIRECTION('',(0.,0.,-1.));
#8383 = ORIENTED_EDGE('',*,*,#8384,.F.);
#8384 = EDGE_CURVE('',#8314,#8377,#8385,.T.);
#8385 = LINE('',#8386,#8387);
#8386 = CARTESIAN_POINT('',(1.4,-0.275,0.));
#8387 = VECTOR('',#8388,1.);
#8388 = DIRECTION('',(0.,1.,0.));
#8389 = PLANE('',#8390);
#8390 = AXIS2_PLACEMENT_3D('',#8391,#8392,#8393);
#8391 = CARTESIAN_POINT('',(1.4,-0.275,0.));
#8392 = DIRECTION('',(1.,-0.,0.));
#8393 = DIRECTION('',(0.,1.,0.));
#8394 = ADVANCED_FACE('',(#8395,#8407),#8418,.F.);
#8395 = FACE_BOUND('',#8396,.F.);
#8396 = EDGE_LOOP('',(#8397,#8398,#8399,#8406));
#8397 = ORIENTED_EDGE('',*,*,#8321,.T.);
#8398 = ORIENTED_EDGE('',*,*,#8384,.T.);
#8399 = ORIENTED_EDGE('',*,*,#8400,.T.);
#8400 = EDGE_CURVE('',#8377,#8337,#8401,.T.);
#8401 = CIRCLE('',#8402,0.6);
#8402 = AXIS2_PLACEMENT_3D('',#8403,#8404,#8405);
#8403 = CARTESIAN_POINT('',(2.,0.275000617752,0.));
#8404 = DIRECTION('',(0.,0.,-1.));
#8405 = DIRECTION('',(-0.999999999999,-1.02958639947E-06,-0.));
#8406 = ORIENTED_EDGE('',*,*,#8353,.T.);
#8407 = FACE_BOUND('',#8408,.F.);
#8408 = EDGE_LOOP('',(#8409));
#8409 = ORIENTED_EDGE('',*,*,#8410,.F.);
#8410 = EDGE_CURVE('',#8411,#8411,#8413,.T.);
#8411 = VERTEX_POINT('',#8412);
#8412 = CARTESIAN_POINT('',(2.,-0.35,0.));
#8413 = CIRCLE('',#8414,0.35);
#8414 = AXIS2_PLACEMENT_3D('',#8415,#8416,#8417);
#8415 = CARTESIAN_POINT('',(2.,-4.163336342344E-17,0.));
#8416 = DIRECTION('',(-0.,0.,-1.));
#8417 = DIRECTION('',(-0.,-1.,0.));
#8418 = PLANE('',#8419);
#8419 = AXIS2_PLACEMENT_3D('',#8420,#8421,#8422);
#8420 = CARTESIAN_POINT('',(0.,0.,0.));
#8421 = DIRECTION('',(-0.,-0.,-1.));
#8422 = DIRECTION('',(-1.,0.,0.));
#8423 = ADVANCED_FACE('',(#8424,#8436),#8447,.T.);
#8424 = FACE_BOUND('',#8425,.T.);
#8425 = EDGE_LOOP('',(#8426,#8427,#8428,#8435));
#8426 = ORIENTED_EDGE('',*,*,#8304,.T.);
#8427 = ORIENTED_EDGE('',*,*,#8368,.T.);
#8428 = ORIENTED_EDGE('',*,*,#8429,.T.);
#8429 = EDGE_CURVE('',#8369,#8339,#8430,.T.);
#8430 = CIRCLE('',#8431,0.6);
#8431 = AXIS2_PLACEMENT_3D('',#8432,#8433,#8434);
#8432 = CARTESIAN_POINT('',(2.,0.275000617752,-4.E-02));
#8433 = DIRECTION('',(0.,0.,-1.));
#8434 = DIRECTION('',(-0.999999999999,-1.02958639947E-06,-0.));
#8435 = ORIENTED_EDGE('',*,*,#8346,.T.);
#8436 = FACE_BOUND('',#8437,.T.);
#8437 = EDGE_LOOP('',(#8438));
#8438 = ORIENTED_EDGE('',*,*,#8439,.F.);
#8439 = EDGE_CURVE('',#8440,#8440,#8442,.T.);
#8440 = VERTEX_POINT('',#8441);
#8441 = CARTESIAN_POINT('',(2.,-0.35,-4.E-02));
#8442 = CIRCLE('',#8443,0.35);
#8443 = AXIS2_PLACEMENT_3D('',#8444,#8445,#8446);
#8444 = CARTESIAN_POINT('',(2.,-4.163336342344E-17,-4.E-02));
#8445 = DIRECTION('',(-0.,0.,-1.));
#8446 = DIRECTION('',(-0.,-1.,0.));
#8447 = PLANE('',#8448);
#8448 = AXIS2_PLACEMENT_3D('',#8449,#8450,#8451);
#8449 = CARTESIAN_POINT('',(0.,0.,-4.E-02));
#8450 = DIRECTION('',(-0.,-0.,-1.));
#8451 = DIRECTION('',(-1.,0.,0.));
#8452 = ADVANCED_FACE('',(#8453),#8459,.T.);
#8453 = FACE_BOUND('',#8454,.F.);
#8454 = EDGE_LOOP('',(#8455,#8456,#8457,#8458));
#8455 = ORIENTED_EDGE('',*,*,#8376,.T.);
#8456 = ORIENTED_EDGE('',*,*,#8429,.T.);
#8457 = ORIENTED_EDGE('',*,*,#8336,.F.);
#8458 = ORIENTED_EDGE('',*,*,#8400,.F.);
#8459 = CYLINDRICAL_SURFACE('',#8460,0.6);
#8460 = AXIS2_PLACEMENT_3D('',#8461,#8462,#8463);
#8461 = CARTESIAN_POINT('',(2.,0.275000617752,0.));
#8462 = DIRECTION('',(-0.,-0.,1.));
#8463 = DIRECTION('',(-0.999999999999,-1.02958639947E-06,-0.));
#8464 = ADVANCED_FACE('',(#8465),#8476,.F.);
#8465 = FACE_BOUND('',#8466,.T.);
#8466 = EDGE_LOOP('',(#8467,#8468,#8474,#8475));
#8467 = ORIENTED_EDGE('',*,*,#8439,.T.);
#8468 = ORIENTED_EDGE('',*,*,#8469,.T.);
#8469 = EDGE_CURVE('',#8440,#8411,#8470,.T.);
#8470 = LINE('',#8471,#8472);
#8471 = CARTESIAN_POINT('',(2.,-0.35,-4.6E-02));
#8472 = VECTOR('',#8473,1.);
#8473 = DIRECTION('',(0.,0.,1.));
#8474 = ORIENTED_EDGE('',*,*,#8410,.F.);
#8475 = ORIENTED_EDGE('',*,*,#8469,.F.);
#8476 = CYLINDRICAL_SURFACE('',#8477,0.35);
#8477 = AXIS2_PLACEMENT_3D('',#8478,#8479,#8480);
#8478 = CARTESIAN_POINT('',(2.,-4.163336342344E-17,-4.6E-02));
#8479 = DIRECTION('',(-0.,-0.,-1.));
#8480 = DIRECTION('',(-0.,-1.,0.));
#8481 = MANIFOLD_SOLID_BREP('',#8482);
#8482 = CLOSED_SHELL('',(#8483,#8516,#8536,#8556));
#8483 = ADVANCED_FACE('',(#8484),#8511,.T.);
#8484 = FACE_BOUND('',#8485,.F.);
#8485 = EDGE_LOOP('',(#8486,#8496,#8503,#8504));
#8486 = ORIENTED_EDGE('',*,*,#8487,.T.);
#8487 = EDGE_CURVE('',#8488,#8490,#8492,.T.);
#8488 = VERTEX_POINT('',#8489);
#8489 = CARTESIAN_POINT('',(2.,-0.375,-4.E-02));
#8490 = VERTEX_POINT('',#8491);
#8491 = CARTESIAN_POINT('',(2.,-0.375,1.55));
#8492 = LINE('',#8493,#8494);
#8493 = CARTESIAN_POINT('',(2.,-0.375,-4.E-02));
#8494 = VECTOR('',#8495,1.);
#8495 = DIRECTION('',(0.,0.,1.));
#8496 = ORIENTED_EDGE('',*,*,#8497,.T.);
#8497 = EDGE_CURVE('',#8490,#8490,#8498,.T.);
#8498 = CIRCLE('',#8499,0.375);
#8499 = AXIS2_PLACEMENT_3D('',#8500,#8501,#8502);
#8500 = CARTESIAN_POINT('',(2.,6.938893903907E-17,1.55));
#8501 = DIRECTION('',(0.,0.,1.));
#8502 = DIRECTION('',(-0.,-1.,0.));
#8503 = ORIENTED_EDGE('',*,*,#8487,.F.);
#8504 = ORIENTED_EDGE('',*,*,#8505,.F.);
#8505 = EDGE_CURVE('',#8488,#8488,#8506,.T.);
#8506 = CIRCLE('',#8507,0.375);
#8507 = AXIS2_PLACEMENT_3D('',#8508,#8509,#8510);
#8508 = CARTESIAN_POINT('',(2.,6.938893903907E-17,-4.E-02));
#8509 = DIRECTION('',(0.,0.,1.));
#8510 = DIRECTION('',(-0.,-1.,0.));
#8511 = CYLINDRICAL_SURFACE('',#8512,0.375);
#8512 = AXIS2_PLACEMENT_3D('',#8513,#8514,#8515);
#8513 = CARTESIAN_POINT('',(2.,6.938893903907E-17,-4.E-02));
#8514 = DIRECTION('',(-0.,-0.,-1.));
#8515 = DIRECTION('',(-0.,-1.,0.));
#8516 = ADVANCED_FACE('',(#8517,#8520),#8531,.F.);
#8517 = FACE_BOUND('',#8518,.F.);
#8518 = EDGE_LOOP('',(#8519));
#8519 = ORIENTED_EDGE('',*,*,#8505,.T.);
#8520 = FACE_BOUND('',#8521,.F.);
#8521 = EDGE_LOOP('',(#8522));
#8522 = ORIENTED_EDGE('',*,*,#8523,.T.);
#8523 = EDGE_CURVE('',#8524,#8524,#8526,.T.);
#8524 = VERTEX_POINT('',#8525);
#8525 = CARTESIAN_POINT('',(2.,-0.35,-4.E-02));
#8526 = CIRCLE('',#8527,0.35);
#8527 = AXIS2_PLACEMENT_3D('',#8528,#8529,#8530);
#8528 = CARTESIAN_POINT('',(2.,-4.163336342344E-17,-4.E-02));
#8529 = DIRECTION('',(-0.,0.,-1.));
#8530 = DIRECTION('',(-0.,-1.,0.));
#8531 = PLANE('',#8532);
#8532 = AXIS2_PLACEMENT_3D('',#8533,#8534,#8535);
#8533 = CARTESIAN_POINT('',(2.,-0.375,-4.E-02));
#8534 = DIRECTION('',(0.,0.,1.));
#8535 = DIRECTION('',(1.,0.,-0.));
#8536 = ADVANCED_FACE('',(#8537,#8540),#8551,.T.);
#8537 = FACE_BOUND('',#8538,.T.);
#8538 = EDGE_LOOP('',(#8539));
#8539 = ORIENTED_EDGE('',*,*,#8497,.T.);
#8540 = FACE_BOUND('',#8541,.T.);
#8541 = EDGE_LOOP('',(#8542));
#8542 = ORIENTED_EDGE('',*,*,#8543,.T.);
#8543 = EDGE_CURVE('',#8544,#8544,#8546,.T.);
#8544 = VERTEX_POINT('',#8545);
#8545 = CARTESIAN_POINT('',(2.,-0.35,1.55));
#8546 = CIRCLE('',#8547,0.35);
#8547 = AXIS2_PLACEMENT_3D('',#8548,#8549,#8550);
#8548 = CARTESIAN_POINT('',(2.,-4.163336342344E-17,1.55));
#8549 = DIRECTION('',(-0.,0.,-1.));
#8550 = DIRECTION('',(-0.,-1.,0.));
#8551 = PLANE('',#8552);
#8552 = AXIS2_PLACEMENT_3D('',#8553,#8554,#8555);
#8553 = CARTESIAN_POINT('',(2.,-0.375,1.55));
#8554 = DIRECTION('',(0.,0.,1.));
#8555 = DIRECTION('',(1.,0.,-0.));
#8556 = ADVANCED_FACE('',(#8557),#8568,.F.);
#8557 = FACE_BOUND('',#8558,.T.);
#8558 = EDGE_LOOP('',(#8559,#8560,#8566,#8567));
#8559 = ORIENTED_EDGE('',*,*,#8523,.T.);
#8560 = ORIENTED_EDGE('',*,*,#8561,.T.);
#8561 = EDGE_CURVE('',#8524,#8544,#8562,.T.);
#8562 = LINE('',#8563,#8564);
#8563 = CARTESIAN_POINT('',(2.,-0.35,-4.6E-02));
#8564 = VECTOR('',#8565,1.);
#8565 = DIRECTION('',(0.,0.,1.));
#8566 = ORIENTED_EDGE('',*,*,#8543,.F.);
#8567 = ORIENTED_EDGE('',*,*,#8561,.F.);
#8568 = CYLINDRICAL_SURFACE('',#8569,0.35);
#8569 = AXIS2_PLACEMENT_3D('',#8570,#8571,#8572);
#8570 = CARTESIAN_POINT('',(2.,-4.163336342344E-17,-4.6E-02));
#8571 = DIRECTION('',(-0.,-0.,-1.));
#8572 = DIRECTION('',(-0.,-1.,0.));
#8573 = MANIFOLD_SOLID_BREP('',#8574);
#8574 = CLOSED_SHELL('',(#8575,#8617,#8648,#8679,#8708,#8737,#8749));
#8575 = ADVANCED_FACE('',(#8576),#8612,.T.);
#8576 = FACE_BOUND('',#8577,.T.);
#8577 = EDGE_LOOP('',(#8578,#8588,#8597,#8605));
#8578 = ORIENTED_EDGE('',*,*,#8579,.T.);
#8579 = EDGE_CURVE('',#8580,#8582,#8584,.T.);
#8580 = VERTEX_POINT('',#8581);
#8581 = CARTESIAN_POINT('',(4.6,-0.275,1.51));
#8582 = VERTEX_POINT('',#8583);
#8583 = CARTESIAN_POINT('',(4.6,-0.275,1.55));
#8584 = LINE('',#8585,#8586);
#8585 = CARTESIAN_POINT('',(4.6,-0.275,1.51));
#8586 = VECTOR('',#8587,1.);
#8587 = DIRECTION('',(0.,0.,1.));
#8588 = ORIENTED_EDGE('',*,*,#8589,.T.);
#8589 = EDGE_CURVE('',#8582,#8590,#8592,.T.);
#8590 = VERTEX_POINT('',#8591);
#8591 = CARTESIAN_POINT('',(3.4,-0.275,1.55));
#8592 = CIRCLE('',#8593,0.6);
#8593 = AXIS2_PLACEMENT_3D('',#8594,#8595,#8596);
#8594 = CARTESIAN_POINT('',(4.,-0.275000120653,1.55));
#8595 = DIRECTION('',(0.,0.,-1.));
#8596 = DIRECTION('',(1.,2.010883669764E-07,0.));
#8597 = ORIENTED_EDGE('',*,*,#8598,.F.);
#8598 = EDGE_CURVE('',#8599,#8590,#8601,.T.);
#8599 = VERTEX_POINT('',#8600);
#8600 = CARTESIAN_POINT('',(3.4,-0.275,1.51));
#8601 = LINE('',#8602,#8603);
#8602 = CARTESIAN_POINT('',(3.4,-0.275,1.51));
#8603 = VECTOR('',#8604,1.);
#8604 = DIRECTION('',(0.,0.,1.));
#8605 = ORIENTED_EDGE('',*,*,#8606,.F.);
#8606 = EDGE_CURVE('',#8580,#8599,#8607,.T.);
#8607 = CIRCLE('',#8608,0.6);
#8608 = AXIS2_PLACEMENT_3D('',#8609,#8610,#8611);
#8609 = CARTESIAN_POINT('',(4.,-0.275000120653,1.51));
#8610 = DIRECTION('',(0.,0.,-1.));
#8611 = DIRECTION('',(1.,2.010883669764E-07,0.));
#8612 = CYLINDRICAL_SURFACE('',#8613,0.6);
#8613 = AXIS2_PLACEMENT_3D('',#8614,#8615,#8616);
#8614 = CARTESIAN_POINT('',(4.,-0.275000120653,1.51));
#8615 = DIRECTION('',(0.,0.,-1.));
#8616 = DIRECTION('',(1.,2.010883669764E-07,0.));
#8617 = ADVANCED_FACE('',(#8618),#8643,.T.);
#8618 = FACE_BOUND('',#8619,.T.);
#8619 = EDGE_LOOP('',(#8620,#8630,#8636,#8637));
#8620 = ORIENTED_EDGE('',*,*,#8621,.T.);
#8621 = EDGE_CURVE('',#8622,#8624,#8626,.T.);
#8622 = VERTEX_POINT('',#8623);
#8623 = CARTESIAN_POINT('',(4.6,0.275,1.51));
#8624 = VERTEX_POINT('',#8625);
#8625 = CARTESIAN_POINT('',(4.6,0.275,1.55));
#8626 = LINE('',#8627,#8628);
#8627 = CARTESIAN_POINT('',(4.6,0.275,1.51));
#8628 = VECTOR('',#8629,1.);
#8629 = DIRECTION('',(0.,0.,1.));
#8630 = ORIENTED_EDGE('',*,*,#8631,.T.);
#8631 = EDGE_CURVE('',#8624,#8582,#8632,.T.);
#8632 = LINE('',#8633,#8634);
#8633 = CARTESIAN_POINT('',(4.6,0.275,1.55));
#8634 = VECTOR('',#8635,1.);
#8635 = DIRECTION('',(0.,-1.,0.));
#8636 = ORIENTED_EDGE('',*,*,#8579,.F.);
#8637 = ORIENTED_EDGE('',*,*,#8638,.F.);
#8638 = EDGE_CURVE('',#8622,#8580,#8639,.T.);
#8639 = LINE('',#8640,#8641);
#8640 = CARTESIAN_POINT('',(4.6,0.275,1.51));
#8641 = VECTOR('',#8642,1.);
#8642 = DIRECTION('',(0.,-1.,0.));
#8643 = PLANE('',#8644);
#8644 = AXIS2_PLACEMENT_3D('',#8645,#8646,#8647);
#8645 = CARTESIAN_POINT('',(4.6,0.275,1.51));
#8646 = DIRECTION('',(1.,0.,-0.));
#8647 = DIRECTION('',(0.,-1.,0.));
#8648 = ADVANCED_FACE('',(#8649),#8674,.T.);
#8649 = FACE_BOUND('',#8650,.T.);
#8650 = EDGE_LOOP('',(#8651,#8652,#8660,#8668));
#8651 = ORIENTED_EDGE('',*,*,#8598,.T.);
#8652 = ORIENTED_EDGE('',*,*,#8653,.T.);
#8653 = EDGE_CURVE('',#8590,#8654,#8656,.T.);
#8654 = VERTEX_POINT('',#8655);
#8655 = CARTESIAN_POINT('',(3.4,0.275,1.55));
#8656 = LINE('',#8657,#8658);
#8657 = CARTESIAN_POINT('',(3.4,-0.275,1.55));
#8658 = VECTOR('',#8659,1.);
#8659 = DIRECTION('',(0.,1.,0.));
#8660 = ORIENTED_EDGE('',*,*,#8661,.F.);
#8661 = EDGE_CURVE('',#8662,#8654,#8664,.T.);
#8662 = VERTEX_POINT('',#8663);
#8663 = CARTESIAN_POINT('',(3.4,0.275,1.51));
#8664 = LINE('',#8665,#8666);
#8665 = CARTESIAN_POINT('',(3.4,0.275,1.51));
#8666 = VECTOR('',#8667,1.);
#8667 = DIRECTION('',(0.,0.,1.));
#8668 = ORIENTED_EDGE('',*,*,#8669,.F.);
#8669 = EDGE_CURVE('',#8599,#8662,#8670,.T.);
#8670 = LINE('',#8671,#8672);
#8671 = CARTESIAN_POINT('',(3.4,-0.275,1.51));
#8672 = VECTOR('',#8673,1.);
#8673 = DIRECTION('',(0.,1.,0.));
#8674 = PLANE('',#8675);
#8675 = AXIS2_PLACEMENT_3D('',#8676,#8677,#8678);
#8676 = CARTESIAN_POINT('',(3.4,-0.275,1.51));
#8677 = DIRECTION('',(-1.,0.,0.));
#8678 = DIRECTION('',(0.,1.,0.));
#8679 = ADVANCED_FACE('',(#8680,#8692),#8703,.F.);
#8680 = FACE_BOUND('',#8681,.F.);
#8681 = EDGE_LOOP('',(#8682,#8683,#8684,#8691));
#8682 = ORIENTED_EDGE('',*,*,#8606,.F.);
#8683 = ORIENTED_EDGE('',*,*,#8638,.F.);
#8684 = ORIENTED_EDGE('',*,*,#8685,.F.);
#8685 = EDGE_CURVE('',#8662,#8622,#8686,.T.);
#8686 = CIRCLE('',#8687,0.6);
#8687 = AXIS2_PLACEMENT_3D('',#8688,#8689,#8690);
#8688 = CARTESIAN_POINT('',(4.,0.275000617752,1.51));
#8689 = DIRECTION('',(0.,0.,-1.));
#8690 = DIRECTION('',(-0.999999999999,-1.029586399562E-06,-0.));
#8691 = ORIENTED_EDGE('',*,*,#8669,.F.);
#8692 = FACE_BOUND('',#8693,.F.);
#8693 = EDGE_LOOP('',(#8694));
#8694 = ORIENTED_EDGE('',*,*,#8695,.T.);
#8695 = EDGE_CURVE('',#8696,#8696,#8698,.T.);
#8696 = VERTEX_POINT('',#8697);
#8697 = CARTESIAN_POINT('',(4.,-0.35,1.51));
#8698 = CIRCLE('',#8699,0.35);
#8699 = AXIS2_PLACEMENT_3D('',#8700,#8701,#8702);
#8700 = CARTESIAN_POINT('',(4.,-2.914335439641E-16,1.51));
#8701 = DIRECTION('',(-0.,0.,-1.));
#8702 = DIRECTION('',(-0.,-1.,0.));
#8703 = PLANE('',#8704);
#8704 = AXIS2_PLACEMENT_3D('',#8705,#8706,#8707);
#8705 = CARTESIAN_POINT('',(0.,0.,1.51));
#8706 = DIRECTION('',(0.,0.,1.));
#8707 = DIRECTION('',(1.,0.,-0.));
#8708 = ADVANCED_FACE('',(#8709,#8721),#8732,.T.);
#8709 = FACE_BOUND('',#8710,.T.);
#8710 = EDGE_LOOP('',(#8711,#8712,#8713,#8720));
#8711 = ORIENTED_EDGE('',*,*,#8589,.F.);
#8712 = ORIENTED_EDGE('',*,*,#8631,.F.);
#8713 = ORIENTED_EDGE('',*,*,#8714,.F.);
#8714 = EDGE_CURVE('',#8654,#8624,#8715,.T.);
#8715 = CIRCLE('',#8716,0.6);
#8716 = AXIS2_PLACEMENT_3D('',#8717,#8718,#8719);
#8717 = CARTESIAN_POINT('',(4.,0.275000617752,1.55));
#8718 = DIRECTION('',(0.,0.,-1.));
#8719 = DIRECTION('',(-0.999999999999,-1.029586399562E-06,-0.));
#8720 = ORIENTED_EDGE('',*,*,#8653,.F.);
#8721 = FACE_BOUND('',#8722,.T.);
#8722 = EDGE_LOOP('',(#8723));
#8723 = ORIENTED_EDGE('',*,*,#8724,.T.);
#8724 = EDGE_CURVE('',#8725,#8725,#8727,.T.);
#8725 = VERTEX_POINT('',#8726);
#8726 = CARTESIAN_POINT('',(4.,-0.35,1.55));
#8727 = CIRCLE('',#8728,0.35);
#8728 = AXIS2_PLACEMENT_3D('',#8729,#8730,#8731);
#8729 = CARTESIAN_POINT('',(4.,-2.914335439641E-16,1.55));
#8730 = DIRECTION('',(-0.,0.,-1.));
#8731 = DIRECTION('',(-0.,-1.,0.));
#8732 = PLANE('',#8733);
#8733 = AXIS2_PLACEMENT_3D('',#8734,#8735,#8736);
#8734 = CARTESIAN_POINT('',(0.,0.,1.55));
#8735 = DIRECTION('',(0.,0.,1.));
#8736 = DIRECTION('',(1.,0.,-0.));
#8737 = ADVANCED_FACE('',(#8738),#8744,.T.);
#8738 = FACE_BOUND('',#8739,.T.);
#8739 = EDGE_LOOP('',(#8740,#8741,#8742,#8743));
#8740 = ORIENTED_EDGE('',*,*,#8661,.T.);
#8741 = ORIENTED_EDGE('',*,*,#8714,.T.);
#8742 = ORIENTED_EDGE('',*,*,#8621,.F.);
#8743 = ORIENTED_EDGE('',*,*,#8685,.F.);
#8744 = CYLINDRICAL_SURFACE('',#8745,0.6);
#8745 = AXIS2_PLACEMENT_3D('',#8746,#8747,#8748);
#8746 = CARTESIAN_POINT('',(4.,0.275000617752,1.51));
#8747 = DIRECTION('',(0.,0.,-1.));
#8748 = DIRECTION('',(-0.999999999999,-1.029586399562E-06,-0.));
#8749 = ADVANCED_FACE('',(#8750),#8761,.F.);
#8750 = FACE_BOUND('',#8751,.T.);
#8751 = EDGE_LOOP('',(#8752,#8753,#8759,#8760));
#8752 = ORIENTED_EDGE('',*,*,#8695,.T.);
#8753 = ORIENTED_EDGE('',*,*,#8754,.T.);
#8754 = EDGE_CURVE('',#8696,#8725,#8755,.T.);
#8755 = LINE('',#8756,#8757);
#8756 = CARTESIAN_POINT('',(4.,-0.35,-4.6E-02));
#8757 = VECTOR('',#8758,1.);
#8758 = DIRECTION('',(0.,0.,1.));
#8759 = ORIENTED_EDGE('',*,*,#8724,.F.);
#8760 = ORIENTED_EDGE('',*,*,#8754,.F.);
#8761 = CYLINDRICAL_SURFACE('',#8762,0.35);
#8762 = AXIS2_PLACEMENT_3D('',#8763,#8764,#8765);
#8763 = CARTESIAN_POINT('',(4.,-2.914335439641E-16,-4.6E-02));
#8764 = DIRECTION('',(-0.,-0.,-1.));
#8765 = DIRECTION('',(-0.,-1.,0.));
#8766 = MANIFOLD_SOLID_BREP('',#8767);
#8767 = CLOSED_SHELL('',(#8768,#8810,#8841,#8872,#8901,#8930,#8942));
#8768 = ADVANCED_FACE('',(#8769),#8805,.T.);
#8769 = FACE_BOUND('',#8770,.F.);
#8770 = EDGE_LOOP('',(#8771,#8781,#8790,#8798));
#8771 = ORIENTED_EDGE('',*,*,#8772,.T.);
#8772 = EDGE_CURVE('',#8773,#8775,#8777,.T.);
#8773 = VERTEX_POINT('',#8774);
#8774 = CARTESIAN_POINT('',(4.6,-0.275,0.));
#8775 = VERTEX_POINT('',#8776);
#8776 = CARTESIAN_POINT('',(4.6,-0.275,-4.E-02));
#8777 = LINE('',#8778,#8779);
#8778 = CARTESIAN_POINT('',(4.6,-0.275,0.));
#8779 = VECTOR('',#8780,1.);
#8780 = DIRECTION('',(0.,0.,-1.));
#8781 = ORIENTED_EDGE('',*,*,#8782,.T.);
#8782 = EDGE_CURVE('',#8775,#8783,#8785,.T.);
#8783 = VERTEX_POINT('',#8784);
#8784 = CARTESIAN_POINT('',(3.4,-0.275,-4.E-02));
#8785 = CIRCLE('',#8786,0.6);
#8786 = AXIS2_PLACEMENT_3D('',#8787,#8788,#8789);
#8787 = CARTESIAN_POINT('',(4.,-0.275000120653,-4.E-02));
#8788 = DIRECTION('',(0.,0.,-1.));
#8789 = DIRECTION('',(1.,2.010883669764E-07,0.));
#8790 = ORIENTED_EDGE('',*,*,#8791,.F.);
#8791 = EDGE_CURVE('',#8792,#8783,#8794,.T.);
#8792 = VERTEX_POINT('',#8793);
#8793 = CARTESIAN_POINT('',(3.4,-0.275,0.));
#8794 = LINE('',#8795,#8796);
#8795 = CARTESIAN_POINT('',(3.4,-0.275,0.));
#8796 = VECTOR('',#8797,1.);
#8797 = DIRECTION('',(0.,0.,-1.));
#8798 = ORIENTED_EDGE('',*,*,#8799,.F.);
#8799 = EDGE_CURVE('',#8773,#8792,#8800,.T.);
#8800 = CIRCLE('',#8801,0.6);
#8801 = AXIS2_PLACEMENT_3D('',#8802,#8803,#8804);
#8802 = CARTESIAN_POINT('',(4.,-0.275000120653,0.));
#8803 = DIRECTION('',(0.,0.,-1.));
#8804 = DIRECTION('',(1.,2.010883669764E-07,0.));
#8805 = CYLINDRICAL_SURFACE('',#8806,0.6);
#8806 = AXIS2_PLACEMENT_3D('',#8807,#8808,#8809);
#8807 = CARTESIAN_POINT('',(4.,-0.275000120653,0.));
#8808 = DIRECTION('',(-0.,-0.,1.));
#8809 = DIRECTION('',(1.,2.010883669764E-07,0.));
#8810 = ADVANCED_FACE('',(#8811),#8836,.F.);
#8811 = FACE_BOUND('',#8812,.F.);
#8812 = EDGE_LOOP('',(#8813,#8823,#8829,#8830));
#8813 = ORIENTED_EDGE('',*,*,#8814,.T.);
#8814 = EDGE_CURVE('',#8815,#8817,#8819,.T.);
#8815 = VERTEX_POINT('',#8816);
#8816 = CARTESIAN_POINT('',(4.6,0.275,0.));
#8817 = VERTEX_POINT('',#8818);
#8818 = CARTESIAN_POINT('',(4.6,0.275,-4.E-02));
#8819 = LINE('',#8820,#8821);
#8820 = CARTESIAN_POINT('',(4.6,0.275,0.));
#8821 = VECTOR('',#8822,1.);
#8822 = DIRECTION('',(0.,0.,-1.));
#8823 = ORIENTED_EDGE('',*,*,#8824,.T.);
#8824 = EDGE_CURVE('',#8817,#8775,#8825,.T.);
#8825 = LINE('',#8826,#8827);
#8826 = CARTESIAN_POINT('',(4.6,0.275,-4.E-02));
#8827 = VECTOR('',#8828,1.);
#8828 = DIRECTION('',(0.,-1.,0.));
#8829 = ORIENTED_EDGE('',*,*,#8772,.F.);
#8830 = ORIENTED_EDGE('',*,*,#8831,.F.);
#8831 = EDGE_CURVE('',#8815,#8773,#8832,.T.);
#8832 = LINE('',#8833,#8834);
#8833 = CARTESIAN_POINT('',(4.6,0.275,0.));
#8834 = VECTOR('',#8835,1.);
#8835 = DIRECTION('',(0.,-1.,0.));
#8836 = PLANE('',#8837);
#8837 = AXIS2_PLACEMENT_3D('',#8838,#8839,#8840);
#8838 = CARTESIAN_POINT('',(4.6,0.275,0.));
#8839 = DIRECTION('',(-1.,-0.,-0.));
#8840 = DIRECTION('',(0.,-1.,0.));
#8841 = ADVANCED_FACE('',(#8842),#8867,.F.);
#8842 = FACE_BOUND('',#8843,.F.);
#8843 = EDGE_LOOP('',(#8844,#8845,#8853,#8861));
#8844 = ORIENTED_EDGE('',*,*,#8791,.T.);
#8845 = ORIENTED_EDGE('',*,*,#8846,.T.);
#8846 = EDGE_CURVE('',#8783,#8847,#8849,.T.);
#8847 = VERTEX_POINT('',#8848);
#8848 = CARTESIAN_POINT('',(3.4,0.275,-4.E-02));
#8849 = LINE('',#8850,#8851);
#8850 = CARTESIAN_POINT('',(3.4,-0.275,-4.E-02));
#8851 = VECTOR('',#8852,1.);
#8852 = DIRECTION('',(0.,1.,0.));
#8853 = ORIENTED_EDGE('',*,*,#8854,.F.);
#8854 = EDGE_CURVE('',#8855,#8847,#8857,.T.);
#8855 = VERTEX_POINT('',#8856);
#8856 = CARTESIAN_POINT('',(3.4,0.275,0.));
#8857 = LINE('',#8858,#8859);
#8858 = CARTESIAN_POINT('',(3.4,0.275,0.));
#8859 = VECTOR('',#8860,1.);
#8860 = DIRECTION('',(0.,0.,-1.));
#8861 = ORIENTED_EDGE('',*,*,#8862,.F.);
#8862 = EDGE_CURVE('',#8792,#8855,#8863,.T.);
#8863 = LINE('',#8864,#8865);
#8864 = CARTESIAN_POINT('',(3.4,-0.275,0.));
#8865 = VECTOR('',#8866,1.);
#8866 = DIRECTION('',(0.,1.,0.));
#8867 = PLANE('',#8868);
#8868 = AXIS2_PLACEMENT_3D('',#8869,#8870,#8871);
#8869 = CARTESIAN_POINT('',(3.4,-0.275,0.));
#8870 = DIRECTION('',(1.,-0.,0.));
#8871 = DIRECTION('',(0.,1.,0.));
#8872 = ADVANCED_FACE('',(#8873,#8885),#8896,.F.);
#8873 = FACE_BOUND('',#8874,.F.);
#8874 = EDGE_LOOP('',(#8875,#8876,#8877,#8884));
#8875 = ORIENTED_EDGE('',*,*,#8799,.T.);
#8876 = ORIENTED_EDGE('',*,*,#8862,.T.);
#8877 = ORIENTED_EDGE('',*,*,#8878,.T.);
#8878 = EDGE_CURVE('',#8855,#8815,#8879,.T.);
#8879 = CIRCLE('',#8880,0.6);
#8880 = AXIS2_PLACEMENT_3D('',#8881,#8882,#8883);
#8881 = CARTESIAN_POINT('',(4.,0.275000617752,0.));
#8882 = DIRECTION('',(0.,0.,-1.));
#8883 = DIRECTION('',(-0.999999999999,-1.029586399562E-06,-0.));
#8884 = ORIENTED_EDGE('',*,*,#8831,.T.);
#8885 = FACE_BOUND('',#8886,.F.);
#8886 = EDGE_LOOP('',(#8887));
#8887 = ORIENTED_EDGE('',*,*,#8888,.F.);
#8888 = EDGE_CURVE('',#8889,#8889,#8891,.T.);
#8889 = VERTEX_POINT('',#8890);
#8890 = CARTESIAN_POINT('',(4.,-0.35,0.));
#8891 = CIRCLE('',#8892,0.35);
#8892 = AXIS2_PLACEMENT_3D('',#8893,#8894,#8895);
#8893 = CARTESIAN_POINT('',(4.,-2.914335439641E-16,0.));
#8894 = DIRECTION('',(-0.,0.,-1.));
#8895 = DIRECTION('',(-0.,-1.,0.));
#8896 = PLANE('',#8897);
#8897 = AXIS2_PLACEMENT_3D('',#8898,#8899,#8900);
#8898 = CARTESIAN_POINT('',(0.,0.,0.));
#8899 = DIRECTION('',(-0.,-0.,-1.));
#8900 = DIRECTION('',(-1.,0.,0.));
#8901 = ADVANCED_FACE('',(#8902,#8914),#8925,.T.);
#8902 = FACE_BOUND('',#8903,.T.);
#8903 = EDGE_LOOP('',(#8904,#8905,#8906,#8913));
#8904 = ORIENTED_EDGE('',*,*,#8782,.T.);
#8905 = ORIENTED_EDGE('',*,*,#8846,.T.);
#8906 = ORIENTED_EDGE('',*,*,#8907,.T.);
#8907 = EDGE_CURVE('',#8847,#8817,#8908,.T.);
#8908 = CIRCLE('',#8909,0.6);
#8909 = AXIS2_PLACEMENT_3D('',#8910,#8911,#8912);
#8910 = CARTESIAN_POINT('',(4.,0.275000617752,-4.E-02));
#8911 = DIRECTION('',(0.,0.,-1.));
#8912 = DIRECTION('',(-0.999999999999,-1.029586399562E-06,-0.));
#8913 = ORIENTED_EDGE('',*,*,#8824,.T.);
#8914 = FACE_BOUND('',#8915,.T.);
#8915 = EDGE_LOOP('',(#8916));
#8916 = ORIENTED_EDGE('',*,*,#8917,.F.);
#8917 = EDGE_CURVE('',#8918,#8918,#8920,.T.);
#8918 = VERTEX_POINT('',#8919);
#8919 = CARTESIAN_POINT('',(4.,-0.35,-4.E-02));
#8920 = CIRCLE('',#8921,0.35);
#8921 = AXIS2_PLACEMENT_3D('',#8922,#8923,#8924);
#8922 = CARTESIAN_POINT('',(4.,-2.914335439641E-16,-4.E-02));
#8923 = DIRECTION('',(-0.,0.,-1.));
#8924 = DIRECTION('',(-0.,-1.,0.));
#8925 = PLANE('',#8926);
#8926 = AXIS2_PLACEMENT_3D('',#8927,#8928,#8929);
#8927 = CARTESIAN_POINT('',(0.,0.,-4.E-02));
#8928 = DIRECTION('',(-0.,-0.,-1.));
#8929 = DIRECTION('',(-1.,0.,0.));
#8930 = ADVANCED_FACE('',(#8931),#8937,.T.);
#8931 = FACE_BOUND('',#8932,.F.);
#8932 = EDGE_LOOP('',(#8933,#8934,#8935,#8936));
#8933 = ORIENTED_EDGE('',*,*,#8854,.T.);
#8934 = ORIENTED_EDGE('',*,*,#8907,.T.);
#8935 = ORIENTED_EDGE('',*,*,#8814,.F.);
#8936 = ORIENTED_EDGE('',*,*,#8878,.F.);
#8937 = CYLINDRICAL_SURFACE('',#8938,0.6);
#8938 = AXIS2_PLACEMENT_3D('',#8939,#8940,#8941);
#8939 = CARTESIAN_POINT('',(4.,0.275000617752,0.));
#8940 = DIRECTION('',(-0.,-0.,1.));
#8941 = DIRECTION('',(-0.999999999999,-1.029586399562E-06,-0.));
#8942 = ADVANCED_FACE('',(#8943),#8954,.F.);
#8943 = FACE_BOUND('',#8944,.T.);
#8944 = EDGE_LOOP('',(#8945,#8946,#8952,#8953));
#8945 = ORIENTED_EDGE('',*,*,#8917,.T.);
#8946 = ORIENTED_EDGE('',*,*,#8947,.T.);
#8947 = EDGE_CURVE('',#8918,#8889,#8948,.T.);
#8948 = LINE('',#8949,#8950);
#8949 = CARTESIAN_POINT('',(4.,-0.35,-4.6E-02));
#8950 = VECTOR('',#8951,1.);
#8951 = DIRECTION('',(0.,0.,1.));
#8952 = ORIENTED_EDGE('',*,*,#8888,.F.);
#8953 = ORIENTED_EDGE('',*,*,#8947,.F.);
#8954 = CYLINDRICAL_SURFACE('',#8955,0.35);
#8955 = AXIS2_PLACEMENT_3D('',#8956,#8957,#8958);
#8956 = CARTESIAN_POINT('',(4.,-2.914335439641E-16,-4.6E-02));
#8957 = DIRECTION('',(-0.,-0.,-1.));
#8958 = DIRECTION('',(-0.,-1.,0.));
#8959 = MANIFOLD_SOLID_BREP('',#8960);
#8960 = CLOSED_SHELL('',(#8961,#8994,#9014,#9034));
#8961 = ADVANCED_FACE('',(#8962),#8989,.T.);
#8962 = FACE_BOUND('',#8963,.F.);
#8963 = EDGE_LOOP('',(#8964,#8974,#8981,#8982));
#8964 = ORIENTED_EDGE('',*,*,#8965,.T.);
#8965 = EDGE_CURVE('',#8966,#8968,#8970,.T.);
#8966 = VERTEX_POINT('',#8967);
#8967 = CARTESIAN_POINT('',(4.,-0.375,-4.E-02));
#8968 = VERTEX_POINT('',#8969);
#8969 = CARTESIAN_POINT('',(4.,-0.375,1.55));
#8970 = LINE('',#8971,#8972);
#8971 = CARTESIAN_POINT('',(4.,-0.375,-4.E-02));
#8972 = VECTOR('',#8973,1.);
#8973 = DIRECTION('',(0.,0.,1.));
#8974 = ORIENTED_EDGE('',*,*,#8975,.T.);
#8975 = EDGE_CURVE('',#8968,#8968,#8976,.T.);
#8976 = CIRCLE('',#8977,0.375);
#8977 = AXIS2_PLACEMENT_3D('',#8978,#8979,#8980);
#8978 = CARTESIAN_POINT('',(4.,6.938893903907E-17,1.55));
#8979 = DIRECTION('',(0.,0.,1.));
#8980 = DIRECTION('',(-0.,-1.,0.));
#8981 = ORIENTED_EDGE('',*,*,#8965,.F.);
#8982 = ORIENTED_EDGE('',*,*,#8983,.F.);
#8983 = EDGE_CURVE('',#8966,#8966,#8984,.T.);
#8984 = CIRCLE('',#8985,0.375);
#8985 = AXIS2_PLACEMENT_3D('',#8986,#8987,#8988);
#8986 = CARTESIAN_POINT('',(4.,6.938893903907E-17,-4.E-02));
#8987 = DIRECTION('',(0.,0.,1.));
#8988 = DIRECTION('',(-0.,-1.,0.));
#8989 = CYLINDRICAL_SURFACE('',#8990,0.375);
#8990 = AXIS2_PLACEMENT_3D('',#8991,#8992,#8993);
#8991 = CARTESIAN_POINT('',(4.,6.938893903907E-17,-4.E-02));
#8992 = DIRECTION('',(-0.,-0.,-1.));
#8993 = DIRECTION('',(-0.,-1.,0.));
#8994 = ADVANCED_FACE('',(#8995,#8998),#9009,.F.);
#8995 = FACE_BOUND('',#8996,.F.);
#8996 = EDGE_LOOP('',(#8997));
#8997 = ORIENTED_EDGE('',*,*,#8983,.T.);
#8998 = FACE_BOUND('',#8999,.F.);
#8999 = EDGE_LOOP('',(#9000));
#9000 = ORIENTED_EDGE('',*,*,#9001,.T.);
#9001 = EDGE_CURVE('',#9002,#9002,#9004,.T.);
#9002 = VERTEX_POINT('',#9003);
#9003 = CARTESIAN_POINT('',(4.,-0.35,-4.E-02));
#9004 = CIRCLE('',#9005,0.35);
#9005 = AXIS2_PLACEMENT_3D('',#9006,#9007,#9008);
#9006 = CARTESIAN_POINT('',(4.,-2.914335439641E-16,-4.E-02));
#9007 = DIRECTION('',(-0.,0.,-1.));
#9008 = DIRECTION('',(-0.,-1.,0.));
#9009 = PLANE('',#9010);
#9010 = AXIS2_PLACEMENT_3D('',#9011,#9012,#9013);
#9011 = CARTESIAN_POINT('',(4.,-0.375,-4.E-02));
#9012 = DIRECTION('',(0.,0.,1.));
#9013 = DIRECTION('',(1.,0.,-0.));
#9014 = ADVANCED_FACE('',(#9015,#9018),#9029,.T.);
#9015 = FACE_BOUND('',#9016,.T.);
#9016 = EDGE_LOOP('',(#9017));
#9017 = ORIENTED_EDGE('',*,*,#8975,.T.);
#9018 = FACE_BOUND('',#9019,.T.);
#9019 = EDGE_LOOP('',(#9020));
#9020 = ORIENTED_EDGE('',*,*,#9021,.T.);
#9021 = EDGE_CURVE('',#9022,#9022,#9024,.T.);
#9022 = VERTEX_POINT('',#9023);
#9023 = CARTESIAN_POINT('',(4.,-0.35,1.55));
#9024 = CIRCLE('',#9025,0.35);
#9025 = AXIS2_PLACEMENT_3D('',#9026,#9027,#9028);
#9026 = CARTESIAN_POINT('',(4.,-2.914335439641E-16,1.55));
#9027 = DIRECTION('',(-0.,0.,-1.));
#9028 = DIRECTION('',(-0.,-1.,0.));
#9029 = PLANE('',#9030);
#9030 = AXIS2_PLACEMENT_3D('',#9031,#9032,#9033);
#9031 = CARTESIAN_POINT('',(4.,-0.375,1.55));
#9032 = DIRECTION('',(0.,0.,1.));
#9033 = DIRECTION('',(1.,0.,-0.));
#9034 = ADVANCED_FACE('',(#9035),#9046,.F.);
#9035 = FACE_BOUND('',#9036,.T.);
#9036 = EDGE_LOOP('',(#9037,#9038,#9044,#9045));
#9037 = ORIENTED_EDGE('',*,*,#9001,.T.);
#9038 = ORIENTED_EDGE('',*,*,#9039,.T.);
#9039 = EDGE_CURVE('',#9002,#9022,#9040,.T.);
#9040 = LINE('',#9041,#9042);
#9041 = CARTESIAN_POINT('',(4.,-0.35,-4.6E-02));
#9042 = VECTOR('',#9043,1.);
#9043 = DIRECTION('',(0.,0.,1.));
#9044 = ORIENTED_EDGE('',*,*,#9021,.F.);
#9045 = ORIENTED_EDGE('',*,*,#9039,.F.);
#9046 = CYLINDRICAL_SURFACE('',#9047,0.35);
#9047 = AXIS2_PLACEMENT_3D('',#9048,#9049,#9050);
#9048 = CARTESIAN_POINT('',(4.,-2.914335439641E-16,-4.6E-02));
#9049 = DIRECTION('',(-0.,-0.,-1.));
#9050 = DIRECTION('',(-0.,-1.,0.));
#9051 = MANIFOLD_SOLID_BREP('',#9052);
#9052 = CLOSED_SHELL('',(#9053,#9095,#9126,#9157,#9186,#9215,#9227));
#9053 = ADVANCED_FACE('',(#9054),#9090,.T.);
#9054 = FACE_BOUND('',#9055,.T.);
#9055 = EDGE_LOOP('',(#9056,#9066,#9075,#9083));
#9056 = ORIENTED_EDGE('',*,*,#9057,.T.);
#9057 = EDGE_CURVE('',#9058,#9060,#9062,.T.);
#9058 = VERTEX_POINT('',#9059);
#9059 = CARTESIAN_POINT('',(6.6,-0.275,1.51));
#9060 = VERTEX_POINT('',#9061);
#9061 = CARTESIAN_POINT('',(6.6,-0.275,1.55));
#9062 = LINE('',#9063,#9064);
#9063 = CARTESIAN_POINT('',(6.6,-0.275,1.51));
#9064 = VECTOR('',#9065,1.);
#9065 = DIRECTION('',(0.,0.,1.));
#9066 = ORIENTED_EDGE('',*,*,#9067,.T.);
#9067 = EDGE_CURVE('',#9060,#9068,#9070,.T.);
#9068 = VERTEX_POINT('',#9069);
#9069 = CARTESIAN_POINT('',(5.4,-0.275,1.55));
#9070 = CIRCLE('',#9071,0.6);
#9071 = AXIS2_PLACEMENT_3D('',#9072,#9073,#9074);
#9072 = CARTESIAN_POINT('',(6.,-0.275000120653,1.55));
#9073 = DIRECTION('',(0.,0.,-1.));
#9074 = DIRECTION('',(1.,2.010883671614E-07,0.));
#9075 = ORIENTED_EDGE('',*,*,#9076,.F.);
#9076 = EDGE_CURVE('',#9077,#9068,#9079,.T.);
#9077 = VERTEX_POINT('',#9078);
#9078 = CARTESIAN_POINT('',(5.4,-0.275,1.51));
#9079 = LINE('',#9080,#9081);
#9080 = CARTESIAN_POINT('',(5.4,-0.275,1.51));
#9081 = VECTOR('',#9082,1.);
#9082 = DIRECTION('',(0.,0.,1.));
#9083 = ORIENTED_EDGE('',*,*,#9084,.F.);
#9084 = EDGE_CURVE('',#9058,#9077,#9085,.T.);
#9085 = CIRCLE('',#9086,0.6);
#9086 = AXIS2_PLACEMENT_3D('',#9087,#9088,#9089);
#9087 = CARTESIAN_POINT('',(6.,-0.275000120653,1.51));
#9088 = DIRECTION('',(0.,0.,-1.));
#9089 = DIRECTION('',(1.,2.010883671614E-07,0.));
#9090 = CYLINDRICAL_SURFACE('',#9091,0.6);
#9091 = AXIS2_PLACEMENT_3D('',#9092,#9093,#9094);
#9092 = CARTESIAN_POINT('',(6.,-0.275000120653,1.51));
#9093 = DIRECTION('',(0.,0.,-1.));
#9094 = DIRECTION('',(1.,2.010883671614E-07,0.));
#9095 = ADVANCED_FACE('',(#9096),#9121,.T.);
#9096 = FACE_BOUND('',#9097,.T.);
#9097 = EDGE_LOOP('',(#9098,#9108,#9114,#9115));
#9098 = ORIENTED_EDGE('',*,*,#9099,.T.);
#9099 = EDGE_CURVE('',#9100,#9102,#9104,.T.);
#9100 = VERTEX_POINT('',#9101);
#9101 = CARTESIAN_POINT('',(6.6,0.275,1.51));
#9102 = VERTEX_POINT('',#9103);
#9103 = CARTESIAN_POINT('',(6.6,0.275,1.55));
#9104 = LINE('',#9105,#9106);
#9105 = CARTESIAN_POINT('',(6.6,0.275,1.51));
#9106 = VECTOR('',#9107,1.);
#9107 = DIRECTION('',(0.,0.,1.));
#9108 = ORIENTED_EDGE('',*,*,#9109,.T.);
#9109 = EDGE_CURVE('',#9102,#9060,#9110,.T.);
#9110 = LINE('',#9111,#9112);
#9111 = CARTESIAN_POINT('',(6.6,0.275,1.55));
#9112 = VECTOR('',#9113,1.);
#9113 = DIRECTION('',(0.,-1.,0.));
#9114 = ORIENTED_EDGE('',*,*,#9057,.F.);
#9115 = ORIENTED_EDGE('',*,*,#9116,.F.);
#9116 = EDGE_CURVE('',#9100,#9058,#9117,.T.);
#9117 = LINE('',#9118,#9119);
#9118 = CARTESIAN_POINT('',(6.6,0.275,1.51));
#9119 = VECTOR('',#9120,1.);
#9120 = DIRECTION('',(0.,-1.,0.));
#9121 = PLANE('',#9122);
#9122 = AXIS2_PLACEMENT_3D('',#9123,#9124,#9125);
#9123 = CARTESIAN_POINT('',(6.6,0.275,1.51));
#9124 = DIRECTION('',(1.,0.,-0.));
#9125 = DIRECTION('',(0.,-1.,0.));
#9126 = ADVANCED_FACE('',(#9127),#9152,.T.);
#9127 = FACE_BOUND('',#9128,.T.);
#9128 = EDGE_LOOP('',(#9129,#9130,#9138,#9146));
#9129 = ORIENTED_EDGE('',*,*,#9076,.T.);
#9130 = ORIENTED_EDGE('',*,*,#9131,.T.);
#9131 = EDGE_CURVE('',#9068,#9132,#9134,.T.);
#9132 = VERTEX_POINT('',#9133);
#9133 = CARTESIAN_POINT('',(5.4,0.275,1.55));
#9134 = LINE('',#9135,#9136);
#9135 = CARTESIAN_POINT('',(5.4,-0.275,1.55));
#9136 = VECTOR('',#9137,1.);
#9137 = DIRECTION('',(0.,1.,0.));
#9138 = ORIENTED_EDGE('',*,*,#9139,.F.);
#9139 = EDGE_CURVE('',#9140,#9132,#9142,.T.);
#9140 = VERTEX_POINT('',#9141);
#9141 = CARTESIAN_POINT('',(5.4,0.275,1.51));
#9142 = LINE('',#9143,#9144);
#9143 = CARTESIAN_POINT('',(5.4,0.275,1.51));
#9144 = VECTOR('',#9145,1.);
#9145 = DIRECTION('',(0.,0.,1.));
#9146 = ORIENTED_EDGE('',*,*,#9147,.F.);
#9147 = EDGE_CURVE('',#9077,#9140,#9148,.T.);
#9148 = LINE('',#9149,#9150);
#9149 = CARTESIAN_POINT('',(5.4,-0.275,1.51));
#9150 = VECTOR('',#9151,1.);
#9151 = DIRECTION('',(0.,1.,0.));
#9152 = PLANE('',#9153);
#9153 = AXIS2_PLACEMENT_3D('',#9154,#9155,#9156);
#9154 = CARTESIAN_POINT('',(5.4,-0.275,1.51));
#9155 = DIRECTION('',(-1.,0.,0.));
#9156 = DIRECTION('',(0.,1.,0.));
#9157 = ADVANCED_FACE('',(#9158,#9170),#9181,.F.);
#9158 = FACE_BOUND('',#9159,.F.);
#9159 = EDGE_LOOP('',(#9160,#9161,#9162,#9169));
#9160 = ORIENTED_EDGE('',*,*,#9084,.F.);
#9161 = ORIENTED_EDGE('',*,*,#9116,.F.);
#9162 = ORIENTED_EDGE('',*,*,#9163,.F.);
#9163 = EDGE_CURVE('',#9140,#9100,#9164,.T.);
#9164 = CIRCLE('',#9165,0.6);
#9165 = AXIS2_PLACEMENT_3D('',#9166,#9167,#9168);
#9166 = CARTESIAN_POINT('',(6.,0.275000617752,1.51));
#9167 = DIRECTION('',(0.,0.,-1.));
#9168 = DIRECTION('',(-0.999999999999,-1.02958640132E-06,-0.));
#9169 = ORIENTED_EDGE('',*,*,#9147,.F.);
#9170 = FACE_BOUND('',#9171,.F.);
#9171 = EDGE_LOOP('',(#9172));
#9172 = ORIENTED_EDGE('',*,*,#9173,.T.);
#9173 = EDGE_CURVE('',#9174,#9174,#9176,.T.);
#9174 = VERTEX_POINT('',#9175);
#9175 = CARTESIAN_POINT('',(6.,-0.35,1.51));
#9176 = CIRCLE('',#9177,0.35);
#9177 = AXIS2_PLACEMENT_3D('',#9178,#9179,#9180);
#9178 = CARTESIAN_POINT('',(6.,-2.914335439641E-16,1.51));
#9179 = DIRECTION('',(-0.,0.,-1.));
#9180 = DIRECTION('',(-0.,-1.,0.));
#9181 = PLANE('',#9182);
#9182 = AXIS2_PLACEMENT_3D('',#9183,#9184,#9185);
#9183 = CARTESIAN_POINT('',(0.,0.,1.51));
#9184 = DIRECTION('',(0.,0.,1.));
#9185 = DIRECTION('',(1.,0.,-0.));
#9186 = ADVANCED_FACE('',(#9187,#9199),#9210,.T.);
#9187 = FACE_BOUND('',#9188,.T.);
#9188 = EDGE_LOOP('',(#9189,#9190,#9191,#9198));
#9189 = ORIENTED_EDGE('',*,*,#9067,.F.);
#9190 = ORIENTED_EDGE('',*,*,#9109,.F.);
#9191 = ORIENTED_EDGE('',*,*,#9192,.F.);
#9192 = EDGE_CURVE('',#9132,#9102,#9193,.T.);
#9193 = CIRCLE('',#9194,0.6);
#9194 = AXIS2_PLACEMENT_3D('',#9195,#9196,#9197);
#9195 = CARTESIAN_POINT('',(6.,0.275000617752,1.55));
#9196 = DIRECTION('',(0.,0.,-1.));
#9197 = DIRECTION('',(-0.999999999999,-1.02958640132E-06,-0.));
#9198 = ORIENTED_EDGE('',*,*,#9131,.F.);
#9199 = FACE_BOUND('',#9200,.T.);
#9200 = EDGE_LOOP('',(#9201));
#9201 = ORIENTED_EDGE('',*,*,#9202,.T.);
#9202 = EDGE_CURVE('',#9203,#9203,#9205,.T.);
#9203 = VERTEX_POINT('',#9204);
#9204 = CARTESIAN_POINT('',(6.,-0.35,1.55));
#9205 = CIRCLE('',#9206,0.35);
#9206 = AXIS2_PLACEMENT_3D('',#9207,#9208,#9209);
#9207 = CARTESIAN_POINT('',(6.,-2.914335439641E-16,1.55));
#9208 = DIRECTION('',(-0.,0.,-1.));
#9209 = DIRECTION('',(-0.,-1.,0.));
#9210 = PLANE('',#9211);
#9211 = AXIS2_PLACEMENT_3D('',#9212,#9213,#9214);
#9212 = CARTESIAN_POINT('',(0.,0.,1.55));
#9213 = DIRECTION('',(0.,0.,1.));
#9214 = DIRECTION('',(1.,0.,-0.));
#9215 = ADVANCED_FACE('',(#9216),#9222,.T.);
#9216 = FACE_BOUND('',#9217,.T.);
#9217 = EDGE_LOOP('',(#9218,#9219,#9220,#9221));
#9218 = ORIENTED_EDGE('',*,*,#9139,.T.);
#9219 = ORIENTED_EDGE('',*,*,#9192,.T.);
#9220 = ORIENTED_EDGE('',*,*,#9099,.F.);
#9221 = ORIENTED_EDGE('',*,*,#9163,.F.);
#9222 = CYLINDRICAL_SURFACE('',#9223,0.6);
#9223 = AXIS2_PLACEMENT_3D('',#9224,#9225,#9226);
#9224 = CARTESIAN_POINT('',(6.,0.275000617752,1.51));
#9225 = DIRECTION('',(0.,0.,-1.));
#9226 = DIRECTION('',(-0.999999999999,-1.02958640132E-06,-0.));
#9227 = ADVANCED_FACE('',(#9228),#9239,.F.);
#9228 = FACE_BOUND('',#9229,.T.);
#9229 = EDGE_LOOP('',(#9230,#9231,#9237,#9238));
#9230 = ORIENTED_EDGE('',*,*,#9173,.T.);
#9231 = ORIENTED_EDGE('',*,*,#9232,.T.);
#9232 = EDGE_CURVE('',#9174,#9203,#9233,.T.);
#9233 = LINE('',#9234,#9235);
#9234 = CARTESIAN_POINT('',(6.,-0.35,-4.6E-02));
#9235 = VECTOR('',#9236,1.);
#9236 = DIRECTION('',(0.,0.,1.));
#9237 = ORIENTED_EDGE('',*,*,#9202,.F.);
#9238 = ORIENTED_EDGE('',*,*,#9232,.F.);
#9239 = CYLINDRICAL_SURFACE('',#9240,0.35);
#9240 = AXIS2_PLACEMENT_3D('',#9241,#9242,#9243);
#9241 = CARTESIAN_POINT('',(6.,-2.914335439641E-16,-4.6E-02));
#9242 = DIRECTION('',(-0.,-0.,-1.));
#9243 = DIRECTION('',(-0.,-1.,0.));
#9244 = MANIFOLD_SOLID_BREP('',#9245);
#9245 = CLOSED_SHELL('',(#9246,#9288,#9319,#9350,#9379,#9408,#9420));
#9246 = ADVANCED_FACE('',(#9247),#9283,.T.);
#9247 = FACE_BOUND('',#9248,.F.);
#9248 = EDGE_LOOP('',(#9249,#9259,#9268,#9276));
#9249 = ORIENTED_EDGE('',*,*,#9250,.T.);
#9250 = EDGE_CURVE('',#9251,#9253,#9255,.T.);
#9251 = VERTEX_POINT('',#9252);
#9252 = CARTESIAN_POINT('',(6.6,-0.275,0.));
#9253 = VERTEX_POINT('',#9254);
#9254 = CARTESIAN_POINT('',(6.6,-0.275,-4.E-02));
#9255 = LINE('',#9256,#9257);
#9256 = CARTESIAN_POINT('',(6.6,-0.275,0.));
#9257 = VECTOR('',#9258,1.);
#9258 = DIRECTION('',(0.,0.,-1.));
#9259 = ORIENTED_EDGE('',*,*,#9260,.T.);
#9260 = EDGE_CURVE('',#9253,#9261,#9263,.T.);
#9261 = VERTEX_POINT('',#9262);
#9262 = CARTESIAN_POINT('',(5.4,-0.275,-4.E-02));
#9263 = CIRCLE('',#9264,0.6);
#9264 = AXIS2_PLACEMENT_3D('',#9265,#9266,#9267);
#9265 = CARTESIAN_POINT('',(6.,-0.275000120653,-4.E-02));
#9266 = DIRECTION('',(0.,0.,-1.));
#9267 = DIRECTION('',(1.,2.010883671614E-07,0.));
#9268 = ORIENTED_EDGE('',*,*,#9269,.F.);
#9269 = EDGE_CURVE('',#9270,#9261,#9272,.T.);
#9270 = VERTEX_POINT('',#9271);
#9271 = CARTESIAN_POINT('',(5.4,-0.275,0.));
#9272 = LINE('',#9273,#9274);
#9273 = CARTESIAN_POINT('',(5.4,-0.275,0.));
#9274 = VECTOR('',#9275,1.);
#9275 = DIRECTION('',(0.,0.,-1.));
#9276 = ORIENTED_EDGE('',*,*,#9277,.F.);
#9277 = EDGE_CURVE('',#9251,#9270,#9278,.T.);
#9278 = CIRCLE('',#9279,0.6);
#9279 = AXIS2_PLACEMENT_3D('',#9280,#9281,#9282);
#9280 = CARTESIAN_POINT('',(6.,-0.275000120653,0.));
#9281 = DIRECTION('',(0.,0.,-1.));
#9282 = DIRECTION('',(1.,2.010883671614E-07,0.));
#9283 = CYLINDRICAL_SURFACE('',#9284,0.6);
#9284 = AXIS2_PLACEMENT_3D('',#9285,#9286,#9287);
#9285 = CARTESIAN_POINT('',(6.,-0.275000120653,0.));
#9286 = DIRECTION('',(-0.,-0.,1.));
#9287 = DIRECTION('',(1.,2.010883671614E-07,0.));
#9288 = ADVANCED_FACE('',(#9289),#9314,.F.);
#9289 = FACE_BOUND('',#9290,.F.);
#9290 = EDGE_LOOP('',(#9291,#9301,#9307,#9308));
#9291 = ORIENTED_EDGE('',*,*,#9292,.T.);
#9292 = EDGE_CURVE('',#9293,#9295,#9297,.T.);
#9293 = VERTEX_POINT('',#9294);
#9294 = CARTESIAN_POINT('',(6.6,0.275,0.));
#9295 = VERTEX_POINT('',#9296);
#9296 = CARTESIAN_POINT('',(6.6,0.275,-4.E-02));
#9297 = LINE('',#9298,#9299);
#9298 = CARTESIAN_POINT('',(6.6,0.275,0.));
#9299 = VECTOR('',#9300,1.);
#9300 = DIRECTION('',(0.,0.,-1.));
#9301 = ORIENTED_EDGE('',*,*,#9302,.T.);
#9302 = EDGE_CURVE('',#9295,#9253,#9303,.T.);
#9303 = LINE('',#9304,#9305);
#9304 = CARTESIAN_POINT('',(6.6,0.275,-4.E-02));
#9305 = VECTOR('',#9306,1.);
#9306 = DIRECTION('',(0.,-1.,0.));
#9307 = ORIENTED_EDGE('',*,*,#9250,.F.);
#9308 = ORIENTED_EDGE('',*,*,#9309,.F.);
#9309 = EDGE_CURVE('',#9293,#9251,#9310,.T.);
#9310 = LINE('',#9311,#9312);
#9311 = CARTESIAN_POINT('',(6.6,0.275,0.));
#9312 = VECTOR('',#9313,1.);
#9313 = DIRECTION('',(0.,-1.,0.));
#9314 = PLANE('',#9315);
#9315 = AXIS2_PLACEMENT_3D('',#9316,#9317,#9318);
#9316 = CARTESIAN_POINT('',(6.6,0.275,0.));
#9317 = DIRECTION('',(-1.,-0.,-0.));
#9318 = DIRECTION('',(0.,-1.,0.));
#9319 = ADVANCED_FACE('',(#9320),#9345,.F.);
#9320 = FACE_BOUND('',#9321,.F.);
#9321 = EDGE_LOOP('',(#9322,#9323,#9331,#9339));
#9322 = ORIENTED_EDGE('',*,*,#9269,.T.);
#9323 = ORIENTED_EDGE('',*,*,#9324,.T.);
#9324 = EDGE_CURVE('',#9261,#9325,#9327,.T.);
#9325 = VERTEX_POINT('',#9326);
#9326 = CARTESIAN_POINT('',(5.4,0.275,-4.E-02));
#9327 = LINE('',#9328,#9329);
#9328 = CARTESIAN_POINT('',(5.4,-0.275,-4.E-02));
#9329 = VECTOR('',#9330,1.);
#9330 = DIRECTION('',(0.,1.,0.));
#9331 = ORIENTED_EDGE('',*,*,#9332,.F.);
#9332 = EDGE_CURVE('',#9333,#9325,#9335,.T.);
#9333 = VERTEX_POINT('',#9334);
#9334 = CARTESIAN_POINT('',(5.4,0.275,0.));
#9335 = LINE('',#9336,#9337);
#9336 = CARTESIAN_POINT('',(5.4,0.275,0.));
#9337 = VECTOR('',#9338,1.);
#9338 = DIRECTION('',(0.,0.,-1.));
#9339 = ORIENTED_EDGE('',*,*,#9340,.F.);
#9340 = EDGE_CURVE('',#9270,#9333,#9341,.T.);
#9341 = LINE('',#9342,#9343);
#9342 = CARTESIAN_POINT('',(5.4,-0.275,0.));
#9343 = VECTOR('',#9344,1.);
#9344 = DIRECTION('',(0.,1.,0.));
#9345 = PLANE('',#9346);
#9346 = AXIS2_PLACEMENT_3D('',#9347,#9348,#9349);
#9347 = CARTESIAN_POINT('',(5.4,-0.275,0.));
#9348 = DIRECTION('',(1.,-0.,0.));
#9349 = DIRECTION('',(0.,1.,0.));
#9350 = ADVANCED_FACE('',(#9351,#9363),#9374,.F.);
#9351 = FACE_BOUND('',#9352,.F.);
#9352 = EDGE_LOOP('',(#9353,#9354,#9355,#9362));
#9353 = ORIENTED_EDGE('',*,*,#9277,.T.);
#9354 = ORIENTED_EDGE('',*,*,#9340,.T.);
#9355 = ORIENTED_EDGE('',*,*,#9356,.T.);
#9356 = EDGE_CURVE('',#9333,#9293,#9357,.T.);
#9357 = CIRCLE('',#9358,0.6);
#9358 = AXIS2_PLACEMENT_3D('',#9359,#9360,#9361);
#9359 = CARTESIAN_POINT('',(6.,0.275000617752,0.));
#9360 = DIRECTION('',(0.,0.,-1.));
#9361 = DIRECTION('',(-0.999999999999,-1.02958640132E-06,-0.));
#9362 = ORIENTED_EDGE('',*,*,#9309,.T.);
#9363 = FACE_BOUND('',#9364,.F.);
#9364 = EDGE_LOOP('',(#9365));
#9365 = ORIENTED_EDGE('',*,*,#9366,.F.);
#9366 = EDGE_CURVE('',#9367,#9367,#9369,.T.);
#9367 = VERTEX_POINT('',#9368);
#9368 = CARTESIAN_POINT('',(6.,-0.35,0.));
#9369 = CIRCLE('',#9370,0.35);
#9370 = AXIS2_PLACEMENT_3D('',#9371,#9372,#9373);
#9371 = CARTESIAN_POINT('',(6.,-2.914335439641E-16,0.));
#9372 = DIRECTION('',(-0.,0.,-1.));
#9373 = DIRECTION('',(-0.,-1.,0.));
#9374 = PLANE('',#9375);
#9375 = AXIS2_PLACEMENT_3D('',#9376,#9377,#9378);
#9376 = CARTESIAN_POINT('',(0.,0.,0.));
#9377 = DIRECTION('',(-0.,-0.,-1.));
#9378 = DIRECTION('',(-1.,0.,0.));
#9379 = ADVANCED_FACE('',(#9380,#9392),#9403,.T.);
#9380 = FACE_BOUND('',#9381,.T.);
#9381 = EDGE_LOOP('',(#9382,#9383,#9384,#9391));
#9382 = ORIENTED_EDGE('',*,*,#9260,.T.);
#9383 = ORIENTED_EDGE('',*,*,#9324,.T.);
#9384 = ORIENTED_EDGE('',*,*,#9385,.T.);
#9385 = EDGE_CURVE('',#9325,#9295,#9386,.T.);
#9386 = CIRCLE('',#9387,0.6);
#9387 = AXIS2_PLACEMENT_3D('',#9388,#9389,#9390);
#9388 = CARTESIAN_POINT('',(6.,0.275000617752,-4.E-02));
#9389 = DIRECTION('',(0.,0.,-1.));
#9390 = DIRECTION('',(-0.999999999999,-1.02958640132E-06,-0.));
#9391 = ORIENTED_EDGE('',*,*,#9302,.T.);
#9392 = FACE_BOUND('',#9393,.T.);
#9393 = EDGE_LOOP('',(#9394));
#9394 = ORIENTED_EDGE('',*,*,#9395,.F.);
#9395 = EDGE_CURVE('',#9396,#9396,#9398,.T.);
#9396 = VERTEX_POINT('',#9397);
#9397 = CARTESIAN_POINT('',(6.,-0.35,-4.E-02));
#9398 = CIRCLE('',#9399,0.35);
#9399 = AXIS2_PLACEMENT_3D('',#9400,#9401,#9402);
#9400 = CARTESIAN_POINT('',(6.,-2.914335439641E-16,-4.E-02));
#9401 = DIRECTION('',(-0.,0.,-1.));
#9402 = DIRECTION('',(-0.,-1.,0.));
#9403 = PLANE('',#9404);
#9404 = AXIS2_PLACEMENT_3D('',#9405,#9406,#9407);
#9405 = CARTESIAN_POINT('',(0.,0.,-4.E-02));
#9406 = DIRECTION('',(-0.,-0.,-1.));
#9407 = DIRECTION('',(-1.,0.,0.));
#9408 = ADVANCED_FACE('',(#9409),#9415,.T.);
#9409 = FACE_BOUND('',#9410,.F.);
#9410 = EDGE_LOOP('',(#9411,#9412,#9413,#9414));
#9411 = ORIENTED_EDGE('',*,*,#9332,.T.);
#9412 = ORIENTED_EDGE('',*,*,#9385,.T.);
#9413 = ORIENTED_EDGE('',*,*,#9292,.F.);
#9414 = ORIENTED_EDGE('',*,*,#9356,.F.);
#9415 = CYLINDRICAL_SURFACE('',#9416,0.6);
#9416 = AXIS2_PLACEMENT_3D('',#9417,#9418,#9419);
#9417 = CARTESIAN_POINT('',(6.,0.275000617752,0.));
#9418 = DIRECTION('',(-0.,-0.,1.));
#9419 = DIRECTION('',(-0.999999999999,-1.02958640132E-06,-0.));
#9420 = ADVANCED_FACE('',(#9421),#9432,.F.);
#9421 = FACE_BOUND('',#9422,.T.);
#9422 = EDGE_LOOP('',(#9423,#9424,#9430,#9431));
#9423 = ORIENTED_EDGE('',*,*,#9395,.T.);
#9424 = ORIENTED_EDGE('',*,*,#9425,.T.);
#9425 = EDGE_CURVE('',#9396,#9367,#9426,.T.);
#9426 = LINE('',#9427,#9428);
#9427 = CARTESIAN_POINT('',(6.,-0.35,-4.6E-02));
#9428 = VECTOR('',#9429,1.);
#9429 = DIRECTION('',(0.,0.,1.));
#9430 = ORIENTED_EDGE('',*,*,#9366,.F.);
#9431 = ORIENTED_EDGE('',*,*,#9425,.F.);
#9432 = CYLINDRICAL_SURFACE('',#9433,0.35);
#9433 = AXIS2_PLACEMENT_3D('',#9434,#9435,#9436);
#9434 = CARTESIAN_POINT('',(6.,-2.914335439641E-16,-4.6E-02));
#9435 = DIRECTION('',(-0.,-0.,-1.));
#9436 = DIRECTION('',(-0.,-1.,0.));
#9437 = MANIFOLD_SOLID_BREP('',#9438);
#9438 = CLOSED_SHELL('',(#9439,#9472,#9492,#9512));
#9439 = ADVANCED_FACE('',(#9440),#9467,.T.);
#9440 = FACE_BOUND('',#9441,.F.);
#9441 = EDGE_LOOP('',(#9442,#9452,#9459,#9460));
#9442 = ORIENTED_EDGE('',*,*,#9443,.T.);
#9443 = EDGE_CURVE('',#9444,#9446,#9448,.T.);
#9444 = VERTEX_POINT('',#9445);
#9445 = CARTESIAN_POINT('',(6.,-0.375,-4.E-02));
#9446 = VERTEX_POINT('',#9447);
#9447 = CARTESIAN_POINT('',(6.,-0.375,1.55));
#9448 = LINE('',#9449,#9450);
#9449 = CARTESIAN_POINT('',(6.,-0.375,-4.E-02));
#9450 = VECTOR('',#9451,1.);
#9451 = DIRECTION('',(0.,0.,1.));
#9452 = ORIENTED_EDGE('',*,*,#9453,.T.);
#9453 = EDGE_CURVE('',#9446,#9446,#9454,.T.);
#9454 = CIRCLE('',#9455,0.375);
#9455 = AXIS2_PLACEMENT_3D('',#9456,#9457,#9458);
#9456 = CARTESIAN_POINT('',(6.,6.938893903907E-17,1.55));
#9457 = DIRECTION('',(0.,0.,1.));
#9458 = DIRECTION('',(-0.,-1.,0.));
#9459 = ORIENTED_EDGE('',*,*,#9443,.F.);
#9460 = ORIENTED_EDGE('',*,*,#9461,.F.);
#9461 = EDGE_CURVE('',#9444,#9444,#9462,.T.);
#9462 = CIRCLE('',#9463,0.375);
#9463 = AXIS2_PLACEMENT_3D('',#9464,#9465,#9466);
#9464 = CARTESIAN_POINT('',(6.,6.938893903907E-17,-4.E-02));
#9465 = DIRECTION('',(0.,0.,1.));
#9466 = DIRECTION('',(-0.,-1.,0.));
#9467 = CYLINDRICAL_SURFACE('',#9468,0.375);
#9468 = AXIS2_PLACEMENT_3D('',#9469,#9470,#9471);
#9469 = CARTESIAN_POINT('',(6.,6.938893903907E-17,-4.E-02));
#9470 = DIRECTION('',(-0.,-0.,-1.));
#9471 = DIRECTION('',(-0.,-1.,0.));
#9472 = ADVANCED_FACE('',(#9473,#9476),#9487,.F.);
#9473 = FACE_BOUND('',#9474,.F.);
#9474 = EDGE_LOOP('',(#9475));
#9475 = ORIENTED_EDGE('',*,*,#9461,.T.);
#9476 = FACE_BOUND('',#9477,.F.);
#9477 = EDGE_LOOP('',(#9478));
#9478 = ORIENTED_EDGE('',*,*,#9479,.T.);
#9479 = EDGE_CURVE('',#9480,#9480,#9482,.T.);
#9480 = VERTEX_POINT('',#9481);
#9481 = CARTESIAN_POINT('',(6.,-0.35,-4.E-02));
#9482 = CIRCLE('',#9483,0.35);
#9483 = AXIS2_PLACEMENT_3D('',#9484,#9485,#9486);
#9484 = CARTESIAN_POINT('',(6.,-2.914335439641E-16,-4.E-02));
#9485 = DIRECTION('',(-0.,0.,-1.));
#9486 = DIRECTION('',(-0.,-1.,0.));
#9487 = PLANE('',#9488);
#9488 = AXIS2_PLACEMENT_3D('',#9489,#9490,#9491);
#9489 = CARTESIAN_POINT('',(6.,-0.375,-4.E-02));
#9490 = DIRECTION('',(0.,0.,1.));
#9491 = DIRECTION('',(1.,0.,-0.));
#9492 = ADVANCED_FACE('',(#9493,#9496),#9507,.T.);
#9493 = FACE_BOUND('',#9494,.T.);
#9494 = EDGE_LOOP('',(#9495));
#9495 = ORIENTED_EDGE('',*,*,#9453,.T.);
#9496 = FACE_BOUND('',#9497,.T.);
#9497 = EDGE_LOOP('',(#9498));
#9498 = ORIENTED_EDGE('',*,*,#9499,.T.);
#9499 = EDGE_CURVE('',#9500,#9500,#9502,.T.);
#9500 = VERTEX_POINT('',#9501);
#9501 = CARTESIAN_POINT('',(6.,-0.35,1.55));
#9502 = CIRCLE('',#9503,0.35);
#9503 = AXIS2_PLACEMENT_3D('',#9504,#9505,#9506);
#9504 = CARTESIAN_POINT('',(6.,-2.914335439641E-16,1.55));
#9505 = DIRECTION('',(-0.,0.,-1.));
#9506 = DIRECTION('',(-0.,-1.,0.));
#9507 = PLANE('',#9508);
#9508 = AXIS2_PLACEMENT_3D('',#9509,#9510,#9511);
#9509 = CARTESIAN_POINT('',(6.,-0.375,1.55));
#9510 = DIRECTION('',(0.,0.,1.));
#9511 = DIRECTION('',(1.,0.,-0.));
#9512 = ADVANCED_FACE('',(#9513),#9524,.F.);
#9513 = FACE_BOUND('',#9514,.T.);
#9514 = EDGE_LOOP('',(#9515,#9516,#9522,#9523));
#9515 = ORIENTED_EDGE('',*,*,#9479,.T.);
#9516 = ORIENTED_EDGE('',*,*,#9517,.T.);
#9517 = EDGE_CURVE('',#9480,#9500,#9518,.T.);
#9518 = LINE('',#9519,#9520);
#9519 = CARTESIAN_POINT('',(6.,-0.35,-4.6E-02));
#9520 = VECTOR('',#9521,1.);
#9521 = DIRECTION('',(0.,0.,1.));
#9522 = ORIENTED_EDGE('',*,*,#9499,.F.);
#9523 = ORIENTED_EDGE('',*,*,#9517,.F.);
#9524 = CYLINDRICAL_SURFACE('',#9525,0.35);
#9525 = AXIS2_PLACEMENT_3D('',#9526,#9527,#9528);
#9526 = CARTESIAN_POINT('',(6.,-2.914335439641E-16,-4.6E-02));
#9527 = DIRECTION('',(-0.,-0.,-1.));
#9528 = DIRECTION('',(-0.,-1.,0.));
#9529 = MANIFOLD_SOLID_BREP('',#9530);
#9530 = CLOSED_SHELL('',(#9531,#9573,#9604,#9635,#9664,#9693,#9705));
#9531 = ADVANCED_FACE('',(#9532),#9568,.T.);
#9532 = FACE_BOUND('',#9533,.T.);
#9533 = EDGE_LOOP('',(#9534,#9544,#9553,#9561));
#9534 = ORIENTED_EDGE('',*,*,#9535,.T.);
#9535 = EDGE_CURVE('',#9536,#9538,#9540,.T.);
#9536 = VERTEX_POINT('',#9537);
#9537 = CARTESIAN_POINT('',(8.6,-0.275,1.51));
#9538 = VERTEX_POINT('',#9539);
#9539 = CARTESIAN_POINT('',(8.6,-0.275,1.55));
#9540 = LINE('',#9541,#9542);
#9541 = CARTESIAN_POINT('',(8.6,-0.275,1.51));
#9542 = VECTOR('',#9543,1.);
#9543 = DIRECTION('',(0.,0.,1.));
#9544 = ORIENTED_EDGE('',*,*,#9545,.T.);
#9545 = EDGE_CURVE('',#9538,#9546,#9548,.T.);
#9546 = VERTEX_POINT('',#9547);
#9547 = CARTESIAN_POINT('',(7.4,-0.275,1.55));
#9548 = CIRCLE('',#9549,0.6);
#9549 = AXIS2_PLACEMENT_3D('',#9550,#9551,#9552);
#9550 = CARTESIAN_POINT('',(8.,-0.275000120653,1.55));
#9551 = DIRECTION('',(0.,0.,-1.));
#9552 = DIRECTION('',(1.,2.010883668839E-07,0.));
#9553 = ORIENTED_EDGE('',*,*,#9554,.F.);
#9554 = EDGE_CURVE('',#9555,#9546,#9557,.T.);
#9555 = VERTEX_POINT('',#9556);
#9556 = CARTESIAN_POINT('',(7.4,-0.275,1.51));
#9557 = LINE('',#9558,#9559);
#9558 = CARTESIAN_POINT('',(7.4,-0.275,1.51));
#9559 = VECTOR('',#9560,1.);
#9560 = DIRECTION('',(0.,0.,1.));
#9561 = ORIENTED_EDGE('',*,*,#9562,.F.);
#9562 = EDGE_CURVE('',#9536,#9555,#9563,.T.);
#9563 = CIRCLE('',#9564,0.6);
#9564 = AXIS2_PLACEMENT_3D('',#9565,#9566,#9567);
#9565 = CARTESIAN_POINT('',(8.,-0.275000120653,1.51));
#9566 = DIRECTION('',(0.,0.,-1.));
#9567 = DIRECTION('',(1.,2.010883668839E-07,0.));
#9568 = CYLINDRICAL_SURFACE('',#9569,0.6);
#9569 = AXIS2_PLACEMENT_3D('',#9570,#9571,#9572);
#9570 = CARTESIAN_POINT('',(8.,-0.275000120653,1.51));
#9571 = DIRECTION('',(0.,0.,-1.));
#9572 = DIRECTION('',(1.,2.010883668839E-07,0.));
#9573 = ADVANCED_FACE('',(#9574),#9599,.T.);
#9574 = FACE_BOUND('',#9575,.T.);
#9575 = EDGE_LOOP('',(#9576,#9586,#9592,#9593));
#9576 = ORIENTED_EDGE('',*,*,#9577,.T.);
#9577 = EDGE_CURVE('',#9578,#9580,#9582,.T.);
#9578 = VERTEX_POINT('',#9579);
#9579 = CARTESIAN_POINT('',(8.6,0.275,1.51));
#9580 = VERTEX_POINT('',#9581);
#9581 = CARTESIAN_POINT('',(8.6,0.275,1.55));
#9582 = LINE('',#9583,#9584);
#9583 = CARTESIAN_POINT('',(8.6,0.275,1.51));
#9584 = VECTOR('',#9585,1.);
#9585 = DIRECTION('',(0.,0.,1.));
#9586 = ORIENTED_EDGE('',*,*,#9587,.T.);
#9587 = EDGE_CURVE('',#9580,#9538,#9588,.T.);
#9588 = LINE('',#9589,#9590);
#9589 = CARTESIAN_POINT('',(8.6,0.275,1.55));
#9590 = VECTOR('',#9591,1.);
#9591 = DIRECTION('',(0.,-1.,0.));
#9592 = ORIENTED_EDGE('',*,*,#9535,.F.);
#9593 = ORIENTED_EDGE('',*,*,#9594,.F.);
#9594 = EDGE_CURVE('',#9578,#9536,#9595,.T.);
#9595 = LINE('',#9596,#9597);
#9596 = CARTESIAN_POINT('',(8.6,0.275,1.51));
#9597 = VECTOR('',#9598,1.);
#9598 = DIRECTION('',(0.,-1.,0.));
#9599 = PLANE('',#9600);
#9600 = AXIS2_PLACEMENT_3D('',#9601,#9602,#9603);
#9601 = CARTESIAN_POINT('',(8.6,0.275,1.51));
#9602 = DIRECTION('',(1.,0.,-0.));
#9603 = DIRECTION('',(0.,-1.,0.));
#9604 = ADVANCED_FACE('',(#9605),#9630,.T.);
#9605 = FACE_BOUND('',#9606,.T.);
#9606 = EDGE_LOOP('',(#9607,#9608,#9616,#9624));
#9607 = ORIENTED_EDGE('',*,*,#9554,.T.);
#9608 = ORIENTED_EDGE('',*,*,#9609,.T.);
#9609 = EDGE_CURVE('',#9546,#9610,#9612,.T.);
#9610 = VERTEX_POINT('',#9611);
#9611 = CARTESIAN_POINT('',(7.4,0.275,1.55));
#9612 = LINE('',#9613,#9614);
#9613 = CARTESIAN_POINT('',(7.4,-0.275,1.55));
#9614 = VECTOR('',#9615,1.);
#9615 = DIRECTION('',(0.,1.,0.));
#9616 = ORIENTED_EDGE('',*,*,#9617,.F.);
#9617 = EDGE_CURVE('',#9618,#9610,#9620,.T.);
#9618 = VERTEX_POINT('',#9619);
#9619 = CARTESIAN_POINT('',(7.4,0.275,1.51));
#9620 = LINE('',#9621,#9622);
#9621 = CARTESIAN_POINT('',(7.4,0.275,1.51));
#9622 = VECTOR('',#9623,1.);
#9623 = DIRECTION('',(0.,0.,1.));
#9624 = ORIENTED_EDGE('',*,*,#9625,.F.);
#9625 = EDGE_CURVE('',#9555,#9618,#9626,.T.);
#9626 = LINE('',#9627,#9628);
#9627 = CARTESIAN_POINT('',(7.4,-0.275,1.51));
#9628 = VECTOR('',#9629,1.);
#9629 = DIRECTION('',(0.,1.,0.));
#9630 = PLANE('',#9631);
#9631 = AXIS2_PLACEMENT_3D('',#9632,#9633,#9634);
#9632 = CARTESIAN_POINT('',(7.4,-0.275,1.51));
#9633 = DIRECTION('',(-1.,0.,0.));
#9634 = DIRECTION('',(0.,1.,0.));
#9635 = ADVANCED_FACE('',(#9636,#9648),#9659,.F.);
#9636 = FACE_BOUND('',#9637,.F.);
#9637 = EDGE_LOOP('',(#9638,#9639,#9640,#9647));
#9638 = ORIENTED_EDGE('',*,*,#9562,.F.);
#9639 = ORIENTED_EDGE('',*,*,#9594,.F.);
#9640 = ORIENTED_EDGE('',*,*,#9641,.F.);
#9641 = EDGE_CURVE('',#9618,#9578,#9642,.T.);
#9642 = CIRCLE('',#9643,0.6);
#9643 = AXIS2_PLACEMENT_3D('',#9644,#9645,#9646);
#9644 = CARTESIAN_POINT('',(8.,0.275000617752,1.51));
#9645 = DIRECTION('',(0.,0.,-1.));
#9646 = DIRECTION('',(-0.999999999999,-1.02958640132E-06,-0.));
#9647 = ORIENTED_EDGE('',*,*,#9625,.F.);
#9648 = FACE_BOUND('',#9649,.F.);
#9649 = EDGE_LOOP('',(#9650));
#9650 = ORIENTED_EDGE('',*,*,#9651,.T.);
#9651 = EDGE_CURVE('',#9652,#9652,#9654,.T.);
#9652 = VERTEX_POINT('',#9653);
#9653 = CARTESIAN_POINT('',(8.,-0.35,1.51));
#9654 = CIRCLE('',#9655,0.35);
#9655 = AXIS2_PLACEMENT_3D('',#9656,#9657,#9658);
#9656 = CARTESIAN_POINT('',(8.,5.96744875736E-16,1.51));
#9657 = DIRECTION('',(-0.,0.,-1.));
#9658 = DIRECTION('',(-0.,-1.,0.));
#9659 = PLANE('',#9660);
#9660 = AXIS2_PLACEMENT_3D('',#9661,#9662,#9663);
#9661 = CARTESIAN_POINT('',(0.,0.,1.51));
#9662 = DIRECTION('',(0.,0.,1.));
#9663 = DIRECTION('',(1.,0.,-0.));
#9664 = ADVANCED_FACE('',(#9665,#9677),#9688,.T.);
#9665 = FACE_BOUND('',#9666,.T.);
#9666 = EDGE_LOOP('',(#9667,#9668,#9669,#9676));
#9667 = ORIENTED_EDGE('',*,*,#9545,.F.);
#9668 = ORIENTED_EDGE('',*,*,#9587,.F.);
#9669 = ORIENTED_EDGE('',*,*,#9670,.F.);
#9670 = EDGE_CURVE('',#9610,#9580,#9671,.T.);
#9671 = CIRCLE('',#9672,0.6);
#9672 = AXIS2_PLACEMENT_3D('',#9673,#9674,#9675);
#9673 = CARTESIAN_POINT('',(8.,0.275000617752,1.55));
#9674 = DIRECTION('',(0.,0.,-1.));
#9675 = DIRECTION('',(-0.999999999999,-1.02958640132E-06,-0.));
#9676 = ORIENTED_EDGE('',*,*,#9609,.F.);
#9677 = FACE_BOUND('',#9678,.T.);
#9678 = EDGE_LOOP('',(#9679));
#9679 = ORIENTED_EDGE('',*,*,#9680,.T.);
#9680 = EDGE_CURVE('',#9681,#9681,#9683,.T.);
#9681 = VERTEX_POINT('',#9682);
#9682 = CARTESIAN_POINT('',(8.,-0.35,1.55));
#9683 = CIRCLE('',#9684,0.35);
#9684 = AXIS2_PLACEMENT_3D('',#9685,#9686,#9687);
#9685 = CARTESIAN_POINT('',(8.,5.96744875736E-16,1.55));
#9686 = DIRECTION('',(-0.,0.,-1.));
#9687 = DIRECTION('',(-0.,-1.,0.));
#9688 = PLANE('',#9689);
#9689 = AXIS2_PLACEMENT_3D('',#9690,#9691,#9692);
#9690 = CARTESIAN_POINT('',(0.,0.,1.55));
#9691 = DIRECTION('',(0.,0.,1.));
#9692 = DIRECTION('',(1.,0.,-0.));
#9693 = ADVANCED_FACE('',(#9694),#9700,.T.);
#9694 = FACE_BOUND('',#9695,.T.);
#9695 = EDGE_LOOP('',(#9696,#9697,#9698,#9699));
#9696 = ORIENTED_EDGE('',*,*,#9617,.T.);
#9697 = ORIENTED_EDGE('',*,*,#9670,.T.);
#9698 = ORIENTED_EDGE('',*,*,#9577,.F.);
#9699 = ORIENTED_EDGE('',*,*,#9641,.F.);
#9700 = CYLINDRICAL_SURFACE('',#9701,0.6);
#9701 = AXIS2_PLACEMENT_3D('',#9702,#9703,#9704);
#9702 = CARTESIAN_POINT('',(8.,0.275000617752,1.51));
#9703 = DIRECTION('',(0.,0.,-1.));
#9704 = DIRECTION('',(-0.999999999999,-1.02958640132E-06,-0.));
#9705 = ADVANCED_FACE('',(#9706),#9717,.F.);
#9706 = FACE_BOUND('',#9707,.T.);
#9707 = EDGE_LOOP('',(#9708,#9709,#9715,#9716));
#9708 = ORIENTED_EDGE('',*,*,#9651,.T.);
#9709 = ORIENTED_EDGE('',*,*,#9710,.T.);
#9710 = EDGE_CURVE('',#9652,#9681,#9711,.T.);
#9711 = LINE('',#9712,#9713);
#9712 = CARTESIAN_POINT('',(8.,-0.35,-4.6E-02));
#9713 = VECTOR('',#9714,1.);
#9714 = DIRECTION('',(0.,0.,1.));
#9715 = ORIENTED_EDGE('',*,*,#9680,.F.);
#9716 = ORIENTED_EDGE('',*,*,#9710,.F.);
#9717 = CYLINDRICAL_SURFACE('',#9718,0.35);
#9718 = AXIS2_PLACEMENT_3D('',#9719,#9720,#9721);
#9719 = CARTESIAN_POINT('',(8.,5.96744875736E-16,-4.6E-02));
#9720 = DIRECTION('',(-0.,-0.,-1.));
#9721 = DIRECTION('',(-0.,-1.,0.));
#9722 = MANIFOLD_SOLID_BREP('',#9723);
#9723 = CLOSED_SHELL('',(#9724,#9766,#9797,#9828,#9857,#9886,#9898));
#9724 = ADVANCED_FACE('',(#9725),#9761,.T.);
#9725 = FACE_BOUND('',#9726,.F.);
#9726 = EDGE_LOOP('',(#9727,#9737,#9746,#9754));
#9727 = ORIENTED_EDGE('',*,*,#9728,.T.);
#9728 = EDGE_CURVE('',#9729,#9731,#9733,.T.);
#9729 = VERTEX_POINT('',#9730);
#9730 = CARTESIAN_POINT('',(8.6,-0.275,0.));
#9731 = VERTEX_POINT('',#9732);
#9732 = CARTESIAN_POINT('',(8.6,-0.275,-4.E-02));
#9733 = LINE('',#9734,#9735);
#9734 = CARTESIAN_POINT('',(8.6,-0.275,0.));
#9735 = VECTOR('',#9736,1.);
#9736 = DIRECTION('',(0.,0.,-1.));
#9737 = ORIENTED_EDGE('',*,*,#9738,.T.);
#9738 = EDGE_CURVE('',#9731,#9739,#9741,.T.);
#9739 = VERTEX_POINT('',#9740);
#9740 = CARTESIAN_POINT('',(7.4,-0.275,-4.E-02));
#9741 = CIRCLE('',#9742,0.6);
#9742 = AXIS2_PLACEMENT_3D('',#9743,#9744,#9745);
#9743 = CARTESIAN_POINT('',(8.,-0.275000120653,-4.E-02));
#9744 = DIRECTION('',(0.,0.,-1.));
#9745 = DIRECTION('',(1.,2.010883668839E-07,0.));
#9746 = ORIENTED_EDGE('',*,*,#9747,.F.);
#9747 = EDGE_CURVE('',#9748,#9739,#9750,.T.);
#9748 = VERTEX_POINT('',#9749);
#9749 = CARTESIAN_POINT('',(7.4,-0.275,0.));
#9750 = LINE('',#9751,#9752);
#9751 = CARTESIAN_POINT('',(7.4,-0.275,0.));
#9752 = VECTOR('',#9753,1.);
#9753 = DIRECTION('',(0.,0.,-1.));
#9754 = ORIENTED_EDGE('',*,*,#9755,.F.);
#9755 = EDGE_CURVE('',#9729,#9748,#9756,.T.);
#9756 = CIRCLE('',#9757,0.6);
#9757 = AXIS2_PLACEMENT_3D('',#9758,#9759,#9760);
#9758 = CARTESIAN_POINT('',(8.,-0.275000120653,0.));
#9759 = DIRECTION('',(0.,0.,-1.));
#9760 = DIRECTION('',(1.,2.010883668839E-07,0.));
#9761 = CYLINDRICAL_SURFACE('',#9762,0.6);
#9762 = AXIS2_PLACEMENT_3D('',#9763,#9764,#9765);
#9763 = CARTESIAN_POINT('',(8.,-0.275000120653,0.));
#9764 = DIRECTION('',(-0.,-0.,1.));
#9765 = DIRECTION('',(1.,2.010883668839E-07,0.));
#9766 = ADVANCED_FACE('',(#9767),#9792,.F.);
#9767 = FACE_BOUND('',#9768,.F.);
#9768 = EDGE_LOOP('',(#9769,#9779,#9785,#9786));
#9769 = ORIENTED_EDGE('',*,*,#9770,.T.);
#9770 = EDGE_CURVE('',#9771,#9773,#9775,.T.);
#9771 = VERTEX_POINT('',#9772);
#9772 = CARTESIAN_POINT('',(8.6,0.275,0.));
#9773 = VERTEX_POINT('',#9774);
#9774 = CARTESIAN_POINT('',(8.6,0.275,-4.E-02));
#9775 = LINE('',#9776,#9777);
#9776 = CARTESIAN_POINT('',(8.6,0.275,0.));
#9777 = VECTOR('',#9778,1.);
#9778 = DIRECTION('',(0.,0.,-1.));
#9779 = ORIENTED_EDGE('',*,*,#9780,.T.);
#9780 = EDGE_CURVE('',#9773,#9731,#9781,.T.);
#9781 = LINE('',#9782,#9783);
#9782 = CARTESIAN_POINT('',(8.6,0.275,-4.E-02));
#9783 = VECTOR('',#9784,1.);
#9784 = DIRECTION('',(0.,-1.,0.));
#9785 = ORIENTED_EDGE('',*,*,#9728,.F.);
#9786 = ORIENTED_EDGE('',*,*,#9787,.F.);
#9787 = EDGE_CURVE('',#9771,#9729,#9788,.T.);
#9788 = LINE('',#9789,#9790);
#9789 = CARTESIAN_POINT('',(8.6,0.275,0.));
#9790 = VECTOR('',#9791,1.);
#9791 = DIRECTION('',(0.,-1.,0.));
#9792 = PLANE('',#9793);
#9793 = AXIS2_PLACEMENT_3D('',#9794,#9795,#9796);
#9794 = CARTESIAN_POINT('',(8.6,0.275,0.));
#9795 = DIRECTION('',(-1.,-0.,-0.));
#9796 = DIRECTION('',(0.,-1.,0.));
#9797 = ADVANCED_FACE('',(#9798),#9823,.F.);
#9798 = FACE_BOUND('',#9799,.F.);
#9799 = EDGE_LOOP('',(#9800,#9801,#9809,#9817));
#9800 = ORIENTED_EDGE('',*,*,#9747,.T.);
#9801 = ORIENTED_EDGE('',*,*,#9802,.T.);
#9802 = EDGE_CURVE('',#9739,#9803,#9805,.T.);
#9803 = VERTEX_POINT('',#9804);
#9804 = CARTESIAN_POINT('',(7.4,0.275,-4.E-02));
#9805 = LINE('',#9806,#9807);
#9806 = CARTESIAN_POINT('',(7.4,-0.275,-4.E-02));
#9807 = VECTOR('',#9808,1.);
#9808 = DIRECTION('',(0.,1.,0.));
#9809 = ORIENTED_EDGE('',*,*,#9810,.F.);
#9810 = EDGE_CURVE('',#9811,#9803,#9813,.T.);
#9811 = VERTEX_POINT('',#9812);
#9812 = CARTESIAN_POINT('',(7.4,0.275,0.));
#9813 = LINE('',#9814,#9815);
#9814 = CARTESIAN_POINT('',(7.4,0.275,0.));
#9815 = VECTOR('',#9816,1.);
#9816 = DIRECTION('',(0.,0.,-1.));
#9817 = ORIENTED_EDGE('',*,*,#9818,.F.);
#9818 = EDGE_CURVE('',#9748,#9811,#9819,.T.);
#9819 = LINE('',#9820,#9821);
#9820 = CARTESIAN_POINT('',(7.4,-0.275,0.));
#9821 = VECTOR('',#9822,1.);
#9822 = DIRECTION('',(0.,1.,0.));
#9823 = PLANE('',#9824);
#9824 = AXIS2_PLACEMENT_3D('',#9825,#9826,#9827);
#9825 = CARTESIAN_POINT('',(7.4,-0.275,0.));
#9826 = DIRECTION('',(1.,-0.,0.));
#9827 = DIRECTION('',(0.,1.,0.));
#9828 = ADVANCED_FACE('',(#9829,#9841),#9852,.F.);
#9829 = FACE_BOUND('',#9830,.F.);
#9830 = EDGE_LOOP('',(#9831,#9832,#9833,#9840));
#9831 = ORIENTED_EDGE('',*,*,#9755,.T.);
#9832 = ORIENTED_EDGE('',*,*,#9818,.T.);
#9833 = ORIENTED_EDGE('',*,*,#9834,.T.);
#9834 = EDGE_CURVE('',#9811,#9771,#9835,.T.);
#9835 = CIRCLE('',#9836,0.6);
#9836 = AXIS2_PLACEMENT_3D('',#9837,#9838,#9839);
#9837 = CARTESIAN_POINT('',(8.,0.275000617752,0.));
#9838 = DIRECTION('',(0.,0.,-1.));
#9839 = DIRECTION('',(-0.999999999999,-1.02958640132E-06,-0.));
#9840 = ORIENTED_EDGE('',*,*,#9787,.T.);
#9841 = FACE_BOUND('',#9842,.F.);
#9842 = EDGE_LOOP('',(#9843));
#9843 = ORIENTED_EDGE('',*,*,#9844,.F.);
#9844 = EDGE_CURVE('',#9845,#9845,#9847,.T.);
#9845 = VERTEX_POINT('',#9846);
#9846 = CARTESIAN_POINT('',(8.,-0.35,0.));
#9847 = CIRCLE('',#9848,0.35);
#9848 = AXIS2_PLACEMENT_3D('',#9849,#9850,#9851);
#9849 = CARTESIAN_POINT('',(8.,5.96744875736E-16,0.));
#9850 = DIRECTION('',(-0.,0.,-1.));
#9851 = DIRECTION('',(-0.,-1.,0.));
#9852 = PLANE('',#9853);
#9853 = AXIS2_PLACEMENT_3D('',#9854,#9855,#9856);
#9854 = CARTESIAN_POINT('',(0.,0.,0.));
#9855 = DIRECTION('',(-0.,-0.,-1.));
#9856 = DIRECTION('',(-1.,0.,0.));
#9857 = ADVANCED_FACE('',(#9858,#9870),#9881,.T.);
#9858 = FACE_BOUND('',#9859,.T.);
#9859 = EDGE_LOOP('',(#9860,#9861,#9862,#9869));
#9860 = ORIENTED_EDGE('',*,*,#9738,.T.);
#9861 = ORIENTED_EDGE('',*,*,#9802,.T.);
#9862 = ORIENTED_EDGE('',*,*,#9863,.T.);
#9863 = EDGE_CURVE('',#9803,#9773,#9864,.T.);
#9864 = CIRCLE('',#9865,0.6);
#9865 = AXIS2_PLACEMENT_3D('',#9866,#9867,#9868);
#9866 = CARTESIAN_POINT('',(8.,0.275000617752,-4.E-02));
#9867 = DIRECTION('',(0.,0.,-1.));
#9868 = DIRECTION('',(-0.999999999999,-1.02958640132E-06,-0.));
#9869 = ORIENTED_EDGE('',*,*,#9780,.T.);
#9870 = FACE_BOUND('',#9871,.T.);
#9871 = EDGE_LOOP('',(#9872));
#9872 = ORIENTED_EDGE('',*,*,#9873,.F.);
#9873 = EDGE_CURVE('',#9874,#9874,#9876,.T.);
#9874 = VERTEX_POINT('',#9875);
#9875 = CARTESIAN_POINT('',(8.,-0.35,-4.E-02));
#9876 = CIRCLE('',#9877,0.35);
#9877 = AXIS2_PLACEMENT_3D('',#9878,#9879,#9880);
#9878 = CARTESIAN_POINT('',(8.,5.96744875736E-16,-4.E-02));
#9879 = DIRECTION('',(-0.,0.,-1.));
#9880 = DIRECTION('',(-0.,-1.,0.));
#9881 = PLANE('',#9882);
#9882 = AXIS2_PLACEMENT_3D('',#9883,#9884,#9885);
#9883 = CARTESIAN_POINT('',(0.,0.,-4.E-02));
#9884 = DIRECTION('',(-0.,-0.,-1.));
#9885 = DIRECTION('',(-1.,0.,0.));
#9886 = ADVANCED_FACE('',(#9887),#9893,.T.);
#9887 = FACE_BOUND('',#9888,.F.);
#9888 = EDGE_LOOP('',(#9889,#9890,#9891,#9892));
#9889 = ORIENTED_EDGE('',*,*,#9810,.T.);
#9890 = ORIENTED_EDGE('',*,*,#9863,.T.);
#9891 = ORIENTED_EDGE('',*,*,#9770,.F.);
#9892 = ORIENTED_EDGE('',*,*,#9834,.F.);
#9893 = CYLINDRICAL_SURFACE('',#9894,0.6);
#9894 = AXIS2_PLACEMENT_3D('',#9895,#9896,#9897);
#9895 = CARTESIAN_POINT('',(8.,0.275000617752,0.));
#9896 = DIRECTION('',(-0.,-0.,1.));
#9897 = DIRECTION('',(-0.999999999999,-1.02958640132E-06,-0.));
#9898 = ADVANCED_FACE('',(#9899),#9910,.F.);
#9899 = FACE_BOUND('',#9900,.T.);
#9900 = EDGE_LOOP('',(#9901,#9902,#9908,#9909));
#9901 = ORIENTED_EDGE('',*,*,#9873,.T.);
#9902 = ORIENTED_EDGE('',*,*,#9903,.T.);
#9903 = EDGE_CURVE('',#9874,#9845,#9904,.T.);
#9904 = LINE('',#9905,#9906);
#9905 = CARTESIAN_POINT('',(8.,-0.35,-4.6E-02));
#9906 = VECTOR('',#9907,1.);
#9907 = DIRECTION('',(0.,0.,1.));
#9908 = ORIENTED_EDGE('',*,*,#9844,.F.);
#9909 = ORIENTED_EDGE('',*,*,#9903,.F.);
#9910 = CYLINDRICAL_SURFACE('',#9911,0.35);
#9911 = AXIS2_PLACEMENT_3D('',#9912,#9913,#9914);
#9912 = CARTESIAN_POINT('',(8.,5.96744875736E-16,-4.6E-02));
#9913 = DIRECTION('',(-0.,-0.,-1.));
#9914 = DIRECTION('',(-0.,-1.,0.));
#9915 = MANIFOLD_SOLID_BREP('',#9916);
#9916 = CLOSED_SHELL('',(#9917,#9950,#9970,#9990));
#9917 = ADVANCED_FACE('',(#9918),#9945,.T.);
#9918 = FACE_BOUND('',#9919,.F.);
#9919 = EDGE_LOOP('',(#9920,#9930,#9937,#9938));
#9920 = ORIENTED_EDGE('',*,*,#9921,.T.);
#9921 = EDGE_CURVE('',#9922,#9924,#9926,.T.);
#9922 = VERTEX_POINT('',#9923);
#9923 = CARTESIAN_POINT('',(8.,-0.375,-4.E-02));
#9924 = VERTEX_POINT('',#9925);
#9925 = CARTESIAN_POINT('',(8.,-0.375,1.55));
#9926 = LINE('',#9927,#9928);
#9927 = CARTESIAN_POINT('',(8.,-0.375,-4.E-02));
#9928 = VECTOR('',#9929,1.);
#9929 = DIRECTION('',(0.,0.,1.));
#9930 = ORIENTED_EDGE('',*,*,#9931,.T.);
#9931 = EDGE_CURVE('',#9924,#9924,#9932,.T.);
#9932 = CIRCLE('',#9933,0.375);
#9933 = AXIS2_PLACEMENT_3D('',#9934,#9935,#9936);
#9934 = CARTESIAN_POINT('',(8.,6.938893903907E-17,1.55));
#9935 = DIRECTION('',(0.,0.,1.));
#9936 = DIRECTION('',(-0.,-1.,0.));
#9937 = ORIENTED_EDGE('',*,*,#9921,.F.);
#9938 = ORIENTED_EDGE('',*,*,#9939,.F.);
#9939 = EDGE_CURVE('',#9922,#9922,#9940,.T.);
#9940 = CIRCLE('',#9941,0.375);
#9941 = AXIS2_PLACEMENT_3D('',#9942,#9943,#9944);
#9942 = CARTESIAN_POINT('',(8.,6.938893903907E-17,-4.E-02));
#9943 = DIRECTION('',(0.,0.,1.));
#9944 = DIRECTION('',(-0.,-1.,0.));
#9945 = CYLINDRICAL_SURFACE('',#9946,0.375);
#9946 = AXIS2_PLACEMENT_3D('',#9947,#9948,#9949);
#9947 = CARTESIAN_POINT('',(8.,6.938893903907E-17,-4.E-02));
#9948 = DIRECTION('',(-0.,-0.,-1.));
#9949 = DIRECTION('',(-0.,-1.,0.));
#9950 = ADVANCED_FACE('',(#9951,#9954),#9965,.F.);
#9951 = FACE_BOUND('',#9952,.F.);
#9952 = EDGE_LOOP('',(#9953));
#9953 = ORIENTED_EDGE('',*,*,#9939,.T.);
#9954 = FACE_BOUND('',#9955,.F.);
#9955 = EDGE_LOOP('',(#9956));
#9956 = ORIENTED_EDGE('',*,*,#9957,.T.);
#9957 = EDGE_CURVE('',#9958,#9958,#9960,.T.);
#9958 = VERTEX_POINT('',#9959);
#9959 = CARTESIAN_POINT('',(8.,-0.35,-4.E-02));
#9960 = CIRCLE('',#9961,0.35);
#9961 = AXIS2_PLACEMENT_3D('',#9962,#9963,#9964);
#9962 = CARTESIAN_POINT('',(8.,5.96744875736E-16,-4.E-02));
#9963 = DIRECTION('',(-0.,0.,-1.));
#9964 = DIRECTION('',(-0.,-1.,0.));
#9965 = PLANE('',#9966);
#9966 = AXIS2_PLACEMENT_3D('',#9967,#9968,#9969);
#9967 = CARTESIAN_POINT('',(8.,-0.375,-4.E-02));
#9968 = DIRECTION('',(0.,0.,1.));
#9969 = DIRECTION('',(1.,0.,-0.));
#9970 = ADVANCED_FACE('',(#9971,#9974),#9985,.T.);
#9971 = FACE_BOUND('',#9972,.T.);
#9972 = EDGE_LOOP('',(#9973));
#9973 = ORIENTED_EDGE('',*,*,#9931,.T.);
#9974 = FACE_BOUND('',#9975,.T.);
#9975 = EDGE_LOOP('',(#9976));
#9976 = ORIENTED_EDGE('',*,*,#9977,.T.);
#9977 = EDGE_CURVE('',#9978,#9978,#9980,.T.);
#9978 = VERTEX_POINT('',#9979);
#9979 = CARTESIAN_POINT('',(8.,-0.35,1.55));
#9980 = CIRCLE('',#9981,0.35);
#9981 = AXIS2_PLACEMENT_3D('',#9982,#9983,#9984);
#9982 = CARTESIAN_POINT('',(8.,5.96744875736E-16,1.55));
#9983 = DIRECTION('',(-0.,0.,-1.));
#9984 = DIRECTION('',(-0.,-1.,0.));
#9985 = PLANE('',#9986);
#9986 = AXIS2_PLACEMENT_3D('',#9987,#9988,#9989);
#9987 = CARTESIAN_POINT('',(8.,-0.375,1.55));
#9988 = DIRECTION('',(0.,0.,1.));
#9989 = DIRECTION('',(1.,0.,-0.));
#9990 = ADVANCED_FACE('',(#9991),#10002,.F.);
#9991 = FACE_BOUND('',#9992,.T.);
#9992 = EDGE_LOOP('',(#9993,#9994,#10000,#10001));
#9993 = ORIENTED_EDGE('',*,*,#9957,.T.);
#9994 = ORIENTED_EDGE('',*,*,#9995,.T.);
#9995 = EDGE_CURVE('',#9958,#9978,#9996,.T.);
#9996 = LINE('',#9997,#9998);
#9997 = CARTESIAN_POINT('',(8.,-0.35,-4.6E-02));
#9998 = VECTOR('',#9999,1.);
#9999 = DIRECTION('',(0.,0.,1.));
#10000 = ORIENTED_EDGE('',*,*,#9977,.F.);
#10001 = ORIENTED_EDGE('',*,*,#9995,.F.);
#10002 = CYLINDRICAL_SURFACE('',#10003,0.35);
#10003 = AXIS2_PLACEMENT_3D('',#10004,#10005,#10006);
#10004 = CARTESIAN_POINT('',(8.,5.96744875736E-16,-4.6E-02));
#10005 = DIRECTION('',(-0.,-0.,-1.));
#10006 = DIRECTION('',(-0.,-1.,0.));
#10007 = MANIFOLD_SOLID_BREP('',#10008);
#10008 = CLOSED_SHELL('',(#10009,#10051,#10082,#10113,#10142,#10171,
    #10183));
#10009 = ADVANCED_FACE('',(#10010),#10046,.T.);
#10010 = FACE_BOUND('',#10011,.T.);
#10011 = EDGE_LOOP('',(#10012,#10022,#10031,#10039));
#10012 = ORIENTED_EDGE('',*,*,#10013,.T.);
#10013 = EDGE_CURVE('',#10014,#10016,#10018,.T.);
#10014 = VERTEX_POINT('',#10015);
#10015 = CARTESIAN_POINT('',(10.6,-0.275,1.51));
#10016 = VERTEX_POINT('',#10017);
#10017 = CARTESIAN_POINT('',(10.6,-0.275,1.55));
#10018 = LINE('',#10019,#10020);
#10019 = CARTESIAN_POINT('',(10.6,-0.275,1.51));
#10020 = VECTOR('',#10021,1.);
#10021 = DIRECTION('',(0.,0.,1.));
#10022 = ORIENTED_EDGE('',*,*,#10023,.T.);
#10023 = EDGE_CURVE('',#10016,#10024,#10026,.T.);
#10024 = VERTEX_POINT('',#10025);
#10025 = CARTESIAN_POINT('',(9.4,-0.275,1.55));
#10026 = CIRCLE('',#10027,0.6);
#10027 = AXIS2_PLACEMENT_3D('',#10028,#10029,#10030);
#10028 = CARTESIAN_POINT('',(10.,-0.275000120653,1.55));
#10029 = DIRECTION('',(0.,0.,-1.));
#10030 = DIRECTION('',(1.,2.010883668839E-07,0.));
#10031 = ORIENTED_EDGE('',*,*,#10032,.F.);
#10032 = EDGE_CURVE('',#10033,#10024,#10035,.T.);
#10033 = VERTEX_POINT('',#10034);
#10034 = CARTESIAN_POINT('',(9.4,-0.275,1.51));
#10035 = LINE('',#10036,#10037);
#10036 = CARTESIAN_POINT('',(9.4,-0.275,1.51));
#10037 = VECTOR('',#10038,1.);
#10038 = DIRECTION('',(0.,0.,1.));
#10039 = ORIENTED_EDGE('',*,*,#10040,.F.);
#10040 = EDGE_CURVE('',#10014,#10033,#10041,.T.);
#10041 = CIRCLE('',#10042,0.6);
#10042 = AXIS2_PLACEMENT_3D('',#10043,#10044,#10045);
#10043 = CARTESIAN_POINT('',(10.,-0.275000120653,1.51));
#10044 = DIRECTION('',(0.,0.,-1.));
#10045 = DIRECTION('',(1.,2.010883668839E-07,0.));
#10046 = CYLINDRICAL_SURFACE('',#10047,0.6);
#10047 = AXIS2_PLACEMENT_3D('',#10048,#10049,#10050);
#10048 = CARTESIAN_POINT('',(10.,-0.275000120653,1.51));
#10049 = DIRECTION('',(0.,0.,-1.));
#10050 = DIRECTION('',(1.,2.010883668839E-07,0.));
#10051 = ADVANCED_FACE('',(#10052),#10077,.T.);
#10052 = FACE_BOUND('',#10053,.T.);
#10053 = EDGE_LOOP('',(#10054,#10064,#10070,#10071));
#10054 = ORIENTED_EDGE('',*,*,#10055,.T.);
#10055 = EDGE_CURVE('',#10056,#10058,#10060,.T.);
#10056 = VERTEX_POINT('',#10057);
#10057 = CARTESIAN_POINT('',(10.6,0.275,1.51));
#10058 = VERTEX_POINT('',#10059);
#10059 = CARTESIAN_POINT('',(10.6,0.275,1.55));
#10060 = LINE('',#10061,#10062);
#10061 = CARTESIAN_POINT('',(10.6,0.275,1.51));
#10062 = VECTOR('',#10063,1.);
#10063 = DIRECTION('',(0.,0.,1.));
#10064 = ORIENTED_EDGE('',*,*,#10065,.T.);
#10065 = EDGE_CURVE('',#10058,#10016,#10066,.T.);
#10066 = LINE('',#10067,#10068);
#10067 = CARTESIAN_POINT('',(10.6,0.275,1.55));
#10068 = VECTOR('',#10069,1.);
#10069 = DIRECTION('',(0.,-1.,0.));
#10070 = ORIENTED_EDGE('',*,*,#10013,.F.);
#10071 = ORIENTED_EDGE('',*,*,#10072,.F.);
#10072 = EDGE_CURVE('',#10056,#10014,#10073,.T.);
#10073 = LINE('',#10074,#10075);
#10074 = CARTESIAN_POINT('',(10.6,0.275,1.51));
#10075 = VECTOR('',#10076,1.);
#10076 = DIRECTION('',(0.,-1.,0.));
#10077 = PLANE('',#10078);
#10078 = AXIS2_PLACEMENT_3D('',#10079,#10080,#10081);
#10079 = CARTESIAN_POINT('',(10.6,0.275,1.51));
#10080 = DIRECTION('',(1.,0.,-0.));
#10081 = DIRECTION('',(0.,-1.,0.));
#10082 = ADVANCED_FACE('',(#10083),#10108,.T.);
#10083 = FACE_BOUND('',#10084,.T.);
#10084 = EDGE_LOOP('',(#10085,#10086,#10094,#10102));
#10085 = ORIENTED_EDGE('',*,*,#10032,.T.);
#10086 = ORIENTED_EDGE('',*,*,#10087,.T.);
#10087 = EDGE_CURVE('',#10024,#10088,#10090,.T.);
#10088 = VERTEX_POINT('',#10089);
#10089 = CARTESIAN_POINT('',(9.4,0.275,1.55));
#10090 = LINE('',#10091,#10092);
#10091 = CARTESIAN_POINT('',(9.4,-0.275,1.55));
#10092 = VECTOR('',#10093,1.);
#10093 = DIRECTION('',(0.,1.,0.));
#10094 = ORIENTED_EDGE('',*,*,#10095,.F.);
#10095 = EDGE_CURVE('',#10096,#10088,#10098,.T.);
#10096 = VERTEX_POINT('',#10097);
#10097 = CARTESIAN_POINT('',(9.4,0.275,1.51));
#10098 = LINE('',#10099,#10100);
#10099 = CARTESIAN_POINT('',(9.4,0.275,1.51));
#10100 = VECTOR('',#10101,1.);
#10101 = DIRECTION('',(0.,0.,1.));
#10102 = ORIENTED_EDGE('',*,*,#10103,.F.);
#10103 = EDGE_CURVE('',#10033,#10096,#10104,.T.);
#10104 = LINE('',#10105,#10106);
#10105 = CARTESIAN_POINT('',(9.4,-0.275,1.51));
#10106 = VECTOR('',#10107,1.);
#10107 = DIRECTION('',(0.,1.,0.));
#10108 = PLANE('',#10109);
#10109 = AXIS2_PLACEMENT_3D('',#10110,#10111,#10112);
#10110 = CARTESIAN_POINT('',(9.4,-0.275,1.51));
#10111 = DIRECTION('',(-1.,0.,0.));
#10112 = DIRECTION('',(0.,1.,0.));
#10113 = ADVANCED_FACE('',(#10114,#10126),#10137,.F.);
#10114 = FACE_BOUND('',#10115,.F.);
#10115 = EDGE_LOOP('',(#10116,#10117,#10118,#10125));
#10116 = ORIENTED_EDGE('',*,*,#10040,.F.);
#10117 = ORIENTED_EDGE('',*,*,#10072,.F.);
#10118 = ORIENTED_EDGE('',*,*,#10119,.F.);
#10119 = EDGE_CURVE('',#10096,#10056,#10120,.T.);
#10120 = CIRCLE('',#10121,0.6);
#10121 = AXIS2_PLACEMENT_3D('',#10122,#10123,#10124);
#10122 = CARTESIAN_POINT('',(10.,0.275000617752,1.51));
#10123 = DIRECTION('',(0.,0.,-1.));
#10124 = DIRECTION('',(-0.999999999999,-1.02958640132E-06,-0.));
#10125 = ORIENTED_EDGE('',*,*,#10103,.F.);
#10126 = FACE_BOUND('',#10127,.F.);
#10127 = EDGE_LOOP('',(#10128));
#10128 = ORIENTED_EDGE('',*,*,#10129,.T.);
#10129 = EDGE_CURVE('',#10130,#10130,#10132,.T.);
#10130 = VERTEX_POINT('',#10131);
#10131 = CARTESIAN_POINT('',(10.,-0.35,1.51));
#10132 = CIRCLE('',#10133,0.35);
#10133 = AXIS2_PLACEMENT_3D('',#10134,#10135,#10136);
#10134 = CARTESIAN_POINT('',(10.,5.96744875736E-16,1.51));
#10135 = DIRECTION('',(-0.,0.,-1.));
#10136 = DIRECTION('',(-0.,-1.,0.));
#10137 = PLANE('',#10138);
#10138 = AXIS2_PLACEMENT_3D('',#10139,#10140,#10141);
#10139 = CARTESIAN_POINT('',(0.,0.,1.51));
#10140 = DIRECTION('',(0.,0.,1.));
#10141 = DIRECTION('',(1.,0.,-0.));
#10142 = ADVANCED_FACE('',(#10143,#10155),#10166,.T.);
#10143 = FACE_BOUND('',#10144,.T.);
#10144 = EDGE_LOOP('',(#10145,#10146,#10147,#10154));
#10145 = ORIENTED_EDGE('',*,*,#10023,.F.);
#10146 = ORIENTED_EDGE('',*,*,#10065,.F.);
#10147 = ORIENTED_EDGE('',*,*,#10148,.F.);
#10148 = EDGE_CURVE('',#10088,#10058,#10149,.T.);
#10149 = CIRCLE('',#10150,0.6);
#10150 = AXIS2_PLACEMENT_3D('',#10151,#10152,#10153);
#10151 = CARTESIAN_POINT('',(10.,0.275000617752,1.55));
#10152 = DIRECTION('',(0.,0.,-1.));
#10153 = DIRECTION('',(-0.999999999999,-1.02958640132E-06,-0.));
#10154 = ORIENTED_EDGE('',*,*,#10087,.F.);
#10155 = FACE_BOUND('',#10156,.T.);
#10156 = EDGE_LOOP('',(#10157));
#10157 = ORIENTED_EDGE('',*,*,#10158,.T.);
#10158 = EDGE_CURVE('',#10159,#10159,#10161,.T.);
#10159 = VERTEX_POINT('',#10160);
#10160 = CARTESIAN_POINT('',(10.,-0.35,1.55));
#10161 = CIRCLE('',#10162,0.35);
#10162 = AXIS2_PLACEMENT_3D('',#10163,#10164,#10165);
#10163 = CARTESIAN_POINT('',(10.,5.96744875736E-16,1.55));
#10164 = DIRECTION('',(-0.,0.,-1.));
#10165 = DIRECTION('',(-0.,-1.,0.));
#10166 = PLANE('',#10167);
#10167 = AXIS2_PLACEMENT_3D('',#10168,#10169,#10170);
#10168 = CARTESIAN_POINT('',(0.,0.,1.55));
#10169 = DIRECTION('',(0.,0.,1.));
#10170 = DIRECTION('',(1.,0.,-0.));
#10171 = ADVANCED_FACE('',(#10172),#10178,.T.);
#10172 = FACE_BOUND('',#10173,.T.);
#10173 = EDGE_LOOP('',(#10174,#10175,#10176,#10177));
#10174 = ORIENTED_EDGE('',*,*,#10095,.T.);
#10175 = ORIENTED_EDGE('',*,*,#10148,.T.);
#10176 = ORIENTED_EDGE('',*,*,#10055,.F.);
#10177 = ORIENTED_EDGE('',*,*,#10119,.F.);
#10178 = CYLINDRICAL_SURFACE('',#10179,0.6);
#10179 = AXIS2_PLACEMENT_3D('',#10180,#10181,#10182);
#10180 = CARTESIAN_POINT('',(10.,0.275000617752,1.51));
#10181 = DIRECTION('',(0.,0.,-1.));
#10182 = DIRECTION('',(-0.999999999999,-1.02958640132E-06,-0.));
#10183 = ADVANCED_FACE('',(#10184),#10195,.F.);
#10184 = FACE_BOUND('',#10185,.T.);
#10185 = EDGE_LOOP('',(#10186,#10187,#10193,#10194));
#10186 = ORIENTED_EDGE('',*,*,#10129,.T.);
#10187 = ORIENTED_EDGE('',*,*,#10188,.T.);
#10188 = EDGE_CURVE('',#10130,#10159,#10189,.T.);
#10189 = LINE('',#10190,#10191);
#10190 = CARTESIAN_POINT('',(10.,-0.35,-4.6E-02));
#10191 = VECTOR('',#10192,1.);
#10192 = DIRECTION('',(0.,0.,1.));
#10193 = ORIENTED_EDGE('',*,*,#10158,.F.);
#10194 = ORIENTED_EDGE('',*,*,#10188,.F.);
#10195 = CYLINDRICAL_SURFACE('',#10196,0.35);
#10196 = AXIS2_PLACEMENT_3D('',#10197,#10198,#10199);
#10197 = CARTESIAN_POINT('',(10.,5.96744875736E-16,-4.6E-02));
#10198 = DIRECTION('',(-0.,-0.,-1.));
#10199 = DIRECTION('',(-0.,-1.,0.));
#10200 = MANIFOLD_SOLID_BREP('',#10201);
#10201 = CLOSED_SHELL('',(#10202,#10244,#10275,#10306,#10335,#10364,
    #10376));
#10202 = ADVANCED_FACE('',(#10203),#10239,.T.);
#10203 = FACE_BOUND('',#10204,.F.);
#10204 = EDGE_LOOP('',(#10205,#10215,#10224,#10232));
#10205 = ORIENTED_EDGE('',*,*,#10206,.T.);
#10206 = EDGE_CURVE('',#10207,#10209,#10211,.T.);
#10207 = VERTEX_POINT('',#10208);
#10208 = CARTESIAN_POINT('',(10.6,-0.275,0.));
#10209 = VERTEX_POINT('',#10210);
#10210 = CARTESIAN_POINT('',(10.6,-0.275,-4.E-02));
#10211 = LINE('',#10212,#10213);
#10212 = CARTESIAN_POINT('',(10.6,-0.275,0.));
#10213 = VECTOR('',#10214,1.);
#10214 = DIRECTION('',(0.,0.,-1.));
#10215 = ORIENTED_EDGE('',*,*,#10216,.T.);
#10216 = EDGE_CURVE('',#10209,#10217,#10219,.T.);
#10217 = VERTEX_POINT('',#10218);
#10218 = CARTESIAN_POINT('',(9.4,-0.275,-4.E-02));
#10219 = CIRCLE('',#10220,0.6);
#10220 = AXIS2_PLACEMENT_3D('',#10221,#10222,#10223);
#10221 = CARTESIAN_POINT('',(10.,-0.275000120653,-4.E-02));
#10222 = DIRECTION('',(0.,0.,-1.));
#10223 = DIRECTION('',(1.,2.010883668839E-07,0.));
#10224 = ORIENTED_EDGE('',*,*,#10225,.F.);
#10225 = EDGE_CURVE('',#10226,#10217,#10228,.T.);
#10226 = VERTEX_POINT('',#10227);
#10227 = CARTESIAN_POINT('',(9.4,-0.275,0.));
#10228 = LINE('',#10229,#10230);
#10229 = CARTESIAN_POINT('',(9.4,-0.275,0.));
#10230 = VECTOR('',#10231,1.);
#10231 = DIRECTION('',(0.,0.,-1.));
#10232 = ORIENTED_EDGE('',*,*,#10233,.F.);
#10233 = EDGE_CURVE('',#10207,#10226,#10234,.T.);
#10234 = CIRCLE('',#10235,0.6);
#10235 = AXIS2_PLACEMENT_3D('',#10236,#10237,#10238);
#10236 = CARTESIAN_POINT('',(10.,-0.275000120653,0.));
#10237 = DIRECTION('',(0.,0.,-1.));
#10238 = DIRECTION('',(1.,2.010883668839E-07,0.));
#10239 = CYLINDRICAL_SURFACE('',#10240,0.6);
#10240 = AXIS2_PLACEMENT_3D('',#10241,#10242,#10243);
#10241 = CARTESIAN_POINT('',(10.,-0.275000120653,0.));
#10242 = DIRECTION('',(-0.,-0.,1.));
#10243 = DIRECTION('',(1.,2.010883668839E-07,0.));
#10244 = ADVANCED_FACE('',(#10245),#10270,.F.);
#10245 = FACE_BOUND('',#10246,.F.);
#10246 = EDGE_LOOP('',(#10247,#10257,#10263,#10264));
#10247 = ORIENTED_EDGE('',*,*,#10248,.T.);
#10248 = EDGE_CURVE('',#10249,#10251,#10253,.T.);
#10249 = VERTEX_POINT('',#10250);
#10250 = CARTESIAN_POINT('',(10.6,0.275,0.));
#10251 = VERTEX_POINT('',#10252);
#10252 = CARTESIAN_POINT('',(10.6,0.275,-4.E-02));
#10253 = LINE('',#10254,#10255);
#10254 = CARTESIAN_POINT('',(10.6,0.275,0.));
#10255 = VECTOR('',#10256,1.);
#10256 = DIRECTION('',(0.,0.,-1.));
#10257 = ORIENTED_EDGE('',*,*,#10258,.T.);
#10258 = EDGE_CURVE('',#10251,#10209,#10259,.T.);
#10259 = LINE('',#10260,#10261);
#10260 = CARTESIAN_POINT('',(10.6,0.275,-4.E-02));
#10261 = VECTOR('',#10262,1.);
#10262 = DIRECTION('',(0.,-1.,0.));
#10263 = ORIENTED_EDGE('',*,*,#10206,.F.);
#10264 = ORIENTED_EDGE('',*,*,#10265,.F.);
#10265 = EDGE_CURVE('',#10249,#10207,#10266,.T.);
#10266 = LINE('',#10267,#10268);
#10267 = CARTESIAN_POINT('',(10.6,0.275,0.));
#10268 = VECTOR('',#10269,1.);
#10269 = DIRECTION('',(0.,-1.,0.));
#10270 = PLANE('',#10271);
#10271 = AXIS2_PLACEMENT_3D('',#10272,#10273,#10274);
#10272 = CARTESIAN_POINT('',(10.6,0.275,0.));
#10273 = DIRECTION('',(-1.,-0.,-0.));
#10274 = DIRECTION('',(0.,-1.,0.));
#10275 = ADVANCED_FACE('',(#10276),#10301,.F.);
#10276 = FACE_BOUND('',#10277,.F.);
#10277 = EDGE_LOOP('',(#10278,#10279,#10287,#10295));
#10278 = ORIENTED_EDGE('',*,*,#10225,.T.);
#10279 = ORIENTED_EDGE('',*,*,#10280,.T.);
#10280 = EDGE_CURVE('',#10217,#10281,#10283,.T.);
#10281 = VERTEX_POINT('',#10282);
#10282 = CARTESIAN_POINT('',(9.4,0.275,-4.E-02));
#10283 = LINE('',#10284,#10285);
#10284 = CARTESIAN_POINT('',(9.4,-0.275,-4.E-02));
#10285 = VECTOR('',#10286,1.);
#10286 = DIRECTION('',(0.,1.,0.));
#10287 = ORIENTED_EDGE('',*,*,#10288,.F.);
#10288 = EDGE_CURVE('',#10289,#10281,#10291,.T.);
#10289 = VERTEX_POINT('',#10290);
#10290 = CARTESIAN_POINT('',(9.4,0.275,0.));
#10291 = LINE('',#10292,#10293);
#10292 = CARTESIAN_POINT('',(9.4,0.275,0.));
#10293 = VECTOR('',#10294,1.);
#10294 = DIRECTION('',(0.,0.,-1.));
#10295 = ORIENTED_EDGE('',*,*,#10296,.F.);
#10296 = EDGE_CURVE('',#10226,#10289,#10297,.T.);
#10297 = LINE('',#10298,#10299);
#10298 = CARTESIAN_POINT('',(9.4,-0.275,0.));
#10299 = VECTOR('',#10300,1.);
#10300 = DIRECTION('',(0.,1.,0.));
#10301 = PLANE('',#10302);
#10302 = AXIS2_PLACEMENT_3D('',#10303,#10304,#10305);
#10303 = CARTESIAN_POINT('',(9.4,-0.275,0.));
#10304 = DIRECTION('',(1.,-0.,0.));
#10305 = DIRECTION('',(0.,1.,0.));
#10306 = ADVANCED_FACE('',(#10307,#10319),#10330,.F.);
#10307 = FACE_BOUND('',#10308,.F.);
#10308 = EDGE_LOOP('',(#10309,#10310,#10311,#10318));
#10309 = ORIENTED_EDGE('',*,*,#10233,.T.);
#10310 = ORIENTED_EDGE('',*,*,#10296,.T.);
#10311 = ORIENTED_EDGE('',*,*,#10312,.T.);
#10312 = EDGE_CURVE('',#10289,#10249,#10313,.T.);
#10313 = CIRCLE('',#10314,0.6);
#10314 = AXIS2_PLACEMENT_3D('',#10315,#10316,#10317);
#10315 = CARTESIAN_POINT('',(10.,0.275000617752,0.));
#10316 = DIRECTION('',(0.,0.,-1.));
#10317 = DIRECTION('',(-0.999999999999,-1.02958640132E-06,-0.));
#10318 = ORIENTED_EDGE('',*,*,#10265,.T.);
#10319 = FACE_BOUND('',#10320,.F.);
#10320 = EDGE_LOOP('',(#10321));
#10321 = ORIENTED_EDGE('',*,*,#10322,.F.);
#10322 = EDGE_CURVE('',#10323,#10323,#10325,.T.);
#10323 = VERTEX_POINT('',#10324);
#10324 = CARTESIAN_POINT('',(10.,-0.35,0.));
#10325 = CIRCLE('',#10326,0.35);
#10326 = AXIS2_PLACEMENT_3D('',#10327,#10328,#10329);
#10327 = CARTESIAN_POINT('',(10.,5.96744875736E-16,0.));
#10328 = DIRECTION('',(-0.,0.,-1.));
#10329 = DIRECTION('',(-0.,-1.,0.));
#10330 = PLANE('',#10331);
#10331 = AXIS2_PLACEMENT_3D('',#10332,#10333,#10334);
#10332 = CARTESIAN_POINT('',(0.,0.,0.));
#10333 = DIRECTION('',(-0.,-0.,-1.));
#10334 = DIRECTION('',(-1.,0.,0.));
#10335 = ADVANCED_FACE('',(#10336,#10348),#10359,.T.);
#10336 = FACE_BOUND('',#10337,.T.);
#10337 = EDGE_LOOP('',(#10338,#10339,#10340,#10347));
#10338 = ORIENTED_EDGE('',*,*,#10216,.T.);
#10339 = ORIENTED_EDGE('',*,*,#10280,.T.);
#10340 = ORIENTED_EDGE('',*,*,#10341,.T.);
#10341 = EDGE_CURVE('',#10281,#10251,#10342,.T.);
#10342 = CIRCLE('',#10343,0.6);
#10343 = AXIS2_PLACEMENT_3D('',#10344,#10345,#10346);
#10344 = CARTESIAN_POINT('',(10.,0.275000617752,-4.E-02));
#10345 = DIRECTION('',(0.,0.,-1.));
#10346 = DIRECTION('',(-0.999999999999,-1.02958640132E-06,-0.));
#10347 = ORIENTED_EDGE('',*,*,#10258,.T.);
#10348 = FACE_BOUND('',#10349,.T.);
#10349 = EDGE_LOOP('',(#10350));
#10350 = ORIENTED_EDGE('',*,*,#10351,.F.);
#10351 = EDGE_CURVE('',#10352,#10352,#10354,.T.);
#10352 = VERTEX_POINT('',#10353);
#10353 = CARTESIAN_POINT('',(10.,-0.35,-4.E-02));
#10354 = CIRCLE('',#10355,0.35);
#10355 = AXIS2_PLACEMENT_3D('',#10356,#10357,#10358);
#10356 = CARTESIAN_POINT('',(10.,5.96744875736E-16,-4.E-02));
#10357 = DIRECTION('',(-0.,0.,-1.));
#10358 = DIRECTION('',(-0.,-1.,0.));
#10359 = PLANE('',#10360);
#10360 = AXIS2_PLACEMENT_3D('',#10361,#10362,#10363);
#10361 = CARTESIAN_POINT('',(0.,0.,-4.E-02));
#10362 = DIRECTION('',(-0.,-0.,-1.));
#10363 = DIRECTION('',(-1.,0.,0.));
#10364 = ADVANCED_FACE('',(#10365),#10371,.T.);
#10365 = FACE_BOUND('',#10366,.F.);
#10366 = EDGE_LOOP('',(#10367,#10368,#10369,#10370));
#10367 = ORIENTED_EDGE('',*,*,#10288,.T.);
#10368 = ORIENTED_EDGE('',*,*,#10341,.T.);
#10369 = ORIENTED_EDGE('',*,*,#10248,.F.);
#10370 = ORIENTED_EDGE('',*,*,#10312,.F.);
#10371 = CYLINDRICAL_SURFACE('',#10372,0.6);
#10372 = AXIS2_PLACEMENT_3D('',#10373,#10374,#10375);
#10373 = CARTESIAN_POINT('',(10.,0.275000617752,0.));
#10374 = DIRECTION('',(-0.,-0.,1.));
#10375 = DIRECTION('',(-0.999999999999,-1.02958640132E-06,-0.));
#10376 = ADVANCED_FACE('',(#10377),#10388,.F.);
#10377 = FACE_BOUND('',#10378,.T.);
#10378 = EDGE_LOOP('',(#10379,#10380,#10386,#10387));
#10379 = ORIENTED_EDGE('',*,*,#10351,.T.);
#10380 = ORIENTED_EDGE('',*,*,#10381,.T.);
#10381 = EDGE_CURVE('',#10352,#10323,#10382,.T.);
#10382 = LINE('',#10383,#10384);
#10383 = CARTESIAN_POINT('',(10.,-0.35,-4.6E-02));
#10384 = VECTOR('',#10385,1.);
#10385 = DIRECTION('',(0.,0.,1.));
#10386 = ORIENTED_EDGE('',*,*,#10322,.F.);
#10387 = ORIENTED_EDGE('',*,*,#10381,.F.);
#10388 = CYLINDRICAL_SURFACE('',#10389,0.35);
#10389 = AXIS2_PLACEMENT_3D('',#10390,#10391,#10392);
#10390 = CARTESIAN_POINT('',(10.,5.96744875736E-16,-4.6E-02));
#10391 = DIRECTION('',(-0.,-0.,-1.));
#10392 = DIRECTION('',(-0.,-1.,0.));
#10393 = MANIFOLD_SOLID_BREP('',#10394);
#10394 = CLOSED_SHELL('',(#10395,#10428,#10448,#10468));
#10395 = ADVANCED_FACE('',(#10396),#10423,.T.);
#10396 = FACE_BOUND('',#10397,.F.);
#10397 = EDGE_LOOP('',(#10398,#10408,#10415,#10416));
#10398 = ORIENTED_EDGE('',*,*,#10399,.T.);
#10399 = EDGE_CURVE('',#10400,#10402,#10404,.T.);
#10400 = VERTEX_POINT('',#10401);
#10401 = CARTESIAN_POINT('',(10.,-0.375,-4.E-02));
#10402 = VERTEX_POINT('',#10403);
#10403 = CARTESIAN_POINT('',(10.,-0.375,1.55));
#10404 = LINE('',#10405,#10406);
#10405 = CARTESIAN_POINT('',(10.,-0.375,-4.E-02));
#10406 = VECTOR('',#10407,1.);
#10407 = DIRECTION('',(0.,0.,1.));
#10408 = ORIENTED_EDGE('',*,*,#10409,.T.);
#10409 = EDGE_CURVE('',#10402,#10402,#10410,.T.);
#10410 = CIRCLE('',#10411,0.375);
#10411 = AXIS2_PLACEMENT_3D('',#10412,#10413,#10414);
#10412 = CARTESIAN_POINT('',(10.,6.938893903907E-17,1.55));
#10413 = DIRECTION('',(0.,0.,1.));
#10414 = DIRECTION('',(-0.,-1.,0.));
#10415 = ORIENTED_EDGE('',*,*,#10399,.F.);
#10416 = ORIENTED_EDGE('',*,*,#10417,.F.);
#10417 = EDGE_CURVE('',#10400,#10400,#10418,.T.);
#10418 = CIRCLE('',#10419,0.375);
#10419 = AXIS2_PLACEMENT_3D('',#10420,#10421,#10422);
#10420 = CARTESIAN_POINT('',(10.,6.938893903907E-17,-4.E-02));
#10421 = DIRECTION('',(0.,0.,1.));
#10422 = DIRECTION('',(-0.,-1.,0.));
#10423 = CYLINDRICAL_SURFACE('',#10424,0.375);
#10424 = AXIS2_PLACEMENT_3D('',#10425,#10426,#10427);
#10425 = CARTESIAN_POINT('',(10.,6.938893903907E-17,-4.E-02));
#10426 = DIRECTION('',(-0.,-0.,-1.));
#10427 = DIRECTION('',(-0.,-1.,0.));
#10428 = ADVANCED_FACE('',(#10429,#10432),#10443,.F.);
#10429 = FACE_BOUND('',#10430,.F.);
#10430 = EDGE_LOOP('',(#10431));
#10431 = ORIENTED_EDGE('',*,*,#10417,.T.);
#10432 = FACE_BOUND('',#10433,.F.);
#10433 = EDGE_LOOP('',(#10434));
#10434 = ORIENTED_EDGE('',*,*,#10435,.T.);
#10435 = EDGE_CURVE('',#10436,#10436,#10438,.T.);
#10436 = VERTEX_POINT('',#10437);
#10437 = CARTESIAN_POINT('',(10.,-0.35,-4.E-02));
#10438 = CIRCLE('',#10439,0.35);
#10439 = AXIS2_PLACEMENT_3D('',#10440,#10441,#10442);
#10440 = CARTESIAN_POINT('',(10.,5.96744875736E-16,-4.E-02));
#10441 = DIRECTION('',(-0.,0.,-1.));
#10442 = DIRECTION('',(-0.,-1.,0.));
#10443 = PLANE('',#10444);
#10444 = AXIS2_PLACEMENT_3D('',#10445,#10446,#10447);
#10445 = CARTESIAN_POINT('',(10.,-0.375,-4.E-02));
#10446 = DIRECTION('',(0.,0.,1.));
#10447 = DIRECTION('',(1.,0.,-0.));
#10448 = ADVANCED_FACE('',(#10449,#10452),#10463,.T.);
#10449 = FACE_BOUND('',#10450,.T.);
#10450 = EDGE_LOOP('',(#10451));
#10451 = ORIENTED_EDGE('',*,*,#10409,.T.);
#10452 = FACE_BOUND('',#10453,.T.);
#10453 = EDGE_LOOP('',(#10454));
#10454 = ORIENTED_EDGE('',*,*,#10455,.T.);
#10455 = EDGE_CURVE('',#10456,#10456,#10458,.T.);
#10456 = VERTEX_POINT('',#10457);
#10457 = CARTESIAN_POINT('',(10.,-0.35,1.55));
#10458 = CIRCLE('',#10459,0.35);
#10459 = AXIS2_PLACEMENT_3D('',#10460,#10461,#10462);
#10460 = CARTESIAN_POINT('',(10.,5.96744875736E-16,1.55));
#10461 = DIRECTION('',(-0.,0.,-1.));
#10462 = DIRECTION('',(-0.,-1.,0.));
#10463 = PLANE('',#10464);
#10464 = AXIS2_PLACEMENT_3D('',#10465,#10466,#10467);
#10465 = CARTESIAN_POINT('',(10.,-0.375,1.55));
#10466 = DIRECTION('',(0.,0.,1.));
#10467 = DIRECTION('',(1.,0.,-0.));
#10468 = ADVANCED_FACE('',(#10469),#10480,.F.);
#10469 = FACE_BOUND('',#10470,.T.);
#10470 = EDGE_LOOP('',(#10471,#10472,#10478,#10479));
#10471 = ORIENTED_EDGE('',*,*,#10435,.T.);
#10472 = ORIENTED_EDGE('',*,*,#10473,.T.);
#10473 = EDGE_CURVE('',#10436,#10456,#10474,.T.);
#10474 = LINE('',#10475,#10476);
#10475 = CARTESIAN_POINT('',(10.,-0.35,-4.6E-02));
#10476 = VECTOR('',#10477,1.);
#10477 = DIRECTION('',(0.,0.,1.));
#10478 = ORIENTED_EDGE('',*,*,#10455,.F.);
#10479 = ORIENTED_EDGE('',*,*,#10473,.F.);
#10480 = CYLINDRICAL_SURFACE('',#10481,0.35);
#10481 = AXIS2_PLACEMENT_3D('',#10482,#10483,#10484);
#10482 = CARTESIAN_POINT('',(10.,5.96744875736E-16,-4.6E-02));
#10483 = DIRECTION('',(-0.,-0.,-1.));
#10484 = DIRECTION('',(-0.,-1.,0.));
#10485 = ( GEOMETRIC_REPRESENTATION_CONTEXT(3) 
GLOBAL_UNCERTAINTY_ASSIGNED_CONTEXT((#10489)) 
GLOBAL_UNIT_ASSIGNED_CONTEXT((#10486,#10487,#10488)) 
REPRESENTATION_CONTEXT('Context #1',
  '3D Context with UNIT and UNCERTAINTY') );
#10486 = ( LENGTH_UNIT() NAMED_UNIT(*) SI_UNIT(.MILLI.,.METRE.) );
#10487 = ( NAMED_UNIT(*) PLANE_ANGLE_UNIT() SI_UNIT($,.RADIAN.) );
#10488 = ( NAMED_UNIT(*) SI_UNIT($,.STERADIAN.) SOLID_ANGLE_UNIT() );
#10489 = UNCERTAINTY_MEASURE_WITH_UNIT(LENGTH_MEASURE(1.E-07),#10486,
  'distance_accuracy_value','confusion accuracy');
#10490 = CONTEXT_DEPENDENT_SHAPE_REPRESENTATION(#10491,#10493);
#10491 = ( REPRESENTATION_RELATIONSHIP('','',#7344,#10) 
REPRESENTATION_RELATIONSHIP_WITH_TRANSFORMATION(#10492) 
SHAPE_REPRESENTATION_RELATIONSHIP() );
#10492 = ITEM_DEFINED_TRANSFORMATION('','',#11,#19);
#10493 = PRODUCT_DEFINITION_SHAPE('Placement','Placement of an item',
  #10494);
#10494 = NEXT_ASSEMBLY_USAGE_OCCURRENCE('3','=>[0:1:1:4]','',#5,#7339,$
  );
#10495 = PRODUCT_RELATED_PRODUCT_CATEGORY('part',$,(#7341));
#10496 = SHAPE_DEFINITION_REPRESENTATION(#10497,#10503);
#10497 = PRODUCT_DEFINITION_SHAPE('','',#10498);
#10498 = PRODUCT_DEFINITION('design','',#10499,#10502);
#10499 = PRODUCT_DEFINITION_FORMATION('','',#10500);
#10500 = PRODUCT(
'electronic_connector_jst_ph_2_mm_pitch_through_hole_right_angle_6_pin_
jst_s6b_ph_k_s_render_PCB',
'electronic_connector_jst_ph_2_mm_pitch_through_hole_right_angle_6_pin_
jst_s6b_ph_k_s_render_PCB','',(#10501));
#10501 = PRODUCT_CONTEXT('',#2,'mechanical');
#10502 = PRODUCT_DEFINITION_CONTEXT('part definition',#2,'design');
#10503 = ADVANCED_BREP_SHAPE_REPRESENTATION('',(#11,#10504),#10888);
#10504 = MANIFOLD_SOLID_BREP('',#10505);
#10505 = CLOSED_SHELL('',(#10506,#10546,#10577,#10608,#10691,#10774,
    #10786,#10803,#10820,#10837,#10854,#10871));
#10506 = ADVANCED_FACE('',(#10507),#10541,.T.);
#10507 = FACE_BOUND('',#10508,.T.);
#10508 = EDGE_LOOP('',(#10509,#10519,#10527,#10535));
#10509 = ORIENTED_EDGE('',*,*,#10510,.T.);
#10510 = EDGE_CURVE('',#10511,#10513,#10515,.T.);
#10511 = VERTEX_POINT('',#10512);
#10512 = CARTESIAN_POINT('',(14.45,-8.75,0.));
#10513 = VERTEX_POINT('',#10514);
#10514 = CARTESIAN_POINT('',(14.45,-8.75,1.51));
#10515 = LINE('',#10516,#10517);
#10516 = CARTESIAN_POINT('',(14.45,-8.75,0.));
#10517 = VECTOR('',#10518,1.);
#10518 = DIRECTION('',(0.,0.,1.));
#10519 = ORIENTED_EDGE('',*,*,#10520,.T.);
#10520 = EDGE_CURVE('',#10513,#10521,#10523,.T.);
#10521 = VERTEX_POINT('',#10522);
#10522 = CARTESIAN_POINT('',(-4.45,-8.75,1.51));
#10523 = LINE('',#10524,#10525);
#10524 = CARTESIAN_POINT('',(14.45,-8.75,1.51));
#10525 = VECTOR('',#10526,1.);
#10526 = DIRECTION('',(-1.,0.,0.));
#10527 = ORIENTED_EDGE('',*,*,#10528,.F.);
#10528 = EDGE_CURVE('',#10529,#10521,#10531,.T.);
#10529 = VERTEX_POINT('',#10530);
#10530 = CARTESIAN_POINT('',(-4.45,-8.75,0.));
#10531 = LINE('',#10532,#10533);
#10532 = CARTESIAN_POINT('',(-4.45,-8.75,0.));
#10533 = VECTOR('',#10534,1.);
#10534 = DIRECTION('',(0.,0.,1.));
#10535 = ORIENTED_EDGE('',*,*,#10536,.F.);
#10536 = EDGE_CURVE('',#10511,#10529,#10537,.T.);
#10537 = LINE('',#10538,#10539);
#10538 = CARTESIAN_POINT('',(14.45,-8.75,0.));
#10539 = VECTOR('',#10540,1.);
#10540 = DIRECTION('',(-1.,0.,0.));
#10541 = PLANE('',#10542);
#10542 = AXIS2_PLACEMENT_3D('',#10543,#10544,#10545);
#10543 = CARTESIAN_POINT('',(14.45,-8.75,0.));
#10544 = DIRECTION('',(0.,-1.,0.));
#10545 = DIRECTION('',(-1.,0.,0.));
#10546 = ADVANCED_FACE('',(#10547),#10572,.T.);
#10547 = FACE_BOUND('',#10548,.T.);
#10548 = EDGE_LOOP('',(#10549,#10559,#10565,#10566));
#10549 = ORIENTED_EDGE('',*,*,#10550,.T.);
#10550 = EDGE_CURVE('',#10551,#10553,#10555,.T.);
#10551 = VERTEX_POINT('',#10552);
#10552 = CARTESIAN_POINT('',(14.45,3.85,0.));
#10553 = VERTEX_POINT('',#10554);
#10554 = CARTESIAN_POINT('',(14.45,3.85,1.51));
#10555 = LINE('',#10556,#10557);
#10556 = CARTESIAN_POINT('',(14.45,3.85,0.));
#10557 = VECTOR('',#10558,1.);
#10558 = DIRECTION('',(0.,0.,1.));
#10559 = ORIENTED_EDGE('',*,*,#10560,.T.);
#10560 = EDGE_CURVE('',#10553,#10513,#10561,.T.);
#10561 = LINE('',#10562,#10563);
#10562 = CARTESIAN_POINT('',(14.45,3.85,1.51));
#10563 = VECTOR('',#10564,1.);
#10564 = DIRECTION('',(0.,-1.,0.));
#10565 = ORIENTED_EDGE('',*,*,#10510,.F.);
#10566 = ORIENTED_EDGE('',*,*,#10567,.F.);
#10567 = EDGE_CURVE('',#10551,#10511,#10568,.T.);
#10568 = LINE('',#10569,#10570);
#10569 = CARTESIAN_POINT('',(14.45,3.85,0.));
#10570 = VECTOR('',#10571,1.);
#10571 = DIRECTION('',(0.,-1.,0.));
#10572 = PLANE('',#10573);
#10573 = AXIS2_PLACEMENT_3D('',#10574,#10575,#10576);
#10574 = CARTESIAN_POINT('',(14.45,3.85,0.));
#10575 = DIRECTION('',(1.,0.,-0.));
#10576 = DIRECTION('',(0.,-1.,0.));
#10577 = ADVANCED_FACE('',(#10578),#10603,.T.);
#10578 = FACE_BOUND('',#10579,.T.);
#10579 = EDGE_LOOP('',(#10580,#10581,#10589,#10597));
#10580 = ORIENTED_EDGE('',*,*,#10528,.T.);
#10581 = ORIENTED_EDGE('',*,*,#10582,.T.);
#10582 = EDGE_CURVE('',#10521,#10583,#10585,.T.);
#10583 = VERTEX_POINT('',#10584);
#10584 = CARTESIAN_POINT('',(-4.45,3.85,1.51));
#10585 = LINE('',#10586,#10587);
#10586 = CARTESIAN_POINT('',(-4.45,-8.75,1.51));
#10587 = VECTOR('',#10588,1.);
#10588 = DIRECTION('',(0.,1.,0.));
#10589 = ORIENTED_EDGE('',*,*,#10590,.F.);
#10590 = EDGE_CURVE('',#10591,#10583,#10593,.T.);
#10591 = VERTEX_POINT('',#10592);
#10592 = CARTESIAN_POINT('',(-4.45,3.85,0.));
#10593 = LINE('',#10594,#10595);
#10594 = CARTESIAN_POINT('',(-4.45,3.85,0.));
#10595 = VECTOR('',#10596,1.);
#10596 = DIRECTION('',(0.,0.,1.));
#10597 = ORIENTED_EDGE('',*,*,#10598,.F.);
#10598 = EDGE_CURVE('',#10529,#10591,#10599,.T.);
#10599 = LINE('',#10600,#10601);
#10600 = CARTESIAN_POINT('',(-4.45,-8.75,0.));
#10601 = VECTOR('',#10602,1.);
#10602 = DIRECTION('',(0.,1.,0.));
#10603 = PLANE('',#10604);
#10604 = AXIS2_PLACEMENT_3D('',#10605,#10606,#10607);
#10605 = CARTESIAN_POINT('',(-4.45,-8.75,0.));
#10606 = DIRECTION('',(-1.,0.,0.));
#10607 = DIRECTION('',(0.,1.,0.));
#10608 = ADVANCED_FACE('',(#10609,#10620,#10631,#10642,#10653,#10664,
    #10675),#10686,.F.);
#10609 = FACE_BOUND('',#10610,.F.);
#10610 = EDGE_LOOP('',(#10611,#10612,#10613,#10619));
#10611 = ORIENTED_EDGE('',*,*,#10536,.F.);
#10612 = ORIENTED_EDGE('',*,*,#10567,.F.);
#10613 = ORIENTED_EDGE('',*,*,#10614,.F.);
#10614 = EDGE_CURVE('',#10591,#10551,#10615,.T.);
#10615 = LINE('',#10616,#10617);
#10616 = CARTESIAN_POINT('',(-4.45,3.85,0.));
#10617 = VECTOR('',#10618,1.);
#10618 = DIRECTION('',(1.,0.,0.));
#10619 = ORIENTED_EDGE('',*,*,#10598,.F.);
#10620 = FACE_BOUND('',#10621,.F.);
#10621 = EDGE_LOOP('',(#10622));
#10622 = ORIENTED_EDGE('',*,*,#10623,.T.);
#10623 = EDGE_CURVE('',#10624,#10624,#10626,.T.);
#10624 = VERTEX_POINT('',#10625);
#10625 = CARTESIAN_POINT('',(-6.162975822039E-33,-0.375,0.));
#10626 = CIRCLE('',#10627,0.375);
#10627 = AXIS2_PLACEMENT_3D('',#10628,#10629,#10630);
#10628 = CARTESIAN_POINT('',(-4.163336342344E-17,6.938893903907E-17,0.)
  );
#10629 = DIRECTION('',(-0.,0.,-1.));
#10630 = DIRECTION('',(1.110223024625E-16,-1.,-0.));
#10631 = FACE_BOUND('',#10632,.F.);
#10632 = EDGE_LOOP('',(#10633));
#10633 = ORIENTED_EDGE('',*,*,#10634,.T.);
#10634 = EDGE_CURVE('',#10635,#10635,#10637,.T.);
#10635 = VERTEX_POINT('',#10636);
#10636 = CARTESIAN_POINT('',(2.,-0.375,0.));
#10637 = CIRCLE('',#10638,0.375);
#10638 = AXIS2_PLACEMENT_3D('',#10639,#10640,#10641);
#10639 = CARTESIAN_POINT('',(2.,6.938893903907E-17,0.));
#10640 = DIRECTION('',(-0.,0.,-1.));
#10641 = DIRECTION('',(-0.,-1.,0.));
#10642 = FACE_BOUND('',#10643,.F.);
#10643 = EDGE_LOOP('',(#10644));
#10644 = ORIENTED_EDGE('',*,*,#10645,.T.);
#10645 = EDGE_CURVE('',#10646,#10646,#10648,.T.);
#10646 = VERTEX_POINT('',#10647);
#10647 = CARTESIAN_POINT('',(4.,-0.375,0.));
#10648 = CIRCLE('',#10649,0.375);
#10649 = AXIS2_PLACEMENT_3D('',#10650,#10651,#10652);
#10650 = CARTESIAN_POINT('',(4.,6.938893903907E-17,0.));
#10651 = DIRECTION('',(-0.,0.,-1.));
#10652 = DIRECTION('',(-0.,-1.,0.));
#10653 = FACE_BOUND('',#10654,.F.);
#10654 = EDGE_LOOP('',(#10655));
#10655 = ORIENTED_EDGE('',*,*,#10656,.T.);
#10656 = EDGE_CURVE('',#10657,#10657,#10659,.T.);
#10657 = VERTEX_POINT('',#10658);
#10658 = CARTESIAN_POINT('',(6.,-0.375,0.));
#10659 = CIRCLE('',#10660,0.375);
#10660 = AXIS2_PLACEMENT_3D('',#10661,#10662,#10663);
#10661 = CARTESIAN_POINT('',(6.,6.938893903907E-17,0.));
#10662 = DIRECTION('',(-0.,0.,-1.));
#10663 = DIRECTION('',(-0.,-1.,0.));
#10664 = FACE_BOUND('',#10665,.F.);
#10665 = EDGE_LOOP('',(#10666));
#10666 = ORIENTED_EDGE('',*,*,#10667,.T.);
#10667 = EDGE_CURVE('',#10668,#10668,#10670,.T.);
#10668 = VERTEX_POINT('',#10669);
#10669 = CARTESIAN_POINT('',(8.,-0.375,0.));
#10670 = CIRCLE('',#10671,0.375);
#10671 = AXIS2_PLACEMENT_3D('',#10672,#10673,#10674);
#10672 = CARTESIAN_POINT('',(8.,6.938893903907E-17,0.));
#10673 = DIRECTION('',(-0.,0.,-1.));
#10674 = DIRECTION('',(-0.,-1.,0.));
#10675 = FACE_BOUND('',#10676,.F.);
#10676 = EDGE_LOOP('',(#10677));
#10677 = ORIENTED_EDGE('',*,*,#10678,.T.);
#10678 = EDGE_CURVE('',#10679,#10679,#10681,.T.);
#10679 = VERTEX_POINT('',#10680);
#10680 = CARTESIAN_POINT('',(10.,-0.375,0.));
#10681 = CIRCLE('',#10682,0.375);
#10682 = AXIS2_PLACEMENT_3D('',#10683,#10684,#10685);
#10683 = CARTESIAN_POINT('',(10.,6.938893903907E-17,0.));
#10684 = DIRECTION('',(-0.,0.,-1.));
#10685 = DIRECTION('',(-0.,-1.,0.));
#10686 = PLANE('',#10687);
#10687 = AXIS2_PLACEMENT_3D('',#10688,#10689,#10690);
#10688 = CARTESIAN_POINT('',(0.,0.,0.));
#10689 = DIRECTION('',(0.,0.,1.));
#10690 = DIRECTION('',(1.,0.,-0.));
#10691 = ADVANCED_FACE('',(#10692,#10703,#10714,#10725,#10736,#10747,
    #10758),#10769,.T.);
#10692 = FACE_BOUND('',#10693,.T.);
#10693 = EDGE_LOOP('',(#10694,#10695,#10696,#10702));
#10694 = ORIENTED_EDGE('',*,*,#10520,.F.);
#10695 = ORIENTED_EDGE('',*,*,#10560,.F.);
#10696 = ORIENTED_EDGE('',*,*,#10697,.F.);
#10697 = EDGE_CURVE('',#10583,#10553,#10698,.T.);
#10698 = LINE('',#10699,#10700);
#10699 = CARTESIAN_POINT('',(-4.45,3.85,1.51));
#10700 = VECTOR('',#10701,1.);
#10701 = DIRECTION('',(1.,0.,0.));
#10702 = ORIENTED_EDGE('',*,*,#10582,.F.);
#10703 = FACE_BOUND('',#10704,.T.);
#10704 = EDGE_LOOP('',(#10705));
#10705 = ORIENTED_EDGE('',*,*,#10706,.T.);
#10706 = EDGE_CURVE('',#10707,#10707,#10709,.T.);
#10707 = VERTEX_POINT('',#10708);
#10708 = CARTESIAN_POINT('',(-6.162975822039E-33,-0.375,1.51));
#10709 = CIRCLE('',#10710,0.375);
#10710 = AXIS2_PLACEMENT_3D('',#10711,#10712,#10713);
#10711 = CARTESIAN_POINT('',(-4.163336342344E-17,6.938893903907E-17,1.51
    ));
#10712 = DIRECTION('',(-0.,0.,-1.));
#10713 = DIRECTION('',(1.110223024625E-16,-1.,-0.));
#10714 = FACE_BOUND('',#10715,.T.);
#10715 = EDGE_LOOP('',(#10716));
#10716 = ORIENTED_EDGE('',*,*,#10717,.T.);
#10717 = EDGE_CURVE('',#10718,#10718,#10720,.T.);
#10718 = VERTEX_POINT('',#10719);
#10719 = CARTESIAN_POINT('',(2.,-0.375,1.51));
#10720 = CIRCLE('',#10721,0.375);
#10721 = AXIS2_PLACEMENT_3D('',#10722,#10723,#10724);
#10722 = CARTESIAN_POINT('',(2.,6.938893903907E-17,1.51));
#10723 = DIRECTION('',(-0.,0.,-1.));
#10724 = DIRECTION('',(-0.,-1.,0.));
#10725 = FACE_BOUND('',#10726,.T.);
#10726 = EDGE_LOOP('',(#10727));
#10727 = ORIENTED_EDGE('',*,*,#10728,.T.);
#10728 = EDGE_CURVE('',#10729,#10729,#10731,.T.);
#10729 = VERTEX_POINT('',#10730);
#10730 = CARTESIAN_POINT('',(4.,-0.375,1.51));
#10731 = CIRCLE('',#10732,0.375);
#10732 = AXIS2_PLACEMENT_3D('',#10733,#10734,#10735);
#10733 = CARTESIAN_POINT('',(4.,6.938893903907E-17,1.51));
#10734 = DIRECTION('',(-0.,0.,-1.));
#10735 = DIRECTION('',(-0.,-1.,0.));
#10736 = FACE_BOUND('',#10737,.T.);
#10737 = EDGE_LOOP('',(#10738));
#10738 = ORIENTED_EDGE('',*,*,#10739,.T.);
#10739 = EDGE_CURVE('',#10740,#10740,#10742,.T.);
#10740 = VERTEX_POINT('',#10741);
#10741 = CARTESIAN_POINT('',(6.,-0.375,1.51));
#10742 = CIRCLE('',#10743,0.375);
#10743 = AXIS2_PLACEMENT_3D('',#10744,#10745,#10746);
#10744 = CARTESIAN_POINT('',(6.,6.938893903907E-17,1.51));
#10745 = DIRECTION('',(-0.,0.,-1.));
#10746 = DIRECTION('',(-0.,-1.,0.));
#10747 = FACE_BOUND('',#10748,.T.);
#10748 = EDGE_LOOP('',(#10749));
#10749 = ORIENTED_EDGE('',*,*,#10750,.T.);
#10750 = EDGE_CURVE('',#10751,#10751,#10753,.T.);
#10751 = VERTEX_POINT('',#10752);
#10752 = CARTESIAN_POINT('',(8.,-0.375,1.51));
#10753 = CIRCLE('',#10754,0.375);
#10754 = AXIS2_PLACEMENT_3D('',#10755,#10756,#10757);
#10755 = CARTESIAN_POINT('',(8.,6.938893903907E-17,1.51));
#10756 = DIRECTION('',(-0.,0.,-1.));
#10757 = DIRECTION('',(-0.,-1.,0.));
#10758 = FACE_BOUND('',#10759,.T.);
#10759 = EDGE_LOOP('',(#10760));
#10760 = ORIENTED_EDGE('',*,*,#10761,.T.);
#10761 = EDGE_CURVE('',#10762,#10762,#10764,.T.);
#10762 = VERTEX_POINT('',#10763);
#10763 = CARTESIAN_POINT('',(10.,-0.375,1.51));
#10764 = CIRCLE('',#10765,0.375);
#10765 = AXIS2_PLACEMENT_3D('',#10766,#10767,#10768);
#10766 = CARTESIAN_POINT('',(10.,6.938893903907E-17,1.51));
#10767 = DIRECTION('',(-0.,0.,-1.));
#10768 = DIRECTION('',(-0.,-1.,0.));
#10769 = PLANE('',#10770);
#10770 = AXIS2_PLACEMENT_3D('',#10771,#10772,#10773);
#10771 = CARTESIAN_POINT('',(0.,0.,1.51));
#10772 = DIRECTION('',(0.,0.,1.));
#10773 = DIRECTION('',(1.,0.,-0.));
#10774 = ADVANCED_FACE('',(#10775),#10781,.T.);
#10775 = FACE_BOUND('',#10776,.T.);
#10776 = EDGE_LOOP('',(#10777,#10778,#10779,#10780));
#10777 = ORIENTED_EDGE('',*,*,#10590,.T.);
#10778 = ORIENTED_EDGE('',*,*,#10697,.T.);
#10779 = ORIENTED_EDGE('',*,*,#10550,.F.);
#10780 = ORIENTED_EDGE('',*,*,#10614,.F.);
#10781 = PLANE('',#10782);
#10782 = AXIS2_PLACEMENT_3D('',#10783,#10784,#10785);
#10783 = CARTESIAN_POINT('',(-4.45,3.85,0.));
#10784 = DIRECTION('',(0.,1.,0.));
#10785 = DIRECTION('',(1.,0.,0.));
#10786 = ADVANCED_FACE('',(#10787),#10798,.F.);
#10787 = FACE_BOUND('',#10788,.T.);
#10788 = EDGE_LOOP('',(#10789,#10790,#10796,#10797));
#10789 = ORIENTED_EDGE('',*,*,#10623,.T.);
#10790 = ORIENTED_EDGE('',*,*,#10791,.T.);
#10791 = EDGE_CURVE('',#10624,#10707,#10792,.T.);
#10792 = LINE('',#10793,#10794);
#10793 = CARTESIAN_POINT('',(-6.162975822039E-33,-0.375,-4.6E-02));
#10794 = VECTOR('',#10795,1.);
#10795 = DIRECTION('',(0.,0.,1.));
#10796 = ORIENTED_EDGE('',*,*,#10706,.F.);
#10797 = ORIENTED_EDGE('',*,*,#10791,.F.);
#10798 = CYLINDRICAL_SURFACE('',#10799,0.375);
#10799 = AXIS2_PLACEMENT_3D('',#10800,#10801,#10802);
#10800 = CARTESIAN_POINT('',(-4.163336342344E-17,6.938893903907E-17,
    -4.6E-02));
#10801 = DIRECTION('',(-0.,0.,-1.));
#10802 = DIRECTION('',(1.110223024625E-16,-1.,-0.));
#10803 = ADVANCED_FACE('',(#10804),#10815,.F.);
#10804 = FACE_BOUND('',#10805,.T.);
#10805 = EDGE_LOOP('',(#10806,#10807,#10813,#10814));
#10806 = ORIENTED_EDGE('',*,*,#10634,.T.);
#10807 = ORIENTED_EDGE('',*,*,#10808,.T.);
#10808 = EDGE_CURVE('',#10635,#10718,#10809,.T.);
#10809 = LINE('',#10810,#10811);
#10810 = CARTESIAN_POINT('',(2.,-0.375,-4.6E-02));
#10811 = VECTOR('',#10812,1.);
#10812 = DIRECTION('',(0.,0.,1.));
#10813 = ORIENTED_EDGE('',*,*,#10717,.F.);
#10814 = ORIENTED_EDGE('',*,*,#10808,.F.);
#10815 = CYLINDRICAL_SURFACE('',#10816,0.375);
#10816 = AXIS2_PLACEMENT_3D('',#10817,#10818,#10819);
#10817 = CARTESIAN_POINT('',(2.,6.938893903907E-17,-4.6E-02));
#10818 = DIRECTION('',(-0.,-0.,-1.));
#10819 = DIRECTION('',(-0.,-1.,0.));
#10820 = ADVANCED_FACE('',(#10821),#10832,.F.);
#10821 = FACE_BOUND('',#10822,.T.);
#10822 = EDGE_LOOP('',(#10823,#10824,#10830,#10831));
#10823 = ORIENTED_EDGE('',*,*,#10645,.T.);
#10824 = ORIENTED_EDGE('',*,*,#10825,.T.);
#10825 = EDGE_CURVE('',#10646,#10729,#10826,.T.);
#10826 = LINE('',#10827,#10828);
#10827 = CARTESIAN_POINT('',(4.,-0.375,-4.6E-02));
#10828 = VECTOR('',#10829,1.);
#10829 = DIRECTION('',(0.,0.,1.));
#10830 = ORIENTED_EDGE('',*,*,#10728,.F.);
#10831 = ORIENTED_EDGE('',*,*,#10825,.F.);
#10832 = CYLINDRICAL_SURFACE('',#10833,0.375);
#10833 = AXIS2_PLACEMENT_3D('',#10834,#10835,#10836);
#10834 = CARTESIAN_POINT('',(4.,6.938893903907E-17,-4.6E-02));
#10835 = DIRECTION('',(-0.,-0.,-1.));
#10836 = DIRECTION('',(-0.,-1.,0.));
#10837 = ADVANCED_FACE('',(#10838),#10849,.F.);
#10838 = FACE_BOUND('',#10839,.T.);
#10839 = EDGE_LOOP('',(#10840,#10841,#10847,#10848));
#10840 = ORIENTED_EDGE('',*,*,#10656,.T.);
#10841 = ORIENTED_EDGE('',*,*,#10842,.T.);
#10842 = EDGE_CURVE('',#10657,#10740,#10843,.T.);
#10843 = LINE('',#10844,#10845);
#10844 = CARTESIAN_POINT('',(6.,-0.375,-4.6E-02));
#10845 = VECTOR('',#10846,1.);
#10846 = DIRECTION('',(0.,0.,1.));
#10847 = ORIENTED_EDGE('',*,*,#10739,.F.);
#10848 = ORIENTED_EDGE('',*,*,#10842,.F.);
#10849 = CYLINDRICAL_SURFACE('',#10850,0.375);
#10850 = AXIS2_PLACEMENT_3D('',#10851,#10852,#10853);
#10851 = CARTESIAN_POINT('',(6.,6.938893903907E-17,-4.6E-02));
#10852 = DIRECTION('',(-0.,-0.,-1.));
#10853 = DIRECTION('',(-0.,-1.,0.));
#10854 = ADVANCED_FACE('',(#10855),#10866,.F.);
#10855 = FACE_BOUND('',#10856,.T.);
#10856 = EDGE_LOOP('',(#10857,#10858,#10864,#10865));
#10857 = ORIENTED_EDGE('',*,*,#10667,.T.);
#10858 = ORIENTED_EDGE('',*,*,#10859,.T.);
#10859 = EDGE_CURVE('',#10668,#10751,#10860,.T.);
#10860 = LINE('',#10861,#10862);
#10861 = CARTESIAN_POINT('',(8.,-0.375,-4.6E-02));
#10862 = VECTOR('',#10863,1.);
#10863 = DIRECTION('',(0.,0.,1.));
#10864 = ORIENTED_EDGE('',*,*,#10750,.F.);
#10865 = ORIENTED_EDGE('',*,*,#10859,.F.);
#10866 = CYLINDRICAL_SURFACE('',#10867,0.375);
#10867 = AXIS2_PLACEMENT_3D('',#10868,#10869,#10870);
#10868 = CARTESIAN_POINT('',(8.,6.938893903907E-17,-4.6E-02));
#10869 = DIRECTION('',(-0.,-0.,-1.));
#10870 = DIRECTION('',(-0.,-1.,0.));
#10871 = ADVANCED_FACE('',(#10872),#10883,.F.);
#10872 = FACE_BOUND('',#10873,.T.);
#10873 = EDGE_LOOP('',(#10874,#10875,#10881,#10882));
#10874 = ORIENTED_EDGE('',*,*,#10678,.T.);
#10875 = ORIENTED_EDGE('',*,*,#10876,.T.);
#10876 = EDGE_CURVE('',#10679,#10762,#10877,.T.);
#10877 = LINE('',#10878,#10879);
#10878 = CARTESIAN_POINT('',(10.,-0.375,-4.6E-02));
#10879 = VECTOR('',#10880,1.);
#10880 = DIRECTION('',(0.,0.,1.));
#10881 = ORIENTED_EDGE('',*,*,#10761,.F.);
#10882 = ORIENTED_EDGE('',*,*,#10876,.F.);
#10883 = CYLINDRICAL_SURFACE('',#10884,0.375);
#10884 = AXIS2_PLACEMENT_3D('',#10885,#10886,#10887);
#10885 = CARTESIAN_POINT('',(10.,6.938893903907E-17,-4.6E-02));
#10886 = DIRECTION('',(-0.,-0.,-1.));
#10887 = DIRECTION('',(-0.,-1.,0.));
#10888 = ( GEOMETRIC_REPRESENTATION_CONTEXT(3) 
GLOBAL_UNCERTAINTY_ASSIGNED_CONTEXT((#10892)) 
GLOBAL_UNIT_ASSIGNED_CONTEXT((#10889,#10890,#10891)) 
REPRESENTATION_CONTEXT('Context #1',
  '3D Context with UNIT and UNCERTAINTY') );
#10889 = ( LENGTH_UNIT() NAMED_UNIT(*) SI_UNIT(.MILLI.,.METRE.) );
#10890 = ( NAMED_UNIT(*) PLANE_ANGLE_UNIT() SI_UNIT($,.RADIAN.) );
#10891 = ( NAMED_UNIT(*) SI_UNIT($,.STERADIAN.) SOLID_ANGLE_UNIT() );
#10892 = UNCERTAINTY_MEASURE_WITH_UNIT(LENGTH_MEASURE(1.E-07),#10889,
  'distance_accuracy_value','confusion accuracy');
#10893 = CONTEXT_DEPENDENT_SHAPE_REPRESENTATION(#10894,#10896);
#10894 = ( REPRESENTATION_RELATIONSHIP('','',#10503,#10) 
REPRESENTATION_RELATIONSHIP_WITH_TRANSFORMATION(#10895) 
SHAPE_REPRESENTATION_RELATIONSHIP() );
#10895 = ITEM_DEFINED_TRANSFORMATION('','',#11,#23);
#10896 = PRODUCT_DEFINITION_SHAPE('Placement','Placement of an item',
  #10897);
#10897 = NEXT_ASSEMBLY_USAGE_OCCURRENCE('4','=>[0:1:1:5]','',#5,#10498,$
  );
#10898 = PRODUCT_RELATED_PRODUCT_CATEGORY('part',$,(#10500));
#10899 = MECHANICAL_DESIGN_GEOMETRIC_PRESENTATION_REPRESENTATION('',(
    #10900,#10908,#10915,#10922,#10929,#10936,#10943,#10950,#10957,
    #10964,#10971,#10978,#10985,#10992,#10999,#11006,#11013,#11020),
  #10485);
#10900 = STYLED_ITEM('color',(#10901),#7345);
#10901 = PRESENTATION_STYLE_ASSIGNMENT((#10902));
#10902 = SURFACE_STYLE_USAGE(.BOTH.,#10903);
#10903 = SURFACE_SIDE_STYLE('',(#10904));
#10904 = SURFACE_STYLE_FILL_AREA(#10905);
#10905 = FILL_AREA_STYLE('',(#10906));
#10906 = FILL_AREA_STYLE_COLOUR('',#10907);
#10907 = COLOUR_RGB('',0.735356983052,0.735356983052,0.735356983052);
#10908 = STYLED_ITEM('color',(#10909),#7674);
#10909 = PRESENTATION_STYLE_ASSIGNMENT((#10910));
#10910 = SURFACE_STYLE_USAGE(.BOTH.,#10911);
#10911 = SURFACE_SIDE_STYLE('',(#10912));
#10912 = SURFACE_STYLE_FILL_AREA(#10913);
#10913 = FILL_AREA_STYLE('',(#10914));
#10914 = FILL_AREA_STYLE_COLOUR('',#10907);
#10915 = STYLED_ITEM('color',(#10916),#8003);
#10916 = PRESENTATION_STYLE_ASSIGNMENT((#10917));
#10917 = SURFACE_STYLE_USAGE(.BOTH.,#10918);
#10918 = SURFACE_SIDE_STYLE('',(#10919));
#10919 = SURFACE_STYLE_FILL_AREA(#10920);
#10920 = FILL_AREA_STYLE('',(#10921));
#10921 = FILL_AREA_STYLE_COLOUR('',#10907);
#10922 = STYLED_ITEM('color',(#10923),#8095);
#10923 = PRESENTATION_STYLE_ASSIGNMENT((#10924));
#10924 = SURFACE_STYLE_USAGE(.BOTH.,#10925);
#10925 = SURFACE_SIDE_STYLE('',(#10926));
#10926 = SURFACE_STYLE_FILL_AREA(#10927);
#10927 = FILL_AREA_STYLE('',(#10928));
#10928 = FILL_AREA_STYLE_COLOUR('',#10907);
#10929 = STYLED_ITEM('color',(#10930),#8288);
#10930 = PRESENTATION_STYLE_ASSIGNMENT((#10931));
#10931 = SURFACE_STYLE_USAGE(.BOTH.,#10932);
#10932 = SURFACE_SIDE_STYLE('',(#10933));
#10933 = SURFACE_STYLE_FILL_AREA(#10934);
#10934 = FILL_AREA_STYLE('',(#10935));
#10935 = FILL_AREA_STYLE_COLOUR('',#10907);
#10936 = STYLED_ITEM('color',(#10937),#8481);
#10937 = PRESENTATION_STYLE_ASSIGNMENT((#10938));
#10938 = SURFACE_STYLE_USAGE(.BOTH.,#10939);
#10939 = SURFACE_SIDE_STYLE('',(#10940));
#10940 = SURFACE_STYLE_FILL_AREA(#10941);
#10941 = FILL_AREA_STYLE('',(#10942));
#10942 = FILL_AREA_STYLE_COLOUR('',#10907);
#10943 = STYLED_ITEM('color',(#10944),#8573);
#10944 = PRESENTATION_STYLE_ASSIGNMENT((#10945));
#10945 = SURFACE_STYLE_USAGE(.BOTH.,#10946);
#10946 = SURFACE_SIDE_STYLE('',(#10947));
#10947 = SURFACE_STYLE_FILL_AREA(#10948);
#10948 = FILL_AREA_STYLE('',(#10949));
#10949 = FILL_AREA_STYLE_COLOUR('',#10907);
#10950 = STYLED_ITEM('color',(#10951),#8766);
#10951 = PRESENTATION_STYLE_ASSIGNMENT((#10952));
#10952 = SURFACE_STYLE_USAGE(.BOTH.,#10953);
#10953 = SURFACE_SIDE_STYLE('',(#10954));
#10954 = SURFACE_STYLE_FILL_AREA(#10955);
#10955 = FILL_AREA_STYLE('',(#10956));
#10956 = FILL_AREA_STYLE_COLOUR('',#10907);
#10957 = STYLED_ITEM('color',(#10958),#8959);
#10958 = PRESENTATION_STYLE_ASSIGNMENT((#10959));
#10959 = SURFACE_STYLE_USAGE(.BOTH.,#10960);
#10960 = SURFACE_SIDE_STYLE('',(#10961));
#10961 = SURFACE_STYLE_FILL_AREA(#10962);
#10962 = FILL_AREA_STYLE('',(#10963));
#10963 = FILL_AREA_STYLE_COLOUR('',#10907);
#10964 = STYLED_ITEM('color',(#10965),#9051);
#10965 = PRESENTATION_STYLE_ASSIGNMENT((#10966));
#10966 = SURFACE_STYLE_USAGE(.BOTH.,#10967);
#10967 = SURFACE_SIDE_STYLE('',(#10968));
#10968 = SURFACE_STYLE_FILL_AREA(#10969);
#10969 = FILL_AREA_STYLE('',(#10970));
#10970 = FILL_AREA_STYLE_COLOUR('',#10907);
#10971 = STYLED_ITEM('color',(#10972),#9244);
#10972 = PRESENTATION_STYLE_ASSIGNMENT((#10973));
#10973 = SURFACE_STYLE_USAGE(.BOTH.,#10974);
#10974 = SURFACE_SIDE_STYLE('',(#10975));
#10975 = SURFACE_STYLE_FILL_AREA(#10976);
#10976 = FILL_AREA_STYLE('',(#10977));
#10977 = FILL_AREA_STYLE_COLOUR('',#10907);
#10978 = STYLED_ITEM('color',(#10979),#9437);
#10979 = PRESENTATION_STYLE_ASSIGNMENT((#10980));
#10980 = SURFACE_STYLE_USAGE(.BOTH.,#10981);
#10981 = SURFACE_SIDE_STYLE('',(#10982));
#10982 = SURFACE_STYLE_FILL_AREA(#10983);
#10983 = FILL_AREA_STYLE('',(#10984));
#10984 = FILL_AREA_STYLE_COLOUR('',#10907);
#10985 = STYLED_ITEM('color',(#10986),#9529);
#10986 = PRESENTATION_STYLE_ASSIGNMENT((#10987));
#10987 = SURFACE_STYLE_USAGE(.BOTH.,#10988);
#10988 = SURFACE_SIDE_STYLE('',(#10989));
#10989 = SURFACE_STYLE_FILL_AREA(#10990);
#10990 = FILL_AREA_STYLE('',(#10991));
#10991 = FILL_AREA_STYLE_COLOUR('',#10907);
#10992 = STYLED_ITEM('color',(#10993),#9722);
#10993 = PRESENTATION_STYLE_ASSIGNMENT((#10994));
#10994 = SURFACE_STYLE_USAGE(.BOTH.,#10995);
#10995 = SURFACE_SIDE_STYLE('',(#10996));
#10996 = SURFACE_STYLE_FILL_AREA(#10997);
#10997 = FILL_AREA_STYLE('',(#10998));
#10998 = FILL_AREA_STYLE_COLOUR('',#10907);
#10999 = STYLED_ITEM('color',(#11000),#9915);
#11000 = PRESENTATION_STYLE_ASSIGNMENT((#11001));
#11001 = SURFACE_STYLE_USAGE(.BOTH.,#11002);
#11002 = SURFACE_SIDE_STYLE('',(#11003));
#11003 = SURFACE_STYLE_FILL_AREA(#11004);
#11004 = FILL_AREA_STYLE('',(#11005));
#11005 = FILL_AREA_STYLE_COLOUR('',#10907);
#11006 = STYLED_ITEM('color',(#11007),#10007);
#11007 = PRESENTATION_STYLE_ASSIGNMENT((#11008));
#11008 = SURFACE_STYLE_USAGE(.BOTH.,#11009);
#11009 = SURFACE_SIDE_STYLE('',(#11010));
#11010 = SURFACE_STYLE_FILL_AREA(#11011);
#11011 = FILL_AREA_STYLE('',(#11012));
#11012 = FILL_AREA_STYLE_COLOUR('',#10907);
#11013 = STYLED_ITEM('color',(#11014),#10200);
#11014 = PRESENTATION_STYLE_ASSIGNMENT((#11015));
#11015 = SURFACE_STYLE_USAGE(.BOTH.,#11016);
#11016 = SURFACE_SIDE_STYLE('',(#11017));
#11017 = SURFACE_STYLE_FILL_AREA(#11018);
#11018 = FILL_AREA_STYLE('',(#11019));
#11019 = FILL_AREA_STYLE_COLOUR('',#10907);
#11020 = STYLED_ITEM('color',(#11021),#10393);
#11021 = PRESENTATION_STYLE_ASSIGNMENT((#11022));
#11022 = SURFACE_STYLE_USAGE(.BOTH.,#11023);
#11023 = SURFACE_SIDE_STYLE('',(#11024));
#11024 = SURFACE_STYLE_FILL_AREA(#11025);
#11025 = FILL_AREA_STYLE('',(#11026));
#11026 = FILL_AREA_STYLE_COLOUR('',#10907);
#11027 = MECHANICAL_DESIGN_GEOMETRIC_PRESENTATION_REPRESENTATION('',(
    #11028),#10888);
#11028 = STYLED_ITEM('color',(#11029),#10504);
#11029 = PRESENTATION_STYLE_ASSIGNMENT((#11030));
#11030 = SURFACE_STYLE_USAGE(.BOTH.,#11031);
#11031 = SURFACE_SIDE_STYLE('',(#11032));
#11032 = SURFACE_STYLE_FILL_AREA(#11033);
#11033 = FILL_AREA_STYLE('',(#11034));
#11034 = FILL_AREA_STYLE_COLOUR('',#11035);
#11035 = COLOUR_RGB('',0.313304153717,0.484529207832,0.410020903123);
#11036 = MECHANICAL_DESIGN_GEOMETRIC_PRESENTATION_REPRESENTATION('',(
    #11037,#11045,#11052,#11059,#11066,#11073,#11080,#11087,#11094,
    #11101,#11108,#11115,#11122,#11129,#11136,#11143,#11150,#11157,
    #11164,#11171,#11178,#11185,#11192,#11199,#11206,#11213,#11220,
    #11227,#11234,#11241,#11248,#11255,#11262,#11269,#11276,#11283,
    #11290,#11297,#11304,#11311,#11318,#11325,#11332,#11339,#11346,
    #11353,#11360,#11367,#11374,#11381,#11388,#11395,#11402,#11409,
    #11416,#11423,#11430,#11437,#11444,#11451,#11458,#11465,#11472,
    #11479,#11486,#11493,#11500,#11507,#11514,#11521,#11528,#11535,
    #11542,#11549,#11556,#11563,#11570,#11577,#11584,#11591,#11598,
    #11605,#11612,#11619,#11626,#11633,#11640,#11647,#11654,#11661,
    #11668,#11676,#11683,#11690,#11697,#11704,#11711,#11718,#11725,
    #11732,#11739,#11746,#11753,#11760,#11767,#11774,#11781,#11788,
    #11795,#11802,#11809,#11816,#11823,#11830,#11837,#11844,#11851,
    #11858,#11865,#11872,#11879,#11886,#11893,#11900,#11907,#11914,
    #11921,#11928,#11935,#11942,#11949,#11956,#11963,#11970,#11977,
    #11984,#11991,#11998,#12005,#12012,#12019,#12026,#12033,#12040,
    #12047,#12054,#12061,#12068,#12075,#12082,#12089,#12096,#12103,
    #12110,#12117,#12124,#12131,#12138,#12145,#12152,#12159,#12166,
    #12173,#12180,#12187,#12194,#12201,#12208,#12215,#12222,#12229,
    #12236,#12243,#12250,#12257,#12264,#12271,#12278,#12285,#12292,
    #12299,#12306,#12313,#12320,#12327,#12334,#12341,#12348,#12355,
    #12362,#12369,#12376,#12383,#12390,#12397,#12404,#12411,#12418,
    #12425,#12432,#12439,#12446,#12453,#12460,#12467,#12474,#12481,
    #12488,#12495,#12502,#12509,#12516,#12523,#12530,#12537,#12544,
    #12551,#12558,#12565,#12572,#12579,#12586,#12593,#12600,#12607,
    #12614,#12621,#12628,#12635,#12642,#12649,#12656,#12663,#12670,
    #12677,#12684,#12691,#12698),#7326);
#11037 = STYLED_ITEM('color',(#11038),#66);
#11038 = PRESENTATION_STYLE_ASSIGNMENT((#11039));
#11039 = SURFACE_STYLE_USAGE(.BOTH.,#11040);
#11040 = SURFACE_SIDE_STYLE('',(#11041));
#11041 = SURFACE_STYLE_FILL_AREA(#11042);
#11042 = FILL_AREA_STYLE('',(#11043));
#11043 = FILL_AREA_STYLE_COLOUR('',#11044);
#11044 = COLOUR_RGB('',0.894117649055,0.890196087049,0.811764731185);
#11045 = STYLED_ITEM('color',(#11046),#106);
#11046 = PRESENTATION_STYLE_ASSIGNMENT((#11047));
#11047 = SURFACE_STYLE_USAGE(.BOTH.,#11048);
#11048 = SURFACE_SIDE_STYLE('',(#11049));
#11049 = SURFACE_STYLE_FILL_AREA(#11050);
#11050 = FILL_AREA_STYLE('',(#11051));
#11051 = FILL_AREA_STYLE_COLOUR('',#11044);
#11052 = STYLED_ITEM('color',(#11053),#186);
#11053 = PRESENTATION_STYLE_ASSIGNMENT((#11054));
#11054 = SURFACE_STYLE_USAGE(.BOTH.,#11055);
#11055 = SURFACE_SIDE_STYLE('',(#11056));
#11056 = SURFACE_STYLE_FILL_AREA(#11057);
#11057 = FILL_AREA_STYLE('',(#11058));
#11058 = FILL_AREA_STYLE_COLOUR('',#11044);
#11059 = STYLED_ITEM('color',(#11060),#274);
#11060 = PRESENTATION_STYLE_ASSIGNMENT((#11061));
#11061 = SURFACE_STYLE_USAGE(.BOTH.,#11062);
#11062 = SURFACE_SIDE_STYLE('',(#11063));
#11063 = SURFACE_STYLE_FILL_AREA(#11064);
#11064 = FILL_AREA_STYLE('',(#11065));
#11065 = FILL_AREA_STYLE_COLOUR('',#11044);
#11066 = STYLED_ITEM('color',(#11067),#331);
#11067 = PRESENTATION_STYLE_ASSIGNMENT((#11068));
#11068 = SURFACE_STYLE_USAGE(.BOTH.,#11069);
#11069 = SURFACE_SIDE_STYLE('',(#11070));
#11070 = SURFACE_STYLE_FILL_AREA(#11071);
#11071 = FILL_AREA_STYLE('',(#11072));
#11072 = FILL_AREA_STYLE_COLOUR('',#11044);
#11073 = STYLED_ITEM('color',(#11074),#348);
#11074 = PRESENTATION_STYLE_ASSIGNMENT((#11075));
#11075 = SURFACE_STYLE_USAGE(.BOTH.,#11076);
#11076 = SURFACE_SIDE_STYLE('',(#11077));
#11077 = SURFACE_STYLE_FILL_AREA(#11078);
#11078 = FILL_AREA_STYLE('',(#11079));
#11079 = FILL_AREA_STYLE_COLOUR('',#11044);
#11080 = STYLED_ITEM('color',(#11081),#372);
#11081 = PRESENTATION_STYLE_ASSIGNMENT((#11082));
#11082 = SURFACE_STYLE_USAGE(.BOTH.,#11083);
#11083 = SURFACE_SIDE_STYLE('',(#11084));
#11084 = SURFACE_STYLE_FILL_AREA(#11085);
#11085 = FILL_AREA_STYLE('',(#11086));
#11086 = FILL_AREA_STYLE_COLOUR('',#11044);
#11087 = STYLED_ITEM('color',(#11088),#396);
#11088 = PRESENTATION_STYLE_ASSIGNMENT((#11089));
#11089 = SURFACE_STYLE_USAGE(.BOTH.,#11090);
#11090 = SURFACE_SIDE_STYLE('',(#11091));
#11091 = SURFACE_STYLE_FILL_AREA(#11092);
#11092 = FILL_AREA_STYLE('',(#11093));
#11093 = FILL_AREA_STYLE_COLOUR('',#11044);
#11094 = STYLED_ITEM('color',(#11095),#420);
#11095 = PRESENTATION_STYLE_ASSIGNMENT((#11096));
#11096 = SURFACE_STYLE_USAGE(.BOTH.,#11097);
#11097 = SURFACE_SIDE_STYLE('',(#11098));
#11098 = SURFACE_STYLE_FILL_AREA(#11099);
#11099 = FILL_AREA_STYLE('',(#11100));
#11100 = FILL_AREA_STYLE_COLOUR('',#11044);
#11101 = STYLED_ITEM('color',(#11102),#476);
#11102 = PRESENTATION_STYLE_ASSIGNMENT((#11103));
#11103 = SURFACE_STYLE_USAGE(.BOTH.,#11104);
#11104 = SURFACE_SIDE_STYLE('',(#11105));
#11105 = SURFACE_STYLE_FILL_AREA(#11106);
#11106 = FILL_AREA_STYLE('',(#11107));
#11107 = FILL_AREA_STYLE_COLOUR('',#11044);
#11108 = STYLED_ITEM('color',(#11109),#740);
#11109 = PRESENTATION_STYLE_ASSIGNMENT((#11110));
#11110 = SURFACE_STYLE_USAGE(.BOTH.,#11111);
#11111 = SURFACE_SIDE_STYLE('',(#11112));
#11112 = SURFACE_STYLE_FILL_AREA(#11113);
#11113 = FILL_AREA_STYLE('',(#11114));
#11114 = FILL_AREA_STYLE_COLOUR('',#11044);
#11115 = STYLED_ITEM('color',(#11116),#771);
#11116 = PRESENTATION_STYLE_ASSIGNMENT((#11117));
#11117 = SURFACE_STYLE_USAGE(.BOTH.,#11118);
#11118 = SURFACE_SIDE_STYLE('',(#11119));
#11119 = SURFACE_STYLE_FILL_AREA(#11120);
#11120 = FILL_AREA_STYLE('',(#11121));
#11121 = FILL_AREA_STYLE_COLOUR('',#11044);
#11122 = STYLED_ITEM('color',(#11123),#783);
#11123 = PRESENTATION_STYLE_ASSIGNMENT((#11124));
#11124 = SURFACE_STYLE_USAGE(.BOTH.,#11125);
#11125 = SURFACE_SIDE_STYLE('',(#11126));
#11126 = SURFACE_STYLE_FILL_AREA(#11127);
#11127 = FILL_AREA_STYLE('',(#11128));
#11128 = FILL_AREA_STYLE_COLOUR('',#11044);
#11129 = STYLED_ITEM('color',(#11130),#997);
#11130 = PRESENTATION_STYLE_ASSIGNMENT((#11131));
#11131 = SURFACE_STYLE_USAGE(.BOTH.,#11132);
#11132 = SURFACE_SIDE_STYLE('',(#11133));
#11133 = SURFACE_STYLE_FILL_AREA(#11134);
#11134 = FILL_AREA_STYLE('',(#11135));
#11135 = FILL_AREA_STYLE_COLOUR('',#11044);
#11136 = STYLED_ITEM('color',(#11137),#1011);
#11137 = PRESENTATION_STYLE_ASSIGNMENT((#11138));
#11138 = SURFACE_STYLE_USAGE(.BOTH.,#11139);
#11139 = SURFACE_SIDE_STYLE('',(#11140));
#11140 = SURFACE_STYLE_FILL_AREA(#11141);
#11141 = FILL_AREA_STYLE('',(#11142));
#11142 = FILL_AREA_STYLE_COLOUR('',#11044);
#11143 = STYLED_ITEM('color',(#11144),#1195);
#11144 = PRESENTATION_STYLE_ASSIGNMENT((#11145));
#11145 = SURFACE_STYLE_USAGE(.BOTH.,#11146);
#11146 = SURFACE_SIDE_STYLE('',(#11147));
#11147 = SURFACE_STYLE_FILL_AREA(#11148);
#11148 = FILL_AREA_STYLE('',(#11149));
#11149 = FILL_AREA_STYLE_COLOUR('',#11044);
#11150 = STYLED_ITEM('color',(#11151),#1252);
#11151 = PRESENTATION_STYLE_ASSIGNMENT((#11152));
#11152 = SURFACE_STYLE_USAGE(.BOTH.,#11153);
#11153 = SURFACE_SIDE_STYLE('',(#11154));
#11154 = SURFACE_STYLE_FILL_AREA(#11155);
#11155 = FILL_AREA_STYLE('',(#11156));
#11156 = FILL_AREA_STYLE_COLOUR('',#11044);
#11157 = STYLED_ITEM('color',(#11158),#1276);
#11158 = PRESENTATION_STYLE_ASSIGNMENT((#11159));
#11159 = SURFACE_STYLE_USAGE(.BOTH.,#11160);
#11160 = SURFACE_SIDE_STYLE('',(#11161));
#11161 = SURFACE_STYLE_FILL_AREA(#11162);
#11162 = FILL_AREA_STYLE('',(#11163));
#11163 = FILL_AREA_STYLE_COLOUR('',#11044);
#11164 = STYLED_ITEM('color',(#11165),#1349);
#11165 = PRESENTATION_STYLE_ASSIGNMENT((#11166));
#11166 = SURFACE_STYLE_USAGE(.BOTH.,#11167);
#11167 = SURFACE_SIDE_STYLE('',(#11168));
#11168 = SURFACE_STYLE_FILL_AREA(#11169);
#11169 = FILL_AREA_STYLE('',(#11170));
#11170 = FILL_AREA_STYLE_COLOUR('',#11044);
#11171 = STYLED_ITEM('color',(#11172),#1373);
#11172 = PRESENTATION_STYLE_ASSIGNMENT((#11173));
#11173 = SURFACE_STYLE_USAGE(.BOTH.,#11174);
#11174 = SURFACE_SIDE_STYLE('',(#11175));
#11175 = SURFACE_STYLE_FILL_AREA(#11176);
#11176 = FILL_AREA_STYLE('',(#11177));
#11177 = FILL_AREA_STYLE_COLOUR('',#11044);
#11178 = STYLED_ITEM('color',(#11179),#1406);
#11179 = PRESENTATION_STYLE_ASSIGNMENT((#11180));
#11180 = SURFACE_STYLE_USAGE(.BOTH.,#11181);
#11181 = SURFACE_SIDE_STYLE('',(#11182));
#11182 = SURFACE_STYLE_FILL_AREA(#11183);
#11183 = FILL_AREA_STYLE('',(#11184));
#11184 = FILL_AREA_STYLE_COLOUR('',#11044);
#11185 = STYLED_ITEM('color',(#11186),#1517);
#11186 = PRESENTATION_STYLE_ASSIGNMENT((#11187));
#11187 = SURFACE_STYLE_USAGE(.BOTH.,#11188);
#11188 = SURFACE_SIDE_STYLE('',(#11189));
#11189 = SURFACE_STYLE_FILL_AREA(#11190);
#11190 = FILL_AREA_STYLE('',(#11191));
#11191 = FILL_AREA_STYLE_COLOUR('',#11044);
#11192 = STYLED_ITEM('color',(#11193),#1862);
#11193 = PRESENTATION_STYLE_ASSIGNMENT((#11194));
#11194 = SURFACE_STYLE_USAGE(.BOTH.,#11195);
#11195 = SURFACE_SIDE_STYLE('',(#11196));
#11196 = SURFACE_STYLE_FILL_AREA(#11197);
#11197 = FILL_AREA_STYLE('',(#11198));
#11198 = FILL_AREA_STYLE_COLOUR('',#11044);
#11199 = STYLED_ITEM('color',(#11200),#1902);
#11200 = PRESENTATION_STYLE_ASSIGNMENT((#11201));
#11201 = SURFACE_STYLE_USAGE(.BOTH.,#11202);
#11202 = SURFACE_SIDE_STYLE('',(#11203));
#11203 = SURFACE_STYLE_FILL_AREA(#11204);
#11204 = FILL_AREA_STYLE('',(#11205));
#11205 = FILL_AREA_STYLE_COLOUR('',#11044);
#11206 = STYLED_ITEM('color',(#11207),#1933);
#11207 = PRESENTATION_STYLE_ASSIGNMENT((#11208));
#11208 = SURFACE_STYLE_USAGE(.BOTH.,#11209);
#11209 = SURFACE_SIDE_STYLE('',(#11210));
#11210 = SURFACE_STYLE_FILL_AREA(#11211);
#11211 = FILL_AREA_STYLE('',(#11212));
#11212 = FILL_AREA_STYLE_COLOUR('',#11044);
#11213 = STYLED_ITEM('color',(#11214),#1951);
#11214 = PRESENTATION_STYLE_ASSIGNMENT((#11215));
#11215 = SURFACE_STYLE_USAGE(.BOTH.,#11216);
#11216 = SURFACE_SIDE_STYLE('',(#11217));
#11217 = SURFACE_STYLE_FILL_AREA(#11218);
#11218 = FILL_AREA_STYLE('',(#11219));
#11219 = FILL_AREA_STYLE_COLOUR('',#11044);
#11220 = STYLED_ITEM('color',(#11221),#1968);
#11221 = PRESENTATION_STYLE_ASSIGNMENT((#11222));
#11222 = SURFACE_STYLE_USAGE(.BOTH.,#11223);
#11223 = SURFACE_SIDE_STYLE('',(#11224));
#11224 = SURFACE_STYLE_FILL_AREA(#11225);
#11225 = FILL_AREA_STYLE('',(#11226));
#11226 = FILL_AREA_STYLE_COLOUR('',#11044);
#11227 = STYLED_ITEM('color',(#11228),#1986);
#11228 = PRESENTATION_STYLE_ASSIGNMENT((#11229));
#11229 = SURFACE_STYLE_USAGE(.BOTH.,#11230);
#11230 = SURFACE_SIDE_STYLE('',(#11231));
#11231 = SURFACE_STYLE_FILL_AREA(#11232);
#11232 = FILL_AREA_STYLE('',(#11233));
#11233 = FILL_AREA_STYLE_COLOUR('',#11044);
#11234 = STYLED_ITEM('color',(#11235),#2012);
#11235 = PRESENTATION_STYLE_ASSIGNMENT((#11236));
#11236 = SURFACE_STYLE_USAGE(.BOTH.,#11237);
#11237 = SURFACE_SIDE_STYLE('',(#11238));
#11238 = SURFACE_STYLE_FILL_AREA(#11239);
#11239 = FILL_AREA_STYLE('',(#11240));
#11240 = FILL_AREA_STYLE_COLOUR('',#11044);
#11241 = STYLED_ITEM('color',(#11242),#2043);
#11242 = PRESENTATION_STYLE_ASSIGNMENT((#11243));
#11243 = SURFACE_STYLE_USAGE(.BOTH.,#11244);
#11244 = SURFACE_SIDE_STYLE('',(#11245));
#11245 = SURFACE_STYLE_FILL_AREA(#11246);
#11246 = FILL_AREA_STYLE('',(#11247));
#11247 = FILL_AREA_STYLE_COLOUR('',#11044);
#11248 = STYLED_ITEM('color',(#11249),#2060);
#11249 = PRESENTATION_STYLE_ASSIGNMENT((#11250));
#11250 = SURFACE_STYLE_USAGE(.BOTH.,#11251);
#11251 = SURFACE_SIDE_STYLE('',(#11252));
#11252 = SURFACE_STYLE_FILL_AREA(#11253);
#11253 = FILL_AREA_STYLE('',(#11254));
#11254 = FILL_AREA_STYLE_COLOUR('',#11044);
#11255 = STYLED_ITEM('color',(#11256),#2093);
#11256 = PRESENTATION_STYLE_ASSIGNMENT((#11257));
#11257 = SURFACE_STYLE_USAGE(.BOTH.,#11258);
#11258 = SURFACE_SIDE_STYLE('',(#11259));
#11259 = SURFACE_STYLE_FILL_AREA(#11260);
#11260 = FILL_AREA_STYLE('',(#11261));
#11261 = FILL_AREA_STYLE_COLOUR('',#11044);
#11262 = STYLED_ITEM('color',(#11263),#2117);
#11263 = PRESENTATION_STYLE_ASSIGNMENT((#11264));
#11264 = SURFACE_STYLE_USAGE(.BOTH.,#11265);
#11265 = SURFACE_SIDE_STYLE('',(#11266));
#11266 = SURFACE_STYLE_FILL_AREA(#11267);
#11267 = FILL_AREA_STYLE('',(#11268));
#11268 = FILL_AREA_STYLE_COLOUR('',#11044);
#11269 = STYLED_ITEM('color',(#11270),#2148);
#11270 = PRESENTATION_STYLE_ASSIGNMENT((#11271));
#11271 = SURFACE_STYLE_USAGE(.BOTH.,#11272);
#11272 = SURFACE_SIDE_STYLE('',(#11273));
#11273 = SURFACE_STYLE_FILL_AREA(#11274);
#11274 = FILL_AREA_STYLE('',(#11275));
#11275 = FILL_AREA_STYLE_COLOUR('',#11044);
#11276 = STYLED_ITEM('color',(#11277),#2165);
#11277 = PRESENTATION_STYLE_ASSIGNMENT((#11278));
#11278 = SURFACE_STYLE_USAGE(.BOTH.,#11279);
#11279 = SURFACE_SIDE_STYLE('',(#11280));
#11280 = SURFACE_STYLE_FILL_AREA(#11281);
#11281 = FILL_AREA_STYLE('',(#11282));
#11282 = FILL_AREA_STYLE_COLOUR('',#11044);
#11283 = STYLED_ITEM('color',(#11284),#2198);
#11284 = PRESENTATION_STYLE_ASSIGNMENT((#11285));
#11285 = SURFACE_STYLE_USAGE(.BOTH.,#11286);
#11286 = SURFACE_SIDE_STYLE('',(#11287));
#11287 = SURFACE_STYLE_FILL_AREA(#11288);
#11288 = FILL_AREA_STYLE('',(#11289));
#11289 = FILL_AREA_STYLE_COLOUR('',#11044);
#11290 = STYLED_ITEM('color',(#11291),#2222);
#11291 = PRESENTATION_STYLE_ASSIGNMENT((#11292));
#11292 = SURFACE_STYLE_USAGE(.BOTH.,#11293);
#11293 = SURFACE_SIDE_STYLE('',(#11294));
#11294 = SURFACE_STYLE_FILL_AREA(#11295);
#11295 = FILL_AREA_STYLE('',(#11296));
#11296 = FILL_AREA_STYLE_COLOUR('',#11044);
#11297 = STYLED_ITEM('color',(#11298),#2253);
#11298 = PRESENTATION_STYLE_ASSIGNMENT((#11299));
#11299 = SURFACE_STYLE_USAGE(.BOTH.,#11300);
#11300 = SURFACE_SIDE_STYLE('',(#11301));
#11301 = SURFACE_STYLE_FILL_AREA(#11302);
#11302 = FILL_AREA_STYLE('',(#11303));
#11303 = FILL_AREA_STYLE_COLOUR('',#11044);
#11304 = STYLED_ITEM('color',(#11305),#2270);
#11305 = PRESENTATION_STYLE_ASSIGNMENT((#11306));
#11306 = SURFACE_STYLE_USAGE(.BOTH.,#11307);
#11307 = SURFACE_SIDE_STYLE('',(#11308));
#11308 = SURFACE_STYLE_FILL_AREA(#11309);
#11309 = FILL_AREA_STYLE('',(#11310));
#11310 = FILL_AREA_STYLE_COLOUR('',#11044);
#11311 = STYLED_ITEM('color',(#11312),#2303);
#11312 = PRESENTATION_STYLE_ASSIGNMENT((#11313));
#11313 = SURFACE_STYLE_USAGE(.BOTH.,#11314);
#11314 = SURFACE_SIDE_STYLE('',(#11315));
#11315 = SURFACE_STYLE_FILL_AREA(#11316);
#11316 = FILL_AREA_STYLE('',(#11317));
#11317 = FILL_AREA_STYLE_COLOUR('',#11044);
#11318 = STYLED_ITEM('color',(#11319),#2327);
#11319 = PRESENTATION_STYLE_ASSIGNMENT((#11320));
#11320 = SURFACE_STYLE_USAGE(.BOTH.,#11321);
#11321 = SURFACE_SIDE_STYLE('',(#11322));
#11322 = SURFACE_STYLE_FILL_AREA(#11323);
#11323 = FILL_AREA_STYLE('',(#11324));
#11324 = FILL_AREA_STYLE_COLOUR('',#11044);
#11325 = STYLED_ITEM('color',(#11326),#2358);
#11326 = PRESENTATION_STYLE_ASSIGNMENT((#11327));
#11327 = SURFACE_STYLE_USAGE(.BOTH.,#11328);
#11328 = SURFACE_SIDE_STYLE('',(#11329));
#11329 = SURFACE_STYLE_FILL_AREA(#11330);
#11330 = FILL_AREA_STYLE('',(#11331));
#11331 = FILL_AREA_STYLE_COLOUR('',#11044);
#11332 = STYLED_ITEM('color',(#11333),#2375);
#11333 = PRESENTATION_STYLE_ASSIGNMENT((#11334));
#11334 = SURFACE_STYLE_USAGE(.BOTH.,#11335);
#11335 = SURFACE_SIDE_STYLE('',(#11336));
#11336 = SURFACE_STYLE_FILL_AREA(#11337);
#11337 = FILL_AREA_STYLE('',(#11338));
#11338 = FILL_AREA_STYLE_COLOUR('',#11044);
#11339 = STYLED_ITEM('color',(#11340),#2408);
#11340 = PRESENTATION_STYLE_ASSIGNMENT((#11341));
#11341 = SURFACE_STYLE_USAGE(.BOTH.,#11342);
#11342 = SURFACE_SIDE_STYLE('',(#11343));
#11343 = SURFACE_STYLE_FILL_AREA(#11344);
#11344 = FILL_AREA_STYLE('',(#11345));
#11345 = FILL_AREA_STYLE_COLOUR('',#11044);
#11346 = STYLED_ITEM('color',(#11347),#2432);
#11347 = PRESENTATION_STYLE_ASSIGNMENT((#11348));
#11348 = SURFACE_STYLE_USAGE(.BOTH.,#11349);
#11349 = SURFACE_SIDE_STYLE('',(#11350));
#11350 = SURFACE_STYLE_FILL_AREA(#11351);
#11351 = FILL_AREA_STYLE('',(#11352));
#11352 = FILL_AREA_STYLE_COLOUR('',#11044);
#11353 = STYLED_ITEM('color',(#11354),#2463);
#11354 = PRESENTATION_STYLE_ASSIGNMENT((#11355));
#11355 = SURFACE_STYLE_USAGE(.BOTH.,#11356);
#11356 = SURFACE_SIDE_STYLE('',(#11357));
#11357 = SURFACE_STYLE_FILL_AREA(#11358);
#11358 = FILL_AREA_STYLE('',(#11359));
#11359 = FILL_AREA_STYLE_COLOUR('',#11044);
#11360 = STYLED_ITEM('color',(#11361),#2480);
#11361 = PRESENTATION_STYLE_ASSIGNMENT((#11362));
#11362 = SURFACE_STYLE_USAGE(.BOTH.,#11363);
#11363 = SURFACE_SIDE_STYLE('',(#11364));
#11364 = SURFACE_STYLE_FILL_AREA(#11365);
#11365 = FILL_AREA_STYLE('',(#11366));
#11366 = FILL_AREA_STYLE_COLOUR('',#11044);
#11367 = STYLED_ITEM('color',(#11368),#2513);
#11368 = PRESENTATION_STYLE_ASSIGNMENT((#11369));
#11369 = SURFACE_STYLE_USAGE(.BOTH.,#11370);
#11370 = SURFACE_SIDE_STYLE('',(#11371));
#11371 = SURFACE_STYLE_FILL_AREA(#11372);
#11372 = FILL_AREA_STYLE('',(#11373));
#11373 = FILL_AREA_STYLE_COLOUR('',#11044);
#11374 = STYLED_ITEM('color',(#11375),#2553);
#11375 = PRESENTATION_STYLE_ASSIGNMENT((#11376));
#11376 = SURFACE_STYLE_USAGE(.BOTH.,#11377);
#11377 = SURFACE_SIDE_STYLE('',(#11378));
#11378 = SURFACE_STYLE_FILL_AREA(#11379);
#11379 = FILL_AREA_STYLE('',(#11380));
#11380 = FILL_AREA_STYLE_COLOUR('',#11044);
#11381 = STYLED_ITEM('color',(#11382),#2576);
#11382 = PRESENTATION_STYLE_ASSIGNMENT((#11383));
#11383 = SURFACE_STYLE_USAGE(.BOTH.,#11384);
#11384 = SURFACE_SIDE_STYLE('',(#11385));
#11385 = SURFACE_STYLE_FILL_AREA(#11386);
#11386 = FILL_AREA_STYLE('',(#11387));
#11387 = FILL_AREA_STYLE_COLOUR('',#11044);
#11388 = STYLED_ITEM('color',(#11389),#2625);
#11389 = PRESENTATION_STYLE_ASSIGNMENT((#11390));
#11390 = SURFACE_STYLE_USAGE(.BOTH.,#11391);
#11391 = SURFACE_SIDE_STYLE('',(#11392));
#11392 = SURFACE_STYLE_FILL_AREA(#11393);
#11393 = FILL_AREA_STYLE('',(#11394));
#11394 = FILL_AREA_STYLE_COLOUR('',#11044);
#11395 = STYLED_ITEM('color',(#11396),#2649);
#11396 = PRESENTATION_STYLE_ASSIGNMENT((#11397));
#11397 = SURFACE_STYLE_USAGE(.BOTH.,#11398);
#11398 = SURFACE_SIDE_STYLE('',(#11399));
#11399 = SURFACE_STYLE_FILL_AREA(#11400);
#11400 = FILL_AREA_STYLE('',(#11401));
#11401 = FILL_AREA_STYLE_COLOUR('',#11044);
#11402 = STYLED_ITEM('color',(#11403),#2696);
#11403 = PRESENTATION_STYLE_ASSIGNMENT((#11404));
#11404 = SURFACE_STYLE_USAGE(.BOTH.,#11405);
#11405 = SURFACE_SIDE_STYLE('',(#11406));
#11406 = SURFACE_STYLE_FILL_AREA(#11407);
#11407 = FILL_AREA_STYLE('',(#11408));
#11408 = FILL_AREA_STYLE_COLOUR('',#11044);
#11409 = STYLED_ITEM('color',(#11410),#2713);
#11410 = PRESENTATION_STYLE_ASSIGNMENT((#11411));
#11411 = SURFACE_STYLE_USAGE(.BOTH.,#11412);
#11412 = SURFACE_SIDE_STYLE('',(#11413));
#11413 = SURFACE_STYLE_FILL_AREA(#11414);
#11414 = FILL_AREA_STYLE('',(#11415));
#11415 = FILL_AREA_STYLE_COLOUR('',#11044);
#11416 = STYLED_ITEM('color',(#11417),#2730);
#11417 = PRESENTATION_STYLE_ASSIGNMENT((#11418));
#11418 = SURFACE_STYLE_USAGE(.BOTH.,#11419);
#11419 = SURFACE_SIDE_STYLE('',(#11420));
#11420 = SURFACE_STYLE_FILL_AREA(#11421);
#11421 = FILL_AREA_STYLE('',(#11422));
#11422 = FILL_AREA_STYLE_COLOUR('',#11044);
#11423 = STYLED_ITEM('color',(#11424),#2742);
#11424 = PRESENTATION_STYLE_ASSIGNMENT((#11425));
#11425 = SURFACE_STYLE_USAGE(.BOTH.,#11426);
#11426 = SURFACE_SIDE_STYLE('',(#11427));
#11427 = SURFACE_STYLE_FILL_AREA(#11428);
#11428 = FILL_AREA_STYLE('',(#11429));
#11429 = FILL_AREA_STYLE_COLOUR('',#11044);
#11430 = STYLED_ITEM('color',(#11431),#2789);
#11431 = PRESENTATION_STYLE_ASSIGNMENT((#11432));
#11432 = SURFACE_STYLE_USAGE(.BOTH.,#11433);
#11433 = SURFACE_SIDE_STYLE('',(#11434));
#11434 = SURFACE_STYLE_FILL_AREA(#11435);
#11435 = FILL_AREA_STYLE('',(#11436));
#11436 = FILL_AREA_STYLE_COLOUR('',#11044);
#11437 = STYLED_ITEM('color',(#11438),#2820);
#11438 = PRESENTATION_STYLE_ASSIGNMENT((#11439));
#11439 = SURFACE_STYLE_USAGE(.BOTH.,#11440);
#11440 = SURFACE_SIDE_STYLE('',(#11441));
#11441 = SURFACE_STYLE_FILL_AREA(#11442);
#11442 = FILL_AREA_STYLE('',(#11443));
#11443 = FILL_AREA_STYLE_COLOUR('',#11044);
#11444 = STYLED_ITEM('color',(#11445),#2837);
#11445 = PRESENTATION_STYLE_ASSIGNMENT((#11446));
#11446 = SURFACE_STYLE_USAGE(.BOTH.,#11447);
#11447 = SURFACE_SIDE_STYLE('',(#11448));
#11448 = SURFACE_STYLE_FILL_AREA(#11449);
#11449 = FILL_AREA_STYLE('',(#11450));
#11450 = FILL_AREA_STYLE_COLOUR('',#11044);
#11451 = STYLED_ITEM('color',(#11452),#2854);
#11452 = PRESENTATION_STYLE_ASSIGNMENT((#11453));
#11453 = SURFACE_STYLE_USAGE(.BOTH.,#11454);
#11454 = SURFACE_SIDE_STYLE('',(#11455));
#11455 = SURFACE_STYLE_FILL_AREA(#11456);
#11456 = FILL_AREA_STYLE('',(#11457));
#11457 = FILL_AREA_STYLE_COLOUR('',#11044);
#11458 = STYLED_ITEM('color',(#11459),#2871);
#11459 = PRESENTATION_STYLE_ASSIGNMENT((#11460));
#11460 = SURFACE_STYLE_USAGE(.BOTH.,#11461);
#11461 = SURFACE_SIDE_STYLE('',(#11462));
#11462 = SURFACE_STYLE_FILL_AREA(#11463);
#11463 = FILL_AREA_STYLE('',(#11464));
#11464 = FILL_AREA_STYLE_COLOUR('',#11044);
#11465 = STYLED_ITEM('color',(#11466),#2888);
#11466 = PRESENTATION_STYLE_ASSIGNMENT((#11467));
#11467 = SURFACE_STYLE_USAGE(.BOTH.,#11468);
#11468 = SURFACE_SIDE_STYLE('',(#11469));
#11469 = SURFACE_STYLE_FILL_AREA(#11470);
#11470 = FILL_AREA_STYLE('',(#11471));
#11471 = FILL_AREA_STYLE_COLOUR('',#11044);
#11472 = STYLED_ITEM('color',(#11473),#2905);
#11473 = PRESENTATION_STYLE_ASSIGNMENT((#11474));
#11474 = SURFACE_STYLE_USAGE(.BOTH.,#11475);
#11475 = SURFACE_SIDE_STYLE('',(#11476));
#11476 = SURFACE_STYLE_FILL_AREA(#11477);
#11477 = FILL_AREA_STYLE('',(#11478));
#11478 = FILL_AREA_STYLE_COLOUR('',#11044);
#11479 = STYLED_ITEM('color',(#11480),#2922);
#11480 = PRESENTATION_STYLE_ASSIGNMENT((#11481));
#11481 = SURFACE_STYLE_USAGE(.BOTH.,#11482);
#11482 = SURFACE_SIDE_STYLE('',(#11483));
#11483 = SURFACE_STYLE_FILL_AREA(#11484);
#11484 = FILL_AREA_STYLE('',(#11485));
#11485 = FILL_AREA_STYLE_COLOUR('',#11044);
#11486 = STYLED_ITEM('color',(#11487),#2946);
#11487 = PRESENTATION_STYLE_ASSIGNMENT((#11488));
#11488 = SURFACE_STYLE_USAGE(.BOTH.,#11489);
#11489 = SURFACE_SIDE_STYLE('',(#11490));
#11490 = SURFACE_STYLE_FILL_AREA(#11491);
#11491 = FILL_AREA_STYLE('',(#11492));
#11492 = FILL_AREA_STYLE_COLOUR('',#11044);
#11493 = STYLED_ITEM('color',(#11494),#2970);
#11494 = PRESENTATION_STYLE_ASSIGNMENT((#11495));
#11495 = SURFACE_STYLE_USAGE(.BOTH.,#11496);
#11496 = SURFACE_SIDE_STYLE('',(#11497));
#11497 = SURFACE_STYLE_FILL_AREA(#11498);
#11498 = FILL_AREA_STYLE('',(#11499));
#11499 = FILL_AREA_STYLE_COLOUR('',#11044);
#11500 = STYLED_ITEM('color',(#11501),#2987);
#11501 = PRESENTATION_STYLE_ASSIGNMENT((#11502));
#11502 = SURFACE_STYLE_USAGE(.BOTH.,#11503);
#11503 = SURFACE_SIDE_STYLE('',(#11504));
#11504 = SURFACE_STYLE_FILL_AREA(#11505);
#11505 = FILL_AREA_STYLE('',(#11506));
#11506 = FILL_AREA_STYLE_COLOUR('',#11044);
#11507 = STYLED_ITEM('color',(#11508),#3011);
#11508 = PRESENTATION_STYLE_ASSIGNMENT((#11509));
#11509 = SURFACE_STYLE_USAGE(.BOTH.,#11510);
#11510 = SURFACE_SIDE_STYLE('',(#11511));
#11511 = SURFACE_STYLE_FILL_AREA(#11512);
#11512 = FILL_AREA_STYLE('',(#11513));
#11513 = FILL_AREA_STYLE_COLOUR('',#11044);
#11514 = STYLED_ITEM('color',(#11515),#3035);
#11515 = PRESENTATION_STYLE_ASSIGNMENT((#11516));
#11516 = SURFACE_STYLE_USAGE(.BOTH.,#11517);
#11517 = SURFACE_SIDE_STYLE('',(#11518));
#11518 = SURFACE_STYLE_FILL_AREA(#11519);
#11519 = FILL_AREA_STYLE('',(#11520));
#11520 = FILL_AREA_STYLE_COLOUR('',#11044);
#11521 = STYLED_ITEM('color',(#11522),#3052);
#11522 = PRESENTATION_STYLE_ASSIGNMENT((#11523));
#11523 = SURFACE_STYLE_USAGE(.BOTH.,#11524);
#11524 = SURFACE_SIDE_STYLE('',(#11525));
#11525 = SURFACE_STYLE_FILL_AREA(#11526);
#11526 = FILL_AREA_STYLE('',(#11527));
#11527 = FILL_AREA_STYLE_COLOUR('',#11044);
#11528 = STYLED_ITEM('color',(#11529),#3076);
#11529 = PRESENTATION_STYLE_ASSIGNMENT((#11530));
#11530 = SURFACE_STYLE_USAGE(.BOTH.,#11531);
#11531 = SURFACE_SIDE_STYLE('',(#11532));
#11532 = SURFACE_STYLE_FILL_AREA(#11533);
#11533 = FILL_AREA_STYLE('',(#11534));
#11534 = FILL_AREA_STYLE_COLOUR('',#11044);
#11535 = STYLED_ITEM('color',(#11536),#3100);
#11536 = PRESENTATION_STYLE_ASSIGNMENT((#11537));
#11537 = SURFACE_STYLE_USAGE(.BOTH.,#11538);
#11538 = SURFACE_SIDE_STYLE('',(#11539));
#11539 = SURFACE_STYLE_FILL_AREA(#11540);
#11540 = FILL_AREA_STYLE('',(#11541));
#11541 = FILL_AREA_STYLE_COLOUR('',#11044);
#11542 = STYLED_ITEM('color',(#11543),#3117);
#11543 = PRESENTATION_STYLE_ASSIGNMENT((#11544));
#11544 = SURFACE_STYLE_USAGE(.BOTH.,#11545);
#11545 = SURFACE_SIDE_STYLE('',(#11546));
#11546 = SURFACE_STYLE_FILL_AREA(#11547);
#11547 = FILL_AREA_STYLE('',(#11548));
#11548 = FILL_AREA_STYLE_COLOUR('',#11044);
#11549 = STYLED_ITEM('color',(#11550),#3141);
#11550 = PRESENTATION_STYLE_ASSIGNMENT((#11551));
#11551 = SURFACE_STYLE_USAGE(.BOTH.,#11552);
#11552 = SURFACE_SIDE_STYLE('',(#11553));
#11553 = SURFACE_STYLE_FILL_AREA(#11554);
#11554 = FILL_AREA_STYLE('',(#11555));
#11555 = FILL_AREA_STYLE_COLOUR('',#11044);
#11556 = STYLED_ITEM('color',(#11557),#3165);
#11557 = PRESENTATION_STYLE_ASSIGNMENT((#11558));
#11558 = SURFACE_STYLE_USAGE(.BOTH.,#11559);
#11559 = SURFACE_SIDE_STYLE('',(#11560));
#11560 = SURFACE_STYLE_FILL_AREA(#11561);
#11561 = FILL_AREA_STYLE('',(#11562));
#11562 = FILL_AREA_STYLE_COLOUR('',#11044);
#11563 = STYLED_ITEM('color',(#11564),#3182);
#11564 = PRESENTATION_STYLE_ASSIGNMENT((#11565));
#11565 = SURFACE_STYLE_USAGE(.BOTH.,#11566);
#11566 = SURFACE_SIDE_STYLE('',(#11567));
#11567 = SURFACE_STYLE_FILL_AREA(#11568);
#11568 = FILL_AREA_STYLE('',(#11569));
#11569 = FILL_AREA_STYLE_COLOUR('',#11044);
#11570 = STYLED_ITEM('color',(#11571),#3206);
#11571 = PRESENTATION_STYLE_ASSIGNMENT((#11572));
#11572 = SURFACE_STYLE_USAGE(.BOTH.,#11573);
#11573 = SURFACE_SIDE_STYLE('',(#11574));
#11574 = SURFACE_STYLE_FILL_AREA(#11575);
#11575 = FILL_AREA_STYLE('',(#11576));
#11576 = FILL_AREA_STYLE_COLOUR('',#11044);
#11577 = STYLED_ITEM('color',(#11578),#3230);
#11578 = PRESENTATION_STYLE_ASSIGNMENT((#11579));
#11579 = SURFACE_STYLE_USAGE(.BOTH.,#11580);
#11580 = SURFACE_SIDE_STYLE('',(#11581));
#11581 = SURFACE_STYLE_FILL_AREA(#11582);
#11582 = FILL_AREA_STYLE('',(#11583));
#11583 = FILL_AREA_STYLE_COLOUR('',#11044);
#11584 = STYLED_ITEM('color',(#11585),#3247);
#11585 = PRESENTATION_STYLE_ASSIGNMENT((#11586));
#11586 = SURFACE_STYLE_USAGE(.BOTH.,#11587);
#11587 = SURFACE_SIDE_STYLE('',(#11588));
#11588 = SURFACE_STYLE_FILL_AREA(#11589);
#11589 = FILL_AREA_STYLE('',(#11590));
#11590 = FILL_AREA_STYLE_COLOUR('',#11044);
#11591 = STYLED_ITEM('color',(#11592),#3264);
#11592 = PRESENTATION_STYLE_ASSIGNMENT((#11593));
#11593 = SURFACE_STYLE_USAGE(.BOTH.,#11594);
#11594 = SURFACE_SIDE_STYLE('',(#11595));
#11595 = SURFACE_STYLE_FILL_AREA(#11596);
#11596 = FILL_AREA_STYLE('',(#11597));
#11597 = FILL_AREA_STYLE_COLOUR('',#11044);
#11598 = STYLED_ITEM('color',(#11599),#3276);
#11599 = PRESENTATION_STYLE_ASSIGNMENT((#11600));
#11600 = SURFACE_STYLE_USAGE(.BOTH.,#11601);
#11601 = SURFACE_SIDE_STYLE('',(#11602));
#11602 = SURFACE_STYLE_FILL_AREA(#11603);
#11603 = FILL_AREA_STYLE('',(#11604));
#11604 = FILL_AREA_STYLE_COLOUR('',#11044);
#11605 = STYLED_ITEM('color',(#11606),#3293);
#11606 = PRESENTATION_STYLE_ASSIGNMENT((#11607));
#11607 = SURFACE_STYLE_USAGE(.BOTH.,#11608);
#11608 = SURFACE_SIDE_STYLE('',(#11609));
#11609 = SURFACE_STYLE_FILL_AREA(#11610);
#11610 = FILL_AREA_STYLE('',(#11611));
#11611 = FILL_AREA_STYLE_COLOUR('',#11044);
#11612 = STYLED_ITEM('color',(#11613),#3305);
#11613 = PRESENTATION_STYLE_ASSIGNMENT((#11614));
#11614 = SURFACE_STYLE_USAGE(.BOTH.,#11615);
#11615 = SURFACE_SIDE_STYLE('',(#11616));
#11616 = SURFACE_STYLE_FILL_AREA(#11617);
#11617 = FILL_AREA_STYLE('',(#11618));
#11618 = FILL_AREA_STYLE_COLOUR('',#11044);
#11619 = STYLED_ITEM('color',(#11620),#3329);
#11620 = PRESENTATION_STYLE_ASSIGNMENT((#11621));
#11621 = SURFACE_STYLE_USAGE(.BOTH.,#11622);
#11622 = SURFACE_SIDE_STYLE('',(#11623));
#11623 = SURFACE_STYLE_FILL_AREA(#11624);
#11624 = FILL_AREA_STYLE('',(#11625));
#11625 = FILL_AREA_STYLE_COLOUR('',#11044);
#11626 = STYLED_ITEM('color',(#11627),#3347);
#11627 = PRESENTATION_STYLE_ASSIGNMENT((#11628));
#11628 = SURFACE_STYLE_USAGE(.BOTH.,#11629);
#11629 = SURFACE_SIDE_STYLE('',(#11630));
#11630 = SURFACE_STYLE_FILL_AREA(#11631);
#11631 = FILL_AREA_STYLE('',(#11632));
#11632 = FILL_AREA_STYLE_COLOUR('',#11044);
#11633 = STYLED_ITEM('color',(#11634),#3359);
#11634 = PRESENTATION_STYLE_ASSIGNMENT((#11635));
#11635 = SURFACE_STYLE_USAGE(.BOTH.,#11636);
#11636 = SURFACE_SIDE_STYLE('',(#11637));
#11637 = SURFACE_STYLE_FILL_AREA(#11638);
#11638 = FILL_AREA_STYLE('',(#11639));
#11639 = FILL_AREA_STYLE_COLOUR('',#11044);
#11640 = STYLED_ITEM('color',(#11641),#3371);
#11641 = PRESENTATION_STYLE_ASSIGNMENT((#11642));
#11642 = SURFACE_STYLE_USAGE(.BOTH.,#11643);
#11643 = SURFACE_SIDE_STYLE('',(#11644));
#11644 = SURFACE_STYLE_FILL_AREA(#11645);
#11645 = FILL_AREA_STYLE('',(#11646));
#11646 = FILL_AREA_STYLE_COLOUR('',#11044);
#11647 = STYLED_ITEM('color',(#11648),#3385);
#11648 = PRESENTATION_STYLE_ASSIGNMENT((#11649));
#11649 = SURFACE_STYLE_USAGE(.BOTH.,#11650);
#11650 = SURFACE_SIDE_STYLE('',(#11651));
#11651 = SURFACE_STYLE_FILL_AREA(#11652);
#11652 = FILL_AREA_STYLE('',(#11653));
#11653 = FILL_AREA_STYLE_COLOUR('',#11044);
#11654 = STYLED_ITEM('color',(#11655),#3397);
#11655 = PRESENTATION_STYLE_ASSIGNMENT((#11656));
#11656 = SURFACE_STYLE_USAGE(.BOTH.,#11657);
#11657 = SURFACE_SIDE_STYLE('',(#11658));
#11658 = SURFACE_STYLE_FILL_AREA(#11659);
#11659 = FILL_AREA_STYLE('',(#11660));
#11660 = FILL_AREA_STYLE_COLOUR('',#11044);
#11661 = STYLED_ITEM('color',(#11662),#3409);
#11662 = PRESENTATION_STYLE_ASSIGNMENT((#11663));
#11663 = SURFACE_STYLE_USAGE(.BOTH.,#11664);
#11664 = SURFACE_SIDE_STYLE('',(#11665));
#11665 = SURFACE_STYLE_FILL_AREA(#11666);
#11666 = FILL_AREA_STYLE('',(#11667));
#11667 = FILL_AREA_STYLE_COLOUR('',#11044);
#11668 = STYLED_ITEM('color',(#11669),#3421);
#11669 = PRESENTATION_STYLE_ASSIGNMENT((#11670));
#11670 = SURFACE_STYLE_USAGE(.BOTH.,#11671);
#11671 = SURFACE_SIDE_STYLE('',(#11672));
#11672 = SURFACE_STYLE_FILL_AREA(#11673);
#11673 = FILL_AREA_STYLE('',(#11674));
#11674 = FILL_AREA_STYLE_COLOUR('',#11675);
#11675 = COLOUR_RGB('',0.823529417451,0.819607860991,0.780392170416);
#11676 = STYLED_ITEM('color',(#11677),#3452);
#11677 = PRESENTATION_STYLE_ASSIGNMENT((#11678));
#11678 = SURFACE_STYLE_USAGE(.BOTH.,#11679);
#11679 = SURFACE_SIDE_STYLE('',(#11680));
#11680 = SURFACE_STYLE_FILL_AREA(#11681);
#11681 = FILL_AREA_STYLE('',(#11682));
#11682 = FILL_AREA_STYLE_COLOUR('',#11675);
#11683 = STYLED_ITEM('color',(#11684),#3476);
#11684 = PRESENTATION_STYLE_ASSIGNMENT((#11685));
#11685 = SURFACE_STYLE_USAGE(.BOTH.,#11686);
#11686 = SURFACE_SIDE_STYLE('',(#11687));
#11687 = SURFACE_STYLE_FILL_AREA(#11688);
#11688 = FILL_AREA_STYLE('',(#11689));
#11689 = FILL_AREA_STYLE_COLOUR('',#11675);
#11690 = STYLED_ITEM('color',(#11691),#3500);
#11691 = PRESENTATION_STYLE_ASSIGNMENT((#11692));
#11692 = SURFACE_STYLE_USAGE(.BOTH.,#11693);
#11693 = SURFACE_SIDE_STYLE('',(#11694));
#11694 = SURFACE_STYLE_FILL_AREA(#11695);
#11695 = FILL_AREA_STYLE('',(#11696));
#11696 = FILL_AREA_STYLE_COLOUR('',#11675);
#11697 = STYLED_ITEM('color',(#11698),#3517);
#11698 = PRESENTATION_STYLE_ASSIGNMENT((#11699));
#11699 = SURFACE_STYLE_USAGE(.BOTH.,#11700);
#11700 = SURFACE_SIDE_STYLE('',(#11701));
#11701 = SURFACE_STYLE_FILL_AREA(#11702);
#11702 = FILL_AREA_STYLE('',(#11703));
#11703 = FILL_AREA_STYLE_COLOUR('',#11675);
#11704 = STYLED_ITEM('color',(#11705),#3548);
#11705 = PRESENTATION_STYLE_ASSIGNMENT((#11706));
#11706 = SURFACE_STYLE_USAGE(.BOTH.,#11707);
#11707 = SURFACE_SIDE_STYLE('',(#11708));
#11708 = SURFACE_STYLE_FILL_AREA(#11709);
#11709 = FILL_AREA_STYLE('',(#11710));
#11710 = FILL_AREA_STYLE_COLOUR('',#11675);
#11711 = STYLED_ITEM('color',(#11712),#3572);
#11712 = PRESENTATION_STYLE_ASSIGNMENT((#11713));
#11713 = SURFACE_STYLE_USAGE(.BOTH.,#11714);
#11714 = SURFACE_SIDE_STYLE('',(#11715));
#11715 = SURFACE_STYLE_FILL_AREA(#11716);
#11716 = FILL_AREA_STYLE('',(#11717));
#11717 = FILL_AREA_STYLE_COLOUR('',#11675);
#11718 = STYLED_ITEM('color',(#11719),#3596);
#11719 = PRESENTATION_STYLE_ASSIGNMENT((#11720));
#11720 = SURFACE_STYLE_USAGE(.BOTH.,#11721);
#11721 = SURFACE_SIDE_STYLE('',(#11722));
#11722 = SURFACE_STYLE_FILL_AREA(#11723);
#11723 = FILL_AREA_STYLE('',(#11724));
#11724 = FILL_AREA_STYLE_COLOUR('',#11675);
#11725 = STYLED_ITEM('color',(#11726),#3613);
#11726 = PRESENTATION_STYLE_ASSIGNMENT((#11727));
#11727 = SURFACE_STYLE_USAGE(.BOTH.,#11728);
#11728 = SURFACE_SIDE_STYLE('',(#11729));
#11729 = SURFACE_STYLE_FILL_AREA(#11730);
#11730 = FILL_AREA_STYLE('',(#11731));
#11731 = FILL_AREA_STYLE_COLOUR('',#11675);
#11732 = STYLED_ITEM('color',(#11733),#3644);
#11733 = PRESENTATION_STYLE_ASSIGNMENT((#11734));
#11734 = SURFACE_STYLE_USAGE(.BOTH.,#11735);
#11735 = SURFACE_SIDE_STYLE('',(#11736));
#11736 = SURFACE_STYLE_FILL_AREA(#11737);
#11737 = FILL_AREA_STYLE('',(#11738));
#11738 = FILL_AREA_STYLE_COLOUR('',#11675);
#11739 = STYLED_ITEM('color',(#11740),#3668);
#11740 = PRESENTATION_STYLE_ASSIGNMENT((#11741));
#11741 = SURFACE_STYLE_USAGE(.BOTH.,#11742);
#11742 = SURFACE_SIDE_STYLE('',(#11743));
#11743 = SURFACE_STYLE_FILL_AREA(#11744);
#11744 = FILL_AREA_STYLE('',(#11745));
#11745 = FILL_AREA_STYLE_COLOUR('',#11675);
#11746 = STYLED_ITEM('color',(#11747),#3692);
#11747 = PRESENTATION_STYLE_ASSIGNMENT((#11748));
#11748 = SURFACE_STYLE_USAGE(.BOTH.,#11749);
#11749 = SURFACE_SIDE_STYLE('',(#11750));
#11750 = SURFACE_STYLE_FILL_AREA(#11751);
#11751 = FILL_AREA_STYLE('',(#11752));
#11752 = FILL_AREA_STYLE_COLOUR('',#11675);
#11753 = STYLED_ITEM('color',(#11754),#3709);
#11754 = PRESENTATION_STYLE_ASSIGNMENT((#11755));
#11755 = SURFACE_STYLE_USAGE(.BOTH.,#11756);
#11756 = SURFACE_SIDE_STYLE('',(#11757));
#11757 = SURFACE_STYLE_FILL_AREA(#11758);
#11758 = FILL_AREA_STYLE('',(#11759));
#11759 = FILL_AREA_STYLE_COLOUR('',#11675);
#11760 = STYLED_ITEM('color',(#11761),#3740);
#11761 = PRESENTATION_STYLE_ASSIGNMENT((#11762));
#11762 = SURFACE_STYLE_USAGE(.BOTH.,#11763);
#11763 = SURFACE_SIDE_STYLE('',(#11764));
#11764 = SURFACE_STYLE_FILL_AREA(#11765);
#11765 = FILL_AREA_STYLE('',(#11766));
#11766 = FILL_AREA_STYLE_COLOUR('',#11675);
#11767 = STYLED_ITEM('color',(#11768),#3764);
#11768 = PRESENTATION_STYLE_ASSIGNMENT((#11769));
#11769 = SURFACE_STYLE_USAGE(.BOTH.,#11770);
#11770 = SURFACE_SIDE_STYLE('',(#11771));
#11771 = SURFACE_STYLE_FILL_AREA(#11772);
#11772 = FILL_AREA_STYLE('',(#11773));
#11773 = FILL_AREA_STYLE_COLOUR('',#11675);
#11774 = STYLED_ITEM('color',(#11775),#3788);
#11775 = PRESENTATION_STYLE_ASSIGNMENT((#11776));
#11776 = SURFACE_STYLE_USAGE(.BOTH.,#11777);
#11777 = SURFACE_SIDE_STYLE('',(#11778));
#11778 = SURFACE_STYLE_FILL_AREA(#11779);
#11779 = FILL_AREA_STYLE('',(#11780));
#11780 = FILL_AREA_STYLE_COLOUR('',#11675);
#11781 = STYLED_ITEM('color',(#11782),#3805);
#11782 = PRESENTATION_STYLE_ASSIGNMENT((#11783));
#11783 = SURFACE_STYLE_USAGE(.BOTH.,#11784);
#11784 = SURFACE_SIDE_STYLE('',(#11785));
#11785 = SURFACE_STYLE_FILL_AREA(#11786);
#11786 = FILL_AREA_STYLE('',(#11787));
#11787 = FILL_AREA_STYLE_COLOUR('',#11675);
#11788 = STYLED_ITEM('color',(#11789),#3836);
#11789 = PRESENTATION_STYLE_ASSIGNMENT((#11790));
#11790 = SURFACE_STYLE_USAGE(.BOTH.,#11791);
#11791 = SURFACE_SIDE_STYLE('',(#11792));
#11792 = SURFACE_STYLE_FILL_AREA(#11793);
#11793 = FILL_AREA_STYLE('',(#11794));
#11794 = FILL_AREA_STYLE_COLOUR('',#11675);
#11795 = STYLED_ITEM('color',(#11796),#3860);
#11796 = PRESENTATION_STYLE_ASSIGNMENT((#11797));
#11797 = SURFACE_STYLE_USAGE(.BOTH.,#11798);
#11798 = SURFACE_SIDE_STYLE('',(#11799));
#11799 = SURFACE_STYLE_FILL_AREA(#11800);
#11800 = FILL_AREA_STYLE('',(#11801));
#11801 = FILL_AREA_STYLE_COLOUR('',#11675);
#11802 = STYLED_ITEM('color',(#11803),#3884);
#11803 = PRESENTATION_STYLE_ASSIGNMENT((#11804));
#11804 = SURFACE_STYLE_USAGE(.BOTH.,#11805);
#11805 = SURFACE_SIDE_STYLE('',(#11806));
#11806 = SURFACE_STYLE_FILL_AREA(#11807);
#11807 = FILL_AREA_STYLE('',(#11808));
#11808 = FILL_AREA_STYLE_COLOUR('',#11675);
#11809 = STYLED_ITEM('color',(#11810),#3901);
#11810 = PRESENTATION_STYLE_ASSIGNMENT((#11811));
#11811 = SURFACE_STYLE_USAGE(.BOTH.,#11812);
#11812 = SURFACE_SIDE_STYLE('',(#11813));
#11813 = SURFACE_STYLE_FILL_AREA(#11814);
#11814 = FILL_AREA_STYLE('',(#11815));
#11815 = FILL_AREA_STYLE_COLOUR('',#11675);
#11816 = STYLED_ITEM('color',(#11817),#3932);
#11817 = PRESENTATION_STYLE_ASSIGNMENT((#11818));
#11818 = SURFACE_STYLE_USAGE(.BOTH.,#11819);
#11819 = SURFACE_SIDE_STYLE('',(#11820));
#11820 = SURFACE_STYLE_FILL_AREA(#11821);
#11821 = FILL_AREA_STYLE('',(#11822));
#11822 = FILL_AREA_STYLE_COLOUR('',#11675);
#11823 = STYLED_ITEM('color',(#11824),#3956);
#11824 = PRESENTATION_STYLE_ASSIGNMENT((#11825));
#11825 = SURFACE_STYLE_USAGE(.BOTH.,#11826);
#11826 = SURFACE_SIDE_STYLE('',(#11827));
#11827 = SURFACE_STYLE_FILL_AREA(#11828);
#11828 = FILL_AREA_STYLE('',(#11829));
#11829 = FILL_AREA_STYLE_COLOUR('',#11675);
#11830 = STYLED_ITEM('color',(#11831),#3980);
#11831 = PRESENTATION_STYLE_ASSIGNMENT((#11832));
#11832 = SURFACE_STYLE_USAGE(.BOTH.,#11833);
#11833 = SURFACE_SIDE_STYLE('',(#11834));
#11834 = SURFACE_STYLE_FILL_AREA(#11835);
#11835 = FILL_AREA_STYLE('',(#11836));
#11836 = FILL_AREA_STYLE_COLOUR('',#11675);
#11837 = STYLED_ITEM('color',(#11838),#3997);
#11838 = PRESENTATION_STYLE_ASSIGNMENT((#11839));
#11839 = SURFACE_STYLE_USAGE(.BOTH.,#11840);
#11840 = SURFACE_SIDE_STYLE('',(#11841));
#11841 = SURFACE_STYLE_FILL_AREA(#11842);
#11842 = FILL_AREA_STYLE('',(#11843));
#11843 = FILL_AREA_STYLE_COLOUR('',#11044);
#11844 = STYLED_ITEM('color',(#11845),#4043);
#11845 = PRESENTATION_STYLE_ASSIGNMENT((#11846));
#11846 = SURFACE_STYLE_USAGE(.BOTH.,#11847);
#11847 = SURFACE_SIDE_STYLE('',(#11848));
#11848 = SURFACE_STYLE_FILL_AREA(#11849);
#11849 = FILL_AREA_STYLE('',(#11850));
#11850 = FILL_AREA_STYLE_COLOUR('',#11044);
#11851 = STYLED_ITEM('color',(#11852),#4089);
#11852 = PRESENTATION_STYLE_ASSIGNMENT((#11853));
#11853 = SURFACE_STYLE_USAGE(.BOTH.,#11854);
#11854 = SURFACE_SIDE_STYLE('',(#11855));
#11855 = SURFACE_STYLE_FILL_AREA(#11856);
#11856 = FILL_AREA_STYLE('',(#11857));
#11857 = FILL_AREA_STYLE_COLOUR('',#11044);
#11858 = STYLED_ITEM('color',(#11859),#4135);
#11859 = PRESENTATION_STYLE_ASSIGNMENT((#11860));
#11860 = SURFACE_STYLE_USAGE(.BOTH.,#11861);
#11861 = SURFACE_SIDE_STYLE('',(#11862));
#11862 = SURFACE_STYLE_FILL_AREA(#11863);
#11863 = FILL_AREA_STYLE('',(#11864));
#11864 = FILL_AREA_STYLE_COLOUR('',#11044);
#11865 = STYLED_ITEM('color',(#11866),#4181);
#11866 = PRESENTATION_STYLE_ASSIGNMENT((#11867));
#11867 = SURFACE_STYLE_USAGE(.BOTH.,#11868);
#11868 = SURFACE_SIDE_STYLE('',(#11869));
#11869 = SURFACE_STYLE_FILL_AREA(#11870);
#11870 = FILL_AREA_STYLE('',(#11871));
#11871 = FILL_AREA_STYLE_COLOUR('',#11044);
#11872 = STYLED_ITEM('color',(#11873),#4227);
#11873 = PRESENTATION_STYLE_ASSIGNMENT((#11874));
#11874 = SURFACE_STYLE_USAGE(.BOTH.,#11875);
#11875 = SURFACE_SIDE_STYLE('',(#11876));
#11876 = SURFACE_STYLE_FILL_AREA(#11877);
#11877 = FILL_AREA_STYLE('',(#11878));
#11878 = FILL_AREA_STYLE_COLOUR('',#11044);
#11879 = STYLED_ITEM('color',(#11880),#4273);
#11880 = PRESENTATION_STYLE_ASSIGNMENT((#11881));
#11881 = SURFACE_STYLE_USAGE(.BOTH.,#11882);
#11882 = SURFACE_SIDE_STYLE('',(#11883));
#11883 = SURFACE_STYLE_FILL_AREA(#11884);
#11884 = FILL_AREA_STYLE('',(#11885));
#11885 = FILL_AREA_STYLE_COLOUR('',#11044);
#11886 = STYLED_ITEM('color',(#11887),#4290);
#11887 = PRESENTATION_STYLE_ASSIGNMENT((#11888));
#11888 = SURFACE_STYLE_USAGE(.BOTH.,#11889);
#11889 = SURFACE_SIDE_STYLE('',(#11890));
#11890 = SURFACE_STYLE_FILL_AREA(#11891);
#11891 = FILL_AREA_STYLE('',(#11892));
#11892 = FILL_AREA_STYLE_COLOUR('',#11044);
#11893 = STYLED_ITEM('color',(#11894),#4302);
#11894 = PRESENTATION_STYLE_ASSIGNMENT((#11895));
#11895 = SURFACE_STYLE_USAGE(.BOTH.,#11896);
#11896 = SURFACE_SIDE_STYLE('',(#11897));
#11897 = SURFACE_STYLE_FILL_AREA(#11898);
#11898 = FILL_AREA_STYLE('',(#11899));
#11899 = FILL_AREA_STYLE_COLOUR('',#11675);
#11900 = STYLED_ITEM('color',(#11901),#4333);
#11901 = PRESENTATION_STYLE_ASSIGNMENT((#11902));
#11902 = SURFACE_STYLE_USAGE(.BOTH.,#11903);
#11903 = SURFACE_SIDE_STYLE('',(#11904));
#11904 = SURFACE_STYLE_FILL_AREA(#11905);
#11905 = FILL_AREA_STYLE('',(#11906));
#11906 = FILL_AREA_STYLE_COLOUR('',#11675);
#11907 = STYLED_ITEM('color',(#11908),#4357);
#11908 = PRESENTATION_STYLE_ASSIGNMENT((#11909));
#11909 = SURFACE_STYLE_USAGE(.BOTH.,#11910);
#11910 = SURFACE_SIDE_STYLE('',(#11911));
#11911 = SURFACE_STYLE_FILL_AREA(#11912);
#11912 = FILL_AREA_STYLE('',(#11913));
#11913 = FILL_AREA_STYLE_COLOUR('',#11675);
#11914 = STYLED_ITEM('color',(#11915),#4381);
#11915 = PRESENTATION_STYLE_ASSIGNMENT((#11916));
#11916 = SURFACE_STYLE_USAGE(.BOTH.,#11917);
#11917 = SURFACE_SIDE_STYLE('',(#11918));
#11918 = SURFACE_STYLE_FILL_AREA(#11919);
#11919 = FILL_AREA_STYLE('',(#11920));
#11920 = FILL_AREA_STYLE_COLOUR('',#11675);
#11921 = STYLED_ITEM('color',(#11922),#4398);
#11922 = PRESENTATION_STYLE_ASSIGNMENT((#11923));
#11923 = SURFACE_STYLE_USAGE(.BOTH.,#11924);
#11924 = SURFACE_SIDE_STYLE('',(#11925));
#11925 = SURFACE_STYLE_FILL_AREA(#11926);
#11926 = FILL_AREA_STYLE('',(#11927));
#11927 = FILL_AREA_STYLE_COLOUR('',#11675);
#11928 = STYLED_ITEM('color',(#11929),#4429);
#11929 = PRESENTATION_STYLE_ASSIGNMENT((#11930));
#11930 = SURFACE_STYLE_USAGE(.BOTH.,#11931);
#11931 = SURFACE_SIDE_STYLE('',(#11932));
#11932 = SURFACE_STYLE_FILL_AREA(#11933);
#11933 = FILL_AREA_STYLE('',(#11934));
#11934 = FILL_AREA_STYLE_COLOUR('',#11675);
#11935 = STYLED_ITEM('color',(#11936),#4453);
#11936 = PRESENTATION_STYLE_ASSIGNMENT((#11937));
#11937 = SURFACE_STYLE_USAGE(.BOTH.,#11938);
#11938 = SURFACE_SIDE_STYLE('',(#11939));
#11939 = SURFACE_STYLE_FILL_AREA(#11940);
#11940 = FILL_AREA_STYLE('',(#11941));
#11941 = FILL_AREA_STYLE_COLOUR('',#11675);
#11942 = STYLED_ITEM('color',(#11943),#4477);
#11943 = PRESENTATION_STYLE_ASSIGNMENT((#11944));
#11944 = SURFACE_STYLE_USAGE(.BOTH.,#11945);
#11945 = SURFACE_SIDE_STYLE('',(#11946));
#11946 = SURFACE_STYLE_FILL_AREA(#11947);
#11947 = FILL_AREA_STYLE('',(#11948));
#11948 = FILL_AREA_STYLE_COLOUR('',#11675);
#11949 = STYLED_ITEM('color',(#11950),#4494);
#11950 = PRESENTATION_STYLE_ASSIGNMENT((#11951));
#11951 = SURFACE_STYLE_USAGE(.BOTH.,#11952);
#11952 = SURFACE_SIDE_STYLE('',(#11953));
#11953 = SURFACE_STYLE_FILL_AREA(#11954);
#11954 = FILL_AREA_STYLE('',(#11955));
#11955 = FILL_AREA_STYLE_COLOUR('',#11675);
#11956 = STYLED_ITEM('color',(#11957),#4525);
#11957 = PRESENTATION_STYLE_ASSIGNMENT((#11958));
#11958 = SURFACE_STYLE_USAGE(.BOTH.,#11959);
#11959 = SURFACE_SIDE_STYLE('',(#11960));
#11960 = SURFACE_STYLE_FILL_AREA(#11961);
#11961 = FILL_AREA_STYLE('',(#11962));
#11962 = FILL_AREA_STYLE_COLOUR('',#11675);
#11963 = STYLED_ITEM('color',(#11964),#4549);
#11964 = PRESENTATION_STYLE_ASSIGNMENT((#11965));
#11965 = SURFACE_STYLE_USAGE(.BOTH.,#11966);
#11966 = SURFACE_SIDE_STYLE('',(#11967));
#11967 = SURFACE_STYLE_FILL_AREA(#11968);
#11968 = FILL_AREA_STYLE('',(#11969));
#11969 = FILL_AREA_STYLE_COLOUR('',#11675);
#11970 = STYLED_ITEM('color',(#11971),#4573);
#11971 = PRESENTATION_STYLE_ASSIGNMENT((#11972));
#11972 = SURFACE_STYLE_USAGE(.BOTH.,#11973);
#11973 = SURFACE_SIDE_STYLE('',(#11974));
#11974 = SURFACE_STYLE_FILL_AREA(#11975);
#11975 = FILL_AREA_STYLE('',(#11976));
#11976 = FILL_AREA_STYLE_COLOUR('',#11675);
#11977 = STYLED_ITEM('color',(#11978),#4590);
#11978 = PRESENTATION_STYLE_ASSIGNMENT((#11979));
#11979 = SURFACE_STYLE_USAGE(.BOTH.,#11980);
#11980 = SURFACE_SIDE_STYLE('',(#11981));
#11981 = SURFACE_STYLE_FILL_AREA(#11982);
#11982 = FILL_AREA_STYLE('',(#11983));
#11983 = FILL_AREA_STYLE_COLOUR('',#11675);
#11984 = STYLED_ITEM('color',(#11985),#4621);
#11985 = PRESENTATION_STYLE_ASSIGNMENT((#11986));
#11986 = SURFACE_STYLE_USAGE(.BOTH.,#11987);
#11987 = SURFACE_SIDE_STYLE('',(#11988));
#11988 = SURFACE_STYLE_FILL_AREA(#11989);
#11989 = FILL_AREA_STYLE('',(#11990));
#11990 = FILL_AREA_STYLE_COLOUR('',#11675);
#11991 = STYLED_ITEM('color',(#11992),#4645);
#11992 = PRESENTATION_STYLE_ASSIGNMENT((#11993));
#11993 = SURFACE_STYLE_USAGE(.BOTH.,#11994);
#11994 = SURFACE_SIDE_STYLE('',(#11995));
#11995 = SURFACE_STYLE_FILL_AREA(#11996);
#11996 = FILL_AREA_STYLE('',(#11997));
#11997 = FILL_AREA_STYLE_COLOUR('',#11675);
#11998 = STYLED_ITEM('color',(#11999),#4669);
#11999 = PRESENTATION_STYLE_ASSIGNMENT((#12000));
#12000 = SURFACE_STYLE_USAGE(.BOTH.,#12001);
#12001 = SURFACE_SIDE_STYLE('',(#12002));
#12002 = SURFACE_STYLE_FILL_AREA(#12003);
#12003 = FILL_AREA_STYLE('',(#12004));
#12004 = FILL_AREA_STYLE_COLOUR('',#11675);
#12005 = STYLED_ITEM('color',(#12006),#4686);
#12006 = PRESENTATION_STYLE_ASSIGNMENT((#12007));
#12007 = SURFACE_STYLE_USAGE(.BOTH.,#12008);
#12008 = SURFACE_SIDE_STYLE('',(#12009));
#12009 = SURFACE_STYLE_FILL_AREA(#12010);
#12010 = FILL_AREA_STYLE('',(#12011));
#12011 = FILL_AREA_STYLE_COLOUR('',#11675);
#12012 = STYLED_ITEM('color',(#12013),#4717);
#12013 = PRESENTATION_STYLE_ASSIGNMENT((#12014));
#12014 = SURFACE_STYLE_USAGE(.BOTH.,#12015);
#12015 = SURFACE_SIDE_STYLE('',(#12016));
#12016 = SURFACE_STYLE_FILL_AREA(#12017);
#12017 = FILL_AREA_STYLE('',(#12018));
#12018 = FILL_AREA_STYLE_COLOUR('',#11675);
#12019 = STYLED_ITEM('color',(#12020),#4741);
#12020 = PRESENTATION_STYLE_ASSIGNMENT((#12021));
#12021 = SURFACE_STYLE_USAGE(.BOTH.,#12022);
#12022 = SURFACE_SIDE_STYLE('',(#12023));
#12023 = SURFACE_STYLE_FILL_AREA(#12024);
#12024 = FILL_AREA_STYLE('',(#12025));
#12025 = FILL_AREA_STYLE_COLOUR('',#11675);
#12026 = STYLED_ITEM('color',(#12027),#4765);
#12027 = PRESENTATION_STYLE_ASSIGNMENT((#12028));
#12028 = SURFACE_STYLE_USAGE(.BOTH.,#12029);
#12029 = SURFACE_SIDE_STYLE('',(#12030));
#12030 = SURFACE_STYLE_FILL_AREA(#12031);
#12031 = FILL_AREA_STYLE('',(#12032));
#12032 = FILL_AREA_STYLE_COLOUR('',#11675);
#12033 = STYLED_ITEM('color',(#12034),#4782);
#12034 = PRESENTATION_STYLE_ASSIGNMENT((#12035));
#12035 = SURFACE_STYLE_USAGE(.BOTH.,#12036);
#12036 = SURFACE_SIDE_STYLE('',(#12037));
#12037 = SURFACE_STYLE_FILL_AREA(#12038);
#12038 = FILL_AREA_STYLE('',(#12039));
#12039 = FILL_AREA_STYLE_COLOUR('',#11675);
#12040 = STYLED_ITEM('color',(#12041),#4813);
#12041 = PRESENTATION_STYLE_ASSIGNMENT((#12042));
#12042 = SURFACE_STYLE_USAGE(.BOTH.,#12043);
#12043 = SURFACE_SIDE_STYLE('',(#12044));
#12044 = SURFACE_STYLE_FILL_AREA(#12045);
#12045 = FILL_AREA_STYLE('',(#12046));
#12046 = FILL_AREA_STYLE_COLOUR('',#11675);
#12047 = STYLED_ITEM('color',(#12048),#4837);
#12048 = PRESENTATION_STYLE_ASSIGNMENT((#12049));
#12049 = SURFACE_STYLE_USAGE(.BOTH.,#12050);
#12050 = SURFACE_SIDE_STYLE('',(#12051));
#12051 = SURFACE_STYLE_FILL_AREA(#12052);
#12052 = FILL_AREA_STYLE('',(#12053));
#12053 = FILL_AREA_STYLE_COLOUR('',#11675);
#12054 = STYLED_ITEM('color',(#12055),#4861);
#12055 = PRESENTATION_STYLE_ASSIGNMENT((#12056));
#12056 = SURFACE_STYLE_USAGE(.BOTH.,#12057);
#12057 = SURFACE_SIDE_STYLE('',(#12058));
#12058 = SURFACE_STYLE_FILL_AREA(#12059);
#12059 = FILL_AREA_STYLE('',(#12060));
#12060 = FILL_AREA_STYLE_COLOUR('',#11675);
#12061 = STYLED_ITEM('color',(#12062),#4878);
#12062 = PRESENTATION_STYLE_ASSIGNMENT((#12063));
#12063 = SURFACE_STYLE_USAGE(.BOTH.,#12064);
#12064 = SURFACE_SIDE_STYLE('',(#12065));
#12065 = SURFACE_STYLE_FILL_AREA(#12066);
#12066 = FILL_AREA_STYLE('',(#12067));
#12067 = FILL_AREA_STYLE_COLOUR('',#11675);
#12068 = STYLED_ITEM('color',(#12069),#4909);
#12069 = PRESENTATION_STYLE_ASSIGNMENT((#12070));
#12070 = SURFACE_STYLE_USAGE(.BOTH.,#12071);
#12071 = SURFACE_SIDE_STYLE('',(#12072));
#12072 = SURFACE_STYLE_FILL_AREA(#12073);
#12073 = FILL_AREA_STYLE('',(#12074));
#12074 = FILL_AREA_STYLE_COLOUR('',#11675);
#12075 = STYLED_ITEM('color',(#12076),#4999);
#12076 = PRESENTATION_STYLE_ASSIGNMENT((#12077));
#12077 = SURFACE_STYLE_USAGE(.BOTH.,#12078);
#12078 = SURFACE_SIDE_STYLE('',(#12079));
#12079 = SURFACE_STYLE_FILL_AREA(#12080);
#12080 = FILL_AREA_STYLE('',(#12081));
#12081 = FILL_AREA_STYLE_COLOUR('',#11675);
#12082 = STYLED_ITEM('color',(#12083),#5023);
#12083 = PRESENTATION_STYLE_ASSIGNMENT((#12084));
#12084 = SURFACE_STYLE_USAGE(.BOTH.,#12085);
#12085 = SURFACE_SIDE_STYLE('',(#12086));
#12086 = SURFACE_STYLE_FILL_AREA(#12087);
#12087 = FILL_AREA_STYLE('',(#12088));
#12088 = FILL_AREA_STYLE_COLOUR('',#11675);
#12089 = STYLED_ITEM('color',(#12090),#5106);
#12090 = PRESENTATION_STYLE_ASSIGNMENT((#12091));
#12091 = SURFACE_STYLE_USAGE(.BOTH.,#12092);
#12092 = SURFACE_SIDE_STYLE('',(#12093));
#12093 = SURFACE_STYLE_FILL_AREA(#12094);
#12094 = FILL_AREA_STYLE('',(#12095));
#12095 = FILL_AREA_STYLE_COLOUR('',#11675);
#12096 = STYLED_ITEM('color',(#12097),#5171);
#12097 = PRESENTATION_STYLE_ASSIGNMENT((#12098));
#12098 = SURFACE_STYLE_USAGE(.BOTH.,#12099);
#12099 = SURFACE_SIDE_STYLE('',(#12100));
#12100 = SURFACE_STYLE_FILL_AREA(#12101);
#12101 = FILL_AREA_STYLE('',(#12102));
#12102 = FILL_AREA_STYLE_COLOUR('',#11675);
#12103 = STYLED_ITEM('color',(#12104),#5195);
#12104 = PRESENTATION_STYLE_ASSIGNMENT((#12105));
#12105 = SURFACE_STYLE_USAGE(.BOTH.,#12106);
#12106 = SURFACE_SIDE_STYLE('',(#12107));
#12107 = SURFACE_STYLE_FILL_AREA(#12108);
#12108 = FILL_AREA_STYLE('',(#12109));
#12109 = FILL_AREA_STYLE_COLOUR('',#11675);
#12110 = STYLED_ITEM('color',(#12111),#5253);
#12111 = PRESENTATION_STYLE_ASSIGNMENT((#12112));
#12112 = SURFACE_STYLE_USAGE(.BOTH.,#12113);
#12113 = SURFACE_SIDE_STYLE('',(#12114));
#12114 = SURFACE_STYLE_FILL_AREA(#12115);
#12115 = FILL_AREA_STYLE('',(#12116));
#12116 = FILL_AREA_STYLE_COLOUR('',#11675);
#12117 = STYLED_ITEM('color',(#12118),#5270);
#12118 = PRESENTATION_STYLE_ASSIGNMENT((#12119));
#12119 = SURFACE_STYLE_USAGE(.BOTH.,#12120);
#12120 = SURFACE_SIDE_STYLE('',(#12121));
#12121 = SURFACE_STYLE_FILL_AREA(#12122);
#12122 = FILL_AREA_STYLE('',(#12123));
#12123 = FILL_AREA_STYLE_COLOUR('',#11675);
#12124 = STYLED_ITEM('color',(#12125),#5301);
#12125 = PRESENTATION_STYLE_ASSIGNMENT((#12126));
#12126 = SURFACE_STYLE_USAGE(.BOTH.,#12127);
#12127 = SURFACE_SIDE_STYLE('',(#12128));
#12128 = SURFACE_STYLE_FILL_AREA(#12129);
#12129 = FILL_AREA_STYLE('',(#12130));
#12130 = FILL_AREA_STYLE_COLOUR('',#11675);
#12131 = STYLED_ITEM('color',(#12132),#5359);
#12132 = PRESENTATION_STYLE_ASSIGNMENT((#12133));
#12133 = SURFACE_STYLE_USAGE(.BOTH.,#12134);
#12134 = SURFACE_SIDE_STYLE('',(#12135));
#12135 = SURFACE_STYLE_FILL_AREA(#12136);
#12136 = FILL_AREA_STYLE('',(#12137));
#12137 = FILL_AREA_STYLE_COLOUR('',#11675);
#12138 = STYLED_ITEM('color',(#12139),#5383);
#12139 = PRESENTATION_STYLE_ASSIGNMENT((#12140));
#12140 = SURFACE_STYLE_USAGE(.BOTH.,#12141);
#12141 = SURFACE_SIDE_STYLE('',(#12142));
#12142 = SURFACE_STYLE_FILL_AREA(#12143);
#12143 = FILL_AREA_STYLE('',(#12144));
#12144 = FILL_AREA_STYLE_COLOUR('',#11675);
#12145 = STYLED_ITEM('color',(#12146),#5434);
#12146 = PRESENTATION_STYLE_ASSIGNMENT((#12147));
#12147 = SURFACE_STYLE_USAGE(.BOTH.,#12148);
#12148 = SURFACE_SIDE_STYLE('',(#12149));
#12149 = SURFACE_STYLE_FILL_AREA(#12150);
#12150 = FILL_AREA_STYLE('',(#12151));
#12151 = FILL_AREA_STYLE_COLOUR('',#11675);
#12152 = STYLED_ITEM('color',(#12153),#5499);
#12153 = PRESENTATION_STYLE_ASSIGNMENT((#12154));
#12154 = SURFACE_STYLE_USAGE(.BOTH.,#12155);
#12155 = SURFACE_SIDE_STYLE('',(#12156));
#12156 = SURFACE_STYLE_FILL_AREA(#12157);
#12157 = FILL_AREA_STYLE('',(#12158));
#12158 = FILL_AREA_STYLE_COLOUR('',#11675);
#12159 = STYLED_ITEM('color',(#12160),#5523);
#12160 = PRESENTATION_STYLE_ASSIGNMENT((#12161));
#12161 = SURFACE_STYLE_USAGE(.BOTH.,#12162);
#12162 = SURFACE_SIDE_STYLE('',(#12163));
#12163 = SURFACE_STYLE_FILL_AREA(#12164);
#12164 = FILL_AREA_STYLE('',(#12165));
#12165 = FILL_AREA_STYLE_COLOUR('',#11675);
#12166 = STYLED_ITEM('color',(#12167),#5581);
#12167 = PRESENTATION_STYLE_ASSIGNMENT((#12168));
#12168 = SURFACE_STYLE_USAGE(.BOTH.,#12169);
#12169 = SURFACE_SIDE_STYLE('',(#12170));
#12170 = SURFACE_STYLE_FILL_AREA(#12171);
#12171 = FILL_AREA_STYLE('',(#12172));
#12172 = FILL_AREA_STYLE_COLOUR('',#11675);
#12173 = STYLED_ITEM('color',(#12174),#5598);
#12174 = PRESENTATION_STYLE_ASSIGNMENT((#12175));
#12175 = SURFACE_STYLE_USAGE(.BOTH.,#12176);
#12176 = SURFACE_SIDE_STYLE('',(#12177));
#12177 = SURFACE_STYLE_FILL_AREA(#12178);
#12178 = FILL_AREA_STYLE('',(#12179));
#12179 = FILL_AREA_STYLE_COLOUR('',#11675);
#12180 = STYLED_ITEM('color',(#12181),#5663);
#12181 = PRESENTATION_STYLE_ASSIGNMENT((#12182));
#12182 = SURFACE_STYLE_USAGE(.BOTH.,#12183);
#12183 = SURFACE_SIDE_STYLE('',(#12184));
#12184 = SURFACE_STYLE_FILL_AREA(#12185);
#12185 = FILL_AREA_STYLE('',(#12186));
#12186 = FILL_AREA_STYLE_COLOUR('',#11675);
#12187 = STYLED_ITEM('color',(#12188),#5687);
#12188 = PRESENTATION_STYLE_ASSIGNMENT((#12189));
#12189 = SURFACE_STYLE_USAGE(.BOTH.,#12190);
#12190 = SURFACE_SIDE_STYLE('',(#12191));
#12191 = SURFACE_STYLE_FILL_AREA(#12192);
#12192 = FILL_AREA_STYLE('',(#12193));
#12193 = FILL_AREA_STYLE_COLOUR('',#11675);
#12194 = STYLED_ITEM('color',(#12195),#5745);
#12195 = PRESENTATION_STYLE_ASSIGNMENT((#12196));
#12196 = SURFACE_STYLE_USAGE(.BOTH.,#12197);
#12197 = SURFACE_SIDE_STYLE('',(#12198));
#12198 = SURFACE_STYLE_FILL_AREA(#12199);
#12199 = FILL_AREA_STYLE('',(#12200));
#12200 = FILL_AREA_STYLE_COLOUR('',#11675);
#12201 = STYLED_ITEM('color',(#12202),#5762);
#12202 = PRESENTATION_STYLE_ASSIGNMENT((#12203));
#12203 = SURFACE_STYLE_USAGE(.BOTH.,#12204);
#12204 = SURFACE_SIDE_STYLE('',(#12205));
#12205 = SURFACE_STYLE_FILL_AREA(#12206);
#12206 = FILL_AREA_STYLE('',(#12207));
#12207 = FILL_AREA_STYLE_COLOUR('',#11675);
#12208 = STYLED_ITEM('color',(#12209),#5793);
#12209 = PRESENTATION_STYLE_ASSIGNMENT((#12210));
#12210 = SURFACE_STYLE_USAGE(.BOTH.,#12211);
#12211 = SURFACE_SIDE_STYLE('',(#12212));
#12212 = SURFACE_STYLE_FILL_AREA(#12213);
#12213 = FILL_AREA_STYLE('',(#12214));
#12214 = FILL_AREA_STYLE_COLOUR('',#11675);
#12215 = STYLED_ITEM('color',(#12216),#5883);
#12216 = PRESENTATION_STYLE_ASSIGNMENT((#12217));
#12217 = SURFACE_STYLE_USAGE(.BOTH.,#12218);
#12218 = SURFACE_SIDE_STYLE('',(#12219));
#12219 = SURFACE_STYLE_FILL_AREA(#12220);
#12220 = FILL_AREA_STYLE('',(#12221));
#12221 = FILL_AREA_STYLE_COLOUR('',#11675);
#12222 = STYLED_ITEM('color',(#12223),#5907);
#12223 = PRESENTATION_STYLE_ASSIGNMENT((#12224));
#12224 = SURFACE_STYLE_USAGE(.BOTH.,#12225);
#12225 = SURFACE_SIDE_STYLE('',(#12226));
#12226 = SURFACE_STYLE_FILL_AREA(#12227);
#12227 = FILL_AREA_STYLE('',(#12228));
#12228 = FILL_AREA_STYLE_COLOUR('',#11675);
#12229 = STYLED_ITEM('color',(#12230),#5990);
#12230 = PRESENTATION_STYLE_ASSIGNMENT((#12231));
#12231 = SURFACE_STYLE_USAGE(.BOTH.,#12232);
#12232 = SURFACE_SIDE_STYLE('',(#12233));
#12233 = SURFACE_STYLE_FILL_AREA(#12234);
#12234 = FILL_AREA_STYLE('',(#12235));
#12235 = FILL_AREA_STYLE_COLOUR('',#11675);
#12236 = STYLED_ITEM('color',(#12237),#6002);
#12237 = PRESENTATION_STYLE_ASSIGNMENT((#12238));
#12238 = SURFACE_STYLE_USAGE(.BOTH.,#12239);
#12239 = SURFACE_SIDE_STYLE('',(#12240));
#12240 = SURFACE_STYLE_FILL_AREA(#12241);
#12241 = FILL_AREA_STYLE('',(#12242));
#12242 = FILL_AREA_STYLE_COLOUR('',#11675);
#12243 = STYLED_ITEM('color',(#12244),#6014);
#12244 = PRESENTATION_STYLE_ASSIGNMENT((#12245));
#12245 = SURFACE_STYLE_USAGE(.BOTH.,#12246);
#12246 = SURFACE_SIDE_STYLE('',(#12247));
#12247 = SURFACE_STYLE_FILL_AREA(#12248);
#12248 = FILL_AREA_STYLE('',(#12249));
#12249 = FILL_AREA_STYLE_COLOUR('',#11675);
#12250 = STYLED_ITEM('color',(#12251),#6026);
#12251 = PRESENTATION_STYLE_ASSIGNMENT((#12252));
#12252 = SURFACE_STYLE_USAGE(.BOTH.,#12253);
#12253 = SURFACE_SIDE_STYLE('',(#12254));
#12254 = SURFACE_STYLE_FILL_AREA(#12255);
#12255 = FILL_AREA_STYLE('',(#12256));
#12256 = FILL_AREA_STYLE_COLOUR('',#11675);
#12257 = STYLED_ITEM('color',(#12258),#6038);
#12258 = PRESENTATION_STYLE_ASSIGNMENT((#12259));
#12259 = SURFACE_STYLE_USAGE(.BOTH.,#12260);
#12260 = SURFACE_SIDE_STYLE('',(#12261));
#12261 = SURFACE_STYLE_FILL_AREA(#12262);
#12262 = FILL_AREA_STYLE('',(#12263));
#12263 = FILL_AREA_STYLE_COLOUR('',#11675);
#12264 = STYLED_ITEM('color',(#12265),#6050);
#12265 = PRESENTATION_STYLE_ASSIGNMENT((#12266));
#12266 = SURFACE_STYLE_USAGE(.BOTH.,#12267);
#12267 = SURFACE_SIDE_STYLE('',(#12268));
#12268 = SURFACE_STYLE_FILL_AREA(#12269);
#12269 = FILL_AREA_STYLE('',(#12270));
#12270 = FILL_AREA_STYLE_COLOUR('',#11675);
#12271 = STYLED_ITEM('color',(#12272),#6062);
#12272 = PRESENTATION_STYLE_ASSIGNMENT((#12273));
#12273 = SURFACE_STYLE_USAGE(.BOTH.,#12274);
#12274 = SURFACE_SIDE_STYLE('',(#12275));
#12275 = SURFACE_STYLE_FILL_AREA(#12276);
#12276 = FILL_AREA_STYLE('',(#12277));
#12277 = FILL_AREA_STYLE_COLOUR('',#11675);
#12278 = STYLED_ITEM('color',(#12279),#6079);
#12279 = PRESENTATION_STYLE_ASSIGNMENT((#12280));
#12280 = SURFACE_STYLE_USAGE(.BOTH.,#12281);
#12281 = SURFACE_SIDE_STYLE('',(#12282));
#12282 = SURFACE_STYLE_FILL_AREA(#12283);
#12283 = FILL_AREA_STYLE('',(#12284));
#12284 = FILL_AREA_STYLE_COLOUR('',#11675);
#12285 = STYLED_ITEM('color',(#12286),#6096);
#12286 = PRESENTATION_STYLE_ASSIGNMENT((#12287));
#12287 = SURFACE_STYLE_USAGE(.BOTH.,#12288);
#12288 = SURFACE_SIDE_STYLE('',(#12289));
#12289 = SURFACE_STYLE_FILL_AREA(#12290);
#12290 = FILL_AREA_STYLE('',(#12291));
#12291 = FILL_AREA_STYLE_COLOUR('',#11675);
#12292 = STYLED_ITEM('color',(#12293),#6113);
#12293 = PRESENTATION_STYLE_ASSIGNMENT((#12294));
#12294 = SURFACE_STYLE_USAGE(.BOTH.,#12295);
#12295 = SURFACE_SIDE_STYLE('',(#12296));
#12296 = SURFACE_STYLE_FILL_AREA(#12297);
#12297 = FILL_AREA_STYLE('',(#12298));
#12298 = FILL_AREA_STYLE_COLOUR('',#11675);
#12299 = STYLED_ITEM('color',(#12300),#6130);
#12300 = PRESENTATION_STYLE_ASSIGNMENT((#12301));
#12301 = SURFACE_STYLE_USAGE(.BOTH.,#12302);
#12302 = SURFACE_SIDE_STYLE('',(#12303));
#12303 = SURFACE_STYLE_FILL_AREA(#12304);
#12304 = FILL_AREA_STYLE('',(#12305));
#12305 = FILL_AREA_STYLE_COLOUR('',#11675);
#12306 = STYLED_ITEM('color',(#12307),#6163);
#12307 = PRESENTATION_STYLE_ASSIGNMENT((#12308));
#12308 = SURFACE_STYLE_USAGE(.BOTH.,#12309);
#12309 = SURFACE_SIDE_STYLE('',(#12310));
#12310 = SURFACE_STYLE_FILL_AREA(#12311);
#12311 = FILL_AREA_STYLE('',(#12312));
#12312 = FILL_AREA_STYLE_COLOUR('',#11675);
#12313 = STYLED_ITEM('color',(#12314),#6203);
#12314 = PRESENTATION_STYLE_ASSIGNMENT((#12315));
#12315 = SURFACE_STYLE_USAGE(.BOTH.,#12316);
#12316 = SURFACE_SIDE_STYLE('',(#12317));
#12317 = SURFACE_STYLE_FILL_AREA(#12318);
#12318 = FILL_AREA_STYLE('',(#12319));
#12319 = FILL_AREA_STYLE_COLOUR('',#11675);
#12320 = STYLED_ITEM('color',(#12321),#6234);
#12321 = PRESENTATION_STYLE_ASSIGNMENT((#12322));
#12322 = SURFACE_STYLE_USAGE(.BOTH.,#12323);
#12323 = SURFACE_SIDE_STYLE('',(#12324));
#12324 = SURFACE_STYLE_FILL_AREA(#12325);
#12325 = FILL_AREA_STYLE('',(#12326));
#12326 = FILL_AREA_STYLE_COLOUR('',#11675);
#12327 = STYLED_ITEM('color',(#12328),#6251);
#12328 = PRESENTATION_STYLE_ASSIGNMENT((#12329));
#12329 = SURFACE_STYLE_USAGE(.BOTH.,#12330);
#12330 = SURFACE_SIDE_STYLE('',(#12331));
#12331 = SURFACE_STYLE_FILL_AREA(#12332);
#12332 = FILL_AREA_STYLE('',(#12333));
#12333 = FILL_AREA_STYLE_COLOUR('',#11675);
#12334 = STYLED_ITEM('color',(#12335),#6263);
#12335 = PRESENTATION_STYLE_ASSIGNMENT((#12336));
#12336 = SURFACE_STYLE_USAGE(.BOTH.,#12337);
#12337 = SURFACE_SIDE_STYLE('',(#12338));
#12338 = SURFACE_STYLE_FILL_AREA(#12339);
#12339 = FILL_AREA_STYLE('',(#12340));
#12340 = FILL_AREA_STYLE_COLOUR('',#11675);
#12341 = STYLED_ITEM('color',(#12342),#6296);
#12342 = PRESENTATION_STYLE_ASSIGNMENT((#12343));
#12343 = SURFACE_STYLE_USAGE(.BOTH.,#12344);
#12344 = SURFACE_SIDE_STYLE('',(#12345));
#12345 = SURFACE_STYLE_FILL_AREA(#12346);
#12346 = FILL_AREA_STYLE('',(#12347));
#12347 = FILL_AREA_STYLE_COLOUR('',#11675);
#12348 = STYLED_ITEM('color',(#12349),#6313);
#12349 = PRESENTATION_STYLE_ASSIGNMENT((#12350));
#12350 = SURFACE_STYLE_USAGE(.BOTH.,#12351);
#12351 = SURFACE_SIDE_STYLE('',(#12352));
#12352 = SURFACE_STYLE_FILL_AREA(#12353);
#12353 = FILL_AREA_STYLE('',(#12354));
#12354 = FILL_AREA_STYLE_COLOUR('',#11675);
#12355 = STYLED_ITEM('color',(#12356),#6330);
#12356 = PRESENTATION_STYLE_ASSIGNMENT((#12357));
#12357 = SURFACE_STYLE_USAGE(.BOTH.,#12358);
#12358 = SURFACE_SIDE_STYLE('',(#12359));
#12359 = SURFACE_STYLE_FILL_AREA(#12360);
#12360 = FILL_AREA_STYLE('',(#12361));
#12361 = FILL_AREA_STYLE_COLOUR('',#11675);
#12362 = STYLED_ITEM('color',(#12363),#6361);
#12363 = PRESENTATION_STYLE_ASSIGNMENT((#12364));
#12364 = SURFACE_STYLE_USAGE(.BOTH.,#12365);
#12365 = SURFACE_SIDE_STYLE('',(#12366));
#12366 = SURFACE_STYLE_FILL_AREA(#12367);
#12367 = FILL_AREA_STYLE('',(#12368));
#12368 = FILL_AREA_STYLE_COLOUR('',#11675);
#12369 = STYLED_ITEM('color',(#12370),#6383);
#12370 = PRESENTATION_STYLE_ASSIGNMENT((#12371));
#12371 = SURFACE_STYLE_USAGE(.BOTH.,#12372);
#12372 = SURFACE_SIDE_STYLE('',(#12373));
#12373 = SURFACE_STYLE_FILL_AREA(#12374);
#12374 = FILL_AREA_STYLE('',(#12375));
#12375 = FILL_AREA_STYLE_COLOUR('',#11675);
#12376 = STYLED_ITEM('color',(#12377),#6395);
#12377 = PRESENTATION_STYLE_ASSIGNMENT((#12378));
#12378 = SURFACE_STYLE_USAGE(.BOTH.,#12379);
#12379 = SURFACE_SIDE_STYLE('',(#12380));
#12380 = SURFACE_STYLE_FILL_AREA(#12381);
#12381 = FILL_AREA_STYLE('',(#12382));
#12382 = FILL_AREA_STYLE_COLOUR('',#11675);
#12383 = STYLED_ITEM('color',(#12384),#6426);
#12384 = PRESENTATION_STYLE_ASSIGNMENT((#12385));
#12385 = SURFACE_STYLE_USAGE(.BOTH.,#12386);
#12386 = SURFACE_SIDE_STYLE('',(#12387));
#12387 = SURFACE_STYLE_FILL_AREA(#12388);
#12388 = FILL_AREA_STYLE('',(#12389));
#12389 = FILL_AREA_STYLE_COLOUR('',#11675);
#12390 = STYLED_ITEM('color',(#12391),#6443);
#12391 = PRESENTATION_STYLE_ASSIGNMENT((#12392));
#12392 = SURFACE_STYLE_USAGE(.BOTH.,#12393);
#12393 = SURFACE_SIDE_STYLE('',(#12394));
#12394 = SURFACE_STYLE_FILL_AREA(#12395);
#12395 = FILL_AREA_STYLE('',(#12396));
#12396 = FILL_AREA_STYLE_COLOUR('',#11675);
#12397 = STYLED_ITEM('color',(#12398),#6460);
#12398 = PRESENTATION_STYLE_ASSIGNMENT((#12399));
#12399 = SURFACE_STYLE_USAGE(.BOTH.,#12400);
#12400 = SURFACE_SIDE_STYLE('',(#12401));
#12401 = SURFACE_STYLE_FILL_AREA(#12402);
#12402 = FILL_AREA_STYLE('',(#12403));
#12403 = FILL_AREA_STYLE_COLOUR('',#11675);
#12404 = STYLED_ITEM('color',(#12405),#6477);
#12405 = PRESENTATION_STYLE_ASSIGNMENT((#12406));
#12406 = SURFACE_STYLE_USAGE(.BOTH.,#12407);
#12407 = SURFACE_SIDE_STYLE('',(#12408));
#12408 = SURFACE_STYLE_FILL_AREA(#12409);
#12409 = FILL_AREA_STYLE('',(#12410));
#12410 = FILL_AREA_STYLE_COLOUR('',#11675);
#12411 = STYLED_ITEM('color',(#12412),#6508);
#12412 = PRESENTATION_STYLE_ASSIGNMENT((#12413));
#12413 = SURFACE_STYLE_USAGE(.BOTH.,#12414);
#12414 = SURFACE_SIDE_STYLE('',(#12415));
#12415 = SURFACE_STYLE_FILL_AREA(#12416);
#12416 = FILL_AREA_STYLE('',(#12417));
#12417 = FILL_AREA_STYLE_COLOUR('',#11675);
#12418 = STYLED_ITEM('color',(#12419),#6525);
#12419 = PRESENTATION_STYLE_ASSIGNMENT((#12420));
#12420 = SURFACE_STYLE_USAGE(.BOTH.,#12421);
#12421 = SURFACE_SIDE_STYLE('',(#12422));
#12422 = SURFACE_STYLE_FILL_AREA(#12423);
#12423 = FILL_AREA_STYLE('',(#12424));
#12424 = FILL_AREA_STYLE_COLOUR('',#11675);
#12425 = STYLED_ITEM('color',(#12426),#6556);
#12426 = PRESENTATION_STYLE_ASSIGNMENT((#12427));
#12427 = SURFACE_STYLE_USAGE(.BOTH.,#12428);
#12428 = SURFACE_SIDE_STYLE('',(#12429));
#12429 = SURFACE_STYLE_FILL_AREA(#12430);
#12430 = FILL_AREA_STYLE('',(#12431));
#12431 = FILL_AREA_STYLE_COLOUR('',#11675);
#12432 = STYLED_ITEM('color',(#12433),#6573);
#12433 = PRESENTATION_STYLE_ASSIGNMENT((#12434));
#12434 = SURFACE_STYLE_USAGE(.BOTH.,#12435);
#12435 = SURFACE_SIDE_STYLE('',(#12436));
#12436 = SURFACE_STYLE_FILL_AREA(#12437);
#12437 = FILL_AREA_STYLE('',(#12438));
#12438 = FILL_AREA_STYLE_COLOUR('',#11675);
#12439 = STYLED_ITEM('color',(#12440),#6590);
#12440 = PRESENTATION_STYLE_ASSIGNMENT((#12441));
#12441 = SURFACE_STYLE_USAGE(.BOTH.,#12442);
#12442 = SURFACE_SIDE_STYLE('',(#12443));
#12443 = SURFACE_STYLE_FILL_AREA(#12444);
#12444 = FILL_AREA_STYLE('',(#12445));
#12445 = FILL_AREA_STYLE_COLOUR('',#11675);
#12446 = STYLED_ITEM('color',(#12447),#6621);
#12447 = PRESENTATION_STYLE_ASSIGNMENT((#12448));
#12448 = SURFACE_STYLE_USAGE(.BOTH.,#12449);
#12449 = SURFACE_SIDE_STYLE('',(#12450));
#12450 = SURFACE_STYLE_FILL_AREA(#12451);
#12451 = FILL_AREA_STYLE('',(#12452));
#12452 = FILL_AREA_STYLE_COLOUR('',#11675);
#12453 = STYLED_ITEM('color',(#12454),#6643);
#12454 = PRESENTATION_STYLE_ASSIGNMENT((#12455));
#12455 = SURFACE_STYLE_USAGE(.BOTH.,#12456);
#12456 = SURFACE_SIDE_STYLE('',(#12457));
#12457 = SURFACE_STYLE_FILL_AREA(#12458);
#12458 = FILL_AREA_STYLE('',(#12459));
#12459 = FILL_AREA_STYLE_COLOUR('',#11675);
#12460 = STYLED_ITEM('color',(#12461),#6655);
#12461 = PRESENTATION_STYLE_ASSIGNMENT((#12462));
#12462 = SURFACE_STYLE_USAGE(.BOTH.,#12463);
#12463 = SURFACE_SIDE_STYLE('',(#12464));
#12464 = SURFACE_STYLE_FILL_AREA(#12465);
#12465 = FILL_AREA_STYLE('',(#12466));
#12466 = FILL_AREA_STYLE_COLOUR('',#11675);
#12467 = STYLED_ITEM('color',(#12468),#6686);
#12468 = PRESENTATION_STYLE_ASSIGNMENT((#12469));
#12469 = SURFACE_STYLE_USAGE(.BOTH.,#12470);
#12470 = SURFACE_SIDE_STYLE('',(#12471));
#12471 = SURFACE_STYLE_FILL_AREA(#12472);
#12472 = FILL_AREA_STYLE('',(#12473));
#12473 = FILL_AREA_STYLE_COLOUR('',#11675);
#12474 = STYLED_ITEM('color',(#12475),#6703);
#12475 = PRESENTATION_STYLE_ASSIGNMENT((#12476));
#12476 = SURFACE_STYLE_USAGE(.BOTH.,#12477);
#12477 = SURFACE_SIDE_STYLE('',(#12478));
#12478 = SURFACE_STYLE_FILL_AREA(#12479);
#12479 = FILL_AREA_STYLE('',(#12480));
#12480 = FILL_AREA_STYLE_COLOUR('',#11675);
#12481 = STYLED_ITEM('color',(#12482),#6720);
#12482 = PRESENTATION_STYLE_ASSIGNMENT((#12483));
#12483 = SURFACE_STYLE_USAGE(.BOTH.,#12484);
#12484 = SURFACE_SIDE_STYLE('',(#12485));
#12485 = SURFACE_STYLE_FILL_AREA(#12486);
#12486 = FILL_AREA_STYLE('',(#12487));
#12487 = FILL_AREA_STYLE_COLOUR('',#11675);
#12488 = STYLED_ITEM('color',(#12489),#6751);
#12489 = PRESENTATION_STYLE_ASSIGNMENT((#12490));
#12490 = SURFACE_STYLE_USAGE(.BOTH.,#12491);
#12491 = SURFACE_SIDE_STYLE('',(#12492));
#12492 = SURFACE_STYLE_FILL_AREA(#12493);
#12493 = FILL_AREA_STYLE('',(#12494));
#12494 = FILL_AREA_STYLE_COLOUR('',#11675);
#12495 = STYLED_ITEM('color',(#12496),#6773);
#12496 = PRESENTATION_STYLE_ASSIGNMENT((#12497));
#12497 = SURFACE_STYLE_USAGE(.BOTH.,#12498);
#12498 = SURFACE_SIDE_STYLE('',(#12499));
#12499 = SURFACE_STYLE_FILL_AREA(#12500);
#12500 = FILL_AREA_STYLE('',(#12501));
#12501 = FILL_AREA_STYLE_COLOUR('',#11675);
#12502 = STYLED_ITEM('color',(#12503),#6785);
#12503 = PRESENTATION_STYLE_ASSIGNMENT((#12504));
#12504 = SURFACE_STYLE_USAGE(.BOTH.,#12505);
#12505 = SURFACE_SIDE_STYLE('',(#12506));
#12506 = SURFACE_STYLE_FILL_AREA(#12507);
#12507 = FILL_AREA_STYLE('',(#12508));
#12508 = FILL_AREA_STYLE_COLOUR('',#11675);
#12509 = STYLED_ITEM('color',(#12510),#6816);
#12510 = PRESENTATION_STYLE_ASSIGNMENT((#12511));
#12511 = SURFACE_STYLE_USAGE(.BOTH.,#12512);
#12512 = SURFACE_SIDE_STYLE('',(#12513));
#12513 = SURFACE_STYLE_FILL_AREA(#12514);
#12514 = FILL_AREA_STYLE('',(#12515));
#12515 = FILL_AREA_STYLE_COLOUR('',#11675);
#12516 = STYLED_ITEM('color',(#12517),#6833);
#12517 = PRESENTATION_STYLE_ASSIGNMENT((#12518));
#12518 = SURFACE_STYLE_USAGE(.BOTH.,#12519);
#12519 = SURFACE_SIDE_STYLE('',(#12520));
#12520 = SURFACE_STYLE_FILL_AREA(#12521);
#12521 = FILL_AREA_STYLE('',(#12522));
#12522 = FILL_AREA_STYLE_COLOUR('',#11675);
#12523 = STYLED_ITEM('color',(#12524),#6850);
#12524 = PRESENTATION_STYLE_ASSIGNMENT((#12525));
#12525 = SURFACE_STYLE_USAGE(.BOTH.,#12526);
#12526 = SURFACE_SIDE_STYLE('',(#12527));
#12527 = SURFACE_STYLE_FILL_AREA(#12528);
#12528 = FILL_AREA_STYLE('',(#12529));
#12529 = FILL_AREA_STYLE_COLOUR('',#11675);
#12530 = STYLED_ITEM('color',(#12531),#6867);
#12531 = PRESENTATION_STYLE_ASSIGNMENT((#12532));
#12532 = SURFACE_STYLE_USAGE(.BOTH.,#12533);
#12533 = SURFACE_SIDE_STYLE('',(#12534));
#12534 = SURFACE_STYLE_FILL_AREA(#12535);
#12535 = FILL_AREA_STYLE('',(#12536));
#12536 = FILL_AREA_STYLE_COLOUR('',#11675);
#12537 = STYLED_ITEM('color',(#12538),#6884);
#12538 = PRESENTATION_STYLE_ASSIGNMENT((#12539));
#12539 = SURFACE_STYLE_USAGE(.BOTH.,#12540);
#12540 = SURFACE_SIDE_STYLE('',(#12541));
#12541 = SURFACE_STYLE_FILL_AREA(#12542);
#12542 = FILL_AREA_STYLE('',(#12543));
#12543 = FILL_AREA_STYLE_COLOUR('',#11675);
#12544 = STYLED_ITEM('color',(#12545),#6917);
#12545 = PRESENTATION_STYLE_ASSIGNMENT((#12546));
#12546 = SURFACE_STYLE_USAGE(.BOTH.,#12547);
#12547 = SURFACE_SIDE_STYLE('',(#12548));
#12548 = SURFACE_STYLE_FILL_AREA(#12549);
#12549 = FILL_AREA_STYLE('',(#12550));
#12550 = FILL_AREA_STYLE_COLOUR('',#11675);
#12551 = STYLED_ITEM('color',(#12552),#6957);
#12552 = PRESENTATION_STYLE_ASSIGNMENT((#12553));
#12553 = SURFACE_STYLE_USAGE(.BOTH.,#12554);
#12554 = SURFACE_SIDE_STYLE('',(#12555));
#12555 = SURFACE_STYLE_FILL_AREA(#12556);
#12556 = FILL_AREA_STYLE('',(#12557));
#12557 = FILL_AREA_STYLE_COLOUR('',#11675);
#12558 = STYLED_ITEM('color',(#12559),#6988);
#12559 = PRESENTATION_STYLE_ASSIGNMENT((#12560));
#12560 = SURFACE_STYLE_USAGE(.BOTH.,#12561);
#12561 = SURFACE_SIDE_STYLE('',(#12562));
#12562 = SURFACE_STYLE_FILL_AREA(#12563);
#12563 = FILL_AREA_STYLE('',(#12564));
#12564 = FILL_AREA_STYLE_COLOUR('',#11675);
#12565 = STYLED_ITEM('color',(#12566),#7005);
#12566 = PRESENTATION_STYLE_ASSIGNMENT((#12567));
#12567 = SURFACE_STYLE_USAGE(.BOTH.,#12568);
#12568 = SURFACE_SIDE_STYLE('',(#12569));
#12569 = SURFACE_STYLE_FILL_AREA(#12570);
#12570 = FILL_AREA_STYLE('',(#12571));
#12571 = FILL_AREA_STYLE_COLOUR('',#11675);
#12572 = STYLED_ITEM('color',(#12573),#7017);
#12573 = PRESENTATION_STYLE_ASSIGNMENT((#12574));
#12574 = SURFACE_STYLE_USAGE(.BOTH.,#12575);
#12575 = SURFACE_SIDE_STYLE('',(#12576));
#12576 = SURFACE_STYLE_FILL_AREA(#12577);
#12577 = FILL_AREA_STYLE('',(#12578));
#12578 = FILL_AREA_STYLE_COLOUR('',#11675);
#12579 = STYLED_ITEM('color',(#12580),#7050);
#12580 = PRESENTATION_STYLE_ASSIGNMENT((#12581));
#12581 = SURFACE_STYLE_USAGE(.BOTH.,#12582);
#12582 = SURFACE_SIDE_STYLE('',(#12583));
#12583 = SURFACE_STYLE_FILL_AREA(#12584);
#12584 = FILL_AREA_STYLE('',(#12585));
#12585 = FILL_AREA_STYLE_COLOUR('',#11675);
#12586 = STYLED_ITEM('color',(#12587),#7067);
#12587 = PRESENTATION_STYLE_ASSIGNMENT((#12588));
#12588 = SURFACE_STYLE_USAGE(.BOTH.,#12589);
#12589 = SURFACE_SIDE_STYLE('',(#12590));
#12590 = SURFACE_STYLE_FILL_AREA(#12591);
#12591 = FILL_AREA_STYLE('',(#12592));
#12592 = FILL_AREA_STYLE_COLOUR('',#11675);
#12593 = STYLED_ITEM('color',(#12594),#7084);
#12594 = PRESENTATION_STYLE_ASSIGNMENT((#12595));
#12595 = SURFACE_STYLE_USAGE(.BOTH.,#12596);
#12596 = SURFACE_SIDE_STYLE('',(#12597));
#12597 = SURFACE_STYLE_FILL_AREA(#12598);
#12598 = FILL_AREA_STYLE('',(#12599));
#12599 = FILL_AREA_STYLE_COLOUR('',#11675);
#12600 = STYLED_ITEM('color',(#12601),#7096);
#12601 = PRESENTATION_STYLE_ASSIGNMENT((#12602));
#12602 = SURFACE_STYLE_USAGE(.BOTH.,#12603);
#12603 = SURFACE_SIDE_STYLE('',(#12604));
#12604 = SURFACE_STYLE_FILL_AREA(#12605);
#12605 = FILL_AREA_STYLE('',(#12606));
#12606 = FILL_AREA_STYLE_COLOUR('',#11675);
#12607 = STYLED_ITEM('color',(#12608),#7113);
#12608 = PRESENTATION_STYLE_ASSIGNMENT((#12609));
#12609 = SURFACE_STYLE_USAGE(.BOTH.,#12610);
#12610 = SURFACE_SIDE_STYLE('',(#12611));
#12611 = SURFACE_STYLE_FILL_AREA(#12612);
#12612 = FILL_AREA_STYLE('',(#12613));
#12613 = FILL_AREA_STYLE_COLOUR('',#11675);
#12614 = STYLED_ITEM('color',(#12615),#7130);
#12615 = PRESENTATION_STYLE_ASSIGNMENT((#12616));
#12616 = SURFACE_STYLE_USAGE(.BOTH.,#12617);
#12617 = SURFACE_SIDE_STYLE('',(#12618));
#12618 = SURFACE_STYLE_FILL_AREA(#12619);
#12619 = FILL_AREA_STYLE('',(#12620));
#12620 = FILL_AREA_STYLE_COLOUR('',#11675);
#12621 = STYLED_ITEM('color',(#12622),#7142);
#12622 = PRESENTATION_STYLE_ASSIGNMENT((#12623));
#12623 = SURFACE_STYLE_USAGE(.BOTH.,#12624);
#12624 = SURFACE_SIDE_STYLE('',(#12625));
#12625 = SURFACE_STYLE_FILL_AREA(#12626);
#12626 = FILL_AREA_STYLE('',(#12627));
#12627 = FILL_AREA_STYLE_COLOUR('',#11675);
#12628 = STYLED_ITEM('color',(#12629),#7159);
#12629 = PRESENTATION_STYLE_ASSIGNMENT((#12630));
#12630 = SURFACE_STYLE_USAGE(.BOTH.,#12631);
#12631 = SURFACE_SIDE_STYLE('',(#12632));
#12632 = SURFACE_STYLE_FILL_AREA(#12633);
#12633 = FILL_AREA_STYLE('',(#12634));
#12634 = FILL_AREA_STYLE_COLOUR('',#11675);
#12635 = STYLED_ITEM('color',(#12636),#7176);
#12636 = PRESENTATION_STYLE_ASSIGNMENT((#12637));
#12637 = SURFACE_STYLE_USAGE(.BOTH.,#12638);
#12638 = SURFACE_SIDE_STYLE('',(#12639));
#12639 = SURFACE_STYLE_FILL_AREA(#12640);
#12640 = FILL_AREA_STYLE('',(#12641));
#12641 = FILL_AREA_STYLE_COLOUR('',#11675);
#12642 = STYLED_ITEM('color',(#12643),#7188);
#12643 = PRESENTATION_STYLE_ASSIGNMENT((#12644));
#12644 = SURFACE_STYLE_USAGE(.BOTH.,#12645);
#12645 = SURFACE_SIDE_STYLE('',(#12646));
#12646 = SURFACE_STYLE_FILL_AREA(#12647);
#12647 = FILL_AREA_STYLE('',(#12648));
#12648 = FILL_AREA_STYLE_COLOUR('',#11675);
#12649 = STYLED_ITEM('color',(#12650),#7205);
#12650 = PRESENTATION_STYLE_ASSIGNMENT((#12651));
#12651 = SURFACE_STYLE_USAGE(.BOTH.,#12652);
#12652 = SURFACE_SIDE_STYLE('',(#12653));
#12653 = SURFACE_STYLE_FILL_AREA(#12654);
#12654 = FILL_AREA_STYLE('',(#12655));
#12655 = FILL_AREA_STYLE_COLOUR('',#11675);
#12656 = STYLED_ITEM('color',(#12657),#7222);
#12657 = PRESENTATION_STYLE_ASSIGNMENT((#12658));
#12658 = SURFACE_STYLE_USAGE(.BOTH.,#12659);
#12659 = SURFACE_SIDE_STYLE('',(#12660));
#12660 = SURFACE_STYLE_FILL_AREA(#12661);
#12661 = FILL_AREA_STYLE('',(#12662));
#12662 = FILL_AREA_STYLE_COLOUR('',#11675);
#12663 = STYLED_ITEM('color',(#12664),#7234);
#12664 = PRESENTATION_STYLE_ASSIGNMENT((#12665));
#12665 = SURFACE_STYLE_USAGE(.BOTH.,#12666);
#12666 = SURFACE_SIDE_STYLE('',(#12667));
#12667 = SURFACE_STYLE_FILL_AREA(#12668);
#12668 = FILL_AREA_STYLE('',(#12669));
#12669 = FILL_AREA_STYLE_COLOUR('',#11675);
#12670 = STYLED_ITEM('color',(#12671),#7251);
#12671 = PRESENTATION_STYLE_ASSIGNMENT((#12672));
#12672 = SURFACE_STYLE_USAGE(.BOTH.,#12673);
#12673 = SURFACE_SIDE_STYLE('',(#12674));
#12674 = SURFACE_STYLE_FILL_AREA(#12675);
#12675 = FILL_AREA_STYLE('',(#12676));
#12676 = FILL_AREA_STYLE_COLOUR('',#11675);
#12677 = STYLED_ITEM('color',(#12678),#7268);
#12678 = PRESENTATION_STYLE_ASSIGNMENT((#12679));
#12679 = SURFACE_STYLE_USAGE(.BOTH.,#12680);
#12680 = SURFACE_SIDE_STYLE('',(#12681));
#12681 = SURFACE_STYLE_FILL_AREA(#12682);
#12682 = FILL_AREA_STYLE('',(#12683));
#12683 = FILL_AREA_STYLE_COLOUR('',#11675);
#12684 = STYLED_ITEM('color',(#12685),#7280);
#12685 = PRESENTATION_STYLE_ASSIGNMENT((#12686));
#12686 = SURFACE_STYLE_USAGE(.BOTH.,#12687);
#12687 = SURFACE_SIDE_STYLE('',(#12688));
#12688 = SURFACE_STYLE_FILL_AREA(#12689);
#12689 = FILL_AREA_STYLE('',(#12690));
#12690 = FILL_AREA_STYLE_COLOUR('',#11675);
#12691 = STYLED_ITEM('color',(#12692),#7297);
#12692 = PRESENTATION_STYLE_ASSIGNMENT((#12693));
#12693 = SURFACE_STYLE_USAGE(.BOTH.,#12694);
#12694 = SURFACE_SIDE_STYLE('',(#12695));
#12695 = SURFACE_STYLE_FILL_AREA(#12696);
#12696 = FILL_AREA_STYLE('',(#12697));
#12697 = FILL_AREA_STYLE_COLOUR('',#11675);
#12698 = STYLED_ITEM('color',(#12699),#7314);
#12699 = PRESENTATION_STYLE_ASSIGNMENT((#12700));
#12700 = SURFACE_STYLE_USAGE(.BOTH.,#12701);
#12701 = SURFACE_SIDE_STYLE('',(#12702));
#12702 = SURFACE_STYLE_FILL_AREA(#12703);
#12703 = FILL_AREA_STYLE('',(#12704));
#12704 = FILL_AREA_STYLE_COLOUR('',#11675);
ENDSEC;
END-ISO-10303-21;
