ISO-10303-21;
HEADER;
FILE_DESCRIPTION(('KiCad electronic assembly'),'2;1');
FILE_NAME('model.step','1970-01-01T00:00:00',('Pcbnew'),('Kicad'),
  'Open CASCADE STEP processor 7.9','KiCad to STEP converter','Unknown'
  );
FILE_SCHEMA(('AUTOMOTIVE_DESIGN { 1 0 10303 214 1 1 1 1 }'));
ENDSEC;
DATA;
#1 = APPLICATION_PROTOCOL_DEFINITION('international standard',
  'automotive_design',2000,#2);
#2 = APPLICATION_CONTEXT(
  'core data for automotive mechanical design processes');
#3 = SHAPE_DEFINITION_REPRESENTATION(#4,#10);
#4 = PRODUCT_DEFINITION_SHAPE('','',#5);
#5 = PRODUCT_DEFINITION('design','',#6,#9);
#6 = PRODUCT_DEFINITION_FORMATION('','',#7);
#7 = PRODUCT('model 1','model 1','',(#8));
#8 = PRODUCT_CONTEXT('',#2,'mechanical');
#9 = PRODUCT_DEFINITION_CONTEXT('part definition',#2,'design');
#10 = SHAPE_REPRESENTATION('',(#11,#15,#19,#23),#27);
#11 = AXIS2_PLACEMENT_3D('',#12,#13,#14);
#12 = CARTESIAN_POINT('',(0.,0.,0.));
#13 = DIRECTION('',(0.,0.,1.));
#14 = DIRECTION('',(1.,0.,-0.));
#15 = AXIS2_PLACEMENT_3D('',#16,#17,#18);
#16 = CARTESIAN_POINT('',(0.,0.,1.595));
#17 = DIRECTION('',(0.,0.,1.));
#18 = DIRECTION('',(1.,0.,0.));
#19 = AXIS2_PLACEMENT_3D('',#20,#21,#22);
#20 = CARTESIAN_POINT('',(0.,0.,0.));
#21 = DIRECTION('',(0.,0.,1.));
#22 = DIRECTION('',(1.,0.,-0.));
#23 = AXIS2_PLACEMENT_3D('',#24,#25,#26);
#24 = CARTESIAN_POINT('',(0.,0.,0.));
#25 = DIRECTION('',(0.,0.,1.));
#26 = DIRECTION('',(1.,0.,-0.));
#27 = ( GEOMETRIC_REPRESENTATION_CONTEXT(3) 
GLOBAL_UNCERTAINTY_ASSIGNED_CONTEXT((#31)) GLOBAL_UNIT_ASSIGNED_CONTEXT(
(#28,#29,#30)) REPRESENTATION_CONTEXT('Context #1',
  '3D Context with UNIT and UNCERTAINTY') );
#28 = ( LENGTH_UNIT() NAMED_UNIT(*) SI_UNIT(.MILLI.,.METRE.) );
#29 = ( NAMED_UNIT(*) PLANE_ANGLE_UNIT() SI_UNIT($,.RADIAN.) );
#30 = ( NAMED_UNIT(*) SI_UNIT($,.STERADIAN.) SOLID_ANGLE_UNIT() );
#31 = UNCERTAINTY_MEASURE_WITH_UNIT(LENGTH_MEASURE(1.E-07),#28,
  'distance_accuracy_value','confusion accuracy');
#32 = PRODUCT_RELATED_PRODUCT_CATEGORY('part',$,(#7));
#33 = SHAPE_DEFINITION_REPRESENTATION(#34,#40);
#34 = PRODUCT_DEFINITION_SHAPE('','',#35);
#35 = PRODUCT_DEFINITION('design','',#36,#39);
#36 = PRODUCT_DEFINITION_FORMATION('','',#37);
#37 = PRODUCT('JST_XH_B13B-XH-A_1x13_P2.50mm_Vertical',
  'JST_XH_B13B-XH-A_1x13_P2.50mm_Vertical','',(#38));
#38 = PRODUCT_CONTEXT('',#2,'mechanical');
#39 = PRODUCT_DEFINITION_CONTEXT('part definition',#2,'design');
#40 = SHAPE_REPRESENTATION('',(#11,#41),#45);
#41 = AXIS2_PLACEMENT_3D('',#42,#43,#44);
#42 = CARTESIAN_POINT('',(0.,0.,0.));
#43 = DIRECTION('',(0.,0.,1.));
#44 = DIRECTION('',(1.,0.,-0.));
#45 = ( GEOMETRIC_REPRESENTATION_CONTEXT(3) 
GLOBAL_UNCERTAINTY_ASSIGNED_CONTEXT((#49)) GLOBAL_UNIT_ASSIGNED_CONTEXT(
(#46,#47,#48)) REPRESENTATION_CONTEXT('Context #1',
  '3D Context with UNIT and UNCERTAINTY') );
#46 = ( LENGTH_UNIT() NAMED_UNIT(*) SI_UNIT(.MILLI.,.METRE.) );
#47 = ( NAMED_UNIT(*) PLANE_ANGLE_UNIT() SI_UNIT($,.RADIAN.) );
#48 = ( NAMED_UNIT(*) SI_UNIT($,.STERADIAN.) SOLID_ANGLE_UNIT() );
#49 = UNCERTAINTY_MEASURE_WITH_UNIT(LENGTH_MEASURE(1.E-07),#46,
  'distance_accuracy_value','confusion accuracy');
#50 = CONTEXT_DEPENDENT_SHAPE_REPRESENTATION(#51,#53);
#51 = ( REPRESENTATION_RELATIONSHIP('','',#40,#10) 
REPRESENTATION_RELATIONSHIP_WITH_TRANSFORMATION(#52) 
SHAPE_REPRESENTATION_RELATIONSHIP() );
#52 = ITEM_DEFINED_TRANSFORMATION('','',#11,#15);
#53 = PRODUCT_DEFINITION_SHAPE('Placement','Placement of an item',#54);
#54 = NEXT_ASSEMBLY_USAGE_OCCURRENCE('2','REF**','',#5,#35,$);
#55 = PRODUCT_RELATED_PRODUCT_CATEGORY('part',$,(#37));
#56 = SHAPE_DEFINITION_REPRESENTATION(#57,#63);
#57 = PRODUCT_DEFINITION_SHAPE('','',#58);
#58 = PRODUCT_DEFINITION('design','',#59,#62);
#59 = PRODUCT_DEFINITION_FORMATION('','',#60);
#60 = PRODUCT('JST_B13B_XH_A','JST_B13B_XH_A','',(#61));
#61 = PRODUCT_CONTEXT('',#2,'mechanical');
#62 = PRODUCT_DEFINITION_CONTEXT('part definition',#2,'design');
#63 = ADVANCED_BREP_SHAPE_REPRESENTATION('',(#11,#64),#10325);
#64 = MANIFOLD_SOLID_BREP('',#65);
#65 = CLOSED_SHELL('',(#66,#138,#177,#201,#266,#290,#730,#754,#819,#844,
    #893,#910,#934,#951,#1121,#1145,#1699,#1723,#1756,#1780,#1811,#1828,
    #1861,#1885,#1916,#1933,#1966,#1990,#2021,#2038,#2071,#2095,#2126,
    #2143,#2176,#2200,#2231,#2248,#2281,#2305,#2336,#2353,#2386,#2410,
    #2441,#2458,#2491,#2515,#2546,#2563,#2596,#2620,#2651,#2668,#2701,
    #2725,#2756,#2773,#2806,#2830,#2861,#2878,#2911,#2935,#2966,#2983,
    #3016,#3040,#3071,#3083,#3116,#3133,#3150,#3162,#3616,#3633,#3650,
    #3667,#3684,#3701,#3718,#3735,#3752,#3769,#3786,#3803,#3820,#3837,
    #3854,#3866,#3883,#3900,#3917,#3934,#3951,#3968,#3985,#4002,#4019,
    #4036,#4053,#4070,#4087,#4133,#4179,#4225,#4271,#4317,#4363,#4409,
    #4455,#4501,#4547,#4593,#4639,#4685,#4716,#4740,#4764,#4781,#4812,
    #4836,#4860,#4877,#4908,#4932,#4956,#4973,#5004,#5028,#5052,#5069,
    #5100,#5124,#5148,#5165,#5196,#5220,#5244,#5261,#5292,#5316,#5340,
    #5357,#5388,#5412,#5436,#5453,#5484,#5508,#5532,#5549,#5580,#5604,
    #5628,#5645,#5676,#5700,#5724,#5741,#5772,#5796,#5820,#5837,#5868,
    #5892,#5916,#5933,#5996,#6020,#6076,#6093,#6124,#6148,#6172,#6189,
    #6220,#6244,#6268,#6285,#6316,#6340,#6364,#6381,#6412,#6436,#6460,
    #6477,#6508,#6532,#6556,#6573,#6604,#6628,#6652,#6669,#6700,#6724,
    #6748,#6765,#6796,#6820,#6844,#6861,#6892,#6916,#6940,#6957,#6988,
    #7012,#7036,#7053,#7084,#7108,#7132,#7149,#7212,#7236,#7292,#7309,
    #7340,#7364,#7388,#7405,#7436,#7460,#7484,#7501,#7532,#7556,#7580,
    #7597,#7628,#7652,#7676,#7693,#7724,#7748,#7772,#7789,#7820,#7844,
    #7868,#7885,#7916,#7940,#7964,#7981,#8012,#8036,#8060,#8077,#8108,
    #8132,#8156,#8173,#8204,#8228,#8252,#8269,#8300,#8324,#8348,#8365,
    #8396,#8420,#8444,#8461,#8492,#8516,#8540,#8557,#8604,#8635,#8647,
    #8664,#8690,#8723,#8754,#8778,#8802,#8819,#8850,#8874,#8898,#8915,
    #8946,#8970,#8994,#9011,#9042,#9066,#9090,#9107,#9138,#9162,#9186,
    #9203,#9234,#9258,#9282,#9299,#9330,#9354,#9378,#9395,#9426,#9450,
    #9474,#9491,#9522,#9546,#9570,#9587,#9618,#9642,#9666,#9683,#9714,
    #9738,#9762,#9779,#9826,#9857,#9869,#9886,#9912,#9945,#9957,#9969,
    #9981,#9993,#10005,#10017,#10029,#10041,#10053,#10065,#10077,#10089,
    #10101,#10118,#10135,#10147,#10159,#10171,#10183,#10195,#10207,
    #10219,#10231,#10243,#10255,#10267,#10279,#10296,#10313));
#66 = ADVANCED_FACE('',(#67),#133,.T.);
#67 = FACE_BOUND('',#68,.T.);
#68 = EDGE_LOOP('',(#69,#79,#87,#95,#103,#111,#119,#127));
#69 = ORIENTED_EDGE('',*,*,#70,.T.);
#70 = EDGE_CURVE('',#71,#73,#75,.T.);
#71 = VERTEX_POINT('',#72);
#72 = CARTESIAN_POINT('',(-1.8,0.5,7.));
#73 = VERTEX_POINT('',#74);
#74 = CARTESIAN_POINT('',(-2.45,0.5,7.));
#75 = LINE('',#76,#77);
#76 = CARTESIAN_POINT('',(32.45,0.5,7.));
#77 = VECTOR('',#78,1.);
#78 = DIRECTION('',(-1.,1.224646799147E-16,0.));
#79 = ORIENTED_EDGE('',*,*,#80,.T.);
#80 = EDGE_CURVE('',#73,#81,#83,.T.);
#81 = VERTEX_POINT('',#82);
#82 = CARTESIAN_POINT('',(-2.45,-3.4,7.));
#83 = LINE('',#84,#85);
#84 = CARTESIAN_POINT('',(-2.45,2.35,7.));
#85 = VECTOR('',#86,1.);
#86 = DIRECTION('',(-1.224646799147E-16,-1.,0.));
#87 = ORIENTED_EDGE('',*,*,#88,.T.);
#88 = EDGE_CURVE('',#81,#89,#91,.T.);
#89 = VERTEX_POINT('',#90);
#90 = CARTESIAN_POINT('',(32.45,-3.4,7.));
#91 = LINE('',#92,#93);
#92 = CARTESIAN_POINT('',(-2.45,-3.4,7.));
#93 = VECTOR('',#94,1.);
#94 = DIRECTION('',(1.,-1.224646799147E-16,0.));
#95 = ORIENTED_EDGE('',*,*,#96,.T.);
#96 = EDGE_CURVE('',#89,#97,#99,.T.);
#97 = VERTEX_POINT('',#98);
#98 = CARTESIAN_POINT('',(32.45,0.5,7.));
#99 = LINE('',#100,#101);
#100 = CARTESIAN_POINT('',(32.45,-3.4,7.));
#101 = VECTOR('',#102,1.);
#102 = DIRECTION('',(1.224646799147E-16,1.,0.));
#103 = ORIENTED_EDGE('',*,*,#104,.T.);
#104 = EDGE_CURVE('',#97,#105,#107,.T.);
#105 = VERTEX_POINT('',#106);
#106 = CARTESIAN_POINT('',(31.8,0.5,7.));
#107 = LINE('',#108,#109);
#108 = CARTESIAN_POINT('',(32.45,0.5,7.));
#109 = VECTOR('',#110,1.);
#110 = DIRECTION('',(-1.,1.224646799147E-16,0.));
#111 = ORIENTED_EDGE('',*,*,#112,.F.);
#112 = EDGE_CURVE('',#113,#105,#115,.T.);
#113 = VERTEX_POINT('',#114);
#114 = CARTESIAN_POINT('',(31.8,-2.85,7.));
#115 = LINE('',#116,#117);
#116 = CARTESIAN_POINT('',(31.8,-2.65,7.));
#117 = VECTOR('',#118,1.);
#118 = DIRECTION('',(1.224646799147E-16,1.,0.));
#119 = ORIENTED_EDGE('',*,*,#120,.F.);
#120 = EDGE_CURVE('',#121,#113,#123,.T.);
#121 = VERTEX_POINT('',#122);
#122 = CARTESIAN_POINT('',(-1.8,-2.85,7.));
#123 = LINE('',#124,#125);
#124 = CARTESIAN_POINT('',(-1.6,-2.85,7.));
#125 = VECTOR('',#126,1.);
#126 = DIRECTION('',(1.,-1.224646799147E-16,0.));
#127 = ORIENTED_EDGE('',*,*,#128,.F.);
#128 = EDGE_CURVE('',#71,#121,#129,.T.);
#129 = LINE('',#130,#131);
#130 = CARTESIAN_POINT('',(-1.8,0.5,7.));
#131 = VECTOR('',#132,1.);
#132 = DIRECTION('',(-1.224646799147E-16,-1.,0.));
#133 = PLANE('',#134);
#134 = AXIS2_PLACEMENT_3D('',#135,#136,#137);
#135 = CARTESIAN_POINT('',(15.,-0.525,7.));
#136 = DIRECTION('',(0.,0.,1.));
#137 = DIRECTION('',(-1.,1.224646799147E-16,0.));
#138 = ADVANCED_FACE('',(#139),#172,.T.);
#139 = FACE_BOUND('',#140,.T.);
#140 = EDGE_LOOP('',(#141,#151,#159,#165,#166));
#141 = ORIENTED_EDGE('',*,*,#142,.T.);
#142 = EDGE_CURVE('',#143,#145,#147,.T.);
#143 = VERTEX_POINT('',#144);
#144 = CARTESIAN_POINT('',(-1.6,0.5,6.8));
#145 = VERTEX_POINT('',#146);
#146 = CARTESIAN_POINT('',(-1.6,0.5,3.65));
#147 = LINE('',#148,#149);
#148 = CARTESIAN_POINT('',(-1.6,0.5,5.325));
#149 = VECTOR('',#150,1.);
#150 = DIRECTION('',(-0.,0.,-1.));
#151 = ORIENTED_EDGE('',*,*,#152,.T.);
#152 = EDGE_CURVE('',#145,#153,#155,.T.);
#153 = VERTEX_POINT('',#154);
#154 = CARTESIAN_POINT('',(-2.45,0.5,3.65));
#155 = LINE('',#156,#157);
#156 = CARTESIAN_POINT('',(32.45,0.5,3.65));
#157 = VECTOR('',#158,1.);
#158 = DIRECTION('',(-1.,1.224646799147E-16,0.));
#159 = ORIENTED_EDGE('',*,*,#160,.T.);
#160 = EDGE_CURVE('',#153,#73,#161,.T.);
#161 = LINE('',#162,#163);
#162 = CARTESIAN_POINT('',(-2.45,0.5,1.825));
#163 = VECTOR('',#164,1.);
#164 = DIRECTION('',(0.,0.,1.));
#165 = ORIENTED_EDGE('',*,*,#70,.F.);
#166 = ORIENTED_EDGE('',*,*,#167,.T.);
#167 = EDGE_CURVE('',#71,#143,#168,.T.);
#168 = LINE('',#169,#170);
#169 = CARTESIAN_POINT('',(7.65,0.5,-2.45));
#170 = VECTOR('',#171,1.);
#171 = DIRECTION('',(0.707106781187,-8.659560562349E-17,-0.707106781187)
  );
#172 = PLANE('',#173);
#173 = AXIS2_PLACEMENT_3D('',#174,#175,#176);
#174 = CARTESIAN_POINT('',(32.45,0.5,3.65));
#175 = DIRECTION('',(1.224646799147E-16,1.,0.));
#176 = DIRECTION('',(0.,-0.,1.));
#177 = ADVANCED_FACE('',(#178),#196,.F.);
#178 = FACE_BOUND('',#179,.T.);
#179 = EDGE_LOOP('',(#180,#181,#182,#190));
#180 = ORIENTED_EDGE('',*,*,#167,.F.);
#181 = ORIENTED_EDGE('',*,*,#128,.T.);
#182 = ORIENTED_EDGE('',*,*,#183,.T.);
#183 = EDGE_CURVE('',#121,#184,#186,.T.);
#184 = VERTEX_POINT('',#185);
#185 = CARTESIAN_POINT('',(-1.6,-2.65,6.8));
#186 = LINE('',#187,#188);
#187 = CARTESIAN_POINT('',(-1.141666666667,-2.191666666667,
    6.341666666667));
#188 = VECTOR('',#189,1.);
#189 = DIRECTION('',(0.57735026919,0.57735026919,-0.57735026919));
#190 = ORIENTED_EDGE('',*,*,#191,.F.);
#191 = EDGE_CURVE('',#143,#184,#192,.T.);
#192 = LINE('',#193,#194);
#193 = CARTESIAN_POINT('',(-1.6,0.5,6.8));
#194 = VECTOR('',#195,1.);
#195 = DIRECTION('',(-1.224646799147E-16,-1.,0.));
#196 = PLANE('',#197);
#197 = AXIS2_PLACEMENT_3D('',#198,#199,#200);
#198 = CARTESIAN_POINT('',(-1.7,0.5,6.9));
#199 = DIRECTION('',(-0.707106781187,8.659560562349E-17,-0.707106781187)
  );
#200 = DIRECTION('',(1.224646799147E-16,1.,-2.105272540809E-29));
#201 = ADVANCED_FACE('',(#202),#261,.F.);
#202 = FACE_BOUND('',#203,.F.);
#203 = EDGE_LOOP('',(#204,#214,#222,#230,#238,#247,#253,#254,#255));
#204 = ORIENTED_EDGE('',*,*,#205,.F.);
#205 = EDGE_CURVE('',#206,#208,#210,.T.);
#206 = VERTEX_POINT('',#207);
#207 = CARTESIAN_POINT('',(-2.45,2.35,0.));
#208 = VERTEX_POINT('',#209);
#209 = CARTESIAN_POINT('',(-2.45,-3.4,0.));
#210 = LINE('',#211,#212);
#211 = CARTESIAN_POINT('',(-2.45,2.35,0.));
#212 = VECTOR('',#213,1.);
#213 = DIRECTION('',(-1.224646799147E-16,-1.,0.));
#214 = ORIENTED_EDGE('',*,*,#215,.T.);
#215 = EDGE_CURVE('',#206,#216,#218,.T.);
#216 = VERTEX_POINT('',#217);
#217 = CARTESIAN_POINT('',(-2.45,2.35,7.));
#218 = LINE('',#219,#220);
#219 = CARTESIAN_POINT('',(-2.45,2.35,0.));
#220 = VECTOR('',#221,1.);
#221 = DIRECTION('',(0.,0.,1.));
#222 = ORIENTED_EDGE('',*,*,#223,.T.);
#223 = EDGE_CURVE('',#216,#224,#226,.T.);
#224 = VERTEX_POINT('',#225);
#225 = CARTESIAN_POINT('',(-2.45,1.5,7.));
#226 = LINE('',#227,#228);
#227 = CARTESIAN_POINT('',(-2.45,2.35,7.));
#228 = VECTOR('',#229,1.);
#229 = DIRECTION('',(-1.224646799147E-16,-1.,0.));
#230 = ORIENTED_EDGE('',*,*,#231,.T.);
#231 = EDGE_CURVE('',#224,#232,#234,.T.);
#232 = VERTEX_POINT('',#233);
#233 = CARTESIAN_POINT('',(-2.45,1.5,4.15));
#234 = LINE('',#235,#236);
#235 = CARTESIAN_POINT('',(-2.45,1.5,3.5));
#236 = VECTOR('',#237,1.);
#237 = DIRECTION('',(-0.,0.,-1.));
#238 = ORIENTED_EDGE('',*,*,#239,.F.);
#239 = EDGE_CURVE('',#240,#232,#242,.T.);
#240 = VERTEX_POINT('',#241);
#241 = CARTESIAN_POINT('',(-2.45,1.,3.65));
#242 = CIRCLE('',#243,0.5);
#243 = AXIS2_PLACEMENT_3D('',#244,#245,#246);
#244 = CARTESIAN_POINT('',(-2.45,1.,4.15));
#245 = DIRECTION('',(1.,-1.224646799147E-16,0.));
#246 = DIRECTION('',(1.224646799147E-16,1.,0.));
#247 = ORIENTED_EDGE('',*,*,#248,.T.);
#248 = EDGE_CURVE('',#240,#153,#249,.T.);
#249 = LINE('',#250,#251);
#250 = CARTESIAN_POINT('',(-2.45,1.675,3.65));
#251 = VECTOR('',#252,1.);
#252 = DIRECTION('',(-1.224646799147E-16,-1.,0.));
#253 = ORIENTED_EDGE('',*,*,#160,.T.);
#254 = ORIENTED_EDGE('',*,*,#80,.T.);
#255 = ORIENTED_EDGE('',*,*,#256,.F.);
#256 = EDGE_CURVE('',#208,#81,#257,.T.);
#257 = LINE('',#258,#259);
#258 = CARTESIAN_POINT('',(-2.45,-3.4,0.));
#259 = VECTOR('',#260,1.);
#260 = DIRECTION('',(0.,0.,1.));
#261 = PLANE('',#262);
#262 = AXIS2_PLACEMENT_3D('',#263,#264,#265);
#263 = CARTESIAN_POINT('',(-2.45,2.35,0.));
#264 = DIRECTION('',(1.,-1.224646799147E-16,0.));
#265 = DIRECTION('',(-1.224646799147E-16,-1.,0.));
#266 = ADVANCED_FACE('',(#267),#285,.F.);
#267 = FACE_BOUND('',#268,.T.);
#268 = EDGE_LOOP('',(#269,#270,#271,#279));
#269 = ORIENTED_EDGE('',*,*,#183,.F.);
#270 = ORIENTED_EDGE('',*,*,#120,.T.);
#271 = ORIENTED_EDGE('',*,*,#272,.T.);
#272 = EDGE_CURVE('',#113,#273,#275,.T.);
#273 = VERTEX_POINT('',#274);
#274 = CARTESIAN_POINT('',(31.6,-2.65,6.8));
#275 = LINE('',#276,#277);
#276 = CARTESIAN_POINT('',(26.133333333333,2.816666666667,1.333333333333
    ));
#277 = VECTOR('',#278,1.);
#278 = DIRECTION('',(-0.57735026919,0.57735026919,-0.57735026919));
#279 = ORIENTED_EDGE('',*,*,#280,.F.);
#280 = EDGE_CURVE('',#184,#273,#281,.T.);
#281 = LINE('',#282,#283);
#282 = CARTESIAN_POINT('',(-1.6,-2.65,6.8));
#283 = VECTOR('',#284,1.);
#284 = DIRECTION('',(1.,-1.224646799147E-16,0.));
#285 = PLANE('',#286);
#286 = AXIS2_PLACEMENT_3D('',#287,#288,#289);
#287 = CARTESIAN_POINT('',(-1.6,-2.75,6.9));
#288 = DIRECTION('',(-8.659560562349E-17,-0.707106781187,-0.707106781187
    ));
#289 = DIRECTION('',(-1.,1.224646799147E-16,-2.105272540809E-29));
#290 = ADVANCED_FACE('',(#291),#725,.F.);
#291 = FACE_BOUND('',#292,.F.);
#292 = EDGE_LOOP('',(#293,#301,#302,#303,#311,#319,#327,#335,#343,#351,
    #359,#367,#375,#383,#391,#399,#407,#415,#423,#431,#439,#447,#455,
    #463,#471,#479,#487,#495,#503,#511,#519,#527,#535,#543,#551,#559,
    #567,#575,#583,#591,#599,#607,#615,#623,#631,#639,#647,#655,#663,
    #671,#679,#687,#695,#703,#711,#719));
#293 = ORIENTED_EDGE('',*,*,#294,.F.);
#294 = EDGE_CURVE('',#208,#295,#297,.T.);
#295 = VERTEX_POINT('',#296);
#296 = CARTESIAN_POINT('',(-0.75,-3.4,0.));
#297 = LINE('',#298,#299);
#298 = CARTESIAN_POINT('',(-2.45,-3.4,0.));
#299 = VECTOR('',#300,1.);
#300 = DIRECTION('',(1.,-1.224646799147E-16,0.));
#301 = ORIENTED_EDGE('',*,*,#256,.T.);
#302 = ORIENTED_EDGE('',*,*,#88,.T.);
#303 = ORIENTED_EDGE('',*,*,#304,.F.);
#304 = EDGE_CURVE('',#305,#89,#307,.T.);
#305 = VERTEX_POINT('',#306);
#306 = CARTESIAN_POINT('',(32.45,-3.4,0.));
#307 = LINE('',#308,#309);
#308 = CARTESIAN_POINT('',(32.45,-3.4,0.));
#309 = VECTOR('',#310,1.);
#310 = DIRECTION('',(0.,0.,1.));
#311 = ORIENTED_EDGE('',*,*,#312,.F.);
#312 = EDGE_CURVE('',#313,#305,#315,.T.);
#313 = VERTEX_POINT('',#314);
#314 = CARTESIAN_POINT('',(30.75,-3.4,0.));
#315 = LINE('',#316,#317);
#316 = CARTESIAN_POINT('',(-2.45,-3.4,0.));
#317 = VECTOR('',#318,1.);
#318 = DIRECTION('',(1.,-1.224646799147E-16,0.));
#319 = ORIENTED_EDGE('',*,*,#320,.F.);
#320 = EDGE_CURVE('',#321,#313,#323,.T.);
#321 = VERTEX_POINT('',#322);
#322 = CARTESIAN_POINT('',(30.75,-3.4,1.));
#323 = LINE('',#324,#325);
#324 = CARTESIAN_POINT('',(30.75,-3.4,1.));
#325 = VECTOR('',#326,1.);
#326 = DIRECTION('',(-0.,0.,-1.));
#327 = ORIENTED_EDGE('',*,*,#328,.T.);
#328 = EDGE_CURVE('',#321,#329,#331,.T.);
#329 = VERTEX_POINT('',#330);
#330 = CARTESIAN_POINT('',(29.25,-3.4,1.));
#331 = LINE('',#332,#333);
#332 = CARTESIAN_POINT('',(30.75,-3.4,1.));
#333 = VECTOR('',#334,1.);
#334 = DIRECTION('',(-1.,1.224646799147E-16,0.));
#335 = ORIENTED_EDGE('',*,*,#336,.T.);
#336 = EDGE_CURVE('',#329,#337,#339,.T.);
#337 = VERTEX_POINT('',#338);
#338 = CARTESIAN_POINT('',(29.25,-3.4,0.));
#339 = LINE('',#340,#341);
#340 = CARTESIAN_POINT('',(29.25,-3.4,1.));
#341 = VECTOR('',#342,1.);
#342 = DIRECTION('',(-0.,0.,-1.));
#343 = ORIENTED_EDGE('',*,*,#344,.F.);
#344 = EDGE_CURVE('',#345,#337,#347,.T.);
#345 = VERTEX_POINT('',#346);
#346 = CARTESIAN_POINT('',(28.25,-3.4,0.));
#347 = LINE('',#348,#349);
#348 = CARTESIAN_POINT('',(-2.45,-3.4,0.));
#349 = VECTOR('',#350,1.);
#350 = DIRECTION('',(1.,-1.224646799147E-16,0.));
#351 = ORIENTED_EDGE('',*,*,#352,.F.);
#352 = EDGE_CURVE('',#353,#345,#355,.T.);
#353 = VERTEX_POINT('',#354);
#354 = CARTESIAN_POINT('',(28.25,-3.4,1.));
#355 = LINE('',#356,#357);
#356 = CARTESIAN_POINT('',(28.25,-3.4,1.));
#357 = VECTOR('',#358,1.);
#358 = DIRECTION('',(-0.,0.,-1.));
#359 = ORIENTED_EDGE('',*,*,#360,.T.);
#360 = EDGE_CURVE('',#353,#361,#363,.T.);
#361 = VERTEX_POINT('',#362);
#362 = CARTESIAN_POINT('',(26.75,-3.4,1.));
#363 = LINE('',#364,#365);
#364 = CARTESIAN_POINT('',(28.25,-3.4,1.));
#365 = VECTOR('',#366,1.);
#366 = DIRECTION('',(-1.,1.224646799147E-16,0.));
#367 = ORIENTED_EDGE('',*,*,#368,.T.);
#368 = EDGE_CURVE('',#361,#369,#371,.T.);
#369 = VERTEX_POINT('',#370);
#370 = CARTESIAN_POINT('',(26.75,-3.4,0.));
#371 = LINE('',#372,#373);
#372 = CARTESIAN_POINT('',(26.75,-3.4,1.));
#373 = VECTOR('',#374,1.);
#374 = DIRECTION('',(-0.,0.,-1.));
#375 = ORIENTED_EDGE('',*,*,#376,.F.);
#376 = EDGE_CURVE('',#377,#369,#379,.T.);
#377 = VERTEX_POINT('',#378);
#378 = CARTESIAN_POINT('',(25.75,-3.4,0.));
#379 = LINE('',#380,#381);
#380 = CARTESIAN_POINT('',(-2.45,-3.4,0.));
#381 = VECTOR('',#382,1.);
#382 = DIRECTION('',(1.,-1.224646799147E-16,0.));
#383 = ORIENTED_EDGE('',*,*,#384,.F.);
#384 = EDGE_CURVE('',#385,#377,#387,.T.);
#385 = VERTEX_POINT('',#386);
#386 = CARTESIAN_POINT('',(25.75,-3.4,1.));
#387 = LINE('',#388,#389);
#388 = CARTESIAN_POINT('',(25.75,-3.4,1.));
#389 = VECTOR('',#390,1.);
#390 = DIRECTION('',(-0.,0.,-1.));
#391 = ORIENTED_EDGE('',*,*,#392,.T.);
#392 = EDGE_CURVE('',#385,#393,#395,.T.);
#393 = VERTEX_POINT('',#394);
#394 = CARTESIAN_POINT('',(24.25,-3.4,1.));
#395 = LINE('',#396,#397);
#396 = CARTESIAN_POINT('',(25.75,-3.4,1.));
#397 = VECTOR('',#398,1.);
#398 = DIRECTION('',(-1.,1.224646799147E-16,0.));
#399 = ORIENTED_EDGE('',*,*,#400,.T.);
#400 = EDGE_CURVE('',#393,#401,#403,.T.);
#401 = VERTEX_POINT('',#402);
#402 = CARTESIAN_POINT('',(24.25,-3.4,0.));
#403 = LINE('',#404,#405);
#404 = CARTESIAN_POINT('',(24.25,-3.4,1.));
#405 = VECTOR('',#406,1.);
#406 = DIRECTION('',(-0.,0.,-1.));
#407 = ORIENTED_EDGE('',*,*,#408,.F.);
#408 = EDGE_CURVE('',#409,#401,#411,.T.);
#409 = VERTEX_POINT('',#410);
#410 = CARTESIAN_POINT('',(23.25,-3.4,0.));
#411 = LINE('',#412,#413);
#412 = CARTESIAN_POINT('',(-2.45,-3.4,0.));
#413 = VECTOR('',#414,1.);
#414 = DIRECTION('',(1.,-1.224646799147E-16,0.));
#415 = ORIENTED_EDGE('',*,*,#416,.F.);
#416 = EDGE_CURVE('',#417,#409,#419,.T.);
#417 = VERTEX_POINT('',#418);
#418 = CARTESIAN_POINT('',(23.25,-3.4,1.));
#419 = LINE('',#420,#421);
#420 = CARTESIAN_POINT('',(23.25,-3.4,1.));
#421 = VECTOR('',#422,1.);
#422 = DIRECTION('',(-0.,0.,-1.));
#423 = ORIENTED_EDGE('',*,*,#424,.T.);
#424 = EDGE_CURVE('',#417,#425,#427,.T.);
#425 = VERTEX_POINT('',#426);
#426 = CARTESIAN_POINT('',(21.75,-3.4,1.));
#427 = LINE('',#428,#429);
#428 = CARTESIAN_POINT('',(23.25,-3.4,1.));
#429 = VECTOR('',#430,1.);
#430 = DIRECTION('',(-1.,1.224646799147E-16,0.));
#431 = ORIENTED_EDGE('',*,*,#432,.T.);
#432 = EDGE_CURVE('',#425,#433,#435,.T.);
#433 = VERTEX_POINT('',#434);
#434 = CARTESIAN_POINT('',(21.75,-3.4,0.));
#435 = LINE('',#436,#437);
#436 = CARTESIAN_POINT('',(21.75,-3.4,1.));
#437 = VECTOR('',#438,1.);
#438 = DIRECTION('',(-0.,0.,-1.));
#439 = ORIENTED_EDGE('',*,*,#440,.F.);
#440 = EDGE_CURVE('',#441,#433,#443,.T.);
#441 = VERTEX_POINT('',#442);
#442 = CARTESIAN_POINT('',(20.75,-3.4,0.));
#443 = LINE('',#444,#445);
#444 = CARTESIAN_POINT('',(-2.45,-3.4,0.));
#445 = VECTOR('',#446,1.);
#446 = DIRECTION('',(1.,-1.224646799147E-16,0.));
#447 = ORIENTED_EDGE('',*,*,#448,.F.);
#448 = EDGE_CURVE('',#449,#441,#451,.T.);
#449 = VERTEX_POINT('',#450);
#450 = CARTESIAN_POINT('',(20.75,-3.4,1.));
#451 = LINE('',#452,#453);
#452 = CARTESIAN_POINT('',(20.75,-3.4,1.));
#453 = VECTOR('',#454,1.);
#454 = DIRECTION('',(-0.,0.,-1.));
#455 = ORIENTED_EDGE('',*,*,#456,.T.);
#456 = EDGE_CURVE('',#449,#457,#459,.T.);
#457 = VERTEX_POINT('',#458);
#458 = CARTESIAN_POINT('',(19.25,-3.4,1.));
#459 = LINE('',#460,#461);
#460 = CARTESIAN_POINT('',(20.75,-3.4,1.));
#461 = VECTOR('',#462,1.);
#462 = DIRECTION('',(-1.,1.224646799147E-16,0.));
#463 = ORIENTED_EDGE('',*,*,#464,.T.);
#464 = EDGE_CURVE('',#457,#465,#467,.T.);
#465 = VERTEX_POINT('',#466);
#466 = CARTESIAN_POINT('',(19.25,-3.4,0.));
#467 = LINE('',#468,#469);
#468 = CARTESIAN_POINT('',(19.25,-3.4,1.));
#469 = VECTOR('',#470,1.);
#470 = DIRECTION('',(-0.,0.,-1.));
#471 = ORIENTED_EDGE('',*,*,#472,.F.);
#472 = EDGE_CURVE('',#473,#465,#475,.T.);
#473 = VERTEX_POINT('',#474);
#474 = CARTESIAN_POINT('',(18.25,-3.4,0.));
#475 = LINE('',#476,#477);
#476 = CARTESIAN_POINT('',(-2.45,-3.4,0.));
#477 = VECTOR('',#478,1.);
#478 = DIRECTION('',(1.,-1.224646799147E-16,0.));
#479 = ORIENTED_EDGE('',*,*,#480,.F.);
#480 = EDGE_CURVE('',#481,#473,#483,.T.);
#481 = VERTEX_POINT('',#482);
#482 = CARTESIAN_POINT('',(18.25,-3.4,1.));
#483 = LINE('',#484,#485);
#484 = CARTESIAN_POINT('',(18.25,-3.4,1.));
#485 = VECTOR('',#486,1.);
#486 = DIRECTION('',(-0.,0.,-1.));
#487 = ORIENTED_EDGE('',*,*,#488,.T.);
#488 = EDGE_CURVE('',#481,#489,#491,.T.);
#489 = VERTEX_POINT('',#490);
#490 = CARTESIAN_POINT('',(16.75,-3.4,1.));
#491 = LINE('',#492,#493);
#492 = CARTESIAN_POINT('',(18.25,-3.4,1.));
#493 = VECTOR('',#494,1.);
#494 = DIRECTION('',(-1.,1.224646799147E-16,0.));
#495 = ORIENTED_EDGE('',*,*,#496,.T.);
#496 = EDGE_CURVE('',#489,#497,#499,.T.);
#497 = VERTEX_POINT('',#498);
#498 = CARTESIAN_POINT('',(16.75,-3.4,0.));
#499 = LINE('',#500,#501);
#500 = CARTESIAN_POINT('',(16.75,-3.4,1.));
#501 = VECTOR('',#502,1.);
#502 = DIRECTION('',(-0.,0.,-1.));
#503 = ORIENTED_EDGE('',*,*,#504,.F.);
#504 = EDGE_CURVE('',#505,#497,#507,.T.);
#505 = VERTEX_POINT('',#506);
#506 = CARTESIAN_POINT('',(15.75,-3.4,0.));
#507 = LINE('',#508,#509);
#508 = CARTESIAN_POINT('',(-2.45,-3.4,0.));
#509 = VECTOR('',#510,1.);
#510 = DIRECTION('',(1.,-1.224646799147E-16,0.));
#511 = ORIENTED_EDGE('',*,*,#512,.F.);
#512 = EDGE_CURVE('',#513,#505,#515,.T.);
#513 = VERTEX_POINT('',#514);
#514 = CARTESIAN_POINT('',(15.75,-3.4,1.));
#515 = LINE('',#516,#517);
#516 = CARTESIAN_POINT('',(15.75,-3.4,1.));
#517 = VECTOR('',#518,1.);
#518 = DIRECTION('',(-0.,0.,-1.));
#519 = ORIENTED_EDGE('',*,*,#520,.T.);
#520 = EDGE_CURVE('',#513,#521,#523,.T.);
#521 = VERTEX_POINT('',#522);
#522 = CARTESIAN_POINT('',(14.25,-3.4,1.));
#523 = LINE('',#524,#525);
#524 = CARTESIAN_POINT('',(15.75,-3.4,1.));
#525 = VECTOR('',#526,1.);
#526 = DIRECTION('',(-1.,1.224646799147E-16,0.));
#527 = ORIENTED_EDGE('',*,*,#528,.T.);
#528 = EDGE_CURVE('',#521,#529,#531,.T.);
#529 = VERTEX_POINT('',#530);
#530 = CARTESIAN_POINT('',(14.25,-3.4,0.));
#531 = LINE('',#532,#533);
#532 = CARTESIAN_POINT('',(14.25,-3.4,1.));
#533 = VECTOR('',#534,1.);
#534 = DIRECTION('',(-0.,0.,-1.));
#535 = ORIENTED_EDGE('',*,*,#536,.F.);
#536 = EDGE_CURVE('',#537,#529,#539,.T.);
#537 = VERTEX_POINT('',#538);
#538 = CARTESIAN_POINT('',(13.25,-3.4,0.));
#539 = LINE('',#540,#541);
#540 = CARTESIAN_POINT('',(-2.45,-3.4,0.));
#541 = VECTOR('',#542,1.);
#542 = DIRECTION('',(1.,-1.224646799147E-16,0.));
#543 = ORIENTED_EDGE('',*,*,#544,.F.);
#544 = EDGE_CURVE('',#545,#537,#547,.T.);
#545 = VERTEX_POINT('',#546);
#546 = CARTESIAN_POINT('',(13.25,-3.4,1.));
#547 = LINE('',#548,#549);
#548 = CARTESIAN_POINT('',(13.25,-3.4,1.));
#549 = VECTOR('',#550,1.);
#550 = DIRECTION('',(-0.,0.,-1.));
#551 = ORIENTED_EDGE('',*,*,#552,.T.);
#552 = EDGE_CURVE('',#545,#553,#555,.T.);
#553 = VERTEX_POINT('',#554);
#554 = CARTESIAN_POINT('',(11.75,-3.4,1.));
#555 = LINE('',#556,#557);
#556 = CARTESIAN_POINT('',(13.25,-3.4,1.));
#557 = VECTOR('',#558,1.);
#558 = DIRECTION('',(-1.,1.224646799147E-16,0.));
#559 = ORIENTED_EDGE('',*,*,#560,.T.);
#560 = EDGE_CURVE('',#553,#561,#563,.T.);
#561 = VERTEX_POINT('',#562);
#562 = CARTESIAN_POINT('',(11.75,-3.4,0.));
#563 = LINE('',#564,#565);
#564 = CARTESIAN_POINT('',(11.75,-3.4,1.));
#565 = VECTOR('',#566,1.);
#566 = DIRECTION('',(-0.,0.,-1.));
#567 = ORIENTED_EDGE('',*,*,#568,.F.);
#568 = EDGE_CURVE('',#569,#561,#571,.T.);
#569 = VERTEX_POINT('',#570);
#570 = CARTESIAN_POINT('',(10.75,-3.4,0.));
#571 = LINE('',#572,#573);
#572 = CARTESIAN_POINT('',(-2.45,-3.4,0.));
#573 = VECTOR('',#574,1.);
#574 = DIRECTION('',(1.,-1.224646799147E-16,0.));
#575 = ORIENTED_EDGE('',*,*,#576,.F.);
#576 = EDGE_CURVE('',#577,#569,#579,.T.);
#577 = VERTEX_POINT('',#578);
#578 = CARTESIAN_POINT('',(10.75,-3.4,1.));
#579 = LINE('',#580,#581);
#580 = CARTESIAN_POINT('',(10.75,-3.4,1.));
#581 = VECTOR('',#582,1.);
#582 = DIRECTION('',(-0.,0.,-1.));
#583 = ORIENTED_EDGE('',*,*,#584,.T.);
#584 = EDGE_CURVE('',#577,#585,#587,.T.);
#585 = VERTEX_POINT('',#586);
#586 = CARTESIAN_POINT('',(9.25,-3.4,1.));
#587 = LINE('',#588,#589);
#588 = CARTESIAN_POINT('',(10.75,-3.4,1.));
#589 = VECTOR('',#590,1.);
#590 = DIRECTION('',(-1.,1.224646799147E-16,0.));
#591 = ORIENTED_EDGE('',*,*,#592,.T.);
#592 = EDGE_CURVE('',#585,#593,#595,.T.);
#593 = VERTEX_POINT('',#594);
#594 = CARTESIAN_POINT('',(9.25,-3.4,0.));
#595 = LINE('',#596,#597);
#596 = CARTESIAN_POINT('',(9.25,-3.4,1.));
#597 = VECTOR('',#598,1.);
#598 = DIRECTION('',(-0.,0.,-1.));
#599 = ORIENTED_EDGE('',*,*,#600,.F.);
#600 = EDGE_CURVE('',#601,#593,#603,.T.);
#601 = VERTEX_POINT('',#602);
#602 = CARTESIAN_POINT('',(8.25,-3.4,0.));
#603 = LINE('',#604,#605);
#604 = CARTESIAN_POINT('',(-2.45,-3.4,0.));
#605 = VECTOR('',#606,1.);
#606 = DIRECTION('',(1.,-1.224646799147E-16,0.));
#607 = ORIENTED_EDGE('',*,*,#608,.F.);
#608 = EDGE_CURVE('',#609,#601,#611,.T.);
#609 = VERTEX_POINT('',#610);
#610 = CARTESIAN_POINT('',(8.25,-3.4,1.));
#611 = LINE('',#612,#613);
#612 = CARTESIAN_POINT('',(8.25,-3.4,1.));
#613 = VECTOR('',#614,1.);
#614 = DIRECTION('',(-0.,0.,-1.));
#615 = ORIENTED_EDGE('',*,*,#616,.T.);
#616 = EDGE_CURVE('',#609,#617,#619,.T.);
#617 = VERTEX_POINT('',#618);
#618 = CARTESIAN_POINT('',(6.75,-3.4,1.));
#619 = LINE('',#620,#621);
#620 = CARTESIAN_POINT('',(8.25,-3.4,1.));
#621 = VECTOR('',#622,1.);
#622 = DIRECTION('',(-1.,1.224646799147E-16,0.));
#623 = ORIENTED_EDGE('',*,*,#624,.T.);
#624 = EDGE_CURVE('',#617,#625,#627,.T.);
#625 = VERTEX_POINT('',#626);
#626 = CARTESIAN_POINT('',(6.75,-3.4,0.));
#627 = LINE('',#628,#629);
#628 = CARTESIAN_POINT('',(6.75,-3.4,1.));
#629 = VECTOR('',#630,1.);
#630 = DIRECTION('',(-0.,0.,-1.));
#631 = ORIENTED_EDGE('',*,*,#632,.F.);
#632 = EDGE_CURVE('',#633,#625,#635,.T.);
#633 = VERTEX_POINT('',#634);
#634 = CARTESIAN_POINT('',(5.75,-3.4,0.));
#635 = LINE('',#636,#637);
#636 = CARTESIAN_POINT('',(-2.45,-3.4,0.));
#637 = VECTOR('',#638,1.);
#638 = DIRECTION('',(1.,-1.224646799147E-16,0.));
#639 = ORIENTED_EDGE('',*,*,#640,.F.);
#640 = EDGE_CURVE('',#641,#633,#643,.T.);
#641 = VERTEX_POINT('',#642);
#642 = CARTESIAN_POINT('',(5.75,-3.4,1.));
#643 = LINE('',#644,#645);
#644 = CARTESIAN_POINT('',(5.75,-3.4,1.));
#645 = VECTOR('',#646,1.);
#646 = DIRECTION('',(-0.,0.,-1.));
#647 = ORIENTED_EDGE('',*,*,#648,.T.);
#648 = EDGE_CURVE('',#641,#649,#651,.T.);
#649 = VERTEX_POINT('',#650);
#650 = CARTESIAN_POINT('',(4.25,-3.4,1.));
#651 = LINE('',#652,#653);
#652 = CARTESIAN_POINT('',(5.75,-3.4,1.));
#653 = VECTOR('',#654,1.);
#654 = DIRECTION('',(-1.,1.224646799147E-16,0.));
#655 = ORIENTED_EDGE('',*,*,#656,.T.);
#656 = EDGE_CURVE('',#649,#657,#659,.T.);
#657 = VERTEX_POINT('',#658);
#658 = CARTESIAN_POINT('',(4.25,-3.4,0.));
#659 = LINE('',#660,#661);
#660 = CARTESIAN_POINT('',(4.25,-3.4,1.));
#661 = VECTOR('',#662,1.);
#662 = DIRECTION('',(-0.,0.,-1.));
#663 = ORIENTED_EDGE('',*,*,#664,.F.);
#664 = EDGE_CURVE('',#665,#657,#667,.T.);
#665 = VERTEX_POINT('',#666);
#666 = CARTESIAN_POINT('',(3.25,-3.4,0.));
#667 = LINE('',#668,#669);
#668 = CARTESIAN_POINT('',(-2.45,-3.4,0.));
#669 = VECTOR('',#670,1.);
#670 = DIRECTION('',(1.,-1.224646799147E-16,0.));
#671 = ORIENTED_EDGE('',*,*,#672,.F.);
#672 = EDGE_CURVE('',#673,#665,#675,.T.);
#673 = VERTEX_POINT('',#674);
#674 = CARTESIAN_POINT('',(3.25,-3.4,1.));
#675 = LINE('',#676,#677);
#676 = CARTESIAN_POINT('',(3.25,-3.4,1.));
#677 = VECTOR('',#678,1.);
#678 = DIRECTION('',(-0.,0.,-1.));
#679 = ORIENTED_EDGE('',*,*,#680,.T.);
#680 = EDGE_CURVE('',#673,#681,#683,.T.);
#681 = VERTEX_POINT('',#682);
#682 = CARTESIAN_POINT('',(1.75,-3.4,1.));
#683 = LINE('',#684,#685);
#684 = CARTESIAN_POINT('',(3.25,-3.4,1.));
#685 = VECTOR('',#686,1.);
#686 = DIRECTION('',(-1.,1.224646799147E-16,0.));
#687 = ORIENTED_EDGE('',*,*,#688,.T.);
#688 = EDGE_CURVE('',#681,#689,#691,.T.);
#689 = VERTEX_POINT('',#690);
#690 = CARTESIAN_POINT('',(1.75,-3.4,0.));
#691 = LINE('',#692,#693);
#692 = CARTESIAN_POINT('',(1.75,-3.4,1.));
#693 = VECTOR('',#694,1.);
#694 = DIRECTION('',(-0.,0.,-1.));
#695 = ORIENTED_EDGE('',*,*,#696,.F.);
#696 = EDGE_CURVE('',#697,#689,#699,.T.);
#697 = VERTEX_POINT('',#698);
#698 = CARTESIAN_POINT('',(0.75,-3.4,0.));
#699 = LINE('',#700,#701);
#700 = CARTESIAN_POINT('',(-2.45,-3.4,0.));
#701 = VECTOR('',#702,1.);
#702 = DIRECTION('',(1.,-1.224646799147E-16,0.));
#703 = ORIENTED_EDGE('',*,*,#704,.F.);
#704 = EDGE_CURVE('',#705,#697,#707,.T.);
#705 = VERTEX_POINT('',#706);
#706 = CARTESIAN_POINT('',(0.75,-3.4,1.));
#707 = LINE('',#708,#709);
#708 = CARTESIAN_POINT('',(0.75,-3.4,1.));
#709 = VECTOR('',#710,1.);
#710 = DIRECTION('',(-0.,0.,-1.));
#711 = ORIENTED_EDGE('',*,*,#712,.T.);
#712 = EDGE_CURVE('',#705,#713,#715,.T.);
#713 = VERTEX_POINT('',#714);
#714 = CARTESIAN_POINT('',(-0.75,-3.4,1.));
#715 = LINE('',#716,#717);
#716 = CARTESIAN_POINT('',(0.75,-3.4,1.));
#717 = VECTOR('',#718,1.);
#718 = DIRECTION('',(-1.,1.224646799147E-16,0.));
#719 = ORIENTED_EDGE('',*,*,#720,.T.);
#720 = EDGE_CURVE('',#713,#295,#721,.T.);
#721 = LINE('',#722,#723);
#722 = CARTESIAN_POINT('',(-0.75,-3.4,1.));
#723 = VECTOR('',#724,1.);
#724 = DIRECTION('',(-0.,0.,-1.));
#725 = PLANE('',#726);
#726 = AXIS2_PLACEMENT_3D('',#727,#728,#729);
#727 = CARTESIAN_POINT('',(-2.45,-3.4,0.));
#728 = DIRECTION('',(1.224646799147E-16,1.,0.));
#729 = DIRECTION('',(1.,-1.224646799147E-16,0.));
#730 = ADVANCED_FACE('',(#731),#749,.F.);
#731 = FACE_BOUND('',#732,.T.);
#732 = EDGE_LOOP('',(#733,#734,#735,#743));
#733 = ORIENTED_EDGE('',*,*,#272,.F.);
#734 = ORIENTED_EDGE('',*,*,#112,.T.);
#735 = ORIENTED_EDGE('',*,*,#736,.T.);
#736 = EDGE_CURVE('',#105,#737,#739,.T.);
#737 = VERTEX_POINT('',#738);
#738 = CARTESIAN_POINT('',(31.6,0.5,6.8));
#739 = LINE('',#740,#741);
#740 = CARTESIAN_POINT('',(31.075,0.5,6.275));
#741 = VECTOR('',#742,1.);
#742 = DIRECTION('',(-0.707106781187,8.659560562349E-17,-0.707106781187)
  );
#743 = ORIENTED_EDGE('',*,*,#744,.F.);
#744 = EDGE_CURVE('',#273,#737,#745,.T.);
#745 = LINE('',#746,#747);
#746 = CARTESIAN_POINT('',(31.6,-2.65,6.8));
#747 = VECTOR('',#748,1.);
#748 = DIRECTION('',(1.224646799147E-16,1.,0.));
#749 = PLANE('',#750);
#750 = AXIS2_PLACEMENT_3D('',#751,#752,#753);
#751 = CARTESIAN_POINT('',(31.7,-2.65,6.9));
#752 = DIRECTION('',(0.707106781187,-8.659560562349E-17,-0.707106781187)
  );
#753 = DIRECTION('',(-1.224646799147E-16,-1.,-2.105272540809E-29));
#754 = ADVANCED_FACE('',(#755),#814,.F.);
#755 = FACE_BOUND('',#756,.F.);
#756 = EDGE_LOOP('',(#757,#765,#766,#767,#775,#783,#792,#800,#808));
#757 = ORIENTED_EDGE('',*,*,#758,.F.);
#758 = EDGE_CURVE('',#305,#759,#761,.T.);
#759 = VERTEX_POINT('',#760);
#760 = CARTESIAN_POINT('',(32.45,2.35,0.));
#761 = LINE('',#762,#763);
#762 = CARTESIAN_POINT('',(32.45,-3.4,0.));
#763 = VECTOR('',#764,1.);
#764 = DIRECTION('',(1.224646799147E-16,1.,0.));
#765 = ORIENTED_EDGE('',*,*,#304,.T.);
#766 = ORIENTED_EDGE('',*,*,#96,.T.);
#767 = ORIENTED_EDGE('',*,*,#768,.F.);
#768 = EDGE_CURVE('',#769,#97,#771,.T.);
#769 = VERTEX_POINT('',#770);
#770 = CARTESIAN_POINT('',(32.45,0.5,3.65));
#771 = LINE('',#772,#773);
#772 = CARTESIAN_POINT('',(32.45,0.5,3.65));
#773 = VECTOR('',#774,1.);
#774 = DIRECTION('',(0.,0.,1.));
#775 = ORIENTED_EDGE('',*,*,#776,.F.);
#776 = EDGE_CURVE('',#777,#769,#779,.T.);
#777 = VERTEX_POINT('',#778);
#778 = CARTESIAN_POINT('',(32.45,1.,3.65));
#779 = LINE('',#780,#781);
#780 = CARTESIAN_POINT('',(32.45,1.,3.65));
#781 = VECTOR('',#782,1.);
#782 = DIRECTION('',(-1.224646799147E-16,-1.,0.));
#783 = ORIENTED_EDGE('',*,*,#784,.F.);
#784 = EDGE_CURVE('',#785,#777,#787,.T.);
#785 = VERTEX_POINT('',#786);
#786 = CARTESIAN_POINT('',(32.45,1.5,4.15));
#787 = CIRCLE('',#788,0.5);
#788 = AXIS2_PLACEMENT_3D('',#789,#790,#791);
#789 = CARTESIAN_POINT('',(32.45,1.,4.15));
#790 = DIRECTION('',(-1.,1.224646799147E-16,0.));
#791 = DIRECTION('',(1.224646799147E-16,1.,0.));
#792 = ORIENTED_EDGE('',*,*,#793,.F.);
#793 = EDGE_CURVE('',#794,#785,#796,.T.);
#794 = VERTEX_POINT('',#795);
#795 = CARTESIAN_POINT('',(32.45,1.5,7.));
#796 = LINE('',#797,#798);
#797 = CARTESIAN_POINT('',(32.45,1.5,7.));
#798 = VECTOR('',#799,1.);
#799 = DIRECTION('',(-0.,0.,-1.));
#800 = ORIENTED_EDGE('',*,*,#801,.T.);
#801 = EDGE_CURVE('',#794,#802,#804,.T.);
#802 = VERTEX_POINT('',#803);
#803 = CARTESIAN_POINT('',(32.45,2.35,7.));
#804 = LINE('',#805,#806);
#805 = CARTESIAN_POINT('',(32.45,-3.4,7.));
#806 = VECTOR('',#807,1.);
#807 = DIRECTION('',(1.224646799147E-16,1.,0.));
#808 = ORIENTED_EDGE('',*,*,#809,.F.);
#809 = EDGE_CURVE('',#759,#802,#810,.T.);
#810 = LINE('',#811,#812);
#811 = CARTESIAN_POINT('',(32.45,2.35,0.));
#812 = VECTOR('',#813,1.);
#813 = DIRECTION('',(0.,0.,1.));
#814 = PLANE('',#815);
#815 = AXIS2_PLACEMENT_3D('',#816,#817,#818);
#816 = CARTESIAN_POINT('',(32.45,-3.4,0.));
#817 = DIRECTION('',(-1.,1.224646799147E-16,0.));
#818 = DIRECTION('',(1.224646799147E-16,1.,0.));
#819 = ADVANCED_FACE('',(#820),#839,.T.);
#820 = FACE_BOUND('',#821,.T.);
#821 = EDGE_LOOP('',(#822,#823,#824,#832,#838));
#822 = ORIENTED_EDGE('',*,*,#104,.F.);
#823 = ORIENTED_EDGE('',*,*,#768,.F.);
#824 = ORIENTED_EDGE('',*,*,#825,.T.);
#825 = EDGE_CURVE('',#769,#826,#828,.T.);
#826 = VERTEX_POINT('',#827);
#827 = CARTESIAN_POINT('',(31.6,0.5,3.65));
#828 = LINE('',#829,#830);
#829 = CARTESIAN_POINT('',(32.45,0.5,3.65));
#830 = VECTOR('',#831,1.);
#831 = DIRECTION('',(-1.,1.224646799147E-16,0.));
#832 = ORIENTED_EDGE('',*,*,#833,.T.);
#833 = EDGE_CURVE('',#826,#737,#834,.T.);
#834 = LINE('',#835,#836);
#835 = CARTESIAN_POINT('',(31.6,0.5,5.325));
#836 = VECTOR('',#837,1.);
#837 = DIRECTION('',(0.,0.,1.));
#838 = ORIENTED_EDGE('',*,*,#736,.F.);
#839 = PLANE('',#840);
#840 = AXIS2_PLACEMENT_3D('',#841,#842,#843);
#841 = CARTESIAN_POINT('',(32.45,0.5,3.65));
#842 = DIRECTION('',(1.224646799147E-16,1.,0.));
#843 = DIRECTION('',(0.,-0.,1.));
#844 = ADVANCED_FACE('',(#845),#888,.F.);
#845 = FACE_BOUND('',#846,.F.);
#846 = EDGE_LOOP('',(#847,#848,#856,#865,#873,#881,#887));
#847 = ORIENTED_EDGE('',*,*,#142,.T.);
#848 = ORIENTED_EDGE('',*,*,#849,.T.);
#849 = EDGE_CURVE('',#145,#850,#852,.T.);
#850 = VERTEX_POINT('',#851);
#851 = CARTESIAN_POINT('',(-1.6,1.,3.65));
#852 = LINE('',#853,#854);
#853 = CARTESIAN_POINT('',(-1.6,1.25,3.65));
#854 = VECTOR('',#855,1.);
#855 = DIRECTION('',(1.224646799147E-16,1.,0.));
#856 = ORIENTED_EDGE('',*,*,#857,.T.);
#857 = EDGE_CURVE('',#850,#858,#860,.T.);
#858 = VERTEX_POINT('',#859);
#859 = CARTESIAN_POINT('',(-1.6,1.5,4.15));
#860 = CIRCLE('',#861,0.5);
#861 = AXIS2_PLACEMENT_3D('',#862,#863,#864);
#862 = CARTESIAN_POINT('',(-1.6,1.,4.15));
#863 = DIRECTION('',(1.,-1.224646799147E-16,0.));
#864 = DIRECTION('',(1.224646799147E-16,1.,0.));
#865 = ORIENTED_EDGE('',*,*,#866,.T.);
#866 = EDGE_CURVE('',#858,#867,#869,.T.);
#867 = VERTEX_POINT('',#868);
#868 = CARTESIAN_POINT('',(-1.6,1.5,1.85));
#869 = LINE('',#870,#871);
#870 = CARTESIAN_POINT('',(-1.6,1.5,7.));
#871 = VECTOR('',#872,1.);
#872 = DIRECTION('',(0.,0.,-1.));
#873 = ORIENTED_EDGE('',*,*,#874,.T.);
#874 = EDGE_CURVE('',#867,#875,#877,.T.);
#875 = VERTEX_POINT('',#876);
#876 = CARTESIAN_POINT('',(-1.6,-2.65,1.85));
#877 = LINE('',#878,#879);
#878 = CARTESIAN_POINT('',(-1.6,1.5,1.85));
#879 = VECTOR('',#880,1.);
#880 = DIRECTION('',(-1.224646799147E-16,-1.,0.));
#881 = ORIENTED_EDGE('',*,*,#882,.F.);
#882 = EDGE_CURVE('',#184,#875,#883,.T.);
#883 = LINE('',#884,#885);
#884 = CARTESIAN_POINT('',(-1.6,-2.65,7.));
#885 = VECTOR('',#886,1.);
#886 = DIRECTION('',(0.,0.,-1.));
#887 = ORIENTED_EDGE('',*,*,#191,.F.);
#888 = PLANE('',#889);
#889 = AXIS2_PLACEMENT_3D('',#890,#891,#892);
#890 = CARTESIAN_POINT('',(-1.6,1.5,7.));
#891 = DIRECTION('',(-1.,1.224646799147E-16,0.));
#892 = DIRECTION('',(-1.224646799147E-16,-1.,0.));
#893 = ADVANCED_FACE('',(#894),#905,.T.);
#894 = FACE_BOUND('',#895,.T.);
#895 = EDGE_LOOP('',(#896,#897,#903,#904));
#896 = ORIENTED_EDGE('',*,*,#849,.T.);
#897 = ORIENTED_EDGE('',*,*,#898,.T.);
#898 = EDGE_CURVE('',#850,#240,#899,.T.);
#899 = LINE('',#900,#901);
#900 = CARTESIAN_POINT('',(32.45,1.,3.65));
#901 = VECTOR('',#902,1.);
#902 = DIRECTION('',(-1.,1.224646799147E-16,0.));
#903 = ORIENTED_EDGE('',*,*,#248,.T.);
#904 = ORIENTED_EDGE('',*,*,#152,.F.);
#905 = PLANE('',#906);
#906 = AXIS2_PLACEMENT_3D('',#907,#908,#909);
#907 = CARTESIAN_POINT('',(32.45,1.,3.65));
#908 = DIRECTION('',(0.,0.,1.));
#909 = DIRECTION('',(-1.224646799147E-16,-1.,0.));
#910 = ADVANCED_FACE('',(#911),#929,.F.);
#911 = FACE_BOUND('',#912,.F.);
#912 = EDGE_LOOP('',(#913,#921,#927,#928));
#913 = ORIENTED_EDGE('',*,*,#914,.T.);
#914 = EDGE_CURVE('',#295,#915,#917,.T.);
#915 = VERTEX_POINT('',#916);
#916 = CARTESIAN_POINT('',(-0.75,2.35,0.));
#917 = LINE('',#918,#919);
#918 = CARTESIAN_POINT('',(-0.75,-3.4,0.));
#919 = VECTOR('',#920,1.);
#920 = DIRECTION('',(1.224646799147E-16,1.,0.));
#921 = ORIENTED_EDGE('',*,*,#922,.T.);
#922 = EDGE_CURVE('',#915,#206,#923,.T.);
#923 = LINE('',#924,#925);
#924 = CARTESIAN_POINT('',(32.45,2.35,0.));
#925 = VECTOR('',#926,1.);
#926 = DIRECTION('',(-1.,1.224646799147E-16,0.));
#927 = ORIENTED_EDGE('',*,*,#205,.T.);
#928 = ORIENTED_EDGE('',*,*,#294,.T.);
#929 = PLANE('',#930);
#930 = AXIS2_PLACEMENT_3D('',#931,#932,#933);
#931 = CARTESIAN_POINT('',(15.,-0.525,0.));
#932 = DIRECTION('',(0.,0.,1.));
#933 = DIRECTION('',(-1.,1.224646799147E-16,0.));
#934 = ADVANCED_FACE('',(#935),#946,.F.);
#935 = FACE_BOUND('',#936,.F.);
#936 = EDGE_LOOP('',(#937,#938,#939,#945));
#937 = ORIENTED_EDGE('',*,*,#898,.T.);
#938 = ORIENTED_EDGE('',*,*,#239,.T.);
#939 = ORIENTED_EDGE('',*,*,#940,.F.);
#940 = EDGE_CURVE('',#858,#232,#941,.T.);
#941 = LINE('',#942,#943);
#942 = CARTESIAN_POINT('',(32.45,1.5,4.15));
#943 = VECTOR('',#944,1.);
#944 = DIRECTION('',(-1.,1.224646799147E-16,0.));
#945 = ORIENTED_EDGE('',*,*,#857,.F.);
#946 = CYLINDRICAL_SURFACE('',#947,0.5);
#947 = AXIS2_PLACEMENT_3D('',#948,#949,#950);
#948 = CARTESIAN_POINT('',(32.45,1.,4.15));
#949 = DIRECTION('',(1.,-1.224646799147E-16,-0.));
#950 = DIRECTION('',(1.224646799147E-16,1.,0.));
#951 = ADVANCED_FACE('',(#952),#1116,.T.);
#952 = FACE_BOUND('',#953,.T.);
#953 = EDGE_LOOP('',(#954,#955,#963,#971,#979,#987,#995,#1004,#1012,
    #1020,#1028,#1036,#1044,#1053,#1061,#1069,#1077,#1085,#1091,#1092,
    #1093,#1094,#1102,#1110));
#954 = ORIENTED_EDGE('',*,*,#793,.F.);
#955 = ORIENTED_EDGE('',*,*,#956,.T.);
#956 = EDGE_CURVE('',#794,#957,#959,.T.);
#957 = VERTEX_POINT('',#958);
#958 = CARTESIAN_POINT('',(30.5,1.5,7.));
#959 = LINE('',#960,#961);
#960 = CARTESIAN_POINT('',(32.45,1.5,7.));
#961 = VECTOR('',#962,1.);
#962 = DIRECTION('',(-1.,1.224646799147E-16,0.));
#963 = ORIENTED_EDGE('',*,*,#964,.T.);
#964 = EDGE_CURVE('',#957,#965,#967,.T.);
#965 = VERTEX_POINT('',#966);
#966 = CARTESIAN_POINT('',(30.5,1.5,6.1));
#967 = LINE('',#968,#969);
#968 = CARTESIAN_POINT('',(30.5,1.5,5.286906991261));
#969 = VECTOR('',#970,1.);
#970 = DIRECTION('',(1.973729821556E-15,8.578982792606E-17,-1.));
#971 = ORIENTED_EDGE('',*,*,#972,.T.);
#972 = EDGE_CURVE('',#965,#973,#975,.T.);
#973 = VERTEX_POINT('',#974);
#974 = CARTESIAN_POINT('',(30.25,1.5,5.85));
#975 = LINE('',#976,#977);
#976 = CARTESIAN_POINT('',(26.09345349563,1.5,1.69345349563));
#977 = VECTOR('',#978,1.);
#978 = DIRECTION('',(-0.707106781187,1.472581747068E-16,-0.707106781187)
  );
#979 = ORIENTED_EDGE('',*,*,#980,.T.);
#980 = EDGE_CURVE('',#973,#981,#983,.T.);
#981 = VERTEX_POINT('',#982);
#982 = CARTESIAN_POINT('',(30.5,1.5,5.6));
#983 = LINE('',#984,#985);
#984 = CARTESIAN_POINT('',(26.90654650437,1.5,9.19345349563));
#985 = VECTOR('',#986,1.);
#986 = DIRECTION('',(0.707106781187,-2.593303654019E-17,-0.707106781187)
  );
#987 = ORIENTED_EDGE('',*,*,#988,.T.);
#988 = EDGE_CURVE('',#981,#989,#991,.T.);
#989 = VERTEX_POINT('',#990);
#990 = CARTESIAN_POINT('',(30.5,1.5,3.85));
#991 = LINE('',#992,#993);
#992 = CARTESIAN_POINT('',(30.5,1.5,3.786906991261));
#993 = VECTOR('',#994,1.);
#994 = DIRECTION('',(1.05062238169E-32,8.578982792606E-17,-1.));
#995 = ORIENTED_EDGE('',*,*,#996,.F.);
#996 = EDGE_CURVE('',#997,#989,#999,.T.);
#997 = VERTEX_POINT('',#998);
#998 = CARTESIAN_POINT('',(29.75,1.5,3.1));
#999 = CIRCLE('',#1000,0.75);
#1000 = AXIS2_PLACEMENT_3D('',#1001,#1002,#1003);
#1001 = CARTESIAN_POINT('',(29.75,1.5,3.85));
#1002 = DIRECTION('',(-1.224646799147E-16,-1.,0.));
#1003 = DIRECTION('',(-0.,0.,-1.));
#1004 = ORIENTED_EDGE('',*,*,#1005,.T.);
#1005 = EDGE_CURVE('',#997,#1006,#1008,.T.);
#1006 = VERTEX_POINT('',#1007);
#1007 = CARTESIAN_POINT('',(29.,1.5,3.1));
#1008 = LINE('',#1009,#1010);
#1009 = CARTESIAN_POINT('',(22.,1.5,3.1));
#1010 = VECTOR('',#1011,1.);
#1011 = DIRECTION('',(-1.,1.224646799147E-16,0.));
#1012 = ORIENTED_EDGE('',*,*,#1013,.T.);
#1013 = EDGE_CURVE('',#1006,#1014,#1016,.T.);
#1014 = VERTEX_POINT('',#1015);
#1015 = CARTESIAN_POINT('',(29.,1.5,7.));
#1016 = LINE('',#1017,#1018);
#1017 = CARTESIAN_POINT('',(29.,1.5,5.736906991261));
#1018 = VECTOR('',#1019,1.);
#1019 = DIRECTION('',(-1.05062238169E-32,-8.578982792606E-17,1.));
#1020 = ORIENTED_EDGE('',*,*,#1021,.T.);
#1021 = EDGE_CURVE('',#1014,#1022,#1024,.T.);
#1022 = VERTEX_POINT('',#1023);
#1023 = CARTESIAN_POINT('',(1.,1.5,7.));
#1024 = LINE('',#1025,#1026);
#1025 = CARTESIAN_POINT('',(32.45,1.5,7.));
#1026 = VECTOR('',#1027,1.);
#1027 = DIRECTION('',(-1.,1.224646799147E-16,0.));
#1028 = ORIENTED_EDGE('',*,*,#1029,.F.);
#1029 = EDGE_CURVE('',#1030,#1022,#1032,.T.);
#1030 = VERTEX_POINT('',#1031);
#1031 = CARTESIAN_POINT('',(1.,1.5,3.1));
#1032 = LINE('',#1033,#1034);
#1033 = CARTESIAN_POINT('',(1.,1.5,5.736906991261));
#1034 = VECTOR('',#1035,1.);
#1035 = DIRECTION('',(-1.05062238169E-32,-8.578982792606E-17,1.));
#1036 = ORIENTED_EDGE('',*,*,#1037,.F.);
#1037 = EDGE_CURVE('',#1038,#1030,#1040,.T.);
#1038 = VERTEX_POINT('',#1039);
#1039 = CARTESIAN_POINT('',(0.25,1.5,3.1));
#1040 = LINE('',#1041,#1042);
#1041 = CARTESIAN_POINT('',(8.,1.5,3.1));
#1042 = VECTOR('',#1043,1.);
#1043 = DIRECTION('',(1.,-1.224646799147E-16,0.));
#1044 = ORIENTED_EDGE('',*,*,#1045,.F.);
#1045 = EDGE_CURVE('',#1046,#1038,#1048,.T.);
#1046 = VERTEX_POINT('',#1047);
#1047 = CARTESIAN_POINT('',(-0.5,1.5,3.85));
#1048 = CIRCLE('',#1049,0.75);
#1049 = AXIS2_PLACEMENT_3D('',#1050,#1051,#1052);
#1050 = CARTESIAN_POINT('',(0.25,1.5,3.85));
#1051 = DIRECTION('',(-1.224646799147E-16,-1.,0.));
#1052 = DIRECTION('',(-0.,0.,-1.));
#1053 = ORIENTED_EDGE('',*,*,#1054,.F.);
#1054 = EDGE_CURVE('',#1055,#1046,#1057,.T.);
#1055 = VERTEX_POINT('',#1056);
#1056 = CARTESIAN_POINT('',(-0.5,1.5,5.6));
#1057 = LINE('',#1058,#1059);
#1058 = CARTESIAN_POINT('',(-0.5,1.5,3.786906991261));
#1059 = VECTOR('',#1060,1.);
#1060 = DIRECTION('',(1.05062238169E-32,8.578982792606E-17,-1.));
#1061 = ORIENTED_EDGE('',*,*,#1062,.F.);
#1062 = EDGE_CURVE('',#1063,#1055,#1065,.T.);
#1063 = VERTEX_POINT('',#1064);
#1064 = CARTESIAN_POINT('',(-0.25,1.5,5.85));
#1065 = LINE('',#1066,#1067);
#1066 = CARTESIAN_POINT('',(3.09345349563,1.5,9.19345349563));
#1067 = VECTOR('',#1068,1.);
#1068 = DIRECTION('',(-0.707106781187,1.472581747068E-16,-0.707106781187
    ));
#1069 = ORIENTED_EDGE('',*,*,#1070,.F.);
#1070 = EDGE_CURVE('',#1071,#1063,#1073,.T.);
#1071 = VERTEX_POINT('',#1072);
#1072 = CARTESIAN_POINT('',(-0.5,1.5,6.1));
#1073 = LINE('',#1074,#1075);
#1074 = CARTESIAN_POINT('',(3.90654650437,1.5,1.69345349563));
#1075 = VECTOR('',#1076,1.);
#1076 = DIRECTION('',(0.707106781187,-2.593303654019E-17,-0.707106781187
    ));
#1077 = ORIENTED_EDGE('',*,*,#1078,.F.);
#1078 = EDGE_CURVE('',#1079,#1071,#1081,.T.);
#1079 = VERTEX_POINT('',#1080);
#1080 = CARTESIAN_POINT('',(-0.5,1.5,7.));
#1081 = LINE('',#1082,#1083);
#1082 = CARTESIAN_POINT('',(-0.5,1.5,5.286906991261));
#1083 = VECTOR('',#1084,1.);
#1084 = DIRECTION('',(1.05062238169E-32,8.578982792606E-17,-1.));
#1085 = ORIENTED_EDGE('',*,*,#1086,.T.);
#1086 = EDGE_CURVE('',#1079,#224,#1087,.T.);
#1087 = LINE('',#1088,#1089);
#1088 = CARTESIAN_POINT('',(32.45,1.5,7.));
#1089 = VECTOR('',#1090,1.);
#1090 = DIRECTION('',(-1.,1.224646799147E-16,0.));
#1091 = ORIENTED_EDGE('',*,*,#231,.T.);
#1092 = ORIENTED_EDGE('',*,*,#940,.F.);
#1093 = ORIENTED_EDGE('',*,*,#866,.T.);
#1094 = ORIENTED_EDGE('',*,*,#1095,.F.);
#1095 = EDGE_CURVE('',#1096,#867,#1098,.T.);
#1096 = VERTEX_POINT('',#1097);
#1097 = CARTESIAN_POINT('',(31.6,1.5,1.85));
#1098 = LINE('',#1099,#1100);
#1099 = CARTESIAN_POINT('',(31.6,1.5,1.85));
#1100 = VECTOR('',#1101,1.);
#1101 = DIRECTION('',(-1.,1.224646799147E-16,0.));
#1102 = ORIENTED_EDGE('',*,*,#1103,.F.);
#1103 = EDGE_CURVE('',#1104,#1096,#1106,.T.);
#1104 = VERTEX_POINT('',#1105);
#1105 = CARTESIAN_POINT('',(31.6,1.5,4.15));
#1106 = LINE('',#1107,#1108);
#1107 = CARTESIAN_POINT('',(31.6,1.5,7.));
#1108 = VECTOR('',#1109,1.);
#1109 = DIRECTION('',(0.,0.,-1.));
#1110 = ORIENTED_EDGE('',*,*,#1111,.F.);
#1111 = EDGE_CURVE('',#785,#1104,#1112,.T.);
#1112 = LINE('',#1113,#1114);
#1113 = CARTESIAN_POINT('',(32.45,1.5,4.15));
#1114 = VECTOR('',#1115,1.);
#1115 = DIRECTION('',(-1.,1.224646799147E-16,0.));
#1116 = PLANE('',#1117);
#1117 = AXIS2_PLACEMENT_3D('',#1118,#1119,#1120);
#1118 = CARTESIAN_POINT('',(15.,1.5,4.473813982522));
#1119 = DIRECTION('',(-1.224646799147E-16,-1.,-8.578982792606E-17));
#1120 = DIRECTION('',(-1.05062238169E-32,-8.578982792606E-17,1.));
#1121 = ADVANCED_FACE('',(#1122),#1140,.T.);
#1122 = FACE_BOUND('',#1123,.T.);
#1123 = EDGE_LOOP('',(#1124,#1125,#1133,#1139));
#1124 = ORIENTED_EDGE('',*,*,#1086,.F.);
#1125 = ORIENTED_EDGE('',*,*,#1126,.F.);
#1126 = EDGE_CURVE('',#1127,#1079,#1129,.T.);
#1127 = VERTEX_POINT('',#1128);
#1128 = CARTESIAN_POINT('',(-0.5,2.35,7.));
#1129 = LINE('',#1130,#1131);
#1130 = CARTESIAN_POINT('',(-0.5,2.35,7.));
#1131 = VECTOR('',#1132,1.);
#1132 = DIRECTION('',(-1.224646799147E-16,-1.,0.));
#1133 = ORIENTED_EDGE('',*,*,#1134,.T.);
#1134 = EDGE_CURVE('',#1127,#216,#1135,.T.);
#1135 = LINE('',#1136,#1137);
#1136 = CARTESIAN_POINT('',(32.45,2.35,7.));
#1137 = VECTOR('',#1138,1.);
#1138 = DIRECTION('',(-1.,1.224646799147E-16,0.));
#1139 = ORIENTED_EDGE('',*,*,#223,.T.);
#1140 = PLANE('',#1141);
#1141 = AXIS2_PLACEMENT_3D('',#1142,#1143,#1144);
#1142 = CARTESIAN_POINT('',(15.,-0.525,7.));
#1143 = DIRECTION('',(0.,0.,1.));
#1144 = DIRECTION('',(-1.,1.224646799147E-16,0.));
#1145 = ADVANCED_FACE('',(#1146),#1694,.F.);
#1146 = FACE_BOUND('',#1147,.F.);
#1147 = EDGE_LOOP('',(#1148,#1156,#1157,#1165,#1173,#1181,#1189,#1197,
    #1206,#1214,#1222,#1230,#1238,#1246,#1255,#1263,#1271,#1279,#1285,
    #1286,#1287,#1288,#1296,#1304,#1312,#1320,#1328,#1336,#1344,#1352,
    #1360,#1368,#1376,#1384,#1392,#1400,#1408,#1416,#1424,#1432,#1440,
    #1448,#1456,#1464,#1472,#1480,#1488,#1496,#1504,#1512,#1520,#1528,
    #1536,#1544,#1552,#1560,#1568,#1576,#1584,#1592,#1600,#1608,#1616,
    #1624,#1632,#1640,#1648,#1656,#1664,#1672,#1680,#1688));
#1148 = ORIENTED_EDGE('',*,*,#1149,.F.);
#1149 = EDGE_CURVE('',#759,#1150,#1152,.T.);
#1150 = VERTEX_POINT('',#1151);
#1151 = CARTESIAN_POINT('',(30.75,2.35,0.));
#1152 = LINE('',#1153,#1154);
#1153 = CARTESIAN_POINT('',(32.45,2.35,0.));
#1154 = VECTOR('',#1155,1.);
#1155 = DIRECTION('',(-1.,1.224646799147E-16,0.));
#1156 = ORIENTED_EDGE('',*,*,#809,.T.);
#1157 = ORIENTED_EDGE('',*,*,#1158,.T.);
#1158 = EDGE_CURVE('',#802,#1159,#1161,.T.);
#1159 = VERTEX_POINT('',#1160);
#1160 = CARTESIAN_POINT('',(30.5,2.35,7.));
#1161 = LINE('',#1162,#1163);
#1162 = CARTESIAN_POINT('',(32.45,2.35,7.));
#1163 = VECTOR('',#1164,1.);
#1164 = DIRECTION('',(-1.,1.224646799147E-16,0.));
#1165 = ORIENTED_EDGE('',*,*,#1166,.F.);
#1166 = EDGE_CURVE('',#1167,#1159,#1169,.T.);
#1167 = VERTEX_POINT('',#1168);
#1168 = CARTESIAN_POINT('',(30.5,2.35,6.1));
#1169 = LINE('',#1170,#1171);
#1170 = CARTESIAN_POINT('',(30.5,2.35,6.1));
#1171 = VECTOR('',#1172,1.);
#1172 = DIRECTION('',(-1.973729821556E-15,2.41712190835E-31,1.));
#1173 = ORIENTED_EDGE('',*,*,#1174,.F.);
#1174 = EDGE_CURVE('',#1175,#1167,#1177,.T.);
#1175 = VERTEX_POINT('',#1176);
#1176 = CARTESIAN_POINT('',(30.25,2.35,5.85));
#1177 = LINE('',#1178,#1179);
#1178 = CARTESIAN_POINT('',(30.25,2.35,5.85));
#1179 = VECTOR('',#1180,1.);
#1180 = DIRECTION('',(0.707106781187,-8.659560562349E-17,0.707106781187)
  );
#1181 = ORIENTED_EDGE('',*,*,#1182,.F.);
#1182 = EDGE_CURVE('',#1183,#1175,#1185,.T.);
#1183 = VERTEX_POINT('',#1184);
#1184 = CARTESIAN_POINT('',(30.5,2.35,5.6));
#1185 = LINE('',#1186,#1187);
#1186 = CARTESIAN_POINT('',(30.5,2.35,5.6));
#1187 = VECTOR('',#1188,1.);
#1188 = DIRECTION('',(-0.707106781187,8.659560562349E-17,0.707106781187)
  );
#1189 = ORIENTED_EDGE('',*,*,#1190,.F.);
#1190 = EDGE_CURVE('',#1191,#1183,#1193,.T.);
#1191 = VERTEX_POINT('',#1192);
#1192 = CARTESIAN_POINT('',(30.5,2.35,3.85));
#1193 = LINE('',#1194,#1195);
#1194 = CARTESIAN_POINT('',(30.5,2.35,3.1));
#1195 = VECTOR('',#1196,1.);
#1196 = DIRECTION('',(0.,0.,1.));
#1197 = ORIENTED_EDGE('',*,*,#1198,.F.);
#1198 = EDGE_CURVE('',#1199,#1191,#1201,.T.);
#1199 = VERTEX_POINT('',#1200);
#1200 = CARTESIAN_POINT('',(29.75,2.35,3.1));
#1201 = CIRCLE('',#1202,0.75);
#1202 = AXIS2_PLACEMENT_3D('',#1203,#1204,#1205);
#1203 = CARTESIAN_POINT('',(29.75,2.35,3.85));
#1204 = DIRECTION('',(-1.224646799147E-16,-1.,0.));
#1205 = DIRECTION('',(0.,0.,1.));
#1206 = ORIENTED_EDGE('',*,*,#1207,.F.);
#1207 = EDGE_CURVE('',#1208,#1199,#1210,.T.);
#1208 = VERTEX_POINT('',#1209);
#1209 = CARTESIAN_POINT('',(29.,2.35,3.1));
#1210 = LINE('',#1211,#1212);
#1211 = CARTESIAN_POINT('',(29.,2.35,3.1));
#1212 = VECTOR('',#1213,1.);
#1213 = DIRECTION('',(1.,-1.224646799147E-16,0.));
#1214 = ORIENTED_EDGE('',*,*,#1215,.F.);
#1215 = EDGE_CURVE('',#1216,#1208,#1218,.T.);
#1216 = VERTEX_POINT('',#1217);
#1217 = CARTESIAN_POINT('',(29.,2.35,7.));
#1218 = LINE('',#1219,#1220);
#1219 = CARTESIAN_POINT('',(29.,2.35,7.));
#1220 = VECTOR('',#1221,1.);
#1221 = DIRECTION('',(-0.,0.,-1.));
#1222 = ORIENTED_EDGE('',*,*,#1223,.T.);
#1223 = EDGE_CURVE('',#1216,#1224,#1226,.T.);
#1224 = VERTEX_POINT('',#1225);
#1225 = CARTESIAN_POINT('',(1.,2.35,7.));
#1226 = LINE('',#1227,#1228);
#1227 = CARTESIAN_POINT('',(32.45,2.35,7.));
#1228 = VECTOR('',#1229,1.);
#1229 = DIRECTION('',(-1.,1.224646799147E-16,0.));
#1230 = ORIENTED_EDGE('',*,*,#1231,.T.);
#1231 = EDGE_CURVE('',#1224,#1232,#1234,.T.);
#1232 = VERTEX_POINT('',#1233);
#1233 = CARTESIAN_POINT('',(1.,2.35,3.1));
#1234 = LINE('',#1235,#1236);
#1235 = CARTESIAN_POINT('',(1.,2.35,7.));
#1236 = VECTOR('',#1237,1.);
#1237 = DIRECTION('',(-0.,0.,-1.));
#1238 = ORIENTED_EDGE('',*,*,#1239,.T.);
#1239 = EDGE_CURVE('',#1232,#1240,#1242,.T.);
#1240 = VERTEX_POINT('',#1241);
#1241 = CARTESIAN_POINT('',(0.25,2.35,3.1));
#1242 = LINE('',#1243,#1244);
#1243 = CARTESIAN_POINT('',(1.,2.35,3.1));
#1244 = VECTOR('',#1245,1.);
#1245 = DIRECTION('',(-1.,1.224646799147E-16,0.));
#1246 = ORIENTED_EDGE('',*,*,#1247,.T.);
#1247 = EDGE_CURVE('',#1240,#1248,#1250,.T.);
#1248 = VERTEX_POINT('',#1249);
#1249 = CARTESIAN_POINT('',(-0.5,2.35,3.85));
#1250 = CIRCLE('',#1251,0.75);
#1251 = AXIS2_PLACEMENT_3D('',#1252,#1253,#1254);
#1252 = CARTESIAN_POINT('',(0.25,2.35,3.85));
#1253 = DIRECTION('',(1.224646799147E-16,1.,-0.));
#1254 = DIRECTION('',(0.,0.,1.));
#1255 = ORIENTED_EDGE('',*,*,#1256,.T.);
#1256 = EDGE_CURVE('',#1248,#1257,#1259,.T.);
#1257 = VERTEX_POINT('',#1258);
#1258 = CARTESIAN_POINT('',(-0.5,2.35,5.6));
#1259 = LINE('',#1260,#1261);
#1260 = CARTESIAN_POINT('',(-0.5,2.35,3.1));
#1261 = VECTOR('',#1262,1.);
#1262 = DIRECTION('',(0.,0.,1.));
#1263 = ORIENTED_EDGE('',*,*,#1264,.T.);
#1264 = EDGE_CURVE('',#1257,#1265,#1267,.T.);
#1265 = VERTEX_POINT('',#1266);
#1266 = CARTESIAN_POINT('',(-0.25,2.35,5.85));
#1267 = LINE('',#1268,#1269);
#1268 = CARTESIAN_POINT('',(-0.5,2.35,5.6));
#1269 = VECTOR('',#1270,1.);
#1270 = DIRECTION('',(0.707106781187,-8.659560562349E-17,0.707106781187)
  );
#1271 = ORIENTED_EDGE('',*,*,#1272,.T.);
#1272 = EDGE_CURVE('',#1265,#1273,#1275,.T.);
#1273 = VERTEX_POINT('',#1274);
#1274 = CARTESIAN_POINT('',(-0.5,2.35,6.1));
#1275 = LINE('',#1276,#1277);
#1276 = CARTESIAN_POINT('',(-0.25,2.35,5.85));
#1277 = VECTOR('',#1278,1.);
#1278 = DIRECTION('',(-0.707106781187,8.659560562349E-17,0.707106781187)
  );
#1279 = ORIENTED_EDGE('',*,*,#1280,.T.);
#1280 = EDGE_CURVE('',#1273,#1127,#1281,.T.);
#1281 = LINE('',#1282,#1283);
#1282 = CARTESIAN_POINT('',(-0.5,2.35,6.1));
#1283 = VECTOR('',#1284,1.);
#1284 = DIRECTION('',(0.,0.,1.));
#1285 = ORIENTED_EDGE('',*,*,#1134,.T.);
#1286 = ORIENTED_EDGE('',*,*,#215,.F.);
#1287 = ORIENTED_EDGE('',*,*,#922,.F.);
#1288 = ORIENTED_EDGE('',*,*,#1289,.T.);
#1289 = EDGE_CURVE('',#915,#1290,#1292,.T.);
#1290 = VERTEX_POINT('',#1291);
#1291 = CARTESIAN_POINT('',(-0.75,2.35,1.));
#1292 = LINE('',#1293,#1294);
#1293 = CARTESIAN_POINT('',(-0.75,2.35,0.));
#1294 = VECTOR('',#1295,1.);
#1295 = DIRECTION('',(0.,0.,1.));
#1296 = ORIENTED_EDGE('',*,*,#1297,.F.);
#1297 = EDGE_CURVE('',#1298,#1290,#1300,.T.);
#1298 = VERTEX_POINT('',#1299);
#1299 = CARTESIAN_POINT('',(0.75,2.35,1.));
#1300 = LINE('',#1301,#1302);
#1301 = CARTESIAN_POINT('',(0.75,2.35,1.));
#1302 = VECTOR('',#1303,1.);
#1303 = DIRECTION('',(-1.,1.224646799147E-16,0.));
#1304 = ORIENTED_EDGE('',*,*,#1305,.F.);
#1305 = EDGE_CURVE('',#1306,#1298,#1308,.T.);
#1306 = VERTEX_POINT('',#1307);
#1307 = CARTESIAN_POINT('',(0.75,2.35,0.));
#1308 = LINE('',#1309,#1310);
#1309 = CARTESIAN_POINT('',(0.75,2.35,0.));
#1310 = VECTOR('',#1311,1.);
#1311 = DIRECTION('',(0.,0.,1.));
#1312 = ORIENTED_EDGE('',*,*,#1313,.F.);
#1313 = EDGE_CURVE('',#1314,#1306,#1316,.T.);
#1314 = VERTEX_POINT('',#1315);
#1315 = CARTESIAN_POINT('',(1.75,2.35,0.));
#1316 = LINE('',#1317,#1318);
#1317 = CARTESIAN_POINT('',(32.45,2.35,0.));
#1318 = VECTOR('',#1319,1.);
#1319 = DIRECTION('',(-1.,1.224646799147E-16,0.));
#1320 = ORIENTED_EDGE('',*,*,#1321,.T.);
#1321 = EDGE_CURVE('',#1314,#1322,#1324,.T.);
#1322 = VERTEX_POINT('',#1323);
#1323 = CARTESIAN_POINT('',(1.75,2.35,1.));
#1324 = LINE('',#1325,#1326);
#1325 = CARTESIAN_POINT('',(1.75,2.35,0.));
#1326 = VECTOR('',#1327,1.);
#1327 = DIRECTION('',(0.,0.,1.));
#1328 = ORIENTED_EDGE('',*,*,#1329,.F.);
#1329 = EDGE_CURVE('',#1330,#1322,#1332,.T.);
#1330 = VERTEX_POINT('',#1331);
#1331 = CARTESIAN_POINT('',(3.25,2.35,1.));
#1332 = LINE('',#1333,#1334);
#1333 = CARTESIAN_POINT('',(3.25,2.35,1.));
#1334 = VECTOR('',#1335,1.);
#1335 = DIRECTION('',(-1.,1.224646799147E-16,0.));
#1336 = ORIENTED_EDGE('',*,*,#1337,.F.);
#1337 = EDGE_CURVE('',#1338,#1330,#1340,.T.);
#1338 = VERTEX_POINT('',#1339);
#1339 = CARTESIAN_POINT('',(3.25,2.35,0.));
#1340 = LINE('',#1341,#1342);
#1341 = CARTESIAN_POINT('',(3.25,2.35,0.));
#1342 = VECTOR('',#1343,1.);
#1343 = DIRECTION('',(0.,0.,1.));
#1344 = ORIENTED_EDGE('',*,*,#1345,.F.);
#1345 = EDGE_CURVE('',#1346,#1338,#1348,.T.);
#1346 = VERTEX_POINT('',#1347);
#1347 = CARTESIAN_POINT('',(4.25,2.35,0.));
#1348 = LINE('',#1349,#1350);
#1349 = CARTESIAN_POINT('',(32.45,2.35,0.));
#1350 = VECTOR('',#1351,1.);
#1351 = DIRECTION('',(-1.,1.224646799147E-16,0.));
#1352 = ORIENTED_EDGE('',*,*,#1353,.T.);
#1353 = EDGE_CURVE('',#1346,#1354,#1356,.T.);
#1354 = VERTEX_POINT('',#1355);
#1355 = CARTESIAN_POINT('',(4.25,2.35,1.));
#1356 = LINE('',#1357,#1358);
#1357 = CARTESIAN_POINT('',(4.25,2.35,0.));
#1358 = VECTOR('',#1359,1.);
#1359 = DIRECTION('',(0.,0.,1.));
#1360 = ORIENTED_EDGE('',*,*,#1361,.F.);
#1361 = EDGE_CURVE('',#1362,#1354,#1364,.T.);
#1362 = VERTEX_POINT('',#1363);
#1363 = CARTESIAN_POINT('',(5.75,2.35,1.));
#1364 = LINE('',#1365,#1366);
#1365 = CARTESIAN_POINT('',(5.75,2.35,1.));
#1366 = VECTOR('',#1367,1.);
#1367 = DIRECTION('',(-1.,1.224646799147E-16,0.));
#1368 = ORIENTED_EDGE('',*,*,#1369,.F.);
#1369 = EDGE_CURVE('',#1370,#1362,#1372,.T.);
#1370 = VERTEX_POINT('',#1371);
#1371 = CARTESIAN_POINT('',(5.75,2.35,0.));
#1372 = LINE('',#1373,#1374);
#1373 = CARTESIAN_POINT('',(5.75,2.35,0.));
#1374 = VECTOR('',#1375,1.);
#1375 = DIRECTION('',(0.,0.,1.));
#1376 = ORIENTED_EDGE('',*,*,#1377,.F.);
#1377 = EDGE_CURVE('',#1378,#1370,#1380,.T.);
#1378 = VERTEX_POINT('',#1379);
#1379 = CARTESIAN_POINT('',(6.75,2.35,0.));
#1380 = LINE('',#1381,#1382);
#1381 = CARTESIAN_POINT('',(32.45,2.35,0.));
#1382 = VECTOR('',#1383,1.);
#1383 = DIRECTION('',(-1.,1.224646799147E-16,0.));
#1384 = ORIENTED_EDGE('',*,*,#1385,.T.);
#1385 = EDGE_CURVE('',#1378,#1386,#1388,.T.);
#1386 = VERTEX_POINT('',#1387);
#1387 = CARTESIAN_POINT('',(6.75,2.35,1.));
#1388 = LINE('',#1389,#1390);
#1389 = CARTESIAN_POINT('',(6.75,2.35,0.));
#1390 = VECTOR('',#1391,1.);
#1391 = DIRECTION('',(0.,0.,1.));
#1392 = ORIENTED_EDGE('',*,*,#1393,.F.);
#1393 = EDGE_CURVE('',#1394,#1386,#1396,.T.);
#1394 = VERTEX_POINT('',#1395);
#1395 = CARTESIAN_POINT('',(8.25,2.35,1.));
#1396 = LINE('',#1397,#1398);
#1397 = CARTESIAN_POINT('',(8.25,2.35,1.));
#1398 = VECTOR('',#1399,1.);
#1399 = DIRECTION('',(-1.,1.224646799147E-16,0.));
#1400 = ORIENTED_EDGE('',*,*,#1401,.F.);
#1401 = EDGE_CURVE('',#1402,#1394,#1404,.T.);
#1402 = VERTEX_POINT('',#1403);
#1403 = CARTESIAN_POINT('',(8.25,2.35,0.));
#1404 = LINE('',#1405,#1406);
#1405 = CARTESIAN_POINT('',(8.25,2.35,0.));
#1406 = VECTOR('',#1407,1.);
#1407 = DIRECTION('',(0.,0.,1.));
#1408 = ORIENTED_EDGE('',*,*,#1409,.F.);
#1409 = EDGE_CURVE('',#1410,#1402,#1412,.T.);
#1410 = VERTEX_POINT('',#1411);
#1411 = CARTESIAN_POINT('',(9.25,2.35,0.));
#1412 = LINE('',#1413,#1414);
#1413 = CARTESIAN_POINT('',(32.45,2.35,0.));
#1414 = VECTOR('',#1415,1.);
#1415 = DIRECTION('',(-1.,1.224646799147E-16,0.));
#1416 = ORIENTED_EDGE('',*,*,#1417,.T.);
#1417 = EDGE_CURVE('',#1410,#1418,#1420,.T.);
#1418 = VERTEX_POINT('',#1419);
#1419 = CARTESIAN_POINT('',(9.25,2.35,1.));
#1420 = LINE('',#1421,#1422);
#1421 = CARTESIAN_POINT('',(9.25,2.35,0.));
#1422 = VECTOR('',#1423,1.);
#1423 = DIRECTION('',(0.,0.,1.));
#1424 = ORIENTED_EDGE('',*,*,#1425,.F.);
#1425 = EDGE_CURVE('',#1426,#1418,#1428,.T.);
#1426 = VERTEX_POINT('',#1427);
#1427 = CARTESIAN_POINT('',(10.75,2.35,1.));
#1428 = LINE('',#1429,#1430);
#1429 = CARTESIAN_POINT('',(10.75,2.35,1.));
#1430 = VECTOR('',#1431,1.);
#1431 = DIRECTION('',(-1.,1.224646799147E-16,0.));
#1432 = ORIENTED_EDGE('',*,*,#1433,.F.);
#1433 = EDGE_CURVE('',#1434,#1426,#1436,.T.);
#1434 = VERTEX_POINT('',#1435);
#1435 = CARTESIAN_POINT('',(10.75,2.35,0.));
#1436 = LINE('',#1437,#1438);
#1437 = CARTESIAN_POINT('',(10.75,2.35,0.));
#1438 = VECTOR('',#1439,1.);
#1439 = DIRECTION('',(0.,0.,1.));
#1440 = ORIENTED_EDGE('',*,*,#1441,.F.);
#1441 = EDGE_CURVE('',#1442,#1434,#1444,.T.);
#1442 = VERTEX_POINT('',#1443);
#1443 = CARTESIAN_POINT('',(11.75,2.35,0.));
#1444 = LINE('',#1445,#1446);
#1445 = CARTESIAN_POINT('',(32.45,2.35,0.));
#1446 = VECTOR('',#1447,1.);
#1447 = DIRECTION('',(-1.,1.224646799147E-16,0.));
#1448 = ORIENTED_EDGE('',*,*,#1449,.T.);
#1449 = EDGE_CURVE('',#1442,#1450,#1452,.T.);
#1450 = VERTEX_POINT('',#1451);
#1451 = CARTESIAN_POINT('',(11.75,2.35,1.));
#1452 = LINE('',#1453,#1454);
#1453 = CARTESIAN_POINT('',(11.75,2.35,0.));
#1454 = VECTOR('',#1455,1.);
#1455 = DIRECTION('',(0.,0.,1.));
#1456 = ORIENTED_EDGE('',*,*,#1457,.F.);
#1457 = EDGE_CURVE('',#1458,#1450,#1460,.T.);
#1458 = VERTEX_POINT('',#1459);
#1459 = CARTESIAN_POINT('',(13.25,2.35,1.));
#1460 = LINE('',#1461,#1462);
#1461 = CARTESIAN_POINT('',(13.25,2.35,1.));
#1462 = VECTOR('',#1463,1.);
#1463 = DIRECTION('',(-1.,1.224646799147E-16,0.));
#1464 = ORIENTED_EDGE('',*,*,#1465,.F.);
#1465 = EDGE_CURVE('',#1466,#1458,#1468,.T.);
#1466 = VERTEX_POINT('',#1467);
#1467 = CARTESIAN_POINT('',(13.25,2.35,0.));
#1468 = LINE('',#1469,#1470);
#1469 = CARTESIAN_POINT('',(13.25,2.35,0.));
#1470 = VECTOR('',#1471,1.);
#1471 = DIRECTION('',(0.,0.,1.));
#1472 = ORIENTED_EDGE('',*,*,#1473,.F.);
#1473 = EDGE_CURVE('',#1474,#1466,#1476,.T.);
#1474 = VERTEX_POINT('',#1475);
#1475 = CARTESIAN_POINT('',(14.25,2.35,0.));
#1476 = LINE('',#1477,#1478);
#1477 = CARTESIAN_POINT('',(32.45,2.35,0.));
#1478 = VECTOR('',#1479,1.);
#1479 = DIRECTION('',(-1.,1.224646799147E-16,0.));
#1480 = ORIENTED_EDGE('',*,*,#1481,.T.);
#1481 = EDGE_CURVE('',#1474,#1482,#1484,.T.);
#1482 = VERTEX_POINT('',#1483);
#1483 = CARTESIAN_POINT('',(14.25,2.35,1.));
#1484 = LINE('',#1485,#1486);
#1485 = CARTESIAN_POINT('',(14.25,2.35,0.));
#1486 = VECTOR('',#1487,1.);
#1487 = DIRECTION('',(0.,0.,1.));
#1488 = ORIENTED_EDGE('',*,*,#1489,.F.);
#1489 = EDGE_CURVE('',#1490,#1482,#1492,.T.);
#1490 = VERTEX_POINT('',#1491);
#1491 = CARTESIAN_POINT('',(15.75,2.35,1.));
#1492 = LINE('',#1493,#1494);
#1493 = CARTESIAN_POINT('',(15.75,2.35,1.));
#1494 = VECTOR('',#1495,1.);
#1495 = DIRECTION('',(-1.,1.224646799147E-16,0.));
#1496 = ORIENTED_EDGE('',*,*,#1497,.F.);
#1497 = EDGE_CURVE('',#1498,#1490,#1500,.T.);
#1498 = VERTEX_POINT('',#1499);
#1499 = CARTESIAN_POINT('',(15.75,2.35,0.));
#1500 = LINE('',#1501,#1502);
#1501 = CARTESIAN_POINT('',(15.75,2.35,0.));
#1502 = VECTOR('',#1503,1.);
#1503 = DIRECTION('',(0.,0.,1.));
#1504 = ORIENTED_EDGE('',*,*,#1505,.F.);
#1505 = EDGE_CURVE('',#1506,#1498,#1508,.T.);
#1506 = VERTEX_POINT('',#1507);
#1507 = CARTESIAN_POINT('',(16.75,2.35,0.));
#1508 = LINE('',#1509,#1510);
#1509 = CARTESIAN_POINT('',(32.45,2.35,0.));
#1510 = VECTOR('',#1511,1.);
#1511 = DIRECTION('',(-1.,1.224646799147E-16,0.));
#1512 = ORIENTED_EDGE('',*,*,#1513,.T.);
#1513 = EDGE_CURVE('',#1506,#1514,#1516,.T.);
#1514 = VERTEX_POINT('',#1515);
#1515 = CARTESIAN_POINT('',(16.75,2.35,1.));
#1516 = LINE('',#1517,#1518);
#1517 = CARTESIAN_POINT('',(16.75,2.35,0.));
#1518 = VECTOR('',#1519,1.);
#1519 = DIRECTION('',(0.,0.,1.));
#1520 = ORIENTED_EDGE('',*,*,#1521,.F.);
#1521 = EDGE_CURVE('',#1522,#1514,#1524,.T.);
#1522 = VERTEX_POINT('',#1523);
#1523 = CARTESIAN_POINT('',(18.25,2.35,1.));
#1524 = LINE('',#1525,#1526);
#1525 = CARTESIAN_POINT('',(18.25,2.35,1.));
#1526 = VECTOR('',#1527,1.);
#1527 = DIRECTION('',(-1.,1.224646799147E-16,0.));
#1528 = ORIENTED_EDGE('',*,*,#1529,.F.);
#1529 = EDGE_CURVE('',#1530,#1522,#1532,.T.);
#1530 = VERTEX_POINT('',#1531);
#1531 = CARTESIAN_POINT('',(18.25,2.35,0.));
#1532 = LINE('',#1533,#1534);
#1533 = CARTESIAN_POINT('',(18.25,2.35,0.));
#1534 = VECTOR('',#1535,1.);
#1535 = DIRECTION('',(0.,0.,1.));
#1536 = ORIENTED_EDGE('',*,*,#1537,.F.);
#1537 = EDGE_CURVE('',#1538,#1530,#1540,.T.);
#1538 = VERTEX_POINT('',#1539);
#1539 = CARTESIAN_POINT('',(19.25,2.35,0.));
#1540 = LINE('',#1541,#1542);
#1541 = CARTESIAN_POINT('',(32.45,2.35,0.));
#1542 = VECTOR('',#1543,1.);
#1543 = DIRECTION('',(-1.,1.224646799147E-16,0.));
#1544 = ORIENTED_EDGE('',*,*,#1545,.T.);
#1545 = EDGE_CURVE('',#1538,#1546,#1548,.T.);
#1546 = VERTEX_POINT('',#1547);
#1547 = CARTESIAN_POINT('',(19.25,2.35,1.));
#1548 = LINE('',#1549,#1550);
#1549 = CARTESIAN_POINT('',(19.25,2.35,0.));
#1550 = VECTOR('',#1551,1.);
#1551 = DIRECTION('',(0.,0.,1.));
#1552 = ORIENTED_EDGE('',*,*,#1553,.F.);
#1553 = EDGE_CURVE('',#1554,#1546,#1556,.T.);
#1554 = VERTEX_POINT('',#1555);
#1555 = CARTESIAN_POINT('',(20.75,2.35,1.));
#1556 = LINE('',#1557,#1558);
#1557 = CARTESIAN_POINT('',(20.75,2.35,1.));
#1558 = VECTOR('',#1559,1.);
#1559 = DIRECTION('',(-1.,1.224646799147E-16,0.));
#1560 = ORIENTED_EDGE('',*,*,#1561,.F.);
#1561 = EDGE_CURVE('',#1562,#1554,#1564,.T.);
#1562 = VERTEX_POINT('',#1563);
#1563 = CARTESIAN_POINT('',(20.75,2.35,0.));
#1564 = LINE('',#1565,#1566);
#1565 = CARTESIAN_POINT('',(20.75,2.35,0.));
#1566 = VECTOR('',#1567,1.);
#1567 = DIRECTION('',(0.,0.,1.));
#1568 = ORIENTED_EDGE('',*,*,#1569,.F.);
#1569 = EDGE_CURVE('',#1570,#1562,#1572,.T.);
#1570 = VERTEX_POINT('',#1571);
#1571 = CARTESIAN_POINT('',(21.75,2.35,0.));
#1572 = LINE('',#1573,#1574);
#1573 = CARTESIAN_POINT('',(32.45,2.35,0.));
#1574 = VECTOR('',#1575,1.);
#1575 = DIRECTION('',(-1.,1.224646799147E-16,0.));
#1576 = ORIENTED_EDGE('',*,*,#1577,.T.);
#1577 = EDGE_CURVE('',#1570,#1578,#1580,.T.);
#1578 = VERTEX_POINT('',#1579);
#1579 = CARTESIAN_POINT('',(21.75,2.35,1.));
#1580 = LINE('',#1581,#1582);
#1581 = CARTESIAN_POINT('',(21.75,2.35,0.));
#1582 = VECTOR('',#1583,1.);
#1583 = DIRECTION('',(0.,0.,1.));
#1584 = ORIENTED_EDGE('',*,*,#1585,.F.);
#1585 = EDGE_CURVE('',#1586,#1578,#1588,.T.);
#1586 = VERTEX_POINT('',#1587);
#1587 = CARTESIAN_POINT('',(23.25,2.35,1.));
#1588 = LINE('',#1589,#1590);
#1589 = CARTESIAN_POINT('',(23.25,2.35,1.));
#1590 = VECTOR('',#1591,1.);
#1591 = DIRECTION('',(-1.,1.224646799147E-16,0.));
#1592 = ORIENTED_EDGE('',*,*,#1593,.F.);
#1593 = EDGE_CURVE('',#1594,#1586,#1596,.T.);
#1594 = VERTEX_POINT('',#1595);
#1595 = CARTESIAN_POINT('',(23.25,2.35,0.));
#1596 = LINE('',#1597,#1598);
#1597 = CARTESIAN_POINT('',(23.25,2.35,0.));
#1598 = VECTOR('',#1599,1.);
#1599 = DIRECTION('',(0.,0.,1.));
#1600 = ORIENTED_EDGE('',*,*,#1601,.F.);
#1601 = EDGE_CURVE('',#1602,#1594,#1604,.T.);
#1602 = VERTEX_POINT('',#1603);
#1603 = CARTESIAN_POINT('',(24.25,2.35,0.));
#1604 = LINE('',#1605,#1606);
#1605 = CARTESIAN_POINT('',(32.45,2.35,0.));
#1606 = VECTOR('',#1607,1.);
#1607 = DIRECTION('',(-1.,1.224646799147E-16,0.));
#1608 = ORIENTED_EDGE('',*,*,#1609,.T.);
#1609 = EDGE_CURVE('',#1602,#1610,#1612,.T.);
#1610 = VERTEX_POINT('',#1611);
#1611 = CARTESIAN_POINT('',(24.25,2.35,1.));
#1612 = LINE('',#1613,#1614);
#1613 = CARTESIAN_POINT('',(24.25,2.35,0.));
#1614 = VECTOR('',#1615,1.);
#1615 = DIRECTION('',(0.,0.,1.));
#1616 = ORIENTED_EDGE('',*,*,#1617,.F.);
#1617 = EDGE_CURVE('',#1618,#1610,#1620,.T.);
#1618 = VERTEX_POINT('',#1619);
#1619 = CARTESIAN_POINT('',(25.75,2.35,1.));
#1620 = LINE('',#1621,#1622);
#1621 = CARTESIAN_POINT('',(25.75,2.35,1.));
#1622 = VECTOR('',#1623,1.);
#1623 = DIRECTION('',(-1.,1.224646799147E-16,0.));
#1624 = ORIENTED_EDGE('',*,*,#1625,.F.);
#1625 = EDGE_CURVE('',#1626,#1618,#1628,.T.);
#1626 = VERTEX_POINT('',#1627);
#1627 = CARTESIAN_POINT('',(25.75,2.35,0.));
#1628 = LINE('',#1629,#1630);
#1629 = CARTESIAN_POINT('',(25.75,2.35,0.));
#1630 = VECTOR('',#1631,1.);
#1631 = DIRECTION('',(0.,0.,1.));
#1632 = ORIENTED_EDGE('',*,*,#1633,.F.);
#1633 = EDGE_CURVE('',#1634,#1626,#1636,.T.);
#1634 = VERTEX_POINT('',#1635);
#1635 = CARTESIAN_POINT('',(26.75,2.35,0.));
#1636 = LINE('',#1637,#1638);
#1637 = CARTESIAN_POINT('',(32.45,2.35,0.));
#1638 = VECTOR('',#1639,1.);
#1639 = DIRECTION('',(-1.,1.224646799147E-16,0.));
#1640 = ORIENTED_EDGE('',*,*,#1641,.T.);
#1641 = EDGE_CURVE('',#1634,#1642,#1644,.T.);
#1642 = VERTEX_POINT('',#1643);
#1643 = CARTESIAN_POINT('',(26.75,2.35,1.));
#1644 = LINE('',#1645,#1646);
#1645 = CARTESIAN_POINT('',(26.75,2.35,0.));
#1646 = VECTOR('',#1647,1.);
#1647 = DIRECTION('',(0.,0.,1.));
#1648 = ORIENTED_EDGE('',*,*,#1649,.F.);
#1649 = EDGE_CURVE('',#1650,#1642,#1652,.T.);
#1650 = VERTEX_POINT('',#1651);
#1651 = CARTESIAN_POINT('',(28.25,2.35,1.));
#1652 = LINE('',#1653,#1654);
#1653 = CARTESIAN_POINT('',(28.25,2.35,1.));
#1654 = VECTOR('',#1655,1.);
#1655 = DIRECTION('',(-1.,1.224646799147E-16,0.));
#1656 = ORIENTED_EDGE('',*,*,#1657,.F.);
#1657 = EDGE_CURVE('',#1658,#1650,#1660,.T.);
#1658 = VERTEX_POINT('',#1659);
#1659 = CARTESIAN_POINT('',(28.25,2.35,0.));
#1660 = LINE('',#1661,#1662);
#1661 = CARTESIAN_POINT('',(28.25,2.35,0.));
#1662 = VECTOR('',#1663,1.);
#1663 = DIRECTION('',(0.,0.,1.));
#1664 = ORIENTED_EDGE('',*,*,#1665,.F.);
#1665 = EDGE_CURVE('',#1666,#1658,#1668,.T.);
#1666 = VERTEX_POINT('',#1667);
#1667 = CARTESIAN_POINT('',(29.25,2.35,0.));
#1668 = LINE('',#1669,#1670);
#1669 = CARTESIAN_POINT('',(32.45,2.35,0.));
#1670 = VECTOR('',#1671,1.);
#1671 = DIRECTION('',(-1.,1.224646799147E-16,0.));
#1672 = ORIENTED_EDGE('',*,*,#1673,.T.);
#1673 = EDGE_CURVE('',#1666,#1674,#1676,.T.);
#1674 = VERTEX_POINT('',#1675);
#1675 = CARTESIAN_POINT('',(29.25,2.35,1.));
#1676 = LINE('',#1677,#1678);
#1677 = CARTESIAN_POINT('',(29.25,2.35,0.));
#1678 = VECTOR('',#1679,1.);
#1679 = DIRECTION('',(0.,0.,1.));
#1680 = ORIENTED_EDGE('',*,*,#1681,.F.);
#1681 = EDGE_CURVE('',#1682,#1674,#1684,.T.);
#1682 = VERTEX_POINT('',#1683);
#1683 = CARTESIAN_POINT('',(30.75,2.35,1.));
#1684 = LINE('',#1685,#1686);
#1685 = CARTESIAN_POINT('',(30.75,2.35,1.));
#1686 = VECTOR('',#1687,1.);
#1687 = DIRECTION('',(-1.,1.224646799147E-16,0.));
#1688 = ORIENTED_EDGE('',*,*,#1689,.F.);
#1689 = EDGE_CURVE('',#1150,#1682,#1690,.T.);
#1690 = LINE('',#1691,#1692);
#1691 = CARTESIAN_POINT('',(30.75,2.35,0.));
#1692 = VECTOR('',#1693,1.);
#1693 = DIRECTION('',(0.,0.,1.));
#1694 = PLANE('',#1695);
#1695 = AXIS2_PLACEMENT_3D('',#1696,#1697,#1698);
#1696 = CARTESIAN_POINT('',(32.45,2.35,0.));
#1697 = DIRECTION('',(-1.224646799147E-16,-1.,0.));
#1698 = DIRECTION('',(-1.,1.224646799147E-16,0.));
#1699 = ADVANCED_FACE('',(#1700),#1718,.F.);
#1700 = FACE_BOUND('',#1701,.F.);
#1701 = EDGE_LOOP('',(#1702,#1703,#1711,#1717));
#1702 = ORIENTED_EDGE('',*,*,#882,.T.);
#1703 = ORIENTED_EDGE('',*,*,#1704,.T.);
#1704 = EDGE_CURVE('',#875,#1705,#1707,.T.);
#1705 = VERTEX_POINT('',#1706);
#1706 = CARTESIAN_POINT('',(31.6,-2.65,1.85));
#1707 = LINE('',#1708,#1709);
#1708 = CARTESIAN_POINT('',(-1.6,-2.65,1.85));
#1709 = VECTOR('',#1710,1.);
#1710 = DIRECTION('',(1.,-1.224646799147E-16,0.));
#1711 = ORIENTED_EDGE('',*,*,#1712,.F.);
#1712 = EDGE_CURVE('',#273,#1705,#1713,.T.);
#1713 = LINE('',#1714,#1715);
#1714 = CARTESIAN_POINT('',(31.6,-2.65,7.));
#1715 = VECTOR('',#1716,1.);
#1716 = DIRECTION('',(0.,0.,-1.));
#1717 = ORIENTED_EDGE('',*,*,#280,.F.);
#1718 = PLANE('',#1719);
#1719 = AXIS2_PLACEMENT_3D('',#1720,#1721,#1722);
#1720 = CARTESIAN_POINT('',(-1.6,-2.65,7.));
#1721 = DIRECTION('',(-1.224646799147E-16,-1.,0.));
#1722 = DIRECTION('',(1.,-1.224646799147E-16,0.));
#1723 = ADVANCED_FACE('',(#1724),#1751,.T.);
#1724 = FACE_BOUND('',#1725,.T.);
#1725 = EDGE_LOOP('',(#1726,#1727,#1735,#1743,#1749,#1750));
#1726 = ORIENTED_EDGE('',*,*,#1289,.T.);
#1727 = ORIENTED_EDGE('',*,*,#1728,.T.);
#1728 = EDGE_CURVE('',#1290,#1729,#1731,.T.);
#1729 = VERTEX_POINT('',#1730);
#1730 = CARTESIAN_POINT('',(-0.75,0.5,0.3));
#1731 = LINE('',#1732,#1733);
#1732 = CARTESIAN_POINT('',(-0.75,2.35,1.));
#1733 = VECTOR('',#1734,1.);
#1734 = DIRECTION('',(-1.14539532148E-16,-0.935286257456,-0.353892097416
    ));
#1735 = ORIENTED_EDGE('',*,*,#1736,.T.);
#1736 = EDGE_CURVE('',#1729,#1737,#1739,.T.);
#1737 = VERTEX_POINT('',#1738);
#1738 = CARTESIAN_POINT('',(-0.75,-0.5,0.3));
#1739 = LINE('',#1740,#1741);
#1740 = CARTESIAN_POINT('',(-0.75,0.5,0.3));
#1741 = VECTOR('',#1742,1.);
#1742 = DIRECTION('',(-1.224646799147E-16,-1.,0.));
#1743 = ORIENTED_EDGE('',*,*,#1744,.T.);
#1744 = EDGE_CURVE('',#1737,#713,#1745,.T.);
#1745 = LINE('',#1746,#1747);
#1746 = CARTESIAN_POINT('',(-0.75,-0.5,0.3));
#1747 = VECTOR('',#1748,1.);
#1748 = DIRECTION('',(-1.190457365237E-16,-0.972082208573,0.234640533104
    ));
#1749 = ORIENTED_EDGE('',*,*,#720,.T.);
#1750 = ORIENTED_EDGE('',*,*,#914,.T.);
#1751 = PLANE('',#1752);
#1752 = AXIS2_PLACEMENT_3D('',#1753,#1754,#1755);
#1753 = CARTESIAN_POINT('',(-0.75,-0.515451356496,0.330008245993));
#1754 = DIRECTION('',(1.,-1.224646799147E-16,-1.256256073143E-32));
#1755 = DIRECTION('',(-1.256256073143E-32,1.538469978883E-48,-1.));
#1756 = ADVANCED_FACE('',(#1757),#1775,.F.);
#1757 = FACE_BOUND('',#1758,.F.);
#1758 = EDGE_LOOP('',(#1759,#1767,#1768,#1769));
#1759 = ORIENTED_EDGE('',*,*,#1760,.T.);
#1760 = EDGE_CURVE('',#1761,#1737,#1763,.T.);
#1761 = VERTEX_POINT('',#1762);
#1762 = CARTESIAN_POINT('',(0.75,-0.5,0.3));
#1763 = LINE('',#1764,#1765);
#1764 = CARTESIAN_POINT('',(0.75,-0.5,0.3));
#1765 = VECTOR('',#1766,1.);
#1766 = DIRECTION('',(-1.,1.224646799147E-16,0.));
#1767 = ORIENTED_EDGE('',*,*,#1744,.T.);
#1768 = ORIENTED_EDGE('',*,*,#712,.F.);
#1769 = ORIENTED_EDGE('',*,*,#1770,.F.);
#1770 = EDGE_CURVE('',#1761,#705,#1771,.T.);
#1771 = LINE('',#1772,#1773);
#1772 = CARTESIAN_POINT('',(0.75,-0.5,0.3));
#1773 = VECTOR('',#1774,1.);
#1774 = DIRECTION('',(-1.190457365237E-16,-0.972082208573,0.234640533104
    ));
#1775 = PLANE('',#1776);
#1776 = AXIS2_PLACEMENT_3D('',#1777,#1778,#1779);
#1777 = CARTESIAN_POINT('',(0.75,-0.5,0.3));
#1778 = DIRECTION('',(2.87351777816E-17,0.234640533104,0.972082208573));
#1779 = DIRECTION('',(-1.190457365237E-16,-0.972082208573,0.234640533104
    ));
#1780 = ADVANCED_FACE('',(#1781),#1806,.F.);
#1781 = FACE_BOUND('',#1782,.F.);
#1782 = EDGE_LOOP('',(#1783,#1784,#1792,#1798,#1799,#1800));
#1783 = ORIENTED_EDGE('',*,*,#1305,.T.);
#1784 = ORIENTED_EDGE('',*,*,#1785,.T.);
#1785 = EDGE_CURVE('',#1298,#1786,#1788,.T.);
#1786 = VERTEX_POINT('',#1787);
#1787 = CARTESIAN_POINT('',(0.75,0.5,0.3));
#1788 = LINE('',#1789,#1790);
#1789 = CARTESIAN_POINT('',(0.75,2.35,1.));
#1790 = VECTOR('',#1791,1.);
#1791 = DIRECTION('',(-1.14539532148E-16,-0.935286257456,-0.353892097416
    ));
#1792 = ORIENTED_EDGE('',*,*,#1793,.T.);
#1793 = EDGE_CURVE('',#1786,#1761,#1794,.T.);
#1794 = LINE('',#1795,#1796);
#1795 = CARTESIAN_POINT('',(0.75,0.5,0.3));
#1796 = VECTOR('',#1797,1.);
#1797 = DIRECTION('',(-1.224646799147E-16,-1.,0.));
#1798 = ORIENTED_EDGE('',*,*,#1770,.T.);
#1799 = ORIENTED_EDGE('',*,*,#704,.T.);
#1800 = ORIENTED_EDGE('',*,*,#1801,.T.);
#1801 = EDGE_CURVE('',#697,#1306,#1802,.T.);
#1802 = LINE('',#1803,#1804);
#1803 = CARTESIAN_POINT('',(0.75,-3.4,0.));
#1804 = VECTOR('',#1805,1.);
#1805 = DIRECTION('',(1.224646799147E-16,1.,0.));
#1806 = PLANE('',#1807);
#1807 = AXIS2_PLACEMENT_3D('',#1808,#1809,#1810);
#1808 = CARTESIAN_POINT('',(0.75,-0.515451356496,0.330008245993));
#1809 = DIRECTION('',(1.,-1.224646799147E-16,-1.256256073143E-32));
#1810 = DIRECTION('',(-1.256256073143E-32,1.538469978883E-48,-1.));
#1811 = ADVANCED_FACE('',(#1812),#1823,.F.);
#1812 = FACE_BOUND('',#1813,.F.);
#1813 = EDGE_LOOP('',(#1814,#1820,#1821,#1822));
#1814 = ORIENTED_EDGE('',*,*,#1815,.T.);
#1815 = EDGE_CURVE('',#689,#1314,#1816,.T.);
#1816 = LINE('',#1817,#1818);
#1817 = CARTESIAN_POINT('',(1.75,-3.4,0.));
#1818 = VECTOR('',#1819,1.);
#1819 = DIRECTION('',(1.224646799147E-16,1.,0.));
#1820 = ORIENTED_EDGE('',*,*,#1313,.T.);
#1821 = ORIENTED_EDGE('',*,*,#1801,.F.);
#1822 = ORIENTED_EDGE('',*,*,#696,.T.);
#1823 = PLANE('',#1824);
#1824 = AXIS2_PLACEMENT_3D('',#1825,#1826,#1827);
#1825 = CARTESIAN_POINT('',(15.,-0.525,0.));
#1826 = DIRECTION('',(0.,0.,1.));
#1827 = DIRECTION('',(-1.,1.224646799147E-16,0.));
#1828 = ADVANCED_FACE('',(#1829),#1856,.T.);
#1829 = FACE_BOUND('',#1830,.T.);
#1830 = EDGE_LOOP('',(#1831,#1832,#1840,#1848,#1854,#1855));
#1831 = ORIENTED_EDGE('',*,*,#1321,.T.);
#1832 = ORIENTED_EDGE('',*,*,#1833,.T.);
#1833 = EDGE_CURVE('',#1322,#1834,#1836,.T.);
#1834 = VERTEX_POINT('',#1835);
#1835 = CARTESIAN_POINT('',(1.75,0.5,0.3));
#1836 = LINE('',#1837,#1838);
#1837 = CARTESIAN_POINT('',(1.75,2.35,1.));
#1838 = VECTOR('',#1839,1.);
#1839 = DIRECTION('',(-1.14539532148E-16,-0.935286257456,-0.353892097416
    ));
#1840 = ORIENTED_EDGE('',*,*,#1841,.T.);
#1841 = EDGE_CURVE('',#1834,#1842,#1844,.T.);
#1842 = VERTEX_POINT('',#1843);
#1843 = CARTESIAN_POINT('',(1.75,-0.5,0.3));
#1844 = LINE('',#1845,#1846);
#1845 = CARTESIAN_POINT('',(1.75,0.5,0.3));
#1846 = VECTOR('',#1847,1.);
#1847 = DIRECTION('',(-1.224646799147E-16,-1.,0.));
#1848 = ORIENTED_EDGE('',*,*,#1849,.T.);
#1849 = EDGE_CURVE('',#1842,#681,#1850,.T.);
#1850 = LINE('',#1851,#1852);
#1851 = CARTESIAN_POINT('',(1.75,-0.5,0.3));
#1852 = VECTOR('',#1853,1.);
#1853 = DIRECTION('',(-1.190457365237E-16,-0.972082208573,0.234640533104
    ));
#1854 = ORIENTED_EDGE('',*,*,#688,.T.);
#1855 = ORIENTED_EDGE('',*,*,#1815,.T.);
#1856 = PLANE('',#1857);
#1857 = AXIS2_PLACEMENT_3D('',#1858,#1859,#1860);
#1858 = CARTESIAN_POINT('',(1.75,-0.515451356496,0.330008245993));
#1859 = DIRECTION('',(1.,-1.224646799147E-16,-1.256256073143E-32));
#1860 = DIRECTION('',(-1.256256073143E-32,1.538469978883E-48,-1.));
#1861 = ADVANCED_FACE('',(#1862),#1880,.F.);
#1862 = FACE_BOUND('',#1863,.F.);
#1863 = EDGE_LOOP('',(#1864,#1872,#1873,#1874));
#1864 = ORIENTED_EDGE('',*,*,#1865,.T.);
#1865 = EDGE_CURVE('',#1866,#1842,#1868,.T.);
#1866 = VERTEX_POINT('',#1867);
#1867 = CARTESIAN_POINT('',(3.25,-0.5,0.3));
#1868 = LINE('',#1869,#1870);
#1869 = CARTESIAN_POINT('',(3.25,-0.5,0.3));
#1870 = VECTOR('',#1871,1.);
#1871 = DIRECTION('',(-1.,1.224646799147E-16,0.));
#1872 = ORIENTED_EDGE('',*,*,#1849,.T.);
#1873 = ORIENTED_EDGE('',*,*,#680,.F.);
#1874 = ORIENTED_EDGE('',*,*,#1875,.F.);
#1875 = EDGE_CURVE('',#1866,#673,#1876,.T.);
#1876 = LINE('',#1877,#1878);
#1877 = CARTESIAN_POINT('',(3.25,-0.5,0.3));
#1878 = VECTOR('',#1879,1.);
#1879 = DIRECTION('',(-1.190457365237E-16,-0.972082208573,0.234640533104
    ));
#1880 = PLANE('',#1881);
#1881 = AXIS2_PLACEMENT_3D('',#1882,#1883,#1884);
#1882 = CARTESIAN_POINT('',(3.25,-0.5,0.3));
#1883 = DIRECTION('',(2.87351777816E-17,0.234640533104,0.972082208573));
#1884 = DIRECTION('',(-1.190457365237E-16,-0.972082208573,0.234640533104
    ));
#1885 = ADVANCED_FACE('',(#1886),#1911,.F.);
#1886 = FACE_BOUND('',#1887,.F.);
#1887 = EDGE_LOOP('',(#1888,#1889,#1897,#1903,#1904,#1905));
#1888 = ORIENTED_EDGE('',*,*,#1337,.T.);
#1889 = ORIENTED_EDGE('',*,*,#1890,.T.);
#1890 = EDGE_CURVE('',#1330,#1891,#1893,.T.);
#1891 = VERTEX_POINT('',#1892);
#1892 = CARTESIAN_POINT('',(3.25,0.5,0.3));
#1893 = LINE('',#1894,#1895);
#1894 = CARTESIAN_POINT('',(3.25,2.35,1.));
#1895 = VECTOR('',#1896,1.);
#1896 = DIRECTION('',(-1.14539532148E-16,-0.935286257456,-0.353892097416
    ));
#1897 = ORIENTED_EDGE('',*,*,#1898,.T.);
#1898 = EDGE_CURVE('',#1891,#1866,#1899,.T.);
#1899 = LINE('',#1900,#1901);
#1900 = CARTESIAN_POINT('',(3.25,0.5,0.3));
#1901 = VECTOR('',#1902,1.);
#1902 = DIRECTION('',(-1.224646799147E-16,-1.,0.));
#1903 = ORIENTED_EDGE('',*,*,#1875,.T.);
#1904 = ORIENTED_EDGE('',*,*,#672,.T.);
#1905 = ORIENTED_EDGE('',*,*,#1906,.T.);
#1906 = EDGE_CURVE('',#665,#1338,#1907,.T.);
#1907 = LINE('',#1908,#1909);
#1908 = CARTESIAN_POINT('',(3.25,-3.4,0.));
#1909 = VECTOR('',#1910,1.);
#1910 = DIRECTION('',(1.224646799147E-16,1.,0.));
#1911 = PLANE('',#1912);
#1912 = AXIS2_PLACEMENT_3D('',#1913,#1914,#1915);
#1913 = CARTESIAN_POINT('',(3.25,-0.515451356496,0.330008245993));
#1914 = DIRECTION('',(1.,-1.224646799147E-16,-1.256256073143E-32));
#1915 = DIRECTION('',(-1.256256073143E-32,1.538469978883E-48,-1.));
#1916 = ADVANCED_FACE('',(#1917),#1928,.F.);
#1917 = FACE_BOUND('',#1918,.F.);
#1918 = EDGE_LOOP('',(#1919,#1920,#1921,#1922));
#1919 = ORIENTED_EDGE('',*,*,#1345,.T.);
#1920 = ORIENTED_EDGE('',*,*,#1906,.F.);
#1921 = ORIENTED_EDGE('',*,*,#664,.T.);
#1922 = ORIENTED_EDGE('',*,*,#1923,.T.);
#1923 = EDGE_CURVE('',#657,#1346,#1924,.T.);
#1924 = LINE('',#1925,#1926);
#1925 = CARTESIAN_POINT('',(4.25,-3.4,0.));
#1926 = VECTOR('',#1927,1.);
#1927 = DIRECTION('',(1.224646799147E-16,1.,0.));
#1928 = PLANE('',#1929);
#1929 = AXIS2_PLACEMENT_3D('',#1930,#1931,#1932);
#1930 = CARTESIAN_POINT('',(15.,-0.525,0.));
#1931 = DIRECTION('',(0.,0.,1.));
#1932 = DIRECTION('',(-1.,1.224646799147E-16,0.));
#1933 = ADVANCED_FACE('',(#1934),#1961,.T.);
#1934 = FACE_BOUND('',#1935,.T.);
#1935 = EDGE_LOOP('',(#1936,#1937,#1945,#1953,#1959,#1960));
#1936 = ORIENTED_EDGE('',*,*,#1353,.T.);
#1937 = ORIENTED_EDGE('',*,*,#1938,.T.);
#1938 = EDGE_CURVE('',#1354,#1939,#1941,.T.);
#1939 = VERTEX_POINT('',#1940);
#1940 = CARTESIAN_POINT('',(4.25,0.5,0.3));
#1941 = LINE('',#1942,#1943);
#1942 = CARTESIAN_POINT('',(4.25,2.35,1.));
#1943 = VECTOR('',#1944,1.);
#1944 = DIRECTION('',(-1.14539532148E-16,-0.935286257456,-0.353892097416
    ));
#1945 = ORIENTED_EDGE('',*,*,#1946,.T.);
#1946 = EDGE_CURVE('',#1939,#1947,#1949,.T.);
#1947 = VERTEX_POINT('',#1948);
#1948 = CARTESIAN_POINT('',(4.25,-0.5,0.3));
#1949 = LINE('',#1950,#1951);
#1950 = CARTESIAN_POINT('',(4.25,0.5,0.3));
#1951 = VECTOR('',#1952,1.);
#1952 = DIRECTION('',(-1.224646799147E-16,-1.,0.));
#1953 = ORIENTED_EDGE('',*,*,#1954,.T.);
#1954 = EDGE_CURVE('',#1947,#649,#1955,.T.);
#1955 = LINE('',#1956,#1957);
#1956 = CARTESIAN_POINT('',(4.25,-0.5,0.3));
#1957 = VECTOR('',#1958,1.);
#1958 = DIRECTION('',(-1.190457365237E-16,-0.972082208573,0.234640533104
    ));
#1959 = ORIENTED_EDGE('',*,*,#656,.T.);
#1960 = ORIENTED_EDGE('',*,*,#1923,.T.);
#1961 = PLANE('',#1962);
#1962 = AXIS2_PLACEMENT_3D('',#1963,#1964,#1965);
#1963 = CARTESIAN_POINT('',(4.25,-0.515451356496,0.330008245993));
#1964 = DIRECTION('',(1.,-1.224646799147E-16,-1.256256073143E-32));
#1965 = DIRECTION('',(-1.256256073143E-32,1.538469978883E-48,-1.));
#1966 = ADVANCED_FACE('',(#1967),#1985,.F.);
#1967 = FACE_BOUND('',#1968,.F.);
#1968 = EDGE_LOOP('',(#1969,#1977,#1978,#1979));
#1969 = ORIENTED_EDGE('',*,*,#1970,.T.);
#1970 = EDGE_CURVE('',#1971,#1947,#1973,.T.);
#1971 = VERTEX_POINT('',#1972);
#1972 = CARTESIAN_POINT('',(5.75,-0.5,0.3));
#1973 = LINE('',#1974,#1975);
#1974 = CARTESIAN_POINT('',(5.75,-0.5,0.3));
#1975 = VECTOR('',#1976,1.);
#1976 = DIRECTION('',(-1.,1.224646799147E-16,0.));
#1977 = ORIENTED_EDGE('',*,*,#1954,.T.);
#1978 = ORIENTED_EDGE('',*,*,#648,.F.);
#1979 = ORIENTED_EDGE('',*,*,#1980,.F.);
#1980 = EDGE_CURVE('',#1971,#641,#1981,.T.);
#1981 = LINE('',#1982,#1983);
#1982 = CARTESIAN_POINT('',(5.75,-0.5,0.3));
#1983 = VECTOR('',#1984,1.);
#1984 = DIRECTION('',(-1.190457365237E-16,-0.972082208573,0.234640533104
    ));
#1985 = PLANE('',#1986);
#1986 = AXIS2_PLACEMENT_3D('',#1987,#1988,#1989);
#1987 = CARTESIAN_POINT('',(5.75,-0.5,0.3));
#1988 = DIRECTION('',(2.87351777816E-17,0.234640533104,0.972082208573));
#1989 = DIRECTION('',(-1.190457365237E-16,-0.972082208573,0.234640533104
    ));
#1990 = ADVANCED_FACE('',(#1991),#2016,.F.);
#1991 = FACE_BOUND('',#1992,.F.);
#1992 = EDGE_LOOP('',(#1993,#1994,#2002,#2008,#2009,#2010));
#1993 = ORIENTED_EDGE('',*,*,#1369,.T.);
#1994 = ORIENTED_EDGE('',*,*,#1995,.T.);
#1995 = EDGE_CURVE('',#1362,#1996,#1998,.T.);
#1996 = VERTEX_POINT('',#1997);
#1997 = CARTESIAN_POINT('',(5.75,0.5,0.3));
#1998 = LINE('',#1999,#2000);
#1999 = CARTESIAN_POINT('',(5.75,2.35,1.));
#2000 = VECTOR('',#2001,1.);
#2001 = DIRECTION('',(-1.14539532148E-16,-0.935286257456,-0.353892097416
    ));
#2002 = ORIENTED_EDGE('',*,*,#2003,.T.);
#2003 = EDGE_CURVE('',#1996,#1971,#2004,.T.);
#2004 = LINE('',#2005,#2006);
#2005 = CARTESIAN_POINT('',(5.75,0.5,0.3));
#2006 = VECTOR('',#2007,1.);
#2007 = DIRECTION('',(-1.224646799147E-16,-1.,0.));
#2008 = ORIENTED_EDGE('',*,*,#1980,.T.);
#2009 = ORIENTED_EDGE('',*,*,#640,.T.);
#2010 = ORIENTED_EDGE('',*,*,#2011,.T.);
#2011 = EDGE_CURVE('',#633,#1370,#2012,.T.);
#2012 = LINE('',#2013,#2014);
#2013 = CARTESIAN_POINT('',(5.75,-3.4,0.));
#2014 = VECTOR('',#2015,1.);
#2015 = DIRECTION('',(1.224646799147E-16,1.,0.));
#2016 = PLANE('',#2017);
#2017 = AXIS2_PLACEMENT_3D('',#2018,#2019,#2020);
#2018 = CARTESIAN_POINT('',(5.75,-0.515451356496,0.330008245993));
#2019 = DIRECTION('',(1.,-1.224646799147E-16,-1.256256073143E-32));
#2020 = DIRECTION('',(-1.256256073143E-32,1.538469978883E-48,-1.));
#2021 = ADVANCED_FACE('',(#2022),#2033,.F.);
#2022 = FACE_BOUND('',#2023,.F.);
#2023 = EDGE_LOOP('',(#2024,#2025,#2026,#2032));
#2024 = ORIENTED_EDGE('',*,*,#2011,.F.);
#2025 = ORIENTED_EDGE('',*,*,#632,.T.);
#2026 = ORIENTED_EDGE('',*,*,#2027,.T.);
#2027 = EDGE_CURVE('',#625,#1378,#2028,.T.);
#2028 = LINE('',#2029,#2030);
#2029 = CARTESIAN_POINT('',(6.75,-3.4,0.));
#2030 = VECTOR('',#2031,1.);
#2031 = DIRECTION('',(1.224646799147E-16,1.,0.));
#2032 = ORIENTED_EDGE('',*,*,#1377,.T.);
#2033 = PLANE('',#2034);
#2034 = AXIS2_PLACEMENT_3D('',#2035,#2036,#2037);
#2035 = CARTESIAN_POINT('',(15.,-0.525,0.));
#2036 = DIRECTION('',(0.,0.,1.));
#2037 = DIRECTION('',(-1.,1.224646799147E-16,0.));
#2038 = ADVANCED_FACE('',(#2039),#2066,.T.);
#2039 = FACE_BOUND('',#2040,.T.);
#2040 = EDGE_LOOP('',(#2041,#2042,#2050,#2058,#2064,#2065));
#2041 = ORIENTED_EDGE('',*,*,#1385,.T.);
#2042 = ORIENTED_EDGE('',*,*,#2043,.T.);
#2043 = EDGE_CURVE('',#1386,#2044,#2046,.T.);
#2044 = VERTEX_POINT('',#2045);
#2045 = CARTESIAN_POINT('',(6.75,0.5,0.3));
#2046 = LINE('',#2047,#2048);
#2047 = CARTESIAN_POINT('',(6.75,2.35,1.));
#2048 = VECTOR('',#2049,1.);
#2049 = DIRECTION('',(-1.14539532148E-16,-0.935286257456,-0.353892097416
    ));
#2050 = ORIENTED_EDGE('',*,*,#2051,.T.);
#2051 = EDGE_CURVE('',#2044,#2052,#2054,.T.);
#2052 = VERTEX_POINT('',#2053);
#2053 = CARTESIAN_POINT('',(6.75,-0.5,0.3));
#2054 = LINE('',#2055,#2056);
#2055 = CARTESIAN_POINT('',(6.75,0.5,0.3));
#2056 = VECTOR('',#2057,1.);
#2057 = DIRECTION('',(-1.224646799147E-16,-1.,0.));
#2058 = ORIENTED_EDGE('',*,*,#2059,.T.);
#2059 = EDGE_CURVE('',#2052,#617,#2060,.T.);
#2060 = LINE('',#2061,#2062);
#2061 = CARTESIAN_POINT('',(6.75,-0.5,0.3));
#2062 = VECTOR('',#2063,1.);
#2063 = DIRECTION('',(-1.190457365237E-16,-0.972082208573,0.234640533104
    ));
#2064 = ORIENTED_EDGE('',*,*,#624,.T.);
#2065 = ORIENTED_EDGE('',*,*,#2027,.T.);
#2066 = PLANE('',#2067);
#2067 = AXIS2_PLACEMENT_3D('',#2068,#2069,#2070);
#2068 = CARTESIAN_POINT('',(6.75,-0.515451356496,0.330008245993));
#2069 = DIRECTION('',(1.,-1.224646799147E-16,-1.256256073143E-32));
#2070 = DIRECTION('',(-1.256256073143E-32,1.538469978883E-48,-1.));
#2071 = ADVANCED_FACE('',(#2072),#2090,.F.);
#2072 = FACE_BOUND('',#2073,.F.);
#2073 = EDGE_LOOP('',(#2074,#2082,#2083,#2084));
#2074 = ORIENTED_EDGE('',*,*,#2075,.T.);
#2075 = EDGE_CURVE('',#2076,#2052,#2078,.T.);
#2076 = VERTEX_POINT('',#2077);
#2077 = CARTESIAN_POINT('',(8.25,-0.5,0.3));
#2078 = LINE('',#2079,#2080);
#2079 = CARTESIAN_POINT('',(8.25,-0.5,0.3));
#2080 = VECTOR('',#2081,1.);
#2081 = DIRECTION('',(-1.,1.224646799147E-16,0.));
#2082 = ORIENTED_EDGE('',*,*,#2059,.T.);
#2083 = ORIENTED_EDGE('',*,*,#616,.F.);
#2084 = ORIENTED_EDGE('',*,*,#2085,.F.);
#2085 = EDGE_CURVE('',#2076,#609,#2086,.T.);
#2086 = LINE('',#2087,#2088);
#2087 = CARTESIAN_POINT('',(8.25,-0.5,0.3));
#2088 = VECTOR('',#2089,1.);
#2089 = DIRECTION('',(-1.190457365237E-16,-0.972082208573,0.234640533104
    ));
#2090 = PLANE('',#2091);
#2091 = AXIS2_PLACEMENT_3D('',#2092,#2093,#2094);
#2092 = CARTESIAN_POINT('',(8.25,-0.5,0.3));
#2093 = DIRECTION('',(2.87351777816E-17,0.234640533104,0.972082208573));
#2094 = DIRECTION('',(-1.190457365237E-16,-0.972082208573,0.234640533104
    ));
#2095 = ADVANCED_FACE('',(#2096),#2121,.F.);
#2096 = FACE_BOUND('',#2097,.F.);
#2097 = EDGE_LOOP('',(#2098,#2099,#2107,#2113,#2114,#2115));
#2098 = ORIENTED_EDGE('',*,*,#1401,.T.);
#2099 = ORIENTED_EDGE('',*,*,#2100,.T.);
#2100 = EDGE_CURVE('',#1394,#2101,#2103,.T.);
#2101 = VERTEX_POINT('',#2102);
#2102 = CARTESIAN_POINT('',(8.25,0.5,0.3));
#2103 = LINE('',#2104,#2105);
#2104 = CARTESIAN_POINT('',(8.25,2.35,1.));
#2105 = VECTOR('',#2106,1.);
#2106 = DIRECTION('',(-1.14539532148E-16,-0.935286257456,-0.353892097416
    ));
#2107 = ORIENTED_EDGE('',*,*,#2108,.T.);
#2108 = EDGE_CURVE('',#2101,#2076,#2109,.T.);
#2109 = LINE('',#2110,#2111);
#2110 = CARTESIAN_POINT('',(8.25,0.5,0.3));
#2111 = VECTOR('',#2112,1.);
#2112 = DIRECTION('',(-1.224646799147E-16,-1.,0.));
#2113 = ORIENTED_EDGE('',*,*,#2085,.T.);
#2114 = ORIENTED_EDGE('',*,*,#608,.T.);
#2115 = ORIENTED_EDGE('',*,*,#2116,.T.);
#2116 = EDGE_CURVE('',#601,#1402,#2117,.T.);
#2117 = LINE('',#2118,#2119);
#2118 = CARTESIAN_POINT('',(8.25,-3.4,0.));
#2119 = VECTOR('',#2120,1.);
#2120 = DIRECTION('',(1.224646799147E-16,1.,0.));
#2121 = PLANE('',#2122);
#2122 = AXIS2_PLACEMENT_3D('',#2123,#2124,#2125);
#2123 = CARTESIAN_POINT('',(8.25,-0.515451356496,0.330008245993));
#2124 = DIRECTION('',(1.,-1.224646799147E-16,-1.256256073143E-32));
#2125 = DIRECTION('',(-1.256256073143E-32,1.538469978883E-48,-1.));
#2126 = ADVANCED_FACE('',(#2127),#2138,.F.);
#2127 = FACE_BOUND('',#2128,.F.);
#2128 = EDGE_LOOP('',(#2129,#2130,#2136,#2137));
#2129 = ORIENTED_EDGE('',*,*,#600,.T.);
#2130 = ORIENTED_EDGE('',*,*,#2131,.T.);
#2131 = EDGE_CURVE('',#593,#1410,#2132,.T.);
#2132 = LINE('',#2133,#2134);
#2133 = CARTESIAN_POINT('',(9.25,-3.4,0.));
#2134 = VECTOR('',#2135,1.);
#2135 = DIRECTION('',(1.224646799147E-16,1.,0.));
#2136 = ORIENTED_EDGE('',*,*,#1409,.T.);
#2137 = ORIENTED_EDGE('',*,*,#2116,.F.);
#2138 = PLANE('',#2139);
#2139 = AXIS2_PLACEMENT_3D('',#2140,#2141,#2142);
#2140 = CARTESIAN_POINT('',(15.,-0.525,0.));
#2141 = DIRECTION('',(0.,0.,1.));
#2142 = DIRECTION('',(-1.,1.224646799147E-16,0.));
#2143 = ADVANCED_FACE('',(#2144),#2171,.T.);
#2144 = FACE_BOUND('',#2145,.T.);
#2145 = EDGE_LOOP('',(#2146,#2147,#2155,#2163,#2169,#2170));
#2146 = ORIENTED_EDGE('',*,*,#1417,.T.);
#2147 = ORIENTED_EDGE('',*,*,#2148,.T.);
#2148 = EDGE_CURVE('',#1418,#2149,#2151,.T.);
#2149 = VERTEX_POINT('',#2150);
#2150 = CARTESIAN_POINT('',(9.25,0.5,0.3));
#2151 = LINE('',#2152,#2153);
#2152 = CARTESIAN_POINT('',(9.25,2.35,1.));
#2153 = VECTOR('',#2154,1.);
#2154 = DIRECTION('',(-1.14539532148E-16,-0.935286257456,-0.353892097416
    ));
#2155 = ORIENTED_EDGE('',*,*,#2156,.T.);
#2156 = EDGE_CURVE('',#2149,#2157,#2159,.T.);
#2157 = VERTEX_POINT('',#2158);
#2158 = CARTESIAN_POINT('',(9.25,-0.5,0.3));
#2159 = LINE('',#2160,#2161);
#2160 = CARTESIAN_POINT('',(9.25,0.5,0.3));
#2161 = VECTOR('',#2162,1.);
#2162 = DIRECTION('',(-1.224646799147E-16,-1.,0.));
#2163 = ORIENTED_EDGE('',*,*,#2164,.T.);
#2164 = EDGE_CURVE('',#2157,#585,#2165,.T.);
#2165 = LINE('',#2166,#2167);
#2166 = CARTESIAN_POINT('',(9.25,-0.5,0.3));
#2167 = VECTOR('',#2168,1.);
#2168 = DIRECTION('',(-1.190457365237E-16,-0.972082208573,0.234640533104
    ));
#2169 = ORIENTED_EDGE('',*,*,#592,.T.);
#2170 = ORIENTED_EDGE('',*,*,#2131,.T.);
#2171 = PLANE('',#2172);
#2172 = AXIS2_PLACEMENT_3D('',#2173,#2174,#2175);
#2173 = CARTESIAN_POINT('',(9.25,-0.515451356496,0.330008245993));
#2174 = DIRECTION('',(1.,-1.224646799147E-16,-1.256256073143E-32));
#2175 = DIRECTION('',(-1.256256073143E-32,1.538469978883E-48,-1.));
#2176 = ADVANCED_FACE('',(#2177),#2195,.F.);
#2177 = FACE_BOUND('',#2178,.F.);
#2178 = EDGE_LOOP('',(#2179,#2187,#2188,#2189));
#2179 = ORIENTED_EDGE('',*,*,#2180,.T.);
#2180 = EDGE_CURVE('',#2181,#2157,#2183,.T.);
#2181 = VERTEX_POINT('',#2182);
#2182 = CARTESIAN_POINT('',(10.75,-0.5,0.3));
#2183 = LINE('',#2184,#2185);
#2184 = CARTESIAN_POINT('',(10.75,-0.5,0.3));
#2185 = VECTOR('',#2186,1.);
#2186 = DIRECTION('',(-1.,1.224646799147E-16,0.));
#2187 = ORIENTED_EDGE('',*,*,#2164,.T.);
#2188 = ORIENTED_EDGE('',*,*,#584,.F.);
#2189 = ORIENTED_EDGE('',*,*,#2190,.F.);
#2190 = EDGE_CURVE('',#2181,#577,#2191,.T.);
#2191 = LINE('',#2192,#2193);
#2192 = CARTESIAN_POINT('',(10.75,-0.5,0.3));
#2193 = VECTOR('',#2194,1.);
#2194 = DIRECTION('',(-1.190457365237E-16,-0.972082208573,0.234640533104
    ));
#2195 = PLANE('',#2196);
#2196 = AXIS2_PLACEMENT_3D('',#2197,#2198,#2199);
#2197 = CARTESIAN_POINT('',(10.75,-0.5,0.3));
#2198 = DIRECTION('',(2.87351777816E-17,0.234640533104,0.972082208573));
#2199 = DIRECTION('',(-1.190457365237E-16,-0.972082208573,0.234640533104
    ));
#2200 = ADVANCED_FACE('',(#2201),#2226,.F.);
#2201 = FACE_BOUND('',#2202,.F.);
#2202 = EDGE_LOOP('',(#2203,#2204,#2212,#2218,#2219,#2220));
#2203 = ORIENTED_EDGE('',*,*,#1433,.T.);
#2204 = ORIENTED_EDGE('',*,*,#2205,.T.);
#2205 = EDGE_CURVE('',#1426,#2206,#2208,.T.);
#2206 = VERTEX_POINT('',#2207);
#2207 = CARTESIAN_POINT('',(10.75,0.5,0.3));
#2208 = LINE('',#2209,#2210);
#2209 = CARTESIAN_POINT('',(10.75,2.35,1.));
#2210 = VECTOR('',#2211,1.);
#2211 = DIRECTION('',(-1.14539532148E-16,-0.935286257456,-0.353892097416
    ));
#2212 = ORIENTED_EDGE('',*,*,#2213,.T.);
#2213 = EDGE_CURVE('',#2206,#2181,#2214,.T.);
#2214 = LINE('',#2215,#2216);
#2215 = CARTESIAN_POINT('',(10.75,0.5,0.3));
#2216 = VECTOR('',#2217,1.);
#2217 = DIRECTION('',(-1.224646799147E-16,-1.,0.));
#2218 = ORIENTED_EDGE('',*,*,#2190,.T.);
#2219 = ORIENTED_EDGE('',*,*,#576,.T.);
#2220 = ORIENTED_EDGE('',*,*,#2221,.T.);
#2221 = EDGE_CURVE('',#569,#1434,#2222,.T.);
#2222 = LINE('',#2223,#2224);
#2223 = CARTESIAN_POINT('',(10.75,-3.4,0.));
#2224 = VECTOR('',#2225,1.);
#2225 = DIRECTION('',(1.224646799147E-16,1.,0.));
#2226 = PLANE('',#2227);
#2227 = AXIS2_PLACEMENT_3D('',#2228,#2229,#2230);
#2228 = CARTESIAN_POINT('',(10.75,-0.515451356496,0.330008245993));
#2229 = DIRECTION('',(1.,-1.224646799147E-16,-1.256256073143E-32));
#2230 = DIRECTION('',(-1.256256073143E-32,1.538469978883E-48,-1.));
#2231 = ADVANCED_FACE('',(#2232),#2243,.F.);
#2232 = FACE_BOUND('',#2233,.F.);
#2233 = EDGE_LOOP('',(#2234,#2240,#2241,#2242));
#2234 = ORIENTED_EDGE('',*,*,#2235,.T.);
#2235 = EDGE_CURVE('',#561,#1442,#2236,.T.);
#2236 = LINE('',#2237,#2238);
#2237 = CARTESIAN_POINT('',(11.75,-3.4,0.));
#2238 = VECTOR('',#2239,1.);
#2239 = DIRECTION('',(1.224646799147E-16,1.,0.));
#2240 = ORIENTED_EDGE('',*,*,#1441,.T.);
#2241 = ORIENTED_EDGE('',*,*,#2221,.F.);
#2242 = ORIENTED_EDGE('',*,*,#568,.T.);
#2243 = PLANE('',#2244);
#2244 = AXIS2_PLACEMENT_3D('',#2245,#2246,#2247);
#2245 = CARTESIAN_POINT('',(15.,-0.525,0.));
#2246 = DIRECTION('',(0.,0.,1.));
#2247 = DIRECTION('',(-1.,1.224646799147E-16,0.));
#2248 = ADVANCED_FACE('',(#2249),#2276,.T.);
#2249 = FACE_BOUND('',#2250,.T.);
#2250 = EDGE_LOOP('',(#2251,#2252,#2260,#2268,#2274,#2275));
#2251 = ORIENTED_EDGE('',*,*,#1449,.T.);
#2252 = ORIENTED_EDGE('',*,*,#2253,.T.);
#2253 = EDGE_CURVE('',#1450,#2254,#2256,.T.);
#2254 = VERTEX_POINT('',#2255);
#2255 = CARTESIAN_POINT('',(11.75,0.5,0.3));
#2256 = LINE('',#2257,#2258);
#2257 = CARTESIAN_POINT('',(11.75,2.35,1.));
#2258 = VECTOR('',#2259,1.);
#2259 = DIRECTION('',(-1.14539532148E-16,-0.935286257456,-0.353892097416
    ));
#2260 = ORIENTED_EDGE('',*,*,#2261,.T.);
#2261 = EDGE_CURVE('',#2254,#2262,#2264,.T.);
#2262 = VERTEX_POINT('',#2263);
#2263 = CARTESIAN_POINT('',(11.75,-0.5,0.3));
#2264 = LINE('',#2265,#2266);
#2265 = CARTESIAN_POINT('',(11.75,0.5,0.3));
#2266 = VECTOR('',#2267,1.);
#2267 = DIRECTION('',(-1.224646799147E-16,-1.,0.));
#2268 = ORIENTED_EDGE('',*,*,#2269,.T.);
#2269 = EDGE_CURVE('',#2262,#553,#2270,.T.);
#2270 = LINE('',#2271,#2272);
#2271 = CARTESIAN_POINT('',(11.75,-0.5,0.3));
#2272 = VECTOR('',#2273,1.);
#2273 = DIRECTION('',(-1.190457365237E-16,-0.972082208573,0.234640533104
    ));
#2274 = ORIENTED_EDGE('',*,*,#560,.T.);
#2275 = ORIENTED_EDGE('',*,*,#2235,.T.);
#2276 = PLANE('',#2277);
#2277 = AXIS2_PLACEMENT_3D('',#2278,#2279,#2280);
#2278 = CARTESIAN_POINT('',(11.75,-0.515451356496,0.330008245993));
#2279 = DIRECTION('',(1.,-1.224646799147E-16,-1.256256073143E-32));
#2280 = DIRECTION('',(-1.256256073143E-32,1.538469978883E-48,-1.));
#2281 = ADVANCED_FACE('',(#2282),#2300,.F.);
#2282 = FACE_BOUND('',#2283,.F.);
#2283 = EDGE_LOOP('',(#2284,#2292,#2293,#2294));
#2284 = ORIENTED_EDGE('',*,*,#2285,.T.);
#2285 = EDGE_CURVE('',#2286,#2262,#2288,.T.);
#2286 = VERTEX_POINT('',#2287);
#2287 = CARTESIAN_POINT('',(13.25,-0.5,0.3));
#2288 = LINE('',#2289,#2290);
#2289 = CARTESIAN_POINT('',(13.25,-0.5,0.3));
#2290 = VECTOR('',#2291,1.);
#2291 = DIRECTION('',(-1.,1.224646799147E-16,0.));
#2292 = ORIENTED_EDGE('',*,*,#2269,.T.);
#2293 = ORIENTED_EDGE('',*,*,#552,.F.);
#2294 = ORIENTED_EDGE('',*,*,#2295,.F.);
#2295 = EDGE_CURVE('',#2286,#545,#2296,.T.);
#2296 = LINE('',#2297,#2298);
#2297 = CARTESIAN_POINT('',(13.25,-0.5,0.3));
#2298 = VECTOR('',#2299,1.);
#2299 = DIRECTION('',(-1.190457365237E-16,-0.972082208573,0.234640533104
    ));
#2300 = PLANE('',#2301);
#2301 = AXIS2_PLACEMENT_3D('',#2302,#2303,#2304);
#2302 = CARTESIAN_POINT('',(13.25,-0.5,0.3));
#2303 = DIRECTION('',(2.87351777816E-17,0.234640533104,0.972082208573));
#2304 = DIRECTION('',(-1.190457365237E-16,-0.972082208573,0.234640533104
    ));
#2305 = ADVANCED_FACE('',(#2306),#2331,.F.);
#2306 = FACE_BOUND('',#2307,.F.);
#2307 = EDGE_LOOP('',(#2308,#2309,#2317,#2323,#2324,#2325));
#2308 = ORIENTED_EDGE('',*,*,#1465,.T.);
#2309 = ORIENTED_EDGE('',*,*,#2310,.T.);
#2310 = EDGE_CURVE('',#1458,#2311,#2313,.T.);
#2311 = VERTEX_POINT('',#2312);
#2312 = CARTESIAN_POINT('',(13.25,0.5,0.3));
#2313 = LINE('',#2314,#2315);
#2314 = CARTESIAN_POINT('',(13.25,2.35,1.));
#2315 = VECTOR('',#2316,1.);
#2316 = DIRECTION('',(-1.14539532148E-16,-0.935286257456,-0.353892097416
    ));
#2317 = ORIENTED_EDGE('',*,*,#2318,.T.);
#2318 = EDGE_CURVE('',#2311,#2286,#2319,.T.);
#2319 = LINE('',#2320,#2321);
#2320 = CARTESIAN_POINT('',(13.25,0.5,0.3));
#2321 = VECTOR('',#2322,1.);
#2322 = DIRECTION('',(-1.224646799147E-16,-1.,0.));
#2323 = ORIENTED_EDGE('',*,*,#2295,.T.);
#2324 = ORIENTED_EDGE('',*,*,#544,.T.);
#2325 = ORIENTED_EDGE('',*,*,#2326,.T.);
#2326 = EDGE_CURVE('',#537,#1466,#2327,.T.);
#2327 = LINE('',#2328,#2329);
#2328 = CARTESIAN_POINT('',(13.25,-3.4,0.));
#2329 = VECTOR('',#2330,1.);
#2330 = DIRECTION('',(1.224646799147E-16,1.,0.));
#2331 = PLANE('',#2332);
#2332 = AXIS2_PLACEMENT_3D('',#2333,#2334,#2335);
#2333 = CARTESIAN_POINT('',(13.25,-0.515451356496,0.330008245993));
#2334 = DIRECTION('',(1.,-1.224646799147E-16,-1.256256073143E-32));
#2335 = DIRECTION('',(-1.256256073143E-32,1.538469978883E-48,-1.));
#2336 = ADVANCED_FACE('',(#2337),#2348,.F.);
#2337 = FACE_BOUND('',#2338,.F.);
#2338 = EDGE_LOOP('',(#2339,#2340,#2341,#2342));
#2339 = ORIENTED_EDGE('',*,*,#1473,.T.);
#2340 = ORIENTED_EDGE('',*,*,#2326,.F.);
#2341 = ORIENTED_EDGE('',*,*,#536,.T.);
#2342 = ORIENTED_EDGE('',*,*,#2343,.T.);
#2343 = EDGE_CURVE('',#529,#1474,#2344,.T.);
#2344 = LINE('',#2345,#2346);
#2345 = CARTESIAN_POINT('',(14.25,-3.4,0.));
#2346 = VECTOR('',#2347,1.);
#2347 = DIRECTION('',(1.224646799147E-16,1.,0.));
#2348 = PLANE('',#2349);
#2349 = AXIS2_PLACEMENT_3D('',#2350,#2351,#2352);
#2350 = CARTESIAN_POINT('',(15.,-0.525,0.));
#2351 = DIRECTION('',(0.,0.,1.));
#2352 = DIRECTION('',(-1.,1.224646799147E-16,0.));
#2353 = ADVANCED_FACE('',(#2354),#2381,.T.);
#2354 = FACE_BOUND('',#2355,.T.);
#2355 = EDGE_LOOP('',(#2356,#2357,#2365,#2373,#2379,#2380));
#2356 = ORIENTED_EDGE('',*,*,#1481,.T.);
#2357 = ORIENTED_EDGE('',*,*,#2358,.T.);
#2358 = EDGE_CURVE('',#1482,#2359,#2361,.T.);
#2359 = VERTEX_POINT('',#2360);
#2360 = CARTESIAN_POINT('',(14.25,0.5,0.3));
#2361 = LINE('',#2362,#2363);
#2362 = CARTESIAN_POINT('',(14.25,2.35,1.));
#2363 = VECTOR('',#2364,1.);
#2364 = DIRECTION('',(-1.14539532148E-16,-0.935286257456,-0.353892097416
    ));
#2365 = ORIENTED_EDGE('',*,*,#2366,.T.);
#2366 = EDGE_CURVE('',#2359,#2367,#2369,.T.);
#2367 = VERTEX_POINT('',#2368);
#2368 = CARTESIAN_POINT('',(14.25,-0.5,0.3));
#2369 = LINE('',#2370,#2371);
#2370 = CARTESIAN_POINT('',(14.25,0.5,0.3));
#2371 = VECTOR('',#2372,1.);
#2372 = DIRECTION('',(-1.224646799147E-16,-1.,0.));
#2373 = ORIENTED_EDGE('',*,*,#2374,.T.);
#2374 = EDGE_CURVE('',#2367,#521,#2375,.T.);
#2375 = LINE('',#2376,#2377);
#2376 = CARTESIAN_POINT('',(14.25,-0.5,0.3));
#2377 = VECTOR('',#2378,1.);
#2378 = DIRECTION('',(-1.190457365237E-16,-0.972082208573,0.234640533104
    ));
#2379 = ORIENTED_EDGE('',*,*,#528,.T.);
#2380 = ORIENTED_EDGE('',*,*,#2343,.T.);
#2381 = PLANE('',#2382);
#2382 = AXIS2_PLACEMENT_3D('',#2383,#2384,#2385);
#2383 = CARTESIAN_POINT('',(14.25,-0.515451356496,0.330008245993));
#2384 = DIRECTION('',(1.,-1.224646799147E-16,-1.256256073143E-32));
#2385 = DIRECTION('',(-1.256256073143E-32,1.538469978883E-48,-1.));
#2386 = ADVANCED_FACE('',(#2387),#2405,.F.);
#2387 = FACE_BOUND('',#2388,.F.);
#2388 = EDGE_LOOP('',(#2389,#2397,#2398,#2399));
#2389 = ORIENTED_EDGE('',*,*,#2390,.T.);
#2390 = EDGE_CURVE('',#2391,#2367,#2393,.T.);
#2391 = VERTEX_POINT('',#2392);
#2392 = CARTESIAN_POINT('',(15.75,-0.5,0.3));
#2393 = LINE('',#2394,#2395);
#2394 = CARTESIAN_POINT('',(15.75,-0.5,0.3));
#2395 = VECTOR('',#2396,1.);
#2396 = DIRECTION('',(-1.,1.224646799147E-16,0.));
#2397 = ORIENTED_EDGE('',*,*,#2374,.T.);
#2398 = ORIENTED_EDGE('',*,*,#520,.F.);
#2399 = ORIENTED_EDGE('',*,*,#2400,.F.);
#2400 = EDGE_CURVE('',#2391,#513,#2401,.T.);
#2401 = LINE('',#2402,#2403);
#2402 = CARTESIAN_POINT('',(15.75,-0.5,0.3));
#2403 = VECTOR('',#2404,1.);
#2404 = DIRECTION('',(-1.190457365237E-16,-0.972082208573,0.234640533104
    ));
#2405 = PLANE('',#2406);
#2406 = AXIS2_PLACEMENT_3D('',#2407,#2408,#2409);
#2407 = CARTESIAN_POINT('',(15.75,-0.5,0.3));
#2408 = DIRECTION('',(2.87351777816E-17,0.234640533104,0.972082208573));
#2409 = DIRECTION('',(-1.190457365237E-16,-0.972082208573,0.234640533104
    ));
#2410 = ADVANCED_FACE('',(#2411),#2436,.F.);
#2411 = FACE_BOUND('',#2412,.F.);
#2412 = EDGE_LOOP('',(#2413,#2414,#2422,#2428,#2429,#2430));
#2413 = ORIENTED_EDGE('',*,*,#1497,.T.);
#2414 = ORIENTED_EDGE('',*,*,#2415,.T.);
#2415 = EDGE_CURVE('',#1490,#2416,#2418,.T.);
#2416 = VERTEX_POINT('',#2417);
#2417 = CARTESIAN_POINT('',(15.75,0.5,0.3));
#2418 = LINE('',#2419,#2420);
#2419 = CARTESIAN_POINT('',(15.75,2.35,1.));
#2420 = VECTOR('',#2421,1.);
#2421 = DIRECTION('',(-1.14539532148E-16,-0.935286257456,-0.353892097416
    ));
#2422 = ORIENTED_EDGE('',*,*,#2423,.T.);
#2423 = EDGE_CURVE('',#2416,#2391,#2424,.T.);
#2424 = LINE('',#2425,#2426);
#2425 = CARTESIAN_POINT('',(15.75,0.5,0.3));
#2426 = VECTOR('',#2427,1.);
#2427 = DIRECTION('',(-1.224646799147E-16,-1.,0.));
#2428 = ORIENTED_EDGE('',*,*,#2400,.T.);
#2429 = ORIENTED_EDGE('',*,*,#512,.T.);
#2430 = ORIENTED_EDGE('',*,*,#2431,.T.);
#2431 = EDGE_CURVE('',#505,#1498,#2432,.T.);
#2432 = LINE('',#2433,#2434);
#2433 = CARTESIAN_POINT('',(15.75,-3.4,0.));
#2434 = VECTOR('',#2435,1.);
#2435 = DIRECTION('',(1.224646799147E-16,1.,0.));
#2436 = PLANE('',#2437);
#2437 = AXIS2_PLACEMENT_3D('',#2438,#2439,#2440);
#2438 = CARTESIAN_POINT('',(15.75,-0.515451356496,0.330008245993));
#2439 = DIRECTION('',(1.,-1.224646799147E-16,-1.256256073143E-32));
#2440 = DIRECTION('',(-1.256256073143E-32,1.538469978883E-48,-1.));
#2441 = ADVANCED_FACE('',(#2442),#2453,.F.);
#2442 = FACE_BOUND('',#2443,.F.);
#2443 = EDGE_LOOP('',(#2444,#2445,#2446,#2452));
#2444 = ORIENTED_EDGE('',*,*,#2431,.F.);
#2445 = ORIENTED_EDGE('',*,*,#504,.T.);
#2446 = ORIENTED_EDGE('',*,*,#2447,.T.);
#2447 = EDGE_CURVE('',#497,#1506,#2448,.T.);
#2448 = LINE('',#2449,#2450);
#2449 = CARTESIAN_POINT('',(16.75,-3.4,0.));
#2450 = VECTOR('',#2451,1.);
#2451 = DIRECTION('',(1.224646799147E-16,1.,0.));
#2452 = ORIENTED_EDGE('',*,*,#1505,.T.);
#2453 = PLANE('',#2454);
#2454 = AXIS2_PLACEMENT_3D('',#2455,#2456,#2457);
#2455 = CARTESIAN_POINT('',(15.,-0.525,0.));
#2456 = DIRECTION('',(0.,0.,1.));
#2457 = DIRECTION('',(-1.,1.224646799147E-16,0.));
#2458 = ADVANCED_FACE('',(#2459),#2486,.T.);
#2459 = FACE_BOUND('',#2460,.T.);
#2460 = EDGE_LOOP('',(#2461,#2462,#2470,#2478,#2484,#2485));
#2461 = ORIENTED_EDGE('',*,*,#1513,.T.);
#2462 = ORIENTED_EDGE('',*,*,#2463,.T.);
#2463 = EDGE_CURVE('',#1514,#2464,#2466,.T.);
#2464 = VERTEX_POINT('',#2465);
#2465 = CARTESIAN_POINT('',(16.75,0.5,0.3));
#2466 = LINE('',#2467,#2468);
#2467 = CARTESIAN_POINT('',(16.75,2.35,1.));
#2468 = VECTOR('',#2469,1.);
#2469 = DIRECTION('',(-1.14539532148E-16,-0.935286257456,-0.353892097416
    ));
#2470 = ORIENTED_EDGE('',*,*,#2471,.T.);
#2471 = EDGE_CURVE('',#2464,#2472,#2474,.T.);
#2472 = VERTEX_POINT('',#2473);
#2473 = CARTESIAN_POINT('',(16.75,-0.5,0.3));
#2474 = LINE('',#2475,#2476);
#2475 = CARTESIAN_POINT('',(16.75,0.5,0.3));
#2476 = VECTOR('',#2477,1.);
#2477 = DIRECTION('',(-1.224646799147E-16,-1.,0.));
#2478 = ORIENTED_EDGE('',*,*,#2479,.T.);
#2479 = EDGE_CURVE('',#2472,#489,#2480,.T.);
#2480 = LINE('',#2481,#2482);
#2481 = CARTESIAN_POINT('',(16.75,-0.5,0.3));
#2482 = VECTOR('',#2483,1.);
#2483 = DIRECTION('',(-1.190457365237E-16,-0.972082208573,0.234640533104
    ));
#2484 = ORIENTED_EDGE('',*,*,#496,.T.);
#2485 = ORIENTED_EDGE('',*,*,#2447,.T.);
#2486 = PLANE('',#2487);
#2487 = AXIS2_PLACEMENT_3D('',#2488,#2489,#2490);
#2488 = CARTESIAN_POINT('',(16.75,-0.515451356496,0.330008245993));
#2489 = DIRECTION('',(1.,-1.224646799147E-16,-1.256256073143E-32));
#2490 = DIRECTION('',(-1.256256073143E-32,1.538469978883E-48,-1.));
#2491 = ADVANCED_FACE('',(#2492),#2510,.F.);
#2492 = FACE_BOUND('',#2493,.F.);
#2493 = EDGE_LOOP('',(#2494,#2502,#2503,#2504));
#2494 = ORIENTED_EDGE('',*,*,#2495,.T.);
#2495 = EDGE_CURVE('',#2496,#2472,#2498,.T.);
#2496 = VERTEX_POINT('',#2497);
#2497 = CARTESIAN_POINT('',(18.25,-0.5,0.3));
#2498 = LINE('',#2499,#2500);
#2499 = CARTESIAN_POINT('',(18.25,-0.5,0.3));
#2500 = VECTOR('',#2501,1.);
#2501 = DIRECTION('',(-1.,1.224646799147E-16,0.));
#2502 = ORIENTED_EDGE('',*,*,#2479,.T.);
#2503 = ORIENTED_EDGE('',*,*,#488,.F.);
#2504 = ORIENTED_EDGE('',*,*,#2505,.F.);
#2505 = EDGE_CURVE('',#2496,#481,#2506,.T.);
#2506 = LINE('',#2507,#2508);
#2507 = CARTESIAN_POINT('',(18.25,-0.5,0.3));
#2508 = VECTOR('',#2509,1.);
#2509 = DIRECTION('',(-1.190457365237E-16,-0.972082208573,0.234640533104
    ));
#2510 = PLANE('',#2511);
#2511 = AXIS2_PLACEMENT_3D('',#2512,#2513,#2514);
#2512 = CARTESIAN_POINT('',(18.25,-0.5,0.3));
#2513 = DIRECTION('',(2.87351777816E-17,0.234640533104,0.972082208573));
#2514 = DIRECTION('',(-1.190457365237E-16,-0.972082208573,0.234640533104
    ));
#2515 = ADVANCED_FACE('',(#2516),#2541,.F.);
#2516 = FACE_BOUND('',#2517,.F.);
#2517 = EDGE_LOOP('',(#2518,#2519,#2527,#2533,#2534,#2535));
#2518 = ORIENTED_EDGE('',*,*,#1529,.T.);
#2519 = ORIENTED_EDGE('',*,*,#2520,.T.);
#2520 = EDGE_CURVE('',#1522,#2521,#2523,.T.);
#2521 = VERTEX_POINT('',#2522);
#2522 = CARTESIAN_POINT('',(18.25,0.5,0.3));
#2523 = LINE('',#2524,#2525);
#2524 = CARTESIAN_POINT('',(18.25,2.35,1.));
#2525 = VECTOR('',#2526,1.);
#2526 = DIRECTION('',(-1.14539532148E-16,-0.935286257456,-0.353892097416
    ));
#2527 = ORIENTED_EDGE('',*,*,#2528,.T.);
#2528 = EDGE_CURVE('',#2521,#2496,#2529,.T.);
#2529 = LINE('',#2530,#2531);
#2530 = CARTESIAN_POINT('',(18.25,0.5,0.3));
#2531 = VECTOR('',#2532,1.);
#2532 = DIRECTION('',(-1.224646799147E-16,-1.,0.));
#2533 = ORIENTED_EDGE('',*,*,#2505,.T.);
#2534 = ORIENTED_EDGE('',*,*,#480,.T.);
#2535 = ORIENTED_EDGE('',*,*,#2536,.T.);
#2536 = EDGE_CURVE('',#473,#1530,#2537,.T.);
#2537 = LINE('',#2538,#2539);
#2538 = CARTESIAN_POINT('',(18.25,-3.4,0.));
#2539 = VECTOR('',#2540,1.);
#2540 = DIRECTION('',(1.224646799147E-16,1.,0.));
#2541 = PLANE('',#2542);
#2542 = AXIS2_PLACEMENT_3D('',#2543,#2544,#2545);
#2543 = CARTESIAN_POINT('',(18.25,-0.515451356496,0.330008245993));
#2544 = DIRECTION('',(1.,-1.224646799147E-16,-1.256256073143E-32));
#2545 = DIRECTION('',(-1.256256073143E-32,1.538469978883E-48,-1.));
#2546 = ADVANCED_FACE('',(#2547),#2558,.F.);
#2547 = FACE_BOUND('',#2548,.F.);
#2548 = EDGE_LOOP('',(#2549,#2550,#2556,#2557));
#2549 = ORIENTED_EDGE('',*,*,#472,.T.);
#2550 = ORIENTED_EDGE('',*,*,#2551,.T.);
#2551 = EDGE_CURVE('',#465,#1538,#2552,.T.);
#2552 = LINE('',#2553,#2554);
#2553 = CARTESIAN_POINT('',(19.25,-3.4,0.));
#2554 = VECTOR('',#2555,1.);
#2555 = DIRECTION('',(1.224646799147E-16,1.,0.));
#2556 = ORIENTED_EDGE('',*,*,#1537,.T.);
#2557 = ORIENTED_EDGE('',*,*,#2536,.F.);
#2558 = PLANE('',#2559);
#2559 = AXIS2_PLACEMENT_3D('',#2560,#2561,#2562);
#2560 = CARTESIAN_POINT('',(15.,-0.525,0.));
#2561 = DIRECTION('',(0.,0.,1.));
#2562 = DIRECTION('',(-1.,1.224646799147E-16,0.));
#2563 = ADVANCED_FACE('',(#2564),#2591,.T.);
#2564 = FACE_BOUND('',#2565,.T.);
#2565 = EDGE_LOOP('',(#2566,#2567,#2575,#2583,#2589,#2590));
#2566 = ORIENTED_EDGE('',*,*,#1545,.T.);
#2567 = ORIENTED_EDGE('',*,*,#2568,.T.);
#2568 = EDGE_CURVE('',#1546,#2569,#2571,.T.);
#2569 = VERTEX_POINT('',#2570);
#2570 = CARTESIAN_POINT('',(19.25,0.5,0.3));
#2571 = LINE('',#2572,#2573);
#2572 = CARTESIAN_POINT('',(19.25,2.35,1.));
#2573 = VECTOR('',#2574,1.);
#2574 = DIRECTION('',(-1.14539532148E-16,-0.935286257456,-0.353892097416
    ));
#2575 = ORIENTED_EDGE('',*,*,#2576,.T.);
#2576 = EDGE_CURVE('',#2569,#2577,#2579,.T.);
#2577 = VERTEX_POINT('',#2578);
#2578 = CARTESIAN_POINT('',(19.25,-0.5,0.3));
#2579 = LINE('',#2580,#2581);
#2580 = CARTESIAN_POINT('',(19.25,0.5,0.3));
#2581 = VECTOR('',#2582,1.);
#2582 = DIRECTION('',(-1.224646799147E-16,-1.,0.));
#2583 = ORIENTED_EDGE('',*,*,#2584,.T.);
#2584 = EDGE_CURVE('',#2577,#457,#2585,.T.);
#2585 = LINE('',#2586,#2587);
#2586 = CARTESIAN_POINT('',(19.25,-0.5,0.3));
#2587 = VECTOR('',#2588,1.);
#2588 = DIRECTION('',(-1.190457365237E-16,-0.972082208573,0.234640533104
    ));
#2589 = ORIENTED_EDGE('',*,*,#464,.T.);
#2590 = ORIENTED_EDGE('',*,*,#2551,.T.);
#2591 = PLANE('',#2592);
#2592 = AXIS2_PLACEMENT_3D('',#2593,#2594,#2595);
#2593 = CARTESIAN_POINT('',(19.25,-0.515451356496,0.330008245993));
#2594 = DIRECTION('',(1.,-1.224646799147E-16,-1.256256073143E-32));
#2595 = DIRECTION('',(-1.256256073143E-32,1.538469978883E-48,-1.));
#2596 = ADVANCED_FACE('',(#2597),#2615,.F.);
#2597 = FACE_BOUND('',#2598,.F.);
#2598 = EDGE_LOOP('',(#2599,#2607,#2608,#2609));
#2599 = ORIENTED_EDGE('',*,*,#2600,.T.);
#2600 = EDGE_CURVE('',#2601,#2577,#2603,.T.);
#2601 = VERTEX_POINT('',#2602);
#2602 = CARTESIAN_POINT('',(20.75,-0.5,0.3));
#2603 = LINE('',#2604,#2605);
#2604 = CARTESIAN_POINT('',(20.75,-0.5,0.3));
#2605 = VECTOR('',#2606,1.);
#2606 = DIRECTION('',(-1.,1.224646799147E-16,0.));
#2607 = ORIENTED_EDGE('',*,*,#2584,.T.);
#2608 = ORIENTED_EDGE('',*,*,#456,.F.);
#2609 = ORIENTED_EDGE('',*,*,#2610,.F.);
#2610 = EDGE_CURVE('',#2601,#449,#2611,.T.);
#2611 = LINE('',#2612,#2613);
#2612 = CARTESIAN_POINT('',(20.75,-0.5,0.3));
#2613 = VECTOR('',#2614,1.);
#2614 = DIRECTION('',(-1.190457365237E-16,-0.972082208573,0.234640533104
    ));
#2615 = PLANE('',#2616);
#2616 = AXIS2_PLACEMENT_3D('',#2617,#2618,#2619);
#2617 = CARTESIAN_POINT('',(20.75,-0.5,0.3));
#2618 = DIRECTION('',(2.87351777816E-17,0.234640533104,0.972082208573));
#2619 = DIRECTION('',(-1.190457365237E-16,-0.972082208573,0.234640533104
    ));
#2620 = ADVANCED_FACE('',(#2621),#2646,.F.);
#2621 = FACE_BOUND('',#2622,.F.);
#2622 = EDGE_LOOP('',(#2623,#2624,#2632,#2638,#2639,#2640));
#2623 = ORIENTED_EDGE('',*,*,#1561,.T.);
#2624 = ORIENTED_EDGE('',*,*,#2625,.T.);
#2625 = EDGE_CURVE('',#1554,#2626,#2628,.T.);
#2626 = VERTEX_POINT('',#2627);
#2627 = CARTESIAN_POINT('',(20.75,0.5,0.3));
#2628 = LINE('',#2629,#2630);
#2629 = CARTESIAN_POINT('',(20.75,2.35,1.));
#2630 = VECTOR('',#2631,1.);
#2631 = DIRECTION('',(-1.14539532148E-16,-0.935286257456,-0.353892097416
    ));
#2632 = ORIENTED_EDGE('',*,*,#2633,.T.);
#2633 = EDGE_CURVE('',#2626,#2601,#2634,.T.);
#2634 = LINE('',#2635,#2636);
#2635 = CARTESIAN_POINT('',(20.75,0.5,0.3));
#2636 = VECTOR('',#2637,1.);
#2637 = DIRECTION('',(-1.224646799147E-16,-1.,0.));
#2638 = ORIENTED_EDGE('',*,*,#2610,.T.);
#2639 = ORIENTED_EDGE('',*,*,#448,.T.);
#2640 = ORIENTED_EDGE('',*,*,#2641,.T.);
#2641 = EDGE_CURVE('',#441,#1562,#2642,.T.);
#2642 = LINE('',#2643,#2644);
#2643 = CARTESIAN_POINT('',(20.75,-3.4,0.));
#2644 = VECTOR('',#2645,1.);
#2645 = DIRECTION('',(1.224646799147E-16,1.,0.));
#2646 = PLANE('',#2647);
#2647 = AXIS2_PLACEMENT_3D('',#2648,#2649,#2650);
#2648 = CARTESIAN_POINT('',(20.75,-0.515451356496,0.330008245993));
#2649 = DIRECTION('',(1.,-1.224646799147E-16,-1.256256073143E-32));
#2650 = DIRECTION('',(-1.256256073143E-32,1.538469978883E-48,-1.));
#2651 = ADVANCED_FACE('',(#2652),#2663,.F.);
#2652 = FACE_BOUND('',#2653,.F.);
#2653 = EDGE_LOOP('',(#2654,#2660,#2661,#2662));
#2654 = ORIENTED_EDGE('',*,*,#2655,.T.);
#2655 = EDGE_CURVE('',#433,#1570,#2656,.T.);
#2656 = LINE('',#2657,#2658);
#2657 = CARTESIAN_POINT('',(21.75,-3.4,0.));
#2658 = VECTOR('',#2659,1.);
#2659 = DIRECTION('',(1.224646799147E-16,1.,0.));
#2660 = ORIENTED_EDGE('',*,*,#1569,.T.);
#2661 = ORIENTED_EDGE('',*,*,#2641,.F.);
#2662 = ORIENTED_EDGE('',*,*,#440,.T.);
#2663 = PLANE('',#2664);
#2664 = AXIS2_PLACEMENT_3D('',#2665,#2666,#2667);
#2665 = CARTESIAN_POINT('',(15.,-0.525,0.));
#2666 = DIRECTION('',(0.,0.,1.));
#2667 = DIRECTION('',(-1.,1.224646799147E-16,0.));
#2668 = ADVANCED_FACE('',(#2669),#2696,.T.);
#2669 = FACE_BOUND('',#2670,.T.);
#2670 = EDGE_LOOP('',(#2671,#2672,#2680,#2688,#2694,#2695));
#2671 = ORIENTED_EDGE('',*,*,#1577,.T.);
#2672 = ORIENTED_EDGE('',*,*,#2673,.T.);
#2673 = EDGE_CURVE('',#1578,#2674,#2676,.T.);
#2674 = VERTEX_POINT('',#2675);
#2675 = CARTESIAN_POINT('',(21.75,0.5,0.3));
#2676 = LINE('',#2677,#2678);
#2677 = CARTESIAN_POINT('',(21.75,2.35,1.));
#2678 = VECTOR('',#2679,1.);
#2679 = DIRECTION('',(-1.14539532148E-16,-0.935286257456,-0.353892097416
    ));
#2680 = ORIENTED_EDGE('',*,*,#2681,.T.);
#2681 = EDGE_CURVE('',#2674,#2682,#2684,.T.);
#2682 = VERTEX_POINT('',#2683);
#2683 = CARTESIAN_POINT('',(21.75,-0.5,0.3));
#2684 = LINE('',#2685,#2686);
#2685 = CARTESIAN_POINT('',(21.75,0.5,0.3));
#2686 = VECTOR('',#2687,1.);
#2687 = DIRECTION('',(-1.224646799147E-16,-1.,0.));
#2688 = ORIENTED_EDGE('',*,*,#2689,.T.);
#2689 = EDGE_CURVE('',#2682,#425,#2690,.T.);
#2690 = LINE('',#2691,#2692);
#2691 = CARTESIAN_POINT('',(21.75,-0.5,0.3));
#2692 = VECTOR('',#2693,1.);
#2693 = DIRECTION('',(-1.190457365237E-16,-0.972082208573,0.234640533104
    ));
#2694 = ORIENTED_EDGE('',*,*,#432,.T.);
#2695 = ORIENTED_EDGE('',*,*,#2655,.T.);
#2696 = PLANE('',#2697);
#2697 = AXIS2_PLACEMENT_3D('',#2698,#2699,#2700);
#2698 = CARTESIAN_POINT('',(21.75,-0.515451356496,0.330008245993));
#2699 = DIRECTION('',(1.,-1.224646799147E-16,-1.256256073143E-32));
#2700 = DIRECTION('',(-1.256256073143E-32,1.538469978883E-48,-1.));
#2701 = ADVANCED_FACE('',(#2702),#2720,.F.);
#2702 = FACE_BOUND('',#2703,.F.);
#2703 = EDGE_LOOP('',(#2704,#2712,#2713,#2714));
#2704 = ORIENTED_EDGE('',*,*,#2705,.T.);
#2705 = EDGE_CURVE('',#2706,#2682,#2708,.T.);
#2706 = VERTEX_POINT('',#2707);
#2707 = CARTESIAN_POINT('',(23.25,-0.5,0.3));
#2708 = LINE('',#2709,#2710);
#2709 = CARTESIAN_POINT('',(23.25,-0.5,0.3));
#2710 = VECTOR('',#2711,1.);
#2711 = DIRECTION('',(-1.,1.224646799147E-16,0.));
#2712 = ORIENTED_EDGE('',*,*,#2689,.T.);
#2713 = ORIENTED_EDGE('',*,*,#424,.F.);
#2714 = ORIENTED_EDGE('',*,*,#2715,.F.);
#2715 = EDGE_CURVE('',#2706,#417,#2716,.T.);
#2716 = LINE('',#2717,#2718);
#2717 = CARTESIAN_POINT('',(23.25,-0.5,0.3));
#2718 = VECTOR('',#2719,1.);
#2719 = DIRECTION('',(-1.190457365237E-16,-0.972082208573,0.234640533104
    ));
#2720 = PLANE('',#2721);
#2721 = AXIS2_PLACEMENT_3D('',#2722,#2723,#2724);
#2722 = CARTESIAN_POINT('',(23.25,-0.5,0.3));
#2723 = DIRECTION('',(2.87351777816E-17,0.234640533104,0.972082208573));
#2724 = DIRECTION('',(-1.190457365237E-16,-0.972082208573,0.234640533104
    ));
#2725 = ADVANCED_FACE('',(#2726),#2751,.F.);
#2726 = FACE_BOUND('',#2727,.F.);
#2727 = EDGE_LOOP('',(#2728,#2729,#2737,#2743,#2744,#2745));
#2728 = ORIENTED_EDGE('',*,*,#1593,.T.);
#2729 = ORIENTED_EDGE('',*,*,#2730,.T.);
#2730 = EDGE_CURVE('',#1586,#2731,#2733,.T.);
#2731 = VERTEX_POINT('',#2732);
#2732 = CARTESIAN_POINT('',(23.25,0.5,0.3));
#2733 = LINE('',#2734,#2735);
#2734 = CARTESIAN_POINT('',(23.25,2.35,1.));
#2735 = VECTOR('',#2736,1.);
#2736 = DIRECTION('',(-1.14539532148E-16,-0.935286257456,-0.353892097416
    ));
#2737 = ORIENTED_EDGE('',*,*,#2738,.T.);
#2738 = EDGE_CURVE('',#2731,#2706,#2739,.T.);
#2739 = LINE('',#2740,#2741);
#2740 = CARTESIAN_POINT('',(23.25,0.5,0.3));
#2741 = VECTOR('',#2742,1.);
#2742 = DIRECTION('',(-1.224646799147E-16,-1.,0.));
#2743 = ORIENTED_EDGE('',*,*,#2715,.T.);
#2744 = ORIENTED_EDGE('',*,*,#416,.T.);
#2745 = ORIENTED_EDGE('',*,*,#2746,.T.);
#2746 = EDGE_CURVE('',#409,#1594,#2747,.T.);
#2747 = LINE('',#2748,#2749);
#2748 = CARTESIAN_POINT('',(23.25,-3.4,0.));
#2749 = VECTOR('',#2750,1.);
#2750 = DIRECTION('',(1.224646799147E-16,1.,0.));
#2751 = PLANE('',#2752);
#2752 = AXIS2_PLACEMENT_3D('',#2753,#2754,#2755);
#2753 = CARTESIAN_POINT('',(23.25,-0.515451356496,0.330008245993));
#2754 = DIRECTION('',(1.,-1.224646799147E-16,-1.256256073143E-32));
#2755 = DIRECTION('',(-1.256256073143E-32,1.538469978883E-48,-1.));
#2756 = ADVANCED_FACE('',(#2757),#2768,.F.);
#2757 = FACE_BOUND('',#2758,.F.);
#2758 = EDGE_LOOP('',(#2759,#2760,#2761,#2762));
#2759 = ORIENTED_EDGE('',*,*,#1601,.T.);
#2760 = ORIENTED_EDGE('',*,*,#2746,.F.);
#2761 = ORIENTED_EDGE('',*,*,#408,.T.);
#2762 = ORIENTED_EDGE('',*,*,#2763,.T.);
#2763 = EDGE_CURVE('',#401,#1602,#2764,.T.);
#2764 = LINE('',#2765,#2766);
#2765 = CARTESIAN_POINT('',(24.25,-3.4,0.));
#2766 = VECTOR('',#2767,1.);
#2767 = DIRECTION('',(1.224646799147E-16,1.,0.));
#2768 = PLANE('',#2769);
#2769 = AXIS2_PLACEMENT_3D('',#2770,#2771,#2772);
#2770 = CARTESIAN_POINT('',(15.,-0.525,0.));
#2771 = DIRECTION('',(0.,0.,1.));
#2772 = DIRECTION('',(-1.,1.224646799147E-16,0.));
#2773 = ADVANCED_FACE('',(#2774),#2801,.T.);
#2774 = FACE_BOUND('',#2775,.T.);
#2775 = EDGE_LOOP('',(#2776,#2777,#2785,#2793,#2799,#2800));
#2776 = ORIENTED_EDGE('',*,*,#1609,.T.);
#2777 = ORIENTED_EDGE('',*,*,#2778,.T.);
#2778 = EDGE_CURVE('',#1610,#2779,#2781,.T.);
#2779 = VERTEX_POINT('',#2780);
#2780 = CARTESIAN_POINT('',(24.25,0.5,0.3));
#2781 = LINE('',#2782,#2783);
#2782 = CARTESIAN_POINT('',(24.25,2.35,1.));
#2783 = VECTOR('',#2784,1.);
#2784 = DIRECTION('',(-1.14539532148E-16,-0.935286257456,-0.353892097416
    ));
#2785 = ORIENTED_EDGE('',*,*,#2786,.T.);
#2786 = EDGE_CURVE('',#2779,#2787,#2789,.T.);
#2787 = VERTEX_POINT('',#2788);
#2788 = CARTESIAN_POINT('',(24.25,-0.5,0.3));
#2789 = LINE('',#2790,#2791);
#2790 = CARTESIAN_POINT('',(24.25,0.5,0.3));
#2791 = VECTOR('',#2792,1.);
#2792 = DIRECTION('',(-1.224646799147E-16,-1.,0.));
#2793 = ORIENTED_EDGE('',*,*,#2794,.T.);
#2794 = EDGE_CURVE('',#2787,#393,#2795,.T.);
#2795 = LINE('',#2796,#2797);
#2796 = CARTESIAN_POINT('',(24.25,-0.5,0.3));
#2797 = VECTOR('',#2798,1.);
#2798 = DIRECTION('',(-1.190457365237E-16,-0.972082208573,0.234640533104
    ));
#2799 = ORIENTED_EDGE('',*,*,#400,.T.);
#2800 = ORIENTED_EDGE('',*,*,#2763,.T.);
#2801 = PLANE('',#2802);
#2802 = AXIS2_PLACEMENT_3D('',#2803,#2804,#2805);
#2803 = CARTESIAN_POINT('',(24.25,-0.515451356496,0.330008245993));
#2804 = DIRECTION('',(1.,-1.224646799147E-16,-1.256256073143E-32));
#2805 = DIRECTION('',(-1.256256073143E-32,1.538469978883E-48,-1.));
#2806 = ADVANCED_FACE('',(#2807),#2825,.F.);
#2807 = FACE_BOUND('',#2808,.F.);
#2808 = EDGE_LOOP('',(#2809,#2817,#2818,#2819));
#2809 = ORIENTED_EDGE('',*,*,#2810,.T.);
#2810 = EDGE_CURVE('',#2811,#2787,#2813,.T.);
#2811 = VERTEX_POINT('',#2812);
#2812 = CARTESIAN_POINT('',(25.75,-0.5,0.3));
#2813 = LINE('',#2814,#2815);
#2814 = CARTESIAN_POINT('',(25.75,-0.5,0.3));
#2815 = VECTOR('',#2816,1.);
#2816 = DIRECTION('',(-1.,1.224646799147E-16,0.));
#2817 = ORIENTED_EDGE('',*,*,#2794,.T.);
#2818 = ORIENTED_EDGE('',*,*,#392,.F.);
#2819 = ORIENTED_EDGE('',*,*,#2820,.F.);
#2820 = EDGE_CURVE('',#2811,#385,#2821,.T.);
#2821 = LINE('',#2822,#2823);
#2822 = CARTESIAN_POINT('',(25.75,-0.5,0.3));
#2823 = VECTOR('',#2824,1.);
#2824 = DIRECTION('',(-1.190457365237E-16,-0.972082208573,0.234640533104
    ));
#2825 = PLANE('',#2826);
#2826 = AXIS2_PLACEMENT_3D('',#2827,#2828,#2829);
#2827 = CARTESIAN_POINT('',(25.75,-0.5,0.3));
#2828 = DIRECTION('',(2.87351777816E-17,0.234640533104,0.972082208573));
#2829 = DIRECTION('',(-1.190457365237E-16,-0.972082208573,0.234640533104
    ));
#2830 = ADVANCED_FACE('',(#2831),#2856,.F.);
#2831 = FACE_BOUND('',#2832,.F.);
#2832 = EDGE_LOOP('',(#2833,#2834,#2842,#2848,#2849,#2850));
#2833 = ORIENTED_EDGE('',*,*,#1625,.T.);
#2834 = ORIENTED_EDGE('',*,*,#2835,.T.);
#2835 = EDGE_CURVE('',#1618,#2836,#2838,.T.);
#2836 = VERTEX_POINT('',#2837);
#2837 = CARTESIAN_POINT('',(25.75,0.5,0.3));
#2838 = LINE('',#2839,#2840);
#2839 = CARTESIAN_POINT('',(25.75,2.35,1.));
#2840 = VECTOR('',#2841,1.);
#2841 = DIRECTION('',(-1.14539532148E-16,-0.935286257456,-0.353892097416
    ));
#2842 = ORIENTED_EDGE('',*,*,#2843,.T.);
#2843 = EDGE_CURVE('',#2836,#2811,#2844,.T.);
#2844 = LINE('',#2845,#2846);
#2845 = CARTESIAN_POINT('',(25.75,0.5,0.3));
#2846 = VECTOR('',#2847,1.);
#2847 = DIRECTION('',(-1.224646799147E-16,-1.,0.));
#2848 = ORIENTED_EDGE('',*,*,#2820,.T.);
#2849 = ORIENTED_EDGE('',*,*,#384,.T.);
#2850 = ORIENTED_EDGE('',*,*,#2851,.T.);
#2851 = EDGE_CURVE('',#377,#1626,#2852,.T.);
#2852 = LINE('',#2853,#2854);
#2853 = CARTESIAN_POINT('',(25.75,-3.4,0.));
#2854 = VECTOR('',#2855,1.);
#2855 = DIRECTION('',(1.224646799147E-16,1.,0.));
#2856 = PLANE('',#2857);
#2857 = AXIS2_PLACEMENT_3D('',#2858,#2859,#2860);
#2858 = CARTESIAN_POINT('',(25.75,-0.515451356496,0.330008245993));
#2859 = DIRECTION('',(1.,-1.224646799147E-16,-1.256256073143E-32));
#2860 = DIRECTION('',(-1.256256073143E-32,1.538469978883E-48,-1.));
#2861 = ADVANCED_FACE('',(#2862),#2873,.F.);
#2862 = FACE_BOUND('',#2863,.F.);
#2863 = EDGE_LOOP('',(#2864,#2865,#2866,#2872));
#2864 = ORIENTED_EDGE('',*,*,#2851,.F.);
#2865 = ORIENTED_EDGE('',*,*,#376,.T.);
#2866 = ORIENTED_EDGE('',*,*,#2867,.T.);
#2867 = EDGE_CURVE('',#369,#1634,#2868,.T.);
#2868 = LINE('',#2869,#2870);
#2869 = CARTESIAN_POINT('',(26.75,-3.4,0.));
#2870 = VECTOR('',#2871,1.);
#2871 = DIRECTION('',(1.224646799147E-16,1.,0.));
#2872 = ORIENTED_EDGE('',*,*,#1633,.T.);
#2873 = PLANE('',#2874);
#2874 = AXIS2_PLACEMENT_3D('',#2875,#2876,#2877);
#2875 = CARTESIAN_POINT('',(15.,-0.525,0.));
#2876 = DIRECTION('',(0.,0.,1.));
#2877 = DIRECTION('',(-1.,1.224646799147E-16,0.));
#2878 = ADVANCED_FACE('',(#2879),#2906,.T.);
#2879 = FACE_BOUND('',#2880,.T.);
#2880 = EDGE_LOOP('',(#2881,#2882,#2890,#2898,#2904,#2905));
#2881 = ORIENTED_EDGE('',*,*,#1641,.T.);
#2882 = ORIENTED_EDGE('',*,*,#2883,.T.);
#2883 = EDGE_CURVE('',#1642,#2884,#2886,.T.);
#2884 = VERTEX_POINT('',#2885);
#2885 = CARTESIAN_POINT('',(26.75,0.5,0.3));
#2886 = LINE('',#2887,#2888);
#2887 = CARTESIAN_POINT('',(26.75,2.35,1.));
#2888 = VECTOR('',#2889,1.);
#2889 = DIRECTION('',(-1.14539532148E-16,-0.935286257456,-0.353892097416
    ));
#2890 = ORIENTED_EDGE('',*,*,#2891,.T.);
#2891 = EDGE_CURVE('',#2884,#2892,#2894,.T.);
#2892 = VERTEX_POINT('',#2893);
#2893 = CARTESIAN_POINT('',(26.75,-0.5,0.3));
#2894 = LINE('',#2895,#2896);
#2895 = CARTESIAN_POINT('',(26.75,0.5,0.3));
#2896 = VECTOR('',#2897,1.);
#2897 = DIRECTION('',(-1.224646799147E-16,-1.,0.));
#2898 = ORIENTED_EDGE('',*,*,#2899,.T.);
#2899 = EDGE_CURVE('',#2892,#361,#2900,.T.);
#2900 = LINE('',#2901,#2902);
#2901 = CARTESIAN_POINT('',(26.75,-0.5,0.3));
#2902 = VECTOR('',#2903,1.);
#2903 = DIRECTION('',(-1.190457365237E-16,-0.972082208573,0.234640533104
    ));
#2904 = ORIENTED_EDGE('',*,*,#368,.T.);
#2905 = ORIENTED_EDGE('',*,*,#2867,.T.);
#2906 = PLANE('',#2907);
#2907 = AXIS2_PLACEMENT_3D('',#2908,#2909,#2910);
#2908 = CARTESIAN_POINT('',(26.75,-0.515451356496,0.330008245993));
#2909 = DIRECTION('',(1.,-1.224646799147E-16,-1.256256073143E-32));
#2910 = DIRECTION('',(-1.256256073143E-32,1.538469978883E-48,-1.));
#2911 = ADVANCED_FACE('',(#2912),#2930,.F.);
#2912 = FACE_BOUND('',#2913,.F.);
#2913 = EDGE_LOOP('',(#2914,#2922,#2923,#2924));
#2914 = ORIENTED_EDGE('',*,*,#2915,.T.);
#2915 = EDGE_CURVE('',#2916,#2892,#2918,.T.);
#2916 = VERTEX_POINT('',#2917);
#2917 = CARTESIAN_POINT('',(28.25,-0.5,0.3));
#2918 = LINE('',#2919,#2920);
#2919 = CARTESIAN_POINT('',(28.25,-0.5,0.3));
#2920 = VECTOR('',#2921,1.);
#2921 = DIRECTION('',(-1.,1.224646799147E-16,0.));
#2922 = ORIENTED_EDGE('',*,*,#2899,.T.);
#2923 = ORIENTED_EDGE('',*,*,#360,.F.);
#2924 = ORIENTED_EDGE('',*,*,#2925,.F.);
#2925 = EDGE_CURVE('',#2916,#353,#2926,.T.);
#2926 = LINE('',#2927,#2928);
#2927 = CARTESIAN_POINT('',(28.25,-0.5,0.3));
#2928 = VECTOR('',#2929,1.);
#2929 = DIRECTION('',(-1.190457365237E-16,-0.972082208573,0.234640533104
    ));
#2930 = PLANE('',#2931);
#2931 = AXIS2_PLACEMENT_3D('',#2932,#2933,#2934);
#2932 = CARTESIAN_POINT('',(28.25,-0.5,0.3));
#2933 = DIRECTION('',(2.87351777816E-17,0.234640533104,0.972082208573));
#2934 = DIRECTION('',(-1.190457365237E-16,-0.972082208573,0.234640533104
    ));
#2935 = ADVANCED_FACE('',(#2936),#2961,.F.);
#2936 = FACE_BOUND('',#2937,.F.);
#2937 = EDGE_LOOP('',(#2938,#2939,#2947,#2953,#2954,#2955));
#2938 = ORIENTED_EDGE('',*,*,#1657,.T.);
#2939 = ORIENTED_EDGE('',*,*,#2940,.T.);
#2940 = EDGE_CURVE('',#1650,#2941,#2943,.T.);
#2941 = VERTEX_POINT('',#2942);
#2942 = CARTESIAN_POINT('',(28.25,0.5,0.3));
#2943 = LINE('',#2944,#2945);
#2944 = CARTESIAN_POINT('',(28.25,2.35,1.));
#2945 = VECTOR('',#2946,1.);
#2946 = DIRECTION('',(-1.14539532148E-16,-0.935286257456,-0.353892097416
    ));
#2947 = ORIENTED_EDGE('',*,*,#2948,.T.);
#2948 = EDGE_CURVE('',#2941,#2916,#2949,.T.);
#2949 = LINE('',#2950,#2951);
#2950 = CARTESIAN_POINT('',(28.25,0.5,0.3));
#2951 = VECTOR('',#2952,1.);
#2952 = DIRECTION('',(-1.224646799147E-16,-1.,0.));
#2953 = ORIENTED_EDGE('',*,*,#2925,.T.);
#2954 = ORIENTED_EDGE('',*,*,#352,.T.);
#2955 = ORIENTED_EDGE('',*,*,#2956,.T.);
#2956 = EDGE_CURVE('',#345,#1658,#2957,.T.);
#2957 = LINE('',#2958,#2959);
#2958 = CARTESIAN_POINT('',(28.25,-3.4,0.));
#2959 = VECTOR('',#2960,1.);
#2960 = DIRECTION('',(1.224646799147E-16,1.,0.));
#2961 = PLANE('',#2962);
#2962 = AXIS2_PLACEMENT_3D('',#2963,#2964,#2965);
#2963 = CARTESIAN_POINT('',(28.25,-0.515451356496,0.330008245993));
#2964 = DIRECTION('',(1.,-1.224646799147E-16,-1.256256073143E-32));
#2965 = DIRECTION('',(-1.256256073143E-32,1.538469978883E-48,-1.));
#2966 = ADVANCED_FACE('',(#2967),#2978,.F.);
#2967 = FACE_BOUND('',#2968,.F.);
#2968 = EDGE_LOOP('',(#2969,#2970,#2976,#2977));
#2969 = ORIENTED_EDGE('',*,*,#344,.T.);
#2970 = ORIENTED_EDGE('',*,*,#2971,.T.);
#2971 = EDGE_CURVE('',#337,#1666,#2972,.T.);
#2972 = LINE('',#2973,#2974);
#2973 = CARTESIAN_POINT('',(29.25,-3.4,0.));
#2974 = VECTOR('',#2975,1.);
#2975 = DIRECTION('',(1.224646799147E-16,1.,0.));
#2976 = ORIENTED_EDGE('',*,*,#1665,.T.);
#2977 = ORIENTED_EDGE('',*,*,#2956,.F.);
#2978 = PLANE('',#2979);
#2979 = AXIS2_PLACEMENT_3D('',#2980,#2981,#2982);
#2980 = CARTESIAN_POINT('',(15.,-0.525,0.));
#2981 = DIRECTION('',(0.,0.,1.));
#2982 = DIRECTION('',(-1.,1.224646799147E-16,0.));
#2983 = ADVANCED_FACE('',(#2984),#3011,.T.);
#2984 = FACE_BOUND('',#2985,.T.);
#2985 = EDGE_LOOP('',(#2986,#2987,#2995,#3003,#3009,#3010));
#2986 = ORIENTED_EDGE('',*,*,#1673,.T.);
#2987 = ORIENTED_EDGE('',*,*,#2988,.T.);
#2988 = EDGE_CURVE('',#1674,#2989,#2991,.T.);
#2989 = VERTEX_POINT('',#2990);
#2990 = CARTESIAN_POINT('',(29.25,0.5,0.3));
#2991 = LINE('',#2992,#2993);
#2992 = CARTESIAN_POINT('',(29.25,2.35,1.));
#2993 = VECTOR('',#2994,1.);
#2994 = DIRECTION('',(-1.14539532148E-16,-0.935286257456,-0.353892097416
    ));
#2995 = ORIENTED_EDGE('',*,*,#2996,.T.);
#2996 = EDGE_CURVE('',#2989,#2997,#2999,.T.);
#2997 = VERTEX_POINT('',#2998);
#2998 = CARTESIAN_POINT('',(29.25,-0.5,0.3));
#2999 = LINE('',#3000,#3001);
#3000 = CARTESIAN_POINT('',(29.25,0.5,0.3));
#3001 = VECTOR('',#3002,1.);
#3002 = DIRECTION('',(-1.224646799147E-16,-1.,0.));
#3003 = ORIENTED_EDGE('',*,*,#3004,.T.);
#3004 = EDGE_CURVE('',#2997,#329,#3005,.T.);
#3005 = LINE('',#3006,#3007);
#3006 = CARTESIAN_POINT('',(29.25,-0.5,0.3));
#3007 = VECTOR('',#3008,1.);
#3008 = DIRECTION('',(-1.190457365237E-16,-0.972082208573,0.234640533104
    ));
#3009 = ORIENTED_EDGE('',*,*,#336,.T.);
#3010 = ORIENTED_EDGE('',*,*,#2971,.T.);
#3011 = PLANE('',#3012);
#3012 = AXIS2_PLACEMENT_3D('',#3013,#3014,#3015);
#3013 = CARTESIAN_POINT('',(29.25,-0.515451356496,0.330008245993));
#3014 = DIRECTION('',(1.,-1.224646799147E-16,-1.256256073143E-32));
#3015 = DIRECTION('',(-1.256256073143E-32,1.538469978883E-48,-1.));
#3016 = ADVANCED_FACE('',(#3017),#3035,.F.);
#3017 = FACE_BOUND('',#3018,.F.);
#3018 = EDGE_LOOP('',(#3019,#3027,#3028,#3029));
#3019 = ORIENTED_EDGE('',*,*,#3020,.T.);
#3020 = EDGE_CURVE('',#3021,#2997,#3023,.T.);
#3021 = VERTEX_POINT('',#3022);
#3022 = CARTESIAN_POINT('',(30.75,-0.5,0.3));
#3023 = LINE('',#3024,#3025);
#3024 = CARTESIAN_POINT('',(30.75,-0.5,0.3));
#3025 = VECTOR('',#3026,1.);
#3026 = DIRECTION('',(-1.,1.224646799147E-16,0.));
#3027 = ORIENTED_EDGE('',*,*,#3004,.T.);
#3028 = ORIENTED_EDGE('',*,*,#328,.F.);
#3029 = ORIENTED_EDGE('',*,*,#3030,.F.);
#3030 = EDGE_CURVE('',#3021,#321,#3031,.T.);
#3031 = LINE('',#3032,#3033);
#3032 = CARTESIAN_POINT('',(30.75,-0.5,0.3));
#3033 = VECTOR('',#3034,1.);
#3034 = DIRECTION('',(-1.190457365237E-16,-0.972082208573,0.234640533104
    ));
#3035 = PLANE('',#3036);
#3036 = AXIS2_PLACEMENT_3D('',#3037,#3038,#3039);
#3037 = CARTESIAN_POINT('',(30.75,-0.5,0.3));
#3038 = DIRECTION('',(2.87351777816E-17,0.234640533104,0.972082208573));
#3039 = DIRECTION('',(-1.190457365237E-16,-0.972082208573,0.234640533104
    ));
#3040 = ADVANCED_FACE('',(#3041),#3066,.F.);
#3041 = FACE_BOUND('',#3042,.F.);
#3042 = EDGE_LOOP('',(#3043,#3044,#3052,#3058,#3059,#3060));
#3043 = ORIENTED_EDGE('',*,*,#1689,.T.);
#3044 = ORIENTED_EDGE('',*,*,#3045,.T.);
#3045 = EDGE_CURVE('',#1682,#3046,#3048,.T.);
#3046 = VERTEX_POINT('',#3047);
#3047 = CARTESIAN_POINT('',(30.75,0.5,0.3));
#3048 = LINE('',#3049,#3050);
#3049 = CARTESIAN_POINT('',(30.75,2.35,1.));
#3050 = VECTOR('',#3051,1.);
#3051 = DIRECTION('',(-1.14539532148E-16,-0.935286257456,-0.353892097416
    ));
#3052 = ORIENTED_EDGE('',*,*,#3053,.T.);
#3053 = EDGE_CURVE('',#3046,#3021,#3054,.T.);
#3054 = LINE('',#3055,#3056);
#3055 = CARTESIAN_POINT('',(30.75,0.5,0.3));
#3056 = VECTOR('',#3057,1.);
#3057 = DIRECTION('',(-1.224646799147E-16,-1.,0.));
#3058 = ORIENTED_EDGE('',*,*,#3030,.T.);
#3059 = ORIENTED_EDGE('',*,*,#320,.T.);
#3060 = ORIENTED_EDGE('',*,*,#3061,.T.);
#3061 = EDGE_CURVE('',#313,#1150,#3062,.T.);
#3062 = LINE('',#3063,#3064);
#3063 = CARTESIAN_POINT('',(30.75,-3.4,0.));
#3064 = VECTOR('',#3065,1.);
#3065 = DIRECTION('',(1.224646799147E-16,1.,0.));
#3066 = PLANE('',#3067);
#3067 = AXIS2_PLACEMENT_3D('',#3068,#3069,#3070);
#3068 = CARTESIAN_POINT('',(30.75,-0.515451356496,0.330008245993));
#3069 = DIRECTION('',(1.,-1.224646799147E-16,-1.256256073143E-32));
#3070 = DIRECTION('',(-1.256256073143E-32,1.538469978883E-48,-1.));
#3071 = ADVANCED_FACE('',(#3072),#3078,.F.);
#3072 = FACE_BOUND('',#3073,.F.);
#3073 = EDGE_LOOP('',(#3074,#3075,#3076,#3077));
#3074 = ORIENTED_EDGE('',*,*,#758,.T.);
#3075 = ORIENTED_EDGE('',*,*,#1149,.T.);
#3076 = ORIENTED_EDGE('',*,*,#3061,.F.);
#3077 = ORIENTED_EDGE('',*,*,#312,.T.);
#3078 = PLANE('',#3079);
#3079 = AXIS2_PLACEMENT_3D('',#3080,#3081,#3082);
#3080 = CARTESIAN_POINT('',(15.,-0.525,0.));
#3081 = DIRECTION('',(0.,0.,1.));
#3082 = DIRECTION('',(-1.,1.224646799147E-16,0.));
#3083 = ADVANCED_FACE('',(#3084),#3111,.F.);
#3084 = FACE_BOUND('',#3085,.F.);
#3085 = EDGE_LOOP('',(#3086,#3087,#3088,#3089,#3095,#3096,#3105));
#3086 = ORIENTED_EDGE('',*,*,#833,.T.);
#3087 = ORIENTED_EDGE('',*,*,#744,.F.);
#3088 = ORIENTED_EDGE('',*,*,#1712,.T.);
#3089 = ORIENTED_EDGE('',*,*,#3090,.T.);
#3090 = EDGE_CURVE('',#1705,#1096,#3091,.T.);
#3091 = LINE('',#3092,#3093);
#3092 = CARTESIAN_POINT('',(31.6,-2.65,1.85));
#3093 = VECTOR('',#3094,1.);
#3094 = DIRECTION('',(1.224646799147E-16,1.,0.));
#3095 = ORIENTED_EDGE('',*,*,#1103,.F.);
#3096 = ORIENTED_EDGE('',*,*,#3097,.F.);
#3097 = EDGE_CURVE('',#3098,#1104,#3100,.T.);
#3098 = VERTEX_POINT('',#3099);
#3099 = CARTESIAN_POINT('',(31.6,1.,3.65));
#3100 = CIRCLE('',#3101,0.5);
#3101 = AXIS2_PLACEMENT_3D('',#3102,#3103,#3104);
#3102 = CARTESIAN_POINT('',(31.6,1.,4.15));
#3103 = DIRECTION('',(1.,-1.224646799147E-16,0.));
#3104 = DIRECTION('',(1.224646799147E-16,1.,0.));
#3105 = ORIENTED_EDGE('',*,*,#3106,.T.);
#3106 = EDGE_CURVE('',#3098,#826,#3107,.T.);
#3107 = LINE('',#3108,#3109);
#3108 = CARTESIAN_POINT('',(31.6,-0.825,3.65));
#3109 = VECTOR('',#3110,1.);
#3110 = DIRECTION('',(-1.224646799147E-16,-1.,0.));
#3111 = PLANE('',#3112);
#3112 = AXIS2_PLACEMENT_3D('',#3113,#3114,#3115);
#3113 = CARTESIAN_POINT('',(31.6,-2.65,7.));
#3114 = DIRECTION('',(1.,-1.224646799147E-16,0.));
#3115 = DIRECTION('',(1.224646799147E-16,1.,0.));
#3116 = ADVANCED_FACE('',(#3117),#3128,.T.);
#3117 = FACE_BOUND('',#3118,.T.);
#3118 = EDGE_LOOP('',(#3119,#3120,#3121,#3122));
#3119 = ORIENTED_EDGE('',*,*,#956,.F.);
#3120 = ORIENTED_EDGE('',*,*,#801,.T.);
#3121 = ORIENTED_EDGE('',*,*,#1158,.T.);
#3122 = ORIENTED_EDGE('',*,*,#3123,.T.);
#3123 = EDGE_CURVE('',#1159,#957,#3124,.T.);
#3124 = LINE('',#3125,#3126);
#3125 = CARTESIAN_POINT('',(30.5,2.35,7.));
#3126 = VECTOR('',#3127,1.);
#3127 = DIRECTION('',(-1.224646799147E-16,-1.,0.));
#3128 = PLANE('',#3129);
#3129 = AXIS2_PLACEMENT_3D('',#3130,#3131,#3132);
#3130 = CARTESIAN_POINT('',(15.,-0.525,7.));
#3131 = DIRECTION('',(0.,0.,1.));
#3132 = DIRECTION('',(-1.,1.224646799147E-16,0.));
#3133 = ADVANCED_FACE('',(#3134),#3145,.F.);
#3134 = FACE_BOUND('',#3135,.F.);
#3135 = EDGE_LOOP('',(#3136,#3142,#3143,#3144));
#3136 = ORIENTED_EDGE('',*,*,#3137,.T.);
#3137 = EDGE_CURVE('',#777,#3098,#3138,.T.);
#3138 = LINE('',#3139,#3140);
#3139 = CARTESIAN_POINT('',(32.45,1.,3.65));
#3140 = VECTOR('',#3141,1.);
#3141 = DIRECTION('',(-1.,1.224646799147E-16,0.));
#3142 = ORIENTED_EDGE('',*,*,#3097,.T.);
#3143 = ORIENTED_EDGE('',*,*,#1111,.F.);
#3144 = ORIENTED_EDGE('',*,*,#784,.T.);
#3145 = CYLINDRICAL_SURFACE('',#3146,0.5);
#3146 = AXIS2_PLACEMENT_3D('',#3147,#3148,#3149);
#3147 = CARTESIAN_POINT('',(32.45,1.,4.15));
#3148 = DIRECTION('',(1.,-1.224646799147E-16,-0.));
#3149 = DIRECTION('',(1.224646799147E-16,1.,0.));
#3150 = ADVANCED_FACE('',(#3151),#3157,.T.);
#3151 = FACE_BOUND('',#3152,.T.);
#3152 = EDGE_LOOP('',(#3153,#3154,#3155,#3156));
#3153 = ORIENTED_EDGE('',*,*,#776,.F.);
#3154 = ORIENTED_EDGE('',*,*,#3137,.T.);
#3155 = ORIENTED_EDGE('',*,*,#3106,.T.);
#3156 = ORIENTED_EDGE('',*,*,#825,.F.);
#3157 = PLANE('',#3158);
#3158 = AXIS2_PLACEMENT_3D('',#3159,#3160,#3161);
#3159 = CARTESIAN_POINT('',(32.45,1.,3.65));
#3160 = DIRECTION('',(0.,0.,1.));
#3161 = DIRECTION('',(-1.224646799147E-16,-1.,0.));
#3162 = ADVANCED_FACE('',(#3163,#3169,#3203,#3237,#3271,#3305,#3339,
    #3373,#3407,#3441,#3475,#3509,#3543,#3577),#3611,.T.);
#3163 = FACE_BOUND('',#3164,.T.);
#3164 = EDGE_LOOP('',(#3165,#3166,#3167,#3168));
#3165 = ORIENTED_EDGE('',*,*,#1095,.T.);
#3166 = ORIENTED_EDGE('',*,*,#874,.T.);
#3167 = ORIENTED_EDGE('',*,*,#1704,.T.);
#3168 = ORIENTED_EDGE('',*,*,#3090,.T.);
#3169 = FACE_BOUND('',#3170,.T.);
#3170 = EDGE_LOOP('',(#3171,#3181,#3189,#3197));
#3171 = ORIENTED_EDGE('',*,*,#3172,.F.);
#3172 = EDGE_CURVE('',#3173,#3175,#3177,.T.);
#3173 = VERTEX_POINT('',#3174);
#3174 = CARTESIAN_POINT('',(27.18,0.32,1.85));
#3175 = VERTEX_POINT('',#3176);
#3176 = CARTESIAN_POINT('',(27.18,-0.32,1.85));
#3177 = LINE('',#3178,#3179);
#3178 = CARTESIAN_POINT('',(27.18,-0.2875,1.85));
#3179 = VECTOR('',#3180,1.);
#3180 = DIRECTION('',(-1.224646799147E-16,-1.,0.));
#3181 = ORIENTED_EDGE('',*,*,#3182,.T.);
#3182 = EDGE_CURVE('',#3173,#3183,#3185,.T.);
#3183 = VERTEX_POINT('',#3184);
#3184 = CARTESIAN_POINT('',(27.82,0.32,1.85));
#3185 = LINE('',#3186,#3187);
#3186 = CARTESIAN_POINT('',(21.41,0.32,1.85));
#3187 = VECTOR('',#3188,1.);
#3188 = DIRECTION('',(1.,-1.224646799147E-16,-6.361678885994E-33));
#3189 = ORIENTED_EDGE('',*,*,#3190,.T.);
#3190 = EDGE_CURVE('',#3183,#3191,#3193,.T.);
#3191 = VERTEX_POINT('',#3192);
#3192 = CARTESIAN_POINT('',(27.82,-0.32,1.85));
#3193 = LINE('',#3194,#3195);
#3194 = CARTESIAN_POINT('',(27.82,-0.2875,1.85));
#3195 = VECTOR('',#3196,1.);
#3196 = DIRECTION('',(-1.224646799147E-16,-1.,0.));
#3197 = ORIENTED_EDGE('',*,*,#3198,.T.);
#3198 = EDGE_CURVE('',#3191,#3175,#3199,.T.);
#3199 = LINE('',#3200,#3201);
#3200 = CARTESIAN_POINT('',(21.41,-0.32,1.85));
#3201 = VECTOR('',#3202,1.);
#3202 = DIRECTION('',(-1.,1.224646799147E-16,6.361678885994E-33));
#3203 = FACE_BOUND('',#3204,.T.);
#3204 = EDGE_LOOP('',(#3205,#3215,#3223,#3231));
#3205 = ORIENTED_EDGE('',*,*,#3206,.F.);
#3206 = EDGE_CURVE('',#3207,#3209,#3211,.T.);
#3207 = VERTEX_POINT('',#3208);
#3208 = CARTESIAN_POINT('',(24.68,0.32,1.85));
#3209 = VERTEX_POINT('',#3210);
#3210 = CARTESIAN_POINT('',(24.68,-0.32,1.85));
#3211 = LINE('',#3212,#3213);
#3212 = CARTESIAN_POINT('',(24.68,-0.2875,1.85));
#3213 = VECTOR('',#3214,1.);
#3214 = DIRECTION('',(-1.224646799147E-16,-1.,0.));
#3215 = ORIENTED_EDGE('',*,*,#3216,.T.);
#3216 = EDGE_CURVE('',#3207,#3217,#3219,.T.);
#3217 = VERTEX_POINT('',#3218);
#3218 = CARTESIAN_POINT('',(25.32,0.32,1.85));
#3219 = LINE('',#3220,#3221);
#3220 = CARTESIAN_POINT('',(20.16,0.32,1.85));
#3221 = VECTOR('',#3222,1.);
#3222 = DIRECTION('',(1.,-1.224646799147E-16,-6.361678885994E-33));
#3223 = ORIENTED_EDGE('',*,*,#3224,.T.);
#3224 = EDGE_CURVE('',#3217,#3225,#3227,.T.);
#3225 = VERTEX_POINT('',#3226);
#3226 = CARTESIAN_POINT('',(25.32,-0.32,1.85));
#3227 = LINE('',#3228,#3229);
#3228 = CARTESIAN_POINT('',(25.32,-0.2875,1.85));
#3229 = VECTOR('',#3230,1.);
#3230 = DIRECTION('',(-1.224646799147E-16,-1.,0.));
#3231 = ORIENTED_EDGE('',*,*,#3232,.T.);
#3232 = EDGE_CURVE('',#3225,#3209,#3233,.T.);
#3233 = LINE('',#3234,#3235);
#3234 = CARTESIAN_POINT('',(20.16,-0.32,1.85));
#3235 = VECTOR('',#3236,1.);
#3236 = DIRECTION('',(-1.,1.224646799147E-16,6.361678885994E-33));
#3237 = FACE_BOUND('',#3238,.T.);
#3238 = EDGE_LOOP('',(#3239,#3249,#3257,#3265));
#3239 = ORIENTED_EDGE('',*,*,#3240,.F.);
#3240 = EDGE_CURVE('',#3241,#3243,#3245,.T.);
#3241 = VERTEX_POINT('',#3242);
#3242 = CARTESIAN_POINT('',(19.68,0.32,1.85));
#3243 = VERTEX_POINT('',#3244);
#3244 = CARTESIAN_POINT('',(19.68,-0.32,1.85));
#3245 = LINE('',#3246,#3247);
#3246 = CARTESIAN_POINT('',(19.68,-0.2875,1.85));
#3247 = VECTOR('',#3248,1.);
#3248 = DIRECTION('',(-1.224646799147E-16,-1.,0.));
#3249 = ORIENTED_EDGE('',*,*,#3250,.T.);
#3250 = EDGE_CURVE('',#3241,#3251,#3253,.T.);
#3251 = VERTEX_POINT('',#3252);
#3252 = CARTESIAN_POINT('',(20.32,0.32,1.85));
#3253 = LINE('',#3254,#3255);
#3254 = CARTESIAN_POINT('',(17.66,0.32,1.85));
#3255 = VECTOR('',#3256,1.);
#3256 = DIRECTION('',(1.,-1.224646799147E-16,-6.361678885994E-33));
#3257 = ORIENTED_EDGE('',*,*,#3258,.T.);
#3258 = EDGE_CURVE('',#3251,#3259,#3261,.T.);
#3259 = VERTEX_POINT('',#3260);
#3260 = CARTESIAN_POINT('',(20.32,-0.32,1.85));
#3261 = LINE('',#3262,#3263);
#3262 = CARTESIAN_POINT('',(20.32,-0.2875,1.85));
#3263 = VECTOR('',#3264,1.);
#3264 = DIRECTION('',(-1.224646799147E-16,-1.,0.));
#3265 = ORIENTED_EDGE('',*,*,#3266,.T.);
#3266 = EDGE_CURVE('',#3259,#3243,#3267,.T.);
#3267 = LINE('',#3268,#3269);
#3268 = CARTESIAN_POINT('',(17.66,-0.32,1.85));
#3269 = VECTOR('',#3270,1.);
#3270 = DIRECTION('',(-1.,1.224646799147E-16,6.361678885994E-33));
#3271 = FACE_BOUND('',#3272,.T.);
#3272 = EDGE_LOOP('',(#3273,#3283,#3291,#3299));
#3273 = ORIENTED_EDGE('',*,*,#3274,.T.);
#3274 = EDGE_CURVE('',#3275,#3277,#3279,.T.);
#3275 = VERTEX_POINT('',#3276);
#3276 = CARTESIAN_POINT('',(22.82,0.32,1.85));
#3277 = VERTEX_POINT('',#3278);
#3278 = CARTESIAN_POINT('',(22.82,-0.32,1.85));
#3279 = LINE('',#3280,#3281);
#3280 = CARTESIAN_POINT('',(22.82,-0.2875,1.85));
#3281 = VECTOR('',#3282,1.);
#3282 = DIRECTION('',(-1.224646799147E-16,-1.,0.));
#3283 = ORIENTED_EDGE('',*,*,#3284,.T.);
#3284 = EDGE_CURVE('',#3277,#3285,#3287,.T.);
#3285 = VERTEX_POINT('',#3286);
#3286 = CARTESIAN_POINT('',(22.18,-0.32,1.85));
#3287 = LINE('',#3288,#3289);
#3288 = CARTESIAN_POINT('',(18.91,-0.32,1.85));
#3289 = VECTOR('',#3290,1.);
#3290 = DIRECTION('',(-1.,1.224646799147E-16,6.361678885994E-33));
#3291 = ORIENTED_EDGE('',*,*,#3292,.F.);
#3292 = EDGE_CURVE('',#3293,#3285,#3295,.T.);
#3293 = VERTEX_POINT('',#3294);
#3294 = CARTESIAN_POINT('',(22.18,0.32,1.85));
#3295 = LINE('',#3296,#3297);
#3296 = CARTESIAN_POINT('',(22.18,-0.2875,1.85));
#3297 = VECTOR('',#3298,1.);
#3298 = DIRECTION('',(-1.224646799147E-16,-1.,0.));
#3299 = ORIENTED_EDGE('',*,*,#3300,.T.);
#3300 = EDGE_CURVE('',#3293,#3275,#3301,.T.);
#3301 = LINE('',#3302,#3303);
#3302 = CARTESIAN_POINT('',(18.91,0.32,1.85));
#3303 = VECTOR('',#3304,1.);
#3304 = DIRECTION('',(1.,-1.224646799147E-16,-6.361678885994E-33));
#3305 = FACE_BOUND('',#3306,.T.);
#3306 = EDGE_LOOP('',(#3307,#3317,#3325,#3333));
#3307 = ORIENTED_EDGE('',*,*,#3308,.T.);
#3308 = EDGE_CURVE('',#3309,#3311,#3313,.T.);
#3309 = VERTEX_POINT('',#3310);
#3310 = CARTESIAN_POINT('',(17.82,0.32,1.85));
#3311 = VERTEX_POINT('',#3312);
#3312 = CARTESIAN_POINT('',(17.82,-0.32,1.85));
#3313 = LINE('',#3314,#3315);
#3314 = CARTESIAN_POINT('',(17.82,-0.2875,1.85));
#3315 = VECTOR('',#3316,1.);
#3316 = DIRECTION('',(-1.224646799147E-16,-1.,0.));
#3317 = ORIENTED_EDGE('',*,*,#3318,.T.);
#3318 = EDGE_CURVE('',#3311,#3319,#3321,.T.);
#3319 = VERTEX_POINT('',#3320);
#3320 = CARTESIAN_POINT('',(17.18,-0.32,1.85));
#3321 = LINE('',#3322,#3323);
#3322 = CARTESIAN_POINT('',(16.41,-0.32,1.85));
#3323 = VECTOR('',#3324,1.);
#3324 = DIRECTION('',(-1.,1.224646799147E-16,6.361678885994E-33));
#3325 = ORIENTED_EDGE('',*,*,#3326,.F.);
#3326 = EDGE_CURVE('',#3327,#3319,#3329,.T.);
#3327 = VERTEX_POINT('',#3328);
#3328 = CARTESIAN_POINT('',(17.18,0.32,1.85));
#3329 = LINE('',#3330,#3331);
#3330 = CARTESIAN_POINT('',(17.18,-0.2875,1.85));
#3331 = VECTOR('',#3332,1.);
#3332 = DIRECTION('',(-1.224646799147E-16,-1.,0.));
#3333 = ORIENTED_EDGE('',*,*,#3334,.T.);
#3334 = EDGE_CURVE('',#3327,#3309,#3335,.T.);
#3335 = LINE('',#3336,#3337);
#3336 = CARTESIAN_POINT('',(16.41,0.32,1.85));
#3337 = VECTOR('',#3338,1.);
#3338 = DIRECTION('',(1.,-1.224646799147E-16,-6.361678885994E-33));
#3339 = FACE_BOUND('',#3340,.T.);
#3340 = EDGE_LOOP('',(#3341,#3351,#3359,#3367));
#3341 = ORIENTED_EDGE('',*,*,#3342,.T.);
#3342 = EDGE_CURVE('',#3343,#3345,#3347,.T.);
#3343 = VERTEX_POINT('',#3344);
#3344 = CARTESIAN_POINT('',(7.82,0.32,1.85));
#3345 = VERTEX_POINT('',#3346);
#3346 = CARTESIAN_POINT('',(7.82,-0.32,1.85));
#3347 = LINE('',#3348,#3349);
#3348 = CARTESIAN_POINT('',(7.82,-0.2875,1.85));
#3349 = VECTOR('',#3350,1.);
#3350 = DIRECTION('',(-1.224646799147E-16,-1.,0.));
#3351 = ORIENTED_EDGE('',*,*,#3352,.T.);
#3352 = EDGE_CURVE('',#3345,#3353,#3355,.T.);
#3353 = VERTEX_POINT('',#3354);
#3354 = CARTESIAN_POINT('',(7.18,-0.32,1.85));
#3355 = LINE('',#3356,#3357);
#3356 = CARTESIAN_POINT('',(11.41,-0.32,1.85));
#3357 = VECTOR('',#3358,1.);
#3358 = DIRECTION('',(-1.,1.224646799147E-16,6.361678885994E-33));
#3359 = ORIENTED_EDGE('',*,*,#3360,.F.);
#3360 = EDGE_CURVE('',#3361,#3353,#3363,.T.);
#3361 = VERTEX_POINT('',#3362);
#3362 = CARTESIAN_POINT('',(7.18,0.32,1.85));
#3363 = LINE('',#3364,#3365);
#3364 = CARTESIAN_POINT('',(7.18,-0.2875,1.85));
#3365 = VECTOR('',#3366,1.);
#3366 = DIRECTION('',(-1.224646799147E-16,-1.,0.));
#3367 = ORIENTED_EDGE('',*,*,#3368,.T.);
#3368 = EDGE_CURVE('',#3361,#3343,#3369,.T.);
#3369 = LINE('',#3370,#3371);
#3370 = CARTESIAN_POINT('',(11.41,0.32,1.85));
#3371 = VECTOR('',#3372,1.);
#3372 = DIRECTION('',(1.,-1.224646799147E-16,-6.361678885994E-33));
#3373 = FACE_BOUND('',#3374,.T.);
#3374 = EDGE_LOOP('',(#3375,#3385,#3393,#3401));
#3375 = ORIENTED_EDGE('',*,*,#3376,.F.);
#3376 = EDGE_CURVE('',#3377,#3379,#3381,.T.);
#3377 = VERTEX_POINT('',#3378);
#3378 = CARTESIAN_POINT('',(9.68,0.32,1.85));
#3379 = VERTEX_POINT('',#3380);
#3380 = CARTESIAN_POINT('',(9.68,-0.32,1.85));
#3381 = LINE('',#3382,#3383);
#3382 = CARTESIAN_POINT('',(9.68,-0.2875,1.85));
#3383 = VECTOR('',#3384,1.);
#3384 = DIRECTION('',(-1.224646799147E-16,-1.,0.));
#3385 = ORIENTED_EDGE('',*,*,#3386,.T.);
#3386 = EDGE_CURVE('',#3377,#3387,#3389,.T.);
#3387 = VERTEX_POINT('',#3388);
#3388 = CARTESIAN_POINT('',(10.32,0.32,1.85));
#3389 = LINE('',#3390,#3391);
#3390 = CARTESIAN_POINT('',(12.66,0.32,1.85));
#3391 = VECTOR('',#3392,1.);
#3392 = DIRECTION('',(1.,-1.224646799147E-16,-6.361678885994E-33));
#3393 = ORIENTED_EDGE('',*,*,#3394,.T.);
#3394 = EDGE_CURVE('',#3387,#3395,#3397,.T.);
#3395 = VERTEX_POINT('',#3396);
#3396 = CARTESIAN_POINT('',(10.32,-0.32,1.85));
#3397 = LINE('',#3398,#3399);
#3398 = CARTESIAN_POINT('',(10.32,-0.2875,1.85));
#3399 = VECTOR('',#3400,1.);
#3400 = DIRECTION('',(-1.224646799147E-16,-1.,0.));
#3401 = ORIENTED_EDGE('',*,*,#3402,.T.);
#3402 = EDGE_CURVE('',#3395,#3379,#3403,.T.);
#3403 = LINE('',#3404,#3405);
#3404 = CARTESIAN_POINT('',(12.66,-0.32,1.85));
#3405 = VECTOR('',#3406,1.);
#3406 = DIRECTION('',(-1.,1.224646799147E-16,6.361678885994E-33));
#3407 = FACE_BOUND('',#3408,.T.);
#3408 = EDGE_LOOP('',(#3409,#3419,#3427,#3435));
#3409 = ORIENTED_EDGE('',*,*,#3410,.F.);
#3410 = EDGE_CURVE('',#3411,#3413,#3415,.T.);
#3411 = VERTEX_POINT('',#3412);
#3412 = CARTESIAN_POINT('',(12.18,0.32,1.85));
#3413 = VERTEX_POINT('',#3414);
#3414 = CARTESIAN_POINT('',(12.18,-0.32,1.85));
#3415 = LINE('',#3416,#3417);
#3416 = CARTESIAN_POINT('',(12.18,-0.2875,1.85));
#3417 = VECTOR('',#3418,1.);
#3418 = DIRECTION('',(-1.224646799147E-16,-1.,0.));
#3419 = ORIENTED_EDGE('',*,*,#3420,.T.);
#3420 = EDGE_CURVE('',#3411,#3421,#3423,.T.);
#3421 = VERTEX_POINT('',#3422);
#3422 = CARTESIAN_POINT('',(12.82,0.32,1.85));
#3423 = LINE('',#3424,#3425);
#3424 = CARTESIAN_POINT('',(13.91,0.32,1.85));
#3425 = VECTOR('',#3426,1.);
#3426 = DIRECTION('',(1.,-1.224646799147E-16,-6.361678885994E-33));
#3427 = ORIENTED_EDGE('',*,*,#3428,.T.);
#3428 = EDGE_CURVE('',#3421,#3429,#3431,.T.);
#3429 = VERTEX_POINT('',#3430);
#3430 = CARTESIAN_POINT('',(12.82,-0.32,1.85));
#3431 = LINE('',#3432,#3433);
#3432 = CARTESIAN_POINT('',(12.82,-0.2875,1.85));
#3433 = VECTOR('',#3434,1.);
#3434 = DIRECTION('',(-1.224646799147E-16,-1.,0.));
#3435 = ORIENTED_EDGE('',*,*,#3436,.T.);
#3436 = EDGE_CURVE('',#3429,#3413,#3437,.T.);
#3437 = LINE('',#3438,#3439);
#3438 = CARTESIAN_POINT('',(13.91,-0.32,1.85));
#3439 = VECTOR('',#3440,1.);
#3440 = DIRECTION('',(-1.,1.224646799147E-16,6.361678885994E-33));
#3441 = FACE_BOUND('',#3442,.T.);
#3442 = EDGE_LOOP('',(#3443,#3453,#3461,#3469));
#3443 = ORIENTED_EDGE('',*,*,#3444,.F.);
#3444 = EDGE_CURVE('',#3445,#3447,#3449,.T.);
#3445 = VERTEX_POINT('',#3446);
#3446 = CARTESIAN_POINT('',(14.68,0.32,1.85));
#3447 = VERTEX_POINT('',#3448);
#3448 = CARTESIAN_POINT('',(14.68,-0.32,1.85));
#3449 = LINE('',#3450,#3451);
#3450 = CARTESIAN_POINT('',(14.68,-0.2875,1.85));
#3451 = VECTOR('',#3452,1.);
#3452 = DIRECTION('',(-1.224646799147E-16,-1.,0.));
#3453 = ORIENTED_EDGE('',*,*,#3454,.T.);
#3454 = EDGE_CURVE('',#3445,#3455,#3457,.T.);
#3455 = VERTEX_POINT('',#3456);
#3456 = CARTESIAN_POINT('',(15.32,0.32,1.85));
#3457 = LINE('',#3458,#3459);
#3458 = CARTESIAN_POINT('',(15.16,0.32,1.85));
#3459 = VECTOR('',#3460,1.);
#3460 = DIRECTION('',(1.,-1.224646799147E-16,-6.361678885994E-33));
#3461 = ORIENTED_EDGE('',*,*,#3462,.T.);
#3462 = EDGE_CURVE('',#3455,#3463,#3465,.T.);
#3463 = VERTEX_POINT('',#3464);
#3464 = CARTESIAN_POINT('',(15.32,-0.32,1.85));
#3465 = LINE('',#3466,#3467);
#3466 = CARTESIAN_POINT('',(15.32,-0.2875,1.85));
#3467 = VECTOR('',#3468,1.);
#3468 = DIRECTION('',(-1.224646799147E-16,-1.,0.));
#3469 = ORIENTED_EDGE('',*,*,#3470,.T.);
#3470 = EDGE_CURVE('',#3463,#3447,#3471,.T.);
#3471 = LINE('',#3472,#3473);
#3472 = CARTESIAN_POINT('',(15.16,-0.32,1.85));
#3473 = VECTOR('',#3474,1.);
#3474 = DIRECTION('',(-1.,1.224646799147E-16,6.361678885994E-33));
#3475 = FACE_BOUND('',#3476,.T.);
#3476 = EDGE_LOOP('',(#3477,#3487,#3495,#3503));
#3477 = ORIENTED_EDGE('',*,*,#3478,.F.);
#3478 = EDGE_CURVE('',#3479,#3481,#3483,.T.);
#3479 = VERTEX_POINT('',#3480);
#3480 = CARTESIAN_POINT('',(2.18,0.32,1.85));
#3481 = VERTEX_POINT('',#3482);
#3482 = CARTESIAN_POINT('',(2.18,-0.32,1.85));
#3483 = LINE('',#3484,#3485);
#3484 = CARTESIAN_POINT('',(2.18,-0.2875,1.85));
#3485 = VECTOR('',#3486,1.);
#3486 = DIRECTION('',(-1.224646799147E-16,-1.,0.));
#3487 = ORIENTED_EDGE('',*,*,#3488,.T.);
#3488 = EDGE_CURVE('',#3479,#3489,#3491,.T.);
#3489 = VERTEX_POINT('',#3490);
#3490 = CARTESIAN_POINT('',(2.82,0.32,1.85));
#3491 = LINE('',#3492,#3493);
#3492 = CARTESIAN_POINT('',(8.91,0.32,1.85));
#3493 = VECTOR('',#3494,1.);
#3494 = DIRECTION('',(1.,-1.224646799147E-16,-6.361678885994E-33));
#3495 = ORIENTED_EDGE('',*,*,#3496,.T.);
#3496 = EDGE_CURVE('',#3489,#3497,#3499,.T.);
#3497 = VERTEX_POINT('',#3498);
#3498 = CARTESIAN_POINT('',(2.82,-0.32,1.85));
#3499 = LINE('',#3500,#3501);
#3500 = CARTESIAN_POINT('',(2.82,-0.2875,1.85));
#3501 = VECTOR('',#3502,1.);
#3502 = DIRECTION('',(-1.224646799147E-16,-1.,0.));
#3503 = ORIENTED_EDGE('',*,*,#3504,.T.);
#3504 = EDGE_CURVE('',#3497,#3481,#3505,.T.);
#3505 = LINE('',#3506,#3507);
#3506 = CARTESIAN_POINT('',(8.91,-0.32,1.85));
#3507 = VECTOR('',#3508,1.);
#3508 = DIRECTION('',(-1.,1.224646799147E-16,6.361678885994E-33));
#3509 = FACE_BOUND('',#3510,.T.);
#3510 = EDGE_LOOP('',(#3511,#3521,#3529,#3537));
#3511 = ORIENTED_EDGE('',*,*,#3512,.T.);
#3512 = EDGE_CURVE('',#3513,#3515,#3517,.T.);
#3513 = VERTEX_POINT('',#3514);
#3514 = CARTESIAN_POINT('',(5.32,0.32,1.85));
#3515 = VERTEX_POINT('',#3516);
#3516 = CARTESIAN_POINT('',(5.32,-0.32,1.85));
#3517 = LINE('',#3518,#3519);
#3518 = CARTESIAN_POINT('',(5.32,-0.2875,1.85));
#3519 = VECTOR('',#3520,1.);
#3520 = DIRECTION('',(-1.224646799147E-16,-1.,0.));
#3521 = ORIENTED_EDGE('',*,*,#3522,.T.);
#3522 = EDGE_CURVE('',#3515,#3523,#3525,.T.);
#3523 = VERTEX_POINT('',#3524);
#3524 = CARTESIAN_POINT('',(4.68,-0.32,1.85));
#3525 = LINE('',#3526,#3527);
#3526 = CARTESIAN_POINT('',(10.16,-0.32,1.85));
#3527 = VECTOR('',#3528,1.);
#3528 = DIRECTION('',(-1.,1.224646799147E-16,6.361678885994E-33));
#3529 = ORIENTED_EDGE('',*,*,#3530,.F.);
#3530 = EDGE_CURVE('',#3531,#3523,#3533,.T.);
#3531 = VERTEX_POINT('',#3532);
#3532 = CARTESIAN_POINT('',(4.68,0.32,1.85));
#3533 = LINE('',#3534,#3535);
#3534 = CARTESIAN_POINT('',(4.68,-0.2875,1.85));
#3535 = VECTOR('',#3536,1.);
#3536 = DIRECTION('',(-1.224646799147E-16,-1.,0.));
#3537 = ORIENTED_EDGE('',*,*,#3538,.T.);
#3538 = EDGE_CURVE('',#3531,#3513,#3539,.T.);
#3539 = LINE('',#3540,#3541);
#3540 = CARTESIAN_POINT('',(10.16,0.32,1.85));
#3541 = VECTOR('',#3542,1.);
#3542 = DIRECTION('',(1.,-1.224646799147E-16,-6.361678885994E-33));
#3543 = FACE_BOUND('',#3544,.T.);
#3544 = EDGE_LOOP('',(#3545,#3555,#3563,#3571));
#3545 = ORIENTED_EDGE('',*,*,#3546,.F.);
#3546 = EDGE_CURVE('',#3547,#3549,#3551,.T.);
#3547 = VERTEX_POINT('',#3548);
#3548 = CARTESIAN_POINT('',(29.68,0.32,1.85));
#3549 = VERTEX_POINT('',#3550);
#3550 = CARTESIAN_POINT('',(29.68,-0.32,1.85));
#3551 = LINE('',#3552,#3553);
#3552 = CARTESIAN_POINT('',(29.68,-0.26920299558,1.85));
#3553 = VECTOR('',#3554,1.);
#3554 = DIRECTION('',(-1.224646799147E-16,-1.,0.));
#3555 = ORIENTED_EDGE('',*,*,#3556,.T.);
#3556 = EDGE_CURVE('',#3547,#3557,#3559,.T.);
#3557 = VERTEX_POINT('',#3558);
#3558 = CARTESIAN_POINT('',(30.32,0.32,1.85));
#3559 = LINE('',#3560,#3561);
#3560 = CARTESIAN_POINT('',(22.66,0.32,1.85));
#3561 = VECTOR('',#3562,1.);
#3562 = DIRECTION('',(1.,-1.224646799147E-16,-6.361678885994E-33));
#3563 = ORIENTED_EDGE('',*,*,#3564,.T.);
#3564 = EDGE_CURVE('',#3557,#3565,#3567,.T.);
#3565 = VERTEX_POINT('',#3566);
#3566 = CARTESIAN_POINT('',(30.32,-0.32,1.85));
#3567 = LINE('',#3568,#3569);
#3568 = CARTESIAN_POINT('',(30.32,-0.26920299558,1.85));
#3569 = VECTOR('',#3570,1.);
#3570 = DIRECTION('',(-1.224646799147E-16,-1.,0.));
#3571 = ORIENTED_EDGE('',*,*,#3572,.T.);
#3572 = EDGE_CURVE('',#3565,#3549,#3573,.T.);
#3573 = LINE('',#3574,#3575);
#3574 = CARTESIAN_POINT('',(22.66,-0.32,1.85));
#3575 = VECTOR('',#3576,1.);
#3576 = DIRECTION('',(-1.,1.224646799147E-16,6.361678885994E-33));
#3577 = FACE_BOUND('',#3578,.T.);
#3578 = EDGE_LOOP('',(#3579,#3589,#3597,#3605));
#3579 = ORIENTED_EDGE('',*,*,#3580,.F.);
#3580 = EDGE_CURVE('',#3581,#3583,#3585,.T.);
#3581 = VERTEX_POINT('',#3582);
#3582 = CARTESIAN_POINT('',(-0.32,0.32,1.85));
#3583 = VERTEX_POINT('',#3584);
#3584 = CARTESIAN_POINT('',(-0.32,-0.32,1.85));
#3585 = LINE('',#3586,#3587);
#3586 = CARTESIAN_POINT('',(-0.32,-0.26920299558,1.85));
#3587 = VECTOR('',#3588,1.);
#3588 = DIRECTION('',(-1.224646799147E-16,-1.,0.));
#3589 = ORIENTED_EDGE('',*,*,#3590,.T.);
#3590 = EDGE_CURVE('',#3581,#3591,#3593,.T.);
#3591 = VERTEX_POINT('',#3592);
#3592 = CARTESIAN_POINT('',(0.32,0.32,1.85));
#3593 = LINE('',#3594,#3595);
#3594 = CARTESIAN_POINT('',(7.66,0.32,1.85));
#3595 = VECTOR('',#3596,1.);
#3596 = DIRECTION('',(1.,-1.224646799147E-16,-6.361678885994E-33));
#3597 = ORIENTED_EDGE('',*,*,#3598,.T.);
#3598 = EDGE_CURVE('',#3591,#3599,#3601,.T.);
#3599 = VERTEX_POINT('',#3600);
#3600 = CARTESIAN_POINT('',(0.32,-0.32,1.85));
#3601 = LINE('',#3602,#3603);
#3602 = CARTESIAN_POINT('',(0.32,-0.26920299558,1.85));
#3603 = VECTOR('',#3604,1.);
#3604 = DIRECTION('',(-1.224646799147E-16,-1.,0.));
#3605 = ORIENTED_EDGE('',*,*,#3606,.T.);
#3606 = EDGE_CURVE('',#3599,#3583,#3607,.T.);
#3607 = LINE('',#3608,#3609);
#3608 = CARTESIAN_POINT('',(7.66,-0.32,1.85));
#3609 = VECTOR('',#3610,1.);
#3610 = DIRECTION('',(-1.,1.224646799147E-16,6.361678885994E-33));
#3611 = PLANE('',#3612);
#3612 = AXIS2_PLACEMENT_3D('',#3613,#3614,#3615);
#3613 = CARTESIAN_POINT('',(15.,-0.575,1.85));
#3614 = DIRECTION('',(6.361678885994E-33,-7.790809684936E-49,1.));
#3615 = DIRECTION('',(-1.,1.224646799147E-16,6.361678885994E-33));
#3616 = ADVANCED_FACE('',(#3617),#3628,.F.);
#3617 = FACE_BOUND('',#3618,.F.);
#3618 = EDGE_LOOP('',(#3619,#3620,#3626,#3627));
#3619 = ORIENTED_EDGE('',*,*,#1280,.F.);
#3620 = ORIENTED_EDGE('',*,*,#3621,.T.);
#3621 = EDGE_CURVE('',#1273,#1071,#3622,.T.);
#3622 = LINE('',#3623,#3624);
#3623 = CARTESIAN_POINT('',(-0.5,2.35,6.1));
#3624 = VECTOR('',#3625,1.);
#3625 = DIRECTION('',(-1.224646799147E-16,-1.,0.));
#3626 = ORIENTED_EDGE('',*,*,#1078,.F.);
#3627 = ORIENTED_EDGE('',*,*,#1126,.F.);
#3628 = PLANE('',#3629);
#3629 = AXIS2_PLACEMENT_3D('',#3630,#3631,#3632);
#3630 = CARTESIAN_POINT('',(-0.5,2.35,6.1));
#3631 = DIRECTION('',(-1.,1.224646799147E-16,0.));
#3632 = DIRECTION('',(0.,0.,1.));
#3633 = ADVANCED_FACE('',(#3634),#3645,.F.);
#3634 = FACE_BOUND('',#3635,.F.);
#3635 = EDGE_LOOP('',(#3636,#3637,#3643,#3644));
#3636 = ORIENTED_EDGE('',*,*,#1272,.F.);
#3637 = ORIENTED_EDGE('',*,*,#3638,.T.);
#3638 = EDGE_CURVE('',#1265,#1063,#3639,.T.);
#3639 = LINE('',#3640,#3641);
#3640 = CARTESIAN_POINT('',(-0.25,2.35,5.85));
#3641 = VECTOR('',#3642,1.);
#3642 = DIRECTION('',(-1.224646799147E-16,-1.,0.));
#3643 = ORIENTED_EDGE('',*,*,#1070,.F.);
#3644 = ORIENTED_EDGE('',*,*,#3621,.F.);
#3645 = PLANE('',#3646);
#3646 = AXIS2_PLACEMENT_3D('',#3647,#3648,#3649);
#3647 = CARTESIAN_POINT('',(-0.25,2.35,5.85));
#3648 = DIRECTION('',(-0.707106781187,8.659560562349E-17,-0.707106781187
    ));
#3649 = DIRECTION('',(-0.707106781187,8.659560562349E-17,0.707106781187)
  );
#3650 = ADVANCED_FACE('',(#3651),#3662,.F.);
#3651 = FACE_BOUND('',#3652,.F.);
#3652 = EDGE_LOOP('',(#3653,#3654,#3660,#3661));
#3653 = ORIENTED_EDGE('',*,*,#1264,.F.);
#3654 = ORIENTED_EDGE('',*,*,#3655,.T.);
#3655 = EDGE_CURVE('',#1257,#1055,#3656,.T.);
#3656 = LINE('',#3657,#3658);
#3657 = CARTESIAN_POINT('',(-0.5,2.35,5.6));
#3658 = VECTOR('',#3659,1.);
#3659 = DIRECTION('',(-1.224646799147E-16,-1.,0.));
#3660 = ORIENTED_EDGE('',*,*,#1062,.F.);
#3661 = ORIENTED_EDGE('',*,*,#3638,.F.);
#3662 = PLANE('',#3663);
#3663 = AXIS2_PLACEMENT_3D('',#3664,#3665,#3666);
#3664 = CARTESIAN_POINT('',(-0.5,2.35,5.6));
#3665 = DIRECTION('',(-0.707106781187,8.659560562349E-17,0.707106781187)
  );
#3666 = DIRECTION('',(0.707106781187,-8.659560562349E-17,0.707106781187)
  );
#3667 = ADVANCED_FACE('',(#3668),#3679,.F.);
#3668 = FACE_BOUND('',#3669,.F.);
#3669 = EDGE_LOOP('',(#3670,#3671,#3677,#3678));
#3670 = ORIENTED_EDGE('',*,*,#1256,.F.);
#3671 = ORIENTED_EDGE('',*,*,#3672,.T.);
#3672 = EDGE_CURVE('',#1248,#1046,#3673,.T.);
#3673 = LINE('',#3674,#3675);
#3674 = CARTESIAN_POINT('',(-0.5,2.35,3.85));
#3675 = VECTOR('',#3676,1.);
#3676 = DIRECTION('',(-1.224646799147E-16,-1.,0.));
#3677 = ORIENTED_EDGE('',*,*,#1054,.F.);
#3678 = ORIENTED_EDGE('',*,*,#3655,.F.);
#3679 = PLANE('',#3680);
#3680 = AXIS2_PLACEMENT_3D('',#3681,#3682,#3683);
#3681 = CARTESIAN_POINT('',(-0.5,2.35,3.1));
#3682 = DIRECTION('',(-1.,1.224646799147E-16,0.));
#3683 = DIRECTION('',(0.,0.,1.));
#3684 = ADVANCED_FACE('',(#3685),#3696,.F.);
#3685 = FACE_BOUND('',#3686,.F.);
#3686 = EDGE_LOOP('',(#3687,#3688,#3689,#3690));
#3687 = ORIENTED_EDGE('',*,*,#1045,.F.);
#3688 = ORIENTED_EDGE('',*,*,#3672,.F.);
#3689 = ORIENTED_EDGE('',*,*,#1247,.F.);
#3690 = ORIENTED_EDGE('',*,*,#3691,.T.);
#3691 = EDGE_CURVE('',#1240,#1038,#3692,.T.);
#3692 = LINE('',#3693,#3694);
#3693 = CARTESIAN_POINT('',(0.25,2.35,3.1));
#3694 = VECTOR('',#3695,1.);
#3695 = DIRECTION('',(-1.224646799147E-16,-1.,0.));
#3696 = CYLINDRICAL_SURFACE('',#3697,0.75);
#3697 = AXIS2_PLACEMENT_3D('',#3698,#3699,#3700);
#3698 = CARTESIAN_POINT('',(0.25,2.35,3.85));
#3699 = DIRECTION('',(-1.224646799147E-16,-1.,0.));
#3700 = DIRECTION('',(-0.,0.,-1.));
#3701 = ADVANCED_FACE('',(#3702),#3713,.F.);
#3702 = FACE_BOUND('',#3703,.F.);
#3703 = EDGE_LOOP('',(#3704,#3705,#3706,#3712));
#3704 = ORIENTED_EDGE('',*,*,#3691,.F.);
#3705 = ORIENTED_EDGE('',*,*,#1239,.F.);
#3706 = ORIENTED_EDGE('',*,*,#3707,.T.);
#3707 = EDGE_CURVE('',#1232,#1030,#3708,.T.);
#3708 = LINE('',#3709,#3710);
#3709 = CARTESIAN_POINT('',(1.,2.35,3.1));
#3710 = VECTOR('',#3711,1.);
#3711 = DIRECTION('',(-1.224646799147E-16,-1.,0.));
#3712 = ORIENTED_EDGE('',*,*,#1037,.F.);
#3713 = PLANE('',#3714);
#3714 = AXIS2_PLACEMENT_3D('',#3715,#3716,#3717);
#3715 = CARTESIAN_POINT('',(1.,2.35,3.1));
#3716 = DIRECTION('',(-0.,0.,-1.));
#3717 = DIRECTION('',(-1.,1.224646799147E-16,0.));
#3718 = ADVANCED_FACE('',(#3719),#3730,.F.);
#3719 = FACE_BOUND('',#3720,.F.);
#3720 = EDGE_LOOP('',(#3721,#3722,#3728,#3729));
#3721 = ORIENTED_EDGE('',*,*,#1231,.F.);
#3722 = ORIENTED_EDGE('',*,*,#3723,.T.);
#3723 = EDGE_CURVE('',#1224,#1022,#3724,.T.);
#3724 = LINE('',#3725,#3726);
#3725 = CARTESIAN_POINT('',(1.,2.35,7.));
#3726 = VECTOR('',#3727,1.);
#3727 = DIRECTION('',(-1.224646799147E-16,-1.,0.));
#3728 = ORIENTED_EDGE('',*,*,#1029,.F.);
#3729 = ORIENTED_EDGE('',*,*,#3707,.F.);
#3730 = PLANE('',#3731);
#3731 = AXIS2_PLACEMENT_3D('',#3732,#3733,#3734);
#3732 = CARTESIAN_POINT('',(1.,2.35,7.));
#3733 = DIRECTION('',(1.,-1.224646799147E-16,0.));
#3734 = DIRECTION('',(0.,-0.,-1.));
#3735 = ADVANCED_FACE('',(#3736),#3747,.T.);
#3736 = FACE_BOUND('',#3737,.T.);
#3737 = EDGE_LOOP('',(#3738,#3739,#3745,#3746));
#3738 = ORIENTED_EDGE('',*,*,#1021,.F.);
#3739 = ORIENTED_EDGE('',*,*,#3740,.F.);
#3740 = EDGE_CURVE('',#1216,#1014,#3741,.T.);
#3741 = LINE('',#3742,#3743);
#3742 = CARTESIAN_POINT('',(29.,2.35,7.));
#3743 = VECTOR('',#3744,1.);
#3744 = DIRECTION('',(-1.224646799147E-16,-1.,0.));
#3745 = ORIENTED_EDGE('',*,*,#1223,.T.);
#3746 = ORIENTED_EDGE('',*,*,#3723,.T.);
#3747 = PLANE('',#3748);
#3748 = AXIS2_PLACEMENT_3D('',#3749,#3750,#3751);
#3749 = CARTESIAN_POINT('',(15.,-0.525,7.));
#3750 = DIRECTION('',(0.,0.,1.));
#3751 = DIRECTION('',(-1.,1.224646799147E-16,0.));
#3752 = ADVANCED_FACE('',(#3753),#3764,.T.);
#3753 = FACE_BOUND('',#3754,.T.);
#3754 = EDGE_LOOP('',(#3755,#3756,#3757,#3758));
#3755 = ORIENTED_EDGE('',*,*,#1215,.F.);
#3756 = ORIENTED_EDGE('',*,*,#3740,.T.);
#3757 = ORIENTED_EDGE('',*,*,#1013,.F.);
#3758 = ORIENTED_EDGE('',*,*,#3759,.F.);
#3759 = EDGE_CURVE('',#1208,#1006,#3760,.T.);
#3760 = LINE('',#3761,#3762);
#3761 = CARTESIAN_POINT('',(29.,2.35,3.1));
#3762 = VECTOR('',#3763,1.);
#3763 = DIRECTION('',(-1.224646799147E-16,-1.,0.));
#3764 = PLANE('',#3765);
#3765 = AXIS2_PLACEMENT_3D('',#3766,#3767,#3768);
#3766 = CARTESIAN_POINT('',(29.,2.35,7.));
#3767 = DIRECTION('',(1.,-1.224646799147E-16,0.));
#3768 = DIRECTION('',(0.,-0.,-1.));
#3769 = ADVANCED_FACE('',(#3770),#3781,.T.);
#3770 = FACE_BOUND('',#3771,.T.);
#3771 = EDGE_LOOP('',(#3772,#3778,#3779,#3780));
#3772 = ORIENTED_EDGE('',*,*,#3773,.F.);
#3773 = EDGE_CURVE('',#1199,#997,#3774,.T.);
#3774 = LINE('',#3775,#3776);
#3775 = CARTESIAN_POINT('',(29.75,2.35,3.1));
#3776 = VECTOR('',#3777,1.);
#3777 = DIRECTION('',(-1.224646799147E-16,-1.,0.));
#3778 = ORIENTED_EDGE('',*,*,#1207,.F.);
#3779 = ORIENTED_EDGE('',*,*,#3759,.T.);
#3780 = ORIENTED_EDGE('',*,*,#1005,.F.);
#3781 = PLANE('',#3782);
#3782 = AXIS2_PLACEMENT_3D('',#3783,#3784,#3785);
#3783 = CARTESIAN_POINT('',(29.,2.35,3.1));
#3784 = DIRECTION('',(0.,0.,1.));
#3785 = DIRECTION('',(1.,-1.224646799147E-16,0.));
#3786 = ADVANCED_FACE('',(#3787),#3798,.F.);
#3787 = FACE_BOUND('',#3788,.F.);
#3788 = EDGE_LOOP('',(#3789,#3790,#3791,#3797));
#3789 = ORIENTED_EDGE('',*,*,#3773,.F.);
#3790 = ORIENTED_EDGE('',*,*,#1198,.T.);
#3791 = ORIENTED_EDGE('',*,*,#3792,.T.);
#3792 = EDGE_CURVE('',#1191,#989,#3793,.T.);
#3793 = LINE('',#3794,#3795);
#3794 = CARTESIAN_POINT('',(30.5,2.35,3.85));
#3795 = VECTOR('',#3796,1.);
#3796 = DIRECTION('',(-1.224646799147E-16,-1.,0.));
#3797 = ORIENTED_EDGE('',*,*,#996,.F.);
#3798 = CYLINDRICAL_SURFACE('',#3799,0.75);
#3799 = AXIS2_PLACEMENT_3D('',#3800,#3801,#3802);
#3800 = CARTESIAN_POINT('',(29.75,2.35,3.85));
#3801 = DIRECTION('',(-1.224646799147E-16,-1.,0.));
#3802 = DIRECTION('',(0.,-0.,-1.));
#3803 = ADVANCED_FACE('',(#3804),#3815,.T.);
#3804 = FACE_BOUND('',#3805,.T.);
#3805 = EDGE_LOOP('',(#3806,#3807,#3808,#3809));
#3806 = ORIENTED_EDGE('',*,*,#1190,.F.);
#3807 = ORIENTED_EDGE('',*,*,#3792,.T.);
#3808 = ORIENTED_EDGE('',*,*,#988,.F.);
#3809 = ORIENTED_EDGE('',*,*,#3810,.F.);
#3810 = EDGE_CURVE('',#1183,#981,#3811,.T.);
#3811 = LINE('',#3812,#3813);
#3812 = CARTESIAN_POINT('',(30.5,2.35,5.6));
#3813 = VECTOR('',#3814,1.);
#3814 = DIRECTION('',(-1.224646799147E-16,-1.,0.));
#3815 = PLANE('',#3816);
#3816 = AXIS2_PLACEMENT_3D('',#3817,#3818,#3819);
#3817 = CARTESIAN_POINT('',(30.5,2.35,3.1));
#3818 = DIRECTION('',(-1.,1.224646799147E-16,0.));
#3819 = DIRECTION('',(0.,0.,1.));
#3820 = ADVANCED_FACE('',(#3821),#3832,.T.);
#3821 = FACE_BOUND('',#3822,.T.);
#3822 = EDGE_LOOP('',(#3823,#3824,#3825,#3826));
#3823 = ORIENTED_EDGE('',*,*,#1182,.F.);
#3824 = ORIENTED_EDGE('',*,*,#3810,.T.);
#3825 = ORIENTED_EDGE('',*,*,#980,.F.);
#3826 = ORIENTED_EDGE('',*,*,#3827,.F.);
#3827 = EDGE_CURVE('',#1175,#973,#3828,.T.);
#3828 = LINE('',#3829,#3830);
#3829 = CARTESIAN_POINT('',(30.25,2.35,5.85));
#3830 = VECTOR('',#3831,1.);
#3831 = DIRECTION('',(-1.224646799147E-16,-1.,0.));
#3832 = PLANE('',#3833);
#3833 = AXIS2_PLACEMENT_3D('',#3834,#3835,#3836);
#3834 = CARTESIAN_POINT('',(30.5,2.35,5.6));
#3835 = DIRECTION('',(-0.707106781187,8.659560562349E-17,-0.707106781187
    ));
#3836 = DIRECTION('',(-0.707106781187,8.659560562349E-17,0.707106781187)
  );
#3837 = ADVANCED_FACE('',(#3838),#3849,.T.);
#3838 = FACE_BOUND('',#3839,.T.);
#3839 = EDGE_LOOP('',(#3840,#3841,#3842,#3843));
#3840 = ORIENTED_EDGE('',*,*,#1174,.F.);
#3841 = ORIENTED_EDGE('',*,*,#3827,.T.);
#3842 = ORIENTED_EDGE('',*,*,#972,.F.);
#3843 = ORIENTED_EDGE('',*,*,#3844,.F.);
#3844 = EDGE_CURVE('',#1167,#965,#3845,.T.);
#3845 = LINE('',#3846,#3847);
#3846 = CARTESIAN_POINT('',(30.5,2.35,6.1));
#3847 = VECTOR('',#3848,1.);
#3848 = DIRECTION('',(-1.224646799147E-16,-1.,0.));
#3849 = PLANE('',#3850);
#3850 = AXIS2_PLACEMENT_3D('',#3851,#3852,#3853);
#3851 = CARTESIAN_POINT('',(30.25,2.35,5.85));
#3852 = DIRECTION('',(-0.707106781187,8.659560562349E-17,0.707106781187)
  );
#3853 = DIRECTION('',(0.707106781187,-8.659560562349E-17,0.707106781187)
  );
#3854 = ADVANCED_FACE('',(#3855),#3861,.T.);
#3855 = FACE_BOUND('',#3856,.T.);
#3856 = EDGE_LOOP('',(#3857,#3858,#3859,#3860));
#3857 = ORIENTED_EDGE('',*,*,#1166,.F.);
#3858 = ORIENTED_EDGE('',*,*,#3844,.T.);
#3859 = ORIENTED_EDGE('',*,*,#964,.F.);
#3860 = ORIENTED_EDGE('',*,*,#3123,.F.);
#3861 = PLANE('',#3862);
#3862 = AXIS2_PLACEMENT_3D('',#3863,#3864,#3865);
#3863 = CARTESIAN_POINT('',(30.5,2.35,6.1));
#3864 = DIRECTION('',(-1.,1.224646799147E-16,-1.973729821556E-15));
#3865 = DIRECTION('',(-1.973729821556E-15,2.41712190835E-31,1.));
#3866 = ADVANCED_FACE('',(#3867),#3878,.F.);
#3867 = FACE_BOUND('',#3868,.F.);
#3868 = EDGE_LOOP('',(#3869,#3870,#3871,#3877));
#3869 = ORIENTED_EDGE('',*,*,#1681,.T.);
#3870 = ORIENTED_EDGE('',*,*,#2988,.T.);
#3871 = ORIENTED_EDGE('',*,*,#3872,.F.);
#3872 = EDGE_CURVE('',#3046,#2989,#3873,.T.);
#3873 = LINE('',#3874,#3875);
#3874 = CARTESIAN_POINT('',(30.75,0.5,0.3));
#3875 = VECTOR('',#3876,1.);
#3876 = DIRECTION('',(-1.,1.224646799147E-16,0.));
#3877 = ORIENTED_EDGE('',*,*,#3045,.F.);
#3878 = PLANE('',#3879);
#3879 = AXIS2_PLACEMENT_3D('',#3880,#3881,#3882);
#3880 = CARTESIAN_POINT('',(30.75,2.35,1.));
#3881 = DIRECTION('',(-4.33392824344E-17,-0.353892097416,0.935286257456)
  );
#3882 = DIRECTION('',(-1.14539532148E-16,-0.935286257456,-0.353892097416
    ));
#3883 = ADVANCED_FACE('',(#3884),#3895,.F.);
#3884 = FACE_BOUND('',#3885,.F.);
#3885 = EDGE_LOOP('',(#3886,#3887,#3888,#3894));
#3886 = ORIENTED_EDGE('',*,*,#1649,.T.);
#3887 = ORIENTED_EDGE('',*,*,#2883,.T.);
#3888 = ORIENTED_EDGE('',*,*,#3889,.F.);
#3889 = EDGE_CURVE('',#2941,#2884,#3890,.T.);
#3890 = LINE('',#3891,#3892);
#3891 = CARTESIAN_POINT('',(28.25,0.5,0.3));
#3892 = VECTOR('',#3893,1.);
#3893 = DIRECTION('',(-1.,1.224646799147E-16,0.));
#3894 = ORIENTED_EDGE('',*,*,#2940,.F.);
#3895 = PLANE('',#3896);
#3896 = AXIS2_PLACEMENT_3D('',#3897,#3898,#3899);
#3897 = CARTESIAN_POINT('',(28.25,2.35,1.));
#3898 = DIRECTION('',(-4.33392824344E-17,-0.353892097416,0.935286257456)
  );
#3899 = DIRECTION('',(-1.14539532148E-16,-0.935286257456,-0.353892097416
    ));
#3900 = ADVANCED_FACE('',(#3901),#3912,.F.);
#3901 = FACE_BOUND('',#3902,.F.);
#3902 = EDGE_LOOP('',(#3903,#3904,#3905,#3911));
#3903 = ORIENTED_EDGE('',*,*,#1617,.T.);
#3904 = ORIENTED_EDGE('',*,*,#2778,.T.);
#3905 = ORIENTED_EDGE('',*,*,#3906,.F.);
#3906 = EDGE_CURVE('',#2836,#2779,#3907,.T.);
#3907 = LINE('',#3908,#3909);
#3908 = CARTESIAN_POINT('',(25.75,0.5,0.3));
#3909 = VECTOR('',#3910,1.);
#3910 = DIRECTION('',(-1.,1.224646799147E-16,0.));
#3911 = ORIENTED_EDGE('',*,*,#2835,.F.);
#3912 = PLANE('',#3913);
#3913 = AXIS2_PLACEMENT_3D('',#3914,#3915,#3916);
#3914 = CARTESIAN_POINT('',(25.75,2.35,1.));
#3915 = DIRECTION('',(-4.33392824344E-17,-0.353892097416,0.935286257456)
  );
#3916 = DIRECTION('',(-1.14539532148E-16,-0.935286257456,-0.353892097416
    ));
#3917 = ADVANCED_FACE('',(#3918),#3929,.F.);
#3918 = FACE_BOUND('',#3919,.F.);
#3919 = EDGE_LOOP('',(#3920,#3921,#3922,#3928));
#3920 = ORIENTED_EDGE('',*,*,#1585,.T.);
#3921 = ORIENTED_EDGE('',*,*,#2673,.T.);
#3922 = ORIENTED_EDGE('',*,*,#3923,.F.);
#3923 = EDGE_CURVE('',#2731,#2674,#3924,.T.);
#3924 = LINE('',#3925,#3926);
#3925 = CARTESIAN_POINT('',(23.25,0.5,0.3));
#3926 = VECTOR('',#3927,1.);
#3927 = DIRECTION('',(-1.,1.224646799147E-16,0.));
#3928 = ORIENTED_EDGE('',*,*,#2730,.F.);
#3929 = PLANE('',#3930);
#3930 = AXIS2_PLACEMENT_3D('',#3931,#3932,#3933);
#3931 = CARTESIAN_POINT('',(23.25,2.35,1.));
#3932 = DIRECTION('',(-4.33392824344E-17,-0.353892097416,0.935286257456)
  );
#3933 = DIRECTION('',(-1.14539532148E-16,-0.935286257456,-0.353892097416
    ));
#3934 = ADVANCED_FACE('',(#3935),#3946,.F.);
#3935 = FACE_BOUND('',#3936,.F.);
#3936 = EDGE_LOOP('',(#3937,#3938,#3939,#3945));
#3937 = ORIENTED_EDGE('',*,*,#1553,.T.);
#3938 = ORIENTED_EDGE('',*,*,#2568,.T.);
#3939 = ORIENTED_EDGE('',*,*,#3940,.F.);
#3940 = EDGE_CURVE('',#2626,#2569,#3941,.T.);
#3941 = LINE('',#3942,#3943);
#3942 = CARTESIAN_POINT('',(20.75,0.5,0.3));
#3943 = VECTOR('',#3944,1.);
#3944 = DIRECTION('',(-1.,1.224646799147E-16,0.));
#3945 = ORIENTED_EDGE('',*,*,#2625,.F.);
#3946 = PLANE('',#3947);
#3947 = AXIS2_PLACEMENT_3D('',#3948,#3949,#3950);
#3948 = CARTESIAN_POINT('',(20.75,2.35,1.));
#3949 = DIRECTION('',(-4.33392824344E-17,-0.353892097416,0.935286257456)
  );
#3950 = DIRECTION('',(-1.14539532148E-16,-0.935286257456,-0.353892097416
    ));
#3951 = ADVANCED_FACE('',(#3952),#3963,.F.);
#3952 = FACE_BOUND('',#3953,.F.);
#3953 = EDGE_LOOP('',(#3954,#3955,#3956,#3962));
#3954 = ORIENTED_EDGE('',*,*,#1521,.T.);
#3955 = ORIENTED_EDGE('',*,*,#2463,.T.);
#3956 = ORIENTED_EDGE('',*,*,#3957,.F.);
#3957 = EDGE_CURVE('',#2521,#2464,#3958,.T.);
#3958 = LINE('',#3959,#3960);
#3959 = CARTESIAN_POINT('',(18.25,0.5,0.3));
#3960 = VECTOR('',#3961,1.);
#3961 = DIRECTION('',(-1.,1.224646799147E-16,0.));
#3962 = ORIENTED_EDGE('',*,*,#2520,.F.);
#3963 = PLANE('',#3964);
#3964 = AXIS2_PLACEMENT_3D('',#3965,#3966,#3967);
#3965 = CARTESIAN_POINT('',(18.25,2.35,1.));
#3966 = DIRECTION('',(-4.33392824344E-17,-0.353892097416,0.935286257456)
  );
#3967 = DIRECTION('',(-1.14539532148E-16,-0.935286257456,-0.353892097416
    ));
#3968 = ADVANCED_FACE('',(#3969),#3980,.F.);
#3969 = FACE_BOUND('',#3970,.F.);
#3970 = EDGE_LOOP('',(#3971,#3972,#3973,#3979));
#3971 = ORIENTED_EDGE('',*,*,#1489,.T.);
#3972 = ORIENTED_EDGE('',*,*,#2358,.T.);
#3973 = ORIENTED_EDGE('',*,*,#3974,.F.);
#3974 = EDGE_CURVE('',#2416,#2359,#3975,.T.);
#3975 = LINE('',#3976,#3977);
#3976 = CARTESIAN_POINT('',(15.75,0.5,0.3));
#3977 = VECTOR('',#3978,1.);
#3978 = DIRECTION('',(-1.,1.224646799147E-16,0.));
#3979 = ORIENTED_EDGE('',*,*,#2415,.F.);
#3980 = PLANE('',#3981);
#3981 = AXIS2_PLACEMENT_3D('',#3982,#3983,#3984);
#3982 = CARTESIAN_POINT('',(15.75,2.35,1.));
#3983 = DIRECTION('',(-4.33392824344E-17,-0.353892097416,0.935286257456)
  );
#3984 = DIRECTION('',(-1.14539532148E-16,-0.935286257456,-0.353892097416
    ));
#3985 = ADVANCED_FACE('',(#3986),#3997,.F.);
#3986 = FACE_BOUND('',#3987,.F.);
#3987 = EDGE_LOOP('',(#3988,#3989,#3990,#3996));
#3988 = ORIENTED_EDGE('',*,*,#1457,.T.);
#3989 = ORIENTED_EDGE('',*,*,#2253,.T.);
#3990 = ORIENTED_EDGE('',*,*,#3991,.F.);
#3991 = EDGE_CURVE('',#2311,#2254,#3992,.T.);
#3992 = LINE('',#3993,#3994);
#3993 = CARTESIAN_POINT('',(13.25,0.5,0.3));
#3994 = VECTOR('',#3995,1.);
#3995 = DIRECTION('',(-1.,1.224646799147E-16,0.));
#3996 = ORIENTED_EDGE('',*,*,#2310,.F.);
#3997 = PLANE('',#3998);
#3998 = AXIS2_PLACEMENT_3D('',#3999,#4000,#4001);
#3999 = CARTESIAN_POINT('',(13.25,2.35,1.));
#4000 = DIRECTION('',(-4.33392824344E-17,-0.353892097416,0.935286257456)
  );
#4001 = DIRECTION('',(-1.14539532148E-16,-0.935286257456,-0.353892097416
    ));
#4002 = ADVANCED_FACE('',(#4003),#4014,.F.);
#4003 = FACE_BOUND('',#4004,.F.);
#4004 = EDGE_LOOP('',(#4005,#4006,#4007,#4013));
#4005 = ORIENTED_EDGE('',*,*,#1425,.T.);
#4006 = ORIENTED_EDGE('',*,*,#2148,.T.);
#4007 = ORIENTED_EDGE('',*,*,#4008,.F.);
#4008 = EDGE_CURVE('',#2206,#2149,#4009,.T.);
#4009 = LINE('',#4010,#4011);
#4010 = CARTESIAN_POINT('',(10.75,0.5,0.3));
#4011 = VECTOR('',#4012,1.);
#4012 = DIRECTION('',(-1.,1.224646799147E-16,0.));
#4013 = ORIENTED_EDGE('',*,*,#2205,.F.);
#4014 = PLANE('',#4015);
#4015 = AXIS2_PLACEMENT_3D('',#4016,#4017,#4018);
#4016 = CARTESIAN_POINT('',(10.75,2.35,1.));
#4017 = DIRECTION('',(-4.33392824344E-17,-0.353892097416,0.935286257456)
  );
#4018 = DIRECTION('',(-1.14539532148E-16,-0.935286257456,-0.353892097416
    ));
#4019 = ADVANCED_FACE('',(#4020),#4031,.F.);
#4020 = FACE_BOUND('',#4021,.F.);
#4021 = EDGE_LOOP('',(#4022,#4023,#4024,#4030));
#4022 = ORIENTED_EDGE('',*,*,#1393,.T.);
#4023 = ORIENTED_EDGE('',*,*,#2043,.T.);
#4024 = ORIENTED_EDGE('',*,*,#4025,.F.);
#4025 = EDGE_CURVE('',#2101,#2044,#4026,.T.);
#4026 = LINE('',#4027,#4028);
#4027 = CARTESIAN_POINT('',(8.25,0.5,0.3));
#4028 = VECTOR('',#4029,1.);
#4029 = DIRECTION('',(-1.,1.224646799147E-16,0.));
#4030 = ORIENTED_EDGE('',*,*,#2100,.F.);
#4031 = PLANE('',#4032);
#4032 = AXIS2_PLACEMENT_3D('',#4033,#4034,#4035);
#4033 = CARTESIAN_POINT('',(8.25,2.35,1.));
#4034 = DIRECTION('',(-4.33392824344E-17,-0.353892097416,0.935286257456)
  );
#4035 = DIRECTION('',(-1.14539532148E-16,-0.935286257456,-0.353892097416
    ));
#4036 = ADVANCED_FACE('',(#4037),#4048,.F.);
#4037 = FACE_BOUND('',#4038,.F.);
#4038 = EDGE_LOOP('',(#4039,#4040,#4041,#4047));
#4039 = ORIENTED_EDGE('',*,*,#1361,.T.);
#4040 = ORIENTED_EDGE('',*,*,#1938,.T.);
#4041 = ORIENTED_EDGE('',*,*,#4042,.F.);
#4042 = EDGE_CURVE('',#1996,#1939,#4043,.T.);
#4043 = LINE('',#4044,#4045);
#4044 = CARTESIAN_POINT('',(5.75,0.5,0.3));
#4045 = VECTOR('',#4046,1.);
#4046 = DIRECTION('',(-1.,1.224646799147E-16,0.));
#4047 = ORIENTED_EDGE('',*,*,#1995,.F.);
#4048 = PLANE('',#4049);
#4049 = AXIS2_PLACEMENT_3D('',#4050,#4051,#4052);
#4050 = CARTESIAN_POINT('',(5.75,2.35,1.));
#4051 = DIRECTION('',(-4.33392824344E-17,-0.353892097416,0.935286257456)
  );
#4052 = DIRECTION('',(-1.14539532148E-16,-0.935286257456,-0.353892097416
    ));
#4053 = ADVANCED_FACE('',(#4054),#4065,.F.);
#4054 = FACE_BOUND('',#4055,.F.);
#4055 = EDGE_LOOP('',(#4056,#4057,#4058,#4064));
#4056 = ORIENTED_EDGE('',*,*,#1329,.T.);
#4057 = ORIENTED_EDGE('',*,*,#1833,.T.);
#4058 = ORIENTED_EDGE('',*,*,#4059,.F.);
#4059 = EDGE_CURVE('',#1891,#1834,#4060,.T.);
#4060 = LINE('',#4061,#4062);
#4061 = CARTESIAN_POINT('',(3.25,0.5,0.3));
#4062 = VECTOR('',#4063,1.);
#4063 = DIRECTION('',(-1.,1.224646799147E-16,0.));
#4064 = ORIENTED_EDGE('',*,*,#1890,.F.);
#4065 = PLANE('',#4066);
#4066 = AXIS2_PLACEMENT_3D('',#4067,#4068,#4069);
#4067 = CARTESIAN_POINT('',(3.25,2.35,1.));
#4068 = DIRECTION('',(-4.33392824344E-17,-0.353892097416,0.935286257456)
  );
#4069 = DIRECTION('',(-1.14539532148E-16,-0.935286257456,-0.353892097416
    ));
#4070 = ADVANCED_FACE('',(#4071),#4082,.F.);
#4071 = FACE_BOUND('',#4072,.F.);
#4072 = EDGE_LOOP('',(#4073,#4074,#4075,#4081));
#4073 = ORIENTED_EDGE('',*,*,#1297,.T.);
#4074 = ORIENTED_EDGE('',*,*,#1728,.T.);
#4075 = ORIENTED_EDGE('',*,*,#4076,.F.);
#4076 = EDGE_CURVE('',#1786,#1729,#4077,.T.);
#4077 = LINE('',#4078,#4079);
#4078 = CARTESIAN_POINT('',(0.75,0.5,0.3));
#4079 = VECTOR('',#4080,1.);
#4080 = DIRECTION('',(-1.,1.224646799147E-16,0.));
#4081 = ORIENTED_EDGE('',*,*,#1785,.F.);
#4082 = PLANE('',#4083);
#4083 = AXIS2_PLACEMENT_3D('',#4084,#4085,#4086);
#4084 = CARTESIAN_POINT('',(0.75,2.35,1.));
#4085 = DIRECTION('',(-4.33392824344E-17,-0.353892097416,0.935286257456)
  );
#4086 = DIRECTION('',(-1.14539532148E-16,-0.935286257456,-0.353892097416
    ));
#4087 = ADVANCED_FACE('',(#4088,#4094),#4128,.F.);
#4088 = FACE_BOUND('',#4089,.F.);
#4089 = EDGE_LOOP('',(#4090,#4091,#4092,#4093));
#4090 = ORIENTED_EDGE('',*,*,#4076,.T.);
#4091 = ORIENTED_EDGE('',*,*,#1736,.T.);
#4092 = ORIENTED_EDGE('',*,*,#1760,.F.);
#4093 = ORIENTED_EDGE('',*,*,#1793,.F.);
#4094 = FACE_BOUND('',#4095,.F.);
#4095 = EDGE_LOOP('',(#4096,#4106,#4114,#4122));
#4096 = ORIENTED_EDGE('',*,*,#4097,.F.);
#4097 = EDGE_CURVE('',#4098,#4100,#4102,.T.);
#4098 = VERTEX_POINT('',#4099);
#4099 = CARTESIAN_POINT('',(-0.32,0.32,0.3));
#4100 = VERTEX_POINT('',#4101);
#4101 = CARTESIAN_POINT('',(-0.32,-0.32,0.3));
#4102 = LINE('',#4103,#4104);
#4103 = CARTESIAN_POINT('',(-0.32,0.26829700442,0.3));
#4104 = VECTOR('',#4105,1.);
#4105 = DIRECTION('',(-1.224646799147E-16,-1.,0.));
#4106 = ORIENTED_EDGE('',*,*,#4107,.T.);
#4107 = EDGE_CURVE('',#4098,#4108,#4110,.T.);
#4108 = VERTEX_POINT('',#4109);
#4109 = CARTESIAN_POINT('',(0.32,0.32,0.3));
#4110 = LINE('',#4111,#4112);
#4111 = CARTESIAN_POINT('',(0.535,0.32,0.3));
#4112 = VECTOR('',#4113,1.);
#4113 = DIRECTION('',(1.,-1.224646799147E-16,0.));
#4114 = ORIENTED_EDGE('',*,*,#4115,.T.);
#4115 = EDGE_CURVE('',#4108,#4116,#4118,.T.);
#4116 = VERTEX_POINT('',#4117);
#4117 = CARTESIAN_POINT('',(0.32,-0.32,0.3));
#4118 = LINE('',#4119,#4120);
#4119 = CARTESIAN_POINT('',(0.32,0.26829700442,0.3));
#4120 = VECTOR('',#4121,1.);
#4121 = DIRECTION('',(-1.224646799147E-16,-1.,0.));
#4122 = ORIENTED_EDGE('',*,*,#4123,.T.);
#4123 = EDGE_CURVE('',#4116,#4100,#4124,.T.);
#4124 = LINE('',#4125,#4126);
#4125 = CARTESIAN_POINT('',(0.535,-0.32,0.3));
#4126 = VECTOR('',#4127,1.);
#4127 = DIRECTION('',(-1.,1.224646799147E-16,0.));
#4128 = PLANE('',#4129);
#4129 = AXIS2_PLACEMENT_3D('',#4130,#4131,#4132);
#4130 = CARTESIAN_POINT('',(0.75,0.5,0.3));
#4131 = DIRECTION('',(0.,0.,1.));
#4132 = DIRECTION('',(-1.224646799147E-16,-1.,0.));
#4133 = ADVANCED_FACE('',(#4134,#4140),#4174,.F.);
#4134 = FACE_BOUND('',#4135,.F.);
#4135 = EDGE_LOOP('',(#4136,#4137,#4138,#4139));
#4136 = ORIENTED_EDGE('',*,*,#4059,.T.);
#4137 = ORIENTED_EDGE('',*,*,#1841,.T.);
#4138 = ORIENTED_EDGE('',*,*,#1865,.F.);
#4139 = ORIENTED_EDGE('',*,*,#1898,.F.);
#4140 = FACE_BOUND('',#4141,.F.);
#4141 = EDGE_LOOP('',(#4142,#4152,#4160,#4168));
#4142 = ORIENTED_EDGE('',*,*,#4143,.F.);
#4143 = EDGE_CURVE('',#4144,#4146,#4148,.T.);
#4144 = VERTEX_POINT('',#4145);
#4145 = CARTESIAN_POINT('',(2.18,0.32,0.3));
#4146 = VERTEX_POINT('',#4147);
#4147 = CARTESIAN_POINT('',(2.18,-0.32,0.3));
#4148 = LINE('',#4149,#4150);
#4149 = CARTESIAN_POINT('',(2.18,0.25,0.3));
#4150 = VECTOR('',#4151,1.);
#4151 = DIRECTION('',(-1.224646799147E-16,-1.,0.));
#4152 = ORIENTED_EDGE('',*,*,#4153,.T.);
#4153 = EDGE_CURVE('',#4144,#4154,#4156,.T.);
#4154 = VERTEX_POINT('',#4155);
#4155 = CARTESIAN_POINT('',(2.82,0.32,0.3));
#4156 = LINE('',#4157,#4158);
#4157 = CARTESIAN_POINT('',(3.035,0.32,0.3));
#4158 = VECTOR('',#4159,1.);
#4159 = DIRECTION('',(1.,-1.224646799147E-16,0.));
#4160 = ORIENTED_EDGE('',*,*,#4161,.T.);
#4161 = EDGE_CURVE('',#4154,#4162,#4164,.T.);
#4162 = VERTEX_POINT('',#4163);
#4163 = CARTESIAN_POINT('',(2.82,-0.32,0.3));
#4164 = LINE('',#4165,#4166);
#4165 = CARTESIAN_POINT('',(2.82,0.25,0.3));
#4166 = VECTOR('',#4167,1.);
#4167 = DIRECTION('',(-1.224646799147E-16,-1.,0.));
#4168 = ORIENTED_EDGE('',*,*,#4169,.T.);
#4169 = EDGE_CURVE('',#4162,#4146,#4170,.T.);
#4170 = LINE('',#4171,#4172);
#4171 = CARTESIAN_POINT('',(3.035,-0.32,0.3));
#4172 = VECTOR('',#4173,1.);
#4173 = DIRECTION('',(-1.,1.224646799147E-16,0.));
#4174 = PLANE('',#4175);
#4175 = AXIS2_PLACEMENT_3D('',#4176,#4177,#4178);
#4176 = CARTESIAN_POINT('',(3.25,0.5,0.3));
#4177 = DIRECTION('',(0.,0.,1.));
#4178 = DIRECTION('',(-1.224646799147E-16,-1.,0.));
#4179 = ADVANCED_FACE('',(#4180,#4186),#4220,.F.);
#4180 = FACE_BOUND('',#4181,.F.);
#4181 = EDGE_LOOP('',(#4182,#4183,#4184,#4185));
#4182 = ORIENTED_EDGE('',*,*,#4042,.T.);
#4183 = ORIENTED_EDGE('',*,*,#1946,.T.);
#4184 = ORIENTED_EDGE('',*,*,#1970,.F.);
#4185 = ORIENTED_EDGE('',*,*,#2003,.F.);
#4186 = FACE_BOUND('',#4187,.F.);
#4187 = EDGE_LOOP('',(#4188,#4198,#4206,#4214));
#4188 = ORIENTED_EDGE('',*,*,#4189,.T.);
#4189 = EDGE_CURVE('',#4190,#4192,#4194,.T.);
#4190 = VERTEX_POINT('',#4191);
#4191 = CARTESIAN_POINT('',(5.32,0.32,0.3));
#4192 = VERTEX_POINT('',#4193);
#4193 = CARTESIAN_POINT('',(5.32,-0.32,0.3));
#4194 = LINE('',#4195,#4196);
#4195 = CARTESIAN_POINT('',(5.32,0.25,0.3));
#4196 = VECTOR('',#4197,1.);
#4197 = DIRECTION('',(-1.224646799147E-16,-1.,0.));
#4198 = ORIENTED_EDGE('',*,*,#4199,.T.);
#4199 = EDGE_CURVE('',#4192,#4200,#4202,.T.);
#4200 = VERTEX_POINT('',#4201);
#4201 = CARTESIAN_POINT('',(4.68,-0.32,0.3));
#4202 = LINE('',#4203,#4204);
#4203 = CARTESIAN_POINT('',(5.535,-0.32,0.3));
#4204 = VECTOR('',#4205,1.);
#4205 = DIRECTION('',(-1.,1.224646799147E-16,0.));
#4206 = ORIENTED_EDGE('',*,*,#4207,.F.);
#4207 = EDGE_CURVE('',#4208,#4200,#4210,.T.);
#4208 = VERTEX_POINT('',#4209);
#4209 = CARTESIAN_POINT('',(4.68,0.32,0.3));
#4210 = LINE('',#4211,#4212);
#4211 = CARTESIAN_POINT('',(4.68,0.25,0.3));
#4212 = VECTOR('',#4213,1.);
#4213 = DIRECTION('',(-1.224646799147E-16,-1.,0.));
#4214 = ORIENTED_EDGE('',*,*,#4215,.T.);
#4215 = EDGE_CURVE('',#4208,#4190,#4216,.T.);
#4216 = LINE('',#4217,#4218);
#4217 = CARTESIAN_POINT('',(5.535,0.32,0.3));
#4218 = VECTOR('',#4219,1.);
#4219 = DIRECTION('',(1.,-1.224646799147E-16,0.));
#4220 = PLANE('',#4221);
#4221 = AXIS2_PLACEMENT_3D('',#4222,#4223,#4224);
#4222 = CARTESIAN_POINT('',(5.75,0.5,0.3));
#4223 = DIRECTION('',(0.,0.,1.));
#4224 = DIRECTION('',(-1.224646799147E-16,-1.,0.));
#4225 = ADVANCED_FACE('',(#4226,#4232),#4266,.F.);
#4226 = FACE_BOUND('',#4227,.F.);
#4227 = EDGE_LOOP('',(#4228,#4229,#4230,#4231));
#4228 = ORIENTED_EDGE('',*,*,#4025,.T.);
#4229 = ORIENTED_EDGE('',*,*,#2051,.T.);
#4230 = ORIENTED_EDGE('',*,*,#2075,.F.);
#4231 = ORIENTED_EDGE('',*,*,#2108,.F.);
#4232 = FACE_BOUND('',#4233,.F.);
#4233 = EDGE_LOOP('',(#4234,#4244,#4252,#4260));
#4234 = ORIENTED_EDGE('',*,*,#4235,.T.);
#4235 = EDGE_CURVE('',#4236,#4238,#4240,.T.);
#4236 = VERTEX_POINT('',#4237);
#4237 = CARTESIAN_POINT('',(7.82,0.32,0.3));
#4238 = VERTEX_POINT('',#4239);
#4239 = CARTESIAN_POINT('',(7.82,-0.32,0.3));
#4240 = LINE('',#4241,#4242);
#4241 = CARTESIAN_POINT('',(7.82,0.25,0.3));
#4242 = VECTOR('',#4243,1.);
#4243 = DIRECTION('',(-1.224646799147E-16,-1.,0.));
#4244 = ORIENTED_EDGE('',*,*,#4245,.T.);
#4245 = EDGE_CURVE('',#4238,#4246,#4248,.T.);
#4246 = VERTEX_POINT('',#4247);
#4247 = CARTESIAN_POINT('',(7.18,-0.32,0.3));
#4248 = LINE('',#4249,#4250);
#4249 = CARTESIAN_POINT('',(8.035,-0.32,0.3));
#4250 = VECTOR('',#4251,1.);
#4251 = DIRECTION('',(-1.,1.224646799147E-16,0.));
#4252 = ORIENTED_EDGE('',*,*,#4253,.F.);
#4253 = EDGE_CURVE('',#4254,#4246,#4256,.T.);
#4254 = VERTEX_POINT('',#4255);
#4255 = CARTESIAN_POINT('',(7.18,0.32,0.3));
#4256 = LINE('',#4257,#4258);
#4257 = CARTESIAN_POINT('',(7.18,0.25,0.3));
#4258 = VECTOR('',#4259,1.);
#4259 = DIRECTION('',(-1.224646799147E-16,-1.,0.));
#4260 = ORIENTED_EDGE('',*,*,#4261,.T.);
#4261 = EDGE_CURVE('',#4254,#4236,#4262,.T.);
#4262 = LINE('',#4263,#4264);
#4263 = CARTESIAN_POINT('',(8.035,0.32,0.3));
#4264 = VECTOR('',#4265,1.);
#4265 = DIRECTION('',(1.,-1.224646799147E-16,0.));
#4266 = PLANE('',#4267);
#4267 = AXIS2_PLACEMENT_3D('',#4268,#4269,#4270);
#4268 = CARTESIAN_POINT('',(8.25,0.5,0.3));
#4269 = DIRECTION('',(0.,0.,1.));
#4270 = DIRECTION('',(-1.224646799147E-16,-1.,0.));
#4271 = ADVANCED_FACE('',(#4272,#4278),#4312,.F.);
#4272 = FACE_BOUND('',#4273,.F.);
#4273 = EDGE_LOOP('',(#4274,#4275,#4276,#4277));
#4274 = ORIENTED_EDGE('',*,*,#4008,.T.);
#4275 = ORIENTED_EDGE('',*,*,#2156,.T.);
#4276 = ORIENTED_EDGE('',*,*,#2180,.F.);
#4277 = ORIENTED_EDGE('',*,*,#2213,.F.);
#4278 = FACE_BOUND('',#4279,.F.);
#4279 = EDGE_LOOP('',(#4280,#4290,#4298,#4306));
#4280 = ORIENTED_EDGE('',*,*,#4281,.F.);
#4281 = EDGE_CURVE('',#4282,#4284,#4286,.T.);
#4282 = VERTEX_POINT('',#4283);
#4283 = CARTESIAN_POINT('',(9.68,0.32,0.3));
#4284 = VERTEX_POINT('',#4285);
#4285 = CARTESIAN_POINT('',(9.68,-0.32,0.3));
#4286 = LINE('',#4287,#4288);
#4287 = CARTESIAN_POINT('',(9.68,0.25,0.3));
#4288 = VECTOR('',#4289,1.);
#4289 = DIRECTION('',(-1.224646799147E-16,-1.,0.));
#4290 = ORIENTED_EDGE('',*,*,#4291,.T.);
#4291 = EDGE_CURVE('',#4282,#4292,#4294,.T.);
#4292 = VERTEX_POINT('',#4293);
#4293 = CARTESIAN_POINT('',(10.32,0.32,0.3));
#4294 = LINE('',#4295,#4296);
#4295 = CARTESIAN_POINT('',(10.535,0.32,0.3));
#4296 = VECTOR('',#4297,1.);
#4297 = DIRECTION('',(1.,-1.224646799147E-16,0.));
#4298 = ORIENTED_EDGE('',*,*,#4299,.T.);
#4299 = EDGE_CURVE('',#4292,#4300,#4302,.T.);
#4300 = VERTEX_POINT('',#4301);
#4301 = CARTESIAN_POINT('',(10.32,-0.32,0.3));
#4302 = LINE('',#4303,#4304);
#4303 = CARTESIAN_POINT('',(10.32,0.25,0.3));
#4304 = VECTOR('',#4305,1.);
#4305 = DIRECTION('',(-1.224646799147E-16,-1.,0.));
#4306 = ORIENTED_EDGE('',*,*,#4307,.T.);
#4307 = EDGE_CURVE('',#4300,#4284,#4308,.T.);
#4308 = LINE('',#4309,#4310);
#4309 = CARTESIAN_POINT('',(10.535,-0.32,0.3));
#4310 = VECTOR('',#4311,1.);
#4311 = DIRECTION('',(-1.,1.224646799147E-16,0.));
#4312 = PLANE('',#4313);
#4313 = AXIS2_PLACEMENT_3D('',#4314,#4315,#4316);
#4314 = CARTESIAN_POINT('',(10.75,0.5,0.3));
#4315 = DIRECTION('',(0.,0.,1.));
#4316 = DIRECTION('',(-1.224646799147E-16,-1.,0.));
#4317 = ADVANCED_FACE('',(#4318,#4324),#4358,.F.);
#4318 = FACE_BOUND('',#4319,.F.);
#4319 = EDGE_LOOP('',(#4320,#4321,#4322,#4323));
#4320 = ORIENTED_EDGE('',*,*,#3991,.T.);
#4321 = ORIENTED_EDGE('',*,*,#2261,.T.);
#4322 = ORIENTED_EDGE('',*,*,#2285,.F.);
#4323 = ORIENTED_EDGE('',*,*,#2318,.F.);
#4324 = FACE_BOUND('',#4325,.F.);
#4325 = EDGE_LOOP('',(#4326,#4336,#4344,#4352));
#4326 = ORIENTED_EDGE('',*,*,#4327,.F.);
#4327 = EDGE_CURVE('',#4328,#4330,#4332,.T.);
#4328 = VERTEX_POINT('',#4329);
#4329 = CARTESIAN_POINT('',(12.18,0.32,0.3));
#4330 = VERTEX_POINT('',#4331);
#4331 = CARTESIAN_POINT('',(12.18,-0.32,0.3));
#4332 = LINE('',#4333,#4334);
#4333 = CARTESIAN_POINT('',(12.18,0.25,0.3));
#4334 = VECTOR('',#4335,1.);
#4335 = DIRECTION('',(-1.224646799147E-16,-1.,0.));
#4336 = ORIENTED_EDGE('',*,*,#4337,.T.);
#4337 = EDGE_CURVE('',#4328,#4338,#4340,.T.);
#4338 = VERTEX_POINT('',#4339);
#4339 = CARTESIAN_POINT('',(12.82,0.32,0.3));
#4340 = LINE('',#4341,#4342);
#4341 = CARTESIAN_POINT('',(13.035,0.32,0.3));
#4342 = VECTOR('',#4343,1.);
#4343 = DIRECTION('',(1.,-1.224646799147E-16,0.));
#4344 = ORIENTED_EDGE('',*,*,#4345,.T.);
#4345 = EDGE_CURVE('',#4338,#4346,#4348,.T.);
#4346 = VERTEX_POINT('',#4347);
#4347 = CARTESIAN_POINT('',(12.82,-0.32,0.3));
#4348 = LINE('',#4349,#4350);
#4349 = CARTESIAN_POINT('',(12.82,0.25,0.3));
#4350 = VECTOR('',#4351,1.);
#4351 = DIRECTION('',(-1.224646799147E-16,-1.,0.));
#4352 = ORIENTED_EDGE('',*,*,#4353,.T.);
#4353 = EDGE_CURVE('',#4346,#4330,#4354,.T.);
#4354 = LINE('',#4355,#4356);
#4355 = CARTESIAN_POINT('',(13.035,-0.32,0.3));
#4356 = VECTOR('',#4357,1.);
#4357 = DIRECTION('',(-1.,1.224646799147E-16,0.));
#4358 = PLANE('',#4359);
#4359 = AXIS2_PLACEMENT_3D('',#4360,#4361,#4362);
#4360 = CARTESIAN_POINT('',(13.25,0.5,0.3));
#4361 = DIRECTION('',(0.,0.,1.));
#4362 = DIRECTION('',(-1.224646799147E-16,-1.,0.));
#4363 = ADVANCED_FACE('',(#4364,#4370),#4404,.F.);
#4364 = FACE_BOUND('',#4365,.F.);
#4365 = EDGE_LOOP('',(#4366,#4367,#4368,#4369));
#4366 = ORIENTED_EDGE('',*,*,#3974,.T.);
#4367 = ORIENTED_EDGE('',*,*,#2366,.T.);
#4368 = ORIENTED_EDGE('',*,*,#2390,.F.);
#4369 = ORIENTED_EDGE('',*,*,#2423,.F.);
#4370 = FACE_BOUND('',#4371,.F.);
#4371 = EDGE_LOOP('',(#4372,#4382,#4390,#4398));
#4372 = ORIENTED_EDGE('',*,*,#4373,.F.);
#4373 = EDGE_CURVE('',#4374,#4376,#4378,.T.);
#4374 = VERTEX_POINT('',#4375);
#4375 = CARTESIAN_POINT('',(14.68,0.32,0.3));
#4376 = VERTEX_POINT('',#4377);
#4377 = CARTESIAN_POINT('',(14.68,-0.32,0.3));
#4378 = LINE('',#4379,#4380);
#4379 = CARTESIAN_POINT('',(14.68,0.25,0.3));
#4380 = VECTOR('',#4381,1.);
#4381 = DIRECTION('',(-1.224646799147E-16,-1.,0.));
#4382 = ORIENTED_EDGE('',*,*,#4383,.T.);
#4383 = EDGE_CURVE('',#4374,#4384,#4386,.T.);
#4384 = VERTEX_POINT('',#4385);
#4385 = CARTESIAN_POINT('',(15.32,0.32,0.3));
#4386 = LINE('',#4387,#4388);
#4387 = CARTESIAN_POINT('',(15.535,0.32,0.3));
#4388 = VECTOR('',#4389,1.);
#4389 = DIRECTION('',(1.,-1.224646799147E-16,0.));
#4390 = ORIENTED_EDGE('',*,*,#4391,.T.);
#4391 = EDGE_CURVE('',#4384,#4392,#4394,.T.);
#4392 = VERTEX_POINT('',#4393);
#4393 = CARTESIAN_POINT('',(15.32,-0.32,0.3));
#4394 = LINE('',#4395,#4396);
#4395 = CARTESIAN_POINT('',(15.32,0.25,0.3));
#4396 = VECTOR('',#4397,1.);
#4397 = DIRECTION('',(-1.224646799147E-16,-1.,0.));
#4398 = ORIENTED_EDGE('',*,*,#4399,.T.);
#4399 = EDGE_CURVE('',#4392,#4376,#4400,.T.);
#4400 = LINE('',#4401,#4402);
#4401 = CARTESIAN_POINT('',(15.535,-0.32,0.3));
#4402 = VECTOR('',#4403,1.);
#4403 = DIRECTION('',(-1.,1.224646799147E-16,0.));
#4404 = PLANE('',#4405);
#4405 = AXIS2_PLACEMENT_3D('',#4406,#4407,#4408);
#4406 = CARTESIAN_POINT('',(15.75,0.5,0.3));
#4407 = DIRECTION('',(0.,0.,1.));
#4408 = DIRECTION('',(-1.224646799147E-16,-1.,0.));
#4409 = ADVANCED_FACE('',(#4410,#4416),#4450,.F.);
#4410 = FACE_BOUND('',#4411,.F.);
#4411 = EDGE_LOOP('',(#4412,#4413,#4414,#4415));
#4412 = ORIENTED_EDGE('',*,*,#3957,.T.);
#4413 = ORIENTED_EDGE('',*,*,#2471,.T.);
#4414 = ORIENTED_EDGE('',*,*,#2495,.F.);
#4415 = ORIENTED_EDGE('',*,*,#2528,.F.);
#4416 = FACE_BOUND('',#4417,.F.);
#4417 = EDGE_LOOP('',(#4418,#4428,#4436,#4444));
#4418 = ORIENTED_EDGE('',*,*,#4419,.T.);
#4419 = EDGE_CURVE('',#4420,#4422,#4424,.T.);
#4420 = VERTEX_POINT('',#4421);
#4421 = CARTESIAN_POINT('',(17.82,0.32,0.3));
#4422 = VERTEX_POINT('',#4423);
#4423 = CARTESIAN_POINT('',(17.82,-0.32,0.3));
#4424 = LINE('',#4425,#4426);
#4425 = CARTESIAN_POINT('',(17.82,0.25,0.3));
#4426 = VECTOR('',#4427,1.);
#4427 = DIRECTION('',(-1.224646799147E-16,-1.,0.));
#4428 = ORIENTED_EDGE('',*,*,#4429,.T.);
#4429 = EDGE_CURVE('',#4422,#4430,#4432,.T.);
#4430 = VERTEX_POINT('',#4431);
#4431 = CARTESIAN_POINT('',(17.18,-0.32,0.3));
#4432 = LINE('',#4433,#4434);
#4433 = CARTESIAN_POINT('',(18.035,-0.32,0.3));
#4434 = VECTOR('',#4435,1.);
#4435 = DIRECTION('',(-1.,1.224646799147E-16,0.));
#4436 = ORIENTED_EDGE('',*,*,#4437,.F.);
#4437 = EDGE_CURVE('',#4438,#4430,#4440,.T.);
#4438 = VERTEX_POINT('',#4439);
#4439 = CARTESIAN_POINT('',(17.18,0.32,0.3));
#4440 = LINE('',#4441,#4442);
#4441 = CARTESIAN_POINT('',(17.18,0.25,0.3));
#4442 = VECTOR('',#4443,1.);
#4443 = DIRECTION('',(-1.224646799147E-16,-1.,0.));
#4444 = ORIENTED_EDGE('',*,*,#4445,.T.);
#4445 = EDGE_CURVE('',#4438,#4420,#4446,.T.);
#4446 = LINE('',#4447,#4448);
#4447 = CARTESIAN_POINT('',(18.035,0.32,0.3));
#4448 = VECTOR('',#4449,1.);
#4449 = DIRECTION('',(1.,-1.224646799147E-16,0.));
#4450 = PLANE('',#4451);
#4451 = AXIS2_PLACEMENT_3D('',#4452,#4453,#4454);
#4452 = CARTESIAN_POINT('',(18.25,0.5,0.3));
#4453 = DIRECTION('',(0.,0.,1.));
#4454 = DIRECTION('',(-1.224646799147E-16,-1.,0.));
#4455 = ADVANCED_FACE('',(#4456,#4462),#4496,.F.);
#4456 = FACE_BOUND('',#4457,.F.);
#4457 = EDGE_LOOP('',(#4458,#4459,#4460,#4461));
#4458 = ORIENTED_EDGE('',*,*,#3940,.T.);
#4459 = ORIENTED_EDGE('',*,*,#2576,.T.);
#4460 = ORIENTED_EDGE('',*,*,#2600,.F.);
#4461 = ORIENTED_EDGE('',*,*,#2633,.F.);
#4462 = FACE_BOUND('',#4463,.F.);
#4463 = EDGE_LOOP('',(#4464,#4474,#4482,#4490));
#4464 = ORIENTED_EDGE('',*,*,#4465,.F.);
#4465 = EDGE_CURVE('',#4466,#4468,#4470,.T.);
#4466 = VERTEX_POINT('',#4467);
#4467 = CARTESIAN_POINT('',(19.68,0.32,0.3));
#4468 = VERTEX_POINT('',#4469);
#4469 = CARTESIAN_POINT('',(19.68,-0.32,0.3));
#4470 = LINE('',#4471,#4472);
#4471 = CARTESIAN_POINT('',(19.68,0.25,0.3));
#4472 = VECTOR('',#4473,1.);
#4473 = DIRECTION('',(-1.224646799147E-16,-1.,0.));
#4474 = ORIENTED_EDGE('',*,*,#4475,.T.);
#4475 = EDGE_CURVE('',#4466,#4476,#4478,.T.);
#4476 = VERTEX_POINT('',#4477);
#4477 = CARTESIAN_POINT('',(20.32,0.32,0.3));
#4478 = LINE('',#4479,#4480);
#4479 = CARTESIAN_POINT('',(20.535,0.32,0.3));
#4480 = VECTOR('',#4481,1.);
#4481 = DIRECTION('',(1.,-1.224646799147E-16,0.));
#4482 = ORIENTED_EDGE('',*,*,#4483,.T.);
#4483 = EDGE_CURVE('',#4476,#4484,#4486,.T.);
#4484 = VERTEX_POINT('',#4485);
#4485 = CARTESIAN_POINT('',(20.32,-0.32,0.3));
#4486 = LINE('',#4487,#4488);
#4487 = CARTESIAN_POINT('',(20.32,0.25,0.3));
#4488 = VECTOR('',#4489,1.);
#4489 = DIRECTION('',(-1.224646799147E-16,-1.,0.));
#4490 = ORIENTED_EDGE('',*,*,#4491,.T.);
#4491 = EDGE_CURVE('',#4484,#4468,#4492,.T.);
#4492 = LINE('',#4493,#4494);
#4493 = CARTESIAN_POINT('',(20.535,-0.32,0.3));
#4494 = VECTOR('',#4495,1.);
#4495 = DIRECTION('',(-1.,1.224646799147E-16,0.));
#4496 = PLANE('',#4497);
#4497 = AXIS2_PLACEMENT_3D('',#4498,#4499,#4500);
#4498 = CARTESIAN_POINT('',(20.75,0.5,0.3));
#4499 = DIRECTION('',(0.,0.,1.));
#4500 = DIRECTION('',(-1.224646799147E-16,-1.,0.));
#4501 = ADVANCED_FACE('',(#4502,#4508),#4542,.F.);
#4502 = FACE_BOUND('',#4503,.F.);
#4503 = EDGE_LOOP('',(#4504,#4505,#4506,#4507));
#4504 = ORIENTED_EDGE('',*,*,#3923,.T.);
#4505 = ORIENTED_EDGE('',*,*,#2681,.T.);
#4506 = ORIENTED_EDGE('',*,*,#2705,.F.);
#4507 = ORIENTED_EDGE('',*,*,#2738,.F.);
#4508 = FACE_BOUND('',#4509,.F.);
#4509 = EDGE_LOOP('',(#4510,#4520,#4528,#4536));
#4510 = ORIENTED_EDGE('',*,*,#4511,.T.);
#4511 = EDGE_CURVE('',#4512,#4514,#4516,.T.);
#4512 = VERTEX_POINT('',#4513);
#4513 = CARTESIAN_POINT('',(22.82,0.32,0.3));
#4514 = VERTEX_POINT('',#4515);
#4515 = CARTESIAN_POINT('',(22.82,-0.32,0.3));
#4516 = LINE('',#4517,#4518);
#4517 = CARTESIAN_POINT('',(22.82,0.25,0.3));
#4518 = VECTOR('',#4519,1.);
#4519 = DIRECTION('',(-1.224646799147E-16,-1.,0.));
#4520 = ORIENTED_EDGE('',*,*,#4521,.T.);
#4521 = EDGE_CURVE('',#4514,#4522,#4524,.T.);
#4522 = VERTEX_POINT('',#4523);
#4523 = CARTESIAN_POINT('',(22.18,-0.32,0.3));
#4524 = LINE('',#4525,#4526);
#4525 = CARTESIAN_POINT('',(23.035,-0.32,0.3));
#4526 = VECTOR('',#4527,1.);
#4527 = DIRECTION('',(-1.,1.224646799147E-16,0.));
#4528 = ORIENTED_EDGE('',*,*,#4529,.F.);
#4529 = EDGE_CURVE('',#4530,#4522,#4532,.T.);
#4530 = VERTEX_POINT('',#4531);
#4531 = CARTESIAN_POINT('',(22.18,0.32,0.3));
#4532 = LINE('',#4533,#4534);
#4533 = CARTESIAN_POINT('',(22.18,0.25,0.3));
#4534 = VECTOR('',#4535,1.);
#4535 = DIRECTION('',(-1.224646799147E-16,-1.,0.));
#4536 = ORIENTED_EDGE('',*,*,#4537,.T.);
#4537 = EDGE_CURVE('',#4530,#4512,#4538,.T.);
#4538 = LINE('',#4539,#4540);
#4539 = CARTESIAN_POINT('',(23.035,0.32,0.3));
#4540 = VECTOR('',#4541,1.);
#4541 = DIRECTION('',(1.,-1.224646799147E-16,0.));
#4542 = PLANE('',#4543);
#4543 = AXIS2_PLACEMENT_3D('',#4544,#4545,#4546);
#4544 = CARTESIAN_POINT('',(23.25,0.5,0.3));
#4545 = DIRECTION('',(0.,0.,1.));
#4546 = DIRECTION('',(-1.224646799147E-16,-1.,0.));
#4547 = ADVANCED_FACE('',(#4548,#4554),#4588,.F.);
#4548 = FACE_BOUND('',#4549,.F.);
#4549 = EDGE_LOOP('',(#4550,#4551,#4552,#4553));
#4550 = ORIENTED_EDGE('',*,*,#3906,.T.);
#4551 = ORIENTED_EDGE('',*,*,#2786,.T.);
#4552 = ORIENTED_EDGE('',*,*,#2810,.F.);
#4553 = ORIENTED_EDGE('',*,*,#2843,.F.);
#4554 = FACE_BOUND('',#4555,.F.);
#4555 = EDGE_LOOP('',(#4556,#4566,#4574,#4582));
#4556 = ORIENTED_EDGE('',*,*,#4557,.F.);
#4557 = EDGE_CURVE('',#4558,#4560,#4562,.T.);
#4558 = VERTEX_POINT('',#4559);
#4559 = CARTESIAN_POINT('',(24.68,0.32,0.3));
#4560 = VERTEX_POINT('',#4561);
#4561 = CARTESIAN_POINT('',(24.68,-0.32,0.3));
#4562 = LINE('',#4563,#4564);
#4563 = CARTESIAN_POINT('',(24.68,0.25,0.3));
#4564 = VECTOR('',#4565,1.);
#4565 = DIRECTION('',(-1.224646799147E-16,-1.,0.));
#4566 = ORIENTED_EDGE('',*,*,#4567,.T.);
#4567 = EDGE_CURVE('',#4558,#4568,#4570,.T.);
#4568 = VERTEX_POINT('',#4569);
#4569 = CARTESIAN_POINT('',(25.32,0.32,0.3));
#4570 = LINE('',#4571,#4572);
#4571 = CARTESIAN_POINT('',(25.535,0.32,0.3));
#4572 = VECTOR('',#4573,1.);
#4573 = DIRECTION('',(1.,-1.224646799147E-16,0.));
#4574 = ORIENTED_EDGE('',*,*,#4575,.T.);
#4575 = EDGE_CURVE('',#4568,#4576,#4578,.T.);
#4576 = VERTEX_POINT('',#4577);
#4577 = CARTESIAN_POINT('',(25.32,-0.32,0.3));
#4578 = LINE('',#4579,#4580);
#4579 = CARTESIAN_POINT('',(25.32,0.25,0.3));
#4580 = VECTOR('',#4581,1.);
#4581 = DIRECTION('',(-1.224646799147E-16,-1.,0.));
#4582 = ORIENTED_EDGE('',*,*,#4583,.T.);
#4583 = EDGE_CURVE('',#4576,#4560,#4584,.T.);
#4584 = LINE('',#4585,#4586);
#4585 = CARTESIAN_POINT('',(25.535,-0.32,0.3));
#4586 = VECTOR('',#4587,1.);
#4587 = DIRECTION('',(-1.,1.224646799147E-16,0.));
#4588 = PLANE('',#4589);
#4589 = AXIS2_PLACEMENT_3D('',#4590,#4591,#4592);
#4590 = CARTESIAN_POINT('',(25.75,0.5,0.3));
#4591 = DIRECTION('',(0.,0.,1.));
#4592 = DIRECTION('',(-1.224646799147E-16,-1.,0.));
#4593 = ADVANCED_FACE('',(#4594,#4600),#4634,.F.);
#4594 = FACE_BOUND('',#4595,.F.);
#4595 = EDGE_LOOP('',(#4596,#4597,#4598,#4599));
#4596 = ORIENTED_EDGE('',*,*,#3889,.T.);
#4597 = ORIENTED_EDGE('',*,*,#2891,.T.);
#4598 = ORIENTED_EDGE('',*,*,#2915,.F.);
#4599 = ORIENTED_EDGE('',*,*,#2948,.F.);
#4600 = FACE_BOUND('',#4601,.F.);
#4601 = EDGE_LOOP('',(#4602,#4612,#4620,#4628));
#4602 = ORIENTED_EDGE('',*,*,#4603,.F.);
#4603 = EDGE_CURVE('',#4604,#4606,#4608,.T.);
#4604 = VERTEX_POINT('',#4605);
#4605 = CARTESIAN_POINT('',(27.18,0.32,0.3));
#4606 = VERTEX_POINT('',#4607);
#4607 = CARTESIAN_POINT('',(27.18,-0.32,0.3));
#4608 = LINE('',#4609,#4610);
#4609 = CARTESIAN_POINT('',(27.18,0.25,0.3));
#4610 = VECTOR('',#4611,1.);
#4611 = DIRECTION('',(-1.224646799147E-16,-1.,0.));
#4612 = ORIENTED_EDGE('',*,*,#4613,.T.);
#4613 = EDGE_CURVE('',#4604,#4614,#4616,.T.);
#4614 = VERTEX_POINT('',#4615);
#4615 = CARTESIAN_POINT('',(27.82,0.32,0.3));
#4616 = LINE('',#4617,#4618);
#4617 = CARTESIAN_POINT('',(28.035,0.32,0.3));
#4618 = VECTOR('',#4619,1.);
#4619 = DIRECTION('',(1.,-1.224646799147E-16,0.));
#4620 = ORIENTED_EDGE('',*,*,#4621,.T.);
#4621 = EDGE_CURVE('',#4614,#4622,#4624,.T.);
#4622 = VERTEX_POINT('',#4623);
#4623 = CARTESIAN_POINT('',(27.82,-0.32,0.3));
#4624 = LINE('',#4625,#4626);
#4625 = CARTESIAN_POINT('',(27.82,0.25,0.3));
#4626 = VECTOR('',#4627,1.);
#4627 = DIRECTION('',(-1.224646799147E-16,-1.,0.));
#4628 = ORIENTED_EDGE('',*,*,#4629,.T.);
#4629 = EDGE_CURVE('',#4622,#4606,#4630,.T.);
#4630 = LINE('',#4631,#4632);
#4631 = CARTESIAN_POINT('',(28.035,-0.32,0.3));
#4632 = VECTOR('',#4633,1.);
#4633 = DIRECTION('',(-1.,1.224646799147E-16,0.));
#4634 = PLANE('',#4635);
#4635 = AXIS2_PLACEMENT_3D('',#4636,#4637,#4638);
#4636 = CARTESIAN_POINT('',(28.25,0.5,0.3));
#4637 = DIRECTION('',(0.,0.,1.));
#4638 = DIRECTION('',(-1.224646799147E-16,-1.,0.));
#4639 = ADVANCED_FACE('',(#4640,#4646),#4680,.F.);
#4640 = FACE_BOUND('',#4641,.F.);
#4641 = EDGE_LOOP('',(#4642,#4643,#4644,#4645));
#4642 = ORIENTED_EDGE('',*,*,#3872,.T.);
#4643 = ORIENTED_EDGE('',*,*,#2996,.T.);
#4644 = ORIENTED_EDGE('',*,*,#3020,.F.);
#4645 = ORIENTED_EDGE('',*,*,#3053,.F.);
#4646 = FACE_BOUND('',#4647,.F.);
#4647 = EDGE_LOOP('',(#4648,#4658,#4666,#4674));
#4648 = ORIENTED_EDGE('',*,*,#4649,.F.);
#4649 = EDGE_CURVE('',#4650,#4652,#4654,.T.);
#4650 = VERTEX_POINT('',#4651);
#4651 = CARTESIAN_POINT('',(29.68,0.32,0.3));
#4652 = VERTEX_POINT('',#4653);
#4653 = CARTESIAN_POINT('',(29.68,-0.32,0.3));
#4654 = LINE('',#4655,#4656);
#4655 = CARTESIAN_POINT('',(29.68,0.26829700442,0.3));
#4656 = VECTOR('',#4657,1.);
#4657 = DIRECTION('',(-1.224646799147E-16,-1.,0.));
#4658 = ORIENTED_EDGE('',*,*,#4659,.T.);
#4659 = EDGE_CURVE('',#4650,#4660,#4662,.T.);
#4660 = VERTEX_POINT('',#4661);
#4661 = CARTESIAN_POINT('',(30.32,0.32,0.3));
#4662 = LINE('',#4663,#4664);
#4663 = CARTESIAN_POINT('',(30.535,0.32,0.3));
#4664 = VECTOR('',#4665,1.);
#4665 = DIRECTION('',(1.,-1.224646799147E-16,0.));
#4666 = ORIENTED_EDGE('',*,*,#4667,.T.);
#4667 = EDGE_CURVE('',#4660,#4668,#4670,.T.);
#4668 = VERTEX_POINT('',#4669);
#4669 = CARTESIAN_POINT('',(30.32,-0.32,0.3));
#4670 = LINE('',#4671,#4672);
#4671 = CARTESIAN_POINT('',(30.32,0.26829700442,0.3));
#4672 = VECTOR('',#4673,1.);
#4673 = DIRECTION('',(-1.224646799147E-16,-1.,0.));
#4674 = ORIENTED_EDGE('',*,*,#4675,.T.);
#4675 = EDGE_CURVE('',#4668,#4652,#4676,.T.);
#4676 = LINE('',#4677,#4678);
#4677 = CARTESIAN_POINT('',(30.535,-0.32,0.3));
#4678 = VECTOR('',#4679,1.);
#4679 = DIRECTION('',(-1.,1.224646799147E-16,0.));
#4680 = PLANE('',#4681);
#4681 = AXIS2_PLACEMENT_3D('',#4682,#4683,#4684);
#4682 = CARTESIAN_POINT('',(30.75,0.5,0.3));
#4683 = DIRECTION('',(0.,0.,1.));
#4684 = DIRECTION('',(-1.224646799147E-16,-1.,0.));
#4685 = ADVANCED_FACE('',(#4686),#4711,.T.);
#4686 = FACE_BOUND('',#4687,.T.);
#4687 = EDGE_LOOP('',(#4688,#4689,#4697,#4705));
#4688 = ORIENTED_EDGE('',*,*,#3172,.T.);
#4689 = ORIENTED_EDGE('',*,*,#4690,.T.);
#4690 = EDGE_CURVE('',#3175,#4691,#4693,.T.);
#4691 = VERTEX_POINT('',#4692);
#4692 = CARTESIAN_POINT('',(27.18,-0.32,6.3));
#4693 = LINE('',#4694,#4695);
#4694 = CARTESIAN_POINT('',(27.18,-0.32,-3.4));
#4695 = VECTOR('',#4696,1.);
#4696 = DIRECTION('',(0.,0.,1.));
#4697 = ORIENTED_EDGE('',*,*,#4698,.T.);
#4698 = EDGE_CURVE('',#4691,#4699,#4701,.T.);
#4699 = VERTEX_POINT('',#4700);
#4700 = CARTESIAN_POINT('',(27.18,0.32,6.3));
#4701 = LINE('',#4702,#4703);
#4702 = CARTESIAN_POINT('',(27.18,-0.32,6.3));
#4703 = VECTOR('',#4704,1.);
#4704 = DIRECTION('',(1.224646799147E-16,1.,0.));
#4705 = ORIENTED_EDGE('',*,*,#4706,.T.);
#4706 = EDGE_CURVE('',#4699,#3173,#4707,.T.);
#4707 = LINE('',#4708,#4709);
#4708 = CARTESIAN_POINT('',(27.18,0.32,6.5));
#4709 = VECTOR('',#4710,1.);
#4710 = DIRECTION('',(-0.,0.,-1.));
#4711 = PLANE('',#4712);
#4712 = AXIS2_PLACEMENT_3D('',#4713,#4714,#4715);
#4713 = CARTESIAN_POINT('',(27.18,-1.491619801361E-15,1.55));
#4714 = DIRECTION('',(-1.,1.224646799147E-16,0.));
#4715 = DIRECTION('',(0.,0.,1.));
#4716 = ADVANCED_FACE('',(#4717),#4735,.F.);
#4717 = FACE_BOUND('',#4718,.F.);
#4718 = EDGE_LOOP('',(#4719,#4727,#4728,#4729));
#4719 = ORIENTED_EDGE('',*,*,#4720,.F.);
#4720 = EDGE_CURVE('',#3191,#4721,#4723,.T.);
#4721 = VERTEX_POINT('',#4722);
#4722 = CARTESIAN_POINT('',(27.82,-0.32,6.3));
#4723 = LINE('',#4724,#4725);
#4724 = CARTESIAN_POINT('',(27.82,-0.32,-3.4));
#4725 = VECTOR('',#4726,1.);
#4726 = DIRECTION('',(0.,0.,1.));
#4727 = ORIENTED_EDGE('',*,*,#3198,.T.);
#4728 = ORIENTED_EDGE('',*,*,#4690,.T.);
#4729 = ORIENTED_EDGE('',*,*,#4730,.F.);
#4730 = EDGE_CURVE('',#4721,#4691,#4731,.T.);
#4731 = LINE('',#4732,#4733);
#4732 = CARTESIAN_POINT('',(27.82,-0.32,6.3));
#4733 = VECTOR('',#4734,1.);
#4734 = DIRECTION('',(-1.,1.224646799147E-16,0.));
#4735 = PLANE('',#4736);
#4736 = AXIS2_PLACEMENT_3D('',#4737,#4738,#4739);
#4737 = CARTESIAN_POINT('',(27.82,-0.32,-3.4));
#4738 = DIRECTION('',(1.224646799147E-16,1.,0.));
#4739 = DIRECTION('',(0.,-0.,1.));
#4740 = ADVANCED_FACE('',(#4741),#4759,.F.);
#4741 = FACE_BOUND('',#4742,.F.);
#4742 = EDGE_LOOP('',(#4743,#4744,#4745,#4753));
#4743 = ORIENTED_EDGE('',*,*,#3190,.T.);
#4744 = ORIENTED_EDGE('',*,*,#4720,.T.);
#4745 = ORIENTED_EDGE('',*,*,#4746,.T.);
#4746 = EDGE_CURVE('',#4721,#4747,#4749,.T.);
#4747 = VERTEX_POINT('',#4748);
#4748 = CARTESIAN_POINT('',(27.82,0.32,6.3));
#4749 = LINE('',#4750,#4751);
#4750 = CARTESIAN_POINT('',(27.82,-0.32,6.3));
#4751 = VECTOR('',#4752,1.);
#4752 = DIRECTION('',(1.224646799147E-16,1.,0.));
#4753 = ORIENTED_EDGE('',*,*,#4754,.T.);
#4754 = EDGE_CURVE('',#4747,#3183,#4755,.T.);
#4755 = LINE('',#4756,#4757);
#4756 = CARTESIAN_POINT('',(27.82,0.32,6.5));
#4757 = VECTOR('',#4758,1.);
#4758 = DIRECTION('',(-0.,0.,-1.));
#4759 = PLANE('',#4760);
#4760 = AXIS2_PLACEMENT_3D('',#4761,#4762,#4763);
#4761 = CARTESIAN_POINT('',(27.82,-1.569997196507E-15,1.55));
#4762 = DIRECTION('',(-1.,1.224646799147E-16,0.));
#4763 = DIRECTION('',(0.,0.,1.));
#4764 = ADVANCED_FACE('',(#4765),#4776,.F.);
#4765 = FACE_BOUND('',#4766,.F.);
#4766 = EDGE_LOOP('',(#4767,#4768,#4774,#4775));
#4767 = ORIENTED_EDGE('',*,*,#4754,.F.);
#4768 = ORIENTED_EDGE('',*,*,#4769,.T.);
#4769 = EDGE_CURVE('',#4747,#4699,#4770,.T.);
#4770 = LINE('',#4771,#4772);
#4771 = CARTESIAN_POINT('',(27.82,0.32,6.3));
#4772 = VECTOR('',#4773,1.);
#4773 = DIRECTION('',(-1.,1.224646799147E-16,0.));
#4774 = ORIENTED_EDGE('',*,*,#4706,.T.);
#4775 = ORIENTED_EDGE('',*,*,#3182,.T.);
#4776 = PLANE('',#4777);
#4777 = AXIS2_PLACEMENT_3D('',#4778,#4779,#4780);
#4778 = CARTESIAN_POINT('',(27.82,0.32,6.5));
#4779 = DIRECTION('',(-1.224646799147E-16,-1.,0.));
#4780 = DIRECTION('',(-0.,0.,-1.));
#4781 = ADVANCED_FACE('',(#4782),#4807,.T.);
#4782 = FACE_BOUND('',#4783,.T.);
#4783 = EDGE_LOOP('',(#4784,#4785,#4793,#4801));
#4784 = ORIENTED_EDGE('',*,*,#3206,.T.);
#4785 = ORIENTED_EDGE('',*,*,#4786,.T.);
#4786 = EDGE_CURVE('',#3209,#4787,#4789,.T.);
#4787 = VERTEX_POINT('',#4788);
#4788 = CARTESIAN_POINT('',(24.68,-0.32,6.3));
#4789 = LINE('',#4790,#4791);
#4790 = CARTESIAN_POINT('',(24.68,-0.32,-3.4));
#4791 = VECTOR('',#4792,1.);
#4792 = DIRECTION('',(0.,0.,1.));
#4793 = ORIENTED_EDGE('',*,*,#4794,.T.);
#4794 = EDGE_CURVE('',#4787,#4795,#4797,.T.);
#4795 = VERTEX_POINT('',#4796);
#4796 = CARTESIAN_POINT('',(24.68,0.32,6.3));
#4797 = LINE('',#4798,#4799);
#4798 = CARTESIAN_POINT('',(24.68,-0.32,6.3));
#4799 = VECTOR('',#4800,1.);
#4800 = DIRECTION('',(1.224646799147E-16,1.,0.));
#4801 = ORIENTED_EDGE('',*,*,#4802,.T.);
#4802 = EDGE_CURVE('',#4795,#3207,#4803,.T.);
#4803 = LINE('',#4804,#4805);
#4804 = CARTESIAN_POINT('',(24.68,0.32,6.5));
#4805 = VECTOR('',#4806,1.);
#4806 = DIRECTION('',(-0.,0.,-1.));
#4807 = PLANE('',#4808);
#4808 = AXIS2_PLACEMENT_3D('',#4809,#4810,#4811);
#4809 = CARTESIAN_POINT('',(24.68,-1.185458101575E-15,1.55));
#4810 = DIRECTION('',(-1.,1.224646799147E-16,0.));
#4811 = DIRECTION('',(0.,0.,1.));
#4812 = ADVANCED_FACE('',(#4813),#4831,.F.);
#4813 = FACE_BOUND('',#4814,.F.);
#4814 = EDGE_LOOP('',(#4815,#4823,#4824,#4825));
#4815 = ORIENTED_EDGE('',*,*,#4816,.F.);
#4816 = EDGE_CURVE('',#3225,#4817,#4819,.T.);
#4817 = VERTEX_POINT('',#4818);
#4818 = CARTESIAN_POINT('',(25.32,-0.32,6.3));
#4819 = LINE('',#4820,#4821);
#4820 = CARTESIAN_POINT('',(25.32,-0.32,-3.4));
#4821 = VECTOR('',#4822,1.);
#4822 = DIRECTION('',(0.,0.,1.));
#4823 = ORIENTED_EDGE('',*,*,#3232,.T.);
#4824 = ORIENTED_EDGE('',*,*,#4786,.T.);
#4825 = ORIENTED_EDGE('',*,*,#4826,.F.);
#4826 = EDGE_CURVE('',#4817,#4787,#4827,.T.);
#4827 = LINE('',#4828,#4829);
#4828 = CARTESIAN_POINT('',(25.32,-0.32,6.3));
#4829 = VECTOR('',#4830,1.);
#4830 = DIRECTION('',(-1.,1.224646799147E-16,0.));
#4831 = PLANE('',#4832);
#4832 = AXIS2_PLACEMENT_3D('',#4833,#4834,#4835);
#4833 = CARTESIAN_POINT('',(25.32,-0.32,-3.4));
#4834 = DIRECTION('',(1.224646799147E-16,1.,0.));
#4835 = DIRECTION('',(0.,-0.,1.));
#4836 = ADVANCED_FACE('',(#4837),#4855,.F.);
#4837 = FACE_BOUND('',#4838,.F.);
#4838 = EDGE_LOOP('',(#4839,#4840,#4841,#4849));
#4839 = ORIENTED_EDGE('',*,*,#3224,.T.);
#4840 = ORIENTED_EDGE('',*,*,#4816,.T.);
#4841 = ORIENTED_EDGE('',*,*,#4842,.T.);
#4842 = EDGE_CURVE('',#4817,#4843,#4845,.T.);
#4843 = VERTEX_POINT('',#4844);
#4844 = CARTESIAN_POINT('',(25.32,0.32,6.3));
#4845 = LINE('',#4846,#4847);
#4846 = CARTESIAN_POINT('',(25.32,-0.32,6.3));
#4847 = VECTOR('',#4848,1.);
#4848 = DIRECTION('',(1.224646799147E-16,1.,0.));
#4849 = ORIENTED_EDGE('',*,*,#4850,.T.);
#4850 = EDGE_CURVE('',#4843,#3217,#4851,.T.);
#4851 = LINE('',#4852,#4853);
#4852 = CARTESIAN_POINT('',(25.32,0.32,6.5));
#4853 = VECTOR('',#4854,1.);
#4854 = DIRECTION('',(-0.,0.,-1.));
#4855 = PLANE('',#4856);
#4856 = AXIS2_PLACEMENT_3D('',#4857,#4858,#4859);
#4857 = CARTESIAN_POINT('',(25.32,-1.26383549672E-15,1.55));
#4858 = DIRECTION('',(-1.,1.224646799147E-16,0.));
#4859 = DIRECTION('',(0.,0.,1.));
#4860 = ADVANCED_FACE('',(#4861),#4872,.F.);
#4861 = FACE_BOUND('',#4862,.F.);
#4862 = EDGE_LOOP('',(#4863,#4864,#4870,#4871));
#4863 = ORIENTED_EDGE('',*,*,#4850,.F.);
#4864 = ORIENTED_EDGE('',*,*,#4865,.T.);
#4865 = EDGE_CURVE('',#4843,#4795,#4866,.T.);
#4866 = LINE('',#4867,#4868);
#4867 = CARTESIAN_POINT('',(25.32,0.32,6.3));
#4868 = VECTOR('',#4869,1.);
#4869 = DIRECTION('',(-1.,1.224646799147E-16,0.));
#4870 = ORIENTED_EDGE('',*,*,#4802,.T.);
#4871 = ORIENTED_EDGE('',*,*,#3216,.T.);
#4872 = PLANE('',#4873);
#4873 = AXIS2_PLACEMENT_3D('',#4874,#4875,#4876);
#4874 = CARTESIAN_POINT('',(25.32,0.32,6.5));
#4875 = DIRECTION('',(-1.224646799147E-16,-1.,0.));
#4876 = DIRECTION('',(-0.,0.,-1.));
#4877 = ADVANCED_FACE('',(#4878),#4903,.T.);
#4878 = FACE_BOUND('',#4879,.T.);
#4879 = EDGE_LOOP('',(#4880,#4881,#4889,#4897));
#4880 = ORIENTED_EDGE('',*,*,#3240,.T.);
#4881 = ORIENTED_EDGE('',*,*,#4882,.T.);
#4882 = EDGE_CURVE('',#3243,#4883,#4885,.T.);
#4883 = VERTEX_POINT('',#4884);
#4884 = CARTESIAN_POINT('',(19.68,-0.32,6.3));
#4885 = LINE('',#4886,#4887);
#4886 = CARTESIAN_POINT('',(19.68,-0.32,-3.4));
#4887 = VECTOR('',#4888,1.);
#4888 = DIRECTION('',(0.,0.,1.));
#4889 = ORIENTED_EDGE('',*,*,#4890,.T.);
#4890 = EDGE_CURVE('',#4883,#4891,#4893,.T.);
#4891 = VERTEX_POINT('',#4892);
#4892 = CARTESIAN_POINT('',(19.68,0.32,6.3));
#4893 = LINE('',#4894,#4895);
#4894 = CARTESIAN_POINT('',(19.68,-0.32,6.3));
#4895 = VECTOR('',#4896,1.);
#4896 = DIRECTION('',(1.224646799147E-16,1.,0.));
#4897 = ORIENTED_EDGE('',*,*,#4898,.T.);
#4898 = EDGE_CURVE('',#4891,#3241,#4899,.T.);
#4899 = LINE('',#4900,#4901);
#4900 = CARTESIAN_POINT('',(19.68,0.32,6.5));
#4901 = VECTOR('',#4902,1.);
#4902 = DIRECTION('',(-0.,0.,-1.));
#4903 = PLANE('',#4904);
#4904 = AXIS2_PLACEMENT_3D('',#4905,#4906,#4907);
#4905 = CARTESIAN_POINT('',(19.68,-5.73134702001E-16,1.55));
#4906 = DIRECTION('',(-1.,1.224646799147E-16,0.));
#4907 = DIRECTION('',(0.,0.,1.));
#4908 = ADVANCED_FACE('',(#4909),#4927,.F.);
#4909 = FACE_BOUND('',#4910,.F.);
#4910 = EDGE_LOOP('',(#4911,#4919,#4920,#4921));
#4911 = ORIENTED_EDGE('',*,*,#4912,.F.);
#4912 = EDGE_CURVE('',#3259,#4913,#4915,.T.);
#4913 = VERTEX_POINT('',#4914);
#4914 = CARTESIAN_POINT('',(20.32,-0.32,6.3));
#4915 = LINE('',#4916,#4917);
#4916 = CARTESIAN_POINT('',(20.32,-0.32,-3.4));
#4917 = VECTOR('',#4918,1.);
#4918 = DIRECTION('',(0.,0.,1.));
#4919 = ORIENTED_EDGE('',*,*,#3266,.T.);
#4920 = ORIENTED_EDGE('',*,*,#4882,.T.);
#4921 = ORIENTED_EDGE('',*,*,#4922,.F.);
#4922 = EDGE_CURVE('',#4913,#4883,#4923,.T.);
#4923 = LINE('',#4924,#4925);
#4924 = CARTESIAN_POINT('',(20.32,-0.32,6.3));
#4925 = VECTOR('',#4926,1.);
#4926 = DIRECTION('',(-1.,1.224646799147E-16,0.));
#4927 = PLANE('',#4928);
#4928 = AXIS2_PLACEMENT_3D('',#4929,#4930,#4931);
#4929 = CARTESIAN_POINT('',(20.32,-0.32,-3.4));
#4930 = DIRECTION('',(1.224646799147E-16,1.,0.));
#4931 = DIRECTION('',(0.,-0.,1.));
#4932 = ADVANCED_FACE('',(#4933),#4951,.F.);
#4933 = FACE_BOUND('',#4934,.F.);
#4934 = EDGE_LOOP('',(#4935,#4936,#4937,#4945));
#4935 = ORIENTED_EDGE('',*,*,#3258,.T.);
#4936 = ORIENTED_EDGE('',*,*,#4912,.T.);
#4937 = ORIENTED_EDGE('',*,*,#4938,.T.);
#4938 = EDGE_CURVE('',#4913,#4939,#4941,.T.);
#4939 = VERTEX_POINT('',#4940);
#4940 = CARTESIAN_POINT('',(20.32,0.32,6.3));
#4941 = LINE('',#4942,#4943);
#4942 = CARTESIAN_POINT('',(20.32,-0.32,6.3));
#4943 = VECTOR('',#4944,1.);
#4944 = DIRECTION('',(1.224646799147E-16,1.,0.));
#4945 = ORIENTED_EDGE('',*,*,#4946,.T.);
#4946 = EDGE_CURVE('',#4939,#3251,#4947,.T.);
#4947 = LINE('',#4948,#4949);
#4948 = CARTESIAN_POINT('',(20.32,0.32,6.5));
#4949 = VECTOR('',#4950,1.);
#4950 = DIRECTION('',(-0.,0.,-1.));
#4951 = PLANE('',#4952);
#4952 = AXIS2_PLACEMENT_3D('',#4953,#4954,#4955);
#4953 = CARTESIAN_POINT('',(20.32,-6.515120971464E-16,1.55));
#4954 = DIRECTION('',(-1.,1.224646799147E-16,0.));
#4955 = DIRECTION('',(0.,0.,1.));
#4956 = ADVANCED_FACE('',(#4957),#4968,.F.);
#4957 = FACE_BOUND('',#4958,.F.);
#4958 = EDGE_LOOP('',(#4959,#4960,#4966,#4967));
#4959 = ORIENTED_EDGE('',*,*,#4946,.F.);
#4960 = ORIENTED_EDGE('',*,*,#4961,.T.);
#4961 = EDGE_CURVE('',#4939,#4891,#4962,.T.);
#4962 = LINE('',#4963,#4964);
#4963 = CARTESIAN_POINT('',(20.32,0.32,6.3));
#4964 = VECTOR('',#4965,1.);
#4965 = DIRECTION('',(-1.,1.224646799147E-16,0.));
#4966 = ORIENTED_EDGE('',*,*,#4898,.T.);
#4967 = ORIENTED_EDGE('',*,*,#3250,.T.);
#4968 = PLANE('',#4969);
#4969 = AXIS2_PLACEMENT_3D('',#4970,#4971,#4972);
#4970 = CARTESIAN_POINT('',(20.32,0.32,6.5));
#4971 = DIRECTION('',(-1.224646799147E-16,-1.,0.));
#4972 = DIRECTION('',(-0.,0.,-1.));
#4973 = ADVANCED_FACE('',(#4974),#4999,.F.);
#4974 = FACE_BOUND('',#4975,.F.);
#4975 = EDGE_LOOP('',(#4976,#4977,#4985,#4993));
#4976 = ORIENTED_EDGE('',*,*,#3274,.T.);
#4977 = ORIENTED_EDGE('',*,*,#4978,.T.);
#4978 = EDGE_CURVE('',#3277,#4979,#4981,.T.);
#4979 = VERTEX_POINT('',#4980);
#4980 = CARTESIAN_POINT('',(22.82,-0.32,6.3));
#4981 = LINE('',#4982,#4983);
#4982 = CARTESIAN_POINT('',(22.82,-0.32,-3.4));
#4983 = VECTOR('',#4984,1.);
#4984 = DIRECTION('',(0.,0.,1.));
#4985 = ORIENTED_EDGE('',*,*,#4986,.T.);
#4986 = EDGE_CURVE('',#4979,#4987,#4989,.T.);
#4987 = VERTEX_POINT('',#4988);
#4988 = CARTESIAN_POINT('',(22.82,0.32,6.3));
#4989 = LINE('',#4990,#4991);
#4990 = CARTESIAN_POINT('',(22.82,-0.32,6.3));
#4991 = VECTOR('',#4992,1.);
#4992 = DIRECTION('',(1.224646799147E-16,1.,0.));
#4993 = ORIENTED_EDGE('',*,*,#4994,.T.);
#4994 = EDGE_CURVE('',#4987,#3275,#4995,.T.);
#4995 = LINE('',#4996,#4997);
#4996 = CARTESIAN_POINT('',(22.82,0.32,6.5));
#4997 = VECTOR('',#4998,1.);
#4998 = DIRECTION('',(-0.,0.,-1.));
#4999 = PLANE('',#5000);
#5000 = AXIS2_PLACEMENT_3D('',#5001,#5002,#5003);
#5001 = CARTESIAN_POINT('',(22.82,-9.576737969332E-16,1.55));
#5002 = DIRECTION('',(-1.,1.224646799147E-16,0.));
#5003 = DIRECTION('',(0.,0.,1.));
#5004 = ADVANCED_FACE('',(#5005),#5023,.F.);
#5005 = FACE_BOUND('',#5006,.F.);
#5006 = EDGE_LOOP('',(#5007,#5008,#5016,#5022));
#5007 = ORIENTED_EDGE('',*,*,#4994,.F.);
#5008 = ORIENTED_EDGE('',*,*,#5009,.T.);
#5009 = EDGE_CURVE('',#4987,#5010,#5012,.T.);
#5010 = VERTEX_POINT('',#5011);
#5011 = CARTESIAN_POINT('',(22.18,0.32,6.3));
#5012 = LINE('',#5013,#5014);
#5013 = CARTESIAN_POINT('',(22.82,0.32,6.3));
#5014 = VECTOR('',#5015,1.);
#5015 = DIRECTION('',(-1.,1.224646799147E-16,0.));
#5016 = ORIENTED_EDGE('',*,*,#5017,.T.);
#5017 = EDGE_CURVE('',#5010,#3293,#5018,.T.);
#5018 = LINE('',#5019,#5020);
#5019 = CARTESIAN_POINT('',(22.18,0.32,6.5));
#5020 = VECTOR('',#5021,1.);
#5021 = DIRECTION('',(-0.,0.,-1.));
#5022 = ORIENTED_EDGE('',*,*,#3300,.T.);
#5023 = PLANE('',#5024);
#5024 = AXIS2_PLACEMENT_3D('',#5025,#5026,#5027);
#5025 = CARTESIAN_POINT('',(22.82,0.32,6.5));
#5026 = DIRECTION('',(-1.224646799147E-16,-1.,0.));
#5027 = DIRECTION('',(-0.,0.,-1.));
#5028 = ADVANCED_FACE('',(#5029),#5047,.T.);
#5029 = FACE_BOUND('',#5030,.T.);
#5030 = EDGE_LOOP('',(#5031,#5032,#5040,#5046));
#5031 = ORIENTED_EDGE('',*,*,#3292,.T.);
#5032 = ORIENTED_EDGE('',*,*,#5033,.T.);
#5033 = EDGE_CURVE('',#3285,#5034,#5036,.T.);
#5034 = VERTEX_POINT('',#5035);
#5035 = CARTESIAN_POINT('',(22.18,-0.32,6.3));
#5036 = LINE('',#5037,#5038);
#5037 = CARTESIAN_POINT('',(22.18,-0.32,-3.4));
#5038 = VECTOR('',#5039,1.);
#5039 = DIRECTION('',(0.,0.,1.));
#5040 = ORIENTED_EDGE('',*,*,#5041,.T.);
#5041 = EDGE_CURVE('',#5034,#5010,#5042,.T.);
#5042 = LINE('',#5043,#5044);
#5043 = CARTESIAN_POINT('',(22.18,-0.32,6.3));
#5044 = VECTOR('',#5045,1.);
#5045 = DIRECTION('',(1.224646799147E-16,1.,0.));
#5046 = ORIENTED_EDGE('',*,*,#5017,.T.);
#5047 = PLANE('',#5048);
#5048 = AXIS2_PLACEMENT_3D('',#5049,#5050,#5051);
#5049 = CARTESIAN_POINT('',(22.18,-8.792964017878E-16,1.55));
#5050 = DIRECTION('',(-1.,1.224646799147E-16,0.));
#5051 = DIRECTION('',(0.,0.,1.));
#5052 = ADVANCED_FACE('',(#5053),#5064,.F.);
#5053 = FACE_BOUND('',#5054,.F.);
#5054 = EDGE_LOOP('',(#5055,#5056,#5057,#5058));
#5055 = ORIENTED_EDGE('',*,*,#4978,.F.);
#5056 = ORIENTED_EDGE('',*,*,#3284,.T.);
#5057 = ORIENTED_EDGE('',*,*,#5033,.T.);
#5058 = ORIENTED_EDGE('',*,*,#5059,.F.);
#5059 = EDGE_CURVE('',#4979,#5034,#5060,.T.);
#5060 = LINE('',#5061,#5062);
#5061 = CARTESIAN_POINT('',(22.82,-0.32,6.3));
#5062 = VECTOR('',#5063,1.);
#5063 = DIRECTION('',(-1.,1.224646799147E-16,0.));
#5064 = PLANE('',#5065);
#5065 = AXIS2_PLACEMENT_3D('',#5066,#5067,#5068);
#5066 = CARTESIAN_POINT('',(22.82,-0.32,-3.4));
#5067 = DIRECTION('',(1.224646799147E-16,1.,0.));
#5068 = DIRECTION('',(0.,-0.,1.));
#5069 = ADVANCED_FACE('',(#5070),#5095,.F.);
#5070 = FACE_BOUND('',#5071,.F.);
#5071 = EDGE_LOOP('',(#5072,#5073,#5081,#5089));
#5072 = ORIENTED_EDGE('',*,*,#3308,.T.);
#5073 = ORIENTED_EDGE('',*,*,#5074,.T.);
#5074 = EDGE_CURVE('',#3311,#5075,#5077,.T.);
#5075 = VERTEX_POINT('',#5076);
#5076 = CARTESIAN_POINT('',(17.82,-0.32,6.3));
#5077 = LINE('',#5078,#5079);
#5078 = CARTESIAN_POINT('',(17.82,-0.32,-3.4));
#5079 = VECTOR('',#5080,1.);
#5080 = DIRECTION('',(0.,0.,1.));
#5081 = ORIENTED_EDGE('',*,*,#5082,.T.);
#5082 = EDGE_CURVE('',#5075,#5083,#5085,.T.);
#5083 = VERTEX_POINT('',#5084);
#5084 = CARTESIAN_POINT('',(17.82,0.32,6.3));
#5085 = LINE('',#5086,#5087);
#5086 = CARTESIAN_POINT('',(17.82,-0.32,6.3));
#5087 = VECTOR('',#5088,1.);
#5088 = DIRECTION('',(1.224646799147E-16,1.,0.));
#5089 = ORIENTED_EDGE('',*,*,#5090,.T.);
#5090 = EDGE_CURVE('',#5083,#3309,#5091,.T.);
#5091 = LINE('',#5092,#5093);
#5092 = CARTESIAN_POINT('',(17.82,0.32,6.5));
#5093 = VECTOR('',#5094,1.);
#5094 = DIRECTION('',(-0.,0.,-1.));
#5095 = PLANE('',#5096);
#5096 = AXIS2_PLACEMENT_3D('',#5097,#5098,#5099);
#5097 = CARTESIAN_POINT('',(17.82,-3.453503973596E-16,1.55));
#5098 = DIRECTION('',(-1.,1.224646799147E-16,0.));
#5099 = DIRECTION('',(0.,0.,1.));
#5100 = ADVANCED_FACE('',(#5101),#5119,.F.);
#5101 = FACE_BOUND('',#5102,.F.);
#5102 = EDGE_LOOP('',(#5103,#5104,#5112,#5118));
#5103 = ORIENTED_EDGE('',*,*,#5090,.F.);
#5104 = ORIENTED_EDGE('',*,*,#5105,.T.);
#5105 = EDGE_CURVE('',#5083,#5106,#5108,.T.);
#5106 = VERTEX_POINT('',#5107);
#5107 = CARTESIAN_POINT('',(17.18,0.32,6.3));
#5108 = LINE('',#5109,#5110);
#5109 = CARTESIAN_POINT('',(17.82,0.32,6.3));
#5110 = VECTOR('',#5111,1.);
#5111 = DIRECTION('',(-1.,1.224646799147E-16,0.));
#5112 = ORIENTED_EDGE('',*,*,#5113,.T.);
#5113 = EDGE_CURVE('',#5106,#3327,#5114,.T.);
#5114 = LINE('',#5115,#5116);
#5115 = CARTESIAN_POINT('',(17.18,0.32,6.5));
#5116 = VECTOR('',#5117,1.);
#5117 = DIRECTION('',(-0.,0.,-1.));
#5118 = ORIENTED_EDGE('',*,*,#3334,.T.);
#5119 = PLANE('',#5120);
#5120 = AXIS2_PLACEMENT_3D('',#5121,#5122,#5123);
#5121 = CARTESIAN_POINT('',(17.82,0.32,6.5));
#5122 = DIRECTION('',(-1.224646799147E-16,-1.,0.));
#5123 = DIRECTION('',(-0.,0.,-1.));
#5124 = ADVANCED_FACE('',(#5125),#5143,.T.);
#5125 = FACE_BOUND('',#5126,.T.);
#5126 = EDGE_LOOP('',(#5127,#5128,#5136,#5142));
#5127 = ORIENTED_EDGE('',*,*,#3326,.T.);
#5128 = ORIENTED_EDGE('',*,*,#5129,.T.);
#5129 = EDGE_CURVE('',#3319,#5130,#5132,.T.);
#5130 = VERTEX_POINT('',#5131);
#5131 = CARTESIAN_POINT('',(17.18,-0.32,6.3));
#5132 = LINE('',#5133,#5134);
#5133 = CARTESIAN_POINT('',(17.18,-0.32,-3.4));
#5134 = VECTOR('',#5135,1.);
#5135 = DIRECTION('',(0.,0.,1.));
#5136 = ORIENTED_EDGE('',*,*,#5137,.T.);
#5137 = EDGE_CURVE('',#5130,#5106,#5138,.T.);
#5138 = LINE('',#5139,#5140);
#5139 = CARTESIAN_POINT('',(17.18,-0.32,6.3));
#5140 = VECTOR('',#5141,1.);
#5141 = DIRECTION('',(1.224646799147E-16,1.,0.));
#5142 = ORIENTED_EDGE('',*,*,#5113,.T.);
#5143 = PLANE('',#5144);
#5144 = AXIS2_PLACEMENT_3D('',#5145,#5146,#5147);
#5145 = CARTESIAN_POINT('',(17.18,-2.669730022141E-16,1.55));
#5146 = DIRECTION('',(-1.,1.224646799147E-16,0.));
#5147 = DIRECTION('',(0.,0.,1.));
#5148 = ADVANCED_FACE('',(#5149),#5160,.F.);
#5149 = FACE_BOUND('',#5150,.F.);
#5150 = EDGE_LOOP('',(#5151,#5152,#5153,#5154));
#5151 = ORIENTED_EDGE('',*,*,#5074,.F.);
#5152 = ORIENTED_EDGE('',*,*,#3318,.T.);
#5153 = ORIENTED_EDGE('',*,*,#5129,.T.);
#5154 = ORIENTED_EDGE('',*,*,#5155,.F.);
#5155 = EDGE_CURVE('',#5075,#5130,#5156,.T.);
#5156 = LINE('',#5157,#5158);
#5157 = CARTESIAN_POINT('',(17.82,-0.32,6.3));
#5158 = VECTOR('',#5159,1.);
#5159 = DIRECTION('',(-1.,1.224646799147E-16,0.));
#5160 = PLANE('',#5161);
#5161 = AXIS2_PLACEMENT_3D('',#5162,#5163,#5164);
#5162 = CARTESIAN_POINT('',(17.82,-0.32,-3.4));
#5163 = DIRECTION('',(1.224646799147E-16,1.,0.));
#5164 = DIRECTION('',(0.,-0.,1.));
#5165 = ADVANCED_FACE('',(#5166),#5191,.F.);
#5166 = FACE_BOUND('',#5167,.F.);
#5167 = EDGE_LOOP('',(#5168,#5169,#5177,#5185));
#5168 = ORIENTED_EDGE('',*,*,#3342,.T.);
#5169 = ORIENTED_EDGE('',*,*,#5170,.T.);
#5170 = EDGE_CURVE('',#3345,#5171,#5173,.T.);
#5171 = VERTEX_POINT('',#5172);
#5172 = CARTESIAN_POINT('',(7.82,-0.32,6.3));
#5173 = LINE('',#5174,#5175);
#5174 = CARTESIAN_POINT('',(7.82,-0.32,-3.4));
#5175 = VECTOR('',#5176,1.);
#5176 = DIRECTION('',(0.,0.,1.));
#5177 = ORIENTED_EDGE('',*,*,#5178,.T.);
#5178 = EDGE_CURVE('',#5171,#5179,#5181,.T.);
#5179 = VERTEX_POINT('',#5180);
#5180 = CARTESIAN_POINT('',(7.82,0.32,6.3));
#5181 = LINE('',#5182,#5183);
#5182 = CARTESIAN_POINT('',(7.82,-0.32,6.3));
#5183 = VECTOR('',#5184,1.);
#5184 = DIRECTION('',(1.224646799147E-16,1.,0.));
#5185 = ORIENTED_EDGE('',*,*,#5186,.T.);
#5186 = EDGE_CURVE('',#5179,#3343,#5187,.T.);
#5187 = LINE('',#5188,#5189);
#5188 = CARTESIAN_POINT('',(7.82,0.32,6.5));
#5189 = VECTOR('',#5190,1.);
#5190 = DIRECTION('',(-0.,0.,-1.));
#5191 = PLANE('',#5192);
#5192 = AXIS2_PLACEMENT_3D('',#5193,#5194,#5195);
#5193 = CARTESIAN_POINT('',(7.82,8.792964017878E-16,1.55));
#5194 = DIRECTION('',(-1.,1.224646799147E-16,0.));
#5195 = DIRECTION('',(0.,0.,1.));
#5196 = ADVANCED_FACE('',(#5197),#5215,.F.);
#5197 = FACE_BOUND('',#5198,.F.);
#5198 = EDGE_LOOP('',(#5199,#5200,#5208,#5214));
#5199 = ORIENTED_EDGE('',*,*,#5186,.F.);
#5200 = ORIENTED_EDGE('',*,*,#5201,.T.);
#5201 = EDGE_CURVE('',#5179,#5202,#5204,.T.);
#5202 = VERTEX_POINT('',#5203);
#5203 = CARTESIAN_POINT('',(7.18,0.32,6.3));
#5204 = LINE('',#5205,#5206);
#5205 = CARTESIAN_POINT('',(7.82,0.32,6.3));
#5206 = VECTOR('',#5207,1.);
#5207 = DIRECTION('',(-1.,1.224646799147E-16,0.));
#5208 = ORIENTED_EDGE('',*,*,#5209,.T.);
#5209 = EDGE_CURVE('',#5202,#3361,#5210,.T.);
#5210 = LINE('',#5211,#5212);
#5211 = CARTESIAN_POINT('',(7.18,0.32,6.5));
#5212 = VECTOR('',#5213,1.);
#5213 = DIRECTION('',(-0.,0.,-1.));
#5214 = ORIENTED_EDGE('',*,*,#3368,.T.);
#5215 = PLANE('',#5216);
#5216 = AXIS2_PLACEMENT_3D('',#5217,#5218,#5219);
#5217 = CARTESIAN_POINT('',(7.82,0.32,6.5));
#5218 = DIRECTION('',(-1.224646799147E-16,-1.,0.));
#5219 = DIRECTION('',(-0.,0.,-1.));
#5220 = ADVANCED_FACE('',(#5221),#5239,.T.);
#5221 = FACE_BOUND('',#5222,.T.);
#5222 = EDGE_LOOP('',(#5223,#5224,#5232,#5238));
#5223 = ORIENTED_EDGE('',*,*,#3360,.T.);
#5224 = ORIENTED_EDGE('',*,*,#5225,.T.);
#5225 = EDGE_CURVE('',#3353,#5226,#5228,.T.);
#5226 = VERTEX_POINT('',#5227);
#5227 = CARTESIAN_POINT('',(7.18,-0.32,6.3));
#5228 = LINE('',#5229,#5230);
#5229 = CARTESIAN_POINT('',(7.18,-0.32,-3.4));
#5230 = VECTOR('',#5231,1.);
#5231 = DIRECTION('',(0.,0.,1.));
#5232 = ORIENTED_EDGE('',*,*,#5233,.T.);
#5233 = EDGE_CURVE('',#5226,#5202,#5234,.T.);
#5234 = LINE('',#5235,#5236);
#5235 = CARTESIAN_POINT('',(7.18,-0.32,6.3));
#5236 = VECTOR('',#5237,1.);
#5237 = DIRECTION('',(1.224646799147E-16,1.,0.));
#5238 = ORIENTED_EDGE('',*,*,#5209,.T.);
#5239 = PLANE('',#5240);
#5240 = AXIS2_PLACEMENT_3D('',#5241,#5242,#5243);
#5241 = CARTESIAN_POINT('',(7.18,9.576737969332E-16,1.55));
#5242 = DIRECTION('',(-1.,1.224646799147E-16,0.));
#5243 = DIRECTION('',(0.,0.,1.));
#5244 = ADVANCED_FACE('',(#5245),#5256,.F.);
#5245 = FACE_BOUND('',#5246,.F.);
#5246 = EDGE_LOOP('',(#5247,#5248,#5249,#5250));
#5247 = ORIENTED_EDGE('',*,*,#5170,.F.);
#5248 = ORIENTED_EDGE('',*,*,#3352,.T.);
#5249 = ORIENTED_EDGE('',*,*,#5225,.T.);
#5250 = ORIENTED_EDGE('',*,*,#5251,.F.);
#5251 = EDGE_CURVE('',#5171,#5226,#5252,.T.);
#5252 = LINE('',#5253,#5254);
#5253 = CARTESIAN_POINT('',(7.82,-0.32,6.3));
#5254 = VECTOR('',#5255,1.);
#5255 = DIRECTION('',(-1.,1.224646799147E-16,0.));
#5256 = PLANE('',#5257);
#5257 = AXIS2_PLACEMENT_3D('',#5258,#5259,#5260);
#5258 = CARTESIAN_POINT('',(7.82,-0.32,-3.4));
#5259 = DIRECTION('',(1.224646799147E-16,1.,0.));
#5260 = DIRECTION('',(0.,-0.,1.));
#5261 = ADVANCED_FACE('',(#5262),#5287,.T.);
#5262 = FACE_BOUND('',#5263,.T.);
#5263 = EDGE_LOOP('',(#5264,#5265,#5273,#5281));
#5264 = ORIENTED_EDGE('',*,*,#3376,.T.);
#5265 = ORIENTED_EDGE('',*,*,#5266,.T.);
#5266 = EDGE_CURVE('',#3379,#5267,#5269,.T.);
#5267 = VERTEX_POINT('',#5268);
#5268 = CARTESIAN_POINT('',(9.68,-0.32,6.3));
#5269 = LINE('',#5270,#5271);
#5270 = CARTESIAN_POINT('',(9.68,-0.32,-3.4));
#5271 = VECTOR('',#5272,1.);
#5272 = DIRECTION('',(0.,0.,1.));
#5273 = ORIENTED_EDGE('',*,*,#5274,.T.);
#5274 = EDGE_CURVE('',#5267,#5275,#5277,.T.);
#5275 = VERTEX_POINT('',#5276);
#5276 = CARTESIAN_POINT('',(9.68,0.32,6.3));
#5277 = LINE('',#5278,#5279);
#5278 = CARTESIAN_POINT('',(9.68,-0.32,6.3));
#5279 = VECTOR('',#5280,1.);
#5280 = DIRECTION('',(1.224646799147E-16,1.,0.));
#5281 = ORIENTED_EDGE('',*,*,#5282,.T.);
#5282 = EDGE_CURVE('',#5275,#3377,#5283,.T.);
#5283 = LINE('',#5284,#5285);
#5284 = CARTESIAN_POINT('',(9.68,0.32,6.5));
#5285 = VECTOR('',#5286,1.);
#5286 = DIRECTION('',(-0.,0.,-1.));
#5287 = PLANE('',#5288);
#5288 = AXIS2_PLACEMENT_3D('',#5289,#5290,#5291);
#5289 = CARTESIAN_POINT('',(9.68,6.515120971464E-16,1.55));
#5290 = DIRECTION('',(-1.,1.224646799147E-16,0.));
#5291 = DIRECTION('',(0.,0.,1.));
#5292 = ADVANCED_FACE('',(#5293),#5311,.F.);
#5293 = FACE_BOUND('',#5294,.F.);
#5294 = EDGE_LOOP('',(#5295,#5303,#5304,#5305));
#5295 = ORIENTED_EDGE('',*,*,#5296,.F.);
#5296 = EDGE_CURVE('',#3395,#5297,#5299,.T.);
#5297 = VERTEX_POINT('',#5298);
#5298 = CARTESIAN_POINT('',(10.32,-0.32,6.3));
#5299 = LINE('',#5300,#5301);
#5300 = CARTESIAN_POINT('',(10.32,-0.32,-3.4));
#5301 = VECTOR('',#5302,1.);
#5302 = DIRECTION('',(0.,0.,1.));
#5303 = ORIENTED_EDGE('',*,*,#3402,.T.);
#5304 = ORIENTED_EDGE('',*,*,#5266,.T.);
#5305 = ORIENTED_EDGE('',*,*,#5306,.F.);
#5306 = EDGE_CURVE('',#5297,#5267,#5307,.T.);
#5307 = LINE('',#5308,#5309);
#5308 = CARTESIAN_POINT('',(10.32,-0.32,6.3));
#5309 = VECTOR('',#5310,1.);
#5310 = DIRECTION('',(-1.,1.224646799147E-16,0.));
#5311 = PLANE('',#5312);
#5312 = AXIS2_PLACEMENT_3D('',#5313,#5314,#5315);
#5313 = CARTESIAN_POINT('',(10.32,-0.32,-3.4));
#5314 = DIRECTION('',(1.224646799147E-16,1.,0.));
#5315 = DIRECTION('',(0.,-0.,1.));
#5316 = ADVANCED_FACE('',(#5317),#5335,.F.);
#5317 = FACE_BOUND('',#5318,.F.);
#5318 = EDGE_LOOP('',(#5319,#5320,#5321,#5329));
#5319 = ORIENTED_EDGE('',*,*,#3394,.T.);
#5320 = ORIENTED_EDGE('',*,*,#5296,.T.);
#5321 = ORIENTED_EDGE('',*,*,#5322,.T.);
#5322 = EDGE_CURVE('',#5297,#5323,#5325,.T.);
#5323 = VERTEX_POINT('',#5324);
#5324 = CARTESIAN_POINT('',(10.32,0.32,6.3));
#5325 = LINE('',#5326,#5327);
#5326 = CARTESIAN_POINT('',(10.32,-0.32,6.3));
#5327 = VECTOR('',#5328,1.);
#5328 = DIRECTION('',(1.224646799147E-16,1.,0.));
#5329 = ORIENTED_EDGE('',*,*,#5330,.T.);
#5330 = EDGE_CURVE('',#5323,#3387,#5331,.T.);
#5331 = LINE('',#5332,#5333);
#5332 = CARTESIAN_POINT('',(10.32,0.32,6.5));
#5333 = VECTOR('',#5334,1.);
#5334 = DIRECTION('',(-0.,0.,-1.));
#5335 = PLANE('',#5336);
#5336 = AXIS2_PLACEMENT_3D('',#5337,#5338,#5339);
#5337 = CARTESIAN_POINT('',(10.32,5.73134702001E-16,1.55));
#5338 = DIRECTION('',(-1.,1.224646799147E-16,0.));
#5339 = DIRECTION('',(0.,0.,1.));
#5340 = ADVANCED_FACE('',(#5341),#5352,.F.);
#5341 = FACE_BOUND('',#5342,.F.);
#5342 = EDGE_LOOP('',(#5343,#5344,#5350,#5351));
#5343 = ORIENTED_EDGE('',*,*,#5330,.F.);
#5344 = ORIENTED_EDGE('',*,*,#5345,.T.);
#5345 = EDGE_CURVE('',#5323,#5275,#5346,.T.);
#5346 = LINE('',#5347,#5348);
#5347 = CARTESIAN_POINT('',(10.32,0.32,6.3));
#5348 = VECTOR('',#5349,1.);
#5349 = DIRECTION('',(-1.,1.224646799147E-16,0.));
#5350 = ORIENTED_EDGE('',*,*,#5282,.T.);
#5351 = ORIENTED_EDGE('',*,*,#3386,.T.);
#5352 = PLANE('',#5353);
#5353 = AXIS2_PLACEMENT_3D('',#5354,#5355,#5356);
#5354 = CARTESIAN_POINT('',(10.32,0.32,6.5));
#5355 = DIRECTION('',(-1.224646799147E-16,-1.,0.));
#5356 = DIRECTION('',(-0.,0.,-1.));
#5357 = ADVANCED_FACE('',(#5358),#5383,.T.);
#5358 = FACE_BOUND('',#5359,.T.);
#5359 = EDGE_LOOP('',(#5360,#5361,#5369,#5377));
#5360 = ORIENTED_EDGE('',*,*,#3410,.T.);
#5361 = ORIENTED_EDGE('',*,*,#5362,.T.);
#5362 = EDGE_CURVE('',#3413,#5363,#5365,.T.);
#5363 = VERTEX_POINT('',#5364);
#5364 = CARTESIAN_POINT('',(12.18,-0.32,6.3));
#5365 = LINE('',#5366,#5367);
#5366 = CARTESIAN_POINT('',(12.18,-0.32,-3.4));
#5367 = VECTOR('',#5368,1.);
#5368 = DIRECTION('',(0.,0.,1.));
#5369 = ORIENTED_EDGE('',*,*,#5370,.T.);
#5370 = EDGE_CURVE('',#5363,#5371,#5373,.T.);
#5371 = VERTEX_POINT('',#5372);
#5372 = CARTESIAN_POINT('',(12.18,0.32,6.3));
#5373 = LINE('',#5374,#5375);
#5374 = CARTESIAN_POINT('',(12.18,-0.32,6.3));
#5375 = VECTOR('',#5376,1.);
#5376 = DIRECTION('',(1.224646799147E-16,1.,0.));
#5377 = ORIENTED_EDGE('',*,*,#5378,.T.);
#5378 = EDGE_CURVE('',#5371,#3411,#5379,.T.);
#5379 = LINE('',#5380,#5381);
#5380 = CARTESIAN_POINT('',(12.18,0.32,6.5));
#5381 = VECTOR('',#5382,1.);
#5382 = DIRECTION('',(-0.,0.,-1.));
#5383 = PLANE('',#5384);
#5384 = AXIS2_PLACEMENT_3D('',#5385,#5386,#5387);
#5385 = CARTESIAN_POINT('',(12.18,3.453503973596E-16,1.55));
#5386 = DIRECTION('',(-1.,1.224646799147E-16,0.));
#5387 = DIRECTION('',(0.,0.,1.));
#5388 = ADVANCED_FACE('',(#5389),#5407,.F.);
#5389 = FACE_BOUND('',#5390,.F.);
#5390 = EDGE_LOOP('',(#5391,#5399,#5400,#5401));
#5391 = ORIENTED_EDGE('',*,*,#5392,.F.);
#5392 = EDGE_CURVE('',#3429,#5393,#5395,.T.);
#5393 = VERTEX_POINT('',#5394);
#5394 = CARTESIAN_POINT('',(12.82,-0.32,6.3));
#5395 = LINE('',#5396,#5397);
#5396 = CARTESIAN_POINT('',(12.82,-0.32,-3.4));
#5397 = VECTOR('',#5398,1.);
#5398 = DIRECTION('',(0.,0.,1.));
#5399 = ORIENTED_EDGE('',*,*,#3436,.T.);
#5400 = ORIENTED_EDGE('',*,*,#5362,.T.);
#5401 = ORIENTED_EDGE('',*,*,#5402,.F.);
#5402 = EDGE_CURVE('',#5393,#5363,#5403,.T.);
#5403 = LINE('',#5404,#5405);
#5404 = CARTESIAN_POINT('',(12.82,-0.32,6.3));
#5405 = VECTOR('',#5406,1.);
#5406 = DIRECTION('',(-1.,1.224646799147E-16,0.));
#5407 = PLANE('',#5408);
#5408 = AXIS2_PLACEMENT_3D('',#5409,#5410,#5411);
#5409 = CARTESIAN_POINT('',(12.82,-0.32,-3.4));
#5410 = DIRECTION('',(1.224646799147E-16,1.,0.));
#5411 = DIRECTION('',(0.,-0.,1.));
#5412 = ADVANCED_FACE('',(#5413),#5431,.F.);
#5413 = FACE_BOUND('',#5414,.F.);
#5414 = EDGE_LOOP('',(#5415,#5416,#5417,#5425));
#5415 = ORIENTED_EDGE('',*,*,#3428,.T.);
#5416 = ORIENTED_EDGE('',*,*,#5392,.T.);
#5417 = ORIENTED_EDGE('',*,*,#5418,.T.);
#5418 = EDGE_CURVE('',#5393,#5419,#5421,.T.);
#5419 = VERTEX_POINT('',#5420);
#5420 = CARTESIAN_POINT('',(12.82,0.32,6.3));
#5421 = LINE('',#5422,#5423);
#5422 = CARTESIAN_POINT('',(12.82,-0.32,6.3));
#5423 = VECTOR('',#5424,1.);
#5424 = DIRECTION('',(1.224646799147E-16,1.,0.));
#5425 = ORIENTED_EDGE('',*,*,#5426,.T.);
#5426 = EDGE_CURVE('',#5419,#3421,#5427,.T.);
#5427 = LINE('',#5428,#5429);
#5428 = CARTESIAN_POINT('',(12.82,0.32,6.5));
#5429 = VECTOR('',#5430,1.);
#5430 = DIRECTION('',(-0.,0.,-1.));
#5431 = PLANE('',#5432);
#5432 = AXIS2_PLACEMENT_3D('',#5433,#5434,#5435);
#5433 = CARTESIAN_POINT('',(12.82,2.669730022141E-16,1.55));
#5434 = DIRECTION('',(-1.,1.224646799147E-16,0.));
#5435 = DIRECTION('',(0.,0.,1.));
#5436 = ADVANCED_FACE('',(#5437),#5448,.F.);
#5437 = FACE_BOUND('',#5438,.F.);
#5438 = EDGE_LOOP('',(#5439,#5440,#5446,#5447));
#5439 = ORIENTED_EDGE('',*,*,#5426,.F.);
#5440 = ORIENTED_EDGE('',*,*,#5441,.T.);
#5441 = EDGE_CURVE('',#5419,#5371,#5442,.T.);
#5442 = LINE('',#5443,#5444);
#5443 = CARTESIAN_POINT('',(12.82,0.32,6.3));
#5444 = VECTOR('',#5445,1.);
#5445 = DIRECTION('',(-1.,1.224646799147E-16,0.));
#5446 = ORIENTED_EDGE('',*,*,#5378,.T.);
#5447 = ORIENTED_EDGE('',*,*,#3420,.T.);
#5448 = PLANE('',#5449);
#5449 = AXIS2_PLACEMENT_3D('',#5450,#5451,#5452);
#5450 = CARTESIAN_POINT('',(12.82,0.32,6.5));
#5451 = DIRECTION('',(-1.224646799147E-16,-1.,0.));
#5452 = DIRECTION('',(-0.,0.,-1.));
#5453 = ADVANCED_FACE('',(#5454),#5479,.T.);
#5454 = FACE_BOUND('',#5455,.T.);
#5455 = EDGE_LOOP('',(#5456,#5457,#5465,#5473));
#5456 = ORIENTED_EDGE('',*,*,#3444,.T.);
#5457 = ORIENTED_EDGE('',*,*,#5458,.T.);
#5458 = EDGE_CURVE('',#3447,#5459,#5461,.T.);
#5459 = VERTEX_POINT('',#5460);
#5460 = CARTESIAN_POINT('',(14.68,-0.32,6.3));
#5461 = LINE('',#5462,#5463);
#5462 = CARTESIAN_POINT('',(14.68,-0.32,-3.4));
#5463 = VECTOR('',#5464,1.);
#5464 = DIRECTION('',(0.,0.,1.));
#5465 = ORIENTED_EDGE('',*,*,#5466,.T.);
#5466 = EDGE_CURVE('',#5459,#5467,#5469,.T.);
#5467 = VERTEX_POINT('',#5468);
#5468 = CARTESIAN_POINT('',(14.68,0.32,6.3));
#5469 = LINE('',#5470,#5471);
#5470 = CARTESIAN_POINT('',(14.68,-0.32,6.3));
#5471 = VECTOR('',#5472,1.);
#5472 = DIRECTION('',(1.224646799147E-16,1.,0.));
#5473 = ORIENTED_EDGE('',*,*,#5474,.T.);
#5474 = EDGE_CURVE('',#5467,#3445,#5475,.T.);
#5475 = LINE('',#5476,#5477);
#5476 = CARTESIAN_POINT('',(14.68,0.32,6.5));
#5477 = VECTOR('',#5478,1.);
#5478 = DIRECTION('',(-0.,0.,-1.));
#5479 = PLANE('',#5480);
#5480 = AXIS2_PLACEMENT_3D('',#5481,#5482,#5483);
#5481 = CARTESIAN_POINT('',(14.68,3.918869757272E-17,1.55));
#5482 = DIRECTION('',(-1.,1.224646799147E-16,0.));
#5483 = DIRECTION('',(0.,0.,1.));
#5484 = ADVANCED_FACE('',(#5485),#5503,.F.);
#5485 = FACE_BOUND('',#5486,.F.);
#5486 = EDGE_LOOP('',(#5487,#5495,#5496,#5497));
#5487 = ORIENTED_EDGE('',*,*,#5488,.F.);
#5488 = EDGE_CURVE('',#3463,#5489,#5491,.T.);
#5489 = VERTEX_POINT('',#5490);
#5490 = CARTESIAN_POINT('',(15.32,-0.32,6.3));
#5491 = LINE('',#5492,#5493);
#5492 = CARTESIAN_POINT('',(15.32,-0.32,-3.4));
#5493 = VECTOR('',#5494,1.);
#5494 = DIRECTION('',(0.,0.,1.));
#5495 = ORIENTED_EDGE('',*,*,#3470,.T.);
#5496 = ORIENTED_EDGE('',*,*,#5458,.T.);
#5497 = ORIENTED_EDGE('',*,*,#5498,.F.);
#5498 = EDGE_CURVE('',#5489,#5459,#5499,.T.);
#5499 = LINE('',#5500,#5501);
#5500 = CARTESIAN_POINT('',(15.32,-0.32,6.3));
#5501 = VECTOR('',#5502,1.);
#5502 = DIRECTION('',(-1.,1.224646799147E-16,0.));
#5503 = PLANE('',#5504);
#5504 = AXIS2_PLACEMENT_3D('',#5505,#5506,#5507);
#5505 = CARTESIAN_POINT('',(15.32,-0.32,-3.4));
#5506 = DIRECTION('',(1.224646799147E-16,1.,0.));
#5507 = DIRECTION('',(0.,-0.,1.));
#5508 = ADVANCED_FACE('',(#5509),#5527,.F.);
#5509 = FACE_BOUND('',#5510,.F.);
#5510 = EDGE_LOOP('',(#5511,#5512,#5513,#5521));
#5511 = ORIENTED_EDGE('',*,*,#3462,.T.);
#5512 = ORIENTED_EDGE('',*,*,#5488,.T.);
#5513 = ORIENTED_EDGE('',*,*,#5514,.T.);
#5514 = EDGE_CURVE('',#5489,#5515,#5517,.T.);
#5515 = VERTEX_POINT('',#5516);
#5516 = CARTESIAN_POINT('',(15.32,0.32,6.3));
#5517 = LINE('',#5518,#5519);
#5518 = CARTESIAN_POINT('',(15.32,-0.32,6.3));
#5519 = VECTOR('',#5520,1.);
#5520 = DIRECTION('',(1.224646799147E-16,1.,0.));
#5521 = ORIENTED_EDGE('',*,*,#5522,.T.);
#5522 = EDGE_CURVE('',#5515,#3455,#5523,.T.);
#5523 = LINE('',#5524,#5525);
#5524 = CARTESIAN_POINT('',(15.32,0.32,6.5));
#5525 = VECTOR('',#5526,1.);
#5526 = DIRECTION('',(-0.,0.,-1.));
#5527 = PLANE('',#5528);
#5528 = AXIS2_PLACEMENT_3D('',#5529,#5530,#5531);
#5529 = CARTESIAN_POINT('',(15.32,-3.918869757272E-17,1.55));
#5530 = DIRECTION('',(-1.,1.224646799147E-16,0.));
#5531 = DIRECTION('',(0.,0.,1.));
#5532 = ADVANCED_FACE('',(#5533),#5544,.F.);
#5533 = FACE_BOUND('',#5534,.F.);
#5534 = EDGE_LOOP('',(#5535,#5536,#5542,#5543));
#5535 = ORIENTED_EDGE('',*,*,#5522,.F.);
#5536 = ORIENTED_EDGE('',*,*,#5537,.T.);
#5537 = EDGE_CURVE('',#5515,#5467,#5538,.T.);
#5538 = LINE('',#5539,#5540);
#5539 = CARTESIAN_POINT('',(15.32,0.32,6.3));
#5540 = VECTOR('',#5541,1.);
#5541 = DIRECTION('',(-1.,1.224646799147E-16,0.));
#5542 = ORIENTED_EDGE('',*,*,#5474,.T.);
#5543 = ORIENTED_EDGE('',*,*,#3454,.T.);
#5544 = PLANE('',#5545);
#5545 = AXIS2_PLACEMENT_3D('',#5546,#5547,#5548);
#5546 = CARTESIAN_POINT('',(15.32,0.32,6.5));
#5547 = DIRECTION('',(-1.224646799147E-16,-1.,0.));
#5548 = DIRECTION('',(-0.,0.,-1.));
#5549 = ADVANCED_FACE('',(#5550),#5575,.T.);
#5550 = FACE_BOUND('',#5551,.T.);
#5551 = EDGE_LOOP('',(#5552,#5553,#5561,#5569));
#5552 = ORIENTED_EDGE('',*,*,#3478,.T.);
#5553 = ORIENTED_EDGE('',*,*,#5554,.T.);
#5554 = EDGE_CURVE('',#3481,#5555,#5557,.T.);
#5555 = VERTEX_POINT('',#5556);
#5556 = CARTESIAN_POINT('',(2.18,-0.32,6.3));
#5557 = LINE('',#5558,#5559);
#5558 = CARTESIAN_POINT('',(2.18,-0.32,-3.4));
#5559 = VECTOR('',#5560,1.);
#5560 = DIRECTION('',(0.,0.,1.));
#5561 = ORIENTED_EDGE('',*,*,#5562,.T.);
#5562 = EDGE_CURVE('',#5555,#5563,#5565,.T.);
#5563 = VERTEX_POINT('',#5564);
#5564 = CARTESIAN_POINT('',(2.18,0.32,6.3));
#5565 = LINE('',#5566,#5567);
#5566 = CARTESIAN_POINT('',(2.18,-0.32,6.3));
#5567 = VECTOR('',#5568,1.);
#5568 = DIRECTION('',(1.224646799147E-16,1.,0.));
#5569 = ORIENTED_EDGE('',*,*,#5570,.T.);
#5570 = EDGE_CURVE('',#5563,#3479,#5571,.T.);
#5571 = LINE('',#5572,#5573);
#5572 = CARTESIAN_POINT('',(2.18,0.32,6.5));
#5573 = VECTOR('',#5574,1.);
#5574 = DIRECTION('',(-0.,0.,-1.));
#5575 = PLANE('',#5576);
#5576 = AXIS2_PLACEMENT_3D('',#5577,#5578,#5579);
#5577 = CARTESIAN_POINT('',(2.18,1.569997196507E-15,1.55));
#5578 = DIRECTION('',(-1.,1.224646799147E-16,0.));
#5579 = DIRECTION('',(0.,0.,1.));
#5580 = ADVANCED_FACE('',(#5581),#5599,.F.);
#5581 = FACE_BOUND('',#5582,.F.);
#5582 = EDGE_LOOP('',(#5583,#5591,#5592,#5593));
#5583 = ORIENTED_EDGE('',*,*,#5584,.F.);
#5584 = EDGE_CURVE('',#3497,#5585,#5587,.T.);
#5585 = VERTEX_POINT('',#5586);
#5586 = CARTESIAN_POINT('',(2.82,-0.32,6.3));
#5587 = LINE('',#5588,#5589);
#5588 = CARTESIAN_POINT('',(2.82,-0.32,-3.4));
#5589 = VECTOR('',#5590,1.);
#5590 = DIRECTION('',(0.,0.,1.));
#5591 = ORIENTED_EDGE('',*,*,#3504,.T.);
#5592 = ORIENTED_EDGE('',*,*,#5554,.T.);
#5593 = ORIENTED_EDGE('',*,*,#5594,.F.);
#5594 = EDGE_CURVE('',#5585,#5555,#5595,.T.);
#5595 = LINE('',#5596,#5597);
#5596 = CARTESIAN_POINT('',(2.82,-0.32,6.3));
#5597 = VECTOR('',#5598,1.);
#5598 = DIRECTION('',(-1.,1.224646799147E-16,0.));
#5599 = PLANE('',#5600);
#5600 = AXIS2_PLACEMENT_3D('',#5601,#5602,#5603);
#5601 = CARTESIAN_POINT('',(2.82,-0.32,-3.4));
#5602 = DIRECTION('',(1.224646799147E-16,1.,0.));
#5603 = DIRECTION('',(0.,-0.,1.));
#5604 = ADVANCED_FACE('',(#5605),#5623,.F.);
#5605 = FACE_BOUND('',#5606,.F.);
#5606 = EDGE_LOOP('',(#5607,#5608,#5609,#5617));
#5607 = ORIENTED_EDGE('',*,*,#3496,.T.);
#5608 = ORIENTED_EDGE('',*,*,#5584,.T.);
#5609 = ORIENTED_EDGE('',*,*,#5610,.T.);
#5610 = EDGE_CURVE('',#5585,#5611,#5613,.T.);
#5611 = VERTEX_POINT('',#5612);
#5612 = CARTESIAN_POINT('',(2.82,0.32,6.3));
#5613 = LINE('',#5614,#5615);
#5614 = CARTESIAN_POINT('',(2.82,-0.32,6.3));
#5615 = VECTOR('',#5616,1.);
#5616 = DIRECTION('',(1.224646799147E-16,1.,0.));
#5617 = ORIENTED_EDGE('',*,*,#5618,.T.);
#5618 = EDGE_CURVE('',#5611,#3489,#5619,.T.);
#5619 = LINE('',#5620,#5621);
#5620 = CARTESIAN_POINT('',(2.82,0.32,6.5));
#5621 = VECTOR('',#5622,1.);
#5622 = DIRECTION('',(-0.,0.,-1.));
#5623 = PLANE('',#5624);
#5624 = AXIS2_PLACEMENT_3D('',#5625,#5626,#5627);
#5625 = CARTESIAN_POINT('',(2.82,1.491619801361E-15,1.55));
#5626 = DIRECTION('',(-1.,1.224646799147E-16,0.));
#5627 = DIRECTION('',(0.,0.,1.));
#5628 = ADVANCED_FACE('',(#5629),#5640,.F.);
#5629 = FACE_BOUND('',#5630,.F.);
#5630 = EDGE_LOOP('',(#5631,#5632,#5638,#5639));
#5631 = ORIENTED_EDGE('',*,*,#5618,.F.);
#5632 = ORIENTED_EDGE('',*,*,#5633,.T.);
#5633 = EDGE_CURVE('',#5611,#5563,#5634,.T.);
#5634 = LINE('',#5635,#5636);
#5635 = CARTESIAN_POINT('',(2.82,0.32,6.3));
#5636 = VECTOR('',#5637,1.);
#5637 = DIRECTION('',(-1.,1.224646799147E-16,0.));
#5638 = ORIENTED_EDGE('',*,*,#5570,.T.);
#5639 = ORIENTED_EDGE('',*,*,#3488,.T.);
#5640 = PLANE('',#5641);
#5641 = AXIS2_PLACEMENT_3D('',#5642,#5643,#5644);
#5642 = CARTESIAN_POINT('',(2.82,0.32,6.5));
#5643 = DIRECTION('',(-1.224646799147E-16,-1.,0.));
#5644 = DIRECTION('',(-0.,0.,-1.));
#5645 = ADVANCED_FACE('',(#5646),#5671,.F.);
#5646 = FACE_BOUND('',#5647,.F.);
#5647 = EDGE_LOOP('',(#5648,#5649,#5657,#5665));
#5648 = ORIENTED_EDGE('',*,*,#3512,.T.);
#5649 = ORIENTED_EDGE('',*,*,#5650,.T.);
#5650 = EDGE_CURVE('',#3515,#5651,#5653,.T.);
#5651 = VERTEX_POINT('',#5652);
#5652 = CARTESIAN_POINT('',(5.32,-0.32,6.3));
#5653 = LINE('',#5654,#5655);
#5654 = CARTESIAN_POINT('',(5.32,-0.32,-3.4));
#5655 = VECTOR('',#5656,1.);
#5656 = DIRECTION('',(0.,0.,1.));
#5657 = ORIENTED_EDGE('',*,*,#5658,.T.);
#5658 = EDGE_CURVE('',#5651,#5659,#5661,.T.);
#5659 = VERTEX_POINT('',#5660);
#5660 = CARTESIAN_POINT('',(5.32,0.32,6.3));
#5661 = LINE('',#5662,#5663);
#5662 = CARTESIAN_POINT('',(5.32,-0.32,6.3));
#5663 = VECTOR('',#5664,1.);
#5664 = DIRECTION('',(1.224646799147E-16,1.,0.));
#5665 = ORIENTED_EDGE('',*,*,#5666,.T.);
#5666 = EDGE_CURVE('',#5659,#3513,#5667,.T.);
#5667 = LINE('',#5668,#5669);
#5668 = CARTESIAN_POINT('',(5.32,0.32,6.5));
#5669 = VECTOR('',#5670,1.);
#5670 = DIRECTION('',(-0.,0.,-1.));
#5671 = PLANE('',#5672);
#5672 = AXIS2_PLACEMENT_3D('',#5673,#5674,#5675);
#5673 = CARTESIAN_POINT('',(5.32,1.185458101575E-15,1.55));
#5674 = DIRECTION('',(-1.,1.224646799147E-16,0.));
#5675 = DIRECTION('',(0.,0.,1.));
#5676 = ADVANCED_FACE('',(#5677),#5695,.F.);
#5677 = FACE_BOUND('',#5678,.F.);
#5678 = EDGE_LOOP('',(#5679,#5680,#5688,#5694));
#5679 = ORIENTED_EDGE('',*,*,#5666,.F.);
#5680 = ORIENTED_EDGE('',*,*,#5681,.T.);
#5681 = EDGE_CURVE('',#5659,#5682,#5684,.T.);
#5682 = VERTEX_POINT('',#5683);
#5683 = CARTESIAN_POINT('',(4.68,0.32,6.3));
#5684 = LINE('',#5685,#5686);
#5685 = CARTESIAN_POINT('',(5.32,0.32,6.3));
#5686 = VECTOR('',#5687,1.);
#5687 = DIRECTION('',(-1.,1.224646799147E-16,0.));
#5688 = ORIENTED_EDGE('',*,*,#5689,.T.);
#5689 = EDGE_CURVE('',#5682,#3531,#5690,.T.);
#5690 = LINE('',#5691,#5692);
#5691 = CARTESIAN_POINT('',(4.68,0.32,6.5));
#5692 = VECTOR('',#5693,1.);
#5693 = DIRECTION('',(-0.,0.,-1.));
#5694 = ORIENTED_EDGE('',*,*,#3538,.T.);
#5695 = PLANE('',#5696);
#5696 = AXIS2_PLACEMENT_3D('',#5697,#5698,#5699);
#5697 = CARTESIAN_POINT('',(5.32,0.32,6.5));
#5698 = DIRECTION('',(-1.224646799147E-16,-1.,0.));
#5699 = DIRECTION('',(-0.,0.,-1.));
#5700 = ADVANCED_FACE('',(#5701),#5719,.T.);
#5701 = FACE_BOUND('',#5702,.T.);
#5702 = EDGE_LOOP('',(#5703,#5704,#5712,#5718));
#5703 = ORIENTED_EDGE('',*,*,#3530,.T.);
#5704 = ORIENTED_EDGE('',*,*,#5705,.T.);
#5705 = EDGE_CURVE('',#3523,#5706,#5708,.T.);
#5706 = VERTEX_POINT('',#5707);
#5707 = CARTESIAN_POINT('',(4.68,-0.32,6.3));
#5708 = LINE('',#5709,#5710);
#5709 = CARTESIAN_POINT('',(4.68,-0.32,-3.4));
#5710 = VECTOR('',#5711,1.);
#5711 = DIRECTION('',(0.,0.,1.));
#5712 = ORIENTED_EDGE('',*,*,#5713,.T.);
#5713 = EDGE_CURVE('',#5706,#5682,#5714,.T.);
#5714 = LINE('',#5715,#5716);
#5715 = CARTESIAN_POINT('',(4.68,-0.32,6.3));
#5716 = VECTOR('',#5717,1.);
#5717 = DIRECTION('',(1.224646799147E-16,1.,0.));
#5718 = ORIENTED_EDGE('',*,*,#5689,.T.);
#5719 = PLANE('',#5720);
#5720 = AXIS2_PLACEMENT_3D('',#5721,#5722,#5723);
#5721 = CARTESIAN_POINT('',(4.68,1.26383549672E-15,1.55));
#5722 = DIRECTION('',(-1.,1.224646799147E-16,0.));
#5723 = DIRECTION('',(0.,0.,1.));
#5724 = ADVANCED_FACE('',(#5725),#5736,.F.);
#5725 = FACE_BOUND('',#5726,.F.);
#5726 = EDGE_LOOP('',(#5727,#5728,#5729,#5730));
#5727 = ORIENTED_EDGE('',*,*,#5650,.F.);
#5728 = ORIENTED_EDGE('',*,*,#3522,.T.);
#5729 = ORIENTED_EDGE('',*,*,#5705,.T.);
#5730 = ORIENTED_EDGE('',*,*,#5731,.F.);
#5731 = EDGE_CURVE('',#5651,#5706,#5732,.T.);
#5732 = LINE('',#5733,#5734);
#5733 = CARTESIAN_POINT('',(5.32,-0.32,6.3));
#5734 = VECTOR('',#5735,1.);
#5735 = DIRECTION('',(-1.,1.224646799147E-16,0.));
#5736 = PLANE('',#5737);
#5737 = AXIS2_PLACEMENT_3D('',#5738,#5739,#5740);
#5738 = CARTESIAN_POINT('',(5.32,-0.32,-3.4));
#5739 = DIRECTION('',(1.224646799147E-16,1.,0.));
#5740 = DIRECTION('',(0.,-0.,1.));
#5741 = ADVANCED_FACE('',(#5742),#5767,.T.);
#5742 = FACE_BOUND('',#5743,.T.);
#5743 = EDGE_LOOP('',(#5744,#5745,#5753,#5761));
#5744 = ORIENTED_EDGE('',*,*,#3546,.T.);
#5745 = ORIENTED_EDGE('',*,*,#5746,.T.);
#5746 = EDGE_CURVE('',#3549,#5747,#5749,.T.);
#5747 = VERTEX_POINT('',#5748);
#5748 = CARTESIAN_POINT('',(29.68,-0.32,6.3));
#5749 = LINE('',#5750,#5751);
#5750 = CARTESIAN_POINT('',(29.68,-0.32,-0.9));
#5751 = VECTOR('',#5752,1.);
#5752 = DIRECTION('',(0.,0.,1.));
#5753 = ORIENTED_EDGE('',*,*,#5754,.T.);
#5754 = EDGE_CURVE('',#5747,#5755,#5757,.T.);
#5755 = VERTEX_POINT('',#5756);
#5756 = CARTESIAN_POINT('',(29.68,0.32,6.3));
#5757 = LINE('',#5758,#5759);
#5758 = CARTESIAN_POINT('',(29.68,-0.32,6.3));
#5759 = VECTOR('',#5760,1.);
#5760 = DIRECTION('',(1.224646799147E-16,1.,0.));
#5761 = ORIENTED_EDGE('',*,*,#5762,.T.);
#5762 = EDGE_CURVE('',#5755,#3547,#5763,.T.);
#5763 = LINE('',#5764,#5765);
#5764 = CARTESIAN_POINT('',(29.68,0.32,6.5));
#5765 = VECTOR('',#5766,1.);
#5766 = DIRECTION('',(-0.,0.,-1.));
#5767 = PLANE('',#5768);
#5768 = AXIS2_PLACEMENT_3D('',#5769,#5770,#5771);
#5769 = CARTESIAN_POINT('',(29.68,3.65940088399E-02,1.522832428212));
#5770 = DIRECTION('',(-1.,1.224646799147E-16,0.));
#5771 = DIRECTION('',(0.,0.,1.));
#5772 = ADVANCED_FACE('',(#5773),#5791,.F.);
#5773 = FACE_BOUND('',#5774,.F.);
#5774 = EDGE_LOOP('',(#5775,#5783,#5784,#5785));
#5775 = ORIENTED_EDGE('',*,*,#5776,.F.);
#5776 = EDGE_CURVE('',#3565,#5777,#5779,.T.);
#5777 = VERTEX_POINT('',#5778);
#5778 = CARTESIAN_POINT('',(30.32,-0.32,6.3));
#5779 = LINE('',#5780,#5781);
#5780 = CARTESIAN_POINT('',(30.32,-0.32,-0.9));
#5781 = VECTOR('',#5782,1.);
#5782 = DIRECTION('',(0.,0.,1.));
#5783 = ORIENTED_EDGE('',*,*,#3572,.T.);
#5784 = ORIENTED_EDGE('',*,*,#5746,.T.);
#5785 = ORIENTED_EDGE('',*,*,#5786,.F.);
#5786 = EDGE_CURVE('',#5777,#5747,#5787,.T.);
#5787 = LINE('',#5788,#5789);
#5788 = CARTESIAN_POINT('',(30.32,-0.32,6.3));
#5789 = VECTOR('',#5790,1.);
#5790 = DIRECTION('',(-1.,1.224646799147E-16,0.));
#5791 = PLANE('',#5792);
#5792 = AXIS2_PLACEMENT_3D('',#5793,#5794,#5795);
#5793 = CARTESIAN_POINT('',(30.32,-0.32,-0.9));
#5794 = DIRECTION('',(1.224646799147E-16,1.,0.));
#5795 = DIRECTION('',(0.,-0.,1.));
#5796 = ADVANCED_FACE('',(#5797),#5815,.F.);
#5797 = FACE_BOUND('',#5798,.F.);
#5798 = EDGE_LOOP('',(#5799,#5800,#5801,#5809));
#5799 = ORIENTED_EDGE('',*,*,#3564,.T.);
#5800 = ORIENTED_EDGE('',*,*,#5776,.T.);
#5801 = ORIENTED_EDGE('',*,*,#5802,.T.);
#5802 = EDGE_CURVE('',#5777,#5803,#5805,.T.);
#5803 = VERTEX_POINT('',#5804);
#5804 = CARTESIAN_POINT('',(30.32,0.32,6.3));
#5805 = LINE('',#5806,#5807);
#5806 = CARTESIAN_POINT('',(30.32,-0.32,6.3));
#5807 = VECTOR('',#5808,1.);
#5808 = DIRECTION('',(1.224646799147E-16,1.,0.));
#5809 = ORIENTED_EDGE('',*,*,#5810,.T.);
#5810 = EDGE_CURVE('',#5803,#3557,#5811,.T.);
#5811 = LINE('',#5812,#5813);
#5812 = CARTESIAN_POINT('',(30.32,0.32,6.5));
#5813 = VECTOR('',#5814,1.);
#5814 = DIRECTION('',(-0.,0.,-1.));
#5815 = PLANE('',#5816);
#5816 = AXIS2_PLACEMENT_3D('',#5817,#5818,#5819);
#5817 = CARTESIAN_POINT('',(30.32,3.65940088399E-02,1.522832428212));
#5818 = DIRECTION('',(-1.,1.224646799147E-16,0.));
#5819 = DIRECTION('',(0.,0.,1.));
#5820 = ADVANCED_FACE('',(#5821),#5832,.F.);
#5821 = FACE_BOUND('',#5822,.F.);
#5822 = EDGE_LOOP('',(#5823,#5824,#5830,#5831));
#5823 = ORIENTED_EDGE('',*,*,#5810,.F.);
#5824 = ORIENTED_EDGE('',*,*,#5825,.T.);
#5825 = EDGE_CURVE('',#5803,#5755,#5826,.T.);
#5826 = LINE('',#5827,#5828);
#5827 = CARTESIAN_POINT('',(30.32,0.32,6.3));
#5828 = VECTOR('',#5829,1.);
#5829 = DIRECTION('',(-1.,1.224646799147E-16,0.));
#5830 = ORIENTED_EDGE('',*,*,#5762,.T.);
#5831 = ORIENTED_EDGE('',*,*,#3556,.T.);
#5832 = PLANE('',#5833);
#5833 = AXIS2_PLACEMENT_3D('',#5834,#5835,#5836);
#5834 = CARTESIAN_POINT('',(30.32,0.32,6.5));
#5835 = DIRECTION('',(-1.224646799147E-16,-1.,0.));
#5836 = DIRECTION('',(-0.,0.,-1.));
#5837 = ADVANCED_FACE('',(#5838),#5863,.T.);
#5838 = FACE_BOUND('',#5839,.T.);
#5839 = EDGE_LOOP('',(#5840,#5841,#5849,#5857));
#5840 = ORIENTED_EDGE('',*,*,#3580,.T.);
#5841 = ORIENTED_EDGE('',*,*,#5842,.T.);
#5842 = EDGE_CURVE('',#3583,#5843,#5845,.T.);
#5843 = VERTEX_POINT('',#5844);
#5844 = CARTESIAN_POINT('',(-0.32,-0.32,6.3));
#5845 = LINE('',#5846,#5847);
#5846 = CARTESIAN_POINT('',(-0.32,-0.32,-0.9));
#5847 = VECTOR('',#5848,1.);
#5848 = DIRECTION('',(0.,0.,1.));
#5849 = ORIENTED_EDGE('',*,*,#5850,.T.);
#5850 = EDGE_CURVE('',#5843,#5851,#5853,.T.);
#5851 = VERTEX_POINT('',#5852);
#5852 = CARTESIAN_POINT('',(-0.32,0.32,6.3));
#5853 = LINE('',#5854,#5855);
#5854 = CARTESIAN_POINT('',(-0.32,-0.32,6.3));
#5855 = VECTOR('',#5856,1.);
#5856 = DIRECTION('',(1.224646799147E-16,1.,0.));
#5857 = ORIENTED_EDGE('',*,*,#5858,.T.);
#5858 = EDGE_CURVE('',#5851,#3581,#5859,.T.);
#5859 = LINE('',#5860,#5861);
#5860 = CARTESIAN_POINT('',(-0.32,0.32,6.5));
#5861 = VECTOR('',#5862,1.);
#5862 = DIRECTION('',(-0.,0.,-1.));
#5863 = PLANE('',#5864);
#5864 = AXIS2_PLACEMENT_3D('',#5865,#5866,#5867);
#5865 = CARTESIAN_POINT('',(-0.32,3.65940088399E-02,1.522832428212));
#5866 = DIRECTION('',(-1.,1.224646799147E-16,0.));
#5867 = DIRECTION('',(0.,0.,1.));
#5868 = ADVANCED_FACE('',(#5869),#5887,.F.);
#5869 = FACE_BOUND('',#5870,.F.);
#5870 = EDGE_LOOP('',(#5871,#5879,#5880,#5881));
#5871 = ORIENTED_EDGE('',*,*,#5872,.F.);
#5872 = EDGE_CURVE('',#3599,#5873,#5875,.T.);
#5873 = VERTEX_POINT('',#5874);
#5874 = CARTESIAN_POINT('',(0.32,-0.32,6.3));
#5875 = LINE('',#5876,#5877);
#5876 = CARTESIAN_POINT('',(0.32,-0.32,-0.9));
#5877 = VECTOR('',#5878,1.);
#5878 = DIRECTION('',(0.,0.,1.));
#5879 = ORIENTED_EDGE('',*,*,#3606,.T.);
#5880 = ORIENTED_EDGE('',*,*,#5842,.T.);
#5881 = ORIENTED_EDGE('',*,*,#5882,.F.);
#5882 = EDGE_CURVE('',#5873,#5843,#5883,.T.);
#5883 = LINE('',#5884,#5885);
#5884 = CARTESIAN_POINT('',(0.32,-0.32,6.3));
#5885 = VECTOR('',#5886,1.);
#5886 = DIRECTION('',(-1.,1.224646799147E-16,0.));
#5887 = PLANE('',#5888);
#5888 = AXIS2_PLACEMENT_3D('',#5889,#5890,#5891);
#5889 = CARTESIAN_POINT('',(0.32,-0.32,-0.9));
#5890 = DIRECTION('',(1.224646799147E-16,1.,0.));
#5891 = DIRECTION('',(0.,-0.,1.));
#5892 = ADVANCED_FACE('',(#5893),#5911,.F.);
#5893 = FACE_BOUND('',#5894,.F.);
#5894 = EDGE_LOOP('',(#5895,#5896,#5897,#5905));
#5895 = ORIENTED_EDGE('',*,*,#3598,.T.);
#5896 = ORIENTED_EDGE('',*,*,#5872,.T.);
#5897 = ORIENTED_EDGE('',*,*,#5898,.T.);
#5898 = EDGE_CURVE('',#5873,#5899,#5901,.T.);
#5899 = VERTEX_POINT('',#5900);
#5900 = CARTESIAN_POINT('',(0.32,0.32,6.3));
#5901 = LINE('',#5902,#5903);
#5902 = CARTESIAN_POINT('',(0.32,-0.32,6.3));
#5903 = VECTOR('',#5904,1.);
#5904 = DIRECTION('',(1.224646799147E-16,1.,0.));
#5905 = ORIENTED_EDGE('',*,*,#5906,.T.);
#5906 = EDGE_CURVE('',#5899,#3591,#5907,.T.);
#5907 = LINE('',#5908,#5909);
#5908 = CARTESIAN_POINT('',(0.32,0.32,6.5));
#5909 = VECTOR('',#5910,1.);
#5910 = DIRECTION('',(-0.,0.,-1.));
#5911 = PLANE('',#5912);
#5912 = AXIS2_PLACEMENT_3D('',#5913,#5914,#5915);
#5913 = CARTESIAN_POINT('',(0.32,3.65940088399E-02,1.522832428212));
#5914 = DIRECTION('',(-1.,1.224646799147E-16,0.));
#5915 = DIRECTION('',(0.,0.,1.));
#5916 = ADVANCED_FACE('',(#5917),#5928,.F.);
#5917 = FACE_BOUND('',#5918,.F.);
#5918 = EDGE_LOOP('',(#5919,#5920,#5926,#5927));
#5919 = ORIENTED_EDGE('',*,*,#5906,.F.);
#5920 = ORIENTED_EDGE('',*,*,#5921,.T.);
#5921 = EDGE_CURVE('',#5899,#5851,#5922,.T.);
#5922 = LINE('',#5923,#5924);
#5923 = CARTESIAN_POINT('',(0.32,0.32,6.3));
#5924 = VECTOR('',#5925,1.);
#5925 = DIRECTION('',(-1.,1.224646799147E-16,0.));
#5926 = ORIENTED_EDGE('',*,*,#5858,.T.);
#5927 = ORIENTED_EDGE('',*,*,#3590,.T.);
#5928 = PLANE('',#5929);
#5929 = AXIS2_PLACEMENT_3D('',#5930,#5931,#5932);
#5930 = CARTESIAN_POINT('',(0.32,0.32,6.5));
#5931 = DIRECTION('',(-1.224646799147E-16,-1.,0.));
#5932 = DIRECTION('',(-0.,0.,-1.));
#5933 = ADVANCED_FACE('',(#5934),#5991,.T.);
#5934 = FACE_BOUND('',#5935,.T.);
#5935 = EDGE_LOOP('',(#5936,#5946,#5954,#5962,#5968,#5969,#5977,#5985));
#5936 = ORIENTED_EDGE('',*,*,#5937,.T.);
#5937 = EDGE_CURVE('',#5938,#5940,#5942,.T.);
#5938 = VERTEX_POINT('',#5939);
#5939 = CARTESIAN_POINT('',(-0.32,0.351578947368,-3.2));
#5940 = VERTEX_POINT('',#5941);
#5941 = CARTESIAN_POINT('',(-0.32,-0.288421052632,-3.2));
#5942 = LINE('',#5943,#5944);
#5943 = CARTESIAN_POINT('',(-0.32,0.32,-3.2));
#5944 = VECTOR('',#5945,1.);
#5945 = DIRECTION('',(-1.224646799147E-16,-1.,0.));
#5946 = ORIENTED_EDGE('',*,*,#5947,.T.);
#5947 = EDGE_CURVE('',#5940,#5948,#5950,.T.);
#5948 = VERTEX_POINT('',#5949);
#5949 = CARTESIAN_POINT('',(-0.32,-2.E-02,-1.5));
#5950 = LINE('',#5951,#5952);
#5951 = CARTESIAN_POINT('',(-0.32,-0.32,-3.4));
#5952 = VECTOR('',#5953,1.);
#5953 = DIRECTION('',(1.909990663905E-17,0.155962573473,0.987762965329)
  );
#5954 = ORIENTED_EDGE('',*,*,#5955,.T.);
#5955 = EDGE_CURVE('',#5948,#5956,#5958,.T.);
#5956 = VERTEX_POINT('',#5957);
#5957 = CARTESIAN_POINT('',(-0.32,-0.32,-0.9));
#5958 = LINE('',#5959,#5960);
#5959 = CARTESIAN_POINT('',(-0.32,-2.E-02,-1.5));
#5960 = VECTOR('',#5961,1.);
#5961 = DIRECTION('',(-5.476786982641E-17,-0.4472135955,0.894427191));
#5962 = ORIENTED_EDGE('',*,*,#5963,.T.);
#5963 = EDGE_CURVE('',#5956,#4100,#5964,.T.);
#5964 = LINE('',#5965,#5966);
#5965 = CARTESIAN_POINT('',(-0.32,-0.32,-0.9));
#5966 = VECTOR('',#5967,1.);
#5967 = DIRECTION('',(0.,0.,1.));
#5968 = ORIENTED_EDGE('',*,*,#4097,.F.);
#5969 = ORIENTED_EDGE('',*,*,#5970,.T.);
#5970 = EDGE_CURVE('',#4098,#5971,#5973,.T.);
#5971 = VERTEX_POINT('',#5972);
#5972 = CARTESIAN_POINT('',(-0.32,0.32,-0.9));
#5973 = LINE('',#5974,#5975);
#5974 = CARTESIAN_POINT('',(-0.32,0.32,6.5));
#5975 = VECTOR('',#5976,1.);
#5976 = DIRECTION('',(-0.,0.,-1.));
#5977 = ORIENTED_EDGE('',*,*,#5978,.T.);
#5978 = EDGE_CURVE('',#5971,#5979,#5981,.T.);
#5979 = VERTEX_POINT('',#5980);
#5980 = CARTESIAN_POINT('',(-0.32,0.62,-1.5));
#5981 = LINE('',#5982,#5983);
#5982 = CARTESIAN_POINT('',(-0.32,0.32,-0.9));
#5983 = VECTOR('',#5984,1.);
#5984 = DIRECTION('',(5.476786982641E-17,0.4472135955,-0.894427191));
#5985 = ORIENTED_EDGE('',*,*,#5986,.T.);
#5986 = EDGE_CURVE('',#5979,#5938,#5987,.T.);
#5987 = LINE('',#5988,#5989);
#5988 = CARTESIAN_POINT('',(-0.32,0.62,-1.5));
#5989 = VECTOR('',#5990,1.);
#5990 = DIRECTION('',(-1.909990663905E-17,-0.155962573473,
    -0.987762965329));
#5991 = PLANE('',#5992);
#5992 = AXIS2_PLACEMENT_3D('',#5993,#5994,#5995);
#5993 = CARTESIAN_POINT('',(-0.32,3.65940088399E-02,1.522832428212));
#5994 = DIRECTION('',(-1.,1.224646799147E-16,0.));
#5995 = DIRECTION('',(0.,0.,1.));
#5996 = ADVANCED_FACE('',(#5997),#6015,.F.);
#5997 = FACE_BOUND('',#5998,.F.);
#5998 = EDGE_LOOP('',(#5999,#6007,#6013,#6014));
#5999 = ORIENTED_EDGE('',*,*,#6000,.F.);
#6000 = EDGE_CURVE('',#6001,#4116,#6003,.T.);
#6001 = VERTEX_POINT('',#6002);
#6002 = CARTESIAN_POINT('',(0.32,-0.32,-0.9));
#6003 = LINE('',#6004,#6005);
#6004 = CARTESIAN_POINT('',(0.32,-0.32,-0.9));
#6005 = VECTOR('',#6006,1.);
#6006 = DIRECTION('',(0.,0.,1.));
#6007 = ORIENTED_EDGE('',*,*,#6008,.T.);
#6008 = EDGE_CURVE('',#6001,#5956,#6009,.T.);
#6009 = LINE('',#6010,#6011);
#6010 = CARTESIAN_POINT('',(0.32,-0.32,-0.9));
#6011 = VECTOR('',#6012,1.);
#6012 = DIRECTION('',(-1.,1.224646799147E-16,0.));
#6013 = ORIENTED_EDGE('',*,*,#5963,.T.);
#6014 = ORIENTED_EDGE('',*,*,#4123,.F.);
#6015 = PLANE('',#6016);
#6016 = AXIS2_PLACEMENT_3D('',#6017,#6018,#6019);
#6017 = CARTESIAN_POINT('',(0.32,-0.32,-0.9));
#6018 = DIRECTION('',(1.224646799147E-16,1.,0.));
#6019 = DIRECTION('',(0.,-0.,1.));
#6020 = ADVANCED_FACE('',(#6021),#6071,.F.);
#6021 = FACE_BOUND('',#6022,.F.);
#6022 = EDGE_LOOP('',(#6023,#6033,#6041,#6047,#6048,#6049,#6057,#6065));
#6023 = ORIENTED_EDGE('',*,*,#6024,.T.);
#6024 = EDGE_CURVE('',#6025,#6027,#6029,.T.);
#6025 = VERTEX_POINT('',#6026);
#6026 = CARTESIAN_POINT('',(0.32,0.351578947368,-3.2));
#6027 = VERTEX_POINT('',#6028);
#6028 = CARTESIAN_POINT('',(0.32,-0.288421052632,-3.2));
#6029 = LINE('',#6030,#6031);
#6030 = CARTESIAN_POINT('',(0.32,0.32,-3.2));
#6031 = VECTOR('',#6032,1.);
#6032 = DIRECTION('',(-1.224646799147E-16,-1.,0.));
#6033 = ORIENTED_EDGE('',*,*,#6034,.T.);
#6034 = EDGE_CURVE('',#6027,#6035,#6037,.T.);
#6035 = VERTEX_POINT('',#6036);
#6036 = CARTESIAN_POINT('',(0.32,-2.E-02,-1.5));
#6037 = LINE('',#6038,#6039);
#6038 = CARTESIAN_POINT('',(0.32,-0.32,-3.4));
#6039 = VECTOR('',#6040,1.);
#6040 = DIRECTION('',(1.909990663905E-17,0.155962573473,0.987762965329)
  );
#6041 = ORIENTED_EDGE('',*,*,#6042,.T.);
#6042 = EDGE_CURVE('',#6035,#6001,#6043,.T.);
#6043 = LINE('',#6044,#6045);
#6044 = CARTESIAN_POINT('',(0.32,-2.E-02,-1.5));
#6045 = VECTOR('',#6046,1.);
#6046 = DIRECTION('',(-5.476786982641E-17,-0.4472135955,0.894427191));
#6047 = ORIENTED_EDGE('',*,*,#6000,.T.);
#6048 = ORIENTED_EDGE('',*,*,#4115,.F.);
#6049 = ORIENTED_EDGE('',*,*,#6050,.T.);
#6050 = EDGE_CURVE('',#4108,#6051,#6053,.T.);
#6051 = VERTEX_POINT('',#6052);
#6052 = CARTESIAN_POINT('',(0.32,0.32,-0.9));
#6053 = LINE('',#6054,#6055);
#6054 = CARTESIAN_POINT('',(0.32,0.32,6.5));
#6055 = VECTOR('',#6056,1.);
#6056 = DIRECTION('',(-0.,0.,-1.));
#6057 = ORIENTED_EDGE('',*,*,#6058,.T.);
#6058 = EDGE_CURVE('',#6051,#6059,#6061,.T.);
#6059 = VERTEX_POINT('',#6060);
#6060 = CARTESIAN_POINT('',(0.32,0.62,-1.5));
#6061 = LINE('',#6062,#6063);
#6062 = CARTESIAN_POINT('',(0.32,0.32,-0.9));
#6063 = VECTOR('',#6064,1.);
#6064 = DIRECTION('',(5.476786982641E-17,0.4472135955,-0.894427191));
#6065 = ORIENTED_EDGE('',*,*,#6066,.T.);
#6066 = EDGE_CURVE('',#6059,#6025,#6067,.T.);
#6067 = LINE('',#6068,#6069);
#6068 = CARTESIAN_POINT('',(0.32,0.62,-1.5));
#6069 = VECTOR('',#6070,1.);
#6070 = DIRECTION('',(-1.909990663905E-17,-0.155962573473,
    -0.987762965329));
#6071 = PLANE('',#6072);
#6072 = AXIS2_PLACEMENT_3D('',#6073,#6074,#6075);
#6073 = CARTESIAN_POINT('',(0.32,3.65940088399E-02,1.522832428212));
#6074 = DIRECTION('',(-1.,1.224646799147E-16,0.));
#6075 = DIRECTION('',(0.,0.,1.));
#6076 = ADVANCED_FACE('',(#6077),#6088,.F.);
#6077 = FACE_BOUND('',#6078,.F.);
#6078 = EDGE_LOOP('',(#6079,#6080,#6081,#6082));
#6079 = ORIENTED_EDGE('',*,*,#6050,.F.);
#6080 = ORIENTED_EDGE('',*,*,#4107,.F.);
#6081 = ORIENTED_EDGE('',*,*,#5970,.T.);
#6082 = ORIENTED_EDGE('',*,*,#6083,.F.);
#6083 = EDGE_CURVE('',#6051,#5971,#6084,.T.);
#6084 = LINE('',#6085,#6086);
#6085 = CARTESIAN_POINT('',(0.32,0.32,-0.9));
#6086 = VECTOR('',#6087,1.);
#6087 = DIRECTION('',(-1.,1.224646799147E-16,0.));
#6088 = PLANE('',#6089);
#6089 = AXIS2_PLACEMENT_3D('',#6090,#6091,#6092);
#6090 = CARTESIAN_POINT('',(0.32,0.32,6.5));
#6091 = DIRECTION('',(-1.224646799147E-16,-1.,0.));
#6092 = DIRECTION('',(-0.,0.,-1.));
#6093 = ADVANCED_FACE('',(#6094),#6119,.T.);
#6094 = FACE_BOUND('',#6095,.T.);
#6095 = EDGE_LOOP('',(#6096,#6106,#6112,#6113));
#6096 = ORIENTED_EDGE('',*,*,#6097,.T.);
#6097 = EDGE_CURVE('',#6098,#6100,#6102,.T.);
#6098 = VERTEX_POINT('',#6099);
#6099 = CARTESIAN_POINT('',(2.18,0.32,-3.2));
#6100 = VERTEX_POINT('',#6101);
#6101 = CARTESIAN_POINT('',(2.18,-0.32,-3.2));
#6102 = LINE('',#6103,#6104);
#6103 = CARTESIAN_POINT('',(2.18,0.32,-3.2));
#6104 = VECTOR('',#6105,1.);
#6105 = DIRECTION('',(-1.224646799147E-16,-1.,0.));
#6106 = ORIENTED_EDGE('',*,*,#6107,.T.);
#6107 = EDGE_CURVE('',#6100,#4146,#6108,.T.);
#6108 = LINE('',#6109,#6110);
#6109 = CARTESIAN_POINT('',(2.18,-0.32,-3.4));
#6110 = VECTOR('',#6111,1.);
#6111 = DIRECTION('',(0.,0.,1.));
#6112 = ORIENTED_EDGE('',*,*,#4143,.F.);
#6113 = ORIENTED_EDGE('',*,*,#6114,.T.);
#6114 = EDGE_CURVE('',#4144,#6098,#6115,.T.);
#6115 = LINE('',#6116,#6117);
#6116 = CARTESIAN_POINT('',(2.18,0.32,6.5));
#6117 = VECTOR('',#6118,1.);
#6118 = DIRECTION('',(-0.,0.,-1.));
#6119 = PLANE('',#6120);
#6120 = AXIS2_PLACEMENT_3D('',#6121,#6122,#6123);
#6121 = CARTESIAN_POINT('',(2.18,1.569997196507E-15,1.55));
#6122 = DIRECTION('',(-1.,1.224646799147E-16,0.));
#6123 = DIRECTION('',(0.,0.,1.));
#6124 = ADVANCED_FACE('',(#6125),#6143,.F.);
#6125 = FACE_BOUND('',#6126,.F.);
#6126 = EDGE_LOOP('',(#6127,#6135,#6141,#6142));
#6127 = ORIENTED_EDGE('',*,*,#6128,.F.);
#6128 = EDGE_CURVE('',#6129,#4162,#6131,.T.);
#6129 = VERTEX_POINT('',#6130);
#6130 = CARTESIAN_POINT('',(2.82,-0.32,-3.2));
#6131 = LINE('',#6132,#6133);
#6132 = CARTESIAN_POINT('',(2.82,-0.32,-3.4));
#6133 = VECTOR('',#6134,1.);
#6134 = DIRECTION('',(0.,0.,1.));
#6135 = ORIENTED_EDGE('',*,*,#6136,.T.);
#6136 = EDGE_CURVE('',#6129,#6100,#6137,.T.);
#6137 = LINE('',#6138,#6139);
#6138 = CARTESIAN_POINT('',(2.82,-0.32,-3.2));
#6139 = VECTOR('',#6140,1.);
#6140 = DIRECTION('',(-1.,1.224646799147E-16,0.));
#6141 = ORIENTED_EDGE('',*,*,#6107,.T.);
#6142 = ORIENTED_EDGE('',*,*,#4169,.F.);
#6143 = PLANE('',#6144);
#6144 = AXIS2_PLACEMENT_3D('',#6145,#6146,#6147);
#6145 = CARTESIAN_POINT('',(2.82,-0.32,-3.4));
#6146 = DIRECTION('',(1.224646799147E-16,1.,0.));
#6147 = DIRECTION('',(0.,-0.,1.));
#6148 = ADVANCED_FACE('',(#6149),#6167,.F.);
#6149 = FACE_BOUND('',#6150,.F.);
#6150 = EDGE_LOOP('',(#6151,#6159,#6160,#6161));
#6151 = ORIENTED_EDGE('',*,*,#6152,.T.);
#6152 = EDGE_CURVE('',#6153,#6129,#6155,.T.);
#6153 = VERTEX_POINT('',#6154);
#6154 = CARTESIAN_POINT('',(2.82,0.32,-3.2));
#6155 = LINE('',#6156,#6157);
#6156 = CARTESIAN_POINT('',(2.82,0.32,-3.2));
#6157 = VECTOR('',#6158,1.);
#6158 = DIRECTION('',(-1.224646799147E-16,-1.,0.));
#6159 = ORIENTED_EDGE('',*,*,#6128,.T.);
#6160 = ORIENTED_EDGE('',*,*,#4161,.F.);
#6161 = ORIENTED_EDGE('',*,*,#6162,.T.);
#6162 = EDGE_CURVE('',#4154,#6153,#6163,.T.);
#6163 = LINE('',#6164,#6165);
#6164 = CARTESIAN_POINT('',(2.82,0.32,6.5));
#6165 = VECTOR('',#6166,1.);
#6166 = DIRECTION('',(-0.,0.,-1.));
#6167 = PLANE('',#6168);
#6168 = AXIS2_PLACEMENT_3D('',#6169,#6170,#6171);
#6169 = CARTESIAN_POINT('',(2.82,1.491619801361E-15,1.55));
#6170 = DIRECTION('',(-1.,1.224646799147E-16,0.));
#6171 = DIRECTION('',(0.,0.,1.));
#6172 = ADVANCED_FACE('',(#6173),#6184,.F.);
#6173 = FACE_BOUND('',#6174,.F.);
#6174 = EDGE_LOOP('',(#6175,#6176,#6177,#6178));
#6175 = ORIENTED_EDGE('',*,*,#6162,.F.);
#6176 = ORIENTED_EDGE('',*,*,#4153,.F.);
#6177 = ORIENTED_EDGE('',*,*,#6114,.T.);
#6178 = ORIENTED_EDGE('',*,*,#6179,.F.);
#6179 = EDGE_CURVE('',#6153,#6098,#6180,.T.);
#6180 = LINE('',#6181,#6182);
#6181 = CARTESIAN_POINT('',(2.82,0.32,-3.2));
#6182 = VECTOR('',#6183,1.);
#6183 = DIRECTION('',(-1.,1.224646799147E-16,0.));
#6184 = PLANE('',#6185);
#6185 = AXIS2_PLACEMENT_3D('',#6186,#6187,#6188);
#6186 = CARTESIAN_POINT('',(2.82,0.32,6.5));
#6187 = DIRECTION('',(-1.224646799147E-16,-1.,0.));
#6188 = DIRECTION('',(-0.,0.,-1.));
#6189 = ADVANCED_FACE('',(#6190),#6215,.F.);
#6190 = FACE_BOUND('',#6191,.F.);
#6191 = EDGE_LOOP('',(#6192,#6202,#6208,#6209));
#6192 = ORIENTED_EDGE('',*,*,#6193,.T.);
#6193 = EDGE_CURVE('',#6194,#6196,#6198,.T.);
#6194 = VERTEX_POINT('',#6195);
#6195 = CARTESIAN_POINT('',(5.32,0.32,-3.2));
#6196 = VERTEX_POINT('',#6197);
#6197 = CARTESIAN_POINT('',(5.32,-0.32,-3.2));
#6198 = LINE('',#6199,#6200);
#6199 = CARTESIAN_POINT('',(5.32,0.32,-3.2));
#6200 = VECTOR('',#6201,1.);
#6201 = DIRECTION('',(-1.224646799147E-16,-1.,0.));
#6202 = ORIENTED_EDGE('',*,*,#6203,.T.);
#6203 = EDGE_CURVE('',#6196,#4192,#6204,.T.);
#6204 = LINE('',#6205,#6206);
#6205 = CARTESIAN_POINT('',(5.32,-0.32,-3.4));
#6206 = VECTOR('',#6207,1.);
#6207 = DIRECTION('',(0.,0.,1.));
#6208 = ORIENTED_EDGE('',*,*,#4189,.F.);
#6209 = ORIENTED_EDGE('',*,*,#6210,.T.);
#6210 = EDGE_CURVE('',#4190,#6194,#6211,.T.);
#6211 = LINE('',#6212,#6213);
#6212 = CARTESIAN_POINT('',(5.32,0.32,6.5));
#6213 = VECTOR('',#6214,1.);
#6214 = DIRECTION('',(-0.,0.,-1.));
#6215 = PLANE('',#6216);
#6216 = AXIS2_PLACEMENT_3D('',#6217,#6218,#6219);
#6217 = CARTESIAN_POINT('',(5.32,1.185458101575E-15,1.55));
#6218 = DIRECTION('',(-1.,1.224646799147E-16,0.));
#6219 = DIRECTION('',(0.,0.,1.));
#6220 = ADVANCED_FACE('',(#6221),#6239,.F.);
#6221 = FACE_BOUND('',#6222,.F.);
#6222 = EDGE_LOOP('',(#6223,#6224,#6225,#6233));
#6223 = ORIENTED_EDGE('',*,*,#6210,.F.);
#6224 = ORIENTED_EDGE('',*,*,#4215,.F.);
#6225 = ORIENTED_EDGE('',*,*,#6226,.T.);
#6226 = EDGE_CURVE('',#4208,#6227,#6229,.T.);
#6227 = VERTEX_POINT('',#6228);
#6228 = CARTESIAN_POINT('',(4.68,0.32,-3.2));
#6229 = LINE('',#6230,#6231);
#6230 = CARTESIAN_POINT('',(4.68,0.32,6.5));
#6231 = VECTOR('',#6232,1.);
#6232 = DIRECTION('',(-0.,0.,-1.));
#6233 = ORIENTED_EDGE('',*,*,#6234,.F.);
#6234 = EDGE_CURVE('',#6194,#6227,#6235,.T.);
#6235 = LINE('',#6236,#6237);
#6236 = CARTESIAN_POINT('',(5.32,0.32,-3.2));
#6237 = VECTOR('',#6238,1.);
#6238 = DIRECTION('',(-1.,1.224646799147E-16,0.));
#6239 = PLANE('',#6240);
#6240 = AXIS2_PLACEMENT_3D('',#6241,#6242,#6243);
#6241 = CARTESIAN_POINT('',(5.32,0.32,6.5));
#6242 = DIRECTION('',(-1.224646799147E-16,-1.,0.));
#6243 = DIRECTION('',(-0.,0.,-1.));
#6244 = ADVANCED_FACE('',(#6245),#6263,.T.);
#6245 = FACE_BOUND('',#6246,.T.);
#6246 = EDGE_LOOP('',(#6247,#6255,#6261,#6262));
#6247 = ORIENTED_EDGE('',*,*,#6248,.T.);
#6248 = EDGE_CURVE('',#6227,#6249,#6251,.T.);
#6249 = VERTEX_POINT('',#6250);
#6250 = CARTESIAN_POINT('',(4.68,-0.32,-3.2));
#6251 = LINE('',#6252,#6253);
#6252 = CARTESIAN_POINT('',(4.68,0.32,-3.2));
#6253 = VECTOR('',#6254,1.);
#6254 = DIRECTION('',(-1.224646799147E-16,-1.,0.));
#6255 = ORIENTED_EDGE('',*,*,#6256,.T.);
#6256 = EDGE_CURVE('',#6249,#4200,#6257,.T.);
#6257 = LINE('',#6258,#6259);
#6258 = CARTESIAN_POINT('',(4.68,-0.32,-3.4));
#6259 = VECTOR('',#6260,1.);
#6260 = DIRECTION('',(0.,0.,1.));
#6261 = ORIENTED_EDGE('',*,*,#4207,.F.);
#6262 = ORIENTED_EDGE('',*,*,#6226,.T.);
#6263 = PLANE('',#6264);
#6264 = AXIS2_PLACEMENT_3D('',#6265,#6266,#6267);
#6265 = CARTESIAN_POINT('',(4.68,1.26383549672E-15,1.55));
#6266 = DIRECTION('',(-1.,1.224646799147E-16,0.));
#6267 = DIRECTION('',(0.,0.,1.));
#6268 = ADVANCED_FACE('',(#6269),#6280,.F.);
#6269 = FACE_BOUND('',#6270,.F.);
#6270 = EDGE_LOOP('',(#6271,#6272,#6278,#6279));
#6271 = ORIENTED_EDGE('',*,*,#6203,.F.);
#6272 = ORIENTED_EDGE('',*,*,#6273,.T.);
#6273 = EDGE_CURVE('',#6196,#6249,#6274,.T.);
#6274 = LINE('',#6275,#6276);
#6275 = CARTESIAN_POINT('',(5.32,-0.32,-3.2));
#6276 = VECTOR('',#6277,1.);
#6277 = DIRECTION('',(-1.,1.224646799147E-16,0.));
#6278 = ORIENTED_EDGE('',*,*,#6256,.T.);
#6279 = ORIENTED_EDGE('',*,*,#4199,.F.);
#6280 = PLANE('',#6281);
#6281 = AXIS2_PLACEMENT_3D('',#6282,#6283,#6284);
#6282 = CARTESIAN_POINT('',(5.32,-0.32,-3.4));
#6283 = DIRECTION('',(1.224646799147E-16,1.,0.));
#6284 = DIRECTION('',(0.,-0.,1.));
#6285 = ADVANCED_FACE('',(#6286),#6311,.F.);
#6286 = FACE_BOUND('',#6287,.F.);
#6287 = EDGE_LOOP('',(#6288,#6298,#6304,#6305));
#6288 = ORIENTED_EDGE('',*,*,#6289,.T.);
#6289 = EDGE_CURVE('',#6290,#6292,#6294,.T.);
#6290 = VERTEX_POINT('',#6291);
#6291 = CARTESIAN_POINT('',(7.82,0.32,-3.2));
#6292 = VERTEX_POINT('',#6293);
#6293 = CARTESIAN_POINT('',(7.82,-0.32,-3.2));
#6294 = LINE('',#6295,#6296);
#6295 = CARTESIAN_POINT('',(7.82,0.32,-3.2));
#6296 = VECTOR('',#6297,1.);
#6297 = DIRECTION('',(-1.224646799147E-16,-1.,0.));
#6298 = ORIENTED_EDGE('',*,*,#6299,.T.);
#6299 = EDGE_CURVE('',#6292,#4238,#6300,.T.);
#6300 = LINE('',#6301,#6302);
#6301 = CARTESIAN_POINT('',(7.82,-0.32,-3.4));
#6302 = VECTOR('',#6303,1.);
#6303 = DIRECTION('',(0.,0.,1.));
#6304 = ORIENTED_EDGE('',*,*,#4235,.F.);
#6305 = ORIENTED_EDGE('',*,*,#6306,.T.);
#6306 = EDGE_CURVE('',#4236,#6290,#6307,.T.);
#6307 = LINE('',#6308,#6309);
#6308 = CARTESIAN_POINT('',(7.82,0.32,6.5));
#6309 = VECTOR('',#6310,1.);
#6310 = DIRECTION('',(-0.,0.,-1.));
#6311 = PLANE('',#6312);
#6312 = AXIS2_PLACEMENT_3D('',#6313,#6314,#6315);
#6313 = CARTESIAN_POINT('',(7.82,8.792964017878E-16,1.55));
#6314 = DIRECTION('',(-1.,1.224646799147E-16,0.));
#6315 = DIRECTION('',(0.,0.,1.));
#6316 = ADVANCED_FACE('',(#6317),#6335,.F.);
#6317 = FACE_BOUND('',#6318,.F.);
#6318 = EDGE_LOOP('',(#6319,#6320,#6321,#6329));
#6319 = ORIENTED_EDGE('',*,*,#6306,.F.);
#6320 = ORIENTED_EDGE('',*,*,#4261,.F.);
#6321 = ORIENTED_EDGE('',*,*,#6322,.T.);
#6322 = EDGE_CURVE('',#4254,#6323,#6325,.T.);
#6323 = VERTEX_POINT('',#6324);
#6324 = CARTESIAN_POINT('',(7.18,0.32,-3.2));
#6325 = LINE('',#6326,#6327);
#6326 = CARTESIAN_POINT('',(7.18,0.32,6.5));
#6327 = VECTOR('',#6328,1.);
#6328 = DIRECTION('',(-0.,0.,-1.));
#6329 = ORIENTED_EDGE('',*,*,#6330,.F.);
#6330 = EDGE_CURVE('',#6290,#6323,#6331,.T.);
#6331 = LINE('',#6332,#6333);
#6332 = CARTESIAN_POINT('',(7.82,0.32,-3.2));
#6333 = VECTOR('',#6334,1.);
#6334 = DIRECTION('',(-1.,1.224646799147E-16,0.));
#6335 = PLANE('',#6336);
#6336 = AXIS2_PLACEMENT_3D('',#6337,#6338,#6339);
#6337 = CARTESIAN_POINT('',(7.82,0.32,6.5));
#6338 = DIRECTION('',(-1.224646799147E-16,-1.,0.));
#6339 = DIRECTION('',(-0.,0.,-1.));
#6340 = ADVANCED_FACE('',(#6341),#6359,.T.);
#6341 = FACE_BOUND('',#6342,.T.);
#6342 = EDGE_LOOP('',(#6343,#6351,#6357,#6358));
#6343 = ORIENTED_EDGE('',*,*,#6344,.T.);
#6344 = EDGE_CURVE('',#6323,#6345,#6347,.T.);
#6345 = VERTEX_POINT('',#6346);
#6346 = CARTESIAN_POINT('',(7.18,-0.32,-3.2));
#6347 = LINE('',#6348,#6349);
#6348 = CARTESIAN_POINT('',(7.18,0.32,-3.2));
#6349 = VECTOR('',#6350,1.);
#6350 = DIRECTION('',(-1.224646799147E-16,-1.,0.));
#6351 = ORIENTED_EDGE('',*,*,#6352,.T.);
#6352 = EDGE_CURVE('',#6345,#4246,#6353,.T.);
#6353 = LINE('',#6354,#6355);
#6354 = CARTESIAN_POINT('',(7.18,-0.32,-3.4));
#6355 = VECTOR('',#6356,1.);
#6356 = DIRECTION('',(0.,0.,1.));
#6357 = ORIENTED_EDGE('',*,*,#4253,.F.);
#6358 = ORIENTED_EDGE('',*,*,#6322,.T.);
#6359 = PLANE('',#6360);
#6360 = AXIS2_PLACEMENT_3D('',#6361,#6362,#6363);
#6361 = CARTESIAN_POINT('',(7.18,9.576737969332E-16,1.55));
#6362 = DIRECTION('',(-1.,1.224646799147E-16,0.));
#6363 = DIRECTION('',(0.,0.,1.));
#6364 = ADVANCED_FACE('',(#6365),#6376,.F.);
#6365 = FACE_BOUND('',#6366,.F.);
#6366 = EDGE_LOOP('',(#6367,#6368,#6374,#6375));
#6367 = ORIENTED_EDGE('',*,*,#6299,.F.);
#6368 = ORIENTED_EDGE('',*,*,#6369,.T.);
#6369 = EDGE_CURVE('',#6292,#6345,#6370,.T.);
#6370 = LINE('',#6371,#6372);
#6371 = CARTESIAN_POINT('',(7.82,-0.32,-3.2));
#6372 = VECTOR('',#6373,1.);
#6373 = DIRECTION('',(-1.,1.224646799147E-16,0.));
#6374 = ORIENTED_EDGE('',*,*,#6352,.T.);
#6375 = ORIENTED_EDGE('',*,*,#4245,.F.);
#6376 = PLANE('',#6377);
#6377 = AXIS2_PLACEMENT_3D('',#6378,#6379,#6380);
#6378 = CARTESIAN_POINT('',(7.82,-0.32,-3.4));
#6379 = DIRECTION('',(1.224646799147E-16,1.,0.));
#6380 = DIRECTION('',(0.,-0.,1.));
#6381 = ADVANCED_FACE('',(#6382),#6407,.T.);
#6382 = FACE_BOUND('',#6383,.T.);
#6383 = EDGE_LOOP('',(#6384,#6394,#6400,#6401));
#6384 = ORIENTED_EDGE('',*,*,#6385,.T.);
#6385 = EDGE_CURVE('',#6386,#6388,#6390,.T.);
#6386 = VERTEX_POINT('',#6387);
#6387 = CARTESIAN_POINT('',(9.68,0.32,-3.2));
#6388 = VERTEX_POINT('',#6389);
#6389 = CARTESIAN_POINT('',(9.68,-0.32,-3.2));
#6390 = LINE('',#6391,#6392);
#6391 = CARTESIAN_POINT('',(9.68,0.32,-3.2));
#6392 = VECTOR('',#6393,1.);
#6393 = DIRECTION('',(-1.224646799147E-16,-1.,0.));
#6394 = ORIENTED_EDGE('',*,*,#6395,.T.);
#6395 = EDGE_CURVE('',#6388,#4284,#6396,.T.);
#6396 = LINE('',#6397,#6398);
#6397 = CARTESIAN_POINT('',(9.68,-0.32,-3.4));
#6398 = VECTOR('',#6399,1.);
#6399 = DIRECTION('',(0.,0.,1.));
#6400 = ORIENTED_EDGE('',*,*,#4281,.F.);
#6401 = ORIENTED_EDGE('',*,*,#6402,.T.);
#6402 = EDGE_CURVE('',#4282,#6386,#6403,.T.);
#6403 = LINE('',#6404,#6405);
#6404 = CARTESIAN_POINT('',(9.68,0.32,6.5));
#6405 = VECTOR('',#6406,1.);
#6406 = DIRECTION('',(-0.,0.,-1.));
#6407 = PLANE('',#6408);
#6408 = AXIS2_PLACEMENT_3D('',#6409,#6410,#6411);
#6409 = CARTESIAN_POINT('',(9.68,6.515120971464E-16,1.55));
#6410 = DIRECTION('',(-1.,1.224646799147E-16,0.));
#6411 = DIRECTION('',(0.,0.,1.));
#6412 = ADVANCED_FACE('',(#6413),#6431,.F.);
#6413 = FACE_BOUND('',#6414,.F.);
#6414 = EDGE_LOOP('',(#6415,#6423,#6429,#6430));
#6415 = ORIENTED_EDGE('',*,*,#6416,.F.);
#6416 = EDGE_CURVE('',#6417,#4300,#6419,.T.);
#6417 = VERTEX_POINT('',#6418);
#6418 = CARTESIAN_POINT('',(10.32,-0.32,-3.2));
#6419 = LINE('',#6420,#6421);
#6420 = CARTESIAN_POINT('',(10.32,-0.32,-3.4));
#6421 = VECTOR('',#6422,1.);
#6422 = DIRECTION('',(0.,0.,1.));
#6423 = ORIENTED_EDGE('',*,*,#6424,.T.);
#6424 = EDGE_CURVE('',#6417,#6388,#6425,.T.);
#6425 = LINE('',#6426,#6427);
#6426 = CARTESIAN_POINT('',(10.32,-0.32,-3.2));
#6427 = VECTOR('',#6428,1.);
#6428 = DIRECTION('',(-1.,1.224646799147E-16,0.));
#6429 = ORIENTED_EDGE('',*,*,#6395,.T.);
#6430 = ORIENTED_EDGE('',*,*,#4307,.F.);
#6431 = PLANE('',#6432);
#6432 = AXIS2_PLACEMENT_3D('',#6433,#6434,#6435);
#6433 = CARTESIAN_POINT('',(10.32,-0.32,-3.4));
#6434 = DIRECTION('',(1.224646799147E-16,1.,0.));
#6435 = DIRECTION('',(0.,-0.,1.));
#6436 = ADVANCED_FACE('',(#6437),#6455,.F.);
#6437 = FACE_BOUND('',#6438,.F.);
#6438 = EDGE_LOOP('',(#6439,#6447,#6448,#6449));
#6439 = ORIENTED_EDGE('',*,*,#6440,.T.);
#6440 = EDGE_CURVE('',#6441,#6417,#6443,.T.);
#6441 = VERTEX_POINT('',#6442);
#6442 = CARTESIAN_POINT('',(10.32,0.32,-3.2));
#6443 = LINE('',#6444,#6445);
#6444 = CARTESIAN_POINT('',(10.32,0.32,-3.2));
#6445 = VECTOR('',#6446,1.);
#6446 = DIRECTION('',(-1.224646799147E-16,-1.,0.));
#6447 = ORIENTED_EDGE('',*,*,#6416,.T.);
#6448 = ORIENTED_EDGE('',*,*,#4299,.F.);
#6449 = ORIENTED_EDGE('',*,*,#6450,.T.);
#6450 = EDGE_CURVE('',#4292,#6441,#6451,.T.);
#6451 = LINE('',#6452,#6453);
#6452 = CARTESIAN_POINT('',(10.32,0.32,6.5));
#6453 = VECTOR('',#6454,1.);
#6454 = DIRECTION('',(-0.,0.,-1.));
#6455 = PLANE('',#6456);
#6456 = AXIS2_PLACEMENT_3D('',#6457,#6458,#6459);
#6457 = CARTESIAN_POINT('',(10.32,5.73134702001E-16,1.55));
#6458 = DIRECTION('',(-1.,1.224646799147E-16,0.));
#6459 = DIRECTION('',(0.,0.,1.));
#6460 = ADVANCED_FACE('',(#6461),#6472,.F.);
#6461 = FACE_BOUND('',#6462,.F.);
#6462 = EDGE_LOOP('',(#6463,#6464,#6465,#6466));
#6463 = ORIENTED_EDGE('',*,*,#6450,.F.);
#6464 = ORIENTED_EDGE('',*,*,#4291,.F.);
#6465 = ORIENTED_EDGE('',*,*,#6402,.T.);
#6466 = ORIENTED_EDGE('',*,*,#6467,.F.);
#6467 = EDGE_CURVE('',#6441,#6386,#6468,.T.);
#6468 = LINE('',#6469,#6470);
#6469 = CARTESIAN_POINT('',(10.32,0.32,-3.2));
#6470 = VECTOR('',#6471,1.);
#6471 = DIRECTION('',(-1.,1.224646799147E-16,0.));
#6472 = PLANE('',#6473);
#6473 = AXIS2_PLACEMENT_3D('',#6474,#6475,#6476);
#6474 = CARTESIAN_POINT('',(10.32,0.32,6.5));
#6475 = DIRECTION('',(-1.224646799147E-16,-1.,0.));
#6476 = DIRECTION('',(-0.,0.,-1.));
#6477 = ADVANCED_FACE('',(#6478),#6503,.T.);
#6478 = FACE_BOUND('',#6479,.T.);
#6479 = EDGE_LOOP('',(#6480,#6490,#6496,#6497));
#6480 = ORIENTED_EDGE('',*,*,#6481,.T.);
#6481 = EDGE_CURVE('',#6482,#6484,#6486,.T.);
#6482 = VERTEX_POINT('',#6483);
#6483 = CARTESIAN_POINT('',(12.18,0.32,-3.2));
#6484 = VERTEX_POINT('',#6485);
#6485 = CARTESIAN_POINT('',(12.18,-0.32,-3.2));
#6486 = LINE('',#6487,#6488);
#6487 = CARTESIAN_POINT('',(12.18,0.32,-3.2));
#6488 = VECTOR('',#6489,1.);
#6489 = DIRECTION('',(-1.224646799147E-16,-1.,0.));
#6490 = ORIENTED_EDGE('',*,*,#6491,.T.);
#6491 = EDGE_CURVE('',#6484,#4330,#6492,.T.);
#6492 = LINE('',#6493,#6494);
#6493 = CARTESIAN_POINT('',(12.18,-0.32,-3.4));
#6494 = VECTOR('',#6495,1.);
#6495 = DIRECTION('',(0.,0.,1.));
#6496 = ORIENTED_EDGE('',*,*,#4327,.F.);
#6497 = ORIENTED_EDGE('',*,*,#6498,.T.);
#6498 = EDGE_CURVE('',#4328,#6482,#6499,.T.);
#6499 = LINE('',#6500,#6501);
#6500 = CARTESIAN_POINT('',(12.18,0.32,6.5));
#6501 = VECTOR('',#6502,1.);
#6502 = DIRECTION('',(-0.,0.,-1.));
#6503 = PLANE('',#6504);
#6504 = AXIS2_PLACEMENT_3D('',#6505,#6506,#6507);
#6505 = CARTESIAN_POINT('',(12.18,3.453503973596E-16,1.55));
#6506 = DIRECTION('',(-1.,1.224646799147E-16,0.));
#6507 = DIRECTION('',(0.,0.,1.));
#6508 = ADVANCED_FACE('',(#6509),#6527,.F.);
#6509 = FACE_BOUND('',#6510,.F.);
#6510 = EDGE_LOOP('',(#6511,#6519,#6525,#6526));
#6511 = ORIENTED_EDGE('',*,*,#6512,.F.);
#6512 = EDGE_CURVE('',#6513,#4346,#6515,.T.);
#6513 = VERTEX_POINT('',#6514);
#6514 = CARTESIAN_POINT('',(12.82,-0.32,-3.2));
#6515 = LINE('',#6516,#6517);
#6516 = CARTESIAN_POINT('',(12.82,-0.32,-3.4));
#6517 = VECTOR('',#6518,1.);
#6518 = DIRECTION('',(0.,0.,1.));
#6519 = ORIENTED_EDGE('',*,*,#6520,.T.);
#6520 = EDGE_CURVE('',#6513,#6484,#6521,.T.);
#6521 = LINE('',#6522,#6523);
#6522 = CARTESIAN_POINT('',(12.82,-0.32,-3.2));
#6523 = VECTOR('',#6524,1.);
#6524 = DIRECTION('',(-1.,1.224646799147E-16,0.));
#6525 = ORIENTED_EDGE('',*,*,#6491,.T.);
#6526 = ORIENTED_EDGE('',*,*,#4353,.F.);
#6527 = PLANE('',#6528);
#6528 = AXIS2_PLACEMENT_3D('',#6529,#6530,#6531);
#6529 = CARTESIAN_POINT('',(12.82,-0.32,-3.4));
#6530 = DIRECTION('',(1.224646799147E-16,1.,0.));
#6531 = DIRECTION('',(0.,-0.,1.));
#6532 = ADVANCED_FACE('',(#6533),#6551,.F.);
#6533 = FACE_BOUND('',#6534,.F.);
#6534 = EDGE_LOOP('',(#6535,#6543,#6544,#6545));
#6535 = ORIENTED_EDGE('',*,*,#6536,.T.);
#6536 = EDGE_CURVE('',#6537,#6513,#6539,.T.);
#6537 = VERTEX_POINT('',#6538);
#6538 = CARTESIAN_POINT('',(12.82,0.32,-3.2));
#6539 = LINE('',#6540,#6541);
#6540 = CARTESIAN_POINT('',(12.82,0.32,-3.2));
#6541 = VECTOR('',#6542,1.);
#6542 = DIRECTION('',(-1.224646799147E-16,-1.,0.));
#6543 = ORIENTED_EDGE('',*,*,#6512,.T.);
#6544 = ORIENTED_EDGE('',*,*,#4345,.F.);
#6545 = ORIENTED_EDGE('',*,*,#6546,.T.);
#6546 = EDGE_CURVE('',#4338,#6537,#6547,.T.);
#6547 = LINE('',#6548,#6549);
#6548 = CARTESIAN_POINT('',(12.82,0.32,6.5));
#6549 = VECTOR('',#6550,1.);
#6550 = DIRECTION('',(-0.,0.,-1.));
#6551 = PLANE('',#6552);
#6552 = AXIS2_PLACEMENT_3D('',#6553,#6554,#6555);
#6553 = CARTESIAN_POINT('',(12.82,2.669730022141E-16,1.55));
#6554 = DIRECTION('',(-1.,1.224646799147E-16,0.));
#6555 = DIRECTION('',(0.,0.,1.));
#6556 = ADVANCED_FACE('',(#6557),#6568,.F.);
#6557 = FACE_BOUND('',#6558,.F.);
#6558 = EDGE_LOOP('',(#6559,#6560,#6561,#6562));
#6559 = ORIENTED_EDGE('',*,*,#6546,.F.);
#6560 = ORIENTED_EDGE('',*,*,#4337,.F.);
#6561 = ORIENTED_EDGE('',*,*,#6498,.T.);
#6562 = ORIENTED_EDGE('',*,*,#6563,.F.);
#6563 = EDGE_CURVE('',#6537,#6482,#6564,.T.);
#6564 = LINE('',#6565,#6566);
#6565 = CARTESIAN_POINT('',(12.82,0.32,-3.2));
#6566 = VECTOR('',#6567,1.);
#6567 = DIRECTION('',(-1.,1.224646799147E-16,0.));
#6568 = PLANE('',#6569);
#6569 = AXIS2_PLACEMENT_3D('',#6570,#6571,#6572);
#6570 = CARTESIAN_POINT('',(12.82,0.32,6.5));
#6571 = DIRECTION('',(-1.224646799147E-16,-1.,0.));
#6572 = DIRECTION('',(-0.,0.,-1.));
#6573 = ADVANCED_FACE('',(#6574),#6599,.T.);
#6574 = FACE_BOUND('',#6575,.T.);
#6575 = EDGE_LOOP('',(#6576,#6586,#6592,#6593));
#6576 = ORIENTED_EDGE('',*,*,#6577,.T.);
#6577 = EDGE_CURVE('',#6578,#6580,#6582,.T.);
#6578 = VERTEX_POINT('',#6579);
#6579 = CARTESIAN_POINT('',(14.68,0.32,-3.2));
#6580 = VERTEX_POINT('',#6581);
#6581 = CARTESIAN_POINT('',(14.68,-0.32,-3.2));
#6582 = LINE('',#6583,#6584);
#6583 = CARTESIAN_POINT('',(14.68,0.32,-3.2));
#6584 = VECTOR('',#6585,1.);
#6585 = DIRECTION('',(-1.224646799147E-16,-1.,0.));
#6586 = ORIENTED_EDGE('',*,*,#6587,.T.);
#6587 = EDGE_CURVE('',#6580,#4376,#6588,.T.);
#6588 = LINE('',#6589,#6590);
#6589 = CARTESIAN_POINT('',(14.68,-0.32,-3.4));
#6590 = VECTOR('',#6591,1.);
#6591 = DIRECTION('',(0.,0.,1.));
#6592 = ORIENTED_EDGE('',*,*,#4373,.F.);
#6593 = ORIENTED_EDGE('',*,*,#6594,.T.);
#6594 = EDGE_CURVE('',#4374,#6578,#6595,.T.);
#6595 = LINE('',#6596,#6597);
#6596 = CARTESIAN_POINT('',(14.68,0.32,6.5));
#6597 = VECTOR('',#6598,1.);
#6598 = DIRECTION('',(-0.,0.,-1.));
#6599 = PLANE('',#6600);
#6600 = AXIS2_PLACEMENT_3D('',#6601,#6602,#6603);
#6601 = CARTESIAN_POINT('',(14.68,3.918869757272E-17,1.55));
#6602 = DIRECTION('',(-1.,1.224646799147E-16,0.));
#6603 = DIRECTION('',(0.,0.,1.));
#6604 = ADVANCED_FACE('',(#6605),#6623,.F.);
#6605 = FACE_BOUND('',#6606,.F.);
#6606 = EDGE_LOOP('',(#6607,#6615,#6621,#6622));
#6607 = ORIENTED_EDGE('',*,*,#6608,.F.);
#6608 = EDGE_CURVE('',#6609,#4392,#6611,.T.);
#6609 = VERTEX_POINT('',#6610);
#6610 = CARTESIAN_POINT('',(15.32,-0.32,-3.2));
#6611 = LINE('',#6612,#6613);
#6612 = CARTESIAN_POINT('',(15.32,-0.32,-3.4));
#6613 = VECTOR('',#6614,1.);
#6614 = DIRECTION('',(0.,0.,1.));
#6615 = ORIENTED_EDGE('',*,*,#6616,.T.);
#6616 = EDGE_CURVE('',#6609,#6580,#6617,.T.);
#6617 = LINE('',#6618,#6619);
#6618 = CARTESIAN_POINT('',(15.32,-0.32,-3.2));
#6619 = VECTOR('',#6620,1.);
#6620 = DIRECTION('',(-1.,1.224646799147E-16,0.));
#6621 = ORIENTED_EDGE('',*,*,#6587,.T.);
#6622 = ORIENTED_EDGE('',*,*,#4399,.F.);
#6623 = PLANE('',#6624);
#6624 = AXIS2_PLACEMENT_3D('',#6625,#6626,#6627);
#6625 = CARTESIAN_POINT('',(15.32,-0.32,-3.4));
#6626 = DIRECTION('',(1.224646799147E-16,1.,0.));
#6627 = DIRECTION('',(0.,-0.,1.));
#6628 = ADVANCED_FACE('',(#6629),#6647,.F.);
#6629 = FACE_BOUND('',#6630,.F.);
#6630 = EDGE_LOOP('',(#6631,#6639,#6640,#6641));
#6631 = ORIENTED_EDGE('',*,*,#6632,.T.);
#6632 = EDGE_CURVE('',#6633,#6609,#6635,.T.);
#6633 = VERTEX_POINT('',#6634);
#6634 = CARTESIAN_POINT('',(15.32,0.32,-3.2));
#6635 = LINE('',#6636,#6637);
#6636 = CARTESIAN_POINT('',(15.32,0.32,-3.2));
#6637 = VECTOR('',#6638,1.);
#6638 = DIRECTION('',(-1.224646799147E-16,-1.,0.));
#6639 = ORIENTED_EDGE('',*,*,#6608,.T.);
#6640 = ORIENTED_EDGE('',*,*,#4391,.F.);
#6641 = ORIENTED_EDGE('',*,*,#6642,.T.);
#6642 = EDGE_CURVE('',#4384,#6633,#6643,.T.);
#6643 = LINE('',#6644,#6645);
#6644 = CARTESIAN_POINT('',(15.32,0.32,6.5));
#6645 = VECTOR('',#6646,1.);
#6646 = DIRECTION('',(-0.,0.,-1.));
#6647 = PLANE('',#6648);
#6648 = AXIS2_PLACEMENT_3D('',#6649,#6650,#6651);
#6649 = CARTESIAN_POINT('',(15.32,-3.918869757272E-17,1.55));
#6650 = DIRECTION('',(-1.,1.224646799147E-16,0.));
#6651 = DIRECTION('',(0.,0.,1.));
#6652 = ADVANCED_FACE('',(#6653),#6664,.F.);
#6653 = FACE_BOUND('',#6654,.F.);
#6654 = EDGE_LOOP('',(#6655,#6656,#6657,#6658));
#6655 = ORIENTED_EDGE('',*,*,#6642,.F.);
#6656 = ORIENTED_EDGE('',*,*,#4383,.F.);
#6657 = ORIENTED_EDGE('',*,*,#6594,.T.);
#6658 = ORIENTED_EDGE('',*,*,#6659,.F.);
#6659 = EDGE_CURVE('',#6633,#6578,#6660,.T.);
#6660 = LINE('',#6661,#6662);
#6661 = CARTESIAN_POINT('',(15.32,0.32,-3.2));
#6662 = VECTOR('',#6663,1.);
#6663 = DIRECTION('',(-1.,1.224646799147E-16,0.));
#6664 = PLANE('',#6665);
#6665 = AXIS2_PLACEMENT_3D('',#6666,#6667,#6668);
#6666 = CARTESIAN_POINT('',(15.32,0.32,6.5));
#6667 = DIRECTION('',(-1.224646799147E-16,-1.,0.));
#6668 = DIRECTION('',(-0.,0.,-1.));
#6669 = ADVANCED_FACE('',(#6670),#6695,.F.);
#6670 = FACE_BOUND('',#6671,.F.);
#6671 = EDGE_LOOP('',(#6672,#6682,#6688,#6689));
#6672 = ORIENTED_EDGE('',*,*,#6673,.T.);
#6673 = EDGE_CURVE('',#6674,#6676,#6678,.T.);
#6674 = VERTEX_POINT('',#6675);
#6675 = CARTESIAN_POINT('',(17.82,0.32,-3.2));
#6676 = VERTEX_POINT('',#6677);
#6677 = CARTESIAN_POINT('',(17.82,-0.32,-3.2));
#6678 = LINE('',#6679,#6680);
#6679 = CARTESIAN_POINT('',(17.82,0.32,-3.2));
#6680 = VECTOR('',#6681,1.);
#6681 = DIRECTION('',(-1.224646799147E-16,-1.,0.));
#6682 = ORIENTED_EDGE('',*,*,#6683,.T.);
#6683 = EDGE_CURVE('',#6676,#4422,#6684,.T.);
#6684 = LINE('',#6685,#6686);
#6685 = CARTESIAN_POINT('',(17.82,-0.32,-3.4));
#6686 = VECTOR('',#6687,1.);
#6687 = DIRECTION('',(0.,0.,1.));
#6688 = ORIENTED_EDGE('',*,*,#4419,.F.);
#6689 = ORIENTED_EDGE('',*,*,#6690,.T.);
#6690 = EDGE_CURVE('',#4420,#6674,#6691,.T.);
#6691 = LINE('',#6692,#6693);
#6692 = CARTESIAN_POINT('',(17.82,0.32,6.5));
#6693 = VECTOR('',#6694,1.);
#6694 = DIRECTION('',(-0.,0.,-1.));
#6695 = PLANE('',#6696);
#6696 = AXIS2_PLACEMENT_3D('',#6697,#6698,#6699);
#6697 = CARTESIAN_POINT('',(17.82,-3.453503973596E-16,1.55));
#6698 = DIRECTION('',(-1.,1.224646799147E-16,0.));
#6699 = DIRECTION('',(0.,0.,1.));
#6700 = ADVANCED_FACE('',(#6701),#6719,.F.);
#6701 = FACE_BOUND('',#6702,.F.);
#6702 = EDGE_LOOP('',(#6703,#6704,#6705,#6713));
#6703 = ORIENTED_EDGE('',*,*,#6690,.F.);
#6704 = ORIENTED_EDGE('',*,*,#4445,.F.);
#6705 = ORIENTED_EDGE('',*,*,#6706,.T.);
#6706 = EDGE_CURVE('',#4438,#6707,#6709,.T.);
#6707 = VERTEX_POINT('',#6708);
#6708 = CARTESIAN_POINT('',(17.18,0.32,-3.2));
#6709 = LINE('',#6710,#6711);
#6710 = CARTESIAN_POINT('',(17.18,0.32,6.5));
#6711 = VECTOR('',#6712,1.);
#6712 = DIRECTION('',(-0.,0.,-1.));
#6713 = ORIENTED_EDGE('',*,*,#6714,.F.);
#6714 = EDGE_CURVE('',#6674,#6707,#6715,.T.);
#6715 = LINE('',#6716,#6717);
#6716 = CARTESIAN_POINT('',(17.82,0.32,-3.2));
#6717 = VECTOR('',#6718,1.);
#6718 = DIRECTION('',(-1.,1.224646799147E-16,0.));
#6719 = PLANE('',#6720);
#6720 = AXIS2_PLACEMENT_3D('',#6721,#6722,#6723);
#6721 = CARTESIAN_POINT('',(17.82,0.32,6.5));
#6722 = DIRECTION('',(-1.224646799147E-16,-1.,0.));
#6723 = DIRECTION('',(-0.,0.,-1.));
#6724 = ADVANCED_FACE('',(#6725),#6743,.T.);
#6725 = FACE_BOUND('',#6726,.T.);
#6726 = EDGE_LOOP('',(#6727,#6735,#6741,#6742));
#6727 = ORIENTED_EDGE('',*,*,#6728,.T.);
#6728 = EDGE_CURVE('',#6707,#6729,#6731,.T.);
#6729 = VERTEX_POINT('',#6730);
#6730 = CARTESIAN_POINT('',(17.18,-0.32,-3.2));
#6731 = LINE('',#6732,#6733);
#6732 = CARTESIAN_POINT('',(17.18,0.32,-3.2));
#6733 = VECTOR('',#6734,1.);
#6734 = DIRECTION('',(-1.224646799147E-16,-1.,0.));
#6735 = ORIENTED_EDGE('',*,*,#6736,.T.);
#6736 = EDGE_CURVE('',#6729,#4430,#6737,.T.);
#6737 = LINE('',#6738,#6739);
#6738 = CARTESIAN_POINT('',(17.18,-0.32,-3.4));
#6739 = VECTOR('',#6740,1.);
#6740 = DIRECTION('',(0.,0.,1.));
#6741 = ORIENTED_EDGE('',*,*,#4437,.F.);
#6742 = ORIENTED_EDGE('',*,*,#6706,.T.);
#6743 = PLANE('',#6744);
#6744 = AXIS2_PLACEMENT_3D('',#6745,#6746,#6747);
#6745 = CARTESIAN_POINT('',(17.18,-2.669730022141E-16,1.55));
#6746 = DIRECTION('',(-1.,1.224646799147E-16,0.));
#6747 = DIRECTION('',(0.,0.,1.));
#6748 = ADVANCED_FACE('',(#6749),#6760,.F.);
#6749 = FACE_BOUND('',#6750,.F.);
#6750 = EDGE_LOOP('',(#6751,#6752,#6758,#6759));
#6751 = ORIENTED_EDGE('',*,*,#6683,.F.);
#6752 = ORIENTED_EDGE('',*,*,#6753,.T.);
#6753 = EDGE_CURVE('',#6676,#6729,#6754,.T.);
#6754 = LINE('',#6755,#6756);
#6755 = CARTESIAN_POINT('',(17.82,-0.32,-3.2));
#6756 = VECTOR('',#6757,1.);
#6757 = DIRECTION('',(-1.,1.224646799147E-16,0.));
#6758 = ORIENTED_EDGE('',*,*,#6736,.T.);
#6759 = ORIENTED_EDGE('',*,*,#4429,.F.);
#6760 = PLANE('',#6761);
#6761 = AXIS2_PLACEMENT_3D('',#6762,#6763,#6764);
#6762 = CARTESIAN_POINT('',(17.82,-0.32,-3.4));
#6763 = DIRECTION('',(1.224646799147E-16,1.,0.));
#6764 = DIRECTION('',(0.,-0.,1.));
#6765 = ADVANCED_FACE('',(#6766),#6791,.T.);
#6766 = FACE_BOUND('',#6767,.T.);
#6767 = EDGE_LOOP('',(#6768,#6778,#6784,#6785));
#6768 = ORIENTED_EDGE('',*,*,#6769,.T.);
#6769 = EDGE_CURVE('',#6770,#6772,#6774,.T.);
#6770 = VERTEX_POINT('',#6771);
#6771 = CARTESIAN_POINT('',(19.68,0.32,-3.2));
#6772 = VERTEX_POINT('',#6773);
#6773 = CARTESIAN_POINT('',(19.68,-0.32,-3.2));
#6774 = LINE('',#6775,#6776);
#6775 = CARTESIAN_POINT('',(19.68,0.32,-3.2));
#6776 = VECTOR('',#6777,1.);
#6777 = DIRECTION('',(-1.224646799147E-16,-1.,0.));
#6778 = ORIENTED_EDGE('',*,*,#6779,.T.);
#6779 = EDGE_CURVE('',#6772,#4468,#6780,.T.);
#6780 = LINE('',#6781,#6782);
#6781 = CARTESIAN_POINT('',(19.68,-0.32,-3.4));
#6782 = VECTOR('',#6783,1.);
#6783 = DIRECTION('',(0.,0.,1.));
#6784 = ORIENTED_EDGE('',*,*,#4465,.F.);
#6785 = ORIENTED_EDGE('',*,*,#6786,.T.);
#6786 = EDGE_CURVE('',#4466,#6770,#6787,.T.);
#6787 = LINE('',#6788,#6789);
#6788 = CARTESIAN_POINT('',(19.68,0.32,6.5));
#6789 = VECTOR('',#6790,1.);
#6790 = DIRECTION('',(-0.,0.,-1.));
#6791 = PLANE('',#6792);
#6792 = AXIS2_PLACEMENT_3D('',#6793,#6794,#6795);
#6793 = CARTESIAN_POINT('',(19.68,-5.73134702001E-16,1.55));
#6794 = DIRECTION('',(-1.,1.224646799147E-16,0.));
#6795 = DIRECTION('',(0.,0.,1.));
#6796 = ADVANCED_FACE('',(#6797),#6815,.F.);
#6797 = FACE_BOUND('',#6798,.F.);
#6798 = EDGE_LOOP('',(#6799,#6807,#6813,#6814));
#6799 = ORIENTED_EDGE('',*,*,#6800,.F.);
#6800 = EDGE_CURVE('',#6801,#4484,#6803,.T.);
#6801 = VERTEX_POINT('',#6802);
#6802 = CARTESIAN_POINT('',(20.32,-0.32,-3.2));
#6803 = LINE('',#6804,#6805);
#6804 = CARTESIAN_POINT('',(20.32,-0.32,-3.4));
#6805 = VECTOR('',#6806,1.);
#6806 = DIRECTION('',(0.,0.,1.));
#6807 = ORIENTED_EDGE('',*,*,#6808,.T.);
#6808 = EDGE_CURVE('',#6801,#6772,#6809,.T.);
#6809 = LINE('',#6810,#6811);
#6810 = CARTESIAN_POINT('',(20.32,-0.32,-3.2));
#6811 = VECTOR('',#6812,1.);
#6812 = DIRECTION('',(-1.,1.224646799147E-16,0.));
#6813 = ORIENTED_EDGE('',*,*,#6779,.T.);
#6814 = ORIENTED_EDGE('',*,*,#4491,.F.);
#6815 = PLANE('',#6816);
#6816 = AXIS2_PLACEMENT_3D('',#6817,#6818,#6819);
#6817 = CARTESIAN_POINT('',(20.32,-0.32,-3.4));
#6818 = DIRECTION('',(1.224646799147E-16,1.,0.));
#6819 = DIRECTION('',(0.,-0.,1.));
#6820 = ADVANCED_FACE('',(#6821),#6839,.F.);
#6821 = FACE_BOUND('',#6822,.F.);
#6822 = EDGE_LOOP('',(#6823,#6831,#6832,#6833));
#6823 = ORIENTED_EDGE('',*,*,#6824,.T.);
#6824 = EDGE_CURVE('',#6825,#6801,#6827,.T.);
#6825 = VERTEX_POINT('',#6826);
#6826 = CARTESIAN_POINT('',(20.32,0.32,-3.2));
#6827 = LINE('',#6828,#6829);
#6828 = CARTESIAN_POINT('',(20.32,0.32,-3.2));
#6829 = VECTOR('',#6830,1.);
#6830 = DIRECTION('',(-1.224646799147E-16,-1.,0.));
#6831 = ORIENTED_EDGE('',*,*,#6800,.T.);
#6832 = ORIENTED_EDGE('',*,*,#4483,.F.);
#6833 = ORIENTED_EDGE('',*,*,#6834,.T.);
#6834 = EDGE_CURVE('',#4476,#6825,#6835,.T.);
#6835 = LINE('',#6836,#6837);
#6836 = CARTESIAN_POINT('',(20.32,0.32,6.5));
#6837 = VECTOR('',#6838,1.);
#6838 = DIRECTION('',(-0.,0.,-1.));
#6839 = PLANE('',#6840);
#6840 = AXIS2_PLACEMENT_3D('',#6841,#6842,#6843);
#6841 = CARTESIAN_POINT('',(20.32,-6.515120971464E-16,1.55));
#6842 = DIRECTION('',(-1.,1.224646799147E-16,0.));
#6843 = DIRECTION('',(0.,0.,1.));
#6844 = ADVANCED_FACE('',(#6845),#6856,.F.);
#6845 = FACE_BOUND('',#6846,.F.);
#6846 = EDGE_LOOP('',(#6847,#6848,#6849,#6850));
#6847 = ORIENTED_EDGE('',*,*,#6834,.F.);
#6848 = ORIENTED_EDGE('',*,*,#4475,.F.);
#6849 = ORIENTED_EDGE('',*,*,#6786,.T.);
#6850 = ORIENTED_EDGE('',*,*,#6851,.F.);
#6851 = EDGE_CURVE('',#6825,#6770,#6852,.T.);
#6852 = LINE('',#6853,#6854);
#6853 = CARTESIAN_POINT('',(20.32,0.32,-3.2));
#6854 = VECTOR('',#6855,1.);
#6855 = DIRECTION('',(-1.,1.224646799147E-16,0.));
#6856 = PLANE('',#6857);
#6857 = AXIS2_PLACEMENT_3D('',#6858,#6859,#6860);
#6858 = CARTESIAN_POINT('',(20.32,0.32,6.5));
#6859 = DIRECTION('',(-1.224646799147E-16,-1.,0.));
#6860 = DIRECTION('',(-0.,0.,-1.));
#6861 = ADVANCED_FACE('',(#6862),#6887,.F.);
#6862 = FACE_BOUND('',#6863,.F.);
#6863 = EDGE_LOOP('',(#6864,#6874,#6880,#6881));
#6864 = ORIENTED_EDGE('',*,*,#6865,.T.);
#6865 = EDGE_CURVE('',#6866,#6868,#6870,.T.);
#6866 = VERTEX_POINT('',#6867);
#6867 = CARTESIAN_POINT('',(22.82,0.32,-3.2));
#6868 = VERTEX_POINT('',#6869);
#6869 = CARTESIAN_POINT('',(22.82,-0.32,-3.2));
#6870 = LINE('',#6871,#6872);
#6871 = CARTESIAN_POINT('',(22.82,0.32,-3.2));
#6872 = VECTOR('',#6873,1.);
#6873 = DIRECTION('',(-1.224646799147E-16,-1.,0.));
#6874 = ORIENTED_EDGE('',*,*,#6875,.T.);
#6875 = EDGE_CURVE('',#6868,#4514,#6876,.T.);
#6876 = LINE('',#6877,#6878);
#6877 = CARTESIAN_POINT('',(22.82,-0.32,-3.4));
#6878 = VECTOR('',#6879,1.);
#6879 = DIRECTION('',(0.,0.,1.));
#6880 = ORIENTED_EDGE('',*,*,#4511,.F.);
#6881 = ORIENTED_EDGE('',*,*,#6882,.T.);
#6882 = EDGE_CURVE('',#4512,#6866,#6883,.T.);
#6883 = LINE('',#6884,#6885);
#6884 = CARTESIAN_POINT('',(22.82,0.32,6.5));
#6885 = VECTOR('',#6886,1.);
#6886 = DIRECTION('',(-0.,0.,-1.));
#6887 = PLANE('',#6888);
#6888 = AXIS2_PLACEMENT_3D('',#6889,#6890,#6891);
#6889 = CARTESIAN_POINT('',(22.82,-9.576737969332E-16,1.55));
#6890 = DIRECTION('',(-1.,1.224646799147E-16,0.));
#6891 = DIRECTION('',(0.,0.,1.));
#6892 = ADVANCED_FACE('',(#6893),#6911,.F.);
#6893 = FACE_BOUND('',#6894,.F.);
#6894 = EDGE_LOOP('',(#6895,#6896,#6897,#6905));
#6895 = ORIENTED_EDGE('',*,*,#6882,.F.);
#6896 = ORIENTED_EDGE('',*,*,#4537,.F.);
#6897 = ORIENTED_EDGE('',*,*,#6898,.T.);
#6898 = EDGE_CURVE('',#4530,#6899,#6901,.T.);
#6899 = VERTEX_POINT('',#6900);
#6900 = CARTESIAN_POINT('',(22.18,0.32,-3.2));
#6901 = LINE('',#6902,#6903);
#6902 = CARTESIAN_POINT('',(22.18,0.32,6.5));
#6903 = VECTOR('',#6904,1.);
#6904 = DIRECTION('',(-0.,0.,-1.));
#6905 = ORIENTED_EDGE('',*,*,#6906,.F.);
#6906 = EDGE_CURVE('',#6866,#6899,#6907,.T.);
#6907 = LINE('',#6908,#6909);
#6908 = CARTESIAN_POINT('',(22.82,0.32,-3.2));
#6909 = VECTOR('',#6910,1.);
#6910 = DIRECTION('',(-1.,1.224646799147E-16,0.));
#6911 = PLANE('',#6912);
#6912 = AXIS2_PLACEMENT_3D('',#6913,#6914,#6915);
#6913 = CARTESIAN_POINT('',(22.82,0.32,6.5));
#6914 = DIRECTION('',(-1.224646799147E-16,-1.,0.));
#6915 = DIRECTION('',(-0.,0.,-1.));
#6916 = ADVANCED_FACE('',(#6917),#6935,.T.);
#6917 = FACE_BOUND('',#6918,.T.);
#6918 = EDGE_LOOP('',(#6919,#6927,#6933,#6934));
#6919 = ORIENTED_EDGE('',*,*,#6920,.T.);
#6920 = EDGE_CURVE('',#6899,#6921,#6923,.T.);
#6921 = VERTEX_POINT('',#6922);
#6922 = CARTESIAN_POINT('',(22.18,-0.32,-3.2));
#6923 = LINE('',#6924,#6925);
#6924 = CARTESIAN_POINT('',(22.18,0.32,-3.2));
#6925 = VECTOR('',#6926,1.);
#6926 = DIRECTION('',(-1.224646799147E-16,-1.,0.));
#6927 = ORIENTED_EDGE('',*,*,#6928,.T.);
#6928 = EDGE_CURVE('',#6921,#4522,#6929,.T.);
#6929 = LINE('',#6930,#6931);
#6930 = CARTESIAN_POINT('',(22.18,-0.32,-3.4));
#6931 = VECTOR('',#6932,1.);
#6932 = DIRECTION('',(0.,0.,1.));
#6933 = ORIENTED_EDGE('',*,*,#4529,.F.);
#6934 = ORIENTED_EDGE('',*,*,#6898,.T.);
#6935 = PLANE('',#6936);
#6936 = AXIS2_PLACEMENT_3D('',#6937,#6938,#6939);
#6937 = CARTESIAN_POINT('',(22.18,-8.792964017878E-16,1.55));
#6938 = DIRECTION('',(-1.,1.224646799147E-16,0.));
#6939 = DIRECTION('',(0.,0.,1.));
#6940 = ADVANCED_FACE('',(#6941),#6952,.F.);
#6941 = FACE_BOUND('',#6942,.F.);
#6942 = EDGE_LOOP('',(#6943,#6944,#6950,#6951));
#6943 = ORIENTED_EDGE('',*,*,#6875,.F.);
#6944 = ORIENTED_EDGE('',*,*,#6945,.T.);
#6945 = EDGE_CURVE('',#6868,#6921,#6946,.T.);
#6946 = LINE('',#6947,#6948);
#6947 = CARTESIAN_POINT('',(22.82,-0.32,-3.2));
#6948 = VECTOR('',#6949,1.);
#6949 = DIRECTION('',(-1.,1.224646799147E-16,0.));
#6950 = ORIENTED_EDGE('',*,*,#6928,.T.);
#6951 = ORIENTED_EDGE('',*,*,#4521,.F.);
#6952 = PLANE('',#6953);
#6953 = AXIS2_PLACEMENT_3D('',#6954,#6955,#6956);
#6954 = CARTESIAN_POINT('',(22.82,-0.32,-3.4));
#6955 = DIRECTION('',(1.224646799147E-16,1.,0.));
#6956 = DIRECTION('',(0.,-0.,1.));
#6957 = ADVANCED_FACE('',(#6958),#6983,.T.);
#6958 = FACE_BOUND('',#6959,.T.);
#6959 = EDGE_LOOP('',(#6960,#6970,#6976,#6977));
#6960 = ORIENTED_EDGE('',*,*,#6961,.T.);
#6961 = EDGE_CURVE('',#6962,#6964,#6966,.T.);
#6962 = VERTEX_POINT('',#6963);
#6963 = CARTESIAN_POINT('',(24.68,0.32,-3.2));
#6964 = VERTEX_POINT('',#6965);
#6965 = CARTESIAN_POINT('',(24.68,-0.32,-3.2));
#6966 = LINE('',#6967,#6968);
#6967 = CARTESIAN_POINT('',(24.68,0.32,-3.2));
#6968 = VECTOR('',#6969,1.);
#6969 = DIRECTION('',(-1.224646799147E-16,-1.,0.));
#6970 = ORIENTED_EDGE('',*,*,#6971,.T.);
#6971 = EDGE_CURVE('',#6964,#4560,#6972,.T.);
#6972 = LINE('',#6973,#6974);
#6973 = CARTESIAN_POINT('',(24.68,-0.32,-3.4));
#6974 = VECTOR('',#6975,1.);
#6975 = DIRECTION('',(0.,0.,1.));
#6976 = ORIENTED_EDGE('',*,*,#4557,.F.);
#6977 = ORIENTED_EDGE('',*,*,#6978,.T.);
#6978 = EDGE_CURVE('',#4558,#6962,#6979,.T.);
#6979 = LINE('',#6980,#6981);
#6980 = CARTESIAN_POINT('',(24.68,0.32,6.5));
#6981 = VECTOR('',#6982,1.);
#6982 = DIRECTION('',(-0.,0.,-1.));
#6983 = PLANE('',#6984);
#6984 = AXIS2_PLACEMENT_3D('',#6985,#6986,#6987);
#6985 = CARTESIAN_POINT('',(24.68,-1.185458101575E-15,1.55));
#6986 = DIRECTION('',(-1.,1.224646799147E-16,0.));
#6987 = DIRECTION('',(0.,0.,1.));
#6988 = ADVANCED_FACE('',(#6989),#7007,.F.);
#6989 = FACE_BOUND('',#6990,.F.);
#6990 = EDGE_LOOP('',(#6991,#6999,#7005,#7006));
#6991 = ORIENTED_EDGE('',*,*,#6992,.F.);
#6992 = EDGE_CURVE('',#6993,#4576,#6995,.T.);
#6993 = VERTEX_POINT('',#6994);
#6994 = CARTESIAN_POINT('',(25.32,-0.32,-3.2));
#6995 = LINE('',#6996,#6997);
#6996 = CARTESIAN_POINT('',(25.32,-0.32,-3.4));
#6997 = VECTOR('',#6998,1.);
#6998 = DIRECTION('',(0.,0.,1.));
#6999 = ORIENTED_EDGE('',*,*,#7000,.T.);
#7000 = EDGE_CURVE('',#6993,#6964,#7001,.T.);
#7001 = LINE('',#7002,#7003);
#7002 = CARTESIAN_POINT('',(25.32,-0.32,-3.2));
#7003 = VECTOR('',#7004,1.);
#7004 = DIRECTION('',(-1.,1.224646799147E-16,0.));
#7005 = ORIENTED_EDGE('',*,*,#6971,.T.);
#7006 = ORIENTED_EDGE('',*,*,#4583,.F.);
#7007 = PLANE('',#7008);
#7008 = AXIS2_PLACEMENT_3D('',#7009,#7010,#7011);
#7009 = CARTESIAN_POINT('',(25.32,-0.32,-3.4));
#7010 = DIRECTION('',(1.224646799147E-16,1.,0.));
#7011 = DIRECTION('',(0.,-0.,1.));
#7012 = ADVANCED_FACE('',(#7013),#7031,.F.);
#7013 = FACE_BOUND('',#7014,.F.);
#7014 = EDGE_LOOP('',(#7015,#7023,#7024,#7025));
#7015 = ORIENTED_EDGE('',*,*,#7016,.T.);
#7016 = EDGE_CURVE('',#7017,#6993,#7019,.T.);
#7017 = VERTEX_POINT('',#7018);
#7018 = CARTESIAN_POINT('',(25.32,0.32,-3.2));
#7019 = LINE('',#7020,#7021);
#7020 = CARTESIAN_POINT('',(25.32,0.32,-3.2));
#7021 = VECTOR('',#7022,1.);
#7022 = DIRECTION('',(-1.224646799147E-16,-1.,0.));
#7023 = ORIENTED_EDGE('',*,*,#6992,.T.);
#7024 = ORIENTED_EDGE('',*,*,#4575,.F.);
#7025 = ORIENTED_EDGE('',*,*,#7026,.T.);
#7026 = EDGE_CURVE('',#4568,#7017,#7027,.T.);
#7027 = LINE('',#7028,#7029);
#7028 = CARTESIAN_POINT('',(25.32,0.32,6.5));
#7029 = VECTOR('',#7030,1.);
#7030 = DIRECTION('',(-0.,0.,-1.));
#7031 = PLANE('',#7032);
#7032 = AXIS2_PLACEMENT_3D('',#7033,#7034,#7035);
#7033 = CARTESIAN_POINT('',(25.32,-1.26383549672E-15,1.55));
#7034 = DIRECTION('',(-1.,1.224646799147E-16,0.));
#7035 = DIRECTION('',(0.,0.,1.));
#7036 = ADVANCED_FACE('',(#7037),#7048,.F.);
#7037 = FACE_BOUND('',#7038,.F.);
#7038 = EDGE_LOOP('',(#7039,#7040,#7041,#7042));
#7039 = ORIENTED_EDGE('',*,*,#7026,.F.);
#7040 = ORIENTED_EDGE('',*,*,#4567,.F.);
#7041 = ORIENTED_EDGE('',*,*,#6978,.T.);
#7042 = ORIENTED_EDGE('',*,*,#7043,.F.);
#7043 = EDGE_CURVE('',#7017,#6962,#7044,.T.);
#7044 = LINE('',#7045,#7046);
#7045 = CARTESIAN_POINT('',(25.32,0.32,-3.2));
#7046 = VECTOR('',#7047,1.);
#7047 = DIRECTION('',(-1.,1.224646799147E-16,0.));
#7048 = PLANE('',#7049);
#7049 = AXIS2_PLACEMENT_3D('',#7050,#7051,#7052);
#7050 = CARTESIAN_POINT('',(25.32,0.32,6.5));
#7051 = DIRECTION('',(-1.224646799147E-16,-1.,0.));
#7052 = DIRECTION('',(-0.,0.,-1.));
#7053 = ADVANCED_FACE('',(#7054),#7079,.T.);
#7054 = FACE_BOUND('',#7055,.T.);
#7055 = EDGE_LOOP('',(#7056,#7066,#7072,#7073));
#7056 = ORIENTED_EDGE('',*,*,#7057,.T.);
#7057 = EDGE_CURVE('',#7058,#7060,#7062,.T.);
#7058 = VERTEX_POINT('',#7059);
#7059 = CARTESIAN_POINT('',(27.18,0.32,-3.2));
#7060 = VERTEX_POINT('',#7061);
#7061 = CARTESIAN_POINT('',(27.18,-0.32,-3.2));
#7062 = LINE('',#7063,#7064);
#7063 = CARTESIAN_POINT('',(27.18,0.32,-3.2));
#7064 = VECTOR('',#7065,1.);
#7065 = DIRECTION('',(-1.224646799147E-16,-1.,0.));
#7066 = ORIENTED_EDGE('',*,*,#7067,.T.);
#7067 = EDGE_CURVE('',#7060,#4606,#7068,.T.);
#7068 = LINE('',#7069,#7070);
#7069 = CARTESIAN_POINT('',(27.18,-0.32,-3.4));
#7070 = VECTOR('',#7071,1.);
#7071 = DIRECTION('',(0.,0.,1.));
#7072 = ORIENTED_EDGE('',*,*,#4603,.F.);
#7073 = ORIENTED_EDGE('',*,*,#7074,.T.);
#7074 = EDGE_CURVE('',#4604,#7058,#7075,.T.);
#7075 = LINE('',#7076,#7077);
#7076 = CARTESIAN_POINT('',(27.18,0.32,6.5));
#7077 = VECTOR('',#7078,1.);
#7078 = DIRECTION('',(-0.,0.,-1.));
#7079 = PLANE('',#7080);
#7080 = AXIS2_PLACEMENT_3D('',#7081,#7082,#7083);
#7081 = CARTESIAN_POINT('',(27.18,-1.491619801361E-15,1.55));
#7082 = DIRECTION('',(-1.,1.224646799147E-16,0.));
#7083 = DIRECTION('',(0.,0.,1.));
#7084 = ADVANCED_FACE('',(#7085),#7103,.F.);
#7085 = FACE_BOUND('',#7086,.F.);
#7086 = EDGE_LOOP('',(#7087,#7095,#7101,#7102));
#7087 = ORIENTED_EDGE('',*,*,#7088,.F.);
#7088 = EDGE_CURVE('',#7089,#4622,#7091,.T.);
#7089 = VERTEX_POINT('',#7090);
#7090 = CARTESIAN_POINT('',(27.82,-0.32,-3.2));
#7091 = LINE('',#7092,#7093);
#7092 = CARTESIAN_POINT('',(27.82,-0.32,-3.4));
#7093 = VECTOR('',#7094,1.);
#7094 = DIRECTION('',(0.,0.,1.));
#7095 = ORIENTED_EDGE('',*,*,#7096,.T.);
#7096 = EDGE_CURVE('',#7089,#7060,#7097,.T.);
#7097 = LINE('',#7098,#7099);
#7098 = CARTESIAN_POINT('',(27.82,-0.32,-3.2));
#7099 = VECTOR('',#7100,1.);
#7100 = DIRECTION('',(-1.,1.224646799147E-16,0.));
#7101 = ORIENTED_EDGE('',*,*,#7067,.T.);
#7102 = ORIENTED_EDGE('',*,*,#4629,.F.);
#7103 = PLANE('',#7104);
#7104 = AXIS2_PLACEMENT_3D('',#7105,#7106,#7107);
#7105 = CARTESIAN_POINT('',(27.82,-0.32,-3.4));
#7106 = DIRECTION('',(1.224646799147E-16,1.,0.));
#7107 = DIRECTION('',(0.,-0.,1.));
#7108 = ADVANCED_FACE('',(#7109),#7127,.F.);
#7109 = FACE_BOUND('',#7110,.F.);
#7110 = EDGE_LOOP('',(#7111,#7119,#7120,#7121));
#7111 = ORIENTED_EDGE('',*,*,#7112,.T.);
#7112 = EDGE_CURVE('',#7113,#7089,#7115,.T.);
#7113 = VERTEX_POINT('',#7114);
#7114 = CARTESIAN_POINT('',(27.82,0.32,-3.2));
#7115 = LINE('',#7116,#7117);
#7116 = CARTESIAN_POINT('',(27.82,0.32,-3.2));
#7117 = VECTOR('',#7118,1.);
#7118 = DIRECTION('',(-1.224646799147E-16,-1.,0.));
#7119 = ORIENTED_EDGE('',*,*,#7088,.T.);
#7120 = ORIENTED_EDGE('',*,*,#4621,.F.);
#7121 = ORIENTED_EDGE('',*,*,#7122,.T.);
#7122 = EDGE_CURVE('',#4614,#7113,#7123,.T.);
#7123 = LINE('',#7124,#7125);
#7124 = CARTESIAN_POINT('',(27.82,0.32,6.5));
#7125 = VECTOR('',#7126,1.);
#7126 = DIRECTION('',(-0.,0.,-1.));
#7127 = PLANE('',#7128);
#7128 = AXIS2_PLACEMENT_3D('',#7129,#7130,#7131);
#7129 = CARTESIAN_POINT('',(27.82,-1.569997196507E-15,1.55));
#7130 = DIRECTION('',(-1.,1.224646799147E-16,0.));
#7131 = DIRECTION('',(0.,0.,1.));
#7132 = ADVANCED_FACE('',(#7133),#7144,.F.);
#7133 = FACE_BOUND('',#7134,.F.);
#7134 = EDGE_LOOP('',(#7135,#7136,#7137,#7138));
#7135 = ORIENTED_EDGE('',*,*,#7122,.F.);
#7136 = ORIENTED_EDGE('',*,*,#4613,.F.);
#7137 = ORIENTED_EDGE('',*,*,#7074,.T.);
#7138 = ORIENTED_EDGE('',*,*,#7139,.F.);
#7139 = EDGE_CURVE('',#7113,#7058,#7140,.T.);
#7140 = LINE('',#7141,#7142);
#7141 = CARTESIAN_POINT('',(27.82,0.32,-3.2));
#7142 = VECTOR('',#7143,1.);
#7143 = DIRECTION('',(-1.,1.224646799147E-16,0.));
#7144 = PLANE('',#7145);
#7145 = AXIS2_PLACEMENT_3D('',#7146,#7147,#7148);
#7146 = CARTESIAN_POINT('',(27.82,0.32,6.5));
#7147 = DIRECTION('',(-1.224646799147E-16,-1.,0.));
#7148 = DIRECTION('',(-0.,0.,-1.));
#7149 = ADVANCED_FACE('',(#7150),#7207,.T.);
#7150 = FACE_BOUND('',#7151,.T.);
#7151 = EDGE_LOOP('',(#7152,#7162,#7170,#7178,#7184,#7185,#7193,#7201));
#7152 = ORIENTED_EDGE('',*,*,#7153,.T.);
#7153 = EDGE_CURVE('',#7154,#7156,#7158,.T.);
#7154 = VERTEX_POINT('',#7155);
#7155 = CARTESIAN_POINT('',(29.68,0.351578947368,-3.2));
#7156 = VERTEX_POINT('',#7157);
#7157 = CARTESIAN_POINT('',(29.68,-0.288421052632,-3.2));
#7158 = LINE('',#7159,#7160);
#7159 = CARTESIAN_POINT('',(29.68,0.32,-3.2));
#7160 = VECTOR('',#7161,1.);
#7161 = DIRECTION('',(-1.224646799147E-16,-1.,0.));
#7162 = ORIENTED_EDGE('',*,*,#7163,.T.);
#7163 = EDGE_CURVE('',#7156,#7164,#7166,.T.);
#7164 = VERTEX_POINT('',#7165);
#7165 = CARTESIAN_POINT('',(29.68,-2.E-02,-1.5));
#7166 = LINE('',#7167,#7168);
#7167 = CARTESIAN_POINT('',(29.68,-0.32,-3.4));
#7168 = VECTOR('',#7169,1.);
#7169 = DIRECTION('',(1.909990663905E-17,0.155962573473,0.987762965329)
  );
#7170 = ORIENTED_EDGE('',*,*,#7171,.T.);
#7171 = EDGE_CURVE('',#7164,#7172,#7174,.T.);
#7172 = VERTEX_POINT('',#7173);
#7173 = CARTESIAN_POINT('',(29.68,-0.32,-0.9));
#7174 = LINE('',#7175,#7176);
#7175 = CARTESIAN_POINT('',(29.68,-2.E-02,-1.5));
#7176 = VECTOR('',#7177,1.);
#7177 = DIRECTION('',(-5.476786982641E-17,-0.4472135955,0.894427191));
#7178 = ORIENTED_EDGE('',*,*,#7179,.T.);
#7179 = EDGE_CURVE('',#7172,#4652,#7180,.T.);
#7180 = LINE('',#7181,#7182);
#7181 = CARTESIAN_POINT('',(29.68,-0.32,-0.9));
#7182 = VECTOR('',#7183,1.);
#7183 = DIRECTION('',(0.,0.,1.));
#7184 = ORIENTED_EDGE('',*,*,#4649,.F.);
#7185 = ORIENTED_EDGE('',*,*,#7186,.T.);
#7186 = EDGE_CURVE('',#4650,#7187,#7189,.T.);
#7187 = VERTEX_POINT('',#7188);
#7188 = CARTESIAN_POINT('',(29.68,0.32,-0.9));
#7189 = LINE('',#7190,#7191);
#7190 = CARTESIAN_POINT('',(29.68,0.32,6.5));
#7191 = VECTOR('',#7192,1.);
#7192 = DIRECTION('',(-0.,0.,-1.));
#7193 = ORIENTED_EDGE('',*,*,#7194,.T.);
#7194 = EDGE_CURVE('',#7187,#7195,#7197,.T.);
#7195 = VERTEX_POINT('',#7196);
#7196 = CARTESIAN_POINT('',(29.68,0.62,-1.5));
#7197 = LINE('',#7198,#7199);
#7198 = CARTESIAN_POINT('',(29.68,0.32,-0.9));
#7199 = VECTOR('',#7200,1.);
#7200 = DIRECTION('',(5.476786982641E-17,0.4472135955,-0.894427191));
#7201 = ORIENTED_EDGE('',*,*,#7202,.T.);
#7202 = EDGE_CURVE('',#7195,#7154,#7203,.T.);
#7203 = LINE('',#7204,#7205);
#7204 = CARTESIAN_POINT('',(29.68,0.62,-1.5));
#7205 = VECTOR('',#7206,1.);
#7206 = DIRECTION('',(-1.909990663905E-17,-0.155962573473,
    -0.987762965329));
#7207 = PLANE('',#7208);
#7208 = AXIS2_PLACEMENT_3D('',#7209,#7210,#7211);
#7209 = CARTESIAN_POINT('',(29.68,3.65940088399E-02,1.522832428212));
#7210 = DIRECTION('',(-1.,1.224646799147E-16,0.));
#7211 = DIRECTION('',(0.,0.,1.));
#7212 = ADVANCED_FACE('',(#7213),#7231,.F.);
#7213 = FACE_BOUND('',#7214,.F.);
#7214 = EDGE_LOOP('',(#7215,#7223,#7229,#7230));
#7215 = ORIENTED_EDGE('',*,*,#7216,.F.);
#7216 = EDGE_CURVE('',#7217,#4668,#7219,.T.);
#7217 = VERTEX_POINT('',#7218);
#7218 = CARTESIAN_POINT('',(30.32,-0.32,-0.9));
#7219 = LINE('',#7220,#7221);
#7220 = CARTESIAN_POINT('',(30.32,-0.32,-0.9));
#7221 = VECTOR('',#7222,1.);
#7222 = DIRECTION('',(0.,0.,1.));
#7223 = ORIENTED_EDGE('',*,*,#7224,.T.);
#7224 = EDGE_CURVE('',#7217,#7172,#7225,.T.);
#7225 = LINE('',#7226,#7227);
#7226 = CARTESIAN_POINT('',(30.32,-0.32,-0.9));
#7227 = VECTOR('',#7228,1.);
#7228 = DIRECTION('',(-1.,1.224646799147E-16,0.));
#7229 = ORIENTED_EDGE('',*,*,#7179,.T.);
#7230 = ORIENTED_EDGE('',*,*,#4675,.F.);
#7231 = PLANE('',#7232);
#7232 = AXIS2_PLACEMENT_3D('',#7233,#7234,#7235);
#7233 = CARTESIAN_POINT('',(30.32,-0.32,-0.9));
#7234 = DIRECTION('',(1.224646799147E-16,1.,0.));
#7235 = DIRECTION('',(0.,-0.,1.));
#7236 = ADVANCED_FACE('',(#7237),#7287,.F.);
#7237 = FACE_BOUND('',#7238,.F.);
#7238 = EDGE_LOOP('',(#7239,#7249,#7257,#7263,#7264,#7265,#7273,#7281));
#7239 = ORIENTED_EDGE('',*,*,#7240,.T.);
#7240 = EDGE_CURVE('',#7241,#7243,#7245,.T.);
#7241 = VERTEX_POINT('',#7242);
#7242 = CARTESIAN_POINT('',(30.32,0.351578947368,-3.2));
#7243 = VERTEX_POINT('',#7244);
#7244 = CARTESIAN_POINT('',(30.32,-0.288421052632,-3.2));
#7245 = LINE('',#7246,#7247);
#7246 = CARTESIAN_POINT('',(30.32,0.32,-3.2));
#7247 = VECTOR('',#7248,1.);
#7248 = DIRECTION('',(-1.224646799147E-16,-1.,0.));
#7249 = ORIENTED_EDGE('',*,*,#7250,.T.);
#7250 = EDGE_CURVE('',#7243,#7251,#7253,.T.);
#7251 = VERTEX_POINT('',#7252);
#7252 = CARTESIAN_POINT('',(30.32,-2.E-02,-1.5));
#7253 = LINE('',#7254,#7255);
#7254 = CARTESIAN_POINT('',(30.32,-0.32,-3.4));
#7255 = VECTOR('',#7256,1.);
#7256 = DIRECTION('',(1.909990663905E-17,0.155962573473,0.987762965329)
  );
#7257 = ORIENTED_EDGE('',*,*,#7258,.T.);
#7258 = EDGE_CURVE('',#7251,#7217,#7259,.T.);
#7259 = LINE('',#7260,#7261);
#7260 = CARTESIAN_POINT('',(30.32,-2.E-02,-1.5));
#7261 = VECTOR('',#7262,1.);
#7262 = DIRECTION('',(-5.476786982641E-17,-0.4472135955,0.894427191));
#7263 = ORIENTED_EDGE('',*,*,#7216,.T.);
#7264 = ORIENTED_EDGE('',*,*,#4667,.F.);
#7265 = ORIENTED_EDGE('',*,*,#7266,.T.);
#7266 = EDGE_CURVE('',#4660,#7267,#7269,.T.);
#7267 = VERTEX_POINT('',#7268);
#7268 = CARTESIAN_POINT('',(30.32,0.32,-0.9));
#7269 = LINE('',#7270,#7271);
#7270 = CARTESIAN_POINT('',(30.32,0.32,6.5));
#7271 = VECTOR('',#7272,1.);
#7272 = DIRECTION('',(-0.,0.,-1.));
#7273 = ORIENTED_EDGE('',*,*,#7274,.T.);
#7274 = EDGE_CURVE('',#7267,#7275,#7277,.T.);
#7275 = VERTEX_POINT('',#7276);
#7276 = CARTESIAN_POINT('',(30.32,0.62,-1.5));
#7277 = LINE('',#7278,#7279);
#7278 = CARTESIAN_POINT('',(30.32,0.32,-0.9));
#7279 = VECTOR('',#7280,1.);
#7280 = DIRECTION('',(5.476786982641E-17,0.4472135955,-0.894427191));
#7281 = ORIENTED_EDGE('',*,*,#7282,.T.);
#7282 = EDGE_CURVE('',#7275,#7241,#7283,.T.);
#7283 = LINE('',#7284,#7285);
#7284 = CARTESIAN_POINT('',(30.32,0.62,-1.5));
#7285 = VECTOR('',#7286,1.);
#7286 = DIRECTION('',(-1.909990663905E-17,-0.155962573473,
    -0.987762965329));
#7287 = PLANE('',#7288);
#7288 = AXIS2_PLACEMENT_3D('',#7289,#7290,#7291);
#7289 = CARTESIAN_POINT('',(30.32,3.65940088399E-02,1.522832428212));
#7290 = DIRECTION('',(-1.,1.224646799147E-16,0.));
#7291 = DIRECTION('',(0.,0.,1.));
#7292 = ADVANCED_FACE('',(#7293),#7304,.F.);
#7293 = FACE_BOUND('',#7294,.F.);
#7294 = EDGE_LOOP('',(#7295,#7296,#7297,#7298));
#7295 = ORIENTED_EDGE('',*,*,#7266,.F.);
#7296 = ORIENTED_EDGE('',*,*,#4659,.F.);
#7297 = ORIENTED_EDGE('',*,*,#7186,.T.);
#7298 = ORIENTED_EDGE('',*,*,#7299,.F.);
#7299 = EDGE_CURVE('',#7267,#7187,#7300,.T.);
#7300 = LINE('',#7301,#7302);
#7301 = CARTESIAN_POINT('',(30.32,0.32,-0.9));
#7302 = VECTOR('',#7303,1.);
#7303 = DIRECTION('',(-1.,1.224646799147E-16,0.));
#7304 = PLANE('',#7305);
#7305 = AXIS2_PLACEMENT_3D('',#7306,#7307,#7308);
#7306 = CARTESIAN_POINT('',(30.32,0.32,6.5));
#7307 = DIRECTION('',(-1.224646799147E-16,-1.,0.));
#7308 = DIRECTION('',(-0.,0.,-1.));
#7309 = ADVANCED_FACE('',(#7310),#7335,.F.);
#7310 = FACE_BOUND('',#7311,.T.);
#7311 = EDGE_LOOP('',(#7312,#7320,#7328,#7334));
#7312 = ORIENTED_EDGE('',*,*,#7313,.F.);
#7313 = EDGE_CURVE('',#7314,#4691,#7316,.T.);
#7314 = VERTEX_POINT('',#7315);
#7315 = CARTESIAN_POINT('',(27.38,-0.12,6.5));
#7316 = LINE('',#7317,#7318);
#7317 = CARTESIAN_POINT('',(27.353333333333,-0.146666666667,
    6.473333333333));
#7318 = VECTOR('',#7319,1.);
#7319 = DIRECTION('',(-0.57735026919,-0.57735026919,-0.57735026919));
#7320 = ORIENTED_EDGE('',*,*,#7321,.T.);
#7321 = EDGE_CURVE('',#7314,#7322,#7324,.T.);
#7322 = VERTEX_POINT('',#7323);
#7323 = CARTESIAN_POINT('',(27.38,0.12,6.5));
#7324 = LINE('',#7325,#7326);
#7325 = CARTESIAN_POINT('',(27.38,-0.32,6.5));
#7326 = VECTOR('',#7327,1.);
#7327 = DIRECTION('',(1.224646799147E-16,1.,0.));
#7328 = ORIENTED_EDGE('',*,*,#7329,.T.);
#7329 = EDGE_CURVE('',#7322,#4699,#7330,.T.);
#7330 = LINE('',#7331,#7332);
#7331 = CARTESIAN_POINT('',(27.46,4.E-02,6.58));
#7332 = VECTOR('',#7333,1.);
#7333 = DIRECTION('',(-0.57735026919,0.57735026919,-0.57735026919));
#7334 = ORIENTED_EDGE('',*,*,#4698,.F.);
#7335 = PLANE('',#7336);
#7336 = AXIS2_PLACEMENT_3D('',#7337,#7338,#7339);
#7337 = CARTESIAN_POINT('',(27.28,-0.32,6.4));
#7338 = DIRECTION('',(0.707106781187,-8.486018839685E-17,-0.707106781187
    ));
#7339 = DIRECTION('',(-1.212375546256E-16,-1.,-1.227125289196E-18));
#7340 = ADVANCED_FACE('',(#7341),#7359,.T.);
#7341 = FACE_BOUND('',#7342,.F.);
#7342 = EDGE_LOOP('',(#7343,#7351,#7352,#7353));
#7343 = ORIENTED_EDGE('',*,*,#7344,.T.);
#7344 = EDGE_CURVE('',#7345,#4721,#7347,.T.);
#7345 = VERTEX_POINT('',#7346);
#7346 = CARTESIAN_POINT('',(27.62,-0.12,6.5));
#7347 = LINE('',#7348,#7349);
#7348 = CARTESIAN_POINT('',(27.753333333333,-0.253333333333,
    6.366666666667));
#7349 = VECTOR('',#7350,1.);
#7350 = DIRECTION('',(0.57735026919,-0.57735026919,-0.57735026919));
#7351 = ORIENTED_EDGE('',*,*,#4730,.T.);
#7352 = ORIENTED_EDGE('',*,*,#7313,.F.);
#7353 = ORIENTED_EDGE('',*,*,#7354,.F.);
#7354 = EDGE_CURVE('',#7345,#7314,#7355,.T.);
#7355 = LINE('',#7356,#7357);
#7356 = CARTESIAN_POINT('',(27.82,-0.12,6.5));
#7357 = VECTOR('',#7358,1.);
#7358 = DIRECTION('',(-1.,1.224646799147E-16,0.));
#7359 = PLANE('',#7360);
#7360 = AXIS2_PLACEMENT_3D('',#7361,#7362,#7363);
#7361 = CARTESIAN_POINT('',(27.82,-0.22,6.4));
#7362 = DIRECTION('',(-8.833102285013E-17,-0.707106781187,0.707106781187
    ));
#7363 = DIRECTION('',(1.,-1.236918052038E-16,1.227125289097E-18));
#7364 = ADVANCED_FACE('',(#7365),#7383,.T.);
#7365 = FACE_BOUND('',#7366,.F.);
#7366 = EDGE_LOOP('',(#7367,#7368,#7376,#7382));
#7367 = ORIENTED_EDGE('',*,*,#7344,.F.);
#7368 = ORIENTED_EDGE('',*,*,#7369,.T.);
#7369 = EDGE_CURVE('',#7345,#7370,#7372,.T.);
#7370 = VERTEX_POINT('',#7371);
#7371 = CARTESIAN_POINT('',(27.62,0.12,6.5));
#7372 = LINE('',#7373,#7374);
#7373 = CARTESIAN_POINT('',(27.62,-0.32,6.5));
#7374 = VECTOR('',#7375,1.);
#7375 = DIRECTION('',(1.224646799147E-16,1.,0.));
#7376 = ORIENTED_EDGE('',*,*,#7377,.T.);
#7377 = EDGE_CURVE('',#7370,#4747,#7378,.T.);
#7378 = LINE('',#7379,#7380);
#7379 = CARTESIAN_POINT('',(27.646666666667,0.146666666667,
    6.473333333333));
#7380 = VECTOR('',#7381,1.);
#7381 = DIRECTION('',(0.57735026919,0.57735026919,-0.57735026919));
#7382 = ORIENTED_EDGE('',*,*,#4746,.F.);
#7383 = PLANE('',#7384);
#7384 = AXIS2_PLACEMENT_3D('',#7385,#7386,#7387);
#7385 = CARTESIAN_POINT('',(27.72,-0.32,6.4));
#7386 = DIRECTION('',(0.707106781187,-8.833102285013E-17,0.707106781187)
  );
#7387 = DIRECTION('',(-1.236918052038E-16,-1.,-1.227125289097E-18));
#7388 = ADVANCED_FACE('',(#7389),#7400,.T.);
#7389 = FACE_BOUND('',#7390,.F.);
#7390 = EDGE_LOOP('',(#7391,#7392,#7398,#7399));
#7391 = ORIENTED_EDGE('',*,*,#7377,.F.);
#7392 = ORIENTED_EDGE('',*,*,#7393,.T.);
#7393 = EDGE_CURVE('',#7370,#7322,#7394,.T.);
#7394 = LINE('',#7395,#7396);
#7395 = CARTESIAN_POINT('',(27.82,0.12,6.5));
#7396 = VECTOR('',#7397,1.);
#7397 = DIRECTION('',(-1.,1.224646799147E-16,0.));
#7398 = ORIENTED_EDGE('',*,*,#7329,.T.);
#7399 = ORIENTED_EDGE('',*,*,#4769,.F.);
#7400 = PLANE('',#7401);
#7401 = AXIS2_PLACEMENT_3D('',#7402,#7403,#7404);
#7402 = CARTESIAN_POINT('',(27.82,0.22,6.4));
#7403 = DIRECTION('',(8.833102285013E-17,0.707106781187,0.707106781187)
  );
#7404 = DIRECTION('',(1.,-1.236918052038E-16,-1.227125289097E-18));
#7405 = ADVANCED_FACE('',(#7406),#7431,.F.);
#7406 = FACE_BOUND('',#7407,.T.);
#7407 = EDGE_LOOP('',(#7408,#7416,#7424,#7430));
#7408 = ORIENTED_EDGE('',*,*,#7409,.F.);
#7409 = EDGE_CURVE('',#7410,#4787,#7412,.T.);
#7410 = VERTEX_POINT('',#7411);
#7411 = CARTESIAN_POINT('',(24.88,-0.12,6.5));
#7412 = LINE('',#7413,#7414);
#7413 = CARTESIAN_POINT('',(24.853333333333,-0.146666666667,
    6.473333333333));
#7414 = VECTOR('',#7415,1.);
#7415 = DIRECTION('',(-0.57735026919,-0.57735026919,-0.57735026919));
#7416 = ORIENTED_EDGE('',*,*,#7417,.T.);
#7417 = EDGE_CURVE('',#7410,#7418,#7420,.T.);
#7418 = VERTEX_POINT('',#7419);
#7419 = CARTESIAN_POINT('',(24.88,0.12,6.5));
#7420 = LINE('',#7421,#7422);
#7421 = CARTESIAN_POINT('',(24.88,-0.32,6.5));
#7422 = VECTOR('',#7423,1.);
#7423 = DIRECTION('',(1.224646799147E-16,1.,0.));
#7424 = ORIENTED_EDGE('',*,*,#7425,.T.);
#7425 = EDGE_CURVE('',#7418,#4795,#7426,.T.);
#7426 = LINE('',#7427,#7428);
#7427 = CARTESIAN_POINT('',(24.96,4.E-02,6.58));
#7428 = VECTOR('',#7429,1.);
#7429 = DIRECTION('',(-0.57735026919,0.57735026919,-0.57735026919));
#7430 = ORIENTED_EDGE('',*,*,#4794,.F.);
#7431 = PLANE('',#7432);
#7432 = AXIS2_PLACEMENT_3D('',#7433,#7434,#7435);
#7433 = CARTESIAN_POINT('',(24.78,-0.32,6.4));
#7434 = DIRECTION('',(0.707106781187,-8.486018839685E-17,-0.707106781187
    ));
#7435 = DIRECTION('',(-1.212375546256E-16,-1.,-1.227125289196E-18));
#7436 = ADVANCED_FACE('',(#7437),#7455,.T.);
#7437 = FACE_BOUND('',#7438,.F.);
#7438 = EDGE_LOOP('',(#7439,#7447,#7448,#7449));
#7439 = ORIENTED_EDGE('',*,*,#7440,.T.);
#7440 = EDGE_CURVE('',#7441,#4817,#7443,.T.);
#7441 = VERTEX_POINT('',#7442);
#7442 = CARTESIAN_POINT('',(25.12,-0.12,6.5));
#7443 = LINE('',#7444,#7445);
#7444 = CARTESIAN_POINT('',(25.253333333333,-0.253333333333,
    6.366666666667));
#7445 = VECTOR('',#7446,1.);
#7446 = DIRECTION('',(0.57735026919,-0.57735026919,-0.57735026919));
#7447 = ORIENTED_EDGE('',*,*,#4826,.T.);
#7448 = ORIENTED_EDGE('',*,*,#7409,.F.);
#7449 = ORIENTED_EDGE('',*,*,#7450,.F.);
#7450 = EDGE_CURVE('',#7441,#7410,#7451,.T.);
#7451 = LINE('',#7452,#7453);
#7452 = CARTESIAN_POINT('',(25.32,-0.12,6.5));
#7453 = VECTOR('',#7454,1.);
#7454 = DIRECTION('',(-1.,1.224646799147E-16,0.));
#7455 = PLANE('',#7456);
#7456 = AXIS2_PLACEMENT_3D('',#7457,#7458,#7459);
#7457 = CARTESIAN_POINT('',(25.32,-0.22,6.4));
#7458 = DIRECTION('',(-8.833102285013E-17,-0.707106781187,0.707106781187
    ));
#7459 = DIRECTION('',(1.,-1.236918052038E-16,1.227125289097E-18));
#7460 = ADVANCED_FACE('',(#7461),#7479,.T.);
#7461 = FACE_BOUND('',#7462,.F.);
#7462 = EDGE_LOOP('',(#7463,#7464,#7472,#7478));
#7463 = ORIENTED_EDGE('',*,*,#7440,.F.);
#7464 = ORIENTED_EDGE('',*,*,#7465,.T.);
#7465 = EDGE_CURVE('',#7441,#7466,#7468,.T.);
#7466 = VERTEX_POINT('',#7467);
#7467 = CARTESIAN_POINT('',(25.12,0.12,6.5));
#7468 = LINE('',#7469,#7470);
#7469 = CARTESIAN_POINT('',(25.12,-0.32,6.5));
#7470 = VECTOR('',#7471,1.);
#7471 = DIRECTION('',(1.224646799147E-16,1.,0.));
#7472 = ORIENTED_EDGE('',*,*,#7473,.T.);
#7473 = EDGE_CURVE('',#7466,#4843,#7474,.T.);
#7474 = LINE('',#7475,#7476);
#7475 = CARTESIAN_POINT('',(25.146666666667,0.146666666667,
    6.473333333333));
#7476 = VECTOR('',#7477,1.);
#7477 = DIRECTION('',(0.57735026919,0.57735026919,-0.57735026919));
#7478 = ORIENTED_EDGE('',*,*,#4842,.F.);
#7479 = PLANE('',#7480);
#7480 = AXIS2_PLACEMENT_3D('',#7481,#7482,#7483);
#7481 = CARTESIAN_POINT('',(25.22,-0.32,6.4));
#7482 = DIRECTION('',(0.707106781187,-8.833102285013E-17,0.707106781187)
  );
#7483 = DIRECTION('',(-1.236918052038E-16,-1.,-1.227125289097E-18));
#7484 = ADVANCED_FACE('',(#7485),#7496,.T.);
#7485 = FACE_BOUND('',#7486,.F.);
#7486 = EDGE_LOOP('',(#7487,#7488,#7494,#7495));
#7487 = ORIENTED_EDGE('',*,*,#7473,.F.);
#7488 = ORIENTED_EDGE('',*,*,#7489,.T.);
#7489 = EDGE_CURVE('',#7466,#7418,#7490,.T.);
#7490 = LINE('',#7491,#7492);
#7491 = CARTESIAN_POINT('',(25.32,0.12,6.5));
#7492 = VECTOR('',#7493,1.);
#7493 = DIRECTION('',(-1.,1.224646799147E-16,0.));
#7494 = ORIENTED_EDGE('',*,*,#7425,.T.);
#7495 = ORIENTED_EDGE('',*,*,#4865,.F.);
#7496 = PLANE('',#7497);
#7497 = AXIS2_PLACEMENT_3D('',#7498,#7499,#7500);
#7498 = CARTESIAN_POINT('',(25.32,0.22,6.4));
#7499 = DIRECTION('',(8.833102285013E-17,0.707106781187,0.707106781187)
  );
#7500 = DIRECTION('',(1.,-1.236918052038E-16,-1.227125289097E-18));
#7501 = ADVANCED_FACE('',(#7502),#7527,.F.);
#7502 = FACE_BOUND('',#7503,.T.);
#7503 = EDGE_LOOP('',(#7504,#7512,#7520,#7526));
#7504 = ORIENTED_EDGE('',*,*,#7505,.F.);
#7505 = EDGE_CURVE('',#7506,#4883,#7508,.T.);
#7506 = VERTEX_POINT('',#7507);
#7507 = CARTESIAN_POINT('',(19.88,-0.12,6.5));
#7508 = LINE('',#7509,#7510);
#7509 = CARTESIAN_POINT('',(19.853333333333,-0.146666666667,
    6.473333333333));
#7510 = VECTOR('',#7511,1.);
#7511 = DIRECTION('',(-0.57735026919,-0.57735026919,-0.57735026919));
#7512 = ORIENTED_EDGE('',*,*,#7513,.T.);
#7513 = EDGE_CURVE('',#7506,#7514,#7516,.T.);
#7514 = VERTEX_POINT('',#7515);
#7515 = CARTESIAN_POINT('',(19.88,0.12,6.5));
#7516 = LINE('',#7517,#7518);
#7517 = CARTESIAN_POINT('',(19.88,-0.32,6.5));
#7518 = VECTOR('',#7519,1.);
#7519 = DIRECTION('',(1.224646799147E-16,1.,0.));
#7520 = ORIENTED_EDGE('',*,*,#7521,.T.);
#7521 = EDGE_CURVE('',#7514,#4891,#7522,.T.);
#7522 = LINE('',#7523,#7524);
#7523 = CARTESIAN_POINT('',(19.96,4.E-02,6.58));
#7524 = VECTOR('',#7525,1.);
#7525 = DIRECTION('',(-0.57735026919,0.57735026919,-0.57735026919));
#7526 = ORIENTED_EDGE('',*,*,#4890,.F.);
#7527 = PLANE('',#7528);
#7528 = AXIS2_PLACEMENT_3D('',#7529,#7530,#7531);
#7529 = CARTESIAN_POINT('',(19.78,-0.32,6.4));
#7530 = DIRECTION('',(0.707106781187,-8.486018839685E-17,-0.707106781187
    ));
#7531 = DIRECTION('',(-1.212375546256E-16,-1.,-1.227125289196E-18));
#7532 = ADVANCED_FACE('',(#7533),#7551,.T.);
#7533 = FACE_BOUND('',#7534,.F.);
#7534 = EDGE_LOOP('',(#7535,#7543,#7544,#7545));
#7535 = ORIENTED_EDGE('',*,*,#7536,.T.);
#7536 = EDGE_CURVE('',#7537,#4913,#7539,.T.);
#7537 = VERTEX_POINT('',#7538);
#7538 = CARTESIAN_POINT('',(20.12,-0.12,6.5));
#7539 = LINE('',#7540,#7541);
#7540 = CARTESIAN_POINT('',(20.253333333333,-0.253333333333,
    6.366666666667));
#7541 = VECTOR('',#7542,1.);
#7542 = DIRECTION('',(0.57735026919,-0.57735026919,-0.57735026919));
#7543 = ORIENTED_EDGE('',*,*,#4922,.T.);
#7544 = ORIENTED_EDGE('',*,*,#7505,.F.);
#7545 = ORIENTED_EDGE('',*,*,#7546,.F.);
#7546 = EDGE_CURVE('',#7537,#7506,#7547,.T.);
#7547 = LINE('',#7548,#7549);
#7548 = CARTESIAN_POINT('',(20.32,-0.12,6.5));
#7549 = VECTOR('',#7550,1.);
#7550 = DIRECTION('',(-1.,1.224646799147E-16,0.));
#7551 = PLANE('',#7552);
#7552 = AXIS2_PLACEMENT_3D('',#7553,#7554,#7555);
#7553 = CARTESIAN_POINT('',(20.32,-0.22,6.4));
#7554 = DIRECTION('',(-8.833102285013E-17,-0.707106781187,0.707106781187
    ));
#7555 = DIRECTION('',(1.,-1.236918052038E-16,1.227125289097E-18));
#7556 = ADVANCED_FACE('',(#7557),#7575,.T.);
#7557 = FACE_BOUND('',#7558,.F.);
#7558 = EDGE_LOOP('',(#7559,#7560,#7568,#7574));
#7559 = ORIENTED_EDGE('',*,*,#7536,.F.);
#7560 = ORIENTED_EDGE('',*,*,#7561,.T.);
#7561 = EDGE_CURVE('',#7537,#7562,#7564,.T.);
#7562 = VERTEX_POINT('',#7563);
#7563 = CARTESIAN_POINT('',(20.12,0.12,6.5));
#7564 = LINE('',#7565,#7566);
#7565 = CARTESIAN_POINT('',(20.12,-0.32,6.5));
#7566 = VECTOR('',#7567,1.);
#7567 = DIRECTION('',(1.224646799147E-16,1.,0.));
#7568 = ORIENTED_EDGE('',*,*,#7569,.T.);
#7569 = EDGE_CURVE('',#7562,#4939,#7570,.T.);
#7570 = LINE('',#7571,#7572);
#7571 = CARTESIAN_POINT('',(20.146666666667,0.146666666667,
    6.473333333333));
#7572 = VECTOR('',#7573,1.);
#7573 = DIRECTION('',(0.57735026919,0.57735026919,-0.57735026919));
#7574 = ORIENTED_EDGE('',*,*,#4938,.F.);
#7575 = PLANE('',#7576);
#7576 = AXIS2_PLACEMENT_3D('',#7577,#7578,#7579);
#7577 = CARTESIAN_POINT('',(20.22,-0.32,6.4));
#7578 = DIRECTION('',(0.707106781187,-8.833102285013E-17,0.707106781187)
  );
#7579 = DIRECTION('',(-1.236918052038E-16,-1.,-1.227125289097E-18));
#7580 = ADVANCED_FACE('',(#7581),#7592,.T.);
#7581 = FACE_BOUND('',#7582,.F.);
#7582 = EDGE_LOOP('',(#7583,#7584,#7590,#7591));
#7583 = ORIENTED_EDGE('',*,*,#7569,.F.);
#7584 = ORIENTED_EDGE('',*,*,#7585,.T.);
#7585 = EDGE_CURVE('',#7562,#7514,#7586,.T.);
#7586 = LINE('',#7587,#7588);
#7587 = CARTESIAN_POINT('',(20.32,0.12,6.5));
#7588 = VECTOR('',#7589,1.);
#7589 = DIRECTION('',(-1.,1.224646799147E-16,0.));
#7590 = ORIENTED_EDGE('',*,*,#7521,.T.);
#7591 = ORIENTED_EDGE('',*,*,#4961,.F.);
#7592 = PLANE('',#7593);
#7593 = AXIS2_PLACEMENT_3D('',#7594,#7595,#7596);
#7594 = CARTESIAN_POINT('',(20.32,0.22,6.4));
#7595 = DIRECTION('',(8.833102285013E-17,0.707106781187,0.707106781187)
  );
#7596 = DIRECTION('',(1.,-1.236918052038E-16,-1.227125289097E-18));
#7597 = ADVANCED_FACE('',(#7598),#7623,.T.);
#7598 = FACE_BOUND('',#7599,.F.);
#7599 = EDGE_LOOP('',(#7600,#7608,#7616,#7622));
#7600 = ORIENTED_EDGE('',*,*,#7601,.F.);
#7601 = EDGE_CURVE('',#7602,#4979,#7604,.T.);
#7602 = VERTEX_POINT('',#7603);
#7603 = CARTESIAN_POINT('',(22.62,-0.12,6.5));
#7604 = LINE('',#7605,#7606);
#7605 = CARTESIAN_POINT('',(22.753333333333,-0.253333333333,
    6.366666666667));
#7606 = VECTOR('',#7607,1.);
#7607 = DIRECTION('',(0.57735026919,-0.57735026919,-0.57735026919));
#7608 = ORIENTED_EDGE('',*,*,#7609,.T.);
#7609 = EDGE_CURVE('',#7602,#7610,#7612,.T.);
#7610 = VERTEX_POINT('',#7611);
#7611 = CARTESIAN_POINT('',(22.62,0.12,6.5));
#7612 = LINE('',#7613,#7614);
#7613 = CARTESIAN_POINT('',(22.62,-0.32,6.5));
#7614 = VECTOR('',#7615,1.);
#7615 = DIRECTION('',(1.224646799147E-16,1.,0.));
#7616 = ORIENTED_EDGE('',*,*,#7617,.T.);
#7617 = EDGE_CURVE('',#7610,#4987,#7618,.T.);
#7618 = LINE('',#7619,#7620);
#7619 = CARTESIAN_POINT('',(22.646666666667,0.146666666667,
    6.473333333333));
#7620 = VECTOR('',#7621,1.);
#7621 = DIRECTION('',(0.57735026919,0.57735026919,-0.57735026919));
#7622 = ORIENTED_EDGE('',*,*,#4986,.F.);
#7623 = PLANE('',#7624);
#7624 = AXIS2_PLACEMENT_3D('',#7625,#7626,#7627);
#7625 = CARTESIAN_POINT('',(22.72,-0.32,6.4));
#7626 = DIRECTION('',(0.707106781187,-8.833102285013E-17,0.707106781187)
  );
#7627 = DIRECTION('',(-1.236918052038E-16,-1.,-1.227125289097E-18));
#7628 = ADVANCED_FACE('',(#7629),#7647,.T.);
#7629 = FACE_BOUND('',#7630,.F.);
#7630 = EDGE_LOOP('',(#7631,#7632,#7640,#7646));
#7631 = ORIENTED_EDGE('',*,*,#7617,.F.);
#7632 = ORIENTED_EDGE('',*,*,#7633,.T.);
#7633 = EDGE_CURVE('',#7610,#7634,#7636,.T.);
#7634 = VERTEX_POINT('',#7635);
#7635 = CARTESIAN_POINT('',(22.38,0.12,6.5));
#7636 = LINE('',#7637,#7638);
#7637 = CARTESIAN_POINT('',(22.82,0.12,6.5));
#7638 = VECTOR('',#7639,1.);
#7639 = DIRECTION('',(-1.,1.224646799147E-16,0.));
#7640 = ORIENTED_EDGE('',*,*,#7641,.T.);
#7641 = EDGE_CURVE('',#7634,#5010,#7642,.T.);
#7642 = LINE('',#7643,#7644);
#7643 = CARTESIAN_POINT('',(22.46,4.E-02,6.58));
#7644 = VECTOR('',#7645,1.);
#7645 = DIRECTION('',(-0.57735026919,0.57735026919,-0.57735026919));
#7646 = ORIENTED_EDGE('',*,*,#5009,.F.);
#7647 = PLANE('',#7648);
#7648 = AXIS2_PLACEMENT_3D('',#7649,#7650,#7651);
#7649 = CARTESIAN_POINT('',(22.82,0.22,6.4));
#7650 = DIRECTION('',(8.833102285013E-17,0.707106781187,0.707106781187)
  );
#7651 = DIRECTION('',(1.,-1.236918052038E-16,-1.227125289097E-18));
#7652 = ADVANCED_FACE('',(#7653),#7671,.F.);
#7653 = FACE_BOUND('',#7654,.T.);
#7654 = EDGE_LOOP('',(#7655,#7663,#7669,#7670));
#7655 = ORIENTED_EDGE('',*,*,#7656,.F.);
#7656 = EDGE_CURVE('',#7657,#5034,#7659,.T.);
#7657 = VERTEX_POINT('',#7658);
#7658 = CARTESIAN_POINT('',(22.38,-0.12,6.5));
#7659 = LINE('',#7660,#7661);
#7660 = CARTESIAN_POINT('',(22.353333333333,-0.146666666667,
    6.473333333333));
#7661 = VECTOR('',#7662,1.);
#7662 = DIRECTION('',(-0.57735026919,-0.57735026919,-0.57735026919));
#7663 = ORIENTED_EDGE('',*,*,#7664,.T.);
#7664 = EDGE_CURVE('',#7657,#7634,#7665,.T.);
#7665 = LINE('',#7666,#7667);
#7666 = CARTESIAN_POINT('',(22.38,-0.32,6.5));
#7667 = VECTOR('',#7668,1.);
#7668 = DIRECTION('',(1.224646799147E-16,1.,0.));
#7669 = ORIENTED_EDGE('',*,*,#7641,.T.);
#7670 = ORIENTED_EDGE('',*,*,#5041,.F.);
#7671 = PLANE('',#7672);
#7672 = AXIS2_PLACEMENT_3D('',#7673,#7674,#7675);
#7673 = CARTESIAN_POINT('',(22.28,-0.32,6.4));
#7674 = DIRECTION('',(0.707106781187,-8.486018839685E-17,-0.707106781187
    ));
#7675 = DIRECTION('',(-1.212375546256E-16,-1.,-1.227125289196E-18));
#7676 = ADVANCED_FACE('',(#7677),#7688,.T.);
#7677 = FACE_BOUND('',#7678,.F.);
#7678 = EDGE_LOOP('',(#7679,#7680,#7681,#7682));
#7679 = ORIENTED_EDGE('',*,*,#7601,.T.);
#7680 = ORIENTED_EDGE('',*,*,#5059,.T.);
#7681 = ORIENTED_EDGE('',*,*,#7656,.F.);
#7682 = ORIENTED_EDGE('',*,*,#7683,.F.);
#7683 = EDGE_CURVE('',#7602,#7657,#7684,.T.);
#7684 = LINE('',#7685,#7686);
#7685 = CARTESIAN_POINT('',(22.82,-0.12,6.5));
#7686 = VECTOR('',#7687,1.);
#7687 = DIRECTION('',(-1.,1.224646799147E-16,0.));
#7688 = PLANE('',#7689);
#7689 = AXIS2_PLACEMENT_3D('',#7690,#7691,#7692);
#7690 = CARTESIAN_POINT('',(22.82,-0.22,6.4));
#7691 = DIRECTION('',(-8.833102285013E-17,-0.707106781187,0.707106781187
    ));
#7692 = DIRECTION('',(1.,-1.236918052038E-16,1.227125289097E-18));
#7693 = ADVANCED_FACE('',(#7694),#7719,.T.);
#7694 = FACE_BOUND('',#7695,.F.);
#7695 = EDGE_LOOP('',(#7696,#7704,#7712,#7718));
#7696 = ORIENTED_EDGE('',*,*,#7697,.F.);
#7697 = EDGE_CURVE('',#7698,#5075,#7700,.T.);
#7698 = VERTEX_POINT('',#7699);
#7699 = CARTESIAN_POINT('',(17.62,-0.12,6.5));
#7700 = LINE('',#7701,#7702);
#7701 = CARTESIAN_POINT('',(17.753333333333,-0.253333333333,
    6.366666666667));
#7702 = VECTOR('',#7703,1.);
#7703 = DIRECTION('',(0.57735026919,-0.57735026919,-0.57735026919));
#7704 = ORIENTED_EDGE('',*,*,#7705,.T.);
#7705 = EDGE_CURVE('',#7698,#7706,#7708,.T.);
#7706 = VERTEX_POINT('',#7707);
#7707 = CARTESIAN_POINT('',(17.62,0.12,6.5));
#7708 = LINE('',#7709,#7710);
#7709 = CARTESIAN_POINT('',(17.62,-0.32,6.5));
#7710 = VECTOR('',#7711,1.);
#7711 = DIRECTION('',(1.224646799147E-16,1.,0.));
#7712 = ORIENTED_EDGE('',*,*,#7713,.T.);
#7713 = EDGE_CURVE('',#7706,#5083,#7714,.T.);
#7714 = LINE('',#7715,#7716);
#7715 = CARTESIAN_POINT('',(17.646666666667,0.146666666667,
    6.473333333333));
#7716 = VECTOR('',#7717,1.);
#7717 = DIRECTION('',(0.57735026919,0.57735026919,-0.57735026919));
#7718 = ORIENTED_EDGE('',*,*,#5082,.F.);
#7719 = PLANE('',#7720);
#7720 = AXIS2_PLACEMENT_3D('',#7721,#7722,#7723);
#7721 = CARTESIAN_POINT('',(17.72,-0.32,6.4));
#7722 = DIRECTION('',(0.707106781187,-8.833102285013E-17,0.707106781187)
  );
#7723 = DIRECTION('',(-1.236918052038E-16,-1.,-1.227125289097E-18));
#7724 = ADVANCED_FACE('',(#7725),#7743,.T.);
#7725 = FACE_BOUND('',#7726,.F.);
#7726 = EDGE_LOOP('',(#7727,#7728,#7736,#7742));
#7727 = ORIENTED_EDGE('',*,*,#7713,.F.);
#7728 = ORIENTED_EDGE('',*,*,#7729,.T.);
#7729 = EDGE_CURVE('',#7706,#7730,#7732,.T.);
#7730 = VERTEX_POINT('',#7731);
#7731 = CARTESIAN_POINT('',(17.38,0.12,6.5));
#7732 = LINE('',#7733,#7734);
#7733 = CARTESIAN_POINT('',(17.82,0.12,6.5));
#7734 = VECTOR('',#7735,1.);
#7735 = DIRECTION('',(-1.,1.224646799147E-16,0.));
#7736 = ORIENTED_EDGE('',*,*,#7737,.T.);
#7737 = EDGE_CURVE('',#7730,#5106,#7738,.T.);
#7738 = LINE('',#7739,#7740);
#7739 = CARTESIAN_POINT('',(17.46,4.E-02,6.58));
#7740 = VECTOR('',#7741,1.);
#7741 = DIRECTION('',(-0.57735026919,0.57735026919,-0.57735026919));
#7742 = ORIENTED_EDGE('',*,*,#5105,.F.);
#7743 = PLANE('',#7744);
#7744 = AXIS2_PLACEMENT_3D('',#7745,#7746,#7747);
#7745 = CARTESIAN_POINT('',(17.82,0.22,6.4));
#7746 = DIRECTION('',(8.833102285013E-17,0.707106781187,0.707106781187)
  );
#7747 = DIRECTION('',(1.,-1.236918052038E-16,-1.227125289097E-18));
#7748 = ADVANCED_FACE('',(#7749),#7767,.F.);
#7749 = FACE_BOUND('',#7750,.T.);
#7750 = EDGE_LOOP('',(#7751,#7759,#7765,#7766));
#7751 = ORIENTED_EDGE('',*,*,#7752,.F.);
#7752 = EDGE_CURVE('',#7753,#5130,#7755,.T.);
#7753 = VERTEX_POINT('',#7754);
#7754 = CARTESIAN_POINT('',(17.38,-0.12,6.5));
#7755 = LINE('',#7756,#7757);
#7756 = CARTESIAN_POINT('',(17.353333333333,-0.146666666667,
    6.473333333333));
#7757 = VECTOR('',#7758,1.);
#7758 = DIRECTION('',(-0.57735026919,-0.57735026919,-0.57735026919));
#7759 = ORIENTED_EDGE('',*,*,#7760,.T.);
#7760 = EDGE_CURVE('',#7753,#7730,#7761,.T.);
#7761 = LINE('',#7762,#7763);
#7762 = CARTESIAN_POINT('',(17.38,-0.32,6.5));
#7763 = VECTOR('',#7764,1.);
#7764 = DIRECTION('',(1.224646799147E-16,1.,0.));
#7765 = ORIENTED_EDGE('',*,*,#7737,.T.);
#7766 = ORIENTED_EDGE('',*,*,#5137,.F.);
#7767 = PLANE('',#7768);
#7768 = AXIS2_PLACEMENT_3D('',#7769,#7770,#7771);
#7769 = CARTESIAN_POINT('',(17.28,-0.32,6.4));
#7770 = DIRECTION('',(0.707106781187,-8.486018839685E-17,-0.707106781187
    ));
#7771 = DIRECTION('',(-1.212375546256E-16,-1.,-1.227125289196E-18));
#7772 = ADVANCED_FACE('',(#7773),#7784,.T.);
#7773 = FACE_BOUND('',#7774,.F.);
#7774 = EDGE_LOOP('',(#7775,#7776,#7777,#7778));
#7775 = ORIENTED_EDGE('',*,*,#7697,.T.);
#7776 = ORIENTED_EDGE('',*,*,#5155,.T.);
#7777 = ORIENTED_EDGE('',*,*,#7752,.F.);
#7778 = ORIENTED_EDGE('',*,*,#7779,.F.);
#7779 = EDGE_CURVE('',#7698,#7753,#7780,.T.);
#7780 = LINE('',#7781,#7782);
#7781 = CARTESIAN_POINT('',(17.82,-0.12,6.5));
#7782 = VECTOR('',#7783,1.);
#7783 = DIRECTION('',(-1.,1.224646799147E-16,0.));
#7784 = PLANE('',#7785);
#7785 = AXIS2_PLACEMENT_3D('',#7786,#7787,#7788);
#7786 = CARTESIAN_POINT('',(17.82,-0.22,6.4));
#7787 = DIRECTION('',(-8.833102285013E-17,-0.707106781187,0.707106781187
    ));
#7788 = DIRECTION('',(1.,-1.236918052038E-16,1.227125289097E-18));
#7789 = ADVANCED_FACE('',(#7790),#7815,.T.);
#7790 = FACE_BOUND('',#7791,.F.);
#7791 = EDGE_LOOP('',(#7792,#7800,#7808,#7814));
#7792 = ORIENTED_EDGE('',*,*,#7793,.F.);
#7793 = EDGE_CURVE('',#7794,#5171,#7796,.T.);
#7794 = VERTEX_POINT('',#7795);
#7795 = CARTESIAN_POINT('',(7.62,-0.12,6.5));
#7796 = LINE('',#7797,#7798);
#7797 = CARTESIAN_POINT('',(7.753333333333,-0.253333333333,
    6.366666666667));
#7798 = VECTOR('',#7799,1.);
#7799 = DIRECTION('',(0.57735026919,-0.57735026919,-0.57735026919));
#7800 = ORIENTED_EDGE('',*,*,#7801,.T.);
#7801 = EDGE_CURVE('',#7794,#7802,#7804,.T.);
#7802 = VERTEX_POINT('',#7803);
#7803 = CARTESIAN_POINT('',(7.62,0.12,6.5));
#7804 = LINE('',#7805,#7806);
#7805 = CARTESIAN_POINT('',(7.62,-0.32,6.5));
#7806 = VECTOR('',#7807,1.);
#7807 = DIRECTION('',(1.224646799147E-16,1.,0.));
#7808 = ORIENTED_EDGE('',*,*,#7809,.T.);
#7809 = EDGE_CURVE('',#7802,#5179,#7810,.T.);
#7810 = LINE('',#7811,#7812);
#7811 = CARTESIAN_POINT('',(7.646666666667,0.146666666667,6.473333333333
    ));
#7812 = VECTOR('',#7813,1.);
#7813 = DIRECTION('',(0.57735026919,0.57735026919,-0.57735026919));
#7814 = ORIENTED_EDGE('',*,*,#5178,.F.);
#7815 = PLANE('',#7816);
#7816 = AXIS2_PLACEMENT_3D('',#7817,#7818,#7819);
#7817 = CARTESIAN_POINT('',(7.72,-0.32,6.4));
#7818 = DIRECTION('',(0.707106781187,-8.833102285013E-17,0.707106781187)
  );
#7819 = DIRECTION('',(-1.236918052038E-16,-1.,-1.227125289097E-18));
#7820 = ADVANCED_FACE('',(#7821),#7839,.T.);
#7821 = FACE_BOUND('',#7822,.F.);
#7822 = EDGE_LOOP('',(#7823,#7824,#7832,#7838));
#7823 = ORIENTED_EDGE('',*,*,#7809,.F.);
#7824 = ORIENTED_EDGE('',*,*,#7825,.T.);
#7825 = EDGE_CURVE('',#7802,#7826,#7828,.T.);
#7826 = VERTEX_POINT('',#7827);
#7827 = CARTESIAN_POINT('',(7.38,0.12,6.5));
#7828 = LINE('',#7829,#7830);
#7829 = CARTESIAN_POINT('',(7.82,0.12,6.5));
#7830 = VECTOR('',#7831,1.);
#7831 = DIRECTION('',(-1.,1.224646799147E-16,0.));
#7832 = ORIENTED_EDGE('',*,*,#7833,.T.);
#7833 = EDGE_CURVE('',#7826,#5202,#7834,.T.);
#7834 = LINE('',#7835,#7836);
#7835 = CARTESIAN_POINT('',(7.46,4.E-02,6.58));
#7836 = VECTOR('',#7837,1.);
#7837 = DIRECTION('',(-0.57735026919,0.57735026919,-0.57735026919));
#7838 = ORIENTED_EDGE('',*,*,#5201,.F.);
#7839 = PLANE('',#7840);
#7840 = AXIS2_PLACEMENT_3D('',#7841,#7842,#7843);
#7841 = CARTESIAN_POINT('',(7.82,0.22,6.4));
#7842 = DIRECTION('',(8.833102285013E-17,0.707106781187,0.707106781187)
  );
#7843 = DIRECTION('',(1.,-1.236918052038E-16,-1.227125289097E-18));
#7844 = ADVANCED_FACE('',(#7845),#7863,.F.);
#7845 = FACE_BOUND('',#7846,.T.);
#7846 = EDGE_LOOP('',(#7847,#7855,#7861,#7862));
#7847 = ORIENTED_EDGE('',*,*,#7848,.F.);
#7848 = EDGE_CURVE('',#7849,#5226,#7851,.T.);
#7849 = VERTEX_POINT('',#7850);
#7850 = CARTESIAN_POINT('',(7.38,-0.12,6.5));
#7851 = LINE('',#7852,#7853);
#7852 = CARTESIAN_POINT('',(7.353333333333,-0.146666666667,
    6.473333333333));
#7853 = VECTOR('',#7854,1.);
#7854 = DIRECTION('',(-0.57735026919,-0.57735026919,-0.57735026919));
#7855 = ORIENTED_EDGE('',*,*,#7856,.T.);
#7856 = EDGE_CURVE('',#7849,#7826,#7857,.T.);
#7857 = LINE('',#7858,#7859);
#7858 = CARTESIAN_POINT('',(7.38,-0.32,6.5));
#7859 = VECTOR('',#7860,1.);
#7860 = DIRECTION('',(1.224646799147E-16,1.,0.));
#7861 = ORIENTED_EDGE('',*,*,#7833,.T.);
#7862 = ORIENTED_EDGE('',*,*,#5233,.F.);
#7863 = PLANE('',#7864);
#7864 = AXIS2_PLACEMENT_3D('',#7865,#7866,#7867);
#7865 = CARTESIAN_POINT('',(7.28,-0.32,6.4));
#7866 = DIRECTION('',(0.707106781187,-8.486018839685E-17,-0.707106781187
    ));
#7867 = DIRECTION('',(-1.212375546256E-16,-1.,-1.227125289196E-18));
#7868 = ADVANCED_FACE('',(#7869),#7880,.T.);
#7869 = FACE_BOUND('',#7870,.F.);
#7870 = EDGE_LOOP('',(#7871,#7872,#7873,#7874));
#7871 = ORIENTED_EDGE('',*,*,#7793,.T.);
#7872 = ORIENTED_EDGE('',*,*,#5251,.T.);
#7873 = ORIENTED_EDGE('',*,*,#7848,.F.);
#7874 = ORIENTED_EDGE('',*,*,#7875,.F.);
#7875 = EDGE_CURVE('',#7794,#7849,#7876,.T.);
#7876 = LINE('',#7877,#7878);
#7877 = CARTESIAN_POINT('',(7.82,-0.12,6.5));
#7878 = VECTOR('',#7879,1.);
#7879 = DIRECTION('',(-1.,1.224646799147E-16,0.));
#7880 = PLANE('',#7881);
#7881 = AXIS2_PLACEMENT_3D('',#7882,#7883,#7884);
#7882 = CARTESIAN_POINT('',(7.82,-0.22,6.4));
#7883 = DIRECTION('',(-8.833102285013E-17,-0.707106781187,0.707106781187
    ));
#7884 = DIRECTION('',(1.,-1.236918052038E-16,1.227125289097E-18));
#7885 = ADVANCED_FACE('',(#7886),#7911,.F.);
#7886 = FACE_BOUND('',#7887,.T.);
#7887 = EDGE_LOOP('',(#7888,#7896,#7904,#7910));
#7888 = ORIENTED_EDGE('',*,*,#7889,.F.);
#7889 = EDGE_CURVE('',#7890,#5267,#7892,.T.);
#7890 = VERTEX_POINT('',#7891);
#7891 = CARTESIAN_POINT('',(9.88,-0.12,6.5));
#7892 = LINE('',#7893,#7894);
#7893 = CARTESIAN_POINT('',(9.853333333333,-0.146666666667,
    6.473333333333));
#7894 = VECTOR('',#7895,1.);
#7895 = DIRECTION('',(-0.57735026919,-0.57735026919,-0.57735026919));
#7896 = ORIENTED_EDGE('',*,*,#7897,.T.);
#7897 = EDGE_CURVE('',#7890,#7898,#7900,.T.);
#7898 = VERTEX_POINT('',#7899);
#7899 = CARTESIAN_POINT('',(9.88,0.12,6.5));
#7900 = LINE('',#7901,#7902);
#7901 = CARTESIAN_POINT('',(9.88,-0.32,6.5));
#7902 = VECTOR('',#7903,1.);
#7903 = DIRECTION('',(1.224646799147E-16,1.,0.));
#7904 = ORIENTED_EDGE('',*,*,#7905,.T.);
#7905 = EDGE_CURVE('',#7898,#5275,#7906,.T.);
#7906 = LINE('',#7907,#7908);
#7907 = CARTESIAN_POINT('',(9.96,4.E-02,6.58));
#7908 = VECTOR('',#7909,1.);
#7909 = DIRECTION('',(-0.57735026919,0.57735026919,-0.57735026919));
#7910 = ORIENTED_EDGE('',*,*,#5274,.F.);
#7911 = PLANE('',#7912);
#7912 = AXIS2_PLACEMENT_3D('',#7913,#7914,#7915);
#7913 = CARTESIAN_POINT('',(9.78,-0.32,6.4));
#7914 = DIRECTION('',(0.707106781187,-8.486018839685E-17,-0.707106781187
    ));
#7915 = DIRECTION('',(-1.212375546256E-16,-1.,-1.227125289196E-18));
#7916 = ADVANCED_FACE('',(#7917),#7935,.T.);
#7917 = FACE_BOUND('',#7918,.F.);
#7918 = EDGE_LOOP('',(#7919,#7927,#7928,#7929));
#7919 = ORIENTED_EDGE('',*,*,#7920,.T.);
#7920 = EDGE_CURVE('',#7921,#5297,#7923,.T.);
#7921 = VERTEX_POINT('',#7922);
#7922 = CARTESIAN_POINT('',(10.12,-0.12,6.5));
#7923 = LINE('',#7924,#7925);
#7924 = CARTESIAN_POINT('',(10.253333333333,-0.253333333333,
    6.366666666667));
#7925 = VECTOR('',#7926,1.);
#7926 = DIRECTION('',(0.57735026919,-0.57735026919,-0.57735026919));
#7927 = ORIENTED_EDGE('',*,*,#5306,.T.);
#7928 = ORIENTED_EDGE('',*,*,#7889,.F.);
#7929 = ORIENTED_EDGE('',*,*,#7930,.F.);
#7930 = EDGE_CURVE('',#7921,#7890,#7931,.T.);
#7931 = LINE('',#7932,#7933);
#7932 = CARTESIAN_POINT('',(10.32,-0.12,6.5));
#7933 = VECTOR('',#7934,1.);
#7934 = DIRECTION('',(-1.,1.224646799147E-16,0.));
#7935 = PLANE('',#7936);
#7936 = AXIS2_PLACEMENT_3D('',#7937,#7938,#7939);
#7937 = CARTESIAN_POINT('',(10.32,-0.22,6.4));
#7938 = DIRECTION('',(-8.833102285013E-17,-0.707106781187,0.707106781187
    ));
#7939 = DIRECTION('',(1.,-1.236918052038E-16,1.227125289097E-18));
#7940 = ADVANCED_FACE('',(#7941),#7959,.T.);
#7941 = FACE_BOUND('',#7942,.F.);
#7942 = EDGE_LOOP('',(#7943,#7944,#7952,#7958));
#7943 = ORIENTED_EDGE('',*,*,#7920,.F.);
#7944 = ORIENTED_EDGE('',*,*,#7945,.T.);
#7945 = EDGE_CURVE('',#7921,#7946,#7948,.T.);
#7946 = VERTEX_POINT('',#7947);
#7947 = CARTESIAN_POINT('',(10.12,0.12,6.5));
#7948 = LINE('',#7949,#7950);
#7949 = CARTESIAN_POINT('',(10.12,-0.32,6.5));
#7950 = VECTOR('',#7951,1.);
#7951 = DIRECTION('',(1.224646799147E-16,1.,0.));
#7952 = ORIENTED_EDGE('',*,*,#7953,.T.);
#7953 = EDGE_CURVE('',#7946,#5323,#7954,.T.);
#7954 = LINE('',#7955,#7956);
#7955 = CARTESIAN_POINT('',(10.146666666667,0.146666666667,
    6.473333333333));
#7956 = VECTOR('',#7957,1.);
#7957 = DIRECTION('',(0.57735026919,0.57735026919,-0.57735026919));
#7958 = ORIENTED_EDGE('',*,*,#5322,.F.);
#7959 = PLANE('',#7960);
#7960 = AXIS2_PLACEMENT_3D('',#7961,#7962,#7963);
#7961 = CARTESIAN_POINT('',(10.22,-0.32,6.4));
#7962 = DIRECTION('',(0.707106781187,-8.833102285013E-17,0.707106781187)
  );
#7963 = DIRECTION('',(-1.236918052038E-16,-1.,-1.227125289097E-18));
#7964 = ADVANCED_FACE('',(#7965),#7976,.T.);
#7965 = FACE_BOUND('',#7966,.F.);
#7966 = EDGE_LOOP('',(#7967,#7968,#7974,#7975));
#7967 = ORIENTED_EDGE('',*,*,#7953,.F.);
#7968 = ORIENTED_EDGE('',*,*,#7969,.T.);
#7969 = EDGE_CURVE('',#7946,#7898,#7970,.T.);
#7970 = LINE('',#7971,#7972);
#7971 = CARTESIAN_POINT('',(10.32,0.12,6.5));
#7972 = VECTOR('',#7973,1.);
#7973 = DIRECTION('',(-1.,1.224646799147E-16,0.));
#7974 = ORIENTED_EDGE('',*,*,#7905,.T.);
#7975 = ORIENTED_EDGE('',*,*,#5345,.F.);
#7976 = PLANE('',#7977);
#7977 = AXIS2_PLACEMENT_3D('',#7978,#7979,#7980);
#7978 = CARTESIAN_POINT('',(10.32,0.22,6.4));
#7979 = DIRECTION('',(8.833102285013E-17,0.707106781187,0.707106781187)
  );
#7980 = DIRECTION('',(1.,-1.236918052038E-16,-1.227125289097E-18));
#7981 = ADVANCED_FACE('',(#7982),#8007,.F.);
#7982 = FACE_BOUND('',#7983,.T.);
#7983 = EDGE_LOOP('',(#7984,#7992,#8000,#8006));
#7984 = ORIENTED_EDGE('',*,*,#7985,.F.);
#7985 = EDGE_CURVE('',#7986,#5363,#7988,.T.);
#7986 = VERTEX_POINT('',#7987);
#7987 = CARTESIAN_POINT('',(12.38,-0.12,6.5));
#7988 = LINE('',#7989,#7990);
#7989 = CARTESIAN_POINT('',(12.353333333333,-0.146666666667,
    6.473333333333));
#7990 = VECTOR('',#7991,1.);
#7991 = DIRECTION('',(-0.57735026919,-0.57735026919,-0.57735026919));
#7992 = ORIENTED_EDGE('',*,*,#7993,.T.);
#7993 = EDGE_CURVE('',#7986,#7994,#7996,.T.);
#7994 = VERTEX_POINT('',#7995);
#7995 = CARTESIAN_POINT('',(12.38,0.12,6.5));
#7996 = LINE('',#7997,#7998);
#7997 = CARTESIAN_POINT('',(12.38,-0.32,6.5));
#7998 = VECTOR('',#7999,1.);
#7999 = DIRECTION('',(1.224646799147E-16,1.,0.));
#8000 = ORIENTED_EDGE('',*,*,#8001,.T.);
#8001 = EDGE_CURVE('',#7994,#5371,#8002,.T.);
#8002 = LINE('',#8003,#8004);
#8003 = CARTESIAN_POINT('',(12.46,4.E-02,6.58));
#8004 = VECTOR('',#8005,1.);
#8005 = DIRECTION('',(-0.57735026919,0.57735026919,-0.57735026919));
#8006 = ORIENTED_EDGE('',*,*,#5370,.F.);
#8007 = PLANE('',#8008);
#8008 = AXIS2_PLACEMENT_3D('',#8009,#8010,#8011);
#8009 = CARTESIAN_POINT('',(12.28,-0.32,6.4));
#8010 = DIRECTION('',(0.707106781187,-8.486018839685E-17,-0.707106781187
    ));
#8011 = DIRECTION('',(-1.212375546256E-16,-1.,-1.227125289196E-18));
#8012 = ADVANCED_FACE('',(#8013),#8031,.T.);
#8013 = FACE_BOUND('',#8014,.F.);
#8014 = EDGE_LOOP('',(#8015,#8023,#8024,#8025));
#8015 = ORIENTED_EDGE('',*,*,#8016,.T.);
#8016 = EDGE_CURVE('',#8017,#5393,#8019,.T.);
#8017 = VERTEX_POINT('',#8018);
#8018 = CARTESIAN_POINT('',(12.62,-0.12,6.5));
#8019 = LINE('',#8020,#8021);
#8020 = CARTESIAN_POINT('',(12.753333333333,-0.253333333333,
    6.366666666667));
#8021 = VECTOR('',#8022,1.);
#8022 = DIRECTION('',(0.57735026919,-0.57735026919,-0.57735026919));
#8023 = ORIENTED_EDGE('',*,*,#5402,.T.);
#8024 = ORIENTED_EDGE('',*,*,#7985,.F.);
#8025 = ORIENTED_EDGE('',*,*,#8026,.F.);
#8026 = EDGE_CURVE('',#8017,#7986,#8027,.T.);
#8027 = LINE('',#8028,#8029);
#8028 = CARTESIAN_POINT('',(12.82,-0.12,6.5));
#8029 = VECTOR('',#8030,1.);
#8030 = DIRECTION('',(-1.,1.224646799147E-16,0.));
#8031 = PLANE('',#8032);
#8032 = AXIS2_PLACEMENT_3D('',#8033,#8034,#8035);
#8033 = CARTESIAN_POINT('',(12.82,-0.22,6.4));
#8034 = DIRECTION('',(-8.833102285013E-17,-0.707106781187,0.707106781187
    ));
#8035 = DIRECTION('',(1.,-1.236918052038E-16,1.227125289097E-18));
#8036 = ADVANCED_FACE('',(#8037),#8055,.T.);
#8037 = FACE_BOUND('',#8038,.F.);
#8038 = EDGE_LOOP('',(#8039,#8040,#8048,#8054));
#8039 = ORIENTED_EDGE('',*,*,#8016,.F.);
#8040 = ORIENTED_EDGE('',*,*,#8041,.T.);
#8041 = EDGE_CURVE('',#8017,#8042,#8044,.T.);
#8042 = VERTEX_POINT('',#8043);
#8043 = CARTESIAN_POINT('',(12.62,0.12,6.5));
#8044 = LINE('',#8045,#8046);
#8045 = CARTESIAN_POINT('',(12.62,-0.32,6.5));
#8046 = VECTOR('',#8047,1.);
#8047 = DIRECTION('',(1.224646799147E-16,1.,0.));
#8048 = ORIENTED_EDGE('',*,*,#8049,.T.);
#8049 = EDGE_CURVE('',#8042,#5419,#8050,.T.);
#8050 = LINE('',#8051,#8052);
#8051 = CARTESIAN_POINT('',(12.646666666667,0.146666666667,
    6.473333333333));
#8052 = VECTOR('',#8053,1.);
#8053 = DIRECTION('',(0.57735026919,0.57735026919,-0.57735026919));
#8054 = ORIENTED_EDGE('',*,*,#5418,.F.);
#8055 = PLANE('',#8056);
#8056 = AXIS2_PLACEMENT_3D('',#8057,#8058,#8059);
#8057 = CARTESIAN_POINT('',(12.72,-0.32,6.4));
#8058 = DIRECTION('',(0.707106781187,-8.833102285013E-17,0.707106781187)
  );
#8059 = DIRECTION('',(-1.236918052038E-16,-1.,-1.227125289097E-18));
#8060 = ADVANCED_FACE('',(#8061),#8072,.T.);
#8061 = FACE_BOUND('',#8062,.F.);
#8062 = EDGE_LOOP('',(#8063,#8064,#8070,#8071));
#8063 = ORIENTED_EDGE('',*,*,#8049,.F.);
#8064 = ORIENTED_EDGE('',*,*,#8065,.T.);
#8065 = EDGE_CURVE('',#8042,#7994,#8066,.T.);
#8066 = LINE('',#8067,#8068);
#8067 = CARTESIAN_POINT('',(12.82,0.12,6.5));
#8068 = VECTOR('',#8069,1.);
#8069 = DIRECTION('',(-1.,1.224646799147E-16,0.));
#8070 = ORIENTED_EDGE('',*,*,#8001,.T.);
#8071 = ORIENTED_EDGE('',*,*,#5441,.F.);
#8072 = PLANE('',#8073);
#8073 = AXIS2_PLACEMENT_3D('',#8074,#8075,#8076);
#8074 = CARTESIAN_POINT('',(12.82,0.22,6.4));
#8075 = DIRECTION('',(8.833102285013E-17,0.707106781187,0.707106781187)
  );
#8076 = DIRECTION('',(1.,-1.236918052038E-16,-1.227125289097E-18));
#8077 = ADVANCED_FACE('',(#8078),#8103,.F.);
#8078 = FACE_BOUND('',#8079,.T.);
#8079 = EDGE_LOOP('',(#8080,#8088,#8096,#8102));
#8080 = ORIENTED_EDGE('',*,*,#8081,.F.);
#8081 = EDGE_CURVE('',#8082,#5459,#8084,.T.);
#8082 = VERTEX_POINT('',#8083);
#8083 = CARTESIAN_POINT('',(14.88,-0.12,6.5));
#8084 = LINE('',#8085,#8086);
#8085 = CARTESIAN_POINT('',(14.853333333333,-0.146666666667,
    6.473333333333));
#8086 = VECTOR('',#8087,1.);
#8087 = DIRECTION('',(-0.57735026919,-0.57735026919,-0.57735026919));
#8088 = ORIENTED_EDGE('',*,*,#8089,.T.);
#8089 = EDGE_CURVE('',#8082,#8090,#8092,.T.);
#8090 = VERTEX_POINT('',#8091);
#8091 = CARTESIAN_POINT('',(14.88,0.12,6.5));
#8092 = LINE('',#8093,#8094);
#8093 = CARTESIAN_POINT('',(14.88,-0.32,6.5));
#8094 = VECTOR('',#8095,1.);
#8095 = DIRECTION('',(1.224646799147E-16,1.,0.));
#8096 = ORIENTED_EDGE('',*,*,#8097,.T.);
#8097 = EDGE_CURVE('',#8090,#5467,#8098,.T.);
#8098 = LINE('',#8099,#8100);
#8099 = CARTESIAN_POINT('',(14.96,4.E-02,6.58));
#8100 = VECTOR('',#8101,1.);
#8101 = DIRECTION('',(-0.57735026919,0.57735026919,-0.57735026919));
#8102 = ORIENTED_EDGE('',*,*,#5466,.F.);
#8103 = PLANE('',#8104);
#8104 = AXIS2_PLACEMENT_3D('',#8105,#8106,#8107);
#8105 = CARTESIAN_POINT('',(14.78,-0.32,6.4));
#8106 = DIRECTION('',(0.707106781187,-8.486018839685E-17,-0.707106781187
    ));
#8107 = DIRECTION('',(-1.212375546256E-16,-1.,-1.227125289196E-18));
#8108 = ADVANCED_FACE('',(#8109),#8127,.T.);
#8109 = FACE_BOUND('',#8110,.F.);
#8110 = EDGE_LOOP('',(#8111,#8119,#8120,#8121));
#8111 = ORIENTED_EDGE('',*,*,#8112,.T.);
#8112 = EDGE_CURVE('',#8113,#5489,#8115,.T.);
#8113 = VERTEX_POINT('',#8114);
#8114 = CARTESIAN_POINT('',(15.12,-0.12,6.5));
#8115 = LINE('',#8116,#8117);
#8116 = CARTESIAN_POINT('',(15.253333333333,-0.253333333333,
    6.366666666667));
#8117 = VECTOR('',#8118,1.);
#8118 = DIRECTION('',(0.57735026919,-0.57735026919,-0.57735026919));
#8119 = ORIENTED_EDGE('',*,*,#5498,.T.);
#8120 = ORIENTED_EDGE('',*,*,#8081,.F.);
#8121 = ORIENTED_EDGE('',*,*,#8122,.F.);
#8122 = EDGE_CURVE('',#8113,#8082,#8123,.T.);
#8123 = LINE('',#8124,#8125);
#8124 = CARTESIAN_POINT('',(15.32,-0.12,6.5));
#8125 = VECTOR('',#8126,1.);
#8126 = DIRECTION('',(-1.,1.224646799147E-16,0.));
#8127 = PLANE('',#8128);
#8128 = AXIS2_PLACEMENT_3D('',#8129,#8130,#8131);
#8129 = CARTESIAN_POINT('',(15.32,-0.22,6.4));
#8130 = DIRECTION('',(-8.833102285013E-17,-0.707106781187,0.707106781187
    ));
#8131 = DIRECTION('',(1.,-1.236918052038E-16,1.227125289097E-18));
#8132 = ADVANCED_FACE('',(#8133),#8151,.T.);
#8133 = FACE_BOUND('',#8134,.F.);
#8134 = EDGE_LOOP('',(#8135,#8136,#8144,#8150));
#8135 = ORIENTED_EDGE('',*,*,#8112,.F.);
#8136 = ORIENTED_EDGE('',*,*,#8137,.T.);
#8137 = EDGE_CURVE('',#8113,#8138,#8140,.T.);
#8138 = VERTEX_POINT('',#8139);
#8139 = CARTESIAN_POINT('',(15.12,0.12,6.5));
#8140 = LINE('',#8141,#8142);
#8141 = CARTESIAN_POINT('',(15.12,-0.32,6.5));
#8142 = VECTOR('',#8143,1.);
#8143 = DIRECTION('',(1.224646799147E-16,1.,0.));
#8144 = ORIENTED_EDGE('',*,*,#8145,.T.);
#8145 = EDGE_CURVE('',#8138,#5515,#8146,.T.);
#8146 = LINE('',#8147,#8148);
#8147 = CARTESIAN_POINT('',(15.146666666667,0.146666666667,
    6.473333333333));
#8148 = VECTOR('',#8149,1.);
#8149 = DIRECTION('',(0.57735026919,0.57735026919,-0.57735026919));
#8150 = ORIENTED_EDGE('',*,*,#5514,.F.);
#8151 = PLANE('',#8152);
#8152 = AXIS2_PLACEMENT_3D('',#8153,#8154,#8155);
#8153 = CARTESIAN_POINT('',(15.22,-0.32,6.4));
#8154 = DIRECTION('',(0.707106781187,-8.833102285013E-17,0.707106781187)
  );
#8155 = DIRECTION('',(-1.236918052038E-16,-1.,-1.227125289097E-18));
#8156 = ADVANCED_FACE('',(#8157),#8168,.T.);
#8157 = FACE_BOUND('',#8158,.F.);
#8158 = EDGE_LOOP('',(#8159,#8160,#8166,#8167));
#8159 = ORIENTED_EDGE('',*,*,#8145,.F.);
#8160 = ORIENTED_EDGE('',*,*,#8161,.T.);
#8161 = EDGE_CURVE('',#8138,#8090,#8162,.T.);
#8162 = LINE('',#8163,#8164);
#8163 = CARTESIAN_POINT('',(15.32,0.12,6.5));
#8164 = VECTOR('',#8165,1.);
#8165 = DIRECTION('',(-1.,1.224646799147E-16,0.));
#8166 = ORIENTED_EDGE('',*,*,#8097,.T.);
#8167 = ORIENTED_EDGE('',*,*,#5537,.F.);
#8168 = PLANE('',#8169);
#8169 = AXIS2_PLACEMENT_3D('',#8170,#8171,#8172);
#8170 = CARTESIAN_POINT('',(15.32,0.22,6.4));
#8171 = DIRECTION('',(8.833102285013E-17,0.707106781187,0.707106781187)
  );
#8172 = DIRECTION('',(1.,-1.236918052038E-16,-1.227125289097E-18));
#8173 = ADVANCED_FACE('',(#8174),#8199,.F.);
#8174 = FACE_BOUND('',#8175,.T.);
#8175 = EDGE_LOOP('',(#8176,#8184,#8192,#8198));
#8176 = ORIENTED_EDGE('',*,*,#8177,.F.);
#8177 = EDGE_CURVE('',#8178,#5555,#8180,.T.);
#8178 = VERTEX_POINT('',#8179);
#8179 = CARTESIAN_POINT('',(2.38,-0.12,6.5));
#8180 = LINE('',#8181,#8182);
#8181 = CARTESIAN_POINT('',(2.353333333333,-0.146666666667,
    6.473333333333));
#8182 = VECTOR('',#8183,1.);
#8183 = DIRECTION('',(-0.57735026919,-0.57735026919,-0.57735026919));
#8184 = ORIENTED_EDGE('',*,*,#8185,.T.);
#8185 = EDGE_CURVE('',#8178,#8186,#8188,.T.);
#8186 = VERTEX_POINT('',#8187);
#8187 = CARTESIAN_POINT('',(2.38,0.12,6.5));
#8188 = LINE('',#8189,#8190);
#8189 = CARTESIAN_POINT('',(2.38,-0.32,6.5));
#8190 = VECTOR('',#8191,1.);
#8191 = DIRECTION('',(1.224646799147E-16,1.,0.));
#8192 = ORIENTED_EDGE('',*,*,#8193,.T.);
#8193 = EDGE_CURVE('',#8186,#5563,#8194,.T.);
#8194 = LINE('',#8195,#8196);
#8195 = CARTESIAN_POINT('',(2.46,4.E-02,6.58));
#8196 = VECTOR('',#8197,1.);
#8197 = DIRECTION('',(-0.57735026919,0.57735026919,-0.57735026919));
#8198 = ORIENTED_EDGE('',*,*,#5562,.F.);
#8199 = PLANE('',#8200);
#8200 = AXIS2_PLACEMENT_3D('',#8201,#8202,#8203);
#8201 = CARTESIAN_POINT('',(2.28,-0.32,6.4));
#8202 = DIRECTION('',(0.707106781187,-8.486018839685E-17,-0.707106781187
    ));
#8203 = DIRECTION('',(-1.212375546256E-16,-1.,-1.227125289196E-18));
#8204 = ADVANCED_FACE('',(#8205),#8223,.T.);
#8205 = FACE_BOUND('',#8206,.F.);
#8206 = EDGE_LOOP('',(#8207,#8215,#8216,#8217));
#8207 = ORIENTED_EDGE('',*,*,#8208,.T.);
#8208 = EDGE_CURVE('',#8209,#5585,#8211,.T.);
#8209 = VERTEX_POINT('',#8210);
#8210 = CARTESIAN_POINT('',(2.62,-0.12,6.5));
#8211 = LINE('',#8212,#8213);
#8212 = CARTESIAN_POINT('',(2.753333333333,-0.253333333333,
    6.366666666667));
#8213 = VECTOR('',#8214,1.);
#8214 = DIRECTION('',(0.57735026919,-0.57735026919,-0.57735026919));
#8215 = ORIENTED_EDGE('',*,*,#5594,.T.);
#8216 = ORIENTED_EDGE('',*,*,#8177,.F.);
#8217 = ORIENTED_EDGE('',*,*,#8218,.F.);
#8218 = EDGE_CURVE('',#8209,#8178,#8219,.T.);
#8219 = LINE('',#8220,#8221);
#8220 = CARTESIAN_POINT('',(2.82,-0.12,6.5));
#8221 = VECTOR('',#8222,1.);
#8222 = DIRECTION('',(-1.,1.224646799147E-16,0.));
#8223 = PLANE('',#8224);
#8224 = AXIS2_PLACEMENT_3D('',#8225,#8226,#8227);
#8225 = CARTESIAN_POINT('',(2.82,-0.22,6.4));
#8226 = DIRECTION('',(-8.833102285013E-17,-0.707106781187,0.707106781187
    ));
#8227 = DIRECTION('',(1.,-1.236918052038E-16,1.227125289097E-18));
#8228 = ADVANCED_FACE('',(#8229),#8247,.T.);
#8229 = FACE_BOUND('',#8230,.F.);
#8230 = EDGE_LOOP('',(#8231,#8232,#8240,#8246));
#8231 = ORIENTED_EDGE('',*,*,#8208,.F.);
#8232 = ORIENTED_EDGE('',*,*,#8233,.T.);
#8233 = EDGE_CURVE('',#8209,#8234,#8236,.T.);
#8234 = VERTEX_POINT('',#8235);
#8235 = CARTESIAN_POINT('',(2.62,0.12,6.5));
#8236 = LINE('',#8237,#8238);
#8237 = CARTESIAN_POINT('',(2.62,-0.32,6.5));
#8238 = VECTOR('',#8239,1.);
#8239 = DIRECTION('',(1.224646799147E-16,1.,0.));
#8240 = ORIENTED_EDGE('',*,*,#8241,.T.);
#8241 = EDGE_CURVE('',#8234,#5611,#8242,.T.);
#8242 = LINE('',#8243,#8244);
#8243 = CARTESIAN_POINT('',(2.646666666667,0.146666666667,6.473333333333
    ));
#8244 = VECTOR('',#8245,1.);
#8245 = DIRECTION('',(0.57735026919,0.57735026919,-0.57735026919));
#8246 = ORIENTED_EDGE('',*,*,#5610,.F.);
#8247 = PLANE('',#8248);
#8248 = AXIS2_PLACEMENT_3D('',#8249,#8250,#8251);
#8249 = CARTESIAN_POINT('',(2.72,-0.32,6.4));
#8250 = DIRECTION('',(0.707106781187,-8.833102285013E-17,0.707106781187)
  );
#8251 = DIRECTION('',(-1.236918052038E-16,-1.,-1.227125289097E-18));
#8252 = ADVANCED_FACE('',(#8253),#8264,.T.);
#8253 = FACE_BOUND('',#8254,.F.);
#8254 = EDGE_LOOP('',(#8255,#8256,#8262,#8263));
#8255 = ORIENTED_EDGE('',*,*,#8241,.F.);
#8256 = ORIENTED_EDGE('',*,*,#8257,.T.);
#8257 = EDGE_CURVE('',#8234,#8186,#8258,.T.);
#8258 = LINE('',#8259,#8260);
#8259 = CARTESIAN_POINT('',(2.82,0.12,6.5));
#8260 = VECTOR('',#8261,1.);
#8261 = DIRECTION('',(-1.,1.224646799147E-16,0.));
#8262 = ORIENTED_EDGE('',*,*,#8193,.T.);
#8263 = ORIENTED_EDGE('',*,*,#5633,.F.);
#8264 = PLANE('',#8265);
#8265 = AXIS2_PLACEMENT_3D('',#8266,#8267,#8268);
#8266 = CARTESIAN_POINT('',(2.82,0.22,6.4));
#8267 = DIRECTION('',(8.833102285013E-17,0.707106781187,0.707106781187)
  );
#8268 = DIRECTION('',(1.,-1.236918052038E-16,-1.227125289097E-18));
#8269 = ADVANCED_FACE('',(#8270),#8295,.T.);
#8270 = FACE_BOUND('',#8271,.F.);
#8271 = EDGE_LOOP('',(#8272,#8280,#8288,#8294));
#8272 = ORIENTED_EDGE('',*,*,#8273,.F.);
#8273 = EDGE_CURVE('',#8274,#5651,#8276,.T.);
#8274 = VERTEX_POINT('',#8275);
#8275 = CARTESIAN_POINT('',(5.12,-0.12,6.5));
#8276 = LINE('',#8277,#8278);
#8277 = CARTESIAN_POINT('',(5.253333333333,-0.253333333333,
    6.366666666667));
#8278 = VECTOR('',#8279,1.);
#8279 = DIRECTION('',(0.57735026919,-0.57735026919,-0.57735026919));
#8280 = ORIENTED_EDGE('',*,*,#8281,.T.);
#8281 = EDGE_CURVE('',#8274,#8282,#8284,.T.);
#8282 = VERTEX_POINT('',#8283);
#8283 = CARTESIAN_POINT('',(5.12,0.12,6.5));
#8284 = LINE('',#8285,#8286);
#8285 = CARTESIAN_POINT('',(5.12,-0.32,6.5));
#8286 = VECTOR('',#8287,1.);
#8287 = DIRECTION('',(1.224646799147E-16,1.,0.));
#8288 = ORIENTED_EDGE('',*,*,#8289,.T.);
#8289 = EDGE_CURVE('',#8282,#5659,#8290,.T.);
#8290 = LINE('',#8291,#8292);
#8291 = CARTESIAN_POINT('',(5.146666666667,0.146666666667,6.473333333333
    ));
#8292 = VECTOR('',#8293,1.);
#8293 = DIRECTION('',(0.57735026919,0.57735026919,-0.57735026919));
#8294 = ORIENTED_EDGE('',*,*,#5658,.F.);
#8295 = PLANE('',#8296);
#8296 = AXIS2_PLACEMENT_3D('',#8297,#8298,#8299);
#8297 = CARTESIAN_POINT('',(5.22,-0.32,6.4));
#8298 = DIRECTION('',(0.707106781187,-8.833102285013E-17,0.707106781187)
  );
#8299 = DIRECTION('',(-1.236918052038E-16,-1.,-1.227125289097E-18));
#8300 = ADVANCED_FACE('',(#8301),#8319,.T.);
#8301 = FACE_BOUND('',#8302,.F.);
#8302 = EDGE_LOOP('',(#8303,#8304,#8312,#8318));
#8303 = ORIENTED_EDGE('',*,*,#8289,.F.);
#8304 = ORIENTED_EDGE('',*,*,#8305,.T.);
#8305 = EDGE_CURVE('',#8282,#8306,#8308,.T.);
#8306 = VERTEX_POINT('',#8307);
#8307 = CARTESIAN_POINT('',(4.88,0.12,6.5));
#8308 = LINE('',#8309,#8310);
#8309 = CARTESIAN_POINT('',(5.32,0.12,6.5));
#8310 = VECTOR('',#8311,1.);
#8311 = DIRECTION('',(-1.,1.224646799147E-16,0.));
#8312 = ORIENTED_EDGE('',*,*,#8313,.T.);
#8313 = EDGE_CURVE('',#8306,#5682,#8314,.T.);
#8314 = LINE('',#8315,#8316);
#8315 = CARTESIAN_POINT('',(4.96,4.E-02,6.58));
#8316 = VECTOR('',#8317,1.);
#8317 = DIRECTION('',(-0.57735026919,0.57735026919,-0.57735026919));
#8318 = ORIENTED_EDGE('',*,*,#5681,.F.);
#8319 = PLANE('',#8320);
#8320 = AXIS2_PLACEMENT_3D('',#8321,#8322,#8323);
#8321 = CARTESIAN_POINT('',(5.32,0.22,6.4));
#8322 = DIRECTION('',(8.833102285013E-17,0.707106781187,0.707106781187)
  );
#8323 = DIRECTION('',(1.,-1.236918052038E-16,-1.227125289097E-18));
#8324 = ADVANCED_FACE('',(#8325),#8343,.F.);
#8325 = FACE_BOUND('',#8326,.T.);
#8326 = EDGE_LOOP('',(#8327,#8335,#8341,#8342));
#8327 = ORIENTED_EDGE('',*,*,#8328,.F.);
#8328 = EDGE_CURVE('',#8329,#5706,#8331,.T.);
#8329 = VERTEX_POINT('',#8330);
#8330 = CARTESIAN_POINT('',(4.88,-0.12,6.5));
#8331 = LINE('',#8332,#8333);
#8332 = CARTESIAN_POINT('',(4.853333333333,-0.146666666667,
    6.473333333333));
#8333 = VECTOR('',#8334,1.);
#8334 = DIRECTION('',(-0.57735026919,-0.57735026919,-0.57735026919));
#8335 = ORIENTED_EDGE('',*,*,#8336,.T.);
#8336 = EDGE_CURVE('',#8329,#8306,#8337,.T.);
#8337 = LINE('',#8338,#8339);
#8338 = CARTESIAN_POINT('',(4.88,-0.32,6.5));
#8339 = VECTOR('',#8340,1.);
#8340 = DIRECTION('',(1.224646799147E-16,1.,0.));
#8341 = ORIENTED_EDGE('',*,*,#8313,.T.);
#8342 = ORIENTED_EDGE('',*,*,#5713,.F.);
#8343 = PLANE('',#8344);
#8344 = AXIS2_PLACEMENT_3D('',#8345,#8346,#8347);
#8345 = CARTESIAN_POINT('',(4.78,-0.32,6.4));
#8346 = DIRECTION('',(0.707106781187,-8.486018839685E-17,-0.707106781187
    ));
#8347 = DIRECTION('',(-1.212375546256E-16,-1.,-1.227125289196E-18));
#8348 = ADVANCED_FACE('',(#8349),#8360,.T.);
#8349 = FACE_BOUND('',#8350,.F.);
#8350 = EDGE_LOOP('',(#8351,#8352,#8353,#8354));
#8351 = ORIENTED_EDGE('',*,*,#8273,.T.);
#8352 = ORIENTED_EDGE('',*,*,#5731,.T.);
#8353 = ORIENTED_EDGE('',*,*,#8328,.F.);
#8354 = ORIENTED_EDGE('',*,*,#8355,.F.);
#8355 = EDGE_CURVE('',#8274,#8329,#8356,.T.);
#8356 = LINE('',#8357,#8358);
#8357 = CARTESIAN_POINT('',(5.32,-0.12,6.5));
#8358 = VECTOR('',#8359,1.);
#8359 = DIRECTION('',(-1.,1.224646799147E-16,0.));
#8360 = PLANE('',#8361);
#8361 = AXIS2_PLACEMENT_3D('',#8362,#8363,#8364);
#8362 = CARTESIAN_POINT('',(5.32,-0.22,6.4));
#8363 = DIRECTION('',(-8.833102285013E-17,-0.707106781187,0.707106781187
    ));
#8364 = DIRECTION('',(1.,-1.236918052038E-16,1.227125289097E-18));
#8365 = ADVANCED_FACE('',(#8366),#8391,.F.);
#8366 = FACE_BOUND('',#8367,.T.);
#8367 = EDGE_LOOP('',(#8368,#8376,#8384,#8390));
#8368 = ORIENTED_EDGE('',*,*,#8369,.F.);
#8369 = EDGE_CURVE('',#8370,#5747,#8372,.T.);
#8370 = VERTEX_POINT('',#8371);
#8371 = CARTESIAN_POINT('',(29.88,-0.12,6.5));
#8372 = LINE('',#8373,#8374);
#8373 = CARTESIAN_POINT('',(29.853333333333,-0.146666666667,
    6.473333333333));
#8374 = VECTOR('',#8375,1.);
#8375 = DIRECTION('',(-0.57735026919,-0.57735026919,-0.57735026919));
#8376 = ORIENTED_EDGE('',*,*,#8377,.T.);
#8377 = EDGE_CURVE('',#8370,#8378,#8380,.T.);
#8378 = VERTEX_POINT('',#8379);
#8379 = CARTESIAN_POINT('',(29.88,0.12,6.5));
#8380 = LINE('',#8381,#8382);
#8381 = CARTESIAN_POINT('',(29.88,-0.32,6.5));
#8382 = VECTOR('',#8383,1.);
#8383 = DIRECTION('',(1.224646799147E-16,1.,0.));
#8384 = ORIENTED_EDGE('',*,*,#8385,.T.);
#8385 = EDGE_CURVE('',#8378,#5755,#8386,.T.);
#8386 = LINE('',#8387,#8388);
#8387 = CARTESIAN_POINT('',(29.96,4.E-02,6.58));
#8388 = VECTOR('',#8389,1.);
#8389 = DIRECTION('',(-0.57735026919,0.57735026919,-0.57735026919));
#8390 = ORIENTED_EDGE('',*,*,#5754,.F.);
#8391 = PLANE('',#8392);
#8392 = AXIS2_PLACEMENT_3D('',#8393,#8394,#8395);
#8393 = CARTESIAN_POINT('',(29.78,-0.32,6.4));
#8394 = DIRECTION('',(0.707106781187,-8.486018839685E-17,-0.707106781187
    ));
#8395 = DIRECTION('',(-1.212375546256E-16,-1.,-1.227125289196E-18));
#8396 = ADVANCED_FACE('',(#8397),#8415,.T.);
#8397 = FACE_BOUND('',#8398,.F.);
#8398 = EDGE_LOOP('',(#8399,#8407,#8408,#8409));
#8399 = ORIENTED_EDGE('',*,*,#8400,.T.);
#8400 = EDGE_CURVE('',#8401,#5777,#8403,.T.);
#8401 = VERTEX_POINT('',#8402);
#8402 = CARTESIAN_POINT('',(30.12,-0.12,6.5));
#8403 = LINE('',#8404,#8405);
#8404 = CARTESIAN_POINT('',(30.253333333333,-0.253333333333,
    6.366666666667));
#8405 = VECTOR('',#8406,1.);
#8406 = DIRECTION('',(0.57735026919,-0.57735026919,-0.57735026919));
#8407 = ORIENTED_EDGE('',*,*,#5786,.T.);
#8408 = ORIENTED_EDGE('',*,*,#8369,.F.);
#8409 = ORIENTED_EDGE('',*,*,#8410,.F.);
#8410 = EDGE_CURVE('',#8401,#8370,#8411,.T.);
#8411 = LINE('',#8412,#8413);
#8412 = CARTESIAN_POINT('',(30.32,-0.12,6.5));
#8413 = VECTOR('',#8414,1.);
#8414 = DIRECTION('',(-1.,1.224646799147E-16,0.));
#8415 = PLANE('',#8416);
#8416 = AXIS2_PLACEMENT_3D('',#8417,#8418,#8419);
#8417 = CARTESIAN_POINT('',(30.32,-0.22,6.4));
#8418 = DIRECTION('',(-8.833102285013E-17,-0.707106781187,0.707106781187
    ));
#8419 = DIRECTION('',(1.,-1.236918052038E-16,1.227125289097E-18));
#8420 = ADVANCED_FACE('',(#8421),#8439,.T.);
#8421 = FACE_BOUND('',#8422,.F.);
#8422 = EDGE_LOOP('',(#8423,#8424,#8432,#8438));
#8423 = ORIENTED_EDGE('',*,*,#8400,.F.);
#8424 = ORIENTED_EDGE('',*,*,#8425,.T.);
#8425 = EDGE_CURVE('',#8401,#8426,#8428,.T.);
#8426 = VERTEX_POINT('',#8427);
#8427 = CARTESIAN_POINT('',(30.12,0.12,6.5));
#8428 = LINE('',#8429,#8430);
#8429 = CARTESIAN_POINT('',(30.12,-0.32,6.5));
#8430 = VECTOR('',#8431,1.);
#8431 = DIRECTION('',(1.224646799147E-16,1.,0.));
#8432 = ORIENTED_EDGE('',*,*,#8433,.T.);
#8433 = EDGE_CURVE('',#8426,#5803,#8434,.T.);
#8434 = LINE('',#8435,#8436);
#8435 = CARTESIAN_POINT('',(30.146666666667,0.146666666667,
    6.473333333333));
#8436 = VECTOR('',#8437,1.);
#8437 = DIRECTION('',(0.57735026919,0.57735026919,-0.57735026919));
#8438 = ORIENTED_EDGE('',*,*,#5802,.F.);
#8439 = PLANE('',#8440);
#8440 = AXIS2_PLACEMENT_3D('',#8441,#8442,#8443);
#8441 = CARTESIAN_POINT('',(30.22,-0.32,6.4));
#8442 = DIRECTION('',(0.707106781187,-8.833102285013E-17,0.707106781187)
  );
#8443 = DIRECTION('',(-1.236918052038E-16,-1.,-1.227125289097E-18));
#8444 = ADVANCED_FACE('',(#8445),#8456,.T.);
#8445 = FACE_BOUND('',#8446,.F.);
#8446 = EDGE_LOOP('',(#8447,#8448,#8454,#8455));
#8447 = ORIENTED_EDGE('',*,*,#8433,.F.);
#8448 = ORIENTED_EDGE('',*,*,#8449,.T.);
#8449 = EDGE_CURVE('',#8426,#8378,#8450,.T.);
#8450 = LINE('',#8451,#8452);
#8451 = CARTESIAN_POINT('',(30.32,0.12,6.5));
#8452 = VECTOR('',#8453,1.);
#8453 = DIRECTION('',(-1.,1.224646799147E-16,0.));
#8454 = ORIENTED_EDGE('',*,*,#8385,.T.);
#8455 = ORIENTED_EDGE('',*,*,#5825,.F.);
#8456 = PLANE('',#8457);
#8457 = AXIS2_PLACEMENT_3D('',#8458,#8459,#8460);
#8458 = CARTESIAN_POINT('',(30.32,0.22,6.4));
#8459 = DIRECTION('',(8.833102285013E-17,0.707106781187,0.707106781187)
  );
#8460 = DIRECTION('',(1.,-1.236918052038E-16,-1.227125289097E-18));
#8461 = ADVANCED_FACE('',(#8462),#8487,.F.);
#8462 = FACE_BOUND('',#8463,.T.);
#8463 = EDGE_LOOP('',(#8464,#8472,#8480,#8486));
#8464 = ORIENTED_EDGE('',*,*,#8465,.F.);
#8465 = EDGE_CURVE('',#8466,#5843,#8468,.T.);
#8466 = VERTEX_POINT('',#8467);
#8467 = CARTESIAN_POINT('',(-0.12,-0.12,6.5));
#8468 = LINE('',#8469,#8470);
#8469 = CARTESIAN_POINT('',(-0.146666666667,-0.146666666667,
    6.473333333333));
#8470 = VECTOR('',#8471,1.);
#8471 = DIRECTION('',(-0.57735026919,-0.57735026919,-0.57735026919));
#8472 = ORIENTED_EDGE('',*,*,#8473,.T.);
#8473 = EDGE_CURVE('',#8466,#8474,#8476,.T.);
#8474 = VERTEX_POINT('',#8475);
#8475 = CARTESIAN_POINT('',(-0.12,0.12,6.5));
#8476 = LINE('',#8477,#8478);
#8477 = CARTESIAN_POINT('',(-0.12,-0.32,6.5));
#8478 = VECTOR('',#8479,1.);
#8479 = DIRECTION('',(1.224646799147E-16,1.,0.));
#8480 = ORIENTED_EDGE('',*,*,#8481,.T.);
#8481 = EDGE_CURVE('',#8474,#5851,#8482,.T.);
#8482 = LINE('',#8483,#8484);
#8483 = CARTESIAN_POINT('',(-4.E-02,4.E-02,6.58));
#8484 = VECTOR('',#8485,1.);
#8485 = DIRECTION('',(-0.57735026919,0.57735026919,-0.57735026919));
#8486 = ORIENTED_EDGE('',*,*,#5850,.F.);
#8487 = PLANE('',#8488);
#8488 = AXIS2_PLACEMENT_3D('',#8489,#8490,#8491);
#8489 = CARTESIAN_POINT('',(-0.22,-0.32,6.4));
#8490 = DIRECTION('',(0.707106781187,-8.486018839685E-17,-0.707106781187
    ));
#8491 = DIRECTION('',(-1.212375546256E-16,-1.,-1.227125289196E-18));
#8492 = ADVANCED_FACE('',(#8493),#8511,.T.);
#8493 = FACE_BOUND('',#8494,.F.);
#8494 = EDGE_LOOP('',(#8495,#8503,#8504,#8505));
#8495 = ORIENTED_EDGE('',*,*,#8496,.T.);
#8496 = EDGE_CURVE('',#8497,#5873,#8499,.T.);
#8497 = VERTEX_POINT('',#8498);
#8498 = CARTESIAN_POINT('',(0.12,-0.12,6.5));
#8499 = LINE('',#8500,#8501);
#8500 = CARTESIAN_POINT('',(0.253333333333,-0.253333333333,
    6.366666666667));
#8501 = VECTOR('',#8502,1.);
#8502 = DIRECTION('',(0.57735026919,-0.57735026919,-0.57735026919));
#8503 = ORIENTED_EDGE('',*,*,#5882,.T.);
#8504 = ORIENTED_EDGE('',*,*,#8465,.F.);
#8505 = ORIENTED_EDGE('',*,*,#8506,.F.);
#8506 = EDGE_CURVE('',#8497,#8466,#8507,.T.);
#8507 = LINE('',#8508,#8509);
#8508 = CARTESIAN_POINT('',(0.32,-0.12,6.5));
#8509 = VECTOR('',#8510,1.);
#8510 = DIRECTION('',(-1.,1.224646799147E-16,0.));
#8511 = PLANE('',#8512);
#8512 = AXIS2_PLACEMENT_3D('',#8513,#8514,#8515);
#8513 = CARTESIAN_POINT('',(0.32,-0.22,6.4));
#8514 = DIRECTION('',(-8.833102285013E-17,-0.707106781187,0.707106781187
    ));
#8515 = DIRECTION('',(1.,-1.236918052038E-16,1.227125289097E-18));
#8516 = ADVANCED_FACE('',(#8517),#8535,.T.);
#8517 = FACE_BOUND('',#8518,.F.);
#8518 = EDGE_LOOP('',(#8519,#8520,#8528,#8534));
#8519 = ORIENTED_EDGE('',*,*,#8496,.F.);
#8520 = ORIENTED_EDGE('',*,*,#8521,.T.);
#8521 = EDGE_CURVE('',#8497,#8522,#8524,.T.);
#8522 = VERTEX_POINT('',#8523);
#8523 = CARTESIAN_POINT('',(0.12,0.12,6.5));
#8524 = LINE('',#8525,#8526);
#8525 = CARTESIAN_POINT('',(0.12,-0.32,6.5));
#8526 = VECTOR('',#8527,1.);
#8527 = DIRECTION('',(1.224646799147E-16,1.,0.));
#8528 = ORIENTED_EDGE('',*,*,#8529,.T.);
#8529 = EDGE_CURVE('',#8522,#5899,#8530,.T.);
#8530 = LINE('',#8531,#8532);
#8531 = CARTESIAN_POINT('',(0.146666666667,0.146666666667,6.473333333333
    ));
#8532 = VECTOR('',#8533,1.);
#8533 = DIRECTION('',(0.57735026919,0.57735026919,-0.57735026919));
#8534 = ORIENTED_EDGE('',*,*,#5898,.F.);
#8535 = PLANE('',#8536);
#8536 = AXIS2_PLACEMENT_3D('',#8537,#8538,#8539);
#8537 = CARTESIAN_POINT('',(0.22,-0.32,6.4));
#8538 = DIRECTION('',(0.707106781187,-8.833102285013E-17,0.707106781187)
  );
#8539 = DIRECTION('',(-1.236918052038E-16,-1.,-1.227125289097E-18));
#8540 = ADVANCED_FACE('',(#8541),#8552,.T.);
#8541 = FACE_BOUND('',#8542,.F.);
#8542 = EDGE_LOOP('',(#8543,#8544,#8550,#8551));
#8543 = ORIENTED_EDGE('',*,*,#8529,.F.);
#8544 = ORIENTED_EDGE('',*,*,#8545,.T.);
#8545 = EDGE_CURVE('',#8522,#8474,#8546,.T.);
#8546 = LINE('',#8547,#8548);
#8547 = CARTESIAN_POINT('',(0.32,0.12,6.5));
#8548 = VECTOR('',#8549,1.);
#8549 = DIRECTION('',(-1.,1.224646799147E-16,0.));
#8550 = ORIENTED_EDGE('',*,*,#8481,.T.);
#8551 = ORIENTED_EDGE('',*,*,#5921,.F.);
#8552 = PLANE('',#8553);
#8553 = AXIS2_PLACEMENT_3D('',#8554,#8555,#8556);
#8554 = CARTESIAN_POINT('',(0.32,0.22,6.4));
#8555 = DIRECTION('',(8.833102285013E-17,0.707106781187,0.707106781187)
  );
#8556 = DIRECTION('',(1.,-1.236918052038E-16,-1.227125289097E-18));
#8557 = ADVANCED_FACE('',(#8558),#8599,.F.);
#8558 = FACE_BOUND('',#8559,.T.);
#8559 = EDGE_LOOP('',(#8560,#8570,#8578,#8586,#8592,#8593));
#8560 = ORIENTED_EDGE('',*,*,#8561,.F.);
#8561 = EDGE_CURVE('',#8562,#8564,#8566,.T.);
#8562 = VERTEX_POINT('',#8563);
#8563 = CARTESIAN_POINT('',(-0.12,0.12,-3.4));
#8564 = VERTEX_POINT('',#8565);
#8565 = CARTESIAN_POINT('',(-0.317552593066,0.351192514695,
    -3.202447406934));
#8566 = LINE('',#8567,#8568);
#8567 = CARTESIAN_POINT('',(-0.153849098111,0.159613036666,
    -3.366150901889));
#8568 = VECTOR('',#8569,1.);
#8569 = DIRECTION('',(-0.544770019249,0.63753529491,0.544770019249));
#8570 = ORIENTED_EDGE('',*,*,#8571,.T.);
#8571 = EDGE_CURVE('',#8562,#8572,#8574,.T.);
#8572 = VERTEX_POINT('',#8573);
#8573 = CARTESIAN_POINT('',(-0.12,-0.12,-3.4));
#8574 = LINE('',#8575,#8576);
#8575 = CARTESIAN_POINT('',(-0.12,0.32,-3.4));
#8576 = VECTOR('',#8577,1.);
#8577 = DIRECTION('',(-1.224646799147E-16,-1.,0.));
#8578 = ORIENTED_EDGE('',*,*,#8579,.T.);
#8579 = EDGE_CURVE('',#8572,#8580,#8582,.T.);
#8580 = VERTEX_POINT('',#8581);
#8581 = CARTESIAN_POINT('',(-0.317552593066,-0.288807485305,
    -3.202447406934));
#8582 = LINE('',#8583,#8584);
#8583 = CARTESIAN_POINT('',(-3.848855660758E-02,-5.034896900541E-02,
    -3.481511443392));
#8584 = VECTOR('',#8585,1.);
#8585 = DIRECTION('',(-0.605209817607,-0.517148096144,0.605209817607));
#8586 = ORIENTED_EDGE('',*,*,#8587,.T.);
#8587 = EDGE_CURVE('',#8580,#5940,#8588,.T.);
#8588 = LINE('',#8589,#8590);
#8589 = CARTESIAN_POINT('',(-8.569083447332E-02,-0.325417236662,
    -3.434309165527));
#8590 = VECTOR('',#8591,1.);
#8591 = DIRECTION('',(-0.702740385383,0.110959008218,0.702740385383));
#8592 = ORIENTED_EDGE('',*,*,#5937,.F.);
#8593 = ORIENTED_EDGE('',*,*,#8594,.F.);
#8594 = EDGE_CURVE('',#8564,#5938,#8595,.T.);
#8595 = LINE('',#8596,#8597);
#8596 = CARTESIAN_POINT('',(-0.541586867305,0.386566347469,
    -2.978413132695));
#8597 = VECTOR('',#8598,1.);
#8598 = DIRECTION('',(-0.702740385383,0.110959008218,0.702740385383));
#8599 = PLANE('',#8600);
#8600 = AXIS2_PLACEMENT_3D('',#8601,#8602,#8603);
#8601 = CARTESIAN_POINT('',(-0.22,0.32,-3.3));
#8602 = DIRECTION('',(0.707106781187,-8.833102285013E-17,0.707106781187)
  );
#8603 = DIRECTION('',(1.236918052038E-16,1.,1.227125289097E-18));
#8604 = ADVANCED_FACE('',(#8605),#8630,.F.);
#8605 = FACE_BOUND('',#8606,.F.);
#8606 = EDGE_LOOP('',(#8607,#8608,#8614,#8615,#8616,#8624));
#8607 = ORIENTED_EDGE('',*,*,#6066,.F.);
#8608 = ORIENTED_EDGE('',*,*,#8609,.T.);
#8609 = EDGE_CURVE('',#6059,#5979,#8610,.T.);
#8610 = LINE('',#8611,#8612);
#8611 = CARTESIAN_POINT('',(0.32,0.62,-1.5));
#8612 = VECTOR('',#8613,1.);
#8613 = DIRECTION('',(-1.,1.224646799147E-16,0.));
#8614 = ORIENTED_EDGE('',*,*,#5986,.T.);
#8615 = ORIENTED_EDGE('',*,*,#8594,.F.);
#8616 = ORIENTED_EDGE('',*,*,#8617,.F.);
#8617 = EDGE_CURVE('',#8618,#8564,#8620,.T.);
#8618 = VERTEX_POINT('',#8619);
#8619 = CARTESIAN_POINT('',(0.317552593066,0.351192514695,
    -3.202447406934));
#8620 = LINE('',#8621,#8622);
#8621 = CARTESIAN_POINT('',(0.32,0.351192514695,-3.202447406934));
#8622 = VECTOR('',#8623,1.);
#8623 = DIRECTION('',(-1.,1.224646799147E-16,0.));
#8624 = ORIENTED_EDGE('',*,*,#8625,.T.);
#8625 = EDGE_CURVE('',#8618,#6025,#8626,.T.);
#8626 = LINE('',#8627,#8628);
#8627 = CARTESIAN_POINT('',(0.699616963064,0.411518467852,
    -2.820383036936));
#8628 = VECTOR('',#8629,1.);
#8629 = DIRECTION('',(0.702740385383,0.110959008218,0.702740385383));
#8630 = PLANE('',#8631);
#8631 = AXIS2_PLACEMENT_3D('',#8632,#8633,#8634);
#8632 = CARTESIAN_POINT('',(0.32,0.62,-1.5));
#8633 = DIRECTION('',(-1.209660753807E-16,-0.987762965329,0.155962573473
    ));
#8634 = DIRECTION('',(-1.909990663905E-17,-0.155962573473,
    -0.987762965329));
#8635 = ADVANCED_FACE('',(#8636),#8642,.F.);
#8636 = FACE_BOUND('',#8637,.F.);
#8637 = EDGE_LOOP('',(#8638,#8639,#8640,#8641));
#8638 = ORIENTED_EDGE('',*,*,#6083,.T.);
#8639 = ORIENTED_EDGE('',*,*,#5978,.T.);
#8640 = ORIENTED_EDGE('',*,*,#8609,.F.);
#8641 = ORIENTED_EDGE('',*,*,#6058,.F.);
#8642 = PLANE('',#8643);
#8643 = AXIS2_PLACEMENT_3D('',#8644,#8645,#8646);
#8644 = CARTESIAN_POINT('',(0.32,0.32,-0.9));
#8645 = DIRECTION('',(-1.095357396528E-16,-0.894427191,-0.4472135955));
#8646 = DIRECTION('',(5.476786982641E-17,0.4472135955,-0.894427191));
#8647 = ADVANCED_FACE('',(#8648),#8659,.F.);
#8648 = FACE_BOUND('',#8649,.F.);
#8649 = EDGE_LOOP('',(#8650,#8656,#8657,#8658));
#8650 = ORIENTED_EDGE('',*,*,#8651,.T.);
#8651 = EDGE_CURVE('',#6035,#5948,#8652,.T.);
#8652 = LINE('',#8653,#8654);
#8653 = CARTESIAN_POINT('',(0.32,-2.E-02,-1.5));
#8654 = VECTOR('',#8655,1.);
#8655 = DIRECTION('',(-1.,1.224646799147E-16,0.));
#8656 = ORIENTED_EDGE('',*,*,#5955,.T.);
#8657 = ORIENTED_EDGE('',*,*,#6008,.F.);
#8658 = ORIENTED_EDGE('',*,*,#6042,.F.);
#8659 = PLANE('',#8660);
#8660 = AXIS2_PLACEMENT_3D('',#8661,#8662,#8663);
#8661 = CARTESIAN_POINT('',(0.32,-2.E-02,-1.5));
#8662 = DIRECTION('',(1.095357396528E-16,0.894427191,0.4472135955));
#8663 = DIRECTION('',(-5.476786982641E-17,-0.4472135955,0.894427191));
#8664 = ADVANCED_FACE('',(#8665),#8685,.F.);
#8665 = FACE_BOUND('',#8666,.F.);
#8666 = EDGE_LOOP('',(#8667,#8668,#8676,#8682,#8683,#8684));
#8667 = ORIENTED_EDGE('',*,*,#6034,.F.);
#8668 = ORIENTED_EDGE('',*,*,#8669,.F.);
#8669 = EDGE_CURVE('',#8670,#6027,#8672,.T.);
#8670 = VERTEX_POINT('',#8671);
#8671 = CARTESIAN_POINT('',(0.317552593066,-0.288807485305,
    -3.202447406934));
#8672 = LINE('',#8673,#8674);
#8673 = CARTESIAN_POINT('',(0.243720930233,-0.300465116279,
    -3.276279069767));
#8674 = VECTOR('',#8675,1.);
#8675 = DIRECTION('',(0.702740385383,0.110959008218,0.702740385383));
#8676 = ORIENTED_EDGE('',*,*,#8677,.T.);
#8677 = EDGE_CURVE('',#8670,#8580,#8678,.T.);
#8678 = LINE('',#8679,#8680);
#8679 = CARTESIAN_POINT('',(0.32,-0.288807485305,-3.202447406934));
#8680 = VECTOR('',#8681,1.);
#8681 = DIRECTION('',(-1.,1.224646799147E-16,0.));
#8682 = ORIENTED_EDGE('',*,*,#8587,.T.);
#8683 = ORIENTED_EDGE('',*,*,#5947,.T.);
#8684 = ORIENTED_EDGE('',*,*,#8651,.F.);
#8685 = PLANE('',#8686);
#8686 = AXIS2_PLACEMENT_3D('',#8687,#8688,#8689);
#8687 = CARTESIAN_POINT('',(0.32,-0.32,-3.4));
#8688 = DIRECTION('',(1.209660753807E-16,0.987762965329,-0.155962573473)
  );
#8689 = DIRECTION('',(1.909990663905E-17,0.155962573473,0.987762965329)
  );
#8690 = ADVANCED_FACE('',(#8691),#8718,.T.);
#8691 = FACE_BOUND('',#8692,.F.);
#8692 = EDGE_LOOP('',(#8693,#8701,#8702,#8703,#8704,#8712));
#8693 = ORIENTED_EDGE('',*,*,#8694,.T.);
#8694 = EDGE_CURVE('',#8695,#8670,#8697,.T.);
#8695 = VERTEX_POINT('',#8696);
#8696 = CARTESIAN_POINT('',(0.12,-0.12,-3.4));
#8697 = LINE('',#8698,#8699);
#8698 = CARTESIAN_POINT('',(0.155697812072,-0.150503562587,
    -3.364302187928));
#8699 = VECTOR('',#8700,1.);
#8700 = DIRECTION('',(0.605209817607,-0.517148096144,0.605209817607));
#8701 = ORIENTED_EDGE('',*,*,#8669,.T.);
#8702 = ORIENTED_EDGE('',*,*,#6024,.F.);
#8703 = ORIENTED_EDGE('',*,*,#8625,.F.);
#8704 = ORIENTED_EDGE('',*,*,#8705,.F.);
#8705 = EDGE_CURVE('',#8706,#8618,#8708,.T.);
#8706 = VERTEX_POINT('',#8707);
#8707 = CARTESIAN_POINT('',(0.12,0.12,-3.4));
#8708 = LINE('',#8709,#8710);
#8709 = CARTESIAN_POINT('',(0.24881689775,0.270752273427,-3.27118310225)
  );
#8710 = VECTOR('',#8711,1.);
#8711 = DIRECTION('',(0.544770019249,0.63753529491,0.544770019249));
#8712 = ORIENTED_EDGE('',*,*,#8713,.T.);
#8713 = EDGE_CURVE('',#8706,#8695,#8714,.T.);
#8714 = LINE('',#8715,#8716);
#8715 = CARTESIAN_POINT('',(0.12,0.32,-3.4));
#8716 = VECTOR('',#8717,1.);
#8717 = DIRECTION('',(-1.224646799147E-16,-1.,0.));
#8718 = PLANE('',#8719);
#8719 = AXIS2_PLACEMENT_3D('',#8720,#8721,#8722);
#8720 = CARTESIAN_POINT('',(0.22,0.32,-3.3));
#8721 = DIRECTION('',(0.707106781187,-8.486018839685E-17,-0.707106781187
    ));
#8722 = DIRECTION('',(1.212375546256E-16,1.,1.227125289196E-18));
#8723 = ADVANCED_FACE('',(#8724),#8749,.F.);
#8724 = FACE_BOUND('',#8725,.T.);
#8725 = EDGE_LOOP('',(#8726,#8734,#8742,#8748));
#8726 = ORIENTED_EDGE('',*,*,#8727,.F.);
#8727 = EDGE_CURVE('',#8728,#6098,#8730,.T.);
#8728 = VERTEX_POINT('',#8729);
#8729 = CARTESIAN_POINT('',(2.38,0.12,-3.4));
#8730 = LINE('',#8731,#8732);
#8731 = CARTESIAN_POINT('',(2.353333333333,0.146666666667,
    -3.373333333333));
#8732 = VECTOR('',#8733,1.);
#8733 = DIRECTION('',(-0.57735026919,0.57735026919,0.57735026919));
#8734 = ORIENTED_EDGE('',*,*,#8735,.T.);
#8735 = EDGE_CURVE('',#8728,#8736,#8738,.T.);
#8736 = VERTEX_POINT('',#8737);
#8737 = CARTESIAN_POINT('',(2.38,-0.12,-3.4));
#8738 = LINE('',#8739,#8740);
#8739 = CARTESIAN_POINT('',(2.38,0.32,-3.4));
#8740 = VECTOR('',#8741,1.);
#8741 = DIRECTION('',(-1.224646799147E-16,-1.,0.));
#8742 = ORIENTED_EDGE('',*,*,#8743,.T.);
#8743 = EDGE_CURVE('',#8736,#6100,#8744,.T.);
#8744 = LINE('',#8745,#8746);
#8745 = CARTESIAN_POINT('',(2.46,-4.E-02,-3.48));
#8746 = VECTOR('',#8747,1.);
#8747 = DIRECTION('',(-0.57735026919,-0.57735026919,0.57735026919));
#8748 = ORIENTED_EDGE('',*,*,#6097,.F.);
#8749 = PLANE('',#8750);
#8750 = AXIS2_PLACEMENT_3D('',#8751,#8752,#8753);
#8751 = CARTESIAN_POINT('',(2.28,0.32,-3.3));
#8752 = DIRECTION('',(0.707106781187,-8.833102285013E-17,0.707106781187)
  );
#8753 = DIRECTION('',(1.236918052038E-16,1.,1.227125289097E-18));
#8754 = ADVANCED_FACE('',(#8755),#8773,.T.);
#8755 = FACE_BOUND('',#8756,.F.);
#8756 = EDGE_LOOP('',(#8757,#8765,#8771,#8772));
#8757 = ORIENTED_EDGE('',*,*,#8758,.F.);
#8758 = EDGE_CURVE('',#8759,#6129,#8761,.T.);
#8759 = VERTEX_POINT('',#8760);
#8760 = CARTESIAN_POINT('',(2.62,-0.12,-3.4));
#8761 = LINE('',#8762,#8763);
#8762 = CARTESIAN_POINT('',(2.646666666667,-0.146666666667,
    -3.373333333333));
#8763 = VECTOR('',#8764,1.);
#8764 = DIRECTION('',(0.57735026919,-0.57735026919,0.57735026919));
#8765 = ORIENTED_EDGE('',*,*,#8766,.T.);
#8766 = EDGE_CURVE('',#8759,#8736,#8767,.T.);
#8767 = LINE('',#8768,#8769);
#8768 = CARTESIAN_POINT('',(2.82,-0.12,-3.4));
#8769 = VECTOR('',#8770,1.);
#8770 = DIRECTION('',(-1.,1.224646799147E-16,0.));
#8771 = ORIENTED_EDGE('',*,*,#8743,.T.);
#8772 = ORIENTED_EDGE('',*,*,#6136,.F.);
#8773 = PLANE('',#8774);
#8774 = AXIS2_PLACEMENT_3D('',#8775,#8776,#8777);
#8775 = CARTESIAN_POINT('',(2.82,-0.22,-3.3));
#8776 = DIRECTION('',(-8.486018839685E-17,-0.707106781187,
    -0.707106781187));
#8777 = DIRECTION('',(1.,-1.212375546256E-16,1.227125289196E-18));
#8778 = ADVANCED_FACE('',(#8779),#8797,.T.);
#8779 = FACE_BOUND('',#8780,.F.);
#8780 = EDGE_LOOP('',(#8781,#8789,#8795,#8796));
#8781 = ORIENTED_EDGE('',*,*,#8782,.F.);
#8782 = EDGE_CURVE('',#8783,#6153,#8785,.T.);
#8783 = VERTEX_POINT('',#8784);
#8784 = CARTESIAN_POINT('',(2.62,0.12,-3.4));
#8785 = LINE('',#8786,#8787);
#8786 = CARTESIAN_POINT('',(2.753333333333,0.253333333333,
    -3.266666666667));
#8787 = VECTOR('',#8788,1.);
#8788 = DIRECTION('',(0.57735026919,0.57735026919,0.57735026919));
#8789 = ORIENTED_EDGE('',*,*,#8790,.T.);
#8790 = EDGE_CURVE('',#8783,#8759,#8791,.T.);
#8791 = LINE('',#8792,#8793);
#8792 = CARTESIAN_POINT('',(2.62,0.32,-3.4));
#8793 = VECTOR('',#8794,1.);
#8794 = DIRECTION('',(-1.224646799147E-16,-1.,0.));
#8795 = ORIENTED_EDGE('',*,*,#8758,.T.);
#8796 = ORIENTED_EDGE('',*,*,#6152,.F.);
#8797 = PLANE('',#8798);
#8798 = AXIS2_PLACEMENT_3D('',#8799,#8800,#8801);
#8799 = CARTESIAN_POINT('',(2.72,0.32,-3.3));
#8800 = DIRECTION('',(0.707106781187,-8.486018839685E-17,-0.707106781187
    ));
#8801 = DIRECTION('',(1.212375546256E-16,1.,1.227125289196E-18));
#8802 = ADVANCED_FACE('',(#8803),#8814,.T.);
#8803 = FACE_BOUND('',#8804,.T.);
#8804 = EDGE_LOOP('',(#8805,#8806,#8812,#8813));
#8805 = ORIENTED_EDGE('',*,*,#8782,.F.);
#8806 = ORIENTED_EDGE('',*,*,#8807,.T.);
#8807 = EDGE_CURVE('',#8783,#8728,#8808,.T.);
#8808 = LINE('',#8809,#8810);
#8809 = CARTESIAN_POINT('',(2.82,0.12,-3.4));
#8810 = VECTOR('',#8811,1.);
#8811 = DIRECTION('',(-1.,1.224646799147E-16,0.));
#8812 = ORIENTED_EDGE('',*,*,#8727,.T.);
#8813 = ORIENTED_EDGE('',*,*,#6179,.F.);
#8814 = PLANE('',#8815);
#8815 = AXIS2_PLACEMENT_3D('',#8816,#8817,#8818);
#8816 = CARTESIAN_POINT('',(2.82,0.22,-3.3));
#8817 = DIRECTION('',(8.486018839685E-17,0.707106781187,-0.707106781187)
  );
#8818 = DIRECTION('',(-1.,1.212375546256E-16,1.227125289196E-18));
#8819 = ADVANCED_FACE('',(#8820),#8845,.T.);
#8820 = FACE_BOUND('',#8821,.F.);
#8821 = EDGE_LOOP('',(#8822,#8830,#8838,#8844));
#8822 = ORIENTED_EDGE('',*,*,#8823,.F.);
#8823 = EDGE_CURVE('',#8824,#6194,#8826,.T.);
#8824 = VERTEX_POINT('',#8825);
#8825 = CARTESIAN_POINT('',(5.12,0.12,-3.4));
#8826 = LINE('',#8827,#8828);
#8827 = CARTESIAN_POINT('',(5.253333333333,0.253333333333,
    -3.266666666667));
#8828 = VECTOR('',#8829,1.);
#8829 = DIRECTION('',(0.57735026919,0.57735026919,0.57735026919));
#8830 = ORIENTED_EDGE('',*,*,#8831,.T.);
#8831 = EDGE_CURVE('',#8824,#8832,#8834,.T.);
#8832 = VERTEX_POINT('',#8833);
#8833 = CARTESIAN_POINT('',(5.12,-0.12,-3.4));
#8834 = LINE('',#8835,#8836);
#8835 = CARTESIAN_POINT('',(5.12,0.32,-3.4));
#8836 = VECTOR('',#8837,1.);
#8837 = DIRECTION('',(-1.224646799147E-16,-1.,0.));
#8838 = ORIENTED_EDGE('',*,*,#8839,.T.);
#8839 = EDGE_CURVE('',#8832,#6196,#8840,.T.);
#8840 = LINE('',#8841,#8842);
#8841 = CARTESIAN_POINT('',(5.146666666667,-0.146666666667,
    -3.373333333333));
#8842 = VECTOR('',#8843,1.);
#8843 = DIRECTION('',(0.57735026919,-0.57735026919,0.57735026919));
#8844 = ORIENTED_EDGE('',*,*,#6193,.F.);
#8845 = PLANE('',#8846);
#8846 = AXIS2_PLACEMENT_3D('',#8847,#8848,#8849);
#8847 = CARTESIAN_POINT('',(5.22,0.32,-3.3));
#8848 = DIRECTION('',(0.707106781187,-8.486018839685E-17,-0.707106781187
    ));
#8849 = DIRECTION('',(1.212375546256E-16,1.,1.227125289196E-18));
#8850 = ADVANCED_FACE('',(#8851),#8869,.T.);
#8851 = FACE_BOUND('',#8852,.T.);
#8852 = EDGE_LOOP('',(#8853,#8854,#8862,#8868));
#8853 = ORIENTED_EDGE('',*,*,#8823,.F.);
#8854 = ORIENTED_EDGE('',*,*,#8855,.T.);
#8855 = EDGE_CURVE('',#8824,#8856,#8858,.T.);
#8856 = VERTEX_POINT('',#8857);
#8857 = CARTESIAN_POINT('',(4.88,0.12,-3.4));
#8858 = LINE('',#8859,#8860);
#8859 = CARTESIAN_POINT('',(5.32,0.12,-3.4));
#8860 = VECTOR('',#8861,1.);
#8861 = DIRECTION('',(-1.,1.224646799147E-16,0.));
#8862 = ORIENTED_EDGE('',*,*,#8863,.T.);
#8863 = EDGE_CURVE('',#8856,#6227,#8864,.T.);
#8864 = LINE('',#8865,#8866);
#8865 = CARTESIAN_POINT('',(4.853333333333,0.146666666667,
    -3.373333333333));
#8866 = VECTOR('',#8867,1.);
#8867 = DIRECTION('',(-0.57735026919,0.57735026919,0.57735026919));
#8868 = ORIENTED_EDGE('',*,*,#6234,.F.);
#8869 = PLANE('',#8870);
#8870 = AXIS2_PLACEMENT_3D('',#8871,#8872,#8873);
#8871 = CARTESIAN_POINT('',(5.32,0.22,-3.3));
#8872 = DIRECTION('',(8.486018839685E-17,0.707106781187,-0.707106781187)
  );
#8873 = DIRECTION('',(-1.,1.212375546256E-16,1.227125289196E-18));
#8874 = ADVANCED_FACE('',(#8875),#8893,.F.);
#8875 = FACE_BOUND('',#8876,.T.);
#8876 = EDGE_LOOP('',(#8877,#8878,#8886,#8892));
#8877 = ORIENTED_EDGE('',*,*,#8863,.F.);
#8878 = ORIENTED_EDGE('',*,*,#8879,.T.);
#8879 = EDGE_CURVE('',#8856,#8880,#8882,.T.);
#8880 = VERTEX_POINT('',#8881);
#8881 = CARTESIAN_POINT('',(4.88,-0.12,-3.4));
#8882 = LINE('',#8883,#8884);
#8883 = CARTESIAN_POINT('',(4.88,0.32,-3.4));
#8884 = VECTOR('',#8885,1.);
#8885 = DIRECTION('',(-1.224646799147E-16,-1.,0.));
#8886 = ORIENTED_EDGE('',*,*,#8887,.T.);
#8887 = EDGE_CURVE('',#8880,#6249,#8888,.T.);
#8888 = LINE('',#8889,#8890);
#8889 = CARTESIAN_POINT('',(4.96,-4.E-02,-3.48));
#8890 = VECTOR('',#8891,1.);
#8891 = DIRECTION('',(-0.57735026919,-0.57735026919,0.57735026919));
#8892 = ORIENTED_EDGE('',*,*,#6248,.F.);
#8893 = PLANE('',#8894);
#8894 = AXIS2_PLACEMENT_3D('',#8895,#8896,#8897);
#8895 = CARTESIAN_POINT('',(4.78,0.32,-3.3));
#8896 = DIRECTION('',(0.707106781187,-8.833102285013E-17,0.707106781187)
  );
#8897 = DIRECTION('',(1.236918052038E-16,1.,1.227125289097E-18));
#8898 = ADVANCED_FACE('',(#8899),#8910,.T.);
#8899 = FACE_BOUND('',#8900,.F.);
#8900 = EDGE_LOOP('',(#8901,#8902,#8908,#8909));
#8901 = ORIENTED_EDGE('',*,*,#8839,.F.);
#8902 = ORIENTED_EDGE('',*,*,#8903,.T.);
#8903 = EDGE_CURVE('',#8832,#8880,#8904,.T.);
#8904 = LINE('',#8905,#8906);
#8905 = CARTESIAN_POINT('',(5.32,-0.12,-3.4));
#8906 = VECTOR('',#8907,1.);
#8907 = DIRECTION('',(-1.,1.224646799147E-16,0.));
#8908 = ORIENTED_EDGE('',*,*,#8887,.T.);
#8909 = ORIENTED_EDGE('',*,*,#6273,.F.);
#8910 = PLANE('',#8911);
#8911 = AXIS2_PLACEMENT_3D('',#8912,#8913,#8914);
#8912 = CARTESIAN_POINT('',(5.32,-0.22,-3.3));
#8913 = DIRECTION('',(-8.486018839685E-17,-0.707106781187,
    -0.707106781187));
#8914 = DIRECTION('',(1.,-1.212375546256E-16,1.227125289196E-18));
#8915 = ADVANCED_FACE('',(#8916),#8941,.T.);
#8916 = FACE_BOUND('',#8917,.F.);
#8917 = EDGE_LOOP('',(#8918,#8926,#8934,#8940));
#8918 = ORIENTED_EDGE('',*,*,#8919,.F.);
#8919 = EDGE_CURVE('',#8920,#6290,#8922,.T.);
#8920 = VERTEX_POINT('',#8921);
#8921 = CARTESIAN_POINT('',(7.62,0.12,-3.4));
#8922 = LINE('',#8923,#8924);
#8923 = CARTESIAN_POINT('',(7.753333333333,0.253333333333,
    -3.266666666667));
#8924 = VECTOR('',#8925,1.);
#8925 = DIRECTION('',(0.57735026919,0.57735026919,0.57735026919));
#8926 = ORIENTED_EDGE('',*,*,#8927,.T.);
#8927 = EDGE_CURVE('',#8920,#8928,#8930,.T.);
#8928 = VERTEX_POINT('',#8929);
#8929 = CARTESIAN_POINT('',(7.62,-0.12,-3.4));
#8930 = LINE('',#8931,#8932);
#8931 = CARTESIAN_POINT('',(7.62,0.32,-3.4));
#8932 = VECTOR('',#8933,1.);
#8933 = DIRECTION('',(-1.224646799147E-16,-1.,0.));
#8934 = ORIENTED_EDGE('',*,*,#8935,.T.);
#8935 = EDGE_CURVE('',#8928,#6292,#8936,.T.);
#8936 = LINE('',#8937,#8938);
#8937 = CARTESIAN_POINT('',(7.646666666667,-0.146666666667,
    -3.373333333333));
#8938 = VECTOR('',#8939,1.);
#8939 = DIRECTION('',(0.57735026919,-0.57735026919,0.57735026919));
#8940 = ORIENTED_EDGE('',*,*,#6289,.F.);
#8941 = PLANE('',#8942);
#8942 = AXIS2_PLACEMENT_3D('',#8943,#8944,#8945);
#8943 = CARTESIAN_POINT('',(7.72,0.32,-3.3));
#8944 = DIRECTION('',(0.707106781187,-8.486018839685E-17,-0.707106781187
    ));
#8945 = DIRECTION('',(1.212375546256E-16,1.,1.227125289196E-18));
#8946 = ADVANCED_FACE('',(#8947),#8965,.T.);
#8947 = FACE_BOUND('',#8948,.T.);
#8948 = EDGE_LOOP('',(#8949,#8950,#8958,#8964));
#8949 = ORIENTED_EDGE('',*,*,#8919,.F.);
#8950 = ORIENTED_EDGE('',*,*,#8951,.T.);
#8951 = EDGE_CURVE('',#8920,#8952,#8954,.T.);
#8952 = VERTEX_POINT('',#8953);
#8953 = CARTESIAN_POINT('',(7.38,0.12,-3.4));
#8954 = LINE('',#8955,#8956);
#8955 = CARTESIAN_POINT('',(7.82,0.12,-3.4));
#8956 = VECTOR('',#8957,1.);
#8957 = DIRECTION('',(-1.,1.224646799147E-16,0.));
#8958 = ORIENTED_EDGE('',*,*,#8959,.T.);
#8959 = EDGE_CURVE('',#8952,#6323,#8960,.T.);
#8960 = LINE('',#8961,#8962);
#8961 = CARTESIAN_POINT('',(7.353333333333,0.146666666667,
    -3.373333333333));
#8962 = VECTOR('',#8963,1.);
#8963 = DIRECTION('',(-0.57735026919,0.57735026919,0.57735026919));
#8964 = ORIENTED_EDGE('',*,*,#6330,.F.);
#8965 = PLANE('',#8966);
#8966 = AXIS2_PLACEMENT_3D('',#8967,#8968,#8969);
#8967 = CARTESIAN_POINT('',(7.82,0.22,-3.3));
#8968 = DIRECTION('',(8.486018839685E-17,0.707106781187,-0.707106781187)
  );
#8969 = DIRECTION('',(-1.,1.212375546256E-16,1.227125289196E-18));
#8970 = ADVANCED_FACE('',(#8971),#8989,.F.);
#8971 = FACE_BOUND('',#8972,.T.);
#8972 = EDGE_LOOP('',(#8973,#8974,#8982,#8988));
#8973 = ORIENTED_EDGE('',*,*,#8959,.F.);
#8974 = ORIENTED_EDGE('',*,*,#8975,.T.);
#8975 = EDGE_CURVE('',#8952,#8976,#8978,.T.);
#8976 = VERTEX_POINT('',#8977);
#8977 = CARTESIAN_POINT('',(7.38,-0.12,-3.4));
#8978 = LINE('',#8979,#8980);
#8979 = CARTESIAN_POINT('',(7.38,0.32,-3.4));
#8980 = VECTOR('',#8981,1.);
#8981 = DIRECTION('',(-1.224646799147E-16,-1.,0.));
#8982 = ORIENTED_EDGE('',*,*,#8983,.T.);
#8983 = EDGE_CURVE('',#8976,#6345,#8984,.T.);
#8984 = LINE('',#8985,#8986);
#8985 = CARTESIAN_POINT('',(7.46,-4.E-02,-3.48));
#8986 = VECTOR('',#8987,1.);
#8987 = DIRECTION('',(-0.57735026919,-0.57735026919,0.57735026919));
#8988 = ORIENTED_EDGE('',*,*,#6344,.F.);
#8989 = PLANE('',#8990);
#8990 = AXIS2_PLACEMENT_3D('',#8991,#8992,#8993);
#8991 = CARTESIAN_POINT('',(7.28,0.32,-3.3));
#8992 = DIRECTION('',(0.707106781187,-8.833102285013E-17,0.707106781187)
  );
#8993 = DIRECTION('',(1.236918052038E-16,1.,1.227125289097E-18));
#8994 = ADVANCED_FACE('',(#8995),#9006,.T.);
#8995 = FACE_BOUND('',#8996,.F.);
#8996 = EDGE_LOOP('',(#8997,#8998,#9004,#9005));
#8997 = ORIENTED_EDGE('',*,*,#8935,.F.);
#8998 = ORIENTED_EDGE('',*,*,#8999,.T.);
#8999 = EDGE_CURVE('',#8928,#8976,#9000,.T.);
#9000 = LINE('',#9001,#9002);
#9001 = CARTESIAN_POINT('',(7.82,-0.12,-3.4));
#9002 = VECTOR('',#9003,1.);
#9003 = DIRECTION('',(-1.,1.224646799147E-16,0.));
#9004 = ORIENTED_EDGE('',*,*,#8983,.T.);
#9005 = ORIENTED_EDGE('',*,*,#6369,.F.);
#9006 = PLANE('',#9007);
#9007 = AXIS2_PLACEMENT_3D('',#9008,#9009,#9010);
#9008 = CARTESIAN_POINT('',(7.82,-0.22,-3.3));
#9009 = DIRECTION('',(-8.486018839685E-17,-0.707106781187,
    -0.707106781187));
#9010 = DIRECTION('',(1.,-1.212375546256E-16,1.227125289196E-18));
#9011 = ADVANCED_FACE('',(#9012),#9037,.F.);
#9012 = FACE_BOUND('',#9013,.T.);
#9013 = EDGE_LOOP('',(#9014,#9022,#9030,#9036));
#9014 = ORIENTED_EDGE('',*,*,#9015,.F.);
#9015 = EDGE_CURVE('',#9016,#6386,#9018,.T.);
#9016 = VERTEX_POINT('',#9017);
#9017 = CARTESIAN_POINT('',(9.88,0.12,-3.4));
#9018 = LINE('',#9019,#9020);
#9019 = CARTESIAN_POINT('',(9.853333333333,0.146666666667,
    -3.373333333333));
#9020 = VECTOR('',#9021,1.);
#9021 = DIRECTION('',(-0.57735026919,0.57735026919,0.57735026919));
#9022 = ORIENTED_EDGE('',*,*,#9023,.T.);
#9023 = EDGE_CURVE('',#9016,#9024,#9026,.T.);
#9024 = VERTEX_POINT('',#9025);
#9025 = CARTESIAN_POINT('',(9.88,-0.12,-3.4));
#9026 = LINE('',#9027,#9028);
#9027 = CARTESIAN_POINT('',(9.88,0.32,-3.4));
#9028 = VECTOR('',#9029,1.);
#9029 = DIRECTION('',(-1.224646799147E-16,-1.,0.));
#9030 = ORIENTED_EDGE('',*,*,#9031,.T.);
#9031 = EDGE_CURVE('',#9024,#6388,#9032,.T.);
#9032 = LINE('',#9033,#9034);
#9033 = CARTESIAN_POINT('',(9.96,-4.E-02,-3.48));
#9034 = VECTOR('',#9035,1.);
#9035 = DIRECTION('',(-0.57735026919,-0.57735026919,0.57735026919));
#9036 = ORIENTED_EDGE('',*,*,#6385,.F.);
#9037 = PLANE('',#9038);
#9038 = AXIS2_PLACEMENT_3D('',#9039,#9040,#9041);
#9039 = CARTESIAN_POINT('',(9.78,0.32,-3.3));
#9040 = DIRECTION('',(0.707106781187,-8.833102285013E-17,0.707106781187)
  );
#9041 = DIRECTION('',(1.236918052038E-16,1.,1.227125289097E-18));
#9042 = ADVANCED_FACE('',(#9043),#9061,.T.);
#9043 = FACE_BOUND('',#9044,.F.);
#9044 = EDGE_LOOP('',(#9045,#9053,#9059,#9060));
#9045 = ORIENTED_EDGE('',*,*,#9046,.F.);
#9046 = EDGE_CURVE('',#9047,#6417,#9049,.T.);
#9047 = VERTEX_POINT('',#9048);
#9048 = CARTESIAN_POINT('',(10.12,-0.12,-3.4));
#9049 = LINE('',#9050,#9051);
#9050 = CARTESIAN_POINT('',(10.146666666667,-0.146666666667,
    -3.373333333333));
#9051 = VECTOR('',#9052,1.);
#9052 = DIRECTION('',(0.57735026919,-0.57735026919,0.57735026919));
#9053 = ORIENTED_EDGE('',*,*,#9054,.T.);
#9054 = EDGE_CURVE('',#9047,#9024,#9055,.T.);
#9055 = LINE('',#9056,#9057);
#9056 = CARTESIAN_POINT('',(10.32,-0.12,-3.4));
#9057 = VECTOR('',#9058,1.);
#9058 = DIRECTION('',(-1.,1.224646799147E-16,0.));
#9059 = ORIENTED_EDGE('',*,*,#9031,.T.);
#9060 = ORIENTED_EDGE('',*,*,#6424,.F.);
#9061 = PLANE('',#9062);
#9062 = AXIS2_PLACEMENT_3D('',#9063,#9064,#9065);
#9063 = CARTESIAN_POINT('',(10.32,-0.22,-3.3));
#9064 = DIRECTION('',(-8.486018839685E-17,-0.707106781187,
    -0.707106781187));
#9065 = DIRECTION('',(1.,-1.212375546256E-16,1.227125289196E-18));
#9066 = ADVANCED_FACE('',(#9067),#9085,.T.);
#9067 = FACE_BOUND('',#9068,.F.);
#9068 = EDGE_LOOP('',(#9069,#9077,#9083,#9084));
#9069 = ORIENTED_EDGE('',*,*,#9070,.F.);
#9070 = EDGE_CURVE('',#9071,#6441,#9073,.T.);
#9071 = VERTEX_POINT('',#9072);
#9072 = CARTESIAN_POINT('',(10.12,0.12,-3.4));
#9073 = LINE('',#9074,#9075);
#9074 = CARTESIAN_POINT('',(10.253333333333,0.253333333333,
    -3.266666666667));
#9075 = VECTOR('',#9076,1.);
#9076 = DIRECTION('',(0.57735026919,0.57735026919,0.57735026919));
#9077 = ORIENTED_EDGE('',*,*,#9078,.T.);
#9078 = EDGE_CURVE('',#9071,#9047,#9079,.T.);
#9079 = LINE('',#9080,#9081);
#9080 = CARTESIAN_POINT('',(10.12,0.32,-3.4));
#9081 = VECTOR('',#9082,1.);
#9082 = DIRECTION('',(-1.224646799147E-16,-1.,0.));
#9083 = ORIENTED_EDGE('',*,*,#9046,.T.);
#9084 = ORIENTED_EDGE('',*,*,#6440,.F.);
#9085 = PLANE('',#9086);
#9086 = AXIS2_PLACEMENT_3D('',#9087,#9088,#9089);
#9087 = CARTESIAN_POINT('',(10.22,0.32,-3.3));
#9088 = DIRECTION('',(0.707106781187,-8.486018839685E-17,-0.707106781187
    ));
#9089 = DIRECTION('',(1.212375546256E-16,1.,1.227125289196E-18));
#9090 = ADVANCED_FACE('',(#9091),#9102,.T.);
#9091 = FACE_BOUND('',#9092,.T.);
#9092 = EDGE_LOOP('',(#9093,#9094,#9100,#9101));
#9093 = ORIENTED_EDGE('',*,*,#9070,.F.);
#9094 = ORIENTED_EDGE('',*,*,#9095,.T.);
#9095 = EDGE_CURVE('',#9071,#9016,#9096,.T.);
#9096 = LINE('',#9097,#9098);
#9097 = CARTESIAN_POINT('',(10.32,0.12,-3.4));
#9098 = VECTOR('',#9099,1.);
#9099 = DIRECTION('',(-1.,1.224646799147E-16,0.));
#9100 = ORIENTED_EDGE('',*,*,#9015,.T.);
#9101 = ORIENTED_EDGE('',*,*,#6467,.F.);
#9102 = PLANE('',#9103);
#9103 = AXIS2_PLACEMENT_3D('',#9104,#9105,#9106);
#9104 = CARTESIAN_POINT('',(10.32,0.22,-3.3));
#9105 = DIRECTION('',(8.486018839685E-17,0.707106781187,-0.707106781187)
  );
#9106 = DIRECTION('',(-1.,1.212375546256E-16,1.227125289196E-18));
#9107 = ADVANCED_FACE('',(#9108),#9133,.F.);
#9108 = FACE_BOUND('',#9109,.T.);
#9109 = EDGE_LOOP('',(#9110,#9118,#9126,#9132));
#9110 = ORIENTED_EDGE('',*,*,#9111,.F.);
#9111 = EDGE_CURVE('',#9112,#6482,#9114,.T.);
#9112 = VERTEX_POINT('',#9113);
#9113 = CARTESIAN_POINT('',(12.38,0.12,-3.4));
#9114 = LINE('',#9115,#9116);
#9115 = CARTESIAN_POINT('',(12.353333333333,0.146666666667,
    -3.373333333333));
#9116 = VECTOR('',#9117,1.);
#9117 = DIRECTION('',(-0.57735026919,0.57735026919,0.57735026919));
#9118 = ORIENTED_EDGE('',*,*,#9119,.T.);
#9119 = EDGE_CURVE('',#9112,#9120,#9122,.T.);
#9120 = VERTEX_POINT('',#9121);
#9121 = CARTESIAN_POINT('',(12.38,-0.12,-3.4));
#9122 = LINE('',#9123,#9124);
#9123 = CARTESIAN_POINT('',(12.38,0.32,-3.4));
#9124 = VECTOR('',#9125,1.);
#9125 = DIRECTION('',(-1.224646799147E-16,-1.,0.));
#9126 = ORIENTED_EDGE('',*,*,#9127,.T.);
#9127 = EDGE_CURVE('',#9120,#6484,#9128,.T.);
#9128 = LINE('',#9129,#9130);
#9129 = CARTESIAN_POINT('',(12.46,-4.E-02,-3.48));
#9130 = VECTOR('',#9131,1.);
#9131 = DIRECTION('',(-0.57735026919,-0.57735026919,0.57735026919));
#9132 = ORIENTED_EDGE('',*,*,#6481,.F.);
#9133 = PLANE('',#9134);
#9134 = AXIS2_PLACEMENT_3D('',#9135,#9136,#9137);
#9135 = CARTESIAN_POINT('',(12.28,0.32,-3.3));
#9136 = DIRECTION('',(0.707106781187,-8.833102285013E-17,0.707106781187)
  );
#9137 = DIRECTION('',(1.236918052038E-16,1.,1.227125289097E-18));
#9138 = ADVANCED_FACE('',(#9139),#9157,.T.);
#9139 = FACE_BOUND('',#9140,.F.);
#9140 = EDGE_LOOP('',(#9141,#9149,#9155,#9156));
#9141 = ORIENTED_EDGE('',*,*,#9142,.F.);
#9142 = EDGE_CURVE('',#9143,#6513,#9145,.T.);
#9143 = VERTEX_POINT('',#9144);
#9144 = CARTESIAN_POINT('',(12.62,-0.12,-3.4));
#9145 = LINE('',#9146,#9147);
#9146 = CARTESIAN_POINT('',(12.646666666667,-0.146666666667,
    -3.373333333333));
#9147 = VECTOR('',#9148,1.);
#9148 = DIRECTION('',(0.57735026919,-0.57735026919,0.57735026919));
#9149 = ORIENTED_EDGE('',*,*,#9150,.T.);
#9150 = EDGE_CURVE('',#9143,#9120,#9151,.T.);
#9151 = LINE('',#9152,#9153);
#9152 = CARTESIAN_POINT('',(12.82,-0.12,-3.4));
#9153 = VECTOR('',#9154,1.);
#9154 = DIRECTION('',(-1.,1.224646799147E-16,0.));
#9155 = ORIENTED_EDGE('',*,*,#9127,.T.);
#9156 = ORIENTED_EDGE('',*,*,#6520,.F.);
#9157 = PLANE('',#9158);
#9158 = AXIS2_PLACEMENT_3D('',#9159,#9160,#9161);
#9159 = CARTESIAN_POINT('',(12.82,-0.22,-3.3));
#9160 = DIRECTION('',(-8.486018839685E-17,-0.707106781187,
    -0.707106781187));
#9161 = DIRECTION('',(1.,-1.212375546256E-16,1.227125289196E-18));
#9162 = ADVANCED_FACE('',(#9163),#9181,.T.);
#9163 = FACE_BOUND('',#9164,.F.);
#9164 = EDGE_LOOP('',(#9165,#9173,#9179,#9180));
#9165 = ORIENTED_EDGE('',*,*,#9166,.F.);
#9166 = EDGE_CURVE('',#9167,#6537,#9169,.T.);
#9167 = VERTEX_POINT('',#9168);
#9168 = CARTESIAN_POINT('',(12.62,0.12,-3.4));
#9169 = LINE('',#9170,#9171);
#9170 = CARTESIAN_POINT('',(12.753333333333,0.253333333333,
    -3.266666666667));
#9171 = VECTOR('',#9172,1.);
#9172 = DIRECTION('',(0.57735026919,0.57735026919,0.57735026919));
#9173 = ORIENTED_EDGE('',*,*,#9174,.T.);
#9174 = EDGE_CURVE('',#9167,#9143,#9175,.T.);
#9175 = LINE('',#9176,#9177);
#9176 = CARTESIAN_POINT('',(12.62,0.32,-3.4));
#9177 = VECTOR('',#9178,1.);
#9178 = DIRECTION('',(-1.224646799147E-16,-1.,0.));
#9179 = ORIENTED_EDGE('',*,*,#9142,.T.);
#9180 = ORIENTED_EDGE('',*,*,#6536,.F.);
#9181 = PLANE('',#9182);
#9182 = AXIS2_PLACEMENT_3D('',#9183,#9184,#9185);
#9183 = CARTESIAN_POINT('',(12.72,0.32,-3.3));
#9184 = DIRECTION('',(0.707106781187,-8.486018839685E-17,-0.707106781187
    ));
#9185 = DIRECTION('',(1.212375546256E-16,1.,1.227125289196E-18));
#9186 = ADVANCED_FACE('',(#9187),#9198,.T.);
#9187 = FACE_BOUND('',#9188,.T.);
#9188 = EDGE_LOOP('',(#9189,#9190,#9196,#9197));
#9189 = ORIENTED_EDGE('',*,*,#9166,.F.);
#9190 = ORIENTED_EDGE('',*,*,#9191,.T.);
#9191 = EDGE_CURVE('',#9167,#9112,#9192,.T.);
#9192 = LINE('',#9193,#9194);
#9193 = CARTESIAN_POINT('',(12.82,0.12,-3.4));
#9194 = VECTOR('',#9195,1.);
#9195 = DIRECTION('',(-1.,1.224646799147E-16,0.));
#9196 = ORIENTED_EDGE('',*,*,#9111,.T.);
#9197 = ORIENTED_EDGE('',*,*,#6563,.F.);
#9198 = PLANE('',#9199);
#9199 = AXIS2_PLACEMENT_3D('',#9200,#9201,#9202);
#9200 = CARTESIAN_POINT('',(12.82,0.22,-3.3));
#9201 = DIRECTION('',(8.486018839685E-17,0.707106781187,-0.707106781187)
  );
#9202 = DIRECTION('',(-1.,1.212375546256E-16,1.227125289196E-18));
#9203 = ADVANCED_FACE('',(#9204),#9229,.F.);
#9204 = FACE_BOUND('',#9205,.T.);
#9205 = EDGE_LOOP('',(#9206,#9214,#9222,#9228));
#9206 = ORIENTED_EDGE('',*,*,#9207,.F.);
#9207 = EDGE_CURVE('',#9208,#6578,#9210,.T.);
#9208 = VERTEX_POINT('',#9209);
#9209 = CARTESIAN_POINT('',(14.88,0.12,-3.4));
#9210 = LINE('',#9211,#9212);
#9211 = CARTESIAN_POINT('',(14.853333333333,0.146666666667,
    -3.373333333333));
#9212 = VECTOR('',#9213,1.);
#9213 = DIRECTION('',(-0.57735026919,0.57735026919,0.57735026919));
#9214 = ORIENTED_EDGE('',*,*,#9215,.T.);
#9215 = EDGE_CURVE('',#9208,#9216,#9218,.T.);
#9216 = VERTEX_POINT('',#9217);
#9217 = CARTESIAN_POINT('',(14.88,-0.12,-3.4));
#9218 = LINE('',#9219,#9220);
#9219 = CARTESIAN_POINT('',(14.88,0.32,-3.4));
#9220 = VECTOR('',#9221,1.);
#9221 = DIRECTION('',(-1.224646799147E-16,-1.,0.));
#9222 = ORIENTED_EDGE('',*,*,#9223,.T.);
#9223 = EDGE_CURVE('',#9216,#6580,#9224,.T.);
#9224 = LINE('',#9225,#9226);
#9225 = CARTESIAN_POINT('',(14.96,-4.E-02,-3.48));
#9226 = VECTOR('',#9227,1.);
#9227 = DIRECTION('',(-0.57735026919,-0.57735026919,0.57735026919));
#9228 = ORIENTED_EDGE('',*,*,#6577,.F.);
#9229 = PLANE('',#9230);
#9230 = AXIS2_PLACEMENT_3D('',#9231,#9232,#9233);
#9231 = CARTESIAN_POINT('',(14.78,0.32,-3.3));
#9232 = DIRECTION('',(0.707106781187,-8.833102285013E-17,0.707106781187)
  );
#9233 = DIRECTION('',(1.236918052038E-16,1.,1.227125289097E-18));
#9234 = ADVANCED_FACE('',(#9235),#9253,.T.);
#9235 = FACE_BOUND('',#9236,.F.);
#9236 = EDGE_LOOP('',(#9237,#9245,#9251,#9252));
#9237 = ORIENTED_EDGE('',*,*,#9238,.F.);
#9238 = EDGE_CURVE('',#9239,#6609,#9241,.T.);
#9239 = VERTEX_POINT('',#9240);
#9240 = CARTESIAN_POINT('',(15.12,-0.12,-3.4));
#9241 = LINE('',#9242,#9243);
#9242 = CARTESIAN_POINT('',(15.146666666667,-0.146666666667,
    -3.373333333333));
#9243 = VECTOR('',#9244,1.);
#9244 = DIRECTION('',(0.57735026919,-0.57735026919,0.57735026919));
#9245 = ORIENTED_EDGE('',*,*,#9246,.T.);
#9246 = EDGE_CURVE('',#9239,#9216,#9247,.T.);
#9247 = LINE('',#9248,#9249);
#9248 = CARTESIAN_POINT('',(15.32,-0.12,-3.4));
#9249 = VECTOR('',#9250,1.);
#9250 = DIRECTION('',(-1.,1.224646799147E-16,0.));
#9251 = ORIENTED_EDGE('',*,*,#9223,.T.);
#9252 = ORIENTED_EDGE('',*,*,#6616,.F.);
#9253 = PLANE('',#9254);
#9254 = AXIS2_PLACEMENT_3D('',#9255,#9256,#9257);
#9255 = CARTESIAN_POINT('',(15.32,-0.22,-3.3));
#9256 = DIRECTION('',(-8.486018839685E-17,-0.707106781187,
    -0.707106781187));
#9257 = DIRECTION('',(1.,-1.212375546256E-16,1.227125289196E-18));
#9258 = ADVANCED_FACE('',(#9259),#9277,.T.);
#9259 = FACE_BOUND('',#9260,.F.);
#9260 = EDGE_LOOP('',(#9261,#9269,#9275,#9276));
#9261 = ORIENTED_EDGE('',*,*,#9262,.F.);
#9262 = EDGE_CURVE('',#9263,#6633,#9265,.T.);
#9263 = VERTEX_POINT('',#9264);
#9264 = CARTESIAN_POINT('',(15.12,0.12,-3.4));
#9265 = LINE('',#9266,#9267);
#9266 = CARTESIAN_POINT('',(15.253333333333,0.253333333333,
    -3.266666666667));
#9267 = VECTOR('',#9268,1.);
#9268 = DIRECTION('',(0.57735026919,0.57735026919,0.57735026919));
#9269 = ORIENTED_EDGE('',*,*,#9270,.T.);
#9270 = EDGE_CURVE('',#9263,#9239,#9271,.T.);
#9271 = LINE('',#9272,#9273);
#9272 = CARTESIAN_POINT('',(15.12,0.32,-3.4));
#9273 = VECTOR('',#9274,1.);
#9274 = DIRECTION('',(-1.224646799147E-16,-1.,0.));
#9275 = ORIENTED_EDGE('',*,*,#9238,.T.);
#9276 = ORIENTED_EDGE('',*,*,#6632,.F.);
#9277 = PLANE('',#9278);
#9278 = AXIS2_PLACEMENT_3D('',#9279,#9280,#9281);
#9279 = CARTESIAN_POINT('',(15.22,0.32,-3.3));
#9280 = DIRECTION('',(0.707106781187,-8.486018839685E-17,-0.707106781187
    ));
#9281 = DIRECTION('',(1.212375546256E-16,1.,1.227125289196E-18));
#9282 = ADVANCED_FACE('',(#9283),#9294,.T.);
#9283 = FACE_BOUND('',#9284,.T.);
#9284 = EDGE_LOOP('',(#9285,#9286,#9292,#9293));
#9285 = ORIENTED_EDGE('',*,*,#9262,.F.);
#9286 = ORIENTED_EDGE('',*,*,#9287,.T.);
#9287 = EDGE_CURVE('',#9263,#9208,#9288,.T.);
#9288 = LINE('',#9289,#9290);
#9289 = CARTESIAN_POINT('',(15.32,0.12,-3.4));
#9290 = VECTOR('',#9291,1.);
#9291 = DIRECTION('',(-1.,1.224646799147E-16,0.));
#9292 = ORIENTED_EDGE('',*,*,#9207,.T.);
#9293 = ORIENTED_EDGE('',*,*,#6659,.F.);
#9294 = PLANE('',#9295);
#9295 = AXIS2_PLACEMENT_3D('',#9296,#9297,#9298);
#9296 = CARTESIAN_POINT('',(15.32,0.22,-3.3));
#9297 = DIRECTION('',(8.486018839685E-17,0.707106781187,-0.707106781187)
  );
#9298 = DIRECTION('',(-1.,1.212375546256E-16,1.227125289196E-18));
#9299 = ADVANCED_FACE('',(#9300),#9325,.T.);
#9300 = FACE_BOUND('',#9301,.F.);
#9301 = EDGE_LOOP('',(#9302,#9310,#9318,#9324));
#9302 = ORIENTED_EDGE('',*,*,#9303,.F.);
#9303 = EDGE_CURVE('',#9304,#6674,#9306,.T.);
#9304 = VERTEX_POINT('',#9305);
#9305 = CARTESIAN_POINT('',(17.62,0.12,-3.4));
#9306 = LINE('',#9307,#9308);
#9307 = CARTESIAN_POINT('',(17.753333333333,0.253333333333,
    -3.266666666667));
#9308 = VECTOR('',#9309,1.);
#9309 = DIRECTION('',(0.57735026919,0.57735026919,0.57735026919));
#9310 = ORIENTED_EDGE('',*,*,#9311,.T.);
#9311 = EDGE_CURVE('',#9304,#9312,#9314,.T.);
#9312 = VERTEX_POINT('',#9313);
#9313 = CARTESIAN_POINT('',(17.62,-0.12,-3.4));
#9314 = LINE('',#9315,#9316);
#9315 = CARTESIAN_POINT('',(17.62,0.32,-3.4));
#9316 = VECTOR('',#9317,1.);
#9317 = DIRECTION('',(-1.224646799147E-16,-1.,0.));
#9318 = ORIENTED_EDGE('',*,*,#9319,.T.);
#9319 = EDGE_CURVE('',#9312,#6676,#9320,.T.);
#9320 = LINE('',#9321,#9322);
#9321 = CARTESIAN_POINT('',(17.646666666667,-0.146666666667,
    -3.373333333333));
#9322 = VECTOR('',#9323,1.);
#9323 = DIRECTION('',(0.57735026919,-0.57735026919,0.57735026919));
#9324 = ORIENTED_EDGE('',*,*,#6673,.F.);
#9325 = PLANE('',#9326);
#9326 = AXIS2_PLACEMENT_3D('',#9327,#9328,#9329);
#9327 = CARTESIAN_POINT('',(17.72,0.32,-3.3));
#9328 = DIRECTION('',(0.707106781187,-8.486018839685E-17,-0.707106781187
    ));
#9329 = DIRECTION('',(1.212375546256E-16,1.,1.227125289196E-18));
#9330 = ADVANCED_FACE('',(#9331),#9349,.T.);
#9331 = FACE_BOUND('',#9332,.T.);
#9332 = EDGE_LOOP('',(#9333,#9334,#9342,#9348));
#9333 = ORIENTED_EDGE('',*,*,#9303,.F.);
#9334 = ORIENTED_EDGE('',*,*,#9335,.T.);
#9335 = EDGE_CURVE('',#9304,#9336,#9338,.T.);
#9336 = VERTEX_POINT('',#9337);
#9337 = CARTESIAN_POINT('',(17.38,0.12,-3.4));
#9338 = LINE('',#9339,#9340);
#9339 = CARTESIAN_POINT('',(17.82,0.12,-3.4));
#9340 = VECTOR('',#9341,1.);
#9341 = DIRECTION('',(-1.,1.224646799147E-16,0.));
#9342 = ORIENTED_EDGE('',*,*,#9343,.T.);
#9343 = EDGE_CURVE('',#9336,#6707,#9344,.T.);
#9344 = LINE('',#9345,#9346);
#9345 = CARTESIAN_POINT('',(17.353333333333,0.146666666667,
    -3.373333333333));
#9346 = VECTOR('',#9347,1.);
#9347 = DIRECTION('',(-0.57735026919,0.57735026919,0.57735026919));
#9348 = ORIENTED_EDGE('',*,*,#6714,.F.);
#9349 = PLANE('',#9350);
#9350 = AXIS2_PLACEMENT_3D('',#9351,#9352,#9353);
#9351 = CARTESIAN_POINT('',(17.82,0.22,-3.3));
#9352 = DIRECTION('',(8.486018839685E-17,0.707106781187,-0.707106781187)
  );
#9353 = DIRECTION('',(-1.,1.212375546256E-16,1.227125289196E-18));
#9354 = ADVANCED_FACE('',(#9355),#9373,.F.);
#9355 = FACE_BOUND('',#9356,.T.);
#9356 = EDGE_LOOP('',(#9357,#9358,#9366,#9372));
#9357 = ORIENTED_EDGE('',*,*,#9343,.F.);
#9358 = ORIENTED_EDGE('',*,*,#9359,.T.);
#9359 = EDGE_CURVE('',#9336,#9360,#9362,.T.);
#9360 = VERTEX_POINT('',#9361);
#9361 = CARTESIAN_POINT('',(17.38,-0.12,-3.4));
#9362 = LINE('',#9363,#9364);
#9363 = CARTESIAN_POINT('',(17.38,0.32,-3.4));
#9364 = VECTOR('',#9365,1.);
#9365 = DIRECTION('',(-1.224646799147E-16,-1.,0.));
#9366 = ORIENTED_EDGE('',*,*,#9367,.T.);
#9367 = EDGE_CURVE('',#9360,#6729,#9368,.T.);
#9368 = LINE('',#9369,#9370);
#9369 = CARTESIAN_POINT('',(17.46,-4.E-02,-3.48));
#9370 = VECTOR('',#9371,1.);
#9371 = DIRECTION('',(-0.57735026919,-0.57735026919,0.57735026919));
#9372 = ORIENTED_EDGE('',*,*,#6728,.F.);
#9373 = PLANE('',#9374);
#9374 = AXIS2_PLACEMENT_3D('',#9375,#9376,#9377);
#9375 = CARTESIAN_POINT('',(17.28,0.32,-3.3));
#9376 = DIRECTION('',(0.707106781187,-8.833102285013E-17,0.707106781187)
  );
#9377 = DIRECTION('',(1.236918052038E-16,1.,1.227125289097E-18));
#9378 = ADVANCED_FACE('',(#9379),#9390,.T.);
#9379 = FACE_BOUND('',#9380,.F.);
#9380 = EDGE_LOOP('',(#9381,#9382,#9388,#9389));
#9381 = ORIENTED_EDGE('',*,*,#9319,.F.);
#9382 = ORIENTED_EDGE('',*,*,#9383,.T.);
#9383 = EDGE_CURVE('',#9312,#9360,#9384,.T.);
#9384 = LINE('',#9385,#9386);
#9385 = CARTESIAN_POINT('',(17.82,-0.12,-3.4));
#9386 = VECTOR('',#9387,1.);
#9387 = DIRECTION('',(-1.,1.224646799147E-16,0.));
#9388 = ORIENTED_EDGE('',*,*,#9367,.T.);
#9389 = ORIENTED_EDGE('',*,*,#6753,.F.);
#9390 = PLANE('',#9391);
#9391 = AXIS2_PLACEMENT_3D('',#9392,#9393,#9394);
#9392 = CARTESIAN_POINT('',(17.82,-0.22,-3.3));
#9393 = DIRECTION('',(-8.486018839685E-17,-0.707106781187,
    -0.707106781187));
#9394 = DIRECTION('',(1.,-1.212375546256E-16,1.227125289196E-18));
#9395 = ADVANCED_FACE('',(#9396),#9421,.F.);
#9396 = FACE_BOUND('',#9397,.T.);
#9397 = EDGE_LOOP('',(#9398,#9406,#9414,#9420));
#9398 = ORIENTED_EDGE('',*,*,#9399,.F.);
#9399 = EDGE_CURVE('',#9400,#6770,#9402,.T.);
#9400 = VERTEX_POINT('',#9401);
#9401 = CARTESIAN_POINT('',(19.88,0.12,-3.4));
#9402 = LINE('',#9403,#9404);
#9403 = CARTESIAN_POINT('',(19.853333333333,0.146666666667,
    -3.373333333333));
#9404 = VECTOR('',#9405,1.);
#9405 = DIRECTION('',(-0.57735026919,0.57735026919,0.57735026919));
#9406 = ORIENTED_EDGE('',*,*,#9407,.T.);
#9407 = EDGE_CURVE('',#9400,#9408,#9410,.T.);
#9408 = VERTEX_POINT('',#9409);
#9409 = CARTESIAN_POINT('',(19.88,-0.12,-3.4));
#9410 = LINE('',#9411,#9412);
#9411 = CARTESIAN_POINT('',(19.88,0.32,-3.4));
#9412 = VECTOR('',#9413,1.);
#9413 = DIRECTION('',(-1.224646799147E-16,-1.,0.));
#9414 = ORIENTED_EDGE('',*,*,#9415,.T.);
#9415 = EDGE_CURVE('',#9408,#6772,#9416,.T.);
#9416 = LINE('',#9417,#9418);
#9417 = CARTESIAN_POINT('',(19.96,-4.E-02,-3.48));
#9418 = VECTOR('',#9419,1.);
#9419 = DIRECTION('',(-0.57735026919,-0.57735026919,0.57735026919));
#9420 = ORIENTED_EDGE('',*,*,#6769,.F.);
#9421 = PLANE('',#9422);
#9422 = AXIS2_PLACEMENT_3D('',#9423,#9424,#9425);
#9423 = CARTESIAN_POINT('',(19.78,0.32,-3.3));
#9424 = DIRECTION('',(0.707106781187,-8.833102285013E-17,0.707106781187)
  );
#9425 = DIRECTION('',(1.236918052038E-16,1.,1.227125289097E-18));
#9426 = ADVANCED_FACE('',(#9427),#9445,.T.);
#9427 = FACE_BOUND('',#9428,.F.);
#9428 = EDGE_LOOP('',(#9429,#9437,#9443,#9444));
#9429 = ORIENTED_EDGE('',*,*,#9430,.F.);
#9430 = EDGE_CURVE('',#9431,#6801,#9433,.T.);
#9431 = VERTEX_POINT('',#9432);
#9432 = CARTESIAN_POINT('',(20.12,-0.12,-3.4));
#9433 = LINE('',#9434,#9435);
#9434 = CARTESIAN_POINT('',(20.146666666667,-0.146666666667,
    -3.373333333333));
#9435 = VECTOR('',#9436,1.);
#9436 = DIRECTION('',(0.57735026919,-0.57735026919,0.57735026919));
#9437 = ORIENTED_EDGE('',*,*,#9438,.T.);
#9438 = EDGE_CURVE('',#9431,#9408,#9439,.T.);
#9439 = LINE('',#9440,#9441);
#9440 = CARTESIAN_POINT('',(20.32,-0.12,-3.4));
#9441 = VECTOR('',#9442,1.);
#9442 = DIRECTION('',(-1.,1.224646799147E-16,0.));
#9443 = ORIENTED_EDGE('',*,*,#9415,.T.);
#9444 = ORIENTED_EDGE('',*,*,#6808,.F.);
#9445 = PLANE('',#9446);
#9446 = AXIS2_PLACEMENT_3D('',#9447,#9448,#9449);
#9447 = CARTESIAN_POINT('',(20.32,-0.22,-3.3));
#9448 = DIRECTION('',(-8.486018839685E-17,-0.707106781187,
    -0.707106781187));
#9449 = DIRECTION('',(1.,-1.212375546256E-16,1.227125289196E-18));
#9450 = ADVANCED_FACE('',(#9451),#9469,.T.);
#9451 = FACE_BOUND('',#9452,.F.);
#9452 = EDGE_LOOP('',(#9453,#9461,#9467,#9468));
#9453 = ORIENTED_EDGE('',*,*,#9454,.F.);
#9454 = EDGE_CURVE('',#9455,#6825,#9457,.T.);
#9455 = VERTEX_POINT('',#9456);
#9456 = CARTESIAN_POINT('',(20.12,0.12,-3.4));
#9457 = LINE('',#9458,#9459);
#9458 = CARTESIAN_POINT('',(20.253333333333,0.253333333333,
    -3.266666666667));
#9459 = VECTOR('',#9460,1.);
#9460 = DIRECTION('',(0.57735026919,0.57735026919,0.57735026919));
#9461 = ORIENTED_EDGE('',*,*,#9462,.T.);
#9462 = EDGE_CURVE('',#9455,#9431,#9463,.T.);
#9463 = LINE('',#9464,#9465);
#9464 = CARTESIAN_POINT('',(20.12,0.32,-3.4));
#9465 = VECTOR('',#9466,1.);
#9466 = DIRECTION('',(-1.224646799147E-16,-1.,0.));
#9467 = ORIENTED_EDGE('',*,*,#9430,.T.);
#9468 = ORIENTED_EDGE('',*,*,#6824,.F.);
#9469 = PLANE('',#9470);
#9470 = AXIS2_PLACEMENT_3D('',#9471,#9472,#9473);
#9471 = CARTESIAN_POINT('',(20.22,0.32,-3.3));
#9472 = DIRECTION('',(0.707106781187,-8.486018839685E-17,-0.707106781187
    ));
#9473 = DIRECTION('',(1.212375546256E-16,1.,1.227125289196E-18));
#9474 = ADVANCED_FACE('',(#9475),#9486,.T.);
#9475 = FACE_BOUND('',#9476,.T.);
#9476 = EDGE_LOOP('',(#9477,#9478,#9484,#9485));
#9477 = ORIENTED_EDGE('',*,*,#9454,.F.);
#9478 = ORIENTED_EDGE('',*,*,#9479,.T.);
#9479 = EDGE_CURVE('',#9455,#9400,#9480,.T.);
#9480 = LINE('',#9481,#9482);
#9481 = CARTESIAN_POINT('',(20.32,0.12,-3.4));
#9482 = VECTOR('',#9483,1.);
#9483 = DIRECTION('',(-1.,1.224646799147E-16,0.));
#9484 = ORIENTED_EDGE('',*,*,#9399,.T.);
#9485 = ORIENTED_EDGE('',*,*,#6851,.F.);
#9486 = PLANE('',#9487);
#9487 = AXIS2_PLACEMENT_3D('',#9488,#9489,#9490);
#9488 = CARTESIAN_POINT('',(20.32,0.22,-3.3));
#9489 = DIRECTION('',(8.486018839685E-17,0.707106781187,-0.707106781187)
  );
#9490 = DIRECTION('',(-1.,1.212375546256E-16,1.227125289196E-18));
#9491 = ADVANCED_FACE('',(#9492),#9517,.T.);
#9492 = FACE_BOUND('',#9493,.F.);
#9493 = EDGE_LOOP('',(#9494,#9502,#9510,#9516));
#9494 = ORIENTED_EDGE('',*,*,#9495,.F.);
#9495 = EDGE_CURVE('',#9496,#6866,#9498,.T.);
#9496 = VERTEX_POINT('',#9497);
#9497 = CARTESIAN_POINT('',(22.62,0.12,-3.4));
#9498 = LINE('',#9499,#9500);
#9499 = CARTESIAN_POINT('',(22.753333333333,0.253333333333,
    -3.266666666667));
#9500 = VECTOR('',#9501,1.);
#9501 = DIRECTION('',(0.57735026919,0.57735026919,0.57735026919));
#9502 = ORIENTED_EDGE('',*,*,#9503,.T.);
#9503 = EDGE_CURVE('',#9496,#9504,#9506,.T.);
#9504 = VERTEX_POINT('',#9505);
#9505 = CARTESIAN_POINT('',(22.62,-0.12,-3.4));
#9506 = LINE('',#9507,#9508);
#9507 = CARTESIAN_POINT('',(22.62,0.32,-3.4));
#9508 = VECTOR('',#9509,1.);
#9509 = DIRECTION('',(-1.224646799147E-16,-1.,0.));
#9510 = ORIENTED_EDGE('',*,*,#9511,.T.);
#9511 = EDGE_CURVE('',#9504,#6868,#9512,.T.);
#9512 = LINE('',#9513,#9514);
#9513 = CARTESIAN_POINT('',(22.646666666667,-0.146666666667,
    -3.373333333333));
#9514 = VECTOR('',#9515,1.);
#9515 = DIRECTION('',(0.57735026919,-0.57735026919,0.57735026919));
#9516 = ORIENTED_EDGE('',*,*,#6865,.F.);
#9517 = PLANE('',#9518);
#9518 = AXIS2_PLACEMENT_3D('',#9519,#9520,#9521);
#9519 = CARTESIAN_POINT('',(22.72,0.32,-3.3));
#9520 = DIRECTION('',(0.707106781187,-8.486018839685E-17,-0.707106781187
    ));
#9521 = DIRECTION('',(1.212375546256E-16,1.,1.227125289196E-18));
#9522 = ADVANCED_FACE('',(#9523),#9541,.T.);
#9523 = FACE_BOUND('',#9524,.T.);
#9524 = EDGE_LOOP('',(#9525,#9526,#9534,#9540));
#9525 = ORIENTED_EDGE('',*,*,#9495,.F.);
#9526 = ORIENTED_EDGE('',*,*,#9527,.T.);
#9527 = EDGE_CURVE('',#9496,#9528,#9530,.T.);
#9528 = VERTEX_POINT('',#9529);
#9529 = CARTESIAN_POINT('',(22.38,0.12,-3.4));
#9530 = LINE('',#9531,#9532);
#9531 = CARTESIAN_POINT('',(22.82,0.12,-3.4));
#9532 = VECTOR('',#9533,1.);
#9533 = DIRECTION('',(-1.,1.224646799147E-16,0.));
#9534 = ORIENTED_EDGE('',*,*,#9535,.T.);
#9535 = EDGE_CURVE('',#9528,#6899,#9536,.T.);
#9536 = LINE('',#9537,#9538);
#9537 = CARTESIAN_POINT('',(22.353333333333,0.146666666667,
    -3.373333333333));
#9538 = VECTOR('',#9539,1.);
#9539 = DIRECTION('',(-0.57735026919,0.57735026919,0.57735026919));
#9540 = ORIENTED_EDGE('',*,*,#6906,.F.);
#9541 = PLANE('',#9542);
#9542 = AXIS2_PLACEMENT_3D('',#9543,#9544,#9545);
#9543 = CARTESIAN_POINT('',(22.82,0.22,-3.3));
#9544 = DIRECTION('',(8.486018839685E-17,0.707106781187,-0.707106781187)
  );
#9545 = DIRECTION('',(-1.,1.212375546256E-16,1.227125289196E-18));
#9546 = ADVANCED_FACE('',(#9547),#9565,.F.);
#9547 = FACE_BOUND('',#9548,.T.);
#9548 = EDGE_LOOP('',(#9549,#9550,#9558,#9564));
#9549 = ORIENTED_EDGE('',*,*,#9535,.F.);
#9550 = ORIENTED_EDGE('',*,*,#9551,.T.);
#9551 = EDGE_CURVE('',#9528,#9552,#9554,.T.);
#9552 = VERTEX_POINT('',#9553);
#9553 = CARTESIAN_POINT('',(22.38,-0.12,-3.4));
#9554 = LINE('',#9555,#9556);
#9555 = CARTESIAN_POINT('',(22.38,0.32,-3.4));
#9556 = VECTOR('',#9557,1.);
#9557 = DIRECTION('',(-1.224646799147E-16,-1.,0.));
#9558 = ORIENTED_EDGE('',*,*,#9559,.T.);
#9559 = EDGE_CURVE('',#9552,#6921,#9560,.T.);
#9560 = LINE('',#9561,#9562);
#9561 = CARTESIAN_POINT('',(22.46,-4.E-02,-3.48));
#9562 = VECTOR('',#9563,1.);
#9563 = DIRECTION('',(-0.57735026919,-0.57735026919,0.57735026919));
#9564 = ORIENTED_EDGE('',*,*,#6920,.F.);
#9565 = PLANE('',#9566);
#9566 = AXIS2_PLACEMENT_3D('',#9567,#9568,#9569);
#9567 = CARTESIAN_POINT('',(22.28,0.32,-3.3));
#9568 = DIRECTION('',(0.707106781187,-8.833102285013E-17,0.707106781187)
  );
#9569 = DIRECTION('',(1.236918052038E-16,1.,1.227125289097E-18));
#9570 = ADVANCED_FACE('',(#9571),#9582,.T.);
#9571 = FACE_BOUND('',#9572,.F.);
#9572 = EDGE_LOOP('',(#9573,#9574,#9580,#9581));
#9573 = ORIENTED_EDGE('',*,*,#9511,.F.);
#9574 = ORIENTED_EDGE('',*,*,#9575,.T.);
#9575 = EDGE_CURVE('',#9504,#9552,#9576,.T.);
#9576 = LINE('',#9577,#9578);
#9577 = CARTESIAN_POINT('',(22.82,-0.12,-3.4));
#9578 = VECTOR('',#9579,1.);
#9579 = DIRECTION('',(-1.,1.224646799147E-16,0.));
#9580 = ORIENTED_EDGE('',*,*,#9559,.T.);
#9581 = ORIENTED_EDGE('',*,*,#6945,.F.);
#9582 = PLANE('',#9583);
#9583 = AXIS2_PLACEMENT_3D('',#9584,#9585,#9586);
#9584 = CARTESIAN_POINT('',(22.82,-0.22,-3.3));
#9585 = DIRECTION('',(-8.486018839685E-17,-0.707106781187,
    -0.707106781187));
#9586 = DIRECTION('',(1.,-1.212375546256E-16,1.227125289196E-18));
#9587 = ADVANCED_FACE('',(#9588),#9613,.F.);
#9588 = FACE_BOUND('',#9589,.T.);
#9589 = EDGE_LOOP('',(#9590,#9598,#9606,#9612));
#9590 = ORIENTED_EDGE('',*,*,#9591,.F.);
#9591 = EDGE_CURVE('',#9592,#6962,#9594,.T.);
#9592 = VERTEX_POINT('',#9593);
#9593 = CARTESIAN_POINT('',(24.88,0.12,-3.4));
#9594 = LINE('',#9595,#9596);
#9595 = CARTESIAN_POINT('',(24.853333333333,0.146666666667,
    -3.373333333333));
#9596 = VECTOR('',#9597,1.);
#9597 = DIRECTION('',(-0.57735026919,0.57735026919,0.57735026919));
#9598 = ORIENTED_EDGE('',*,*,#9599,.T.);
#9599 = EDGE_CURVE('',#9592,#9600,#9602,.T.);
#9600 = VERTEX_POINT('',#9601);
#9601 = CARTESIAN_POINT('',(24.88,-0.12,-3.4));
#9602 = LINE('',#9603,#9604);
#9603 = CARTESIAN_POINT('',(24.88,0.32,-3.4));
#9604 = VECTOR('',#9605,1.);
#9605 = DIRECTION('',(-1.224646799147E-16,-1.,0.));
#9606 = ORIENTED_EDGE('',*,*,#9607,.T.);
#9607 = EDGE_CURVE('',#9600,#6964,#9608,.T.);
#9608 = LINE('',#9609,#9610);
#9609 = CARTESIAN_POINT('',(24.96,-4.E-02,-3.48));
#9610 = VECTOR('',#9611,1.);
#9611 = DIRECTION('',(-0.57735026919,-0.57735026919,0.57735026919));
#9612 = ORIENTED_EDGE('',*,*,#6961,.F.);
#9613 = PLANE('',#9614);
#9614 = AXIS2_PLACEMENT_3D('',#9615,#9616,#9617);
#9615 = CARTESIAN_POINT('',(24.78,0.32,-3.3));
#9616 = DIRECTION('',(0.707106781187,-8.833102285013E-17,0.707106781187)
  );
#9617 = DIRECTION('',(1.236918052038E-16,1.,1.227125289097E-18));
#9618 = ADVANCED_FACE('',(#9619),#9637,.T.);
#9619 = FACE_BOUND('',#9620,.F.);
#9620 = EDGE_LOOP('',(#9621,#9629,#9635,#9636));
#9621 = ORIENTED_EDGE('',*,*,#9622,.F.);
#9622 = EDGE_CURVE('',#9623,#6993,#9625,.T.);
#9623 = VERTEX_POINT('',#9624);
#9624 = CARTESIAN_POINT('',(25.12,-0.12,-3.4));
#9625 = LINE('',#9626,#9627);
#9626 = CARTESIAN_POINT('',(25.146666666667,-0.146666666667,
    -3.373333333333));
#9627 = VECTOR('',#9628,1.);
#9628 = DIRECTION('',(0.57735026919,-0.57735026919,0.57735026919));
#9629 = ORIENTED_EDGE('',*,*,#9630,.T.);
#9630 = EDGE_CURVE('',#9623,#9600,#9631,.T.);
#9631 = LINE('',#9632,#9633);
#9632 = CARTESIAN_POINT('',(25.32,-0.12,-3.4));
#9633 = VECTOR('',#9634,1.);
#9634 = DIRECTION('',(-1.,1.224646799147E-16,0.));
#9635 = ORIENTED_EDGE('',*,*,#9607,.T.);
#9636 = ORIENTED_EDGE('',*,*,#7000,.F.);
#9637 = PLANE('',#9638);
#9638 = AXIS2_PLACEMENT_3D('',#9639,#9640,#9641);
#9639 = CARTESIAN_POINT('',(25.32,-0.22,-3.3));
#9640 = DIRECTION('',(-8.486018839685E-17,-0.707106781187,
    -0.707106781187));
#9641 = DIRECTION('',(1.,-1.212375546256E-16,1.227125289196E-18));
#9642 = ADVANCED_FACE('',(#9643),#9661,.T.);
#9643 = FACE_BOUND('',#9644,.F.);
#9644 = EDGE_LOOP('',(#9645,#9653,#9659,#9660));
#9645 = ORIENTED_EDGE('',*,*,#9646,.F.);
#9646 = EDGE_CURVE('',#9647,#7017,#9649,.T.);
#9647 = VERTEX_POINT('',#9648);
#9648 = CARTESIAN_POINT('',(25.12,0.12,-3.4));
#9649 = LINE('',#9650,#9651);
#9650 = CARTESIAN_POINT('',(25.253333333333,0.253333333333,
    -3.266666666667));
#9651 = VECTOR('',#9652,1.);
#9652 = DIRECTION('',(0.57735026919,0.57735026919,0.57735026919));
#9653 = ORIENTED_EDGE('',*,*,#9654,.T.);
#9654 = EDGE_CURVE('',#9647,#9623,#9655,.T.);
#9655 = LINE('',#9656,#9657);
#9656 = CARTESIAN_POINT('',(25.12,0.32,-3.4));
#9657 = VECTOR('',#9658,1.);
#9658 = DIRECTION('',(-1.224646799147E-16,-1.,0.));
#9659 = ORIENTED_EDGE('',*,*,#9622,.T.);
#9660 = ORIENTED_EDGE('',*,*,#7016,.F.);
#9661 = PLANE('',#9662);
#9662 = AXIS2_PLACEMENT_3D('',#9663,#9664,#9665);
#9663 = CARTESIAN_POINT('',(25.22,0.32,-3.3));
#9664 = DIRECTION('',(0.707106781187,-8.486018839685E-17,-0.707106781187
    ));
#9665 = DIRECTION('',(1.212375546256E-16,1.,1.227125289196E-18));
#9666 = ADVANCED_FACE('',(#9667),#9678,.T.);
#9667 = FACE_BOUND('',#9668,.T.);
#9668 = EDGE_LOOP('',(#9669,#9670,#9676,#9677));
#9669 = ORIENTED_EDGE('',*,*,#9646,.F.);
#9670 = ORIENTED_EDGE('',*,*,#9671,.T.);
#9671 = EDGE_CURVE('',#9647,#9592,#9672,.T.);
#9672 = LINE('',#9673,#9674);
#9673 = CARTESIAN_POINT('',(25.32,0.12,-3.4));
#9674 = VECTOR('',#9675,1.);
#9675 = DIRECTION('',(-1.,1.224646799147E-16,0.));
#9676 = ORIENTED_EDGE('',*,*,#9591,.T.);
#9677 = ORIENTED_EDGE('',*,*,#7043,.F.);
#9678 = PLANE('',#9679);
#9679 = AXIS2_PLACEMENT_3D('',#9680,#9681,#9682);
#9680 = CARTESIAN_POINT('',(25.32,0.22,-3.3));
#9681 = DIRECTION('',(8.486018839685E-17,0.707106781187,-0.707106781187)
  );
#9682 = DIRECTION('',(-1.,1.212375546256E-16,1.227125289196E-18));
#9683 = ADVANCED_FACE('',(#9684),#9709,.F.);
#9684 = FACE_BOUND('',#9685,.T.);
#9685 = EDGE_LOOP('',(#9686,#9694,#9702,#9708));
#9686 = ORIENTED_EDGE('',*,*,#9687,.F.);
#9687 = EDGE_CURVE('',#9688,#7058,#9690,.T.);
#9688 = VERTEX_POINT('',#9689);
#9689 = CARTESIAN_POINT('',(27.38,0.12,-3.4));
#9690 = LINE('',#9691,#9692);
#9691 = CARTESIAN_POINT('',(27.353333333333,0.146666666667,
    -3.373333333333));
#9692 = VECTOR('',#9693,1.);
#9693 = DIRECTION('',(-0.57735026919,0.57735026919,0.57735026919));
#9694 = ORIENTED_EDGE('',*,*,#9695,.T.);
#9695 = EDGE_CURVE('',#9688,#9696,#9698,.T.);
#9696 = VERTEX_POINT('',#9697);
#9697 = CARTESIAN_POINT('',(27.38,-0.12,-3.4));
#9698 = LINE('',#9699,#9700);
#9699 = CARTESIAN_POINT('',(27.38,0.32,-3.4));
#9700 = VECTOR('',#9701,1.);
#9701 = DIRECTION('',(-1.224646799147E-16,-1.,0.));
#9702 = ORIENTED_EDGE('',*,*,#9703,.T.);
#9703 = EDGE_CURVE('',#9696,#7060,#9704,.T.);
#9704 = LINE('',#9705,#9706);
#9705 = CARTESIAN_POINT('',(27.46,-4.E-02,-3.48));
#9706 = VECTOR('',#9707,1.);
#9707 = DIRECTION('',(-0.57735026919,-0.57735026919,0.57735026919));
#9708 = ORIENTED_EDGE('',*,*,#7057,.F.);
#9709 = PLANE('',#9710);
#9710 = AXIS2_PLACEMENT_3D('',#9711,#9712,#9713);
#9711 = CARTESIAN_POINT('',(27.28,0.32,-3.3));
#9712 = DIRECTION('',(0.707106781187,-8.833102285013E-17,0.707106781187)
  );
#9713 = DIRECTION('',(1.236918052038E-16,1.,1.227125289097E-18));
#9714 = ADVANCED_FACE('',(#9715),#9733,.T.);
#9715 = FACE_BOUND('',#9716,.F.);
#9716 = EDGE_LOOP('',(#9717,#9725,#9731,#9732));
#9717 = ORIENTED_EDGE('',*,*,#9718,.F.);
#9718 = EDGE_CURVE('',#9719,#7089,#9721,.T.);
#9719 = VERTEX_POINT('',#9720);
#9720 = CARTESIAN_POINT('',(27.62,-0.12,-3.4));
#9721 = LINE('',#9722,#9723);
#9722 = CARTESIAN_POINT('',(27.646666666667,-0.146666666667,
    -3.373333333333));
#9723 = VECTOR('',#9724,1.);
#9724 = DIRECTION('',(0.57735026919,-0.57735026919,0.57735026919));
#9725 = ORIENTED_EDGE('',*,*,#9726,.T.);
#9726 = EDGE_CURVE('',#9719,#9696,#9727,.T.);
#9727 = LINE('',#9728,#9729);
#9728 = CARTESIAN_POINT('',(27.82,-0.12,-3.4));
#9729 = VECTOR('',#9730,1.);
#9730 = DIRECTION('',(-1.,1.224646799147E-16,0.));
#9731 = ORIENTED_EDGE('',*,*,#9703,.T.);
#9732 = ORIENTED_EDGE('',*,*,#7096,.F.);
#9733 = PLANE('',#9734);
#9734 = AXIS2_PLACEMENT_3D('',#9735,#9736,#9737);
#9735 = CARTESIAN_POINT('',(27.82,-0.22,-3.3));
#9736 = DIRECTION('',(-8.486018839685E-17,-0.707106781187,
    -0.707106781187));
#9737 = DIRECTION('',(1.,-1.212375546256E-16,1.227125289196E-18));
#9738 = ADVANCED_FACE('',(#9739),#9757,.T.);
#9739 = FACE_BOUND('',#9740,.F.);
#9740 = EDGE_LOOP('',(#9741,#9749,#9755,#9756));
#9741 = ORIENTED_EDGE('',*,*,#9742,.F.);
#9742 = EDGE_CURVE('',#9743,#7113,#9745,.T.);
#9743 = VERTEX_POINT('',#9744);
#9744 = CARTESIAN_POINT('',(27.62,0.12,-3.4));
#9745 = LINE('',#9746,#9747);
#9746 = CARTESIAN_POINT('',(27.753333333333,0.253333333333,
    -3.266666666667));
#9747 = VECTOR('',#9748,1.);
#9748 = DIRECTION('',(0.57735026919,0.57735026919,0.57735026919));
#9749 = ORIENTED_EDGE('',*,*,#9750,.T.);
#9750 = EDGE_CURVE('',#9743,#9719,#9751,.T.);
#9751 = LINE('',#9752,#9753);
#9752 = CARTESIAN_POINT('',(27.62,0.32,-3.4));
#9753 = VECTOR('',#9754,1.);
#9754 = DIRECTION('',(-1.224646799147E-16,-1.,0.));
#9755 = ORIENTED_EDGE('',*,*,#9718,.T.);
#9756 = ORIENTED_EDGE('',*,*,#7112,.F.);
#9757 = PLANE('',#9758);
#9758 = AXIS2_PLACEMENT_3D('',#9759,#9760,#9761);
#9759 = CARTESIAN_POINT('',(27.72,0.32,-3.3));
#9760 = DIRECTION('',(0.707106781187,-8.486018839685E-17,-0.707106781187
    ));
#9761 = DIRECTION('',(1.212375546256E-16,1.,1.227125289196E-18));
#9762 = ADVANCED_FACE('',(#9763),#9774,.T.);
#9763 = FACE_BOUND('',#9764,.T.);
#9764 = EDGE_LOOP('',(#9765,#9766,#9772,#9773));
#9765 = ORIENTED_EDGE('',*,*,#9742,.F.);
#9766 = ORIENTED_EDGE('',*,*,#9767,.T.);
#9767 = EDGE_CURVE('',#9743,#9688,#9768,.T.);
#9768 = LINE('',#9769,#9770);
#9769 = CARTESIAN_POINT('',(27.82,0.12,-3.4));
#9770 = VECTOR('',#9771,1.);
#9771 = DIRECTION('',(-1.,1.224646799147E-16,0.));
#9772 = ORIENTED_EDGE('',*,*,#9687,.T.);
#9773 = ORIENTED_EDGE('',*,*,#7139,.F.);
#9774 = PLANE('',#9775);
#9775 = AXIS2_PLACEMENT_3D('',#9776,#9777,#9778);
#9776 = CARTESIAN_POINT('',(27.82,0.22,-3.3));
#9777 = DIRECTION('',(8.486018839685E-17,0.707106781187,-0.707106781187)
  );
#9778 = DIRECTION('',(-1.,1.212375546256E-16,1.227125289196E-18));
#9779 = ADVANCED_FACE('',(#9780),#9821,.F.);
#9780 = FACE_BOUND('',#9781,.T.);
#9781 = EDGE_LOOP('',(#9782,#9792,#9800,#9808,#9814,#9815));
#9782 = ORIENTED_EDGE('',*,*,#9783,.F.);
#9783 = EDGE_CURVE('',#9784,#9786,#9788,.T.);
#9784 = VERTEX_POINT('',#9785);
#9785 = CARTESIAN_POINT('',(29.88,0.12,-3.4));
#9786 = VERTEX_POINT('',#9787);
#9787 = CARTESIAN_POINT('',(29.682447406934,0.351192514695,
    -3.202447406934));
#9788 = LINE('',#9789,#9790);
#9789 = CARTESIAN_POINT('',(29.846150901889,0.159613036666,
    -3.366150901889));
#9790 = VECTOR('',#9791,1.);
#9791 = DIRECTION('',(-0.544770019249,0.63753529491,0.544770019249));
#9792 = ORIENTED_EDGE('',*,*,#9793,.T.);
#9793 = EDGE_CURVE('',#9784,#9794,#9796,.T.);
#9794 = VERTEX_POINT('',#9795);
#9795 = CARTESIAN_POINT('',(29.88,-0.12,-3.4));
#9796 = LINE('',#9797,#9798);
#9797 = CARTESIAN_POINT('',(29.88,0.32,-3.4));
#9798 = VECTOR('',#9799,1.);
#9799 = DIRECTION('',(-1.224646799147E-16,-1.,0.));
#9800 = ORIENTED_EDGE('',*,*,#9801,.T.);
#9801 = EDGE_CURVE('',#9794,#9802,#9804,.T.);
#9802 = VERTEX_POINT('',#9803);
#9803 = CARTESIAN_POINT('',(29.682447406934,-0.288807485305,
    -3.202447406934));
#9804 = LINE('',#9805,#9806);
#9805 = CARTESIAN_POINT('',(29.961511443392,-5.034896900541E-02,
    -3.481511443392));
#9806 = VECTOR('',#9807,1.);
#9807 = DIRECTION('',(-0.605209817607,-0.517148096144,0.605209817607));
#9808 = ORIENTED_EDGE('',*,*,#9809,.T.);
#9809 = EDGE_CURVE('',#9802,#7156,#9810,.T.);
#9810 = LINE('',#9811,#9812);
#9811 = CARTESIAN_POINT('',(29.914309165527,-0.325417236662,
    -3.434309165527));
#9812 = VECTOR('',#9813,1.);
#9813 = DIRECTION('',(-0.702740385383,0.110959008218,0.702740385383));
#9814 = ORIENTED_EDGE('',*,*,#7153,.F.);
#9815 = ORIENTED_EDGE('',*,*,#9816,.F.);
#9816 = EDGE_CURVE('',#9786,#7154,#9817,.T.);
#9817 = LINE('',#9818,#9819);
#9818 = CARTESIAN_POINT('',(29.458413132695,0.386566347469,
    -2.978413132695));
#9819 = VECTOR('',#9820,1.);
#9820 = DIRECTION('',(-0.702740385383,0.110959008218,0.702740385383));
#9821 = PLANE('',#9822);
#9822 = AXIS2_PLACEMENT_3D('',#9823,#9824,#9825);
#9823 = CARTESIAN_POINT('',(29.78,0.32,-3.3));
#9824 = DIRECTION('',(0.707106781187,-8.833102285013E-17,0.707106781187)
  );
#9825 = DIRECTION('',(1.236918052038E-16,1.,1.227125289097E-18));
#9826 = ADVANCED_FACE('',(#9827),#9852,.F.);
#9827 = FACE_BOUND('',#9828,.F.);
#9828 = EDGE_LOOP('',(#9829,#9830,#9836,#9837,#9838,#9846));
#9829 = ORIENTED_EDGE('',*,*,#7282,.F.);
#9830 = ORIENTED_EDGE('',*,*,#9831,.T.);
#9831 = EDGE_CURVE('',#7275,#7195,#9832,.T.);
#9832 = LINE('',#9833,#9834);
#9833 = CARTESIAN_POINT('',(30.32,0.62,-1.5));
#9834 = VECTOR('',#9835,1.);
#9835 = DIRECTION('',(-1.,1.224646799147E-16,0.));
#9836 = ORIENTED_EDGE('',*,*,#7202,.T.);
#9837 = ORIENTED_EDGE('',*,*,#9816,.F.);
#9838 = ORIENTED_EDGE('',*,*,#9839,.F.);
#9839 = EDGE_CURVE('',#9840,#9786,#9842,.T.);
#9840 = VERTEX_POINT('',#9841);
#9841 = CARTESIAN_POINT('',(30.317552593066,0.351192514695,
    -3.202447406934));
#9842 = LINE('',#9843,#9844);
#9843 = CARTESIAN_POINT('',(30.32,0.351192514695,-3.202447406934));
#9844 = VECTOR('',#9845,1.);
#9845 = DIRECTION('',(-1.,1.224646799147E-16,0.));
#9846 = ORIENTED_EDGE('',*,*,#9847,.T.);
#9847 = EDGE_CURVE('',#9840,#7241,#9848,.T.);
#9848 = LINE('',#9849,#9850);
#9849 = CARTESIAN_POINT('',(30.699616963064,0.411518467852,
    -2.820383036936));
#9850 = VECTOR('',#9851,1.);
#9851 = DIRECTION('',(0.702740385383,0.110959008218,0.702740385383));
#9852 = PLANE('',#9853);
#9853 = AXIS2_PLACEMENT_3D('',#9854,#9855,#9856);
#9854 = CARTESIAN_POINT('',(30.32,0.62,-1.5));
#9855 = DIRECTION('',(-1.209660753807E-16,-0.987762965329,0.155962573473
    ));
#9856 = DIRECTION('',(-1.909990663905E-17,-0.155962573473,
    -0.987762965329));
#9857 = ADVANCED_FACE('',(#9858),#9864,.F.);
#9858 = FACE_BOUND('',#9859,.F.);
#9859 = EDGE_LOOP('',(#9860,#9861,#9862,#9863));
#9860 = ORIENTED_EDGE('',*,*,#7299,.T.);
#9861 = ORIENTED_EDGE('',*,*,#7194,.T.);
#9862 = ORIENTED_EDGE('',*,*,#9831,.F.);
#9863 = ORIENTED_EDGE('',*,*,#7274,.F.);
#9864 = PLANE('',#9865);
#9865 = AXIS2_PLACEMENT_3D('',#9866,#9867,#9868);
#9866 = CARTESIAN_POINT('',(30.32,0.32,-0.9));
#9867 = DIRECTION('',(-1.095357396528E-16,-0.894427191,-0.4472135955));
#9868 = DIRECTION('',(5.476786982641E-17,0.4472135955,-0.894427191));
#9869 = ADVANCED_FACE('',(#9870),#9881,.F.);
#9870 = FACE_BOUND('',#9871,.F.);
#9871 = EDGE_LOOP('',(#9872,#9878,#9879,#9880));
#9872 = ORIENTED_EDGE('',*,*,#9873,.T.);
#9873 = EDGE_CURVE('',#7251,#7164,#9874,.T.);
#9874 = LINE('',#9875,#9876);
#9875 = CARTESIAN_POINT('',(30.32,-2.E-02,-1.5));
#9876 = VECTOR('',#9877,1.);
#9877 = DIRECTION('',(-1.,1.224646799147E-16,0.));
#9878 = ORIENTED_EDGE('',*,*,#7171,.T.);
#9879 = ORIENTED_EDGE('',*,*,#7224,.F.);
#9880 = ORIENTED_EDGE('',*,*,#7258,.F.);
#9881 = PLANE('',#9882);
#9882 = AXIS2_PLACEMENT_3D('',#9883,#9884,#9885);
#9883 = CARTESIAN_POINT('',(30.32,-2.E-02,-1.5));
#9884 = DIRECTION('',(1.095357396528E-16,0.894427191,0.4472135955));
#9885 = DIRECTION('',(-5.476786982641E-17,-0.4472135955,0.894427191));
#9886 = ADVANCED_FACE('',(#9887),#9907,.F.);
#9887 = FACE_BOUND('',#9888,.F.);
#9888 = EDGE_LOOP('',(#9889,#9890,#9898,#9904,#9905,#9906));
#9889 = ORIENTED_EDGE('',*,*,#7250,.F.);
#9890 = ORIENTED_EDGE('',*,*,#9891,.F.);
#9891 = EDGE_CURVE('',#9892,#7243,#9894,.T.);
#9892 = VERTEX_POINT('',#9893);
#9893 = CARTESIAN_POINT('',(30.317552593066,-0.288807485305,
    -3.202447406934));
#9894 = LINE('',#9895,#9896);
#9895 = CARTESIAN_POINT('',(30.243720930233,-0.300465116279,
    -3.276279069767));
#9896 = VECTOR('',#9897,1.);
#9897 = DIRECTION('',(0.702740385383,0.110959008218,0.702740385383));
#9898 = ORIENTED_EDGE('',*,*,#9899,.T.);
#9899 = EDGE_CURVE('',#9892,#9802,#9900,.T.);
#9900 = LINE('',#9901,#9902);
#9901 = CARTESIAN_POINT('',(30.32,-0.288807485305,-3.202447406934));
#9902 = VECTOR('',#9903,1.);
#9903 = DIRECTION('',(-1.,1.224646799147E-16,0.));
#9904 = ORIENTED_EDGE('',*,*,#9809,.T.);
#9905 = ORIENTED_EDGE('',*,*,#7163,.T.);
#9906 = ORIENTED_EDGE('',*,*,#9873,.F.);
#9907 = PLANE('',#9908);
#9908 = AXIS2_PLACEMENT_3D('',#9909,#9910,#9911);
#9909 = CARTESIAN_POINT('',(30.32,-0.32,-3.4));
#9910 = DIRECTION('',(1.209660753807E-16,0.987762965329,-0.155962573473)
  );
#9911 = DIRECTION('',(1.909990663905E-17,0.155962573473,0.987762965329)
  );
#9912 = ADVANCED_FACE('',(#9913),#9940,.T.);
#9913 = FACE_BOUND('',#9914,.F.);
#9914 = EDGE_LOOP('',(#9915,#9923,#9924,#9925,#9926,#9934));
#9915 = ORIENTED_EDGE('',*,*,#9916,.T.);
#9916 = EDGE_CURVE('',#9917,#9892,#9919,.T.);
#9917 = VERTEX_POINT('',#9918);
#9918 = CARTESIAN_POINT('',(30.12,-0.12,-3.4));
#9919 = LINE('',#9920,#9921);
#9920 = CARTESIAN_POINT('',(30.155697812072,-0.150503562587,
    -3.364302187928));
#9921 = VECTOR('',#9922,1.);
#9922 = DIRECTION('',(0.605209817607,-0.517148096144,0.605209817607));
#9923 = ORIENTED_EDGE('',*,*,#9891,.T.);
#9924 = ORIENTED_EDGE('',*,*,#7240,.F.);
#9925 = ORIENTED_EDGE('',*,*,#9847,.F.);
#9926 = ORIENTED_EDGE('',*,*,#9927,.F.);
#9927 = EDGE_CURVE('',#9928,#9840,#9930,.T.);
#9928 = VERTEX_POINT('',#9929);
#9929 = CARTESIAN_POINT('',(30.12,0.12,-3.4));
#9930 = LINE('',#9931,#9932);
#9931 = CARTESIAN_POINT('',(30.24881689775,0.270752273427,-3.27118310225
    ));
#9932 = VECTOR('',#9933,1.);
#9933 = DIRECTION('',(0.544770019249,0.63753529491,0.544770019249));
#9934 = ORIENTED_EDGE('',*,*,#9935,.T.);
#9935 = EDGE_CURVE('',#9928,#9917,#9936,.T.);
#9936 = LINE('',#9937,#9938);
#9937 = CARTESIAN_POINT('',(30.12,0.32,-3.4));
#9938 = VECTOR('',#9939,1.);
#9939 = DIRECTION('',(-1.224646799147E-16,-1.,0.));
#9940 = PLANE('',#9941);
#9941 = AXIS2_PLACEMENT_3D('',#9942,#9943,#9944);
#9942 = CARTESIAN_POINT('',(30.22,0.32,-3.3));
#9943 = DIRECTION('',(0.707106781187,-8.486018839685E-17,-0.707106781187
    ));
#9944 = DIRECTION('',(1.212375546256E-16,1.,1.227125289196E-18));
#9945 = ADVANCED_FACE('',(#9946),#9952,.F.);
#9946 = FACE_BOUND('',#9947,.F.);
#9947 = EDGE_LOOP('',(#9948,#9949,#9950,#9951));
#9948 = ORIENTED_EDGE('',*,*,#7393,.F.);
#9949 = ORIENTED_EDGE('',*,*,#7369,.F.);
#9950 = ORIENTED_EDGE('',*,*,#7354,.T.);
#9951 = ORIENTED_EDGE('',*,*,#7321,.T.);
#9952 = PLANE('',#9953);
#9953 = AXIS2_PLACEMENT_3D('',#9954,#9955,#9956);
#9954 = CARTESIAN_POINT('',(27.82,-0.32,6.5));
#9955 = DIRECTION('',(-0.,0.,-1.));
#9956 = DIRECTION('',(1.224646799147E-16,1.,0.));
#9957 = ADVANCED_FACE('',(#9958),#9964,.F.);
#9958 = FACE_BOUND('',#9959,.F.);
#9959 = EDGE_LOOP('',(#9960,#9961,#9962,#9963));
#9960 = ORIENTED_EDGE('',*,*,#7489,.F.);
#9961 = ORIENTED_EDGE('',*,*,#7465,.F.);
#9962 = ORIENTED_EDGE('',*,*,#7450,.T.);
#9963 = ORIENTED_EDGE('',*,*,#7417,.T.);
#9964 = PLANE('',#9965);
#9965 = AXIS2_PLACEMENT_3D('',#9966,#9967,#9968);
#9966 = CARTESIAN_POINT('',(25.32,-0.32,6.5));
#9967 = DIRECTION('',(-0.,0.,-1.));
#9968 = DIRECTION('',(1.224646799147E-16,1.,0.));
#9969 = ADVANCED_FACE('',(#9970),#9976,.F.);
#9970 = FACE_BOUND('',#9971,.F.);
#9971 = EDGE_LOOP('',(#9972,#9973,#9974,#9975));
#9972 = ORIENTED_EDGE('',*,*,#7585,.F.);
#9973 = ORIENTED_EDGE('',*,*,#7561,.F.);
#9974 = ORIENTED_EDGE('',*,*,#7546,.T.);
#9975 = ORIENTED_EDGE('',*,*,#7513,.T.);
#9976 = PLANE('',#9977);
#9977 = AXIS2_PLACEMENT_3D('',#9978,#9979,#9980);
#9978 = CARTESIAN_POINT('',(20.32,-0.32,6.5));
#9979 = DIRECTION('',(-0.,0.,-1.));
#9980 = DIRECTION('',(1.224646799147E-16,1.,0.));
#9981 = ADVANCED_FACE('',(#9982),#9988,.F.);
#9982 = FACE_BOUND('',#9983,.F.);
#9983 = EDGE_LOOP('',(#9984,#9985,#9986,#9987));
#9984 = ORIENTED_EDGE('',*,*,#7633,.F.);
#9985 = ORIENTED_EDGE('',*,*,#7609,.F.);
#9986 = ORIENTED_EDGE('',*,*,#7683,.T.);
#9987 = ORIENTED_EDGE('',*,*,#7664,.T.);
#9988 = PLANE('',#9989);
#9989 = AXIS2_PLACEMENT_3D('',#9990,#9991,#9992);
#9990 = CARTESIAN_POINT('',(22.82,-0.32,6.5));
#9991 = DIRECTION('',(-0.,0.,-1.));
#9992 = DIRECTION('',(1.224646799147E-16,1.,0.));
#9993 = ADVANCED_FACE('',(#9994),#10000,.F.);
#9994 = FACE_BOUND('',#9995,.F.);
#9995 = EDGE_LOOP('',(#9996,#9997,#9998,#9999));
#9996 = ORIENTED_EDGE('',*,*,#7729,.F.);
#9997 = ORIENTED_EDGE('',*,*,#7705,.F.);
#9998 = ORIENTED_EDGE('',*,*,#7779,.T.);
#9999 = ORIENTED_EDGE('',*,*,#7760,.T.);
#10000 = PLANE('',#10001);
#10001 = AXIS2_PLACEMENT_3D('',#10002,#10003,#10004);
#10002 = CARTESIAN_POINT('',(17.82,-0.32,6.5));
#10003 = DIRECTION('',(-0.,0.,-1.));
#10004 = DIRECTION('',(1.224646799147E-16,1.,0.));
#10005 = ADVANCED_FACE('',(#10006),#10012,.F.);
#10006 = FACE_BOUND('',#10007,.F.);
#10007 = EDGE_LOOP('',(#10008,#10009,#10010,#10011));
#10008 = ORIENTED_EDGE('',*,*,#7825,.F.);
#10009 = ORIENTED_EDGE('',*,*,#7801,.F.);
#10010 = ORIENTED_EDGE('',*,*,#7875,.T.);
#10011 = ORIENTED_EDGE('',*,*,#7856,.T.);
#10012 = PLANE('',#10013);
#10013 = AXIS2_PLACEMENT_3D('',#10014,#10015,#10016);
#10014 = CARTESIAN_POINT('',(7.82,-0.32,6.5));
#10015 = DIRECTION('',(-0.,0.,-1.));
#10016 = DIRECTION('',(1.224646799147E-16,1.,0.));
#10017 = ADVANCED_FACE('',(#10018),#10024,.F.);
#10018 = FACE_BOUND('',#10019,.F.);
#10019 = EDGE_LOOP('',(#10020,#10021,#10022,#10023));
#10020 = ORIENTED_EDGE('',*,*,#7969,.F.);
#10021 = ORIENTED_EDGE('',*,*,#7945,.F.);
#10022 = ORIENTED_EDGE('',*,*,#7930,.T.);
#10023 = ORIENTED_EDGE('',*,*,#7897,.T.);
#10024 = PLANE('',#10025);
#10025 = AXIS2_PLACEMENT_3D('',#10026,#10027,#10028);
#10026 = CARTESIAN_POINT('',(10.32,-0.32,6.5));
#10027 = DIRECTION('',(-0.,0.,-1.));
#10028 = DIRECTION('',(1.224646799147E-16,1.,0.));
#10029 = ADVANCED_FACE('',(#10030),#10036,.F.);
#10030 = FACE_BOUND('',#10031,.F.);
#10031 = EDGE_LOOP('',(#10032,#10033,#10034,#10035));
#10032 = ORIENTED_EDGE('',*,*,#8065,.F.);
#10033 = ORIENTED_EDGE('',*,*,#8041,.F.);
#10034 = ORIENTED_EDGE('',*,*,#8026,.T.);
#10035 = ORIENTED_EDGE('',*,*,#7993,.T.);
#10036 = PLANE('',#10037);
#10037 = AXIS2_PLACEMENT_3D('',#10038,#10039,#10040);
#10038 = CARTESIAN_POINT('',(12.82,-0.32,6.5));
#10039 = DIRECTION('',(-0.,0.,-1.));
#10040 = DIRECTION('',(1.224646799147E-16,1.,0.));
#10041 = ADVANCED_FACE('',(#10042),#10048,.F.);
#10042 = FACE_BOUND('',#10043,.F.);
#10043 = EDGE_LOOP('',(#10044,#10045,#10046,#10047));
#10044 = ORIENTED_EDGE('',*,*,#8161,.F.);
#10045 = ORIENTED_EDGE('',*,*,#8137,.F.);
#10046 = ORIENTED_EDGE('',*,*,#8122,.T.);
#10047 = ORIENTED_EDGE('',*,*,#8089,.T.);
#10048 = PLANE('',#10049);
#10049 = AXIS2_PLACEMENT_3D('',#10050,#10051,#10052);
#10050 = CARTESIAN_POINT('',(15.32,-0.32,6.5));
#10051 = DIRECTION('',(-0.,0.,-1.));
#10052 = DIRECTION('',(1.224646799147E-16,1.,0.));
#10053 = ADVANCED_FACE('',(#10054),#10060,.F.);
#10054 = FACE_BOUND('',#10055,.F.);
#10055 = EDGE_LOOP('',(#10056,#10057,#10058,#10059));
#10056 = ORIENTED_EDGE('',*,*,#8257,.F.);
#10057 = ORIENTED_EDGE('',*,*,#8233,.F.);
#10058 = ORIENTED_EDGE('',*,*,#8218,.T.);
#10059 = ORIENTED_EDGE('',*,*,#8185,.T.);
#10060 = PLANE('',#10061);
#10061 = AXIS2_PLACEMENT_3D('',#10062,#10063,#10064);
#10062 = CARTESIAN_POINT('',(2.82,-0.32,6.5));
#10063 = DIRECTION('',(-0.,0.,-1.));
#10064 = DIRECTION('',(1.224646799147E-16,1.,0.));
#10065 = ADVANCED_FACE('',(#10066),#10072,.F.);
#10066 = FACE_BOUND('',#10067,.F.);
#10067 = EDGE_LOOP('',(#10068,#10069,#10070,#10071));
#10068 = ORIENTED_EDGE('',*,*,#8305,.F.);
#10069 = ORIENTED_EDGE('',*,*,#8281,.F.);
#10070 = ORIENTED_EDGE('',*,*,#8355,.T.);
#10071 = ORIENTED_EDGE('',*,*,#8336,.T.);
#10072 = PLANE('',#10073);
#10073 = AXIS2_PLACEMENT_3D('',#10074,#10075,#10076);
#10074 = CARTESIAN_POINT('',(5.32,-0.32,6.5));
#10075 = DIRECTION('',(-0.,0.,-1.));
#10076 = DIRECTION('',(1.224646799147E-16,1.,0.));
#10077 = ADVANCED_FACE('',(#10078),#10084,.F.);
#10078 = FACE_BOUND('',#10079,.F.);
#10079 = EDGE_LOOP('',(#10080,#10081,#10082,#10083));
#10080 = ORIENTED_EDGE('',*,*,#8449,.F.);
#10081 = ORIENTED_EDGE('',*,*,#8425,.F.);
#10082 = ORIENTED_EDGE('',*,*,#8410,.T.);
#10083 = ORIENTED_EDGE('',*,*,#8377,.T.);
#10084 = PLANE('',#10085);
#10085 = AXIS2_PLACEMENT_3D('',#10086,#10087,#10088);
#10086 = CARTESIAN_POINT('',(30.32,-0.32,6.5));
#10087 = DIRECTION('',(-0.,0.,-1.));
#10088 = DIRECTION('',(1.224646799147E-16,1.,0.));
#10089 = ADVANCED_FACE('',(#10090),#10096,.F.);
#10090 = FACE_BOUND('',#10091,.F.);
#10091 = EDGE_LOOP('',(#10092,#10093,#10094,#10095));
#10092 = ORIENTED_EDGE('',*,*,#8545,.F.);
#10093 = ORIENTED_EDGE('',*,*,#8521,.F.);
#10094 = ORIENTED_EDGE('',*,*,#8506,.T.);
#10095 = ORIENTED_EDGE('',*,*,#8473,.T.);
#10096 = PLANE('',#10097);
#10097 = AXIS2_PLACEMENT_3D('',#10098,#10099,#10100);
#10098 = CARTESIAN_POINT('',(0.32,-0.32,6.5));
#10099 = DIRECTION('',(-0.,0.,-1.));
#10100 = DIRECTION('',(1.224646799147E-16,1.,0.));
#10101 = ADVANCED_FACE('',(#10102),#10113,.T.);
#10102 = FACE_BOUND('',#10103,.T.);
#10103 = EDGE_LOOP('',(#10104,#10105,#10111,#10112));
#10104 = ORIENTED_EDGE('',*,*,#8705,.F.);
#10105 = ORIENTED_EDGE('',*,*,#10106,.T.);
#10106 = EDGE_CURVE('',#8706,#8562,#10107,.T.);
#10107 = LINE('',#10108,#10109);
#10108 = CARTESIAN_POINT('',(0.32,0.12,-3.4));
#10109 = VECTOR('',#10110,1.);
#10110 = DIRECTION('',(-1.,1.224646799147E-16,0.));
#10111 = ORIENTED_EDGE('',*,*,#8561,.T.);
#10112 = ORIENTED_EDGE('',*,*,#8617,.F.);
#10113 = PLANE('',#10114);
#10114 = AXIS2_PLACEMENT_3D('',#10115,#10116,#10117);
#10115 = CARTESIAN_POINT('',(0.32,0.235596257347,-3.301223703467));
#10116 = DIRECTION('',(8.302774088379E-17,0.64962967394,-0.760250805153)
  );
#10117 = DIRECTION('',(-1.,1.247195775152E-16,-2.638869166629E-18));
#10118 = ADVANCED_FACE('',(#10119),#10130,.F.);
#10119 = FACE_BOUND('',#10120,.F.);
#10120 = EDGE_LOOP('',(#10121,#10122,#10128,#10129));
#10121 = ORIENTED_EDGE('',*,*,#8571,.T.);
#10122 = ORIENTED_EDGE('',*,*,#10123,.F.);
#10123 = EDGE_CURVE('',#8695,#8572,#10124,.T.);
#10124 = LINE('',#10125,#10126);
#10125 = CARTESIAN_POINT('',(0.32,-0.12,-3.4));
#10126 = VECTOR('',#10127,1.);
#10127 = DIRECTION('',(-1.,1.224646799147E-16,0.));
#10128 = ORIENTED_EDGE('',*,*,#8713,.F.);
#10129 = ORIENTED_EDGE('',*,*,#10106,.T.);
#10130 = PLANE('',#10131);
#10131 = AXIS2_PLACEMENT_3D('',#10132,#10133,#10134);
#10132 = CARTESIAN_POINT('',(0.32,0.32,-3.4));
#10133 = DIRECTION('',(0.,0.,1.));
#10134 = DIRECTION('',(-1.224646799147E-16,-1.,0.));
#10135 = ADVANCED_FACE('',(#10136),#10142,.T.);
#10136 = FACE_BOUND('',#10137,.F.);
#10137 = EDGE_LOOP('',(#10138,#10139,#10140,#10141));
#10138 = ORIENTED_EDGE('',*,*,#8694,.F.);
#10139 = ORIENTED_EDGE('',*,*,#10123,.T.);
#10140 = ORIENTED_EDGE('',*,*,#8579,.T.);
#10141 = ORIENTED_EDGE('',*,*,#8677,.F.);
#10142 = PLANE('',#10143);
#10143 = AXIS2_PLACEMENT_3D('',#10144,#10145,#10146);
#10144 = CARTESIAN_POINT('',(0.32,-0.204403742653,-3.301223703467));
#10145 = DIRECTION('',(-9.310387150808E-17,-0.760250805153,
    -0.64962967394));
#10146 = DIRECTION('',(1.,-1.224646799148E-16,-5.515863360725E-29));
#10147 = ADVANCED_FACE('',(#10148),#10154,.F.);
#10148 = FACE_BOUND('',#10149,.F.);
#10149 = EDGE_LOOP('',(#10150,#10151,#10152,#10153));
#10150 = ORIENTED_EDGE('',*,*,#8790,.F.);
#10151 = ORIENTED_EDGE('',*,*,#8807,.T.);
#10152 = ORIENTED_EDGE('',*,*,#8735,.T.);
#10153 = ORIENTED_EDGE('',*,*,#8766,.F.);
#10154 = PLANE('',#10155);
#10155 = AXIS2_PLACEMENT_3D('',#10156,#10157,#10158);
#10156 = CARTESIAN_POINT('',(2.82,0.32,-3.4));
#10157 = DIRECTION('',(0.,0.,1.));
#10158 = DIRECTION('',(-1.224646799147E-16,-1.,0.));
#10159 = ADVANCED_FACE('',(#10160),#10166,.F.);
#10160 = FACE_BOUND('',#10161,.F.);
#10161 = EDGE_LOOP('',(#10162,#10163,#10164,#10165));
#10162 = ORIENTED_EDGE('',*,*,#8831,.F.);
#10163 = ORIENTED_EDGE('',*,*,#8855,.T.);
#10164 = ORIENTED_EDGE('',*,*,#8879,.T.);
#10165 = ORIENTED_EDGE('',*,*,#8903,.F.);
#10166 = PLANE('',#10167);
#10167 = AXIS2_PLACEMENT_3D('',#10168,#10169,#10170);
#10168 = CARTESIAN_POINT('',(5.32,0.32,-3.4));
#10169 = DIRECTION('',(0.,0.,1.));
#10170 = DIRECTION('',(-1.224646799147E-16,-1.,0.));
#10171 = ADVANCED_FACE('',(#10172),#10178,.F.);
#10172 = FACE_BOUND('',#10173,.F.);
#10173 = EDGE_LOOP('',(#10174,#10175,#10176,#10177));
#10174 = ORIENTED_EDGE('',*,*,#8927,.F.);
#10175 = ORIENTED_EDGE('',*,*,#8951,.T.);
#10176 = ORIENTED_EDGE('',*,*,#8975,.T.);
#10177 = ORIENTED_EDGE('',*,*,#8999,.F.);
#10178 = PLANE('',#10179);
#10179 = AXIS2_PLACEMENT_3D('',#10180,#10181,#10182);
#10180 = CARTESIAN_POINT('',(7.82,0.32,-3.4));
#10181 = DIRECTION('',(0.,0.,1.));
#10182 = DIRECTION('',(-1.224646799147E-16,-1.,0.));
#10183 = ADVANCED_FACE('',(#10184),#10190,.F.);
#10184 = FACE_BOUND('',#10185,.F.);
#10185 = EDGE_LOOP('',(#10186,#10187,#10188,#10189));
#10186 = ORIENTED_EDGE('',*,*,#9078,.F.);
#10187 = ORIENTED_EDGE('',*,*,#9095,.T.);
#10188 = ORIENTED_EDGE('',*,*,#9023,.T.);
#10189 = ORIENTED_EDGE('',*,*,#9054,.F.);
#10190 = PLANE('',#10191);
#10191 = AXIS2_PLACEMENT_3D('',#10192,#10193,#10194);
#10192 = CARTESIAN_POINT('',(10.32,0.32,-3.4));
#10193 = DIRECTION('',(0.,0.,1.));
#10194 = DIRECTION('',(-1.224646799147E-16,-1.,0.));
#10195 = ADVANCED_FACE('',(#10196),#10202,.F.);
#10196 = FACE_BOUND('',#10197,.F.);
#10197 = EDGE_LOOP('',(#10198,#10199,#10200,#10201));
#10198 = ORIENTED_EDGE('',*,*,#9174,.F.);
#10199 = ORIENTED_EDGE('',*,*,#9191,.T.);
#10200 = ORIENTED_EDGE('',*,*,#9119,.T.);
#10201 = ORIENTED_EDGE('',*,*,#9150,.F.);
#10202 = PLANE('',#10203);
#10203 = AXIS2_PLACEMENT_3D('',#10204,#10205,#10206);
#10204 = CARTESIAN_POINT('',(12.82,0.32,-3.4));
#10205 = DIRECTION('',(0.,0.,1.));
#10206 = DIRECTION('',(-1.224646799147E-16,-1.,0.));
#10207 = ADVANCED_FACE('',(#10208),#10214,.F.);
#10208 = FACE_BOUND('',#10209,.F.);
#10209 = EDGE_LOOP('',(#10210,#10211,#10212,#10213));
#10210 = ORIENTED_EDGE('',*,*,#9270,.F.);
#10211 = ORIENTED_EDGE('',*,*,#9287,.T.);
#10212 = ORIENTED_EDGE('',*,*,#9215,.T.);
#10213 = ORIENTED_EDGE('',*,*,#9246,.F.);
#10214 = PLANE('',#10215);
#10215 = AXIS2_PLACEMENT_3D('',#10216,#10217,#10218);
#10216 = CARTESIAN_POINT('',(15.32,0.32,-3.4));
#10217 = DIRECTION('',(0.,0.,1.));
#10218 = DIRECTION('',(-1.224646799147E-16,-1.,0.));
#10219 = ADVANCED_FACE('',(#10220),#10226,.F.);
#10220 = FACE_BOUND('',#10221,.F.);
#10221 = EDGE_LOOP('',(#10222,#10223,#10224,#10225));
#10222 = ORIENTED_EDGE('',*,*,#9311,.F.);
#10223 = ORIENTED_EDGE('',*,*,#9335,.T.);
#10224 = ORIENTED_EDGE('',*,*,#9359,.T.);
#10225 = ORIENTED_EDGE('',*,*,#9383,.F.);
#10226 = PLANE('',#10227);
#10227 = AXIS2_PLACEMENT_3D('',#10228,#10229,#10230);
#10228 = CARTESIAN_POINT('',(17.82,0.32,-3.4));
#10229 = DIRECTION('',(0.,0.,1.));
#10230 = DIRECTION('',(-1.224646799147E-16,-1.,0.));
#10231 = ADVANCED_FACE('',(#10232),#10238,.F.);
#10232 = FACE_BOUND('',#10233,.F.);
#10233 = EDGE_LOOP('',(#10234,#10235,#10236,#10237));
#10234 = ORIENTED_EDGE('',*,*,#9462,.F.);
#10235 = ORIENTED_EDGE('',*,*,#9479,.T.);
#10236 = ORIENTED_EDGE('',*,*,#9407,.T.);
#10237 = ORIENTED_EDGE('',*,*,#9438,.F.);
#10238 = PLANE('',#10239);
#10239 = AXIS2_PLACEMENT_3D('',#10240,#10241,#10242);
#10240 = CARTESIAN_POINT('',(20.32,0.32,-3.4));
#10241 = DIRECTION('',(0.,0.,1.));
#10242 = DIRECTION('',(-1.224646799147E-16,-1.,0.));
#10243 = ADVANCED_FACE('',(#10244),#10250,.F.);
#10244 = FACE_BOUND('',#10245,.F.);
#10245 = EDGE_LOOP('',(#10246,#10247,#10248,#10249));
#10246 = ORIENTED_EDGE('',*,*,#9503,.F.);
#10247 = ORIENTED_EDGE('',*,*,#9527,.T.);
#10248 = ORIENTED_EDGE('',*,*,#9551,.T.);
#10249 = ORIENTED_EDGE('',*,*,#9575,.F.);
#10250 = PLANE('',#10251);
#10251 = AXIS2_PLACEMENT_3D('',#10252,#10253,#10254);
#10252 = CARTESIAN_POINT('',(22.82,0.32,-3.4));
#10253 = DIRECTION('',(0.,0.,1.));
#10254 = DIRECTION('',(-1.224646799147E-16,-1.,0.));
#10255 = ADVANCED_FACE('',(#10256),#10262,.F.);
#10256 = FACE_BOUND('',#10257,.F.);
#10257 = EDGE_LOOP('',(#10258,#10259,#10260,#10261));
#10258 = ORIENTED_EDGE('',*,*,#9654,.F.);
#10259 = ORIENTED_EDGE('',*,*,#9671,.T.);
#10260 = ORIENTED_EDGE('',*,*,#9599,.T.);
#10261 = ORIENTED_EDGE('',*,*,#9630,.F.);
#10262 = PLANE('',#10263);
#10263 = AXIS2_PLACEMENT_3D('',#10264,#10265,#10266);
#10264 = CARTESIAN_POINT('',(25.32,0.32,-3.4));
#10265 = DIRECTION('',(0.,0.,1.));
#10266 = DIRECTION('',(-1.224646799147E-16,-1.,0.));
#10267 = ADVANCED_FACE('',(#10268),#10274,.F.);
#10268 = FACE_BOUND('',#10269,.F.);
#10269 = EDGE_LOOP('',(#10270,#10271,#10272,#10273));
#10270 = ORIENTED_EDGE('',*,*,#9750,.F.);
#10271 = ORIENTED_EDGE('',*,*,#9767,.T.);
#10272 = ORIENTED_EDGE('',*,*,#9695,.T.);
#10273 = ORIENTED_EDGE('',*,*,#9726,.F.);
#10274 = PLANE('',#10275);
#10275 = AXIS2_PLACEMENT_3D('',#10276,#10277,#10278);
#10276 = CARTESIAN_POINT('',(27.82,0.32,-3.4));
#10277 = DIRECTION('',(0.,0.,1.));
#10278 = DIRECTION('',(-1.224646799147E-16,-1.,0.));
#10279 = ADVANCED_FACE('',(#10280),#10291,.T.);
#10280 = FACE_BOUND('',#10281,.T.);
#10281 = EDGE_LOOP('',(#10282,#10283,#10289,#10290));
#10282 = ORIENTED_EDGE('',*,*,#9927,.F.);
#10283 = ORIENTED_EDGE('',*,*,#10284,.T.);
#10284 = EDGE_CURVE('',#9928,#9784,#10285,.T.);
#10285 = LINE('',#10286,#10287);
#10286 = CARTESIAN_POINT('',(30.32,0.12,-3.4));
#10287 = VECTOR('',#10288,1.);
#10288 = DIRECTION('',(-1.,1.224646799147E-16,0.));
#10289 = ORIENTED_EDGE('',*,*,#9783,.T.);
#10290 = ORIENTED_EDGE('',*,*,#9839,.F.);
#10291 = PLANE('',#10292);
#10292 = AXIS2_PLACEMENT_3D('',#10293,#10294,#10295);
#10293 = CARTESIAN_POINT('',(30.32,0.235596257347,-3.301223703467));
#10294 = DIRECTION('',(8.302774088379E-17,0.64962967394,-0.760250805153)
  );
#10295 = DIRECTION('',(-1.,1.247195775152E-16,-2.638869166629E-18));
#10296 = ADVANCED_FACE('',(#10297),#10308,.F.);
#10297 = FACE_BOUND('',#10298,.F.);
#10298 = EDGE_LOOP('',(#10299,#10300,#10306,#10307));
#10299 = ORIENTED_EDGE('',*,*,#9793,.T.);
#10300 = ORIENTED_EDGE('',*,*,#10301,.F.);
#10301 = EDGE_CURVE('',#9917,#9794,#10302,.T.);
#10302 = LINE('',#10303,#10304);
#10303 = CARTESIAN_POINT('',(30.32,-0.12,-3.4));
#10304 = VECTOR('',#10305,1.);
#10305 = DIRECTION('',(-1.,1.224646799147E-16,0.));
#10306 = ORIENTED_EDGE('',*,*,#9935,.F.);
#10307 = ORIENTED_EDGE('',*,*,#10284,.T.);
#10308 = PLANE('',#10309);
#10309 = AXIS2_PLACEMENT_3D('',#10310,#10311,#10312);
#10310 = CARTESIAN_POINT('',(30.32,0.32,-3.4));
#10311 = DIRECTION('',(0.,0.,1.));
#10312 = DIRECTION('',(-1.224646799147E-16,-1.,0.));
#10313 = ADVANCED_FACE('',(#10314),#10320,.T.);
#10314 = FACE_BOUND('',#10315,.F.);
#10315 = EDGE_LOOP('',(#10316,#10317,#10318,#10319));
#10316 = ORIENTED_EDGE('',*,*,#9916,.F.);
#10317 = ORIENTED_EDGE('',*,*,#10301,.T.);
#10318 = ORIENTED_EDGE('',*,*,#9801,.T.);
#10319 = ORIENTED_EDGE('',*,*,#9899,.F.);
#10320 = PLANE('',#10321);
#10321 = AXIS2_PLACEMENT_3D('',#10322,#10323,#10324);
#10322 = CARTESIAN_POINT('',(30.32,-0.204403742653,-3.301223703467));
#10323 = DIRECTION('',(-9.310387150808E-17,-0.760250805153,
    -0.64962967394));
#10324 = DIRECTION('',(1.,-1.224646799148E-16,-5.515863360725E-29));
#10325 = ( GEOMETRIC_REPRESENTATION_CONTEXT(3) 
GLOBAL_UNCERTAINTY_ASSIGNED_CONTEXT((#10329)) 
GLOBAL_UNIT_ASSIGNED_CONTEXT((#10326,#10327,#10328)) 
REPRESENTATION_CONTEXT('Context #1',
  '3D Context with UNIT and UNCERTAINTY') );
#10326 = ( LENGTH_UNIT() NAMED_UNIT(*) SI_UNIT(.MILLI.,.METRE.) );
#10327 = ( NAMED_UNIT(*) PLANE_ANGLE_UNIT() SI_UNIT($,.RADIAN.) );
#10328 = ( NAMED_UNIT(*) SI_UNIT($,.STERADIAN.) SOLID_ANGLE_UNIT() );
#10329 = UNCERTAINTY_MEASURE_WITH_UNIT(LENGTH_MEASURE(1.E-07),#10326,
  'distance_accuracy_value','confusion accuracy');
#10330 = CONTEXT_DEPENDENT_SHAPE_REPRESENTATION(#10331,#10333);
#10331 = ( REPRESENTATION_RELATIONSHIP('','',#63,#40) 
REPRESENTATION_RELATIONSHIP_WITH_TRANSFORMATION(#10332) 
SHAPE_REPRESENTATION_RELATIONSHIP() );
#10332 = ITEM_DEFINED_TRANSFORMATION('','',#11,#41);
#10333 = PRODUCT_DEFINITION_SHAPE('Placement','Placement of an item',
  #10334);
#10334 = NEXT_ASSEMBLY_USAGE_OCCURRENCE('1','=>[0:1:1:3]','',#35,#58,$);
#10335 = PRODUCT_RELATED_PRODUCT_CATEGORY('part',$,(#60));
#10336 = SHAPE_DEFINITION_REPRESENTATION(#10337,#10343);
#10337 = PRODUCT_DEFINITION_SHAPE('','',#10338);
#10338 = PRODUCT_DEFINITION('design','',#10339,#10342);
#10339 = PRODUCT_DEFINITION_FORMATION('','',#10340);
#10340 = PRODUCT(
'electronic_connector_jst_xh_2_5_mm_pitch_through_hole_13_pin_jst_b13b_
xh_a_render_pad',
'electronic_connector_jst_xh_2_5_mm_pitch_through_hole_13_pin_jst_b13b_
xh_a_render_pad','',(#10341));
#10341 = PRODUCT_CONTEXT('',#2,'mechanical');
#10342 = PRODUCT_DEFINITION_CONTEXT('part definition',#2,'design');
#10343 = SHAPE_REPRESENTATION('',(#11,#10344,#10673,#11002,#11094,#11287
    ,#11480,#11572,#11765,#11958,#12050,#12243,#12436,#12528,#12721,
    #12914,#13006,#13199,#13392,#13484,#13677,#13870,#13962,#14155,
    #14348,#14440,#14633,#14826,#14918,#15111,#15304,#15396,#15589,
    #15782,#15874,#16067,#16260,#16352,#16545,#16738),#16830);
#10344 = MANIFOLD_SOLID_BREP('',#10345);
#10345 = CLOSED_SHELL('',(#10346,#10388,#10419,#10450,#10513,#10576,
    #10593,#10610,#10627,#10644,#10656));
#10346 = ADVANCED_FACE('',(#10347),#10383,.T.);
#10347 = FACE_BOUND('',#10348,.T.);
#10348 = EDGE_LOOP('',(#10349,#10359,#10368,#10376));
#10349 = ORIENTED_EDGE('',*,*,#10350,.T.);
#10350 = EDGE_CURVE('',#10351,#10353,#10355,.T.);
#10351 = VERTEX_POINT('',#10352);
#10352 = CARTESIAN_POINT('',(-0.85,0.725,1.51));
#10353 = VERTEX_POINT('',#10354);
#10354 = CARTESIAN_POINT('',(-0.85,0.725,1.55));
#10355 = LINE('',#10356,#10357);
#10356 = CARTESIAN_POINT('',(-0.85,0.725,1.51));
#10357 = VECTOR('',#10358,1.);
#10358 = DIRECTION('',(0.,0.,1.));
#10359 = ORIENTED_EDGE('',*,*,#10360,.T.);
#10360 = EDGE_CURVE('',#10353,#10361,#10363,.T.);
#10361 = VERTEX_POINT('',#10362);
#10362 = CARTESIAN_POINT('',(-0.6,0.975,1.55));
#10363 = CIRCLE('',#10364,0.249998959685);
#10364 = AXIS2_PLACEMENT_3D('',#10365,#10366,#10367);
#10365 = CARTESIAN_POINT('',(-0.600001040317,0.725001040317,1.55));
#10366 = DIRECTION('',(0.,0.,-1.));
#10367 = DIRECTION('',(-0.999999999991,-4.161285834402E-06,-0.));
#10368 = ORIENTED_EDGE('',*,*,#10369,.F.);
#10369 = EDGE_CURVE('',#10370,#10361,#10372,.T.);
#10370 = VERTEX_POINT('',#10371);
#10371 = CARTESIAN_POINT('',(-0.6,0.975,1.51));
#10372 = LINE('',#10373,#10374);
#10373 = CARTESIAN_POINT('',(-0.6,0.975,1.51));
#10374 = VECTOR('',#10375,1.);
#10375 = DIRECTION('',(0.,0.,1.));
#10376 = ORIENTED_EDGE('',*,*,#10377,.F.);
#10377 = EDGE_CURVE('',#10351,#10370,#10378,.T.);
#10378 = CIRCLE('',#10379,0.249998959685);
#10379 = AXIS2_PLACEMENT_3D('',#10380,#10381,#10382);
#10380 = CARTESIAN_POINT('',(-0.600001040317,0.725001040317,1.51));
#10381 = DIRECTION('',(0.,0.,-1.));
#10382 = DIRECTION('',(-0.999999999991,-4.161285834402E-06,-0.));
#10383 = CYLINDRICAL_SURFACE('',#10384,0.249998959685);
#10384 = AXIS2_PLACEMENT_3D('',#10385,#10386,#10387);
#10385 = CARTESIAN_POINT('',(-0.600001040317,0.725001040317,1.51));
#10386 = DIRECTION('',(0.,0.,-1.));
#10387 = DIRECTION('',(-0.999999999991,-4.161285834402E-06,-0.));
#10388 = ADVANCED_FACE('',(#10389),#10414,.T.);
#10389 = FACE_BOUND('',#10390,.T.);
#10390 = EDGE_LOOP('',(#10391,#10401,#10407,#10408));
#10391 = ORIENTED_EDGE('',*,*,#10392,.T.);
#10392 = EDGE_CURVE('',#10393,#10395,#10397,.T.);
#10393 = VERTEX_POINT('',#10394);
#10394 = CARTESIAN_POINT('',(-0.85,-0.725,1.51));
#10395 = VERTEX_POINT('',#10396);
#10396 = CARTESIAN_POINT('',(-0.85,-0.725,1.55));
#10397 = LINE('',#10398,#10399);
#10398 = CARTESIAN_POINT('',(-0.85,-0.725,1.51));
#10399 = VECTOR('',#10400,1.);
#10400 = DIRECTION('',(0.,0.,1.));
#10401 = ORIENTED_EDGE('',*,*,#10402,.T.);
#10402 = EDGE_CURVE('',#10395,#10353,#10403,.T.);
#10403 = LINE('',#10404,#10405);
#10404 = CARTESIAN_POINT('',(-0.85,-0.725,1.55));
#10405 = VECTOR('',#10406,1.);
#10406 = DIRECTION('',(0.,1.,0.));
#10407 = ORIENTED_EDGE('',*,*,#10350,.F.);
#10408 = ORIENTED_EDGE('',*,*,#10409,.F.);
#10409 = EDGE_CURVE('',#10393,#10351,#10410,.T.);
#10410 = LINE('',#10411,#10412);
#10411 = CARTESIAN_POINT('',(-0.85,-0.725,1.51));
#10412 = VECTOR('',#10413,1.);
#10413 = DIRECTION('',(0.,1.,0.));
#10414 = PLANE('',#10415);
#10415 = AXIS2_PLACEMENT_3D('',#10416,#10417,#10418);
#10416 = CARTESIAN_POINT('',(-0.85,-0.725,1.51));
#10417 = DIRECTION('',(-1.,0.,0.));
#10418 = DIRECTION('',(0.,1.,0.));
#10419 = ADVANCED_FACE('',(#10420),#10445,.T.);
#10420 = FACE_BOUND('',#10421,.T.);
#10421 = EDGE_LOOP('',(#10422,#10423,#10431,#10439));
#10422 = ORIENTED_EDGE('',*,*,#10369,.T.);
#10423 = ORIENTED_EDGE('',*,*,#10424,.T.);
#10424 = EDGE_CURVE('',#10361,#10425,#10427,.T.);
#10425 = VERTEX_POINT('',#10426);
#10426 = CARTESIAN_POINT('',(0.6,0.975,1.55));
#10427 = LINE('',#10428,#10429);
#10428 = CARTESIAN_POINT('',(-0.6,0.975,1.55));
#10429 = VECTOR('',#10430,1.);
#10430 = DIRECTION('',(1.,0.,0.));
#10431 = ORIENTED_EDGE('',*,*,#10432,.F.);
#10432 = EDGE_CURVE('',#10433,#10425,#10435,.T.);
#10433 = VERTEX_POINT('',#10434);
#10434 = CARTESIAN_POINT('',(0.6,0.975,1.51));
#10435 = LINE('',#10436,#10437);
#10436 = CARTESIAN_POINT('',(0.6,0.975,1.51));
#10437 = VECTOR('',#10438,1.);
#10438 = DIRECTION('',(0.,0.,1.));
#10439 = ORIENTED_EDGE('',*,*,#10440,.F.);
#10440 = EDGE_CURVE('',#10370,#10433,#10441,.T.);
#10441 = LINE('',#10442,#10443);
#10442 = CARTESIAN_POINT('',(-0.6,0.975,1.51));
#10443 = VECTOR('',#10444,1.);
#10444 = DIRECTION('',(1.,0.,0.));
#10445 = PLANE('',#10446);
#10446 = AXIS2_PLACEMENT_3D('',#10447,#10448,#10449);
#10447 = CARTESIAN_POINT('',(-0.6,0.975,1.51));
#10448 = DIRECTION('',(0.,1.,0.));
#10449 = DIRECTION('',(1.,0.,0.));
#10450 = ADVANCED_FACE('',(#10451,#10497),#10508,.F.);
#10451 = FACE_BOUND('',#10452,.F.);
#10452 = EDGE_LOOP('',(#10453,#10454,#10455,#10464,#10472,#10481,#10489,
    #10496));
#10453 = ORIENTED_EDGE('',*,*,#10377,.F.);
#10454 = ORIENTED_EDGE('',*,*,#10409,.F.);
#10455 = ORIENTED_EDGE('',*,*,#10456,.F.);
#10456 = EDGE_CURVE('',#10457,#10393,#10459,.T.);
#10457 = VERTEX_POINT('',#10458);
#10458 = CARTESIAN_POINT('',(-0.6,-0.975,1.51));
#10459 = CIRCLE('',#10460,0.249998959685);
#10460 = AXIS2_PLACEMENT_3D('',#10461,#10462,#10463);
#10461 = CARTESIAN_POINT('',(-0.600001040317,-0.725001040317,1.51));
#10462 = DIRECTION('',(0.,0.,-1.));
#10463 = DIRECTION('',(4.161285834402E-06,-0.999999999991,0.));
#10464 = ORIENTED_EDGE('',*,*,#10465,.F.);
#10465 = EDGE_CURVE('',#10466,#10457,#10468,.T.);
#10466 = VERTEX_POINT('',#10467);
#10467 = CARTESIAN_POINT('',(0.6,-0.975,1.51));
#10468 = LINE('',#10469,#10470);
#10469 = CARTESIAN_POINT('',(0.6,-0.975,1.51));
#10470 = VECTOR('',#10471,1.);
#10471 = DIRECTION('',(-1.,0.,0.));
#10472 = ORIENTED_EDGE('',*,*,#10473,.F.);
#10473 = EDGE_CURVE('',#10474,#10466,#10476,.T.);
#10474 = VERTEX_POINT('',#10475);
#10475 = CARTESIAN_POINT('',(0.85,-0.725,1.51));
#10476 = CIRCLE('',#10477,0.249998959685);
#10477 = AXIS2_PLACEMENT_3D('',#10478,#10479,#10480);
#10478 = CARTESIAN_POINT('',(0.600001040317,-0.725001040317,1.51));
#10479 = DIRECTION('',(0.,0.,-1.));
#10480 = DIRECTION('',(0.999999999991,4.161285834402E-06,0.));
#10481 = ORIENTED_EDGE('',*,*,#10482,.F.);
#10482 = EDGE_CURVE('',#10483,#10474,#10485,.T.);
#10483 = VERTEX_POINT('',#10484);
#10484 = CARTESIAN_POINT('',(0.85,0.725,1.51));
#10485 = LINE('',#10486,#10487);
#10486 = CARTESIAN_POINT('',(0.85,0.725,1.51));
#10487 = VECTOR('',#10488,1.);
#10488 = DIRECTION('',(0.,-1.,0.));
#10489 = ORIENTED_EDGE('',*,*,#10490,.F.);
#10490 = EDGE_CURVE('',#10433,#10483,#10491,.T.);
#10491 = CIRCLE('',#10492,0.249998959685);
#10492 = AXIS2_PLACEMENT_3D('',#10493,#10494,#10495);
#10493 = CARTESIAN_POINT('',(0.600001040317,0.725001040317,1.51));
#10494 = DIRECTION('',(0.,0.,-1.));
#10495 = DIRECTION('',(-4.161285834402E-06,0.999999999991,0.));
#10496 = ORIENTED_EDGE('',*,*,#10440,.F.);
#10497 = FACE_BOUND('',#10498,.F.);
#10498 = EDGE_LOOP('',(#10499));
#10499 = ORIENTED_EDGE('',*,*,#10500,.T.);
#10500 = EDGE_CURVE('',#10501,#10501,#10503,.T.);
#10501 = VERTEX_POINT('',#10502);
#10502 = CARTESIAN_POINT('',(0.,-0.45,1.51));
#10503 = CIRCLE('',#10504,0.45);
#10504 = AXIS2_PLACEMENT_3D('',#10505,#10506,#10507);
#10505 = CARTESIAN_POINT('',(-4.163336342344E-17,6.938893903907E-17,1.51
    ));
#10506 = DIRECTION('',(-0.,0.,-1.));
#10507 = DIRECTION('',(9.251858538543E-17,-1.,-0.));
#10508 = PLANE('',#10509);
#10509 = AXIS2_PLACEMENT_3D('',#10510,#10511,#10512);
#10510 = CARTESIAN_POINT('',(0.,0.,1.51));
#10511 = DIRECTION('',(0.,0.,1.));
#10512 = DIRECTION('',(1.,0.,-0.));
#10513 = ADVANCED_FACE('',(#10514,#10560),#10571,.T.);
#10514 = FACE_BOUND('',#10515,.T.);
#10515 = EDGE_LOOP('',(#10516,#10517,#10518,#10527,#10535,#10544,#10552,
    #10559));
#10516 = ORIENTED_EDGE('',*,*,#10360,.F.);
#10517 = ORIENTED_EDGE('',*,*,#10402,.F.);
#10518 = ORIENTED_EDGE('',*,*,#10519,.F.);
#10519 = EDGE_CURVE('',#10520,#10395,#10522,.T.);
#10520 = VERTEX_POINT('',#10521);
#10521 = CARTESIAN_POINT('',(-0.6,-0.975,1.55));
#10522 = CIRCLE('',#10523,0.249998959685);
#10523 = AXIS2_PLACEMENT_3D('',#10524,#10525,#10526);
#10524 = CARTESIAN_POINT('',(-0.600001040317,-0.725001040317,1.55));
#10525 = DIRECTION('',(0.,0.,-1.));
#10526 = DIRECTION('',(4.161285834402E-06,-0.999999999991,0.));
#10527 = ORIENTED_EDGE('',*,*,#10528,.F.);
#10528 = EDGE_CURVE('',#10529,#10520,#10531,.T.);
#10529 = VERTEX_POINT('',#10530);
#10530 = CARTESIAN_POINT('',(0.6,-0.975,1.55));
#10531 = LINE('',#10532,#10533);
#10532 = CARTESIAN_POINT('',(0.6,-0.975,1.55));
#10533 = VECTOR('',#10534,1.);
#10534 = DIRECTION('',(-1.,0.,0.));
#10535 = ORIENTED_EDGE('',*,*,#10536,.F.);
#10536 = EDGE_CURVE('',#10537,#10529,#10539,.T.);
#10537 = VERTEX_POINT('',#10538);
#10538 = CARTESIAN_POINT('',(0.85,-0.725,1.55));
#10539 = CIRCLE('',#10540,0.249998959685);
#10540 = AXIS2_PLACEMENT_3D('',#10541,#10542,#10543);
#10541 = CARTESIAN_POINT('',(0.600001040317,-0.725001040317,1.55));
#10542 = DIRECTION('',(0.,0.,-1.));
#10543 = DIRECTION('',(0.999999999991,4.161285834402E-06,0.));
#10544 = ORIENTED_EDGE('',*,*,#10545,.F.);
#10545 = EDGE_CURVE('',#10546,#10537,#10548,.T.);
#10546 = VERTEX_POINT('',#10547);
#10547 = CARTESIAN_POINT('',(0.85,0.725,1.55));
#10548 = LINE('',#10549,#10550);
#10549 = CARTESIAN_POINT('',(0.85,0.725,1.55));
#10550 = VECTOR('',#10551,1.);
#10551 = DIRECTION('',(0.,-1.,0.));
#10552 = ORIENTED_EDGE('',*,*,#10553,.F.);
#10553 = EDGE_CURVE('',#10425,#10546,#10554,.T.);
#10554 = CIRCLE('',#10555,0.249998959685);
#10555 = AXIS2_PLACEMENT_3D('',#10556,#10557,#10558);
#10556 = CARTESIAN_POINT('',(0.600001040317,0.725001040317,1.55));
#10557 = DIRECTION('',(0.,0.,-1.));
#10558 = DIRECTION('',(-4.161285834402E-06,0.999999999991,0.));
#10559 = ORIENTED_EDGE('',*,*,#10424,.F.);
#10560 = FACE_BOUND('',#10561,.T.);
#10561 = EDGE_LOOP('',(#10562));
#10562 = ORIENTED_EDGE('',*,*,#10563,.T.);
#10563 = EDGE_CURVE('',#10564,#10564,#10566,.T.);
#10564 = VERTEX_POINT('',#10565);
#10565 = CARTESIAN_POINT('',(0.,-0.45,1.55));
#10566 = CIRCLE('',#10567,0.45);
#10567 = AXIS2_PLACEMENT_3D('',#10568,#10569,#10570);
#10568 = CARTESIAN_POINT('',(-4.163336342344E-17,6.938893903907E-17,1.55
    ));
#10569 = DIRECTION('',(-0.,0.,-1.));
#10570 = DIRECTION('',(9.251858538543E-17,-1.,-0.));
#10571 = PLANE('',#10572);
#10572 = AXIS2_PLACEMENT_3D('',#10573,#10574,#10575);
#10573 = CARTESIAN_POINT('',(0.,0.,1.55));
#10574 = DIRECTION('',(0.,0.,1.));
#10575 = DIRECTION('',(1.,0.,-0.));
#10576 = ADVANCED_FACE('',(#10577),#10588,.T.);
#10577 = FACE_BOUND('',#10578,.T.);
#10578 = EDGE_LOOP('',(#10579,#10585,#10586,#10587));
#10579 = ORIENTED_EDGE('',*,*,#10580,.T.);
#10580 = EDGE_CURVE('',#10457,#10520,#10581,.T.);
#10581 = LINE('',#10582,#10583);
#10582 = CARTESIAN_POINT('',(-0.6,-0.975,1.51));
#10583 = VECTOR('',#10584,1.);
#10584 = DIRECTION('',(0.,0.,1.));
#10585 = ORIENTED_EDGE('',*,*,#10519,.T.);
#10586 = ORIENTED_EDGE('',*,*,#10392,.F.);
#10587 = ORIENTED_EDGE('',*,*,#10456,.F.);
#10588 = CYLINDRICAL_SURFACE('',#10589,0.249998959685);
#10589 = AXIS2_PLACEMENT_3D('',#10590,#10591,#10592);
#10590 = CARTESIAN_POINT('',(-0.600001040317,-0.725001040317,1.51));
#10591 = DIRECTION('',(0.,0.,-1.));
#10592 = DIRECTION('',(4.161285834402E-06,-0.999999999991,0.));
#10593 = ADVANCED_FACE('',(#10594),#10605,.T.);
#10594 = FACE_BOUND('',#10595,.T.);
#10595 = EDGE_LOOP('',(#10596,#10597,#10598,#10604));
#10596 = ORIENTED_EDGE('',*,*,#10432,.T.);
#10597 = ORIENTED_EDGE('',*,*,#10553,.T.);
#10598 = ORIENTED_EDGE('',*,*,#10599,.F.);
#10599 = EDGE_CURVE('',#10483,#10546,#10600,.T.);
#10600 = LINE('',#10601,#10602);
#10601 = CARTESIAN_POINT('',(0.85,0.725,1.51));
#10602 = VECTOR('',#10603,1.);
#10603 = DIRECTION('',(0.,0.,1.));
#10604 = ORIENTED_EDGE('',*,*,#10490,.F.);
#10605 = CYLINDRICAL_SURFACE('',#10606,0.249998959685);
#10606 = AXIS2_PLACEMENT_3D('',#10607,#10608,#10609);
#10607 = CARTESIAN_POINT('',(0.600001040317,0.725001040317,1.51));
#10608 = DIRECTION('',(0.,0.,-1.));
#10609 = DIRECTION('',(-4.161285834402E-06,0.999999999991,0.));
#10610 = ADVANCED_FACE('',(#10611),#10622,.T.);
#10611 = FACE_BOUND('',#10612,.T.);
#10612 = EDGE_LOOP('',(#10613,#10619,#10620,#10621));
#10613 = ORIENTED_EDGE('',*,*,#10614,.T.);
#10614 = EDGE_CURVE('',#10466,#10529,#10615,.T.);
#10615 = LINE('',#10616,#10617);
#10616 = CARTESIAN_POINT('',(0.6,-0.975,1.51));
#10617 = VECTOR('',#10618,1.);
#10618 = DIRECTION('',(0.,0.,1.));
#10619 = ORIENTED_EDGE('',*,*,#10528,.T.);
#10620 = ORIENTED_EDGE('',*,*,#10580,.F.);
#10621 = ORIENTED_EDGE('',*,*,#10465,.F.);
#10622 = PLANE('',#10623);
#10623 = AXIS2_PLACEMENT_3D('',#10624,#10625,#10626);
#10624 = CARTESIAN_POINT('',(0.6,-0.975,1.51));
#10625 = DIRECTION('',(0.,-1.,0.));
#10626 = DIRECTION('',(-1.,0.,0.));
#10627 = ADVANCED_FACE('',(#10628),#10639,.T.);
#10628 = FACE_BOUND('',#10629,.T.);
#10629 = EDGE_LOOP('',(#10630,#10631,#10632,#10638));
#10630 = ORIENTED_EDGE('',*,*,#10599,.T.);
#10631 = ORIENTED_EDGE('',*,*,#10545,.T.);
#10632 = ORIENTED_EDGE('',*,*,#10633,.F.);
#10633 = EDGE_CURVE('',#10474,#10537,#10634,.T.);
#10634 = LINE('',#10635,#10636);
#10635 = CARTESIAN_POINT('',(0.85,-0.725,1.51));
#10636 = VECTOR('',#10637,1.);
#10637 = DIRECTION('',(0.,0.,1.));
#10638 = ORIENTED_EDGE('',*,*,#10482,.F.);
#10639 = PLANE('',#10640);
#10640 = AXIS2_PLACEMENT_3D('',#10641,#10642,#10643);
#10641 = CARTESIAN_POINT('',(0.85,0.725,1.51));
#10642 = DIRECTION('',(1.,0.,-0.));
#10643 = DIRECTION('',(0.,-1.,0.));
#10644 = ADVANCED_FACE('',(#10645),#10651,.T.);
#10645 = FACE_BOUND('',#10646,.T.);
#10646 = EDGE_LOOP('',(#10647,#10648,#10649,#10650));
#10647 = ORIENTED_EDGE('',*,*,#10633,.T.);
#10648 = ORIENTED_EDGE('',*,*,#10536,.T.);
#10649 = ORIENTED_EDGE('',*,*,#10614,.F.);
#10650 = ORIENTED_EDGE('',*,*,#10473,.F.);
#10651 = CYLINDRICAL_SURFACE('',#10652,0.249998959685);
#10652 = AXIS2_PLACEMENT_3D('',#10653,#10654,#10655);
#10653 = CARTESIAN_POINT('',(0.600001040317,-0.725001040317,1.51));
#10654 = DIRECTION('',(0.,0.,-1.));
#10655 = DIRECTION('',(0.999999999991,4.161285834402E-06,0.));
#10656 = ADVANCED_FACE('',(#10657),#10668,.F.);
#10657 = FACE_BOUND('',#10658,.T.);
#10658 = EDGE_LOOP('',(#10659,#10660,#10666,#10667));
#10659 = ORIENTED_EDGE('',*,*,#10500,.T.);
#10660 = ORIENTED_EDGE('',*,*,#10661,.T.);
#10661 = EDGE_CURVE('',#10501,#10564,#10662,.T.);
#10662 = LINE('',#10663,#10664);
#10663 = CARTESIAN_POINT('',(0.,-0.45,-4.6E-02));
#10664 = VECTOR('',#10665,1.);
#10665 = DIRECTION('',(0.,0.,1.));
#10666 = ORIENTED_EDGE('',*,*,#10563,.F.);
#10667 = ORIENTED_EDGE('',*,*,#10661,.F.);
#10668 = CYLINDRICAL_SURFACE('',#10669,0.45);
#10669 = AXIS2_PLACEMENT_3D('',#10670,#10671,#10672);
#10670 = CARTESIAN_POINT('',(-4.163336342344E-17,6.938893903907E-17,
    -4.6E-02));
#10671 = DIRECTION('',(-0.,0.,-1.));
#10672 = DIRECTION('',(9.251858538543E-17,-1.,-0.));
#10673 = MANIFOLD_SOLID_BREP('',#10674);
#10674 = CLOSED_SHELL('',(#10675,#10717,#10748,#10779,#10842,#10905,
    #10922,#10939,#10956,#10973,#10985));
#10675 = ADVANCED_FACE('',(#10676),#10712,.T.);
#10676 = FACE_BOUND('',#10677,.F.);
#10677 = EDGE_LOOP('',(#10678,#10688,#10697,#10705));
#10678 = ORIENTED_EDGE('',*,*,#10679,.T.);
#10679 = EDGE_CURVE('',#10680,#10682,#10684,.T.);
#10680 = VERTEX_POINT('',#10681);
#10681 = CARTESIAN_POINT('',(-0.85,0.725,0.));
#10682 = VERTEX_POINT('',#10683);
#10683 = CARTESIAN_POINT('',(-0.85,0.725,-4.E-02));
#10684 = LINE('',#10685,#10686);
#10685 = CARTESIAN_POINT('',(-0.85,0.725,0.));
#10686 = VECTOR('',#10687,1.);
#10687 = DIRECTION('',(0.,0.,-1.));
#10688 = ORIENTED_EDGE('',*,*,#10689,.T.);
#10689 = EDGE_CURVE('',#10682,#10690,#10692,.T.);
#10690 = VERTEX_POINT('',#10691);
#10691 = CARTESIAN_POINT('',(-0.6,0.975,-4.E-02));
#10692 = CIRCLE('',#10693,0.249998959685);
#10693 = AXIS2_PLACEMENT_3D('',#10694,#10695,#10696);
#10694 = CARTESIAN_POINT('',(-0.600001040317,0.725001040317,-4.E-02));
#10695 = DIRECTION('',(0.,0.,-1.));
#10696 = DIRECTION('',(-0.999999999991,-4.161285834402E-06,-0.));
#10697 = ORIENTED_EDGE('',*,*,#10698,.F.);
#10698 = EDGE_CURVE('',#10699,#10690,#10701,.T.);
#10699 = VERTEX_POINT('',#10700);
#10700 = CARTESIAN_POINT('',(-0.6,0.975,0.));
#10701 = LINE('',#10702,#10703);
#10702 = CARTESIAN_POINT('',(-0.6,0.975,0.));
#10703 = VECTOR('',#10704,1.);
#10704 = DIRECTION('',(0.,0.,-1.));
#10705 = ORIENTED_EDGE('',*,*,#10706,.F.);
#10706 = EDGE_CURVE('',#10680,#10699,#10707,.T.);
#10707 = CIRCLE('',#10708,0.249998959685);
#10708 = AXIS2_PLACEMENT_3D('',#10709,#10710,#10711);
#10709 = CARTESIAN_POINT('',(-0.600001040317,0.725001040317,0.));
#10710 = DIRECTION('',(0.,0.,-1.));
#10711 = DIRECTION('',(-0.999999999991,-4.161285834402E-06,-0.));
#10712 = CYLINDRICAL_SURFACE('',#10713,0.249998959685);
#10713 = AXIS2_PLACEMENT_3D('',#10714,#10715,#10716);
#10714 = CARTESIAN_POINT('',(-0.600001040317,0.725001040317,0.));
#10715 = DIRECTION('',(-0.,-0.,1.));
#10716 = DIRECTION('',(-0.999999999991,-4.161285834402E-06,-0.));
#10717 = ADVANCED_FACE('',(#10718),#10743,.F.);
#10718 = FACE_BOUND('',#10719,.F.);
#10719 = EDGE_LOOP('',(#10720,#10730,#10736,#10737));
#10720 = ORIENTED_EDGE('',*,*,#10721,.T.);
#10721 = EDGE_CURVE('',#10722,#10724,#10726,.T.);
#10722 = VERTEX_POINT('',#10723);
#10723 = CARTESIAN_POINT('',(-0.85,-0.725,0.));
#10724 = VERTEX_POINT('',#10725);
#10725 = CARTESIAN_POINT('',(-0.85,-0.725,-4.E-02));
#10726 = LINE('',#10727,#10728);
#10727 = CARTESIAN_POINT('',(-0.85,-0.725,0.));
#10728 = VECTOR('',#10729,1.);
#10729 = DIRECTION('',(0.,0.,-1.));
#10730 = ORIENTED_EDGE('',*,*,#10731,.T.);
#10731 = EDGE_CURVE('',#10724,#10682,#10732,.T.);
#10732 = LINE('',#10733,#10734);
#10733 = CARTESIAN_POINT('',(-0.85,-0.725,-4.E-02));
#10734 = VECTOR('',#10735,1.);
#10735 = DIRECTION('',(0.,1.,0.));
#10736 = ORIENTED_EDGE('',*,*,#10679,.F.);
#10737 = ORIENTED_EDGE('',*,*,#10738,.F.);
#10738 = EDGE_CURVE('',#10722,#10680,#10739,.T.);
#10739 = LINE('',#10740,#10741);
#10740 = CARTESIAN_POINT('',(-0.85,-0.725,0.));
#10741 = VECTOR('',#10742,1.);
#10742 = DIRECTION('',(0.,1.,0.));
#10743 = PLANE('',#10744);
#10744 = AXIS2_PLACEMENT_3D('',#10745,#10746,#10747);
#10745 = CARTESIAN_POINT('',(-0.85,-0.725,0.));
#10746 = DIRECTION('',(1.,-0.,0.));
#10747 = DIRECTION('',(0.,1.,0.));
#10748 = ADVANCED_FACE('',(#10749),#10774,.F.);
#10749 = FACE_BOUND('',#10750,.F.);
#10750 = EDGE_LOOP('',(#10751,#10752,#10760,#10768));
#10751 = ORIENTED_EDGE('',*,*,#10698,.T.);
#10752 = ORIENTED_EDGE('',*,*,#10753,.T.);
#10753 = EDGE_CURVE('',#10690,#10754,#10756,.T.);
#10754 = VERTEX_POINT('',#10755);
#10755 = CARTESIAN_POINT('',(0.6,0.975,-4.E-02));
#10756 = LINE('',#10757,#10758);
#10757 = CARTESIAN_POINT('',(-0.6,0.975,-4.E-02));
#10758 = VECTOR('',#10759,1.);
#10759 = DIRECTION('',(1.,0.,0.));
#10760 = ORIENTED_EDGE('',*,*,#10761,.F.);
#10761 = EDGE_CURVE('',#10762,#10754,#10764,.T.);
#10762 = VERTEX_POINT('',#10763);
#10763 = CARTESIAN_POINT('',(0.6,0.975,0.));
#10764 = LINE('',#10765,#10766);
#10765 = CARTESIAN_POINT('',(0.6,0.975,0.));
#10766 = VECTOR('',#10767,1.);
#10767 = DIRECTION('',(0.,0.,-1.));
#10768 = ORIENTED_EDGE('',*,*,#10769,.F.);
#10769 = EDGE_CURVE('',#10699,#10762,#10770,.T.);
#10770 = LINE('',#10771,#10772);
#10771 = CARTESIAN_POINT('',(-0.6,0.975,0.));
#10772 = VECTOR('',#10773,1.);
#10773 = DIRECTION('',(1.,0.,0.));
#10774 = PLANE('',#10775);
#10775 = AXIS2_PLACEMENT_3D('',#10776,#10777,#10778);
#10776 = CARTESIAN_POINT('',(-0.6,0.975,0.));
#10777 = DIRECTION('',(0.,-1.,0.));
#10778 = DIRECTION('',(1.,0.,0.));
#10779 = ADVANCED_FACE('',(#10780,#10826),#10837,.F.);
#10780 = FACE_BOUND('',#10781,.F.);
#10781 = EDGE_LOOP('',(#10782,#10783,#10784,#10793,#10801,#10810,#10818,
    #10825));
#10782 = ORIENTED_EDGE('',*,*,#10706,.T.);
#10783 = ORIENTED_EDGE('',*,*,#10769,.T.);
#10784 = ORIENTED_EDGE('',*,*,#10785,.T.);
#10785 = EDGE_CURVE('',#10762,#10786,#10788,.T.);
#10786 = VERTEX_POINT('',#10787);
#10787 = CARTESIAN_POINT('',(0.85,0.725,0.));
#10788 = CIRCLE('',#10789,0.249998959685);
#10789 = AXIS2_PLACEMENT_3D('',#10790,#10791,#10792);
#10790 = CARTESIAN_POINT('',(0.600001040317,0.725001040317,0.));
#10791 = DIRECTION('',(0.,0.,-1.));
#10792 = DIRECTION('',(-4.161285834402E-06,0.999999999991,0.));
#10793 = ORIENTED_EDGE('',*,*,#10794,.T.);
#10794 = EDGE_CURVE('',#10786,#10795,#10797,.T.);
#10795 = VERTEX_POINT('',#10796);
#10796 = CARTESIAN_POINT('',(0.85,-0.725,0.));
#10797 = LINE('',#10798,#10799);
#10798 = CARTESIAN_POINT('',(0.85,0.725,0.));
#10799 = VECTOR('',#10800,1.);
#10800 = DIRECTION('',(0.,-1.,0.));
#10801 = ORIENTED_EDGE('',*,*,#10802,.T.);
#10802 = EDGE_CURVE('',#10795,#10803,#10805,.T.);
#10803 = VERTEX_POINT('',#10804);
#10804 = CARTESIAN_POINT('',(0.6,-0.975,0.));
#10805 = CIRCLE('',#10806,0.249998959685);
#10806 = AXIS2_PLACEMENT_3D('',#10807,#10808,#10809);
#10807 = CARTESIAN_POINT('',(0.600001040317,-0.725001040317,0.));
#10808 = DIRECTION('',(0.,0.,-1.));
#10809 = DIRECTION('',(0.999999999991,4.161285834402E-06,0.));
#10810 = ORIENTED_EDGE('',*,*,#10811,.T.);
#10811 = EDGE_CURVE('',#10803,#10812,#10814,.T.);
#10812 = VERTEX_POINT('',#10813);
#10813 = CARTESIAN_POINT('',(-0.6,-0.975,0.));
#10814 = LINE('',#10815,#10816);
#10815 = CARTESIAN_POINT('',(0.6,-0.975,0.));
#10816 = VECTOR('',#10817,1.);
#10817 = DIRECTION('',(-1.,0.,0.));
#10818 = ORIENTED_EDGE('',*,*,#10819,.T.);
#10819 = EDGE_CURVE('',#10812,#10722,#10820,.T.);
#10820 = CIRCLE('',#10821,0.249998959685);
#10821 = AXIS2_PLACEMENT_3D('',#10822,#10823,#10824);
#10822 = CARTESIAN_POINT('',(-0.600001040317,-0.725001040317,0.));
#10823 = DIRECTION('',(0.,0.,-1.));
#10824 = DIRECTION('',(4.161285834402E-06,-0.999999999991,0.));
#10825 = ORIENTED_EDGE('',*,*,#10738,.T.);
#10826 = FACE_BOUND('',#10827,.F.);
#10827 = EDGE_LOOP('',(#10828));
#10828 = ORIENTED_EDGE('',*,*,#10829,.F.);
#10829 = EDGE_CURVE('',#10830,#10830,#10832,.T.);
#10830 = VERTEX_POINT('',#10831);
#10831 = CARTESIAN_POINT('',(0.,-0.45,0.));
#10832 = CIRCLE('',#10833,0.45);
#10833 = AXIS2_PLACEMENT_3D('',#10834,#10835,#10836);
#10834 = CARTESIAN_POINT('',(-4.163336342344E-17,6.938893903907E-17,0.)
  );
#10835 = DIRECTION('',(-0.,0.,-1.));
#10836 = DIRECTION('',(9.251858538543E-17,-1.,-0.));
#10837 = PLANE('',#10838);
#10838 = AXIS2_PLACEMENT_3D('',#10839,#10840,#10841);
#10839 = CARTESIAN_POINT('',(0.,0.,0.));
#10840 = DIRECTION('',(-0.,-0.,-1.));
#10841 = DIRECTION('',(-1.,0.,0.));
#10842 = ADVANCED_FACE('',(#10843,#10889),#10900,.T.);
#10843 = FACE_BOUND('',#10844,.T.);
#10844 = EDGE_LOOP('',(#10845,#10846,#10847,#10856,#10864,#10873,#10881,
    #10888));
#10845 = ORIENTED_EDGE('',*,*,#10689,.T.);
#10846 = ORIENTED_EDGE('',*,*,#10753,.T.);
#10847 = ORIENTED_EDGE('',*,*,#10848,.T.);
#10848 = EDGE_CURVE('',#10754,#10849,#10851,.T.);
#10849 = VERTEX_POINT('',#10850);
#10850 = CARTESIAN_POINT('',(0.85,0.725,-4.E-02));
#10851 = CIRCLE('',#10852,0.249998959685);
#10852 = AXIS2_PLACEMENT_3D('',#10853,#10854,#10855);
#10853 = CARTESIAN_POINT('',(0.600001040317,0.725001040317,-4.E-02));
#10854 = DIRECTION('',(0.,0.,-1.));
#10855 = DIRECTION('',(-4.161285834402E-06,0.999999999991,0.));
#10856 = ORIENTED_EDGE('',*,*,#10857,.T.);
#10857 = EDGE_CURVE('',#10849,#10858,#10860,.T.);
#10858 = VERTEX_POINT('',#10859);
#10859 = CARTESIAN_POINT('',(0.85,-0.725,-4.E-02));
#10860 = LINE('',#10861,#10862);
#10861 = CARTESIAN_POINT('',(0.85,0.725,-4.E-02));
#10862 = VECTOR('',#10863,1.);
#10863 = DIRECTION('',(0.,-1.,0.));
#10864 = ORIENTED_EDGE('',*,*,#10865,.T.);
#10865 = EDGE_CURVE('',#10858,#10866,#10868,.T.);
#10866 = VERTEX_POINT('',#10867);
#10867 = CARTESIAN_POINT('',(0.6,-0.975,-4.E-02));
#10868 = CIRCLE('',#10869,0.249998959685);
#10869 = AXIS2_PLACEMENT_3D('',#10870,#10871,#10872);
#10870 = CARTESIAN_POINT('',(0.600001040317,-0.725001040317,-4.E-02));
#10871 = DIRECTION('',(0.,0.,-1.));
#10872 = DIRECTION('',(0.999999999991,4.161285834402E-06,0.));
#10873 = ORIENTED_EDGE('',*,*,#10874,.T.);
#10874 = EDGE_CURVE('',#10866,#10875,#10877,.T.);
#10875 = VERTEX_POINT('',#10876);
#10876 = CARTESIAN_POINT('',(-0.6,-0.975,-4.E-02));
#10877 = LINE('',#10878,#10879);
#10878 = CARTESIAN_POINT('',(0.6,-0.975,-4.E-02));
#10879 = VECTOR('',#10880,1.);
#10880 = DIRECTION('',(-1.,0.,0.));
#10881 = ORIENTED_EDGE('',*,*,#10882,.T.);
#10882 = EDGE_CURVE('',#10875,#10724,#10883,.T.);
#10883 = CIRCLE('',#10884,0.249998959685);
#10884 = AXIS2_PLACEMENT_3D('',#10885,#10886,#10887);
#10885 = CARTESIAN_POINT('',(-0.600001040317,-0.725001040317,-4.E-02));
#10886 = DIRECTION('',(0.,0.,-1.));
#10887 = DIRECTION('',(4.161285834402E-06,-0.999999999991,0.));
#10888 = ORIENTED_EDGE('',*,*,#10731,.T.);
#10889 = FACE_BOUND('',#10890,.T.);
#10890 = EDGE_LOOP('',(#10891));
#10891 = ORIENTED_EDGE('',*,*,#10892,.F.);
#10892 = EDGE_CURVE('',#10893,#10893,#10895,.T.);
#10893 = VERTEX_POINT('',#10894);
#10894 = CARTESIAN_POINT('',(0.,-0.45,-4.E-02));
#10895 = CIRCLE('',#10896,0.45);
#10896 = AXIS2_PLACEMENT_3D('',#10897,#10898,#10899);
#10897 = CARTESIAN_POINT('',(-4.163336342344E-17,6.938893903907E-17,
    -4.E-02));
#10898 = DIRECTION('',(-0.,0.,-1.));
#10899 = DIRECTION('',(9.251858538543E-17,-1.,-0.));
#10900 = PLANE('',#10901);
#10901 = AXIS2_PLACEMENT_3D('',#10902,#10903,#10904);
#10902 = CARTESIAN_POINT('',(0.,0.,-4.E-02));
#10903 = DIRECTION('',(-0.,-0.,-1.));
#10904 = DIRECTION('',(-1.,0.,0.));
#10905 = ADVANCED_FACE('',(#10906),#10917,.T.);
#10906 = FACE_BOUND('',#10907,.F.);
#10907 = EDGE_LOOP('',(#10908,#10914,#10915,#10916));
#10908 = ORIENTED_EDGE('',*,*,#10909,.T.);
#10909 = EDGE_CURVE('',#10812,#10875,#10910,.T.);
#10910 = LINE('',#10911,#10912);
#10911 = CARTESIAN_POINT('',(-0.6,-0.975,0.));
#10912 = VECTOR('',#10913,1.);
#10913 = DIRECTION('',(0.,0.,-1.));
#10914 = ORIENTED_EDGE('',*,*,#10882,.T.);
#10915 = ORIENTED_EDGE('',*,*,#10721,.F.);
#10916 = ORIENTED_EDGE('',*,*,#10819,.F.);
#10917 = CYLINDRICAL_SURFACE('',#10918,0.249998959685);
#10918 = AXIS2_PLACEMENT_3D('',#10919,#10920,#10921);
#10919 = CARTESIAN_POINT('',(-0.600001040317,-0.725001040317,0.));
#10920 = DIRECTION('',(-0.,-0.,1.));
#10921 = DIRECTION('',(4.161285834402E-06,-0.999999999991,0.));
#10922 = ADVANCED_FACE('',(#10923),#10934,.T.);
#10923 = FACE_BOUND('',#10924,.F.);
#10924 = EDGE_LOOP('',(#10925,#10926,#10927,#10933));
#10925 = ORIENTED_EDGE('',*,*,#10761,.T.);
#10926 = ORIENTED_EDGE('',*,*,#10848,.T.);
#10927 = ORIENTED_EDGE('',*,*,#10928,.F.);
#10928 = EDGE_CURVE('',#10786,#10849,#10929,.T.);
#10929 = LINE('',#10930,#10931);
#10930 = CARTESIAN_POINT('',(0.85,0.725,0.));
#10931 = VECTOR('',#10932,1.);
#10932 = DIRECTION('',(0.,0.,-1.));
#10933 = ORIENTED_EDGE('',*,*,#10785,.F.);
#10934 = CYLINDRICAL_SURFACE('',#10935,0.249998959685);
#10935 = AXIS2_PLACEMENT_3D('',#10936,#10937,#10938);
#10936 = CARTESIAN_POINT('',(0.600001040317,0.725001040317,0.));
#10937 = DIRECTION('',(-0.,-0.,1.));
#10938 = DIRECTION('',(-4.161285834402E-06,0.999999999991,0.));
#10939 = ADVANCED_FACE('',(#10940),#10951,.F.);
#10940 = FACE_BOUND('',#10941,.F.);
#10941 = EDGE_LOOP('',(#10942,#10948,#10949,#10950));
#10942 = ORIENTED_EDGE('',*,*,#10943,.T.);
#10943 = EDGE_CURVE('',#10803,#10866,#10944,.T.);
#10944 = LINE('',#10945,#10946);
#10945 = CARTESIAN_POINT('',(0.6,-0.975,0.));
#10946 = VECTOR('',#10947,1.);
#10947 = DIRECTION('',(0.,0.,-1.));
#10948 = ORIENTED_EDGE('',*,*,#10874,.T.);
#10949 = ORIENTED_EDGE('',*,*,#10909,.F.);
#10950 = ORIENTED_EDGE('',*,*,#10811,.F.);
#10951 = PLANE('',#10952);
#10952 = AXIS2_PLACEMENT_3D('',#10953,#10954,#10955);
#10953 = CARTESIAN_POINT('',(0.6,-0.975,0.));
#10954 = DIRECTION('',(0.,1.,0.));
#10955 = DIRECTION('',(-1.,0.,0.));
#10956 = ADVANCED_FACE('',(#10957),#10968,.F.);
#10957 = FACE_BOUND('',#10958,.F.);
#10958 = EDGE_LOOP('',(#10959,#10960,#10961,#10967));
#10959 = ORIENTED_EDGE('',*,*,#10928,.T.);
#10960 = ORIENTED_EDGE('',*,*,#10857,.T.);
#10961 = ORIENTED_EDGE('',*,*,#10962,.F.);
#10962 = EDGE_CURVE('',#10795,#10858,#10963,.T.);
#10963 = LINE('',#10964,#10965);
#10964 = CARTESIAN_POINT('',(0.85,-0.725,0.));
#10965 = VECTOR('',#10966,1.);
#10966 = DIRECTION('',(0.,0.,-1.));
#10967 = ORIENTED_EDGE('',*,*,#10794,.F.);
#10968 = PLANE('',#10969);
#10969 = AXIS2_PLACEMENT_3D('',#10970,#10971,#10972);
#10970 = CARTESIAN_POINT('',(0.85,0.725,0.));
#10971 = DIRECTION('',(-1.,-0.,-0.));
#10972 = DIRECTION('',(0.,-1.,0.));
#10973 = ADVANCED_FACE('',(#10974),#10980,.T.);
#10974 = FACE_BOUND('',#10975,.F.);
#10975 = EDGE_LOOP('',(#10976,#10977,#10978,#10979));
#10976 = ORIENTED_EDGE('',*,*,#10962,.T.);
#10977 = ORIENTED_EDGE('',*,*,#10865,.T.);
#10978 = ORIENTED_EDGE('',*,*,#10943,.F.);
#10979 = ORIENTED_EDGE('',*,*,#10802,.F.);
#10980 = CYLINDRICAL_SURFACE('',#10981,0.249998959685);
#10981 = AXIS2_PLACEMENT_3D('',#10982,#10983,#10984);
#10982 = CARTESIAN_POINT('',(0.600001040317,-0.725001040317,0.));
#10983 = DIRECTION('',(-0.,-0.,1.));
#10984 = DIRECTION('',(0.999999999991,4.161285834402E-06,0.));
#10985 = ADVANCED_FACE('',(#10986),#10997,.F.);
#10986 = FACE_BOUND('',#10987,.T.);
#10987 = EDGE_LOOP('',(#10988,#10989,#10995,#10996));
#10988 = ORIENTED_EDGE('',*,*,#10892,.T.);
#10989 = ORIENTED_EDGE('',*,*,#10990,.T.);
#10990 = EDGE_CURVE('',#10893,#10830,#10991,.T.);
#10991 = LINE('',#10992,#10993);
#10992 = CARTESIAN_POINT('',(0.,-0.45,-4.6E-02));
#10993 = VECTOR('',#10994,1.);
#10994 = DIRECTION('',(0.,0.,1.));
#10995 = ORIENTED_EDGE('',*,*,#10829,.F.);
#10996 = ORIENTED_EDGE('',*,*,#10990,.F.);
#10997 = CYLINDRICAL_SURFACE('',#10998,0.45);
#10998 = AXIS2_PLACEMENT_3D('',#10999,#11000,#11001);
#10999 = CARTESIAN_POINT('',(-4.163336342344E-17,6.938893903907E-17,
    -4.6E-02));
#11000 = DIRECTION('',(-0.,0.,-1.));
#11001 = DIRECTION('',(9.251858538543E-17,-1.,-0.));
#11002 = MANIFOLD_SOLID_BREP('',#11003);
#11003 = CLOSED_SHELL('',(#11004,#11037,#11057,#11077));
#11004 = ADVANCED_FACE('',(#11005),#11032,.T.);
#11005 = FACE_BOUND('',#11006,.F.);
#11006 = EDGE_LOOP('',(#11007,#11017,#11024,#11025));
#11007 = ORIENTED_EDGE('',*,*,#11008,.T.);
#11008 = EDGE_CURVE('',#11009,#11011,#11013,.T.);
#11009 = VERTEX_POINT('',#11010);
#11010 = CARTESIAN_POINT('',(-6.162975822039E-33,-0.475,-4.E-02));
#11011 = VERTEX_POINT('',#11012);
#11012 = CARTESIAN_POINT('',(-6.162975822039E-33,-0.475,1.55));
#11013 = LINE('',#11014,#11015);
#11014 = CARTESIAN_POINT('',(-6.162975822039E-33,-0.475,-4.E-02));
#11015 = VECTOR('',#11016,1.);
#11016 = DIRECTION('',(0.,0.,1.));
#11017 = ORIENTED_EDGE('',*,*,#11018,.T.);
#11018 = EDGE_CURVE('',#11011,#11011,#11019,.T.);
#11019 = CIRCLE('',#11020,0.475);
#11020 = AXIS2_PLACEMENT_3D('',#11021,#11022,#11023);
#11021 = CARTESIAN_POINT('',(-2.775557561563E-17,5.551115123126E-17,1.55
    ));
#11022 = DIRECTION('',(0.,-0.,1.));
#11023 = DIRECTION('',(5.843279076975E-17,-1.,-0.));
#11024 = ORIENTED_EDGE('',*,*,#11008,.F.);
#11025 = ORIENTED_EDGE('',*,*,#11026,.F.);
#11026 = EDGE_CURVE('',#11009,#11009,#11027,.T.);
#11027 = CIRCLE('',#11028,0.475);
#11028 = AXIS2_PLACEMENT_3D('',#11029,#11030,#11031);
#11029 = CARTESIAN_POINT('',(-2.775557561563E-17,5.551115123126E-17,
    -4.E-02));
#11030 = DIRECTION('',(0.,-0.,1.));
#11031 = DIRECTION('',(5.843279076975E-17,-1.,-0.));
#11032 = CYLINDRICAL_SURFACE('',#11033,0.475);
#11033 = AXIS2_PLACEMENT_3D('',#11034,#11035,#11036);
#11034 = CARTESIAN_POINT('',(-2.775557561563E-17,5.551115123126E-17,
    -4.E-02));
#11035 = DIRECTION('',(-0.,0.,-1.));
#11036 = DIRECTION('',(5.843279076975E-17,-1.,-0.));
#11037 = ADVANCED_FACE('',(#11038,#11041),#11052,.F.);
#11038 = FACE_BOUND('',#11039,.F.);
#11039 = EDGE_LOOP('',(#11040));
#11040 = ORIENTED_EDGE('',*,*,#11026,.T.);
#11041 = FACE_BOUND('',#11042,.F.);
#11042 = EDGE_LOOP('',(#11043));
#11043 = ORIENTED_EDGE('',*,*,#11044,.T.);
#11044 = EDGE_CURVE('',#11045,#11045,#11047,.T.);
#11045 = VERTEX_POINT('',#11046);
#11046 = CARTESIAN_POINT('',(0.,-0.45,-4.E-02));
#11047 = CIRCLE('',#11048,0.45);
#11048 = AXIS2_PLACEMENT_3D('',#11049,#11050,#11051);
#11049 = CARTESIAN_POINT('',(-4.163336342344E-17,6.938893903907E-17,
    -4.E-02));
#11050 = DIRECTION('',(-0.,0.,-1.));
#11051 = DIRECTION('',(9.251858538543E-17,-1.,-0.));
#11052 = PLANE('',#11053);
#11053 = AXIS2_PLACEMENT_3D('',#11054,#11055,#11056);
#11054 = CARTESIAN_POINT('',(0.,-0.475,-4.E-02));
#11055 = DIRECTION('',(0.,0.,1.));
#11056 = DIRECTION('',(1.,0.,-0.));
#11057 = ADVANCED_FACE('',(#11058,#11061),#11072,.T.);
#11058 = FACE_BOUND('',#11059,.T.);
#11059 = EDGE_LOOP('',(#11060));
#11060 = ORIENTED_EDGE('',*,*,#11018,.T.);
#11061 = FACE_BOUND('',#11062,.T.);
#11062 = EDGE_LOOP('',(#11063));
#11063 = ORIENTED_EDGE('',*,*,#11064,.T.);
#11064 = EDGE_CURVE('',#11065,#11065,#11067,.T.);
#11065 = VERTEX_POINT('',#11066);
#11066 = CARTESIAN_POINT('',(0.,-0.45,1.55));
#11067 = CIRCLE('',#11068,0.45);
#11068 = AXIS2_PLACEMENT_3D('',#11069,#11070,#11071);
#11069 = CARTESIAN_POINT('',(-4.163336342344E-17,6.938893903907E-17,1.55
    ));
#11070 = DIRECTION('',(-0.,0.,-1.));
#11071 = DIRECTION('',(9.251858538543E-17,-1.,-0.));
#11072 = PLANE('',#11073);
#11073 = AXIS2_PLACEMENT_3D('',#11074,#11075,#11076);
#11074 = CARTESIAN_POINT('',(0.,-0.475,1.55));
#11075 = DIRECTION('',(0.,0.,1.));
#11076 = DIRECTION('',(1.,0.,-0.));
#11077 = ADVANCED_FACE('',(#11078),#11089,.F.);
#11078 = FACE_BOUND('',#11079,.T.);
#11079 = EDGE_LOOP('',(#11080,#11081,#11087,#11088));
#11080 = ORIENTED_EDGE('',*,*,#11044,.T.);
#11081 = ORIENTED_EDGE('',*,*,#11082,.T.);
#11082 = EDGE_CURVE('',#11045,#11065,#11083,.T.);
#11083 = LINE('',#11084,#11085);
#11084 = CARTESIAN_POINT('',(0.,-0.45,-4.6E-02));
#11085 = VECTOR('',#11086,1.);
#11086 = DIRECTION('',(0.,0.,1.));
#11087 = ORIENTED_EDGE('',*,*,#11064,.F.);
#11088 = ORIENTED_EDGE('',*,*,#11082,.F.);
#11089 = CYLINDRICAL_SURFACE('',#11090,0.45);
#11090 = AXIS2_PLACEMENT_3D('',#11091,#11092,#11093);
#11091 = CARTESIAN_POINT('',(-4.163336342344E-17,6.938893903907E-17,
    -4.6E-02));
#11092 = DIRECTION('',(-0.,0.,-1.));
#11093 = DIRECTION('',(9.251858538543E-17,-1.,-0.));
#11094 = MANIFOLD_SOLID_BREP('',#11095);
#11095 = CLOSED_SHELL('',(#11096,#11138,#11169,#11200,#11229,#11258,
    #11270));
#11096 = ADVANCED_FACE('',(#11097),#11133,.T.);
#11097 = FACE_BOUND('',#11098,.T.);
#11098 = EDGE_LOOP('',(#11099,#11109,#11118,#11126));
#11099 = ORIENTED_EDGE('',*,*,#11100,.T.);
#11100 = EDGE_CURVE('',#11101,#11103,#11105,.T.);
#11101 = VERTEX_POINT('',#11102);
#11102 = CARTESIAN_POINT('',(3.35,-0.125,1.51));
#11103 = VERTEX_POINT('',#11104);
#11104 = CARTESIAN_POINT('',(3.35,-0.125,1.55));
#11105 = LINE('',#11106,#11107);
#11106 = CARTESIAN_POINT('',(3.35,-0.125,1.51));
#11107 = VECTOR('',#11108,1.);
#11108 = DIRECTION('',(0.,0.,1.));
#11109 = ORIENTED_EDGE('',*,*,#11110,.T.);
#11110 = EDGE_CURVE('',#11103,#11111,#11113,.T.);
#11111 = VERTEX_POINT('',#11112);
#11112 = CARTESIAN_POINT('',(1.65,-0.125,1.55));
#11113 = CIRCLE('',#11114,0.85);
#11114 = AXIS2_PLACEMENT_3D('',#11115,#11116,#11117);
#11115 = CARTESIAN_POINT('',(2.5,-0.125000024751,1.55));
#11116 = DIRECTION('',(0.,0.,-1.));
#11117 = DIRECTION('',(1.,2.911876158496E-08,0.));
#11118 = ORIENTED_EDGE('',*,*,#11119,.F.);
#11119 = EDGE_CURVE('',#11120,#11111,#11122,.T.);
#11120 = VERTEX_POINT('',#11121);
#11121 = CARTESIAN_POINT('',(1.65,-0.125,1.51));
#11122 = LINE('',#11123,#11124);
#11123 = CARTESIAN_POINT('',(1.65,-0.125,1.51));
#11124 = VECTOR('',#11125,1.);
#11125 = DIRECTION('',(0.,0.,1.));
#11126 = ORIENTED_EDGE('',*,*,#11127,.F.);
#11127 = EDGE_CURVE('',#11101,#11120,#11128,.T.);
#11128 = CIRCLE('',#11129,0.85);
#11129 = AXIS2_PLACEMENT_3D('',#11130,#11131,#11132);
#11130 = CARTESIAN_POINT('',(2.5,-0.125000024751,1.51));
#11131 = DIRECTION('',(0.,0.,-1.));
#11132 = DIRECTION('',(1.,2.911876158496E-08,0.));
#11133 = CYLINDRICAL_SURFACE('',#11134,0.85);
#11134 = AXIS2_PLACEMENT_3D('',#11135,#11136,#11137);
#11135 = CARTESIAN_POINT('',(2.5,-0.125000024751,1.51));
#11136 = DIRECTION('',(0.,0.,-1.));
#11137 = DIRECTION('',(1.,2.911876158496E-08,0.));
#11138 = ADVANCED_FACE('',(#11139),#11164,.T.);
#11139 = FACE_BOUND('',#11140,.T.);
#11140 = EDGE_LOOP('',(#11141,#11151,#11157,#11158));
#11141 = ORIENTED_EDGE('',*,*,#11142,.T.);
#11142 = EDGE_CURVE('',#11143,#11145,#11147,.T.);
#11143 = VERTEX_POINT('',#11144);
#11144 = CARTESIAN_POINT('',(3.35,0.125,1.51));
#11145 = VERTEX_POINT('',#11146);
#11146 = CARTESIAN_POINT('',(3.35,0.125,1.55));
#11147 = LINE('',#11148,#11149);
#11148 = CARTESIAN_POINT('',(3.35,0.125,1.51));
#11149 = VECTOR('',#11150,1.);
#11150 = DIRECTION('',(0.,0.,1.));
#11151 = ORIENTED_EDGE('',*,*,#11152,.T.);
#11152 = EDGE_CURVE('',#11145,#11103,#11153,.T.);
#11153 = LINE('',#11154,#11155);
#11154 = CARTESIAN_POINT('',(3.35,0.125,1.55));
#11155 = VECTOR('',#11156,1.);
#11156 = DIRECTION('',(0.,-1.,0.));
#11157 = ORIENTED_EDGE('',*,*,#11100,.F.);
#11158 = ORIENTED_EDGE('',*,*,#11159,.F.);
#11159 = EDGE_CURVE('',#11143,#11101,#11160,.T.);
#11160 = LINE('',#11161,#11162);
#11161 = CARTESIAN_POINT('',(3.35,0.125,1.51));
#11162 = VECTOR('',#11163,1.);
#11163 = DIRECTION('',(0.,-1.,0.));
#11164 = PLANE('',#11165);
#11165 = AXIS2_PLACEMENT_3D('',#11166,#11167,#11168);
#11166 = CARTESIAN_POINT('',(3.35,0.125,1.51));
#11167 = DIRECTION('',(1.,0.,-0.));
#11168 = DIRECTION('',(0.,-1.,0.));
#11169 = ADVANCED_FACE('',(#11170),#11195,.T.);
#11170 = FACE_BOUND('',#11171,.T.);
#11171 = EDGE_LOOP('',(#11172,#11173,#11181,#11189));
#11172 = ORIENTED_EDGE('',*,*,#11119,.T.);
#11173 = ORIENTED_EDGE('',*,*,#11174,.T.);
#11174 = EDGE_CURVE('',#11111,#11175,#11177,.T.);
#11175 = VERTEX_POINT('',#11176);
#11176 = CARTESIAN_POINT('',(1.65,0.125,1.55));
#11177 = LINE('',#11178,#11179);
#11178 = CARTESIAN_POINT('',(1.65,-0.125,1.55));
#11179 = VECTOR('',#11180,1.);
#11180 = DIRECTION('',(0.,1.,0.));
#11181 = ORIENTED_EDGE('',*,*,#11182,.F.);
#11182 = EDGE_CURVE('',#11183,#11175,#11185,.T.);
#11183 = VERTEX_POINT('',#11184);
#11184 = CARTESIAN_POINT('',(1.65,0.125,1.51));
#11185 = LINE('',#11186,#11187);
#11186 = CARTESIAN_POINT('',(1.65,0.125,1.51));
#11187 = VECTOR('',#11188,1.);
#11188 = DIRECTION('',(0.,0.,1.));
#11189 = ORIENTED_EDGE('',*,*,#11190,.F.);
#11190 = EDGE_CURVE('',#11120,#11183,#11191,.T.);
#11191 = LINE('',#11192,#11193);
#11192 = CARTESIAN_POINT('',(1.65,-0.125,1.51));
#11193 = VECTOR('',#11194,1.);
#11194 = DIRECTION('',(0.,1.,0.));
#11195 = PLANE('',#11196);
#11196 = AXIS2_PLACEMENT_3D('',#11197,#11198,#11199);
#11197 = CARTESIAN_POINT('',(1.65,-0.125,1.51));
#11198 = DIRECTION('',(-1.,0.,0.));
#11199 = DIRECTION('',(0.,1.,0.));
#11200 = ADVANCED_FACE('',(#11201,#11213),#11224,.F.);
#11201 = FACE_BOUND('',#11202,.F.);
#11202 = EDGE_LOOP('',(#11203,#11204,#11205,#11212));
#11203 = ORIENTED_EDGE('',*,*,#11127,.F.);
#11204 = ORIENTED_EDGE('',*,*,#11159,.F.);
#11205 = ORIENTED_EDGE('',*,*,#11206,.F.);
#11206 = EDGE_CURVE('',#11183,#11143,#11207,.T.);
#11207 = CIRCLE('',#11208,0.85);
#11208 = AXIS2_PLACEMENT_3D('',#11209,#11210,#11211);
#11209 = CARTESIAN_POINT('',(2.5,0.124999633951,1.51));
#11210 = DIRECTION('',(0.,0.,-1.));
#11211 = DIRECTION('',(-1.,4.306456603901E-07,0.));
#11212 = ORIENTED_EDGE('',*,*,#11190,.F.);
#11213 = FACE_BOUND('',#11214,.F.);
#11214 = EDGE_LOOP('',(#11215));
#11215 = ORIENTED_EDGE('',*,*,#11216,.T.);
#11216 = EDGE_CURVE('',#11217,#11217,#11219,.T.);
#11217 = VERTEX_POINT('',#11218);
#11218 = CARTESIAN_POINT('',(2.5,-0.45,1.51));
#11219 = CIRCLE('',#11220,0.45);
#11220 = AXIS2_PLACEMENT_3D('',#11221,#11222,#11223);
#11221 = CARTESIAN_POINT('',(2.5,2.22044604925E-16,1.51));
#11222 = DIRECTION('',(-0.,0.,-1.));
#11223 = DIRECTION('',(-0.,-1.,0.));
#11224 = PLANE('',#11225);
#11225 = AXIS2_PLACEMENT_3D('',#11226,#11227,#11228);
#11226 = CARTESIAN_POINT('',(0.,0.,1.51));
#11227 = DIRECTION('',(0.,0.,1.));
#11228 = DIRECTION('',(1.,0.,-0.));
#11229 = ADVANCED_FACE('',(#11230,#11242),#11253,.T.);
#11230 = FACE_BOUND('',#11231,.T.);
#11231 = EDGE_LOOP('',(#11232,#11233,#11234,#11241));
#11232 = ORIENTED_EDGE('',*,*,#11110,.F.);
#11233 = ORIENTED_EDGE('',*,*,#11152,.F.);
#11234 = ORIENTED_EDGE('',*,*,#11235,.F.);
#11235 = EDGE_CURVE('',#11175,#11145,#11236,.T.);
#11236 = CIRCLE('',#11237,0.85);
#11237 = AXIS2_PLACEMENT_3D('',#11238,#11239,#11240);
#11238 = CARTESIAN_POINT('',(2.5,0.124999633951,1.55));
#11239 = DIRECTION('',(0.,0.,-1.));
#11240 = DIRECTION('',(-1.,4.306456603901E-07,0.));
#11241 = ORIENTED_EDGE('',*,*,#11174,.F.);
#11242 = FACE_BOUND('',#11243,.T.);
#11243 = EDGE_LOOP('',(#11244));
#11244 = ORIENTED_EDGE('',*,*,#11245,.T.);
#11245 = EDGE_CURVE('',#11246,#11246,#11248,.T.);
#11246 = VERTEX_POINT('',#11247);
#11247 = CARTESIAN_POINT('',(2.5,-0.45,1.55));
#11248 = CIRCLE('',#11249,0.45);
#11249 = AXIS2_PLACEMENT_3D('',#11250,#11251,#11252);
#11250 = CARTESIAN_POINT('',(2.5,2.22044604925E-16,1.55));
#11251 = DIRECTION('',(-0.,0.,-1.));
#11252 = DIRECTION('',(-0.,-1.,0.));
#11253 = PLANE('',#11254);
#11254 = AXIS2_PLACEMENT_3D('',#11255,#11256,#11257);
#11255 = CARTESIAN_POINT('',(0.,0.,1.55));
#11256 = DIRECTION('',(0.,0.,1.));
#11257 = DIRECTION('',(1.,0.,-0.));
#11258 = ADVANCED_FACE('',(#11259),#11265,.T.);
#11259 = FACE_BOUND('',#11260,.T.);
#11260 = EDGE_LOOP('',(#11261,#11262,#11263,#11264));
#11261 = ORIENTED_EDGE('',*,*,#11182,.T.);
#11262 = ORIENTED_EDGE('',*,*,#11235,.T.);
#11263 = ORIENTED_EDGE('',*,*,#11142,.F.);
#11264 = ORIENTED_EDGE('',*,*,#11206,.F.);
#11265 = CYLINDRICAL_SURFACE('',#11266,0.85);
#11266 = AXIS2_PLACEMENT_3D('',#11267,#11268,#11269);
#11267 = CARTESIAN_POINT('',(2.5,0.124999633951,1.51));
#11268 = DIRECTION('',(0.,0.,-1.));
#11269 = DIRECTION('',(-1.,4.306456603901E-07,0.));
#11270 = ADVANCED_FACE('',(#11271),#11282,.F.);
#11271 = FACE_BOUND('',#11272,.T.);
#11272 = EDGE_LOOP('',(#11273,#11274,#11280,#11281));
#11273 = ORIENTED_EDGE('',*,*,#11216,.T.);
#11274 = ORIENTED_EDGE('',*,*,#11275,.T.);
#11275 = EDGE_CURVE('',#11217,#11246,#11276,.T.);
#11276 = LINE('',#11277,#11278);
#11277 = CARTESIAN_POINT('',(2.5,-0.45,-4.6E-02));
#11278 = VECTOR('',#11279,1.);
#11279 = DIRECTION('',(0.,0.,1.));
#11280 = ORIENTED_EDGE('',*,*,#11245,.F.);
#11281 = ORIENTED_EDGE('',*,*,#11275,.F.);
#11282 = CYLINDRICAL_SURFACE('',#11283,0.45);
#11283 = AXIS2_PLACEMENT_3D('',#11284,#11285,#11286);
#11284 = CARTESIAN_POINT('',(2.5,2.22044604925E-16,-4.6E-02));
#11285 = DIRECTION('',(-0.,-0.,-1.));
#11286 = DIRECTION('',(-0.,-1.,0.));
#11287 = MANIFOLD_SOLID_BREP('',#11288);
#11288 = CLOSED_SHELL('',(#11289,#11331,#11362,#11393,#11422,#11451,
    #11463));
#11289 = ADVANCED_FACE('',(#11290),#11326,.T.);
#11290 = FACE_BOUND('',#11291,.F.);
#11291 = EDGE_LOOP('',(#11292,#11302,#11311,#11319));
#11292 = ORIENTED_EDGE('',*,*,#11293,.T.);
#11293 = EDGE_CURVE('',#11294,#11296,#11298,.T.);
#11294 = VERTEX_POINT('',#11295);
#11295 = CARTESIAN_POINT('',(3.35,-0.125,0.));
#11296 = VERTEX_POINT('',#11297);
#11297 = CARTESIAN_POINT('',(3.35,-0.125,-4.E-02));
#11298 = LINE('',#11299,#11300);
#11299 = CARTESIAN_POINT('',(3.35,-0.125,0.));
#11300 = VECTOR('',#11301,1.);
#11301 = DIRECTION('',(0.,0.,-1.));
#11302 = ORIENTED_EDGE('',*,*,#11303,.T.);
#11303 = EDGE_CURVE('',#11296,#11304,#11306,.T.);
#11304 = VERTEX_POINT('',#11305);
#11305 = CARTESIAN_POINT('',(1.65,-0.125,-4.E-02));
#11306 = CIRCLE('',#11307,0.85);
#11307 = AXIS2_PLACEMENT_3D('',#11308,#11309,#11310);
#11308 = CARTESIAN_POINT('',(2.5,-0.125000024751,-4.E-02));
#11309 = DIRECTION('',(0.,0.,-1.));
#11310 = DIRECTION('',(1.,2.911876158496E-08,0.));
#11311 = ORIENTED_EDGE('',*,*,#11312,.F.);
#11312 = EDGE_CURVE('',#11313,#11304,#11315,.T.);
#11313 = VERTEX_POINT('',#11314);
#11314 = CARTESIAN_POINT('',(1.65,-0.125,0.));
#11315 = LINE('',#11316,#11317);
#11316 = CARTESIAN_POINT('',(1.65,-0.125,0.));
#11317 = VECTOR('',#11318,1.);
#11318 = DIRECTION('',(0.,0.,-1.));
#11319 = ORIENTED_EDGE('',*,*,#11320,.F.);
#11320 = EDGE_CURVE('',#11294,#11313,#11321,.T.);
#11321 = CIRCLE('',#11322,0.85);
#11322 = AXIS2_PLACEMENT_3D('',#11323,#11324,#11325);
#11323 = CARTESIAN_POINT('',(2.5,-0.125000024751,0.));
#11324 = DIRECTION('',(0.,0.,-1.));
#11325 = DIRECTION('',(1.,2.911876158496E-08,0.));
#11326 = CYLINDRICAL_SURFACE('',#11327,0.85);
#11327 = AXIS2_PLACEMENT_3D('',#11328,#11329,#11330);
#11328 = CARTESIAN_POINT('',(2.5,-0.125000024751,0.));
#11329 = DIRECTION('',(-0.,-0.,1.));
#11330 = DIRECTION('',(1.,2.911876158496E-08,0.));
#11331 = ADVANCED_FACE('',(#11332),#11357,.F.);
#11332 = FACE_BOUND('',#11333,.F.);
#11333 = EDGE_LOOP('',(#11334,#11344,#11350,#11351));
#11334 = ORIENTED_EDGE('',*,*,#11335,.T.);
#11335 = EDGE_CURVE('',#11336,#11338,#11340,.T.);
#11336 = VERTEX_POINT('',#11337);
#11337 = CARTESIAN_POINT('',(3.35,0.125,0.));
#11338 = VERTEX_POINT('',#11339);
#11339 = CARTESIAN_POINT('',(3.35,0.125,-4.E-02));
#11340 = LINE('',#11341,#11342);
#11341 = CARTESIAN_POINT('',(3.35,0.125,0.));
#11342 = VECTOR('',#11343,1.);
#11343 = DIRECTION('',(0.,0.,-1.));
#11344 = ORIENTED_EDGE('',*,*,#11345,.T.);
#11345 = EDGE_CURVE('',#11338,#11296,#11346,.T.);
#11346 = LINE('',#11347,#11348);
#11347 = CARTESIAN_POINT('',(3.35,0.125,-4.E-02));
#11348 = VECTOR('',#11349,1.);
#11349 = DIRECTION('',(0.,-1.,0.));
#11350 = ORIENTED_EDGE('',*,*,#11293,.F.);
#11351 = ORIENTED_EDGE('',*,*,#11352,.F.);
#11352 = EDGE_CURVE('',#11336,#11294,#11353,.T.);
#11353 = LINE('',#11354,#11355);
#11354 = CARTESIAN_POINT('',(3.35,0.125,0.));
#11355 = VECTOR('',#11356,1.);
#11356 = DIRECTION('',(0.,-1.,0.));
#11357 = PLANE('',#11358);
#11358 = AXIS2_PLACEMENT_3D('',#11359,#11360,#11361);
#11359 = CARTESIAN_POINT('',(3.35,0.125,0.));
#11360 = DIRECTION('',(-1.,-0.,-0.));
#11361 = DIRECTION('',(0.,-1.,0.));
#11362 = ADVANCED_FACE('',(#11363),#11388,.F.);
#11363 = FACE_BOUND('',#11364,.F.);
#11364 = EDGE_LOOP('',(#11365,#11366,#11374,#11382));
#11365 = ORIENTED_EDGE('',*,*,#11312,.T.);
#11366 = ORIENTED_EDGE('',*,*,#11367,.T.);
#11367 = EDGE_CURVE('',#11304,#11368,#11370,.T.);
#11368 = VERTEX_POINT('',#11369);
#11369 = CARTESIAN_POINT('',(1.65,0.125,-4.E-02));
#11370 = LINE('',#11371,#11372);
#11371 = CARTESIAN_POINT('',(1.65,-0.125,-4.E-02));
#11372 = VECTOR('',#11373,1.);
#11373 = DIRECTION('',(0.,1.,0.));
#11374 = ORIENTED_EDGE('',*,*,#11375,.F.);
#11375 = EDGE_CURVE('',#11376,#11368,#11378,.T.);
#11376 = VERTEX_POINT('',#11377);
#11377 = CARTESIAN_POINT('',(1.65,0.125,0.));
#11378 = LINE('',#11379,#11380);
#11379 = CARTESIAN_POINT('',(1.65,0.125,0.));
#11380 = VECTOR('',#11381,1.);
#11381 = DIRECTION('',(0.,0.,-1.));
#11382 = ORIENTED_EDGE('',*,*,#11383,.F.);
#11383 = EDGE_CURVE('',#11313,#11376,#11384,.T.);
#11384 = LINE('',#11385,#11386);
#11385 = CARTESIAN_POINT('',(1.65,-0.125,0.));
#11386 = VECTOR('',#11387,1.);
#11387 = DIRECTION('',(0.,1.,0.));
#11388 = PLANE('',#11389);
#11389 = AXIS2_PLACEMENT_3D('',#11390,#11391,#11392);
#11390 = CARTESIAN_POINT('',(1.65,-0.125,0.));
#11391 = DIRECTION('',(1.,-0.,0.));
#11392 = DIRECTION('',(0.,1.,0.));
#11393 = ADVANCED_FACE('',(#11394,#11406),#11417,.F.);
#11394 = FACE_BOUND('',#11395,.F.);
#11395 = EDGE_LOOP('',(#11396,#11397,#11398,#11405));
#11396 = ORIENTED_EDGE('',*,*,#11320,.T.);
#11397 = ORIENTED_EDGE('',*,*,#11383,.T.);
#11398 = ORIENTED_EDGE('',*,*,#11399,.T.);
#11399 = EDGE_CURVE('',#11376,#11336,#11400,.T.);
#11400 = CIRCLE('',#11401,0.85);
#11401 = AXIS2_PLACEMENT_3D('',#11402,#11403,#11404);
#11402 = CARTESIAN_POINT('',(2.5,0.124999633951,0.));
#11403 = DIRECTION('',(0.,0.,-1.));
#11404 = DIRECTION('',(-1.,4.306456603901E-07,0.));
#11405 = ORIENTED_EDGE('',*,*,#11352,.T.);
#11406 = FACE_BOUND('',#11407,.F.);
#11407 = EDGE_LOOP('',(#11408));
#11408 = ORIENTED_EDGE('',*,*,#11409,.F.);
#11409 = EDGE_CURVE('',#11410,#11410,#11412,.T.);
#11410 = VERTEX_POINT('',#11411);
#11411 = CARTESIAN_POINT('',(2.5,-0.45,0.));
#11412 = CIRCLE('',#11413,0.45);
#11413 = AXIS2_PLACEMENT_3D('',#11414,#11415,#11416);
#11414 = CARTESIAN_POINT('',(2.5,2.22044604925E-16,0.));
#11415 = DIRECTION('',(-0.,0.,-1.));
#11416 = DIRECTION('',(-0.,-1.,0.));
#11417 = PLANE('',#11418);
#11418 = AXIS2_PLACEMENT_3D('',#11419,#11420,#11421);
#11419 = CARTESIAN_POINT('',(0.,0.,0.));
#11420 = DIRECTION('',(-0.,-0.,-1.));
#11421 = DIRECTION('',(-1.,0.,0.));
#11422 = ADVANCED_FACE('',(#11423,#11435),#11446,.T.);
#11423 = FACE_BOUND('',#11424,.T.);
#11424 = EDGE_LOOP('',(#11425,#11426,#11427,#11434));
#11425 = ORIENTED_EDGE('',*,*,#11303,.T.);
#11426 = ORIENTED_EDGE('',*,*,#11367,.T.);
#11427 = ORIENTED_EDGE('',*,*,#11428,.T.);
#11428 = EDGE_CURVE('',#11368,#11338,#11429,.T.);
#11429 = CIRCLE('',#11430,0.85);
#11430 = AXIS2_PLACEMENT_3D('',#11431,#11432,#11433);
#11431 = CARTESIAN_POINT('',(2.5,0.124999633951,-4.E-02));
#11432 = DIRECTION('',(0.,0.,-1.));
#11433 = DIRECTION('',(-1.,4.306456603901E-07,0.));
#11434 = ORIENTED_EDGE('',*,*,#11345,.T.);
#11435 = FACE_BOUND('',#11436,.T.);
#11436 = EDGE_LOOP('',(#11437));
#11437 = ORIENTED_EDGE('',*,*,#11438,.F.);
#11438 = EDGE_CURVE('',#11439,#11439,#11441,.T.);
#11439 = VERTEX_POINT('',#11440);
#11440 = CARTESIAN_POINT('',(2.5,-0.45,-4.E-02));
#11441 = CIRCLE('',#11442,0.45);
#11442 = AXIS2_PLACEMENT_3D('',#11443,#11444,#11445);
#11443 = CARTESIAN_POINT('',(2.5,2.22044604925E-16,-4.E-02));
#11444 = DIRECTION('',(-0.,0.,-1.));
#11445 = DIRECTION('',(-0.,-1.,0.));
#11446 = PLANE('',#11447);
#11447 = AXIS2_PLACEMENT_3D('',#11448,#11449,#11450);
#11448 = CARTESIAN_POINT('',(0.,0.,-4.E-02));
#11449 = DIRECTION('',(-0.,-0.,-1.));
#11450 = DIRECTION('',(-1.,0.,0.));
#11451 = ADVANCED_FACE('',(#11452),#11458,.T.);
#11452 = FACE_BOUND('',#11453,.F.);
#11453 = EDGE_LOOP('',(#11454,#11455,#11456,#11457));
#11454 = ORIENTED_EDGE('',*,*,#11375,.T.);
#11455 = ORIENTED_EDGE('',*,*,#11428,.T.);
#11456 = ORIENTED_EDGE('',*,*,#11335,.F.);
#11457 = ORIENTED_EDGE('',*,*,#11399,.F.);
#11458 = CYLINDRICAL_SURFACE('',#11459,0.85);
#11459 = AXIS2_PLACEMENT_3D('',#11460,#11461,#11462);
#11460 = CARTESIAN_POINT('',(2.5,0.124999633951,0.));
#11461 = DIRECTION('',(-0.,-0.,1.));
#11462 = DIRECTION('',(-1.,4.306456603901E-07,0.));
#11463 = ADVANCED_FACE('',(#11464),#11475,.F.);
#11464 = FACE_BOUND('',#11465,.T.);
#11465 = EDGE_LOOP('',(#11466,#11467,#11473,#11474));
#11466 = ORIENTED_EDGE('',*,*,#11438,.T.);
#11467 = ORIENTED_EDGE('',*,*,#11468,.T.);
#11468 = EDGE_CURVE('',#11439,#11410,#11469,.T.);
#11469 = LINE('',#11470,#11471);
#11470 = CARTESIAN_POINT('',(2.5,-0.45,-4.6E-02));
#11471 = VECTOR('',#11472,1.);
#11472 = DIRECTION('',(0.,0.,1.));
#11473 = ORIENTED_EDGE('',*,*,#11409,.F.);
#11474 = ORIENTED_EDGE('',*,*,#11468,.F.);
#11475 = CYLINDRICAL_SURFACE('',#11476,0.45);
#11476 = AXIS2_PLACEMENT_3D('',#11477,#11478,#11479);
#11477 = CARTESIAN_POINT('',(2.5,2.22044604925E-16,-4.6E-02));
#11478 = DIRECTION('',(-0.,-0.,-1.));
#11479 = DIRECTION('',(-0.,-1.,0.));
#11480 = MANIFOLD_SOLID_BREP('',#11481);
#11481 = CLOSED_SHELL('',(#11482,#11515,#11535,#11555));
#11482 = ADVANCED_FACE('',(#11483),#11510,.T.);
#11483 = FACE_BOUND('',#11484,.F.);
#11484 = EDGE_LOOP('',(#11485,#11495,#11502,#11503));
#11485 = ORIENTED_EDGE('',*,*,#11486,.T.);
#11486 = EDGE_CURVE('',#11487,#11489,#11491,.T.);
#11487 = VERTEX_POINT('',#11488);
#11488 = CARTESIAN_POINT('',(2.5,-0.475,-4.E-02));
#11489 = VERTEX_POINT('',#11490);
#11490 = CARTESIAN_POINT('',(2.5,-0.475,1.55));
#11491 = LINE('',#11492,#11493);
#11492 = CARTESIAN_POINT('',(2.5,-0.475,-4.E-02));
#11493 = VECTOR('',#11494,1.);
#11494 = DIRECTION('',(0.,0.,1.));
#11495 = ORIENTED_EDGE('',*,*,#11496,.T.);
#11496 = EDGE_CURVE('',#11489,#11489,#11497,.T.);
#11497 = CIRCLE('',#11498,0.475);
#11498 = AXIS2_PLACEMENT_3D('',#11499,#11500,#11501);
#11499 = CARTESIAN_POINT('',(2.5,0.,1.55));
#11500 = DIRECTION('',(0.,0.,1.));
#11501 = DIRECTION('',(-0.,-1.,0.));
#11502 = ORIENTED_EDGE('',*,*,#11486,.F.);
#11503 = ORIENTED_EDGE('',*,*,#11504,.F.);
#11504 = EDGE_CURVE('',#11487,#11487,#11505,.T.);
#11505 = CIRCLE('',#11506,0.475);
#11506 = AXIS2_PLACEMENT_3D('',#11507,#11508,#11509);
#11507 = CARTESIAN_POINT('',(2.5,0.,-4.E-02));
#11508 = DIRECTION('',(0.,0.,1.));
#11509 = DIRECTION('',(-0.,-1.,0.));
#11510 = CYLINDRICAL_SURFACE('',#11511,0.475);
#11511 = AXIS2_PLACEMENT_3D('',#11512,#11513,#11514);
#11512 = CARTESIAN_POINT('',(2.5,0.,-4.E-02));
#11513 = DIRECTION('',(-0.,-0.,-1.));
#11514 = DIRECTION('',(-0.,-1.,0.));
#11515 = ADVANCED_FACE('',(#11516,#11519),#11530,.F.);
#11516 = FACE_BOUND('',#11517,.F.);
#11517 = EDGE_LOOP('',(#11518));
#11518 = ORIENTED_EDGE('',*,*,#11504,.T.);
#11519 = FACE_BOUND('',#11520,.F.);
#11520 = EDGE_LOOP('',(#11521));
#11521 = ORIENTED_EDGE('',*,*,#11522,.T.);
#11522 = EDGE_CURVE('',#11523,#11523,#11525,.T.);
#11523 = VERTEX_POINT('',#11524);
#11524 = CARTESIAN_POINT('',(2.5,-0.45,-4.E-02));
#11525 = CIRCLE('',#11526,0.45);
#11526 = AXIS2_PLACEMENT_3D('',#11527,#11528,#11529);
#11527 = CARTESIAN_POINT('',(2.5,2.22044604925E-16,-4.E-02));
#11528 = DIRECTION('',(-0.,0.,-1.));
#11529 = DIRECTION('',(-0.,-1.,0.));
#11530 = PLANE('',#11531);
#11531 = AXIS2_PLACEMENT_3D('',#11532,#11533,#11534);
#11532 = CARTESIAN_POINT('',(2.5,-0.475,-4.E-02));
#11533 = DIRECTION('',(0.,0.,1.));
#11534 = DIRECTION('',(1.,0.,-0.));
#11535 = ADVANCED_FACE('',(#11536,#11539),#11550,.T.);
#11536 = FACE_BOUND('',#11537,.T.);
#11537 = EDGE_LOOP('',(#11538));
#11538 = ORIENTED_EDGE('',*,*,#11496,.T.);
#11539 = FACE_BOUND('',#11540,.T.);
#11540 = EDGE_LOOP('',(#11541));
#11541 = ORIENTED_EDGE('',*,*,#11542,.T.);
#11542 = EDGE_CURVE('',#11543,#11543,#11545,.T.);
#11543 = VERTEX_POINT('',#11544);
#11544 = CARTESIAN_POINT('',(2.5,-0.45,1.55));
#11545 = CIRCLE('',#11546,0.45);
#11546 = AXIS2_PLACEMENT_3D('',#11547,#11548,#11549);
#11547 = CARTESIAN_POINT('',(2.5,2.22044604925E-16,1.55));
#11548 = DIRECTION('',(-0.,0.,-1.));
#11549 = DIRECTION('',(-0.,-1.,0.));
#11550 = PLANE('',#11551);
#11551 = AXIS2_PLACEMENT_3D('',#11552,#11553,#11554);
#11552 = CARTESIAN_POINT('',(2.5,-0.475,1.55));
#11553 = DIRECTION('',(0.,0.,1.));
#11554 = DIRECTION('',(1.,0.,-0.));
#11555 = ADVANCED_FACE('',(#11556),#11567,.F.);
#11556 = FACE_BOUND('',#11557,.T.);
#11557 = EDGE_LOOP('',(#11558,#11559,#11565,#11566));
#11558 = ORIENTED_EDGE('',*,*,#11522,.T.);
#11559 = ORIENTED_EDGE('',*,*,#11560,.T.);
#11560 = EDGE_CURVE('',#11523,#11543,#11561,.T.);
#11561 = LINE('',#11562,#11563);
#11562 = CARTESIAN_POINT('',(2.5,-0.45,-4.6E-02));
#11563 = VECTOR('',#11564,1.);
#11564 = DIRECTION('',(0.,0.,1.));
#11565 = ORIENTED_EDGE('',*,*,#11542,.F.);
#11566 = ORIENTED_EDGE('',*,*,#11560,.F.);
#11567 = CYLINDRICAL_SURFACE('',#11568,0.45);
#11568 = AXIS2_PLACEMENT_3D('',#11569,#11570,#11571);
#11569 = CARTESIAN_POINT('',(2.5,2.22044604925E-16,-4.6E-02));
#11570 = DIRECTION('',(-0.,-0.,-1.));
#11571 = DIRECTION('',(-0.,-1.,0.));
#11572 = MANIFOLD_SOLID_BREP('',#11573);
#11573 = CLOSED_SHELL('',(#11574,#11616,#11647,#11678,#11707,#11736,
    #11748));
#11574 = ADVANCED_FACE('',(#11575),#11611,.T.);
#11575 = FACE_BOUND('',#11576,.T.);
#11576 = EDGE_LOOP('',(#11577,#11587,#11596,#11604));
#11577 = ORIENTED_EDGE('',*,*,#11578,.T.);
#11578 = EDGE_CURVE('',#11579,#11581,#11583,.T.);
#11579 = VERTEX_POINT('',#11580);
#11580 = CARTESIAN_POINT('',(5.85,-0.125,1.51));
#11581 = VERTEX_POINT('',#11582);
#11582 = CARTESIAN_POINT('',(5.85,-0.125,1.55));
#11583 = LINE('',#11584,#11585);
#11584 = CARTESIAN_POINT('',(5.85,-0.125,1.51));
#11585 = VECTOR('',#11586,1.);
#11586 = DIRECTION('',(0.,0.,1.));
#11587 = ORIENTED_EDGE('',*,*,#11588,.T.);
#11588 = EDGE_CURVE('',#11581,#11589,#11591,.T.);
#11589 = VERTEX_POINT('',#11590);
#11590 = CARTESIAN_POINT('',(4.15,-0.125,1.55));
#11591 = CIRCLE('',#11592,0.85);
#11592 = AXIS2_PLACEMENT_3D('',#11593,#11594,#11595);
#11593 = CARTESIAN_POINT('',(5.,-0.125000024751,1.55));
#11594 = DIRECTION('',(0.,0.,-1.));
#11595 = DIRECTION('',(1.,2.91187624013E-08,0.));
#11596 = ORIENTED_EDGE('',*,*,#11597,.F.);
#11597 = EDGE_CURVE('',#11598,#11589,#11600,.T.);
#11598 = VERTEX_POINT('',#11599);
#11599 = CARTESIAN_POINT('',(4.15,-0.125,1.51));
#11600 = LINE('',#11601,#11602);
#11601 = CARTESIAN_POINT('',(4.15,-0.125,1.51));
#11602 = VECTOR('',#11603,1.);
#11603 = DIRECTION('',(0.,0.,1.));
#11604 = ORIENTED_EDGE('',*,*,#11605,.F.);
#11605 = EDGE_CURVE('',#11579,#11598,#11606,.T.);
#11606 = CIRCLE('',#11607,0.85);
#11607 = AXIS2_PLACEMENT_3D('',#11608,#11609,#11610);
#11608 = CARTESIAN_POINT('',(5.,-0.125000024751,1.51));
#11609 = DIRECTION('',(0.,0.,-1.));
#11610 = DIRECTION('',(1.,2.91187624013E-08,0.));
#11611 = CYLINDRICAL_SURFACE('',#11612,0.85);
#11612 = AXIS2_PLACEMENT_3D('',#11613,#11614,#11615);
#11613 = CARTESIAN_POINT('',(5.,-0.125000024751,1.51));
#11614 = DIRECTION('',(0.,0.,-1.));
#11615 = DIRECTION('',(1.,2.91187624013E-08,0.));
#11616 = ADVANCED_FACE('',(#11617),#11642,.T.);
#11617 = FACE_BOUND('',#11618,.T.);
#11618 = EDGE_LOOP('',(#11619,#11629,#11635,#11636));
#11619 = ORIENTED_EDGE('',*,*,#11620,.T.);
#11620 = EDGE_CURVE('',#11621,#11623,#11625,.T.);
#11621 = VERTEX_POINT('',#11622);
#11622 = CARTESIAN_POINT('',(5.85,0.125,1.51));
#11623 = VERTEX_POINT('',#11624);
#11624 = CARTESIAN_POINT('',(5.85,0.125,1.55));
#11625 = LINE('',#11626,#11627);
#11626 = CARTESIAN_POINT('',(5.85,0.125,1.51));
#11627 = VECTOR('',#11628,1.);
#11628 = DIRECTION('',(0.,0.,1.));
#11629 = ORIENTED_EDGE('',*,*,#11630,.T.);
#11630 = EDGE_CURVE('',#11623,#11581,#11631,.T.);
#11631 = LINE('',#11632,#11633);
#11632 = CARTESIAN_POINT('',(5.85,0.125,1.55));
#11633 = VECTOR('',#11634,1.);
#11634 = DIRECTION('',(0.,-1.,0.));
#11635 = ORIENTED_EDGE('',*,*,#11578,.F.);
#11636 = ORIENTED_EDGE('',*,*,#11637,.F.);
#11637 = EDGE_CURVE('',#11621,#11579,#11638,.T.);
#11638 = LINE('',#11639,#11640);
#11639 = CARTESIAN_POINT('',(5.85,0.125,1.51));
#11640 = VECTOR('',#11641,1.);
#11641 = DIRECTION('',(0.,-1.,0.));
#11642 = PLANE('',#11643);
#11643 = AXIS2_PLACEMENT_3D('',#11644,#11645,#11646);
#11644 = CARTESIAN_POINT('',(5.85,0.125,1.51));
#11645 = DIRECTION('',(1.,0.,-0.));
#11646 = DIRECTION('',(0.,-1.,0.));
#11647 = ADVANCED_FACE('',(#11648),#11673,.T.);
#11648 = FACE_BOUND('',#11649,.T.);
#11649 = EDGE_LOOP('',(#11650,#11651,#11659,#11667));
#11650 = ORIENTED_EDGE('',*,*,#11597,.T.);
#11651 = ORIENTED_EDGE('',*,*,#11652,.T.);
#11652 = EDGE_CURVE('',#11589,#11653,#11655,.T.);
#11653 = VERTEX_POINT('',#11654);
#11654 = CARTESIAN_POINT('',(4.15,0.125,1.55));
#11655 = LINE('',#11656,#11657);
#11656 = CARTESIAN_POINT('',(4.15,-0.125,1.55));
#11657 = VECTOR('',#11658,1.);
#11658 = DIRECTION('',(0.,1.,0.));
#11659 = ORIENTED_EDGE('',*,*,#11660,.F.);
#11660 = EDGE_CURVE('',#11661,#11653,#11663,.T.);
#11661 = VERTEX_POINT('',#11662);
#11662 = CARTESIAN_POINT('',(4.15,0.125,1.51));
#11663 = LINE('',#11664,#11665);
#11664 = CARTESIAN_POINT('',(4.15,0.125,1.51));
#11665 = VECTOR('',#11666,1.);
#11666 = DIRECTION('',(0.,0.,1.));
#11667 = ORIENTED_EDGE('',*,*,#11668,.F.);
#11668 = EDGE_CURVE('',#11598,#11661,#11669,.T.);
#11669 = LINE('',#11670,#11671);
#11670 = CARTESIAN_POINT('',(4.15,-0.125,1.51));
#11671 = VECTOR('',#11672,1.);
#11672 = DIRECTION('',(0.,1.,0.));
#11673 = PLANE('',#11674);
#11674 = AXIS2_PLACEMENT_3D('',#11675,#11676,#11677);
#11675 = CARTESIAN_POINT('',(4.15,-0.125,1.51));
#11676 = DIRECTION('',(-1.,0.,0.));
#11677 = DIRECTION('',(0.,1.,0.));
#11678 = ADVANCED_FACE('',(#11679,#11691),#11702,.F.);
#11679 = FACE_BOUND('',#11680,.F.);
#11680 = EDGE_LOOP('',(#11681,#11682,#11683,#11690));
#11681 = ORIENTED_EDGE('',*,*,#11605,.F.);
#11682 = ORIENTED_EDGE('',*,*,#11637,.F.);
#11683 = ORIENTED_EDGE('',*,*,#11684,.F.);
#11684 = EDGE_CURVE('',#11661,#11621,#11685,.T.);
#11685 = CIRCLE('',#11686,0.85);
#11686 = AXIS2_PLACEMENT_3D('',#11687,#11688,#11689);
#11687 = CARTESIAN_POINT('',(5.,0.124999633951,1.51));
#11688 = DIRECTION('',(0.,0.,-1.));
#11689 = DIRECTION('',(-1.,4.306456588227E-07,0.));
#11690 = ORIENTED_EDGE('',*,*,#11668,.F.);
#11691 = FACE_BOUND('',#11692,.F.);
#11692 = EDGE_LOOP('',(#11693));
#11693 = ORIENTED_EDGE('',*,*,#11694,.T.);
#11694 = EDGE_CURVE('',#11695,#11695,#11697,.T.);
#11695 = VERTEX_POINT('',#11696);
#11696 = CARTESIAN_POINT('',(5.,-0.45,1.51));
#11697 = CIRCLE('',#11698,0.45);
#11698 = AXIS2_PLACEMENT_3D('',#11699,#11700,#11701);
#11699 = CARTESIAN_POINT('',(5.,-1.665334536938E-16,1.51));
#11700 = DIRECTION('',(-0.,0.,-1.));
#11701 = DIRECTION('',(-0.,-1.,0.));
#11702 = PLANE('',#11703);
#11703 = AXIS2_PLACEMENT_3D('',#11704,#11705,#11706);
#11704 = CARTESIAN_POINT('',(0.,0.,1.51));
#11705 = DIRECTION('',(0.,0.,1.));
#11706 = DIRECTION('',(1.,0.,-0.));
#11707 = ADVANCED_FACE('',(#11708,#11720),#11731,.T.);
#11708 = FACE_BOUND('',#11709,.T.);
#11709 = EDGE_LOOP('',(#11710,#11711,#11712,#11719));
#11710 = ORIENTED_EDGE('',*,*,#11588,.F.);
#11711 = ORIENTED_EDGE('',*,*,#11630,.F.);
#11712 = ORIENTED_EDGE('',*,*,#11713,.F.);
#11713 = EDGE_CURVE('',#11653,#11623,#11714,.T.);
#11714 = CIRCLE('',#11715,0.85);
#11715 = AXIS2_PLACEMENT_3D('',#11716,#11717,#11718);
#11716 = CARTESIAN_POINT('',(5.,0.124999633951,1.55));
#11717 = DIRECTION('',(0.,0.,-1.));
#11718 = DIRECTION('',(-1.,4.306456588227E-07,0.));
#11719 = ORIENTED_EDGE('',*,*,#11652,.F.);
#11720 = FACE_BOUND('',#11721,.T.);
#11721 = EDGE_LOOP('',(#11722));
#11722 = ORIENTED_EDGE('',*,*,#11723,.T.);
#11723 = EDGE_CURVE('',#11724,#11724,#11726,.T.);
#11724 = VERTEX_POINT('',#11725);
#11725 = CARTESIAN_POINT('',(5.,-0.45,1.55));
#11726 = CIRCLE('',#11727,0.45);
#11727 = AXIS2_PLACEMENT_3D('',#11728,#11729,#11730);
#11728 = CARTESIAN_POINT('',(5.,-1.665334536938E-16,1.55));
#11729 = DIRECTION('',(-0.,0.,-1.));
#11730 = DIRECTION('',(-0.,-1.,0.));
#11731 = PLANE('',#11732);
#11732 = AXIS2_PLACEMENT_3D('',#11733,#11734,#11735);
#11733 = CARTESIAN_POINT('',(0.,0.,1.55));
#11734 = DIRECTION('',(0.,0.,1.));
#11735 = DIRECTION('',(1.,0.,-0.));
#11736 = ADVANCED_FACE('',(#11737),#11743,.T.);
#11737 = FACE_BOUND('',#11738,.T.);
#11738 = EDGE_LOOP('',(#11739,#11740,#11741,#11742));
#11739 = ORIENTED_EDGE('',*,*,#11660,.T.);
#11740 = ORIENTED_EDGE('',*,*,#11713,.T.);
#11741 = ORIENTED_EDGE('',*,*,#11620,.F.);
#11742 = ORIENTED_EDGE('',*,*,#11684,.F.);
#11743 = CYLINDRICAL_SURFACE('',#11744,0.85);
#11744 = AXIS2_PLACEMENT_3D('',#11745,#11746,#11747);
#11745 = CARTESIAN_POINT('',(5.,0.124999633951,1.51));
#11746 = DIRECTION('',(0.,0.,-1.));
#11747 = DIRECTION('',(-1.,4.306456588227E-07,0.));
#11748 = ADVANCED_FACE('',(#11749),#11760,.F.);
#11749 = FACE_BOUND('',#11750,.T.);
#11750 = EDGE_LOOP('',(#11751,#11752,#11758,#11759));
#11751 = ORIENTED_EDGE('',*,*,#11694,.T.);
#11752 = ORIENTED_EDGE('',*,*,#11753,.T.);
#11753 = EDGE_CURVE('',#11695,#11724,#11754,.T.);
#11754 = LINE('',#11755,#11756);
#11755 = CARTESIAN_POINT('',(5.,-0.45,-4.6E-02));
#11756 = VECTOR('',#11757,1.);
#11757 = DIRECTION('',(0.,0.,1.));
#11758 = ORIENTED_EDGE('',*,*,#11723,.F.);
#11759 = ORIENTED_EDGE('',*,*,#11753,.F.);
#11760 = CYLINDRICAL_SURFACE('',#11761,0.45);
#11761 = AXIS2_PLACEMENT_3D('',#11762,#11763,#11764);
#11762 = CARTESIAN_POINT('',(5.,-1.665334536938E-16,-4.6E-02));
#11763 = DIRECTION('',(-0.,-0.,-1.));
#11764 = DIRECTION('',(-0.,-1.,0.));
#11765 = MANIFOLD_SOLID_BREP('',#11766);
#11766 = CLOSED_SHELL('',(#11767,#11809,#11840,#11871,#11900,#11929,
    #11941));
#11767 = ADVANCED_FACE('',(#11768),#11804,.T.);
#11768 = FACE_BOUND('',#11769,.F.);
#11769 = EDGE_LOOP('',(#11770,#11780,#11789,#11797));
#11770 = ORIENTED_EDGE('',*,*,#11771,.T.);
#11771 = EDGE_CURVE('',#11772,#11774,#11776,.T.);
#11772 = VERTEX_POINT('',#11773);
#11773 = CARTESIAN_POINT('',(5.85,-0.125,0.));
#11774 = VERTEX_POINT('',#11775);
#11775 = CARTESIAN_POINT('',(5.85,-0.125,-4.E-02));
#11776 = LINE('',#11777,#11778);
#11777 = CARTESIAN_POINT('',(5.85,-0.125,0.));
#11778 = VECTOR('',#11779,1.);
#11779 = DIRECTION('',(0.,0.,-1.));
#11780 = ORIENTED_EDGE('',*,*,#11781,.T.);
#11781 = EDGE_CURVE('',#11774,#11782,#11784,.T.);
#11782 = VERTEX_POINT('',#11783);
#11783 = CARTESIAN_POINT('',(4.15,-0.125,-4.E-02));
#11784 = CIRCLE('',#11785,0.85);
#11785 = AXIS2_PLACEMENT_3D('',#11786,#11787,#11788);
#11786 = CARTESIAN_POINT('',(5.,-0.125000024751,-4.E-02));
#11787 = DIRECTION('',(0.,0.,-1.));
#11788 = DIRECTION('',(1.,2.91187624013E-08,0.));
#11789 = ORIENTED_EDGE('',*,*,#11790,.F.);
#11790 = EDGE_CURVE('',#11791,#11782,#11793,.T.);
#11791 = VERTEX_POINT('',#11792);
#11792 = CARTESIAN_POINT('',(4.15,-0.125,0.));
#11793 = LINE('',#11794,#11795);
#11794 = CARTESIAN_POINT('',(4.15,-0.125,0.));
#11795 = VECTOR('',#11796,1.);
#11796 = DIRECTION('',(0.,0.,-1.));
#11797 = ORIENTED_EDGE('',*,*,#11798,.F.);
#11798 = EDGE_CURVE('',#11772,#11791,#11799,.T.);
#11799 = CIRCLE('',#11800,0.85);
#11800 = AXIS2_PLACEMENT_3D('',#11801,#11802,#11803);
#11801 = CARTESIAN_POINT('',(5.,-0.125000024751,0.));
#11802 = DIRECTION('',(0.,0.,-1.));
#11803 = DIRECTION('',(1.,2.91187624013E-08,0.));
#11804 = CYLINDRICAL_SURFACE('',#11805,0.85);
#11805 = AXIS2_PLACEMENT_3D('',#11806,#11807,#11808);
#11806 = CARTESIAN_POINT('',(5.,-0.125000024751,0.));
#11807 = DIRECTION('',(-0.,-0.,1.));
#11808 = DIRECTION('',(1.,2.91187624013E-08,0.));
#11809 = ADVANCED_FACE('',(#11810),#11835,.F.);
#11810 = FACE_BOUND('',#11811,.F.);
#11811 = EDGE_LOOP('',(#11812,#11822,#11828,#11829));
#11812 = ORIENTED_EDGE('',*,*,#11813,.T.);
#11813 = EDGE_CURVE('',#11814,#11816,#11818,.T.);
#11814 = VERTEX_POINT('',#11815);
#11815 = CARTESIAN_POINT('',(5.85,0.125,0.));
#11816 = VERTEX_POINT('',#11817);
#11817 = CARTESIAN_POINT('',(5.85,0.125,-4.E-02));
#11818 = LINE('',#11819,#11820);
#11819 = CARTESIAN_POINT('',(5.85,0.125,0.));
#11820 = VECTOR('',#11821,1.);
#11821 = DIRECTION('',(0.,0.,-1.));
#11822 = ORIENTED_EDGE('',*,*,#11823,.T.);
#11823 = EDGE_CURVE('',#11816,#11774,#11824,.T.);
#11824 = LINE('',#11825,#11826);
#11825 = CARTESIAN_POINT('',(5.85,0.125,-4.E-02));
#11826 = VECTOR('',#11827,1.);
#11827 = DIRECTION('',(0.,-1.,0.));
#11828 = ORIENTED_EDGE('',*,*,#11771,.F.);
#11829 = ORIENTED_EDGE('',*,*,#11830,.F.);
#11830 = EDGE_CURVE('',#11814,#11772,#11831,.T.);
#11831 = LINE('',#11832,#11833);
#11832 = CARTESIAN_POINT('',(5.85,0.125,0.));
#11833 = VECTOR('',#11834,1.);
#11834 = DIRECTION('',(0.,-1.,0.));
#11835 = PLANE('',#11836);
#11836 = AXIS2_PLACEMENT_3D('',#11837,#11838,#11839);
#11837 = CARTESIAN_POINT('',(5.85,0.125,0.));
#11838 = DIRECTION('',(-1.,-0.,-0.));
#11839 = DIRECTION('',(0.,-1.,0.));
#11840 = ADVANCED_FACE('',(#11841),#11866,.F.);
#11841 = FACE_BOUND('',#11842,.F.);
#11842 = EDGE_LOOP('',(#11843,#11844,#11852,#11860));
#11843 = ORIENTED_EDGE('',*,*,#11790,.T.);
#11844 = ORIENTED_EDGE('',*,*,#11845,.T.);
#11845 = EDGE_CURVE('',#11782,#11846,#11848,.T.);
#11846 = VERTEX_POINT('',#11847);
#11847 = CARTESIAN_POINT('',(4.15,0.125,-4.E-02));
#11848 = LINE('',#11849,#11850);
#11849 = CARTESIAN_POINT('',(4.15,-0.125,-4.E-02));
#11850 = VECTOR('',#11851,1.);
#11851 = DIRECTION('',(0.,1.,0.));
#11852 = ORIENTED_EDGE('',*,*,#11853,.F.);
#11853 = EDGE_CURVE('',#11854,#11846,#11856,.T.);
#11854 = VERTEX_POINT('',#11855);
#11855 = CARTESIAN_POINT('',(4.15,0.125,0.));
#11856 = LINE('',#11857,#11858);
#11857 = CARTESIAN_POINT('',(4.15,0.125,0.));
#11858 = VECTOR('',#11859,1.);
#11859 = DIRECTION('',(0.,0.,-1.));
#11860 = ORIENTED_EDGE('',*,*,#11861,.F.);
#11861 = EDGE_CURVE('',#11791,#11854,#11862,.T.);
#11862 = LINE('',#11863,#11864);
#11863 = CARTESIAN_POINT('',(4.15,-0.125,0.));
#11864 = VECTOR('',#11865,1.);
#11865 = DIRECTION('',(0.,1.,0.));
#11866 = PLANE('',#11867);
#11867 = AXIS2_PLACEMENT_3D('',#11868,#11869,#11870);
#11868 = CARTESIAN_POINT('',(4.15,-0.125,0.));
#11869 = DIRECTION('',(1.,-0.,0.));
#11870 = DIRECTION('',(0.,1.,0.));
#11871 = ADVANCED_FACE('',(#11872,#11884),#11895,.F.);
#11872 = FACE_BOUND('',#11873,.F.);
#11873 = EDGE_LOOP('',(#11874,#11875,#11876,#11883));
#11874 = ORIENTED_EDGE('',*,*,#11798,.T.);
#11875 = ORIENTED_EDGE('',*,*,#11861,.T.);
#11876 = ORIENTED_EDGE('',*,*,#11877,.T.);
#11877 = EDGE_CURVE('',#11854,#11814,#11878,.T.);
#11878 = CIRCLE('',#11879,0.85);
#11879 = AXIS2_PLACEMENT_3D('',#11880,#11881,#11882);
#11880 = CARTESIAN_POINT('',(5.,0.124999633951,0.));
#11881 = DIRECTION('',(0.,0.,-1.));
#11882 = DIRECTION('',(-1.,4.306456588227E-07,0.));
#11883 = ORIENTED_EDGE('',*,*,#11830,.T.);
#11884 = FACE_BOUND('',#11885,.F.);
#11885 = EDGE_LOOP('',(#11886));
#11886 = ORIENTED_EDGE('',*,*,#11887,.F.);
#11887 = EDGE_CURVE('',#11888,#11888,#11890,.T.);
#11888 = VERTEX_POINT('',#11889);
#11889 = CARTESIAN_POINT('',(5.,-0.45,0.));
#11890 = CIRCLE('',#11891,0.45);
#11891 = AXIS2_PLACEMENT_3D('',#11892,#11893,#11894);
#11892 = CARTESIAN_POINT('',(5.,-1.665334536938E-16,0.));
#11893 = DIRECTION('',(-0.,0.,-1.));
#11894 = DIRECTION('',(-0.,-1.,0.));
#11895 = PLANE('',#11896);
#11896 = AXIS2_PLACEMENT_3D('',#11897,#11898,#11899);
#11897 = CARTESIAN_POINT('',(0.,0.,0.));
#11898 = DIRECTION('',(-0.,-0.,-1.));
#11899 = DIRECTION('',(-1.,0.,0.));
#11900 = ADVANCED_FACE('',(#11901,#11913),#11924,.T.);
#11901 = FACE_BOUND('',#11902,.T.);
#11902 = EDGE_LOOP('',(#11903,#11904,#11905,#11912));
#11903 = ORIENTED_EDGE('',*,*,#11781,.T.);
#11904 = ORIENTED_EDGE('',*,*,#11845,.T.);
#11905 = ORIENTED_EDGE('',*,*,#11906,.T.);
#11906 = EDGE_CURVE('',#11846,#11816,#11907,.T.);
#11907 = CIRCLE('',#11908,0.85);
#11908 = AXIS2_PLACEMENT_3D('',#11909,#11910,#11911);
#11909 = CARTESIAN_POINT('',(5.,0.124999633951,-4.E-02));
#11910 = DIRECTION('',(0.,0.,-1.));
#11911 = DIRECTION('',(-1.,4.306456588227E-07,0.));
#11912 = ORIENTED_EDGE('',*,*,#11823,.T.);
#11913 = FACE_BOUND('',#11914,.T.);
#11914 = EDGE_LOOP('',(#11915));
#11915 = ORIENTED_EDGE('',*,*,#11916,.F.);
#11916 = EDGE_CURVE('',#11917,#11917,#11919,.T.);
#11917 = VERTEX_POINT('',#11918);
#11918 = CARTESIAN_POINT('',(5.,-0.45,-4.E-02));
#11919 = CIRCLE('',#11920,0.45);
#11920 = AXIS2_PLACEMENT_3D('',#11921,#11922,#11923);
#11921 = CARTESIAN_POINT('',(5.,-1.665334536938E-16,-4.E-02));
#11922 = DIRECTION('',(-0.,0.,-1.));
#11923 = DIRECTION('',(-0.,-1.,0.));
#11924 = PLANE('',#11925);
#11925 = AXIS2_PLACEMENT_3D('',#11926,#11927,#11928);
#11926 = CARTESIAN_POINT('',(0.,0.,-4.E-02));
#11927 = DIRECTION('',(-0.,-0.,-1.));
#11928 = DIRECTION('',(-1.,0.,0.));
#11929 = ADVANCED_FACE('',(#11930),#11936,.T.);
#11930 = FACE_BOUND('',#11931,.F.);
#11931 = EDGE_LOOP('',(#11932,#11933,#11934,#11935));
#11932 = ORIENTED_EDGE('',*,*,#11853,.T.);
#11933 = ORIENTED_EDGE('',*,*,#11906,.T.);
#11934 = ORIENTED_EDGE('',*,*,#11813,.F.);
#11935 = ORIENTED_EDGE('',*,*,#11877,.F.);
#11936 = CYLINDRICAL_SURFACE('',#11937,0.85);
#11937 = AXIS2_PLACEMENT_3D('',#11938,#11939,#11940);
#11938 = CARTESIAN_POINT('',(5.,0.124999633951,0.));
#11939 = DIRECTION('',(-0.,-0.,1.));
#11940 = DIRECTION('',(-1.,4.306456588227E-07,0.));
#11941 = ADVANCED_FACE('',(#11942),#11953,.F.);
#11942 = FACE_BOUND('',#11943,.T.);
#11943 = EDGE_LOOP('',(#11944,#11945,#11951,#11952));
#11944 = ORIENTED_EDGE('',*,*,#11916,.T.);
#11945 = ORIENTED_EDGE('',*,*,#11946,.T.);
#11946 = EDGE_CURVE('',#11917,#11888,#11947,.T.);
#11947 = LINE('',#11948,#11949);
#11948 = CARTESIAN_POINT('',(5.,-0.45,-4.6E-02));
#11949 = VECTOR('',#11950,1.);
#11950 = DIRECTION('',(0.,0.,1.));
#11951 = ORIENTED_EDGE('',*,*,#11887,.F.);
#11952 = ORIENTED_EDGE('',*,*,#11946,.F.);
#11953 = CYLINDRICAL_SURFACE('',#11954,0.45);
#11954 = AXIS2_PLACEMENT_3D('',#11955,#11956,#11957);
#11955 = CARTESIAN_POINT('',(5.,-1.665334536938E-16,-4.6E-02));
#11956 = DIRECTION('',(-0.,-0.,-1.));
#11957 = DIRECTION('',(-0.,-1.,0.));
#11958 = MANIFOLD_SOLID_BREP('',#11959);
#11959 = CLOSED_SHELL('',(#11960,#11993,#12013,#12033));
#11960 = ADVANCED_FACE('',(#11961),#11988,.T.);
#11961 = FACE_BOUND('',#11962,.F.);
#11962 = EDGE_LOOP('',(#11963,#11973,#11980,#11981));
#11963 = ORIENTED_EDGE('',*,*,#11964,.T.);
#11964 = EDGE_CURVE('',#11965,#11967,#11969,.T.);
#11965 = VERTEX_POINT('',#11966);
#11966 = CARTESIAN_POINT('',(5.,-0.475,-4.E-02));
#11967 = VERTEX_POINT('',#11968);
#11968 = CARTESIAN_POINT('',(5.,-0.475,1.55));
#11969 = LINE('',#11970,#11971);
#11970 = CARTESIAN_POINT('',(5.,-0.475,-4.E-02));
#11971 = VECTOR('',#11972,1.);
#11972 = DIRECTION('',(0.,0.,1.));
#11973 = ORIENTED_EDGE('',*,*,#11974,.T.);
#11974 = EDGE_CURVE('',#11967,#11967,#11975,.T.);
#11975 = CIRCLE('',#11976,0.475);
#11976 = AXIS2_PLACEMENT_3D('',#11977,#11978,#11979);
#11977 = CARTESIAN_POINT('',(5.,-2.359223927328E-16,1.55));
#11978 = DIRECTION('',(0.,0.,1.));
#11979 = DIRECTION('',(-0.,-1.,0.));
#11980 = ORIENTED_EDGE('',*,*,#11964,.F.);
#11981 = ORIENTED_EDGE('',*,*,#11982,.F.);
#11982 = EDGE_CURVE('',#11965,#11965,#11983,.T.);
#11983 = CIRCLE('',#11984,0.475);
#11984 = AXIS2_PLACEMENT_3D('',#11985,#11986,#11987);
#11985 = CARTESIAN_POINT('',(5.,-2.359223927328E-16,-4.E-02));
#11986 = DIRECTION('',(0.,0.,1.));
#11987 = DIRECTION('',(-0.,-1.,0.));
#11988 = CYLINDRICAL_SURFACE('',#11989,0.475);
#11989 = AXIS2_PLACEMENT_3D('',#11990,#11991,#11992);
#11990 = CARTESIAN_POINT('',(5.,-2.359223927328E-16,-4.E-02));
#11991 = DIRECTION('',(-0.,-0.,-1.));
#11992 = DIRECTION('',(-0.,-1.,0.));
#11993 = ADVANCED_FACE('',(#11994,#11997),#12008,.F.);
#11994 = FACE_BOUND('',#11995,.F.);
#11995 = EDGE_LOOP('',(#11996));
#11996 = ORIENTED_EDGE('',*,*,#11982,.T.);
#11997 = FACE_BOUND('',#11998,.F.);
#11998 = EDGE_LOOP('',(#11999));
#11999 = ORIENTED_EDGE('',*,*,#12000,.T.);
#12000 = EDGE_CURVE('',#12001,#12001,#12003,.T.);
#12001 = VERTEX_POINT('',#12002);
#12002 = CARTESIAN_POINT('',(5.,-0.45,-4.E-02));
#12003 = CIRCLE('',#12004,0.45);
#12004 = AXIS2_PLACEMENT_3D('',#12005,#12006,#12007);
#12005 = CARTESIAN_POINT('',(5.,-1.665334536938E-16,-4.E-02));
#12006 = DIRECTION('',(-0.,0.,-1.));
#12007 = DIRECTION('',(-0.,-1.,0.));
#12008 = PLANE('',#12009);
#12009 = AXIS2_PLACEMENT_3D('',#12010,#12011,#12012);
#12010 = CARTESIAN_POINT('',(5.,-0.475,-4.E-02));
#12011 = DIRECTION('',(0.,0.,1.));
#12012 = DIRECTION('',(1.,0.,-0.));
#12013 = ADVANCED_FACE('',(#12014,#12017),#12028,.T.);
#12014 = FACE_BOUND('',#12015,.T.);
#12015 = EDGE_LOOP('',(#12016));
#12016 = ORIENTED_EDGE('',*,*,#11974,.T.);
#12017 = FACE_BOUND('',#12018,.T.);
#12018 = EDGE_LOOP('',(#12019));
#12019 = ORIENTED_EDGE('',*,*,#12020,.T.);
#12020 = EDGE_CURVE('',#12021,#12021,#12023,.T.);
#12021 = VERTEX_POINT('',#12022);
#12022 = CARTESIAN_POINT('',(5.,-0.45,1.55));
#12023 = CIRCLE('',#12024,0.45);
#12024 = AXIS2_PLACEMENT_3D('',#12025,#12026,#12027);
#12025 = CARTESIAN_POINT('',(5.,-1.665334536938E-16,1.55));
#12026 = DIRECTION('',(-0.,0.,-1.));
#12027 = DIRECTION('',(-0.,-1.,0.));
#12028 = PLANE('',#12029);
#12029 = AXIS2_PLACEMENT_3D('',#12030,#12031,#12032);
#12030 = CARTESIAN_POINT('',(5.,-0.475,1.55));
#12031 = DIRECTION('',(0.,0.,1.));
#12032 = DIRECTION('',(1.,0.,-0.));
#12033 = ADVANCED_FACE('',(#12034),#12045,.F.);
#12034 = FACE_BOUND('',#12035,.T.);
#12035 = EDGE_LOOP('',(#12036,#12037,#12043,#12044));
#12036 = ORIENTED_EDGE('',*,*,#12000,.T.);
#12037 = ORIENTED_EDGE('',*,*,#12038,.T.);
#12038 = EDGE_CURVE('',#12001,#12021,#12039,.T.);
#12039 = LINE('',#12040,#12041);
#12040 = CARTESIAN_POINT('',(5.,-0.45,-4.6E-02));
#12041 = VECTOR('',#12042,1.);
#12042 = DIRECTION('',(0.,0.,1.));
#12043 = ORIENTED_EDGE('',*,*,#12020,.F.);
#12044 = ORIENTED_EDGE('',*,*,#12038,.F.);
#12045 = CYLINDRICAL_SURFACE('',#12046,0.45);
#12046 = AXIS2_PLACEMENT_3D('',#12047,#12048,#12049);
#12047 = CARTESIAN_POINT('',(5.,-1.665334536938E-16,-4.6E-02));
#12048 = DIRECTION('',(-0.,-0.,-1.));
#12049 = DIRECTION('',(-0.,-1.,0.));
#12050 = MANIFOLD_SOLID_BREP('',#12051);
#12051 = CLOSED_SHELL('',(#12052,#12094,#12125,#12156,#12185,#12214,
    #12226));
#12052 = ADVANCED_FACE('',(#12053),#12089,.T.);
#12053 = FACE_BOUND('',#12054,.T.);
#12054 = EDGE_LOOP('',(#12055,#12065,#12074,#12082));
#12055 = ORIENTED_EDGE('',*,*,#12056,.T.);
#12056 = EDGE_CURVE('',#12057,#12059,#12061,.T.);
#12057 = VERTEX_POINT('',#12058);
#12058 = CARTESIAN_POINT('',(8.35,-0.125,1.51));
#12059 = VERTEX_POINT('',#12060);
#12060 = CARTESIAN_POINT('',(8.35,-0.125,1.55));
#12061 = LINE('',#12062,#12063);
#12062 = CARTESIAN_POINT('',(8.35,-0.125,1.51));
#12063 = VECTOR('',#12064,1.);
#12064 = DIRECTION('',(0.,0.,1.));
#12065 = ORIENTED_EDGE('',*,*,#12066,.T.);
#12066 = EDGE_CURVE('',#12059,#12067,#12069,.T.);
#12067 = VERTEX_POINT('',#12068);
#12068 = CARTESIAN_POINT('',(6.65,-0.125,1.55));
#12069 = CIRCLE('',#12070,0.85);
#12070 = AXIS2_PLACEMENT_3D('',#12071,#12072,#12073);
#12071 = CARTESIAN_POINT('',(7.5,-0.125000024751,1.55));
#12072 = DIRECTION('',(0.,0.,-1.));
#12073 = DIRECTION('',(1.,2.91187624013E-08,0.));
#12074 = ORIENTED_EDGE('',*,*,#12075,.F.);
#12075 = EDGE_CURVE('',#12076,#12067,#12078,.T.);
#12076 = VERTEX_POINT('',#12077);
#12077 = CARTESIAN_POINT('',(6.65,-0.125,1.51));
#12078 = LINE('',#12079,#12080);
#12079 = CARTESIAN_POINT('',(6.65,-0.125,1.51));
#12080 = VECTOR('',#12081,1.);
#12081 = DIRECTION('',(0.,0.,1.));
#12082 = ORIENTED_EDGE('',*,*,#12083,.F.);
#12083 = EDGE_CURVE('',#12057,#12076,#12084,.T.);
#12084 = CIRCLE('',#12085,0.85);
#12085 = AXIS2_PLACEMENT_3D('',#12086,#12087,#12088);
#12086 = CARTESIAN_POINT('',(7.5,-0.125000024751,1.51));
#12087 = DIRECTION('',(0.,0.,-1.));
#12088 = DIRECTION('',(1.,2.91187624013E-08,0.));
#12089 = CYLINDRICAL_SURFACE('',#12090,0.85);
#12090 = AXIS2_PLACEMENT_3D('',#12091,#12092,#12093);
#12091 = CARTESIAN_POINT('',(7.5,-0.125000024751,1.51));
#12092 = DIRECTION('',(0.,0.,-1.));
#12093 = DIRECTION('',(1.,2.91187624013E-08,0.));
#12094 = ADVANCED_FACE('',(#12095),#12120,.T.);
#12095 = FACE_BOUND('',#12096,.T.);
#12096 = EDGE_LOOP('',(#12097,#12107,#12113,#12114));
#12097 = ORIENTED_EDGE('',*,*,#12098,.T.);
#12098 = EDGE_CURVE('',#12099,#12101,#12103,.T.);
#12099 = VERTEX_POINT('',#12100);
#12100 = CARTESIAN_POINT('',(8.35,0.125,1.51));
#12101 = VERTEX_POINT('',#12102);
#12102 = CARTESIAN_POINT('',(8.35,0.125,1.55));
#12103 = LINE('',#12104,#12105);
#12104 = CARTESIAN_POINT('',(8.35,0.125,1.51));
#12105 = VECTOR('',#12106,1.);
#12106 = DIRECTION('',(0.,0.,1.));
#12107 = ORIENTED_EDGE('',*,*,#12108,.T.);
#12108 = EDGE_CURVE('',#12101,#12059,#12109,.T.);
#12109 = LINE('',#12110,#12111);
#12110 = CARTESIAN_POINT('',(8.35,0.125,1.55));
#12111 = VECTOR('',#12112,1.);
#12112 = DIRECTION('',(0.,-1.,0.));
#12113 = ORIENTED_EDGE('',*,*,#12056,.F.);
#12114 = ORIENTED_EDGE('',*,*,#12115,.F.);
#12115 = EDGE_CURVE('',#12099,#12057,#12116,.T.);
#12116 = LINE('',#12117,#12118);
#12117 = CARTESIAN_POINT('',(8.35,0.125,1.51));
#12118 = VECTOR('',#12119,1.);
#12119 = DIRECTION('',(0.,-1.,0.));
#12120 = PLANE('',#12121);
#12121 = AXIS2_PLACEMENT_3D('',#12122,#12123,#12124);
#12122 = CARTESIAN_POINT('',(8.35,0.125,1.51));
#12123 = DIRECTION('',(1.,0.,-0.));
#12124 = DIRECTION('',(0.,-1.,0.));
#12125 = ADVANCED_FACE('',(#12126),#12151,.T.);
#12126 = FACE_BOUND('',#12127,.T.);
#12127 = EDGE_LOOP('',(#12128,#12129,#12137,#12145));
#12128 = ORIENTED_EDGE('',*,*,#12075,.T.);
#12129 = ORIENTED_EDGE('',*,*,#12130,.T.);
#12130 = EDGE_CURVE('',#12067,#12131,#12133,.T.);
#12131 = VERTEX_POINT('',#12132);
#12132 = CARTESIAN_POINT('',(6.65,0.125,1.55));
#12133 = LINE('',#12134,#12135);
#12134 = CARTESIAN_POINT('',(6.65,-0.125,1.55));
#12135 = VECTOR('',#12136,1.);
#12136 = DIRECTION('',(0.,1.,0.));
#12137 = ORIENTED_EDGE('',*,*,#12138,.F.);
#12138 = EDGE_CURVE('',#12139,#12131,#12141,.T.);
#12139 = VERTEX_POINT('',#12140);
#12140 = CARTESIAN_POINT('',(6.65,0.125,1.51));
#12141 = LINE('',#12142,#12143);
#12142 = CARTESIAN_POINT('',(6.65,0.125,1.51));
#12143 = VECTOR('',#12144,1.);
#12144 = DIRECTION('',(0.,0.,1.));
#12145 = ORIENTED_EDGE('',*,*,#12146,.F.);
#12146 = EDGE_CURVE('',#12076,#12139,#12147,.T.);
#12147 = LINE('',#12148,#12149);
#12148 = CARTESIAN_POINT('',(6.65,-0.125,1.51));
#12149 = VECTOR('',#12150,1.);
#12150 = DIRECTION('',(0.,1.,0.));
#12151 = PLANE('',#12152);
#12152 = AXIS2_PLACEMENT_3D('',#12153,#12154,#12155);
#12153 = CARTESIAN_POINT('',(6.65,-0.125,1.51));
#12154 = DIRECTION('',(-1.,0.,0.));
#12155 = DIRECTION('',(0.,1.,0.));
#12156 = ADVANCED_FACE('',(#12157,#12169),#12180,.F.);
#12157 = FACE_BOUND('',#12158,.F.);
#12158 = EDGE_LOOP('',(#12159,#12160,#12161,#12168));
#12159 = ORIENTED_EDGE('',*,*,#12083,.F.);
#12160 = ORIENTED_EDGE('',*,*,#12115,.F.);
#12161 = ORIENTED_EDGE('',*,*,#12162,.F.);
#12162 = EDGE_CURVE('',#12139,#12099,#12163,.T.);
#12163 = CIRCLE('',#12164,0.85);
#12164 = AXIS2_PLACEMENT_3D('',#12165,#12166,#12167);
#12165 = CARTESIAN_POINT('',(7.5,0.124999633951,1.51));
#12166 = DIRECTION('',(0.,0.,-1.));
#12167 = DIRECTION('',(-1.,4.306456588227E-07,0.));
#12168 = ORIENTED_EDGE('',*,*,#12146,.F.);
#12169 = FACE_BOUND('',#12170,.F.);
#12170 = EDGE_LOOP('',(#12171));
#12171 = ORIENTED_EDGE('',*,*,#12172,.T.);
#12172 = EDGE_CURVE('',#12173,#12173,#12175,.T.);
#12173 = VERTEX_POINT('',#12174);
#12174 = CARTESIAN_POINT('',(7.5,-0.45,1.51));
#12175 = CIRCLE('',#12176,0.45);
#12176 = AXIS2_PLACEMENT_3D('',#12177,#12178,#12179);
#12177 = CARTESIAN_POINT('',(7.5,-1.665334536938E-16,1.51));
#12178 = DIRECTION('',(-0.,0.,-1.));
#12179 = DIRECTION('',(-0.,-1.,0.));
#12180 = PLANE('',#12181);
#12181 = AXIS2_PLACEMENT_3D('',#12182,#12183,#12184);
#12182 = CARTESIAN_POINT('',(0.,0.,1.51));
#12183 = DIRECTION('',(0.,0.,1.));
#12184 = DIRECTION('',(1.,0.,-0.));
#12185 = ADVANCED_FACE('',(#12186,#12198),#12209,.T.);
#12186 = FACE_BOUND('',#12187,.T.);
#12187 = EDGE_LOOP('',(#12188,#12189,#12190,#12197));
#12188 = ORIENTED_EDGE('',*,*,#12066,.F.);
#12189 = ORIENTED_EDGE('',*,*,#12108,.F.);
#12190 = ORIENTED_EDGE('',*,*,#12191,.F.);
#12191 = EDGE_CURVE('',#12131,#12101,#12192,.T.);
#12192 = CIRCLE('',#12193,0.85);
#12193 = AXIS2_PLACEMENT_3D('',#12194,#12195,#12196);
#12194 = CARTESIAN_POINT('',(7.5,0.124999633951,1.55));
#12195 = DIRECTION('',(0.,0.,-1.));
#12196 = DIRECTION('',(-1.,4.306456588227E-07,0.));
#12197 = ORIENTED_EDGE('',*,*,#12130,.F.);
#12198 = FACE_BOUND('',#12199,.T.);
#12199 = EDGE_LOOP('',(#12200));
#12200 = ORIENTED_EDGE('',*,*,#12201,.T.);
#12201 = EDGE_CURVE('',#12202,#12202,#12204,.T.);
#12202 = VERTEX_POINT('',#12203);
#12203 = CARTESIAN_POINT('',(7.5,-0.45,1.55));
#12204 = CIRCLE('',#12205,0.45);
#12205 = AXIS2_PLACEMENT_3D('',#12206,#12207,#12208);
#12206 = CARTESIAN_POINT('',(7.5,-1.665334536938E-16,1.55));
#12207 = DIRECTION('',(-0.,0.,-1.));
#12208 = DIRECTION('',(-0.,-1.,0.));
#12209 = PLANE('',#12210);
#12210 = AXIS2_PLACEMENT_3D('',#12211,#12212,#12213);
#12211 = CARTESIAN_POINT('',(0.,0.,1.55));
#12212 = DIRECTION('',(0.,0.,1.));
#12213 = DIRECTION('',(1.,0.,-0.));
#12214 = ADVANCED_FACE('',(#12215),#12221,.T.);
#12215 = FACE_BOUND('',#12216,.T.);
#12216 = EDGE_LOOP('',(#12217,#12218,#12219,#12220));
#12217 = ORIENTED_EDGE('',*,*,#12138,.T.);
#12218 = ORIENTED_EDGE('',*,*,#12191,.T.);
#12219 = ORIENTED_EDGE('',*,*,#12098,.F.);
#12220 = ORIENTED_EDGE('',*,*,#12162,.F.);
#12221 = CYLINDRICAL_SURFACE('',#12222,0.85);
#12222 = AXIS2_PLACEMENT_3D('',#12223,#12224,#12225);
#12223 = CARTESIAN_POINT('',(7.5,0.124999633951,1.51));
#12224 = DIRECTION('',(0.,0.,-1.));
#12225 = DIRECTION('',(-1.,4.306456588227E-07,0.));
#12226 = ADVANCED_FACE('',(#12227),#12238,.F.);
#12227 = FACE_BOUND('',#12228,.T.);
#12228 = EDGE_LOOP('',(#12229,#12230,#12236,#12237));
#12229 = ORIENTED_EDGE('',*,*,#12172,.T.);
#12230 = ORIENTED_EDGE('',*,*,#12231,.T.);
#12231 = EDGE_CURVE('',#12173,#12202,#12232,.T.);
#12232 = LINE('',#12233,#12234);
#12233 = CARTESIAN_POINT('',(7.5,-0.45,-4.6E-02));
#12234 = VECTOR('',#12235,1.);
#12235 = DIRECTION('',(0.,0.,1.));
#12236 = ORIENTED_EDGE('',*,*,#12201,.F.);
#12237 = ORIENTED_EDGE('',*,*,#12231,.F.);
#12238 = CYLINDRICAL_SURFACE('',#12239,0.45);
#12239 = AXIS2_PLACEMENT_3D('',#12240,#12241,#12242);
#12240 = CARTESIAN_POINT('',(7.5,-1.665334536938E-16,-4.6E-02));
#12241 = DIRECTION('',(-0.,-0.,-1.));
#12242 = DIRECTION('',(-0.,-1.,0.));
#12243 = MANIFOLD_SOLID_BREP('',#12244);
#12244 = CLOSED_SHELL('',(#12245,#12287,#12318,#12349,#12378,#12407,
    #12419));
#12245 = ADVANCED_FACE('',(#12246),#12282,.T.);
#12246 = FACE_BOUND('',#12247,.F.);
#12247 = EDGE_LOOP('',(#12248,#12258,#12267,#12275));
#12248 = ORIENTED_EDGE('',*,*,#12249,.T.);
#12249 = EDGE_CURVE('',#12250,#12252,#12254,.T.);
#12250 = VERTEX_POINT('',#12251);
#12251 = CARTESIAN_POINT('',(8.35,-0.125,0.));
#12252 = VERTEX_POINT('',#12253);
#12253 = CARTESIAN_POINT('',(8.35,-0.125,-4.E-02));
#12254 = LINE('',#12255,#12256);
#12255 = CARTESIAN_POINT('',(8.35,-0.125,0.));
#12256 = VECTOR('',#12257,1.);
#12257 = DIRECTION('',(0.,0.,-1.));
#12258 = ORIENTED_EDGE('',*,*,#12259,.T.);
#12259 = EDGE_CURVE('',#12252,#12260,#12262,.T.);
#12260 = VERTEX_POINT('',#12261);
#12261 = CARTESIAN_POINT('',(6.65,-0.125,-4.E-02));
#12262 = CIRCLE('',#12263,0.85);
#12263 = AXIS2_PLACEMENT_3D('',#12264,#12265,#12266);
#12264 = CARTESIAN_POINT('',(7.5,-0.125000024751,-4.E-02));
#12265 = DIRECTION('',(0.,0.,-1.));
#12266 = DIRECTION('',(1.,2.91187624013E-08,0.));
#12267 = ORIENTED_EDGE('',*,*,#12268,.F.);
#12268 = EDGE_CURVE('',#12269,#12260,#12271,.T.);
#12269 = VERTEX_POINT('',#12270);
#12270 = CARTESIAN_POINT('',(6.65,-0.125,0.));
#12271 = LINE('',#12272,#12273);
#12272 = CARTESIAN_POINT('',(6.65,-0.125,0.));
#12273 = VECTOR('',#12274,1.);
#12274 = DIRECTION('',(0.,0.,-1.));
#12275 = ORIENTED_EDGE('',*,*,#12276,.F.);
#12276 = EDGE_CURVE('',#12250,#12269,#12277,.T.);
#12277 = CIRCLE('',#12278,0.85);
#12278 = AXIS2_PLACEMENT_3D('',#12279,#12280,#12281);
#12279 = CARTESIAN_POINT('',(7.5,-0.125000024751,0.));
#12280 = DIRECTION('',(0.,0.,-1.));
#12281 = DIRECTION('',(1.,2.91187624013E-08,0.));
#12282 = CYLINDRICAL_SURFACE('',#12283,0.85);
#12283 = AXIS2_PLACEMENT_3D('',#12284,#12285,#12286);
#12284 = CARTESIAN_POINT('',(7.5,-0.125000024751,0.));
#12285 = DIRECTION('',(-0.,-0.,1.));
#12286 = DIRECTION('',(1.,2.91187624013E-08,0.));
#12287 = ADVANCED_FACE('',(#12288),#12313,.F.);
#12288 = FACE_BOUND('',#12289,.F.);
#12289 = EDGE_LOOP('',(#12290,#12300,#12306,#12307));
#12290 = ORIENTED_EDGE('',*,*,#12291,.T.);
#12291 = EDGE_CURVE('',#12292,#12294,#12296,.T.);
#12292 = VERTEX_POINT('',#12293);
#12293 = CARTESIAN_POINT('',(8.35,0.125,0.));
#12294 = VERTEX_POINT('',#12295);
#12295 = CARTESIAN_POINT('',(8.35,0.125,-4.E-02));
#12296 = LINE('',#12297,#12298);
#12297 = CARTESIAN_POINT('',(8.35,0.125,0.));
#12298 = VECTOR('',#12299,1.);
#12299 = DIRECTION('',(0.,0.,-1.));
#12300 = ORIENTED_EDGE('',*,*,#12301,.T.);
#12301 = EDGE_CURVE('',#12294,#12252,#12302,.T.);
#12302 = LINE('',#12303,#12304);
#12303 = CARTESIAN_POINT('',(8.35,0.125,-4.E-02));
#12304 = VECTOR('',#12305,1.);
#12305 = DIRECTION('',(0.,-1.,0.));
#12306 = ORIENTED_EDGE('',*,*,#12249,.F.);
#12307 = ORIENTED_EDGE('',*,*,#12308,.F.);
#12308 = EDGE_CURVE('',#12292,#12250,#12309,.T.);
#12309 = LINE('',#12310,#12311);
#12310 = CARTESIAN_POINT('',(8.35,0.125,0.));
#12311 = VECTOR('',#12312,1.);
#12312 = DIRECTION('',(0.,-1.,0.));
#12313 = PLANE('',#12314);
#12314 = AXIS2_PLACEMENT_3D('',#12315,#12316,#12317);
#12315 = CARTESIAN_POINT('',(8.35,0.125,0.));
#12316 = DIRECTION('',(-1.,-0.,-0.));
#12317 = DIRECTION('',(0.,-1.,0.));
#12318 = ADVANCED_FACE('',(#12319),#12344,.F.);
#12319 = FACE_BOUND('',#12320,.F.);
#12320 = EDGE_LOOP('',(#12321,#12322,#12330,#12338));
#12321 = ORIENTED_EDGE('',*,*,#12268,.T.);
#12322 = ORIENTED_EDGE('',*,*,#12323,.T.);
#12323 = EDGE_CURVE('',#12260,#12324,#12326,.T.);
#12324 = VERTEX_POINT('',#12325);
#12325 = CARTESIAN_POINT('',(6.65,0.125,-4.E-02));
#12326 = LINE('',#12327,#12328);
#12327 = CARTESIAN_POINT('',(6.65,-0.125,-4.E-02));
#12328 = VECTOR('',#12329,1.);
#12329 = DIRECTION('',(0.,1.,0.));
#12330 = ORIENTED_EDGE('',*,*,#12331,.F.);
#12331 = EDGE_CURVE('',#12332,#12324,#12334,.T.);
#12332 = VERTEX_POINT('',#12333);
#12333 = CARTESIAN_POINT('',(6.65,0.125,0.));
#12334 = LINE('',#12335,#12336);
#12335 = CARTESIAN_POINT('',(6.65,0.125,0.));
#12336 = VECTOR('',#12337,1.);
#12337 = DIRECTION('',(0.,0.,-1.));
#12338 = ORIENTED_EDGE('',*,*,#12339,.F.);
#12339 = EDGE_CURVE('',#12269,#12332,#12340,.T.);
#12340 = LINE('',#12341,#12342);
#12341 = CARTESIAN_POINT('',(6.65,-0.125,0.));
#12342 = VECTOR('',#12343,1.);
#12343 = DIRECTION('',(0.,1.,0.));
#12344 = PLANE('',#12345);
#12345 = AXIS2_PLACEMENT_3D('',#12346,#12347,#12348);
#12346 = CARTESIAN_POINT('',(6.65,-0.125,0.));
#12347 = DIRECTION('',(1.,-0.,0.));
#12348 = DIRECTION('',(0.,1.,0.));
#12349 = ADVANCED_FACE('',(#12350,#12362),#12373,.F.);
#12350 = FACE_BOUND('',#12351,.F.);
#12351 = EDGE_LOOP('',(#12352,#12353,#12354,#12361));
#12352 = ORIENTED_EDGE('',*,*,#12276,.T.);
#12353 = ORIENTED_EDGE('',*,*,#12339,.T.);
#12354 = ORIENTED_EDGE('',*,*,#12355,.T.);
#12355 = EDGE_CURVE('',#12332,#12292,#12356,.T.);
#12356 = CIRCLE('',#12357,0.85);
#12357 = AXIS2_PLACEMENT_3D('',#12358,#12359,#12360);
#12358 = CARTESIAN_POINT('',(7.5,0.124999633951,0.));
#12359 = DIRECTION('',(0.,0.,-1.));
#12360 = DIRECTION('',(-1.,4.306456588227E-07,0.));
#12361 = ORIENTED_EDGE('',*,*,#12308,.T.);
#12362 = FACE_BOUND('',#12363,.F.);
#12363 = EDGE_LOOP('',(#12364));
#12364 = ORIENTED_EDGE('',*,*,#12365,.F.);
#12365 = EDGE_CURVE('',#12366,#12366,#12368,.T.);
#12366 = VERTEX_POINT('',#12367);
#12367 = CARTESIAN_POINT('',(7.5,-0.45,0.));
#12368 = CIRCLE('',#12369,0.45);
#12369 = AXIS2_PLACEMENT_3D('',#12370,#12371,#12372);
#12370 = CARTESIAN_POINT('',(7.5,-1.665334536938E-16,0.));
#12371 = DIRECTION('',(-0.,0.,-1.));
#12372 = DIRECTION('',(-0.,-1.,0.));
#12373 = PLANE('',#12374);
#12374 = AXIS2_PLACEMENT_3D('',#12375,#12376,#12377);
#12375 = CARTESIAN_POINT('',(0.,0.,0.));
#12376 = DIRECTION('',(-0.,-0.,-1.));
#12377 = DIRECTION('',(-1.,0.,0.));
#12378 = ADVANCED_FACE('',(#12379,#12391),#12402,.T.);
#12379 = FACE_BOUND('',#12380,.T.);
#12380 = EDGE_LOOP('',(#12381,#12382,#12383,#12390));
#12381 = ORIENTED_EDGE('',*,*,#12259,.T.);
#12382 = ORIENTED_EDGE('',*,*,#12323,.T.);
#12383 = ORIENTED_EDGE('',*,*,#12384,.T.);
#12384 = EDGE_CURVE('',#12324,#12294,#12385,.T.);
#12385 = CIRCLE('',#12386,0.85);
#12386 = AXIS2_PLACEMENT_3D('',#12387,#12388,#12389);
#12387 = CARTESIAN_POINT('',(7.5,0.124999633951,-4.E-02));
#12388 = DIRECTION('',(0.,0.,-1.));
#12389 = DIRECTION('',(-1.,4.306456588227E-07,0.));
#12390 = ORIENTED_EDGE('',*,*,#12301,.T.);
#12391 = FACE_BOUND('',#12392,.T.);
#12392 = EDGE_LOOP('',(#12393));
#12393 = ORIENTED_EDGE('',*,*,#12394,.F.);
#12394 = EDGE_CURVE('',#12395,#12395,#12397,.T.);
#12395 = VERTEX_POINT('',#12396);
#12396 = CARTESIAN_POINT('',(7.5,-0.45,-4.E-02));
#12397 = CIRCLE('',#12398,0.45);
#12398 = AXIS2_PLACEMENT_3D('',#12399,#12400,#12401);
#12399 = CARTESIAN_POINT('',(7.5,-1.665334536938E-16,-4.E-02));
#12400 = DIRECTION('',(-0.,0.,-1.));
#12401 = DIRECTION('',(-0.,-1.,0.));
#12402 = PLANE('',#12403);
#12403 = AXIS2_PLACEMENT_3D('',#12404,#12405,#12406);
#12404 = CARTESIAN_POINT('',(0.,0.,-4.E-02));
#12405 = DIRECTION('',(-0.,-0.,-1.));
#12406 = DIRECTION('',(-1.,0.,0.));
#12407 = ADVANCED_FACE('',(#12408),#12414,.T.);
#12408 = FACE_BOUND('',#12409,.F.);
#12409 = EDGE_LOOP('',(#12410,#12411,#12412,#12413));
#12410 = ORIENTED_EDGE('',*,*,#12331,.T.);
#12411 = ORIENTED_EDGE('',*,*,#12384,.T.);
#12412 = ORIENTED_EDGE('',*,*,#12291,.F.);
#12413 = ORIENTED_EDGE('',*,*,#12355,.F.);
#12414 = CYLINDRICAL_SURFACE('',#12415,0.85);
#12415 = AXIS2_PLACEMENT_3D('',#12416,#12417,#12418);
#12416 = CARTESIAN_POINT('',(7.5,0.124999633951,0.));
#12417 = DIRECTION('',(-0.,-0.,1.));
#12418 = DIRECTION('',(-1.,4.306456588227E-07,0.));
#12419 = ADVANCED_FACE('',(#12420),#12431,.F.);
#12420 = FACE_BOUND('',#12421,.T.);
#12421 = EDGE_LOOP('',(#12422,#12423,#12429,#12430));
#12422 = ORIENTED_EDGE('',*,*,#12394,.T.);
#12423 = ORIENTED_EDGE('',*,*,#12424,.T.);
#12424 = EDGE_CURVE('',#12395,#12366,#12425,.T.);
#12425 = LINE('',#12426,#12427);
#12426 = CARTESIAN_POINT('',(7.5,-0.45,-4.6E-02));
#12427 = VECTOR('',#12428,1.);
#12428 = DIRECTION('',(0.,0.,1.));
#12429 = ORIENTED_EDGE('',*,*,#12365,.F.);
#12430 = ORIENTED_EDGE('',*,*,#12424,.F.);
#12431 = CYLINDRICAL_SURFACE('',#12432,0.45);
#12432 = AXIS2_PLACEMENT_3D('',#12433,#12434,#12435);
#12433 = CARTESIAN_POINT('',(7.5,-1.665334536938E-16,-4.6E-02));
#12434 = DIRECTION('',(-0.,-0.,-1.));
#12435 = DIRECTION('',(-0.,-1.,0.));
#12436 = MANIFOLD_SOLID_BREP('',#12437);
#12437 = CLOSED_SHELL('',(#12438,#12471,#12491,#12511));
#12438 = ADVANCED_FACE('',(#12439),#12466,.T.);
#12439 = FACE_BOUND('',#12440,.F.);
#12440 = EDGE_LOOP('',(#12441,#12451,#12458,#12459));
#12441 = ORIENTED_EDGE('',*,*,#12442,.T.);
#12442 = EDGE_CURVE('',#12443,#12445,#12447,.T.);
#12443 = VERTEX_POINT('',#12444);
#12444 = CARTESIAN_POINT('',(7.5,-0.475,-4.E-02));
#12445 = VERTEX_POINT('',#12446);
#12446 = CARTESIAN_POINT('',(7.5,-0.475,1.55));
#12447 = LINE('',#12448,#12449);
#12448 = CARTESIAN_POINT('',(7.5,-0.475,-4.E-02));
#12449 = VECTOR('',#12450,1.);
#12450 = DIRECTION('',(0.,0.,1.));
#12451 = ORIENTED_EDGE('',*,*,#12452,.T.);
#12452 = EDGE_CURVE('',#12445,#12445,#12453,.T.);
#12453 = CIRCLE('',#12454,0.475);
#12454 = AXIS2_PLACEMENT_3D('',#12455,#12456,#12457);
#12455 = CARTESIAN_POINT('',(7.5,-2.359223927328E-16,1.55));
#12456 = DIRECTION('',(0.,0.,1.));
#12457 = DIRECTION('',(-0.,-1.,0.));
#12458 = ORIENTED_EDGE('',*,*,#12442,.F.);
#12459 = ORIENTED_EDGE('',*,*,#12460,.F.);
#12460 = EDGE_CURVE('',#12443,#12443,#12461,.T.);
#12461 = CIRCLE('',#12462,0.475);
#12462 = AXIS2_PLACEMENT_3D('',#12463,#12464,#12465);
#12463 = CARTESIAN_POINT('',(7.5,-2.359223927328E-16,-4.E-02));
#12464 = DIRECTION('',(0.,0.,1.));
#12465 = DIRECTION('',(-0.,-1.,0.));
#12466 = CYLINDRICAL_SURFACE('',#12467,0.475);
#12467 = AXIS2_PLACEMENT_3D('',#12468,#12469,#12470);
#12468 = CARTESIAN_POINT('',(7.5,-2.359223927328E-16,-4.E-02));
#12469 = DIRECTION('',(-0.,-0.,-1.));
#12470 = DIRECTION('',(-0.,-1.,0.));
#12471 = ADVANCED_FACE('',(#12472,#12475),#12486,.F.);
#12472 = FACE_BOUND('',#12473,.F.);
#12473 = EDGE_LOOP('',(#12474));
#12474 = ORIENTED_EDGE('',*,*,#12460,.T.);
#12475 = FACE_BOUND('',#12476,.F.);
#12476 = EDGE_LOOP('',(#12477));
#12477 = ORIENTED_EDGE('',*,*,#12478,.T.);
#12478 = EDGE_CURVE('',#12479,#12479,#12481,.T.);
#12479 = VERTEX_POINT('',#12480);
#12480 = CARTESIAN_POINT('',(7.5,-0.45,-4.E-02));
#12481 = CIRCLE('',#12482,0.45);
#12482 = AXIS2_PLACEMENT_3D('',#12483,#12484,#12485);
#12483 = CARTESIAN_POINT('',(7.5,-1.665334536938E-16,-4.E-02));
#12484 = DIRECTION('',(-0.,0.,-1.));
#12485 = DIRECTION('',(-0.,-1.,0.));
#12486 = PLANE('',#12487);
#12487 = AXIS2_PLACEMENT_3D('',#12488,#12489,#12490);
#12488 = CARTESIAN_POINT('',(7.5,-0.475,-4.E-02));
#12489 = DIRECTION('',(0.,0.,1.));
#12490 = DIRECTION('',(1.,0.,-0.));
#12491 = ADVANCED_FACE('',(#12492,#12495),#12506,.T.);
#12492 = FACE_BOUND('',#12493,.T.);
#12493 = EDGE_LOOP('',(#12494));
#12494 = ORIENTED_EDGE('',*,*,#12452,.T.);
#12495 = FACE_BOUND('',#12496,.T.);
#12496 = EDGE_LOOP('',(#12497));
#12497 = ORIENTED_EDGE('',*,*,#12498,.T.);
#12498 = EDGE_CURVE('',#12499,#12499,#12501,.T.);
#12499 = VERTEX_POINT('',#12500);
#12500 = CARTESIAN_POINT('',(7.5,-0.45,1.55));
#12501 = CIRCLE('',#12502,0.45);
#12502 = AXIS2_PLACEMENT_3D('',#12503,#12504,#12505);
#12503 = CARTESIAN_POINT('',(7.5,-1.665334536938E-16,1.55));
#12504 = DIRECTION('',(-0.,0.,-1.));
#12505 = DIRECTION('',(-0.,-1.,0.));
#12506 = PLANE('',#12507);
#12507 = AXIS2_PLACEMENT_3D('',#12508,#12509,#12510);
#12508 = CARTESIAN_POINT('',(7.5,-0.475,1.55));
#12509 = DIRECTION('',(0.,0.,1.));
#12510 = DIRECTION('',(1.,0.,-0.));
#12511 = ADVANCED_FACE('',(#12512),#12523,.F.);
#12512 = FACE_BOUND('',#12513,.T.);
#12513 = EDGE_LOOP('',(#12514,#12515,#12521,#12522));
#12514 = ORIENTED_EDGE('',*,*,#12478,.T.);
#12515 = ORIENTED_EDGE('',*,*,#12516,.T.);
#12516 = EDGE_CURVE('',#12479,#12499,#12517,.T.);
#12517 = LINE('',#12518,#12519);
#12518 = CARTESIAN_POINT('',(7.5,-0.45,-4.6E-02));
#12519 = VECTOR('',#12520,1.);
#12520 = DIRECTION('',(0.,0.,1.));
#12521 = ORIENTED_EDGE('',*,*,#12498,.F.);
#12522 = ORIENTED_EDGE('',*,*,#12516,.F.);
#12523 = CYLINDRICAL_SURFACE('',#12524,0.45);
#12524 = AXIS2_PLACEMENT_3D('',#12525,#12526,#12527);
#12525 = CARTESIAN_POINT('',(7.5,-1.665334536938E-16,-4.6E-02));
#12526 = DIRECTION('',(-0.,-0.,-1.));
#12527 = DIRECTION('',(-0.,-1.,0.));
#12528 = MANIFOLD_SOLID_BREP('',#12529);
#12529 = CLOSED_SHELL('',(#12530,#12572,#12603,#12634,#12663,#12692,
    #12704));
#12530 = ADVANCED_FACE('',(#12531),#12567,.T.);
#12531 = FACE_BOUND('',#12532,.T.);
#12532 = EDGE_LOOP('',(#12533,#12543,#12552,#12560));
#12533 = ORIENTED_EDGE('',*,*,#12534,.T.);
#12534 = EDGE_CURVE('',#12535,#12537,#12539,.T.);
#12535 = VERTEX_POINT('',#12536);
#12536 = CARTESIAN_POINT('',(10.85,-0.125,1.51));
#12537 = VERTEX_POINT('',#12538);
#12538 = CARTESIAN_POINT('',(10.85,-0.125,1.55));
#12539 = LINE('',#12540,#12541);
#12540 = CARTESIAN_POINT('',(10.85,-0.125,1.51));
#12541 = VECTOR('',#12542,1.);
#12542 = DIRECTION('',(0.,0.,1.));
#12543 = ORIENTED_EDGE('',*,*,#12544,.T.);
#12544 = EDGE_CURVE('',#12537,#12545,#12547,.T.);
#12545 = VERTEX_POINT('',#12546);
#12546 = CARTESIAN_POINT('',(9.15,-0.125,1.55));
#12547 = CIRCLE('',#12548,0.85);
#12548 = AXIS2_PLACEMENT_3D('',#12549,#12550,#12551);
#12549 = CARTESIAN_POINT('',(10.,-0.125000024751,1.55));
#12550 = DIRECTION('',(0.,0.,-1.));
#12551 = DIRECTION('',(1.,2.911876249926E-08,0.));
#12552 = ORIENTED_EDGE('',*,*,#12553,.F.);
#12553 = EDGE_CURVE('',#12554,#12545,#12556,.T.);
#12554 = VERTEX_POINT('',#12555);
#12555 = CARTESIAN_POINT('',(9.15,-0.125,1.51));
#12556 = LINE('',#12557,#12558);
#12557 = CARTESIAN_POINT('',(9.15,-0.125,1.51));
#12558 = VECTOR('',#12559,1.);
#12559 = DIRECTION('',(0.,0.,1.));
#12560 = ORIENTED_EDGE('',*,*,#12561,.F.);
#12561 = EDGE_CURVE('',#12535,#12554,#12562,.T.);
#12562 = CIRCLE('',#12563,0.85);
#12563 = AXIS2_PLACEMENT_3D('',#12564,#12565,#12566);
#12564 = CARTESIAN_POINT('',(10.,-0.125000024751,1.51));
#12565 = DIRECTION('',(0.,0.,-1.));
#12566 = DIRECTION('',(1.,2.911876249926E-08,0.));
#12567 = CYLINDRICAL_SURFACE('',#12568,0.85);
#12568 = AXIS2_PLACEMENT_3D('',#12569,#12570,#12571);
#12569 = CARTESIAN_POINT('',(10.,-0.125000024751,1.51));
#12570 = DIRECTION('',(0.,0.,-1.));
#12571 = DIRECTION('',(1.,2.911876249926E-08,0.));
#12572 = ADVANCED_FACE('',(#12573),#12598,.T.);
#12573 = FACE_BOUND('',#12574,.T.);
#12574 = EDGE_LOOP('',(#12575,#12585,#12591,#12592));
#12575 = ORIENTED_EDGE('',*,*,#12576,.T.);
#12576 = EDGE_CURVE('',#12577,#12579,#12581,.T.);
#12577 = VERTEX_POINT('',#12578);
#12578 = CARTESIAN_POINT('',(10.85,0.125,1.51));
#12579 = VERTEX_POINT('',#12580);
#12580 = CARTESIAN_POINT('',(10.85,0.125,1.55));
#12581 = LINE('',#12582,#12583);
#12582 = CARTESIAN_POINT('',(10.85,0.125,1.51));
#12583 = VECTOR('',#12584,1.);
#12584 = DIRECTION('',(0.,0.,1.));
#12585 = ORIENTED_EDGE('',*,*,#12586,.T.);
#12586 = EDGE_CURVE('',#12579,#12537,#12587,.T.);
#12587 = LINE('',#12588,#12589);
#12588 = CARTESIAN_POINT('',(10.85,0.125,1.55));
#12589 = VECTOR('',#12590,1.);
#12590 = DIRECTION('',(0.,-1.,0.));
#12591 = ORIENTED_EDGE('',*,*,#12534,.F.);
#12592 = ORIENTED_EDGE('',*,*,#12593,.F.);
#12593 = EDGE_CURVE('',#12577,#12535,#12594,.T.);
#12594 = LINE('',#12595,#12596);
#12595 = CARTESIAN_POINT('',(10.85,0.125,1.51));
#12596 = VECTOR('',#12597,1.);
#12597 = DIRECTION('',(0.,-1.,0.));
#12598 = PLANE('',#12599);
#12599 = AXIS2_PLACEMENT_3D('',#12600,#12601,#12602);
#12600 = CARTESIAN_POINT('',(10.85,0.125,1.51));
#12601 = DIRECTION('',(1.,0.,-0.));
#12602 = DIRECTION('',(0.,-1.,0.));
#12603 = ADVANCED_FACE('',(#12604),#12629,.T.);
#12604 = FACE_BOUND('',#12605,.T.);
#12605 = EDGE_LOOP('',(#12606,#12607,#12615,#12623));
#12606 = ORIENTED_EDGE('',*,*,#12553,.T.);
#12607 = ORIENTED_EDGE('',*,*,#12608,.T.);
#12608 = EDGE_CURVE('',#12545,#12609,#12611,.T.);
#12609 = VERTEX_POINT('',#12610);
#12610 = CARTESIAN_POINT('',(9.15,0.125,1.55));
#12611 = LINE('',#12612,#12613);
#12612 = CARTESIAN_POINT('',(9.15,-0.125,1.55));
#12613 = VECTOR('',#12614,1.);
#12614 = DIRECTION('',(0.,1.,0.));
#12615 = ORIENTED_EDGE('',*,*,#12616,.F.);
#12616 = EDGE_CURVE('',#12617,#12609,#12619,.T.);
#12617 = VERTEX_POINT('',#12618);
#12618 = CARTESIAN_POINT('',(9.15,0.125,1.51));
#12619 = LINE('',#12620,#12621);
#12620 = CARTESIAN_POINT('',(9.15,0.125,1.51));
#12621 = VECTOR('',#12622,1.);
#12622 = DIRECTION('',(0.,0.,1.));
#12623 = ORIENTED_EDGE('',*,*,#12624,.F.);
#12624 = EDGE_CURVE('',#12554,#12617,#12625,.T.);
#12625 = LINE('',#12626,#12627);
#12626 = CARTESIAN_POINT('',(9.15,-0.125,1.51));
#12627 = VECTOR('',#12628,1.);
#12628 = DIRECTION('',(0.,1.,0.));
#12629 = PLANE('',#12630);
#12630 = AXIS2_PLACEMENT_3D('',#12631,#12632,#12633);
#12631 = CARTESIAN_POINT('',(9.15,-0.125,1.51));
#12632 = DIRECTION('',(-1.,0.,0.));
#12633 = DIRECTION('',(0.,1.,0.));
#12634 = ADVANCED_FACE('',(#12635,#12647),#12658,.F.);
#12635 = FACE_BOUND('',#12636,.F.);
#12636 = EDGE_LOOP('',(#12637,#12638,#12639,#12646));
#12637 = ORIENTED_EDGE('',*,*,#12561,.F.);
#12638 = ORIENTED_EDGE('',*,*,#12593,.F.);
#12639 = ORIENTED_EDGE('',*,*,#12640,.F.);
#12640 = EDGE_CURVE('',#12617,#12577,#12641,.T.);
#12641 = CIRCLE('',#12642,0.85);
#12642 = AXIS2_PLACEMENT_3D('',#12643,#12644,#12645);
#12643 = CARTESIAN_POINT('',(10.,0.124999633951,1.51));
#12644 = DIRECTION('',(0.,0.,-1.));
#12645 = DIRECTION('',(-1.,4.306456602921E-07,0.));
#12646 = ORIENTED_EDGE('',*,*,#12624,.F.);
#12647 = FACE_BOUND('',#12648,.F.);
#12648 = EDGE_LOOP('',(#12649));
#12649 = ORIENTED_EDGE('',*,*,#12650,.T.);
#12650 = EDGE_CURVE('',#12651,#12651,#12653,.T.);
#12651 = VERTEX_POINT('',#12652);
#12652 = CARTESIAN_POINT('',(10.,-0.45,1.51));
#12653 = CIRCLE('',#12654,0.45);
#12654 = AXIS2_PLACEMENT_3D('',#12655,#12656,#12657);
#12655 = CARTESIAN_POINT('',(10.,-8.187894806611E-16,1.51));
#12656 = DIRECTION('',(-0.,0.,-1.));
#12657 = DIRECTION('',(-0.,-1.,0.));
#12658 = PLANE('',#12659);
#12659 = AXIS2_PLACEMENT_3D('',#12660,#12661,#12662);
#12660 = CARTESIAN_POINT('',(0.,0.,1.51));
#12661 = DIRECTION('',(0.,0.,1.));
#12662 = DIRECTION('',(1.,0.,-0.));
#12663 = ADVANCED_FACE('',(#12664,#12676),#12687,.T.);
#12664 = FACE_BOUND('',#12665,.T.);
#12665 = EDGE_LOOP('',(#12666,#12667,#12668,#12675));
#12666 = ORIENTED_EDGE('',*,*,#12544,.F.);
#12667 = ORIENTED_EDGE('',*,*,#12586,.F.);
#12668 = ORIENTED_EDGE('',*,*,#12669,.F.);
#12669 = EDGE_CURVE('',#12609,#12579,#12670,.T.);
#12670 = CIRCLE('',#12671,0.85);
#12671 = AXIS2_PLACEMENT_3D('',#12672,#12673,#12674);
#12672 = CARTESIAN_POINT('',(10.,0.124999633951,1.55));
#12673 = DIRECTION('',(0.,0.,-1.));
#12674 = DIRECTION('',(-1.,4.306456602921E-07,0.));
#12675 = ORIENTED_EDGE('',*,*,#12608,.F.);
#12676 = FACE_BOUND('',#12677,.T.);
#12677 = EDGE_LOOP('',(#12678));
#12678 = ORIENTED_EDGE('',*,*,#12679,.T.);
#12679 = EDGE_CURVE('',#12680,#12680,#12682,.T.);
#12680 = VERTEX_POINT('',#12681);
#12681 = CARTESIAN_POINT('',(10.,-0.45,1.55));
#12682 = CIRCLE('',#12683,0.45);
#12683 = AXIS2_PLACEMENT_3D('',#12684,#12685,#12686);
#12684 = CARTESIAN_POINT('',(10.,-8.187894806611E-16,1.55));
#12685 = DIRECTION('',(-0.,0.,-1.));
#12686 = DIRECTION('',(-0.,-1.,0.));
#12687 = PLANE('',#12688);
#12688 = AXIS2_PLACEMENT_3D('',#12689,#12690,#12691);
#12689 = CARTESIAN_POINT('',(0.,0.,1.55));
#12690 = DIRECTION('',(0.,0.,1.));
#12691 = DIRECTION('',(1.,0.,-0.));
#12692 = ADVANCED_FACE('',(#12693),#12699,.T.);
#12693 = FACE_BOUND('',#12694,.T.);
#12694 = EDGE_LOOP('',(#12695,#12696,#12697,#12698));
#12695 = ORIENTED_EDGE('',*,*,#12616,.T.);
#12696 = ORIENTED_EDGE('',*,*,#12669,.T.);
#12697 = ORIENTED_EDGE('',*,*,#12576,.F.);
#12698 = ORIENTED_EDGE('',*,*,#12640,.F.);
#12699 = CYLINDRICAL_SURFACE('',#12700,0.85);
#12700 = AXIS2_PLACEMENT_3D('',#12701,#12702,#12703);
#12701 = CARTESIAN_POINT('',(10.,0.124999633951,1.51));
#12702 = DIRECTION('',(0.,0.,-1.));
#12703 = DIRECTION('',(-1.,4.306456602921E-07,0.));
#12704 = ADVANCED_FACE('',(#12705),#12716,.F.);
#12705 = FACE_BOUND('',#12706,.T.);
#12706 = EDGE_LOOP('',(#12707,#12708,#12714,#12715));
#12707 = ORIENTED_EDGE('',*,*,#12650,.T.);
#12708 = ORIENTED_EDGE('',*,*,#12709,.T.);
#12709 = EDGE_CURVE('',#12651,#12680,#12710,.T.);
#12710 = LINE('',#12711,#12712);
#12711 = CARTESIAN_POINT('',(10.,-0.45,-4.6E-02));
#12712 = VECTOR('',#12713,1.);
#12713 = DIRECTION('',(0.,0.,1.));
#12714 = ORIENTED_EDGE('',*,*,#12679,.F.);
#12715 = ORIENTED_EDGE('',*,*,#12709,.F.);
#12716 = CYLINDRICAL_SURFACE('',#12717,0.45);
#12717 = AXIS2_PLACEMENT_3D('',#12718,#12719,#12720);
#12718 = CARTESIAN_POINT('',(10.,-8.187894806611E-16,-4.6E-02));
#12719 = DIRECTION('',(-0.,-0.,-1.));
#12720 = DIRECTION('',(-0.,-1.,0.));
#12721 = MANIFOLD_SOLID_BREP('',#12722);
#12722 = CLOSED_SHELL('',(#12723,#12765,#12796,#12827,#12856,#12885,
    #12897));
#12723 = ADVANCED_FACE('',(#12724),#12760,.T.);
#12724 = FACE_BOUND('',#12725,.F.);
#12725 = EDGE_LOOP('',(#12726,#12736,#12745,#12753));
#12726 = ORIENTED_EDGE('',*,*,#12727,.T.);
#12727 = EDGE_CURVE('',#12728,#12730,#12732,.T.);
#12728 = VERTEX_POINT('',#12729);
#12729 = CARTESIAN_POINT('',(10.85,-0.125,0.));
#12730 = VERTEX_POINT('',#12731);
#12731 = CARTESIAN_POINT('',(10.85,-0.125,-4.E-02));
#12732 = LINE('',#12733,#12734);
#12733 = CARTESIAN_POINT('',(10.85,-0.125,0.));
#12734 = VECTOR('',#12735,1.);
#12735 = DIRECTION('',(0.,0.,-1.));
#12736 = ORIENTED_EDGE('',*,*,#12737,.T.);
#12737 = EDGE_CURVE('',#12730,#12738,#12740,.T.);
#12738 = VERTEX_POINT('',#12739);
#12739 = CARTESIAN_POINT('',(9.15,-0.125,-4.E-02));
#12740 = CIRCLE('',#12741,0.85);
#12741 = AXIS2_PLACEMENT_3D('',#12742,#12743,#12744);
#12742 = CARTESIAN_POINT('',(10.,-0.125000024751,-4.E-02));
#12743 = DIRECTION('',(0.,0.,-1.));
#12744 = DIRECTION('',(1.,2.911876249926E-08,0.));
#12745 = ORIENTED_EDGE('',*,*,#12746,.F.);
#12746 = EDGE_CURVE('',#12747,#12738,#12749,.T.);
#12747 = VERTEX_POINT('',#12748);
#12748 = CARTESIAN_POINT('',(9.15,-0.125,0.));
#12749 = LINE('',#12750,#12751);
#12750 = CARTESIAN_POINT('',(9.15,-0.125,0.));
#12751 = VECTOR('',#12752,1.);
#12752 = DIRECTION('',(0.,0.,-1.));
#12753 = ORIENTED_EDGE('',*,*,#12754,.F.);
#12754 = EDGE_CURVE('',#12728,#12747,#12755,.T.);
#12755 = CIRCLE('',#12756,0.85);
#12756 = AXIS2_PLACEMENT_3D('',#12757,#12758,#12759);
#12757 = CARTESIAN_POINT('',(10.,-0.125000024751,0.));
#12758 = DIRECTION('',(0.,0.,-1.));
#12759 = DIRECTION('',(1.,2.911876249926E-08,0.));
#12760 = CYLINDRICAL_SURFACE('',#12761,0.85);
#12761 = AXIS2_PLACEMENT_3D('',#12762,#12763,#12764);
#12762 = CARTESIAN_POINT('',(10.,-0.125000024751,0.));
#12763 = DIRECTION('',(-0.,-0.,1.));
#12764 = DIRECTION('',(1.,2.911876249926E-08,0.));
#12765 = ADVANCED_FACE('',(#12766),#12791,.F.);
#12766 = FACE_BOUND('',#12767,.F.);
#12767 = EDGE_LOOP('',(#12768,#12778,#12784,#12785));
#12768 = ORIENTED_EDGE('',*,*,#12769,.T.);
#12769 = EDGE_CURVE('',#12770,#12772,#12774,.T.);
#12770 = VERTEX_POINT('',#12771);
#12771 = CARTESIAN_POINT('',(10.85,0.125,0.));
#12772 = VERTEX_POINT('',#12773);
#12773 = CARTESIAN_POINT('',(10.85,0.125,-4.E-02));
#12774 = LINE('',#12775,#12776);
#12775 = CARTESIAN_POINT('',(10.85,0.125,0.));
#12776 = VECTOR('',#12777,1.);
#12777 = DIRECTION('',(0.,0.,-1.));
#12778 = ORIENTED_EDGE('',*,*,#12779,.T.);
#12779 = EDGE_CURVE('',#12772,#12730,#12780,.T.);
#12780 = LINE('',#12781,#12782);
#12781 = CARTESIAN_POINT('',(10.85,0.125,-4.E-02));
#12782 = VECTOR('',#12783,1.);
#12783 = DIRECTION('',(0.,-1.,0.));
#12784 = ORIENTED_EDGE('',*,*,#12727,.F.);
#12785 = ORIENTED_EDGE('',*,*,#12786,.F.);
#12786 = EDGE_CURVE('',#12770,#12728,#12787,.T.);
#12787 = LINE('',#12788,#12789);
#12788 = CARTESIAN_POINT('',(10.85,0.125,0.));
#12789 = VECTOR('',#12790,1.);
#12790 = DIRECTION('',(0.,-1.,0.));
#12791 = PLANE('',#12792);
#12792 = AXIS2_PLACEMENT_3D('',#12793,#12794,#12795);
#12793 = CARTESIAN_POINT('',(10.85,0.125,0.));
#12794 = DIRECTION('',(-1.,-0.,-0.));
#12795 = DIRECTION('',(0.,-1.,0.));
#12796 = ADVANCED_FACE('',(#12797),#12822,.F.);
#12797 = FACE_BOUND('',#12798,.F.);
#12798 = EDGE_LOOP('',(#12799,#12800,#12808,#12816));
#12799 = ORIENTED_EDGE('',*,*,#12746,.T.);
#12800 = ORIENTED_EDGE('',*,*,#12801,.T.);
#12801 = EDGE_CURVE('',#12738,#12802,#12804,.T.);
#12802 = VERTEX_POINT('',#12803);
#12803 = CARTESIAN_POINT('',(9.15,0.125,-4.E-02));
#12804 = LINE('',#12805,#12806);
#12805 = CARTESIAN_POINT('',(9.15,-0.125,-4.E-02));
#12806 = VECTOR('',#12807,1.);
#12807 = DIRECTION('',(0.,1.,0.));
#12808 = ORIENTED_EDGE('',*,*,#12809,.F.);
#12809 = EDGE_CURVE('',#12810,#12802,#12812,.T.);
#12810 = VERTEX_POINT('',#12811);
#12811 = CARTESIAN_POINT('',(9.15,0.125,0.));
#12812 = LINE('',#12813,#12814);
#12813 = CARTESIAN_POINT('',(9.15,0.125,0.));
#12814 = VECTOR('',#12815,1.);
#12815 = DIRECTION('',(0.,0.,-1.));
#12816 = ORIENTED_EDGE('',*,*,#12817,.F.);
#12817 = EDGE_CURVE('',#12747,#12810,#12818,.T.);
#12818 = LINE('',#12819,#12820);
#12819 = CARTESIAN_POINT('',(9.15,-0.125,0.));
#12820 = VECTOR('',#12821,1.);
#12821 = DIRECTION('',(0.,1.,0.));
#12822 = PLANE('',#12823);
#12823 = AXIS2_PLACEMENT_3D('',#12824,#12825,#12826);
#12824 = CARTESIAN_POINT('',(9.15,-0.125,0.));
#12825 = DIRECTION('',(1.,-0.,0.));
#12826 = DIRECTION('',(0.,1.,0.));
#12827 = ADVANCED_FACE('',(#12828,#12840),#12851,.F.);
#12828 = FACE_BOUND('',#12829,.F.);
#12829 = EDGE_LOOP('',(#12830,#12831,#12832,#12839));
#12830 = ORIENTED_EDGE('',*,*,#12754,.T.);
#12831 = ORIENTED_EDGE('',*,*,#12817,.T.);
#12832 = ORIENTED_EDGE('',*,*,#12833,.T.);
#12833 = EDGE_CURVE('',#12810,#12770,#12834,.T.);
#12834 = CIRCLE('',#12835,0.85);
#12835 = AXIS2_PLACEMENT_3D('',#12836,#12837,#12838);
#12836 = CARTESIAN_POINT('',(10.,0.124999633951,0.));
#12837 = DIRECTION('',(0.,0.,-1.));
#12838 = DIRECTION('',(-1.,4.306456602921E-07,0.));
#12839 = ORIENTED_EDGE('',*,*,#12786,.T.);
#12840 = FACE_BOUND('',#12841,.F.);
#12841 = EDGE_LOOP('',(#12842));
#12842 = ORIENTED_EDGE('',*,*,#12843,.F.);
#12843 = EDGE_CURVE('',#12844,#12844,#12846,.T.);
#12844 = VERTEX_POINT('',#12845);
#12845 = CARTESIAN_POINT('',(10.,-0.45,0.));
#12846 = CIRCLE('',#12847,0.45);
#12847 = AXIS2_PLACEMENT_3D('',#12848,#12849,#12850);
#12848 = CARTESIAN_POINT('',(10.,-8.187894806611E-16,0.));
#12849 = DIRECTION('',(-0.,0.,-1.));
#12850 = DIRECTION('',(-0.,-1.,0.));
#12851 = PLANE('',#12852);
#12852 = AXIS2_PLACEMENT_3D('',#12853,#12854,#12855);
#12853 = CARTESIAN_POINT('',(0.,0.,0.));
#12854 = DIRECTION('',(-0.,-0.,-1.));
#12855 = DIRECTION('',(-1.,0.,0.));
#12856 = ADVANCED_FACE('',(#12857,#12869),#12880,.T.);
#12857 = FACE_BOUND('',#12858,.T.);
#12858 = EDGE_LOOP('',(#12859,#12860,#12861,#12868));
#12859 = ORIENTED_EDGE('',*,*,#12737,.T.);
#12860 = ORIENTED_EDGE('',*,*,#12801,.T.);
#12861 = ORIENTED_EDGE('',*,*,#12862,.T.);
#12862 = EDGE_CURVE('',#12802,#12772,#12863,.T.);
#12863 = CIRCLE('',#12864,0.85);
#12864 = AXIS2_PLACEMENT_3D('',#12865,#12866,#12867);
#12865 = CARTESIAN_POINT('',(10.,0.124999633951,-4.E-02));
#12866 = DIRECTION('',(0.,0.,-1.));
#12867 = DIRECTION('',(-1.,4.306456602921E-07,0.));
#12868 = ORIENTED_EDGE('',*,*,#12779,.T.);
#12869 = FACE_BOUND('',#12870,.T.);
#12870 = EDGE_LOOP('',(#12871));
#12871 = ORIENTED_EDGE('',*,*,#12872,.F.);
#12872 = EDGE_CURVE('',#12873,#12873,#12875,.T.);
#12873 = VERTEX_POINT('',#12874);
#12874 = CARTESIAN_POINT('',(10.,-0.45,-4.E-02));
#12875 = CIRCLE('',#12876,0.45);
#12876 = AXIS2_PLACEMENT_3D('',#12877,#12878,#12879);
#12877 = CARTESIAN_POINT('',(10.,-8.187894806611E-16,-4.E-02));
#12878 = DIRECTION('',(-0.,0.,-1.));
#12879 = DIRECTION('',(-0.,-1.,0.));
#12880 = PLANE('',#12881);
#12881 = AXIS2_PLACEMENT_3D('',#12882,#12883,#12884);
#12882 = CARTESIAN_POINT('',(0.,0.,-4.E-02));
#12883 = DIRECTION('',(-0.,-0.,-1.));
#12884 = DIRECTION('',(-1.,0.,0.));
#12885 = ADVANCED_FACE('',(#12886),#12892,.T.);
#12886 = FACE_BOUND('',#12887,.F.);
#12887 = EDGE_LOOP('',(#12888,#12889,#12890,#12891));
#12888 = ORIENTED_EDGE('',*,*,#12809,.T.);
#12889 = ORIENTED_EDGE('',*,*,#12862,.T.);
#12890 = ORIENTED_EDGE('',*,*,#12769,.F.);
#12891 = ORIENTED_EDGE('',*,*,#12833,.F.);
#12892 = CYLINDRICAL_SURFACE('',#12893,0.85);
#12893 = AXIS2_PLACEMENT_3D('',#12894,#12895,#12896);
#12894 = CARTESIAN_POINT('',(10.,0.124999633951,0.));
#12895 = DIRECTION('',(-0.,-0.,1.));
#12896 = DIRECTION('',(-1.,4.306456602921E-07,0.));
#12897 = ADVANCED_FACE('',(#12898),#12909,.F.);
#12898 = FACE_BOUND('',#12899,.T.);
#12899 = EDGE_LOOP('',(#12900,#12901,#12907,#12908));
#12900 = ORIENTED_EDGE('',*,*,#12872,.T.);
#12901 = ORIENTED_EDGE('',*,*,#12902,.T.);
#12902 = EDGE_CURVE('',#12873,#12844,#12903,.T.);
#12903 = LINE('',#12904,#12905);
#12904 = CARTESIAN_POINT('',(10.,-0.45,-4.6E-02));
#12905 = VECTOR('',#12906,1.);
#12906 = DIRECTION('',(0.,0.,1.));
#12907 = ORIENTED_EDGE('',*,*,#12843,.F.);
#12908 = ORIENTED_EDGE('',*,*,#12902,.F.);
#12909 = CYLINDRICAL_SURFACE('',#12910,0.45);
#12910 = AXIS2_PLACEMENT_3D('',#12911,#12912,#12913);
#12911 = CARTESIAN_POINT('',(10.,-8.187894806611E-16,-4.6E-02));
#12912 = DIRECTION('',(-0.,-0.,-1.));
#12913 = DIRECTION('',(-0.,-1.,0.));
#12914 = MANIFOLD_SOLID_BREP('',#12915);
#12915 = CLOSED_SHELL('',(#12916,#12949,#12969,#12989));
#12916 = ADVANCED_FACE('',(#12917),#12944,.T.);
#12917 = FACE_BOUND('',#12918,.F.);
#12918 = EDGE_LOOP('',(#12919,#12929,#12936,#12937));
#12919 = ORIENTED_EDGE('',*,*,#12920,.T.);
#12920 = EDGE_CURVE('',#12921,#12923,#12925,.T.);
#12921 = VERTEX_POINT('',#12922);
#12922 = CARTESIAN_POINT('',(10.,-0.475,-4.E-02));
#12923 = VERTEX_POINT('',#12924);
#12924 = CARTESIAN_POINT('',(10.,-0.475,1.55));
#12925 = LINE('',#12926,#12927);
#12926 = CARTESIAN_POINT('',(10.,-0.475,-4.E-02));
#12927 = VECTOR('',#12928,1.);
#12928 = DIRECTION('',(0.,0.,1.));
#12929 = ORIENTED_EDGE('',*,*,#12930,.T.);
#12930 = EDGE_CURVE('',#12923,#12923,#12931,.T.);
#12931 = CIRCLE('',#12932,0.475);
#12932 = AXIS2_PLACEMENT_3D('',#12933,#12934,#12935);
#12933 = CARTESIAN_POINT('',(10.,6.106226635438E-16,1.55));
#12934 = DIRECTION('',(0.,0.,1.));
#12935 = DIRECTION('',(-0.,-1.,0.));
#12936 = ORIENTED_EDGE('',*,*,#12920,.F.);
#12937 = ORIENTED_EDGE('',*,*,#12938,.F.);
#12938 = EDGE_CURVE('',#12921,#12921,#12939,.T.);
#12939 = CIRCLE('',#12940,0.475);
#12940 = AXIS2_PLACEMENT_3D('',#12941,#12942,#12943);
#12941 = CARTESIAN_POINT('',(10.,6.106226635438E-16,-4.E-02));
#12942 = DIRECTION('',(0.,0.,1.));
#12943 = DIRECTION('',(-0.,-1.,0.));
#12944 = CYLINDRICAL_SURFACE('',#12945,0.475);
#12945 = AXIS2_PLACEMENT_3D('',#12946,#12947,#12948);
#12946 = CARTESIAN_POINT('',(10.,6.106226635438E-16,-4.E-02));
#12947 = DIRECTION('',(-0.,-0.,-1.));
#12948 = DIRECTION('',(-0.,-1.,0.));
#12949 = ADVANCED_FACE('',(#12950,#12953),#12964,.F.);
#12950 = FACE_BOUND('',#12951,.F.);
#12951 = EDGE_LOOP('',(#12952));
#12952 = ORIENTED_EDGE('',*,*,#12938,.T.);
#12953 = FACE_BOUND('',#12954,.F.);
#12954 = EDGE_LOOP('',(#12955));
#12955 = ORIENTED_EDGE('',*,*,#12956,.T.);
#12956 = EDGE_CURVE('',#12957,#12957,#12959,.T.);
#12957 = VERTEX_POINT('',#12958);
#12958 = CARTESIAN_POINT('',(10.,-0.45,-4.E-02));
#12959 = CIRCLE('',#12960,0.45);
#12960 = AXIS2_PLACEMENT_3D('',#12961,#12962,#12963);
#12961 = CARTESIAN_POINT('',(10.,-8.187894806611E-16,-4.E-02));
#12962 = DIRECTION('',(-0.,0.,-1.));
#12963 = DIRECTION('',(-0.,-1.,0.));
#12964 = PLANE('',#12965);
#12965 = AXIS2_PLACEMENT_3D('',#12966,#12967,#12968);
#12966 = CARTESIAN_POINT('',(10.,-0.475,-4.E-02));
#12967 = DIRECTION('',(0.,0.,1.));
#12968 = DIRECTION('',(1.,0.,-0.));
#12969 = ADVANCED_FACE('',(#12970,#12973),#12984,.T.);
#12970 = FACE_BOUND('',#12971,.T.);
#12971 = EDGE_LOOP('',(#12972));
#12972 = ORIENTED_EDGE('',*,*,#12930,.T.);
#12973 = FACE_BOUND('',#12974,.T.);
#12974 = EDGE_LOOP('',(#12975));
#12975 = ORIENTED_EDGE('',*,*,#12976,.T.);
#12976 = EDGE_CURVE('',#12977,#12977,#12979,.T.);
#12977 = VERTEX_POINT('',#12978);
#12978 = CARTESIAN_POINT('',(10.,-0.45,1.55));
#12979 = CIRCLE('',#12980,0.45);
#12980 = AXIS2_PLACEMENT_3D('',#12981,#12982,#12983);
#12981 = CARTESIAN_POINT('',(10.,-8.187894806611E-16,1.55));
#12982 = DIRECTION('',(-0.,0.,-1.));
#12983 = DIRECTION('',(-0.,-1.,0.));
#12984 = PLANE('',#12985);
#12985 = AXIS2_PLACEMENT_3D('',#12986,#12987,#12988);
#12986 = CARTESIAN_POINT('',(10.,-0.475,1.55));
#12987 = DIRECTION('',(0.,0.,1.));
#12988 = DIRECTION('',(1.,0.,-0.));
#12989 = ADVANCED_FACE('',(#12990),#13001,.F.);
#12990 = FACE_BOUND('',#12991,.T.);
#12991 = EDGE_LOOP('',(#12992,#12993,#12999,#13000));
#12992 = ORIENTED_EDGE('',*,*,#12956,.T.);
#12993 = ORIENTED_EDGE('',*,*,#12994,.T.);
#12994 = EDGE_CURVE('',#12957,#12977,#12995,.T.);
#12995 = LINE('',#12996,#12997);
#12996 = CARTESIAN_POINT('',(10.,-0.45,-4.6E-02));
#12997 = VECTOR('',#12998,1.);
#12998 = DIRECTION('',(0.,0.,1.));
#12999 = ORIENTED_EDGE('',*,*,#12976,.F.);
#13000 = ORIENTED_EDGE('',*,*,#12994,.F.);
#13001 = CYLINDRICAL_SURFACE('',#13002,0.45);
#13002 = AXIS2_PLACEMENT_3D('',#13003,#13004,#13005);
#13003 = CARTESIAN_POINT('',(10.,-8.187894806611E-16,-4.6E-02));
#13004 = DIRECTION('',(-0.,-0.,-1.));
#13005 = DIRECTION('',(-0.,-1.,0.));
#13006 = MANIFOLD_SOLID_BREP('',#13007);
#13007 = CLOSED_SHELL('',(#13008,#13050,#13081,#13112,#13141,#13170,
    #13182));
#13008 = ADVANCED_FACE('',(#13009),#13045,.T.);
#13009 = FACE_BOUND('',#13010,.T.);
#13010 = EDGE_LOOP('',(#13011,#13021,#13030,#13038));
#13011 = ORIENTED_EDGE('',*,*,#13012,.T.);
#13012 = EDGE_CURVE('',#13013,#13015,#13017,.T.);
#13013 = VERTEX_POINT('',#13014);
#13014 = CARTESIAN_POINT('',(13.35,-0.125,1.51));
#13015 = VERTEX_POINT('',#13016);
#13016 = CARTESIAN_POINT('',(13.35,-0.125,1.55));
#13017 = LINE('',#13018,#13019);
#13018 = CARTESIAN_POINT('',(13.35,-0.125,1.51));
#13019 = VECTOR('',#13020,1.);
#13020 = DIRECTION('',(0.,0.,1.));
#13021 = ORIENTED_EDGE('',*,*,#13022,.T.);
#13022 = EDGE_CURVE('',#13015,#13023,#13025,.T.);
#13023 = VERTEX_POINT('',#13024);
#13024 = CARTESIAN_POINT('',(11.65,-0.125,1.55));
#13025 = CIRCLE('',#13026,0.85);
#13026 = AXIS2_PLACEMENT_3D('',#13027,#13028,#13029);
#13027 = CARTESIAN_POINT('',(12.5,-0.125000024751,1.55));
#13028 = DIRECTION('',(0.,0.,-1.));
#13029 = DIRECTION('',(1.,2.911876249926E-08,0.));
#13030 = ORIENTED_EDGE('',*,*,#13031,.F.);
#13031 = EDGE_CURVE('',#13032,#13023,#13034,.T.);
#13032 = VERTEX_POINT('',#13033);
#13033 = CARTESIAN_POINT('',(11.65,-0.125,1.51));
#13034 = LINE('',#13035,#13036);
#13035 = CARTESIAN_POINT('',(11.65,-0.125,1.51));
#13036 = VECTOR('',#13037,1.);
#13037 = DIRECTION('',(0.,0.,1.));
#13038 = ORIENTED_EDGE('',*,*,#13039,.F.);
#13039 = EDGE_CURVE('',#13013,#13032,#13040,.T.);
#13040 = CIRCLE('',#13041,0.85);
#13041 = AXIS2_PLACEMENT_3D('',#13042,#13043,#13044);
#13042 = CARTESIAN_POINT('',(12.5,-0.125000024751,1.51));
#13043 = DIRECTION('',(0.,0.,-1.));
#13044 = DIRECTION('',(1.,2.911876249926E-08,0.));
#13045 = CYLINDRICAL_SURFACE('',#13046,0.85);
#13046 = AXIS2_PLACEMENT_3D('',#13047,#13048,#13049);
#13047 = CARTESIAN_POINT('',(12.5,-0.125000024751,1.51));
#13048 = DIRECTION('',(0.,0.,-1.));
#13049 = DIRECTION('',(1.,2.911876249926E-08,0.));
#13050 = ADVANCED_FACE('',(#13051),#13076,.T.);
#13051 = FACE_BOUND('',#13052,.T.);
#13052 = EDGE_LOOP('',(#13053,#13063,#13069,#13070));
#13053 = ORIENTED_EDGE('',*,*,#13054,.T.);
#13054 = EDGE_CURVE('',#13055,#13057,#13059,.T.);
#13055 = VERTEX_POINT('',#13056);
#13056 = CARTESIAN_POINT('',(13.35,0.125,1.51));
#13057 = VERTEX_POINT('',#13058);
#13058 = CARTESIAN_POINT('',(13.35,0.125,1.55));
#13059 = LINE('',#13060,#13061);
#13060 = CARTESIAN_POINT('',(13.35,0.125,1.51));
#13061 = VECTOR('',#13062,1.);
#13062 = DIRECTION('',(0.,0.,1.));
#13063 = ORIENTED_EDGE('',*,*,#13064,.T.);
#13064 = EDGE_CURVE('',#13057,#13015,#13065,.T.);
#13065 = LINE('',#13066,#13067);
#13066 = CARTESIAN_POINT('',(13.35,0.125,1.55));
#13067 = VECTOR('',#13068,1.);
#13068 = DIRECTION('',(0.,-1.,0.));
#13069 = ORIENTED_EDGE('',*,*,#13012,.F.);
#13070 = ORIENTED_EDGE('',*,*,#13071,.F.);
#13071 = EDGE_CURVE('',#13055,#13013,#13072,.T.);
#13072 = LINE('',#13073,#13074);
#13073 = CARTESIAN_POINT('',(13.35,0.125,1.51));
#13074 = VECTOR('',#13075,1.);
#13075 = DIRECTION('',(0.,-1.,0.));
#13076 = PLANE('',#13077);
#13077 = AXIS2_PLACEMENT_3D('',#13078,#13079,#13080);
#13078 = CARTESIAN_POINT('',(13.35,0.125,1.51));
#13079 = DIRECTION('',(1.,0.,-0.));
#13080 = DIRECTION('',(0.,-1.,0.));
#13081 = ADVANCED_FACE('',(#13082),#13107,.T.);
#13082 = FACE_BOUND('',#13083,.T.);
#13083 = EDGE_LOOP('',(#13084,#13085,#13093,#13101));
#13084 = ORIENTED_EDGE('',*,*,#13031,.T.);
#13085 = ORIENTED_EDGE('',*,*,#13086,.T.);
#13086 = EDGE_CURVE('',#13023,#13087,#13089,.T.);
#13087 = VERTEX_POINT('',#13088);
#13088 = CARTESIAN_POINT('',(11.65,0.125,1.55));
#13089 = LINE('',#13090,#13091);
#13090 = CARTESIAN_POINT('',(11.65,-0.125,1.55));
#13091 = VECTOR('',#13092,1.);
#13092 = DIRECTION('',(0.,1.,0.));
#13093 = ORIENTED_EDGE('',*,*,#13094,.F.);
#13094 = EDGE_CURVE('',#13095,#13087,#13097,.T.);
#13095 = VERTEX_POINT('',#13096);
#13096 = CARTESIAN_POINT('',(11.65,0.125,1.51));
#13097 = LINE('',#13098,#13099);
#13098 = CARTESIAN_POINT('',(11.65,0.125,1.51));
#13099 = VECTOR('',#13100,1.);
#13100 = DIRECTION('',(0.,0.,1.));
#13101 = ORIENTED_EDGE('',*,*,#13102,.F.);
#13102 = EDGE_CURVE('',#13032,#13095,#13103,.T.);
#13103 = LINE('',#13104,#13105);
#13104 = CARTESIAN_POINT('',(11.65,-0.125,1.51));
#13105 = VECTOR('',#13106,1.);
#13106 = DIRECTION('',(0.,1.,0.));
#13107 = PLANE('',#13108);
#13108 = AXIS2_PLACEMENT_3D('',#13109,#13110,#13111);
#13109 = CARTESIAN_POINT('',(11.65,-0.125,1.51));
#13110 = DIRECTION('',(-1.,0.,0.));
#13111 = DIRECTION('',(0.,1.,0.));
#13112 = ADVANCED_FACE('',(#13113,#13125),#13136,.F.);
#13113 = FACE_BOUND('',#13114,.F.);
#13114 = EDGE_LOOP('',(#13115,#13116,#13117,#13124));
#13115 = ORIENTED_EDGE('',*,*,#13039,.F.);
#13116 = ORIENTED_EDGE('',*,*,#13071,.F.);
#13117 = ORIENTED_EDGE('',*,*,#13118,.F.);
#13118 = EDGE_CURVE('',#13095,#13055,#13119,.T.);
#13119 = CIRCLE('',#13120,0.85);
#13120 = AXIS2_PLACEMENT_3D('',#13121,#13122,#13123);
#13121 = CARTESIAN_POINT('',(12.5,0.124999633951,1.51));
#13122 = DIRECTION('',(0.,0.,-1.));
#13123 = DIRECTION('',(-1.,4.306456602921E-07,0.));
#13124 = ORIENTED_EDGE('',*,*,#13102,.F.);
#13125 = FACE_BOUND('',#13126,.F.);
#13126 = EDGE_LOOP('',(#13127));
#13127 = ORIENTED_EDGE('',*,*,#13128,.T.);
#13128 = EDGE_CURVE('',#13129,#13129,#13131,.T.);
#13129 = VERTEX_POINT('',#13130);
#13130 = CARTESIAN_POINT('',(12.5,-0.45,1.51));
#13131 = CIRCLE('',#13132,0.45);
#13132 = AXIS2_PLACEMENT_3D('',#13133,#13134,#13135);
#13133 = CARTESIAN_POINT('',(12.5,-8.187894806611E-16,1.51));
#13134 = DIRECTION('',(-0.,0.,-1.));
#13135 = DIRECTION('',(-0.,-1.,0.));
#13136 = PLANE('',#13137);
#13137 = AXIS2_PLACEMENT_3D('',#13138,#13139,#13140);
#13138 = CARTESIAN_POINT('',(0.,0.,1.51));
#13139 = DIRECTION('',(0.,0.,1.));
#13140 = DIRECTION('',(1.,0.,-0.));
#13141 = ADVANCED_FACE('',(#13142,#13154),#13165,.T.);
#13142 = FACE_BOUND('',#13143,.T.);
#13143 = EDGE_LOOP('',(#13144,#13145,#13146,#13153));
#13144 = ORIENTED_EDGE('',*,*,#13022,.F.);
#13145 = ORIENTED_EDGE('',*,*,#13064,.F.);
#13146 = ORIENTED_EDGE('',*,*,#13147,.F.);
#13147 = EDGE_CURVE('',#13087,#13057,#13148,.T.);
#13148 = CIRCLE('',#13149,0.85);
#13149 = AXIS2_PLACEMENT_3D('',#13150,#13151,#13152);
#13150 = CARTESIAN_POINT('',(12.5,0.124999633951,1.55));
#13151 = DIRECTION('',(0.,0.,-1.));
#13152 = DIRECTION('',(-1.,4.306456602921E-07,0.));
#13153 = ORIENTED_EDGE('',*,*,#13086,.F.);
#13154 = FACE_BOUND('',#13155,.T.);
#13155 = EDGE_LOOP('',(#13156));
#13156 = ORIENTED_EDGE('',*,*,#13157,.T.);
#13157 = EDGE_CURVE('',#13158,#13158,#13160,.T.);
#13158 = VERTEX_POINT('',#13159);
#13159 = CARTESIAN_POINT('',(12.5,-0.45,1.55));
#13160 = CIRCLE('',#13161,0.45);
#13161 = AXIS2_PLACEMENT_3D('',#13162,#13163,#13164);
#13162 = CARTESIAN_POINT('',(12.5,-8.187894806611E-16,1.55));
#13163 = DIRECTION('',(-0.,0.,-1.));
#13164 = DIRECTION('',(-0.,-1.,0.));
#13165 = PLANE('',#13166);
#13166 = AXIS2_PLACEMENT_3D('',#13167,#13168,#13169);
#13167 = CARTESIAN_POINT('',(0.,0.,1.55));
#13168 = DIRECTION('',(0.,0.,1.));
#13169 = DIRECTION('',(1.,0.,-0.));
#13170 = ADVANCED_FACE('',(#13171),#13177,.T.);
#13171 = FACE_BOUND('',#13172,.T.);
#13172 = EDGE_LOOP('',(#13173,#13174,#13175,#13176));
#13173 = ORIENTED_EDGE('',*,*,#13094,.T.);
#13174 = ORIENTED_EDGE('',*,*,#13147,.T.);
#13175 = ORIENTED_EDGE('',*,*,#13054,.F.);
#13176 = ORIENTED_EDGE('',*,*,#13118,.F.);
#13177 = CYLINDRICAL_SURFACE('',#13178,0.85);
#13178 = AXIS2_PLACEMENT_3D('',#13179,#13180,#13181);
#13179 = CARTESIAN_POINT('',(12.5,0.124999633951,1.51));
#13180 = DIRECTION('',(0.,0.,-1.));
#13181 = DIRECTION('',(-1.,4.306456602921E-07,0.));
#13182 = ADVANCED_FACE('',(#13183),#13194,.F.);
#13183 = FACE_BOUND('',#13184,.T.);
#13184 = EDGE_LOOP('',(#13185,#13186,#13192,#13193));
#13185 = ORIENTED_EDGE('',*,*,#13128,.T.);
#13186 = ORIENTED_EDGE('',*,*,#13187,.T.);
#13187 = EDGE_CURVE('',#13129,#13158,#13188,.T.);
#13188 = LINE('',#13189,#13190);
#13189 = CARTESIAN_POINT('',(12.5,-0.45,-4.6E-02));
#13190 = VECTOR('',#13191,1.);
#13191 = DIRECTION('',(0.,0.,1.));
#13192 = ORIENTED_EDGE('',*,*,#13157,.F.);
#13193 = ORIENTED_EDGE('',*,*,#13187,.F.);
#13194 = CYLINDRICAL_SURFACE('',#13195,0.45);
#13195 = AXIS2_PLACEMENT_3D('',#13196,#13197,#13198);
#13196 = CARTESIAN_POINT('',(12.5,-8.187894806611E-16,-4.6E-02));
#13197 = DIRECTION('',(-0.,-0.,-1.));
#13198 = DIRECTION('',(-0.,-1.,0.));
#13199 = MANIFOLD_SOLID_BREP('',#13200);
#13200 = CLOSED_SHELL('',(#13201,#13243,#13274,#13305,#13334,#13363,
    #13375));
#13201 = ADVANCED_FACE('',(#13202),#13238,.T.);
#13202 = FACE_BOUND('',#13203,.F.);
#13203 = EDGE_LOOP('',(#13204,#13214,#13223,#13231));
#13204 = ORIENTED_EDGE('',*,*,#13205,.T.);
#13205 = EDGE_CURVE('',#13206,#13208,#13210,.T.);
#13206 = VERTEX_POINT('',#13207);
#13207 = CARTESIAN_POINT('',(13.35,-0.125,0.));
#13208 = VERTEX_POINT('',#13209);
#13209 = CARTESIAN_POINT('',(13.35,-0.125,-4.E-02));
#13210 = LINE('',#13211,#13212);
#13211 = CARTESIAN_POINT('',(13.35,-0.125,0.));
#13212 = VECTOR('',#13213,1.);
#13213 = DIRECTION('',(0.,0.,-1.));
#13214 = ORIENTED_EDGE('',*,*,#13215,.T.);
#13215 = EDGE_CURVE('',#13208,#13216,#13218,.T.);
#13216 = VERTEX_POINT('',#13217);
#13217 = CARTESIAN_POINT('',(11.65,-0.125,-4.E-02));
#13218 = CIRCLE('',#13219,0.85);
#13219 = AXIS2_PLACEMENT_3D('',#13220,#13221,#13222);
#13220 = CARTESIAN_POINT('',(12.5,-0.125000024751,-4.E-02));
#13221 = DIRECTION('',(0.,0.,-1.));
#13222 = DIRECTION('',(1.,2.911876249926E-08,0.));
#13223 = ORIENTED_EDGE('',*,*,#13224,.F.);
#13224 = EDGE_CURVE('',#13225,#13216,#13227,.T.);
#13225 = VERTEX_POINT('',#13226);
#13226 = CARTESIAN_POINT('',(11.65,-0.125,0.));
#13227 = LINE('',#13228,#13229);
#13228 = CARTESIAN_POINT('',(11.65,-0.125,0.));
#13229 = VECTOR('',#13230,1.);
#13230 = DIRECTION('',(0.,0.,-1.));
#13231 = ORIENTED_EDGE('',*,*,#13232,.F.);
#13232 = EDGE_CURVE('',#13206,#13225,#13233,.T.);
#13233 = CIRCLE('',#13234,0.85);
#13234 = AXIS2_PLACEMENT_3D('',#13235,#13236,#13237);
#13235 = CARTESIAN_POINT('',(12.5,-0.125000024751,0.));
#13236 = DIRECTION('',(0.,0.,-1.));
#13237 = DIRECTION('',(1.,2.911876249926E-08,0.));
#13238 = CYLINDRICAL_SURFACE('',#13239,0.85);
#13239 = AXIS2_PLACEMENT_3D('',#13240,#13241,#13242);
#13240 = CARTESIAN_POINT('',(12.5,-0.125000024751,0.));
#13241 = DIRECTION('',(-0.,-0.,1.));
#13242 = DIRECTION('',(1.,2.911876249926E-08,0.));
#13243 = ADVANCED_FACE('',(#13244),#13269,.F.);
#13244 = FACE_BOUND('',#13245,.F.);
#13245 = EDGE_LOOP('',(#13246,#13256,#13262,#13263));
#13246 = ORIENTED_EDGE('',*,*,#13247,.T.);
#13247 = EDGE_CURVE('',#13248,#13250,#13252,.T.);
#13248 = VERTEX_POINT('',#13249);
#13249 = CARTESIAN_POINT('',(13.35,0.125,0.));
#13250 = VERTEX_POINT('',#13251);
#13251 = CARTESIAN_POINT('',(13.35,0.125,-4.E-02));
#13252 = LINE('',#13253,#13254);
#13253 = CARTESIAN_POINT('',(13.35,0.125,0.));
#13254 = VECTOR('',#13255,1.);
#13255 = DIRECTION('',(0.,0.,-1.));
#13256 = ORIENTED_EDGE('',*,*,#13257,.T.);
#13257 = EDGE_CURVE('',#13250,#13208,#13258,.T.);
#13258 = LINE('',#13259,#13260);
#13259 = CARTESIAN_POINT('',(13.35,0.125,-4.E-02));
#13260 = VECTOR('',#13261,1.);
#13261 = DIRECTION('',(0.,-1.,0.));
#13262 = ORIENTED_EDGE('',*,*,#13205,.F.);
#13263 = ORIENTED_EDGE('',*,*,#13264,.F.);
#13264 = EDGE_CURVE('',#13248,#13206,#13265,.T.);
#13265 = LINE('',#13266,#13267);
#13266 = CARTESIAN_POINT('',(13.35,0.125,0.));
#13267 = VECTOR('',#13268,1.);
#13268 = DIRECTION('',(0.,-1.,0.));
#13269 = PLANE('',#13270);
#13270 = AXIS2_PLACEMENT_3D('',#13271,#13272,#13273);
#13271 = CARTESIAN_POINT('',(13.35,0.125,0.));
#13272 = DIRECTION('',(-1.,-0.,-0.));
#13273 = DIRECTION('',(0.,-1.,0.));
#13274 = ADVANCED_FACE('',(#13275),#13300,.F.);
#13275 = FACE_BOUND('',#13276,.F.);
#13276 = EDGE_LOOP('',(#13277,#13278,#13286,#13294));
#13277 = ORIENTED_EDGE('',*,*,#13224,.T.);
#13278 = ORIENTED_EDGE('',*,*,#13279,.T.);
#13279 = EDGE_CURVE('',#13216,#13280,#13282,.T.);
#13280 = VERTEX_POINT('',#13281);
#13281 = CARTESIAN_POINT('',(11.65,0.125,-4.E-02));
#13282 = LINE('',#13283,#13284);
#13283 = CARTESIAN_POINT('',(11.65,-0.125,-4.E-02));
#13284 = VECTOR('',#13285,1.);
#13285 = DIRECTION('',(0.,1.,0.));
#13286 = ORIENTED_EDGE('',*,*,#13287,.F.);
#13287 = EDGE_CURVE('',#13288,#13280,#13290,.T.);
#13288 = VERTEX_POINT('',#13289);
#13289 = CARTESIAN_POINT('',(11.65,0.125,0.));
#13290 = LINE('',#13291,#13292);
#13291 = CARTESIAN_POINT('',(11.65,0.125,0.));
#13292 = VECTOR('',#13293,1.);
#13293 = DIRECTION('',(0.,0.,-1.));
#13294 = ORIENTED_EDGE('',*,*,#13295,.F.);
#13295 = EDGE_CURVE('',#13225,#13288,#13296,.T.);
#13296 = LINE('',#13297,#13298);
#13297 = CARTESIAN_POINT('',(11.65,-0.125,0.));
#13298 = VECTOR('',#13299,1.);
#13299 = DIRECTION('',(0.,1.,0.));
#13300 = PLANE('',#13301);
#13301 = AXIS2_PLACEMENT_3D('',#13302,#13303,#13304);
#13302 = CARTESIAN_POINT('',(11.65,-0.125,0.));
#13303 = DIRECTION('',(1.,-0.,0.));
#13304 = DIRECTION('',(0.,1.,0.));
#13305 = ADVANCED_FACE('',(#13306,#13318),#13329,.F.);
#13306 = FACE_BOUND('',#13307,.F.);
#13307 = EDGE_LOOP('',(#13308,#13309,#13310,#13317));
#13308 = ORIENTED_EDGE('',*,*,#13232,.T.);
#13309 = ORIENTED_EDGE('',*,*,#13295,.T.);
#13310 = ORIENTED_EDGE('',*,*,#13311,.T.);
#13311 = EDGE_CURVE('',#13288,#13248,#13312,.T.);
#13312 = CIRCLE('',#13313,0.85);
#13313 = AXIS2_PLACEMENT_3D('',#13314,#13315,#13316);
#13314 = CARTESIAN_POINT('',(12.5,0.124999633951,0.));
#13315 = DIRECTION('',(0.,0.,-1.));
#13316 = DIRECTION('',(-1.,4.306456602921E-07,0.));
#13317 = ORIENTED_EDGE('',*,*,#13264,.T.);
#13318 = FACE_BOUND('',#13319,.F.);
#13319 = EDGE_LOOP('',(#13320));
#13320 = ORIENTED_EDGE('',*,*,#13321,.F.);
#13321 = EDGE_CURVE('',#13322,#13322,#13324,.T.);
#13322 = VERTEX_POINT('',#13323);
#13323 = CARTESIAN_POINT('',(12.5,-0.45,0.));
#13324 = CIRCLE('',#13325,0.45);
#13325 = AXIS2_PLACEMENT_3D('',#13326,#13327,#13328);
#13326 = CARTESIAN_POINT('',(12.5,-8.187894806611E-16,0.));
#13327 = DIRECTION('',(-0.,0.,-1.));
#13328 = DIRECTION('',(-0.,-1.,0.));
#13329 = PLANE('',#13330);
#13330 = AXIS2_PLACEMENT_3D('',#13331,#13332,#13333);
#13331 = CARTESIAN_POINT('',(0.,0.,0.));
#13332 = DIRECTION('',(-0.,-0.,-1.));
#13333 = DIRECTION('',(-1.,0.,0.));
#13334 = ADVANCED_FACE('',(#13335,#13347),#13358,.T.);
#13335 = FACE_BOUND('',#13336,.T.);
#13336 = EDGE_LOOP('',(#13337,#13338,#13339,#13346));
#13337 = ORIENTED_EDGE('',*,*,#13215,.T.);
#13338 = ORIENTED_EDGE('',*,*,#13279,.T.);
#13339 = ORIENTED_EDGE('',*,*,#13340,.T.);
#13340 = EDGE_CURVE('',#13280,#13250,#13341,.T.);
#13341 = CIRCLE('',#13342,0.85);
#13342 = AXIS2_PLACEMENT_3D('',#13343,#13344,#13345);
#13343 = CARTESIAN_POINT('',(12.5,0.124999633951,-4.E-02));
#13344 = DIRECTION('',(0.,0.,-1.));
#13345 = DIRECTION('',(-1.,4.306456602921E-07,0.));
#13346 = ORIENTED_EDGE('',*,*,#13257,.T.);
#13347 = FACE_BOUND('',#13348,.T.);
#13348 = EDGE_LOOP('',(#13349));
#13349 = ORIENTED_EDGE('',*,*,#13350,.F.);
#13350 = EDGE_CURVE('',#13351,#13351,#13353,.T.);
#13351 = VERTEX_POINT('',#13352);
#13352 = CARTESIAN_POINT('',(12.5,-0.45,-4.E-02));
#13353 = CIRCLE('',#13354,0.45);
#13354 = AXIS2_PLACEMENT_3D('',#13355,#13356,#13357);
#13355 = CARTESIAN_POINT('',(12.5,-8.187894806611E-16,-4.E-02));
#13356 = DIRECTION('',(-0.,0.,-1.));
#13357 = DIRECTION('',(-0.,-1.,0.));
#13358 = PLANE('',#13359);
#13359 = AXIS2_PLACEMENT_3D('',#13360,#13361,#13362);
#13360 = CARTESIAN_POINT('',(0.,0.,-4.E-02));
#13361 = DIRECTION('',(-0.,-0.,-1.));
#13362 = DIRECTION('',(-1.,0.,0.));
#13363 = ADVANCED_FACE('',(#13364),#13370,.T.);
#13364 = FACE_BOUND('',#13365,.F.);
#13365 = EDGE_LOOP('',(#13366,#13367,#13368,#13369));
#13366 = ORIENTED_EDGE('',*,*,#13287,.T.);
#13367 = ORIENTED_EDGE('',*,*,#13340,.T.);
#13368 = ORIENTED_EDGE('',*,*,#13247,.F.);
#13369 = ORIENTED_EDGE('',*,*,#13311,.F.);
#13370 = CYLINDRICAL_SURFACE('',#13371,0.85);
#13371 = AXIS2_PLACEMENT_3D('',#13372,#13373,#13374);
#13372 = CARTESIAN_POINT('',(12.5,0.124999633951,0.));
#13373 = DIRECTION('',(-0.,-0.,1.));
#13374 = DIRECTION('',(-1.,4.306456602921E-07,0.));
#13375 = ADVANCED_FACE('',(#13376),#13387,.F.);
#13376 = FACE_BOUND('',#13377,.T.);
#13377 = EDGE_LOOP('',(#13378,#13379,#13385,#13386));
#13378 = ORIENTED_EDGE('',*,*,#13350,.T.);
#13379 = ORIENTED_EDGE('',*,*,#13380,.T.);
#13380 = EDGE_CURVE('',#13351,#13322,#13381,.T.);
#13381 = LINE('',#13382,#13383);
#13382 = CARTESIAN_POINT('',(12.5,-0.45,-4.6E-02));
#13383 = VECTOR('',#13384,1.);
#13384 = DIRECTION('',(0.,0.,1.));
#13385 = ORIENTED_EDGE('',*,*,#13321,.F.);
#13386 = ORIENTED_EDGE('',*,*,#13380,.F.);
#13387 = CYLINDRICAL_SURFACE('',#13388,0.45);
#13388 = AXIS2_PLACEMENT_3D('',#13389,#13390,#13391);
#13389 = CARTESIAN_POINT('',(12.5,-8.187894806611E-16,-4.6E-02));
#13390 = DIRECTION('',(-0.,-0.,-1.));
#13391 = DIRECTION('',(-0.,-1.,0.));
#13392 = MANIFOLD_SOLID_BREP('',#13393);
#13393 = CLOSED_SHELL('',(#13394,#13427,#13447,#13467));
#13394 = ADVANCED_FACE('',(#13395),#13422,.T.);
#13395 = FACE_BOUND('',#13396,.F.);
#13396 = EDGE_LOOP('',(#13397,#13407,#13414,#13415));
#13397 = ORIENTED_EDGE('',*,*,#13398,.T.);
#13398 = EDGE_CURVE('',#13399,#13401,#13403,.T.);
#13399 = VERTEX_POINT('',#13400);
#13400 = CARTESIAN_POINT('',(12.5,-0.475,-4.E-02));
#13401 = VERTEX_POINT('',#13402);
#13402 = CARTESIAN_POINT('',(12.5,-0.475,1.55));
#13403 = LINE('',#13404,#13405);
#13404 = CARTESIAN_POINT('',(12.5,-0.475,-4.E-02));
#13405 = VECTOR('',#13406,1.);
#13406 = DIRECTION('',(0.,0.,1.));
#13407 = ORIENTED_EDGE('',*,*,#13408,.T.);
#13408 = EDGE_CURVE('',#13401,#13401,#13409,.T.);
#13409 = CIRCLE('',#13410,0.475);
#13410 = AXIS2_PLACEMENT_3D('',#13411,#13412,#13413);
#13411 = CARTESIAN_POINT('',(12.5,6.106226635438E-16,1.55));
#13412 = DIRECTION('',(0.,0.,1.));
#13413 = DIRECTION('',(-0.,-1.,0.));
#13414 = ORIENTED_EDGE('',*,*,#13398,.F.);
#13415 = ORIENTED_EDGE('',*,*,#13416,.F.);
#13416 = EDGE_CURVE('',#13399,#13399,#13417,.T.);
#13417 = CIRCLE('',#13418,0.475);
#13418 = AXIS2_PLACEMENT_3D('',#13419,#13420,#13421);
#13419 = CARTESIAN_POINT('',(12.5,6.106226635438E-16,-4.E-02));
#13420 = DIRECTION('',(0.,0.,1.));
#13421 = DIRECTION('',(-0.,-1.,0.));
#13422 = CYLINDRICAL_SURFACE('',#13423,0.475);
#13423 = AXIS2_PLACEMENT_3D('',#13424,#13425,#13426);
#13424 = CARTESIAN_POINT('',(12.5,6.106226635438E-16,-4.E-02));
#13425 = DIRECTION('',(-0.,-0.,-1.));
#13426 = DIRECTION('',(-0.,-1.,0.));
#13427 = ADVANCED_FACE('',(#13428,#13431),#13442,.F.);
#13428 = FACE_BOUND('',#13429,.F.);
#13429 = EDGE_LOOP('',(#13430));
#13430 = ORIENTED_EDGE('',*,*,#13416,.T.);
#13431 = FACE_BOUND('',#13432,.F.);
#13432 = EDGE_LOOP('',(#13433));
#13433 = ORIENTED_EDGE('',*,*,#13434,.T.);
#13434 = EDGE_CURVE('',#13435,#13435,#13437,.T.);
#13435 = VERTEX_POINT('',#13436);
#13436 = CARTESIAN_POINT('',(12.5,-0.45,-4.E-02));
#13437 = CIRCLE('',#13438,0.45);
#13438 = AXIS2_PLACEMENT_3D('',#13439,#13440,#13441);
#13439 = CARTESIAN_POINT('',(12.5,-8.187894806611E-16,-4.E-02));
#13440 = DIRECTION('',(-0.,0.,-1.));
#13441 = DIRECTION('',(-0.,-1.,0.));
#13442 = PLANE('',#13443);
#13443 = AXIS2_PLACEMENT_3D('',#13444,#13445,#13446);
#13444 = CARTESIAN_POINT('',(12.5,-0.475,-4.E-02));
#13445 = DIRECTION('',(0.,0.,1.));
#13446 = DIRECTION('',(1.,0.,-0.));
#13447 = ADVANCED_FACE('',(#13448,#13451),#13462,.T.);
#13448 = FACE_BOUND('',#13449,.T.);
#13449 = EDGE_LOOP('',(#13450));
#13450 = ORIENTED_EDGE('',*,*,#13408,.T.);
#13451 = FACE_BOUND('',#13452,.T.);
#13452 = EDGE_LOOP('',(#13453));
#13453 = ORIENTED_EDGE('',*,*,#13454,.T.);
#13454 = EDGE_CURVE('',#13455,#13455,#13457,.T.);
#13455 = VERTEX_POINT('',#13456);
#13456 = CARTESIAN_POINT('',(12.5,-0.45,1.55));
#13457 = CIRCLE('',#13458,0.45);
#13458 = AXIS2_PLACEMENT_3D('',#13459,#13460,#13461);
#13459 = CARTESIAN_POINT('',(12.5,-8.187894806611E-16,1.55));
#13460 = DIRECTION('',(-0.,0.,-1.));
#13461 = DIRECTION('',(-0.,-1.,0.));
#13462 = PLANE('',#13463);
#13463 = AXIS2_PLACEMENT_3D('',#13464,#13465,#13466);
#13464 = CARTESIAN_POINT('',(12.5,-0.475,1.55));
#13465 = DIRECTION('',(0.,0.,1.));
#13466 = DIRECTION('',(1.,0.,-0.));
#13467 = ADVANCED_FACE('',(#13468),#13479,.F.);
#13468 = FACE_BOUND('',#13469,.T.);
#13469 = EDGE_LOOP('',(#13470,#13471,#13477,#13478));
#13470 = ORIENTED_EDGE('',*,*,#13434,.T.);
#13471 = ORIENTED_EDGE('',*,*,#13472,.T.);
#13472 = EDGE_CURVE('',#13435,#13455,#13473,.T.);
#13473 = LINE('',#13474,#13475);
#13474 = CARTESIAN_POINT('',(12.5,-0.45,-4.6E-02));
#13475 = VECTOR('',#13476,1.);
#13476 = DIRECTION('',(0.,0.,1.));
#13477 = ORIENTED_EDGE('',*,*,#13454,.F.);
#13478 = ORIENTED_EDGE('',*,*,#13472,.F.);
#13479 = CYLINDRICAL_SURFACE('',#13480,0.45);
#13480 = AXIS2_PLACEMENT_3D('',#13481,#13482,#13483);
#13481 = CARTESIAN_POINT('',(12.5,-8.187894806611E-16,-4.6E-02));
#13482 = DIRECTION('',(-0.,-0.,-1.));
#13483 = DIRECTION('',(-0.,-1.,0.));
#13484 = MANIFOLD_SOLID_BREP('',#13485);
#13485 = CLOSED_SHELL('',(#13486,#13528,#13559,#13590,#13619,#13648,
    #13660));
#13486 = ADVANCED_FACE('',(#13487),#13523,.T.);
#13487 = FACE_BOUND('',#13488,.T.);
#13488 = EDGE_LOOP('',(#13489,#13499,#13508,#13516));
#13489 = ORIENTED_EDGE('',*,*,#13490,.T.);
#13490 = EDGE_CURVE('',#13491,#13493,#13495,.T.);
#13491 = VERTEX_POINT('',#13492);
#13492 = CARTESIAN_POINT('',(15.85,-0.125,1.51));
#13493 = VERTEX_POINT('',#13494);
#13494 = CARTESIAN_POINT('',(15.85,-0.125,1.55));
#13495 = LINE('',#13496,#13497);
#13496 = CARTESIAN_POINT('',(15.85,-0.125,1.51));
#13497 = VECTOR('',#13498,1.);
#13498 = DIRECTION('',(0.,0.,1.));
#13499 = ORIENTED_EDGE('',*,*,#13500,.T.);
#13500 = EDGE_CURVE('',#13493,#13501,#13503,.T.);
#13501 = VERTEX_POINT('',#13502);
#13502 = CARTESIAN_POINT('',(14.15,-0.125,1.55));
#13503 = CIRCLE('',#13504,0.85);
#13504 = AXIS2_PLACEMENT_3D('',#13505,#13506,#13507);
#13505 = CARTESIAN_POINT('',(15.,-0.125000024751,1.55));
#13506 = DIRECTION('',(0.,0.,-1.));
#13507 = DIRECTION('',(1.,2.911876249926E-08,0.));
#13508 = ORIENTED_EDGE('',*,*,#13509,.F.);
#13509 = EDGE_CURVE('',#13510,#13501,#13512,.T.);
#13510 = VERTEX_POINT('',#13511);
#13511 = CARTESIAN_POINT('',(14.15,-0.125,1.51));
#13512 = LINE('',#13513,#13514);
#13513 = CARTESIAN_POINT('',(14.15,-0.125,1.51));
#13514 = VECTOR('',#13515,1.);
#13515 = DIRECTION('',(0.,0.,1.));
#13516 = ORIENTED_EDGE('',*,*,#13517,.F.);
#13517 = EDGE_CURVE('',#13491,#13510,#13518,.T.);
#13518 = CIRCLE('',#13519,0.85);
#13519 = AXIS2_PLACEMENT_3D('',#13520,#13521,#13522);
#13520 = CARTESIAN_POINT('',(15.,-0.125000024751,1.51));
#13521 = DIRECTION('',(0.,0.,-1.));
#13522 = DIRECTION('',(1.,2.911876249926E-08,0.));
#13523 = CYLINDRICAL_SURFACE('',#13524,0.85);
#13524 = AXIS2_PLACEMENT_3D('',#13525,#13526,#13527);
#13525 = CARTESIAN_POINT('',(15.,-0.125000024751,1.51));
#13526 = DIRECTION('',(0.,0.,-1.));
#13527 = DIRECTION('',(1.,2.911876249926E-08,0.));
#13528 = ADVANCED_FACE('',(#13529),#13554,.T.);
#13529 = FACE_BOUND('',#13530,.T.);
#13530 = EDGE_LOOP('',(#13531,#13541,#13547,#13548));
#13531 = ORIENTED_EDGE('',*,*,#13532,.T.);
#13532 = EDGE_CURVE('',#13533,#13535,#13537,.T.);
#13533 = VERTEX_POINT('',#13534);
#13534 = CARTESIAN_POINT('',(15.85,0.125,1.51));
#13535 = VERTEX_POINT('',#13536);
#13536 = CARTESIAN_POINT('',(15.85,0.125,1.55));
#13537 = LINE('',#13538,#13539);
#13538 = CARTESIAN_POINT('',(15.85,0.125,1.51));
#13539 = VECTOR('',#13540,1.);
#13540 = DIRECTION('',(0.,0.,1.));
#13541 = ORIENTED_EDGE('',*,*,#13542,.T.);
#13542 = EDGE_CURVE('',#13535,#13493,#13543,.T.);
#13543 = LINE('',#13544,#13545);
#13544 = CARTESIAN_POINT('',(15.85,0.125,1.55));
#13545 = VECTOR('',#13546,1.);
#13546 = DIRECTION('',(0.,-1.,0.));
#13547 = ORIENTED_EDGE('',*,*,#13490,.F.);
#13548 = ORIENTED_EDGE('',*,*,#13549,.F.);
#13549 = EDGE_CURVE('',#13533,#13491,#13550,.T.);
#13550 = LINE('',#13551,#13552);
#13551 = CARTESIAN_POINT('',(15.85,0.125,1.51));
#13552 = VECTOR('',#13553,1.);
#13553 = DIRECTION('',(0.,-1.,0.));
#13554 = PLANE('',#13555);
#13555 = AXIS2_PLACEMENT_3D('',#13556,#13557,#13558);
#13556 = CARTESIAN_POINT('',(15.85,0.125,1.51));
#13557 = DIRECTION('',(1.,0.,-0.));
#13558 = DIRECTION('',(0.,-1.,0.));
#13559 = ADVANCED_FACE('',(#13560),#13585,.T.);
#13560 = FACE_BOUND('',#13561,.T.);
#13561 = EDGE_LOOP('',(#13562,#13563,#13571,#13579));
#13562 = ORIENTED_EDGE('',*,*,#13509,.T.);
#13563 = ORIENTED_EDGE('',*,*,#13564,.T.);
#13564 = EDGE_CURVE('',#13501,#13565,#13567,.T.);
#13565 = VERTEX_POINT('',#13566);
#13566 = CARTESIAN_POINT('',(14.15,0.125,1.55));
#13567 = LINE('',#13568,#13569);
#13568 = CARTESIAN_POINT('',(14.15,-0.125,1.55));
#13569 = VECTOR('',#13570,1.);
#13570 = DIRECTION('',(0.,1.,0.));
#13571 = ORIENTED_EDGE('',*,*,#13572,.F.);
#13572 = EDGE_CURVE('',#13573,#13565,#13575,.T.);
#13573 = VERTEX_POINT('',#13574);
#13574 = CARTESIAN_POINT('',(14.15,0.125,1.51));
#13575 = LINE('',#13576,#13577);
#13576 = CARTESIAN_POINT('',(14.15,0.125,1.51));
#13577 = VECTOR('',#13578,1.);
#13578 = DIRECTION('',(0.,0.,1.));
#13579 = ORIENTED_EDGE('',*,*,#13580,.F.);
#13580 = EDGE_CURVE('',#13510,#13573,#13581,.T.);
#13581 = LINE('',#13582,#13583);
#13582 = CARTESIAN_POINT('',(14.15,-0.125,1.51));
#13583 = VECTOR('',#13584,1.);
#13584 = DIRECTION('',(0.,1.,0.));
#13585 = PLANE('',#13586);
#13586 = AXIS2_PLACEMENT_3D('',#13587,#13588,#13589);
#13587 = CARTESIAN_POINT('',(14.15,-0.125,1.51));
#13588 = DIRECTION('',(-1.,0.,0.));
#13589 = DIRECTION('',(0.,1.,0.));
#13590 = ADVANCED_FACE('',(#13591,#13603),#13614,.F.);
#13591 = FACE_BOUND('',#13592,.F.);
#13592 = EDGE_LOOP('',(#13593,#13594,#13595,#13602));
#13593 = ORIENTED_EDGE('',*,*,#13517,.F.);
#13594 = ORIENTED_EDGE('',*,*,#13549,.F.);
#13595 = ORIENTED_EDGE('',*,*,#13596,.F.);
#13596 = EDGE_CURVE('',#13573,#13533,#13597,.T.);
#13597 = CIRCLE('',#13598,0.85);
#13598 = AXIS2_PLACEMENT_3D('',#13599,#13600,#13601);
#13599 = CARTESIAN_POINT('',(15.,0.124999633951,1.51));
#13600 = DIRECTION('',(0.,0.,-1.));
#13601 = DIRECTION('',(-1.,4.306456602921E-07,0.));
#13602 = ORIENTED_EDGE('',*,*,#13580,.F.);
#13603 = FACE_BOUND('',#13604,.F.);
#13604 = EDGE_LOOP('',(#13605));
#13605 = ORIENTED_EDGE('',*,*,#13606,.T.);
#13606 = EDGE_CURVE('',#13607,#13607,#13609,.T.);
#13607 = VERTEX_POINT('',#13608);
#13608 = CARTESIAN_POINT('',(15.,-0.45,1.51));
#13609 = CIRCLE('',#13610,0.45);
#13610 = AXIS2_PLACEMENT_3D('',#13611,#13612,#13613);
#13611 = CARTESIAN_POINT('',(15.,-8.187894806611E-16,1.51));
#13612 = DIRECTION('',(-0.,0.,-1.));
#13613 = DIRECTION('',(-0.,-1.,0.));
#13614 = PLANE('',#13615);
#13615 = AXIS2_PLACEMENT_3D('',#13616,#13617,#13618);
#13616 = CARTESIAN_POINT('',(0.,0.,1.51));
#13617 = DIRECTION('',(0.,0.,1.));
#13618 = DIRECTION('',(1.,0.,-0.));
#13619 = ADVANCED_FACE('',(#13620,#13632),#13643,.T.);
#13620 = FACE_BOUND('',#13621,.T.);
#13621 = EDGE_LOOP('',(#13622,#13623,#13624,#13631));
#13622 = ORIENTED_EDGE('',*,*,#13500,.F.);
#13623 = ORIENTED_EDGE('',*,*,#13542,.F.);
#13624 = ORIENTED_EDGE('',*,*,#13625,.F.);
#13625 = EDGE_CURVE('',#13565,#13535,#13626,.T.);
#13626 = CIRCLE('',#13627,0.85);
#13627 = AXIS2_PLACEMENT_3D('',#13628,#13629,#13630);
#13628 = CARTESIAN_POINT('',(15.,0.124999633951,1.55));
#13629 = DIRECTION('',(0.,0.,-1.));
#13630 = DIRECTION('',(-1.,4.306456602921E-07,0.));
#13631 = ORIENTED_EDGE('',*,*,#13564,.F.);
#13632 = FACE_BOUND('',#13633,.T.);
#13633 = EDGE_LOOP('',(#13634));
#13634 = ORIENTED_EDGE('',*,*,#13635,.T.);
#13635 = EDGE_CURVE('',#13636,#13636,#13638,.T.);
#13636 = VERTEX_POINT('',#13637);
#13637 = CARTESIAN_POINT('',(15.,-0.45,1.55));
#13638 = CIRCLE('',#13639,0.45);
#13639 = AXIS2_PLACEMENT_3D('',#13640,#13641,#13642);
#13640 = CARTESIAN_POINT('',(15.,-8.187894806611E-16,1.55));
#13641 = DIRECTION('',(-0.,0.,-1.));
#13642 = DIRECTION('',(-0.,-1.,0.));
#13643 = PLANE('',#13644);
#13644 = AXIS2_PLACEMENT_3D('',#13645,#13646,#13647);
#13645 = CARTESIAN_POINT('',(0.,0.,1.55));
#13646 = DIRECTION('',(0.,0.,1.));
#13647 = DIRECTION('',(1.,0.,-0.));
#13648 = ADVANCED_FACE('',(#13649),#13655,.T.);
#13649 = FACE_BOUND('',#13650,.T.);
#13650 = EDGE_LOOP('',(#13651,#13652,#13653,#13654));
#13651 = ORIENTED_EDGE('',*,*,#13572,.T.);
#13652 = ORIENTED_EDGE('',*,*,#13625,.T.);
#13653 = ORIENTED_EDGE('',*,*,#13532,.F.);
#13654 = ORIENTED_EDGE('',*,*,#13596,.F.);
#13655 = CYLINDRICAL_SURFACE('',#13656,0.85);
#13656 = AXIS2_PLACEMENT_3D('',#13657,#13658,#13659);
#13657 = CARTESIAN_POINT('',(15.,0.124999633951,1.51));
#13658 = DIRECTION('',(0.,0.,-1.));
#13659 = DIRECTION('',(-1.,4.306456602921E-07,0.));
#13660 = ADVANCED_FACE('',(#13661),#13672,.F.);
#13661 = FACE_BOUND('',#13662,.T.);
#13662 = EDGE_LOOP('',(#13663,#13664,#13670,#13671));
#13663 = ORIENTED_EDGE('',*,*,#13606,.T.);
#13664 = ORIENTED_EDGE('',*,*,#13665,.T.);
#13665 = EDGE_CURVE('',#13607,#13636,#13666,.T.);
#13666 = LINE('',#13667,#13668);
#13667 = CARTESIAN_POINT('',(15.,-0.45,-4.6E-02));
#13668 = VECTOR('',#13669,1.);
#13669 = DIRECTION('',(0.,0.,1.));
#13670 = ORIENTED_EDGE('',*,*,#13635,.F.);
#13671 = ORIENTED_EDGE('',*,*,#13665,.F.);
#13672 = CYLINDRICAL_SURFACE('',#13673,0.45);
#13673 = AXIS2_PLACEMENT_3D('',#13674,#13675,#13676);
#13674 = CARTESIAN_POINT('',(15.,-8.187894806611E-16,-4.6E-02));
#13675 = DIRECTION('',(-0.,-0.,-1.));
#13676 = DIRECTION('',(-0.,-1.,0.));
#13677 = MANIFOLD_SOLID_BREP('',#13678);
#13678 = CLOSED_SHELL('',(#13679,#13721,#13752,#13783,#13812,#13841,
    #13853));
#13679 = ADVANCED_FACE('',(#13680),#13716,.T.);
#13680 = FACE_BOUND('',#13681,.F.);
#13681 = EDGE_LOOP('',(#13682,#13692,#13701,#13709));
#13682 = ORIENTED_EDGE('',*,*,#13683,.T.);
#13683 = EDGE_CURVE('',#13684,#13686,#13688,.T.);
#13684 = VERTEX_POINT('',#13685);
#13685 = CARTESIAN_POINT('',(15.85,-0.125,0.));
#13686 = VERTEX_POINT('',#13687);
#13687 = CARTESIAN_POINT('',(15.85,-0.125,-4.E-02));
#13688 = LINE('',#13689,#13690);
#13689 = CARTESIAN_POINT('',(15.85,-0.125,0.));
#13690 = VECTOR('',#13691,1.);
#13691 = DIRECTION('',(0.,0.,-1.));
#13692 = ORIENTED_EDGE('',*,*,#13693,.T.);
#13693 = EDGE_CURVE('',#13686,#13694,#13696,.T.);
#13694 = VERTEX_POINT('',#13695);
#13695 = CARTESIAN_POINT('',(14.15,-0.125,-4.E-02));
#13696 = CIRCLE('',#13697,0.85);
#13697 = AXIS2_PLACEMENT_3D('',#13698,#13699,#13700);
#13698 = CARTESIAN_POINT('',(15.,-0.125000024751,-4.E-02));
#13699 = DIRECTION('',(0.,0.,-1.));
#13700 = DIRECTION('',(1.,2.911876249926E-08,0.));
#13701 = ORIENTED_EDGE('',*,*,#13702,.F.);
#13702 = EDGE_CURVE('',#13703,#13694,#13705,.T.);
#13703 = VERTEX_POINT('',#13704);
#13704 = CARTESIAN_POINT('',(14.15,-0.125,0.));
#13705 = LINE('',#13706,#13707);
#13706 = CARTESIAN_POINT('',(14.15,-0.125,0.));
#13707 = VECTOR('',#13708,1.);
#13708 = DIRECTION('',(0.,0.,-1.));
#13709 = ORIENTED_EDGE('',*,*,#13710,.F.);
#13710 = EDGE_CURVE('',#13684,#13703,#13711,.T.);
#13711 = CIRCLE('',#13712,0.85);
#13712 = AXIS2_PLACEMENT_3D('',#13713,#13714,#13715);
#13713 = CARTESIAN_POINT('',(15.,-0.125000024751,0.));
#13714 = DIRECTION('',(0.,0.,-1.));
#13715 = DIRECTION('',(1.,2.911876249926E-08,0.));
#13716 = CYLINDRICAL_SURFACE('',#13717,0.85);
#13717 = AXIS2_PLACEMENT_3D('',#13718,#13719,#13720);
#13718 = CARTESIAN_POINT('',(15.,-0.125000024751,0.));
#13719 = DIRECTION('',(-0.,-0.,1.));
#13720 = DIRECTION('',(1.,2.911876249926E-08,0.));
#13721 = ADVANCED_FACE('',(#13722),#13747,.F.);
#13722 = FACE_BOUND('',#13723,.F.);
#13723 = EDGE_LOOP('',(#13724,#13734,#13740,#13741));
#13724 = ORIENTED_EDGE('',*,*,#13725,.T.);
#13725 = EDGE_CURVE('',#13726,#13728,#13730,.T.);
#13726 = VERTEX_POINT('',#13727);
#13727 = CARTESIAN_POINT('',(15.85,0.125,0.));
#13728 = VERTEX_POINT('',#13729);
#13729 = CARTESIAN_POINT('',(15.85,0.125,-4.E-02));
#13730 = LINE('',#13731,#13732);
#13731 = CARTESIAN_POINT('',(15.85,0.125,0.));
#13732 = VECTOR('',#13733,1.);
#13733 = DIRECTION('',(0.,0.,-1.));
#13734 = ORIENTED_EDGE('',*,*,#13735,.T.);
#13735 = EDGE_CURVE('',#13728,#13686,#13736,.T.);
#13736 = LINE('',#13737,#13738);
#13737 = CARTESIAN_POINT('',(15.85,0.125,-4.E-02));
#13738 = VECTOR('',#13739,1.);
#13739 = DIRECTION('',(0.,-1.,0.));
#13740 = ORIENTED_EDGE('',*,*,#13683,.F.);
#13741 = ORIENTED_EDGE('',*,*,#13742,.F.);
#13742 = EDGE_CURVE('',#13726,#13684,#13743,.T.);
#13743 = LINE('',#13744,#13745);
#13744 = CARTESIAN_POINT('',(15.85,0.125,0.));
#13745 = VECTOR('',#13746,1.);
#13746 = DIRECTION('',(0.,-1.,0.));
#13747 = PLANE('',#13748);
#13748 = AXIS2_PLACEMENT_3D('',#13749,#13750,#13751);
#13749 = CARTESIAN_POINT('',(15.85,0.125,0.));
#13750 = DIRECTION('',(-1.,-0.,-0.));
#13751 = DIRECTION('',(0.,-1.,0.));
#13752 = ADVANCED_FACE('',(#13753),#13778,.F.);
#13753 = FACE_BOUND('',#13754,.F.);
#13754 = EDGE_LOOP('',(#13755,#13756,#13764,#13772));
#13755 = ORIENTED_EDGE('',*,*,#13702,.T.);
#13756 = ORIENTED_EDGE('',*,*,#13757,.T.);
#13757 = EDGE_CURVE('',#13694,#13758,#13760,.T.);
#13758 = VERTEX_POINT('',#13759);
#13759 = CARTESIAN_POINT('',(14.15,0.125,-4.E-02));
#13760 = LINE('',#13761,#13762);
#13761 = CARTESIAN_POINT('',(14.15,-0.125,-4.E-02));
#13762 = VECTOR('',#13763,1.);
#13763 = DIRECTION('',(0.,1.,0.));
#13764 = ORIENTED_EDGE('',*,*,#13765,.F.);
#13765 = EDGE_CURVE('',#13766,#13758,#13768,.T.);
#13766 = VERTEX_POINT('',#13767);
#13767 = CARTESIAN_POINT('',(14.15,0.125,0.));
#13768 = LINE('',#13769,#13770);
#13769 = CARTESIAN_POINT('',(14.15,0.125,0.));
#13770 = VECTOR('',#13771,1.);
#13771 = DIRECTION('',(0.,0.,-1.));
#13772 = ORIENTED_EDGE('',*,*,#13773,.F.);
#13773 = EDGE_CURVE('',#13703,#13766,#13774,.T.);
#13774 = LINE('',#13775,#13776);
#13775 = CARTESIAN_POINT('',(14.15,-0.125,0.));
#13776 = VECTOR('',#13777,1.);
#13777 = DIRECTION('',(0.,1.,0.));
#13778 = PLANE('',#13779);
#13779 = AXIS2_PLACEMENT_3D('',#13780,#13781,#13782);
#13780 = CARTESIAN_POINT('',(14.15,-0.125,0.));
#13781 = DIRECTION('',(1.,-0.,0.));
#13782 = DIRECTION('',(0.,1.,0.));
#13783 = ADVANCED_FACE('',(#13784,#13796),#13807,.F.);
#13784 = FACE_BOUND('',#13785,.F.);
#13785 = EDGE_LOOP('',(#13786,#13787,#13788,#13795));
#13786 = ORIENTED_EDGE('',*,*,#13710,.T.);
#13787 = ORIENTED_EDGE('',*,*,#13773,.T.);
#13788 = ORIENTED_EDGE('',*,*,#13789,.T.);
#13789 = EDGE_CURVE('',#13766,#13726,#13790,.T.);
#13790 = CIRCLE('',#13791,0.85);
#13791 = AXIS2_PLACEMENT_3D('',#13792,#13793,#13794);
#13792 = CARTESIAN_POINT('',(15.,0.124999633951,0.));
#13793 = DIRECTION('',(0.,0.,-1.));
#13794 = DIRECTION('',(-1.,4.306456602921E-07,0.));
#13795 = ORIENTED_EDGE('',*,*,#13742,.T.);
#13796 = FACE_BOUND('',#13797,.F.);
#13797 = EDGE_LOOP('',(#13798));
#13798 = ORIENTED_EDGE('',*,*,#13799,.F.);
#13799 = EDGE_CURVE('',#13800,#13800,#13802,.T.);
#13800 = VERTEX_POINT('',#13801);
#13801 = CARTESIAN_POINT('',(15.,-0.45,0.));
#13802 = CIRCLE('',#13803,0.45);
#13803 = AXIS2_PLACEMENT_3D('',#13804,#13805,#13806);
#13804 = CARTESIAN_POINT('',(15.,-8.187894806611E-16,0.));
#13805 = DIRECTION('',(-0.,0.,-1.));
#13806 = DIRECTION('',(-0.,-1.,0.));
#13807 = PLANE('',#13808);
#13808 = AXIS2_PLACEMENT_3D('',#13809,#13810,#13811);
#13809 = CARTESIAN_POINT('',(0.,0.,0.));
#13810 = DIRECTION('',(-0.,-0.,-1.));
#13811 = DIRECTION('',(-1.,0.,0.));
#13812 = ADVANCED_FACE('',(#13813,#13825),#13836,.T.);
#13813 = FACE_BOUND('',#13814,.T.);
#13814 = EDGE_LOOP('',(#13815,#13816,#13817,#13824));
#13815 = ORIENTED_EDGE('',*,*,#13693,.T.);
#13816 = ORIENTED_EDGE('',*,*,#13757,.T.);
#13817 = ORIENTED_EDGE('',*,*,#13818,.T.);
#13818 = EDGE_CURVE('',#13758,#13728,#13819,.T.);
#13819 = CIRCLE('',#13820,0.85);
#13820 = AXIS2_PLACEMENT_3D('',#13821,#13822,#13823);
#13821 = CARTESIAN_POINT('',(15.,0.124999633951,-4.E-02));
#13822 = DIRECTION('',(0.,0.,-1.));
#13823 = DIRECTION('',(-1.,4.306456602921E-07,0.));
#13824 = ORIENTED_EDGE('',*,*,#13735,.T.);
#13825 = FACE_BOUND('',#13826,.T.);
#13826 = EDGE_LOOP('',(#13827));
#13827 = ORIENTED_EDGE('',*,*,#13828,.F.);
#13828 = EDGE_CURVE('',#13829,#13829,#13831,.T.);
#13829 = VERTEX_POINT('',#13830);
#13830 = CARTESIAN_POINT('',(15.,-0.45,-4.E-02));
#13831 = CIRCLE('',#13832,0.45);
#13832 = AXIS2_PLACEMENT_3D('',#13833,#13834,#13835);
#13833 = CARTESIAN_POINT('',(15.,-8.187894806611E-16,-4.E-02));
#13834 = DIRECTION('',(-0.,0.,-1.));
#13835 = DIRECTION('',(-0.,-1.,0.));
#13836 = PLANE('',#13837);
#13837 = AXIS2_PLACEMENT_3D('',#13838,#13839,#13840);
#13838 = CARTESIAN_POINT('',(0.,0.,-4.E-02));
#13839 = DIRECTION('',(-0.,-0.,-1.));
#13840 = DIRECTION('',(-1.,0.,0.));
#13841 = ADVANCED_FACE('',(#13842),#13848,.T.);
#13842 = FACE_BOUND('',#13843,.F.);
#13843 = EDGE_LOOP('',(#13844,#13845,#13846,#13847));
#13844 = ORIENTED_EDGE('',*,*,#13765,.T.);
#13845 = ORIENTED_EDGE('',*,*,#13818,.T.);
#13846 = ORIENTED_EDGE('',*,*,#13725,.F.);
#13847 = ORIENTED_EDGE('',*,*,#13789,.F.);
#13848 = CYLINDRICAL_SURFACE('',#13849,0.85);
#13849 = AXIS2_PLACEMENT_3D('',#13850,#13851,#13852);
#13850 = CARTESIAN_POINT('',(15.,0.124999633951,0.));
#13851 = DIRECTION('',(-0.,-0.,1.));
#13852 = DIRECTION('',(-1.,4.306456602921E-07,0.));
#13853 = ADVANCED_FACE('',(#13854),#13865,.F.);
#13854 = FACE_BOUND('',#13855,.T.);
#13855 = EDGE_LOOP('',(#13856,#13857,#13863,#13864));
#13856 = ORIENTED_EDGE('',*,*,#13828,.T.);
#13857 = ORIENTED_EDGE('',*,*,#13858,.T.);
#13858 = EDGE_CURVE('',#13829,#13800,#13859,.T.);
#13859 = LINE('',#13860,#13861);
#13860 = CARTESIAN_POINT('',(15.,-0.45,-4.6E-02));
#13861 = VECTOR('',#13862,1.);
#13862 = DIRECTION('',(0.,0.,1.));
#13863 = ORIENTED_EDGE('',*,*,#13799,.F.);
#13864 = ORIENTED_EDGE('',*,*,#13858,.F.);
#13865 = CYLINDRICAL_SURFACE('',#13866,0.45);
#13866 = AXIS2_PLACEMENT_3D('',#13867,#13868,#13869);
#13867 = CARTESIAN_POINT('',(15.,-8.187894806611E-16,-4.6E-02));
#13868 = DIRECTION('',(-0.,-0.,-1.));
#13869 = DIRECTION('',(-0.,-1.,0.));
#13870 = MANIFOLD_SOLID_BREP('',#13871);
#13871 = CLOSED_SHELL('',(#13872,#13905,#13925,#13945));
#13872 = ADVANCED_FACE('',(#13873),#13900,.T.);
#13873 = FACE_BOUND('',#13874,.F.);
#13874 = EDGE_LOOP('',(#13875,#13885,#13892,#13893));
#13875 = ORIENTED_EDGE('',*,*,#13876,.T.);
#13876 = EDGE_CURVE('',#13877,#13879,#13881,.T.);
#13877 = VERTEX_POINT('',#13878);
#13878 = CARTESIAN_POINT('',(15.,-0.475,-4.E-02));
#13879 = VERTEX_POINT('',#13880);
#13880 = CARTESIAN_POINT('',(15.,-0.475,1.55));
#13881 = LINE('',#13882,#13883);
#13882 = CARTESIAN_POINT('',(15.,-0.475,-4.E-02));
#13883 = VECTOR('',#13884,1.);
#13884 = DIRECTION('',(0.,0.,1.));
#13885 = ORIENTED_EDGE('',*,*,#13886,.T.);
#13886 = EDGE_CURVE('',#13879,#13879,#13887,.T.);
#13887 = CIRCLE('',#13888,0.475);
#13888 = AXIS2_PLACEMENT_3D('',#13889,#13890,#13891);
#13889 = CARTESIAN_POINT('',(15.,6.106226635438E-16,1.55));
#13890 = DIRECTION('',(0.,0.,1.));
#13891 = DIRECTION('',(-0.,-1.,0.));
#13892 = ORIENTED_EDGE('',*,*,#13876,.F.);
#13893 = ORIENTED_EDGE('',*,*,#13894,.F.);
#13894 = EDGE_CURVE('',#13877,#13877,#13895,.T.);
#13895 = CIRCLE('',#13896,0.475);
#13896 = AXIS2_PLACEMENT_3D('',#13897,#13898,#13899);
#13897 = CARTESIAN_POINT('',(15.,6.106226635438E-16,-4.E-02));
#13898 = DIRECTION('',(0.,0.,1.));
#13899 = DIRECTION('',(-0.,-1.,0.));
#13900 = CYLINDRICAL_SURFACE('',#13901,0.475);
#13901 = AXIS2_PLACEMENT_3D('',#13902,#13903,#13904);
#13902 = CARTESIAN_POINT('',(15.,6.106226635438E-16,-4.E-02));
#13903 = DIRECTION('',(-0.,-0.,-1.));
#13904 = DIRECTION('',(-0.,-1.,0.));
#13905 = ADVANCED_FACE('',(#13906,#13909),#13920,.F.);
#13906 = FACE_BOUND('',#13907,.F.);
#13907 = EDGE_LOOP('',(#13908));
#13908 = ORIENTED_EDGE('',*,*,#13894,.T.);
#13909 = FACE_BOUND('',#13910,.F.);
#13910 = EDGE_LOOP('',(#13911));
#13911 = ORIENTED_EDGE('',*,*,#13912,.T.);
#13912 = EDGE_CURVE('',#13913,#13913,#13915,.T.);
#13913 = VERTEX_POINT('',#13914);
#13914 = CARTESIAN_POINT('',(15.,-0.45,-4.E-02));
#13915 = CIRCLE('',#13916,0.45);
#13916 = AXIS2_PLACEMENT_3D('',#13917,#13918,#13919);
#13917 = CARTESIAN_POINT('',(15.,-8.187894806611E-16,-4.E-02));
#13918 = DIRECTION('',(-0.,0.,-1.));
#13919 = DIRECTION('',(-0.,-1.,0.));
#13920 = PLANE('',#13921);
#13921 = AXIS2_PLACEMENT_3D('',#13922,#13923,#13924);
#13922 = CARTESIAN_POINT('',(15.,-0.475,-4.E-02));
#13923 = DIRECTION('',(0.,0.,1.));
#13924 = DIRECTION('',(1.,0.,-0.));
#13925 = ADVANCED_FACE('',(#13926,#13929),#13940,.T.);
#13926 = FACE_BOUND('',#13927,.T.);
#13927 = EDGE_LOOP('',(#13928));
#13928 = ORIENTED_EDGE('',*,*,#13886,.T.);
#13929 = FACE_BOUND('',#13930,.T.);
#13930 = EDGE_LOOP('',(#13931));
#13931 = ORIENTED_EDGE('',*,*,#13932,.T.);
#13932 = EDGE_CURVE('',#13933,#13933,#13935,.T.);
#13933 = VERTEX_POINT('',#13934);
#13934 = CARTESIAN_POINT('',(15.,-0.45,1.55));
#13935 = CIRCLE('',#13936,0.45);
#13936 = AXIS2_PLACEMENT_3D('',#13937,#13938,#13939);
#13937 = CARTESIAN_POINT('',(15.,-8.187894806611E-16,1.55));
#13938 = DIRECTION('',(-0.,0.,-1.));
#13939 = DIRECTION('',(-0.,-1.,0.));
#13940 = PLANE('',#13941);
#13941 = AXIS2_PLACEMENT_3D('',#13942,#13943,#13944);
#13942 = CARTESIAN_POINT('',(15.,-0.475,1.55));
#13943 = DIRECTION('',(0.,0.,1.));
#13944 = DIRECTION('',(1.,0.,-0.));
#13945 = ADVANCED_FACE('',(#13946),#13957,.F.);
#13946 = FACE_BOUND('',#13947,.T.);
#13947 = EDGE_LOOP('',(#13948,#13949,#13955,#13956));
#13948 = ORIENTED_EDGE('',*,*,#13912,.T.);
#13949 = ORIENTED_EDGE('',*,*,#13950,.T.);
#13950 = EDGE_CURVE('',#13913,#13933,#13951,.T.);
#13951 = LINE('',#13952,#13953);
#13952 = CARTESIAN_POINT('',(15.,-0.45,-4.6E-02));
#13953 = VECTOR('',#13954,1.);
#13954 = DIRECTION('',(0.,0.,1.));
#13955 = ORIENTED_EDGE('',*,*,#13932,.F.);
#13956 = ORIENTED_EDGE('',*,*,#13950,.F.);
#13957 = CYLINDRICAL_SURFACE('',#13958,0.45);
#13958 = AXIS2_PLACEMENT_3D('',#13959,#13960,#13961);
#13959 = CARTESIAN_POINT('',(15.,-8.187894806611E-16,-4.6E-02));
#13960 = DIRECTION('',(-0.,-0.,-1.));
#13961 = DIRECTION('',(-0.,-1.,0.));
#13962 = MANIFOLD_SOLID_BREP('',#13963);
#13963 = CLOSED_SHELL('',(#13964,#14006,#14037,#14068,#14097,#14126,
    #14138));
#13964 = ADVANCED_FACE('',(#13965),#14001,.T.);
#13965 = FACE_BOUND('',#13966,.T.);
#13966 = EDGE_LOOP('',(#13967,#13977,#13986,#13994));
#13967 = ORIENTED_EDGE('',*,*,#13968,.T.);
#13968 = EDGE_CURVE('',#13969,#13971,#13973,.T.);
#13969 = VERTEX_POINT('',#13970);
#13970 = CARTESIAN_POINT('',(18.35,-0.125,1.51));
#13971 = VERTEX_POINT('',#13972);
#13972 = CARTESIAN_POINT('',(18.35,-0.125,1.55));
#13973 = LINE('',#13974,#13975);
#13974 = CARTESIAN_POINT('',(18.35,-0.125,1.51));
#13975 = VECTOR('',#13976,1.);
#13976 = DIRECTION('',(0.,0.,1.));
#13977 = ORIENTED_EDGE('',*,*,#13978,.T.);
#13978 = EDGE_CURVE('',#13971,#13979,#13981,.T.);
#13979 = VERTEX_POINT('',#13980);
#13980 = CARTESIAN_POINT('',(16.65,-0.125,1.55));
#13981 = CIRCLE('',#13982,0.85);
#13982 = AXIS2_PLACEMENT_3D('',#13983,#13984,#13985);
#13983 = CARTESIAN_POINT('',(17.5,-0.125000024751,1.55));
#13984 = DIRECTION('',(0.,0.,-1.));
#13985 = DIRECTION('',(1.,2.91187601482E-08,0.));
#13986 = ORIENTED_EDGE('',*,*,#13987,.F.);
#13987 = EDGE_CURVE('',#13988,#13979,#13990,.T.);
#13988 = VERTEX_POINT('',#13989);
#13989 = CARTESIAN_POINT('',(16.65,-0.125,1.51));
#13990 = LINE('',#13991,#13992);
#13991 = CARTESIAN_POINT('',(16.65,-0.125,1.51));
#13992 = VECTOR('',#13993,1.);
#13993 = DIRECTION('',(0.,0.,1.));
#13994 = ORIENTED_EDGE('',*,*,#13995,.F.);
#13995 = EDGE_CURVE('',#13969,#13988,#13996,.T.);
#13996 = CIRCLE('',#13997,0.85);
#13997 = AXIS2_PLACEMENT_3D('',#13998,#13999,#14000);
#13998 = CARTESIAN_POINT('',(17.5,-0.125000024751,1.51));
#13999 = DIRECTION('',(0.,0.,-1.));
#14000 = DIRECTION('',(1.,2.91187601482E-08,0.));
#14001 = CYLINDRICAL_SURFACE('',#14002,0.85);
#14002 = AXIS2_PLACEMENT_3D('',#14003,#14004,#14005);
#14003 = CARTESIAN_POINT('',(17.5,-0.125000024751,1.51));
#14004 = DIRECTION('',(0.,0.,-1.));
#14005 = DIRECTION('',(1.,2.91187601482E-08,0.));
#14006 = ADVANCED_FACE('',(#14007),#14032,.T.);
#14007 = FACE_BOUND('',#14008,.T.);
#14008 = EDGE_LOOP('',(#14009,#14019,#14025,#14026));
#14009 = ORIENTED_EDGE('',*,*,#14010,.T.);
#14010 = EDGE_CURVE('',#14011,#14013,#14015,.T.);
#14011 = VERTEX_POINT('',#14012);
#14012 = CARTESIAN_POINT('',(18.35,0.125,1.51));
#14013 = VERTEX_POINT('',#14014);
#14014 = CARTESIAN_POINT('',(18.35,0.125,1.55));
#14015 = LINE('',#14016,#14017);
#14016 = CARTESIAN_POINT('',(18.35,0.125,1.51));
#14017 = VECTOR('',#14018,1.);
#14018 = DIRECTION('',(0.,0.,1.));
#14019 = ORIENTED_EDGE('',*,*,#14020,.T.);
#14020 = EDGE_CURVE('',#14013,#13971,#14021,.T.);
#14021 = LINE('',#14022,#14023);
#14022 = CARTESIAN_POINT('',(18.35,0.125,1.55));
#14023 = VECTOR('',#14024,1.);
#14024 = DIRECTION('',(0.,-1.,0.));
#14025 = ORIENTED_EDGE('',*,*,#13968,.F.);
#14026 = ORIENTED_EDGE('',*,*,#14027,.F.);
#14027 = EDGE_CURVE('',#14011,#13969,#14028,.T.);
#14028 = LINE('',#14029,#14030);
#14029 = CARTESIAN_POINT('',(18.35,0.125,1.51));
#14030 = VECTOR('',#14031,1.);
#14031 = DIRECTION('',(0.,-1.,0.));
#14032 = PLANE('',#14033);
#14033 = AXIS2_PLACEMENT_3D('',#14034,#14035,#14036);
#14034 = CARTESIAN_POINT('',(18.35,0.125,1.51));
#14035 = DIRECTION('',(1.,0.,-0.));
#14036 = DIRECTION('',(0.,-1.,0.));
#14037 = ADVANCED_FACE('',(#14038),#14063,.T.);
#14038 = FACE_BOUND('',#14039,.T.);
#14039 = EDGE_LOOP('',(#14040,#14041,#14049,#14057));
#14040 = ORIENTED_EDGE('',*,*,#13987,.T.);
#14041 = ORIENTED_EDGE('',*,*,#14042,.T.);
#14042 = EDGE_CURVE('',#13979,#14043,#14045,.T.);
#14043 = VERTEX_POINT('',#14044);
#14044 = CARTESIAN_POINT('',(16.65,0.125,1.55));
#14045 = LINE('',#14046,#14047);
#14046 = CARTESIAN_POINT('',(16.65,-0.125,1.55));
#14047 = VECTOR('',#14048,1.);
#14048 = DIRECTION('',(0.,1.,0.));
#14049 = ORIENTED_EDGE('',*,*,#14050,.F.);
#14050 = EDGE_CURVE('',#14051,#14043,#14053,.T.);
#14051 = VERTEX_POINT('',#14052);
#14052 = CARTESIAN_POINT('',(16.65,0.125,1.51));
#14053 = LINE('',#14054,#14055);
#14054 = CARTESIAN_POINT('',(16.65,0.125,1.51));
#14055 = VECTOR('',#14056,1.);
#14056 = DIRECTION('',(0.,0.,1.));
#14057 = ORIENTED_EDGE('',*,*,#14058,.F.);
#14058 = EDGE_CURVE('',#13988,#14051,#14059,.T.);
#14059 = LINE('',#14060,#14061);
#14060 = CARTESIAN_POINT('',(16.65,-0.125,1.51));
#14061 = VECTOR('',#14062,1.);
#14062 = DIRECTION('',(0.,1.,0.));
#14063 = PLANE('',#14064);
#14064 = AXIS2_PLACEMENT_3D('',#14065,#14066,#14067);
#14065 = CARTESIAN_POINT('',(16.65,-0.125,1.51));
#14066 = DIRECTION('',(-1.,0.,0.));
#14067 = DIRECTION('',(0.,1.,0.));
#14068 = ADVANCED_FACE('',(#14069,#14081),#14092,.F.);
#14069 = FACE_BOUND('',#14070,.F.);
#14070 = EDGE_LOOP('',(#14071,#14072,#14073,#14080));
#14071 = ORIENTED_EDGE('',*,*,#13995,.F.);
#14072 = ORIENTED_EDGE('',*,*,#14027,.F.);
#14073 = ORIENTED_EDGE('',*,*,#14074,.F.);
#14074 = EDGE_CURVE('',#14051,#14011,#14075,.T.);
#14075 = CIRCLE('',#14076,0.85);
#14076 = AXIS2_PLACEMENT_3D('',#14077,#14078,#14079);
#14077 = CARTESIAN_POINT('',(17.5,0.124999633951,1.51));
#14078 = DIRECTION('',(0.,0.,-1.));
#14079 = DIRECTION('',(-1.,4.306456652065E-07,0.));
#14080 = ORIENTED_EDGE('',*,*,#14058,.F.);
#14081 = FACE_BOUND('',#14082,.F.);
#14082 = EDGE_LOOP('',(#14083));
#14083 = ORIENTED_EDGE('',*,*,#14084,.T.);
#14084 = EDGE_CURVE('',#14085,#14085,#14087,.T.);
#14085 = VERTEX_POINT('',#14086);
#14086 = CARTESIAN_POINT('',(17.5,-0.45,1.51));
#14087 = CIRCLE('',#14088,0.45);
#14088 = AXIS2_PLACEMENT_3D('',#14089,#14090,#14091);
#14089 = CARTESIAN_POINT('',(17.5,9.992007221626E-16,1.51));
#14090 = DIRECTION('',(-0.,0.,-1.));
#14091 = DIRECTION('',(-0.,-1.,0.));
#14092 = PLANE('',#14093);
#14093 = AXIS2_PLACEMENT_3D('',#14094,#14095,#14096);
#14094 = CARTESIAN_POINT('',(0.,0.,1.51));
#14095 = DIRECTION('',(0.,0.,1.));
#14096 = DIRECTION('',(1.,0.,-0.));
#14097 = ADVANCED_FACE('',(#14098,#14110),#14121,.T.);
#14098 = FACE_BOUND('',#14099,.T.);
#14099 = EDGE_LOOP('',(#14100,#14101,#14102,#14109));
#14100 = ORIENTED_EDGE('',*,*,#13978,.F.);
#14101 = ORIENTED_EDGE('',*,*,#14020,.F.);
#14102 = ORIENTED_EDGE('',*,*,#14103,.F.);
#14103 = EDGE_CURVE('',#14043,#14013,#14104,.T.);
#14104 = CIRCLE('',#14105,0.85);
#14105 = AXIS2_PLACEMENT_3D('',#14106,#14107,#14108);
#14106 = CARTESIAN_POINT('',(17.5,0.124999633951,1.55));
#14107 = DIRECTION('',(0.,0.,-1.));
#14108 = DIRECTION('',(-1.,4.306456652065E-07,0.));
#14109 = ORIENTED_EDGE('',*,*,#14042,.F.);
#14110 = FACE_BOUND('',#14111,.T.);
#14111 = EDGE_LOOP('',(#14112));
#14112 = ORIENTED_EDGE('',*,*,#14113,.T.);
#14113 = EDGE_CURVE('',#14114,#14114,#14116,.T.);
#14114 = VERTEX_POINT('',#14115);
#14115 = CARTESIAN_POINT('',(17.5,-0.45,1.55));
#14116 = CIRCLE('',#14117,0.45);
#14117 = AXIS2_PLACEMENT_3D('',#14118,#14119,#14120);
#14118 = CARTESIAN_POINT('',(17.5,9.992007221626E-16,1.55));
#14119 = DIRECTION('',(-0.,0.,-1.));
#14120 = DIRECTION('',(-0.,-1.,0.));
#14121 = PLANE('',#14122);
#14122 = AXIS2_PLACEMENT_3D('',#14123,#14124,#14125);
#14123 = CARTESIAN_POINT('',(0.,0.,1.55));
#14124 = DIRECTION('',(0.,0.,1.));
#14125 = DIRECTION('',(1.,0.,-0.));
#14126 = ADVANCED_FACE('',(#14127),#14133,.T.);
#14127 = FACE_BOUND('',#14128,.T.);
#14128 = EDGE_LOOP('',(#14129,#14130,#14131,#14132));
#14129 = ORIENTED_EDGE('',*,*,#14050,.T.);
#14130 = ORIENTED_EDGE('',*,*,#14103,.T.);
#14131 = ORIENTED_EDGE('',*,*,#14010,.F.);
#14132 = ORIENTED_EDGE('',*,*,#14074,.F.);
#14133 = CYLINDRICAL_SURFACE('',#14134,0.85);
#14134 = AXIS2_PLACEMENT_3D('',#14135,#14136,#14137);
#14135 = CARTESIAN_POINT('',(17.5,0.124999633951,1.51));
#14136 = DIRECTION('',(0.,0.,-1.));
#14137 = DIRECTION('',(-1.,4.306456652065E-07,0.));
#14138 = ADVANCED_FACE('',(#14139),#14150,.F.);
#14139 = FACE_BOUND('',#14140,.T.);
#14140 = EDGE_LOOP('',(#14141,#14142,#14148,#14149));
#14141 = ORIENTED_EDGE('',*,*,#14084,.T.);
#14142 = ORIENTED_EDGE('',*,*,#14143,.T.);
#14143 = EDGE_CURVE('',#14085,#14114,#14144,.T.);
#14144 = LINE('',#14145,#14146);
#14145 = CARTESIAN_POINT('',(17.5,-0.45,-4.6E-02));
#14146 = VECTOR('',#14147,1.);
#14147 = DIRECTION('',(0.,0.,1.));
#14148 = ORIENTED_EDGE('',*,*,#14113,.F.);
#14149 = ORIENTED_EDGE('',*,*,#14143,.F.);
#14150 = CYLINDRICAL_SURFACE('',#14151,0.45);
#14151 = AXIS2_PLACEMENT_3D('',#14152,#14153,#14154);
#14152 = CARTESIAN_POINT('',(17.5,9.992007221626E-16,-4.6E-02));
#14153 = DIRECTION('',(-0.,-0.,-1.));
#14154 = DIRECTION('',(-0.,-1.,0.));
#14155 = MANIFOLD_SOLID_BREP('',#14156);
#14156 = CLOSED_SHELL('',(#14157,#14199,#14230,#14261,#14290,#14319,
    #14331));
#14157 = ADVANCED_FACE('',(#14158),#14194,.T.);
#14158 = FACE_BOUND('',#14159,.F.);
#14159 = EDGE_LOOP('',(#14160,#14170,#14179,#14187));
#14160 = ORIENTED_EDGE('',*,*,#14161,.T.);
#14161 = EDGE_CURVE('',#14162,#14164,#14166,.T.);
#14162 = VERTEX_POINT('',#14163);
#14163 = CARTESIAN_POINT('',(18.35,-0.125,0.));
#14164 = VERTEX_POINT('',#14165);
#14165 = CARTESIAN_POINT('',(18.35,-0.125,-4.E-02));
#14166 = LINE('',#14167,#14168);
#14167 = CARTESIAN_POINT('',(18.35,-0.125,0.));
#14168 = VECTOR('',#14169,1.);
#14169 = DIRECTION('',(0.,0.,-1.));
#14170 = ORIENTED_EDGE('',*,*,#14171,.T.);
#14171 = EDGE_CURVE('',#14164,#14172,#14174,.T.);
#14172 = VERTEX_POINT('',#14173);
#14173 = CARTESIAN_POINT('',(16.65,-0.125,-4.E-02));
#14174 = CIRCLE('',#14175,0.85);
#14175 = AXIS2_PLACEMENT_3D('',#14176,#14177,#14178);
#14176 = CARTESIAN_POINT('',(17.5,-0.125000024751,-4.E-02));
#14177 = DIRECTION('',(0.,0.,-1.));
#14178 = DIRECTION('',(1.,2.91187601482E-08,0.));
#14179 = ORIENTED_EDGE('',*,*,#14180,.F.);
#14180 = EDGE_CURVE('',#14181,#14172,#14183,.T.);
#14181 = VERTEX_POINT('',#14182);
#14182 = CARTESIAN_POINT('',(16.65,-0.125,0.));
#14183 = LINE('',#14184,#14185);
#14184 = CARTESIAN_POINT('',(16.65,-0.125,0.));
#14185 = VECTOR('',#14186,1.);
#14186 = DIRECTION('',(0.,0.,-1.));
#14187 = ORIENTED_EDGE('',*,*,#14188,.F.);
#14188 = EDGE_CURVE('',#14162,#14181,#14189,.T.);
#14189 = CIRCLE('',#14190,0.85);
#14190 = AXIS2_PLACEMENT_3D('',#14191,#14192,#14193);
#14191 = CARTESIAN_POINT('',(17.5,-0.125000024751,0.));
#14192 = DIRECTION('',(0.,0.,-1.));
#14193 = DIRECTION('',(1.,2.91187601482E-08,0.));
#14194 = CYLINDRICAL_SURFACE('',#14195,0.85);
#14195 = AXIS2_PLACEMENT_3D('',#14196,#14197,#14198);
#14196 = CARTESIAN_POINT('',(17.5,-0.125000024751,0.));
#14197 = DIRECTION('',(-0.,-0.,1.));
#14198 = DIRECTION('',(1.,2.91187601482E-08,0.));
#14199 = ADVANCED_FACE('',(#14200),#14225,.F.);
#14200 = FACE_BOUND('',#14201,.F.);
#14201 = EDGE_LOOP('',(#14202,#14212,#14218,#14219));
#14202 = ORIENTED_EDGE('',*,*,#14203,.T.);
#14203 = EDGE_CURVE('',#14204,#14206,#14208,.T.);
#14204 = VERTEX_POINT('',#14205);
#14205 = CARTESIAN_POINT('',(18.35,0.125,0.));
#14206 = VERTEX_POINT('',#14207);
#14207 = CARTESIAN_POINT('',(18.35,0.125,-4.E-02));
#14208 = LINE('',#14209,#14210);
#14209 = CARTESIAN_POINT('',(18.35,0.125,0.));
#14210 = VECTOR('',#14211,1.);
#14211 = DIRECTION('',(0.,0.,-1.));
#14212 = ORIENTED_EDGE('',*,*,#14213,.T.);
#14213 = EDGE_CURVE('',#14206,#14164,#14214,.T.);
#14214 = LINE('',#14215,#14216);
#14215 = CARTESIAN_POINT('',(18.35,0.125,-4.E-02));
#14216 = VECTOR('',#14217,1.);
#14217 = DIRECTION('',(0.,-1.,0.));
#14218 = ORIENTED_EDGE('',*,*,#14161,.F.);
#14219 = ORIENTED_EDGE('',*,*,#14220,.F.);
#14220 = EDGE_CURVE('',#14204,#14162,#14221,.T.);
#14221 = LINE('',#14222,#14223);
#14222 = CARTESIAN_POINT('',(18.35,0.125,0.));
#14223 = VECTOR('',#14224,1.);
#14224 = DIRECTION('',(0.,-1.,0.));
#14225 = PLANE('',#14226);
#14226 = AXIS2_PLACEMENT_3D('',#14227,#14228,#14229);
#14227 = CARTESIAN_POINT('',(18.35,0.125,0.));
#14228 = DIRECTION('',(-1.,-0.,-0.));
#14229 = DIRECTION('',(0.,-1.,0.));
#14230 = ADVANCED_FACE('',(#14231),#14256,.F.);
#14231 = FACE_BOUND('',#14232,.F.);
#14232 = EDGE_LOOP('',(#14233,#14234,#14242,#14250));
#14233 = ORIENTED_EDGE('',*,*,#14180,.T.);
#14234 = ORIENTED_EDGE('',*,*,#14235,.T.);
#14235 = EDGE_CURVE('',#14172,#14236,#14238,.T.);
#14236 = VERTEX_POINT('',#14237);
#14237 = CARTESIAN_POINT('',(16.65,0.125,-4.E-02));
#14238 = LINE('',#14239,#14240);
#14239 = CARTESIAN_POINT('',(16.65,-0.125,-4.E-02));
#14240 = VECTOR('',#14241,1.);
#14241 = DIRECTION('',(0.,1.,0.));
#14242 = ORIENTED_EDGE('',*,*,#14243,.F.);
#14243 = EDGE_CURVE('',#14244,#14236,#14246,.T.);
#14244 = VERTEX_POINT('',#14245);
#14245 = CARTESIAN_POINT('',(16.65,0.125,0.));
#14246 = LINE('',#14247,#14248);
#14247 = CARTESIAN_POINT('',(16.65,0.125,0.));
#14248 = VECTOR('',#14249,1.);
#14249 = DIRECTION('',(0.,0.,-1.));
#14250 = ORIENTED_EDGE('',*,*,#14251,.F.);
#14251 = EDGE_CURVE('',#14181,#14244,#14252,.T.);
#14252 = LINE('',#14253,#14254);
#14253 = CARTESIAN_POINT('',(16.65,-0.125,0.));
#14254 = VECTOR('',#14255,1.);
#14255 = DIRECTION('',(0.,1.,0.));
#14256 = PLANE('',#14257);
#14257 = AXIS2_PLACEMENT_3D('',#14258,#14259,#14260);
#14258 = CARTESIAN_POINT('',(16.65,-0.125,0.));
#14259 = DIRECTION('',(1.,-0.,0.));
#14260 = DIRECTION('',(0.,1.,0.));
#14261 = ADVANCED_FACE('',(#14262,#14274),#14285,.F.);
#14262 = FACE_BOUND('',#14263,.F.);
#14263 = EDGE_LOOP('',(#14264,#14265,#14266,#14273));
#14264 = ORIENTED_EDGE('',*,*,#14188,.T.);
#14265 = ORIENTED_EDGE('',*,*,#14251,.T.);
#14266 = ORIENTED_EDGE('',*,*,#14267,.T.);
#14267 = EDGE_CURVE('',#14244,#14204,#14268,.T.);
#14268 = CIRCLE('',#14269,0.85);
#14269 = AXIS2_PLACEMENT_3D('',#14270,#14271,#14272);
#14270 = CARTESIAN_POINT('',(17.5,0.124999633951,0.));
#14271 = DIRECTION('',(0.,0.,-1.));
#14272 = DIRECTION('',(-1.,4.306456652065E-07,0.));
#14273 = ORIENTED_EDGE('',*,*,#14220,.T.);
#14274 = FACE_BOUND('',#14275,.F.);
#14275 = EDGE_LOOP('',(#14276));
#14276 = ORIENTED_EDGE('',*,*,#14277,.F.);
#14277 = EDGE_CURVE('',#14278,#14278,#14280,.T.);
#14278 = VERTEX_POINT('',#14279);
#14279 = CARTESIAN_POINT('',(17.5,-0.45,0.));
#14280 = CIRCLE('',#14281,0.45);
#14281 = AXIS2_PLACEMENT_3D('',#14282,#14283,#14284);
#14282 = CARTESIAN_POINT('',(17.5,9.992007221626E-16,0.));
#14283 = DIRECTION('',(-0.,0.,-1.));
#14284 = DIRECTION('',(-0.,-1.,0.));
#14285 = PLANE('',#14286);
#14286 = AXIS2_PLACEMENT_3D('',#14287,#14288,#14289);
#14287 = CARTESIAN_POINT('',(0.,0.,0.));
#14288 = DIRECTION('',(-0.,-0.,-1.));
#14289 = DIRECTION('',(-1.,0.,0.));
#14290 = ADVANCED_FACE('',(#14291,#14303),#14314,.T.);
#14291 = FACE_BOUND('',#14292,.T.);
#14292 = EDGE_LOOP('',(#14293,#14294,#14295,#14302));
#14293 = ORIENTED_EDGE('',*,*,#14171,.T.);
#14294 = ORIENTED_EDGE('',*,*,#14235,.T.);
#14295 = ORIENTED_EDGE('',*,*,#14296,.T.);
#14296 = EDGE_CURVE('',#14236,#14206,#14297,.T.);
#14297 = CIRCLE('',#14298,0.85);
#14298 = AXIS2_PLACEMENT_3D('',#14299,#14300,#14301);
#14299 = CARTESIAN_POINT('',(17.5,0.124999633951,-4.E-02));
#14300 = DIRECTION('',(0.,0.,-1.));
#14301 = DIRECTION('',(-1.,4.306456652065E-07,0.));
#14302 = ORIENTED_EDGE('',*,*,#14213,.T.);
#14303 = FACE_BOUND('',#14304,.T.);
#14304 = EDGE_LOOP('',(#14305));
#14305 = ORIENTED_EDGE('',*,*,#14306,.F.);
#14306 = EDGE_CURVE('',#14307,#14307,#14309,.T.);
#14307 = VERTEX_POINT('',#14308);
#14308 = CARTESIAN_POINT('',(17.5,-0.45,-4.E-02));
#14309 = CIRCLE('',#14310,0.45);
#14310 = AXIS2_PLACEMENT_3D('',#14311,#14312,#14313);
#14311 = CARTESIAN_POINT('',(17.5,9.992007221626E-16,-4.E-02));
#14312 = DIRECTION('',(-0.,0.,-1.));
#14313 = DIRECTION('',(-0.,-1.,0.));
#14314 = PLANE('',#14315);
#14315 = AXIS2_PLACEMENT_3D('',#14316,#14317,#14318);
#14316 = CARTESIAN_POINT('',(0.,0.,-4.E-02));
#14317 = DIRECTION('',(-0.,-0.,-1.));
#14318 = DIRECTION('',(-1.,0.,0.));
#14319 = ADVANCED_FACE('',(#14320),#14326,.T.);
#14320 = FACE_BOUND('',#14321,.F.);
#14321 = EDGE_LOOP('',(#14322,#14323,#14324,#14325));
#14322 = ORIENTED_EDGE('',*,*,#14243,.T.);
#14323 = ORIENTED_EDGE('',*,*,#14296,.T.);
#14324 = ORIENTED_EDGE('',*,*,#14203,.F.);
#14325 = ORIENTED_EDGE('',*,*,#14267,.F.);
#14326 = CYLINDRICAL_SURFACE('',#14327,0.85);
#14327 = AXIS2_PLACEMENT_3D('',#14328,#14329,#14330);
#14328 = CARTESIAN_POINT('',(17.5,0.124999633951,0.));
#14329 = DIRECTION('',(-0.,-0.,1.));
#14330 = DIRECTION('',(-1.,4.306456652065E-07,0.));
#14331 = ADVANCED_FACE('',(#14332),#14343,.F.);
#14332 = FACE_BOUND('',#14333,.T.);
#14333 = EDGE_LOOP('',(#14334,#14335,#14341,#14342));
#14334 = ORIENTED_EDGE('',*,*,#14306,.T.);
#14335 = ORIENTED_EDGE('',*,*,#14336,.T.);
#14336 = EDGE_CURVE('',#14307,#14278,#14337,.T.);
#14337 = LINE('',#14338,#14339);
#14338 = CARTESIAN_POINT('',(17.5,-0.45,-4.6E-02));
#14339 = VECTOR('',#14340,1.);
#14340 = DIRECTION('',(0.,0.,1.));
#14341 = ORIENTED_EDGE('',*,*,#14277,.F.);
#14342 = ORIENTED_EDGE('',*,*,#14336,.F.);
#14343 = CYLINDRICAL_SURFACE('',#14344,0.45);
#14344 = AXIS2_PLACEMENT_3D('',#14345,#14346,#14347);
#14345 = CARTESIAN_POINT('',(17.5,9.992007221626E-16,-4.6E-02));
#14346 = DIRECTION('',(-0.,-0.,-1.));
#14347 = DIRECTION('',(-0.,-1.,0.));
#14348 = MANIFOLD_SOLID_BREP('',#14349);
#14349 = CLOSED_SHELL('',(#14350,#14383,#14403,#14423));
#14350 = ADVANCED_FACE('',(#14351),#14378,.T.);
#14351 = FACE_BOUND('',#14352,.F.);
#14352 = EDGE_LOOP('',(#14353,#14363,#14370,#14371));
#14353 = ORIENTED_EDGE('',*,*,#14354,.T.);
#14354 = EDGE_CURVE('',#14355,#14357,#14359,.T.);
#14355 = VERTEX_POINT('',#14356);
#14356 = CARTESIAN_POINT('',(17.5,-0.475,-4.E-02));
#14357 = VERTEX_POINT('',#14358);
#14358 = CARTESIAN_POINT('',(17.5,-0.475,1.55));
#14359 = LINE('',#14360,#14361);
#14360 = CARTESIAN_POINT('',(17.5,-0.475,-4.E-02));
#14361 = VECTOR('',#14362,1.);
#14362 = DIRECTION('',(0.,0.,1.));
#14363 = ORIENTED_EDGE('',*,*,#14364,.T.);
#14364 = EDGE_CURVE('',#14357,#14357,#14365,.T.);
#14365 = CIRCLE('',#14366,0.475);
#14366 = AXIS2_PLACEMENT_3D('',#14367,#14368,#14369);
#14367 = CARTESIAN_POINT('',(17.5,1.415534356397E-15,1.55));
#14368 = DIRECTION('',(0.,0.,1.));
#14369 = DIRECTION('',(-0.,-1.,0.));
#14370 = ORIENTED_EDGE('',*,*,#14354,.F.);
#14371 = ORIENTED_EDGE('',*,*,#14372,.F.);
#14372 = EDGE_CURVE('',#14355,#14355,#14373,.T.);
#14373 = CIRCLE('',#14374,0.475);
#14374 = AXIS2_PLACEMENT_3D('',#14375,#14376,#14377);
#14375 = CARTESIAN_POINT('',(17.5,1.415534356397E-15,-4.E-02));
#14376 = DIRECTION('',(0.,0.,1.));
#14377 = DIRECTION('',(-0.,-1.,0.));
#14378 = CYLINDRICAL_SURFACE('',#14379,0.475);
#14379 = AXIS2_PLACEMENT_3D('',#14380,#14381,#14382);
#14380 = CARTESIAN_POINT('',(17.5,1.415534356397E-15,-4.E-02));
#14381 = DIRECTION('',(-0.,-0.,-1.));
#14382 = DIRECTION('',(-0.,-1.,0.));
#14383 = ADVANCED_FACE('',(#14384,#14387),#14398,.F.);
#14384 = FACE_BOUND('',#14385,.F.);
#14385 = EDGE_LOOP('',(#14386));
#14386 = ORIENTED_EDGE('',*,*,#14372,.T.);
#14387 = FACE_BOUND('',#14388,.F.);
#14388 = EDGE_LOOP('',(#14389));
#14389 = ORIENTED_EDGE('',*,*,#14390,.T.);
#14390 = EDGE_CURVE('',#14391,#14391,#14393,.T.);
#14391 = VERTEX_POINT('',#14392);
#14392 = CARTESIAN_POINT('',(17.5,-0.45,-4.E-02));
#14393 = CIRCLE('',#14394,0.45);
#14394 = AXIS2_PLACEMENT_3D('',#14395,#14396,#14397);
#14395 = CARTESIAN_POINT('',(17.5,9.992007221626E-16,-4.E-02));
#14396 = DIRECTION('',(-0.,0.,-1.));
#14397 = DIRECTION('',(-0.,-1.,0.));
#14398 = PLANE('',#14399);
#14399 = AXIS2_PLACEMENT_3D('',#14400,#14401,#14402);
#14400 = CARTESIAN_POINT('',(17.5,-0.475,-4.E-02));
#14401 = DIRECTION('',(0.,0.,1.));
#14402 = DIRECTION('',(1.,0.,-0.));
#14403 = ADVANCED_FACE('',(#14404,#14407),#14418,.T.);
#14404 = FACE_BOUND('',#14405,.T.);
#14405 = EDGE_LOOP('',(#14406));
#14406 = ORIENTED_EDGE('',*,*,#14364,.T.);
#14407 = FACE_BOUND('',#14408,.T.);
#14408 = EDGE_LOOP('',(#14409));
#14409 = ORIENTED_EDGE('',*,*,#14410,.T.);
#14410 = EDGE_CURVE('',#14411,#14411,#14413,.T.);
#14411 = VERTEX_POINT('',#14412);
#14412 = CARTESIAN_POINT('',(17.5,-0.45,1.55));
#14413 = CIRCLE('',#14414,0.45);
#14414 = AXIS2_PLACEMENT_3D('',#14415,#14416,#14417);
#14415 = CARTESIAN_POINT('',(17.5,9.992007221626E-16,1.55));
#14416 = DIRECTION('',(-0.,0.,-1.));
#14417 = DIRECTION('',(-0.,-1.,0.));
#14418 = PLANE('',#14419);
#14419 = AXIS2_PLACEMENT_3D('',#14420,#14421,#14422);
#14420 = CARTESIAN_POINT('',(17.5,-0.475,1.55));
#14421 = DIRECTION('',(0.,0.,1.));
#14422 = DIRECTION('',(1.,0.,-0.));
#14423 = ADVANCED_FACE('',(#14424),#14435,.F.);
#14424 = FACE_BOUND('',#14425,.T.);
#14425 = EDGE_LOOP('',(#14426,#14427,#14433,#14434));
#14426 = ORIENTED_EDGE('',*,*,#14390,.T.);
#14427 = ORIENTED_EDGE('',*,*,#14428,.T.);
#14428 = EDGE_CURVE('',#14391,#14411,#14429,.T.);
#14429 = LINE('',#14430,#14431);
#14430 = CARTESIAN_POINT('',(17.5,-0.45,-4.6E-02));
#14431 = VECTOR('',#14432,1.);
#14432 = DIRECTION('',(0.,0.,1.));
#14433 = ORIENTED_EDGE('',*,*,#14410,.F.);
#14434 = ORIENTED_EDGE('',*,*,#14428,.F.);
#14435 = CYLINDRICAL_SURFACE('',#14436,0.45);
#14436 = AXIS2_PLACEMENT_3D('',#14437,#14438,#14439);
#14437 = CARTESIAN_POINT('',(17.5,9.992007221626E-16,-4.6E-02));
#14438 = DIRECTION('',(-0.,-0.,-1.));
#14439 = DIRECTION('',(-0.,-1.,0.));
#14440 = MANIFOLD_SOLID_BREP('',#14441);
#14441 = CLOSED_SHELL('',(#14442,#14484,#14515,#14546,#14575,#14604,
    #14616));
#14442 = ADVANCED_FACE('',(#14443),#14479,.T.);
#14443 = FACE_BOUND('',#14444,.T.);
#14444 = EDGE_LOOP('',(#14445,#14455,#14464,#14472));
#14445 = ORIENTED_EDGE('',*,*,#14446,.T.);
#14446 = EDGE_CURVE('',#14447,#14449,#14451,.T.);
#14447 = VERTEX_POINT('',#14448);
#14448 = CARTESIAN_POINT('',(20.85,-0.125,1.51));
#14449 = VERTEX_POINT('',#14450);
#14450 = CARTESIAN_POINT('',(20.85,-0.125,1.55));
#14451 = LINE('',#14452,#14453);
#14452 = CARTESIAN_POINT('',(20.85,-0.125,1.51));
#14453 = VECTOR('',#14454,1.);
#14454 = DIRECTION('',(0.,0.,1.));
#14455 = ORIENTED_EDGE('',*,*,#14456,.T.);
#14456 = EDGE_CURVE('',#14449,#14457,#14459,.T.);
#14457 = VERTEX_POINT('',#14458);
#14458 = CARTESIAN_POINT('',(19.15,-0.125,1.55));
#14459 = CIRCLE('',#14460,0.85);
#14460 = AXIS2_PLACEMENT_3D('',#14461,#14462,#14463);
#14461 = CARTESIAN_POINT('',(20.,-0.125000024751,1.55));
#14462 = DIRECTION('',(0.,0.,-1.));
#14463 = DIRECTION('',(1.,2.91187601482E-08,0.));
#14464 = ORIENTED_EDGE('',*,*,#14465,.F.);
#14465 = EDGE_CURVE('',#14466,#14457,#14468,.T.);
#14466 = VERTEX_POINT('',#14467);
#14467 = CARTESIAN_POINT('',(19.15,-0.125,1.51));
#14468 = LINE('',#14469,#14470);
#14469 = CARTESIAN_POINT('',(19.15,-0.125,1.51));
#14470 = VECTOR('',#14471,1.);
#14471 = DIRECTION('',(0.,0.,1.));
#14472 = ORIENTED_EDGE('',*,*,#14473,.F.);
#14473 = EDGE_CURVE('',#14447,#14466,#14474,.T.);
#14474 = CIRCLE('',#14475,0.85);
#14475 = AXIS2_PLACEMENT_3D('',#14476,#14477,#14478);
#14476 = CARTESIAN_POINT('',(20.,-0.125000024751,1.51));
#14477 = DIRECTION('',(0.,0.,-1.));
#14478 = DIRECTION('',(1.,2.91187601482E-08,0.));
#14479 = CYLINDRICAL_SURFACE('',#14480,0.85);
#14480 = AXIS2_PLACEMENT_3D('',#14481,#14482,#14483);
#14481 = CARTESIAN_POINT('',(20.,-0.125000024751,1.51));
#14482 = DIRECTION('',(0.,0.,-1.));
#14483 = DIRECTION('',(1.,2.91187601482E-08,0.));
#14484 = ADVANCED_FACE('',(#14485),#14510,.T.);
#14485 = FACE_BOUND('',#14486,.T.);
#14486 = EDGE_LOOP('',(#14487,#14497,#14503,#14504));
#14487 = ORIENTED_EDGE('',*,*,#14488,.T.);
#14488 = EDGE_CURVE('',#14489,#14491,#14493,.T.);
#14489 = VERTEX_POINT('',#14490);
#14490 = CARTESIAN_POINT('',(20.85,0.125,1.51));
#14491 = VERTEX_POINT('',#14492);
#14492 = CARTESIAN_POINT('',(20.85,0.125,1.55));
#14493 = LINE('',#14494,#14495);
#14494 = CARTESIAN_POINT('',(20.85,0.125,1.51));
#14495 = VECTOR('',#14496,1.);
#14496 = DIRECTION('',(0.,0.,1.));
#14497 = ORIENTED_EDGE('',*,*,#14498,.T.);
#14498 = EDGE_CURVE('',#14491,#14449,#14499,.T.);
#14499 = LINE('',#14500,#14501);
#14500 = CARTESIAN_POINT('',(20.85,0.125,1.55));
#14501 = VECTOR('',#14502,1.);
#14502 = DIRECTION('',(0.,-1.,0.));
#14503 = ORIENTED_EDGE('',*,*,#14446,.F.);
#14504 = ORIENTED_EDGE('',*,*,#14505,.F.);
#14505 = EDGE_CURVE('',#14489,#14447,#14506,.T.);
#14506 = LINE('',#14507,#14508);
#14507 = CARTESIAN_POINT('',(20.85,0.125,1.51));
#14508 = VECTOR('',#14509,1.);
#14509 = DIRECTION('',(0.,-1.,0.));
#14510 = PLANE('',#14511);
#14511 = AXIS2_PLACEMENT_3D('',#14512,#14513,#14514);
#14512 = CARTESIAN_POINT('',(20.85,0.125,1.51));
#14513 = DIRECTION('',(1.,0.,-0.));
#14514 = DIRECTION('',(0.,-1.,0.));
#14515 = ADVANCED_FACE('',(#14516),#14541,.T.);
#14516 = FACE_BOUND('',#14517,.T.);
#14517 = EDGE_LOOP('',(#14518,#14519,#14527,#14535));
#14518 = ORIENTED_EDGE('',*,*,#14465,.T.);
#14519 = ORIENTED_EDGE('',*,*,#14520,.T.);
#14520 = EDGE_CURVE('',#14457,#14521,#14523,.T.);
#14521 = VERTEX_POINT('',#14522);
#14522 = CARTESIAN_POINT('',(19.15,0.125,1.55));
#14523 = LINE('',#14524,#14525);
#14524 = CARTESIAN_POINT('',(19.15,-0.125,1.55));
#14525 = VECTOR('',#14526,1.);
#14526 = DIRECTION('',(0.,1.,0.));
#14527 = ORIENTED_EDGE('',*,*,#14528,.F.);
#14528 = EDGE_CURVE('',#14529,#14521,#14531,.T.);
#14529 = VERTEX_POINT('',#14530);
#14530 = CARTESIAN_POINT('',(19.15,0.125,1.51));
#14531 = LINE('',#14532,#14533);
#14532 = CARTESIAN_POINT('',(19.15,0.125,1.51));
#14533 = VECTOR('',#14534,1.);
#14534 = DIRECTION('',(0.,0.,1.));
#14535 = ORIENTED_EDGE('',*,*,#14536,.F.);
#14536 = EDGE_CURVE('',#14466,#14529,#14537,.T.);
#14537 = LINE('',#14538,#14539);
#14538 = CARTESIAN_POINT('',(19.15,-0.125,1.51));
#14539 = VECTOR('',#14540,1.);
#14540 = DIRECTION('',(0.,1.,0.));
#14541 = PLANE('',#14542);
#14542 = AXIS2_PLACEMENT_3D('',#14543,#14544,#14545);
#14543 = CARTESIAN_POINT('',(19.15,-0.125,1.51));
#14544 = DIRECTION('',(-1.,0.,0.));
#14545 = DIRECTION('',(0.,1.,0.));
#14546 = ADVANCED_FACE('',(#14547,#14559),#14570,.F.);
#14547 = FACE_BOUND('',#14548,.F.);
#14548 = EDGE_LOOP('',(#14549,#14550,#14551,#14558));
#14549 = ORIENTED_EDGE('',*,*,#14473,.F.);
#14550 = ORIENTED_EDGE('',*,*,#14505,.F.);
#14551 = ORIENTED_EDGE('',*,*,#14552,.F.);
#14552 = EDGE_CURVE('',#14529,#14489,#14553,.T.);
#14553 = CIRCLE('',#14554,0.85);
#14554 = AXIS2_PLACEMENT_3D('',#14555,#14556,#14557);
#14555 = CARTESIAN_POINT('',(20.,0.124999633951,1.51));
#14556 = DIRECTION('',(0.,0.,-1.));
#14557 = DIRECTION('',(-1.,4.306456652065E-07,0.));
#14558 = ORIENTED_EDGE('',*,*,#14536,.F.);
#14559 = FACE_BOUND('',#14560,.F.);
#14560 = EDGE_LOOP('',(#14561));
#14561 = ORIENTED_EDGE('',*,*,#14562,.T.);
#14562 = EDGE_CURVE('',#14563,#14563,#14565,.T.);
#14563 = VERTEX_POINT('',#14564);
#14564 = CARTESIAN_POINT('',(20.,-0.45,1.51));
#14565 = CIRCLE('',#14566,0.45);
#14566 = AXIS2_PLACEMENT_3D('',#14567,#14568,#14569);
#14567 = CARTESIAN_POINT('',(20.,9.992007221626E-16,1.51));
#14568 = DIRECTION('',(-0.,0.,-1.));
#14569 = DIRECTION('',(-0.,-1.,0.));
#14570 = PLANE('',#14571);
#14571 = AXIS2_PLACEMENT_3D('',#14572,#14573,#14574);
#14572 = CARTESIAN_POINT('',(0.,0.,1.51));
#14573 = DIRECTION('',(0.,0.,1.));
#14574 = DIRECTION('',(1.,0.,-0.));
#14575 = ADVANCED_FACE('',(#14576,#14588),#14599,.T.);
#14576 = FACE_BOUND('',#14577,.T.);
#14577 = EDGE_LOOP('',(#14578,#14579,#14580,#14587));
#14578 = ORIENTED_EDGE('',*,*,#14456,.F.);
#14579 = ORIENTED_EDGE('',*,*,#14498,.F.);
#14580 = ORIENTED_EDGE('',*,*,#14581,.F.);
#14581 = EDGE_CURVE('',#14521,#14491,#14582,.T.);
#14582 = CIRCLE('',#14583,0.85);
#14583 = AXIS2_PLACEMENT_3D('',#14584,#14585,#14586);
#14584 = CARTESIAN_POINT('',(20.,0.124999633951,1.55));
#14585 = DIRECTION('',(0.,0.,-1.));
#14586 = DIRECTION('',(-1.,4.306456652065E-07,0.));
#14587 = ORIENTED_EDGE('',*,*,#14520,.F.);
#14588 = FACE_BOUND('',#14589,.T.);
#14589 = EDGE_LOOP('',(#14590));
#14590 = ORIENTED_EDGE('',*,*,#14591,.T.);
#14591 = EDGE_CURVE('',#14592,#14592,#14594,.T.);
#14592 = VERTEX_POINT('',#14593);
#14593 = CARTESIAN_POINT('',(20.,-0.45,1.55));
#14594 = CIRCLE('',#14595,0.45);
#14595 = AXIS2_PLACEMENT_3D('',#14596,#14597,#14598);
#14596 = CARTESIAN_POINT('',(20.,9.992007221626E-16,1.55));
#14597 = DIRECTION('',(-0.,0.,-1.));
#14598 = DIRECTION('',(-0.,-1.,0.));
#14599 = PLANE('',#14600);
#14600 = AXIS2_PLACEMENT_3D('',#14601,#14602,#14603);
#14601 = CARTESIAN_POINT('',(0.,0.,1.55));
#14602 = DIRECTION('',(0.,0.,1.));
#14603 = DIRECTION('',(1.,0.,-0.));
#14604 = ADVANCED_FACE('',(#14605),#14611,.T.);
#14605 = FACE_BOUND('',#14606,.T.);
#14606 = EDGE_LOOP('',(#14607,#14608,#14609,#14610));
#14607 = ORIENTED_EDGE('',*,*,#14528,.T.);
#14608 = ORIENTED_EDGE('',*,*,#14581,.T.);
#14609 = ORIENTED_EDGE('',*,*,#14488,.F.);
#14610 = ORIENTED_EDGE('',*,*,#14552,.F.);
#14611 = CYLINDRICAL_SURFACE('',#14612,0.85);
#14612 = AXIS2_PLACEMENT_3D('',#14613,#14614,#14615);
#14613 = CARTESIAN_POINT('',(20.,0.124999633951,1.51));
#14614 = DIRECTION('',(0.,0.,-1.));
#14615 = DIRECTION('',(-1.,4.306456652065E-07,0.));
#14616 = ADVANCED_FACE('',(#14617),#14628,.F.);
#14617 = FACE_BOUND('',#14618,.T.);
#14618 = EDGE_LOOP('',(#14619,#14620,#14626,#14627));
#14619 = ORIENTED_EDGE('',*,*,#14562,.T.);
#14620 = ORIENTED_EDGE('',*,*,#14621,.T.);
#14621 = EDGE_CURVE('',#14563,#14592,#14622,.T.);
#14622 = LINE('',#14623,#14624);
#14623 = CARTESIAN_POINT('',(20.,-0.45,-4.6E-02));
#14624 = VECTOR('',#14625,1.);
#14625 = DIRECTION('',(0.,0.,1.));
#14626 = ORIENTED_EDGE('',*,*,#14591,.F.);
#14627 = ORIENTED_EDGE('',*,*,#14621,.F.);
#14628 = CYLINDRICAL_SURFACE('',#14629,0.45);
#14629 = AXIS2_PLACEMENT_3D('',#14630,#14631,#14632);
#14630 = CARTESIAN_POINT('',(20.,9.992007221626E-16,-4.6E-02));
#14631 = DIRECTION('',(-0.,-0.,-1.));
#14632 = DIRECTION('',(-0.,-1.,0.));
#14633 = MANIFOLD_SOLID_BREP('',#14634);
#14634 = CLOSED_SHELL('',(#14635,#14677,#14708,#14739,#14768,#14797,
    #14809));
#14635 = ADVANCED_FACE('',(#14636),#14672,.T.);
#14636 = FACE_BOUND('',#14637,.F.);
#14637 = EDGE_LOOP('',(#14638,#14648,#14657,#14665));
#14638 = ORIENTED_EDGE('',*,*,#14639,.T.);
#14639 = EDGE_CURVE('',#14640,#14642,#14644,.T.);
#14640 = VERTEX_POINT('',#14641);
#14641 = CARTESIAN_POINT('',(20.85,-0.125,0.));
#14642 = VERTEX_POINT('',#14643);
#14643 = CARTESIAN_POINT('',(20.85,-0.125,-4.E-02));
#14644 = LINE('',#14645,#14646);
#14645 = CARTESIAN_POINT('',(20.85,-0.125,0.));
#14646 = VECTOR('',#14647,1.);
#14647 = DIRECTION('',(0.,0.,-1.));
#14648 = ORIENTED_EDGE('',*,*,#14649,.T.);
#14649 = EDGE_CURVE('',#14642,#14650,#14652,.T.);
#14650 = VERTEX_POINT('',#14651);
#14651 = CARTESIAN_POINT('',(19.15,-0.125,-4.E-02));
#14652 = CIRCLE('',#14653,0.85);
#14653 = AXIS2_PLACEMENT_3D('',#14654,#14655,#14656);
#14654 = CARTESIAN_POINT('',(20.,-0.125000024751,-4.E-02));
#14655 = DIRECTION('',(0.,0.,-1.));
#14656 = DIRECTION('',(1.,2.91187601482E-08,0.));
#14657 = ORIENTED_EDGE('',*,*,#14658,.F.);
#14658 = EDGE_CURVE('',#14659,#14650,#14661,.T.);
#14659 = VERTEX_POINT('',#14660);
#14660 = CARTESIAN_POINT('',(19.15,-0.125,0.));
#14661 = LINE('',#14662,#14663);
#14662 = CARTESIAN_POINT('',(19.15,-0.125,0.));
#14663 = VECTOR('',#14664,1.);
#14664 = DIRECTION('',(0.,0.,-1.));
#14665 = ORIENTED_EDGE('',*,*,#14666,.F.);
#14666 = EDGE_CURVE('',#14640,#14659,#14667,.T.);
#14667 = CIRCLE('',#14668,0.85);
#14668 = AXIS2_PLACEMENT_3D('',#14669,#14670,#14671);
#14669 = CARTESIAN_POINT('',(20.,-0.125000024751,0.));
#14670 = DIRECTION('',(0.,0.,-1.));
#14671 = DIRECTION('',(1.,2.91187601482E-08,0.));
#14672 = CYLINDRICAL_SURFACE('',#14673,0.85);
#14673 = AXIS2_PLACEMENT_3D('',#14674,#14675,#14676);
#14674 = CARTESIAN_POINT('',(20.,-0.125000024751,0.));
#14675 = DIRECTION('',(-0.,-0.,1.));
#14676 = DIRECTION('',(1.,2.91187601482E-08,0.));
#14677 = ADVANCED_FACE('',(#14678),#14703,.F.);
#14678 = FACE_BOUND('',#14679,.F.);
#14679 = EDGE_LOOP('',(#14680,#14690,#14696,#14697));
#14680 = ORIENTED_EDGE('',*,*,#14681,.T.);
#14681 = EDGE_CURVE('',#14682,#14684,#14686,.T.);
#14682 = VERTEX_POINT('',#14683);
#14683 = CARTESIAN_POINT('',(20.85,0.125,0.));
#14684 = VERTEX_POINT('',#14685);
#14685 = CARTESIAN_POINT('',(20.85,0.125,-4.E-02));
#14686 = LINE('',#14687,#14688);
#14687 = CARTESIAN_POINT('',(20.85,0.125,0.));
#14688 = VECTOR('',#14689,1.);
#14689 = DIRECTION('',(0.,0.,-1.));
#14690 = ORIENTED_EDGE('',*,*,#14691,.T.);
#14691 = EDGE_CURVE('',#14684,#14642,#14692,.T.);
#14692 = LINE('',#14693,#14694);
#14693 = CARTESIAN_POINT('',(20.85,0.125,-4.E-02));
#14694 = VECTOR('',#14695,1.);
#14695 = DIRECTION('',(0.,-1.,0.));
#14696 = ORIENTED_EDGE('',*,*,#14639,.F.);
#14697 = ORIENTED_EDGE('',*,*,#14698,.F.);
#14698 = EDGE_CURVE('',#14682,#14640,#14699,.T.);
#14699 = LINE('',#14700,#14701);
#14700 = CARTESIAN_POINT('',(20.85,0.125,0.));
#14701 = VECTOR('',#14702,1.);
#14702 = DIRECTION('',(0.,-1.,0.));
#14703 = PLANE('',#14704);
#14704 = AXIS2_PLACEMENT_3D('',#14705,#14706,#14707);
#14705 = CARTESIAN_POINT('',(20.85,0.125,0.));
#14706 = DIRECTION('',(-1.,-0.,-0.));
#14707 = DIRECTION('',(0.,-1.,0.));
#14708 = ADVANCED_FACE('',(#14709),#14734,.F.);
#14709 = FACE_BOUND('',#14710,.F.);
#14710 = EDGE_LOOP('',(#14711,#14712,#14720,#14728));
#14711 = ORIENTED_EDGE('',*,*,#14658,.T.);
#14712 = ORIENTED_EDGE('',*,*,#14713,.T.);
#14713 = EDGE_CURVE('',#14650,#14714,#14716,.T.);
#14714 = VERTEX_POINT('',#14715);
#14715 = CARTESIAN_POINT('',(19.15,0.125,-4.E-02));
#14716 = LINE('',#14717,#14718);
#14717 = CARTESIAN_POINT('',(19.15,-0.125,-4.E-02));
#14718 = VECTOR('',#14719,1.);
#14719 = DIRECTION('',(0.,1.,0.));
#14720 = ORIENTED_EDGE('',*,*,#14721,.F.);
#14721 = EDGE_CURVE('',#14722,#14714,#14724,.T.);
#14722 = VERTEX_POINT('',#14723);
#14723 = CARTESIAN_POINT('',(19.15,0.125,0.));
#14724 = LINE('',#14725,#14726);
#14725 = CARTESIAN_POINT('',(19.15,0.125,0.));
#14726 = VECTOR('',#14727,1.);
#14727 = DIRECTION('',(0.,0.,-1.));
#14728 = ORIENTED_EDGE('',*,*,#14729,.F.);
#14729 = EDGE_CURVE('',#14659,#14722,#14730,.T.);
#14730 = LINE('',#14731,#14732);
#14731 = CARTESIAN_POINT('',(19.15,-0.125,0.));
#14732 = VECTOR('',#14733,1.);
#14733 = DIRECTION('',(0.,1.,0.));
#14734 = PLANE('',#14735);
#14735 = AXIS2_PLACEMENT_3D('',#14736,#14737,#14738);
#14736 = CARTESIAN_POINT('',(19.15,-0.125,0.));
#14737 = DIRECTION('',(1.,-0.,0.));
#14738 = DIRECTION('',(0.,1.,0.));
#14739 = ADVANCED_FACE('',(#14740,#14752),#14763,.F.);
#14740 = FACE_BOUND('',#14741,.F.);
#14741 = EDGE_LOOP('',(#14742,#14743,#14744,#14751));
#14742 = ORIENTED_EDGE('',*,*,#14666,.T.);
#14743 = ORIENTED_EDGE('',*,*,#14729,.T.);
#14744 = ORIENTED_EDGE('',*,*,#14745,.T.);
#14745 = EDGE_CURVE('',#14722,#14682,#14746,.T.);
#14746 = CIRCLE('',#14747,0.85);
#14747 = AXIS2_PLACEMENT_3D('',#14748,#14749,#14750);
#14748 = CARTESIAN_POINT('',(20.,0.124999633951,0.));
#14749 = DIRECTION('',(0.,0.,-1.));
#14750 = DIRECTION('',(-1.,4.306456652065E-07,0.));
#14751 = ORIENTED_EDGE('',*,*,#14698,.T.);
#14752 = FACE_BOUND('',#14753,.F.);
#14753 = EDGE_LOOP('',(#14754));
#14754 = ORIENTED_EDGE('',*,*,#14755,.F.);
#14755 = EDGE_CURVE('',#14756,#14756,#14758,.T.);
#14756 = VERTEX_POINT('',#14757);
#14757 = CARTESIAN_POINT('',(20.,-0.45,0.));
#14758 = CIRCLE('',#14759,0.45);
#14759 = AXIS2_PLACEMENT_3D('',#14760,#14761,#14762);
#14760 = CARTESIAN_POINT('',(20.,9.992007221626E-16,0.));
#14761 = DIRECTION('',(-0.,0.,-1.));
#14762 = DIRECTION('',(-0.,-1.,0.));
#14763 = PLANE('',#14764);
#14764 = AXIS2_PLACEMENT_3D('',#14765,#14766,#14767);
#14765 = CARTESIAN_POINT('',(0.,0.,0.));
#14766 = DIRECTION('',(-0.,-0.,-1.));
#14767 = DIRECTION('',(-1.,0.,0.));
#14768 = ADVANCED_FACE('',(#14769,#14781),#14792,.T.);
#14769 = FACE_BOUND('',#14770,.T.);
#14770 = EDGE_LOOP('',(#14771,#14772,#14773,#14780));
#14771 = ORIENTED_EDGE('',*,*,#14649,.T.);
#14772 = ORIENTED_EDGE('',*,*,#14713,.T.);
#14773 = ORIENTED_EDGE('',*,*,#14774,.T.);
#14774 = EDGE_CURVE('',#14714,#14684,#14775,.T.);
#14775 = CIRCLE('',#14776,0.85);
#14776 = AXIS2_PLACEMENT_3D('',#14777,#14778,#14779);
#14777 = CARTESIAN_POINT('',(20.,0.124999633951,-4.E-02));
#14778 = DIRECTION('',(0.,0.,-1.));
#14779 = DIRECTION('',(-1.,4.306456652065E-07,0.));
#14780 = ORIENTED_EDGE('',*,*,#14691,.T.);
#14781 = FACE_BOUND('',#14782,.T.);
#14782 = EDGE_LOOP('',(#14783));
#14783 = ORIENTED_EDGE('',*,*,#14784,.F.);
#14784 = EDGE_CURVE('',#14785,#14785,#14787,.T.);
#14785 = VERTEX_POINT('',#14786);
#14786 = CARTESIAN_POINT('',(20.,-0.45,-4.E-02));
#14787 = CIRCLE('',#14788,0.45);
#14788 = AXIS2_PLACEMENT_3D('',#14789,#14790,#14791);
#14789 = CARTESIAN_POINT('',(20.,9.992007221626E-16,-4.E-02));
#14790 = DIRECTION('',(-0.,0.,-1.));
#14791 = DIRECTION('',(-0.,-1.,0.));
#14792 = PLANE('',#14793);
#14793 = AXIS2_PLACEMENT_3D('',#14794,#14795,#14796);
#14794 = CARTESIAN_POINT('',(0.,0.,-4.E-02));
#14795 = DIRECTION('',(-0.,-0.,-1.));
#14796 = DIRECTION('',(-1.,0.,0.));
#14797 = ADVANCED_FACE('',(#14798),#14804,.T.);
#14798 = FACE_BOUND('',#14799,.F.);
#14799 = EDGE_LOOP('',(#14800,#14801,#14802,#14803));
#14800 = ORIENTED_EDGE('',*,*,#14721,.T.);
#14801 = ORIENTED_EDGE('',*,*,#14774,.T.);
#14802 = ORIENTED_EDGE('',*,*,#14681,.F.);
#14803 = ORIENTED_EDGE('',*,*,#14745,.F.);
#14804 = CYLINDRICAL_SURFACE('',#14805,0.85);
#14805 = AXIS2_PLACEMENT_3D('',#14806,#14807,#14808);
#14806 = CARTESIAN_POINT('',(20.,0.124999633951,0.));
#14807 = DIRECTION('',(-0.,-0.,1.));
#14808 = DIRECTION('',(-1.,4.306456652065E-07,0.));
#14809 = ADVANCED_FACE('',(#14810),#14821,.F.);
#14810 = FACE_BOUND('',#14811,.T.);
#14811 = EDGE_LOOP('',(#14812,#14813,#14819,#14820));
#14812 = ORIENTED_EDGE('',*,*,#14784,.T.);
#14813 = ORIENTED_EDGE('',*,*,#14814,.T.);
#14814 = EDGE_CURVE('',#14785,#14756,#14815,.T.);
#14815 = LINE('',#14816,#14817);
#14816 = CARTESIAN_POINT('',(20.,-0.45,-4.6E-02));
#14817 = VECTOR('',#14818,1.);
#14818 = DIRECTION('',(0.,0.,1.));
#14819 = ORIENTED_EDGE('',*,*,#14755,.F.);
#14820 = ORIENTED_EDGE('',*,*,#14814,.F.);
#14821 = CYLINDRICAL_SURFACE('',#14822,0.45);
#14822 = AXIS2_PLACEMENT_3D('',#14823,#14824,#14825);
#14823 = CARTESIAN_POINT('',(20.,9.992007221626E-16,-4.6E-02));
#14824 = DIRECTION('',(-0.,-0.,-1.));
#14825 = DIRECTION('',(-0.,-1.,0.));
#14826 = MANIFOLD_SOLID_BREP('',#14827);
#14827 = CLOSED_SHELL('',(#14828,#14861,#14881,#14901));
#14828 = ADVANCED_FACE('',(#14829),#14856,.T.);
#14829 = FACE_BOUND('',#14830,.F.);
#14830 = EDGE_LOOP('',(#14831,#14841,#14848,#14849));
#14831 = ORIENTED_EDGE('',*,*,#14832,.T.);
#14832 = EDGE_CURVE('',#14833,#14835,#14837,.T.);
#14833 = VERTEX_POINT('',#14834);
#14834 = CARTESIAN_POINT('',(20.,-0.475,-4.E-02));
#14835 = VERTEX_POINT('',#14836);
#14836 = CARTESIAN_POINT('',(20.,-0.475,1.55));
#14837 = LINE('',#14838,#14839);
#14838 = CARTESIAN_POINT('',(20.,-0.475,-4.E-02));
#14839 = VECTOR('',#14840,1.);
#14840 = DIRECTION('',(0.,0.,1.));
#14841 = ORIENTED_EDGE('',*,*,#14842,.T.);
#14842 = EDGE_CURVE('',#14835,#14835,#14843,.T.);
#14843 = CIRCLE('',#14844,0.475);
#14844 = AXIS2_PLACEMENT_3D('',#14845,#14846,#14847);
#14845 = CARTESIAN_POINT('',(20.,1.415534356397E-15,1.55));
#14846 = DIRECTION('',(0.,0.,1.));
#14847 = DIRECTION('',(-0.,-1.,0.));
#14848 = ORIENTED_EDGE('',*,*,#14832,.F.);
#14849 = ORIENTED_EDGE('',*,*,#14850,.F.);
#14850 = EDGE_CURVE('',#14833,#14833,#14851,.T.);
#14851 = CIRCLE('',#14852,0.475);
#14852 = AXIS2_PLACEMENT_3D('',#14853,#14854,#14855);
#14853 = CARTESIAN_POINT('',(20.,1.415534356397E-15,-4.E-02));
#14854 = DIRECTION('',(0.,0.,1.));
#14855 = DIRECTION('',(-0.,-1.,0.));
#14856 = CYLINDRICAL_SURFACE('',#14857,0.475);
#14857 = AXIS2_PLACEMENT_3D('',#14858,#14859,#14860);
#14858 = CARTESIAN_POINT('',(20.,1.415534356397E-15,-4.E-02));
#14859 = DIRECTION('',(-0.,-0.,-1.));
#14860 = DIRECTION('',(-0.,-1.,0.));
#14861 = ADVANCED_FACE('',(#14862,#14865),#14876,.F.);
#14862 = FACE_BOUND('',#14863,.F.);
#14863 = EDGE_LOOP('',(#14864));
#14864 = ORIENTED_EDGE('',*,*,#14850,.T.);
#14865 = FACE_BOUND('',#14866,.F.);
#14866 = EDGE_LOOP('',(#14867));
#14867 = ORIENTED_EDGE('',*,*,#14868,.T.);
#14868 = EDGE_CURVE('',#14869,#14869,#14871,.T.);
#14869 = VERTEX_POINT('',#14870);
#14870 = CARTESIAN_POINT('',(20.,-0.45,-4.E-02));
#14871 = CIRCLE('',#14872,0.45);
#14872 = AXIS2_PLACEMENT_3D('',#14873,#14874,#14875);
#14873 = CARTESIAN_POINT('',(20.,9.992007221626E-16,-4.E-02));
#14874 = DIRECTION('',(-0.,0.,-1.));
#14875 = DIRECTION('',(-0.,-1.,0.));
#14876 = PLANE('',#14877);
#14877 = AXIS2_PLACEMENT_3D('',#14878,#14879,#14880);
#14878 = CARTESIAN_POINT('',(20.,-0.475,-4.E-02));
#14879 = DIRECTION('',(0.,0.,1.));
#14880 = DIRECTION('',(1.,0.,-0.));
#14881 = ADVANCED_FACE('',(#14882,#14885),#14896,.T.);
#14882 = FACE_BOUND('',#14883,.T.);
#14883 = EDGE_LOOP('',(#14884));
#14884 = ORIENTED_EDGE('',*,*,#14842,.T.);
#14885 = FACE_BOUND('',#14886,.T.);
#14886 = EDGE_LOOP('',(#14887));
#14887 = ORIENTED_EDGE('',*,*,#14888,.T.);
#14888 = EDGE_CURVE('',#14889,#14889,#14891,.T.);
#14889 = VERTEX_POINT('',#14890);
#14890 = CARTESIAN_POINT('',(20.,-0.45,1.55));
#14891 = CIRCLE('',#14892,0.45);
#14892 = AXIS2_PLACEMENT_3D('',#14893,#14894,#14895);
#14893 = CARTESIAN_POINT('',(20.,9.992007221626E-16,1.55));
#14894 = DIRECTION('',(-0.,0.,-1.));
#14895 = DIRECTION('',(-0.,-1.,0.));
#14896 = PLANE('',#14897);
#14897 = AXIS2_PLACEMENT_3D('',#14898,#14899,#14900);
#14898 = CARTESIAN_POINT('',(20.,-0.475,1.55));
#14899 = DIRECTION('',(0.,0.,1.));
#14900 = DIRECTION('',(1.,0.,-0.));
#14901 = ADVANCED_FACE('',(#14902),#14913,.F.);
#14902 = FACE_BOUND('',#14903,.T.);
#14903 = EDGE_LOOP('',(#14904,#14905,#14911,#14912));
#14904 = ORIENTED_EDGE('',*,*,#14868,.T.);
#14905 = ORIENTED_EDGE('',*,*,#14906,.T.);
#14906 = EDGE_CURVE('',#14869,#14889,#14907,.T.);
#14907 = LINE('',#14908,#14909);
#14908 = CARTESIAN_POINT('',(20.,-0.45,-4.6E-02));
#14909 = VECTOR('',#14910,1.);
#14910 = DIRECTION('',(0.,0.,1.));
#14911 = ORIENTED_EDGE('',*,*,#14888,.F.);
#14912 = ORIENTED_EDGE('',*,*,#14906,.F.);
#14913 = CYLINDRICAL_SURFACE('',#14914,0.45);
#14914 = AXIS2_PLACEMENT_3D('',#14915,#14916,#14917);
#14915 = CARTESIAN_POINT('',(20.,9.992007221626E-16,-4.6E-02));
#14916 = DIRECTION('',(-0.,-0.,-1.));
#14917 = DIRECTION('',(-0.,-1.,0.));
#14918 = MANIFOLD_SOLID_BREP('',#14919);
#14919 = CLOSED_SHELL('',(#14920,#14962,#14993,#15024,#15053,#15082,
    #15094));
#14920 = ADVANCED_FACE('',(#14921),#14957,.T.);
#14921 = FACE_BOUND('',#14922,.T.);
#14922 = EDGE_LOOP('',(#14923,#14933,#14942,#14950));
#14923 = ORIENTED_EDGE('',*,*,#14924,.T.);
#14924 = EDGE_CURVE('',#14925,#14927,#14929,.T.);
#14925 = VERTEX_POINT('',#14926);
#14926 = CARTESIAN_POINT('',(23.35,-0.125,1.51));
#14927 = VERTEX_POINT('',#14928);
#14928 = CARTESIAN_POINT('',(23.35,-0.125,1.55));
#14929 = LINE('',#14930,#14931);
#14930 = CARTESIAN_POINT('',(23.35,-0.125,1.51));
#14931 = VECTOR('',#14932,1.);
#14932 = DIRECTION('',(0.,0.,1.));
#14933 = ORIENTED_EDGE('',*,*,#14934,.T.);
#14934 = EDGE_CURVE('',#14927,#14935,#14937,.T.);
#14935 = VERTEX_POINT('',#14936);
#14936 = CARTESIAN_POINT('',(21.65,-0.125,1.55));
#14937 = CIRCLE('',#14938,0.85);
#14938 = AXIS2_PLACEMENT_3D('',#14939,#14940,#14941);
#14939 = CARTESIAN_POINT('',(22.5,-0.125000024751,1.55));
#14940 = DIRECTION('',(0.,0.,-1.));
#14941 = DIRECTION('',(1.,2.91187601482E-08,0.));
#14942 = ORIENTED_EDGE('',*,*,#14943,.F.);
#14943 = EDGE_CURVE('',#14944,#14935,#14946,.T.);
#14944 = VERTEX_POINT('',#14945);
#14945 = CARTESIAN_POINT('',(21.65,-0.125,1.51));
#14946 = LINE('',#14947,#14948);
#14947 = CARTESIAN_POINT('',(21.65,-0.125,1.51));
#14948 = VECTOR('',#14949,1.);
#14949 = DIRECTION('',(0.,0.,1.));
#14950 = ORIENTED_EDGE('',*,*,#14951,.F.);
#14951 = EDGE_CURVE('',#14925,#14944,#14952,.T.);
#14952 = CIRCLE('',#14953,0.85);
#14953 = AXIS2_PLACEMENT_3D('',#14954,#14955,#14956);
#14954 = CARTESIAN_POINT('',(22.5,-0.125000024751,1.51));
#14955 = DIRECTION('',(0.,0.,-1.));
#14956 = DIRECTION('',(1.,2.91187601482E-08,0.));
#14957 = CYLINDRICAL_SURFACE('',#14958,0.85);
#14958 = AXIS2_PLACEMENT_3D('',#14959,#14960,#14961);
#14959 = CARTESIAN_POINT('',(22.5,-0.125000024751,1.51));
#14960 = DIRECTION('',(0.,0.,-1.));
#14961 = DIRECTION('',(1.,2.91187601482E-08,0.));
#14962 = ADVANCED_FACE('',(#14963),#14988,.T.);
#14963 = FACE_BOUND('',#14964,.T.);
#14964 = EDGE_LOOP('',(#14965,#14975,#14981,#14982));
#14965 = ORIENTED_EDGE('',*,*,#14966,.T.);
#14966 = EDGE_CURVE('',#14967,#14969,#14971,.T.);
#14967 = VERTEX_POINT('',#14968);
#14968 = CARTESIAN_POINT('',(23.35,0.125,1.51));
#14969 = VERTEX_POINT('',#14970);
#14970 = CARTESIAN_POINT('',(23.35,0.125,1.55));
#14971 = LINE('',#14972,#14973);
#14972 = CARTESIAN_POINT('',(23.35,0.125,1.51));
#14973 = VECTOR('',#14974,1.);
#14974 = DIRECTION('',(0.,0.,1.));
#14975 = ORIENTED_EDGE('',*,*,#14976,.T.);
#14976 = EDGE_CURVE('',#14969,#14927,#14977,.T.);
#14977 = LINE('',#14978,#14979);
#14978 = CARTESIAN_POINT('',(23.35,0.125,1.55));
#14979 = VECTOR('',#14980,1.);
#14980 = DIRECTION('',(0.,-1.,0.));
#14981 = ORIENTED_EDGE('',*,*,#14924,.F.);
#14982 = ORIENTED_EDGE('',*,*,#14983,.F.);
#14983 = EDGE_CURVE('',#14967,#14925,#14984,.T.);
#14984 = LINE('',#14985,#14986);
#14985 = CARTESIAN_POINT('',(23.35,0.125,1.51));
#14986 = VECTOR('',#14987,1.);
#14987 = DIRECTION('',(0.,-1.,0.));
#14988 = PLANE('',#14989);
#14989 = AXIS2_PLACEMENT_3D('',#14990,#14991,#14992);
#14990 = CARTESIAN_POINT('',(23.35,0.125,1.51));
#14991 = DIRECTION('',(1.,0.,-0.));
#14992 = DIRECTION('',(0.,-1.,0.));
#14993 = ADVANCED_FACE('',(#14994),#15019,.T.);
#14994 = FACE_BOUND('',#14995,.T.);
#14995 = EDGE_LOOP('',(#14996,#14997,#15005,#15013));
#14996 = ORIENTED_EDGE('',*,*,#14943,.T.);
#14997 = ORIENTED_EDGE('',*,*,#14998,.T.);
#14998 = EDGE_CURVE('',#14935,#14999,#15001,.T.);
#14999 = VERTEX_POINT('',#15000);
#15000 = CARTESIAN_POINT('',(21.65,0.125,1.55));
#15001 = LINE('',#15002,#15003);
#15002 = CARTESIAN_POINT('',(21.65,-0.125,1.55));
#15003 = VECTOR('',#15004,1.);
#15004 = DIRECTION('',(0.,1.,0.));
#15005 = ORIENTED_EDGE('',*,*,#15006,.F.);
#15006 = EDGE_CURVE('',#15007,#14999,#15009,.T.);
#15007 = VERTEX_POINT('',#15008);
#15008 = CARTESIAN_POINT('',(21.65,0.125,1.51));
#15009 = LINE('',#15010,#15011);
#15010 = CARTESIAN_POINT('',(21.65,0.125,1.51));
#15011 = VECTOR('',#15012,1.);
#15012 = DIRECTION('',(0.,0.,1.));
#15013 = ORIENTED_EDGE('',*,*,#15014,.F.);
#15014 = EDGE_CURVE('',#14944,#15007,#15015,.T.);
#15015 = LINE('',#15016,#15017);
#15016 = CARTESIAN_POINT('',(21.65,-0.125,1.51));
#15017 = VECTOR('',#15018,1.);
#15018 = DIRECTION('',(0.,1.,0.));
#15019 = PLANE('',#15020);
#15020 = AXIS2_PLACEMENT_3D('',#15021,#15022,#15023);
#15021 = CARTESIAN_POINT('',(21.65,-0.125,1.51));
#15022 = DIRECTION('',(-1.,0.,0.));
#15023 = DIRECTION('',(0.,1.,0.));
#15024 = ADVANCED_FACE('',(#15025,#15037),#15048,.F.);
#15025 = FACE_BOUND('',#15026,.F.);
#15026 = EDGE_LOOP('',(#15027,#15028,#15029,#15036));
#15027 = ORIENTED_EDGE('',*,*,#14951,.F.);
#15028 = ORIENTED_EDGE('',*,*,#14983,.F.);
#15029 = ORIENTED_EDGE('',*,*,#15030,.F.);
#15030 = EDGE_CURVE('',#15007,#14967,#15031,.T.);
#15031 = CIRCLE('',#15032,0.85);
#15032 = AXIS2_PLACEMENT_3D('',#15033,#15034,#15035);
#15033 = CARTESIAN_POINT('',(22.5,0.124999633951,1.51));
#15034 = DIRECTION('',(0.,0.,-1.));
#15035 = DIRECTION('',(-1.,4.306456652065E-07,0.));
#15036 = ORIENTED_EDGE('',*,*,#15014,.F.);
#15037 = FACE_BOUND('',#15038,.F.);
#15038 = EDGE_LOOP('',(#15039));
#15039 = ORIENTED_EDGE('',*,*,#15040,.T.);
#15040 = EDGE_CURVE('',#15041,#15041,#15043,.T.);
#15041 = VERTEX_POINT('',#15042);
#15042 = CARTESIAN_POINT('',(22.5,-0.45,1.51));
#15043 = CIRCLE('',#15044,0.45);
#15044 = AXIS2_PLACEMENT_3D('',#15045,#15046,#15047);
#15045 = CARTESIAN_POINT('',(22.5,9.992007221626E-16,1.51));
#15046 = DIRECTION('',(-0.,0.,-1.));
#15047 = DIRECTION('',(-0.,-1.,0.));
#15048 = PLANE('',#15049);
#15049 = AXIS2_PLACEMENT_3D('',#15050,#15051,#15052);
#15050 = CARTESIAN_POINT('',(0.,0.,1.51));
#15051 = DIRECTION('',(0.,0.,1.));
#15052 = DIRECTION('',(1.,0.,-0.));
#15053 = ADVANCED_FACE('',(#15054,#15066),#15077,.T.);
#15054 = FACE_BOUND('',#15055,.T.);
#15055 = EDGE_LOOP('',(#15056,#15057,#15058,#15065));
#15056 = ORIENTED_EDGE('',*,*,#14934,.F.);
#15057 = ORIENTED_EDGE('',*,*,#14976,.F.);
#15058 = ORIENTED_EDGE('',*,*,#15059,.F.);
#15059 = EDGE_CURVE('',#14999,#14969,#15060,.T.);
#15060 = CIRCLE('',#15061,0.85);
#15061 = AXIS2_PLACEMENT_3D('',#15062,#15063,#15064);
#15062 = CARTESIAN_POINT('',(22.5,0.124999633951,1.55));
#15063 = DIRECTION('',(0.,0.,-1.));
#15064 = DIRECTION('',(-1.,4.306456652065E-07,0.));
#15065 = ORIENTED_EDGE('',*,*,#14998,.F.);
#15066 = FACE_BOUND('',#15067,.T.);
#15067 = EDGE_LOOP('',(#15068));
#15068 = ORIENTED_EDGE('',*,*,#15069,.T.);
#15069 = EDGE_CURVE('',#15070,#15070,#15072,.T.);
#15070 = VERTEX_POINT('',#15071);
#15071 = CARTESIAN_POINT('',(22.5,-0.45,1.55));
#15072 = CIRCLE('',#15073,0.45);
#15073 = AXIS2_PLACEMENT_3D('',#15074,#15075,#15076);
#15074 = CARTESIAN_POINT('',(22.5,9.992007221626E-16,1.55));
#15075 = DIRECTION('',(-0.,0.,-1.));
#15076 = DIRECTION('',(-0.,-1.,0.));
#15077 = PLANE('',#15078);
#15078 = AXIS2_PLACEMENT_3D('',#15079,#15080,#15081);
#15079 = CARTESIAN_POINT('',(0.,0.,1.55));
#15080 = DIRECTION('',(0.,0.,1.));
#15081 = DIRECTION('',(1.,0.,-0.));
#15082 = ADVANCED_FACE('',(#15083),#15089,.T.);
#15083 = FACE_BOUND('',#15084,.T.);
#15084 = EDGE_LOOP('',(#15085,#15086,#15087,#15088));
#15085 = ORIENTED_EDGE('',*,*,#15006,.T.);
#15086 = ORIENTED_EDGE('',*,*,#15059,.T.);
#15087 = ORIENTED_EDGE('',*,*,#14966,.F.);
#15088 = ORIENTED_EDGE('',*,*,#15030,.F.);
#15089 = CYLINDRICAL_SURFACE('',#15090,0.85);
#15090 = AXIS2_PLACEMENT_3D('',#15091,#15092,#15093);
#15091 = CARTESIAN_POINT('',(22.5,0.124999633951,1.51));
#15092 = DIRECTION('',(0.,0.,-1.));
#15093 = DIRECTION('',(-1.,4.306456652065E-07,0.));
#15094 = ADVANCED_FACE('',(#15095),#15106,.F.);
#15095 = FACE_BOUND('',#15096,.T.);
#15096 = EDGE_LOOP('',(#15097,#15098,#15104,#15105));
#15097 = ORIENTED_EDGE('',*,*,#15040,.T.);
#15098 = ORIENTED_EDGE('',*,*,#15099,.T.);
#15099 = EDGE_CURVE('',#15041,#15070,#15100,.T.);
#15100 = LINE('',#15101,#15102);
#15101 = CARTESIAN_POINT('',(22.5,-0.45,-4.6E-02));
#15102 = VECTOR('',#15103,1.);
#15103 = DIRECTION('',(0.,0.,1.));
#15104 = ORIENTED_EDGE('',*,*,#15069,.F.);
#15105 = ORIENTED_EDGE('',*,*,#15099,.F.);
#15106 = CYLINDRICAL_SURFACE('',#15107,0.45);
#15107 = AXIS2_PLACEMENT_3D('',#15108,#15109,#15110);
#15108 = CARTESIAN_POINT('',(22.5,9.992007221626E-16,-4.6E-02));
#15109 = DIRECTION('',(-0.,-0.,-1.));
#15110 = DIRECTION('',(-0.,-1.,0.));
#15111 = MANIFOLD_SOLID_BREP('',#15112);
#15112 = CLOSED_SHELL('',(#15113,#15155,#15186,#15217,#15246,#15275,
    #15287));
#15113 = ADVANCED_FACE('',(#15114),#15150,.T.);
#15114 = FACE_BOUND('',#15115,.F.);
#15115 = EDGE_LOOP('',(#15116,#15126,#15135,#15143));
#15116 = ORIENTED_EDGE('',*,*,#15117,.T.);
#15117 = EDGE_CURVE('',#15118,#15120,#15122,.T.);
#15118 = VERTEX_POINT('',#15119);
#15119 = CARTESIAN_POINT('',(23.35,-0.125,0.));
#15120 = VERTEX_POINT('',#15121);
#15121 = CARTESIAN_POINT('',(23.35,-0.125,-4.E-02));
#15122 = LINE('',#15123,#15124);
#15123 = CARTESIAN_POINT('',(23.35,-0.125,0.));
#15124 = VECTOR('',#15125,1.);
#15125 = DIRECTION('',(0.,0.,-1.));
#15126 = ORIENTED_EDGE('',*,*,#15127,.T.);
#15127 = EDGE_CURVE('',#15120,#15128,#15130,.T.);
#15128 = VERTEX_POINT('',#15129);
#15129 = CARTESIAN_POINT('',(21.65,-0.125,-4.E-02));
#15130 = CIRCLE('',#15131,0.85);
#15131 = AXIS2_PLACEMENT_3D('',#15132,#15133,#15134);
#15132 = CARTESIAN_POINT('',(22.5,-0.125000024751,-4.E-02));
#15133 = DIRECTION('',(0.,0.,-1.));
#15134 = DIRECTION('',(1.,2.91187601482E-08,0.));
#15135 = ORIENTED_EDGE('',*,*,#15136,.F.);
#15136 = EDGE_CURVE('',#15137,#15128,#15139,.T.);
#15137 = VERTEX_POINT('',#15138);
#15138 = CARTESIAN_POINT('',(21.65,-0.125,0.));
#15139 = LINE('',#15140,#15141);
#15140 = CARTESIAN_POINT('',(21.65,-0.125,0.));
#15141 = VECTOR('',#15142,1.);
#15142 = DIRECTION('',(0.,0.,-1.));
#15143 = ORIENTED_EDGE('',*,*,#15144,.F.);
#15144 = EDGE_CURVE('',#15118,#15137,#15145,.T.);
#15145 = CIRCLE('',#15146,0.85);
#15146 = AXIS2_PLACEMENT_3D('',#15147,#15148,#15149);
#15147 = CARTESIAN_POINT('',(22.5,-0.125000024751,0.));
#15148 = DIRECTION('',(0.,0.,-1.));
#15149 = DIRECTION('',(1.,2.91187601482E-08,0.));
#15150 = CYLINDRICAL_SURFACE('',#15151,0.85);
#15151 = AXIS2_PLACEMENT_3D('',#15152,#15153,#15154);
#15152 = CARTESIAN_POINT('',(22.5,-0.125000024751,0.));
#15153 = DIRECTION('',(-0.,-0.,1.));
#15154 = DIRECTION('',(1.,2.91187601482E-08,0.));
#15155 = ADVANCED_FACE('',(#15156),#15181,.F.);
#15156 = FACE_BOUND('',#15157,.F.);
#15157 = EDGE_LOOP('',(#15158,#15168,#15174,#15175));
#15158 = ORIENTED_EDGE('',*,*,#15159,.T.);
#15159 = EDGE_CURVE('',#15160,#15162,#15164,.T.);
#15160 = VERTEX_POINT('',#15161);
#15161 = CARTESIAN_POINT('',(23.35,0.125,0.));
#15162 = VERTEX_POINT('',#15163);
#15163 = CARTESIAN_POINT('',(23.35,0.125,-4.E-02));
#15164 = LINE('',#15165,#15166);
#15165 = CARTESIAN_POINT('',(23.35,0.125,0.));
#15166 = VECTOR('',#15167,1.);
#15167 = DIRECTION('',(0.,0.,-1.));
#15168 = ORIENTED_EDGE('',*,*,#15169,.T.);
#15169 = EDGE_CURVE('',#15162,#15120,#15170,.T.);
#15170 = LINE('',#15171,#15172);
#15171 = CARTESIAN_POINT('',(23.35,0.125,-4.E-02));
#15172 = VECTOR('',#15173,1.);
#15173 = DIRECTION('',(0.,-1.,0.));
#15174 = ORIENTED_EDGE('',*,*,#15117,.F.);
#15175 = ORIENTED_EDGE('',*,*,#15176,.F.);
#15176 = EDGE_CURVE('',#15160,#15118,#15177,.T.);
#15177 = LINE('',#15178,#15179);
#15178 = CARTESIAN_POINT('',(23.35,0.125,0.));
#15179 = VECTOR('',#15180,1.);
#15180 = DIRECTION('',(0.,-1.,0.));
#15181 = PLANE('',#15182);
#15182 = AXIS2_PLACEMENT_3D('',#15183,#15184,#15185);
#15183 = CARTESIAN_POINT('',(23.35,0.125,0.));
#15184 = DIRECTION('',(-1.,-0.,-0.));
#15185 = DIRECTION('',(0.,-1.,0.));
#15186 = ADVANCED_FACE('',(#15187),#15212,.F.);
#15187 = FACE_BOUND('',#15188,.F.);
#15188 = EDGE_LOOP('',(#15189,#15190,#15198,#15206));
#15189 = ORIENTED_EDGE('',*,*,#15136,.T.);
#15190 = ORIENTED_EDGE('',*,*,#15191,.T.);
#15191 = EDGE_CURVE('',#15128,#15192,#15194,.T.);
#15192 = VERTEX_POINT('',#15193);
#15193 = CARTESIAN_POINT('',(21.65,0.125,-4.E-02));
#15194 = LINE('',#15195,#15196);
#15195 = CARTESIAN_POINT('',(21.65,-0.125,-4.E-02));
#15196 = VECTOR('',#15197,1.);
#15197 = DIRECTION('',(0.,1.,0.));
#15198 = ORIENTED_EDGE('',*,*,#15199,.F.);
#15199 = EDGE_CURVE('',#15200,#15192,#15202,.T.);
#15200 = VERTEX_POINT('',#15201);
#15201 = CARTESIAN_POINT('',(21.65,0.125,0.));
#15202 = LINE('',#15203,#15204);
#15203 = CARTESIAN_POINT('',(21.65,0.125,0.));
#15204 = VECTOR('',#15205,1.);
#15205 = DIRECTION('',(0.,0.,-1.));
#15206 = ORIENTED_EDGE('',*,*,#15207,.F.);
#15207 = EDGE_CURVE('',#15137,#15200,#15208,.T.);
#15208 = LINE('',#15209,#15210);
#15209 = CARTESIAN_POINT('',(21.65,-0.125,0.));
#15210 = VECTOR('',#15211,1.);
#15211 = DIRECTION('',(0.,1.,0.));
#15212 = PLANE('',#15213);
#15213 = AXIS2_PLACEMENT_3D('',#15214,#15215,#15216);
#15214 = CARTESIAN_POINT('',(21.65,-0.125,0.));
#15215 = DIRECTION('',(1.,-0.,0.));
#15216 = DIRECTION('',(0.,1.,0.));
#15217 = ADVANCED_FACE('',(#15218,#15230),#15241,.F.);
#15218 = FACE_BOUND('',#15219,.F.);
#15219 = EDGE_LOOP('',(#15220,#15221,#15222,#15229));
#15220 = ORIENTED_EDGE('',*,*,#15144,.T.);
#15221 = ORIENTED_EDGE('',*,*,#15207,.T.);
#15222 = ORIENTED_EDGE('',*,*,#15223,.T.);
#15223 = EDGE_CURVE('',#15200,#15160,#15224,.T.);
#15224 = CIRCLE('',#15225,0.85);
#15225 = AXIS2_PLACEMENT_3D('',#15226,#15227,#15228);
#15226 = CARTESIAN_POINT('',(22.5,0.124999633951,0.));
#15227 = DIRECTION('',(0.,0.,-1.));
#15228 = DIRECTION('',(-1.,4.306456652065E-07,0.));
#15229 = ORIENTED_EDGE('',*,*,#15176,.T.);
#15230 = FACE_BOUND('',#15231,.F.);
#15231 = EDGE_LOOP('',(#15232));
#15232 = ORIENTED_EDGE('',*,*,#15233,.F.);
#15233 = EDGE_CURVE('',#15234,#15234,#15236,.T.);
#15234 = VERTEX_POINT('',#15235);
#15235 = CARTESIAN_POINT('',(22.5,-0.45,0.));
#15236 = CIRCLE('',#15237,0.45);
#15237 = AXIS2_PLACEMENT_3D('',#15238,#15239,#15240);
#15238 = CARTESIAN_POINT('',(22.5,9.992007221626E-16,0.));
#15239 = DIRECTION('',(-0.,0.,-1.));
#15240 = DIRECTION('',(-0.,-1.,0.));
#15241 = PLANE('',#15242);
#15242 = AXIS2_PLACEMENT_3D('',#15243,#15244,#15245);
#15243 = CARTESIAN_POINT('',(0.,0.,0.));
#15244 = DIRECTION('',(-0.,-0.,-1.));
#15245 = DIRECTION('',(-1.,0.,0.));
#15246 = ADVANCED_FACE('',(#15247,#15259),#15270,.T.);
#15247 = FACE_BOUND('',#15248,.T.);
#15248 = EDGE_LOOP('',(#15249,#15250,#15251,#15258));
#15249 = ORIENTED_EDGE('',*,*,#15127,.T.);
#15250 = ORIENTED_EDGE('',*,*,#15191,.T.);
#15251 = ORIENTED_EDGE('',*,*,#15252,.T.);
#15252 = EDGE_CURVE('',#15192,#15162,#15253,.T.);
#15253 = CIRCLE('',#15254,0.85);
#15254 = AXIS2_PLACEMENT_3D('',#15255,#15256,#15257);
#15255 = CARTESIAN_POINT('',(22.5,0.124999633951,-4.E-02));
#15256 = DIRECTION('',(0.,0.,-1.));
#15257 = DIRECTION('',(-1.,4.306456652065E-07,0.));
#15258 = ORIENTED_EDGE('',*,*,#15169,.T.);
#15259 = FACE_BOUND('',#15260,.T.);
#15260 = EDGE_LOOP('',(#15261));
#15261 = ORIENTED_EDGE('',*,*,#15262,.F.);
#15262 = EDGE_CURVE('',#15263,#15263,#15265,.T.);
#15263 = VERTEX_POINT('',#15264);
#15264 = CARTESIAN_POINT('',(22.5,-0.45,-4.E-02));
#15265 = CIRCLE('',#15266,0.45);
#15266 = AXIS2_PLACEMENT_3D('',#15267,#15268,#15269);
#15267 = CARTESIAN_POINT('',(22.5,9.992007221626E-16,-4.E-02));
#15268 = DIRECTION('',(-0.,0.,-1.));
#15269 = DIRECTION('',(-0.,-1.,0.));
#15270 = PLANE('',#15271);
#15271 = AXIS2_PLACEMENT_3D('',#15272,#15273,#15274);
#15272 = CARTESIAN_POINT('',(0.,0.,-4.E-02));
#15273 = DIRECTION('',(-0.,-0.,-1.));
#15274 = DIRECTION('',(-1.,0.,0.));
#15275 = ADVANCED_FACE('',(#15276),#15282,.T.);
#15276 = FACE_BOUND('',#15277,.F.);
#15277 = EDGE_LOOP('',(#15278,#15279,#15280,#15281));
#15278 = ORIENTED_EDGE('',*,*,#15199,.T.);
#15279 = ORIENTED_EDGE('',*,*,#15252,.T.);
#15280 = ORIENTED_EDGE('',*,*,#15159,.F.);
#15281 = ORIENTED_EDGE('',*,*,#15223,.F.);
#15282 = CYLINDRICAL_SURFACE('',#15283,0.85);
#15283 = AXIS2_PLACEMENT_3D('',#15284,#15285,#15286);
#15284 = CARTESIAN_POINT('',(22.5,0.124999633951,0.));
#15285 = DIRECTION('',(-0.,-0.,1.));
#15286 = DIRECTION('',(-1.,4.306456652065E-07,0.));
#15287 = ADVANCED_FACE('',(#15288),#15299,.F.);
#15288 = FACE_BOUND('',#15289,.T.);
#15289 = EDGE_LOOP('',(#15290,#15291,#15297,#15298));
#15290 = ORIENTED_EDGE('',*,*,#15262,.T.);
#15291 = ORIENTED_EDGE('',*,*,#15292,.T.);
#15292 = EDGE_CURVE('',#15263,#15234,#15293,.T.);
#15293 = LINE('',#15294,#15295);
#15294 = CARTESIAN_POINT('',(22.5,-0.45,-4.6E-02));
#15295 = VECTOR('',#15296,1.);
#15296 = DIRECTION('',(0.,0.,1.));
#15297 = ORIENTED_EDGE('',*,*,#15233,.F.);
#15298 = ORIENTED_EDGE('',*,*,#15292,.F.);
#15299 = CYLINDRICAL_SURFACE('',#15300,0.45);
#15300 = AXIS2_PLACEMENT_3D('',#15301,#15302,#15303);
#15301 = CARTESIAN_POINT('',(22.5,9.992007221626E-16,-4.6E-02));
#15302 = DIRECTION('',(-0.,-0.,-1.));
#15303 = DIRECTION('',(-0.,-1.,0.));
#15304 = MANIFOLD_SOLID_BREP('',#15305);
#15305 = CLOSED_SHELL('',(#15306,#15339,#15359,#15379));
#15306 = ADVANCED_FACE('',(#15307),#15334,.T.);
#15307 = FACE_BOUND('',#15308,.F.);
#15308 = EDGE_LOOP('',(#15309,#15319,#15326,#15327));
#15309 = ORIENTED_EDGE('',*,*,#15310,.T.);
#15310 = EDGE_CURVE('',#15311,#15313,#15315,.T.);
#15311 = VERTEX_POINT('',#15312);
#15312 = CARTESIAN_POINT('',(22.5,-0.475,-4.E-02));
#15313 = VERTEX_POINT('',#15314);
#15314 = CARTESIAN_POINT('',(22.5,-0.475,1.55));
#15315 = LINE('',#15316,#15317);
#15316 = CARTESIAN_POINT('',(22.5,-0.475,-4.E-02));
#15317 = VECTOR('',#15318,1.);
#15318 = DIRECTION('',(0.,0.,1.));
#15319 = ORIENTED_EDGE('',*,*,#15320,.T.);
#15320 = EDGE_CURVE('',#15313,#15313,#15321,.T.);
#15321 = CIRCLE('',#15322,0.475);
#15322 = AXIS2_PLACEMENT_3D('',#15323,#15324,#15325);
#15323 = CARTESIAN_POINT('',(22.5,1.415534356397E-15,1.55));
#15324 = DIRECTION('',(0.,0.,1.));
#15325 = DIRECTION('',(-0.,-1.,0.));
#15326 = ORIENTED_EDGE('',*,*,#15310,.F.);
#15327 = ORIENTED_EDGE('',*,*,#15328,.F.);
#15328 = EDGE_CURVE('',#15311,#15311,#15329,.T.);
#15329 = CIRCLE('',#15330,0.475);
#15330 = AXIS2_PLACEMENT_3D('',#15331,#15332,#15333);
#15331 = CARTESIAN_POINT('',(22.5,1.415534356397E-15,-4.E-02));
#15332 = DIRECTION('',(0.,0.,1.));
#15333 = DIRECTION('',(-0.,-1.,0.));
#15334 = CYLINDRICAL_SURFACE('',#15335,0.475);
#15335 = AXIS2_PLACEMENT_3D('',#15336,#15337,#15338);
#15336 = CARTESIAN_POINT('',(22.5,1.415534356397E-15,-4.E-02));
#15337 = DIRECTION('',(-0.,-0.,-1.));
#15338 = DIRECTION('',(-0.,-1.,0.));
#15339 = ADVANCED_FACE('',(#15340,#15343),#15354,.F.);
#15340 = FACE_BOUND('',#15341,.F.);
#15341 = EDGE_LOOP('',(#15342));
#15342 = ORIENTED_EDGE('',*,*,#15328,.T.);
#15343 = FACE_BOUND('',#15344,.F.);
#15344 = EDGE_LOOP('',(#15345));
#15345 = ORIENTED_EDGE('',*,*,#15346,.T.);
#15346 = EDGE_CURVE('',#15347,#15347,#15349,.T.);
#15347 = VERTEX_POINT('',#15348);
#15348 = CARTESIAN_POINT('',(22.5,-0.45,-4.E-02));
#15349 = CIRCLE('',#15350,0.45);
#15350 = AXIS2_PLACEMENT_3D('',#15351,#15352,#15353);
#15351 = CARTESIAN_POINT('',(22.5,9.992007221626E-16,-4.E-02));
#15352 = DIRECTION('',(-0.,0.,-1.));
#15353 = DIRECTION('',(-0.,-1.,0.));
#15354 = PLANE('',#15355);
#15355 = AXIS2_PLACEMENT_3D('',#15356,#15357,#15358);
#15356 = CARTESIAN_POINT('',(22.5,-0.475,-4.E-02));
#15357 = DIRECTION('',(0.,0.,1.));
#15358 = DIRECTION('',(1.,0.,-0.));
#15359 = ADVANCED_FACE('',(#15360,#15363),#15374,.T.);
#15360 = FACE_BOUND('',#15361,.T.);
#15361 = EDGE_LOOP('',(#15362));
#15362 = ORIENTED_EDGE('',*,*,#15320,.T.);
#15363 = FACE_BOUND('',#15364,.T.);
#15364 = EDGE_LOOP('',(#15365));
#15365 = ORIENTED_EDGE('',*,*,#15366,.T.);
#15366 = EDGE_CURVE('',#15367,#15367,#15369,.T.);
#15367 = VERTEX_POINT('',#15368);
#15368 = CARTESIAN_POINT('',(22.5,-0.45,1.55));
#15369 = CIRCLE('',#15370,0.45);
#15370 = AXIS2_PLACEMENT_3D('',#15371,#15372,#15373);
#15371 = CARTESIAN_POINT('',(22.5,9.992007221626E-16,1.55));
#15372 = DIRECTION('',(-0.,0.,-1.));
#15373 = DIRECTION('',(-0.,-1.,0.));
#15374 = PLANE('',#15375);
#15375 = AXIS2_PLACEMENT_3D('',#15376,#15377,#15378);
#15376 = CARTESIAN_POINT('',(22.5,-0.475,1.55));
#15377 = DIRECTION('',(0.,0.,1.));
#15378 = DIRECTION('',(1.,0.,-0.));
#15379 = ADVANCED_FACE('',(#15380),#15391,.F.);
#15380 = FACE_BOUND('',#15381,.T.);
#15381 = EDGE_LOOP('',(#15382,#15383,#15389,#15390));
#15382 = ORIENTED_EDGE('',*,*,#15346,.T.);
#15383 = ORIENTED_EDGE('',*,*,#15384,.T.);
#15384 = EDGE_CURVE('',#15347,#15367,#15385,.T.);
#15385 = LINE('',#15386,#15387);
#15386 = CARTESIAN_POINT('',(22.5,-0.45,-4.6E-02));
#15387 = VECTOR('',#15388,1.);
#15388 = DIRECTION('',(0.,0.,1.));
#15389 = ORIENTED_EDGE('',*,*,#15366,.F.);
#15390 = ORIENTED_EDGE('',*,*,#15384,.F.);
#15391 = CYLINDRICAL_SURFACE('',#15392,0.45);
#15392 = AXIS2_PLACEMENT_3D('',#15393,#15394,#15395);
#15393 = CARTESIAN_POINT('',(22.5,9.992007221626E-16,-4.6E-02));
#15394 = DIRECTION('',(-0.,-0.,-1.));
#15395 = DIRECTION('',(-0.,-1.,0.));
#15396 = MANIFOLD_SOLID_BREP('',#15397);
#15397 = CLOSED_SHELL('',(#15398,#15440,#15471,#15502,#15531,#15560,
    #15572));
#15398 = ADVANCED_FACE('',(#15399),#15435,.T.);
#15399 = FACE_BOUND('',#15400,.T.);
#15400 = EDGE_LOOP('',(#15401,#15411,#15420,#15428));
#15401 = ORIENTED_EDGE('',*,*,#15402,.T.);
#15402 = EDGE_CURVE('',#15403,#15405,#15407,.T.);
#15403 = VERTEX_POINT('',#15404);
#15404 = CARTESIAN_POINT('',(25.85,-0.125,1.51));
#15405 = VERTEX_POINT('',#15406);
#15406 = CARTESIAN_POINT('',(25.85,-0.125,1.55));
#15407 = LINE('',#15408,#15409);
#15408 = CARTESIAN_POINT('',(25.85,-0.125,1.51));
#15409 = VECTOR('',#15410,1.);
#15410 = DIRECTION('',(0.,0.,1.));
#15411 = ORIENTED_EDGE('',*,*,#15412,.T.);
#15412 = EDGE_CURVE('',#15405,#15413,#15415,.T.);
#15413 = VERTEX_POINT('',#15414);
#15414 = CARTESIAN_POINT('',(24.15,-0.125,1.55));
#15415 = CIRCLE('',#15416,0.85);
#15416 = AXIS2_PLACEMENT_3D('',#15417,#15418,#15419);
#15417 = CARTESIAN_POINT('',(25.,-0.125000024751,1.55));
#15418 = DIRECTION('',(0.,0.,-1.));
#15419 = DIRECTION('',(1.,2.91187601482E-08,0.));
#15420 = ORIENTED_EDGE('',*,*,#15421,.F.);
#15421 = EDGE_CURVE('',#15422,#15413,#15424,.T.);
#15422 = VERTEX_POINT('',#15423);
#15423 = CARTESIAN_POINT('',(24.15,-0.125,1.51));
#15424 = LINE('',#15425,#15426);
#15425 = CARTESIAN_POINT('',(24.15,-0.125,1.51));
#15426 = VECTOR('',#15427,1.);
#15427 = DIRECTION('',(0.,0.,1.));
#15428 = ORIENTED_EDGE('',*,*,#15429,.F.);
#15429 = EDGE_CURVE('',#15403,#15422,#15430,.T.);
#15430 = CIRCLE('',#15431,0.85);
#15431 = AXIS2_PLACEMENT_3D('',#15432,#15433,#15434);
#15432 = CARTESIAN_POINT('',(25.,-0.125000024751,1.51));
#15433 = DIRECTION('',(0.,0.,-1.));
#15434 = DIRECTION('',(1.,2.91187601482E-08,0.));
#15435 = CYLINDRICAL_SURFACE('',#15436,0.85);
#15436 = AXIS2_PLACEMENT_3D('',#15437,#15438,#15439);
#15437 = CARTESIAN_POINT('',(25.,-0.125000024751,1.51));
#15438 = DIRECTION('',(0.,0.,-1.));
#15439 = DIRECTION('',(1.,2.91187601482E-08,0.));
#15440 = ADVANCED_FACE('',(#15441),#15466,.T.);
#15441 = FACE_BOUND('',#15442,.T.);
#15442 = EDGE_LOOP('',(#15443,#15453,#15459,#15460));
#15443 = ORIENTED_EDGE('',*,*,#15444,.T.);
#15444 = EDGE_CURVE('',#15445,#15447,#15449,.T.);
#15445 = VERTEX_POINT('',#15446);
#15446 = CARTESIAN_POINT('',(25.85,0.125,1.51));
#15447 = VERTEX_POINT('',#15448);
#15448 = CARTESIAN_POINT('',(25.85,0.125,1.55));
#15449 = LINE('',#15450,#15451);
#15450 = CARTESIAN_POINT('',(25.85,0.125,1.51));
#15451 = VECTOR('',#15452,1.);
#15452 = DIRECTION('',(0.,0.,1.));
#15453 = ORIENTED_EDGE('',*,*,#15454,.T.);
#15454 = EDGE_CURVE('',#15447,#15405,#15455,.T.);
#15455 = LINE('',#15456,#15457);
#15456 = CARTESIAN_POINT('',(25.85,0.125,1.55));
#15457 = VECTOR('',#15458,1.);
#15458 = DIRECTION('',(0.,-1.,0.));
#15459 = ORIENTED_EDGE('',*,*,#15402,.F.);
#15460 = ORIENTED_EDGE('',*,*,#15461,.F.);
#15461 = EDGE_CURVE('',#15445,#15403,#15462,.T.);
#15462 = LINE('',#15463,#15464);
#15463 = CARTESIAN_POINT('',(25.85,0.125,1.51));
#15464 = VECTOR('',#15465,1.);
#15465 = DIRECTION('',(0.,-1.,0.));
#15466 = PLANE('',#15467);
#15467 = AXIS2_PLACEMENT_3D('',#15468,#15469,#15470);
#15468 = CARTESIAN_POINT('',(25.85,0.125,1.51));
#15469 = DIRECTION('',(1.,0.,-0.));
#15470 = DIRECTION('',(0.,-1.,0.));
#15471 = ADVANCED_FACE('',(#15472),#15497,.T.);
#15472 = FACE_BOUND('',#15473,.T.);
#15473 = EDGE_LOOP('',(#15474,#15475,#15483,#15491));
#15474 = ORIENTED_EDGE('',*,*,#15421,.T.);
#15475 = ORIENTED_EDGE('',*,*,#15476,.T.);
#15476 = EDGE_CURVE('',#15413,#15477,#15479,.T.);
#15477 = VERTEX_POINT('',#15478);
#15478 = CARTESIAN_POINT('',(24.15,0.125,1.55));
#15479 = LINE('',#15480,#15481);
#15480 = CARTESIAN_POINT('',(24.15,-0.125,1.55));
#15481 = VECTOR('',#15482,1.);
#15482 = DIRECTION('',(0.,1.,0.));
#15483 = ORIENTED_EDGE('',*,*,#15484,.F.);
#15484 = EDGE_CURVE('',#15485,#15477,#15487,.T.);
#15485 = VERTEX_POINT('',#15486);
#15486 = CARTESIAN_POINT('',(24.15,0.125,1.51));
#15487 = LINE('',#15488,#15489);
#15488 = CARTESIAN_POINT('',(24.15,0.125,1.51));
#15489 = VECTOR('',#15490,1.);
#15490 = DIRECTION('',(0.,0.,1.));
#15491 = ORIENTED_EDGE('',*,*,#15492,.F.);
#15492 = EDGE_CURVE('',#15422,#15485,#15493,.T.);
#15493 = LINE('',#15494,#15495);
#15494 = CARTESIAN_POINT('',(24.15,-0.125,1.51));
#15495 = VECTOR('',#15496,1.);
#15496 = DIRECTION('',(0.,1.,0.));
#15497 = PLANE('',#15498);
#15498 = AXIS2_PLACEMENT_3D('',#15499,#15500,#15501);
#15499 = CARTESIAN_POINT('',(24.15,-0.125,1.51));
#15500 = DIRECTION('',(-1.,0.,0.));
#15501 = DIRECTION('',(0.,1.,0.));
#15502 = ADVANCED_FACE('',(#15503,#15515),#15526,.F.);
#15503 = FACE_BOUND('',#15504,.F.);
#15504 = EDGE_LOOP('',(#15505,#15506,#15507,#15514));
#15505 = ORIENTED_EDGE('',*,*,#15429,.F.);
#15506 = ORIENTED_EDGE('',*,*,#15461,.F.);
#15507 = ORIENTED_EDGE('',*,*,#15508,.F.);
#15508 = EDGE_CURVE('',#15485,#15445,#15509,.T.);
#15509 = CIRCLE('',#15510,0.85);
#15510 = AXIS2_PLACEMENT_3D('',#15511,#15512,#15513);
#15511 = CARTESIAN_POINT('',(25.,0.124999633951,1.51));
#15512 = DIRECTION('',(0.,0.,-1.));
#15513 = DIRECTION('',(-1.,4.306456652065E-07,0.));
#15514 = ORIENTED_EDGE('',*,*,#15492,.F.);
#15515 = FACE_BOUND('',#15516,.F.);
#15516 = EDGE_LOOP('',(#15517));
#15517 = ORIENTED_EDGE('',*,*,#15518,.T.);
#15518 = EDGE_CURVE('',#15519,#15519,#15521,.T.);
#15519 = VERTEX_POINT('',#15520);
#15520 = CARTESIAN_POINT('',(25.,-0.45,1.51));
#15521 = CIRCLE('',#15522,0.45);
#15522 = AXIS2_PLACEMENT_3D('',#15523,#15524,#15525);
#15523 = CARTESIAN_POINT('',(25.,9.992007221626E-16,1.51));
#15524 = DIRECTION('',(-0.,0.,-1.));
#15525 = DIRECTION('',(-0.,-1.,0.));
#15526 = PLANE('',#15527);
#15527 = AXIS2_PLACEMENT_3D('',#15528,#15529,#15530);
#15528 = CARTESIAN_POINT('',(0.,0.,1.51));
#15529 = DIRECTION('',(0.,0.,1.));
#15530 = DIRECTION('',(1.,0.,-0.));
#15531 = ADVANCED_FACE('',(#15532,#15544),#15555,.T.);
#15532 = FACE_BOUND('',#15533,.T.);
#15533 = EDGE_LOOP('',(#15534,#15535,#15536,#15543));
#15534 = ORIENTED_EDGE('',*,*,#15412,.F.);
#15535 = ORIENTED_EDGE('',*,*,#15454,.F.);
#15536 = ORIENTED_EDGE('',*,*,#15537,.F.);
#15537 = EDGE_CURVE('',#15477,#15447,#15538,.T.);
#15538 = CIRCLE('',#15539,0.85);
#15539 = AXIS2_PLACEMENT_3D('',#15540,#15541,#15542);
#15540 = CARTESIAN_POINT('',(25.,0.124999633951,1.55));
#15541 = DIRECTION('',(0.,0.,-1.));
#15542 = DIRECTION('',(-1.,4.306456652065E-07,0.));
#15543 = ORIENTED_EDGE('',*,*,#15476,.F.);
#15544 = FACE_BOUND('',#15545,.T.);
#15545 = EDGE_LOOP('',(#15546));
#15546 = ORIENTED_EDGE('',*,*,#15547,.T.);
#15547 = EDGE_CURVE('',#15548,#15548,#15550,.T.);
#15548 = VERTEX_POINT('',#15549);
#15549 = CARTESIAN_POINT('',(25.,-0.45,1.55));
#15550 = CIRCLE('',#15551,0.45);
#15551 = AXIS2_PLACEMENT_3D('',#15552,#15553,#15554);
#15552 = CARTESIAN_POINT('',(25.,9.992007221626E-16,1.55));
#15553 = DIRECTION('',(-0.,0.,-1.));
#15554 = DIRECTION('',(-0.,-1.,0.));
#15555 = PLANE('',#15556);
#15556 = AXIS2_PLACEMENT_3D('',#15557,#15558,#15559);
#15557 = CARTESIAN_POINT('',(0.,0.,1.55));
#15558 = DIRECTION('',(0.,0.,1.));
#15559 = DIRECTION('',(1.,0.,-0.));
#15560 = ADVANCED_FACE('',(#15561),#15567,.T.);
#15561 = FACE_BOUND('',#15562,.T.);
#15562 = EDGE_LOOP('',(#15563,#15564,#15565,#15566));
#15563 = ORIENTED_EDGE('',*,*,#15484,.T.);
#15564 = ORIENTED_EDGE('',*,*,#15537,.T.);
#15565 = ORIENTED_EDGE('',*,*,#15444,.F.);
#15566 = ORIENTED_EDGE('',*,*,#15508,.F.);
#15567 = CYLINDRICAL_SURFACE('',#15568,0.85);
#15568 = AXIS2_PLACEMENT_3D('',#15569,#15570,#15571);
#15569 = CARTESIAN_POINT('',(25.,0.124999633951,1.51));
#15570 = DIRECTION('',(0.,0.,-1.));
#15571 = DIRECTION('',(-1.,4.306456652065E-07,0.));
#15572 = ADVANCED_FACE('',(#15573),#15584,.F.);
#15573 = FACE_BOUND('',#15574,.T.);
#15574 = EDGE_LOOP('',(#15575,#15576,#15582,#15583));
#15575 = ORIENTED_EDGE('',*,*,#15518,.T.);
#15576 = ORIENTED_EDGE('',*,*,#15577,.T.);
#15577 = EDGE_CURVE('',#15519,#15548,#15578,.T.);
#15578 = LINE('',#15579,#15580);
#15579 = CARTESIAN_POINT('',(25.,-0.45,-4.6E-02));
#15580 = VECTOR('',#15581,1.);
#15581 = DIRECTION('',(0.,0.,1.));
#15582 = ORIENTED_EDGE('',*,*,#15547,.F.);
#15583 = ORIENTED_EDGE('',*,*,#15577,.F.);
#15584 = CYLINDRICAL_SURFACE('',#15585,0.45);
#15585 = AXIS2_PLACEMENT_3D('',#15586,#15587,#15588);
#15586 = CARTESIAN_POINT('',(25.,9.992007221626E-16,-4.6E-02));
#15587 = DIRECTION('',(-0.,-0.,-1.));
#15588 = DIRECTION('',(-0.,-1.,0.));
#15589 = MANIFOLD_SOLID_BREP('',#15590);
#15590 = CLOSED_SHELL('',(#15591,#15633,#15664,#15695,#15724,#15753,
    #15765));
#15591 = ADVANCED_FACE('',(#15592),#15628,.T.);
#15592 = FACE_BOUND('',#15593,.F.);
#15593 = EDGE_LOOP('',(#15594,#15604,#15613,#15621));
#15594 = ORIENTED_EDGE('',*,*,#15595,.T.);
#15595 = EDGE_CURVE('',#15596,#15598,#15600,.T.);
#15596 = VERTEX_POINT('',#15597);
#15597 = CARTESIAN_POINT('',(25.85,-0.125,0.));
#15598 = VERTEX_POINT('',#15599);
#15599 = CARTESIAN_POINT('',(25.85,-0.125,-4.E-02));
#15600 = LINE('',#15601,#15602);
#15601 = CARTESIAN_POINT('',(25.85,-0.125,0.));
#15602 = VECTOR('',#15603,1.);
#15603 = DIRECTION('',(0.,0.,-1.));
#15604 = ORIENTED_EDGE('',*,*,#15605,.T.);
#15605 = EDGE_CURVE('',#15598,#15606,#15608,.T.);
#15606 = VERTEX_POINT('',#15607);
#15607 = CARTESIAN_POINT('',(24.15,-0.125,-4.E-02));
#15608 = CIRCLE('',#15609,0.85);
#15609 = AXIS2_PLACEMENT_3D('',#15610,#15611,#15612);
#15610 = CARTESIAN_POINT('',(25.,-0.125000024751,-4.E-02));
#15611 = DIRECTION('',(0.,0.,-1.));
#15612 = DIRECTION('',(1.,2.91187601482E-08,0.));
#15613 = ORIENTED_EDGE('',*,*,#15614,.F.);
#15614 = EDGE_CURVE('',#15615,#15606,#15617,.T.);
#15615 = VERTEX_POINT('',#15616);
#15616 = CARTESIAN_POINT('',(24.15,-0.125,0.));
#15617 = LINE('',#15618,#15619);
#15618 = CARTESIAN_POINT('',(24.15,-0.125,0.));
#15619 = VECTOR('',#15620,1.);
#15620 = DIRECTION('',(0.,0.,-1.));
#15621 = ORIENTED_EDGE('',*,*,#15622,.F.);
#15622 = EDGE_CURVE('',#15596,#15615,#15623,.T.);
#15623 = CIRCLE('',#15624,0.85);
#15624 = AXIS2_PLACEMENT_3D('',#15625,#15626,#15627);
#15625 = CARTESIAN_POINT('',(25.,-0.125000024751,0.));
#15626 = DIRECTION('',(0.,0.,-1.));
#15627 = DIRECTION('',(1.,2.91187601482E-08,0.));
#15628 = CYLINDRICAL_SURFACE('',#15629,0.85);
#15629 = AXIS2_PLACEMENT_3D('',#15630,#15631,#15632);
#15630 = CARTESIAN_POINT('',(25.,-0.125000024751,0.));
#15631 = DIRECTION('',(-0.,-0.,1.));
#15632 = DIRECTION('',(1.,2.91187601482E-08,0.));
#15633 = ADVANCED_FACE('',(#15634),#15659,.F.);
#15634 = FACE_BOUND('',#15635,.F.);
#15635 = EDGE_LOOP('',(#15636,#15646,#15652,#15653));
#15636 = ORIENTED_EDGE('',*,*,#15637,.T.);
#15637 = EDGE_CURVE('',#15638,#15640,#15642,.T.);
#15638 = VERTEX_POINT('',#15639);
#15639 = CARTESIAN_POINT('',(25.85,0.125,0.));
#15640 = VERTEX_POINT('',#15641);
#15641 = CARTESIAN_POINT('',(25.85,0.125,-4.E-02));
#15642 = LINE('',#15643,#15644);
#15643 = CARTESIAN_POINT('',(25.85,0.125,0.));
#15644 = VECTOR('',#15645,1.);
#15645 = DIRECTION('',(0.,0.,-1.));
#15646 = ORIENTED_EDGE('',*,*,#15647,.T.);
#15647 = EDGE_CURVE('',#15640,#15598,#15648,.T.);
#15648 = LINE('',#15649,#15650);
#15649 = CARTESIAN_POINT('',(25.85,0.125,-4.E-02));
#15650 = VECTOR('',#15651,1.);
#15651 = DIRECTION('',(0.,-1.,0.));
#15652 = ORIENTED_EDGE('',*,*,#15595,.F.);
#15653 = ORIENTED_EDGE('',*,*,#15654,.F.);
#15654 = EDGE_CURVE('',#15638,#15596,#15655,.T.);
#15655 = LINE('',#15656,#15657);
#15656 = CARTESIAN_POINT('',(25.85,0.125,0.));
#15657 = VECTOR('',#15658,1.);
#15658 = DIRECTION('',(0.,-1.,0.));
#15659 = PLANE('',#15660);
#15660 = AXIS2_PLACEMENT_3D('',#15661,#15662,#15663);
#15661 = CARTESIAN_POINT('',(25.85,0.125,0.));
#15662 = DIRECTION('',(-1.,-0.,-0.));
#15663 = DIRECTION('',(0.,-1.,0.));
#15664 = ADVANCED_FACE('',(#15665),#15690,.F.);
#15665 = FACE_BOUND('',#15666,.F.);
#15666 = EDGE_LOOP('',(#15667,#15668,#15676,#15684));
#15667 = ORIENTED_EDGE('',*,*,#15614,.T.);
#15668 = ORIENTED_EDGE('',*,*,#15669,.T.);
#15669 = EDGE_CURVE('',#15606,#15670,#15672,.T.);
#15670 = VERTEX_POINT('',#15671);
#15671 = CARTESIAN_POINT('',(24.15,0.125,-4.E-02));
#15672 = LINE('',#15673,#15674);
#15673 = CARTESIAN_POINT('',(24.15,-0.125,-4.E-02));
#15674 = VECTOR('',#15675,1.);
#15675 = DIRECTION('',(0.,1.,0.));
#15676 = ORIENTED_EDGE('',*,*,#15677,.F.);
#15677 = EDGE_CURVE('',#15678,#15670,#15680,.T.);
#15678 = VERTEX_POINT('',#15679);
#15679 = CARTESIAN_POINT('',(24.15,0.125,0.));
#15680 = LINE('',#15681,#15682);
#15681 = CARTESIAN_POINT('',(24.15,0.125,0.));
#15682 = VECTOR('',#15683,1.);
#15683 = DIRECTION('',(0.,0.,-1.));
#15684 = ORIENTED_EDGE('',*,*,#15685,.F.);
#15685 = EDGE_CURVE('',#15615,#15678,#15686,.T.);
#15686 = LINE('',#15687,#15688);
#15687 = CARTESIAN_POINT('',(24.15,-0.125,0.));
#15688 = VECTOR('',#15689,1.);
#15689 = DIRECTION('',(0.,1.,0.));
#15690 = PLANE('',#15691);
#15691 = AXIS2_PLACEMENT_3D('',#15692,#15693,#15694);
#15692 = CARTESIAN_POINT('',(24.15,-0.125,0.));
#15693 = DIRECTION('',(1.,-0.,0.));
#15694 = DIRECTION('',(0.,1.,0.));
#15695 = ADVANCED_FACE('',(#15696,#15708),#15719,.F.);
#15696 = FACE_BOUND('',#15697,.F.);
#15697 = EDGE_LOOP('',(#15698,#15699,#15700,#15707));
#15698 = ORIENTED_EDGE('',*,*,#15622,.T.);
#15699 = ORIENTED_EDGE('',*,*,#15685,.T.);
#15700 = ORIENTED_EDGE('',*,*,#15701,.T.);
#15701 = EDGE_CURVE('',#15678,#15638,#15702,.T.);
#15702 = CIRCLE('',#15703,0.85);
#15703 = AXIS2_PLACEMENT_3D('',#15704,#15705,#15706);
#15704 = CARTESIAN_POINT('',(25.,0.124999633951,0.));
#15705 = DIRECTION('',(0.,0.,-1.));
#15706 = DIRECTION('',(-1.,4.306456652065E-07,0.));
#15707 = ORIENTED_EDGE('',*,*,#15654,.T.);
#15708 = FACE_BOUND('',#15709,.F.);
#15709 = EDGE_LOOP('',(#15710));
#15710 = ORIENTED_EDGE('',*,*,#15711,.F.);
#15711 = EDGE_CURVE('',#15712,#15712,#15714,.T.);
#15712 = VERTEX_POINT('',#15713);
#15713 = CARTESIAN_POINT('',(25.,-0.45,0.));
#15714 = CIRCLE('',#15715,0.45);
#15715 = AXIS2_PLACEMENT_3D('',#15716,#15717,#15718);
#15716 = CARTESIAN_POINT('',(25.,9.992007221626E-16,0.));
#15717 = DIRECTION('',(-0.,0.,-1.));
#15718 = DIRECTION('',(-0.,-1.,0.));
#15719 = PLANE('',#15720);
#15720 = AXIS2_PLACEMENT_3D('',#15721,#15722,#15723);
#15721 = CARTESIAN_POINT('',(0.,0.,0.));
#15722 = DIRECTION('',(-0.,-0.,-1.));
#15723 = DIRECTION('',(-1.,0.,0.));
#15724 = ADVANCED_FACE('',(#15725,#15737),#15748,.T.);
#15725 = FACE_BOUND('',#15726,.T.);
#15726 = EDGE_LOOP('',(#15727,#15728,#15729,#15736));
#15727 = ORIENTED_EDGE('',*,*,#15605,.T.);
#15728 = ORIENTED_EDGE('',*,*,#15669,.T.);
#15729 = ORIENTED_EDGE('',*,*,#15730,.T.);
#15730 = EDGE_CURVE('',#15670,#15640,#15731,.T.);
#15731 = CIRCLE('',#15732,0.85);
#15732 = AXIS2_PLACEMENT_3D('',#15733,#15734,#15735);
#15733 = CARTESIAN_POINT('',(25.,0.124999633951,-4.E-02));
#15734 = DIRECTION('',(0.,0.,-1.));
#15735 = DIRECTION('',(-1.,4.306456652065E-07,0.));
#15736 = ORIENTED_EDGE('',*,*,#15647,.T.);
#15737 = FACE_BOUND('',#15738,.T.);
#15738 = EDGE_LOOP('',(#15739));
#15739 = ORIENTED_EDGE('',*,*,#15740,.F.);
#15740 = EDGE_CURVE('',#15741,#15741,#15743,.T.);
#15741 = VERTEX_POINT('',#15742);
#15742 = CARTESIAN_POINT('',(25.,-0.45,-4.E-02));
#15743 = CIRCLE('',#15744,0.45);
#15744 = AXIS2_PLACEMENT_3D('',#15745,#15746,#15747);
#15745 = CARTESIAN_POINT('',(25.,9.992007221626E-16,-4.E-02));
#15746 = DIRECTION('',(-0.,0.,-1.));
#15747 = DIRECTION('',(-0.,-1.,0.));
#15748 = PLANE('',#15749);
#15749 = AXIS2_PLACEMENT_3D('',#15750,#15751,#15752);
#15750 = CARTESIAN_POINT('',(0.,0.,-4.E-02));
#15751 = DIRECTION('',(-0.,-0.,-1.));
#15752 = DIRECTION('',(-1.,0.,0.));
#15753 = ADVANCED_FACE('',(#15754),#15760,.T.);
#15754 = FACE_BOUND('',#15755,.F.);
#15755 = EDGE_LOOP('',(#15756,#15757,#15758,#15759));
#15756 = ORIENTED_EDGE('',*,*,#15677,.T.);
#15757 = ORIENTED_EDGE('',*,*,#15730,.T.);
#15758 = ORIENTED_EDGE('',*,*,#15637,.F.);
#15759 = ORIENTED_EDGE('',*,*,#15701,.F.);
#15760 = CYLINDRICAL_SURFACE('',#15761,0.85);
#15761 = AXIS2_PLACEMENT_3D('',#15762,#15763,#15764);
#15762 = CARTESIAN_POINT('',(25.,0.124999633951,0.));
#15763 = DIRECTION('',(-0.,-0.,1.));
#15764 = DIRECTION('',(-1.,4.306456652065E-07,0.));
#15765 = ADVANCED_FACE('',(#15766),#15777,.F.);
#15766 = FACE_BOUND('',#15767,.T.);
#15767 = EDGE_LOOP('',(#15768,#15769,#15775,#15776));
#15768 = ORIENTED_EDGE('',*,*,#15740,.T.);
#15769 = ORIENTED_EDGE('',*,*,#15770,.T.);
#15770 = EDGE_CURVE('',#15741,#15712,#15771,.T.);
#15771 = LINE('',#15772,#15773);
#15772 = CARTESIAN_POINT('',(25.,-0.45,-4.6E-02));
#15773 = VECTOR('',#15774,1.);
#15774 = DIRECTION('',(0.,0.,1.));
#15775 = ORIENTED_EDGE('',*,*,#15711,.F.);
#15776 = ORIENTED_EDGE('',*,*,#15770,.F.);
#15777 = CYLINDRICAL_SURFACE('',#15778,0.45);
#15778 = AXIS2_PLACEMENT_3D('',#15779,#15780,#15781);
#15779 = CARTESIAN_POINT('',(25.,9.992007221626E-16,-4.6E-02));
#15780 = DIRECTION('',(-0.,-0.,-1.));
#15781 = DIRECTION('',(-0.,-1.,0.));
#15782 = MANIFOLD_SOLID_BREP('',#15783);
#15783 = CLOSED_SHELL('',(#15784,#15817,#15837,#15857));
#15784 = ADVANCED_FACE('',(#15785),#15812,.T.);
#15785 = FACE_BOUND('',#15786,.F.);
#15786 = EDGE_LOOP('',(#15787,#15797,#15804,#15805));
#15787 = ORIENTED_EDGE('',*,*,#15788,.T.);
#15788 = EDGE_CURVE('',#15789,#15791,#15793,.T.);
#15789 = VERTEX_POINT('',#15790);
#15790 = CARTESIAN_POINT('',(25.,-0.475,-4.E-02));
#15791 = VERTEX_POINT('',#15792);
#15792 = CARTESIAN_POINT('',(25.,-0.475,1.55));
#15793 = LINE('',#15794,#15795);
#15794 = CARTESIAN_POINT('',(25.,-0.475,-4.E-02));
#15795 = VECTOR('',#15796,1.);
#15796 = DIRECTION('',(0.,0.,1.));
#15797 = ORIENTED_EDGE('',*,*,#15798,.T.);
#15798 = EDGE_CURVE('',#15791,#15791,#15799,.T.);
#15799 = CIRCLE('',#15800,0.475);
#15800 = AXIS2_PLACEMENT_3D('',#15801,#15802,#15803);
#15801 = CARTESIAN_POINT('',(25.,1.415534356397E-15,1.55));
#15802 = DIRECTION('',(0.,0.,1.));
#15803 = DIRECTION('',(-0.,-1.,0.));
#15804 = ORIENTED_EDGE('',*,*,#15788,.F.);
#15805 = ORIENTED_EDGE('',*,*,#15806,.F.);
#15806 = EDGE_CURVE('',#15789,#15789,#15807,.T.);
#15807 = CIRCLE('',#15808,0.475);
#15808 = AXIS2_PLACEMENT_3D('',#15809,#15810,#15811);
#15809 = CARTESIAN_POINT('',(25.,1.415534356397E-15,-4.E-02));
#15810 = DIRECTION('',(0.,0.,1.));
#15811 = DIRECTION('',(-0.,-1.,0.));
#15812 = CYLINDRICAL_SURFACE('',#15813,0.475);
#15813 = AXIS2_PLACEMENT_3D('',#15814,#15815,#15816);
#15814 = CARTESIAN_POINT('',(25.,1.415534356397E-15,-4.E-02));
#15815 = DIRECTION('',(-0.,-0.,-1.));
#15816 = DIRECTION('',(-0.,-1.,0.));
#15817 = ADVANCED_FACE('',(#15818,#15821),#15832,.F.);
#15818 = FACE_BOUND('',#15819,.F.);
#15819 = EDGE_LOOP('',(#15820));
#15820 = ORIENTED_EDGE('',*,*,#15806,.T.);
#15821 = FACE_BOUND('',#15822,.F.);
#15822 = EDGE_LOOP('',(#15823));
#15823 = ORIENTED_EDGE('',*,*,#15824,.T.);
#15824 = EDGE_CURVE('',#15825,#15825,#15827,.T.);
#15825 = VERTEX_POINT('',#15826);
#15826 = CARTESIAN_POINT('',(25.,-0.45,-4.E-02));
#15827 = CIRCLE('',#15828,0.45);
#15828 = AXIS2_PLACEMENT_3D('',#15829,#15830,#15831);
#15829 = CARTESIAN_POINT('',(25.,9.992007221626E-16,-4.E-02));
#15830 = DIRECTION('',(-0.,0.,-1.));
#15831 = DIRECTION('',(-0.,-1.,0.));
#15832 = PLANE('',#15833);
#15833 = AXIS2_PLACEMENT_3D('',#15834,#15835,#15836);
#15834 = CARTESIAN_POINT('',(25.,-0.475,-4.E-02));
#15835 = DIRECTION('',(0.,0.,1.));
#15836 = DIRECTION('',(1.,0.,-0.));
#15837 = ADVANCED_FACE('',(#15838,#15841),#15852,.T.);
#15838 = FACE_BOUND('',#15839,.T.);
#15839 = EDGE_LOOP('',(#15840));
#15840 = ORIENTED_EDGE('',*,*,#15798,.T.);
#15841 = FACE_BOUND('',#15842,.T.);
#15842 = EDGE_LOOP('',(#15843));
#15843 = ORIENTED_EDGE('',*,*,#15844,.T.);
#15844 = EDGE_CURVE('',#15845,#15845,#15847,.T.);
#15845 = VERTEX_POINT('',#15846);
#15846 = CARTESIAN_POINT('',(25.,-0.45,1.55));
#15847 = CIRCLE('',#15848,0.45);
#15848 = AXIS2_PLACEMENT_3D('',#15849,#15850,#15851);
#15849 = CARTESIAN_POINT('',(25.,9.992007221626E-16,1.55));
#15850 = DIRECTION('',(-0.,0.,-1.));
#15851 = DIRECTION('',(-0.,-1.,0.));
#15852 = PLANE('',#15853);
#15853 = AXIS2_PLACEMENT_3D('',#15854,#15855,#15856);
#15854 = CARTESIAN_POINT('',(25.,-0.475,1.55));
#15855 = DIRECTION('',(0.,0.,1.));
#15856 = DIRECTION('',(1.,0.,-0.));
#15857 = ADVANCED_FACE('',(#15858),#15869,.F.);
#15858 = FACE_BOUND('',#15859,.T.);
#15859 = EDGE_LOOP('',(#15860,#15861,#15867,#15868));
#15860 = ORIENTED_EDGE('',*,*,#15824,.T.);
#15861 = ORIENTED_EDGE('',*,*,#15862,.T.);
#15862 = EDGE_CURVE('',#15825,#15845,#15863,.T.);
#15863 = LINE('',#15864,#15865);
#15864 = CARTESIAN_POINT('',(25.,-0.45,-4.6E-02));
#15865 = VECTOR('',#15866,1.);
#15866 = DIRECTION('',(0.,0.,1.));
#15867 = ORIENTED_EDGE('',*,*,#15844,.F.);
#15868 = ORIENTED_EDGE('',*,*,#15862,.F.);
#15869 = CYLINDRICAL_SURFACE('',#15870,0.45);
#15870 = AXIS2_PLACEMENT_3D('',#15871,#15872,#15873);
#15871 = CARTESIAN_POINT('',(25.,9.992007221626E-16,-4.6E-02));
#15872 = DIRECTION('',(-0.,-0.,-1.));
#15873 = DIRECTION('',(-0.,-1.,0.));
#15874 = MANIFOLD_SOLID_BREP('',#15875);
#15875 = CLOSED_SHELL('',(#15876,#15918,#15949,#15980,#16009,#16038,
    #16050));
#15876 = ADVANCED_FACE('',(#15877),#15913,.T.);
#15877 = FACE_BOUND('',#15878,.T.);
#15878 = EDGE_LOOP('',(#15879,#15889,#15898,#15906));
#15879 = ORIENTED_EDGE('',*,*,#15880,.T.);
#15880 = EDGE_CURVE('',#15881,#15883,#15885,.T.);
#15881 = VERTEX_POINT('',#15882);
#15882 = CARTESIAN_POINT('',(28.35,-0.125,1.51));
#15883 = VERTEX_POINT('',#15884);
#15884 = CARTESIAN_POINT('',(28.35,-0.125,1.55));
#15885 = LINE('',#15886,#15887);
#15886 = CARTESIAN_POINT('',(28.35,-0.125,1.51));
#15887 = VECTOR('',#15888,1.);
#15888 = DIRECTION('',(0.,0.,1.));
#15889 = ORIENTED_EDGE('',*,*,#15890,.T.);
#15890 = EDGE_CURVE('',#15883,#15891,#15893,.T.);
#15891 = VERTEX_POINT('',#15892);
#15892 = CARTESIAN_POINT('',(26.65,-0.125,1.55));
#15893 = CIRCLE('',#15894,0.85);
#15894 = AXIS2_PLACEMENT_3D('',#15895,#15896,#15897);
#15895 = CARTESIAN_POINT('',(27.5,-0.125000024751,1.55));
#15896 = DIRECTION('',(0.,0.,-1.));
#15897 = DIRECTION('',(1.,2.91187601482E-08,0.));
#15898 = ORIENTED_EDGE('',*,*,#15899,.F.);
#15899 = EDGE_CURVE('',#15900,#15891,#15902,.T.);
#15900 = VERTEX_POINT('',#15901);
#15901 = CARTESIAN_POINT('',(26.65,-0.125,1.51));
#15902 = LINE('',#15903,#15904);
#15903 = CARTESIAN_POINT('',(26.65,-0.125,1.51));
#15904 = VECTOR('',#15905,1.);
#15905 = DIRECTION('',(0.,0.,1.));
#15906 = ORIENTED_EDGE('',*,*,#15907,.F.);
#15907 = EDGE_CURVE('',#15881,#15900,#15908,.T.);
#15908 = CIRCLE('',#15909,0.85);
#15909 = AXIS2_PLACEMENT_3D('',#15910,#15911,#15912);
#15910 = CARTESIAN_POINT('',(27.5,-0.125000024751,1.51));
#15911 = DIRECTION('',(0.,0.,-1.));
#15912 = DIRECTION('',(1.,2.91187601482E-08,0.));
#15913 = CYLINDRICAL_SURFACE('',#15914,0.85);
#15914 = AXIS2_PLACEMENT_3D('',#15915,#15916,#15917);
#15915 = CARTESIAN_POINT('',(27.5,-0.125000024751,1.51));
#15916 = DIRECTION('',(0.,0.,-1.));
#15917 = DIRECTION('',(1.,2.91187601482E-08,0.));
#15918 = ADVANCED_FACE('',(#15919),#15944,.T.);
#15919 = FACE_BOUND('',#15920,.T.);
#15920 = EDGE_LOOP('',(#15921,#15931,#15937,#15938));
#15921 = ORIENTED_EDGE('',*,*,#15922,.T.);
#15922 = EDGE_CURVE('',#15923,#15925,#15927,.T.);
#15923 = VERTEX_POINT('',#15924);
#15924 = CARTESIAN_POINT('',(28.35,0.125,1.51));
#15925 = VERTEX_POINT('',#15926);
#15926 = CARTESIAN_POINT('',(28.35,0.125,1.55));
#15927 = LINE('',#15928,#15929);
#15928 = CARTESIAN_POINT('',(28.35,0.125,1.51));
#15929 = VECTOR('',#15930,1.);
#15930 = DIRECTION('',(0.,0.,1.));
#15931 = ORIENTED_EDGE('',*,*,#15932,.T.);
#15932 = EDGE_CURVE('',#15925,#15883,#15933,.T.);
#15933 = LINE('',#15934,#15935);
#15934 = CARTESIAN_POINT('',(28.35,0.125,1.55));
#15935 = VECTOR('',#15936,1.);
#15936 = DIRECTION('',(0.,-1.,0.));
#15937 = ORIENTED_EDGE('',*,*,#15880,.F.);
#15938 = ORIENTED_EDGE('',*,*,#15939,.F.);
#15939 = EDGE_CURVE('',#15923,#15881,#15940,.T.);
#15940 = LINE('',#15941,#15942);
#15941 = CARTESIAN_POINT('',(28.35,0.125,1.51));
#15942 = VECTOR('',#15943,1.);
#15943 = DIRECTION('',(0.,-1.,0.));
#15944 = PLANE('',#15945);
#15945 = AXIS2_PLACEMENT_3D('',#15946,#15947,#15948);
#15946 = CARTESIAN_POINT('',(28.35,0.125,1.51));
#15947 = DIRECTION('',(1.,0.,-0.));
#15948 = DIRECTION('',(0.,-1.,0.));
#15949 = ADVANCED_FACE('',(#15950),#15975,.T.);
#15950 = FACE_BOUND('',#15951,.T.);
#15951 = EDGE_LOOP('',(#15952,#15953,#15961,#15969));
#15952 = ORIENTED_EDGE('',*,*,#15899,.T.);
#15953 = ORIENTED_EDGE('',*,*,#15954,.T.);
#15954 = EDGE_CURVE('',#15891,#15955,#15957,.T.);
#15955 = VERTEX_POINT('',#15956);
#15956 = CARTESIAN_POINT('',(26.65,0.125,1.55));
#15957 = LINE('',#15958,#15959);
#15958 = CARTESIAN_POINT('',(26.65,-0.125,1.55));
#15959 = VECTOR('',#15960,1.);
#15960 = DIRECTION('',(0.,1.,0.));
#15961 = ORIENTED_EDGE('',*,*,#15962,.F.);
#15962 = EDGE_CURVE('',#15963,#15955,#15965,.T.);
#15963 = VERTEX_POINT('',#15964);
#15964 = CARTESIAN_POINT('',(26.65,0.125,1.51));
#15965 = LINE('',#15966,#15967);
#15966 = CARTESIAN_POINT('',(26.65,0.125,1.51));
#15967 = VECTOR('',#15968,1.);
#15968 = DIRECTION('',(0.,0.,1.));
#15969 = ORIENTED_EDGE('',*,*,#15970,.F.);
#15970 = EDGE_CURVE('',#15900,#15963,#15971,.T.);
#15971 = LINE('',#15972,#15973);
#15972 = CARTESIAN_POINT('',(26.65,-0.125,1.51));
#15973 = VECTOR('',#15974,1.);
#15974 = DIRECTION('',(0.,1.,0.));
#15975 = PLANE('',#15976);
#15976 = AXIS2_PLACEMENT_3D('',#15977,#15978,#15979);
#15977 = CARTESIAN_POINT('',(26.65,-0.125,1.51));
#15978 = DIRECTION('',(-1.,0.,0.));
#15979 = DIRECTION('',(0.,1.,0.));
#15980 = ADVANCED_FACE('',(#15981,#15993),#16004,.F.);
#15981 = FACE_BOUND('',#15982,.F.);
#15982 = EDGE_LOOP('',(#15983,#15984,#15985,#15992));
#15983 = ORIENTED_EDGE('',*,*,#15907,.F.);
#15984 = ORIENTED_EDGE('',*,*,#15939,.F.);
#15985 = ORIENTED_EDGE('',*,*,#15986,.F.);
#15986 = EDGE_CURVE('',#15963,#15923,#15987,.T.);
#15987 = CIRCLE('',#15988,0.85);
#15988 = AXIS2_PLACEMENT_3D('',#15989,#15990,#15991);
#15989 = CARTESIAN_POINT('',(27.5,0.124999633951,1.51));
#15990 = DIRECTION('',(0.,0.,-1.));
#15991 = DIRECTION('',(-1.,4.306456652065E-07,0.));
#15992 = ORIENTED_EDGE('',*,*,#15970,.F.);
#15993 = FACE_BOUND('',#15994,.F.);
#15994 = EDGE_LOOP('',(#15995));
#15995 = ORIENTED_EDGE('',*,*,#15996,.T.);
#15996 = EDGE_CURVE('',#15997,#15997,#15999,.T.);
#15997 = VERTEX_POINT('',#15998);
#15998 = CARTESIAN_POINT('',(27.5,-0.45,1.51));
#15999 = CIRCLE('',#16000,0.45);
#16000 = AXIS2_PLACEMENT_3D('',#16001,#16002,#16003);
#16001 = CARTESIAN_POINT('',(27.5,9.992007221626E-16,1.51));
#16002 = DIRECTION('',(-0.,0.,-1.));
#16003 = DIRECTION('',(-0.,-1.,0.));
#16004 = PLANE('',#16005);
#16005 = AXIS2_PLACEMENT_3D('',#16006,#16007,#16008);
#16006 = CARTESIAN_POINT('',(0.,0.,1.51));
#16007 = DIRECTION('',(0.,0.,1.));
#16008 = DIRECTION('',(1.,0.,-0.));
#16009 = ADVANCED_FACE('',(#16010,#16022),#16033,.T.);
#16010 = FACE_BOUND('',#16011,.T.);
#16011 = EDGE_LOOP('',(#16012,#16013,#16014,#16021));
#16012 = ORIENTED_EDGE('',*,*,#15890,.F.);
#16013 = ORIENTED_EDGE('',*,*,#15932,.F.);
#16014 = ORIENTED_EDGE('',*,*,#16015,.F.);
#16015 = EDGE_CURVE('',#15955,#15925,#16016,.T.);
#16016 = CIRCLE('',#16017,0.85);
#16017 = AXIS2_PLACEMENT_3D('',#16018,#16019,#16020);
#16018 = CARTESIAN_POINT('',(27.5,0.124999633951,1.55));
#16019 = DIRECTION('',(0.,0.,-1.));
#16020 = DIRECTION('',(-1.,4.306456652065E-07,0.));
#16021 = ORIENTED_EDGE('',*,*,#15954,.F.);
#16022 = FACE_BOUND('',#16023,.T.);
#16023 = EDGE_LOOP('',(#16024));
#16024 = ORIENTED_EDGE('',*,*,#16025,.T.);
#16025 = EDGE_CURVE('',#16026,#16026,#16028,.T.);
#16026 = VERTEX_POINT('',#16027);
#16027 = CARTESIAN_POINT('',(27.5,-0.45,1.55));
#16028 = CIRCLE('',#16029,0.45);
#16029 = AXIS2_PLACEMENT_3D('',#16030,#16031,#16032);
#16030 = CARTESIAN_POINT('',(27.5,9.992007221626E-16,1.55));
#16031 = DIRECTION('',(-0.,0.,-1.));
#16032 = DIRECTION('',(-0.,-1.,0.));
#16033 = PLANE('',#16034);
#16034 = AXIS2_PLACEMENT_3D('',#16035,#16036,#16037);
#16035 = CARTESIAN_POINT('',(0.,0.,1.55));
#16036 = DIRECTION('',(0.,0.,1.));
#16037 = DIRECTION('',(1.,0.,-0.));
#16038 = ADVANCED_FACE('',(#16039),#16045,.T.);
#16039 = FACE_BOUND('',#16040,.T.);
#16040 = EDGE_LOOP('',(#16041,#16042,#16043,#16044));
#16041 = ORIENTED_EDGE('',*,*,#15962,.T.);
#16042 = ORIENTED_EDGE('',*,*,#16015,.T.);
#16043 = ORIENTED_EDGE('',*,*,#15922,.F.);
#16044 = ORIENTED_EDGE('',*,*,#15986,.F.);
#16045 = CYLINDRICAL_SURFACE('',#16046,0.85);
#16046 = AXIS2_PLACEMENT_3D('',#16047,#16048,#16049);
#16047 = CARTESIAN_POINT('',(27.5,0.124999633951,1.51));
#16048 = DIRECTION('',(0.,0.,-1.));
#16049 = DIRECTION('',(-1.,4.306456652065E-07,0.));
#16050 = ADVANCED_FACE('',(#16051),#16062,.F.);
#16051 = FACE_BOUND('',#16052,.T.);
#16052 = EDGE_LOOP('',(#16053,#16054,#16060,#16061));
#16053 = ORIENTED_EDGE('',*,*,#15996,.T.);
#16054 = ORIENTED_EDGE('',*,*,#16055,.T.);
#16055 = EDGE_CURVE('',#15997,#16026,#16056,.T.);
#16056 = LINE('',#16057,#16058);
#16057 = CARTESIAN_POINT('',(27.5,-0.45,-4.6E-02));
#16058 = VECTOR('',#16059,1.);
#16059 = DIRECTION('',(0.,0.,1.));
#16060 = ORIENTED_EDGE('',*,*,#16025,.F.);
#16061 = ORIENTED_EDGE('',*,*,#16055,.F.);
#16062 = CYLINDRICAL_SURFACE('',#16063,0.45);
#16063 = AXIS2_PLACEMENT_3D('',#16064,#16065,#16066);
#16064 = CARTESIAN_POINT('',(27.5,9.992007221626E-16,-4.6E-02));
#16065 = DIRECTION('',(-0.,-0.,-1.));
#16066 = DIRECTION('',(-0.,-1.,0.));
#16067 = MANIFOLD_SOLID_BREP('',#16068);
#16068 = CLOSED_SHELL('',(#16069,#16111,#16142,#16173,#16202,#16231,
    #16243));
#16069 = ADVANCED_FACE('',(#16070),#16106,.T.);
#16070 = FACE_BOUND('',#16071,.F.);
#16071 = EDGE_LOOP('',(#16072,#16082,#16091,#16099));
#16072 = ORIENTED_EDGE('',*,*,#16073,.T.);
#16073 = EDGE_CURVE('',#16074,#16076,#16078,.T.);
#16074 = VERTEX_POINT('',#16075);
#16075 = CARTESIAN_POINT('',(28.35,-0.125,0.));
#16076 = VERTEX_POINT('',#16077);
#16077 = CARTESIAN_POINT('',(28.35,-0.125,-4.E-02));
#16078 = LINE('',#16079,#16080);
#16079 = CARTESIAN_POINT('',(28.35,-0.125,0.));
#16080 = VECTOR('',#16081,1.);
#16081 = DIRECTION('',(0.,0.,-1.));
#16082 = ORIENTED_EDGE('',*,*,#16083,.T.);
#16083 = EDGE_CURVE('',#16076,#16084,#16086,.T.);
#16084 = VERTEX_POINT('',#16085);
#16085 = CARTESIAN_POINT('',(26.65,-0.125,-4.E-02));
#16086 = CIRCLE('',#16087,0.85);
#16087 = AXIS2_PLACEMENT_3D('',#16088,#16089,#16090);
#16088 = CARTESIAN_POINT('',(27.5,-0.125000024751,-4.E-02));
#16089 = DIRECTION('',(0.,0.,-1.));
#16090 = DIRECTION('',(1.,2.91187601482E-08,0.));
#16091 = ORIENTED_EDGE('',*,*,#16092,.F.);
#16092 = EDGE_CURVE('',#16093,#16084,#16095,.T.);
#16093 = VERTEX_POINT('',#16094);
#16094 = CARTESIAN_POINT('',(26.65,-0.125,0.));
#16095 = LINE('',#16096,#16097);
#16096 = CARTESIAN_POINT('',(26.65,-0.125,0.));
#16097 = VECTOR('',#16098,1.);
#16098 = DIRECTION('',(0.,0.,-1.));
#16099 = ORIENTED_EDGE('',*,*,#16100,.F.);
#16100 = EDGE_CURVE('',#16074,#16093,#16101,.T.);
#16101 = CIRCLE('',#16102,0.85);
#16102 = AXIS2_PLACEMENT_3D('',#16103,#16104,#16105);
#16103 = CARTESIAN_POINT('',(27.5,-0.125000024751,0.));
#16104 = DIRECTION('',(0.,0.,-1.));
#16105 = DIRECTION('',(1.,2.91187601482E-08,0.));
#16106 = CYLINDRICAL_SURFACE('',#16107,0.85);
#16107 = AXIS2_PLACEMENT_3D('',#16108,#16109,#16110);
#16108 = CARTESIAN_POINT('',(27.5,-0.125000024751,0.));
#16109 = DIRECTION('',(-0.,-0.,1.));
#16110 = DIRECTION('',(1.,2.91187601482E-08,0.));
#16111 = ADVANCED_FACE('',(#16112),#16137,.F.);
#16112 = FACE_BOUND('',#16113,.F.);
#16113 = EDGE_LOOP('',(#16114,#16124,#16130,#16131));
#16114 = ORIENTED_EDGE('',*,*,#16115,.T.);
#16115 = EDGE_CURVE('',#16116,#16118,#16120,.T.);
#16116 = VERTEX_POINT('',#16117);
#16117 = CARTESIAN_POINT('',(28.35,0.125,0.));
#16118 = VERTEX_POINT('',#16119);
#16119 = CARTESIAN_POINT('',(28.35,0.125,-4.E-02));
#16120 = LINE('',#16121,#16122);
#16121 = CARTESIAN_POINT('',(28.35,0.125,0.));
#16122 = VECTOR('',#16123,1.);
#16123 = DIRECTION('',(0.,0.,-1.));
#16124 = ORIENTED_EDGE('',*,*,#16125,.T.);
#16125 = EDGE_CURVE('',#16118,#16076,#16126,.T.);
#16126 = LINE('',#16127,#16128);
#16127 = CARTESIAN_POINT('',(28.35,0.125,-4.E-02));
#16128 = VECTOR('',#16129,1.);
#16129 = DIRECTION('',(0.,-1.,0.));
#16130 = ORIENTED_EDGE('',*,*,#16073,.F.);
#16131 = ORIENTED_EDGE('',*,*,#16132,.F.);
#16132 = EDGE_CURVE('',#16116,#16074,#16133,.T.);
#16133 = LINE('',#16134,#16135);
#16134 = CARTESIAN_POINT('',(28.35,0.125,0.));
#16135 = VECTOR('',#16136,1.);
#16136 = DIRECTION('',(0.,-1.,0.));
#16137 = PLANE('',#16138);
#16138 = AXIS2_PLACEMENT_3D('',#16139,#16140,#16141);
#16139 = CARTESIAN_POINT('',(28.35,0.125,0.));
#16140 = DIRECTION('',(-1.,-0.,-0.));
#16141 = DIRECTION('',(0.,-1.,0.));
#16142 = ADVANCED_FACE('',(#16143),#16168,.F.);
#16143 = FACE_BOUND('',#16144,.F.);
#16144 = EDGE_LOOP('',(#16145,#16146,#16154,#16162));
#16145 = ORIENTED_EDGE('',*,*,#16092,.T.);
#16146 = ORIENTED_EDGE('',*,*,#16147,.T.);
#16147 = EDGE_CURVE('',#16084,#16148,#16150,.T.);
#16148 = VERTEX_POINT('',#16149);
#16149 = CARTESIAN_POINT('',(26.65,0.125,-4.E-02));
#16150 = LINE('',#16151,#16152);
#16151 = CARTESIAN_POINT('',(26.65,-0.125,-4.E-02));
#16152 = VECTOR('',#16153,1.);
#16153 = DIRECTION('',(0.,1.,0.));
#16154 = ORIENTED_EDGE('',*,*,#16155,.F.);
#16155 = EDGE_CURVE('',#16156,#16148,#16158,.T.);
#16156 = VERTEX_POINT('',#16157);
#16157 = CARTESIAN_POINT('',(26.65,0.125,0.));
#16158 = LINE('',#16159,#16160);
#16159 = CARTESIAN_POINT('',(26.65,0.125,0.));
#16160 = VECTOR('',#16161,1.);
#16161 = DIRECTION('',(0.,0.,-1.));
#16162 = ORIENTED_EDGE('',*,*,#16163,.F.);
#16163 = EDGE_CURVE('',#16093,#16156,#16164,.T.);
#16164 = LINE('',#16165,#16166);
#16165 = CARTESIAN_POINT('',(26.65,-0.125,0.));
#16166 = VECTOR('',#16167,1.);
#16167 = DIRECTION('',(0.,1.,0.));
#16168 = PLANE('',#16169);
#16169 = AXIS2_PLACEMENT_3D('',#16170,#16171,#16172);
#16170 = CARTESIAN_POINT('',(26.65,-0.125,0.));
#16171 = DIRECTION('',(1.,-0.,0.));
#16172 = DIRECTION('',(0.,1.,0.));
#16173 = ADVANCED_FACE('',(#16174,#16186),#16197,.F.);
#16174 = FACE_BOUND('',#16175,.F.);
#16175 = EDGE_LOOP('',(#16176,#16177,#16178,#16185));
#16176 = ORIENTED_EDGE('',*,*,#16100,.T.);
#16177 = ORIENTED_EDGE('',*,*,#16163,.T.);
#16178 = ORIENTED_EDGE('',*,*,#16179,.T.);
#16179 = EDGE_CURVE('',#16156,#16116,#16180,.T.);
#16180 = CIRCLE('',#16181,0.85);
#16181 = AXIS2_PLACEMENT_3D('',#16182,#16183,#16184);
#16182 = CARTESIAN_POINT('',(27.5,0.124999633951,0.));
#16183 = DIRECTION('',(0.,0.,-1.));
#16184 = DIRECTION('',(-1.,4.306456652065E-07,0.));
#16185 = ORIENTED_EDGE('',*,*,#16132,.T.);
#16186 = FACE_BOUND('',#16187,.F.);
#16187 = EDGE_LOOP('',(#16188));
#16188 = ORIENTED_EDGE('',*,*,#16189,.F.);
#16189 = EDGE_CURVE('',#16190,#16190,#16192,.T.);
#16190 = VERTEX_POINT('',#16191);
#16191 = CARTESIAN_POINT('',(27.5,-0.45,0.));
#16192 = CIRCLE('',#16193,0.45);
#16193 = AXIS2_PLACEMENT_3D('',#16194,#16195,#16196);
#16194 = CARTESIAN_POINT('',(27.5,9.992007221626E-16,0.));
#16195 = DIRECTION('',(-0.,0.,-1.));
#16196 = DIRECTION('',(-0.,-1.,0.));
#16197 = PLANE('',#16198);
#16198 = AXIS2_PLACEMENT_3D('',#16199,#16200,#16201);
#16199 = CARTESIAN_POINT('',(0.,0.,0.));
#16200 = DIRECTION('',(-0.,-0.,-1.));
#16201 = DIRECTION('',(-1.,0.,0.));
#16202 = ADVANCED_FACE('',(#16203,#16215),#16226,.T.);
#16203 = FACE_BOUND('',#16204,.T.);
#16204 = EDGE_LOOP('',(#16205,#16206,#16207,#16214));
#16205 = ORIENTED_EDGE('',*,*,#16083,.T.);
#16206 = ORIENTED_EDGE('',*,*,#16147,.T.);
#16207 = ORIENTED_EDGE('',*,*,#16208,.T.);
#16208 = EDGE_CURVE('',#16148,#16118,#16209,.T.);
#16209 = CIRCLE('',#16210,0.85);
#16210 = AXIS2_PLACEMENT_3D('',#16211,#16212,#16213);
#16211 = CARTESIAN_POINT('',(27.5,0.124999633951,-4.E-02));
#16212 = DIRECTION('',(0.,0.,-1.));
#16213 = DIRECTION('',(-1.,4.306456652065E-07,0.));
#16214 = ORIENTED_EDGE('',*,*,#16125,.T.);
#16215 = FACE_BOUND('',#16216,.T.);
#16216 = EDGE_LOOP('',(#16217));
#16217 = ORIENTED_EDGE('',*,*,#16218,.F.);
#16218 = EDGE_CURVE('',#16219,#16219,#16221,.T.);
#16219 = VERTEX_POINT('',#16220);
#16220 = CARTESIAN_POINT('',(27.5,-0.45,-4.E-02));
#16221 = CIRCLE('',#16222,0.45);
#16222 = AXIS2_PLACEMENT_3D('',#16223,#16224,#16225);
#16223 = CARTESIAN_POINT('',(27.5,9.992007221626E-16,-4.E-02));
#16224 = DIRECTION('',(-0.,0.,-1.));
#16225 = DIRECTION('',(-0.,-1.,0.));
#16226 = PLANE('',#16227);
#16227 = AXIS2_PLACEMENT_3D('',#16228,#16229,#16230);
#16228 = CARTESIAN_POINT('',(0.,0.,-4.E-02));
#16229 = DIRECTION('',(-0.,-0.,-1.));
#16230 = DIRECTION('',(-1.,0.,0.));
#16231 = ADVANCED_FACE('',(#16232),#16238,.T.);
#16232 = FACE_BOUND('',#16233,.F.);
#16233 = EDGE_LOOP('',(#16234,#16235,#16236,#16237));
#16234 = ORIENTED_EDGE('',*,*,#16155,.T.);
#16235 = ORIENTED_EDGE('',*,*,#16208,.T.);
#16236 = ORIENTED_EDGE('',*,*,#16115,.F.);
#16237 = ORIENTED_EDGE('',*,*,#16179,.F.);
#16238 = CYLINDRICAL_SURFACE('',#16239,0.85);
#16239 = AXIS2_PLACEMENT_3D('',#16240,#16241,#16242);
#16240 = CARTESIAN_POINT('',(27.5,0.124999633951,0.));
#16241 = DIRECTION('',(-0.,-0.,1.));
#16242 = DIRECTION('',(-1.,4.306456652065E-07,0.));
#16243 = ADVANCED_FACE('',(#16244),#16255,.F.);
#16244 = FACE_BOUND('',#16245,.T.);
#16245 = EDGE_LOOP('',(#16246,#16247,#16253,#16254));
#16246 = ORIENTED_EDGE('',*,*,#16218,.T.);
#16247 = ORIENTED_EDGE('',*,*,#16248,.T.);
#16248 = EDGE_CURVE('',#16219,#16190,#16249,.T.);
#16249 = LINE('',#16250,#16251);
#16250 = CARTESIAN_POINT('',(27.5,-0.45,-4.6E-02));
#16251 = VECTOR('',#16252,1.);
#16252 = DIRECTION('',(0.,0.,1.));
#16253 = ORIENTED_EDGE('',*,*,#16189,.F.);
#16254 = ORIENTED_EDGE('',*,*,#16248,.F.);
#16255 = CYLINDRICAL_SURFACE('',#16256,0.45);
#16256 = AXIS2_PLACEMENT_3D('',#16257,#16258,#16259);
#16257 = CARTESIAN_POINT('',(27.5,9.992007221626E-16,-4.6E-02));
#16258 = DIRECTION('',(-0.,-0.,-1.));
#16259 = DIRECTION('',(-0.,-1.,0.));
#16260 = MANIFOLD_SOLID_BREP('',#16261);
#16261 = CLOSED_SHELL('',(#16262,#16295,#16315,#16335));
#16262 = ADVANCED_FACE('',(#16263),#16290,.T.);
#16263 = FACE_BOUND('',#16264,.F.);
#16264 = EDGE_LOOP('',(#16265,#16275,#16282,#16283));
#16265 = ORIENTED_EDGE('',*,*,#16266,.T.);
#16266 = EDGE_CURVE('',#16267,#16269,#16271,.T.);
#16267 = VERTEX_POINT('',#16268);
#16268 = CARTESIAN_POINT('',(27.5,-0.475,-4.E-02));
#16269 = VERTEX_POINT('',#16270);
#16270 = CARTESIAN_POINT('',(27.5,-0.475,1.55));
#16271 = LINE('',#16272,#16273);
#16272 = CARTESIAN_POINT('',(27.5,-0.475,-4.E-02));
#16273 = VECTOR('',#16274,1.);
#16274 = DIRECTION('',(0.,0.,1.));
#16275 = ORIENTED_EDGE('',*,*,#16276,.T.);
#16276 = EDGE_CURVE('',#16269,#16269,#16277,.T.);
#16277 = CIRCLE('',#16278,0.475);
#16278 = AXIS2_PLACEMENT_3D('',#16279,#16280,#16281);
#16279 = CARTESIAN_POINT('',(27.5,1.415534356397E-15,1.55));
#16280 = DIRECTION('',(0.,0.,1.));
#16281 = DIRECTION('',(-0.,-1.,0.));
#16282 = ORIENTED_EDGE('',*,*,#16266,.F.);
#16283 = ORIENTED_EDGE('',*,*,#16284,.F.);
#16284 = EDGE_CURVE('',#16267,#16267,#16285,.T.);
#16285 = CIRCLE('',#16286,0.475);
#16286 = AXIS2_PLACEMENT_3D('',#16287,#16288,#16289);
#16287 = CARTESIAN_POINT('',(27.5,1.415534356397E-15,-4.E-02));
#16288 = DIRECTION('',(0.,0.,1.));
#16289 = DIRECTION('',(-0.,-1.,0.));
#16290 = CYLINDRICAL_SURFACE('',#16291,0.475);
#16291 = AXIS2_PLACEMENT_3D('',#16292,#16293,#16294);
#16292 = CARTESIAN_POINT('',(27.5,1.415534356397E-15,-4.E-02));
#16293 = DIRECTION('',(-0.,-0.,-1.));
#16294 = DIRECTION('',(-0.,-1.,0.));
#16295 = ADVANCED_FACE('',(#16296,#16299),#16310,.F.);
#16296 = FACE_BOUND('',#16297,.F.);
#16297 = EDGE_LOOP('',(#16298));
#16298 = ORIENTED_EDGE('',*,*,#16284,.T.);
#16299 = FACE_BOUND('',#16300,.F.);
#16300 = EDGE_LOOP('',(#16301));
#16301 = ORIENTED_EDGE('',*,*,#16302,.T.);
#16302 = EDGE_CURVE('',#16303,#16303,#16305,.T.);
#16303 = VERTEX_POINT('',#16304);
#16304 = CARTESIAN_POINT('',(27.5,-0.45,-4.E-02));
#16305 = CIRCLE('',#16306,0.45);
#16306 = AXIS2_PLACEMENT_3D('',#16307,#16308,#16309);
#16307 = CARTESIAN_POINT('',(27.5,9.992007221626E-16,-4.E-02));
#16308 = DIRECTION('',(-0.,0.,-1.));
#16309 = DIRECTION('',(-0.,-1.,0.));
#16310 = PLANE('',#16311);
#16311 = AXIS2_PLACEMENT_3D('',#16312,#16313,#16314);
#16312 = CARTESIAN_POINT('',(27.5,-0.475,-4.E-02));
#16313 = DIRECTION('',(0.,0.,1.));
#16314 = DIRECTION('',(1.,0.,-0.));
#16315 = ADVANCED_FACE('',(#16316,#16319),#16330,.T.);
#16316 = FACE_BOUND('',#16317,.T.);
#16317 = EDGE_LOOP('',(#16318));
#16318 = ORIENTED_EDGE('',*,*,#16276,.T.);
#16319 = FACE_BOUND('',#16320,.T.);
#16320 = EDGE_LOOP('',(#16321));
#16321 = ORIENTED_EDGE('',*,*,#16322,.T.);
#16322 = EDGE_CURVE('',#16323,#16323,#16325,.T.);
#16323 = VERTEX_POINT('',#16324);
#16324 = CARTESIAN_POINT('',(27.5,-0.45,1.55));
#16325 = CIRCLE('',#16326,0.45);
#16326 = AXIS2_PLACEMENT_3D('',#16327,#16328,#16329);
#16327 = CARTESIAN_POINT('',(27.5,9.992007221626E-16,1.55));
#16328 = DIRECTION('',(-0.,0.,-1.));
#16329 = DIRECTION('',(-0.,-1.,0.));
#16330 = PLANE('',#16331);
#16331 = AXIS2_PLACEMENT_3D('',#16332,#16333,#16334);
#16332 = CARTESIAN_POINT('',(27.5,-0.475,1.55));
#16333 = DIRECTION('',(0.,0.,1.));
#16334 = DIRECTION('',(1.,0.,-0.));
#16335 = ADVANCED_FACE('',(#16336),#16347,.F.);
#16336 = FACE_BOUND('',#16337,.T.);
#16337 = EDGE_LOOP('',(#16338,#16339,#16345,#16346));
#16338 = ORIENTED_EDGE('',*,*,#16302,.T.);
#16339 = ORIENTED_EDGE('',*,*,#16340,.T.);
#16340 = EDGE_CURVE('',#16303,#16323,#16341,.T.);
#16341 = LINE('',#16342,#16343);
#16342 = CARTESIAN_POINT('',(27.5,-0.45,-4.6E-02));
#16343 = VECTOR('',#16344,1.);
#16344 = DIRECTION('',(0.,0.,1.));
#16345 = ORIENTED_EDGE('',*,*,#16322,.F.);
#16346 = ORIENTED_EDGE('',*,*,#16340,.F.);
#16347 = CYLINDRICAL_SURFACE('',#16348,0.45);
#16348 = AXIS2_PLACEMENT_3D('',#16349,#16350,#16351);
#16349 = CARTESIAN_POINT('',(27.5,9.992007221626E-16,-4.6E-02));
#16350 = DIRECTION('',(-0.,-0.,-1.));
#16351 = DIRECTION('',(-0.,-1.,0.));
#16352 = MANIFOLD_SOLID_BREP('',#16353);
#16353 = CLOSED_SHELL('',(#16354,#16396,#16427,#16458,#16487,#16516,
    #16528));
#16354 = ADVANCED_FACE('',(#16355),#16391,.T.);
#16355 = FACE_BOUND('',#16356,.T.);
#16356 = EDGE_LOOP('',(#16357,#16367,#16376,#16384));
#16357 = ORIENTED_EDGE('',*,*,#16358,.T.);
#16358 = EDGE_CURVE('',#16359,#16361,#16363,.T.);
#16359 = VERTEX_POINT('',#16360);
#16360 = CARTESIAN_POINT('',(30.85,-0.125,1.51));
#16361 = VERTEX_POINT('',#16362);
#16362 = CARTESIAN_POINT('',(30.85,-0.125,1.55));
#16363 = LINE('',#16364,#16365);
#16364 = CARTESIAN_POINT('',(30.85,-0.125,1.51));
#16365 = VECTOR('',#16366,1.);
#16366 = DIRECTION('',(0.,0.,1.));
#16367 = ORIENTED_EDGE('',*,*,#16368,.T.);
#16368 = EDGE_CURVE('',#16361,#16369,#16371,.T.);
#16369 = VERTEX_POINT('',#16370);
#16370 = CARTESIAN_POINT('',(29.15,-0.125,1.55));
#16371 = CIRCLE('',#16372,0.85);
#16372 = AXIS2_PLACEMENT_3D('',#16373,#16374,#16375);
#16373 = CARTESIAN_POINT('',(30.,-0.125000024751,1.55));
#16374 = DIRECTION('',(0.,0.,-1.));
#16375 = DIRECTION('',(1.,2.91187601482E-08,0.));
#16376 = ORIENTED_EDGE('',*,*,#16377,.F.);
#16377 = EDGE_CURVE('',#16378,#16369,#16380,.T.);
#16378 = VERTEX_POINT('',#16379);
#16379 = CARTESIAN_POINT('',(29.15,-0.125,1.51));
#16380 = LINE('',#16381,#16382);
#16381 = CARTESIAN_POINT('',(29.15,-0.125,1.51));
#16382 = VECTOR('',#16383,1.);
#16383 = DIRECTION('',(0.,0.,1.));
#16384 = ORIENTED_EDGE('',*,*,#16385,.F.);
#16385 = EDGE_CURVE('',#16359,#16378,#16386,.T.);
#16386 = CIRCLE('',#16387,0.85);
#16387 = AXIS2_PLACEMENT_3D('',#16388,#16389,#16390);
#16388 = CARTESIAN_POINT('',(30.,-0.125000024751,1.51));
#16389 = DIRECTION('',(0.,0.,-1.));
#16390 = DIRECTION('',(1.,2.91187601482E-08,0.));
#16391 = CYLINDRICAL_SURFACE('',#16392,0.85);
#16392 = AXIS2_PLACEMENT_3D('',#16393,#16394,#16395);
#16393 = CARTESIAN_POINT('',(30.,-0.125000024751,1.51));
#16394 = DIRECTION('',(0.,0.,-1.));
#16395 = DIRECTION('',(1.,2.91187601482E-08,0.));
#16396 = ADVANCED_FACE('',(#16397),#16422,.T.);
#16397 = FACE_BOUND('',#16398,.T.);
#16398 = EDGE_LOOP('',(#16399,#16409,#16415,#16416));
#16399 = ORIENTED_EDGE('',*,*,#16400,.T.);
#16400 = EDGE_CURVE('',#16401,#16403,#16405,.T.);
#16401 = VERTEX_POINT('',#16402);
#16402 = CARTESIAN_POINT('',(30.85,0.125,1.51));
#16403 = VERTEX_POINT('',#16404);
#16404 = CARTESIAN_POINT('',(30.85,0.125,1.55));
#16405 = LINE('',#16406,#16407);
#16406 = CARTESIAN_POINT('',(30.85,0.125,1.51));
#16407 = VECTOR('',#16408,1.);
#16408 = DIRECTION('',(0.,0.,1.));
#16409 = ORIENTED_EDGE('',*,*,#16410,.T.);
#16410 = EDGE_CURVE('',#16403,#16361,#16411,.T.);
#16411 = LINE('',#16412,#16413);
#16412 = CARTESIAN_POINT('',(30.85,0.125,1.55));
#16413 = VECTOR('',#16414,1.);
#16414 = DIRECTION('',(0.,-1.,0.));
#16415 = ORIENTED_EDGE('',*,*,#16358,.F.);
#16416 = ORIENTED_EDGE('',*,*,#16417,.F.);
#16417 = EDGE_CURVE('',#16401,#16359,#16418,.T.);
#16418 = LINE('',#16419,#16420);
#16419 = CARTESIAN_POINT('',(30.85,0.125,1.51));
#16420 = VECTOR('',#16421,1.);
#16421 = DIRECTION('',(0.,-1.,0.));
#16422 = PLANE('',#16423);
#16423 = AXIS2_PLACEMENT_3D('',#16424,#16425,#16426);
#16424 = CARTESIAN_POINT('',(30.85,0.125,1.51));
#16425 = DIRECTION('',(1.,0.,-0.));
#16426 = DIRECTION('',(0.,-1.,0.));
#16427 = ADVANCED_FACE('',(#16428),#16453,.T.);
#16428 = FACE_BOUND('',#16429,.T.);
#16429 = EDGE_LOOP('',(#16430,#16431,#16439,#16447));
#16430 = ORIENTED_EDGE('',*,*,#16377,.T.);
#16431 = ORIENTED_EDGE('',*,*,#16432,.T.);
#16432 = EDGE_CURVE('',#16369,#16433,#16435,.T.);
#16433 = VERTEX_POINT('',#16434);
#16434 = CARTESIAN_POINT('',(29.15,0.125,1.55));
#16435 = LINE('',#16436,#16437);
#16436 = CARTESIAN_POINT('',(29.15,-0.125,1.55));
#16437 = VECTOR('',#16438,1.);
#16438 = DIRECTION('',(0.,1.,0.));
#16439 = ORIENTED_EDGE('',*,*,#16440,.F.);
#16440 = EDGE_CURVE('',#16441,#16433,#16443,.T.);
#16441 = VERTEX_POINT('',#16442);
#16442 = CARTESIAN_POINT('',(29.15,0.125,1.51));
#16443 = LINE('',#16444,#16445);
#16444 = CARTESIAN_POINT('',(29.15,0.125,1.51));
#16445 = VECTOR('',#16446,1.);
#16446 = DIRECTION('',(0.,0.,1.));
#16447 = ORIENTED_EDGE('',*,*,#16448,.F.);
#16448 = EDGE_CURVE('',#16378,#16441,#16449,.T.);
#16449 = LINE('',#16450,#16451);
#16450 = CARTESIAN_POINT('',(29.15,-0.125,1.51));
#16451 = VECTOR('',#16452,1.);
#16452 = DIRECTION('',(0.,1.,0.));
#16453 = PLANE('',#16454);
#16454 = AXIS2_PLACEMENT_3D('',#16455,#16456,#16457);
#16455 = CARTESIAN_POINT('',(29.15,-0.125,1.51));
#16456 = DIRECTION('',(-1.,0.,0.));
#16457 = DIRECTION('',(0.,1.,0.));
#16458 = ADVANCED_FACE('',(#16459,#16471),#16482,.F.);
#16459 = FACE_BOUND('',#16460,.F.);
#16460 = EDGE_LOOP('',(#16461,#16462,#16463,#16470));
#16461 = ORIENTED_EDGE('',*,*,#16385,.F.);
#16462 = ORIENTED_EDGE('',*,*,#16417,.F.);
#16463 = ORIENTED_EDGE('',*,*,#16464,.F.);
#16464 = EDGE_CURVE('',#16441,#16401,#16465,.T.);
#16465 = CIRCLE('',#16466,0.85);
#16466 = AXIS2_PLACEMENT_3D('',#16467,#16468,#16469);
#16467 = CARTESIAN_POINT('',(30.,0.124999633951,1.51));
#16468 = DIRECTION('',(0.,0.,-1.));
#16469 = DIRECTION('',(-1.,4.306456652065E-07,0.));
#16470 = ORIENTED_EDGE('',*,*,#16448,.F.);
#16471 = FACE_BOUND('',#16472,.F.);
#16472 = EDGE_LOOP('',(#16473));
#16473 = ORIENTED_EDGE('',*,*,#16474,.T.);
#16474 = EDGE_CURVE('',#16475,#16475,#16477,.T.);
#16475 = VERTEX_POINT('',#16476);
#16476 = CARTESIAN_POINT('',(30.,-0.45,1.51));
#16477 = CIRCLE('',#16478,0.45);
#16478 = AXIS2_PLACEMENT_3D('',#16479,#16480,#16481);
#16479 = CARTESIAN_POINT('',(30.,9.992007221626E-16,1.51));
#16480 = DIRECTION('',(-0.,0.,-1.));
#16481 = DIRECTION('',(-0.,-1.,0.));
#16482 = PLANE('',#16483);
#16483 = AXIS2_PLACEMENT_3D('',#16484,#16485,#16486);
#16484 = CARTESIAN_POINT('',(0.,0.,1.51));
#16485 = DIRECTION('',(0.,0.,1.));
#16486 = DIRECTION('',(1.,0.,-0.));
#16487 = ADVANCED_FACE('',(#16488,#16500),#16511,.T.);
#16488 = FACE_BOUND('',#16489,.T.);
#16489 = EDGE_LOOP('',(#16490,#16491,#16492,#16499));
#16490 = ORIENTED_EDGE('',*,*,#16368,.F.);
#16491 = ORIENTED_EDGE('',*,*,#16410,.F.);
#16492 = ORIENTED_EDGE('',*,*,#16493,.F.);
#16493 = EDGE_CURVE('',#16433,#16403,#16494,.T.);
#16494 = CIRCLE('',#16495,0.85);
#16495 = AXIS2_PLACEMENT_3D('',#16496,#16497,#16498);
#16496 = CARTESIAN_POINT('',(30.,0.124999633951,1.55));
#16497 = DIRECTION('',(0.,0.,-1.));
#16498 = DIRECTION('',(-1.,4.306456652065E-07,0.));
#16499 = ORIENTED_EDGE('',*,*,#16432,.F.);
#16500 = FACE_BOUND('',#16501,.T.);
#16501 = EDGE_LOOP('',(#16502));
#16502 = ORIENTED_EDGE('',*,*,#16503,.T.);
#16503 = EDGE_CURVE('',#16504,#16504,#16506,.T.);
#16504 = VERTEX_POINT('',#16505);
#16505 = CARTESIAN_POINT('',(30.,-0.45,1.55));
#16506 = CIRCLE('',#16507,0.45);
#16507 = AXIS2_PLACEMENT_3D('',#16508,#16509,#16510);
#16508 = CARTESIAN_POINT('',(30.,9.992007221626E-16,1.55));
#16509 = DIRECTION('',(-0.,0.,-1.));
#16510 = DIRECTION('',(-0.,-1.,0.));
#16511 = PLANE('',#16512);
#16512 = AXIS2_PLACEMENT_3D('',#16513,#16514,#16515);
#16513 = CARTESIAN_POINT('',(0.,0.,1.55));
#16514 = DIRECTION('',(0.,0.,1.));
#16515 = DIRECTION('',(1.,0.,-0.));
#16516 = ADVANCED_FACE('',(#16517),#16523,.T.);
#16517 = FACE_BOUND('',#16518,.T.);
#16518 = EDGE_LOOP('',(#16519,#16520,#16521,#16522));
#16519 = ORIENTED_EDGE('',*,*,#16440,.T.);
#16520 = ORIENTED_EDGE('',*,*,#16493,.T.);
#16521 = ORIENTED_EDGE('',*,*,#16400,.F.);
#16522 = ORIENTED_EDGE('',*,*,#16464,.F.);
#16523 = CYLINDRICAL_SURFACE('',#16524,0.85);
#16524 = AXIS2_PLACEMENT_3D('',#16525,#16526,#16527);
#16525 = CARTESIAN_POINT('',(30.,0.124999633951,1.51));
#16526 = DIRECTION('',(0.,0.,-1.));
#16527 = DIRECTION('',(-1.,4.306456652065E-07,0.));
#16528 = ADVANCED_FACE('',(#16529),#16540,.F.);
#16529 = FACE_BOUND('',#16530,.T.);
#16530 = EDGE_LOOP('',(#16531,#16532,#16538,#16539));
#16531 = ORIENTED_EDGE('',*,*,#16474,.T.);
#16532 = ORIENTED_EDGE('',*,*,#16533,.T.);
#16533 = EDGE_CURVE('',#16475,#16504,#16534,.T.);
#16534 = LINE('',#16535,#16536);
#16535 = CARTESIAN_POINT('',(30.,-0.45,-4.6E-02));
#16536 = VECTOR('',#16537,1.);
#16537 = DIRECTION('',(0.,0.,1.));
#16538 = ORIENTED_EDGE('',*,*,#16503,.F.);
#16539 = ORIENTED_EDGE('',*,*,#16533,.F.);
#16540 = CYLINDRICAL_SURFACE('',#16541,0.45);
#16541 = AXIS2_PLACEMENT_3D('',#16542,#16543,#16544);
#16542 = CARTESIAN_POINT('',(30.,9.992007221626E-16,-4.6E-02));
#16543 = DIRECTION('',(-0.,-0.,-1.));
#16544 = DIRECTION('',(-0.,-1.,0.));
#16545 = MANIFOLD_SOLID_BREP('',#16546);
#16546 = CLOSED_SHELL('',(#16547,#16589,#16620,#16651,#16680,#16709,
    #16721));
#16547 = ADVANCED_FACE('',(#16548),#16584,.T.);
#16548 = FACE_BOUND('',#16549,.F.);
#16549 = EDGE_LOOP('',(#16550,#16560,#16569,#16577));
#16550 = ORIENTED_EDGE('',*,*,#16551,.T.);
#16551 = EDGE_CURVE('',#16552,#16554,#16556,.T.);
#16552 = VERTEX_POINT('',#16553);
#16553 = CARTESIAN_POINT('',(30.85,-0.125,0.));
#16554 = VERTEX_POINT('',#16555);
#16555 = CARTESIAN_POINT('',(30.85,-0.125,-4.E-02));
#16556 = LINE('',#16557,#16558);
#16557 = CARTESIAN_POINT('',(30.85,-0.125,0.));
#16558 = VECTOR('',#16559,1.);
#16559 = DIRECTION('',(0.,0.,-1.));
#16560 = ORIENTED_EDGE('',*,*,#16561,.T.);
#16561 = EDGE_CURVE('',#16554,#16562,#16564,.T.);
#16562 = VERTEX_POINT('',#16563);
#16563 = CARTESIAN_POINT('',(29.15,-0.125,-4.E-02));
#16564 = CIRCLE('',#16565,0.85);
#16565 = AXIS2_PLACEMENT_3D('',#16566,#16567,#16568);
#16566 = CARTESIAN_POINT('',(30.,-0.125000024751,-4.E-02));
#16567 = DIRECTION('',(0.,0.,-1.));
#16568 = DIRECTION('',(1.,2.91187601482E-08,0.));
#16569 = ORIENTED_EDGE('',*,*,#16570,.F.);
#16570 = EDGE_CURVE('',#16571,#16562,#16573,.T.);
#16571 = VERTEX_POINT('',#16572);
#16572 = CARTESIAN_POINT('',(29.15,-0.125,0.));
#16573 = LINE('',#16574,#16575);
#16574 = CARTESIAN_POINT('',(29.15,-0.125,0.));
#16575 = VECTOR('',#16576,1.);
#16576 = DIRECTION('',(0.,0.,-1.));
#16577 = ORIENTED_EDGE('',*,*,#16578,.F.);
#16578 = EDGE_CURVE('',#16552,#16571,#16579,.T.);
#16579 = CIRCLE('',#16580,0.85);
#16580 = AXIS2_PLACEMENT_3D('',#16581,#16582,#16583);
#16581 = CARTESIAN_POINT('',(30.,-0.125000024751,0.));
#16582 = DIRECTION('',(0.,0.,-1.));
#16583 = DIRECTION('',(1.,2.91187601482E-08,0.));
#16584 = CYLINDRICAL_SURFACE('',#16585,0.85);
#16585 = AXIS2_PLACEMENT_3D('',#16586,#16587,#16588);
#16586 = CARTESIAN_POINT('',(30.,-0.125000024751,0.));
#16587 = DIRECTION('',(-0.,-0.,1.));
#16588 = DIRECTION('',(1.,2.91187601482E-08,0.));
#16589 = ADVANCED_FACE('',(#16590),#16615,.F.);
#16590 = FACE_BOUND('',#16591,.F.);
#16591 = EDGE_LOOP('',(#16592,#16602,#16608,#16609));
#16592 = ORIENTED_EDGE('',*,*,#16593,.T.);
#16593 = EDGE_CURVE('',#16594,#16596,#16598,.T.);
#16594 = VERTEX_POINT('',#16595);
#16595 = CARTESIAN_POINT('',(30.85,0.125,0.));
#16596 = VERTEX_POINT('',#16597);
#16597 = CARTESIAN_POINT('',(30.85,0.125,-4.E-02));
#16598 = LINE('',#16599,#16600);
#16599 = CARTESIAN_POINT('',(30.85,0.125,0.));
#16600 = VECTOR('',#16601,1.);
#16601 = DIRECTION('',(0.,0.,-1.));
#16602 = ORIENTED_EDGE('',*,*,#16603,.T.);
#16603 = EDGE_CURVE('',#16596,#16554,#16604,.T.);
#16604 = LINE('',#16605,#16606);
#16605 = CARTESIAN_POINT('',(30.85,0.125,-4.E-02));
#16606 = VECTOR('',#16607,1.);
#16607 = DIRECTION('',(0.,-1.,0.));
#16608 = ORIENTED_EDGE('',*,*,#16551,.F.);
#16609 = ORIENTED_EDGE('',*,*,#16610,.F.);
#16610 = EDGE_CURVE('',#16594,#16552,#16611,.T.);
#16611 = LINE('',#16612,#16613);
#16612 = CARTESIAN_POINT('',(30.85,0.125,0.));
#16613 = VECTOR('',#16614,1.);
#16614 = DIRECTION('',(0.,-1.,0.));
#16615 = PLANE('',#16616);
#16616 = AXIS2_PLACEMENT_3D('',#16617,#16618,#16619);
#16617 = CARTESIAN_POINT('',(30.85,0.125,0.));
#16618 = DIRECTION('',(-1.,-0.,-0.));
#16619 = DIRECTION('',(0.,-1.,0.));
#16620 = ADVANCED_FACE('',(#16621),#16646,.F.);
#16621 = FACE_BOUND('',#16622,.F.);
#16622 = EDGE_LOOP('',(#16623,#16624,#16632,#16640));
#16623 = ORIENTED_EDGE('',*,*,#16570,.T.);
#16624 = ORIENTED_EDGE('',*,*,#16625,.T.);
#16625 = EDGE_CURVE('',#16562,#16626,#16628,.T.);
#16626 = VERTEX_POINT('',#16627);
#16627 = CARTESIAN_POINT('',(29.15,0.125,-4.E-02));
#16628 = LINE('',#16629,#16630);
#16629 = CARTESIAN_POINT('',(29.15,-0.125,-4.E-02));
#16630 = VECTOR('',#16631,1.);
#16631 = DIRECTION('',(0.,1.,0.));
#16632 = ORIENTED_EDGE('',*,*,#16633,.F.);
#16633 = EDGE_CURVE('',#16634,#16626,#16636,.T.);
#16634 = VERTEX_POINT('',#16635);
#16635 = CARTESIAN_POINT('',(29.15,0.125,0.));
#16636 = LINE('',#16637,#16638);
#16637 = CARTESIAN_POINT('',(29.15,0.125,0.));
#16638 = VECTOR('',#16639,1.);
#16639 = DIRECTION('',(0.,0.,-1.));
#16640 = ORIENTED_EDGE('',*,*,#16641,.F.);
#16641 = EDGE_CURVE('',#16571,#16634,#16642,.T.);
#16642 = LINE('',#16643,#16644);
#16643 = CARTESIAN_POINT('',(29.15,-0.125,0.));
#16644 = VECTOR('',#16645,1.);
#16645 = DIRECTION('',(0.,1.,0.));
#16646 = PLANE('',#16647);
#16647 = AXIS2_PLACEMENT_3D('',#16648,#16649,#16650);
#16648 = CARTESIAN_POINT('',(29.15,-0.125,0.));
#16649 = DIRECTION('',(1.,-0.,0.));
#16650 = DIRECTION('',(0.,1.,0.));
#16651 = ADVANCED_FACE('',(#16652,#16664),#16675,.F.);
#16652 = FACE_BOUND('',#16653,.F.);
#16653 = EDGE_LOOP('',(#16654,#16655,#16656,#16663));
#16654 = ORIENTED_EDGE('',*,*,#16578,.T.);
#16655 = ORIENTED_EDGE('',*,*,#16641,.T.);
#16656 = ORIENTED_EDGE('',*,*,#16657,.T.);
#16657 = EDGE_CURVE('',#16634,#16594,#16658,.T.);
#16658 = CIRCLE('',#16659,0.85);
#16659 = AXIS2_PLACEMENT_3D('',#16660,#16661,#16662);
#16660 = CARTESIAN_POINT('',(30.,0.124999633951,0.));
#16661 = DIRECTION('',(0.,0.,-1.));
#16662 = DIRECTION('',(-1.,4.306456652065E-07,0.));
#16663 = ORIENTED_EDGE('',*,*,#16610,.T.);
#16664 = FACE_BOUND('',#16665,.F.);
#16665 = EDGE_LOOP('',(#16666));
#16666 = ORIENTED_EDGE('',*,*,#16667,.F.);
#16667 = EDGE_CURVE('',#16668,#16668,#16670,.T.);
#16668 = VERTEX_POINT('',#16669);
#16669 = CARTESIAN_POINT('',(30.,-0.45,0.));
#16670 = CIRCLE('',#16671,0.45);
#16671 = AXIS2_PLACEMENT_3D('',#16672,#16673,#16674);
#16672 = CARTESIAN_POINT('',(30.,9.992007221626E-16,0.));
#16673 = DIRECTION('',(-0.,0.,-1.));
#16674 = DIRECTION('',(-0.,-1.,0.));
#16675 = PLANE('',#16676);
#16676 = AXIS2_PLACEMENT_3D('',#16677,#16678,#16679);
#16677 = CARTESIAN_POINT('',(0.,0.,0.));
#16678 = DIRECTION('',(-0.,-0.,-1.));
#16679 = DIRECTION('',(-1.,0.,0.));
#16680 = ADVANCED_FACE('',(#16681,#16693),#16704,.T.);
#16681 = FACE_BOUND('',#16682,.T.);
#16682 = EDGE_LOOP('',(#16683,#16684,#16685,#16692));
#16683 = ORIENTED_EDGE('',*,*,#16561,.T.);
#16684 = ORIENTED_EDGE('',*,*,#16625,.T.);
#16685 = ORIENTED_EDGE('',*,*,#16686,.T.);
#16686 = EDGE_CURVE('',#16626,#16596,#16687,.T.);
#16687 = CIRCLE('',#16688,0.85);
#16688 = AXIS2_PLACEMENT_3D('',#16689,#16690,#16691);
#16689 = CARTESIAN_POINT('',(30.,0.124999633951,-4.E-02));
#16690 = DIRECTION('',(0.,0.,-1.));
#16691 = DIRECTION('',(-1.,4.306456652065E-07,0.));
#16692 = ORIENTED_EDGE('',*,*,#16603,.T.);
#16693 = FACE_BOUND('',#16694,.T.);
#16694 = EDGE_LOOP('',(#16695));
#16695 = ORIENTED_EDGE('',*,*,#16696,.F.);
#16696 = EDGE_CURVE('',#16697,#16697,#16699,.T.);
#16697 = VERTEX_POINT('',#16698);
#16698 = CARTESIAN_POINT('',(30.,-0.45,-4.E-02));
#16699 = CIRCLE('',#16700,0.45);
#16700 = AXIS2_PLACEMENT_3D('',#16701,#16702,#16703);
#16701 = CARTESIAN_POINT('',(30.,9.992007221626E-16,-4.E-02));
#16702 = DIRECTION('',(-0.,0.,-1.));
#16703 = DIRECTION('',(-0.,-1.,0.));
#16704 = PLANE('',#16705);
#16705 = AXIS2_PLACEMENT_3D('',#16706,#16707,#16708);
#16706 = CARTESIAN_POINT('',(0.,0.,-4.E-02));
#16707 = DIRECTION('',(-0.,-0.,-1.));
#16708 = DIRECTION('',(-1.,0.,0.));
#16709 = ADVANCED_FACE('',(#16710),#16716,.T.);
#16710 = FACE_BOUND('',#16711,.F.);
#16711 = EDGE_LOOP('',(#16712,#16713,#16714,#16715));
#16712 = ORIENTED_EDGE('',*,*,#16633,.T.);
#16713 = ORIENTED_EDGE('',*,*,#16686,.T.);
#16714 = ORIENTED_EDGE('',*,*,#16593,.F.);
#16715 = ORIENTED_EDGE('',*,*,#16657,.F.);
#16716 = CYLINDRICAL_SURFACE('',#16717,0.85);
#16717 = AXIS2_PLACEMENT_3D('',#16718,#16719,#16720);
#16718 = CARTESIAN_POINT('',(30.,0.124999633951,0.));
#16719 = DIRECTION('',(-0.,-0.,1.));
#16720 = DIRECTION('',(-1.,4.306456652065E-07,0.));
#16721 = ADVANCED_FACE('',(#16722),#16733,.F.);
#16722 = FACE_BOUND('',#16723,.T.);
#16723 = EDGE_LOOP('',(#16724,#16725,#16731,#16732));
#16724 = ORIENTED_EDGE('',*,*,#16696,.T.);
#16725 = ORIENTED_EDGE('',*,*,#16726,.T.);
#16726 = EDGE_CURVE('',#16697,#16668,#16727,.T.);
#16727 = LINE('',#16728,#16729);
#16728 = CARTESIAN_POINT('',(30.,-0.45,-4.6E-02));
#16729 = VECTOR('',#16730,1.);
#16730 = DIRECTION('',(0.,0.,1.));
#16731 = ORIENTED_EDGE('',*,*,#16667,.F.);
#16732 = ORIENTED_EDGE('',*,*,#16726,.F.);
#16733 = CYLINDRICAL_SURFACE('',#16734,0.45);
#16734 = AXIS2_PLACEMENT_3D('',#16735,#16736,#16737);
#16735 = CARTESIAN_POINT('',(30.,9.992007221626E-16,-4.6E-02));
#16736 = DIRECTION('',(-0.,-0.,-1.));
#16737 = DIRECTION('',(-0.,-1.,0.));
#16738 = MANIFOLD_SOLID_BREP('',#16739);
#16739 = CLOSED_SHELL('',(#16740,#16773,#16793,#16813));
#16740 = ADVANCED_FACE('',(#16741),#16768,.T.);
#16741 = FACE_BOUND('',#16742,.F.);
#16742 = EDGE_LOOP('',(#16743,#16753,#16760,#16761));
#16743 = ORIENTED_EDGE('',*,*,#16744,.T.);
#16744 = EDGE_CURVE('',#16745,#16747,#16749,.T.);
#16745 = VERTEX_POINT('',#16746);
#16746 = CARTESIAN_POINT('',(30.,-0.475,-4.E-02));
#16747 = VERTEX_POINT('',#16748);
#16748 = CARTESIAN_POINT('',(30.,-0.475,1.55));
#16749 = LINE('',#16750,#16751);
#16750 = CARTESIAN_POINT('',(30.,-0.475,-4.E-02));
#16751 = VECTOR('',#16752,1.);
#16752 = DIRECTION('',(0.,0.,1.));
#16753 = ORIENTED_EDGE('',*,*,#16754,.T.);
#16754 = EDGE_CURVE('',#16747,#16747,#16755,.T.);
#16755 = CIRCLE('',#16756,0.475);
#16756 = AXIS2_PLACEMENT_3D('',#16757,#16758,#16759);
#16757 = CARTESIAN_POINT('',(30.,1.415534356397E-15,1.55));
#16758 = DIRECTION('',(0.,0.,1.));
#16759 = DIRECTION('',(-0.,-1.,0.));
#16760 = ORIENTED_EDGE('',*,*,#16744,.F.);
#16761 = ORIENTED_EDGE('',*,*,#16762,.F.);
#16762 = EDGE_CURVE('',#16745,#16745,#16763,.T.);
#16763 = CIRCLE('',#16764,0.475);
#16764 = AXIS2_PLACEMENT_3D('',#16765,#16766,#16767);
#16765 = CARTESIAN_POINT('',(30.,1.415534356397E-15,-4.E-02));
#16766 = DIRECTION('',(0.,0.,1.));
#16767 = DIRECTION('',(-0.,-1.,0.));
#16768 = CYLINDRICAL_SURFACE('',#16769,0.475);
#16769 = AXIS2_PLACEMENT_3D('',#16770,#16771,#16772);
#16770 = CARTESIAN_POINT('',(30.,1.415534356397E-15,-4.E-02));
#16771 = DIRECTION('',(-0.,-0.,-1.));
#16772 = DIRECTION('',(-0.,-1.,0.));
#16773 = ADVANCED_FACE('',(#16774,#16777),#16788,.F.);
#16774 = FACE_BOUND('',#16775,.F.);
#16775 = EDGE_LOOP('',(#16776));
#16776 = ORIENTED_EDGE('',*,*,#16762,.T.);
#16777 = FACE_BOUND('',#16778,.F.);
#16778 = EDGE_LOOP('',(#16779));
#16779 = ORIENTED_EDGE('',*,*,#16780,.T.);
#16780 = EDGE_CURVE('',#16781,#16781,#16783,.T.);
#16781 = VERTEX_POINT('',#16782);
#16782 = CARTESIAN_POINT('',(30.,-0.45,-4.E-02));
#16783 = CIRCLE('',#16784,0.45);
#16784 = AXIS2_PLACEMENT_3D('',#16785,#16786,#16787);
#16785 = CARTESIAN_POINT('',(30.,9.992007221626E-16,-4.E-02));
#16786 = DIRECTION('',(-0.,0.,-1.));
#16787 = DIRECTION('',(-0.,-1.,0.));
#16788 = PLANE('',#16789);
#16789 = AXIS2_PLACEMENT_3D('',#16790,#16791,#16792);
#16790 = CARTESIAN_POINT('',(30.,-0.475,-4.E-02));
#16791 = DIRECTION('',(0.,0.,1.));
#16792 = DIRECTION('',(1.,0.,-0.));
#16793 = ADVANCED_FACE('',(#16794,#16797),#16808,.T.);
#16794 = FACE_BOUND('',#16795,.T.);
#16795 = EDGE_LOOP('',(#16796));
#16796 = ORIENTED_EDGE('',*,*,#16754,.T.);
#16797 = FACE_BOUND('',#16798,.T.);
#16798 = EDGE_LOOP('',(#16799));
#16799 = ORIENTED_EDGE('',*,*,#16800,.T.);
#16800 = EDGE_CURVE('',#16801,#16801,#16803,.T.);
#16801 = VERTEX_POINT('',#16802);
#16802 = CARTESIAN_POINT('',(30.,-0.45,1.55));
#16803 = CIRCLE('',#16804,0.45);
#16804 = AXIS2_PLACEMENT_3D('',#16805,#16806,#16807);
#16805 = CARTESIAN_POINT('',(30.,9.992007221626E-16,1.55));
#16806 = DIRECTION('',(-0.,0.,-1.));
#16807 = DIRECTION('',(-0.,-1.,0.));
#16808 = PLANE('',#16809);
#16809 = AXIS2_PLACEMENT_3D('',#16810,#16811,#16812);
#16810 = CARTESIAN_POINT('',(30.,-0.475,1.55));
#16811 = DIRECTION('',(0.,0.,1.));
#16812 = DIRECTION('',(1.,0.,-0.));
#16813 = ADVANCED_FACE('',(#16814),#16825,.F.);
#16814 = FACE_BOUND('',#16815,.T.);
#16815 = EDGE_LOOP('',(#16816,#16817,#16823,#16824));
#16816 = ORIENTED_EDGE('',*,*,#16780,.T.);
#16817 = ORIENTED_EDGE('',*,*,#16818,.T.);
#16818 = EDGE_CURVE('',#16781,#16801,#16819,.T.);
#16819 = LINE('',#16820,#16821);
#16820 = CARTESIAN_POINT('',(30.,-0.45,-4.6E-02));
#16821 = VECTOR('',#16822,1.);
#16822 = DIRECTION('',(0.,0.,1.));
#16823 = ORIENTED_EDGE('',*,*,#16800,.F.);
#16824 = ORIENTED_EDGE('',*,*,#16818,.F.);
#16825 = CYLINDRICAL_SURFACE('',#16826,0.45);
#16826 = AXIS2_PLACEMENT_3D('',#16827,#16828,#16829);
#16827 = CARTESIAN_POINT('',(30.,9.992007221626E-16,-4.6E-02));
#16828 = DIRECTION('',(-0.,-0.,-1.));
#16829 = DIRECTION('',(-0.,-1.,0.));
#16830 = ( GEOMETRIC_REPRESENTATION_CONTEXT(3) 
GLOBAL_UNCERTAINTY_ASSIGNED_CONTEXT((#16834)) 
GLOBAL_UNIT_ASSIGNED_CONTEXT((#16831,#16832,#16833)) 
REPRESENTATION_CONTEXT('Context #1',
  '3D Context with UNIT and UNCERTAINTY') );
#16831 = ( LENGTH_UNIT() NAMED_UNIT(*) SI_UNIT(.MILLI.,.METRE.) );
#16832 = ( NAMED_UNIT(*) PLANE_ANGLE_UNIT() SI_UNIT($,.RADIAN.) );
#16833 = ( NAMED_UNIT(*) SI_UNIT($,.STERADIAN.) SOLID_ANGLE_UNIT() );
#16834 = UNCERTAINTY_MEASURE_WITH_UNIT(LENGTH_MEASURE(1.E-07),#16831,
  'distance_accuracy_value','confusion accuracy');
#16835 = CONTEXT_DEPENDENT_SHAPE_REPRESENTATION(#16836,#16838);
#16836 = ( REPRESENTATION_RELATIONSHIP('','',#10343,#10) 
REPRESENTATION_RELATIONSHIP_WITH_TRANSFORMATION(#16837) 
SHAPE_REPRESENTATION_RELATIONSHIP() );
#16837 = ITEM_DEFINED_TRANSFORMATION('','',#11,#19);
#16838 = PRODUCT_DEFINITION_SHAPE('Placement','Placement of an item',
  #16839);
#16839 = NEXT_ASSEMBLY_USAGE_OCCURRENCE('3','=>[0:1:1:4]','',#5,#10338,$
  );
#16840 = PRODUCT_RELATED_PRODUCT_CATEGORY('part',$,(#10340));
#16841 = SHAPE_DEFINITION_REPRESENTATION(#16842,#16848);
#16842 = PRODUCT_DEFINITION_SHAPE('','',#16843);
#16843 = PRODUCT_DEFINITION('design','',#16844,#16847);
#16844 = PRODUCT_DEFINITION_FORMATION('','',#16845);
#16845 = PRODUCT(
'electronic_connector_jst_xh_2_5_mm_pitch_through_hole_13_pin_jst_b13b_
xh_a_render_PCB',
'electronic_connector_jst_xh_2_5_mm_pitch_through_hole_13_pin_jst_b13b_
xh_a_render_PCB','',(#16846));
#16846 = PRODUCT_CONTEXT('',#2,'mechanical');
#16847 = PRODUCT_DEFINITION_CONTEXT('part definition',#2,'design');
#16848 = ADVANCED_BREP_SHAPE_REPRESENTATION('',(#11,#16849),#17506);
#16849 = MANIFOLD_SOLID_BREP('',#16850);
#16850 = CLOSED_SHELL('',(#16851,#16891,#16922,#16953,#17113,#17273,
    #17285,#17302,#17319,#17336,#17353,#17370,#17387,#17404,#17421,
    #17438,#17455,#17472,#17489));
#16851 = ADVANCED_FACE('',(#16852),#16886,.T.);
#16852 = FACE_BOUND('',#16853,.T.);
#16853 = EDGE_LOOP('',(#16854,#16864,#16872,#16880));
#16854 = ORIENTED_EDGE('',*,*,#16855,.T.);
#16855 = EDGE_CURVE('',#16856,#16858,#16860,.T.);
#16856 = VERTEX_POINT('',#16857);
#16857 = CARTESIAN_POINT('',(34.95,-5.9,0.));
#16858 = VERTEX_POINT('',#16859);
#16859 = CARTESIAN_POINT('',(34.95,-5.9,1.51));
#16860 = LINE('',#16861,#16862);
#16861 = CARTESIAN_POINT('',(34.95,-5.9,0.));
#16862 = VECTOR('',#16863,1.);
#16863 = DIRECTION('',(0.,0.,1.));
#16864 = ORIENTED_EDGE('',*,*,#16865,.T.);
#16865 = EDGE_CURVE('',#16858,#16866,#16868,.T.);
#16866 = VERTEX_POINT('',#16867);
#16867 = CARTESIAN_POINT('',(-4.95,-5.9,1.51));
#16868 = LINE('',#16869,#16870);
#16869 = CARTESIAN_POINT('',(34.95,-5.9,1.51));
#16870 = VECTOR('',#16871,1.);
#16871 = DIRECTION('',(-1.,0.,0.));
#16872 = ORIENTED_EDGE('',*,*,#16873,.F.);
#16873 = EDGE_CURVE('',#16874,#16866,#16876,.T.);
#16874 = VERTEX_POINT('',#16875);
#16875 = CARTESIAN_POINT('',(-4.95,-5.9,0.));
#16876 = LINE('',#16877,#16878);
#16877 = CARTESIAN_POINT('',(-4.95,-5.9,0.));
#16878 = VECTOR('',#16879,1.);
#16879 = DIRECTION('',(0.,0.,1.));
#16880 = ORIENTED_EDGE('',*,*,#16881,.F.);
#16881 = EDGE_CURVE('',#16856,#16874,#16882,.T.);
#16882 = LINE('',#16883,#16884);
#16883 = CARTESIAN_POINT('',(34.95,-5.9,0.));
#16884 = VECTOR('',#16885,1.);
#16885 = DIRECTION('',(-1.,0.,0.));
#16886 = PLANE('',#16887);
#16887 = AXIS2_PLACEMENT_3D('',#16888,#16889,#16890);
#16888 = CARTESIAN_POINT('',(34.95,-5.9,0.));
#16889 = DIRECTION('',(0.,-1.,0.));
#16890 = DIRECTION('',(-1.,0.,0.));
#16891 = ADVANCED_FACE('',(#16892),#16917,.T.);
#16892 = FACE_BOUND('',#16893,.T.);
#16893 = EDGE_LOOP('',(#16894,#16904,#16910,#16911));
#16894 = ORIENTED_EDGE('',*,*,#16895,.T.);
#16895 = EDGE_CURVE('',#16896,#16898,#16900,.T.);
#16896 = VERTEX_POINT('',#16897);
#16897 = CARTESIAN_POINT('',(34.95,4.85,0.));
#16898 = VERTEX_POINT('',#16899);
#16899 = CARTESIAN_POINT('',(34.95,4.85,1.51));
#16900 = LINE('',#16901,#16902);
#16901 = CARTESIAN_POINT('',(34.95,4.85,0.));
#16902 = VECTOR('',#16903,1.);
#16903 = DIRECTION('',(0.,0.,1.));
#16904 = ORIENTED_EDGE('',*,*,#16905,.T.);
#16905 = EDGE_CURVE('',#16898,#16858,#16906,.T.);
#16906 = LINE('',#16907,#16908);
#16907 = CARTESIAN_POINT('',(34.95,4.85,1.51));
#16908 = VECTOR('',#16909,1.);
#16909 = DIRECTION('',(0.,-1.,0.));
#16910 = ORIENTED_EDGE('',*,*,#16855,.F.);
#16911 = ORIENTED_EDGE('',*,*,#16912,.F.);
#16912 = EDGE_CURVE('',#16896,#16856,#16913,.T.);
#16913 = LINE('',#16914,#16915);
#16914 = CARTESIAN_POINT('',(34.95,4.85,0.));
#16915 = VECTOR('',#16916,1.);
#16916 = DIRECTION('',(0.,-1.,0.));
#16917 = PLANE('',#16918);
#16918 = AXIS2_PLACEMENT_3D('',#16919,#16920,#16921);
#16919 = CARTESIAN_POINT('',(34.95,4.85,0.));
#16920 = DIRECTION('',(1.,0.,-0.));
#16921 = DIRECTION('',(0.,-1.,0.));
#16922 = ADVANCED_FACE('',(#16923),#16948,.T.);
#16923 = FACE_BOUND('',#16924,.T.);
#16924 = EDGE_LOOP('',(#16925,#16926,#16934,#16942));
#16925 = ORIENTED_EDGE('',*,*,#16873,.T.);
#16926 = ORIENTED_EDGE('',*,*,#16927,.T.);
#16927 = EDGE_CURVE('',#16866,#16928,#16930,.T.);
#16928 = VERTEX_POINT('',#16929);
#16929 = CARTESIAN_POINT('',(-4.95,4.85,1.51));
#16930 = LINE('',#16931,#16932);
#16931 = CARTESIAN_POINT('',(-4.95,-5.9,1.51));
#16932 = VECTOR('',#16933,1.);
#16933 = DIRECTION('',(0.,1.,0.));
#16934 = ORIENTED_EDGE('',*,*,#16935,.F.);
#16935 = EDGE_CURVE('',#16936,#16928,#16938,.T.);
#16936 = VERTEX_POINT('',#16937);
#16937 = CARTESIAN_POINT('',(-4.95,4.85,0.));
#16938 = LINE('',#16939,#16940);
#16939 = CARTESIAN_POINT('',(-4.95,4.85,0.));
#16940 = VECTOR('',#16941,1.);
#16941 = DIRECTION('',(0.,0.,1.));
#16942 = ORIENTED_EDGE('',*,*,#16943,.F.);
#16943 = EDGE_CURVE('',#16874,#16936,#16944,.T.);
#16944 = LINE('',#16945,#16946);
#16945 = CARTESIAN_POINT('',(-4.95,-5.9,0.));
#16946 = VECTOR('',#16947,1.);
#16947 = DIRECTION('',(0.,1.,0.));
#16948 = PLANE('',#16949);
#16949 = AXIS2_PLACEMENT_3D('',#16950,#16951,#16952);
#16950 = CARTESIAN_POINT('',(-4.95,-5.9,0.));
#16951 = DIRECTION('',(-1.,0.,0.));
#16952 = DIRECTION('',(0.,1.,0.));
#16953 = ADVANCED_FACE('',(#16954,#16965,#16976,#16987,#16998,#17009,
    #17020,#17031,#17042,#17053,#17064,#17075,#17086,#17097),#17108,.F.
  );
#16954 = FACE_BOUND('',#16955,.F.);
#16955 = EDGE_LOOP('',(#16956,#16957,#16958,#16964));
#16956 = ORIENTED_EDGE('',*,*,#16881,.F.);
#16957 = ORIENTED_EDGE('',*,*,#16912,.F.);
#16958 = ORIENTED_EDGE('',*,*,#16959,.F.);
#16959 = EDGE_CURVE('',#16936,#16896,#16960,.T.);
#16960 = LINE('',#16961,#16962);
#16961 = CARTESIAN_POINT('',(-4.95,4.85,0.));
#16962 = VECTOR('',#16963,1.);
#16963 = DIRECTION('',(1.,0.,0.));
#16964 = ORIENTED_EDGE('',*,*,#16943,.F.);
#16965 = FACE_BOUND('',#16966,.F.);
#16966 = EDGE_LOOP('',(#16967));
#16967 = ORIENTED_EDGE('',*,*,#16968,.T.);
#16968 = EDGE_CURVE('',#16969,#16969,#16971,.T.);
#16969 = VERTEX_POINT('',#16970);
#16970 = CARTESIAN_POINT('',(-6.162975822039E-33,-0.475,0.));
#16971 = CIRCLE('',#16972,0.475);
#16972 = AXIS2_PLACEMENT_3D('',#16973,#16974,#16975);
#16973 = CARTESIAN_POINT('',(-2.775557561563E-17,5.551115123126E-17,0.)
  );
#16974 = DIRECTION('',(-0.,0.,-1.));
#16975 = DIRECTION('',(5.843279076975E-17,-1.,-0.));
#16976 = FACE_BOUND('',#16977,.F.);
#16977 = EDGE_LOOP('',(#16978));
#16978 = ORIENTED_EDGE('',*,*,#16979,.T.);
#16979 = EDGE_CURVE('',#16980,#16980,#16982,.T.);
#16980 = VERTEX_POINT('',#16981);
#16981 = CARTESIAN_POINT('',(2.5,-0.475,0.));
#16982 = CIRCLE('',#16983,0.475);
#16983 = AXIS2_PLACEMENT_3D('',#16984,#16985,#16986);
#16984 = CARTESIAN_POINT('',(2.5,0.,0.));
#16985 = DIRECTION('',(-0.,0.,-1.));
#16986 = DIRECTION('',(-0.,-1.,0.));
#16987 = FACE_BOUND('',#16988,.F.);
#16988 = EDGE_LOOP('',(#16989));
#16989 = ORIENTED_EDGE('',*,*,#16990,.T.);
#16990 = EDGE_CURVE('',#16991,#16991,#16993,.T.);
#16991 = VERTEX_POINT('',#16992);
#16992 = CARTESIAN_POINT('',(5.,-0.475,0.));
#16993 = CIRCLE('',#16994,0.475);
#16994 = AXIS2_PLACEMENT_3D('',#16995,#16996,#16997);
#16995 = CARTESIAN_POINT('',(5.,-2.359223927328E-16,0.));
#16996 = DIRECTION('',(-0.,0.,-1.));
#16997 = DIRECTION('',(-0.,-1.,0.));
#16998 = FACE_BOUND('',#16999,.F.);
#16999 = EDGE_LOOP('',(#17000));
#17000 = ORIENTED_EDGE('',*,*,#17001,.T.);
#17001 = EDGE_CURVE('',#17002,#17002,#17004,.T.);
#17002 = VERTEX_POINT('',#17003);
#17003 = CARTESIAN_POINT('',(7.5,-0.475,0.));
#17004 = CIRCLE('',#17005,0.475);
#17005 = AXIS2_PLACEMENT_3D('',#17006,#17007,#17008);
#17006 = CARTESIAN_POINT('',(7.5,-2.359223927328E-16,0.));
#17007 = DIRECTION('',(-0.,0.,-1.));
#17008 = DIRECTION('',(-0.,-1.,0.));
#17009 = FACE_BOUND('',#17010,.F.);
#17010 = EDGE_LOOP('',(#17011));
#17011 = ORIENTED_EDGE('',*,*,#17012,.T.);
#17012 = EDGE_CURVE('',#17013,#17013,#17015,.T.);
#17013 = VERTEX_POINT('',#17014);
#17014 = CARTESIAN_POINT('',(10.,-0.475,0.));
#17015 = CIRCLE('',#17016,0.475);
#17016 = AXIS2_PLACEMENT_3D('',#17017,#17018,#17019);
#17017 = CARTESIAN_POINT('',(10.,6.106226635438E-16,0.));
#17018 = DIRECTION('',(-0.,0.,-1.));
#17019 = DIRECTION('',(-0.,-1.,0.));
#17020 = FACE_BOUND('',#17021,.F.);
#17021 = EDGE_LOOP('',(#17022));
#17022 = ORIENTED_EDGE('',*,*,#17023,.T.);
#17023 = EDGE_CURVE('',#17024,#17024,#17026,.T.);
#17024 = VERTEX_POINT('',#17025);
#17025 = CARTESIAN_POINT('',(12.5,-0.475,0.));
#17026 = CIRCLE('',#17027,0.475);
#17027 = AXIS2_PLACEMENT_3D('',#17028,#17029,#17030);
#17028 = CARTESIAN_POINT('',(12.5,6.106226635438E-16,0.));
#17029 = DIRECTION('',(-0.,0.,-1.));
#17030 = DIRECTION('',(-0.,-1.,0.));
#17031 = FACE_BOUND('',#17032,.F.);
#17032 = EDGE_LOOP('',(#17033));
#17033 = ORIENTED_EDGE('',*,*,#17034,.T.);
#17034 = EDGE_CURVE('',#17035,#17035,#17037,.T.);
#17035 = VERTEX_POINT('',#17036);
#17036 = CARTESIAN_POINT('',(15.,-0.475,0.));
#17037 = CIRCLE('',#17038,0.475);
#17038 = AXIS2_PLACEMENT_3D('',#17039,#17040,#17041);
#17039 = CARTESIAN_POINT('',(15.,6.106226635438E-16,0.));
#17040 = DIRECTION('',(-0.,0.,-1.));
#17041 = DIRECTION('',(-0.,-1.,0.));
#17042 = FACE_BOUND('',#17043,.F.);
#17043 = EDGE_LOOP('',(#17044));
#17044 = ORIENTED_EDGE('',*,*,#17045,.T.);
#17045 = EDGE_CURVE('',#17046,#17046,#17048,.T.);
#17046 = VERTEX_POINT('',#17047);
#17047 = CARTESIAN_POINT('',(17.5,-0.475,0.));
#17048 = CIRCLE('',#17049,0.475);
#17049 = AXIS2_PLACEMENT_3D('',#17050,#17051,#17052);
#17050 = CARTESIAN_POINT('',(17.5,1.415534356397E-15,0.));
#17051 = DIRECTION('',(-0.,0.,-1.));
#17052 = DIRECTION('',(-0.,-1.,0.));
#17053 = FACE_BOUND('',#17054,.F.);
#17054 = EDGE_LOOP('',(#17055));
#17055 = ORIENTED_EDGE('',*,*,#17056,.T.);
#17056 = EDGE_CURVE('',#17057,#17057,#17059,.T.);
#17057 = VERTEX_POINT('',#17058);
#17058 = CARTESIAN_POINT('',(20.,-0.475,0.));
#17059 = CIRCLE('',#17060,0.475);
#17060 = AXIS2_PLACEMENT_3D('',#17061,#17062,#17063);
#17061 = CARTESIAN_POINT('',(20.,1.415534356397E-15,0.));
#17062 = DIRECTION('',(-0.,0.,-1.));
#17063 = DIRECTION('',(-0.,-1.,0.));
#17064 = FACE_BOUND('',#17065,.F.);
#17065 = EDGE_LOOP('',(#17066));
#17066 = ORIENTED_EDGE('',*,*,#17067,.T.);
#17067 = EDGE_CURVE('',#17068,#17068,#17070,.T.);
#17068 = VERTEX_POINT('',#17069);
#17069 = CARTESIAN_POINT('',(22.5,-0.475,0.));
#17070 = CIRCLE('',#17071,0.475);
#17071 = AXIS2_PLACEMENT_3D('',#17072,#17073,#17074);
#17072 = CARTESIAN_POINT('',(22.5,1.415534356397E-15,0.));
#17073 = DIRECTION('',(-0.,0.,-1.));
#17074 = DIRECTION('',(-0.,-1.,0.));
#17075 = FACE_BOUND('',#17076,.F.);
#17076 = EDGE_LOOP('',(#17077));
#17077 = ORIENTED_EDGE('',*,*,#17078,.T.);
#17078 = EDGE_CURVE('',#17079,#17079,#17081,.T.);
#17079 = VERTEX_POINT('',#17080);
#17080 = CARTESIAN_POINT('',(25.,-0.475,0.));
#17081 = CIRCLE('',#17082,0.475);
#17082 = AXIS2_PLACEMENT_3D('',#17083,#17084,#17085);
#17083 = CARTESIAN_POINT('',(25.,1.415534356397E-15,0.));
#17084 = DIRECTION('',(-0.,0.,-1.));
#17085 = DIRECTION('',(-0.,-1.,0.));
#17086 = FACE_BOUND('',#17087,.F.);
#17087 = EDGE_LOOP('',(#17088));
#17088 = ORIENTED_EDGE('',*,*,#17089,.T.);
#17089 = EDGE_CURVE('',#17090,#17090,#17092,.T.);
#17090 = VERTEX_POINT('',#17091);
#17091 = CARTESIAN_POINT('',(27.5,-0.475,0.));
#17092 = CIRCLE('',#17093,0.475);
#17093 = AXIS2_PLACEMENT_3D('',#17094,#17095,#17096);
#17094 = CARTESIAN_POINT('',(27.5,1.415534356397E-15,0.));
#17095 = DIRECTION('',(-0.,0.,-1.));
#17096 = DIRECTION('',(-0.,-1.,0.));
#17097 = FACE_BOUND('',#17098,.F.);
#17098 = EDGE_LOOP('',(#17099));
#17099 = ORIENTED_EDGE('',*,*,#17100,.T.);
#17100 = EDGE_CURVE('',#17101,#17101,#17103,.T.);
#17101 = VERTEX_POINT('',#17102);
#17102 = CARTESIAN_POINT('',(30.,-0.475,0.));
#17103 = CIRCLE('',#17104,0.475);
#17104 = AXIS2_PLACEMENT_3D('',#17105,#17106,#17107);
#17105 = CARTESIAN_POINT('',(30.,1.415534356397E-15,0.));
#17106 = DIRECTION('',(-0.,0.,-1.));
#17107 = DIRECTION('',(-0.,-1.,0.));
#17108 = PLANE('',#17109);
#17109 = AXIS2_PLACEMENT_3D('',#17110,#17111,#17112);
#17110 = CARTESIAN_POINT('',(0.,0.,0.));
#17111 = DIRECTION('',(0.,0.,1.));
#17112 = DIRECTION('',(1.,0.,-0.));
#17113 = ADVANCED_FACE('',(#17114,#17125,#17136,#17147,#17158,#17169,
    #17180,#17191,#17202,#17213,#17224,#17235,#17246,#17257),#17268,.T.
  );
#17114 = FACE_BOUND('',#17115,.T.);
#17115 = EDGE_LOOP('',(#17116,#17117,#17118,#17124));
#17116 = ORIENTED_EDGE('',*,*,#16865,.F.);
#17117 = ORIENTED_EDGE('',*,*,#16905,.F.);
#17118 = ORIENTED_EDGE('',*,*,#17119,.F.);
#17119 = EDGE_CURVE('',#16928,#16898,#17120,.T.);
#17120 = LINE('',#17121,#17122);
#17121 = CARTESIAN_POINT('',(-4.95,4.85,1.51));
#17122 = VECTOR('',#17123,1.);
#17123 = DIRECTION('',(1.,0.,0.));
#17124 = ORIENTED_EDGE('',*,*,#16927,.F.);
#17125 = FACE_BOUND('',#17126,.T.);
#17126 = EDGE_LOOP('',(#17127));
#17127 = ORIENTED_EDGE('',*,*,#17128,.T.);
#17128 = EDGE_CURVE('',#17129,#17129,#17131,.T.);
#17129 = VERTEX_POINT('',#17130);
#17130 = CARTESIAN_POINT('',(-6.162975822039E-33,-0.475,1.51));
#17131 = CIRCLE('',#17132,0.475);
#17132 = AXIS2_PLACEMENT_3D('',#17133,#17134,#17135);
#17133 = CARTESIAN_POINT('',(-2.775557561563E-17,5.551115123126E-17,1.51
    ));
#17134 = DIRECTION('',(-0.,0.,-1.));
#17135 = DIRECTION('',(5.843279076975E-17,-1.,-0.));
#17136 = FACE_BOUND('',#17137,.T.);
#17137 = EDGE_LOOP('',(#17138));
#17138 = ORIENTED_EDGE('',*,*,#17139,.T.);
#17139 = EDGE_CURVE('',#17140,#17140,#17142,.T.);
#17140 = VERTEX_POINT('',#17141);
#17141 = CARTESIAN_POINT('',(2.5,-0.475,1.51));
#17142 = CIRCLE('',#17143,0.475);
#17143 = AXIS2_PLACEMENT_3D('',#17144,#17145,#17146);
#17144 = CARTESIAN_POINT('',(2.5,0.,1.51));
#17145 = DIRECTION('',(-0.,0.,-1.));
#17146 = DIRECTION('',(-0.,-1.,0.));
#17147 = FACE_BOUND('',#17148,.T.);
#17148 = EDGE_LOOP('',(#17149));
#17149 = ORIENTED_EDGE('',*,*,#17150,.T.);
#17150 = EDGE_CURVE('',#17151,#17151,#17153,.T.);
#17151 = VERTEX_POINT('',#17152);
#17152 = CARTESIAN_POINT('',(5.,-0.475,1.51));
#17153 = CIRCLE('',#17154,0.475);
#17154 = AXIS2_PLACEMENT_3D('',#17155,#17156,#17157);
#17155 = CARTESIAN_POINT('',(5.,-2.359223927328E-16,1.51));
#17156 = DIRECTION('',(-0.,0.,-1.));
#17157 = DIRECTION('',(-0.,-1.,0.));
#17158 = FACE_BOUND('',#17159,.T.);
#17159 = EDGE_LOOP('',(#17160));
#17160 = ORIENTED_EDGE('',*,*,#17161,.T.);
#17161 = EDGE_CURVE('',#17162,#17162,#17164,.T.);
#17162 = VERTEX_POINT('',#17163);
#17163 = CARTESIAN_POINT('',(7.5,-0.475,1.51));
#17164 = CIRCLE('',#17165,0.475);
#17165 = AXIS2_PLACEMENT_3D('',#17166,#17167,#17168);
#17166 = CARTESIAN_POINT('',(7.5,-2.359223927328E-16,1.51));
#17167 = DIRECTION('',(-0.,0.,-1.));
#17168 = DIRECTION('',(-0.,-1.,0.));
#17169 = FACE_BOUND('',#17170,.T.);
#17170 = EDGE_LOOP('',(#17171));
#17171 = ORIENTED_EDGE('',*,*,#17172,.T.);
#17172 = EDGE_CURVE('',#17173,#17173,#17175,.T.);
#17173 = VERTEX_POINT('',#17174);
#17174 = CARTESIAN_POINT('',(10.,-0.475,1.51));
#17175 = CIRCLE('',#17176,0.475);
#17176 = AXIS2_PLACEMENT_3D('',#17177,#17178,#17179);
#17177 = CARTESIAN_POINT('',(10.,6.106226635438E-16,1.51));
#17178 = DIRECTION('',(-0.,0.,-1.));
#17179 = DIRECTION('',(-0.,-1.,0.));
#17180 = FACE_BOUND('',#17181,.T.);
#17181 = EDGE_LOOP('',(#17182));
#17182 = ORIENTED_EDGE('',*,*,#17183,.T.);
#17183 = EDGE_CURVE('',#17184,#17184,#17186,.T.);
#17184 = VERTEX_POINT('',#17185);
#17185 = CARTESIAN_POINT('',(12.5,-0.475,1.51));
#17186 = CIRCLE('',#17187,0.475);
#17187 = AXIS2_PLACEMENT_3D('',#17188,#17189,#17190);
#17188 = CARTESIAN_POINT('',(12.5,6.106226635438E-16,1.51));
#17189 = DIRECTION('',(-0.,0.,-1.));
#17190 = DIRECTION('',(-0.,-1.,0.));
#17191 = FACE_BOUND('',#17192,.T.);
#17192 = EDGE_LOOP('',(#17193));
#17193 = ORIENTED_EDGE('',*,*,#17194,.T.);
#17194 = EDGE_CURVE('',#17195,#17195,#17197,.T.);
#17195 = VERTEX_POINT('',#17196);
#17196 = CARTESIAN_POINT('',(15.,-0.475,1.51));
#17197 = CIRCLE('',#17198,0.475);
#17198 = AXIS2_PLACEMENT_3D('',#17199,#17200,#17201);
#17199 = CARTESIAN_POINT('',(15.,6.106226635438E-16,1.51));
#17200 = DIRECTION('',(-0.,0.,-1.));
#17201 = DIRECTION('',(-0.,-1.,0.));
#17202 = FACE_BOUND('',#17203,.T.);
#17203 = EDGE_LOOP('',(#17204));
#17204 = ORIENTED_EDGE('',*,*,#17205,.T.);
#17205 = EDGE_CURVE('',#17206,#17206,#17208,.T.);
#17206 = VERTEX_POINT('',#17207);
#17207 = CARTESIAN_POINT('',(17.5,-0.475,1.51));
#17208 = CIRCLE('',#17209,0.475);
#17209 = AXIS2_PLACEMENT_3D('',#17210,#17211,#17212);
#17210 = CARTESIAN_POINT('',(17.5,1.415534356397E-15,1.51));
#17211 = DIRECTION('',(-0.,0.,-1.));
#17212 = DIRECTION('',(-0.,-1.,0.));
#17213 = FACE_BOUND('',#17214,.T.);
#17214 = EDGE_LOOP('',(#17215));
#17215 = ORIENTED_EDGE('',*,*,#17216,.T.);
#17216 = EDGE_CURVE('',#17217,#17217,#17219,.T.);
#17217 = VERTEX_POINT('',#17218);
#17218 = CARTESIAN_POINT('',(20.,-0.475,1.51));
#17219 = CIRCLE('',#17220,0.475);
#17220 = AXIS2_PLACEMENT_3D('',#17221,#17222,#17223);
#17221 = CARTESIAN_POINT('',(20.,1.415534356397E-15,1.51));
#17222 = DIRECTION('',(-0.,0.,-1.));
#17223 = DIRECTION('',(-0.,-1.,0.));
#17224 = FACE_BOUND('',#17225,.T.);
#17225 = EDGE_LOOP('',(#17226));
#17226 = ORIENTED_EDGE('',*,*,#17227,.T.);
#17227 = EDGE_CURVE('',#17228,#17228,#17230,.T.);
#17228 = VERTEX_POINT('',#17229);
#17229 = CARTESIAN_POINT('',(22.5,-0.475,1.51));
#17230 = CIRCLE('',#17231,0.475);
#17231 = AXIS2_PLACEMENT_3D('',#17232,#17233,#17234);
#17232 = CARTESIAN_POINT('',(22.5,1.415534356397E-15,1.51));
#17233 = DIRECTION('',(-0.,0.,-1.));
#17234 = DIRECTION('',(-0.,-1.,0.));
#17235 = FACE_BOUND('',#17236,.T.);
#17236 = EDGE_LOOP('',(#17237));
#17237 = ORIENTED_EDGE('',*,*,#17238,.T.);
#17238 = EDGE_CURVE('',#17239,#17239,#17241,.T.);
#17239 = VERTEX_POINT('',#17240);
#17240 = CARTESIAN_POINT('',(25.,-0.475,1.51));
#17241 = CIRCLE('',#17242,0.475);
#17242 = AXIS2_PLACEMENT_3D('',#17243,#17244,#17245);
#17243 = CARTESIAN_POINT('',(25.,1.415534356397E-15,1.51));
#17244 = DIRECTION('',(-0.,0.,-1.));
#17245 = DIRECTION('',(-0.,-1.,0.));
#17246 = FACE_BOUND('',#17247,.T.);
#17247 = EDGE_LOOP('',(#17248));
#17248 = ORIENTED_EDGE('',*,*,#17249,.T.);
#17249 = EDGE_CURVE('',#17250,#17250,#17252,.T.);
#17250 = VERTEX_POINT('',#17251);
#17251 = CARTESIAN_POINT('',(27.5,-0.475,1.51));
#17252 = CIRCLE('',#17253,0.475);
#17253 = AXIS2_PLACEMENT_3D('',#17254,#17255,#17256);
#17254 = CARTESIAN_POINT('',(27.5,1.415534356397E-15,1.51));
#17255 = DIRECTION('',(-0.,0.,-1.));
#17256 = DIRECTION('',(-0.,-1.,0.));
#17257 = FACE_BOUND('',#17258,.T.);
#17258 = EDGE_LOOP('',(#17259));
#17259 = ORIENTED_EDGE('',*,*,#17260,.T.);
#17260 = EDGE_CURVE('',#17261,#17261,#17263,.T.);
#17261 = VERTEX_POINT('',#17262);
#17262 = CARTESIAN_POINT('',(30.,-0.475,1.51));
#17263 = CIRCLE('',#17264,0.475);
#17264 = AXIS2_PLACEMENT_3D('',#17265,#17266,#17267);
#17265 = CARTESIAN_POINT('',(30.,1.415534356397E-15,1.51));
#17266 = DIRECTION('',(-0.,0.,-1.));
#17267 = DIRECTION('',(-0.,-1.,0.));
#17268 = PLANE('',#17269);
#17269 = AXIS2_PLACEMENT_3D('',#17270,#17271,#17272);
#17270 = CARTESIAN_POINT('',(0.,0.,1.51));
#17271 = DIRECTION('',(0.,0.,1.));
#17272 = DIRECTION('',(1.,0.,-0.));
#17273 = ADVANCED_FACE('',(#17274),#17280,.T.);
#17274 = FACE_BOUND('',#17275,.T.);
#17275 = EDGE_LOOP('',(#17276,#17277,#17278,#17279));
#17276 = ORIENTED_EDGE('',*,*,#16935,.T.);
#17277 = ORIENTED_EDGE('',*,*,#17119,.T.);
#17278 = ORIENTED_EDGE('',*,*,#16895,.F.);
#17279 = ORIENTED_EDGE('',*,*,#16959,.F.);
#17280 = PLANE('',#17281);
#17281 = AXIS2_PLACEMENT_3D('',#17282,#17283,#17284);
#17282 = CARTESIAN_POINT('',(-4.95,4.85,0.));
#17283 = DIRECTION('',(0.,1.,0.));
#17284 = DIRECTION('',(1.,0.,0.));
#17285 = ADVANCED_FACE('',(#17286),#17297,.F.);
#17286 = FACE_BOUND('',#17287,.T.);
#17287 = EDGE_LOOP('',(#17288,#17289,#17295,#17296));
#17288 = ORIENTED_EDGE('',*,*,#16968,.T.);
#17289 = ORIENTED_EDGE('',*,*,#17290,.T.);
#17290 = EDGE_CURVE('',#16969,#17129,#17291,.T.);
#17291 = LINE('',#17292,#17293);
#17292 = CARTESIAN_POINT('',(-6.162975822039E-33,-0.475,-4.6E-02));
#17293 = VECTOR('',#17294,1.);
#17294 = DIRECTION('',(0.,0.,1.));
#17295 = ORIENTED_EDGE('',*,*,#17128,.F.);
#17296 = ORIENTED_EDGE('',*,*,#17290,.F.);
#17297 = CYLINDRICAL_SURFACE('',#17298,0.475);
#17298 = AXIS2_PLACEMENT_3D('',#17299,#17300,#17301);
#17299 = CARTESIAN_POINT('',(-2.775557561563E-17,5.551115123126E-17,
    -4.6E-02));
#17300 = DIRECTION('',(-0.,0.,-1.));
#17301 = DIRECTION('',(5.843279076975E-17,-1.,-0.));
#17302 = ADVANCED_FACE('',(#17303),#17314,.F.);
#17303 = FACE_BOUND('',#17304,.T.);
#17304 = EDGE_LOOP('',(#17305,#17306,#17312,#17313));
#17305 = ORIENTED_EDGE('',*,*,#16979,.T.);
#17306 = ORIENTED_EDGE('',*,*,#17307,.T.);
#17307 = EDGE_CURVE('',#16980,#17140,#17308,.T.);
#17308 = LINE('',#17309,#17310);
#17309 = CARTESIAN_POINT('',(2.5,-0.475,-4.6E-02));
#17310 = VECTOR('',#17311,1.);
#17311 = DIRECTION('',(0.,0.,1.));
#17312 = ORIENTED_EDGE('',*,*,#17139,.F.);
#17313 = ORIENTED_EDGE('',*,*,#17307,.F.);
#17314 = CYLINDRICAL_SURFACE('',#17315,0.475);
#17315 = AXIS2_PLACEMENT_3D('',#17316,#17317,#17318);
#17316 = CARTESIAN_POINT('',(2.5,0.,-4.6E-02));
#17317 = DIRECTION('',(-0.,-0.,-1.));
#17318 = DIRECTION('',(-0.,-1.,0.));
#17319 = ADVANCED_FACE('',(#17320),#17331,.F.);
#17320 = FACE_BOUND('',#17321,.T.);
#17321 = EDGE_LOOP('',(#17322,#17323,#17329,#17330));
#17322 = ORIENTED_EDGE('',*,*,#16990,.T.);
#17323 = ORIENTED_EDGE('',*,*,#17324,.T.);
#17324 = EDGE_CURVE('',#16991,#17151,#17325,.T.);
#17325 = LINE('',#17326,#17327);
#17326 = CARTESIAN_POINT('',(5.,-0.475,-4.6E-02));
#17327 = VECTOR('',#17328,1.);
#17328 = DIRECTION('',(0.,0.,1.));
#17329 = ORIENTED_EDGE('',*,*,#17150,.F.);
#17330 = ORIENTED_EDGE('',*,*,#17324,.F.);
#17331 = CYLINDRICAL_SURFACE('',#17332,0.475);
#17332 = AXIS2_PLACEMENT_3D('',#17333,#17334,#17335);
#17333 = CARTESIAN_POINT('',(5.,-2.359223927328E-16,-4.6E-02));
#17334 = DIRECTION('',(-0.,-0.,-1.));
#17335 = DIRECTION('',(-0.,-1.,0.));
#17336 = ADVANCED_FACE('',(#17337),#17348,.F.);
#17337 = FACE_BOUND('',#17338,.T.);
#17338 = EDGE_LOOP('',(#17339,#17340,#17346,#17347));
#17339 = ORIENTED_EDGE('',*,*,#17001,.T.);
#17340 = ORIENTED_EDGE('',*,*,#17341,.T.);
#17341 = EDGE_CURVE('',#17002,#17162,#17342,.T.);
#17342 = LINE('',#17343,#17344);
#17343 = CARTESIAN_POINT('',(7.5,-0.475,-4.6E-02));
#17344 = VECTOR('',#17345,1.);
#17345 = DIRECTION('',(0.,0.,1.));
#17346 = ORIENTED_EDGE('',*,*,#17161,.F.);
#17347 = ORIENTED_EDGE('',*,*,#17341,.F.);
#17348 = CYLINDRICAL_SURFACE('',#17349,0.475);
#17349 = AXIS2_PLACEMENT_3D('',#17350,#17351,#17352);
#17350 = CARTESIAN_POINT('',(7.5,-2.359223927328E-16,-4.6E-02));
#17351 = DIRECTION('',(-0.,-0.,-1.));
#17352 = DIRECTION('',(-0.,-1.,0.));
#17353 = ADVANCED_FACE('',(#17354),#17365,.F.);
#17354 = FACE_BOUND('',#17355,.T.);
#17355 = EDGE_LOOP('',(#17356,#17357,#17363,#17364));
#17356 = ORIENTED_EDGE('',*,*,#17012,.T.);
#17357 = ORIENTED_EDGE('',*,*,#17358,.T.);
#17358 = EDGE_CURVE('',#17013,#17173,#17359,.T.);
#17359 = LINE('',#17360,#17361);
#17360 = CARTESIAN_POINT('',(10.,-0.475,-4.6E-02));
#17361 = VECTOR('',#17362,1.);
#17362 = DIRECTION('',(0.,0.,1.));
#17363 = ORIENTED_EDGE('',*,*,#17172,.F.);
#17364 = ORIENTED_EDGE('',*,*,#17358,.F.);
#17365 = CYLINDRICAL_SURFACE('',#17366,0.475);
#17366 = AXIS2_PLACEMENT_3D('',#17367,#17368,#17369);
#17367 = CARTESIAN_POINT('',(10.,6.106226635438E-16,-4.6E-02));
#17368 = DIRECTION('',(-0.,-0.,-1.));
#17369 = DIRECTION('',(-0.,-1.,0.));
#17370 = ADVANCED_FACE('',(#17371),#17382,.F.);
#17371 = FACE_BOUND('',#17372,.T.);
#17372 = EDGE_LOOP('',(#17373,#17374,#17380,#17381));
#17373 = ORIENTED_EDGE('',*,*,#17023,.T.);
#17374 = ORIENTED_EDGE('',*,*,#17375,.T.);
#17375 = EDGE_CURVE('',#17024,#17184,#17376,.T.);
#17376 = LINE('',#17377,#17378);
#17377 = CARTESIAN_POINT('',(12.5,-0.475,-4.6E-02));
#17378 = VECTOR('',#17379,1.);
#17379 = DIRECTION('',(0.,0.,1.));
#17380 = ORIENTED_EDGE('',*,*,#17183,.F.);
#17381 = ORIENTED_EDGE('',*,*,#17375,.F.);
#17382 = CYLINDRICAL_SURFACE('',#17383,0.475);
#17383 = AXIS2_PLACEMENT_3D('',#17384,#17385,#17386);
#17384 = CARTESIAN_POINT('',(12.5,6.106226635438E-16,-4.6E-02));
#17385 = DIRECTION('',(-0.,-0.,-1.));
#17386 = DIRECTION('',(-0.,-1.,0.));
#17387 = ADVANCED_FACE('',(#17388),#17399,.F.);
#17388 = FACE_BOUND('',#17389,.T.);
#17389 = EDGE_LOOP('',(#17390,#17391,#17397,#17398));
#17390 = ORIENTED_EDGE('',*,*,#17034,.T.);
#17391 = ORIENTED_EDGE('',*,*,#17392,.T.);
#17392 = EDGE_CURVE('',#17035,#17195,#17393,.T.);
#17393 = LINE('',#17394,#17395);
#17394 = CARTESIAN_POINT('',(15.,-0.475,-4.6E-02));
#17395 = VECTOR('',#17396,1.);
#17396 = DIRECTION('',(0.,0.,1.));
#17397 = ORIENTED_EDGE('',*,*,#17194,.F.);
#17398 = ORIENTED_EDGE('',*,*,#17392,.F.);
#17399 = CYLINDRICAL_SURFACE('',#17400,0.475);
#17400 = AXIS2_PLACEMENT_3D('',#17401,#17402,#17403);
#17401 = CARTESIAN_POINT('',(15.,6.106226635438E-16,-4.6E-02));
#17402 = DIRECTION('',(-0.,-0.,-1.));
#17403 = DIRECTION('',(-0.,-1.,0.));
#17404 = ADVANCED_FACE('',(#17405),#17416,.F.);
#17405 = FACE_BOUND('',#17406,.T.);
#17406 = EDGE_LOOP('',(#17407,#17408,#17414,#17415));
#17407 = ORIENTED_EDGE('',*,*,#17045,.T.);
#17408 = ORIENTED_EDGE('',*,*,#17409,.T.);
#17409 = EDGE_CURVE('',#17046,#17206,#17410,.T.);
#17410 = LINE('',#17411,#17412);
#17411 = CARTESIAN_POINT('',(17.5,-0.475,-4.6E-02));
#17412 = VECTOR('',#17413,1.);
#17413 = DIRECTION('',(0.,0.,1.));
#17414 = ORIENTED_EDGE('',*,*,#17205,.F.);
#17415 = ORIENTED_EDGE('',*,*,#17409,.F.);
#17416 = CYLINDRICAL_SURFACE('',#17417,0.475);
#17417 = AXIS2_PLACEMENT_3D('',#17418,#17419,#17420);
#17418 = CARTESIAN_POINT('',(17.5,1.415534356397E-15,-4.6E-02));
#17419 = DIRECTION('',(-0.,-0.,-1.));
#17420 = DIRECTION('',(-0.,-1.,0.));
#17421 = ADVANCED_FACE('',(#17422),#17433,.F.);
#17422 = FACE_BOUND('',#17423,.T.);
#17423 = EDGE_LOOP('',(#17424,#17425,#17431,#17432));
#17424 = ORIENTED_EDGE('',*,*,#17056,.T.);
#17425 = ORIENTED_EDGE('',*,*,#17426,.T.);
#17426 = EDGE_CURVE('',#17057,#17217,#17427,.T.);
#17427 = LINE('',#17428,#17429);
#17428 = CARTESIAN_POINT('',(20.,-0.475,-4.6E-02));
#17429 = VECTOR('',#17430,1.);
#17430 = DIRECTION('',(0.,0.,1.));
#17431 = ORIENTED_EDGE('',*,*,#17216,.F.);
#17432 = ORIENTED_EDGE('',*,*,#17426,.F.);
#17433 = CYLINDRICAL_SURFACE('',#17434,0.475);
#17434 = AXIS2_PLACEMENT_3D('',#17435,#17436,#17437);
#17435 = CARTESIAN_POINT('',(20.,1.415534356397E-15,-4.6E-02));
#17436 = DIRECTION('',(-0.,-0.,-1.));
#17437 = DIRECTION('',(-0.,-1.,0.));
#17438 = ADVANCED_FACE('',(#17439),#17450,.F.);
#17439 = FACE_BOUND('',#17440,.T.);
#17440 = EDGE_LOOP('',(#17441,#17442,#17448,#17449));
#17441 = ORIENTED_EDGE('',*,*,#17067,.T.);
#17442 = ORIENTED_EDGE('',*,*,#17443,.T.);
#17443 = EDGE_CURVE('',#17068,#17228,#17444,.T.);
#17444 = LINE('',#17445,#17446);
#17445 = CARTESIAN_POINT('',(22.5,-0.475,-4.6E-02));
#17446 = VECTOR('',#17447,1.);
#17447 = DIRECTION('',(0.,0.,1.));
#17448 = ORIENTED_EDGE('',*,*,#17227,.F.);
#17449 = ORIENTED_EDGE('',*,*,#17443,.F.);
#17450 = CYLINDRICAL_SURFACE('',#17451,0.475);
#17451 = AXIS2_PLACEMENT_3D('',#17452,#17453,#17454);
#17452 = CARTESIAN_POINT('',(22.5,1.415534356397E-15,-4.6E-02));
#17453 = DIRECTION('',(-0.,-0.,-1.));
#17454 = DIRECTION('',(-0.,-1.,0.));
#17455 = ADVANCED_FACE('',(#17456),#17467,.F.);
#17456 = FACE_BOUND('',#17457,.T.);
#17457 = EDGE_LOOP('',(#17458,#17459,#17465,#17466));
#17458 = ORIENTED_EDGE('',*,*,#17078,.T.);
#17459 = ORIENTED_EDGE('',*,*,#17460,.T.);
#17460 = EDGE_CURVE('',#17079,#17239,#17461,.T.);
#17461 = LINE('',#17462,#17463);
#17462 = CARTESIAN_POINT('',(25.,-0.475,-4.6E-02));
#17463 = VECTOR('',#17464,1.);
#17464 = DIRECTION('',(0.,0.,1.));
#17465 = ORIENTED_EDGE('',*,*,#17238,.F.);
#17466 = ORIENTED_EDGE('',*,*,#17460,.F.);
#17467 = CYLINDRICAL_SURFACE('',#17468,0.475);
#17468 = AXIS2_PLACEMENT_3D('',#17469,#17470,#17471);
#17469 = CARTESIAN_POINT('',(25.,1.415534356397E-15,-4.6E-02));
#17470 = DIRECTION('',(-0.,-0.,-1.));
#17471 = DIRECTION('',(-0.,-1.,0.));
#17472 = ADVANCED_FACE('',(#17473),#17484,.F.);
#17473 = FACE_BOUND('',#17474,.T.);
#17474 = EDGE_LOOP('',(#17475,#17476,#17482,#17483));
#17475 = ORIENTED_EDGE('',*,*,#17089,.T.);
#17476 = ORIENTED_EDGE('',*,*,#17477,.T.);
#17477 = EDGE_CURVE('',#17090,#17250,#17478,.T.);
#17478 = LINE('',#17479,#17480);
#17479 = CARTESIAN_POINT('',(27.5,-0.475,-4.6E-02));
#17480 = VECTOR('',#17481,1.);
#17481 = DIRECTION('',(0.,0.,1.));
#17482 = ORIENTED_EDGE('',*,*,#17249,.F.);
#17483 = ORIENTED_EDGE('',*,*,#17477,.F.);
#17484 = CYLINDRICAL_SURFACE('',#17485,0.475);
#17485 = AXIS2_PLACEMENT_3D('',#17486,#17487,#17488);
#17486 = CARTESIAN_POINT('',(27.5,1.415534356397E-15,-4.6E-02));
#17487 = DIRECTION('',(-0.,-0.,-1.));
#17488 = DIRECTION('',(-0.,-1.,0.));
#17489 = ADVANCED_FACE('',(#17490),#17501,.F.);
#17490 = FACE_BOUND('',#17491,.T.);
#17491 = EDGE_LOOP('',(#17492,#17493,#17499,#17500));
#17492 = ORIENTED_EDGE('',*,*,#17100,.T.);
#17493 = ORIENTED_EDGE('',*,*,#17494,.T.);
#17494 = EDGE_CURVE('',#17101,#17261,#17495,.T.);
#17495 = LINE('',#17496,#17497);
#17496 = CARTESIAN_POINT('',(30.,-0.475,-4.6E-02));
#17497 = VECTOR('',#17498,1.);
#17498 = DIRECTION('',(0.,0.,1.));
#17499 = ORIENTED_EDGE('',*,*,#17260,.F.);
#17500 = ORIENTED_EDGE('',*,*,#17494,.F.);
#17501 = CYLINDRICAL_SURFACE('',#17502,0.475);
#17502 = AXIS2_PLACEMENT_3D('',#17503,#17504,#17505);
#17503 = CARTESIAN_POINT('',(30.,1.415534356397E-15,-4.6E-02));
#17504 = DIRECTION('',(-0.,-0.,-1.));
#17505 = DIRECTION('',(-0.,-1.,0.));
#17506 = ( GEOMETRIC_REPRESENTATION_CONTEXT(3) 
GLOBAL_UNCERTAINTY_ASSIGNED_CONTEXT((#17510)) 
GLOBAL_UNIT_ASSIGNED_CONTEXT((#17507,#17508,#17509)) 
REPRESENTATION_CONTEXT('Context #1',
  '3D Context with UNIT and UNCERTAINTY') );
#17507 = ( LENGTH_UNIT() NAMED_UNIT(*) SI_UNIT(.MILLI.,.METRE.) );
#17508 = ( NAMED_UNIT(*) PLANE_ANGLE_UNIT() SI_UNIT($,.RADIAN.) );
#17509 = ( NAMED_UNIT(*) SI_UNIT($,.STERADIAN.) SOLID_ANGLE_UNIT() );
#17510 = UNCERTAINTY_MEASURE_WITH_UNIT(LENGTH_MEASURE(1.E-07),#17507,
  'distance_accuracy_value','confusion accuracy');
#17511 = CONTEXT_DEPENDENT_SHAPE_REPRESENTATION(#17512,#17514);
#17512 = ( REPRESENTATION_RELATIONSHIP('','',#16848,#10) 
REPRESENTATION_RELATIONSHIP_WITH_TRANSFORMATION(#17513) 
SHAPE_REPRESENTATION_RELATIONSHIP() );
#17513 = ITEM_DEFINED_TRANSFORMATION('','',#11,#23);
#17514 = PRODUCT_DEFINITION_SHAPE('Placement','Placement of an item',
  #17515);
#17515 = NEXT_ASSEMBLY_USAGE_OCCURRENCE('4','=>[0:1:1:5]','',#5,#16843,$
  );
#17516 = PRODUCT_RELATED_PRODUCT_CATEGORY('part',$,(#16845));
#17517 = MECHANICAL_DESIGN_GEOMETRIC_PRESENTATION_REPRESENTATION('',(
    #17518,#17526,#17533,#17540,#17547,#17554,#17561,#17568,#17575,
    #17582,#17589,#17596,#17603,#17610,#17617,#17624,#17631,#17638,
    #17645,#17652,#17659,#17666,#17673,#17680,#17687,#17694,#17701,
    #17708,#17715,#17722,#17729,#17736,#17743,#17750,#17757,#17764,
    #17771,#17778,#17785),#16830);
#17518 = STYLED_ITEM('color',(#17519),#10344);
#17519 = PRESENTATION_STYLE_ASSIGNMENT((#17520));
#17520 = SURFACE_STYLE_USAGE(.BOTH.,#17521);
#17521 = SURFACE_SIDE_STYLE('',(#17522));
#17522 = SURFACE_STYLE_FILL_AREA(#17523);
#17523 = FILL_AREA_STYLE('',(#17524));
#17524 = FILL_AREA_STYLE_COLOUR('',#17525);
#17525 = COLOUR_RGB('',0.735356983052,0.735356983052,0.735356983052);
#17526 = STYLED_ITEM('color',(#17527),#10673);
#17527 = PRESENTATION_STYLE_ASSIGNMENT((#17528));
#17528 = SURFACE_STYLE_USAGE(.BOTH.,#17529);
#17529 = SURFACE_SIDE_STYLE('',(#17530));
#17530 = SURFACE_STYLE_FILL_AREA(#17531);
#17531 = FILL_AREA_STYLE('',(#17532));
#17532 = FILL_AREA_STYLE_COLOUR('',#17525);
#17533 = STYLED_ITEM('color',(#17534),#11002);
#17534 = PRESENTATION_STYLE_ASSIGNMENT((#17535));
#17535 = SURFACE_STYLE_USAGE(.BOTH.,#17536);
#17536 = SURFACE_SIDE_STYLE('',(#17537));
#17537 = SURFACE_STYLE_FILL_AREA(#17538);
#17538 = FILL_AREA_STYLE('',(#17539));
#17539 = FILL_AREA_STYLE_COLOUR('',#17525);
#17540 = STYLED_ITEM('color',(#17541),#11094);
#17541 = PRESENTATION_STYLE_ASSIGNMENT((#17542));
#17542 = SURFACE_STYLE_USAGE(.BOTH.,#17543);
#17543 = SURFACE_SIDE_STYLE('',(#17544));
#17544 = SURFACE_STYLE_FILL_AREA(#17545);
#17545 = FILL_AREA_STYLE('',(#17546));
#17546 = FILL_AREA_STYLE_COLOUR('',#17525);
#17547 = STYLED_ITEM('color',(#17548),#11287);
#17548 = PRESENTATION_STYLE_ASSIGNMENT((#17549));
#17549 = SURFACE_STYLE_USAGE(.BOTH.,#17550);
#17550 = SURFACE_SIDE_STYLE('',(#17551));
#17551 = SURFACE_STYLE_FILL_AREA(#17552);
#17552 = FILL_AREA_STYLE('',(#17553));
#17553 = FILL_AREA_STYLE_COLOUR('',#17525);
#17554 = STYLED_ITEM('color',(#17555),#11480);
#17555 = PRESENTATION_STYLE_ASSIGNMENT((#17556));
#17556 = SURFACE_STYLE_USAGE(.BOTH.,#17557);
#17557 = SURFACE_SIDE_STYLE('',(#17558));
#17558 = SURFACE_STYLE_FILL_AREA(#17559);
#17559 = FILL_AREA_STYLE('',(#17560));
#17560 = FILL_AREA_STYLE_COLOUR('',#17525);
#17561 = STYLED_ITEM('color',(#17562),#11572);
#17562 = PRESENTATION_STYLE_ASSIGNMENT((#17563));
#17563 = SURFACE_STYLE_USAGE(.BOTH.,#17564);
#17564 = SURFACE_SIDE_STYLE('',(#17565));
#17565 = SURFACE_STYLE_FILL_AREA(#17566);
#17566 = FILL_AREA_STYLE('',(#17567));
#17567 = FILL_AREA_STYLE_COLOUR('',#17525);
#17568 = STYLED_ITEM('color',(#17569),#11765);
#17569 = PRESENTATION_STYLE_ASSIGNMENT((#17570));
#17570 = SURFACE_STYLE_USAGE(.BOTH.,#17571);
#17571 = SURFACE_SIDE_STYLE('',(#17572));
#17572 = SURFACE_STYLE_FILL_AREA(#17573);
#17573 = FILL_AREA_STYLE('',(#17574));
#17574 = FILL_AREA_STYLE_COLOUR('',#17525);
#17575 = STYLED_ITEM('color',(#17576),#11958);
#17576 = PRESENTATION_STYLE_ASSIGNMENT((#17577));
#17577 = SURFACE_STYLE_USAGE(.BOTH.,#17578);
#17578 = SURFACE_SIDE_STYLE('',(#17579));
#17579 = SURFACE_STYLE_FILL_AREA(#17580);
#17580 = FILL_AREA_STYLE('',(#17581));
#17581 = FILL_AREA_STYLE_COLOUR('',#17525);
#17582 = STYLED_ITEM('color',(#17583),#12050);
#17583 = PRESENTATION_STYLE_ASSIGNMENT((#17584));
#17584 = SURFACE_STYLE_USAGE(.BOTH.,#17585);
#17585 = SURFACE_SIDE_STYLE('',(#17586));
#17586 = SURFACE_STYLE_FILL_AREA(#17587);
#17587 = FILL_AREA_STYLE('',(#17588));
#17588 = FILL_AREA_STYLE_COLOUR('',#17525);
#17589 = STYLED_ITEM('color',(#17590),#12243);
#17590 = PRESENTATION_STYLE_ASSIGNMENT((#17591));
#17591 = SURFACE_STYLE_USAGE(.BOTH.,#17592);
#17592 = SURFACE_SIDE_STYLE('',(#17593));
#17593 = SURFACE_STYLE_FILL_AREA(#17594);
#17594 = FILL_AREA_STYLE('',(#17595));
#17595 = FILL_AREA_STYLE_COLOUR('',#17525);
#17596 = STYLED_ITEM('color',(#17597),#12436);
#17597 = PRESENTATION_STYLE_ASSIGNMENT((#17598));
#17598 = SURFACE_STYLE_USAGE(.BOTH.,#17599);
#17599 = SURFACE_SIDE_STYLE('',(#17600));
#17600 = SURFACE_STYLE_FILL_AREA(#17601);
#17601 = FILL_AREA_STYLE('',(#17602));
#17602 = FILL_AREA_STYLE_COLOUR('',#17525);
#17603 = STYLED_ITEM('color',(#17604),#12528);
#17604 = PRESENTATION_STYLE_ASSIGNMENT((#17605));
#17605 = SURFACE_STYLE_USAGE(.BOTH.,#17606);
#17606 = SURFACE_SIDE_STYLE('',(#17607));
#17607 = SURFACE_STYLE_FILL_AREA(#17608);
#17608 = FILL_AREA_STYLE('',(#17609));
#17609 = FILL_AREA_STYLE_COLOUR('',#17525);
#17610 = STYLED_ITEM('color',(#17611),#12721);
#17611 = PRESENTATION_STYLE_ASSIGNMENT((#17612));
#17612 = SURFACE_STYLE_USAGE(.BOTH.,#17613);
#17613 = SURFACE_SIDE_STYLE('',(#17614));
#17614 = SURFACE_STYLE_FILL_AREA(#17615);
#17615 = FILL_AREA_STYLE('',(#17616));
#17616 = FILL_AREA_STYLE_COLOUR('',#17525);
#17617 = STYLED_ITEM('color',(#17618),#12914);
#17618 = PRESENTATION_STYLE_ASSIGNMENT((#17619));
#17619 = SURFACE_STYLE_USAGE(.BOTH.,#17620);
#17620 = SURFACE_SIDE_STYLE('',(#17621));
#17621 = SURFACE_STYLE_FILL_AREA(#17622);
#17622 = FILL_AREA_STYLE('',(#17623));
#17623 = FILL_AREA_STYLE_COLOUR('',#17525);
#17624 = STYLED_ITEM('color',(#17625),#13006);
#17625 = PRESENTATION_STYLE_ASSIGNMENT((#17626));
#17626 = SURFACE_STYLE_USAGE(.BOTH.,#17627);
#17627 = SURFACE_SIDE_STYLE('',(#17628));
#17628 = SURFACE_STYLE_FILL_AREA(#17629);
#17629 = FILL_AREA_STYLE('',(#17630));
#17630 = FILL_AREA_STYLE_COLOUR('',#17525);
#17631 = STYLED_ITEM('color',(#17632),#13199);
#17632 = PRESENTATION_STYLE_ASSIGNMENT((#17633));
#17633 = SURFACE_STYLE_USAGE(.BOTH.,#17634);
#17634 = SURFACE_SIDE_STYLE('',(#17635));
#17635 = SURFACE_STYLE_FILL_AREA(#17636);
#17636 = FILL_AREA_STYLE('',(#17637));
#17637 = FILL_AREA_STYLE_COLOUR('',#17525);
#17638 = STYLED_ITEM('color',(#17639),#13392);
#17639 = PRESENTATION_STYLE_ASSIGNMENT((#17640));
#17640 = SURFACE_STYLE_USAGE(.BOTH.,#17641);
#17641 = SURFACE_SIDE_STYLE('',(#17642));
#17642 = SURFACE_STYLE_FILL_AREA(#17643);
#17643 = FILL_AREA_STYLE('',(#17644));
#17644 = FILL_AREA_STYLE_COLOUR('',#17525);
#17645 = STYLED_ITEM('color',(#17646),#13484);
#17646 = PRESENTATION_STYLE_ASSIGNMENT((#17647));
#17647 = SURFACE_STYLE_USAGE(.BOTH.,#17648);
#17648 = SURFACE_SIDE_STYLE('',(#17649));
#17649 = SURFACE_STYLE_FILL_AREA(#17650);
#17650 = FILL_AREA_STYLE('',(#17651));
#17651 = FILL_AREA_STYLE_COLOUR('',#17525);
#17652 = STYLED_ITEM('color',(#17653),#13677);
#17653 = PRESENTATION_STYLE_ASSIGNMENT((#17654));
#17654 = SURFACE_STYLE_USAGE(.BOTH.,#17655);
#17655 = SURFACE_SIDE_STYLE('',(#17656));
#17656 = SURFACE_STYLE_FILL_AREA(#17657);
#17657 = FILL_AREA_STYLE('',(#17658));
#17658 = FILL_AREA_STYLE_COLOUR('',#17525);
#17659 = STYLED_ITEM('color',(#17660),#13870);
#17660 = PRESENTATION_STYLE_ASSIGNMENT((#17661));
#17661 = SURFACE_STYLE_USAGE(.BOTH.,#17662);
#17662 = SURFACE_SIDE_STYLE('',(#17663));
#17663 = SURFACE_STYLE_FILL_AREA(#17664);
#17664 = FILL_AREA_STYLE('',(#17665));
#17665 = FILL_AREA_STYLE_COLOUR('',#17525);
#17666 = STYLED_ITEM('color',(#17667),#13962);
#17667 = PRESENTATION_STYLE_ASSIGNMENT((#17668));
#17668 = SURFACE_STYLE_USAGE(.BOTH.,#17669);
#17669 = SURFACE_SIDE_STYLE('',(#17670));
#17670 = SURFACE_STYLE_FILL_AREA(#17671);
#17671 = FILL_AREA_STYLE('',(#17672));
#17672 = FILL_AREA_STYLE_COLOUR('',#17525);
#17673 = STYLED_ITEM('color',(#17674),#14155);
#17674 = PRESENTATION_STYLE_ASSIGNMENT((#17675));
#17675 = SURFACE_STYLE_USAGE(.BOTH.,#17676);
#17676 = SURFACE_SIDE_STYLE('',(#17677));
#17677 = SURFACE_STYLE_FILL_AREA(#17678);
#17678 = FILL_AREA_STYLE('',(#17679));
#17679 = FILL_AREA_STYLE_COLOUR('',#17525);
#17680 = STYLED_ITEM('color',(#17681),#14348);
#17681 = PRESENTATION_STYLE_ASSIGNMENT((#17682));
#17682 = SURFACE_STYLE_USAGE(.BOTH.,#17683);
#17683 = SURFACE_SIDE_STYLE('',(#17684));
#17684 = SURFACE_STYLE_FILL_AREA(#17685);
#17685 = FILL_AREA_STYLE('',(#17686));
#17686 = FILL_AREA_STYLE_COLOUR('',#17525);
#17687 = STYLED_ITEM('color',(#17688),#14440);
#17688 = PRESENTATION_STYLE_ASSIGNMENT((#17689));
#17689 = SURFACE_STYLE_USAGE(.BOTH.,#17690);
#17690 = SURFACE_SIDE_STYLE('',(#17691));
#17691 = SURFACE_STYLE_FILL_AREA(#17692);
#17692 = FILL_AREA_STYLE('',(#17693));
#17693 = FILL_AREA_STYLE_COLOUR('',#17525);
#17694 = STYLED_ITEM('color',(#17695),#14633);
#17695 = PRESENTATION_STYLE_ASSIGNMENT((#17696));
#17696 = SURFACE_STYLE_USAGE(.BOTH.,#17697);
#17697 = SURFACE_SIDE_STYLE('',(#17698));
#17698 = SURFACE_STYLE_FILL_AREA(#17699);
#17699 = FILL_AREA_STYLE('',(#17700));
#17700 = FILL_AREA_STYLE_COLOUR('',#17525);
#17701 = STYLED_ITEM('color',(#17702),#14826);
#17702 = PRESENTATION_STYLE_ASSIGNMENT((#17703));
#17703 = SURFACE_STYLE_USAGE(.BOTH.,#17704);
#17704 = SURFACE_SIDE_STYLE('',(#17705));
#17705 = SURFACE_STYLE_FILL_AREA(#17706);
#17706 = FILL_AREA_STYLE('',(#17707));
#17707 = FILL_AREA_STYLE_COLOUR('',#17525);
#17708 = STYLED_ITEM('color',(#17709),#14918);
#17709 = PRESENTATION_STYLE_ASSIGNMENT((#17710));
#17710 = SURFACE_STYLE_USAGE(.BOTH.,#17711);
#17711 = SURFACE_SIDE_STYLE('',(#17712));
#17712 = SURFACE_STYLE_FILL_AREA(#17713);
#17713 = FILL_AREA_STYLE('',(#17714));
#17714 = FILL_AREA_STYLE_COLOUR('',#17525);
#17715 = STYLED_ITEM('color',(#17716),#15111);
#17716 = PRESENTATION_STYLE_ASSIGNMENT((#17717));
#17717 = SURFACE_STYLE_USAGE(.BOTH.,#17718);
#17718 = SURFACE_SIDE_STYLE('',(#17719));
#17719 = SURFACE_STYLE_FILL_AREA(#17720);
#17720 = FILL_AREA_STYLE('',(#17721));
#17721 = FILL_AREA_STYLE_COLOUR('',#17525);
#17722 = STYLED_ITEM('color',(#17723),#15304);
#17723 = PRESENTATION_STYLE_ASSIGNMENT((#17724));
#17724 = SURFACE_STYLE_USAGE(.BOTH.,#17725);
#17725 = SURFACE_SIDE_STYLE('',(#17726));
#17726 = SURFACE_STYLE_FILL_AREA(#17727);
#17727 = FILL_AREA_STYLE('',(#17728));
#17728 = FILL_AREA_STYLE_COLOUR('',#17525);
#17729 = STYLED_ITEM('color',(#17730),#15396);
#17730 = PRESENTATION_STYLE_ASSIGNMENT((#17731));
#17731 = SURFACE_STYLE_USAGE(.BOTH.,#17732);
#17732 = SURFACE_SIDE_STYLE('',(#17733));
#17733 = SURFACE_STYLE_FILL_AREA(#17734);
#17734 = FILL_AREA_STYLE('',(#17735));
#17735 = FILL_AREA_STYLE_COLOUR('',#17525);
#17736 = STYLED_ITEM('color',(#17737),#15589);
#17737 = PRESENTATION_STYLE_ASSIGNMENT((#17738));
#17738 = SURFACE_STYLE_USAGE(.BOTH.,#17739);
#17739 = SURFACE_SIDE_STYLE('',(#17740));
#17740 = SURFACE_STYLE_FILL_AREA(#17741);
#17741 = FILL_AREA_STYLE('',(#17742));
#17742 = FILL_AREA_STYLE_COLOUR('',#17525);
#17743 = STYLED_ITEM('color',(#17744),#15782);
#17744 = PRESENTATION_STYLE_ASSIGNMENT((#17745));
#17745 = SURFACE_STYLE_USAGE(.BOTH.,#17746);
#17746 = SURFACE_SIDE_STYLE('',(#17747));
#17747 = SURFACE_STYLE_FILL_AREA(#17748);
#17748 = FILL_AREA_STYLE('',(#17749));
#17749 = FILL_AREA_STYLE_COLOUR('',#17525);
#17750 = STYLED_ITEM('color',(#17751),#15874);
#17751 = PRESENTATION_STYLE_ASSIGNMENT((#17752));
#17752 = SURFACE_STYLE_USAGE(.BOTH.,#17753);
#17753 = SURFACE_SIDE_STYLE('',(#17754));
#17754 = SURFACE_STYLE_FILL_AREA(#17755);
#17755 = FILL_AREA_STYLE('',(#17756));
#17756 = FILL_AREA_STYLE_COLOUR('',#17525);
#17757 = STYLED_ITEM('color',(#17758),#16067);
#17758 = PRESENTATION_STYLE_ASSIGNMENT((#17759));
#17759 = SURFACE_STYLE_USAGE(.BOTH.,#17760);
#17760 = SURFACE_SIDE_STYLE('',(#17761));
#17761 = SURFACE_STYLE_FILL_AREA(#17762);
#17762 = FILL_AREA_STYLE('',(#17763));
#17763 = FILL_AREA_STYLE_COLOUR('',#17525);
#17764 = STYLED_ITEM('color',(#17765),#16260);
#17765 = PRESENTATION_STYLE_ASSIGNMENT((#17766));
#17766 = SURFACE_STYLE_USAGE(.BOTH.,#17767);
#17767 = SURFACE_SIDE_STYLE('',(#17768));
#17768 = SURFACE_STYLE_FILL_AREA(#17769);
#17769 = FILL_AREA_STYLE('',(#17770));
#17770 = FILL_AREA_STYLE_COLOUR('',#17525);
#17771 = STYLED_ITEM('color',(#17772),#16352);
#17772 = PRESENTATION_STYLE_ASSIGNMENT((#17773));
#17773 = SURFACE_STYLE_USAGE(.BOTH.,#17774);
#17774 = SURFACE_SIDE_STYLE('',(#17775));
#17775 = SURFACE_STYLE_FILL_AREA(#17776);
#17776 = FILL_AREA_STYLE('',(#17777));
#17777 = FILL_AREA_STYLE_COLOUR('',#17525);
#17778 = STYLED_ITEM('color',(#17779),#16545);
#17779 = PRESENTATION_STYLE_ASSIGNMENT((#17780));
#17780 = SURFACE_STYLE_USAGE(.BOTH.,#17781);
#17781 = SURFACE_SIDE_STYLE('',(#17782));
#17782 = SURFACE_STYLE_FILL_AREA(#17783);
#17783 = FILL_AREA_STYLE('',(#17784));
#17784 = FILL_AREA_STYLE_COLOUR('',#17525);
#17785 = STYLED_ITEM('color',(#17786),#16738);
#17786 = PRESENTATION_STYLE_ASSIGNMENT((#17787));
#17787 = SURFACE_STYLE_USAGE(.BOTH.,#17788);
#17788 = SURFACE_SIDE_STYLE('',(#17789));
#17789 = SURFACE_STYLE_FILL_AREA(#17790);
#17790 = FILL_AREA_STYLE('',(#17791));
#17791 = FILL_AREA_STYLE_COLOUR('',#17525);
#17792 = MECHANICAL_DESIGN_GEOMETRIC_PRESENTATION_REPRESENTATION('',(
    #17793,#17801,#17808,#17815,#17822,#17829,#17836,#17843,#17850,
    #17857,#17864,#17871,#17878,#17885,#17892,#17899,#17906,#17913,
    #17920,#17927,#17934,#17941,#17948,#17955,#17962,#17969,#17976,
    #17983,#17990,#17997,#18004,#18011,#18018,#18025,#18032,#18039,
    #18046,#18053,#18060,#18067,#18074,#18081,#18088,#18095,#18102,
    #18109,#18116,#18123,#18130,#18137,#18144,#18151,#18158,#18165,
    #18172,#18179,#18186,#18193,#18200,#18207,#18214,#18221,#18228,
    #18235,#18242,#18249,#18256,#18263,#18270,#18277,#18284,#18291,
    #18298,#18305,#18312,#18319,#18326,#18333,#18340,#18347,#18354,
    #18361,#18368,#18375,#18382,#18389,#18396,#18403,#18410,#18417,
    #18424,#18431,#18438,#18445,#18452,#18459,#18466,#18473,#18480,
    #18487,#18494,#18501,#18508,#18515,#18522,#18529,#18536,#18543,
    #18550,#18557,#18564,#18571,#18578,#18585,#18592,#18599,#18607,
    #18614,#18621,#18628,#18635,#18642,#18649,#18656,#18663,#18670,
    #18677,#18684,#18691,#18698,#18705,#18712,#18719,#18726,#18733,
    #18740,#18747,#18754,#18761,#18768,#18775,#18782,#18789,#18796,
    #18803,#18810,#18817,#18824,#18831,#18838,#18845,#18852,#18859,
    #18866,#18873,#18880,#18887,#18894,#18901,#18908,#18915,#18922,
    #18929,#18936,#18943,#18950,#18957,#18964,#18971,#18978,#18985,
    #18992,#18999,#19006,#19013,#19020,#19027,#19034,#19041,#19048,
    #19055,#19062,#19069,#19076,#19083,#19090,#19097,#19104,#19111,
    #19118,#19125,#19132,#19139,#19146,#19153,#19160,#19167,#19174,
    #19181,#19188,#19195,#19202,#19209,#19216,#19223,#19230,#19237,
    #19244,#19251,#19258,#19265,#19272,#19279,#19286,#19293,#19300,
    #19307,#19314,#19321,#19328,#19335,#19342,#19349,#19356,#19363,
    #19370,#19377,#19384,#19391,#19398,#19405,#19412,#19419,#19426,
    #19433,#19440,#19447,#19454,#19461,#19468,#19475,#19482,#19489,
    #19496,#19503,#19510,#19517,#19524,#19531,#19538,#19545,#19552,
    #19559,#19566,#19573,#19580,#19587,#19594,#19601,#19608,#19615,
    #19622,#19629,#19636,#19643,#19650,#19657,#19664,#19671,#19678,
    #19685,#19692,#19699,#19706,#19713,#19720,#19727,#19734,#19741,
    #19748,#19755,#19762,#19769,#19776,#19783,#19790,#19797,#19804,
    #19811,#19818,#19825,#19832,#19839,#19846,#19853,#19860,#19867,
    #19874,#19881,#19888,#19895,#19902,#19909,#19916,#19923,#19930,
    #19937,#19944,#19951,#19958,#19965,#19972,#19979,#19986,#19993,
    #20000,#20007,#20014,#20021,#20028,#20035,#20042,#20049,#20056,
    #20063,#20070,#20077,#20084,#20091,#20098,#20105,#20112,#20119,
    #20126,#20133,#20140,#20147,#20154,#20161,#20168,#20175,#20182,
    #20189,#20196,#20203,#20210,#20217,#20224,#20231,#20238,#20245,
    #20252,#20259,#20266,#20273,#20280,#20287),#10325);
#17793 = STYLED_ITEM('color',(#17794),#66);
#17794 = PRESENTATION_STYLE_ASSIGNMENT((#17795));
#17795 = SURFACE_STYLE_USAGE(.BOTH.,#17796);
#17796 = SURFACE_SIDE_STYLE('',(#17797));
#17797 = SURFACE_STYLE_FILL_AREA(#17798);
#17798 = FILL_AREA_STYLE('',(#17799));
#17799 = FILL_AREA_STYLE_COLOUR('',#17800);
#17800 = COLOUR_RGB('',0.894117649055,0.890196087049,0.811764731185);
#17801 = STYLED_ITEM('color',(#17802),#138);
#17802 = PRESENTATION_STYLE_ASSIGNMENT((#17803));
#17803 = SURFACE_STYLE_USAGE(.BOTH.,#17804);
#17804 = SURFACE_SIDE_STYLE('',(#17805));
#17805 = SURFACE_STYLE_FILL_AREA(#17806);
#17806 = FILL_AREA_STYLE('',(#17807));
#17807 = FILL_AREA_STYLE_COLOUR('',#17800);
#17808 = STYLED_ITEM('color',(#17809),#177);
#17809 = PRESENTATION_STYLE_ASSIGNMENT((#17810));
#17810 = SURFACE_STYLE_USAGE(.BOTH.,#17811);
#17811 = SURFACE_SIDE_STYLE('',(#17812));
#17812 = SURFACE_STYLE_FILL_AREA(#17813);
#17813 = FILL_AREA_STYLE('',(#17814));
#17814 = FILL_AREA_STYLE_COLOUR('',#17800);
#17815 = STYLED_ITEM('color',(#17816),#201);
#17816 = PRESENTATION_STYLE_ASSIGNMENT((#17817));
#17817 = SURFACE_STYLE_USAGE(.BOTH.,#17818);
#17818 = SURFACE_SIDE_STYLE('',(#17819));
#17819 = SURFACE_STYLE_FILL_AREA(#17820);
#17820 = FILL_AREA_STYLE('',(#17821));
#17821 = FILL_AREA_STYLE_COLOUR('',#17800);
#17822 = STYLED_ITEM('color',(#17823),#266);
#17823 = PRESENTATION_STYLE_ASSIGNMENT((#17824));
#17824 = SURFACE_STYLE_USAGE(.BOTH.,#17825);
#17825 = SURFACE_SIDE_STYLE('',(#17826));
#17826 = SURFACE_STYLE_FILL_AREA(#17827);
#17827 = FILL_AREA_STYLE('',(#17828));
#17828 = FILL_AREA_STYLE_COLOUR('',#17800);
#17829 = STYLED_ITEM('color',(#17830),#290);
#17830 = PRESENTATION_STYLE_ASSIGNMENT((#17831));
#17831 = SURFACE_STYLE_USAGE(.BOTH.,#17832);
#17832 = SURFACE_SIDE_STYLE('',(#17833));
#17833 = SURFACE_STYLE_FILL_AREA(#17834);
#17834 = FILL_AREA_STYLE('',(#17835));
#17835 = FILL_AREA_STYLE_COLOUR('',#17800);
#17836 = STYLED_ITEM('color',(#17837),#730);
#17837 = PRESENTATION_STYLE_ASSIGNMENT((#17838));
#17838 = SURFACE_STYLE_USAGE(.BOTH.,#17839);
#17839 = SURFACE_SIDE_STYLE('',(#17840));
#17840 = SURFACE_STYLE_FILL_AREA(#17841);
#17841 = FILL_AREA_STYLE('',(#17842));
#17842 = FILL_AREA_STYLE_COLOUR('',#17800);
#17843 = STYLED_ITEM('color',(#17844),#754);
#17844 = PRESENTATION_STYLE_ASSIGNMENT((#17845));
#17845 = SURFACE_STYLE_USAGE(.BOTH.,#17846);
#17846 = SURFACE_SIDE_STYLE('',(#17847));
#17847 = SURFACE_STYLE_FILL_AREA(#17848);
#17848 = FILL_AREA_STYLE('',(#17849));
#17849 = FILL_AREA_STYLE_COLOUR('',#17800);
#17850 = STYLED_ITEM('color',(#17851),#819);
#17851 = PRESENTATION_STYLE_ASSIGNMENT((#17852));
#17852 = SURFACE_STYLE_USAGE(.BOTH.,#17853);
#17853 = SURFACE_SIDE_STYLE('',(#17854));
#17854 = SURFACE_STYLE_FILL_AREA(#17855);
#17855 = FILL_AREA_STYLE('',(#17856));
#17856 = FILL_AREA_STYLE_COLOUR('',#17800);
#17857 = STYLED_ITEM('color',(#17858),#844);
#17858 = PRESENTATION_STYLE_ASSIGNMENT((#17859));
#17859 = SURFACE_STYLE_USAGE(.BOTH.,#17860);
#17860 = SURFACE_SIDE_STYLE('',(#17861));
#17861 = SURFACE_STYLE_FILL_AREA(#17862);
#17862 = FILL_AREA_STYLE('',(#17863));
#17863 = FILL_AREA_STYLE_COLOUR('',#17800);
#17864 = STYLED_ITEM('color',(#17865),#893);
#17865 = PRESENTATION_STYLE_ASSIGNMENT((#17866));
#17866 = SURFACE_STYLE_USAGE(.BOTH.,#17867);
#17867 = SURFACE_SIDE_STYLE('',(#17868));
#17868 = SURFACE_STYLE_FILL_AREA(#17869);
#17869 = FILL_AREA_STYLE('',(#17870));
#17870 = FILL_AREA_STYLE_COLOUR('',#17800);
#17871 = STYLED_ITEM('color',(#17872),#910);
#17872 = PRESENTATION_STYLE_ASSIGNMENT((#17873));
#17873 = SURFACE_STYLE_USAGE(.BOTH.,#17874);
#17874 = SURFACE_SIDE_STYLE('',(#17875));
#17875 = SURFACE_STYLE_FILL_AREA(#17876);
#17876 = FILL_AREA_STYLE('',(#17877));
#17877 = FILL_AREA_STYLE_COLOUR('',#17800);
#17878 = STYLED_ITEM('color',(#17879),#934);
#17879 = PRESENTATION_STYLE_ASSIGNMENT((#17880));
#17880 = SURFACE_STYLE_USAGE(.BOTH.,#17881);
#17881 = SURFACE_SIDE_STYLE('',(#17882));
#17882 = SURFACE_STYLE_FILL_AREA(#17883);
#17883 = FILL_AREA_STYLE('',(#17884));
#17884 = FILL_AREA_STYLE_COLOUR('',#17800);
#17885 = STYLED_ITEM('color',(#17886),#951);
#17886 = PRESENTATION_STYLE_ASSIGNMENT((#17887));
#17887 = SURFACE_STYLE_USAGE(.BOTH.,#17888);
#17888 = SURFACE_SIDE_STYLE('',(#17889));
#17889 = SURFACE_STYLE_FILL_AREA(#17890);
#17890 = FILL_AREA_STYLE('',(#17891));
#17891 = FILL_AREA_STYLE_COLOUR('',#17800);
#17892 = STYLED_ITEM('color',(#17893),#1121);
#17893 = PRESENTATION_STYLE_ASSIGNMENT((#17894));
#17894 = SURFACE_STYLE_USAGE(.BOTH.,#17895);
#17895 = SURFACE_SIDE_STYLE('',(#17896));
#17896 = SURFACE_STYLE_FILL_AREA(#17897);
#17897 = FILL_AREA_STYLE('',(#17898));
#17898 = FILL_AREA_STYLE_COLOUR('',#17800);
#17899 = STYLED_ITEM('color',(#17900),#1145);
#17900 = PRESENTATION_STYLE_ASSIGNMENT((#17901));
#17901 = SURFACE_STYLE_USAGE(.BOTH.,#17902);
#17902 = SURFACE_SIDE_STYLE('',(#17903));
#17903 = SURFACE_STYLE_FILL_AREA(#17904);
#17904 = FILL_AREA_STYLE('',(#17905));
#17905 = FILL_AREA_STYLE_COLOUR('',#17800);
#17906 = STYLED_ITEM('color',(#17907),#1699);
#17907 = PRESENTATION_STYLE_ASSIGNMENT((#17908));
#17908 = SURFACE_STYLE_USAGE(.BOTH.,#17909);
#17909 = SURFACE_SIDE_STYLE('',(#17910));
#17910 = SURFACE_STYLE_FILL_AREA(#17911);
#17911 = FILL_AREA_STYLE('',(#17912));
#17912 = FILL_AREA_STYLE_COLOUR('',#17800);
#17913 = STYLED_ITEM('color',(#17914),#1723);
#17914 = PRESENTATION_STYLE_ASSIGNMENT((#17915));
#17915 = SURFACE_STYLE_USAGE(.BOTH.,#17916);
#17916 = SURFACE_SIDE_STYLE('',(#17917));
#17917 = SURFACE_STYLE_FILL_AREA(#17918);
#17918 = FILL_AREA_STYLE('',(#17919));
#17919 = FILL_AREA_STYLE_COLOUR('',#17800);
#17920 = STYLED_ITEM('color',(#17921),#1756);
#17921 = PRESENTATION_STYLE_ASSIGNMENT((#17922));
#17922 = SURFACE_STYLE_USAGE(.BOTH.,#17923);
#17923 = SURFACE_SIDE_STYLE('',(#17924));
#17924 = SURFACE_STYLE_FILL_AREA(#17925);
#17925 = FILL_AREA_STYLE('',(#17926));
#17926 = FILL_AREA_STYLE_COLOUR('',#17800);
#17927 = STYLED_ITEM('color',(#17928),#1780);
#17928 = PRESENTATION_STYLE_ASSIGNMENT((#17929));
#17929 = SURFACE_STYLE_USAGE(.BOTH.,#17930);
#17930 = SURFACE_SIDE_STYLE('',(#17931));
#17931 = SURFACE_STYLE_FILL_AREA(#17932);
#17932 = FILL_AREA_STYLE('',(#17933));
#17933 = FILL_AREA_STYLE_COLOUR('',#17800);
#17934 = STYLED_ITEM('color',(#17935),#1811);
#17935 = PRESENTATION_STYLE_ASSIGNMENT((#17936));
#17936 = SURFACE_STYLE_USAGE(.BOTH.,#17937);
#17937 = SURFACE_SIDE_STYLE('',(#17938));
#17938 = SURFACE_STYLE_FILL_AREA(#17939);
#17939 = FILL_AREA_STYLE('',(#17940));
#17940 = FILL_AREA_STYLE_COLOUR('',#17800);
#17941 = STYLED_ITEM('color',(#17942),#1828);
#17942 = PRESENTATION_STYLE_ASSIGNMENT((#17943));
#17943 = SURFACE_STYLE_USAGE(.BOTH.,#17944);
#17944 = SURFACE_SIDE_STYLE('',(#17945));
#17945 = SURFACE_STYLE_FILL_AREA(#17946);
#17946 = FILL_AREA_STYLE('',(#17947));
#17947 = FILL_AREA_STYLE_COLOUR('',#17800);
#17948 = STYLED_ITEM('color',(#17949),#1861);
#17949 = PRESENTATION_STYLE_ASSIGNMENT((#17950));
#17950 = SURFACE_STYLE_USAGE(.BOTH.,#17951);
#17951 = SURFACE_SIDE_STYLE('',(#17952));
#17952 = SURFACE_STYLE_FILL_AREA(#17953);
#17953 = FILL_AREA_STYLE('',(#17954));
#17954 = FILL_AREA_STYLE_COLOUR('',#17800);
#17955 = STYLED_ITEM('color',(#17956),#1885);
#17956 = PRESENTATION_STYLE_ASSIGNMENT((#17957));
#17957 = SURFACE_STYLE_USAGE(.BOTH.,#17958);
#17958 = SURFACE_SIDE_STYLE('',(#17959));
#17959 = SURFACE_STYLE_FILL_AREA(#17960);
#17960 = FILL_AREA_STYLE('',(#17961));
#17961 = FILL_AREA_STYLE_COLOUR('',#17800);
#17962 = STYLED_ITEM('color',(#17963),#1916);
#17963 = PRESENTATION_STYLE_ASSIGNMENT((#17964));
#17964 = SURFACE_STYLE_USAGE(.BOTH.,#17965);
#17965 = SURFACE_SIDE_STYLE('',(#17966));
#17966 = SURFACE_STYLE_FILL_AREA(#17967);
#17967 = FILL_AREA_STYLE('',(#17968));
#17968 = FILL_AREA_STYLE_COLOUR('',#17800);
#17969 = STYLED_ITEM('color',(#17970),#1933);
#17970 = PRESENTATION_STYLE_ASSIGNMENT((#17971));
#17971 = SURFACE_STYLE_USAGE(.BOTH.,#17972);
#17972 = SURFACE_SIDE_STYLE('',(#17973));
#17973 = SURFACE_STYLE_FILL_AREA(#17974);
#17974 = FILL_AREA_STYLE('',(#17975));
#17975 = FILL_AREA_STYLE_COLOUR('',#17800);
#17976 = STYLED_ITEM('color',(#17977),#1966);
#17977 = PRESENTATION_STYLE_ASSIGNMENT((#17978));
#17978 = SURFACE_STYLE_USAGE(.BOTH.,#17979);
#17979 = SURFACE_SIDE_STYLE('',(#17980));
#17980 = SURFACE_STYLE_FILL_AREA(#17981);
#17981 = FILL_AREA_STYLE('',(#17982));
#17982 = FILL_AREA_STYLE_COLOUR('',#17800);
#17983 = STYLED_ITEM('color',(#17984),#1990);
#17984 = PRESENTATION_STYLE_ASSIGNMENT((#17985));
#17985 = SURFACE_STYLE_USAGE(.BOTH.,#17986);
#17986 = SURFACE_SIDE_STYLE('',(#17987));
#17987 = SURFACE_STYLE_FILL_AREA(#17988);
#17988 = FILL_AREA_STYLE('',(#17989));
#17989 = FILL_AREA_STYLE_COLOUR('',#17800);
#17990 = STYLED_ITEM('color',(#17991),#2021);
#17991 = PRESENTATION_STYLE_ASSIGNMENT((#17992));
#17992 = SURFACE_STYLE_USAGE(.BOTH.,#17993);
#17993 = SURFACE_SIDE_STYLE('',(#17994));
#17994 = SURFACE_STYLE_FILL_AREA(#17995);
#17995 = FILL_AREA_STYLE('',(#17996));
#17996 = FILL_AREA_STYLE_COLOUR('',#17800);
#17997 = STYLED_ITEM('color',(#17998),#2038);
#17998 = PRESENTATION_STYLE_ASSIGNMENT((#17999));
#17999 = SURFACE_STYLE_USAGE(.BOTH.,#18000);
#18000 = SURFACE_SIDE_STYLE('',(#18001));
#18001 = SURFACE_STYLE_FILL_AREA(#18002);
#18002 = FILL_AREA_STYLE('',(#18003));
#18003 = FILL_AREA_STYLE_COLOUR('',#17800);
#18004 = STYLED_ITEM('color',(#18005),#2071);
#18005 = PRESENTATION_STYLE_ASSIGNMENT((#18006));
#18006 = SURFACE_STYLE_USAGE(.BOTH.,#18007);
#18007 = SURFACE_SIDE_STYLE('',(#18008));
#18008 = SURFACE_STYLE_FILL_AREA(#18009);
#18009 = FILL_AREA_STYLE('',(#18010));
#18010 = FILL_AREA_STYLE_COLOUR('',#17800);
#18011 = STYLED_ITEM('color',(#18012),#2095);
#18012 = PRESENTATION_STYLE_ASSIGNMENT((#18013));
#18013 = SURFACE_STYLE_USAGE(.BOTH.,#18014);
#18014 = SURFACE_SIDE_STYLE('',(#18015));
#18015 = SURFACE_STYLE_FILL_AREA(#18016);
#18016 = FILL_AREA_STYLE('',(#18017));
#18017 = FILL_AREA_STYLE_COLOUR('',#17800);
#18018 = STYLED_ITEM('color',(#18019),#2126);
#18019 = PRESENTATION_STYLE_ASSIGNMENT((#18020));
#18020 = SURFACE_STYLE_USAGE(.BOTH.,#18021);
#18021 = SURFACE_SIDE_STYLE('',(#18022));
#18022 = SURFACE_STYLE_FILL_AREA(#18023);
#18023 = FILL_AREA_STYLE('',(#18024));
#18024 = FILL_AREA_STYLE_COLOUR('',#17800);
#18025 = STYLED_ITEM('color',(#18026),#2143);
#18026 = PRESENTATION_STYLE_ASSIGNMENT((#18027));
#18027 = SURFACE_STYLE_USAGE(.BOTH.,#18028);
#18028 = SURFACE_SIDE_STYLE('',(#18029));
#18029 = SURFACE_STYLE_FILL_AREA(#18030);
#18030 = FILL_AREA_STYLE('',(#18031));
#18031 = FILL_AREA_STYLE_COLOUR('',#17800);
#18032 = STYLED_ITEM('color',(#18033),#2176);
#18033 = PRESENTATION_STYLE_ASSIGNMENT((#18034));
#18034 = SURFACE_STYLE_USAGE(.BOTH.,#18035);
#18035 = SURFACE_SIDE_STYLE('',(#18036));
#18036 = SURFACE_STYLE_FILL_AREA(#18037);
#18037 = FILL_AREA_STYLE('',(#18038));
#18038 = FILL_AREA_STYLE_COLOUR('',#17800);
#18039 = STYLED_ITEM('color',(#18040),#2200);
#18040 = PRESENTATION_STYLE_ASSIGNMENT((#18041));
#18041 = SURFACE_STYLE_USAGE(.BOTH.,#18042);
#18042 = SURFACE_SIDE_STYLE('',(#18043));
#18043 = SURFACE_STYLE_FILL_AREA(#18044);
#18044 = FILL_AREA_STYLE('',(#18045));
#18045 = FILL_AREA_STYLE_COLOUR('',#17800);
#18046 = STYLED_ITEM('color',(#18047),#2231);
#18047 = PRESENTATION_STYLE_ASSIGNMENT((#18048));
#18048 = SURFACE_STYLE_USAGE(.BOTH.,#18049);
#18049 = SURFACE_SIDE_STYLE('',(#18050));
#18050 = SURFACE_STYLE_FILL_AREA(#18051);
#18051 = FILL_AREA_STYLE('',(#18052));
#18052 = FILL_AREA_STYLE_COLOUR('',#17800);
#18053 = STYLED_ITEM('color',(#18054),#2248);
#18054 = PRESENTATION_STYLE_ASSIGNMENT((#18055));
#18055 = SURFACE_STYLE_USAGE(.BOTH.,#18056);
#18056 = SURFACE_SIDE_STYLE('',(#18057));
#18057 = SURFACE_STYLE_FILL_AREA(#18058);
#18058 = FILL_AREA_STYLE('',(#18059));
#18059 = FILL_AREA_STYLE_COLOUR('',#17800);
#18060 = STYLED_ITEM('color',(#18061),#2281);
#18061 = PRESENTATION_STYLE_ASSIGNMENT((#18062));
#18062 = SURFACE_STYLE_USAGE(.BOTH.,#18063);
#18063 = SURFACE_SIDE_STYLE('',(#18064));
#18064 = SURFACE_STYLE_FILL_AREA(#18065);
#18065 = FILL_AREA_STYLE('',(#18066));
#18066 = FILL_AREA_STYLE_COLOUR('',#17800);
#18067 = STYLED_ITEM('color',(#18068),#2305);
#18068 = PRESENTATION_STYLE_ASSIGNMENT((#18069));
#18069 = SURFACE_STYLE_USAGE(.BOTH.,#18070);
#18070 = SURFACE_SIDE_STYLE('',(#18071));
#18071 = SURFACE_STYLE_FILL_AREA(#18072);
#18072 = FILL_AREA_STYLE('',(#18073));
#18073 = FILL_AREA_STYLE_COLOUR('',#17800);
#18074 = STYLED_ITEM('color',(#18075),#2336);
#18075 = PRESENTATION_STYLE_ASSIGNMENT((#18076));
#18076 = SURFACE_STYLE_USAGE(.BOTH.,#18077);
#18077 = SURFACE_SIDE_STYLE('',(#18078));
#18078 = SURFACE_STYLE_FILL_AREA(#18079);
#18079 = FILL_AREA_STYLE('',(#18080));
#18080 = FILL_AREA_STYLE_COLOUR('',#17800);
#18081 = STYLED_ITEM('color',(#18082),#2353);
#18082 = PRESENTATION_STYLE_ASSIGNMENT((#18083));
#18083 = SURFACE_STYLE_USAGE(.BOTH.,#18084);
#18084 = SURFACE_SIDE_STYLE('',(#18085));
#18085 = SURFACE_STYLE_FILL_AREA(#18086);
#18086 = FILL_AREA_STYLE('',(#18087));
#18087 = FILL_AREA_STYLE_COLOUR('',#17800);
#18088 = STYLED_ITEM('color',(#18089),#2386);
#18089 = PRESENTATION_STYLE_ASSIGNMENT((#18090));
#18090 = SURFACE_STYLE_USAGE(.BOTH.,#18091);
#18091 = SURFACE_SIDE_STYLE('',(#18092));
#18092 = SURFACE_STYLE_FILL_AREA(#18093);
#18093 = FILL_AREA_STYLE('',(#18094));
#18094 = FILL_AREA_STYLE_COLOUR('',#17800);
#18095 = STYLED_ITEM('color',(#18096),#2410);
#18096 = PRESENTATION_STYLE_ASSIGNMENT((#18097));
#18097 = SURFACE_STYLE_USAGE(.BOTH.,#18098);
#18098 = SURFACE_SIDE_STYLE('',(#18099));
#18099 = SURFACE_STYLE_FILL_AREA(#18100);
#18100 = FILL_AREA_STYLE('',(#18101));
#18101 = FILL_AREA_STYLE_COLOUR('',#17800);
#18102 = STYLED_ITEM('color',(#18103),#2441);
#18103 = PRESENTATION_STYLE_ASSIGNMENT((#18104));
#18104 = SURFACE_STYLE_USAGE(.BOTH.,#18105);
#18105 = SURFACE_SIDE_STYLE('',(#18106));
#18106 = SURFACE_STYLE_FILL_AREA(#18107);
#18107 = FILL_AREA_STYLE('',(#18108));
#18108 = FILL_AREA_STYLE_COLOUR('',#17800);
#18109 = STYLED_ITEM('color',(#18110),#2458);
#18110 = PRESENTATION_STYLE_ASSIGNMENT((#18111));
#18111 = SURFACE_STYLE_USAGE(.BOTH.,#18112);
#18112 = SURFACE_SIDE_STYLE('',(#18113));
#18113 = SURFACE_STYLE_FILL_AREA(#18114);
#18114 = FILL_AREA_STYLE('',(#18115));
#18115 = FILL_AREA_STYLE_COLOUR('',#17800);
#18116 = STYLED_ITEM('color',(#18117),#2491);
#18117 = PRESENTATION_STYLE_ASSIGNMENT((#18118));
#18118 = SURFACE_STYLE_USAGE(.BOTH.,#18119);
#18119 = SURFACE_SIDE_STYLE('',(#18120));
#18120 = SURFACE_STYLE_FILL_AREA(#18121);
#18121 = FILL_AREA_STYLE('',(#18122));
#18122 = FILL_AREA_STYLE_COLOUR('',#17800);
#18123 = STYLED_ITEM('color',(#18124),#2515);
#18124 = PRESENTATION_STYLE_ASSIGNMENT((#18125));
#18125 = SURFACE_STYLE_USAGE(.BOTH.,#18126);
#18126 = SURFACE_SIDE_STYLE('',(#18127));
#18127 = SURFACE_STYLE_FILL_AREA(#18128);
#18128 = FILL_AREA_STYLE('',(#18129));
#18129 = FILL_AREA_STYLE_COLOUR('',#17800);
#18130 = STYLED_ITEM('color',(#18131),#2546);
#18131 = PRESENTATION_STYLE_ASSIGNMENT((#18132));
#18132 = SURFACE_STYLE_USAGE(.BOTH.,#18133);
#18133 = SURFACE_SIDE_STYLE('',(#18134));
#18134 = SURFACE_STYLE_FILL_AREA(#18135);
#18135 = FILL_AREA_STYLE('',(#18136));
#18136 = FILL_AREA_STYLE_COLOUR('',#17800);
#18137 = STYLED_ITEM('color',(#18138),#2563);
#18138 = PRESENTATION_STYLE_ASSIGNMENT((#18139));
#18139 = SURFACE_STYLE_USAGE(.BOTH.,#18140);
#18140 = SURFACE_SIDE_STYLE('',(#18141));
#18141 = SURFACE_STYLE_FILL_AREA(#18142);
#18142 = FILL_AREA_STYLE('',(#18143));
#18143 = FILL_AREA_STYLE_COLOUR('',#17800);
#18144 = STYLED_ITEM('color',(#18145),#2596);
#18145 = PRESENTATION_STYLE_ASSIGNMENT((#18146));
#18146 = SURFACE_STYLE_USAGE(.BOTH.,#18147);
#18147 = SURFACE_SIDE_STYLE('',(#18148));
#18148 = SURFACE_STYLE_FILL_AREA(#18149);
#18149 = FILL_AREA_STYLE('',(#18150));
#18150 = FILL_AREA_STYLE_COLOUR('',#17800);
#18151 = STYLED_ITEM('color',(#18152),#2620);
#18152 = PRESENTATION_STYLE_ASSIGNMENT((#18153));
#18153 = SURFACE_STYLE_USAGE(.BOTH.,#18154);
#18154 = SURFACE_SIDE_STYLE('',(#18155));
#18155 = SURFACE_STYLE_FILL_AREA(#18156);
#18156 = FILL_AREA_STYLE('',(#18157));
#18157 = FILL_AREA_STYLE_COLOUR('',#17800);
#18158 = STYLED_ITEM('color',(#18159),#2651);
#18159 = PRESENTATION_STYLE_ASSIGNMENT((#18160));
#18160 = SURFACE_STYLE_USAGE(.BOTH.,#18161);
#18161 = SURFACE_SIDE_STYLE('',(#18162));
#18162 = SURFACE_STYLE_FILL_AREA(#18163);
#18163 = FILL_AREA_STYLE('',(#18164));
#18164 = FILL_AREA_STYLE_COLOUR('',#17800);
#18165 = STYLED_ITEM('color',(#18166),#2668);
#18166 = PRESENTATION_STYLE_ASSIGNMENT((#18167));
#18167 = SURFACE_STYLE_USAGE(.BOTH.,#18168);
#18168 = SURFACE_SIDE_STYLE('',(#18169));
#18169 = SURFACE_STYLE_FILL_AREA(#18170);
#18170 = FILL_AREA_STYLE('',(#18171));
#18171 = FILL_AREA_STYLE_COLOUR('',#17800);
#18172 = STYLED_ITEM('color',(#18173),#2701);
#18173 = PRESENTATION_STYLE_ASSIGNMENT((#18174));
#18174 = SURFACE_STYLE_USAGE(.BOTH.,#18175);
#18175 = SURFACE_SIDE_STYLE('',(#18176));
#18176 = SURFACE_STYLE_FILL_AREA(#18177);
#18177 = FILL_AREA_STYLE('',(#18178));
#18178 = FILL_AREA_STYLE_COLOUR('',#17800);
#18179 = STYLED_ITEM('color',(#18180),#2725);
#18180 = PRESENTATION_STYLE_ASSIGNMENT((#18181));
#18181 = SURFACE_STYLE_USAGE(.BOTH.,#18182);
#18182 = SURFACE_SIDE_STYLE('',(#18183));
#18183 = SURFACE_STYLE_FILL_AREA(#18184);
#18184 = FILL_AREA_STYLE('',(#18185));
#18185 = FILL_AREA_STYLE_COLOUR('',#17800);
#18186 = STYLED_ITEM('color',(#18187),#2756);
#18187 = PRESENTATION_STYLE_ASSIGNMENT((#18188));
#18188 = SURFACE_STYLE_USAGE(.BOTH.,#18189);
#18189 = SURFACE_SIDE_STYLE('',(#18190));
#18190 = SURFACE_STYLE_FILL_AREA(#18191);
#18191 = FILL_AREA_STYLE('',(#18192));
#18192 = FILL_AREA_STYLE_COLOUR('',#17800);
#18193 = STYLED_ITEM('color',(#18194),#2773);
#18194 = PRESENTATION_STYLE_ASSIGNMENT((#18195));
#18195 = SURFACE_STYLE_USAGE(.BOTH.,#18196);
#18196 = SURFACE_SIDE_STYLE('',(#18197));
#18197 = SURFACE_STYLE_FILL_AREA(#18198);
#18198 = FILL_AREA_STYLE('',(#18199));
#18199 = FILL_AREA_STYLE_COLOUR('',#17800);
#18200 = STYLED_ITEM('color',(#18201),#2806);
#18201 = PRESENTATION_STYLE_ASSIGNMENT((#18202));
#18202 = SURFACE_STYLE_USAGE(.BOTH.,#18203);
#18203 = SURFACE_SIDE_STYLE('',(#18204));
#18204 = SURFACE_STYLE_FILL_AREA(#18205);
#18205 = FILL_AREA_STYLE('',(#18206));
#18206 = FILL_AREA_STYLE_COLOUR('',#17800);
#18207 = STYLED_ITEM('color',(#18208),#2830);
#18208 = PRESENTATION_STYLE_ASSIGNMENT((#18209));
#18209 = SURFACE_STYLE_USAGE(.BOTH.,#18210);
#18210 = SURFACE_SIDE_STYLE('',(#18211));
#18211 = SURFACE_STYLE_FILL_AREA(#18212);
#18212 = FILL_AREA_STYLE('',(#18213));
#18213 = FILL_AREA_STYLE_COLOUR('',#17800);
#18214 = STYLED_ITEM('color',(#18215),#2861);
#18215 = PRESENTATION_STYLE_ASSIGNMENT((#18216));
#18216 = SURFACE_STYLE_USAGE(.BOTH.,#18217);
#18217 = SURFACE_SIDE_STYLE('',(#18218));
#18218 = SURFACE_STYLE_FILL_AREA(#18219);
#18219 = FILL_AREA_STYLE('',(#18220));
#18220 = FILL_AREA_STYLE_COLOUR('',#17800);
#18221 = STYLED_ITEM('color',(#18222),#2878);
#18222 = PRESENTATION_STYLE_ASSIGNMENT((#18223));
#18223 = SURFACE_STYLE_USAGE(.BOTH.,#18224);
#18224 = SURFACE_SIDE_STYLE('',(#18225));
#18225 = SURFACE_STYLE_FILL_AREA(#18226);
#18226 = FILL_AREA_STYLE('',(#18227));
#18227 = FILL_AREA_STYLE_COLOUR('',#17800);
#18228 = STYLED_ITEM('color',(#18229),#2911);
#18229 = PRESENTATION_STYLE_ASSIGNMENT((#18230));
#18230 = SURFACE_STYLE_USAGE(.BOTH.,#18231);
#18231 = SURFACE_SIDE_STYLE('',(#18232));
#18232 = SURFACE_STYLE_FILL_AREA(#18233);
#18233 = FILL_AREA_STYLE('',(#18234));
#18234 = FILL_AREA_STYLE_COLOUR('',#17800);
#18235 = STYLED_ITEM('color',(#18236),#2935);
#18236 = PRESENTATION_STYLE_ASSIGNMENT((#18237));
#18237 = SURFACE_STYLE_USAGE(.BOTH.,#18238);
#18238 = SURFACE_SIDE_STYLE('',(#18239));
#18239 = SURFACE_STYLE_FILL_AREA(#18240);
#18240 = FILL_AREA_STYLE('',(#18241));
#18241 = FILL_AREA_STYLE_COLOUR('',#17800);
#18242 = STYLED_ITEM('color',(#18243),#2966);
#18243 = PRESENTATION_STYLE_ASSIGNMENT((#18244));
#18244 = SURFACE_STYLE_USAGE(.BOTH.,#18245);
#18245 = SURFACE_SIDE_STYLE('',(#18246));
#18246 = SURFACE_STYLE_FILL_AREA(#18247);
#18247 = FILL_AREA_STYLE('',(#18248));
#18248 = FILL_AREA_STYLE_COLOUR('',#17800);
#18249 = STYLED_ITEM('color',(#18250),#2983);
#18250 = PRESENTATION_STYLE_ASSIGNMENT((#18251));
#18251 = SURFACE_STYLE_USAGE(.BOTH.,#18252);
#18252 = SURFACE_SIDE_STYLE('',(#18253));
#18253 = SURFACE_STYLE_FILL_AREA(#18254);
#18254 = FILL_AREA_STYLE('',(#18255));
#18255 = FILL_AREA_STYLE_COLOUR('',#17800);
#18256 = STYLED_ITEM('color',(#18257),#3016);
#18257 = PRESENTATION_STYLE_ASSIGNMENT((#18258));
#18258 = SURFACE_STYLE_USAGE(.BOTH.,#18259);
#18259 = SURFACE_SIDE_STYLE('',(#18260));
#18260 = SURFACE_STYLE_FILL_AREA(#18261);
#18261 = FILL_AREA_STYLE('',(#18262));
#18262 = FILL_AREA_STYLE_COLOUR('',#17800);
#18263 = STYLED_ITEM('color',(#18264),#3040);
#18264 = PRESENTATION_STYLE_ASSIGNMENT((#18265));
#18265 = SURFACE_STYLE_USAGE(.BOTH.,#18266);
#18266 = SURFACE_SIDE_STYLE('',(#18267));
#18267 = SURFACE_STYLE_FILL_AREA(#18268);
#18268 = FILL_AREA_STYLE('',(#18269));
#18269 = FILL_AREA_STYLE_COLOUR('',#17800);
#18270 = STYLED_ITEM('color',(#18271),#3071);
#18271 = PRESENTATION_STYLE_ASSIGNMENT((#18272));
#18272 = SURFACE_STYLE_USAGE(.BOTH.,#18273);
#18273 = SURFACE_SIDE_STYLE('',(#18274));
#18274 = SURFACE_STYLE_FILL_AREA(#18275);
#18275 = FILL_AREA_STYLE('',(#18276));
#18276 = FILL_AREA_STYLE_COLOUR('',#17800);
#18277 = STYLED_ITEM('color',(#18278),#3083);
#18278 = PRESENTATION_STYLE_ASSIGNMENT((#18279));
#18279 = SURFACE_STYLE_USAGE(.BOTH.,#18280);
#18280 = SURFACE_SIDE_STYLE('',(#18281));
#18281 = SURFACE_STYLE_FILL_AREA(#18282);
#18282 = FILL_AREA_STYLE('',(#18283));
#18283 = FILL_AREA_STYLE_COLOUR('',#17800);
#18284 = STYLED_ITEM('color',(#18285),#3116);
#18285 = PRESENTATION_STYLE_ASSIGNMENT((#18286));
#18286 = SURFACE_STYLE_USAGE(.BOTH.,#18287);
#18287 = SURFACE_SIDE_STYLE('',(#18288));
#18288 = SURFACE_STYLE_FILL_AREA(#18289);
#18289 = FILL_AREA_STYLE('',(#18290));
#18290 = FILL_AREA_STYLE_COLOUR('',#17800);
#18291 = STYLED_ITEM('color',(#18292),#3133);
#18292 = PRESENTATION_STYLE_ASSIGNMENT((#18293));
#18293 = SURFACE_STYLE_USAGE(.BOTH.,#18294);
#18294 = SURFACE_SIDE_STYLE('',(#18295));
#18295 = SURFACE_STYLE_FILL_AREA(#18296);
#18296 = FILL_AREA_STYLE('',(#18297));
#18297 = FILL_AREA_STYLE_COLOUR('',#17800);
#18298 = STYLED_ITEM('color',(#18299),#3150);
#18299 = PRESENTATION_STYLE_ASSIGNMENT((#18300));
#18300 = SURFACE_STYLE_USAGE(.BOTH.,#18301);
#18301 = SURFACE_SIDE_STYLE('',(#18302));
#18302 = SURFACE_STYLE_FILL_AREA(#18303);
#18303 = FILL_AREA_STYLE('',(#18304));
#18304 = FILL_AREA_STYLE_COLOUR('',#17800);
#18305 = STYLED_ITEM('color',(#18306),#3162);
#18306 = PRESENTATION_STYLE_ASSIGNMENT((#18307));
#18307 = SURFACE_STYLE_USAGE(.BOTH.,#18308);
#18308 = SURFACE_SIDE_STYLE('',(#18309));
#18309 = SURFACE_STYLE_FILL_AREA(#18310);
#18310 = FILL_AREA_STYLE('',(#18311));
#18311 = FILL_AREA_STYLE_COLOUR('',#17800);
#18312 = STYLED_ITEM('color',(#18313),#3616);
#18313 = PRESENTATION_STYLE_ASSIGNMENT((#18314));
#18314 = SURFACE_STYLE_USAGE(.BOTH.,#18315);
#18315 = SURFACE_SIDE_STYLE('',(#18316));
#18316 = SURFACE_STYLE_FILL_AREA(#18317);
#18317 = FILL_AREA_STYLE('',(#18318));
#18318 = FILL_AREA_STYLE_COLOUR('',#17800);
#18319 = STYLED_ITEM('color',(#18320),#3633);
#18320 = PRESENTATION_STYLE_ASSIGNMENT((#18321));
#18321 = SURFACE_STYLE_USAGE(.BOTH.,#18322);
#18322 = SURFACE_SIDE_STYLE('',(#18323));
#18323 = SURFACE_STYLE_FILL_AREA(#18324);
#18324 = FILL_AREA_STYLE('',(#18325));
#18325 = FILL_AREA_STYLE_COLOUR('',#17800);
#18326 = STYLED_ITEM('color',(#18327),#3650);
#18327 = PRESENTATION_STYLE_ASSIGNMENT((#18328));
#18328 = SURFACE_STYLE_USAGE(.BOTH.,#18329);
#18329 = SURFACE_SIDE_STYLE('',(#18330));
#18330 = SURFACE_STYLE_FILL_AREA(#18331);
#18331 = FILL_AREA_STYLE('',(#18332));
#18332 = FILL_AREA_STYLE_COLOUR('',#17800);
#18333 = STYLED_ITEM('color',(#18334),#3667);
#18334 = PRESENTATION_STYLE_ASSIGNMENT((#18335));
#18335 = SURFACE_STYLE_USAGE(.BOTH.,#18336);
#18336 = SURFACE_SIDE_STYLE('',(#18337));
#18337 = SURFACE_STYLE_FILL_AREA(#18338);
#18338 = FILL_AREA_STYLE('',(#18339));
#18339 = FILL_AREA_STYLE_COLOUR('',#17800);
#18340 = STYLED_ITEM('color',(#18341),#3684);
#18341 = PRESENTATION_STYLE_ASSIGNMENT((#18342));
#18342 = SURFACE_STYLE_USAGE(.BOTH.,#18343);
#18343 = SURFACE_SIDE_STYLE('',(#18344));
#18344 = SURFACE_STYLE_FILL_AREA(#18345);
#18345 = FILL_AREA_STYLE('',(#18346));
#18346 = FILL_AREA_STYLE_COLOUR('',#17800);
#18347 = STYLED_ITEM('color',(#18348),#3701);
#18348 = PRESENTATION_STYLE_ASSIGNMENT((#18349));
#18349 = SURFACE_STYLE_USAGE(.BOTH.,#18350);
#18350 = SURFACE_SIDE_STYLE('',(#18351));
#18351 = SURFACE_STYLE_FILL_AREA(#18352);
#18352 = FILL_AREA_STYLE('',(#18353));
#18353 = FILL_AREA_STYLE_COLOUR('',#17800);
#18354 = STYLED_ITEM('color',(#18355),#3718);
#18355 = PRESENTATION_STYLE_ASSIGNMENT((#18356));
#18356 = SURFACE_STYLE_USAGE(.BOTH.,#18357);
#18357 = SURFACE_SIDE_STYLE('',(#18358));
#18358 = SURFACE_STYLE_FILL_AREA(#18359);
#18359 = FILL_AREA_STYLE('',(#18360));
#18360 = FILL_AREA_STYLE_COLOUR('',#17800);
#18361 = STYLED_ITEM('color',(#18362),#3735);
#18362 = PRESENTATION_STYLE_ASSIGNMENT((#18363));
#18363 = SURFACE_STYLE_USAGE(.BOTH.,#18364);
#18364 = SURFACE_SIDE_STYLE('',(#18365));
#18365 = SURFACE_STYLE_FILL_AREA(#18366);
#18366 = FILL_AREA_STYLE('',(#18367));
#18367 = FILL_AREA_STYLE_COLOUR('',#17800);
#18368 = STYLED_ITEM('color',(#18369),#3752);
#18369 = PRESENTATION_STYLE_ASSIGNMENT((#18370));
#18370 = SURFACE_STYLE_USAGE(.BOTH.,#18371);
#18371 = SURFACE_SIDE_STYLE('',(#18372));
#18372 = SURFACE_STYLE_FILL_AREA(#18373);
#18373 = FILL_AREA_STYLE('',(#18374));
#18374 = FILL_AREA_STYLE_COLOUR('',#17800);
#18375 = STYLED_ITEM('color',(#18376),#3769);
#18376 = PRESENTATION_STYLE_ASSIGNMENT((#18377));
#18377 = SURFACE_STYLE_USAGE(.BOTH.,#18378);
#18378 = SURFACE_SIDE_STYLE('',(#18379));
#18379 = SURFACE_STYLE_FILL_AREA(#18380);
#18380 = FILL_AREA_STYLE('',(#18381));
#18381 = FILL_AREA_STYLE_COLOUR('',#17800);
#18382 = STYLED_ITEM('color',(#18383),#3786);
#18383 = PRESENTATION_STYLE_ASSIGNMENT((#18384));
#18384 = SURFACE_STYLE_USAGE(.BOTH.,#18385);
#18385 = SURFACE_SIDE_STYLE('',(#18386));
#18386 = SURFACE_STYLE_FILL_AREA(#18387);
#18387 = FILL_AREA_STYLE('',(#18388));
#18388 = FILL_AREA_STYLE_COLOUR('',#17800);
#18389 = STYLED_ITEM('color',(#18390),#3803);
#18390 = PRESENTATION_STYLE_ASSIGNMENT((#18391));
#18391 = SURFACE_STYLE_USAGE(.BOTH.,#18392);
#18392 = SURFACE_SIDE_STYLE('',(#18393));
#18393 = SURFACE_STYLE_FILL_AREA(#18394);
#18394 = FILL_AREA_STYLE('',(#18395));
#18395 = FILL_AREA_STYLE_COLOUR('',#17800);
#18396 = STYLED_ITEM('color',(#18397),#3820);
#18397 = PRESENTATION_STYLE_ASSIGNMENT((#18398));
#18398 = SURFACE_STYLE_USAGE(.BOTH.,#18399);
#18399 = SURFACE_SIDE_STYLE('',(#18400));
#18400 = SURFACE_STYLE_FILL_AREA(#18401);
#18401 = FILL_AREA_STYLE('',(#18402));
#18402 = FILL_AREA_STYLE_COLOUR('',#17800);
#18403 = STYLED_ITEM('color',(#18404),#3837);
#18404 = PRESENTATION_STYLE_ASSIGNMENT((#18405));
#18405 = SURFACE_STYLE_USAGE(.BOTH.,#18406);
#18406 = SURFACE_SIDE_STYLE('',(#18407));
#18407 = SURFACE_STYLE_FILL_AREA(#18408);
#18408 = FILL_AREA_STYLE('',(#18409));
#18409 = FILL_AREA_STYLE_COLOUR('',#17800);
#18410 = STYLED_ITEM('color',(#18411),#3854);
#18411 = PRESENTATION_STYLE_ASSIGNMENT((#18412));
#18412 = SURFACE_STYLE_USAGE(.BOTH.,#18413);
#18413 = SURFACE_SIDE_STYLE('',(#18414));
#18414 = SURFACE_STYLE_FILL_AREA(#18415);
#18415 = FILL_AREA_STYLE('',(#18416));
#18416 = FILL_AREA_STYLE_COLOUR('',#17800);
#18417 = STYLED_ITEM('color',(#18418),#3866);
#18418 = PRESENTATION_STYLE_ASSIGNMENT((#18419));
#18419 = SURFACE_STYLE_USAGE(.BOTH.,#18420);
#18420 = SURFACE_SIDE_STYLE('',(#18421));
#18421 = SURFACE_STYLE_FILL_AREA(#18422);
#18422 = FILL_AREA_STYLE('',(#18423));
#18423 = FILL_AREA_STYLE_COLOUR('',#17800);
#18424 = STYLED_ITEM('color',(#18425),#3883);
#18425 = PRESENTATION_STYLE_ASSIGNMENT((#18426));
#18426 = SURFACE_STYLE_USAGE(.BOTH.,#18427);
#18427 = SURFACE_SIDE_STYLE('',(#18428));
#18428 = SURFACE_STYLE_FILL_AREA(#18429);
#18429 = FILL_AREA_STYLE('',(#18430));
#18430 = FILL_AREA_STYLE_COLOUR('',#17800);
#18431 = STYLED_ITEM('color',(#18432),#3900);
#18432 = PRESENTATION_STYLE_ASSIGNMENT((#18433));
#18433 = SURFACE_STYLE_USAGE(.BOTH.,#18434);
#18434 = SURFACE_SIDE_STYLE('',(#18435));
#18435 = SURFACE_STYLE_FILL_AREA(#18436);
#18436 = FILL_AREA_STYLE('',(#18437));
#18437 = FILL_AREA_STYLE_COLOUR('',#17800);
#18438 = STYLED_ITEM('color',(#18439),#3917);
#18439 = PRESENTATION_STYLE_ASSIGNMENT((#18440));
#18440 = SURFACE_STYLE_USAGE(.BOTH.,#18441);
#18441 = SURFACE_SIDE_STYLE('',(#18442));
#18442 = SURFACE_STYLE_FILL_AREA(#18443);
#18443 = FILL_AREA_STYLE('',(#18444));
#18444 = FILL_AREA_STYLE_COLOUR('',#17800);
#18445 = STYLED_ITEM('color',(#18446),#3934);
#18446 = PRESENTATION_STYLE_ASSIGNMENT((#18447));
#18447 = SURFACE_STYLE_USAGE(.BOTH.,#18448);
#18448 = SURFACE_SIDE_STYLE('',(#18449));
#18449 = SURFACE_STYLE_FILL_AREA(#18450);
#18450 = FILL_AREA_STYLE('',(#18451));
#18451 = FILL_AREA_STYLE_COLOUR('',#17800);
#18452 = STYLED_ITEM('color',(#18453),#3951);
#18453 = PRESENTATION_STYLE_ASSIGNMENT((#18454));
#18454 = SURFACE_STYLE_USAGE(.BOTH.,#18455);
#18455 = SURFACE_SIDE_STYLE('',(#18456));
#18456 = SURFACE_STYLE_FILL_AREA(#18457);
#18457 = FILL_AREA_STYLE('',(#18458));
#18458 = FILL_AREA_STYLE_COLOUR('',#17800);
#18459 = STYLED_ITEM('color',(#18460),#3968);
#18460 = PRESENTATION_STYLE_ASSIGNMENT((#18461));
#18461 = SURFACE_STYLE_USAGE(.BOTH.,#18462);
#18462 = SURFACE_SIDE_STYLE('',(#18463));
#18463 = SURFACE_STYLE_FILL_AREA(#18464);
#18464 = FILL_AREA_STYLE('',(#18465));
#18465 = FILL_AREA_STYLE_COLOUR('',#17800);
#18466 = STYLED_ITEM('color',(#18467),#3985);
#18467 = PRESENTATION_STYLE_ASSIGNMENT((#18468));
#18468 = SURFACE_STYLE_USAGE(.BOTH.,#18469);
#18469 = SURFACE_SIDE_STYLE('',(#18470));
#18470 = SURFACE_STYLE_FILL_AREA(#18471);
#18471 = FILL_AREA_STYLE('',(#18472));
#18472 = FILL_AREA_STYLE_COLOUR('',#17800);
#18473 = STYLED_ITEM('color',(#18474),#4002);
#18474 = PRESENTATION_STYLE_ASSIGNMENT((#18475));
#18475 = SURFACE_STYLE_USAGE(.BOTH.,#18476);
#18476 = SURFACE_SIDE_STYLE('',(#18477));
#18477 = SURFACE_STYLE_FILL_AREA(#18478);
#18478 = FILL_AREA_STYLE('',(#18479));
#18479 = FILL_AREA_STYLE_COLOUR('',#17800);
#18480 = STYLED_ITEM('color',(#18481),#4019);
#18481 = PRESENTATION_STYLE_ASSIGNMENT((#18482));
#18482 = SURFACE_STYLE_USAGE(.BOTH.,#18483);
#18483 = SURFACE_SIDE_STYLE('',(#18484));
#18484 = SURFACE_STYLE_FILL_AREA(#18485);
#18485 = FILL_AREA_STYLE('',(#18486));
#18486 = FILL_AREA_STYLE_COLOUR('',#17800);
#18487 = STYLED_ITEM('color',(#18488),#4036);
#18488 = PRESENTATION_STYLE_ASSIGNMENT((#18489));
#18489 = SURFACE_STYLE_USAGE(.BOTH.,#18490);
#18490 = SURFACE_SIDE_STYLE('',(#18491));
#18491 = SURFACE_STYLE_FILL_AREA(#18492);
#18492 = FILL_AREA_STYLE('',(#18493));
#18493 = FILL_AREA_STYLE_COLOUR('',#17800);
#18494 = STYLED_ITEM('color',(#18495),#4053);
#18495 = PRESENTATION_STYLE_ASSIGNMENT((#18496));
#18496 = SURFACE_STYLE_USAGE(.BOTH.,#18497);
#18497 = SURFACE_SIDE_STYLE('',(#18498));
#18498 = SURFACE_STYLE_FILL_AREA(#18499);
#18499 = FILL_AREA_STYLE('',(#18500));
#18500 = FILL_AREA_STYLE_COLOUR('',#17800);
#18501 = STYLED_ITEM('color',(#18502),#4070);
#18502 = PRESENTATION_STYLE_ASSIGNMENT((#18503));
#18503 = SURFACE_STYLE_USAGE(.BOTH.,#18504);
#18504 = SURFACE_SIDE_STYLE('',(#18505));
#18505 = SURFACE_STYLE_FILL_AREA(#18506);
#18506 = FILL_AREA_STYLE('',(#18507));
#18507 = FILL_AREA_STYLE_COLOUR('',#17800);
#18508 = STYLED_ITEM('color',(#18509),#4087);
#18509 = PRESENTATION_STYLE_ASSIGNMENT((#18510));
#18510 = SURFACE_STYLE_USAGE(.BOTH.,#18511);
#18511 = SURFACE_SIDE_STYLE('',(#18512));
#18512 = SURFACE_STYLE_FILL_AREA(#18513);
#18513 = FILL_AREA_STYLE('',(#18514));
#18514 = FILL_AREA_STYLE_COLOUR('',#17800);
#18515 = STYLED_ITEM('color',(#18516),#4133);
#18516 = PRESENTATION_STYLE_ASSIGNMENT((#18517));
#18517 = SURFACE_STYLE_USAGE(.BOTH.,#18518);
#18518 = SURFACE_SIDE_STYLE('',(#18519));
#18519 = SURFACE_STYLE_FILL_AREA(#18520);
#18520 = FILL_AREA_STYLE('',(#18521));
#18521 = FILL_AREA_STYLE_COLOUR('',#17800);
#18522 = STYLED_ITEM('color',(#18523),#4179);
#18523 = PRESENTATION_STYLE_ASSIGNMENT((#18524));
#18524 = SURFACE_STYLE_USAGE(.BOTH.,#18525);
#18525 = SURFACE_SIDE_STYLE('',(#18526));
#18526 = SURFACE_STYLE_FILL_AREA(#18527);
#18527 = FILL_AREA_STYLE('',(#18528));
#18528 = FILL_AREA_STYLE_COLOUR('',#17800);
#18529 = STYLED_ITEM('color',(#18530),#4225);
#18530 = PRESENTATION_STYLE_ASSIGNMENT((#18531));
#18531 = SURFACE_STYLE_USAGE(.BOTH.,#18532);
#18532 = SURFACE_SIDE_STYLE('',(#18533));
#18533 = SURFACE_STYLE_FILL_AREA(#18534);
#18534 = FILL_AREA_STYLE('',(#18535));
#18535 = FILL_AREA_STYLE_COLOUR('',#17800);
#18536 = STYLED_ITEM('color',(#18537),#4271);
#18537 = PRESENTATION_STYLE_ASSIGNMENT((#18538));
#18538 = SURFACE_STYLE_USAGE(.BOTH.,#18539);
#18539 = SURFACE_SIDE_STYLE('',(#18540));
#18540 = SURFACE_STYLE_FILL_AREA(#18541);
#18541 = FILL_AREA_STYLE('',(#18542));
#18542 = FILL_AREA_STYLE_COLOUR('',#17800);
#18543 = STYLED_ITEM('color',(#18544),#4317);
#18544 = PRESENTATION_STYLE_ASSIGNMENT((#18545));
#18545 = SURFACE_STYLE_USAGE(.BOTH.,#18546);
#18546 = SURFACE_SIDE_STYLE('',(#18547));
#18547 = SURFACE_STYLE_FILL_AREA(#18548);
#18548 = FILL_AREA_STYLE('',(#18549));
#18549 = FILL_AREA_STYLE_COLOUR('',#17800);
#18550 = STYLED_ITEM('color',(#18551),#4363);
#18551 = PRESENTATION_STYLE_ASSIGNMENT((#18552));
#18552 = SURFACE_STYLE_USAGE(.BOTH.,#18553);
#18553 = SURFACE_SIDE_STYLE('',(#18554));
#18554 = SURFACE_STYLE_FILL_AREA(#18555);
#18555 = FILL_AREA_STYLE('',(#18556));
#18556 = FILL_AREA_STYLE_COLOUR('',#17800);
#18557 = STYLED_ITEM('color',(#18558),#4409);
#18558 = PRESENTATION_STYLE_ASSIGNMENT((#18559));
#18559 = SURFACE_STYLE_USAGE(.BOTH.,#18560);
#18560 = SURFACE_SIDE_STYLE('',(#18561));
#18561 = SURFACE_STYLE_FILL_AREA(#18562);
#18562 = FILL_AREA_STYLE('',(#18563));
#18563 = FILL_AREA_STYLE_COLOUR('',#17800);
#18564 = STYLED_ITEM('color',(#18565),#4455);
#18565 = PRESENTATION_STYLE_ASSIGNMENT((#18566));
#18566 = SURFACE_STYLE_USAGE(.BOTH.,#18567);
#18567 = SURFACE_SIDE_STYLE('',(#18568));
#18568 = SURFACE_STYLE_FILL_AREA(#18569);
#18569 = FILL_AREA_STYLE('',(#18570));
#18570 = FILL_AREA_STYLE_COLOUR('',#17800);
#18571 = STYLED_ITEM('color',(#18572),#4501);
#18572 = PRESENTATION_STYLE_ASSIGNMENT((#18573));
#18573 = SURFACE_STYLE_USAGE(.BOTH.,#18574);
#18574 = SURFACE_SIDE_STYLE('',(#18575));
#18575 = SURFACE_STYLE_FILL_AREA(#18576);
#18576 = FILL_AREA_STYLE('',(#18577));
#18577 = FILL_AREA_STYLE_COLOUR('',#17800);
#18578 = STYLED_ITEM('color',(#18579),#4547);
#18579 = PRESENTATION_STYLE_ASSIGNMENT((#18580));
#18580 = SURFACE_STYLE_USAGE(.BOTH.,#18581);
#18581 = SURFACE_SIDE_STYLE('',(#18582));
#18582 = SURFACE_STYLE_FILL_AREA(#18583);
#18583 = FILL_AREA_STYLE('',(#18584));
#18584 = FILL_AREA_STYLE_COLOUR('',#17800);
#18585 = STYLED_ITEM('color',(#18586),#4593);
#18586 = PRESENTATION_STYLE_ASSIGNMENT((#18587));
#18587 = SURFACE_STYLE_USAGE(.BOTH.,#18588);
#18588 = SURFACE_SIDE_STYLE('',(#18589));
#18589 = SURFACE_STYLE_FILL_AREA(#18590);
#18590 = FILL_AREA_STYLE('',(#18591));
#18591 = FILL_AREA_STYLE_COLOUR('',#17800);
#18592 = STYLED_ITEM('color',(#18593),#4639);
#18593 = PRESENTATION_STYLE_ASSIGNMENT((#18594));
#18594 = SURFACE_STYLE_USAGE(.BOTH.,#18595);
#18595 = SURFACE_SIDE_STYLE('',(#18596));
#18596 = SURFACE_STYLE_FILL_AREA(#18597);
#18597 = FILL_AREA_STYLE('',(#18598));
#18598 = FILL_AREA_STYLE_COLOUR('',#17800);
#18599 = STYLED_ITEM('color',(#18600),#4685);
#18600 = PRESENTATION_STYLE_ASSIGNMENT((#18601));
#18601 = SURFACE_STYLE_USAGE(.BOTH.,#18602);
#18602 = SURFACE_SIDE_STYLE('',(#18603));
#18603 = SURFACE_STYLE_FILL_AREA(#18604);
#18604 = FILL_AREA_STYLE('',(#18605));
#18605 = FILL_AREA_STYLE_COLOUR('',#18606);
#18606 = COLOUR_RGB('',0.823529417451,0.819607860991,0.780392170416);
#18607 = STYLED_ITEM('color',(#18608),#4716);
#18608 = PRESENTATION_STYLE_ASSIGNMENT((#18609));
#18609 = SURFACE_STYLE_USAGE(.BOTH.,#18610);
#18610 = SURFACE_SIDE_STYLE('',(#18611));
#18611 = SURFACE_STYLE_FILL_AREA(#18612);
#18612 = FILL_AREA_STYLE('',(#18613));
#18613 = FILL_AREA_STYLE_COLOUR('',#18606);
#18614 = STYLED_ITEM('color',(#18615),#4740);
#18615 = PRESENTATION_STYLE_ASSIGNMENT((#18616));
#18616 = SURFACE_STYLE_USAGE(.BOTH.,#18617);
#18617 = SURFACE_SIDE_STYLE('',(#18618));
#18618 = SURFACE_STYLE_FILL_AREA(#18619);
#18619 = FILL_AREA_STYLE('',(#18620));
#18620 = FILL_AREA_STYLE_COLOUR('',#18606);
#18621 = STYLED_ITEM('color',(#18622),#4764);
#18622 = PRESENTATION_STYLE_ASSIGNMENT((#18623));
#18623 = SURFACE_STYLE_USAGE(.BOTH.,#18624);
#18624 = SURFACE_SIDE_STYLE('',(#18625));
#18625 = SURFACE_STYLE_FILL_AREA(#18626);
#18626 = FILL_AREA_STYLE('',(#18627));
#18627 = FILL_AREA_STYLE_COLOUR('',#18606);
#18628 = STYLED_ITEM('color',(#18629),#4781);
#18629 = PRESENTATION_STYLE_ASSIGNMENT((#18630));
#18630 = SURFACE_STYLE_USAGE(.BOTH.,#18631);
#18631 = SURFACE_SIDE_STYLE('',(#18632));
#18632 = SURFACE_STYLE_FILL_AREA(#18633);
#18633 = FILL_AREA_STYLE('',(#18634));
#18634 = FILL_AREA_STYLE_COLOUR('',#18606);
#18635 = STYLED_ITEM('color',(#18636),#4812);
#18636 = PRESENTATION_STYLE_ASSIGNMENT((#18637));
#18637 = SURFACE_STYLE_USAGE(.BOTH.,#18638);
#18638 = SURFACE_SIDE_STYLE('',(#18639));
#18639 = SURFACE_STYLE_FILL_AREA(#18640);
#18640 = FILL_AREA_STYLE('',(#18641));
#18641 = FILL_AREA_STYLE_COLOUR('',#18606);
#18642 = STYLED_ITEM('color',(#18643),#4836);
#18643 = PRESENTATION_STYLE_ASSIGNMENT((#18644));
#18644 = SURFACE_STYLE_USAGE(.BOTH.,#18645);
#18645 = SURFACE_SIDE_STYLE('',(#18646));
#18646 = SURFACE_STYLE_FILL_AREA(#18647);
#18647 = FILL_AREA_STYLE('',(#18648));
#18648 = FILL_AREA_STYLE_COLOUR('',#18606);
#18649 = STYLED_ITEM('color',(#18650),#4860);
#18650 = PRESENTATION_STYLE_ASSIGNMENT((#18651));
#18651 = SURFACE_STYLE_USAGE(.BOTH.,#18652);
#18652 = SURFACE_SIDE_STYLE('',(#18653));
#18653 = SURFACE_STYLE_FILL_AREA(#18654);
#18654 = FILL_AREA_STYLE('',(#18655));
#18655 = FILL_AREA_STYLE_COLOUR('',#18606);
#18656 = STYLED_ITEM('color',(#18657),#4877);
#18657 = PRESENTATION_STYLE_ASSIGNMENT((#18658));
#18658 = SURFACE_STYLE_USAGE(.BOTH.,#18659);
#18659 = SURFACE_SIDE_STYLE('',(#18660));
#18660 = SURFACE_STYLE_FILL_AREA(#18661);
#18661 = FILL_AREA_STYLE('',(#18662));
#18662 = FILL_AREA_STYLE_COLOUR('',#18606);
#18663 = STYLED_ITEM('color',(#18664),#4908);
#18664 = PRESENTATION_STYLE_ASSIGNMENT((#18665));
#18665 = SURFACE_STYLE_USAGE(.BOTH.,#18666);
#18666 = SURFACE_SIDE_STYLE('',(#18667));
#18667 = SURFACE_STYLE_FILL_AREA(#18668);
#18668 = FILL_AREA_STYLE('',(#18669));
#18669 = FILL_AREA_STYLE_COLOUR('',#18606);
#18670 = STYLED_ITEM('color',(#18671),#4932);
#18671 = PRESENTATION_STYLE_ASSIGNMENT((#18672));
#18672 = SURFACE_STYLE_USAGE(.BOTH.,#18673);
#18673 = SURFACE_SIDE_STYLE('',(#18674));
#18674 = SURFACE_STYLE_FILL_AREA(#18675);
#18675 = FILL_AREA_STYLE('',(#18676));
#18676 = FILL_AREA_STYLE_COLOUR('',#18606);
#18677 = STYLED_ITEM('color',(#18678),#4956);
#18678 = PRESENTATION_STYLE_ASSIGNMENT((#18679));
#18679 = SURFACE_STYLE_USAGE(.BOTH.,#18680);
#18680 = SURFACE_SIDE_STYLE('',(#18681));
#18681 = SURFACE_STYLE_FILL_AREA(#18682);
#18682 = FILL_AREA_STYLE('',(#18683));
#18683 = FILL_AREA_STYLE_COLOUR('',#18606);
#18684 = STYLED_ITEM('color',(#18685),#4973);
#18685 = PRESENTATION_STYLE_ASSIGNMENT((#18686));
#18686 = SURFACE_STYLE_USAGE(.BOTH.,#18687);
#18687 = SURFACE_SIDE_STYLE('',(#18688));
#18688 = SURFACE_STYLE_FILL_AREA(#18689);
#18689 = FILL_AREA_STYLE('',(#18690));
#18690 = FILL_AREA_STYLE_COLOUR('',#18606);
#18691 = STYLED_ITEM('color',(#18692),#5004);
#18692 = PRESENTATION_STYLE_ASSIGNMENT((#18693));
#18693 = SURFACE_STYLE_USAGE(.BOTH.,#18694);
#18694 = SURFACE_SIDE_STYLE('',(#18695));
#18695 = SURFACE_STYLE_FILL_AREA(#18696);
#18696 = FILL_AREA_STYLE('',(#18697));
#18697 = FILL_AREA_STYLE_COLOUR('',#18606);
#18698 = STYLED_ITEM('color',(#18699),#5028);
#18699 = PRESENTATION_STYLE_ASSIGNMENT((#18700));
#18700 = SURFACE_STYLE_USAGE(.BOTH.,#18701);
#18701 = SURFACE_SIDE_STYLE('',(#18702));
#18702 = SURFACE_STYLE_FILL_AREA(#18703);
#18703 = FILL_AREA_STYLE('',(#18704));
#18704 = FILL_AREA_STYLE_COLOUR('',#18606);
#18705 = STYLED_ITEM('color',(#18706),#5052);
#18706 = PRESENTATION_STYLE_ASSIGNMENT((#18707));
#18707 = SURFACE_STYLE_USAGE(.BOTH.,#18708);
#18708 = SURFACE_SIDE_STYLE('',(#18709));
#18709 = SURFACE_STYLE_FILL_AREA(#18710);
#18710 = FILL_AREA_STYLE('',(#18711));
#18711 = FILL_AREA_STYLE_COLOUR('',#18606);
#18712 = STYLED_ITEM('color',(#18713),#5069);
#18713 = PRESENTATION_STYLE_ASSIGNMENT((#18714));
#18714 = SURFACE_STYLE_USAGE(.BOTH.,#18715);
#18715 = SURFACE_SIDE_STYLE('',(#18716));
#18716 = SURFACE_STYLE_FILL_AREA(#18717);
#18717 = FILL_AREA_STYLE('',(#18718));
#18718 = FILL_AREA_STYLE_COLOUR('',#18606);
#18719 = STYLED_ITEM('color',(#18720),#5100);
#18720 = PRESENTATION_STYLE_ASSIGNMENT((#18721));
#18721 = SURFACE_STYLE_USAGE(.BOTH.,#18722);
#18722 = SURFACE_SIDE_STYLE('',(#18723));
#18723 = SURFACE_STYLE_FILL_AREA(#18724);
#18724 = FILL_AREA_STYLE('',(#18725));
#18725 = FILL_AREA_STYLE_COLOUR('',#18606);
#18726 = STYLED_ITEM('color',(#18727),#5124);
#18727 = PRESENTATION_STYLE_ASSIGNMENT((#18728));
#18728 = SURFACE_STYLE_USAGE(.BOTH.,#18729);
#18729 = SURFACE_SIDE_STYLE('',(#18730));
#18730 = SURFACE_STYLE_FILL_AREA(#18731);
#18731 = FILL_AREA_STYLE('',(#18732));
#18732 = FILL_AREA_STYLE_COLOUR('',#18606);
#18733 = STYLED_ITEM('color',(#18734),#5148);
#18734 = PRESENTATION_STYLE_ASSIGNMENT((#18735));
#18735 = SURFACE_STYLE_USAGE(.BOTH.,#18736);
#18736 = SURFACE_SIDE_STYLE('',(#18737));
#18737 = SURFACE_STYLE_FILL_AREA(#18738);
#18738 = FILL_AREA_STYLE('',(#18739));
#18739 = FILL_AREA_STYLE_COLOUR('',#18606);
#18740 = STYLED_ITEM('color',(#18741),#5165);
#18741 = PRESENTATION_STYLE_ASSIGNMENT((#18742));
#18742 = SURFACE_STYLE_USAGE(.BOTH.,#18743);
#18743 = SURFACE_SIDE_STYLE('',(#18744));
#18744 = SURFACE_STYLE_FILL_AREA(#18745);
#18745 = FILL_AREA_STYLE('',(#18746));
#18746 = FILL_AREA_STYLE_COLOUR('',#18606);
#18747 = STYLED_ITEM('color',(#18748),#5196);
#18748 = PRESENTATION_STYLE_ASSIGNMENT((#18749));
#18749 = SURFACE_STYLE_USAGE(.BOTH.,#18750);
#18750 = SURFACE_SIDE_STYLE('',(#18751));
#18751 = SURFACE_STYLE_FILL_AREA(#18752);
#18752 = FILL_AREA_STYLE('',(#18753));
#18753 = FILL_AREA_STYLE_COLOUR('',#18606);
#18754 = STYLED_ITEM('color',(#18755),#5220);
#18755 = PRESENTATION_STYLE_ASSIGNMENT((#18756));
#18756 = SURFACE_STYLE_USAGE(.BOTH.,#18757);
#18757 = SURFACE_SIDE_STYLE('',(#18758));
#18758 = SURFACE_STYLE_FILL_AREA(#18759);
#18759 = FILL_AREA_STYLE('',(#18760));
#18760 = FILL_AREA_STYLE_COLOUR('',#18606);
#18761 = STYLED_ITEM('color',(#18762),#5244);
#18762 = PRESENTATION_STYLE_ASSIGNMENT((#18763));
#18763 = SURFACE_STYLE_USAGE(.BOTH.,#18764);
#18764 = SURFACE_SIDE_STYLE('',(#18765));
#18765 = SURFACE_STYLE_FILL_AREA(#18766);
#18766 = FILL_AREA_STYLE('',(#18767));
#18767 = FILL_AREA_STYLE_COLOUR('',#18606);
#18768 = STYLED_ITEM('color',(#18769),#5261);
#18769 = PRESENTATION_STYLE_ASSIGNMENT((#18770));
#18770 = SURFACE_STYLE_USAGE(.BOTH.,#18771);
#18771 = SURFACE_SIDE_STYLE('',(#18772));
#18772 = SURFACE_STYLE_FILL_AREA(#18773);
#18773 = FILL_AREA_STYLE('',(#18774));
#18774 = FILL_AREA_STYLE_COLOUR('',#18606);
#18775 = STYLED_ITEM('color',(#18776),#5292);
#18776 = PRESENTATION_STYLE_ASSIGNMENT((#18777));
#18777 = SURFACE_STYLE_USAGE(.BOTH.,#18778);
#18778 = SURFACE_SIDE_STYLE('',(#18779));
#18779 = SURFACE_STYLE_FILL_AREA(#18780);
#18780 = FILL_AREA_STYLE('',(#18781));
#18781 = FILL_AREA_STYLE_COLOUR('',#18606);
#18782 = STYLED_ITEM('color',(#18783),#5316);
#18783 = PRESENTATION_STYLE_ASSIGNMENT((#18784));
#18784 = SURFACE_STYLE_USAGE(.BOTH.,#18785);
#18785 = SURFACE_SIDE_STYLE('',(#18786));
#18786 = SURFACE_STYLE_FILL_AREA(#18787);
#18787 = FILL_AREA_STYLE('',(#18788));
#18788 = FILL_AREA_STYLE_COLOUR('',#18606);
#18789 = STYLED_ITEM('color',(#18790),#5340);
#18790 = PRESENTATION_STYLE_ASSIGNMENT((#18791));
#18791 = SURFACE_STYLE_USAGE(.BOTH.,#18792);
#18792 = SURFACE_SIDE_STYLE('',(#18793));
#18793 = SURFACE_STYLE_FILL_AREA(#18794);
#18794 = FILL_AREA_STYLE('',(#18795));
#18795 = FILL_AREA_STYLE_COLOUR('',#18606);
#18796 = STYLED_ITEM('color',(#18797),#5357);
#18797 = PRESENTATION_STYLE_ASSIGNMENT((#18798));
#18798 = SURFACE_STYLE_USAGE(.BOTH.,#18799);
#18799 = SURFACE_SIDE_STYLE('',(#18800));
#18800 = SURFACE_STYLE_FILL_AREA(#18801);
#18801 = FILL_AREA_STYLE('',(#18802));
#18802 = FILL_AREA_STYLE_COLOUR('',#18606);
#18803 = STYLED_ITEM('color',(#18804),#5388);
#18804 = PRESENTATION_STYLE_ASSIGNMENT((#18805));
#18805 = SURFACE_STYLE_USAGE(.BOTH.,#18806);
#18806 = SURFACE_SIDE_STYLE('',(#18807));
#18807 = SURFACE_STYLE_FILL_AREA(#18808);
#18808 = FILL_AREA_STYLE('',(#18809));
#18809 = FILL_AREA_STYLE_COLOUR('',#18606);
#18810 = STYLED_ITEM('color',(#18811),#5412);
#18811 = PRESENTATION_STYLE_ASSIGNMENT((#18812));
#18812 = SURFACE_STYLE_USAGE(.BOTH.,#18813);
#18813 = SURFACE_SIDE_STYLE('',(#18814));
#18814 = SURFACE_STYLE_FILL_AREA(#18815);
#18815 = FILL_AREA_STYLE('',(#18816));
#18816 = FILL_AREA_STYLE_COLOUR('',#18606);
#18817 = STYLED_ITEM('color',(#18818),#5436);
#18818 = PRESENTATION_STYLE_ASSIGNMENT((#18819));
#18819 = SURFACE_STYLE_USAGE(.BOTH.,#18820);
#18820 = SURFACE_SIDE_STYLE('',(#18821));
#18821 = SURFACE_STYLE_FILL_AREA(#18822);
#18822 = FILL_AREA_STYLE('',(#18823));
#18823 = FILL_AREA_STYLE_COLOUR('',#18606);
#18824 = STYLED_ITEM('color',(#18825),#5453);
#18825 = PRESENTATION_STYLE_ASSIGNMENT((#18826));
#18826 = SURFACE_STYLE_USAGE(.BOTH.,#18827);
#18827 = SURFACE_SIDE_STYLE('',(#18828));
#18828 = SURFACE_STYLE_FILL_AREA(#18829);
#18829 = FILL_AREA_STYLE('',(#18830));
#18830 = FILL_AREA_STYLE_COLOUR('',#18606);
#18831 = STYLED_ITEM('color',(#18832),#5484);
#18832 = PRESENTATION_STYLE_ASSIGNMENT((#18833));
#18833 = SURFACE_STYLE_USAGE(.BOTH.,#18834);
#18834 = SURFACE_SIDE_STYLE('',(#18835));
#18835 = SURFACE_STYLE_FILL_AREA(#18836);
#18836 = FILL_AREA_STYLE('',(#18837));
#18837 = FILL_AREA_STYLE_COLOUR('',#18606);
#18838 = STYLED_ITEM('color',(#18839),#5508);
#18839 = PRESENTATION_STYLE_ASSIGNMENT((#18840));
#18840 = SURFACE_STYLE_USAGE(.BOTH.,#18841);
#18841 = SURFACE_SIDE_STYLE('',(#18842));
#18842 = SURFACE_STYLE_FILL_AREA(#18843);
#18843 = FILL_AREA_STYLE('',(#18844));
#18844 = FILL_AREA_STYLE_COLOUR('',#18606);
#18845 = STYLED_ITEM('color',(#18846),#5532);
#18846 = PRESENTATION_STYLE_ASSIGNMENT((#18847));
#18847 = SURFACE_STYLE_USAGE(.BOTH.,#18848);
#18848 = SURFACE_SIDE_STYLE('',(#18849));
#18849 = SURFACE_STYLE_FILL_AREA(#18850);
#18850 = FILL_AREA_STYLE('',(#18851));
#18851 = FILL_AREA_STYLE_COLOUR('',#18606);
#18852 = STYLED_ITEM('color',(#18853),#5549);
#18853 = PRESENTATION_STYLE_ASSIGNMENT((#18854));
#18854 = SURFACE_STYLE_USAGE(.BOTH.,#18855);
#18855 = SURFACE_SIDE_STYLE('',(#18856));
#18856 = SURFACE_STYLE_FILL_AREA(#18857);
#18857 = FILL_AREA_STYLE('',(#18858));
#18858 = FILL_AREA_STYLE_COLOUR('',#18606);
#18859 = STYLED_ITEM('color',(#18860),#5580);
#18860 = PRESENTATION_STYLE_ASSIGNMENT((#18861));
#18861 = SURFACE_STYLE_USAGE(.BOTH.,#18862);
#18862 = SURFACE_SIDE_STYLE('',(#18863));
#18863 = SURFACE_STYLE_FILL_AREA(#18864);
#18864 = FILL_AREA_STYLE('',(#18865));
#18865 = FILL_AREA_STYLE_COLOUR('',#18606);
#18866 = STYLED_ITEM('color',(#18867),#5604);
#18867 = PRESENTATION_STYLE_ASSIGNMENT((#18868));
#18868 = SURFACE_STYLE_USAGE(.BOTH.,#18869);
#18869 = SURFACE_SIDE_STYLE('',(#18870));
#18870 = SURFACE_STYLE_FILL_AREA(#18871);
#18871 = FILL_AREA_STYLE('',(#18872));
#18872 = FILL_AREA_STYLE_COLOUR('',#18606);
#18873 = STYLED_ITEM('color',(#18874),#5628);
#18874 = PRESENTATION_STYLE_ASSIGNMENT((#18875));
#18875 = SURFACE_STYLE_USAGE(.BOTH.,#18876);
#18876 = SURFACE_SIDE_STYLE('',(#18877));
#18877 = SURFACE_STYLE_FILL_AREA(#18878);
#18878 = FILL_AREA_STYLE('',(#18879));
#18879 = FILL_AREA_STYLE_COLOUR('',#18606);
#18880 = STYLED_ITEM('color',(#18881),#5645);
#18881 = PRESENTATION_STYLE_ASSIGNMENT((#18882));
#18882 = SURFACE_STYLE_USAGE(.BOTH.,#18883);
#18883 = SURFACE_SIDE_STYLE('',(#18884));
#18884 = SURFACE_STYLE_FILL_AREA(#18885);
#18885 = FILL_AREA_STYLE('',(#18886));
#18886 = FILL_AREA_STYLE_COLOUR('',#18606);
#18887 = STYLED_ITEM('color',(#18888),#5676);
#18888 = PRESENTATION_STYLE_ASSIGNMENT((#18889));
#18889 = SURFACE_STYLE_USAGE(.BOTH.,#18890);
#18890 = SURFACE_SIDE_STYLE('',(#18891));
#18891 = SURFACE_STYLE_FILL_AREA(#18892);
#18892 = FILL_AREA_STYLE('',(#18893));
#18893 = FILL_AREA_STYLE_COLOUR('',#18606);
#18894 = STYLED_ITEM('color',(#18895),#5700);
#18895 = PRESENTATION_STYLE_ASSIGNMENT((#18896));
#18896 = SURFACE_STYLE_USAGE(.BOTH.,#18897);
#18897 = SURFACE_SIDE_STYLE('',(#18898));
#18898 = SURFACE_STYLE_FILL_AREA(#18899);
#18899 = FILL_AREA_STYLE('',(#18900));
#18900 = FILL_AREA_STYLE_COLOUR('',#18606);
#18901 = STYLED_ITEM('color',(#18902),#5724);
#18902 = PRESENTATION_STYLE_ASSIGNMENT((#18903));
#18903 = SURFACE_STYLE_USAGE(.BOTH.,#18904);
#18904 = SURFACE_SIDE_STYLE('',(#18905));
#18905 = SURFACE_STYLE_FILL_AREA(#18906);
#18906 = FILL_AREA_STYLE('',(#18907));
#18907 = FILL_AREA_STYLE_COLOUR('',#18606);
#18908 = STYLED_ITEM('color',(#18909),#5741);
#18909 = PRESENTATION_STYLE_ASSIGNMENT((#18910));
#18910 = SURFACE_STYLE_USAGE(.BOTH.,#18911);
#18911 = SURFACE_SIDE_STYLE('',(#18912));
#18912 = SURFACE_STYLE_FILL_AREA(#18913);
#18913 = FILL_AREA_STYLE('',(#18914));
#18914 = FILL_AREA_STYLE_COLOUR('',#18606);
#18915 = STYLED_ITEM('color',(#18916),#5772);
#18916 = PRESENTATION_STYLE_ASSIGNMENT((#18917));
#18917 = SURFACE_STYLE_USAGE(.BOTH.,#18918);
#18918 = SURFACE_SIDE_STYLE('',(#18919));
#18919 = SURFACE_STYLE_FILL_AREA(#18920);
#18920 = FILL_AREA_STYLE('',(#18921));
#18921 = FILL_AREA_STYLE_COLOUR('',#18606);
#18922 = STYLED_ITEM('color',(#18923),#5796);
#18923 = PRESENTATION_STYLE_ASSIGNMENT((#18924));
#18924 = SURFACE_STYLE_USAGE(.BOTH.,#18925);
#18925 = SURFACE_SIDE_STYLE('',(#18926));
#18926 = SURFACE_STYLE_FILL_AREA(#18927);
#18927 = FILL_AREA_STYLE('',(#18928));
#18928 = FILL_AREA_STYLE_COLOUR('',#18606);
#18929 = STYLED_ITEM('color',(#18930),#5820);
#18930 = PRESENTATION_STYLE_ASSIGNMENT((#18931));
#18931 = SURFACE_STYLE_USAGE(.BOTH.,#18932);
#18932 = SURFACE_SIDE_STYLE('',(#18933));
#18933 = SURFACE_STYLE_FILL_AREA(#18934);
#18934 = FILL_AREA_STYLE('',(#18935));
#18935 = FILL_AREA_STYLE_COLOUR('',#18606);
#18936 = STYLED_ITEM('color',(#18937),#5837);
#18937 = PRESENTATION_STYLE_ASSIGNMENT((#18938));
#18938 = SURFACE_STYLE_USAGE(.BOTH.,#18939);
#18939 = SURFACE_SIDE_STYLE('',(#18940));
#18940 = SURFACE_STYLE_FILL_AREA(#18941);
#18941 = FILL_AREA_STYLE('',(#18942));
#18942 = FILL_AREA_STYLE_COLOUR('',#18606);
#18943 = STYLED_ITEM('color',(#18944),#5868);
#18944 = PRESENTATION_STYLE_ASSIGNMENT((#18945));
#18945 = SURFACE_STYLE_USAGE(.BOTH.,#18946);
#18946 = SURFACE_SIDE_STYLE('',(#18947));
#18947 = SURFACE_STYLE_FILL_AREA(#18948);
#18948 = FILL_AREA_STYLE('',(#18949));
#18949 = FILL_AREA_STYLE_COLOUR('',#18606);
#18950 = STYLED_ITEM('color',(#18951),#5892);
#18951 = PRESENTATION_STYLE_ASSIGNMENT((#18952));
#18952 = SURFACE_STYLE_USAGE(.BOTH.,#18953);
#18953 = SURFACE_SIDE_STYLE('',(#18954));
#18954 = SURFACE_STYLE_FILL_AREA(#18955);
#18955 = FILL_AREA_STYLE('',(#18956));
#18956 = FILL_AREA_STYLE_COLOUR('',#18606);
#18957 = STYLED_ITEM('color',(#18958),#5916);
#18958 = PRESENTATION_STYLE_ASSIGNMENT((#18959));
#18959 = SURFACE_STYLE_USAGE(.BOTH.,#18960);
#18960 = SURFACE_SIDE_STYLE('',(#18961));
#18961 = SURFACE_STYLE_FILL_AREA(#18962);
#18962 = FILL_AREA_STYLE('',(#18963));
#18963 = FILL_AREA_STYLE_COLOUR('',#18606);
#18964 = STYLED_ITEM('color',(#18965),#5933);
#18965 = PRESENTATION_STYLE_ASSIGNMENT((#18966));
#18966 = SURFACE_STYLE_USAGE(.BOTH.,#18967);
#18967 = SURFACE_SIDE_STYLE('',(#18968));
#18968 = SURFACE_STYLE_FILL_AREA(#18969);
#18969 = FILL_AREA_STYLE('',(#18970));
#18970 = FILL_AREA_STYLE_COLOUR('',#18606);
#18971 = STYLED_ITEM('color',(#18972),#5996);
#18972 = PRESENTATION_STYLE_ASSIGNMENT((#18973));
#18973 = SURFACE_STYLE_USAGE(.BOTH.,#18974);
#18974 = SURFACE_SIDE_STYLE('',(#18975));
#18975 = SURFACE_STYLE_FILL_AREA(#18976);
#18976 = FILL_AREA_STYLE('',(#18977));
#18977 = FILL_AREA_STYLE_COLOUR('',#18606);
#18978 = STYLED_ITEM('color',(#18979),#6020);
#18979 = PRESENTATION_STYLE_ASSIGNMENT((#18980));
#18980 = SURFACE_STYLE_USAGE(.BOTH.,#18981);
#18981 = SURFACE_SIDE_STYLE('',(#18982));
#18982 = SURFACE_STYLE_FILL_AREA(#18983);
#18983 = FILL_AREA_STYLE('',(#18984));
#18984 = FILL_AREA_STYLE_COLOUR('',#18606);
#18985 = STYLED_ITEM('color',(#18986),#6076);
#18986 = PRESENTATION_STYLE_ASSIGNMENT((#18987));
#18987 = SURFACE_STYLE_USAGE(.BOTH.,#18988);
#18988 = SURFACE_SIDE_STYLE('',(#18989));
#18989 = SURFACE_STYLE_FILL_AREA(#18990);
#18990 = FILL_AREA_STYLE('',(#18991));
#18991 = FILL_AREA_STYLE_COLOUR('',#18606);
#18992 = STYLED_ITEM('color',(#18993),#6093);
#18993 = PRESENTATION_STYLE_ASSIGNMENT((#18994));
#18994 = SURFACE_STYLE_USAGE(.BOTH.,#18995);
#18995 = SURFACE_SIDE_STYLE('',(#18996));
#18996 = SURFACE_STYLE_FILL_AREA(#18997);
#18997 = FILL_AREA_STYLE('',(#18998));
#18998 = FILL_AREA_STYLE_COLOUR('',#18606);
#18999 = STYLED_ITEM('color',(#19000),#6124);
#19000 = PRESENTATION_STYLE_ASSIGNMENT((#19001));
#19001 = SURFACE_STYLE_USAGE(.BOTH.,#19002);
#19002 = SURFACE_SIDE_STYLE('',(#19003));
#19003 = SURFACE_STYLE_FILL_AREA(#19004);
#19004 = FILL_AREA_STYLE('',(#19005));
#19005 = FILL_AREA_STYLE_COLOUR('',#18606);
#19006 = STYLED_ITEM('color',(#19007),#6148);
#19007 = PRESENTATION_STYLE_ASSIGNMENT((#19008));
#19008 = SURFACE_STYLE_USAGE(.BOTH.,#19009);
#19009 = SURFACE_SIDE_STYLE('',(#19010));
#19010 = SURFACE_STYLE_FILL_AREA(#19011);
#19011 = FILL_AREA_STYLE('',(#19012));
#19012 = FILL_AREA_STYLE_COLOUR('',#18606);
#19013 = STYLED_ITEM('color',(#19014),#6172);
#19014 = PRESENTATION_STYLE_ASSIGNMENT((#19015));
#19015 = SURFACE_STYLE_USAGE(.BOTH.,#19016);
#19016 = SURFACE_SIDE_STYLE('',(#19017));
#19017 = SURFACE_STYLE_FILL_AREA(#19018);
#19018 = FILL_AREA_STYLE('',(#19019));
#19019 = FILL_AREA_STYLE_COLOUR('',#18606);
#19020 = STYLED_ITEM('color',(#19021),#6189);
#19021 = PRESENTATION_STYLE_ASSIGNMENT((#19022));
#19022 = SURFACE_STYLE_USAGE(.BOTH.,#19023);
#19023 = SURFACE_SIDE_STYLE('',(#19024));
#19024 = SURFACE_STYLE_FILL_AREA(#19025);
#19025 = FILL_AREA_STYLE('',(#19026));
#19026 = FILL_AREA_STYLE_COLOUR('',#18606);
#19027 = STYLED_ITEM('color',(#19028),#6220);
#19028 = PRESENTATION_STYLE_ASSIGNMENT((#19029));
#19029 = SURFACE_STYLE_USAGE(.BOTH.,#19030);
#19030 = SURFACE_SIDE_STYLE('',(#19031));
#19031 = SURFACE_STYLE_FILL_AREA(#19032);
#19032 = FILL_AREA_STYLE('',(#19033));
#19033 = FILL_AREA_STYLE_COLOUR('',#18606);
#19034 = STYLED_ITEM('color',(#19035),#6244);
#19035 = PRESENTATION_STYLE_ASSIGNMENT((#19036));
#19036 = SURFACE_STYLE_USAGE(.BOTH.,#19037);
#19037 = SURFACE_SIDE_STYLE('',(#19038));
#19038 = SURFACE_STYLE_FILL_AREA(#19039);
#19039 = FILL_AREA_STYLE('',(#19040));
#19040 = FILL_AREA_STYLE_COLOUR('',#18606);
#19041 = STYLED_ITEM('color',(#19042),#6268);
#19042 = PRESENTATION_STYLE_ASSIGNMENT((#19043));
#19043 = SURFACE_STYLE_USAGE(.BOTH.,#19044);
#19044 = SURFACE_SIDE_STYLE('',(#19045));
#19045 = SURFACE_STYLE_FILL_AREA(#19046);
#19046 = FILL_AREA_STYLE('',(#19047));
#19047 = FILL_AREA_STYLE_COLOUR('',#18606);
#19048 = STYLED_ITEM('color',(#19049),#6285);
#19049 = PRESENTATION_STYLE_ASSIGNMENT((#19050));
#19050 = SURFACE_STYLE_USAGE(.BOTH.,#19051);
#19051 = SURFACE_SIDE_STYLE('',(#19052));
#19052 = SURFACE_STYLE_FILL_AREA(#19053);
#19053 = FILL_AREA_STYLE('',(#19054));
#19054 = FILL_AREA_STYLE_COLOUR('',#18606);
#19055 = STYLED_ITEM('color',(#19056),#6316);
#19056 = PRESENTATION_STYLE_ASSIGNMENT((#19057));
#19057 = SURFACE_STYLE_USAGE(.BOTH.,#19058);
#19058 = SURFACE_SIDE_STYLE('',(#19059));
#19059 = SURFACE_STYLE_FILL_AREA(#19060);
#19060 = FILL_AREA_STYLE('',(#19061));
#19061 = FILL_AREA_STYLE_COLOUR('',#18606);
#19062 = STYLED_ITEM('color',(#19063),#6340);
#19063 = PRESENTATION_STYLE_ASSIGNMENT((#19064));
#19064 = SURFACE_STYLE_USAGE(.BOTH.,#19065);
#19065 = SURFACE_SIDE_STYLE('',(#19066));
#19066 = SURFACE_STYLE_FILL_AREA(#19067);
#19067 = FILL_AREA_STYLE('',(#19068));
#19068 = FILL_AREA_STYLE_COLOUR('',#18606);
#19069 = STYLED_ITEM('color',(#19070),#6364);
#19070 = PRESENTATION_STYLE_ASSIGNMENT((#19071));
#19071 = SURFACE_STYLE_USAGE(.BOTH.,#19072);
#19072 = SURFACE_SIDE_STYLE('',(#19073));
#19073 = SURFACE_STYLE_FILL_AREA(#19074);
#19074 = FILL_AREA_STYLE('',(#19075));
#19075 = FILL_AREA_STYLE_COLOUR('',#18606);
#19076 = STYLED_ITEM('color',(#19077),#6381);
#19077 = PRESENTATION_STYLE_ASSIGNMENT((#19078));
#19078 = SURFACE_STYLE_USAGE(.BOTH.,#19079);
#19079 = SURFACE_SIDE_STYLE('',(#19080));
#19080 = SURFACE_STYLE_FILL_AREA(#19081);
#19081 = FILL_AREA_STYLE('',(#19082));
#19082 = FILL_AREA_STYLE_COLOUR('',#18606);
#19083 = STYLED_ITEM('color',(#19084),#6412);
#19084 = PRESENTATION_STYLE_ASSIGNMENT((#19085));
#19085 = SURFACE_STYLE_USAGE(.BOTH.,#19086);
#19086 = SURFACE_SIDE_STYLE('',(#19087));
#19087 = SURFACE_STYLE_FILL_AREA(#19088);
#19088 = FILL_AREA_STYLE('',(#19089));
#19089 = FILL_AREA_STYLE_COLOUR('',#18606);
#19090 = STYLED_ITEM('color',(#19091),#6436);
#19091 = PRESENTATION_STYLE_ASSIGNMENT((#19092));
#19092 = SURFACE_STYLE_USAGE(.BOTH.,#19093);
#19093 = SURFACE_SIDE_STYLE('',(#19094));
#19094 = SURFACE_STYLE_FILL_AREA(#19095);
#19095 = FILL_AREA_STYLE('',(#19096));
#19096 = FILL_AREA_STYLE_COLOUR('',#18606);
#19097 = STYLED_ITEM('color',(#19098),#6460);
#19098 = PRESENTATION_STYLE_ASSIGNMENT((#19099));
#19099 = SURFACE_STYLE_USAGE(.BOTH.,#19100);
#19100 = SURFACE_SIDE_STYLE('',(#19101));
#19101 = SURFACE_STYLE_FILL_AREA(#19102);
#19102 = FILL_AREA_STYLE('',(#19103));
#19103 = FILL_AREA_STYLE_COLOUR('',#18606);
#19104 = STYLED_ITEM('color',(#19105),#6477);
#19105 = PRESENTATION_STYLE_ASSIGNMENT((#19106));
#19106 = SURFACE_STYLE_USAGE(.BOTH.,#19107);
#19107 = SURFACE_SIDE_STYLE('',(#19108));
#19108 = SURFACE_STYLE_FILL_AREA(#19109);
#19109 = FILL_AREA_STYLE('',(#19110));
#19110 = FILL_AREA_STYLE_COLOUR('',#18606);
#19111 = STYLED_ITEM('color',(#19112),#6508);
#19112 = PRESENTATION_STYLE_ASSIGNMENT((#19113));
#19113 = SURFACE_STYLE_USAGE(.BOTH.,#19114);
#19114 = SURFACE_SIDE_STYLE('',(#19115));
#19115 = SURFACE_STYLE_FILL_AREA(#19116);
#19116 = FILL_AREA_STYLE('',(#19117));
#19117 = FILL_AREA_STYLE_COLOUR('',#18606);
#19118 = STYLED_ITEM('color',(#19119),#6532);
#19119 = PRESENTATION_STYLE_ASSIGNMENT((#19120));
#19120 = SURFACE_STYLE_USAGE(.BOTH.,#19121);
#19121 = SURFACE_SIDE_STYLE('',(#19122));
#19122 = SURFACE_STYLE_FILL_AREA(#19123);
#19123 = FILL_AREA_STYLE('',(#19124));
#19124 = FILL_AREA_STYLE_COLOUR('',#18606);
#19125 = STYLED_ITEM('color',(#19126),#6556);
#19126 = PRESENTATION_STYLE_ASSIGNMENT((#19127));
#19127 = SURFACE_STYLE_USAGE(.BOTH.,#19128);
#19128 = SURFACE_SIDE_STYLE('',(#19129));
#19129 = SURFACE_STYLE_FILL_AREA(#19130);
#19130 = FILL_AREA_STYLE('',(#19131));
#19131 = FILL_AREA_STYLE_COLOUR('',#18606);
#19132 = STYLED_ITEM('color',(#19133),#6573);
#19133 = PRESENTATION_STYLE_ASSIGNMENT((#19134));
#19134 = SURFACE_STYLE_USAGE(.BOTH.,#19135);
#19135 = SURFACE_SIDE_STYLE('',(#19136));
#19136 = SURFACE_STYLE_FILL_AREA(#19137);
#19137 = FILL_AREA_STYLE('',(#19138));
#19138 = FILL_AREA_STYLE_COLOUR('',#18606);
#19139 = STYLED_ITEM('color',(#19140),#6604);
#19140 = PRESENTATION_STYLE_ASSIGNMENT((#19141));
#19141 = SURFACE_STYLE_USAGE(.BOTH.,#19142);
#19142 = SURFACE_SIDE_STYLE('',(#19143));
#19143 = SURFACE_STYLE_FILL_AREA(#19144);
#19144 = FILL_AREA_STYLE('',(#19145));
#19145 = FILL_AREA_STYLE_COLOUR('',#18606);
#19146 = STYLED_ITEM('color',(#19147),#6628);
#19147 = PRESENTATION_STYLE_ASSIGNMENT((#19148));
#19148 = SURFACE_STYLE_USAGE(.BOTH.,#19149);
#19149 = SURFACE_SIDE_STYLE('',(#19150));
#19150 = SURFACE_STYLE_FILL_AREA(#19151);
#19151 = FILL_AREA_STYLE('',(#19152));
#19152 = FILL_AREA_STYLE_COLOUR('',#18606);
#19153 = STYLED_ITEM('color',(#19154),#6652);
#19154 = PRESENTATION_STYLE_ASSIGNMENT((#19155));
#19155 = SURFACE_STYLE_USAGE(.BOTH.,#19156);
#19156 = SURFACE_SIDE_STYLE('',(#19157));
#19157 = SURFACE_STYLE_FILL_AREA(#19158);
#19158 = FILL_AREA_STYLE('',(#19159));
#19159 = FILL_AREA_STYLE_COLOUR('',#18606);
#19160 = STYLED_ITEM('color',(#19161),#6669);
#19161 = PRESENTATION_STYLE_ASSIGNMENT((#19162));
#19162 = SURFACE_STYLE_USAGE(.BOTH.,#19163);
#19163 = SURFACE_SIDE_STYLE('',(#19164));
#19164 = SURFACE_STYLE_FILL_AREA(#19165);
#19165 = FILL_AREA_STYLE('',(#19166));
#19166 = FILL_AREA_STYLE_COLOUR('',#18606);
#19167 = STYLED_ITEM('color',(#19168),#6700);
#19168 = PRESENTATION_STYLE_ASSIGNMENT((#19169));
#19169 = SURFACE_STYLE_USAGE(.BOTH.,#19170);
#19170 = SURFACE_SIDE_STYLE('',(#19171));
#19171 = SURFACE_STYLE_FILL_AREA(#19172);
#19172 = FILL_AREA_STYLE('',(#19173));
#19173 = FILL_AREA_STYLE_COLOUR('',#18606);
#19174 = STYLED_ITEM('color',(#19175),#6724);
#19175 = PRESENTATION_STYLE_ASSIGNMENT((#19176));
#19176 = SURFACE_STYLE_USAGE(.BOTH.,#19177);
#19177 = SURFACE_SIDE_STYLE('',(#19178));
#19178 = SURFACE_STYLE_FILL_AREA(#19179);
#19179 = FILL_AREA_STYLE('',(#19180));
#19180 = FILL_AREA_STYLE_COLOUR('',#18606);
#19181 = STYLED_ITEM('color',(#19182),#6748);
#19182 = PRESENTATION_STYLE_ASSIGNMENT((#19183));
#19183 = SURFACE_STYLE_USAGE(.BOTH.,#19184);
#19184 = SURFACE_SIDE_STYLE('',(#19185));
#19185 = SURFACE_STYLE_FILL_AREA(#19186);
#19186 = FILL_AREA_STYLE('',(#19187));
#19187 = FILL_AREA_STYLE_COLOUR('',#18606);
#19188 = STYLED_ITEM('color',(#19189),#6765);
#19189 = PRESENTATION_STYLE_ASSIGNMENT((#19190));
#19190 = SURFACE_STYLE_USAGE(.BOTH.,#19191);
#19191 = SURFACE_SIDE_STYLE('',(#19192));
#19192 = SURFACE_STYLE_FILL_AREA(#19193);
#19193 = FILL_AREA_STYLE('',(#19194));
#19194 = FILL_AREA_STYLE_COLOUR('',#18606);
#19195 = STYLED_ITEM('color',(#19196),#6796);
#19196 = PRESENTATION_STYLE_ASSIGNMENT((#19197));
#19197 = SURFACE_STYLE_USAGE(.BOTH.,#19198);
#19198 = SURFACE_SIDE_STYLE('',(#19199));
#19199 = SURFACE_STYLE_FILL_AREA(#19200);
#19200 = FILL_AREA_STYLE('',(#19201));
#19201 = FILL_AREA_STYLE_COLOUR('',#18606);
#19202 = STYLED_ITEM('color',(#19203),#6820);
#19203 = PRESENTATION_STYLE_ASSIGNMENT((#19204));
#19204 = SURFACE_STYLE_USAGE(.BOTH.,#19205);
#19205 = SURFACE_SIDE_STYLE('',(#19206));
#19206 = SURFACE_STYLE_FILL_AREA(#19207);
#19207 = FILL_AREA_STYLE('',(#19208));
#19208 = FILL_AREA_STYLE_COLOUR('',#18606);
#19209 = STYLED_ITEM('color',(#19210),#6844);
#19210 = PRESENTATION_STYLE_ASSIGNMENT((#19211));
#19211 = SURFACE_STYLE_USAGE(.BOTH.,#19212);
#19212 = SURFACE_SIDE_STYLE('',(#19213));
#19213 = SURFACE_STYLE_FILL_AREA(#19214);
#19214 = FILL_AREA_STYLE('',(#19215));
#19215 = FILL_AREA_STYLE_COLOUR('',#18606);
#19216 = STYLED_ITEM('color',(#19217),#6861);
#19217 = PRESENTATION_STYLE_ASSIGNMENT((#19218));
#19218 = SURFACE_STYLE_USAGE(.BOTH.,#19219);
#19219 = SURFACE_SIDE_STYLE('',(#19220));
#19220 = SURFACE_STYLE_FILL_AREA(#19221);
#19221 = FILL_AREA_STYLE('',(#19222));
#19222 = FILL_AREA_STYLE_COLOUR('',#18606);
#19223 = STYLED_ITEM('color',(#19224),#6892);
#19224 = PRESENTATION_STYLE_ASSIGNMENT((#19225));
#19225 = SURFACE_STYLE_USAGE(.BOTH.,#19226);
#19226 = SURFACE_SIDE_STYLE('',(#19227));
#19227 = SURFACE_STYLE_FILL_AREA(#19228);
#19228 = FILL_AREA_STYLE('',(#19229));
#19229 = FILL_AREA_STYLE_COLOUR('',#18606);
#19230 = STYLED_ITEM('color',(#19231),#6916);
#19231 = PRESENTATION_STYLE_ASSIGNMENT((#19232));
#19232 = SURFACE_STYLE_USAGE(.BOTH.,#19233);
#19233 = SURFACE_SIDE_STYLE('',(#19234));
#19234 = SURFACE_STYLE_FILL_AREA(#19235);
#19235 = FILL_AREA_STYLE('',(#19236));
#19236 = FILL_AREA_STYLE_COLOUR('',#18606);
#19237 = STYLED_ITEM('color',(#19238),#6940);
#19238 = PRESENTATION_STYLE_ASSIGNMENT((#19239));
#19239 = SURFACE_STYLE_USAGE(.BOTH.,#19240);
#19240 = SURFACE_SIDE_STYLE('',(#19241));
#19241 = SURFACE_STYLE_FILL_AREA(#19242);
#19242 = FILL_AREA_STYLE('',(#19243));
#19243 = FILL_AREA_STYLE_COLOUR('',#18606);
#19244 = STYLED_ITEM('color',(#19245),#6957);
#19245 = PRESENTATION_STYLE_ASSIGNMENT((#19246));
#19246 = SURFACE_STYLE_USAGE(.BOTH.,#19247);
#19247 = SURFACE_SIDE_STYLE('',(#19248));
#19248 = SURFACE_STYLE_FILL_AREA(#19249);
#19249 = FILL_AREA_STYLE('',(#19250));
#19250 = FILL_AREA_STYLE_COLOUR('',#18606);
#19251 = STYLED_ITEM('color',(#19252),#6988);
#19252 = PRESENTATION_STYLE_ASSIGNMENT((#19253));
#19253 = SURFACE_STYLE_USAGE(.BOTH.,#19254);
#19254 = SURFACE_SIDE_STYLE('',(#19255));
#19255 = SURFACE_STYLE_FILL_AREA(#19256);
#19256 = FILL_AREA_STYLE('',(#19257));
#19257 = FILL_AREA_STYLE_COLOUR('',#18606);
#19258 = STYLED_ITEM('color',(#19259),#7012);
#19259 = PRESENTATION_STYLE_ASSIGNMENT((#19260));
#19260 = SURFACE_STYLE_USAGE(.BOTH.,#19261);
#19261 = SURFACE_SIDE_STYLE('',(#19262));
#19262 = SURFACE_STYLE_FILL_AREA(#19263);
#19263 = FILL_AREA_STYLE('',(#19264));
#19264 = FILL_AREA_STYLE_COLOUR('',#18606);
#19265 = STYLED_ITEM('color',(#19266),#7036);
#19266 = PRESENTATION_STYLE_ASSIGNMENT((#19267));
#19267 = SURFACE_STYLE_USAGE(.BOTH.,#19268);
#19268 = SURFACE_SIDE_STYLE('',(#19269));
#19269 = SURFACE_STYLE_FILL_AREA(#19270);
#19270 = FILL_AREA_STYLE('',(#19271));
#19271 = FILL_AREA_STYLE_COLOUR('',#18606);
#19272 = STYLED_ITEM('color',(#19273),#7053);
#19273 = PRESENTATION_STYLE_ASSIGNMENT((#19274));
#19274 = SURFACE_STYLE_USAGE(.BOTH.,#19275);
#19275 = SURFACE_SIDE_STYLE('',(#19276));
#19276 = SURFACE_STYLE_FILL_AREA(#19277);
#19277 = FILL_AREA_STYLE('',(#19278));
#19278 = FILL_AREA_STYLE_COLOUR('',#18606);
#19279 = STYLED_ITEM('color',(#19280),#7084);
#19280 = PRESENTATION_STYLE_ASSIGNMENT((#19281));
#19281 = SURFACE_STYLE_USAGE(.BOTH.,#19282);
#19282 = SURFACE_SIDE_STYLE('',(#19283));
#19283 = SURFACE_STYLE_FILL_AREA(#19284);
#19284 = FILL_AREA_STYLE('',(#19285));
#19285 = FILL_AREA_STYLE_COLOUR('',#18606);
#19286 = STYLED_ITEM('color',(#19287),#7108);
#19287 = PRESENTATION_STYLE_ASSIGNMENT((#19288));
#19288 = SURFACE_STYLE_USAGE(.BOTH.,#19289);
#19289 = SURFACE_SIDE_STYLE('',(#19290));
#19290 = SURFACE_STYLE_FILL_AREA(#19291);
#19291 = FILL_AREA_STYLE('',(#19292));
#19292 = FILL_AREA_STYLE_COLOUR('',#18606);
#19293 = STYLED_ITEM('color',(#19294),#7132);
#19294 = PRESENTATION_STYLE_ASSIGNMENT((#19295));
#19295 = SURFACE_STYLE_USAGE(.BOTH.,#19296);
#19296 = SURFACE_SIDE_STYLE('',(#19297));
#19297 = SURFACE_STYLE_FILL_AREA(#19298);
#19298 = FILL_AREA_STYLE('',(#19299));
#19299 = FILL_AREA_STYLE_COLOUR('',#18606);
#19300 = STYLED_ITEM('color',(#19301),#7149);
#19301 = PRESENTATION_STYLE_ASSIGNMENT((#19302));
#19302 = SURFACE_STYLE_USAGE(.BOTH.,#19303);
#19303 = SURFACE_SIDE_STYLE('',(#19304));
#19304 = SURFACE_STYLE_FILL_AREA(#19305);
#19305 = FILL_AREA_STYLE('',(#19306));
#19306 = FILL_AREA_STYLE_COLOUR('',#18606);
#19307 = STYLED_ITEM('color',(#19308),#7212);
#19308 = PRESENTATION_STYLE_ASSIGNMENT((#19309));
#19309 = SURFACE_STYLE_USAGE(.BOTH.,#19310);
#19310 = SURFACE_SIDE_STYLE('',(#19311));
#19311 = SURFACE_STYLE_FILL_AREA(#19312);
#19312 = FILL_AREA_STYLE('',(#19313));
#19313 = FILL_AREA_STYLE_COLOUR('',#18606);
#19314 = STYLED_ITEM('color',(#19315),#7236);
#19315 = PRESENTATION_STYLE_ASSIGNMENT((#19316));
#19316 = SURFACE_STYLE_USAGE(.BOTH.,#19317);
#19317 = SURFACE_SIDE_STYLE('',(#19318));
#19318 = SURFACE_STYLE_FILL_AREA(#19319);
#19319 = FILL_AREA_STYLE('',(#19320));
#19320 = FILL_AREA_STYLE_COLOUR('',#18606);
#19321 = STYLED_ITEM('color',(#19322),#7292);
#19322 = PRESENTATION_STYLE_ASSIGNMENT((#19323));
#19323 = SURFACE_STYLE_USAGE(.BOTH.,#19324);
#19324 = SURFACE_SIDE_STYLE('',(#19325));
#19325 = SURFACE_STYLE_FILL_AREA(#19326);
#19326 = FILL_AREA_STYLE('',(#19327));
#19327 = FILL_AREA_STYLE_COLOUR('',#18606);
#19328 = STYLED_ITEM('color',(#19329),#7309);
#19329 = PRESENTATION_STYLE_ASSIGNMENT((#19330));
#19330 = SURFACE_STYLE_USAGE(.BOTH.,#19331);
#19331 = SURFACE_SIDE_STYLE('',(#19332));
#19332 = SURFACE_STYLE_FILL_AREA(#19333);
#19333 = FILL_AREA_STYLE('',(#19334));
#19334 = FILL_AREA_STYLE_COLOUR('',#18606);
#19335 = STYLED_ITEM('color',(#19336),#7340);
#19336 = PRESENTATION_STYLE_ASSIGNMENT((#19337));
#19337 = SURFACE_STYLE_USAGE(.BOTH.,#19338);
#19338 = SURFACE_SIDE_STYLE('',(#19339));
#19339 = SURFACE_STYLE_FILL_AREA(#19340);
#19340 = FILL_AREA_STYLE('',(#19341));
#19341 = FILL_AREA_STYLE_COLOUR('',#18606);
#19342 = STYLED_ITEM('color',(#19343),#7364);
#19343 = PRESENTATION_STYLE_ASSIGNMENT((#19344));
#19344 = SURFACE_STYLE_USAGE(.BOTH.,#19345);
#19345 = SURFACE_SIDE_STYLE('',(#19346));
#19346 = SURFACE_STYLE_FILL_AREA(#19347);
#19347 = FILL_AREA_STYLE('',(#19348));
#19348 = FILL_AREA_STYLE_COLOUR('',#18606);
#19349 = STYLED_ITEM('color',(#19350),#7388);
#19350 = PRESENTATION_STYLE_ASSIGNMENT((#19351));
#19351 = SURFACE_STYLE_USAGE(.BOTH.,#19352);
#19352 = SURFACE_SIDE_STYLE('',(#19353));
#19353 = SURFACE_STYLE_FILL_AREA(#19354);
#19354 = FILL_AREA_STYLE('',(#19355));
#19355 = FILL_AREA_STYLE_COLOUR('',#18606);
#19356 = STYLED_ITEM('color',(#19357),#7405);
#19357 = PRESENTATION_STYLE_ASSIGNMENT((#19358));
#19358 = SURFACE_STYLE_USAGE(.BOTH.,#19359);
#19359 = SURFACE_SIDE_STYLE('',(#19360));
#19360 = SURFACE_STYLE_FILL_AREA(#19361);
#19361 = FILL_AREA_STYLE('',(#19362));
#19362 = FILL_AREA_STYLE_COLOUR('',#18606);
#19363 = STYLED_ITEM('color',(#19364),#7436);
#19364 = PRESENTATION_STYLE_ASSIGNMENT((#19365));
#19365 = SURFACE_STYLE_USAGE(.BOTH.,#19366);
#19366 = SURFACE_SIDE_STYLE('',(#19367));
#19367 = SURFACE_STYLE_FILL_AREA(#19368);
#19368 = FILL_AREA_STYLE('',(#19369));
#19369 = FILL_AREA_STYLE_COLOUR('',#18606);
#19370 = STYLED_ITEM('color',(#19371),#7460);
#19371 = PRESENTATION_STYLE_ASSIGNMENT((#19372));
#19372 = SURFACE_STYLE_USAGE(.BOTH.,#19373);
#19373 = SURFACE_SIDE_STYLE('',(#19374));
#19374 = SURFACE_STYLE_FILL_AREA(#19375);
#19375 = FILL_AREA_STYLE('',(#19376));
#19376 = FILL_AREA_STYLE_COLOUR('',#18606);
#19377 = STYLED_ITEM('color',(#19378),#7484);
#19378 = PRESENTATION_STYLE_ASSIGNMENT((#19379));
#19379 = SURFACE_STYLE_USAGE(.BOTH.,#19380);
#19380 = SURFACE_SIDE_STYLE('',(#19381));
#19381 = SURFACE_STYLE_FILL_AREA(#19382);
#19382 = FILL_AREA_STYLE('',(#19383));
#19383 = FILL_AREA_STYLE_COLOUR('',#18606);
#19384 = STYLED_ITEM('color',(#19385),#7501);
#19385 = PRESENTATION_STYLE_ASSIGNMENT((#19386));
#19386 = SURFACE_STYLE_USAGE(.BOTH.,#19387);
#19387 = SURFACE_SIDE_STYLE('',(#19388));
#19388 = SURFACE_STYLE_FILL_AREA(#19389);
#19389 = FILL_AREA_STYLE('',(#19390));
#19390 = FILL_AREA_STYLE_COLOUR('',#18606);
#19391 = STYLED_ITEM('color',(#19392),#7532);
#19392 = PRESENTATION_STYLE_ASSIGNMENT((#19393));
#19393 = SURFACE_STYLE_USAGE(.BOTH.,#19394);
#19394 = SURFACE_SIDE_STYLE('',(#19395));
#19395 = SURFACE_STYLE_FILL_AREA(#19396);
#19396 = FILL_AREA_STYLE('',(#19397));
#19397 = FILL_AREA_STYLE_COLOUR('',#18606);
#19398 = STYLED_ITEM('color',(#19399),#7556);
#19399 = PRESENTATION_STYLE_ASSIGNMENT((#19400));
#19400 = SURFACE_STYLE_USAGE(.BOTH.,#19401);
#19401 = SURFACE_SIDE_STYLE('',(#19402));
#19402 = SURFACE_STYLE_FILL_AREA(#19403);
#19403 = FILL_AREA_STYLE('',(#19404));
#19404 = FILL_AREA_STYLE_COLOUR('',#18606);
#19405 = STYLED_ITEM('color',(#19406),#7580);
#19406 = PRESENTATION_STYLE_ASSIGNMENT((#19407));
#19407 = SURFACE_STYLE_USAGE(.BOTH.,#19408);
#19408 = SURFACE_SIDE_STYLE('',(#19409));
#19409 = SURFACE_STYLE_FILL_AREA(#19410);
#19410 = FILL_AREA_STYLE('',(#19411));
#19411 = FILL_AREA_STYLE_COLOUR('',#18606);
#19412 = STYLED_ITEM('color',(#19413),#7597);
#19413 = PRESENTATION_STYLE_ASSIGNMENT((#19414));
#19414 = SURFACE_STYLE_USAGE(.BOTH.,#19415);
#19415 = SURFACE_SIDE_STYLE('',(#19416));
#19416 = SURFACE_STYLE_FILL_AREA(#19417);
#19417 = FILL_AREA_STYLE('',(#19418));
#19418 = FILL_AREA_STYLE_COLOUR('',#18606);
#19419 = STYLED_ITEM('color',(#19420),#7628);
#19420 = PRESENTATION_STYLE_ASSIGNMENT((#19421));
#19421 = SURFACE_STYLE_USAGE(.BOTH.,#19422);
#19422 = SURFACE_SIDE_STYLE('',(#19423));
#19423 = SURFACE_STYLE_FILL_AREA(#19424);
#19424 = FILL_AREA_STYLE('',(#19425));
#19425 = FILL_AREA_STYLE_COLOUR('',#18606);
#19426 = STYLED_ITEM('color',(#19427),#7652);
#19427 = PRESENTATION_STYLE_ASSIGNMENT((#19428));
#19428 = SURFACE_STYLE_USAGE(.BOTH.,#19429);
#19429 = SURFACE_SIDE_STYLE('',(#19430));
#19430 = SURFACE_STYLE_FILL_AREA(#19431);
#19431 = FILL_AREA_STYLE('',(#19432));
#19432 = FILL_AREA_STYLE_COLOUR('',#18606);
#19433 = STYLED_ITEM('color',(#19434),#7676);
#19434 = PRESENTATION_STYLE_ASSIGNMENT((#19435));
#19435 = SURFACE_STYLE_USAGE(.BOTH.,#19436);
#19436 = SURFACE_SIDE_STYLE('',(#19437));
#19437 = SURFACE_STYLE_FILL_AREA(#19438);
#19438 = FILL_AREA_STYLE('',(#19439));
#19439 = FILL_AREA_STYLE_COLOUR('',#18606);
#19440 = STYLED_ITEM('color',(#19441),#7693);
#19441 = PRESENTATION_STYLE_ASSIGNMENT((#19442));
#19442 = SURFACE_STYLE_USAGE(.BOTH.,#19443);
#19443 = SURFACE_SIDE_STYLE('',(#19444));
#19444 = SURFACE_STYLE_FILL_AREA(#19445);
#19445 = FILL_AREA_STYLE('',(#19446));
#19446 = FILL_AREA_STYLE_COLOUR('',#18606);
#19447 = STYLED_ITEM('color',(#19448),#7724);
#19448 = PRESENTATION_STYLE_ASSIGNMENT((#19449));
#19449 = SURFACE_STYLE_USAGE(.BOTH.,#19450);
#19450 = SURFACE_SIDE_STYLE('',(#19451));
#19451 = SURFACE_STYLE_FILL_AREA(#19452);
#19452 = FILL_AREA_STYLE('',(#19453));
#19453 = FILL_AREA_STYLE_COLOUR('',#18606);
#19454 = STYLED_ITEM('color',(#19455),#7748);
#19455 = PRESENTATION_STYLE_ASSIGNMENT((#19456));
#19456 = SURFACE_STYLE_USAGE(.BOTH.,#19457);
#19457 = SURFACE_SIDE_STYLE('',(#19458));
#19458 = SURFACE_STYLE_FILL_AREA(#19459);
#19459 = FILL_AREA_STYLE('',(#19460));
#19460 = FILL_AREA_STYLE_COLOUR('',#18606);
#19461 = STYLED_ITEM('color',(#19462),#7772);
#19462 = PRESENTATION_STYLE_ASSIGNMENT((#19463));
#19463 = SURFACE_STYLE_USAGE(.BOTH.,#19464);
#19464 = SURFACE_SIDE_STYLE('',(#19465));
#19465 = SURFACE_STYLE_FILL_AREA(#19466);
#19466 = FILL_AREA_STYLE('',(#19467));
#19467 = FILL_AREA_STYLE_COLOUR('',#18606);
#19468 = STYLED_ITEM('color',(#19469),#7789);
#19469 = PRESENTATION_STYLE_ASSIGNMENT((#19470));
#19470 = SURFACE_STYLE_USAGE(.BOTH.,#19471);
#19471 = SURFACE_SIDE_STYLE('',(#19472));
#19472 = SURFACE_STYLE_FILL_AREA(#19473);
#19473 = FILL_AREA_STYLE('',(#19474));
#19474 = FILL_AREA_STYLE_COLOUR('',#18606);
#19475 = STYLED_ITEM('color',(#19476),#7820);
#19476 = PRESENTATION_STYLE_ASSIGNMENT((#19477));
#19477 = SURFACE_STYLE_USAGE(.BOTH.,#19478);
#19478 = SURFACE_SIDE_STYLE('',(#19479));
#19479 = SURFACE_STYLE_FILL_AREA(#19480);
#19480 = FILL_AREA_STYLE('',(#19481));
#19481 = FILL_AREA_STYLE_COLOUR('',#18606);
#19482 = STYLED_ITEM('color',(#19483),#7844);
#19483 = PRESENTATION_STYLE_ASSIGNMENT((#19484));
#19484 = SURFACE_STYLE_USAGE(.BOTH.,#19485);
#19485 = SURFACE_SIDE_STYLE('',(#19486));
#19486 = SURFACE_STYLE_FILL_AREA(#19487);
#19487 = FILL_AREA_STYLE('',(#19488));
#19488 = FILL_AREA_STYLE_COLOUR('',#18606);
#19489 = STYLED_ITEM('color',(#19490),#7868);
#19490 = PRESENTATION_STYLE_ASSIGNMENT((#19491));
#19491 = SURFACE_STYLE_USAGE(.BOTH.,#19492);
#19492 = SURFACE_SIDE_STYLE('',(#19493));
#19493 = SURFACE_STYLE_FILL_AREA(#19494);
#19494 = FILL_AREA_STYLE('',(#19495));
#19495 = FILL_AREA_STYLE_COLOUR('',#18606);
#19496 = STYLED_ITEM('color',(#19497),#7885);
#19497 = PRESENTATION_STYLE_ASSIGNMENT((#19498));
#19498 = SURFACE_STYLE_USAGE(.BOTH.,#19499);
#19499 = SURFACE_SIDE_STYLE('',(#19500));
#19500 = SURFACE_STYLE_FILL_AREA(#19501);
#19501 = FILL_AREA_STYLE('',(#19502));
#19502 = FILL_AREA_STYLE_COLOUR('',#18606);
#19503 = STYLED_ITEM('color',(#19504),#7916);
#19504 = PRESENTATION_STYLE_ASSIGNMENT((#19505));
#19505 = SURFACE_STYLE_USAGE(.BOTH.,#19506);
#19506 = SURFACE_SIDE_STYLE('',(#19507));
#19507 = SURFACE_STYLE_FILL_AREA(#19508);
#19508 = FILL_AREA_STYLE('',(#19509));
#19509 = FILL_AREA_STYLE_COLOUR('',#18606);
#19510 = STYLED_ITEM('color',(#19511),#7940);
#19511 = PRESENTATION_STYLE_ASSIGNMENT((#19512));
#19512 = SURFACE_STYLE_USAGE(.BOTH.,#19513);
#19513 = SURFACE_SIDE_STYLE('',(#19514));
#19514 = SURFACE_STYLE_FILL_AREA(#19515);
#19515 = FILL_AREA_STYLE('',(#19516));
#19516 = FILL_AREA_STYLE_COLOUR('',#18606);
#19517 = STYLED_ITEM('color',(#19518),#7964);
#19518 = PRESENTATION_STYLE_ASSIGNMENT((#19519));
#19519 = SURFACE_STYLE_USAGE(.BOTH.,#19520);
#19520 = SURFACE_SIDE_STYLE('',(#19521));
#19521 = SURFACE_STYLE_FILL_AREA(#19522);
#19522 = FILL_AREA_STYLE('',(#19523));
#19523 = FILL_AREA_STYLE_COLOUR('',#18606);
#19524 = STYLED_ITEM('color',(#19525),#7981);
#19525 = PRESENTATION_STYLE_ASSIGNMENT((#19526));
#19526 = SURFACE_STYLE_USAGE(.BOTH.,#19527);
#19527 = SURFACE_SIDE_STYLE('',(#19528));
#19528 = SURFACE_STYLE_FILL_AREA(#19529);
#19529 = FILL_AREA_STYLE('',(#19530));
#19530 = FILL_AREA_STYLE_COLOUR('',#18606);
#19531 = STYLED_ITEM('color',(#19532),#8012);
#19532 = PRESENTATION_STYLE_ASSIGNMENT((#19533));
#19533 = SURFACE_STYLE_USAGE(.BOTH.,#19534);
#19534 = SURFACE_SIDE_STYLE('',(#19535));
#19535 = SURFACE_STYLE_FILL_AREA(#19536);
#19536 = FILL_AREA_STYLE('',(#19537));
#19537 = FILL_AREA_STYLE_COLOUR('',#18606);
#19538 = STYLED_ITEM('color',(#19539),#8036);
#19539 = PRESENTATION_STYLE_ASSIGNMENT((#19540));
#19540 = SURFACE_STYLE_USAGE(.BOTH.,#19541);
#19541 = SURFACE_SIDE_STYLE('',(#19542));
#19542 = SURFACE_STYLE_FILL_AREA(#19543);
#19543 = FILL_AREA_STYLE('',(#19544));
#19544 = FILL_AREA_STYLE_COLOUR('',#18606);
#19545 = STYLED_ITEM('color',(#19546),#8060);
#19546 = PRESENTATION_STYLE_ASSIGNMENT((#19547));
#19547 = SURFACE_STYLE_USAGE(.BOTH.,#19548);
#19548 = SURFACE_SIDE_STYLE('',(#19549));
#19549 = SURFACE_STYLE_FILL_AREA(#19550);
#19550 = FILL_AREA_STYLE('',(#19551));
#19551 = FILL_AREA_STYLE_COLOUR('',#18606);
#19552 = STYLED_ITEM('color',(#19553),#8077);
#19553 = PRESENTATION_STYLE_ASSIGNMENT((#19554));
#19554 = SURFACE_STYLE_USAGE(.BOTH.,#19555);
#19555 = SURFACE_SIDE_STYLE('',(#19556));
#19556 = SURFACE_STYLE_FILL_AREA(#19557);
#19557 = FILL_AREA_STYLE('',(#19558));
#19558 = FILL_AREA_STYLE_COLOUR('',#18606);
#19559 = STYLED_ITEM('color',(#19560),#8108);
#19560 = PRESENTATION_STYLE_ASSIGNMENT((#19561));
#19561 = SURFACE_STYLE_USAGE(.BOTH.,#19562);
#19562 = SURFACE_SIDE_STYLE('',(#19563));
#19563 = SURFACE_STYLE_FILL_AREA(#19564);
#19564 = FILL_AREA_STYLE('',(#19565));
#19565 = FILL_AREA_STYLE_COLOUR('',#18606);
#19566 = STYLED_ITEM('color',(#19567),#8132);
#19567 = PRESENTATION_STYLE_ASSIGNMENT((#19568));
#19568 = SURFACE_STYLE_USAGE(.BOTH.,#19569);
#19569 = SURFACE_SIDE_STYLE('',(#19570));
#19570 = SURFACE_STYLE_FILL_AREA(#19571);
#19571 = FILL_AREA_STYLE('',(#19572));
#19572 = FILL_AREA_STYLE_COLOUR('',#18606);
#19573 = STYLED_ITEM('color',(#19574),#8156);
#19574 = PRESENTATION_STYLE_ASSIGNMENT((#19575));
#19575 = SURFACE_STYLE_USAGE(.BOTH.,#19576);
#19576 = SURFACE_SIDE_STYLE('',(#19577));
#19577 = SURFACE_STYLE_FILL_AREA(#19578);
#19578 = FILL_AREA_STYLE('',(#19579));
#19579 = FILL_AREA_STYLE_COLOUR('',#18606);
#19580 = STYLED_ITEM('color',(#19581),#8173);
#19581 = PRESENTATION_STYLE_ASSIGNMENT((#19582));
#19582 = SURFACE_STYLE_USAGE(.BOTH.,#19583);
#19583 = SURFACE_SIDE_STYLE('',(#19584));
#19584 = SURFACE_STYLE_FILL_AREA(#19585);
#19585 = FILL_AREA_STYLE('',(#19586));
#19586 = FILL_AREA_STYLE_COLOUR('',#18606);
#19587 = STYLED_ITEM('color',(#19588),#8204);
#19588 = PRESENTATION_STYLE_ASSIGNMENT((#19589));
#19589 = SURFACE_STYLE_USAGE(.BOTH.,#19590);
#19590 = SURFACE_SIDE_STYLE('',(#19591));
#19591 = SURFACE_STYLE_FILL_AREA(#19592);
#19592 = FILL_AREA_STYLE('',(#19593));
#19593 = FILL_AREA_STYLE_COLOUR('',#18606);
#19594 = STYLED_ITEM('color',(#19595),#8228);
#19595 = PRESENTATION_STYLE_ASSIGNMENT((#19596));
#19596 = SURFACE_STYLE_USAGE(.BOTH.,#19597);
#19597 = SURFACE_SIDE_STYLE('',(#19598));
#19598 = SURFACE_STYLE_FILL_AREA(#19599);
#19599 = FILL_AREA_STYLE('',(#19600));
#19600 = FILL_AREA_STYLE_COLOUR('',#18606);
#19601 = STYLED_ITEM('color',(#19602),#8252);
#19602 = PRESENTATION_STYLE_ASSIGNMENT((#19603));
#19603 = SURFACE_STYLE_USAGE(.BOTH.,#19604);
#19604 = SURFACE_SIDE_STYLE('',(#19605));
#19605 = SURFACE_STYLE_FILL_AREA(#19606);
#19606 = FILL_AREA_STYLE('',(#19607));
#19607 = FILL_AREA_STYLE_COLOUR('',#18606);
#19608 = STYLED_ITEM('color',(#19609),#8269);
#19609 = PRESENTATION_STYLE_ASSIGNMENT((#19610));
#19610 = SURFACE_STYLE_USAGE(.BOTH.,#19611);
#19611 = SURFACE_SIDE_STYLE('',(#19612));
#19612 = SURFACE_STYLE_FILL_AREA(#19613);
#19613 = FILL_AREA_STYLE('',(#19614));
#19614 = FILL_AREA_STYLE_COLOUR('',#18606);
#19615 = STYLED_ITEM('color',(#19616),#8300);
#19616 = PRESENTATION_STYLE_ASSIGNMENT((#19617));
#19617 = SURFACE_STYLE_USAGE(.BOTH.,#19618);
#19618 = SURFACE_SIDE_STYLE('',(#19619));
#19619 = SURFACE_STYLE_FILL_AREA(#19620);
#19620 = FILL_AREA_STYLE('',(#19621));
#19621 = FILL_AREA_STYLE_COLOUR('',#18606);
#19622 = STYLED_ITEM('color',(#19623),#8324);
#19623 = PRESENTATION_STYLE_ASSIGNMENT((#19624));
#19624 = SURFACE_STYLE_USAGE(.BOTH.,#19625);
#19625 = SURFACE_SIDE_STYLE('',(#19626));
#19626 = SURFACE_STYLE_FILL_AREA(#19627);
#19627 = FILL_AREA_STYLE('',(#19628));
#19628 = FILL_AREA_STYLE_COLOUR('',#18606);
#19629 = STYLED_ITEM('color',(#19630),#8348);
#19630 = PRESENTATION_STYLE_ASSIGNMENT((#19631));
#19631 = SURFACE_STYLE_USAGE(.BOTH.,#19632);
#19632 = SURFACE_SIDE_STYLE('',(#19633));
#19633 = SURFACE_STYLE_FILL_AREA(#19634);
#19634 = FILL_AREA_STYLE('',(#19635));
#19635 = FILL_AREA_STYLE_COLOUR('',#18606);
#19636 = STYLED_ITEM('color',(#19637),#8365);
#19637 = PRESENTATION_STYLE_ASSIGNMENT((#19638));
#19638 = SURFACE_STYLE_USAGE(.BOTH.,#19639);
#19639 = SURFACE_SIDE_STYLE('',(#19640));
#19640 = SURFACE_STYLE_FILL_AREA(#19641);
#19641 = FILL_AREA_STYLE('',(#19642));
#19642 = FILL_AREA_STYLE_COLOUR('',#18606);
#19643 = STYLED_ITEM('color',(#19644),#8396);
#19644 = PRESENTATION_STYLE_ASSIGNMENT((#19645));
#19645 = SURFACE_STYLE_USAGE(.BOTH.,#19646);
#19646 = SURFACE_SIDE_STYLE('',(#19647));
#19647 = SURFACE_STYLE_FILL_AREA(#19648);
#19648 = FILL_AREA_STYLE('',(#19649));
#19649 = FILL_AREA_STYLE_COLOUR('',#18606);
#19650 = STYLED_ITEM('color',(#19651),#8420);
#19651 = PRESENTATION_STYLE_ASSIGNMENT((#19652));
#19652 = SURFACE_STYLE_USAGE(.BOTH.,#19653);
#19653 = SURFACE_SIDE_STYLE('',(#19654));
#19654 = SURFACE_STYLE_FILL_AREA(#19655);
#19655 = FILL_AREA_STYLE('',(#19656));
#19656 = FILL_AREA_STYLE_COLOUR('',#18606);
#19657 = STYLED_ITEM('color',(#19658),#8444);
#19658 = PRESENTATION_STYLE_ASSIGNMENT((#19659));
#19659 = SURFACE_STYLE_USAGE(.BOTH.,#19660);
#19660 = SURFACE_SIDE_STYLE('',(#19661));
#19661 = SURFACE_STYLE_FILL_AREA(#19662);
#19662 = FILL_AREA_STYLE('',(#19663));
#19663 = FILL_AREA_STYLE_COLOUR('',#18606);
#19664 = STYLED_ITEM('color',(#19665),#8461);
#19665 = PRESENTATION_STYLE_ASSIGNMENT((#19666));
#19666 = SURFACE_STYLE_USAGE(.BOTH.,#19667);
#19667 = SURFACE_SIDE_STYLE('',(#19668));
#19668 = SURFACE_STYLE_FILL_AREA(#19669);
#19669 = FILL_AREA_STYLE('',(#19670));
#19670 = FILL_AREA_STYLE_COLOUR('',#18606);
#19671 = STYLED_ITEM('color',(#19672),#8492);
#19672 = PRESENTATION_STYLE_ASSIGNMENT((#19673));
#19673 = SURFACE_STYLE_USAGE(.BOTH.,#19674);
#19674 = SURFACE_SIDE_STYLE('',(#19675));
#19675 = SURFACE_STYLE_FILL_AREA(#19676);
#19676 = FILL_AREA_STYLE('',(#19677));
#19677 = FILL_AREA_STYLE_COLOUR('',#18606);
#19678 = STYLED_ITEM('color',(#19679),#8516);
#19679 = PRESENTATION_STYLE_ASSIGNMENT((#19680));
#19680 = SURFACE_STYLE_USAGE(.BOTH.,#19681);
#19681 = SURFACE_SIDE_STYLE('',(#19682));
#19682 = SURFACE_STYLE_FILL_AREA(#19683);
#19683 = FILL_AREA_STYLE('',(#19684));
#19684 = FILL_AREA_STYLE_COLOUR('',#18606);
#19685 = STYLED_ITEM('color',(#19686),#8540);
#19686 = PRESENTATION_STYLE_ASSIGNMENT((#19687));
#19687 = SURFACE_STYLE_USAGE(.BOTH.,#19688);
#19688 = SURFACE_SIDE_STYLE('',(#19689));
#19689 = SURFACE_STYLE_FILL_AREA(#19690);
#19690 = FILL_AREA_STYLE('',(#19691));
#19691 = FILL_AREA_STYLE_COLOUR('',#18606);
#19692 = STYLED_ITEM('color',(#19693),#8557);
#19693 = PRESENTATION_STYLE_ASSIGNMENT((#19694));
#19694 = SURFACE_STYLE_USAGE(.BOTH.,#19695);
#19695 = SURFACE_SIDE_STYLE('',(#19696));
#19696 = SURFACE_STYLE_FILL_AREA(#19697);
#19697 = FILL_AREA_STYLE('',(#19698));
#19698 = FILL_AREA_STYLE_COLOUR('',#18606);
#19699 = STYLED_ITEM('color',(#19700),#8604);
#19700 = PRESENTATION_STYLE_ASSIGNMENT((#19701));
#19701 = SURFACE_STYLE_USAGE(.BOTH.,#19702);
#19702 = SURFACE_SIDE_STYLE('',(#19703));
#19703 = SURFACE_STYLE_FILL_AREA(#19704);
#19704 = FILL_AREA_STYLE('',(#19705));
#19705 = FILL_AREA_STYLE_COLOUR('',#18606);
#19706 = STYLED_ITEM('color',(#19707),#8635);
#19707 = PRESENTATION_STYLE_ASSIGNMENT((#19708));
#19708 = SURFACE_STYLE_USAGE(.BOTH.,#19709);
#19709 = SURFACE_SIDE_STYLE('',(#19710));
#19710 = SURFACE_STYLE_FILL_AREA(#19711);
#19711 = FILL_AREA_STYLE('',(#19712));
#19712 = FILL_AREA_STYLE_COLOUR('',#18606);
#19713 = STYLED_ITEM('color',(#19714),#8647);
#19714 = PRESENTATION_STYLE_ASSIGNMENT((#19715));
#19715 = SURFACE_STYLE_USAGE(.BOTH.,#19716);
#19716 = SURFACE_SIDE_STYLE('',(#19717));
#19717 = SURFACE_STYLE_FILL_AREA(#19718);
#19718 = FILL_AREA_STYLE('',(#19719));
#19719 = FILL_AREA_STYLE_COLOUR('',#18606);
#19720 = STYLED_ITEM('color',(#19721),#8664);
#19721 = PRESENTATION_STYLE_ASSIGNMENT((#19722));
#19722 = SURFACE_STYLE_USAGE(.BOTH.,#19723);
#19723 = SURFACE_SIDE_STYLE('',(#19724));
#19724 = SURFACE_STYLE_FILL_AREA(#19725);
#19725 = FILL_AREA_STYLE('',(#19726));
#19726 = FILL_AREA_STYLE_COLOUR('',#18606);
#19727 = STYLED_ITEM('color',(#19728),#8690);
#19728 = PRESENTATION_STYLE_ASSIGNMENT((#19729));
#19729 = SURFACE_STYLE_USAGE(.BOTH.,#19730);
#19730 = SURFACE_SIDE_STYLE('',(#19731));
#19731 = SURFACE_STYLE_FILL_AREA(#19732);
#19732 = FILL_AREA_STYLE('',(#19733));
#19733 = FILL_AREA_STYLE_COLOUR('',#18606);
#19734 = STYLED_ITEM('color',(#19735),#8723);
#19735 = PRESENTATION_STYLE_ASSIGNMENT((#19736));
#19736 = SURFACE_STYLE_USAGE(.BOTH.,#19737);
#19737 = SURFACE_SIDE_STYLE('',(#19738));
#19738 = SURFACE_STYLE_FILL_AREA(#19739);
#19739 = FILL_AREA_STYLE('',(#19740));
#19740 = FILL_AREA_STYLE_COLOUR('',#18606);
#19741 = STYLED_ITEM('color',(#19742),#8754);
#19742 = PRESENTATION_STYLE_ASSIGNMENT((#19743));
#19743 = SURFACE_STYLE_USAGE(.BOTH.,#19744);
#19744 = SURFACE_SIDE_STYLE('',(#19745));
#19745 = SURFACE_STYLE_FILL_AREA(#19746);
#19746 = FILL_AREA_STYLE('',(#19747));
#19747 = FILL_AREA_STYLE_COLOUR('',#18606);
#19748 = STYLED_ITEM('color',(#19749),#8778);
#19749 = PRESENTATION_STYLE_ASSIGNMENT((#19750));
#19750 = SURFACE_STYLE_USAGE(.BOTH.,#19751);
#19751 = SURFACE_SIDE_STYLE('',(#19752));
#19752 = SURFACE_STYLE_FILL_AREA(#19753);
#19753 = FILL_AREA_STYLE('',(#19754));
#19754 = FILL_AREA_STYLE_COLOUR('',#18606);
#19755 = STYLED_ITEM('color',(#19756),#8802);
#19756 = PRESENTATION_STYLE_ASSIGNMENT((#19757));
#19757 = SURFACE_STYLE_USAGE(.BOTH.,#19758);
#19758 = SURFACE_SIDE_STYLE('',(#19759));
#19759 = SURFACE_STYLE_FILL_AREA(#19760);
#19760 = FILL_AREA_STYLE('',(#19761));
#19761 = FILL_AREA_STYLE_COLOUR('',#18606);
#19762 = STYLED_ITEM('color',(#19763),#8819);
#19763 = PRESENTATION_STYLE_ASSIGNMENT((#19764));
#19764 = SURFACE_STYLE_USAGE(.BOTH.,#19765);
#19765 = SURFACE_SIDE_STYLE('',(#19766));
#19766 = SURFACE_STYLE_FILL_AREA(#19767);
#19767 = FILL_AREA_STYLE('',(#19768));
#19768 = FILL_AREA_STYLE_COLOUR('',#18606);
#19769 = STYLED_ITEM('color',(#19770),#8850);
#19770 = PRESENTATION_STYLE_ASSIGNMENT((#19771));
#19771 = SURFACE_STYLE_USAGE(.BOTH.,#19772);
#19772 = SURFACE_SIDE_STYLE('',(#19773));
#19773 = SURFACE_STYLE_FILL_AREA(#19774);
#19774 = FILL_AREA_STYLE('',(#19775));
#19775 = FILL_AREA_STYLE_COLOUR('',#18606);
#19776 = STYLED_ITEM('color',(#19777),#8874);
#19777 = PRESENTATION_STYLE_ASSIGNMENT((#19778));
#19778 = SURFACE_STYLE_USAGE(.BOTH.,#19779);
#19779 = SURFACE_SIDE_STYLE('',(#19780));
#19780 = SURFACE_STYLE_FILL_AREA(#19781);
#19781 = FILL_AREA_STYLE('',(#19782));
#19782 = FILL_AREA_STYLE_COLOUR('',#18606);
#19783 = STYLED_ITEM('color',(#19784),#8898);
#19784 = PRESENTATION_STYLE_ASSIGNMENT((#19785));
#19785 = SURFACE_STYLE_USAGE(.BOTH.,#19786);
#19786 = SURFACE_SIDE_STYLE('',(#19787));
#19787 = SURFACE_STYLE_FILL_AREA(#19788);
#19788 = FILL_AREA_STYLE('',(#19789));
#19789 = FILL_AREA_STYLE_COLOUR('',#18606);
#19790 = STYLED_ITEM('color',(#19791),#8915);
#19791 = PRESENTATION_STYLE_ASSIGNMENT((#19792));
#19792 = SURFACE_STYLE_USAGE(.BOTH.,#19793);
#19793 = SURFACE_SIDE_STYLE('',(#19794));
#19794 = SURFACE_STYLE_FILL_AREA(#19795);
#19795 = FILL_AREA_STYLE('',(#19796));
#19796 = FILL_AREA_STYLE_COLOUR('',#18606);
#19797 = STYLED_ITEM('color',(#19798),#8946);
#19798 = PRESENTATION_STYLE_ASSIGNMENT((#19799));
#19799 = SURFACE_STYLE_USAGE(.BOTH.,#19800);
#19800 = SURFACE_SIDE_STYLE('',(#19801));
#19801 = SURFACE_STYLE_FILL_AREA(#19802);
#19802 = FILL_AREA_STYLE('',(#19803));
#19803 = FILL_AREA_STYLE_COLOUR('',#18606);
#19804 = STYLED_ITEM('color',(#19805),#8970);
#19805 = PRESENTATION_STYLE_ASSIGNMENT((#19806));
#19806 = SURFACE_STYLE_USAGE(.BOTH.,#19807);
#19807 = SURFACE_SIDE_STYLE('',(#19808));
#19808 = SURFACE_STYLE_FILL_AREA(#19809);
#19809 = FILL_AREA_STYLE('',(#19810));
#19810 = FILL_AREA_STYLE_COLOUR('',#18606);
#19811 = STYLED_ITEM('color',(#19812),#8994);
#19812 = PRESENTATION_STYLE_ASSIGNMENT((#19813));
#19813 = SURFACE_STYLE_USAGE(.BOTH.,#19814);
#19814 = SURFACE_SIDE_STYLE('',(#19815));
#19815 = SURFACE_STYLE_FILL_AREA(#19816);
#19816 = FILL_AREA_STYLE('',(#19817));
#19817 = FILL_AREA_STYLE_COLOUR('',#18606);
#19818 = STYLED_ITEM('color',(#19819),#9011);
#19819 = PRESENTATION_STYLE_ASSIGNMENT((#19820));
#19820 = SURFACE_STYLE_USAGE(.BOTH.,#19821);
#19821 = SURFACE_SIDE_STYLE('',(#19822));
#19822 = SURFACE_STYLE_FILL_AREA(#19823);
#19823 = FILL_AREA_STYLE('',(#19824));
#19824 = FILL_AREA_STYLE_COLOUR('',#18606);
#19825 = STYLED_ITEM('color',(#19826),#9042);
#19826 = PRESENTATION_STYLE_ASSIGNMENT((#19827));
#19827 = SURFACE_STYLE_USAGE(.BOTH.,#19828);
#19828 = SURFACE_SIDE_STYLE('',(#19829));
#19829 = SURFACE_STYLE_FILL_AREA(#19830);
#19830 = FILL_AREA_STYLE('',(#19831));
#19831 = FILL_AREA_STYLE_COLOUR('',#18606);
#19832 = STYLED_ITEM('color',(#19833),#9066);
#19833 = PRESENTATION_STYLE_ASSIGNMENT((#19834));
#19834 = SURFACE_STYLE_USAGE(.BOTH.,#19835);
#19835 = SURFACE_SIDE_STYLE('',(#19836));
#19836 = SURFACE_STYLE_FILL_AREA(#19837);
#19837 = FILL_AREA_STYLE('',(#19838));
#19838 = FILL_AREA_STYLE_COLOUR('',#18606);
#19839 = STYLED_ITEM('color',(#19840),#9090);
#19840 = PRESENTATION_STYLE_ASSIGNMENT((#19841));
#19841 = SURFACE_STYLE_USAGE(.BOTH.,#19842);
#19842 = SURFACE_SIDE_STYLE('',(#19843));
#19843 = SURFACE_STYLE_FILL_AREA(#19844);
#19844 = FILL_AREA_STYLE('',(#19845));
#19845 = FILL_AREA_STYLE_COLOUR('',#18606);
#19846 = STYLED_ITEM('color',(#19847),#9107);
#19847 = PRESENTATION_STYLE_ASSIGNMENT((#19848));
#19848 = SURFACE_STYLE_USAGE(.BOTH.,#19849);
#19849 = SURFACE_SIDE_STYLE('',(#19850));
#19850 = SURFACE_STYLE_FILL_AREA(#19851);
#19851 = FILL_AREA_STYLE('',(#19852));
#19852 = FILL_AREA_STYLE_COLOUR('',#18606);
#19853 = STYLED_ITEM('color',(#19854),#9138);
#19854 = PRESENTATION_STYLE_ASSIGNMENT((#19855));
#19855 = SURFACE_STYLE_USAGE(.BOTH.,#19856);
#19856 = SURFACE_SIDE_STYLE('',(#19857));
#19857 = SURFACE_STYLE_FILL_AREA(#19858);
#19858 = FILL_AREA_STYLE('',(#19859));
#19859 = FILL_AREA_STYLE_COLOUR('',#18606);
#19860 = STYLED_ITEM('color',(#19861),#9162);
#19861 = PRESENTATION_STYLE_ASSIGNMENT((#19862));
#19862 = SURFACE_STYLE_USAGE(.BOTH.,#19863);
#19863 = SURFACE_SIDE_STYLE('',(#19864));
#19864 = SURFACE_STYLE_FILL_AREA(#19865);
#19865 = FILL_AREA_STYLE('',(#19866));
#19866 = FILL_AREA_STYLE_COLOUR('',#18606);
#19867 = STYLED_ITEM('color',(#19868),#9186);
#19868 = PRESENTATION_STYLE_ASSIGNMENT((#19869));
#19869 = SURFACE_STYLE_USAGE(.BOTH.,#19870);
#19870 = SURFACE_SIDE_STYLE('',(#19871));
#19871 = SURFACE_STYLE_FILL_AREA(#19872);
#19872 = FILL_AREA_STYLE('',(#19873));
#19873 = FILL_AREA_STYLE_COLOUR('',#18606);
#19874 = STYLED_ITEM('color',(#19875),#9203);
#19875 = PRESENTATION_STYLE_ASSIGNMENT((#19876));
#19876 = SURFACE_STYLE_USAGE(.BOTH.,#19877);
#19877 = SURFACE_SIDE_STYLE('',(#19878));
#19878 = SURFACE_STYLE_FILL_AREA(#19879);
#19879 = FILL_AREA_STYLE('',(#19880));
#19880 = FILL_AREA_STYLE_COLOUR('',#18606);
#19881 = STYLED_ITEM('color',(#19882),#9234);
#19882 = PRESENTATION_STYLE_ASSIGNMENT((#19883));
#19883 = SURFACE_STYLE_USAGE(.BOTH.,#19884);
#19884 = SURFACE_SIDE_STYLE('',(#19885));
#19885 = SURFACE_STYLE_FILL_AREA(#19886);
#19886 = FILL_AREA_STYLE('',(#19887));
#19887 = FILL_AREA_STYLE_COLOUR('',#18606);
#19888 = STYLED_ITEM('color',(#19889),#9258);
#19889 = PRESENTATION_STYLE_ASSIGNMENT((#19890));
#19890 = SURFACE_STYLE_USAGE(.BOTH.,#19891);
#19891 = SURFACE_SIDE_STYLE('',(#19892));
#19892 = SURFACE_STYLE_FILL_AREA(#19893);
#19893 = FILL_AREA_STYLE('',(#19894));
#19894 = FILL_AREA_STYLE_COLOUR('',#18606);
#19895 = STYLED_ITEM('color',(#19896),#9282);
#19896 = PRESENTATION_STYLE_ASSIGNMENT((#19897));
#19897 = SURFACE_STYLE_USAGE(.BOTH.,#19898);
#19898 = SURFACE_SIDE_STYLE('',(#19899));
#19899 = SURFACE_STYLE_FILL_AREA(#19900);
#19900 = FILL_AREA_STYLE('',(#19901));
#19901 = FILL_AREA_STYLE_COLOUR('',#18606);
#19902 = STYLED_ITEM('color',(#19903),#9299);
#19903 = PRESENTATION_STYLE_ASSIGNMENT((#19904));
#19904 = SURFACE_STYLE_USAGE(.BOTH.,#19905);
#19905 = SURFACE_SIDE_STYLE('',(#19906));
#19906 = SURFACE_STYLE_FILL_AREA(#19907);
#19907 = FILL_AREA_STYLE('',(#19908));
#19908 = FILL_AREA_STYLE_COLOUR('',#18606);
#19909 = STYLED_ITEM('color',(#19910),#9330);
#19910 = PRESENTATION_STYLE_ASSIGNMENT((#19911));
#19911 = SURFACE_STYLE_USAGE(.BOTH.,#19912);
#19912 = SURFACE_SIDE_STYLE('',(#19913));
#19913 = SURFACE_STYLE_FILL_AREA(#19914);
#19914 = FILL_AREA_STYLE('',(#19915));
#19915 = FILL_AREA_STYLE_COLOUR('',#18606);
#19916 = STYLED_ITEM('color',(#19917),#9354);
#19917 = PRESENTATION_STYLE_ASSIGNMENT((#19918));
#19918 = SURFACE_STYLE_USAGE(.BOTH.,#19919);
#19919 = SURFACE_SIDE_STYLE('',(#19920));
#19920 = SURFACE_STYLE_FILL_AREA(#19921);
#19921 = FILL_AREA_STYLE('',(#19922));
#19922 = FILL_AREA_STYLE_COLOUR('',#18606);
#19923 = STYLED_ITEM('color',(#19924),#9378);
#19924 = PRESENTATION_STYLE_ASSIGNMENT((#19925));
#19925 = SURFACE_STYLE_USAGE(.BOTH.,#19926);
#19926 = SURFACE_SIDE_STYLE('',(#19927));
#19927 = SURFACE_STYLE_FILL_AREA(#19928);
#19928 = FILL_AREA_STYLE('',(#19929));
#19929 = FILL_AREA_STYLE_COLOUR('',#18606);
#19930 = STYLED_ITEM('color',(#19931),#9395);
#19931 = PRESENTATION_STYLE_ASSIGNMENT((#19932));
#19932 = SURFACE_STYLE_USAGE(.BOTH.,#19933);
#19933 = SURFACE_SIDE_STYLE('',(#19934));
#19934 = SURFACE_STYLE_FILL_AREA(#19935);
#19935 = FILL_AREA_STYLE('',(#19936));
#19936 = FILL_AREA_STYLE_COLOUR('',#18606);
#19937 = STYLED_ITEM('color',(#19938),#9426);
#19938 = PRESENTATION_STYLE_ASSIGNMENT((#19939));
#19939 = SURFACE_STYLE_USAGE(.BOTH.,#19940);
#19940 = SURFACE_SIDE_STYLE('',(#19941));
#19941 = SURFACE_STYLE_FILL_AREA(#19942);
#19942 = FILL_AREA_STYLE('',(#19943));
#19943 = FILL_AREA_STYLE_COLOUR('',#18606);
#19944 = STYLED_ITEM('color',(#19945),#9450);
#19945 = PRESENTATION_STYLE_ASSIGNMENT((#19946));
#19946 = SURFACE_STYLE_USAGE(.BOTH.,#19947);
#19947 = SURFACE_SIDE_STYLE('',(#19948));
#19948 = SURFACE_STYLE_FILL_AREA(#19949);
#19949 = FILL_AREA_STYLE('',(#19950));
#19950 = FILL_AREA_STYLE_COLOUR('',#18606);
#19951 = STYLED_ITEM('color',(#19952),#9474);
#19952 = PRESENTATION_STYLE_ASSIGNMENT((#19953));
#19953 = SURFACE_STYLE_USAGE(.BOTH.,#19954);
#19954 = SURFACE_SIDE_STYLE('',(#19955));
#19955 = SURFACE_STYLE_FILL_AREA(#19956);
#19956 = FILL_AREA_STYLE('',(#19957));
#19957 = FILL_AREA_STYLE_COLOUR('',#18606);
#19958 = STYLED_ITEM('color',(#19959),#9491);
#19959 = PRESENTATION_STYLE_ASSIGNMENT((#19960));
#19960 = SURFACE_STYLE_USAGE(.BOTH.,#19961);
#19961 = SURFACE_SIDE_STYLE('',(#19962));
#19962 = SURFACE_STYLE_FILL_AREA(#19963);
#19963 = FILL_AREA_STYLE('',(#19964));
#19964 = FILL_AREA_STYLE_COLOUR('',#18606);
#19965 = STYLED_ITEM('color',(#19966),#9522);
#19966 = PRESENTATION_STYLE_ASSIGNMENT((#19967));
#19967 = SURFACE_STYLE_USAGE(.BOTH.,#19968);
#19968 = SURFACE_SIDE_STYLE('',(#19969));
#19969 = SURFACE_STYLE_FILL_AREA(#19970);
#19970 = FILL_AREA_STYLE('',(#19971));
#19971 = FILL_AREA_STYLE_COLOUR('',#18606);
#19972 = STYLED_ITEM('color',(#19973),#9546);
#19973 = PRESENTATION_STYLE_ASSIGNMENT((#19974));
#19974 = SURFACE_STYLE_USAGE(.BOTH.,#19975);
#19975 = SURFACE_SIDE_STYLE('',(#19976));
#19976 = SURFACE_STYLE_FILL_AREA(#19977);
#19977 = FILL_AREA_STYLE('',(#19978));
#19978 = FILL_AREA_STYLE_COLOUR('',#18606);
#19979 = STYLED_ITEM('color',(#19980),#9570);
#19980 = PRESENTATION_STYLE_ASSIGNMENT((#19981));
#19981 = SURFACE_STYLE_USAGE(.BOTH.,#19982);
#19982 = SURFACE_SIDE_STYLE('',(#19983));
#19983 = SURFACE_STYLE_FILL_AREA(#19984);
#19984 = FILL_AREA_STYLE('',(#19985));
#19985 = FILL_AREA_STYLE_COLOUR('',#18606);
#19986 = STYLED_ITEM('color',(#19987),#9587);
#19987 = PRESENTATION_STYLE_ASSIGNMENT((#19988));
#19988 = SURFACE_STYLE_USAGE(.BOTH.,#19989);
#19989 = SURFACE_SIDE_STYLE('',(#19990));
#19990 = SURFACE_STYLE_FILL_AREA(#19991);
#19991 = FILL_AREA_STYLE('',(#19992));
#19992 = FILL_AREA_STYLE_COLOUR('',#18606);
#19993 = STYLED_ITEM('color',(#19994),#9618);
#19994 = PRESENTATION_STYLE_ASSIGNMENT((#19995));
#19995 = SURFACE_STYLE_USAGE(.BOTH.,#19996);
#19996 = SURFACE_SIDE_STYLE('',(#19997));
#19997 = SURFACE_STYLE_FILL_AREA(#19998);
#19998 = FILL_AREA_STYLE('',(#19999));
#19999 = FILL_AREA_STYLE_COLOUR('',#18606);
#20000 = STYLED_ITEM('color',(#20001),#9642);
#20001 = PRESENTATION_STYLE_ASSIGNMENT((#20002));
#20002 = SURFACE_STYLE_USAGE(.BOTH.,#20003);
#20003 = SURFACE_SIDE_STYLE('',(#20004));
#20004 = SURFACE_STYLE_FILL_AREA(#20005);
#20005 = FILL_AREA_STYLE('',(#20006));
#20006 = FILL_AREA_STYLE_COLOUR('',#18606);
#20007 = STYLED_ITEM('color',(#20008),#9666);
#20008 = PRESENTATION_STYLE_ASSIGNMENT((#20009));
#20009 = SURFACE_STYLE_USAGE(.BOTH.,#20010);
#20010 = SURFACE_SIDE_STYLE('',(#20011));
#20011 = SURFACE_STYLE_FILL_AREA(#20012);
#20012 = FILL_AREA_STYLE('',(#20013));
#20013 = FILL_AREA_STYLE_COLOUR('',#18606);
#20014 = STYLED_ITEM('color',(#20015),#9683);
#20015 = PRESENTATION_STYLE_ASSIGNMENT((#20016));
#20016 = SURFACE_STYLE_USAGE(.BOTH.,#20017);
#20017 = SURFACE_SIDE_STYLE('',(#20018));
#20018 = SURFACE_STYLE_FILL_AREA(#20019);
#20019 = FILL_AREA_STYLE('',(#20020));
#20020 = FILL_AREA_STYLE_COLOUR('',#18606);
#20021 = STYLED_ITEM('color',(#20022),#9714);
#20022 = PRESENTATION_STYLE_ASSIGNMENT((#20023));
#20023 = SURFACE_STYLE_USAGE(.BOTH.,#20024);
#20024 = SURFACE_SIDE_STYLE('',(#20025));
#20025 = SURFACE_STYLE_FILL_AREA(#20026);
#20026 = FILL_AREA_STYLE('',(#20027));
#20027 = FILL_AREA_STYLE_COLOUR('',#18606);
#20028 = STYLED_ITEM('color',(#20029),#9738);
#20029 = PRESENTATION_STYLE_ASSIGNMENT((#20030));
#20030 = SURFACE_STYLE_USAGE(.BOTH.,#20031);
#20031 = SURFACE_SIDE_STYLE('',(#20032));
#20032 = SURFACE_STYLE_FILL_AREA(#20033);
#20033 = FILL_AREA_STYLE('',(#20034));
#20034 = FILL_AREA_STYLE_COLOUR('',#18606);
#20035 = STYLED_ITEM('color',(#20036),#9762);
#20036 = PRESENTATION_STYLE_ASSIGNMENT((#20037));
#20037 = SURFACE_STYLE_USAGE(.BOTH.,#20038);
#20038 = SURFACE_SIDE_STYLE('',(#20039));
#20039 = SURFACE_STYLE_FILL_AREA(#20040);
#20040 = FILL_AREA_STYLE('',(#20041));
#20041 = FILL_AREA_STYLE_COLOUR('',#18606);
#20042 = STYLED_ITEM('color',(#20043),#9779);
#20043 = PRESENTATION_STYLE_ASSIGNMENT((#20044));
#20044 = SURFACE_STYLE_USAGE(.BOTH.,#20045);
#20045 = SURFACE_SIDE_STYLE('',(#20046));
#20046 = SURFACE_STYLE_FILL_AREA(#20047);
#20047 = FILL_AREA_STYLE('',(#20048));
#20048 = FILL_AREA_STYLE_COLOUR('',#18606);
#20049 = STYLED_ITEM('color',(#20050),#9826);
#20050 = PRESENTATION_STYLE_ASSIGNMENT((#20051));
#20051 = SURFACE_STYLE_USAGE(.BOTH.,#20052);
#20052 = SURFACE_SIDE_STYLE('',(#20053));
#20053 = SURFACE_STYLE_FILL_AREA(#20054);
#20054 = FILL_AREA_STYLE('',(#20055));
#20055 = FILL_AREA_STYLE_COLOUR('',#18606);
#20056 = STYLED_ITEM('color',(#20057),#9857);
#20057 = PRESENTATION_STYLE_ASSIGNMENT((#20058));
#20058 = SURFACE_STYLE_USAGE(.BOTH.,#20059);
#20059 = SURFACE_SIDE_STYLE('',(#20060));
#20060 = SURFACE_STYLE_FILL_AREA(#20061);
#20061 = FILL_AREA_STYLE('',(#20062));
#20062 = FILL_AREA_STYLE_COLOUR('',#18606);
#20063 = STYLED_ITEM('color',(#20064),#9869);
#20064 = PRESENTATION_STYLE_ASSIGNMENT((#20065));
#20065 = SURFACE_STYLE_USAGE(.BOTH.,#20066);
#20066 = SURFACE_SIDE_STYLE('',(#20067));
#20067 = SURFACE_STYLE_FILL_AREA(#20068);
#20068 = FILL_AREA_STYLE('',(#20069));
#20069 = FILL_AREA_STYLE_COLOUR('',#18606);
#20070 = STYLED_ITEM('color',(#20071),#9886);
#20071 = PRESENTATION_STYLE_ASSIGNMENT((#20072));
#20072 = SURFACE_STYLE_USAGE(.BOTH.,#20073);
#20073 = SURFACE_SIDE_STYLE('',(#20074));
#20074 = SURFACE_STYLE_FILL_AREA(#20075);
#20075 = FILL_AREA_STYLE('',(#20076));
#20076 = FILL_AREA_STYLE_COLOUR('',#18606);
#20077 = STYLED_ITEM('color',(#20078),#9912);
#20078 = PRESENTATION_STYLE_ASSIGNMENT((#20079));
#20079 = SURFACE_STYLE_USAGE(.BOTH.,#20080);
#20080 = SURFACE_SIDE_STYLE('',(#20081));
#20081 = SURFACE_STYLE_FILL_AREA(#20082);
#20082 = FILL_AREA_STYLE('',(#20083));
#20083 = FILL_AREA_STYLE_COLOUR('',#18606);
#20084 = STYLED_ITEM('color',(#20085),#9945);
#20085 = PRESENTATION_STYLE_ASSIGNMENT((#20086));
#20086 = SURFACE_STYLE_USAGE(.BOTH.,#20087);
#20087 = SURFACE_SIDE_STYLE('',(#20088));
#20088 = SURFACE_STYLE_FILL_AREA(#20089);
#20089 = FILL_AREA_STYLE('',(#20090));
#20090 = FILL_AREA_STYLE_COLOUR('',#18606);
#20091 = STYLED_ITEM('color',(#20092),#9957);
#20092 = PRESENTATION_STYLE_ASSIGNMENT((#20093));
#20093 = SURFACE_STYLE_USAGE(.BOTH.,#20094);
#20094 = SURFACE_SIDE_STYLE('',(#20095));
#20095 = SURFACE_STYLE_FILL_AREA(#20096);
#20096 = FILL_AREA_STYLE('',(#20097));
#20097 = FILL_AREA_STYLE_COLOUR('',#18606);
#20098 = STYLED_ITEM('color',(#20099),#9969);
#20099 = PRESENTATION_STYLE_ASSIGNMENT((#20100));
#20100 = SURFACE_STYLE_USAGE(.BOTH.,#20101);
#20101 = SURFACE_SIDE_STYLE('',(#20102));
#20102 = SURFACE_STYLE_FILL_AREA(#20103);
#20103 = FILL_AREA_STYLE('',(#20104));
#20104 = FILL_AREA_STYLE_COLOUR('',#18606);
#20105 = STYLED_ITEM('color',(#20106),#9981);
#20106 = PRESENTATION_STYLE_ASSIGNMENT((#20107));
#20107 = SURFACE_STYLE_USAGE(.BOTH.,#20108);
#20108 = SURFACE_SIDE_STYLE('',(#20109));
#20109 = SURFACE_STYLE_FILL_AREA(#20110);
#20110 = FILL_AREA_STYLE('',(#20111));
#20111 = FILL_AREA_STYLE_COLOUR('',#18606);
#20112 = STYLED_ITEM('color',(#20113),#9993);
#20113 = PRESENTATION_STYLE_ASSIGNMENT((#20114));
#20114 = SURFACE_STYLE_USAGE(.BOTH.,#20115);
#20115 = SURFACE_SIDE_STYLE('',(#20116));
#20116 = SURFACE_STYLE_FILL_AREA(#20117);
#20117 = FILL_AREA_STYLE('',(#20118));
#20118 = FILL_AREA_STYLE_COLOUR('',#18606);
#20119 = STYLED_ITEM('color',(#20120),#10005);
#20120 = PRESENTATION_STYLE_ASSIGNMENT((#20121));
#20121 = SURFACE_STYLE_USAGE(.BOTH.,#20122);
#20122 = SURFACE_SIDE_STYLE('',(#20123));
#20123 = SURFACE_STYLE_FILL_AREA(#20124);
#20124 = FILL_AREA_STYLE('',(#20125));
#20125 = FILL_AREA_STYLE_COLOUR('',#18606);
#20126 = STYLED_ITEM('color',(#20127),#10017);
#20127 = PRESENTATION_STYLE_ASSIGNMENT((#20128));
#20128 = SURFACE_STYLE_USAGE(.BOTH.,#20129);
#20129 = SURFACE_SIDE_STYLE('',(#20130));
#20130 = SURFACE_STYLE_FILL_AREA(#20131);
#20131 = FILL_AREA_STYLE('',(#20132));
#20132 = FILL_AREA_STYLE_COLOUR('',#18606);
#20133 = STYLED_ITEM('color',(#20134),#10029);
#20134 = PRESENTATION_STYLE_ASSIGNMENT((#20135));
#20135 = SURFACE_STYLE_USAGE(.BOTH.,#20136);
#20136 = SURFACE_SIDE_STYLE('',(#20137));
#20137 = SURFACE_STYLE_FILL_AREA(#20138);
#20138 = FILL_AREA_STYLE('',(#20139));
#20139 = FILL_AREA_STYLE_COLOUR('',#18606);
#20140 = STYLED_ITEM('color',(#20141),#10041);
#20141 = PRESENTATION_STYLE_ASSIGNMENT((#20142));
#20142 = SURFACE_STYLE_USAGE(.BOTH.,#20143);
#20143 = SURFACE_SIDE_STYLE('',(#20144));
#20144 = SURFACE_STYLE_FILL_AREA(#20145);
#20145 = FILL_AREA_STYLE('',(#20146));
#20146 = FILL_AREA_STYLE_COLOUR('',#18606);
#20147 = STYLED_ITEM('color',(#20148),#10053);
#20148 = PRESENTATION_STYLE_ASSIGNMENT((#20149));
#20149 = SURFACE_STYLE_USAGE(.BOTH.,#20150);
#20150 = SURFACE_SIDE_STYLE('',(#20151));
#20151 = SURFACE_STYLE_FILL_AREA(#20152);
#20152 = FILL_AREA_STYLE('',(#20153));
#20153 = FILL_AREA_STYLE_COLOUR('',#18606);
#20154 = STYLED_ITEM('color',(#20155),#10065);
#20155 = PRESENTATION_STYLE_ASSIGNMENT((#20156));
#20156 = SURFACE_STYLE_USAGE(.BOTH.,#20157);
#20157 = SURFACE_SIDE_STYLE('',(#20158));
#20158 = SURFACE_STYLE_FILL_AREA(#20159);
#20159 = FILL_AREA_STYLE('',(#20160));
#20160 = FILL_AREA_STYLE_COLOUR('',#18606);
#20161 = STYLED_ITEM('color',(#20162),#10077);
#20162 = PRESENTATION_STYLE_ASSIGNMENT((#20163));
#20163 = SURFACE_STYLE_USAGE(.BOTH.,#20164);
#20164 = SURFACE_SIDE_STYLE('',(#20165));
#20165 = SURFACE_STYLE_FILL_AREA(#20166);
#20166 = FILL_AREA_STYLE('',(#20167));
#20167 = FILL_AREA_STYLE_COLOUR('',#18606);
#20168 = STYLED_ITEM('color',(#20169),#10089);
#20169 = PRESENTATION_STYLE_ASSIGNMENT((#20170));
#20170 = SURFACE_STYLE_USAGE(.BOTH.,#20171);
#20171 = SURFACE_SIDE_STYLE('',(#20172));
#20172 = SURFACE_STYLE_FILL_AREA(#20173);
#20173 = FILL_AREA_STYLE('',(#20174));
#20174 = FILL_AREA_STYLE_COLOUR('',#18606);
#20175 = STYLED_ITEM('color',(#20176),#10101);
#20176 = PRESENTATION_STYLE_ASSIGNMENT((#20177));
#20177 = SURFACE_STYLE_USAGE(.BOTH.,#20178);
#20178 = SURFACE_SIDE_STYLE('',(#20179));
#20179 = SURFACE_STYLE_FILL_AREA(#20180);
#20180 = FILL_AREA_STYLE('',(#20181));
#20181 = FILL_AREA_STYLE_COLOUR('',#18606);
#20182 = STYLED_ITEM('color',(#20183),#10118);
#20183 = PRESENTATION_STYLE_ASSIGNMENT((#20184));
#20184 = SURFACE_STYLE_USAGE(.BOTH.,#20185);
#20185 = SURFACE_SIDE_STYLE('',(#20186));
#20186 = SURFACE_STYLE_FILL_AREA(#20187);
#20187 = FILL_AREA_STYLE('',(#20188));
#20188 = FILL_AREA_STYLE_COLOUR('',#18606);
#20189 = STYLED_ITEM('color',(#20190),#10135);
#20190 = PRESENTATION_STYLE_ASSIGNMENT((#20191));
#20191 = SURFACE_STYLE_USAGE(.BOTH.,#20192);
#20192 = SURFACE_SIDE_STYLE('',(#20193));
#20193 = SURFACE_STYLE_FILL_AREA(#20194);
#20194 = FILL_AREA_STYLE('',(#20195));
#20195 = FILL_AREA_STYLE_COLOUR('',#18606);
#20196 = STYLED_ITEM('color',(#20197),#10147);
#20197 = PRESENTATION_STYLE_ASSIGNMENT((#20198));
#20198 = SURFACE_STYLE_USAGE(.BOTH.,#20199);
#20199 = SURFACE_SIDE_STYLE('',(#20200));
#20200 = SURFACE_STYLE_FILL_AREA(#20201);
#20201 = FILL_AREA_STYLE('',(#20202));
#20202 = FILL_AREA_STYLE_COLOUR('',#18606);
#20203 = STYLED_ITEM('color',(#20204),#10159);
#20204 = PRESENTATION_STYLE_ASSIGNMENT((#20205));
#20205 = SURFACE_STYLE_USAGE(.BOTH.,#20206);
#20206 = SURFACE_SIDE_STYLE('',(#20207));
#20207 = SURFACE_STYLE_FILL_AREA(#20208);
#20208 = FILL_AREA_STYLE('',(#20209));
#20209 = FILL_AREA_STYLE_COLOUR('',#18606);
#20210 = STYLED_ITEM('color',(#20211),#10171);
#20211 = PRESENTATION_STYLE_ASSIGNMENT((#20212));
#20212 = SURFACE_STYLE_USAGE(.BOTH.,#20213);
#20213 = SURFACE_SIDE_STYLE('',(#20214));
#20214 = SURFACE_STYLE_FILL_AREA(#20215);
#20215 = FILL_AREA_STYLE('',(#20216));
#20216 = FILL_AREA_STYLE_COLOUR('',#18606);
#20217 = STYLED_ITEM('color',(#20218),#10183);
#20218 = PRESENTATION_STYLE_ASSIGNMENT((#20219));
#20219 = SURFACE_STYLE_USAGE(.BOTH.,#20220);
#20220 = SURFACE_SIDE_STYLE('',(#20221));
#20221 = SURFACE_STYLE_FILL_AREA(#20222);
#20222 = FILL_AREA_STYLE('',(#20223));
#20223 = FILL_AREA_STYLE_COLOUR('',#18606);
#20224 = STYLED_ITEM('color',(#20225),#10195);
#20225 = PRESENTATION_STYLE_ASSIGNMENT((#20226));
#20226 = SURFACE_STYLE_USAGE(.BOTH.,#20227);
#20227 = SURFACE_SIDE_STYLE('',(#20228));
#20228 = SURFACE_STYLE_FILL_AREA(#20229);
#20229 = FILL_AREA_STYLE('',(#20230));
#20230 = FILL_AREA_STYLE_COLOUR('',#18606);
#20231 = STYLED_ITEM('color',(#20232),#10207);
#20232 = PRESENTATION_STYLE_ASSIGNMENT((#20233));
#20233 = SURFACE_STYLE_USAGE(.BOTH.,#20234);
#20234 = SURFACE_SIDE_STYLE('',(#20235));
#20235 = SURFACE_STYLE_FILL_AREA(#20236);
#20236 = FILL_AREA_STYLE('',(#20237));
#20237 = FILL_AREA_STYLE_COLOUR('',#18606);
#20238 = STYLED_ITEM('color',(#20239),#10219);
#20239 = PRESENTATION_STYLE_ASSIGNMENT((#20240));
#20240 = SURFACE_STYLE_USAGE(.BOTH.,#20241);
#20241 = SURFACE_SIDE_STYLE('',(#20242));
#20242 = SURFACE_STYLE_FILL_AREA(#20243);
#20243 = FILL_AREA_STYLE('',(#20244));
#20244 = FILL_AREA_STYLE_COLOUR('',#18606);
#20245 = STYLED_ITEM('color',(#20246),#10231);
#20246 = PRESENTATION_STYLE_ASSIGNMENT((#20247));
#20247 = SURFACE_STYLE_USAGE(.BOTH.,#20248);
#20248 = SURFACE_SIDE_STYLE('',(#20249));
#20249 = SURFACE_STYLE_FILL_AREA(#20250);
#20250 = FILL_AREA_STYLE('',(#20251));
#20251 = FILL_AREA_STYLE_COLOUR('',#18606);
#20252 = STYLED_ITEM('color',(#20253),#10243);
#20253 = PRESENTATION_STYLE_ASSIGNMENT((#20254));
#20254 = SURFACE_STYLE_USAGE(.BOTH.,#20255);
#20255 = SURFACE_SIDE_STYLE('',(#20256));
#20256 = SURFACE_STYLE_FILL_AREA(#20257);
#20257 = FILL_AREA_STYLE('',(#20258));
#20258 = FILL_AREA_STYLE_COLOUR('',#18606);
#20259 = STYLED_ITEM('color',(#20260),#10255);
#20260 = PRESENTATION_STYLE_ASSIGNMENT((#20261));
#20261 = SURFACE_STYLE_USAGE(.BOTH.,#20262);
#20262 = SURFACE_SIDE_STYLE('',(#20263));
#20263 = SURFACE_STYLE_FILL_AREA(#20264);
#20264 = FILL_AREA_STYLE('',(#20265));
#20265 = FILL_AREA_STYLE_COLOUR('',#18606);
#20266 = STYLED_ITEM('color',(#20267),#10267);
#20267 = PRESENTATION_STYLE_ASSIGNMENT((#20268));
#20268 = SURFACE_STYLE_USAGE(.BOTH.,#20269);
#20269 = SURFACE_SIDE_STYLE('',(#20270));
#20270 = SURFACE_STYLE_FILL_AREA(#20271);
#20271 = FILL_AREA_STYLE('',(#20272));
#20272 = FILL_AREA_STYLE_COLOUR('',#18606);
#20273 = STYLED_ITEM('color',(#20274),#10279);
#20274 = PRESENTATION_STYLE_ASSIGNMENT((#20275));
#20275 = SURFACE_STYLE_USAGE(.BOTH.,#20276);
#20276 = SURFACE_SIDE_STYLE('',(#20277));
#20277 = SURFACE_STYLE_FILL_AREA(#20278);
#20278 = FILL_AREA_STYLE('',(#20279));
#20279 = FILL_AREA_STYLE_COLOUR('',#18606);
#20280 = STYLED_ITEM('color',(#20281),#10296);
#20281 = PRESENTATION_STYLE_ASSIGNMENT((#20282));
#20282 = SURFACE_STYLE_USAGE(.BOTH.,#20283);
#20283 = SURFACE_SIDE_STYLE('',(#20284));
#20284 = SURFACE_STYLE_FILL_AREA(#20285);
#20285 = FILL_AREA_STYLE('',(#20286));
#20286 = FILL_AREA_STYLE_COLOUR('',#18606);
#20287 = STYLED_ITEM('color',(#20288),#10313);
#20288 = PRESENTATION_STYLE_ASSIGNMENT((#20289));
#20289 = SURFACE_STYLE_USAGE(.BOTH.,#20290);
#20290 = SURFACE_SIDE_STYLE('',(#20291));
#20291 = SURFACE_STYLE_FILL_AREA(#20292);
#20292 = FILL_AREA_STYLE('',(#20293));
#20293 = FILL_AREA_STYLE_COLOUR('',#18606);
#20294 = MECHANICAL_DESIGN_GEOMETRIC_PRESENTATION_REPRESENTATION('',(
    #20295),#17506);
#20295 = STYLED_ITEM('color',(#20296),#16849);
#20296 = PRESENTATION_STYLE_ASSIGNMENT((#20297));
#20297 = SURFACE_STYLE_USAGE(.BOTH.,#20298);
#20298 = SURFACE_SIDE_STYLE('',(#20299));
#20299 = SURFACE_STYLE_FILL_AREA(#20300);
#20300 = FILL_AREA_STYLE('',(#20301));
#20301 = FILL_AREA_STYLE_COLOUR('',#20302);
#20302 = COLOUR_RGB('',0.313304153717,0.484529207832,0.410020903123);
ENDSEC;
END-ISO-10303-21;
