ISO-10303-21;
HEADER;
FILE_DESCRIPTION(('KiCad electronic assembly'),'2;1');
FILE_NAME('model.step','1970-01-01T00:00:00',('Pcbnew'),('Kicad'),
  'Open CASCADE STEP processor 7.9','KiCad to STEP converter','Unknown'
  );
FILE_SCHEMA(('AUTOMOTIVE_DESIGN { 1 0 10303 214 1 1 1 1 }'));
ENDSEC;
DATA;
#1 = APPLICATION_PROTOCOL_DEFINITION('international standard',
  'automotive_design',2000,#2);
#2 = APPLICATION_CONTEXT(
  'core data for automotive mechanical design processes');
#3 = SHAPE_DEFINITION_REPRESENTATION(#4,#10);
#4 = PRODUCT_DEFINITION_SHAPE('','',#5);
#5 = PRODUCT_DEFINITION('design','',#6,#9);
#6 = PRODUCT_DEFINITION_FORMATION('','',#7);
#7 = PRODUCT('model 1','model 1','',(#8));
#8 = PRODUCT_CONTEXT('',#2,'mechanical');
#9 = PRODUCT_DEFINITION_CONTEXT('part definition',#2,'design');
#10 = SHAPE_REPRESENTATION('',(#11,#15,#19,#23),#27);
#11 = AXIS2_PLACEMENT_3D('',#12,#13,#14);
#12 = CARTESIAN_POINT('',(0.,0.,0.));
#13 = DIRECTION('',(0.,0.,1.));
#14 = DIRECTION('',(1.,0.,-0.));
#15 = AXIS2_PLACEMENT_3D('',#16,#17,#18);
#16 = CARTESIAN_POINT('',(0.,0.,1.595));
#17 = DIRECTION('',(0.,0.,1.));
#18 = DIRECTION('',(1.,0.,0.));
#19 = AXIS2_PLACEMENT_3D('',#20,#21,#22);
#20 = CARTESIAN_POINT('',(0.,0.,0.));
#21 = DIRECTION('',(0.,0.,1.));
#22 = DIRECTION('',(1.,0.,-0.));
#23 = AXIS2_PLACEMENT_3D('',#24,#25,#26);
#24 = CARTESIAN_POINT('',(0.,0.,0.));
#25 = DIRECTION('',(0.,0.,1.));
#26 = DIRECTION('',(1.,0.,-0.));
#27 = ( GEOMETRIC_REPRESENTATION_CONTEXT(3) 
GLOBAL_UNCERTAINTY_ASSIGNED_CONTEXT((#31)) GLOBAL_UNIT_ASSIGNED_CONTEXT(
(#28,#29,#30)) REPRESENTATION_CONTEXT('Context #1',
  '3D Context with UNIT and UNCERTAINTY') );
#28 = ( LENGTH_UNIT() NAMED_UNIT(*) SI_UNIT(.MILLI.,.METRE.) );
#29 = ( NAMED_UNIT(*) PLANE_ANGLE_UNIT() SI_UNIT($,.RADIAN.) );
#30 = ( NAMED_UNIT(*) SI_UNIT($,.STERADIAN.) SOLID_ANGLE_UNIT() );
#31 = UNCERTAINTY_MEASURE_WITH_UNIT(LENGTH_MEASURE(1.E-07),#28,
  'distance_accuracy_value','confusion accuracy');
#32 = PRODUCT_RELATED_PRODUCT_CATEGORY('part',$,(#7));
#33 = SHAPE_DEFINITION_REPRESENTATION(#34,#40);
#34 = PRODUCT_DEFINITION_SHAPE('','',#35);
#35 = PRODUCT_DEFINITION('design','',#36,#39);
#36 = PRODUCT_DEFINITION_FORMATION('','',#37);
#37 = PRODUCT('Diode_Bridge_DIP-4_W7.62mm_P5.08mm',
  'Diode_Bridge_DIP-4_W7.62mm_P5.08mm','',(#38));
#38 = PRODUCT_CONTEXT('',#2,'mechanical');
#39 = PRODUCT_DEFINITION_CONTEXT('part definition',#2,'design');
#40 = SHAPE_REPRESENTATION('',(#11,#41),#45);
#41 = AXIS2_PLACEMENT_3D('',#42,#43,#44);
#42 = CARTESIAN_POINT('',(0.,0.,0.));
#43 = DIRECTION('',(0.,0.,1.));
#44 = DIRECTION('',(1.,0.,-0.));
#45 = ( GEOMETRIC_REPRESENTATION_CONTEXT(3) 
GLOBAL_UNCERTAINTY_ASSIGNED_CONTEXT((#49)) GLOBAL_UNIT_ASSIGNED_CONTEXT(
(#46,#47,#48)) REPRESENTATION_CONTEXT('Context #1',
  '3D Context with UNIT and UNCERTAINTY') );
#46 = ( LENGTH_UNIT() NAMED_UNIT(*) SI_UNIT(.MILLI.,.METRE.) );
#47 = ( NAMED_UNIT(*) PLANE_ANGLE_UNIT() SI_UNIT($,.RADIAN.) );
#48 = ( NAMED_UNIT(*) SI_UNIT($,.STERADIAN.) SOLID_ANGLE_UNIT() );
#49 = UNCERTAINTY_MEASURE_WITH_UNIT(LENGTH_MEASURE(1.E-07),#46,
  'distance_accuracy_value','confusion accuracy');
#50 = CONTEXT_DEPENDENT_SHAPE_REPRESENTATION(#51,#53);
#51 = ( REPRESENTATION_RELATIONSHIP('','',#40,#10) 
REPRESENTATION_RELATIONSHIP_WITH_TRANSFORMATION(#52) 
SHAPE_REPRESENTATION_RELATIONSHIP() );
#52 = ITEM_DEFINED_TRANSFORMATION('','',#11,#15);
#53 = PRODUCT_DEFINITION_SHAPE('Placement','Placement of an item',#54);
#54 = NEXT_ASSEMBLY_USAGE_OCCURRENCE('2','REF**','',#5,#35,$);
#55 = PRODUCT_RELATED_PRODUCT_CATEGORY('part',$,(#37));
#56 = SHAPE_DEFINITION_REPRESENTATION(#57,#63);
#57 = PRODUCT_DEFINITION_SHAPE('','',#58);
#58 = PRODUCT_DEFINITION('design','',#59,#62);
#59 = PRODUCT_DEFINITION_FORMATION('','',#60);
#60 = PRODUCT('Diode_Bridge_DIP-4_W7.62mm_P5.08mm',
  'Diode_Bridge_DIP-4_W7.62mm_P5.08mm','',(#61));
#61 = PRODUCT_CONTEXT('',#2,'mechanical');
#62 = PRODUCT_DEFINITION_CONTEXT('part definition',#2,'design');
#63 = ADVANCED_BREP_SHAPE_REPRESENTATION('',(#11,#64),#1237);
#64 = MANIFOLD_SOLID_BREP('',#65);
#65 = CLOSED_SHELL('',(#66,#106,#137,#168,#209,#250,#339,#356,#419,#431,
    #462,#495,#543,#567,#608,#648,#665,#682,#699,#781,#839,#856,#873,
    #885,#933,#957,#998,#1046,#1070,#1111,#1128,#1145,#1162,#1179,#1191,
    #1208,#1225));
#66 = ADVANCED_FACE('',(#67),#101,.T.);
#67 = FACE_BOUND('',#68,.T.);
#68 = EDGE_LOOP('',(#69,#79,#87,#95));
#69 = ORIENTED_EDGE('',*,*,#70,.T.);
#70 = EDGE_CURVE('',#71,#73,#75,.T.);
#71 = VERTEX_POINT('',#72);
#72 = CARTESIAN_POINT('',(7.82,0.3,1.72));
#73 = VERTEX_POINT('',#74);
#74 = CARTESIAN_POINT('',(7.82,-0.3,1.72));
#75 = LINE('',#76,#77);
#76 = CARTESIAN_POINT('',(7.82,0.3,1.72));
#77 = VECTOR('',#78,1.);
#78 = DIRECTION('',(0.,-1.,4.440892098501E-16));
#79 = ORIENTED_EDGE('',*,*,#80,.T.);
#80 = EDGE_CURVE('',#73,#81,#83,.T.);
#81 = VERTEX_POINT('',#82);
#82 = CARTESIAN_POINT('',(7.82,-0.3,-3.));
#83 = LINE('',#84,#85);
#84 = CARTESIAN_POINT('',(7.82,-0.3,1.72));
#85 = VECTOR('',#86,1.);
#86 = DIRECTION('',(0.,-6.661338147751E-16,-1.));
#87 = ORIENTED_EDGE('',*,*,#88,.F.);
#88 = EDGE_CURVE('',#89,#81,#91,.T.);
#89 = VERTEX_POINT('',#90);
#90 = CARTESIAN_POINT('',(7.82,0.3,-3.));
#91 = LINE('',#92,#93);
#92 = CARTESIAN_POINT('',(7.82,0.3,-3.));
#93 = VECTOR('',#94,1.);
#94 = DIRECTION('',(0.,-1.,4.440892098501E-16));
#95 = ORIENTED_EDGE('',*,*,#96,.F.);
#96 = EDGE_CURVE('',#71,#89,#97,.T.);
#97 = LINE('',#98,#99);
#98 = CARTESIAN_POINT('',(7.82,0.3,1.72));
#99 = VECTOR('',#100,1.);
#100 = DIRECTION('',(0.,-6.661338147751E-16,-1.));
#101 = PLANE('',#102);
#102 = AXIS2_PLACEMENT_3D('',#103,#104,#105);
#103 = CARTESIAN_POINT('',(7.82,0.3,1.72));
#104 = DIRECTION('',(1.,0.,0.));
#105 = DIRECTION('',(0.,-6.661338147751E-16,-1.));
#106 = ADVANCED_FACE('',(#107),#132,.F.);
#107 = FACE_BOUND('',#108,.F.);
#108 = EDGE_LOOP('',(#109,#117,#118,#126));
#109 = ORIENTED_EDGE('',*,*,#110,.F.);
#110 = EDGE_CURVE('',#71,#111,#113,.T.);
#111 = VERTEX_POINT('',#112);
#112 = CARTESIAN_POINT('',(7.009494949495,0.3,1.72));
#113 = LINE('',#114,#115);
#114 = CARTESIAN_POINT('',(7.82,0.3,1.72));
#115 = VECTOR('',#116,1.);
#116 = DIRECTION('',(-1.,0.,0.));
#117 = ORIENTED_EDGE('',*,*,#70,.T.);
#118 = ORIENTED_EDGE('',*,*,#119,.T.);
#119 = EDGE_CURVE('',#73,#120,#122,.T.);
#120 = VERTEX_POINT('',#121);
#121 = CARTESIAN_POINT('',(7.009494949495,-0.3,1.72));
#122 = LINE('',#123,#124);
#123 = CARTESIAN_POINT('',(7.82,-0.3,1.72));
#124 = VECTOR('',#125,1.);
#125 = DIRECTION('',(-1.,0.,0.));
#126 = ORIENTED_EDGE('',*,*,#127,.F.);
#127 = EDGE_CURVE('',#111,#120,#128,.T.);
#128 = LINE('',#129,#130);
#129 = CARTESIAN_POINT('',(7.009494949495,1.005,1.72));
#130 = VECTOR('',#131,1.);
#131 = DIRECTION('',(1.271288520227E-32,-1.,4.440892098501E-16));
#132 = PLANE('',#133);
#133 = AXIS2_PLACEMENT_3D('',#134,#135,#136);
#134 = CARTESIAN_POINT('',(7.82,0.3,1.72));
#135 = DIRECTION('',(0.,-4.440892098501E-16,-1.));
#136 = DIRECTION('',(-1.,-0.,0.));
#137 = ADVANCED_FACE('',(#138),#163,.T.);
#138 = FACE_BOUND('',#139,.T.);
#139 = EDGE_LOOP('',(#140,#141,#149,#157));
#140 = ORIENTED_EDGE('',*,*,#88,.T.);
#141 = ORIENTED_EDGE('',*,*,#142,.T.);
#142 = EDGE_CURVE('',#81,#143,#145,.T.);
#143 = VERTEX_POINT('',#144);
#144 = CARTESIAN_POINT('',(7.42,-0.3,-3.));
#145 = LINE('',#146,#147);
#146 = CARTESIAN_POINT('',(7.82,-0.3,-3.));
#147 = VECTOR('',#148,1.);
#148 = DIRECTION('',(-1.,0.,0.));
#149 = ORIENTED_EDGE('',*,*,#150,.F.);
#150 = EDGE_CURVE('',#151,#143,#153,.T.);
#151 = VERTEX_POINT('',#152);
#152 = CARTESIAN_POINT('',(7.42,0.3,-3.));
#153 = LINE('',#154,#155);
#154 = CARTESIAN_POINT('',(7.42,0.3,-3.));
#155 = VECTOR('',#156,1.);
#156 = DIRECTION('',(0.,-1.,4.440892098501E-16));
#157 = ORIENTED_EDGE('',*,*,#158,.F.);
#158 = EDGE_CURVE('',#89,#151,#159,.T.);
#159 = LINE('',#160,#161);
#160 = CARTESIAN_POINT('',(7.82,0.3,-3.));
#161 = VECTOR('',#162,1.);
#162 = DIRECTION('',(-1.,0.,0.));
#163 = PLANE('',#164);
#164 = AXIS2_PLACEMENT_3D('',#165,#166,#167);
#165 = CARTESIAN_POINT('',(7.82,0.3,-3.));
#166 = DIRECTION('',(0.,-4.440892098501E-16,-1.));
#167 = DIRECTION('',(-1.,-0.,0.));
#168 = ADVANCED_FACE('',(#169),#204,.T.);
#169 = FACE_BOUND('',#170,.T.);
#170 = EDGE_LOOP('',(#171,#172,#173,#174,#182,#190,#198));
#171 = ORIENTED_EDGE('',*,*,#110,.F.);
#172 = ORIENTED_EDGE('',*,*,#96,.T.);
#173 = ORIENTED_EDGE('',*,*,#158,.T.);
#174 = ORIENTED_EDGE('',*,*,#175,.T.);
#175 = EDGE_CURVE('',#151,#176,#178,.T.);
#176 = VERTEX_POINT('',#177);
#177 = CARTESIAN_POINT('',(7.42,0.3,1.32));
#178 = LINE('',#179,#180);
#179 = CARTESIAN_POINT('',(7.42,0.3,-3.));
#180 = VECTOR('',#181,1.);
#181 = DIRECTION('',(0.,6.661338147751E-16,1.));
#182 = ORIENTED_EDGE('',*,*,#183,.T.);
#183 = EDGE_CURVE('',#176,#184,#186,.T.);
#184 = VERTEX_POINT('',#185);
#185 = CARTESIAN_POINT('',(6.984242424242,0.3,1.32));
#186 = LINE('',#187,#188);
#187 = CARTESIAN_POINT('',(7.42,0.3,1.32));
#188 = VECTOR('',#189,1.);
#189 = DIRECTION('',(-1.,0.,0.));
#190 = ORIENTED_EDGE('',*,*,#191,.F.);
#191 = EDGE_CURVE('',#192,#184,#194,.T.);
#192 = VERTEX_POINT('',#193);
#193 = CARTESIAN_POINT('',(7.06,0.3,1.52));
#194 = LINE('',#195,#196);
#195 = CARTESIAN_POINT('',(7.140807066854,0.3,1.733330656495));
#196 = VECTOR('',#197,1.);
#197 = DIRECTION('',(-0.35422706261,-6.229413287138E-16,-0.93515944529)
  );
#198 = ORIENTED_EDGE('',*,*,#199,.F.);
#199 = EDGE_CURVE('',#111,#192,#200,.T.);
#200 = LINE('',#201,#202);
#201 = CARTESIAN_POINT('',(6.80904085939,0.3,2.513798196816));
#202 = VECTOR('',#203,1.);
#203 = DIRECTION('',(0.244839310826,-6.458591467449E-16,-0.969563670872)
  );
#204 = PLANE('',#205);
#205 = AXIS2_PLACEMENT_3D('',#206,#207,#208);
#206 = CARTESIAN_POINT('',(7.82,0.3,1.72));
#207 = DIRECTION('',(0.,1.,-6.661338147751E-16));
#208 = DIRECTION('',(0.,6.661338147751E-16,1.));
#209 = ADVANCED_FACE('',(#210),#245,.F.);
#210 = FACE_BOUND('',#211,.F.);
#211 = EDGE_LOOP('',(#212,#213,#214,#215,#223,#231,#239));
#212 = ORIENTED_EDGE('',*,*,#119,.F.);
#213 = ORIENTED_EDGE('',*,*,#80,.T.);
#214 = ORIENTED_EDGE('',*,*,#142,.T.);
#215 = ORIENTED_EDGE('',*,*,#216,.T.);
#216 = EDGE_CURVE('',#143,#217,#219,.T.);
#217 = VERTEX_POINT('',#218);
#218 = CARTESIAN_POINT('',(7.42,-0.3,1.32));
#219 = LINE('',#220,#221);
#220 = CARTESIAN_POINT('',(7.42,-0.3,-3.));
#221 = VECTOR('',#222,1.);
#222 = DIRECTION('',(0.,6.661338147751E-16,1.));
#223 = ORIENTED_EDGE('',*,*,#224,.T.);
#224 = EDGE_CURVE('',#217,#225,#227,.T.);
#225 = VERTEX_POINT('',#226);
#226 = CARTESIAN_POINT('',(6.984242424242,-0.3,1.32));
#227 = LINE('',#228,#229);
#228 = CARTESIAN_POINT('',(7.42,-0.3,1.32));
#229 = VECTOR('',#230,1.);
#230 = DIRECTION('',(-1.,0.,0.));
#231 = ORIENTED_EDGE('',*,*,#232,.F.);
#232 = EDGE_CURVE('',#233,#225,#235,.T.);
#233 = VERTEX_POINT('',#234);
#234 = CARTESIAN_POINT('',(7.06,-0.3,1.52));
#235 = LINE('',#236,#237);
#236 = CARTESIAN_POINT('',(7.140807066854,-0.3,1.733330656495));
#237 = VECTOR('',#238,1.);
#238 = DIRECTION('',(-0.35422706261,-6.229413287138E-16,-0.93515944529)
  );
#239 = ORIENTED_EDGE('',*,*,#240,.F.);
#240 = EDGE_CURVE('',#120,#233,#241,.T.);
#241 = LINE('',#242,#243);
#242 = CARTESIAN_POINT('',(6.80904085939,-0.3,2.513798196816));
#243 = VECTOR('',#244,1.);
#244 = DIRECTION('',(0.244839310826,-6.458591467449E-16,-0.969563670872)
  );
#245 = PLANE('',#246);
#246 = AXIS2_PLACEMENT_3D('',#247,#248,#249);
#247 = CARTESIAN_POINT('',(7.82,-0.3,1.72));
#248 = DIRECTION('',(0.,1.,-6.661338147751E-16));
#249 = DIRECTION('',(0.,6.661338147751E-16,1.));
#250 = ADVANCED_FACE('',(#251),#334,.T.);
#251 = FACE_BOUND('',#252,.T.);
#252 = EDGE_LOOP('',(#253,#263,#271,#279,#287,#295,#303,#311,#317,#318,
    #319,#320,#328));
#253 = ORIENTED_EDGE('',*,*,#254,.F.);
#254 = EDGE_CURVE('',#255,#257,#259,.T.);
#255 = VERTEX_POINT('',#256);
#256 = CARTESIAN_POINT('',(6.56,0.72,3.5));
#257 = VERTEX_POINT('',#258);
#258 = CARTESIAN_POINT('',(6.81,1.71,2.51));
#259 = LINE('',#260,#261);
#260 = CARTESIAN_POINT('',(6.596164532555,0.86321154892,3.35678845108));
#261 = VECTOR('',#262,1.);
#262 = DIRECTION('',(0.175781947378,0.696096511619,-0.696096511619));
#263 = ORIENTED_EDGE('',*,*,#264,.T.);
#264 = EDGE_CURVE('',#255,#265,#267,.T.);
#265 = VERTEX_POINT('',#266);
#266 = CARTESIAN_POINT('',(6.56,-6.79,3.5));
#267 = LINE('',#268,#269);
#268 = CARTESIAN_POINT('',(6.56,1.71,3.5));
#269 = VECTOR('',#270,1.);
#270 = DIRECTION('',(0.,-1.,4.440892098501E-16));
#271 = ORIENTED_EDGE('',*,*,#272,.T.);
#272 = EDGE_CURVE('',#265,#273,#275,.T.);
#273 = VERTEX_POINT('',#274);
#274 = CARTESIAN_POINT('',(7.06,-6.79,1.52));
#275 = LINE('',#276,#277);
#276 = CARTESIAN_POINT('',(6.56,-6.79,3.5));
#277 = VECTOR('',#278,1.);
#278 = DIRECTION('',(0.244839310826,-6.458591467449E-16,-0.969563670872)
  );
#279 = ORIENTED_EDGE('',*,*,#280,.F.);
#280 = EDGE_CURVE('',#281,#273,#283,.T.);
#281 = VERTEX_POINT('',#282);
#282 = CARTESIAN_POINT('',(7.06,-5.38,1.52));
#283 = LINE('',#284,#285);
#284 = CARTESIAN_POINT('',(7.06,1.71,1.52));
#285 = VECTOR('',#286,1.);
#286 = DIRECTION('',(0.,-1.,4.440892098501E-16));
#287 = ORIENTED_EDGE('',*,*,#288,.F.);
#288 = EDGE_CURVE('',#289,#281,#291,.T.);
#289 = VERTEX_POINT('',#290);
#290 = CARTESIAN_POINT('',(7.009494949495,-5.38,1.72));
#291 = LINE('',#292,#293);
#292 = CARTESIAN_POINT('',(6.80904085939,-5.38,2.513798196816));
#293 = VECTOR('',#294,1.);
#294 = DIRECTION('',(0.244839310826,5.053756600236E-16,-0.969563670872)
  );
#295 = ORIENTED_EDGE('',*,*,#296,.F.);
#296 = EDGE_CURVE('',#297,#289,#299,.T.);
#297 = VERTEX_POINT('',#298);
#298 = CARTESIAN_POINT('',(7.009494949495,-4.78,1.72));
#299 = LINE('',#300,#301);
#300 = CARTESIAN_POINT('',(7.009494949495,-1.535,1.72));
#301 = VECTOR('',#302,1.);
#302 = DIRECTION('',(1.96251544757E-16,-1.,-3.330669073875E-16));
#303 = ORIENTED_EDGE('',*,*,#304,.T.);
#304 = EDGE_CURVE('',#297,#305,#307,.T.);
#305 = VERTEX_POINT('',#306);
#306 = CARTESIAN_POINT('',(7.06,-4.78,1.52));
#307 = LINE('',#308,#309);
#308 = CARTESIAN_POINT('',(6.80904085939,-4.78,2.513798196816));
#309 = VECTOR('',#310,1.);
#310 = DIRECTION('',(0.244839310826,5.053756600236E-16,-0.969563670872)
  );
#311 = ORIENTED_EDGE('',*,*,#312,.F.);
#312 = EDGE_CURVE('',#233,#305,#313,.T.);
#313 = LINE('',#314,#315);
#314 = CARTESIAN_POINT('',(7.06,1.71,1.52));
#315 = VECTOR('',#316,1.);
#316 = DIRECTION('',(0.,-1.,4.440892098501E-16));
#317 = ORIENTED_EDGE('',*,*,#240,.F.);
#318 = ORIENTED_EDGE('',*,*,#127,.F.);
#319 = ORIENTED_EDGE('',*,*,#199,.T.);
#320 = ORIENTED_EDGE('',*,*,#321,.F.);
#321 = EDGE_CURVE('',#322,#192,#324,.T.);
#322 = VERTEX_POINT('',#323);
#323 = CARTESIAN_POINT('',(7.06,1.71,1.52));
#324 = LINE('',#325,#326);
#325 = CARTESIAN_POINT('',(7.06,1.71,1.52));
#326 = VECTOR('',#327,1.);
#327 = DIRECTION('',(0.,-1.,4.440892098501E-16));
#328 = ORIENTED_EDGE('',*,*,#329,.F.);
#329 = EDGE_CURVE('',#257,#322,#330,.T.);
#330 = LINE('',#331,#332);
#331 = CARTESIAN_POINT('',(6.56,1.71,3.5));
#332 = VECTOR('',#333,1.);
#333 = DIRECTION('',(0.244839310826,-6.458591467449E-16,-0.969563670872)
  );
#334 = PLANE('',#335);
#335 = AXIS2_PLACEMENT_3D('',#336,#337,#338);
#336 = CARTESIAN_POINT('',(6.56,1.71,3.5));
#337 = DIRECTION('',(0.969563670872,1.08730496085E-16,0.244839310826));
#338 = DIRECTION('',(0.244839310826,-6.458591467449E-16,-0.969563670872)
  );
#339 = ADVANCED_FACE('',(#340),#351,.T.);
#340 = FACE_BOUND('',#341,.T.);
#341 = EDGE_LOOP('',(#342,#343,#344,#350));
#342 = ORIENTED_EDGE('',*,*,#150,.T.);
#343 = ORIENTED_EDGE('',*,*,#216,.T.);
#344 = ORIENTED_EDGE('',*,*,#345,.F.);
#345 = EDGE_CURVE('',#176,#217,#346,.T.);
#346 = LINE('',#347,#348);
#347 = CARTESIAN_POINT('',(7.42,0.3,1.32));
#348 = VECTOR('',#349,1.);
#349 = DIRECTION('',(0.,-1.,4.440892098501E-16));
#350 = ORIENTED_EDGE('',*,*,#175,.F.);
#351 = PLANE('',#352);
#352 = AXIS2_PLACEMENT_3D('',#353,#354,#355);
#353 = CARTESIAN_POINT('',(7.42,0.3,-3.));
#354 = DIRECTION('',(-1.,0.,0.));
#355 = DIRECTION('',(0.,6.661338147751E-16,1.));
#356 = ADVANCED_FACE('',(#357),#414,.T.);
#357 = FACE_BOUND('',#358,.T.);
#358 = EDGE_LOOP('',(#359,#367,#368,#369,#375,#376,#377,#385,#393,#399,
    #400,#408));
#359 = ORIENTED_EDGE('',*,*,#360,.F.);
#360 = EDGE_CURVE('',#322,#361,#363,.T.);
#361 = VERTEX_POINT('',#362);
#362 = CARTESIAN_POINT('',(6.56,1.71,0.2));
#363 = LINE('',#364,#365);
#364 = CARTESIAN_POINT('',(7.06,1.71,1.52));
#365 = VECTOR('',#366,1.);
#366 = DIRECTION('',(-0.35422706261,-6.229413287138E-16,-0.93515944529)
  );
#367 = ORIENTED_EDGE('',*,*,#321,.T.);
#368 = ORIENTED_EDGE('',*,*,#191,.T.);
#369 = ORIENTED_EDGE('',*,*,#370,.T.);
#370 = EDGE_CURVE('',#184,#225,#371,.T.);
#371 = LINE('',#372,#373);
#372 = CARTESIAN_POINT('',(6.984242424242,1.005,1.32));
#373 = VECTOR('',#374,1.);
#374 = DIRECTION('',(-2.636117660183E-32,-1.,4.440892098501E-16));
#375 = ORIENTED_EDGE('',*,*,#232,.F.);
#376 = ORIENTED_EDGE('',*,*,#312,.T.);
#377 = ORIENTED_EDGE('',*,*,#378,.T.);
#378 = EDGE_CURVE('',#305,#379,#381,.T.);
#379 = VERTEX_POINT('',#380);
#380 = CARTESIAN_POINT('',(6.984242424242,-4.78,1.32));
#381 = LINE('',#382,#383);
#382 = CARTESIAN_POINT('',(7.140807066854,-4.78,1.733330656495));
#383 = VECTOR('',#384,1.);
#384 = DIRECTION('',(-0.35422706261,4.874427911122E-16,-0.93515944529));
#385 = ORIENTED_EDGE('',*,*,#386,.T.);
#386 = EDGE_CURVE('',#379,#387,#389,.T.);
#387 = VERTEX_POINT('',#388);
#388 = CARTESIAN_POINT('',(6.984242424242,-5.38,1.32));
#389 = LINE('',#390,#391);
#390 = CARTESIAN_POINT('',(6.984242424242,-1.535,1.32));
#391 = VECTOR('',#392,1.);
#392 = DIRECTION('',(-2.943773171355E-16,-1.,-3.330669073875E-16));
#393 = ORIENTED_EDGE('',*,*,#394,.F.);
#394 = EDGE_CURVE('',#281,#387,#395,.T.);
#395 = LINE('',#396,#397);
#396 = CARTESIAN_POINT('',(7.140807066854,-5.38,1.733330656495));
#397 = VECTOR('',#398,1.);
#398 = DIRECTION('',(-0.35422706261,4.874427911122E-16,-0.93515944529));
#399 = ORIENTED_EDGE('',*,*,#280,.T.);
#400 = ORIENTED_EDGE('',*,*,#401,.T.);
#401 = EDGE_CURVE('',#273,#402,#404,.T.);
#402 = VERTEX_POINT('',#403);
#403 = CARTESIAN_POINT('',(6.56,-6.79,0.2));
#404 = LINE('',#405,#406);
#405 = CARTESIAN_POINT('',(7.06,-6.79,1.52));
#406 = VECTOR('',#407,1.);
#407 = DIRECTION('',(-0.35422706261,-6.229413287138E-16,-0.93515944529)
  );
#408 = ORIENTED_EDGE('',*,*,#409,.F.);
#409 = EDGE_CURVE('',#361,#402,#410,.T.);
#410 = LINE('',#411,#412);
#411 = CARTESIAN_POINT('',(6.56,1.71,0.2));
#412 = VECTOR('',#413,1.);
#413 = DIRECTION('',(0.,-1.,4.440892098501E-16));
#414 = PLANE('',#415);
#415 = AXIS2_PLACEMENT_3D('',#416,#417,#418);
#416 = CARTESIAN_POINT('',(7.06,1.71,1.52));
#417 = DIRECTION('',(0.93515944529,-1.573084163419E-16,-0.35422706261));
#418 = DIRECTION('',(-0.35422706261,-6.229413287138E-16,-0.93515944529)
  );
#419 = ADVANCED_FACE('',(#420),#426,.T.);
#420 = FACE_BOUND('',#421,.T.);
#421 = EDGE_LOOP('',(#422,#423,#424,#425));
#422 = ORIENTED_EDGE('',*,*,#183,.F.);
#423 = ORIENTED_EDGE('',*,*,#345,.T.);
#424 = ORIENTED_EDGE('',*,*,#224,.T.);
#425 = ORIENTED_EDGE('',*,*,#370,.F.);
#426 = PLANE('',#427);
#427 = AXIS2_PLACEMENT_3D('',#428,#429,#430);
#428 = CARTESIAN_POINT('',(7.42,0.3,1.32));
#429 = DIRECTION('',(0.,-4.440892098501E-16,-1.));
#430 = DIRECTION('',(-1.,-0.,0.));
#431 = ADVANCED_FACE('',(#432),#457,.T.);
#432 = FACE_BOUND('',#433,.T.);
#433 = EDGE_LOOP('',(#434,#444,#450,#451));
#434 = ORIENTED_EDGE('',*,*,#435,.F.);
#435 = EDGE_CURVE('',#436,#438,#440,.T.);
#436 = VERTEX_POINT('',#437);
#437 = CARTESIAN_POINT('',(1.06,0.72,3.5));
#438 = VERTEX_POINT('',#439);
#439 = CARTESIAN_POINT('',(0.81,1.71,2.51));
#440 = LINE('',#441,#442);
#441 = CARTESIAN_POINT('',(0.81,1.71,2.51));
#442 = VECTOR('',#443,1.);
#443 = DIRECTION('',(-0.175781947378,0.696096511619,-0.696096511619));
#444 = ORIENTED_EDGE('',*,*,#445,.T.);
#445 = EDGE_CURVE('',#436,#255,#446,.T.);
#446 = LINE('',#447,#448);
#447 = CARTESIAN_POINT('',(1.06,0.72,3.5));
#448 = VECTOR('',#449,1.);
#449 = DIRECTION('',(1.,0.,0.));
#450 = ORIENTED_EDGE('',*,*,#254,.T.);
#451 = ORIENTED_EDGE('',*,*,#452,.F.);
#452 = EDGE_CURVE('',#438,#257,#453,.T.);
#453 = LINE('',#454,#455);
#454 = CARTESIAN_POINT('',(1.06,1.71,2.51));
#455 = VECTOR('',#456,1.);
#456 = DIRECTION('',(1.,0.,0.));
#457 = PLANE('',#458);
#458 = AXIS2_PLACEMENT_3D('',#459,#460,#461);
#459 = CARTESIAN_POINT('',(1.06,1.215,3.005));
#460 = DIRECTION('',(0.,0.707106781187,0.707106781187));
#461 = DIRECTION('',(1.,0.,-0.));
#462 = ADVANCED_FACE('',(#463),#490,.T.);
#463 = FACE_BOUND('',#464,.T.);
#464 = EDGE_LOOP('',(#465,#466,#467,#475,#483,#489));
#465 = ORIENTED_EDGE('',*,*,#329,.T.);
#466 = ORIENTED_EDGE('',*,*,#360,.T.);
#467 = ORIENTED_EDGE('',*,*,#468,.F.);
#468 = EDGE_CURVE('',#469,#361,#471,.T.);
#469 = VERTEX_POINT('',#470);
#470 = CARTESIAN_POINT('',(1.06,1.71,0.2));
#471 = LINE('',#472,#473);
#472 = CARTESIAN_POINT('',(1.06,1.71,0.2));
#473 = VECTOR('',#474,1.);
#474 = DIRECTION('',(1.,0.,0.));
#475 = ORIENTED_EDGE('',*,*,#476,.T.);
#476 = EDGE_CURVE('',#469,#477,#479,.T.);
#477 = VERTEX_POINT('',#478);
#478 = CARTESIAN_POINT('',(0.56,1.71,1.52));
#479 = LINE('',#480,#481);
#480 = CARTESIAN_POINT('',(1.06,1.71,0.2));
#481 = VECTOR('',#482,1.);
#482 = DIRECTION('',(-0.35422706261,6.229413287138E-16,0.93515944529));
#483 = ORIENTED_EDGE('',*,*,#484,.T.);
#484 = EDGE_CURVE('',#477,#438,#485,.T.);
#485 = LINE('',#486,#487);
#486 = CARTESIAN_POINT('',(0.56,1.71,1.52));
#487 = VECTOR('',#488,1.);
#488 = DIRECTION('',(0.244839310826,6.458591467449E-16,0.969563670872));
#489 = ORIENTED_EDGE('',*,*,#452,.T.);
#490 = PLANE('',#491);
#491 = AXIS2_PLACEMENT_3D('',#492,#493,#494);
#492 = CARTESIAN_POINT('',(1.06,1.71,0.2));
#493 = DIRECTION('',(0.,1.,-7.805204294334E-16));
#494 = DIRECTION('',(0.,7.805204294334E-16,1.));
#495 = ADVANCED_FACE('',(#496),#538,.T.);
#496 = FACE_BOUND('',#497,.T.);
#497 = EDGE_LOOP('',(#498,#506,#514,#522,#530,#536,#537));
#498 = ORIENTED_EDGE('',*,*,#499,.F.);
#499 = EDGE_CURVE('',#500,#297,#502,.T.);
#500 = VERTEX_POINT('',#501);
#501 = CARTESIAN_POINT('',(7.82,-4.78,1.72));
#502 = LINE('',#503,#504);
#503 = CARTESIAN_POINT('',(7.82,-4.78,1.72));
#504 = VECTOR('',#505,1.);
#505 = DIRECTION('',(-1.,-0.,0.));
#506 = ORIENTED_EDGE('',*,*,#507,.T.);
#507 = EDGE_CURVE('',#500,#508,#510,.T.);
#508 = VERTEX_POINT('',#509);
#509 = CARTESIAN_POINT('',(7.82,-4.78,-3.));
#510 = LINE('',#511,#512);
#511 = CARTESIAN_POINT('',(7.82,-4.78,1.72));
#512 = VECTOR('',#513,1.);
#513 = DIRECTION('',(0.,5.551115123126E-16,-1.));
#514 = ORIENTED_EDGE('',*,*,#515,.T.);
#515 = EDGE_CURVE('',#508,#516,#518,.T.);
#516 = VERTEX_POINT('',#517);
#517 = CARTESIAN_POINT('',(7.42,-4.78,-3.));
#518 = LINE('',#519,#520);
#519 = CARTESIAN_POINT('',(7.82,-4.78,-3.));
#520 = VECTOR('',#521,1.);
#521 = DIRECTION('',(-1.,-0.,0.));
#522 = ORIENTED_EDGE('',*,*,#523,.T.);
#523 = EDGE_CURVE('',#516,#524,#526,.T.);
#524 = VERTEX_POINT('',#525);
#525 = CARTESIAN_POINT('',(7.42,-4.78,1.32));
#526 = LINE('',#527,#528);
#527 = CARTESIAN_POINT('',(7.42,-4.78,-3.));
#528 = VECTOR('',#529,1.);
#529 = DIRECTION('',(0.,-5.551115123126E-16,1.));
#530 = ORIENTED_EDGE('',*,*,#531,.T.);
#531 = EDGE_CURVE('',#524,#379,#532,.T.);
#532 = LINE('',#533,#534);
#533 = CARTESIAN_POINT('',(7.42,-4.78,1.32));
#534 = VECTOR('',#535,1.);
#535 = DIRECTION('',(-1.,-0.,0.));
#536 = ORIENTED_EDGE('',*,*,#378,.F.);
#537 = ORIENTED_EDGE('',*,*,#304,.F.);
#538 = PLANE('',#539);
#539 = AXIS2_PLACEMENT_3D('',#540,#541,#542);
#540 = CARTESIAN_POINT('',(7.82,-4.78,1.72));
#541 = DIRECTION('',(0.,1.,5.212403013918E-16));
#542 = DIRECTION('',(0.,-5.212403013918E-16,1.));
#543 = ADVANCED_FACE('',(#544),#562,.F.);
#544 = FACE_BOUND('',#545,.F.);
#545 = EDGE_LOOP('',(#546,#547,#555,#561));
#546 = ORIENTED_EDGE('',*,*,#499,.F.);
#547 = ORIENTED_EDGE('',*,*,#548,.T.);
#548 = EDGE_CURVE('',#500,#549,#551,.T.);
#549 = VERTEX_POINT('',#550);
#550 = CARTESIAN_POINT('',(7.82,-5.38,1.72));
#551 = LINE('',#552,#553);
#552 = CARTESIAN_POINT('',(7.82,-4.78,1.72));
#553 = VECTOR('',#554,1.);
#554 = DIRECTION('',(0.,-1.,-3.330669073875E-16));
#555 = ORIENTED_EDGE('',*,*,#556,.T.);
#556 = EDGE_CURVE('',#549,#289,#557,.T.);
#557 = LINE('',#558,#559);
#558 = CARTESIAN_POINT('',(7.82,-5.38,1.72));
#559 = VECTOR('',#560,1.);
#560 = DIRECTION('',(-1.,-0.,0.));
#561 = ORIENTED_EDGE('',*,*,#296,.F.);
#562 = PLANE('',#563);
#563 = AXIS2_PLACEMENT_3D('',#564,#565,#566);
#564 = CARTESIAN_POINT('',(7.82,-4.78,1.72));
#565 = DIRECTION('',(-0.,3.330669073875E-16,-1.));
#566 = DIRECTION('',(-1.,-0.,0.));
#567 = ADVANCED_FACE('',(#568),#603,.F.);
#568 = FACE_BOUND('',#569,.F.);
#569 = EDGE_LOOP('',(#570,#571,#579,#587,#595,#601,#602));
#570 = ORIENTED_EDGE('',*,*,#556,.F.);
#571 = ORIENTED_EDGE('',*,*,#572,.T.);
#572 = EDGE_CURVE('',#549,#573,#575,.T.);
#573 = VERTEX_POINT('',#574);
#574 = CARTESIAN_POINT('',(7.82,-5.38,-3.));
#575 = LINE('',#576,#577);
#576 = CARTESIAN_POINT('',(7.82,-5.38,1.72));
#577 = VECTOR('',#578,1.);
#578 = DIRECTION('',(0.,5.551115123126E-16,-1.));
#579 = ORIENTED_EDGE('',*,*,#580,.T.);
#580 = EDGE_CURVE('',#573,#581,#583,.T.);
#581 = VERTEX_POINT('',#582);
#582 = CARTESIAN_POINT('',(7.42,-5.38,-3.));
#583 = LINE('',#584,#585);
#584 = CARTESIAN_POINT('',(7.82,-5.38,-3.));
#585 = VECTOR('',#586,1.);
#586 = DIRECTION('',(-1.,-0.,0.));
#587 = ORIENTED_EDGE('',*,*,#588,.T.);
#588 = EDGE_CURVE('',#581,#589,#591,.T.);
#589 = VERTEX_POINT('',#590);
#590 = CARTESIAN_POINT('',(7.42,-5.38,1.32));
#591 = LINE('',#592,#593);
#592 = CARTESIAN_POINT('',(7.42,-5.38,-3.));
#593 = VECTOR('',#594,1.);
#594 = DIRECTION('',(0.,-5.551115123126E-16,1.));
#595 = ORIENTED_EDGE('',*,*,#596,.T.);
#596 = EDGE_CURVE('',#589,#387,#597,.T.);
#597 = LINE('',#598,#599);
#598 = CARTESIAN_POINT('',(7.42,-5.38,1.32));
#599 = VECTOR('',#600,1.);
#600 = DIRECTION('',(-1.,-0.,0.));
#601 = ORIENTED_EDGE('',*,*,#394,.F.);
#602 = ORIENTED_EDGE('',*,*,#288,.F.);
#603 = PLANE('',#604);
#604 = AXIS2_PLACEMENT_3D('',#605,#606,#607);
#605 = CARTESIAN_POINT('',(7.82,-5.38,1.72));
#606 = DIRECTION('',(0.,1.,5.212403013918E-16));
#607 = DIRECTION('',(0.,-5.212403013918E-16,1.));
#608 = ADVANCED_FACE('',(#609),#643,.F.);
#609 = FACE_BOUND('',#610,.T.);
#610 = EDGE_LOOP('',(#611,#619,#620,#621,#629,#637));
#611 = ORIENTED_EDGE('',*,*,#612,.T.);
#612 = EDGE_CURVE('',#613,#402,#615,.T.);
#613 = VERTEX_POINT('',#614);
#614 = CARTESIAN_POINT('',(1.06,-6.79,0.2));
#615 = LINE('',#616,#617);
#616 = CARTESIAN_POINT('',(1.06,-6.79,0.2));
#617 = VECTOR('',#618,1.);
#618 = DIRECTION('',(1.,0.,0.));
#619 = ORIENTED_EDGE('',*,*,#401,.F.);
#620 = ORIENTED_EDGE('',*,*,#272,.F.);
#621 = ORIENTED_EDGE('',*,*,#622,.F.);
#622 = EDGE_CURVE('',#623,#265,#625,.T.);
#623 = VERTEX_POINT('',#624);
#624 = CARTESIAN_POINT('',(1.06,-6.79,3.5));
#625 = LINE('',#626,#627);
#626 = CARTESIAN_POINT('',(1.06,-6.79,3.5));
#627 = VECTOR('',#628,1.);
#628 = DIRECTION('',(1.,0.,0.));
#629 = ORIENTED_EDGE('',*,*,#630,.F.);
#630 = EDGE_CURVE('',#631,#623,#633,.T.);
#631 = VERTEX_POINT('',#632);
#632 = CARTESIAN_POINT('',(0.56,-6.79,1.52));
#633 = LINE('',#634,#635);
#634 = CARTESIAN_POINT('',(0.56,-6.79,1.52));
#635 = VECTOR('',#636,1.);
#636 = DIRECTION('',(0.244839310826,6.458591467449E-16,0.969563670872));
#637 = ORIENTED_EDGE('',*,*,#638,.F.);
#638 = EDGE_CURVE('',#613,#631,#639,.T.);
#639 = LINE('',#640,#641);
#640 = CARTESIAN_POINT('',(1.06,-6.79,0.2));
#641 = VECTOR('',#642,1.);
#642 = DIRECTION('',(-0.35422706261,6.229413287138E-16,0.93515944529));
#643 = PLANE('',#644);
#644 = AXIS2_PLACEMENT_3D('',#645,#646,#647);
#645 = CARTESIAN_POINT('',(1.06,-6.79,0.2));
#646 = DIRECTION('',(0.,1.,-7.805204294334E-16));
#647 = DIRECTION('',(0.,7.805204294334E-16,1.));
#648 = ADVANCED_FACE('',(#649),#660,.T.);
#649 = FACE_BOUND('',#650,.T.);
#650 = EDGE_LOOP('',(#651,#657,#658,#659));
#651 = ORIENTED_EDGE('',*,*,#652,.T.);
#652 = EDGE_CURVE('',#436,#623,#653,.T.);
#653 = LINE('',#654,#655);
#654 = CARTESIAN_POINT('',(1.06,1.71,3.5));
#655 = VECTOR('',#656,1.);
#656 = DIRECTION('',(0.,-1.,4.440892098501E-16));
#657 = ORIENTED_EDGE('',*,*,#622,.T.);
#658 = ORIENTED_EDGE('',*,*,#264,.F.);
#659 = ORIENTED_EDGE('',*,*,#445,.F.);
#660 = PLANE('',#661);
#661 = AXIS2_PLACEMENT_3D('',#662,#663,#664);
#662 = CARTESIAN_POINT('',(1.06,1.71,3.5));
#663 = DIRECTION('',(0.,4.440892098501E-16,1.));
#664 = DIRECTION('',(1.,0.,-0.));
#665 = ADVANCED_FACE('',(#666),#677,.F.);
#666 = FACE_BOUND('',#667,.F.);
#667 = EDGE_LOOP('',(#668,#674,#675,#676));
#668 = ORIENTED_EDGE('',*,*,#669,.T.);
#669 = EDGE_CURVE('',#469,#613,#670,.T.);
#670 = LINE('',#671,#672);
#671 = CARTESIAN_POINT('',(1.06,1.71,0.2));
#672 = VECTOR('',#673,1.);
#673 = DIRECTION('',(0.,-1.,4.440892098501E-16));
#674 = ORIENTED_EDGE('',*,*,#612,.T.);
#675 = ORIENTED_EDGE('',*,*,#409,.F.);
#676 = ORIENTED_EDGE('',*,*,#468,.F.);
#677 = PLANE('',#678);
#678 = AXIS2_PLACEMENT_3D('',#679,#680,#681);
#679 = CARTESIAN_POINT('',(1.06,1.71,0.2));
#680 = DIRECTION('',(0.,4.440892098501E-16,1.));
#681 = DIRECTION('',(1.,0.,-0.));
#682 = ADVANCED_FACE('',(#683),#694,.T.);
#683 = FACE_BOUND('',#684,.T.);
#684 = EDGE_LOOP('',(#685,#686,#692,#693));
#685 = ORIENTED_EDGE('',*,*,#531,.F.);
#686 = ORIENTED_EDGE('',*,*,#687,.T.);
#687 = EDGE_CURVE('',#524,#589,#688,.T.);
#688 = LINE('',#689,#690);
#689 = CARTESIAN_POINT('',(7.42,-4.78,1.32));
#690 = VECTOR('',#691,1.);
#691 = DIRECTION('',(0.,-1.,-3.330669073875E-16));
#692 = ORIENTED_EDGE('',*,*,#596,.T.);
#693 = ORIENTED_EDGE('',*,*,#386,.F.);
#694 = PLANE('',#695);
#695 = AXIS2_PLACEMENT_3D('',#696,#697,#698);
#696 = CARTESIAN_POINT('',(7.42,-4.78,1.32));
#697 = DIRECTION('',(-0.,3.330669073875E-16,-1.));
#698 = DIRECTION('',(-1.,-0.,0.));
#699 = ADVANCED_FACE('',(#700),#776,.T.);
#700 = FACE_BOUND('',#701,.T.);
#701 = EDGE_LOOP('',(#702,#703,#704,#705,#713,#721,#729,#737,#745,#753,
    #761,#769,#775));
#702 = ORIENTED_EDGE('',*,*,#652,.F.);
#703 = ORIENTED_EDGE('',*,*,#435,.T.);
#704 = ORIENTED_EDGE('',*,*,#484,.F.);
#705 = ORIENTED_EDGE('',*,*,#706,.T.);
#706 = EDGE_CURVE('',#477,#707,#709,.T.);
#707 = VERTEX_POINT('',#708);
#708 = CARTESIAN_POINT('',(0.56,0.3,1.52));
#709 = LINE('',#710,#711);
#710 = CARTESIAN_POINT('',(0.56,1.71,1.52));
#711 = VECTOR('',#712,1.);
#712 = DIRECTION('',(0.,-1.,4.440892098501E-16));
#713 = ORIENTED_EDGE('',*,*,#714,.T.);
#714 = EDGE_CURVE('',#707,#715,#717,.T.);
#715 = VERTEX_POINT('',#716);
#716 = CARTESIAN_POINT('',(0.610505050505,0.3,1.72));
#717 = LINE('',#718,#719);
#718 = CARTESIAN_POINT('',(0.801343755995,0.3,2.475721273739));
#719 = VECTOR('',#720,1.);
#720 = DIRECTION('',(0.244839310826,6.458591467449E-16,0.969563670872));
#721 = ORIENTED_EDGE('',*,*,#722,.F.);
#722 = EDGE_CURVE('',#723,#715,#725,.T.);
#723 = VERTEX_POINT('',#724);
#724 = CARTESIAN_POINT('',(0.610505050505,-0.3,1.72));
#725 = LINE('',#726,#727);
#726 = CARTESIAN_POINT('',(0.610505050505,1.005,1.72));
#727 = VECTOR('',#728,1.);
#728 = DIRECTION('',(1.271288520227E-32,1.,-4.440892098501E-16));
#729 = ORIENTED_EDGE('',*,*,#730,.F.);
#730 = EDGE_CURVE('',#731,#723,#733,.T.);
#731 = VERTEX_POINT('',#732);
#732 = CARTESIAN_POINT('',(0.56,-0.3,1.52));
#733 = LINE('',#734,#735);
#734 = CARTESIAN_POINT('',(0.801343755995,-0.3,2.475721273739));
#735 = VECTOR('',#736,1.);
#736 = DIRECTION('',(0.244839310826,6.458591467449E-16,0.969563670872));
#737 = ORIENTED_EDGE('',*,*,#738,.T.);
#738 = EDGE_CURVE('',#731,#739,#741,.T.);
#739 = VERTEX_POINT('',#740);
#740 = CARTESIAN_POINT('',(0.56,-4.78,1.52));
#741 = LINE('',#742,#743);
#742 = CARTESIAN_POINT('',(0.56,1.71,1.52));
#743 = VECTOR('',#744,1.);
#744 = DIRECTION('',(0.,-1.,4.440892098501E-16));
#745 = ORIENTED_EDGE('',*,*,#746,.T.);
#746 = EDGE_CURVE('',#739,#747,#749,.T.);
#747 = VERTEX_POINT('',#748);
#748 = CARTESIAN_POINT('',(0.610505050505,-4.78,1.72));
#749 = LINE('',#750,#751);
#750 = CARTESIAN_POINT('',(0.801343755995,-4.78,2.475721273739));
#751 = VECTOR('',#752,1.);
#752 = DIRECTION('',(0.244839310826,-5.053756600236E-16,0.969563670872)
  );
#753 = ORIENTED_EDGE('',*,*,#754,.F.);
#754 = EDGE_CURVE('',#755,#747,#757,.T.);
#755 = VERTEX_POINT('',#756);
#756 = CARTESIAN_POINT('',(0.610505050505,-5.38,1.72));
#757 = LINE('',#758,#759);
#758 = CARTESIAN_POINT('',(0.610505050505,-1.535,1.72));
#759 = VECTOR('',#760,1.);
#760 = DIRECTION('',(1.96251544757E-16,1.,3.330669073875E-16));
#761 = ORIENTED_EDGE('',*,*,#762,.F.);
#762 = EDGE_CURVE('',#763,#755,#765,.T.);
#763 = VERTEX_POINT('',#764);
#764 = CARTESIAN_POINT('',(0.56,-5.38,1.52));
#765 = LINE('',#766,#767);
#766 = CARTESIAN_POINT('',(0.801343755995,-5.38,2.475721273739));
#767 = VECTOR('',#768,1.);
#768 = DIRECTION('',(0.244839310826,-5.053756600236E-16,0.969563670872)
  );
#769 = ORIENTED_EDGE('',*,*,#770,.T.);
#770 = EDGE_CURVE('',#763,#631,#771,.T.);
#771 = LINE('',#772,#773);
#772 = CARTESIAN_POINT('',(0.56,1.71,1.52));
#773 = VECTOR('',#774,1.);
#774 = DIRECTION('',(0.,-1.,4.440892098501E-16));
#775 = ORIENTED_EDGE('',*,*,#630,.T.);
#776 = PLANE('',#777);
#777 = AXIS2_PLACEMENT_3D('',#778,#779,#780);
#778 = CARTESIAN_POINT('',(0.56,1.71,1.52));
#779 = DIRECTION('',(-0.969563670872,1.08730496085E-16,0.244839310826));
#780 = DIRECTION('',(0.244839310826,6.458591467449E-16,0.969563670872));
#781 = ADVANCED_FACE('',(#782),#834,.T.);
#782 = FACE_BOUND('',#783,.T.);
#783 = EDGE_LOOP('',(#784,#785,#786,#787,#788,#796,#804,#810,#811,#819,
    #827,#833));
#784 = ORIENTED_EDGE('',*,*,#476,.F.);
#785 = ORIENTED_EDGE('',*,*,#669,.T.);
#786 = ORIENTED_EDGE('',*,*,#638,.T.);
#787 = ORIENTED_EDGE('',*,*,#770,.F.);
#788 = ORIENTED_EDGE('',*,*,#789,.F.);
#789 = EDGE_CURVE('',#790,#763,#792,.T.);
#790 = VERTEX_POINT('',#791);
#791 = CARTESIAN_POINT('',(0.635757575758,-5.38,1.32));
#792 = LINE('',#793,#794);
#793 = CARTESIAN_POINT('',(1.232354948805,-5.38,-0.255017064846));
#794 = VECTOR('',#795,1.);
#795 = DIRECTION('',(-0.35422706261,-4.874427911122E-16,0.93515944529));
#796 = ORIENTED_EDGE('',*,*,#797,.T.);
#797 = EDGE_CURVE('',#790,#798,#800,.T.);
#798 = VERTEX_POINT('',#799);
#799 = CARTESIAN_POINT('',(0.635757575758,-4.78,1.32));
#800 = LINE('',#801,#802);
#801 = CARTESIAN_POINT('',(0.635757575758,-1.535,1.32));
#802 = VECTOR('',#803,1.);
#803 = DIRECTION('',(-2.943773171355E-16,1.,3.330669073875E-16));
#804 = ORIENTED_EDGE('',*,*,#805,.T.);
#805 = EDGE_CURVE('',#798,#739,#806,.T.);
#806 = LINE('',#807,#808);
#807 = CARTESIAN_POINT('',(1.232354948805,-4.78,-0.255017064846));
#808 = VECTOR('',#809,1.);
#809 = DIRECTION('',(-0.35422706261,-4.874427911122E-16,0.93515944529));
#810 = ORIENTED_EDGE('',*,*,#738,.F.);
#811 = ORIENTED_EDGE('',*,*,#812,.F.);
#812 = EDGE_CURVE('',#813,#731,#815,.T.);
#813 = VERTEX_POINT('',#814);
#814 = CARTESIAN_POINT('',(0.635757575758,-0.3,1.32));
#815 = LINE('',#816,#817);
#816 = CARTESIAN_POINT('',(1.232354948805,-0.3,-0.255017064846));
#817 = VECTOR('',#818,1.);
#818 = DIRECTION('',(-0.35422706261,6.229413287138E-16,0.93515944529));
#819 = ORIENTED_EDGE('',*,*,#820,.T.);
#820 = EDGE_CURVE('',#813,#821,#823,.T.);
#821 = VERTEX_POINT('',#822);
#822 = CARTESIAN_POINT('',(0.635757575758,0.3,1.32));
#823 = LINE('',#824,#825);
#824 = CARTESIAN_POINT('',(0.635757575758,1.005,1.32));
#825 = VECTOR('',#826,1.);
#826 = DIRECTION('',(-2.636117660183E-32,1.,-4.440892098501E-16));
#827 = ORIENTED_EDGE('',*,*,#828,.T.);
#828 = EDGE_CURVE('',#821,#707,#829,.T.);
#829 = LINE('',#830,#831);
#830 = CARTESIAN_POINT('',(1.232354948805,0.3,-0.255017064846));
#831 = VECTOR('',#832,1.);
#832 = DIRECTION('',(-0.35422706261,6.229413287138E-16,0.93515944529));
#833 = ORIENTED_EDGE('',*,*,#706,.F.);
#834 = PLANE('',#835);
#835 = AXIS2_PLACEMENT_3D('',#836,#837,#838);
#836 = CARTESIAN_POINT('',(1.06,1.71,0.2));
#837 = DIRECTION('',(-0.93515944529,-1.573084163419E-16,-0.35422706261)
  );
#838 = DIRECTION('',(-0.35422706261,6.229413287138E-16,0.93515944529));
#839 = ADVANCED_FACE('',(#840),#851,.T.);
#840 = FACE_BOUND('',#841,.T.);
#841 = EDGE_LOOP('',(#842,#848,#849,#850));
#842 = ORIENTED_EDGE('',*,*,#843,.T.);
#843 = EDGE_CURVE('',#516,#581,#844,.T.);
#844 = LINE('',#845,#846);
#845 = CARTESIAN_POINT('',(7.42,-4.78,-3.));
#846 = VECTOR('',#847,1.);
#847 = DIRECTION('',(0.,-1.,-3.330669073875E-16));
#848 = ORIENTED_EDGE('',*,*,#588,.T.);
#849 = ORIENTED_EDGE('',*,*,#687,.F.);
#850 = ORIENTED_EDGE('',*,*,#523,.F.);
#851 = PLANE('',#852);
#852 = AXIS2_PLACEMENT_3D('',#853,#854,#855);
#853 = CARTESIAN_POINT('',(7.42,-4.78,-3.));
#854 = DIRECTION('',(-1.,-0.,0.));
#855 = DIRECTION('',(0.,-5.551115123126E-16,1.));
#856 = ADVANCED_FACE('',(#857),#868,.T.);
#857 = FACE_BOUND('',#858,.T.);
#858 = EDGE_LOOP('',(#859,#865,#866,#867));
#859 = ORIENTED_EDGE('',*,*,#860,.T.);
#860 = EDGE_CURVE('',#508,#573,#861,.T.);
#861 = LINE('',#862,#863);
#862 = CARTESIAN_POINT('',(7.82,-4.78,-3.));
#863 = VECTOR('',#864,1.);
#864 = DIRECTION('',(0.,-1.,-3.330669073875E-16));
#865 = ORIENTED_EDGE('',*,*,#580,.T.);
#866 = ORIENTED_EDGE('',*,*,#843,.F.);
#867 = ORIENTED_EDGE('',*,*,#515,.F.);
#868 = PLANE('',#869);
#869 = AXIS2_PLACEMENT_3D('',#870,#871,#872);
#870 = CARTESIAN_POINT('',(7.82,-4.78,-3.));
#871 = DIRECTION('',(-0.,3.330669073875E-16,-1.));
#872 = DIRECTION('',(-1.,-0.,0.));
#873 = ADVANCED_FACE('',(#874),#880,.T.);
#874 = FACE_BOUND('',#875,.T.);
#875 = EDGE_LOOP('',(#876,#877,#878,#879));
#876 = ORIENTED_EDGE('',*,*,#548,.T.);
#877 = ORIENTED_EDGE('',*,*,#572,.T.);
#878 = ORIENTED_EDGE('',*,*,#860,.F.);
#879 = ORIENTED_EDGE('',*,*,#507,.F.);
#880 = PLANE('',#881);
#881 = AXIS2_PLACEMENT_3D('',#882,#883,#884);
#882 = CARTESIAN_POINT('',(7.82,-4.78,1.72));
#883 = DIRECTION('',(1.,0.,0.));
#884 = DIRECTION('',(0.,5.551115123126E-16,-1.));
#885 = ADVANCED_FACE('',(#886),#928,.F.);
#886 = FACE_BOUND('',#887,.F.);
#887 = EDGE_LOOP('',(#888,#896,#897,#898,#906,#914,#922));
#888 = ORIENTED_EDGE('',*,*,#889,.F.);
#889 = EDGE_CURVE('',#755,#890,#892,.T.);
#890 = VERTEX_POINT('',#891);
#891 = CARTESIAN_POINT('',(-0.2,-5.38,1.72));
#892 = LINE('',#893,#894);
#893 = CARTESIAN_POINT('',(7.82,-5.38,1.72));
#894 = VECTOR('',#895,1.);
#895 = DIRECTION('',(-1.,-0.,0.));
#896 = ORIENTED_EDGE('',*,*,#762,.F.);
#897 = ORIENTED_EDGE('',*,*,#789,.F.);
#898 = ORIENTED_EDGE('',*,*,#899,.T.);
#899 = EDGE_CURVE('',#790,#900,#902,.T.);
#900 = VERTEX_POINT('',#901);
#901 = CARTESIAN_POINT('',(0.2,-5.38,1.32));
#902 = LINE('',#903,#904);
#903 = CARTESIAN_POINT('',(7.42,-5.38,1.32));
#904 = VECTOR('',#905,1.);
#905 = DIRECTION('',(-1.,-0.,0.));
#906 = ORIENTED_EDGE('',*,*,#907,.T.);
#907 = EDGE_CURVE('',#900,#908,#910,.T.);
#908 = VERTEX_POINT('',#909);
#909 = CARTESIAN_POINT('',(0.2,-5.38,-3.));
#910 = LINE('',#911,#912);
#911 = CARTESIAN_POINT('',(0.2,-5.38,1.32));
#912 = VECTOR('',#913,1.);
#913 = DIRECTION('',(0.,5.551115123126E-16,-1.));
#914 = ORIENTED_EDGE('',*,*,#915,.F.);
#915 = EDGE_CURVE('',#916,#908,#918,.T.);
#916 = VERTEX_POINT('',#917);
#917 = CARTESIAN_POINT('',(-0.2,-5.38,-3.));
#918 = LINE('',#919,#920);
#919 = CARTESIAN_POINT('',(-0.2,-5.38,-3.));
#920 = VECTOR('',#921,1.);
#921 = DIRECTION('',(1.,0.,0.));
#922 = ORIENTED_EDGE('',*,*,#923,.F.);
#923 = EDGE_CURVE('',#890,#916,#924,.T.);
#924 = LINE('',#925,#926);
#925 = CARTESIAN_POINT('',(-0.2,-5.38,1.72));
#926 = VECTOR('',#927,1.);
#927 = DIRECTION('',(0.,5.551115123126E-16,-1.));
#928 = PLANE('',#929);
#929 = AXIS2_PLACEMENT_3D('',#930,#931,#932);
#930 = CARTESIAN_POINT('',(7.82,-5.38,1.72));
#931 = DIRECTION('',(0.,1.,5.212403013918E-16));
#932 = DIRECTION('',(0.,-5.212403013918E-16,1.));
#933 = ADVANCED_FACE('',(#934),#952,.F.);
#934 = FACE_BOUND('',#935,.F.);
#935 = EDGE_LOOP('',(#936,#944,#945,#946));
#936 = ORIENTED_EDGE('',*,*,#937,.F.);
#937 = EDGE_CURVE('',#747,#938,#940,.T.);
#938 = VERTEX_POINT('',#939);
#939 = CARTESIAN_POINT('',(-0.2,-4.78,1.72));
#940 = LINE('',#941,#942);
#941 = CARTESIAN_POINT('',(7.82,-4.78,1.72));
#942 = VECTOR('',#943,1.);
#943 = DIRECTION('',(-1.,-0.,0.));
#944 = ORIENTED_EDGE('',*,*,#754,.F.);
#945 = ORIENTED_EDGE('',*,*,#889,.T.);
#946 = ORIENTED_EDGE('',*,*,#947,.F.);
#947 = EDGE_CURVE('',#938,#890,#948,.T.);
#948 = LINE('',#949,#950);
#949 = CARTESIAN_POINT('',(-0.2,-4.78,1.72));
#950 = VECTOR('',#951,1.);
#951 = DIRECTION('',(0.,-1.,-3.330669073875E-16));
#952 = PLANE('',#953);
#953 = AXIS2_PLACEMENT_3D('',#954,#955,#956);
#954 = CARTESIAN_POINT('',(7.82,-4.78,1.72));
#955 = DIRECTION('',(-0.,3.330669073875E-16,-1.));
#956 = DIRECTION('',(-1.,-0.,0.));
#957 = ADVANCED_FACE('',(#958),#993,.T.);
#958 = FACE_BOUND('',#959,.T.);
#959 = EDGE_LOOP('',(#960,#961,#962,#963,#971,#979,#987));
#960 = ORIENTED_EDGE('',*,*,#937,.F.);
#961 = ORIENTED_EDGE('',*,*,#746,.F.);
#962 = ORIENTED_EDGE('',*,*,#805,.F.);
#963 = ORIENTED_EDGE('',*,*,#964,.T.);
#964 = EDGE_CURVE('',#798,#965,#967,.T.);
#965 = VERTEX_POINT('',#966);
#966 = CARTESIAN_POINT('',(0.2,-4.78,1.32));
#967 = LINE('',#968,#969);
#968 = CARTESIAN_POINT('',(7.42,-4.78,1.32));
#969 = VECTOR('',#970,1.);
#970 = DIRECTION('',(-1.,-0.,0.));
#971 = ORIENTED_EDGE('',*,*,#972,.T.);
#972 = EDGE_CURVE('',#965,#973,#975,.T.);
#973 = VERTEX_POINT('',#974);
#974 = CARTESIAN_POINT('',(0.2,-4.78,-3.));
#975 = LINE('',#976,#977);
#976 = CARTESIAN_POINT('',(0.2,-4.78,1.32));
#977 = VECTOR('',#978,1.);
#978 = DIRECTION('',(0.,5.551115123126E-16,-1.));
#979 = ORIENTED_EDGE('',*,*,#980,.F.);
#980 = EDGE_CURVE('',#981,#973,#983,.T.);
#981 = VERTEX_POINT('',#982);
#982 = CARTESIAN_POINT('',(-0.2,-4.78,-3.));
#983 = LINE('',#984,#985);
#984 = CARTESIAN_POINT('',(-0.2,-4.78,-3.));
#985 = VECTOR('',#986,1.);
#986 = DIRECTION('',(1.,0.,0.));
#987 = ORIENTED_EDGE('',*,*,#988,.F.);
#988 = EDGE_CURVE('',#938,#981,#989,.T.);
#989 = LINE('',#990,#991);
#990 = CARTESIAN_POINT('',(-0.2,-4.78,1.72));
#991 = VECTOR('',#992,1.);
#992 = DIRECTION('',(0.,5.551115123126E-16,-1.));
#993 = PLANE('',#994);
#994 = AXIS2_PLACEMENT_3D('',#995,#996,#997);
#995 = CARTESIAN_POINT('',(7.82,-4.78,1.72));
#996 = DIRECTION('',(0.,1.,5.212403013918E-16));
#997 = DIRECTION('',(0.,-5.212403013918E-16,1.));
#998 = ADVANCED_FACE('',(#999),#1041,.F.);
#999 = FACE_BOUND('',#1000,.F.);
#1000 = EDGE_LOOP('',(#1001,#1009,#1010,#1011,#1019,#1027,#1035));
#1001 = ORIENTED_EDGE('',*,*,#1002,.F.);
#1002 = EDGE_CURVE('',#723,#1003,#1005,.T.);
#1003 = VERTEX_POINT('',#1004);
#1004 = CARTESIAN_POINT('',(-0.2,-0.3,1.72));
#1005 = LINE('',#1006,#1007);
#1006 = CARTESIAN_POINT('',(7.82,-0.3,1.72));
#1007 = VECTOR('',#1008,1.);
#1008 = DIRECTION('',(-1.,0.,0.));
#1009 = ORIENTED_EDGE('',*,*,#730,.F.);
#1010 = ORIENTED_EDGE('',*,*,#812,.F.);
#1011 = ORIENTED_EDGE('',*,*,#1012,.T.);
#1012 = EDGE_CURVE('',#813,#1013,#1015,.T.);
#1013 = VERTEX_POINT('',#1014);
#1014 = CARTESIAN_POINT('',(0.2,-0.3,1.32));
#1015 = LINE('',#1016,#1017);
#1016 = CARTESIAN_POINT('',(7.42,-0.3,1.32));
#1017 = VECTOR('',#1018,1.);
#1018 = DIRECTION('',(-1.,0.,0.));
#1019 = ORIENTED_EDGE('',*,*,#1020,.T.);
#1020 = EDGE_CURVE('',#1013,#1021,#1023,.T.);
#1021 = VERTEX_POINT('',#1022);
#1022 = CARTESIAN_POINT('',(0.2,-0.3,-3.));
#1023 = LINE('',#1024,#1025);
#1024 = CARTESIAN_POINT('',(0.2,-0.3,1.32));
#1025 = VECTOR('',#1026,1.);
#1026 = DIRECTION('',(0.,-6.661338147751E-16,-1.));
#1027 = ORIENTED_EDGE('',*,*,#1028,.F.);
#1028 = EDGE_CURVE('',#1029,#1021,#1031,.T.);
#1029 = VERTEX_POINT('',#1030);
#1030 = CARTESIAN_POINT('',(-0.2,-0.3,-3.));
#1031 = LINE('',#1032,#1033);
#1032 = CARTESIAN_POINT('',(-0.2,-0.3,-3.));
#1033 = VECTOR('',#1034,1.);
#1034 = DIRECTION('',(1.,0.,0.));
#1035 = ORIENTED_EDGE('',*,*,#1036,.F.);
#1036 = EDGE_CURVE('',#1003,#1029,#1037,.T.);
#1037 = LINE('',#1038,#1039);
#1038 = CARTESIAN_POINT('',(-0.2,-0.3,1.72));
#1039 = VECTOR('',#1040,1.);
#1040 = DIRECTION('',(0.,-6.661338147751E-16,-1.));
#1041 = PLANE('',#1042);
#1042 = AXIS2_PLACEMENT_3D('',#1043,#1044,#1045);
#1043 = CARTESIAN_POINT('',(7.82,-0.3,1.72));
#1044 = DIRECTION('',(0.,1.,-6.661338147751E-16));
#1045 = DIRECTION('',(0.,6.661338147751E-16,1.));
#1046 = ADVANCED_FACE('',(#1047),#1065,.F.);
#1047 = FACE_BOUND('',#1048,.F.);
#1048 = EDGE_LOOP('',(#1049,#1057,#1058,#1059));
#1049 = ORIENTED_EDGE('',*,*,#1050,.F.);
#1050 = EDGE_CURVE('',#715,#1051,#1053,.T.);
#1051 = VERTEX_POINT('',#1052);
#1052 = CARTESIAN_POINT('',(-0.2,0.3,1.72));
#1053 = LINE('',#1054,#1055);
#1054 = CARTESIAN_POINT('',(7.82,0.3,1.72));
#1055 = VECTOR('',#1056,1.);
#1056 = DIRECTION('',(-1.,0.,0.));
#1057 = ORIENTED_EDGE('',*,*,#722,.F.);
#1058 = ORIENTED_EDGE('',*,*,#1002,.T.);
#1059 = ORIENTED_EDGE('',*,*,#1060,.F.);
#1060 = EDGE_CURVE('',#1051,#1003,#1061,.T.);
#1061 = LINE('',#1062,#1063);
#1062 = CARTESIAN_POINT('',(-0.2,0.3,1.72));
#1063 = VECTOR('',#1064,1.);
#1064 = DIRECTION('',(0.,-1.,4.440892098501E-16));
#1065 = PLANE('',#1066);
#1066 = AXIS2_PLACEMENT_3D('',#1067,#1068,#1069);
#1067 = CARTESIAN_POINT('',(7.82,0.3,1.72));
#1068 = DIRECTION('',(0.,-4.440892098501E-16,-1.));
#1069 = DIRECTION('',(-1.,-0.,0.));
#1070 = ADVANCED_FACE('',(#1071),#1106,.T.);
#1071 = FACE_BOUND('',#1072,.T.);
#1072 = EDGE_LOOP('',(#1073,#1074,#1075,#1076,#1084,#1092,#1100));
#1073 = ORIENTED_EDGE('',*,*,#1050,.F.);
#1074 = ORIENTED_EDGE('',*,*,#714,.F.);
#1075 = ORIENTED_EDGE('',*,*,#828,.F.);
#1076 = ORIENTED_EDGE('',*,*,#1077,.T.);
#1077 = EDGE_CURVE('',#821,#1078,#1080,.T.);
#1078 = VERTEX_POINT('',#1079);
#1079 = CARTESIAN_POINT('',(0.2,0.3,1.32));
#1080 = LINE('',#1081,#1082);
#1081 = CARTESIAN_POINT('',(7.42,0.3,1.32));
#1082 = VECTOR('',#1083,1.);
#1083 = DIRECTION('',(-1.,0.,0.));
#1084 = ORIENTED_EDGE('',*,*,#1085,.T.);
#1085 = EDGE_CURVE('',#1078,#1086,#1088,.T.);
#1086 = VERTEX_POINT('',#1087);
#1087 = CARTESIAN_POINT('',(0.2,0.3,-3.));
#1088 = LINE('',#1089,#1090);
#1089 = CARTESIAN_POINT('',(0.2,0.3,1.32));
#1090 = VECTOR('',#1091,1.);
#1091 = DIRECTION('',(0.,-6.661338147751E-16,-1.));
#1092 = ORIENTED_EDGE('',*,*,#1093,.F.);
#1093 = EDGE_CURVE('',#1094,#1086,#1096,.T.);
#1094 = VERTEX_POINT('',#1095);
#1095 = CARTESIAN_POINT('',(-0.2,0.3,-3.));
#1096 = LINE('',#1097,#1098);
#1097 = CARTESIAN_POINT('',(-0.2,0.3,-3.));
#1098 = VECTOR('',#1099,1.);
#1099 = DIRECTION('',(1.,0.,0.));
#1100 = ORIENTED_EDGE('',*,*,#1101,.F.);
#1101 = EDGE_CURVE('',#1051,#1094,#1102,.T.);
#1102 = LINE('',#1103,#1104);
#1103 = CARTESIAN_POINT('',(-0.2,0.3,1.72));
#1104 = VECTOR('',#1105,1.);
#1105 = DIRECTION('',(0.,-6.661338147751E-16,-1.));
#1106 = PLANE('',#1107);
#1107 = AXIS2_PLACEMENT_3D('',#1108,#1109,#1110);
#1108 = CARTESIAN_POINT('',(7.82,0.3,1.72));
#1109 = DIRECTION('',(0.,1.,-6.661338147751E-16));
#1110 = DIRECTION('',(0.,6.661338147751E-16,1.));
#1111 = ADVANCED_FACE('',(#1112),#1123,.T.);
#1112 = FACE_BOUND('',#1113,.T.);
#1113 = EDGE_LOOP('',(#1114,#1115,#1116,#1117));
#1114 = ORIENTED_EDGE('',*,*,#1077,.F.);
#1115 = ORIENTED_EDGE('',*,*,#820,.F.);
#1116 = ORIENTED_EDGE('',*,*,#1012,.T.);
#1117 = ORIENTED_EDGE('',*,*,#1118,.F.);
#1118 = EDGE_CURVE('',#1078,#1013,#1119,.T.);
#1119 = LINE('',#1120,#1121);
#1120 = CARTESIAN_POINT('',(0.2,0.3,1.32));
#1121 = VECTOR('',#1122,1.);
#1122 = DIRECTION('',(0.,-1.,4.440892098501E-16));
#1123 = PLANE('',#1124);
#1124 = AXIS2_PLACEMENT_3D('',#1125,#1126,#1127);
#1125 = CARTESIAN_POINT('',(7.42,0.3,1.32));
#1126 = DIRECTION('',(0.,-4.440892098501E-16,-1.));
#1127 = DIRECTION('',(-1.,-0.,0.));
#1128 = ADVANCED_FACE('',(#1129),#1140,.T.);
#1129 = FACE_BOUND('',#1130,.T.);
#1130 = EDGE_LOOP('',(#1131,#1132,#1133,#1134));
#1131 = ORIENTED_EDGE('',*,*,#964,.F.);
#1132 = ORIENTED_EDGE('',*,*,#797,.F.);
#1133 = ORIENTED_EDGE('',*,*,#899,.T.);
#1134 = ORIENTED_EDGE('',*,*,#1135,.F.);
#1135 = EDGE_CURVE('',#965,#900,#1136,.T.);
#1136 = LINE('',#1137,#1138);
#1137 = CARTESIAN_POINT('',(0.2,-4.78,1.32));
#1138 = VECTOR('',#1139,1.);
#1139 = DIRECTION('',(0.,-1.,-3.330669073875E-16));
#1140 = PLANE('',#1141);
#1141 = AXIS2_PLACEMENT_3D('',#1142,#1143,#1144);
#1142 = CARTESIAN_POINT('',(7.42,-4.78,1.32));
#1143 = DIRECTION('',(-0.,3.330669073875E-16,-1.));
#1144 = DIRECTION('',(-1.,-0.,0.));
#1145 = ADVANCED_FACE('',(#1146),#1157,.F.);
#1146 = FACE_BOUND('',#1147,.F.);
#1147 = EDGE_LOOP('',(#1148,#1149,#1150,#1156));
#1148 = ORIENTED_EDGE('',*,*,#947,.T.);
#1149 = ORIENTED_EDGE('',*,*,#923,.T.);
#1150 = ORIENTED_EDGE('',*,*,#1151,.F.);
#1151 = EDGE_CURVE('',#981,#916,#1152,.T.);
#1152 = LINE('',#1153,#1154);
#1153 = CARTESIAN_POINT('',(-0.2,-4.78,-3.));
#1154 = VECTOR('',#1155,1.);
#1155 = DIRECTION('',(0.,-1.,-3.330669073875E-16));
#1156 = ORIENTED_EDGE('',*,*,#988,.F.);
#1157 = PLANE('',#1158);
#1158 = AXIS2_PLACEMENT_3D('',#1159,#1160,#1161);
#1159 = CARTESIAN_POINT('',(-0.2,-4.78,1.72));
#1160 = DIRECTION('',(1.,0.,0.));
#1161 = DIRECTION('',(0.,5.551115123126E-16,-1.));
#1162 = ADVANCED_FACE('',(#1163),#1174,.F.);
#1163 = FACE_BOUND('',#1164,.F.);
#1164 = EDGE_LOOP('',(#1165,#1166,#1167,#1173));
#1165 = ORIENTED_EDGE('',*,*,#1151,.T.);
#1166 = ORIENTED_EDGE('',*,*,#915,.T.);
#1167 = ORIENTED_EDGE('',*,*,#1168,.F.);
#1168 = EDGE_CURVE('',#973,#908,#1169,.T.);
#1169 = LINE('',#1170,#1171);
#1170 = CARTESIAN_POINT('',(0.2,-4.78,-3.));
#1171 = VECTOR('',#1172,1.);
#1172 = DIRECTION('',(0.,-1.,-3.330669073875E-16));
#1173 = ORIENTED_EDGE('',*,*,#980,.F.);
#1174 = PLANE('',#1175);
#1175 = AXIS2_PLACEMENT_3D('',#1176,#1177,#1178);
#1176 = CARTESIAN_POINT('',(-0.2,-4.78,-3.));
#1177 = DIRECTION('',(0.,-3.330669073875E-16,1.));
#1178 = DIRECTION('',(1.,0.,0.));
#1179 = ADVANCED_FACE('',(#1180),#1186,.T.);
#1180 = FACE_BOUND('',#1181,.T.);
#1181 = EDGE_LOOP('',(#1182,#1183,#1184,#1185));
#1182 = ORIENTED_EDGE('',*,*,#1135,.T.);
#1183 = ORIENTED_EDGE('',*,*,#907,.T.);
#1184 = ORIENTED_EDGE('',*,*,#1168,.F.);
#1185 = ORIENTED_EDGE('',*,*,#972,.F.);
#1186 = PLANE('',#1187);
#1187 = AXIS2_PLACEMENT_3D('',#1188,#1189,#1190);
#1188 = CARTESIAN_POINT('',(0.2,-4.78,1.32));
#1189 = DIRECTION('',(1.,0.,0.));
#1190 = DIRECTION('',(0.,5.551115123126E-16,-1.));
#1191 = ADVANCED_FACE('',(#1192),#1203,.F.);
#1192 = FACE_BOUND('',#1193,.F.);
#1193 = EDGE_LOOP('',(#1194,#1195,#1196,#1202));
#1194 = ORIENTED_EDGE('',*,*,#1060,.T.);
#1195 = ORIENTED_EDGE('',*,*,#1036,.T.);
#1196 = ORIENTED_EDGE('',*,*,#1197,.F.);
#1197 = EDGE_CURVE('',#1094,#1029,#1198,.T.);
#1198 = LINE('',#1199,#1200);
#1199 = CARTESIAN_POINT('',(-0.2,0.3,-3.));
#1200 = VECTOR('',#1201,1.);
#1201 = DIRECTION('',(0.,-1.,4.440892098501E-16));
#1202 = ORIENTED_EDGE('',*,*,#1101,.F.);
#1203 = PLANE('',#1204);
#1204 = AXIS2_PLACEMENT_3D('',#1205,#1206,#1207);
#1205 = CARTESIAN_POINT('',(-0.2,0.3,1.72));
#1206 = DIRECTION('',(1.,0.,0.));
#1207 = DIRECTION('',(0.,-6.661338147751E-16,-1.));
#1208 = ADVANCED_FACE('',(#1209),#1220,.F.);
#1209 = FACE_BOUND('',#1210,.F.);
#1210 = EDGE_LOOP('',(#1211,#1212,#1213,#1219));
#1211 = ORIENTED_EDGE('',*,*,#1197,.T.);
#1212 = ORIENTED_EDGE('',*,*,#1028,.T.);
#1213 = ORIENTED_EDGE('',*,*,#1214,.F.);
#1214 = EDGE_CURVE('',#1086,#1021,#1215,.T.);
#1215 = LINE('',#1216,#1217);
#1216 = CARTESIAN_POINT('',(0.2,0.3,-3.));
#1217 = VECTOR('',#1218,1.);
#1218 = DIRECTION('',(0.,-1.,4.440892098501E-16));
#1219 = ORIENTED_EDGE('',*,*,#1093,.F.);
#1220 = PLANE('',#1221);
#1221 = AXIS2_PLACEMENT_3D('',#1222,#1223,#1224);
#1222 = CARTESIAN_POINT('',(-0.2,0.3,-3.));
#1223 = DIRECTION('',(0.,4.440892098501E-16,1.));
#1224 = DIRECTION('',(1.,0.,-0.));
#1225 = ADVANCED_FACE('',(#1226),#1232,.T.);
#1226 = FACE_BOUND('',#1227,.T.);
#1227 = EDGE_LOOP('',(#1228,#1229,#1230,#1231));
#1228 = ORIENTED_EDGE('',*,*,#1118,.T.);
#1229 = ORIENTED_EDGE('',*,*,#1020,.T.);
#1230 = ORIENTED_EDGE('',*,*,#1214,.F.);
#1231 = ORIENTED_EDGE('',*,*,#1085,.F.);
#1232 = PLANE('',#1233);
#1233 = AXIS2_PLACEMENT_3D('',#1234,#1235,#1236);
#1234 = CARTESIAN_POINT('',(0.2,0.3,1.32));
#1235 = DIRECTION('',(1.,0.,0.));
#1236 = DIRECTION('',(0.,-6.661338147751E-16,-1.));
#1237 = ( GEOMETRIC_REPRESENTATION_CONTEXT(3) 
GLOBAL_UNCERTAINTY_ASSIGNED_CONTEXT((#1241)) 
GLOBAL_UNIT_ASSIGNED_CONTEXT((#1238,#1239,#1240)) REPRESENTATION_CONTEXT
('Context #1','3D Context with UNIT and UNCERTAINTY') );
#1238 = ( LENGTH_UNIT() NAMED_UNIT(*) SI_UNIT(.MILLI.,.METRE.) );
#1239 = ( NAMED_UNIT(*) PLANE_ANGLE_UNIT() SI_UNIT($,.RADIAN.) );
#1240 = ( NAMED_UNIT(*) SI_UNIT($,.STERADIAN.) SOLID_ANGLE_UNIT() );
#1241 = UNCERTAINTY_MEASURE_WITH_UNIT(LENGTH_MEASURE(1.E-07),#1238,
  'distance_accuracy_value','confusion accuracy');
#1242 = CONTEXT_DEPENDENT_SHAPE_REPRESENTATION(#1243,#1245);
#1243 = ( REPRESENTATION_RELATIONSHIP('','',#63,#40) 
REPRESENTATION_RELATIONSHIP_WITH_TRANSFORMATION(#1244) 
SHAPE_REPRESENTATION_RELATIONSHIP() );
#1244 = ITEM_DEFINED_TRANSFORMATION('','',#11,#41);
#1245 = PRODUCT_DEFINITION_SHAPE('Placement','Placement of an item',
  #1246);
#1246 = NEXT_ASSEMBLY_USAGE_OCCURRENCE('1','=>[0:1:1:3]','',#35,#58,$);
#1247 = PRODUCT_RELATED_PRODUCT_CATEGORY('part',$,(#60));
#1248 = SHAPE_DEFINITION_REPRESENTATION(#1249,#1255);
#1249 = PRODUCT_DEFINITION_SHAPE('','',#1250);
#1250 = PRODUCT_DEFINITION('design','',#1251,#1254);
#1251 = PRODUCT_DEFINITION_FORMATION('','',#1252);
#1252 = PRODUCT(
'electronic_diode_bridge_rectifier_dip_4_mdd_microdiode_semiconductor_
w06_render_pad',
'electronic_diode_bridge_rectifier_dip_4_mdd_microdiode_semiconductor_
w06_render_pad','',(#1253));
#1253 = PRODUCT_CONTEXT('',#2,'mechanical');
#1254 = PRODUCT_DEFINITION_CONTEXT('part definition',#2,'design');
#1255 = SHAPE_REPRESENTATION('',(#11,#1256,#1445,#1634,#1726,#1818,#1910
    ,#2002,#2094,#2186,#2278,#2370,#2462),#2554);
#1256 = MANIFOLD_SOLID_BREP('',#1257);
#1257 = CLOSED_SHELL('',(#1258,#1298,#1329,#1360,#1388,#1416,#1428));
#1258 = ADVANCED_FACE('',(#1259),#1293,.T.);
#1259 = FACE_BOUND('',#1260,.T.);
#1260 = EDGE_LOOP('',(#1261,#1271,#1279,#1287));
#1261 = ORIENTED_EDGE('',*,*,#1262,.T.);
#1262 = EDGE_CURVE('',#1263,#1265,#1267,.T.);
#1263 = VERTEX_POINT('',#1264);
#1264 = CARTESIAN_POINT('',(-0.8,-0.8,1.51));
#1265 = VERTEX_POINT('',#1266);
#1266 = CARTESIAN_POINT('',(-0.8,-0.8,1.55));
#1267 = LINE('',#1268,#1269);
#1268 = CARTESIAN_POINT('',(-0.8,-0.8,1.51));
#1269 = VECTOR('',#1270,1.);
#1270 = DIRECTION('',(0.,0.,1.));
#1271 = ORIENTED_EDGE('',*,*,#1272,.T.);
#1272 = EDGE_CURVE('',#1265,#1273,#1275,.T.);
#1273 = VERTEX_POINT('',#1274);
#1274 = CARTESIAN_POINT('',(-0.8,0.8,1.55));
#1275 = LINE('',#1276,#1277);
#1276 = CARTESIAN_POINT('',(-0.8,-0.8,1.55));
#1277 = VECTOR('',#1278,1.);
#1278 = DIRECTION('',(0.,1.,0.));
#1279 = ORIENTED_EDGE('',*,*,#1280,.F.);
#1280 = EDGE_CURVE('',#1281,#1273,#1283,.T.);
#1281 = VERTEX_POINT('',#1282);
#1282 = CARTESIAN_POINT('',(-0.8,0.8,1.51));
#1283 = LINE('',#1284,#1285);
#1284 = CARTESIAN_POINT('',(-0.8,0.8,1.51));
#1285 = VECTOR('',#1286,1.);
#1286 = DIRECTION('',(0.,0.,1.));
#1287 = ORIENTED_EDGE('',*,*,#1288,.F.);
#1288 = EDGE_CURVE('',#1263,#1281,#1289,.T.);
#1289 = LINE('',#1290,#1291);
#1290 = CARTESIAN_POINT('',(-0.8,-0.8,1.51));
#1291 = VECTOR('',#1292,1.);
#1292 = DIRECTION('',(0.,1.,0.));
#1293 = PLANE('',#1294);
#1294 = AXIS2_PLACEMENT_3D('',#1295,#1296,#1297);
#1295 = CARTESIAN_POINT('',(-0.8,-0.8,1.51));
#1296 = DIRECTION('',(-1.,0.,0.));
#1297 = DIRECTION('',(0.,1.,0.));
#1298 = ADVANCED_FACE('',(#1299),#1324,.T.);
#1299 = FACE_BOUND('',#1300,.T.);
#1300 = EDGE_LOOP('',(#1301,#1311,#1317,#1318));
#1301 = ORIENTED_EDGE('',*,*,#1302,.T.);
#1302 = EDGE_CURVE('',#1303,#1305,#1307,.T.);
#1303 = VERTEX_POINT('',#1304);
#1304 = CARTESIAN_POINT('',(0.8,-0.8,1.51));
#1305 = VERTEX_POINT('',#1306);
#1306 = CARTESIAN_POINT('',(0.8,-0.8,1.55));
#1307 = LINE('',#1308,#1309);
#1308 = CARTESIAN_POINT('',(0.8,-0.8,1.51));
#1309 = VECTOR('',#1310,1.);
#1310 = DIRECTION('',(0.,0.,1.));
#1311 = ORIENTED_EDGE('',*,*,#1312,.T.);
#1312 = EDGE_CURVE('',#1305,#1265,#1313,.T.);
#1313 = LINE('',#1314,#1315);
#1314 = CARTESIAN_POINT('',(0.8,-0.8,1.55));
#1315 = VECTOR('',#1316,1.);
#1316 = DIRECTION('',(-1.,0.,0.));
#1317 = ORIENTED_EDGE('',*,*,#1262,.F.);
#1318 = ORIENTED_EDGE('',*,*,#1319,.F.);
#1319 = EDGE_CURVE('',#1303,#1263,#1320,.T.);
#1320 = LINE('',#1321,#1322);
#1321 = CARTESIAN_POINT('',(0.8,-0.8,1.51));
#1322 = VECTOR('',#1323,1.);
#1323 = DIRECTION('',(-1.,0.,0.));
#1324 = PLANE('',#1325);
#1325 = AXIS2_PLACEMENT_3D('',#1326,#1327,#1328);
#1326 = CARTESIAN_POINT('',(0.8,-0.8,1.51));
#1327 = DIRECTION('',(0.,-1.,0.));
#1328 = DIRECTION('',(-1.,0.,0.));
#1329 = ADVANCED_FACE('',(#1330),#1355,.T.);
#1330 = FACE_BOUND('',#1331,.T.);
#1331 = EDGE_LOOP('',(#1332,#1333,#1341,#1349));
#1332 = ORIENTED_EDGE('',*,*,#1280,.T.);
#1333 = ORIENTED_EDGE('',*,*,#1334,.T.);
#1334 = EDGE_CURVE('',#1273,#1335,#1337,.T.);
#1335 = VERTEX_POINT('',#1336);
#1336 = CARTESIAN_POINT('',(0.8,0.8,1.55));
#1337 = LINE('',#1338,#1339);
#1338 = CARTESIAN_POINT('',(-0.8,0.8,1.55));
#1339 = VECTOR('',#1340,1.);
#1340 = DIRECTION('',(1.,0.,0.));
#1341 = ORIENTED_EDGE('',*,*,#1342,.F.);
#1342 = EDGE_CURVE('',#1343,#1335,#1345,.T.);
#1343 = VERTEX_POINT('',#1344);
#1344 = CARTESIAN_POINT('',(0.8,0.8,1.51));
#1345 = LINE('',#1346,#1347);
#1346 = CARTESIAN_POINT('',(0.8,0.8,1.51));
#1347 = VECTOR('',#1348,1.);
#1348 = DIRECTION('',(0.,0.,1.));
#1349 = ORIENTED_EDGE('',*,*,#1350,.F.);
#1350 = EDGE_CURVE('',#1281,#1343,#1351,.T.);
#1351 = LINE('',#1352,#1353);
#1352 = CARTESIAN_POINT('',(-0.8,0.8,1.51));
#1353 = VECTOR('',#1354,1.);
#1354 = DIRECTION('',(1.,0.,0.));
#1355 = PLANE('',#1356);
#1356 = AXIS2_PLACEMENT_3D('',#1357,#1358,#1359);
#1357 = CARTESIAN_POINT('',(-0.8,0.8,1.51));
#1358 = DIRECTION('',(0.,1.,0.));
#1359 = DIRECTION('',(1.,0.,0.));
#1360 = ADVANCED_FACE('',(#1361,#1372),#1383,.F.);
#1361 = FACE_BOUND('',#1362,.F.);
#1362 = EDGE_LOOP('',(#1363,#1364,#1365,#1371));
#1363 = ORIENTED_EDGE('',*,*,#1288,.F.);
#1364 = ORIENTED_EDGE('',*,*,#1319,.F.);
#1365 = ORIENTED_EDGE('',*,*,#1366,.F.);
#1366 = EDGE_CURVE('',#1343,#1303,#1367,.T.);
#1367 = LINE('',#1368,#1369);
#1368 = CARTESIAN_POINT('',(0.8,0.8,1.51));
#1369 = VECTOR('',#1370,1.);
#1370 = DIRECTION('',(0.,-1.,0.));
#1371 = ORIENTED_EDGE('',*,*,#1350,.F.);
#1372 = FACE_BOUND('',#1373,.F.);
#1373 = EDGE_LOOP('',(#1374));
#1374 = ORIENTED_EDGE('',*,*,#1375,.T.);
#1375 = EDGE_CURVE('',#1376,#1376,#1378,.T.);
#1376 = VERTEX_POINT('',#1377);
#1377 = CARTESIAN_POINT('',(-6.162975822039E-33,-0.375,1.51));
#1378 = CIRCLE('',#1379,0.375);
#1379 = AXIS2_PLACEMENT_3D('',#1380,#1381,#1382);
#1380 = CARTESIAN_POINT('',(-4.163336342344E-17,6.938893903907E-17,1.51)
  );
#1381 = DIRECTION('',(-0.,0.,-1.));
#1382 = DIRECTION('',(1.110223024625E-16,-1.,-0.));
#1383 = PLANE('',#1384);
#1384 = AXIS2_PLACEMENT_3D('',#1385,#1386,#1387);
#1385 = CARTESIAN_POINT('',(0.,0.,1.51));
#1386 = DIRECTION('',(0.,0.,1.));
#1387 = DIRECTION('',(1.,0.,-0.));
#1388 = ADVANCED_FACE('',(#1389,#1400),#1411,.T.);
#1389 = FACE_BOUND('',#1390,.T.);
#1390 = EDGE_LOOP('',(#1391,#1392,#1393,#1399));
#1391 = ORIENTED_EDGE('',*,*,#1272,.F.);
#1392 = ORIENTED_EDGE('',*,*,#1312,.F.);
#1393 = ORIENTED_EDGE('',*,*,#1394,.F.);
#1394 = EDGE_CURVE('',#1335,#1305,#1395,.T.);
#1395 = LINE('',#1396,#1397);
#1396 = CARTESIAN_POINT('',(0.8,0.8,1.55));
#1397 = VECTOR('',#1398,1.);
#1398 = DIRECTION('',(0.,-1.,0.));
#1399 = ORIENTED_EDGE('',*,*,#1334,.F.);
#1400 = FACE_BOUND('',#1401,.T.);
#1401 = EDGE_LOOP('',(#1402));
#1402 = ORIENTED_EDGE('',*,*,#1403,.T.);
#1403 = EDGE_CURVE('',#1404,#1404,#1406,.T.);
#1404 = VERTEX_POINT('',#1405);
#1405 = CARTESIAN_POINT('',(-6.162975822039E-33,-0.375,1.55));
#1406 = CIRCLE('',#1407,0.375);
#1407 = AXIS2_PLACEMENT_3D('',#1408,#1409,#1410);
#1408 = CARTESIAN_POINT('',(-4.163336342344E-17,6.938893903907E-17,1.55)
  );
#1409 = DIRECTION('',(-0.,0.,-1.));
#1410 = DIRECTION('',(1.110223024625E-16,-1.,-0.));
#1411 = PLANE('',#1412);
#1412 = AXIS2_PLACEMENT_3D('',#1413,#1414,#1415);
#1413 = CARTESIAN_POINT('',(0.,0.,1.55));
#1414 = DIRECTION('',(0.,0.,1.));
#1415 = DIRECTION('',(1.,0.,-0.));
#1416 = ADVANCED_FACE('',(#1417),#1423,.T.);
#1417 = FACE_BOUND('',#1418,.T.);
#1418 = EDGE_LOOP('',(#1419,#1420,#1421,#1422));
#1419 = ORIENTED_EDGE('',*,*,#1342,.T.);
#1420 = ORIENTED_EDGE('',*,*,#1394,.T.);
#1421 = ORIENTED_EDGE('',*,*,#1302,.F.);
#1422 = ORIENTED_EDGE('',*,*,#1366,.F.);
#1423 = PLANE('',#1424);
#1424 = AXIS2_PLACEMENT_3D('',#1425,#1426,#1427);
#1425 = CARTESIAN_POINT('',(0.8,0.8,1.51));
#1426 = DIRECTION('',(1.,0.,-0.));
#1427 = DIRECTION('',(0.,-1.,0.));
#1428 = ADVANCED_FACE('',(#1429),#1440,.F.);
#1429 = FACE_BOUND('',#1430,.T.);
#1430 = EDGE_LOOP('',(#1431,#1432,#1438,#1439));
#1431 = ORIENTED_EDGE('',*,*,#1375,.T.);
#1432 = ORIENTED_EDGE('',*,*,#1433,.T.);
#1433 = EDGE_CURVE('',#1376,#1404,#1434,.T.);
#1434 = LINE('',#1435,#1436);
#1435 = CARTESIAN_POINT('',(-6.162975822039E-33,-0.375,-4.6E-02));
#1436 = VECTOR('',#1437,1.);
#1437 = DIRECTION('',(0.,0.,1.));
#1438 = ORIENTED_EDGE('',*,*,#1403,.F.);
#1439 = ORIENTED_EDGE('',*,*,#1433,.F.);
#1440 = CYLINDRICAL_SURFACE('',#1441,0.375);
#1441 = AXIS2_PLACEMENT_3D('',#1442,#1443,#1444);
#1442 = CARTESIAN_POINT('',(-4.163336342344E-17,6.938893903907E-17,
    -4.6E-02));
#1443 = DIRECTION('',(-0.,0.,-1.));
#1444 = DIRECTION('',(1.110223024625E-16,-1.,-0.));
#1445 = MANIFOLD_SOLID_BREP('',#1446);
#1446 = CLOSED_SHELL('',(#1447,#1487,#1518,#1549,#1577,#1605,#1617));
#1447 = ADVANCED_FACE('',(#1448),#1482,.F.);
#1448 = FACE_BOUND('',#1449,.F.);
#1449 = EDGE_LOOP('',(#1450,#1460,#1468,#1476));
#1450 = ORIENTED_EDGE('',*,*,#1451,.T.);
#1451 = EDGE_CURVE('',#1452,#1454,#1456,.T.);
#1452 = VERTEX_POINT('',#1453);
#1453 = CARTESIAN_POINT('',(-0.8,-0.8,0.));
#1454 = VERTEX_POINT('',#1455);
#1455 = CARTESIAN_POINT('',(-0.8,-0.8,-4.E-02));
#1456 = LINE('',#1457,#1458);
#1457 = CARTESIAN_POINT('',(-0.8,-0.8,0.));
#1458 = VECTOR('',#1459,1.);
#1459 = DIRECTION('',(0.,0.,-1.));
#1460 = ORIENTED_EDGE('',*,*,#1461,.T.);
#1461 = EDGE_CURVE('',#1454,#1462,#1464,.T.);
#1462 = VERTEX_POINT('',#1463);
#1463 = CARTESIAN_POINT('',(-0.8,0.8,-4.E-02));
#1464 = LINE('',#1465,#1466);
#1465 = CARTESIAN_POINT('',(-0.8,-0.8,-4.E-02));
#1466 = VECTOR('',#1467,1.);
#1467 = DIRECTION('',(0.,1.,0.));
#1468 = ORIENTED_EDGE('',*,*,#1469,.F.);
#1469 = EDGE_CURVE('',#1470,#1462,#1472,.T.);
#1470 = VERTEX_POINT('',#1471);
#1471 = CARTESIAN_POINT('',(-0.8,0.8,0.));
#1472 = LINE('',#1473,#1474);
#1473 = CARTESIAN_POINT('',(-0.8,0.8,0.));
#1474 = VECTOR('',#1475,1.);
#1475 = DIRECTION('',(0.,0.,-1.));
#1476 = ORIENTED_EDGE('',*,*,#1477,.F.);
#1477 = EDGE_CURVE('',#1452,#1470,#1478,.T.);
#1478 = LINE('',#1479,#1480);
#1479 = CARTESIAN_POINT('',(-0.8,-0.8,0.));
#1480 = VECTOR('',#1481,1.);
#1481 = DIRECTION('',(0.,1.,0.));
#1482 = PLANE('',#1483);
#1483 = AXIS2_PLACEMENT_3D('',#1484,#1485,#1486);
#1484 = CARTESIAN_POINT('',(-0.8,-0.8,0.));
#1485 = DIRECTION('',(1.,-0.,0.));
#1486 = DIRECTION('',(0.,1.,0.));
#1487 = ADVANCED_FACE('',(#1488),#1513,.F.);
#1488 = FACE_BOUND('',#1489,.F.);
#1489 = EDGE_LOOP('',(#1490,#1500,#1506,#1507));
#1490 = ORIENTED_EDGE('',*,*,#1491,.T.);
#1491 = EDGE_CURVE('',#1492,#1494,#1496,.T.);
#1492 = VERTEX_POINT('',#1493);
#1493 = CARTESIAN_POINT('',(0.8,-0.8,0.));
#1494 = VERTEX_POINT('',#1495);
#1495 = CARTESIAN_POINT('',(0.8,-0.8,-4.E-02));
#1496 = LINE('',#1497,#1498);
#1497 = CARTESIAN_POINT('',(0.8,-0.8,0.));
#1498 = VECTOR('',#1499,1.);
#1499 = DIRECTION('',(0.,0.,-1.));
#1500 = ORIENTED_EDGE('',*,*,#1501,.T.);
#1501 = EDGE_CURVE('',#1494,#1454,#1502,.T.);
#1502 = LINE('',#1503,#1504);
#1503 = CARTESIAN_POINT('',(0.8,-0.8,-4.E-02));
#1504 = VECTOR('',#1505,1.);
#1505 = DIRECTION('',(-1.,0.,0.));
#1506 = ORIENTED_EDGE('',*,*,#1451,.F.);
#1507 = ORIENTED_EDGE('',*,*,#1508,.F.);
#1508 = EDGE_CURVE('',#1492,#1452,#1509,.T.);
#1509 = LINE('',#1510,#1511);
#1510 = CARTESIAN_POINT('',(0.8,-0.8,0.));
#1511 = VECTOR('',#1512,1.);
#1512 = DIRECTION('',(-1.,0.,0.));
#1513 = PLANE('',#1514);
#1514 = AXIS2_PLACEMENT_3D('',#1515,#1516,#1517);
#1515 = CARTESIAN_POINT('',(0.8,-0.8,0.));
#1516 = DIRECTION('',(0.,1.,0.));
#1517 = DIRECTION('',(-1.,0.,0.));
#1518 = ADVANCED_FACE('',(#1519),#1544,.F.);
#1519 = FACE_BOUND('',#1520,.F.);
#1520 = EDGE_LOOP('',(#1521,#1522,#1530,#1538));
#1521 = ORIENTED_EDGE('',*,*,#1469,.T.);
#1522 = ORIENTED_EDGE('',*,*,#1523,.T.);
#1523 = EDGE_CURVE('',#1462,#1524,#1526,.T.);
#1524 = VERTEX_POINT('',#1525);
#1525 = CARTESIAN_POINT('',(0.8,0.8,-4.E-02));
#1526 = LINE('',#1527,#1528);
#1527 = CARTESIAN_POINT('',(-0.8,0.8,-4.E-02));
#1528 = VECTOR('',#1529,1.);
#1529 = DIRECTION('',(1.,0.,0.));
#1530 = ORIENTED_EDGE('',*,*,#1531,.F.);
#1531 = EDGE_CURVE('',#1532,#1524,#1534,.T.);
#1532 = VERTEX_POINT('',#1533);
#1533 = CARTESIAN_POINT('',(0.8,0.8,0.));
#1534 = LINE('',#1535,#1536);
#1535 = CARTESIAN_POINT('',(0.8,0.8,0.));
#1536 = VECTOR('',#1537,1.);
#1537 = DIRECTION('',(0.,0.,-1.));
#1538 = ORIENTED_EDGE('',*,*,#1539,.F.);
#1539 = EDGE_CURVE('',#1470,#1532,#1540,.T.);
#1540 = LINE('',#1541,#1542);
#1541 = CARTESIAN_POINT('',(-0.8,0.8,0.));
#1542 = VECTOR('',#1543,1.);
#1543 = DIRECTION('',(1.,0.,0.));
#1544 = PLANE('',#1545);
#1545 = AXIS2_PLACEMENT_3D('',#1546,#1547,#1548);
#1546 = CARTESIAN_POINT('',(-0.8,0.8,0.));
#1547 = DIRECTION('',(0.,-1.,0.));
#1548 = DIRECTION('',(1.,0.,0.));
#1549 = ADVANCED_FACE('',(#1550,#1561),#1572,.F.);
#1550 = FACE_BOUND('',#1551,.F.);
#1551 = EDGE_LOOP('',(#1552,#1553,#1554,#1560));
#1552 = ORIENTED_EDGE('',*,*,#1477,.T.);
#1553 = ORIENTED_EDGE('',*,*,#1539,.T.);
#1554 = ORIENTED_EDGE('',*,*,#1555,.T.);
#1555 = EDGE_CURVE('',#1532,#1492,#1556,.T.);
#1556 = LINE('',#1557,#1558);
#1557 = CARTESIAN_POINT('',(0.8,0.8,0.));
#1558 = VECTOR('',#1559,1.);
#1559 = DIRECTION('',(0.,-1.,0.));
#1560 = ORIENTED_EDGE('',*,*,#1508,.T.);
#1561 = FACE_BOUND('',#1562,.F.);
#1562 = EDGE_LOOP('',(#1563));
#1563 = ORIENTED_EDGE('',*,*,#1564,.F.);
#1564 = EDGE_CURVE('',#1565,#1565,#1567,.T.);
#1565 = VERTEX_POINT('',#1566);
#1566 = CARTESIAN_POINT('',(-6.162975822039E-33,-0.375,0.));
#1567 = CIRCLE('',#1568,0.375);
#1568 = AXIS2_PLACEMENT_3D('',#1569,#1570,#1571);
#1569 = CARTESIAN_POINT('',(-4.163336342344E-17,6.938893903907E-17,0.));
#1570 = DIRECTION('',(-0.,0.,-1.));
#1571 = DIRECTION('',(1.110223024625E-16,-1.,-0.));
#1572 = PLANE('',#1573);
#1573 = AXIS2_PLACEMENT_3D('',#1574,#1575,#1576);
#1574 = CARTESIAN_POINT('',(0.,0.,0.));
#1575 = DIRECTION('',(-0.,-0.,-1.));
#1576 = DIRECTION('',(-1.,0.,0.));
#1577 = ADVANCED_FACE('',(#1578,#1589),#1600,.T.);
#1578 = FACE_BOUND('',#1579,.T.);
#1579 = EDGE_LOOP('',(#1580,#1581,#1582,#1588));
#1580 = ORIENTED_EDGE('',*,*,#1461,.T.);
#1581 = ORIENTED_EDGE('',*,*,#1523,.T.);
#1582 = ORIENTED_EDGE('',*,*,#1583,.T.);
#1583 = EDGE_CURVE('',#1524,#1494,#1584,.T.);
#1584 = LINE('',#1585,#1586);
#1585 = CARTESIAN_POINT('',(0.8,0.8,-4.E-02));
#1586 = VECTOR('',#1587,1.);
#1587 = DIRECTION('',(0.,-1.,0.));
#1588 = ORIENTED_EDGE('',*,*,#1501,.T.);
#1589 = FACE_BOUND('',#1590,.T.);
#1590 = EDGE_LOOP('',(#1591));
#1591 = ORIENTED_EDGE('',*,*,#1592,.F.);
#1592 = EDGE_CURVE('',#1593,#1593,#1595,.T.);
#1593 = VERTEX_POINT('',#1594);
#1594 = CARTESIAN_POINT('',(-6.162975822039E-33,-0.375,-4.E-02));
#1595 = CIRCLE('',#1596,0.375);
#1596 = AXIS2_PLACEMENT_3D('',#1597,#1598,#1599);
#1597 = CARTESIAN_POINT('',(-4.163336342344E-17,6.938893903907E-17,
    -4.E-02));
#1598 = DIRECTION('',(-0.,0.,-1.));
#1599 = DIRECTION('',(1.110223024625E-16,-1.,-0.));
#1600 = PLANE('',#1601);
#1601 = AXIS2_PLACEMENT_3D('',#1602,#1603,#1604);
#1602 = CARTESIAN_POINT('',(0.,0.,-4.E-02));
#1603 = DIRECTION('',(-0.,-0.,-1.));
#1604 = DIRECTION('',(-1.,0.,0.));
#1605 = ADVANCED_FACE('',(#1606),#1612,.F.);
#1606 = FACE_BOUND('',#1607,.F.);
#1607 = EDGE_LOOP('',(#1608,#1609,#1610,#1611));
#1608 = ORIENTED_EDGE('',*,*,#1531,.T.);
#1609 = ORIENTED_EDGE('',*,*,#1583,.T.);
#1610 = ORIENTED_EDGE('',*,*,#1491,.F.);
#1611 = ORIENTED_EDGE('',*,*,#1555,.F.);
#1612 = PLANE('',#1613);
#1613 = AXIS2_PLACEMENT_3D('',#1614,#1615,#1616);
#1614 = CARTESIAN_POINT('',(0.8,0.8,0.));
#1615 = DIRECTION('',(-1.,-0.,-0.));
#1616 = DIRECTION('',(0.,-1.,0.));
#1617 = ADVANCED_FACE('',(#1618),#1629,.F.);
#1618 = FACE_BOUND('',#1619,.T.);
#1619 = EDGE_LOOP('',(#1620,#1621,#1627,#1628));
#1620 = ORIENTED_EDGE('',*,*,#1592,.T.);
#1621 = ORIENTED_EDGE('',*,*,#1622,.T.);
#1622 = EDGE_CURVE('',#1593,#1565,#1623,.T.);
#1623 = LINE('',#1624,#1625);
#1624 = CARTESIAN_POINT('',(-6.162975822039E-33,-0.375,-4.6E-02));
#1625 = VECTOR('',#1626,1.);
#1626 = DIRECTION('',(0.,0.,1.));
#1627 = ORIENTED_EDGE('',*,*,#1564,.F.);
#1628 = ORIENTED_EDGE('',*,*,#1622,.F.);
#1629 = CYLINDRICAL_SURFACE('',#1630,0.375);
#1630 = AXIS2_PLACEMENT_3D('',#1631,#1632,#1633);
#1631 = CARTESIAN_POINT('',(-4.163336342344E-17,6.938893903907E-17,
    -4.6E-02));
#1632 = DIRECTION('',(-0.,0.,-1.));
#1633 = DIRECTION('',(1.110223024625E-16,-1.,-0.));
#1634 = MANIFOLD_SOLID_BREP('',#1635);
#1635 = CLOSED_SHELL('',(#1636,#1669,#1689,#1709));
#1636 = ADVANCED_FACE('',(#1637),#1664,.T.);
#1637 = FACE_BOUND('',#1638,.F.);
#1638 = EDGE_LOOP('',(#1639,#1649,#1656,#1657));
#1639 = ORIENTED_EDGE('',*,*,#1640,.T.);
#1640 = EDGE_CURVE('',#1641,#1643,#1645,.T.);
#1641 = VERTEX_POINT('',#1642);
#1642 = CARTESIAN_POINT('',(0.,-0.4,-4.E-02));
#1643 = VERTEX_POINT('',#1644);
#1644 = CARTESIAN_POINT('',(0.,-0.4,1.55));
#1645 = LINE('',#1646,#1647);
#1646 = CARTESIAN_POINT('',(0.,-0.4,-4.E-02));
#1647 = VECTOR('',#1648,1.);
#1648 = DIRECTION('',(0.,0.,1.));
#1649 = ORIENTED_EDGE('',*,*,#1650,.T.);
#1650 = EDGE_CURVE('',#1643,#1643,#1651,.T.);
#1651 = CIRCLE('',#1652,0.4);
#1652 = AXIS2_PLACEMENT_3D('',#1653,#1654,#1655);
#1653 = CARTESIAN_POINT('',(-4.163336342344E-17,6.938893903907E-17,1.55)
  );
#1654 = DIRECTION('',(0.,-0.,1.));
#1655 = DIRECTION('',(1.040834085586E-16,-1.,-0.));
#1656 = ORIENTED_EDGE('',*,*,#1640,.F.);
#1657 = ORIENTED_EDGE('',*,*,#1658,.F.);
#1658 = EDGE_CURVE('',#1641,#1641,#1659,.T.);
#1659 = CIRCLE('',#1660,0.4);
#1660 = AXIS2_PLACEMENT_3D('',#1661,#1662,#1663);
#1661 = CARTESIAN_POINT('',(-4.163336342344E-17,6.938893903907E-17,
    -4.E-02));
#1662 = DIRECTION('',(0.,-0.,1.));
#1663 = DIRECTION('',(1.040834085586E-16,-1.,-0.));
#1664 = CYLINDRICAL_SURFACE('',#1665,0.4);
#1665 = AXIS2_PLACEMENT_3D('',#1666,#1667,#1668);
#1666 = CARTESIAN_POINT('',(-4.163336342344E-17,6.938893903907E-17,
    -4.E-02));
#1667 = DIRECTION('',(-0.,0.,-1.));
#1668 = DIRECTION('',(1.040834085586E-16,-1.,-0.));
#1669 = ADVANCED_FACE('',(#1670,#1673),#1684,.F.);
#1670 = FACE_BOUND('',#1671,.F.);
#1671 = EDGE_LOOP('',(#1672));
#1672 = ORIENTED_EDGE('',*,*,#1658,.T.);
#1673 = FACE_BOUND('',#1674,.F.);
#1674 = EDGE_LOOP('',(#1675));
#1675 = ORIENTED_EDGE('',*,*,#1676,.T.);
#1676 = EDGE_CURVE('',#1677,#1677,#1679,.T.);
#1677 = VERTEX_POINT('',#1678);
#1678 = CARTESIAN_POINT('',(-6.162975822039E-33,-0.375,-4.E-02));
#1679 = CIRCLE('',#1680,0.375);
#1680 = AXIS2_PLACEMENT_3D('',#1681,#1682,#1683);
#1681 = CARTESIAN_POINT('',(-4.163336342344E-17,6.938893903907E-17,
    -4.E-02));
#1682 = DIRECTION('',(-0.,0.,-1.));
#1683 = DIRECTION('',(1.110223024625E-16,-1.,-0.));
#1684 = PLANE('',#1685);
#1685 = AXIS2_PLACEMENT_3D('',#1686,#1687,#1688);
#1686 = CARTESIAN_POINT('',(0.,-0.4,-4.E-02));
#1687 = DIRECTION('',(0.,0.,1.));
#1688 = DIRECTION('',(1.,0.,-0.));
#1689 = ADVANCED_FACE('',(#1690,#1693),#1704,.T.);
#1690 = FACE_BOUND('',#1691,.T.);
#1691 = EDGE_LOOP('',(#1692));
#1692 = ORIENTED_EDGE('',*,*,#1650,.T.);
#1693 = FACE_BOUND('',#1694,.T.);
#1694 = EDGE_LOOP('',(#1695));
#1695 = ORIENTED_EDGE('',*,*,#1696,.T.);
#1696 = EDGE_CURVE('',#1697,#1697,#1699,.T.);
#1697 = VERTEX_POINT('',#1698);
#1698 = CARTESIAN_POINT('',(-6.162975822039E-33,-0.375,1.55));
#1699 = CIRCLE('',#1700,0.375);
#1700 = AXIS2_PLACEMENT_3D('',#1701,#1702,#1703);
#1701 = CARTESIAN_POINT('',(-4.163336342344E-17,6.938893903907E-17,1.55)
  );
#1702 = DIRECTION('',(-0.,0.,-1.));
#1703 = DIRECTION('',(1.110223024625E-16,-1.,-0.));
#1704 = PLANE('',#1705);
#1705 = AXIS2_PLACEMENT_3D('',#1706,#1707,#1708);
#1706 = CARTESIAN_POINT('',(0.,-0.4,1.55));
#1707 = DIRECTION('',(0.,0.,1.));
#1708 = DIRECTION('',(1.,0.,-0.));
#1709 = ADVANCED_FACE('',(#1710),#1721,.F.);
#1710 = FACE_BOUND('',#1711,.T.);
#1711 = EDGE_LOOP('',(#1712,#1713,#1719,#1720));
#1712 = ORIENTED_EDGE('',*,*,#1676,.T.);
#1713 = ORIENTED_EDGE('',*,*,#1714,.T.);
#1714 = EDGE_CURVE('',#1677,#1697,#1715,.T.);
#1715 = LINE('',#1716,#1717);
#1716 = CARTESIAN_POINT('',(-6.162975822039E-33,-0.375,-4.6E-02));
#1717 = VECTOR('',#1718,1.);
#1718 = DIRECTION('',(0.,0.,1.));
#1719 = ORIENTED_EDGE('',*,*,#1696,.F.);
#1720 = ORIENTED_EDGE('',*,*,#1714,.F.);
#1721 = CYLINDRICAL_SURFACE('',#1722,0.375);
#1722 = AXIS2_PLACEMENT_3D('',#1723,#1724,#1725);
#1723 = CARTESIAN_POINT('',(-4.163336342344E-17,6.938893903907E-17,
    -4.6E-02));
#1724 = DIRECTION('',(-0.,0.,-1.));
#1725 = DIRECTION('',(1.110223024625E-16,-1.,-0.));
#1726 = MANIFOLD_SOLID_BREP('',#1727);
#1727 = CLOSED_SHELL('',(#1728,#1761,#1781,#1801));
#1728 = ADVANCED_FACE('',(#1729),#1756,.T.);
#1729 = FACE_BOUND('',#1730,.F.);
#1730 = EDGE_LOOP('',(#1731,#1741,#1748,#1749));
#1731 = ORIENTED_EDGE('',*,*,#1732,.T.);
#1732 = EDGE_CURVE('',#1733,#1735,#1737,.T.);
#1733 = VERTEX_POINT('',#1734);
#1734 = CARTESIAN_POINT('',(0.799999,-5.08,1.51));
#1735 = VERTEX_POINT('',#1736);
#1736 = CARTESIAN_POINT('',(0.799999,-5.08,1.55));
#1737 = LINE('',#1738,#1739);
#1738 = CARTESIAN_POINT('',(0.799999,-5.08,1.51));
#1739 = VECTOR('',#1740,1.);
#1740 = DIRECTION('',(0.,0.,1.));
#1741 = ORIENTED_EDGE('',*,*,#1742,.T.);
#1742 = EDGE_CURVE('',#1735,#1735,#1743,.T.);
#1743 = CIRCLE('',#1744,0.799999);
#1744 = AXIS2_PLACEMENT_3D('',#1745,#1746,#1747);
#1745 = CARTESIAN_POINT('',(0.,-5.08,1.55));
#1746 = DIRECTION('',(0.,0.,1.));
#1747 = DIRECTION('',(1.,0.,-0.));
#1748 = ORIENTED_EDGE('',*,*,#1732,.F.);
#1749 = ORIENTED_EDGE('',*,*,#1750,.F.);
#1750 = EDGE_CURVE('',#1733,#1733,#1751,.T.);
#1751 = CIRCLE('',#1752,0.799999);
#1752 = AXIS2_PLACEMENT_3D('',#1753,#1754,#1755);
#1753 = CARTESIAN_POINT('',(0.,-5.08,1.51));
#1754 = DIRECTION('',(0.,0.,1.));
#1755 = DIRECTION('',(1.,0.,-0.));
#1756 = CYLINDRICAL_SURFACE('',#1757,0.799999);
#1757 = AXIS2_PLACEMENT_3D('',#1758,#1759,#1760);
#1758 = CARTESIAN_POINT('',(0.,-5.08,1.51));
#1759 = DIRECTION('',(-0.,-0.,-1.));
#1760 = DIRECTION('',(1.,0.,-0.));
#1761 = ADVANCED_FACE('',(#1762,#1765),#1776,.F.);
#1762 = FACE_BOUND('',#1763,.F.);
#1763 = EDGE_LOOP('',(#1764));
#1764 = ORIENTED_EDGE('',*,*,#1750,.T.);
#1765 = FACE_BOUND('',#1766,.F.);
#1766 = EDGE_LOOP('',(#1767));
#1767 = ORIENTED_EDGE('',*,*,#1768,.T.);
#1768 = EDGE_CURVE('',#1769,#1769,#1771,.T.);
#1769 = VERTEX_POINT('',#1770);
#1770 = CARTESIAN_POINT('',(0.,-5.455,1.51));
#1771 = CIRCLE('',#1772,0.375);
#1772 = AXIS2_PLACEMENT_3D('',#1773,#1774,#1775);
#1773 = CARTESIAN_POINT('',(-4.163336342344E-17,-5.08,1.51));
#1774 = DIRECTION('',(-0.,0.,-1.));
#1775 = DIRECTION('',(1.110223024625E-16,-1.,-0.));
#1776 = PLANE('',#1777);
#1777 = AXIS2_PLACEMENT_3D('',#1778,#1779,#1780);
#1778 = CARTESIAN_POINT('',(0.,0.,1.51));
#1779 = DIRECTION('',(0.,0.,1.));
#1780 = DIRECTION('',(1.,0.,-0.));
#1781 = ADVANCED_FACE('',(#1782,#1785),#1796,.T.);
#1782 = FACE_BOUND('',#1783,.T.);
#1783 = EDGE_LOOP('',(#1784));
#1784 = ORIENTED_EDGE('',*,*,#1742,.T.);
#1785 = FACE_BOUND('',#1786,.T.);
#1786 = EDGE_LOOP('',(#1787));
#1787 = ORIENTED_EDGE('',*,*,#1788,.T.);
#1788 = EDGE_CURVE('',#1789,#1789,#1791,.T.);
#1789 = VERTEX_POINT('',#1790);
#1790 = CARTESIAN_POINT('',(0.,-5.455,1.55));
#1791 = CIRCLE('',#1792,0.375);
#1792 = AXIS2_PLACEMENT_3D('',#1793,#1794,#1795);
#1793 = CARTESIAN_POINT('',(-4.163336342344E-17,-5.08,1.55));
#1794 = DIRECTION('',(-0.,0.,-1.));
#1795 = DIRECTION('',(1.110223024625E-16,-1.,-0.));
#1796 = PLANE('',#1797);
#1797 = AXIS2_PLACEMENT_3D('',#1798,#1799,#1800);
#1798 = CARTESIAN_POINT('',(0.,0.,1.55));
#1799 = DIRECTION('',(0.,0.,1.));
#1800 = DIRECTION('',(1.,0.,-0.));
#1801 = ADVANCED_FACE('',(#1802),#1813,.F.);
#1802 = FACE_BOUND('',#1803,.T.);
#1803 = EDGE_LOOP('',(#1804,#1805,#1811,#1812));
#1804 = ORIENTED_EDGE('',*,*,#1768,.T.);
#1805 = ORIENTED_EDGE('',*,*,#1806,.T.);
#1806 = EDGE_CURVE('',#1769,#1789,#1807,.T.);
#1807 = LINE('',#1808,#1809);
#1808 = CARTESIAN_POINT('',(0.,-5.455,-4.6E-02));
#1809 = VECTOR('',#1810,1.);
#1810 = DIRECTION('',(0.,0.,1.));
#1811 = ORIENTED_EDGE('',*,*,#1788,.F.);
#1812 = ORIENTED_EDGE('',*,*,#1806,.F.);
#1813 = CYLINDRICAL_SURFACE('',#1814,0.375);
#1814 = AXIS2_PLACEMENT_3D('',#1815,#1816,#1817);
#1815 = CARTESIAN_POINT('',(-4.163336342344E-17,-5.08,-4.6E-02));
#1816 = DIRECTION('',(-0.,0.,-1.));
#1817 = DIRECTION('',(1.110223024625E-16,-1.,-0.));
#1818 = MANIFOLD_SOLID_BREP('',#1819);
#1819 = CLOSED_SHELL('',(#1820,#1853,#1873,#1893));
#1820 = ADVANCED_FACE('',(#1821),#1848,.T.);
#1821 = FACE_BOUND('',#1822,.T.);
#1822 = EDGE_LOOP('',(#1823,#1833,#1840,#1841));
#1823 = ORIENTED_EDGE('',*,*,#1824,.T.);
#1824 = EDGE_CURVE('',#1825,#1827,#1829,.T.);
#1825 = VERTEX_POINT('',#1826);
#1826 = CARTESIAN_POINT('',(0.799999,-5.08,0.));
#1827 = VERTEX_POINT('',#1828);
#1828 = CARTESIAN_POINT('',(0.799999,-5.08,-4.E-02));
#1829 = LINE('',#1830,#1831);
#1830 = CARTESIAN_POINT('',(0.799999,-5.08,0.));
#1831 = VECTOR('',#1832,1.);
#1832 = DIRECTION('',(0.,0.,-1.));
#1833 = ORIENTED_EDGE('',*,*,#1834,.T.);
#1834 = EDGE_CURVE('',#1827,#1827,#1835,.T.);
#1835 = CIRCLE('',#1836,0.799999);
#1836 = AXIS2_PLACEMENT_3D('',#1837,#1838,#1839);
#1837 = CARTESIAN_POINT('',(0.,-5.08,-4.E-02));
#1838 = DIRECTION('',(0.,0.,1.));
#1839 = DIRECTION('',(1.,0.,-0.));
#1840 = ORIENTED_EDGE('',*,*,#1824,.F.);
#1841 = ORIENTED_EDGE('',*,*,#1842,.F.);
#1842 = EDGE_CURVE('',#1825,#1825,#1843,.T.);
#1843 = CIRCLE('',#1844,0.799999);
#1844 = AXIS2_PLACEMENT_3D('',#1845,#1846,#1847);
#1845 = CARTESIAN_POINT('',(0.,-5.08,0.));
#1846 = DIRECTION('',(0.,0.,1.));
#1847 = DIRECTION('',(1.,0.,-0.));
#1848 = CYLINDRICAL_SURFACE('',#1849,0.799999);
#1849 = AXIS2_PLACEMENT_3D('',#1850,#1851,#1852);
#1850 = CARTESIAN_POINT('',(0.,-5.08,0.));
#1851 = DIRECTION('',(0.,0.,1.));
#1852 = DIRECTION('',(1.,0.,-0.));
#1853 = ADVANCED_FACE('',(#1854,#1857),#1868,.F.);
#1854 = FACE_BOUND('',#1855,.F.);
#1855 = EDGE_LOOP('',(#1856));
#1856 = ORIENTED_EDGE('',*,*,#1842,.F.);
#1857 = FACE_BOUND('',#1858,.F.);
#1858 = EDGE_LOOP('',(#1859));
#1859 = ORIENTED_EDGE('',*,*,#1860,.F.);
#1860 = EDGE_CURVE('',#1861,#1861,#1863,.T.);
#1861 = VERTEX_POINT('',#1862);
#1862 = CARTESIAN_POINT('',(0.,-5.455,0.));
#1863 = CIRCLE('',#1864,0.375);
#1864 = AXIS2_PLACEMENT_3D('',#1865,#1866,#1867);
#1865 = CARTESIAN_POINT('',(-4.163336342344E-17,-5.08,0.));
#1866 = DIRECTION('',(-0.,0.,-1.));
#1867 = DIRECTION('',(1.110223024625E-16,-1.,-0.));
#1868 = PLANE('',#1869);
#1869 = AXIS2_PLACEMENT_3D('',#1870,#1871,#1872);
#1870 = CARTESIAN_POINT('',(0.,0.,0.));
#1871 = DIRECTION('',(-0.,-0.,-1.));
#1872 = DIRECTION('',(-1.,0.,0.));
#1873 = ADVANCED_FACE('',(#1874,#1877),#1888,.T.);
#1874 = FACE_BOUND('',#1875,.T.);
#1875 = EDGE_LOOP('',(#1876));
#1876 = ORIENTED_EDGE('',*,*,#1834,.F.);
#1877 = FACE_BOUND('',#1878,.T.);
#1878 = EDGE_LOOP('',(#1879));
#1879 = ORIENTED_EDGE('',*,*,#1880,.F.);
#1880 = EDGE_CURVE('',#1881,#1881,#1883,.T.);
#1881 = VERTEX_POINT('',#1882);
#1882 = CARTESIAN_POINT('',(0.,-5.455,-4.E-02));
#1883 = CIRCLE('',#1884,0.375);
#1884 = AXIS2_PLACEMENT_3D('',#1885,#1886,#1887);
#1885 = CARTESIAN_POINT('',(-4.163336342344E-17,-5.08,-4.E-02));
#1886 = DIRECTION('',(-0.,0.,-1.));
#1887 = DIRECTION('',(1.110223024625E-16,-1.,-0.));
#1888 = PLANE('',#1889);
#1889 = AXIS2_PLACEMENT_3D('',#1890,#1891,#1892);
#1890 = CARTESIAN_POINT('',(0.,0.,-4.E-02));
#1891 = DIRECTION('',(-0.,-0.,-1.));
#1892 = DIRECTION('',(-1.,0.,0.));
#1893 = ADVANCED_FACE('',(#1894),#1905,.F.);
#1894 = FACE_BOUND('',#1895,.T.);
#1895 = EDGE_LOOP('',(#1896,#1897,#1903,#1904));
#1896 = ORIENTED_EDGE('',*,*,#1880,.T.);
#1897 = ORIENTED_EDGE('',*,*,#1898,.T.);
#1898 = EDGE_CURVE('',#1881,#1861,#1899,.T.);
#1899 = LINE('',#1900,#1901);
#1900 = CARTESIAN_POINT('',(0.,-5.455,-4.6E-02));
#1901 = VECTOR('',#1902,1.);
#1902 = DIRECTION('',(0.,0.,1.));
#1903 = ORIENTED_EDGE('',*,*,#1860,.F.);
#1904 = ORIENTED_EDGE('',*,*,#1898,.F.);
#1905 = CYLINDRICAL_SURFACE('',#1906,0.375);
#1906 = AXIS2_PLACEMENT_3D('',#1907,#1908,#1909);
#1907 = CARTESIAN_POINT('',(-4.163336342344E-17,-5.08,-4.6E-02));
#1908 = DIRECTION('',(-0.,0.,-1.));
#1909 = DIRECTION('',(1.110223024625E-16,-1.,-0.));
#1910 = MANIFOLD_SOLID_BREP('',#1911);
#1911 = CLOSED_SHELL('',(#1912,#1945,#1965,#1985));
#1912 = ADVANCED_FACE('',(#1913),#1940,.T.);
#1913 = FACE_BOUND('',#1914,.F.);
#1914 = EDGE_LOOP('',(#1915,#1925,#1932,#1933));
#1915 = ORIENTED_EDGE('',*,*,#1916,.T.);
#1916 = EDGE_CURVE('',#1917,#1919,#1921,.T.);
#1917 = VERTEX_POINT('',#1918);
#1918 = CARTESIAN_POINT('',(-7.703719777549E-33,-5.48,-4.E-02));
#1919 = VERTEX_POINT('',#1920);
#1920 = CARTESIAN_POINT('',(-7.703719777549E-33,-5.48,1.55));
#1921 = LINE('',#1922,#1923);
#1922 = CARTESIAN_POINT('',(-7.703719777549E-33,-5.48,-4.E-02));
#1923 = VECTOR('',#1924,1.);
#1924 = DIRECTION('',(0.,0.,1.));
#1925 = ORIENTED_EDGE('',*,*,#1926,.T.);
#1926 = EDGE_CURVE('',#1919,#1919,#1927,.T.);
#1927 = CIRCLE('',#1928,0.4);
#1928 = AXIS2_PLACEMENT_3D('',#1929,#1930,#1931);
#1929 = CARTESIAN_POINT('',(-1.387778780781E-17,-5.08,1.55));
#1930 = DIRECTION('',(0.,-0.,1.));
#1931 = DIRECTION('',(3.469446951954E-17,-1.,-0.));
#1932 = ORIENTED_EDGE('',*,*,#1916,.F.);
#1933 = ORIENTED_EDGE('',*,*,#1934,.F.);
#1934 = EDGE_CURVE('',#1917,#1917,#1935,.T.);
#1935 = CIRCLE('',#1936,0.4);
#1936 = AXIS2_PLACEMENT_3D('',#1937,#1938,#1939);
#1937 = CARTESIAN_POINT('',(-1.387778780781E-17,-5.08,-4.E-02));
#1938 = DIRECTION('',(0.,-0.,1.));
#1939 = DIRECTION('',(3.469446951954E-17,-1.,-0.));
#1940 = CYLINDRICAL_SURFACE('',#1941,0.4);
#1941 = AXIS2_PLACEMENT_3D('',#1942,#1943,#1944);
#1942 = CARTESIAN_POINT('',(-1.387778780781E-17,-5.08,-4.E-02));
#1943 = DIRECTION('',(-0.,0.,-1.));
#1944 = DIRECTION('',(3.469446951954E-17,-1.,-0.));
#1945 = ADVANCED_FACE('',(#1946,#1949),#1960,.F.);
#1946 = FACE_BOUND('',#1947,.F.);
#1947 = EDGE_LOOP('',(#1948));
#1948 = ORIENTED_EDGE('',*,*,#1934,.T.);
#1949 = FACE_BOUND('',#1950,.F.);
#1950 = EDGE_LOOP('',(#1951));
#1951 = ORIENTED_EDGE('',*,*,#1952,.T.);
#1952 = EDGE_CURVE('',#1953,#1953,#1955,.T.);
#1953 = VERTEX_POINT('',#1954);
#1954 = CARTESIAN_POINT('',(0.,-5.455,-4.E-02));
#1955 = CIRCLE('',#1956,0.375);
#1956 = AXIS2_PLACEMENT_3D('',#1957,#1958,#1959);
#1957 = CARTESIAN_POINT('',(-4.163336342344E-17,-5.08,-4.E-02));
#1958 = DIRECTION('',(-0.,0.,-1.));
#1959 = DIRECTION('',(1.110223024625E-16,-1.,-0.));
#1960 = PLANE('',#1961);
#1961 = AXIS2_PLACEMENT_3D('',#1962,#1963,#1964);
#1962 = CARTESIAN_POINT('',(0.,-5.48,-4.E-02));
#1963 = DIRECTION('',(0.,0.,1.));
#1964 = DIRECTION('',(1.,0.,-0.));
#1965 = ADVANCED_FACE('',(#1966,#1969),#1980,.T.);
#1966 = FACE_BOUND('',#1967,.T.);
#1967 = EDGE_LOOP('',(#1968));
#1968 = ORIENTED_EDGE('',*,*,#1926,.T.);
#1969 = FACE_BOUND('',#1970,.T.);
#1970 = EDGE_LOOP('',(#1971));
#1971 = ORIENTED_EDGE('',*,*,#1972,.T.);
#1972 = EDGE_CURVE('',#1973,#1973,#1975,.T.);
#1973 = VERTEX_POINT('',#1974);
#1974 = CARTESIAN_POINT('',(0.,-5.455,1.55));
#1975 = CIRCLE('',#1976,0.375);
#1976 = AXIS2_PLACEMENT_3D('',#1977,#1978,#1979);
#1977 = CARTESIAN_POINT('',(-4.163336342344E-17,-5.08,1.55));
#1978 = DIRECTION('',(-0.,0.,-1.));
#1979 = DIRECTION('',(1.110223024625E-16,-1.,-0.));
#1980 = PLANE('',#1981);
#1981 = AXIS2_PLACEMENT_3D('',#1982,#1983,#1984);
#1982 = CARTESIAN_POINT('',(0.,-5.48,1.55));
#1983 = DIRECTION('',(0.,0.,1.));
#1984 = DIRECTION('',(1.,0.,-0.));
#1985 = ADVANCED_FACE('',(#1986),#1997,.F.);
#1986 = FACE_BOUND('',#1987,.T.);
#1987 = EDGE_LOOP('',(#1988,#1989,#1995,#1996));
#1988 = ORIENTED_EDGE('',*,*,#1952,.T.);
#1989 = ORIENTED_EDGE('',*,*,#1990,.T.);
#1990 = EDGE_CURVE('',#1953,#1973,#1991,.T.);
#1991 = LINE('',#1992,#1993);
#1992 = CARTESIAN_POINT('',(0.,-5.455,-4.6E-02));
#1993 = VECTOR('',#1994,1.);
#1994 = DIRECTION('',(0.,0.,1.));
#1995 = ORIENTED_EDGE('',*,*,#1972,.F.);
#1996 = ORIENTED_EDGE('',*,*,#1990,.F.);
#1997 = CYLINDRICAL_SURFACE('',#1998,0.375);
#1998 = AXIS2_PLACEMENT_3D('',#1999,#2000,#2001);
#1999 = CARTESIAN_POINT('',(-4.163336342344E-17,-5.08,-4.6E-02));
#2000 = DIRECTION('',(-0.,0.,-1.));
#2001 = DIRECTION('',(1.110223024625E-16,-1.,-0.));
#2002 = MANIFOLD_SOLID_BREP('',#2003);
#2003 = CLOSED_SHELL('',(#2004,#2037,#2057,#2077));
#2004 = ADVANCED_FACE('',(#2005),#2032,.T.);
#2005 = FACE_BOUND('',#2006,.F.);
#2006 = EDGE_LOOP('',(#2007,#2017,#2024,#2025));
#2007 = ORIENTED_EDGE('',*,*,#2008,.T.);
#2008 = EDGE_CURVE('',#2009,#2011,#2013,.T.);
#2009 = VERTEX_POINT('',#2010);
#2010 = CARTESIAN_POINT('',(8.419999,-5.08,1.51));
#2011 = VERTEX_POINT('',#2012);
#2012 = CARTESIAN_POINT('',(8.419999,-5.08,1.55));
#2013 = LINE('',#2014,#2015);
#2014 = CARTESIAN_POINT('',(8.419999,-5.08,1.51));
#2015 = VECTOR('',#2016,1.);
#2016 = DIRECTION('',(0.,0.,1.));
#2017 = ORIENTED_EDGE('',*,*,#2018,.T.);
#2018 = EDGE_CURVE('',#2011,#2011,#2019,.T.);
#2019 = CIRCLE('',#2020,0.799999);
#2020 = AXIS2_PLACEMENT_3D('',#2021,#2022,#2023);
#2021 = CARTESIAN_POINT('',(7.62,-5.08,1.55));
#2022 = DIRECTION('',(0.,0.,1.));
#2023 = DIRECTION('',(1.,0.,-0.));
#2024 = ORIENTED_EDGE('',*,*,#2008,.F.);
#2025 = ORIENTED_EDGE('',*,*,#2026,.F.);
#2026 = EDGE_CURVE('',#2009,#2009,#2027,.T.);
#2027 = CIRCLE('',#2028,0.799999);
#2028 = AXIS2_PLACEMENT_3D('',#2029,#2030,#2031);
#2029 = CARTESIAN_POINT('',(7.62,-5.08,1.51));
#2030 = DIRECTION('',(0.,0.,1.));
#2031 = DIRECTION('',(1.,0.,-0.));
#2032 = CYLINDRICAL_SURFACE('',#2033,0.799999);
#2033 = AXIS2_PLACEMENT_3D('',#2034,#2035,#2036);
#2034 = CARTESIAN_POINT('',(7.62,-5.08,1.51));
#2035 = DIRECTION('',(-0.,-0.,-1.));
#2036 = DIRECTION('',(1.,0.,-0.));
#2037 = ADVANCED_FACE('',(#2038,#2041),#2052,.F.);
#2038 = FACE_BOUND('',#2039,.F.);
#2039 = EDGE_LOOP('',(#2040));
#2040 = ORIENTED_EDGE('',*,*,#2026,.T.);
#2041 = FACE_BOUND('',#2042,.F.);
#2042 = EDGE_LOOP('',(#2043));
#2043 = ORIENTED_EDGE('',*,*,#2044,.T.);
#2044 = EDGE_CURVE('',#2045,#2045,#2047,.T.);
#2045 = VERTEX_POINT('',#2046);
#2046 = CARTESIAN_POINT('',(7.62,-5.455,1.51));
#2047 = CIRCLE('',#2048,0.375);
#2048 = AXIS2_PLACEMENT_3D('',#2049,#2050,#2051);
#2049 = CARTESIAN_POINT('',(7.62,-5.08,1.51));
#2050 = DIRECTION('',(-0.,0.,-1.));
#2051 = DIRECTION('',(-0.,-1.,0.));
#2052 = PLANE('',#2053);
#2053 = AXIS2_PLACEMENT_3D('',#2054,#2055,#2056);
#2054 = CARTESIAN_POINT('',(0.,0.,1.51));
#2055 = DIRECTION('',(0.,0.,1.));
#2056 = DIRECTION('',(1.,0.,-0.));
#2057 = ADVANCED_FACE('',(#2058,#2061),#2072,.T.);
#2058 = FACE_BOUND('',#2059,.T.);
#2059 = EDGE_LOOP('',(#2060));
#2060 = ORIENTED_EDGE('',*,*,#2018,.T.);
#2061 = FACE_BOUND('',#2062,.T.);
#2062 = EDGE_LOOP('',(#2063));
#2063 = ORIENTED_EDGE('',*,*,#2064,.T.);
#2064 = EDGE_CURVE('',#2065,#2065,#2067,.T.);
#2065 = VERTEX_POINT('',#2066);
#2066 = CARTESIAN_POINT('',(7.62,-5.455,1.55));
#2067 = CIRCLE('',#2068,0.375);
#2068 = AXIS2_PLACEMENT_3D('',#2069,#2070,#2071);
#2069 = CARTESIAN_POINT('',(7.62,-5.08,1.55));
#2070 = DIRECTION('',(-0.,0.,-1.));
#2071 = DIRECTION('',(-0.,-1.,0.));
#2072 = PLANE('',#2073);
#2073 = AXIS2_PLACEMENT_3D('',#2074,#2075,#2076);
#2074 = CARTESIAN_POINT('',(0.,0.,1.55));
#2075 = DIRECTION('',(0.,0.,1.));
#2076 = DIRECTION('',(1.,0.,-0.));
#2077 = ADVANCED_FACE('',(#2078),#2089,.F.);
#2078 = FACE_BOUND('',#2079,.T.);
#2079 = EDGE_LOOP('',(#2080,#2081,#2087,#2088));
#2080 = ORIENTED_EDGE('',*,*,#2044,.T.);
#2081 = ORIENTED_EDGE('',*,*,#2082,.T.);
#2082 = EDGE_CURVE('',#2045,#2065,#2083,.T.);
#2083 = LINE('',#2084,#2085);
#2084 = CARTESIAN_POINT('',(7.62,-5.455,-4.6E-02));
#2085 = VECTOR('',#2086,1.);
#2086 = DIRECTION('',(0.,0.,1.));
#2087 = ORIENTED_EDGE('',*,*,#2064,.F.);
#2088 = ORIENTED_EDGE('',*,*,#2082,.F.);
#2089 = CYLINDRICAL_SURFACE('',#2090,0.375);
#2090 = AXIS2_PLACEMENT_3D('',#2091,#2092,#2093);
#2091 = CARTESIAN_POINT('',(7.62,-5.08,-4.6E-02));
#2092 = DIRECTION('',(-0.,-0.,-1.));
#2093 = DIRECTION('',(-0.,-1.,0.));
#2094 = MANIFOLD_SOLID_BREP('',#2095);
#2095 = CLOSED_SHELL('',(#2096,#2129,#2149,#2169));
#2096 = ADVANCED_FACE('',(#2097),#2124,.T.);
#2097 = FACE_BOUND('',#2098,.T.);
#2098 = EDGE_LOOP('',(#2099,#2109,#2116,#2117));
#2099 = ORIENTED_EDGE('',*,*,#2100,.T.);
#2100 = EDGE_CURVE('',#2101,#2103,#2105,.T.);
#2101 = VERTEX_POINT('',#2102);
#2102 = CARTESIAN_POINT('',(8.419999,-5.08,0.));
#2103 = VERTEX_POINT('',#2104);
#2104 = CARTESIAN_POINT('',(8.419999,-5.08,-4.E-02));
#2105 = LINE('',#2106,#2107);
#2106 = CARTESIAN_POINT('',(8.419999,-5.08,0.));
#2107 = VECTOR('',#2108,1.);
#2108 = DIRECTION('',(0.,0.,-1.));
#2109 = ORIENTED_EDGE('',*,*,#2110,.T.);
#2110 = EDGE_CURVE('',#2103,#2103,#2111,.T.);
#2111 = CIRCLE('',#2112,0.799999);
#2112 = AXIS2_PLACEMENT_3D('',#2113,#2114,#2115);
#2113 = CARTESIAN_POINT('',(7.62,-5.08,-4.E-02));
#2114 = DIRECTION('',(0.,0.,1.));
#2115 = DIRECTION('',(1.,0.,-0.));
#2116 = ORIENTED_EDGE('',*,*,#2100,.F.);
#2117 = ORIENTED_EDGE('',*,*,#2118,.F.);
#2118 = EDGE_CURVE('',#2101,#2101,#2119,.T.);
#2119 = CIRCLE('',#2120,0.799999);
#2120 = AXIS2_PLACEMENT_3D('',#2121,#2122,#2123);
#2121 = CARTESIAN_POINT('',(7.62,-5.08,0.));
#2122 = DIRECTION('',(0.,0.,1.));
#2123 = DIRECTION('',(1.,0.,-0.));
#2124 = CYLINDRICAL_SURFACE('',#2125,0.799999);
#2125 = AXIS2_PLACEMENT_3D('',#2126,#2127,#2128);
#2126 = CARTESIAN_POINT('',(7.62,-5.08,0.));
#2127 = DIRECTION('',(0.,0.,1.));
#2128 = DIRECTION('',(1.,0.,-0.));
#2129 = ADVANCED_FACE('',(#2130,#2133),#2144,.F.);
#2130 = FACE_BOUND('',#2131,.F.);
#2131 = EDGE_LOOP('',(#2132));
#2132 = ORIENTED_EDGE('',*,*,#2118,.F.);
#2133 = FACE_BOUND('',#2134,.F.);
#2134 = EDGE_LOOP('',(#2135));
#2135 = ORIENTED_EDGE('',*,*,#2136,.F.);
#2136 = EDGE_CURVE('',#2137,#2137,#2139,.T.);
#2137 = VERTEX_POINT('',#2138);
#2138 = CARTESIAN_POINT('',(7.62,-5.455,0.));
#2139 = CIRCLE('',#2140,0.375);
#2140 = AXIS2_PLACEMENT_3D('',#2141,#2142,#2143);
#2141 = CARTESIAN_POINT('',(7.62,-5.08,0.));
#2142 = DIRECTION('',(-0.,0.,-1.));
#2143 = DIRECTION('',(-0.,-1.,0.));
#2144 = PLANE('',#2145);
#2145 = AXIS2_PLACEMENT_3D('',#2146,#2147,#2148);
#2146 = CARTESIAN_POINT('',(0.,0.,0.));
#2147 = DIRECTION('',(-0.,-0.,-1.));
#2148 = DIRECTION('',(-1.,0.,0.));
#2149 = ADVANCED_FACE('',(#2150,#2153),#2164,.T.);
#2150 = FACE_BOUND('',#2151,.T.);
#2151 = EDGE_LOOP('',(#2152));
#2152 = ORIENTED_EDGE('',*,*,#2110,.F.);
#2153 = FACE_BOUND('',#2154,.T.);
#2154 = EDGE_LOOP('',(#2155));
#2155 = ORIENTED_EDGE('',*,*,#2156,.F.);
#2156 = EDGE_CURVE('',#2157,#2157,#2159,.T.);
#2157 = VERTEX_POINT('',#2158);
#2158 = CARTESIAN_POINT('',(7.62,-5.455,-4.E-02));
#2159 = CIRCLE('',#2160,0.375);
#2160 = AXIS2_PLACEMENT_3D('',#2161,#2162,#2163);
#2161 = CARTESIAN_POINT('',(7.62,-5.08,-4.E-02));
#2162 = DIRECTION('',(-0.,0.,-1.));
#2163 = DIRECTION('',(-0.,-1.,0.));
#2164 = PLANE('',#2165);
#2165 = AXIS2_PLACEMENT_3D('',#2166,#2167,#2168);
#2166 = CARTESIAN_POINT('',(0.,0.,-4.E-02));
#2167 = DIRECTION('',(-0.,-0.,-1.));
#2168 = DIRECTION('',(-1.,0.,0.));
#2169 = ADVANCED_FACE('',(#2170),#2181,.F.);
#2170 = FACE_BOUND('',#2171,.T.);
#2171 = EDGE_LOOP('',(#2172,#2173,#2179,#2180));
#2172 = ORIENTED_EDGE('',*,*,#2156,.T.);
#2173 = ORIENTED_EDGE('',*,*,#2174,.T.);
#2174 = EDGE_CURVE('',#2157,#2137,#2175,.T.);
#2175 = LINE('',#2176,#2177);
#2176 = CARTESIAN_POINT('',(7.62,-5.455,-4.6E-02));
#2177 = VECTOR('',#2178,1.);
#2178 = DIRECTION('',(0.,0.,1.));
#2179 = ORIENTED_EDGE('',*,*,#2136,.F.);
#2180 = ORIENTED_EDGE('',*,*,#2174,.F.);
#2181 = CYLINDRICAL_SURFACE('',#2182,0.375);
#2182 = AXIS2_PLACEMENT_3D('',#2183,#2184,#2185);
#2183 = CARTESIAN_POINT('',(7.62,-5.08,-4.6E-02));
#2184 = DIRECTION('',(-0.,-0.,-1.));
#2185 = DIRECTION('',(-0.,-1.,0.));
#2186 = MANIFOLD_SOLID_BREP('',#2187);
#2187 = CLOSED_SHELL('',(#2188,#2221,#2241,#2261));
#2188 = ADVANCED_FACE('',(#2189),#2216,.T.);
#2189 = FACE_BOUND('',#2190,.F.);
#2190 = EDGE_LOOP('',(#2191,#2201,#2208,#2209));
#2191 = ORIENTED_EDGE('',*,*,#2192,.T.);
#2192 = EDGE_CURVE('',#2193,#2195,#2197,.T.);
#2193 = VERTEX_POINT('',#2194);
#2194 = CARTESIAN_POINT('',(7.62,-5.48,-4.E-02));
#2195 = VERTEX_POINT('',#2196);
#2196 = CARTESIAN_POINT('',(7.62,-5.48,1.55));
#2197 = LINE('',#2198,#2199);
#2198 = CARTESIAN_POINT('',(7.62,-5.48,-4.E-02));
#2199 = VECTOR('',#2200,1.);
#2200 = DIRECTION('',(0.,0.,1.));
#2201 = ORIENTED_EDGE('',*,*,#2202,.T.);
#2202 = EDGE_CURVE('',#2195,#2195,#2203,.T.);
#2203 = CIRCLE('',#2204,0.4);
#2204 = AXIS2_PLACEMENT_3D('',#2205,#2206,#2207);
#2205 = CARTESIAN_POINT('',(7.62,-5.08,1.55));
#2206 = DIRECTION('',(0.,-0.,1.));
#2207 = DIRECTION('',(2.22044604925E-15,-1.,-0.));
#2208 = ORIENTED_EDGE('',*,*,#2192,.F.);
#2209 = ORIENTED_EDGE('',*,*,#2210,.F.);
#2210 = EDGE_CURVE('',#2193,#2193,#2211,.T.);
#2211 = CIRCLE('',#2212,0.4);
#2212 = AXIS2_PLACEMENT_3D('',#2213,#2214,#2215);
#2213 = CARTESIAN_POINT('',(7.62,-5.08,-4.E-02));
#2214 = DIRECTION('',(0.,-0.,1.));
#2215 = DIRECTION('',(2.22044604925E-15,-1.,-0.));
#2216 = CYLINDRICAL_SURFACE('',#2217,0.4);
#2217 = AXIS2_PLACEMENT_3D('',#2218,#2219,#2220);
#2218 = CARTESIAN_POINT('',(7.62,-5.08,-4.E-02));
#2219 = DIRECTION('',(-0.,0.,-1.));
#2220 = DIRECTION('',(2.22044604925E-15,-1.,-0.));
#2221 = ADVANCED_FACE('',(#2222,#2225),#2236,.F.);
#2222 = FACE_BOUND('',#2223,.F.);
#2223 = EDGE_LOOP('',(#2224));
#2224 = ORIENTED_EDGE('',*,*,#2210,.T.);
#2225 = FACE_BOUND('',#2226,.F.);
#2226 = EDGE_LOOP('',(#2227));
#2227 = ORIENTED_EDGE('',*,*,#2228,.T.);
#2228 = EDGE_CURVE('',#2229,#2229,#2231,.T.);
#2229 = VERTEX_POINT('',#2230);
#2230 = CARTESIAN_POINT('',(7.62,-5.455,-4.E-02));
#2231 = CIRCLE('',#2232,0.375);
#2232 = AXIS2_PLACEMENT_3D('',#2233,#2234,#2235);
#2233 = CARTESIAN_POINT('',(7.62,-5.08,-4.E-02));
#2234 = DIRECTION('',(-0.,0.,-1.));
#2235 = DIRECTION('',(-0.,-1.,0.));
#2236 = PLANE('',#2237);
#2237 = AXIS2_PLACEMENT_3D('',#2238,#2239,#2240);
#2238 = CARTESIAN_POINT('',(7.62,-5.48,-4.E-02));
#2239 = DIRECTION('',(0.,0.,1.));
#2240 = DIRECTION('',(1.,0.,-0.));
#2241 = ADVANCED_FACE('',(#2242,#2245),#2256,.T.);
#2242 = FACE_BOUND('',#2243,.T.);
#2243 = EDGE_LOOP('',(#2244));
#2244 = ORIENTED_EDGE('',*,*,#2202,.T.);
#2245 = FACE_BOUND('',#2246,.T.);
#2246 = EDGE_LOOP('',(#2247));
#2247 = ORIENTED_EDGE('',*,*,#2248,.T.);
#2248 = EDGE_CURVE('',#2249,#2249,#2251,.T.);
#2249 = VERTEX_POINT('',#2250);
#2250 = CARTESIAN_POINT('',(7.62,-5.455,1.55));
#2251 = CIRCLE('',#2252,0.375);
#2252 = AXIS2_PLACEMENT_3D('',#2253,#2254,#2255);
#2253 = CARTESIAN_POINT('',(7.62,-5.08,1.55));
#2254 = DIRECTION('',(-0.,0.,-1.));
#2255 = DIRECTION('',(-0.,-1.,0.));
#2256 = PLANE('',#2257);
#2257 = AXIS2_PLACEMENT_3D('',#2258,#2259,#2260);
#2258 = CARTESIAN_POINT('',(7.62,-5.48,1.55));
#2259 = DIRECTION('',(0.,0.,1.));
#2260 = DIRECTION('',(1.,0.,-0.));
#2261 = ADVANCED_FACE('',(#2262),#2273,.F.);
#2262 = FACE_BOUND('',#2263,.T.);
#2263 = EDGE_LOOP('',(#2264,#2265,#2271,#2272));
#2264 = ORIENTED_EDGE('',*,*,#2228,.T.);
#2265 = ORIENTED_EDGE('',*,*,#2266,.T.);
#2266 = EDGE_CURVE('',#2229,#2249,#2267,.T.);
#2267 = LINE('',#2268,#2269);
#2268 = CARTESIAN_POINT('',(7.62,-5.455,-4.6E-02));
#2269 = VECTOR('',#2270,1.);
#2270 = DIRECTION('',(0.,0.,1.));
#2271 = ORIENTED_EDGE('',*,*,#2248,.F.);
#2272 = ORIENTED_EDGE('',*,*,#2266,.F.);
#2273 = CYLINDRICAL_SURFACE('',#2274,0.375);
#2274 = AXIS2_PLACEMENT_3D('',#2275,#2276,#2277);
#2275 = CARTESIAN_POINT('',(7.62,-5.08,-4.6E-02));
#2276 = DIRECTION('',(-0.,-0.,-1.));
#2277 = DIRECTION('',(-0.,-1.,0.));
#2278 = MANIFOLD_SOLID_BREP('',#2279);
#2279 = CLOSED_SHELL('',(#2280,#2313,#2333,#2353));
#2280 = ADVANCED_FACE('',(#2281),#2308,.T.);
#2281 = FACE_BOUND('',#2282,.F.);
#2282 = EDGE_LOOP('',(#2283,#2293,#2300,#2301));
#2283 = ORIENTED_EDGE('',*,*,#2284,.T.);
#2284 = EDGE_CURVE('',#2285,#2287,#2289,.T.);
#2285 = VERTEX_POINT('',#2286);
#2286 = CARTESIAN_POINT('',(8.419999,0.,1.51));
#2287 = VERTEX_POINT('',#2288);
#2288 = CARTESIAN_POINT('',(8.419999,0.,1.55));
#2289 = LINE('',#2290,#2291);
#2290 = CARTESIAN_POINT('',(8.419999,0.,1.51));
#2291 = VECTOR('',#2292,1.);
#2292 = DIRECTION('',(0.,0.,1.));
#2293 = ORIENTED_EDGE('',*,*,#2294,.T.);
#2294 = EDGE_CURVE('',#2287,#2287,#2295,.T.);
#2295 = CIRCLE('',#2296,0.799999);
#2296 = AXIS2_PLACEMENT_3D('',#2297,#2298,#2299);
#2297 = CARTESIAN_POINT('',(7.62,0.,1.55));
#2298 = DIRECTION('',(0.,0.,1.));
#2299 = DIRECTION('',(1.,0.,-0.));
#2300 = ORIENTED_EDGE('',*,*,#2284,.F.);
#2301 = ORIENTED_EDGE('',*,*,#2302,.F.);
#2302 = EDGE_CURVE('',#2285,#2285,#2303,.T.);
#2303 = CIRCLE('',#2304,0.799999);
#2304 = AXIS2_PLACEMENT_3D('',#2305,#2306,#2307);
#2305 = CARTESIAN_POINT('',(7.62,-0.,1.51));
#2306 = DIRECTION('',(0.,0.,1.));
#2307 = DIRECTION('',(1.,0.,-0.));
#2308 = CYLINDRICAL_SURFACE('',#2309,0.799999);
#2309 = AXIS2_PLACEMENT_3D('',#2310,#2311,#2312);
#2310 = CARTESIAN_POINT('',(7.62,-0.,1.51));
#2311 = DIRECTION('',(-0.,-0.,-1.));
#2312 = DIRECTION('',(1.,0.,-0.));
#2313 = ADVANCED_FACE('',(#2314,#2317),#2328,.F.);
#2314 = FACE_BOUND('',#2315,.F.);
#2315 = EDGE_LOOP('',(#2316));
#2316 = ORIENTED_EDGE('',*,*,#2302,.T.);
#2317 = FACE_BOUND('',#2318,.F.);
#2318 = EDGE_LOOP('',(#2319));
#2319 = ORIENTED_EDGE('',*,*,#2320,.T.);
#2320 = EDGE_CURVE('',#2321,#2321,#2323,.T.);
#2321 = VERTEX_POINT('',#2322);
#2322 = CARTESIAN_POINT('',(7.62,-0.375,1.51));
#2323 = CIRCLE('',#2324,0.375);
#2324 = AXIS2_PLACEMENT_3D('',#2325,#2326,#2327);
#2325 = CARTESIAN_POINT('',(7.62,6.938893903907E-17,1.51));
#2326 = DIRECTION('',(-0.,0.,-1.));
#2327 = DIRECTION('',(-0.,-1.,0.));
#2328 = PLANE('',#2329);
#2329 = AXIS2_PLACEMENT_3D('',#2330,#2331,#2332);
#2330 = CARTESIAN_POINT('',(0.,0.,1.51));
#2331 = DIRECTION('',(0.,0.,1.));
#2332 = DIRECTION('',(1.,0.,-0.));
#2333 = ADVANCED_FACE('',(#2334,#2337),#2348,.T.);
#2334 = FACE_BOUND('',#2335,.T.);
#2335 = EDGE_LOOP('',(#2336));
#2336 = ORIENTED_EDGE('',*,*,#2294,.T.);
#2337 = FACE_BOUND('',#2338,.T.);
#2338 = EDGE_LOOP('',(#2339));
#2339 = ORIENTED_EDGE('',*,*,#2340,.T.);
#2340 = EDGE_CURVE('',#2341,#2341,#2343,.T.);
#2341 = VERTEX_POINT('',#2342);
#2342 = CARTESIAN_POINT('',(7.62,-0.375,1.55));
#2343 = CIRCLE('',#2344,0.375);
#2344 = AXIS2_PLACEMENT_3D('',#2345,#2346,#2347);
#2345 = CARTESIAN_POINT('',(7.62,6.938893903907E-17,1.55));
#2346 = DIRECTION('',(-0.,0.,-1.));
#2347 = DIRECTION('',(-0.,-1.,0.));
#2348 = PLANE('',#2349);
#2349 = AXIS2_PLACEMENT_3D('',#2350,#2351,#2352);
#2350 = CARTESIAN_POINT('',(0.,0.,1.55));
#2351 = DIRECTION('',(0.,0.,1.));
#2352 = DIRECTION('',(1.,0.,-0.));
#2353 = ADVANCED_FACE('',(#2354),#2365,.F.);
#2354 = FACE_BOUND('',#2355,.T.);
#2355 = EDGE_LOOP('',(#2356,#2357,#2363,#2364));
#2356 = ORIENTED_EDGE('',*,*,#2320,.T.);
#2357 = ORIENTED_EDGE('',*,*,#2358,.T.);
#2358 = EDGE_CURVE('',#2321,#2341,#2359,.T.);
#2359 = LINE('',#2360,#2361);
#2360 = CARTESIAN_POINT('',(7.62,-0.375,-4.6E-02));
#2361 = VECTOR('',#2362,1.);
#2362 = DIRECTION('',(0.,0.,1.));
#2363 = ORIENTED_EDGE('',*,*,#2340,.F.);
#2364 = ORIENTED_EDGE('',*,*,#2358,.F.);
#2365 = CYLINDRICAL_SURFACE('',#2366,0.375);
#2366 = AXIS2_PLACEMENT_3D('',#2367,#2368,#2369);
#2367 = CARTESIAN_POINT('',(7.62,6.938893903907E-17,-4.6E-02));
#2368 = DIRECTION('',(-0.,-0.,-1.));
#2369 = DIRECTION('',(-0.,-1.,0.));
#2370 = MANIFOLD_SOLID_BREP('',#2371);
#2371 = CLOSED_SHELL('',(#2372,#2405,#2425,#2445));
#2372 = ADVANCED_FACE('',(#2373),#2400,.T.);
#2373 = FACE_BOUND('',#2374,.T.);
#2374 = EDGE_LOOP('',(#2375,#2385,#2392,#2393));
#2375 = ORIENTED_EDGE('',*,*,#2376,.T.);
#2376 = EDGE_CURVE('',#2377,#2379,#2381,.T.);
#2377 = VERTEX_POINT('',#2378);
#2378 = CARTESIAN_POINT('',(8.419999,0.,0.));
#2379 = VERTEX_POINT('',#2380);
#2380 = CARTESIAN_POINT('',(8.419999,0.,-4.E-02));
#2381 = LINE('',#2382,#2383);
#2382 = CARTESIAN_POINT('',(8.419999,0.,0.));
#2383 = VECTOR('',#2384,1.);
#2384 = DIRECTION('',(0.,0.,-1.));
#2385 = ORIENTED_EDGE('',*,*,#2386,.T.);
#2386 = EDGE_CURVE('',#2379,#2379,#2387,.T.);
#2387 = CIRCLE('',#2388,0.799999);
#2388 = AXIS2_PLACEMENT_3D('',#2389,#2390,#2391);
#2389 = CARTESIAN_POINT('',(7.62,0.,-4.E-02));
#2390 = DIRECTION('',(0.,0.,1.));
#2391 = DIRECTION('',(1.,0.,-0.));
#2392 = ORIENTED_EDGE('',*,*,#2376,.F.);
#2393 = ORIENTED_EDGE('',*,*,#2394,.F.);
#2394 = EDGE_CURVE('',#2377,#2377,#2395,.T.);
#2395 = CIRCLE('',#2396,0.799999);
#2396 = AXIS2_PLACEMENT_3D('',#2397,#2398,#2399);
#2397 = CARTESIAN_POINT('',(7.62,-0.,0.));
#2398 = DIRECTION('',(0.,0.,1.));
#2399 = DIRECTION('',(1.,0.,-0.));
#2400 = CYLINDRICAL_SURFACE('',#2401,0.799999);
#2401 = AXIS2_PLACEMENT_3D('',#2402,#2403,#2404);
#2402 = CARTESIAN_POINT('',(7.62,-0.,0.));
#2403 = DIRECTION('',(0.,0.,1.));
#2404 = DIRECTION('',(1.,0.,-0.));
#2405 = ADVANCED_FACE('',(#2406,#2409),#2420,.F.);
#2406 = FACE_BOUND('',#2407,.F.);
#2407 = EDGE_LOOP('',(#2408));
#2408 = ORIENTED_EDGE('',*,*,#2394,.F.);
#2409 = FACE_BOUND('',#2410,.F.);
#2410 = EDGE_LOOP('',(#2411));
#2411 = ORIENTED_EDGE('',*,*,#2412,.F.);
#2412 = EDGE_CURVE('',#2413,#2413,#2415,.T.);
#2413 = VERTEX_POINT('',#2414);
#2414 = CARTESIAN_POINT('',(7.62,-0.375,0.));
#2415 = CIRCLE('',#2416,0.375);
#2416 = AXIS2_PLACEMENT_3D('',#2417,#2418,#2419);
#2417 = CARTESIAN_POINT('',(7.62,6.938893903907E-17,0.));
#2418 = DIRECTION('',(-0.,0.,-1.));
#2419 = DIRECTION('',(-0.,-1.,0.));
#2420 = PLANE('',#2421);
#2421 = AXIS2_PLACEMENT_3D('',#2422,#2423,#2424);
#2422 = CARTESIAN_POINT('',(0.,0.,0.));
#2423 = DIRECTION('',(-0.,-0.,-1.));
#2424 = DIRECTION('',(-1.,0.,0.));
#2425 = ADVANCED_FACE('',(#2426,#2429),#2440,.T.);
#2426 = FACE_BOUND('',#2427,.T.);
#2427 = EDGE_LOOP('',(#2428));
#2428 = ORIENTED_EDGE('',*,*,#2386,.F.);
#2429 = FACE_BOUND('',#2430,.T.);
#2430 = EDGE_LOOP('',(#2431));
#2431 = ORIENTED_EDGE('',*,*,#2432,.F.);
#2432 = EDGE_CURVE('',#2433,#2433,#2435,.T.);
#2433 = VERTEX_POINT('',#2434);
#2434 = CARTESIAN_POINT('',(7.62,-0.375,-4.E-02));
#2435 = CIRCLE('',#2436,0.375);
#2436 = AXIS2_PLACEMENT_3D('',#2437,#2438,#2439);
#2437 = CARTESIAN_POINT('',(7.62,6.938893903907E-17,-4.E-02));
#2438 = DIRECTION('',(-0.,0.,-1.));
#2439 = DIRECTION('',(-0.,-1.,0.));
#2440 = PLANE('',#2441);
#2441 = AXIS2_PLACEMENT_3D('',#2442,#2443,#2444);
#2442 = CARTESIAN_POINT('',(0.,0.,-4.E-02));
#2443 = DIRECTION('',(-0.,-0.,-1.));
#2444 = DIRECTION('',(-1.,0.,0.));
#2445 = ADVANCED_FACE('',(#2446),#2457,.F.);
#2446 = FACE_BOUND('',#2447,.T.);
#2447 = EDGE_LOOP('',(#2448,#2449,#2455,#2456));
#2448 = ORIENTED_EDGE('',*,*,#2432,.T.);
#2449 = ORIENTED_EDGE('',*,*,#2450,.T.);
#2450 = EDGE_CURVE('',#2433,#2413,#2451,.T.);
#2451 = LINE('',#2452,#2453);
#2452 = CARTESIAN_POINT('',(7.62,-0.375,-4.6E-02));
#2453 = VECTOR('',#2454,1.);
#2454 = DIRECTION('',(0.,0.,1.));
#2455 = ORIENTED_EDGE('',*,*,#2412,.F.);
#2456 = ORIENTED_EDGE('',*,*,#2450,.F.);
#2457 = CYLINDRICAL_SURFACE('',#2458,0.375);
#2458 = AXIS2_PLACEMENT_3D('',#2459,#2460,#2461);
#2459 = CARTESIAN_POINT('',(7.62,6.938893903907E-17,-4.6E-02));
#2460 = DIRECTION('',(-0.,-0.,-1.));
#2461 = DIRECTION('',(-0.,-1.,0.));
#2462 = MANIFOLD_SOLID_BREP('',#2463);
#2463 = CLOSED_SHELL('',(#2464,#2497,#2517,#2537));
#2464 = ADVANCED_FACE('',(#2465),#2492,.T.);
#2465 = FACE_BOUND('',#2466,.F.);
#2466 = EDGE_LOOP('',(#2467,#2477,#2484,#2485));
#2467 = ORIENTED_EDGE('',*,*,#2468,.T.);
#2468 = EDGE_CURVE('',#2469,#2471,#2473,.T.);
#2469 = VERTEX_POINT('',#2470);
#2470 = CARTESIAN_POINT('',(7.62,-0.4,-4.E-02));
#2471 = VERTEX_POINT('',#2472);
#2472 = CARTESIAN_POINT('',(7.62,-0.4,1.55));
#2473 = LINE('',#2474,#2475);
#2474 = CARTESIAN_POINT('',(7.62,-0.4,-4.E-02));
#2475 = VECTOR('',#2476,1.);
#2476 = DIRECTION('',(0.,0.,1.));
#2477 = ORIENTED_EDGE('',*,*,#2478,.T.);
#2478 = EDGE_CURVE('',#2471,#2471,#2479,.T.);
#2479 = CIRCLE('',#2480,0.4);
#2480 = AXIS2_PLACEMENT_3D('',#2481,#2482,#2483);
#2481 = CARTESIAN_POINT('',(7.62,7.771561172376E-16,1.55));
#2482 = DIRECTION('',(0.,-0.,1.));
#2483 = DIRECTION('',(2.22044604925E-15,-1.,-0.));
#2484 = ORIENTED_EDGE('',*,*,#2468,.F.);
#2485 = ORIENTED_EDGE('',*,*,#2486,.F.);
#2486 = EDGE_CURVE('',#2469,#2469,#2487,.T.);
#2487 = CIRCLE('',#2488,0.4);
#2488 = AXIS2_PLACEMENT_3D('',#2489,#2490,#2491);
#2489 = CARTESIAN_POINT('',(7.62,7.771561172376E-16,-4.E-02));
#2490 = DIRECTION('',(0.,-0.,1.));
#2491 = DIRECTION('',(2.22044604925E-15,-1.,-0.));
#2492 = CYLINDRICAL_SURFACE('',#2493,0.4);
#2493 = AXIS2_PLACEMENT_3D('',#2494,#2495,#2496);
#2494 = CARTESIAN_POINT('',(7.62,7.771561172376E-16,-4.E-02));
#2495 = DIRECTION('',(-0.,0.,-1.));
#2496 = DIRECTION('',(2.22044604925E-15,-1.,-0.));
#2497 = ADVANCED_FACE('',(#2498,#2501),#2512,.F.);
#2498 = FACE_BOUND('',#2499,.F.);
#2499 = EDGE_LOOP('',(#2500));
#2500 = ORIENTED_EDGE('',*,*,#2486,.T.);
#2501 = FACE_BOUND('',#2502,.F.);
#2502 = EDGE_LOOP('',(#2503));
#2503 = ORIENTED_EDGE('',*,*,#2504,.T.);
#2504 = EDGE_CURVE('',#2505,#2505,#2507,.T.);
#2505 = VERTEX_POINT('',#2506);
#2506 = CARTESIAN_POINT('',(7.62,-0.375,-4.E-02));
#2507 = CIRCLE('',#2508,0.375);
#2508 = AXIS2_PLACEMENT_3D('',#2509,#2510,#2511);
#2509 = CARTESIAN_POINT('',(7.62,6.938893903907E-17,-4.E-02));
#2510 = DIRECTION('',(-0.,0.,-1.));
#2511 = DIRECTION('',(-0.,-1.,0.));
#2512 = PLANE('',#2513);
#2513 = AXIS2_PLACEMENT_3D('',#2514,#2515,#2516);
#2514 = CARTESIAN_POINT('',(7.62,-0.4,-4.E-02));
#2515 = DIRECTION('',(0.,0.,1.));
#2516 = DIRECTION('',(1.,0.,-0.));
#2517 = ADVANCED_FACE('',(#2518,#2521),#2532,.T.);
#2518 = FACE_BOUND('',#2519,.T.);
#2519 = EDGE_LOOP('',(#2520));
#2520 = ORIENTED_EDGE('',*,*,#2478,.T.);
#2521 = FACE_BOUND('',#2522,.T.);
#2522 = EDGE_LOOP('',(#2523));
#2523 = ORIENTED_EDGE('',*,*,#2524,.T.);
#2524 = EDGE_CURVE('',#2525,#2525,#2527,.T.);
#2525 = VERTEX_POINT('',#2526);
#2526 = CARTESIAN_POINT('',(7.62,-0.375,1.55));
#2527 = CIRCLE('',#2528,0.375);
#2528 = AXIS2_PLACEMENT_3D('',#2529,#2530,#2531);
#2529 = CARTESIAN_POINT('',(7.62,6.938893903907E-17,1.55));
#2530 = DIRECTION('',(-0.,0.,-1.));
#2531 = DIRECTION('',(-0.,-1.,0.));
#2532 = PLANE('',#2533);
#2533 = AXIS2_PLACEMENT_3D('',#2534,#2535,#2536);
#2534 = CARTESIAN_POINT('',(7.62,-0.4,1.55));
#2535 = DIRECTION('',(0.,0.,1.));
#2536 = DIRECTION('',(1.,0.,-0.));
#2537 = ADVANCED_FACE('',(#2538),#2549,.F.);
#2538 = FACE_BOUND('',#2539,.T.);
#2539 = EDGE_LOOP('',(#2540,#2541,#2547,#2548));
#2540 = ORIENTED_EDGE('',*,*,#2504,.T.);
#2541 = ORIENTED_EDGE('',*,*,#2542,.T.);
#2542 = EDGE_CURVE('',#2505,#2525,#2543,.T.);
#2543 = LINE('',#2544,#2545);
#2544 = CARTESIAN_POINT('',(7.62,-0.375,-4.6E-02));
#2545 = VECTOR('',#2546,1.);
#2546 = DIRECTION('',(0.,0.,1.));
#2547 = ORIENTED_EDGE('',*,*,#2524,.F.);
#2548 = ORIENTED_EDGE('',*,*,#2542,.F.);
#2549 = CYLINDRICAL_SURFACE('',#2550,0.375);
#2550 = AXIS2_PLACEMENT_3D('',#2551,#2552,#2553);
#2551 = CARTESIAN_POINT('',(7.62,6.938893903907E-17,-4.6E-02));
#2552 = DIRECTION('',(-0.,-0.,-1.));
#2553 = DIRECTION('',(-0.,-1.,0.));
#2554 = ( GEOMETRIC_REPRESENTATION_CONTEXT(3) 
GLOBAL_UNCERTAINTY_ASSIGNED_CONTEXT((#2558)) 
GLOBAL_UNIT_ASSIGNED_CONTEXT((#2555,#2556,#2557)) REPRESENTATION_CONTEXT
('Context #1','3D Context with UNIT and UNCERTAINTY') );
#2555 = ( LENGTH_UNIT() NAMED_UNIT(*) SI_UNIT(.MILLI.,.METRE.) );
#2556 = ( NAMED_UNIT(*) PLANE_ANGLE_UNIT() SI_UNIT($,.RADIAN.) );
#2557 = ( NAMED_UNIT(*) SI_UNIT($,.STERADIAN.) SOLID_ANGLE_UNIT() );
#2558 = UNCERTAINTY_MEASURE_WITH_UNIT(LENGTH_MEASURE(1.E-07),#2555,
  'distance_accuracy_value','confusion accuracy');
#2559 = CONTEXT_DEPENDENT_SHAPE_REPRESENTATION(#2560,#2562);
#2560 = ( REPRESENTATION_RELATIONSHIP('','',#1255,#10) 
REPRESENTATION_RELATIONSHIP_WITH_TRANSFORMATION(#2561) 
SHAPE_REPRESENTATION_RELATIONSHIP() );
#2561 = ITEM_DEFINED_TRANSFORMATION('','',#11,#19);
#2562 = PRODUCT_DEFINITION_SHAPE('Placement','Placement of an item',
  #2563);
#2563 = NEXT_ASSEMBLY_USAGE_OCCURRENCE('3','=>[0:1:1:4]','',#5,#1250,$);
#2564 = PRODUCT_RELATED_PRODUCT_CATEGORY('part',$,(#1252));
#2565 = SHAPE_DEFINITION_REPRESENTATION(#2566,#2572);
#2566 = PRODUCT_DEFINITION_SHAPE('','',#2567);
#2567 = PRODUCT_DEFINITION('design','',#2568,#2571);
#2568 = PRODUCT_DEFINITION_FORMATION('','',#2569);
#2569 = PRODUCT(
'electronic_diode_bridge_rectifier_dip_4_mdd_microdiode_semiconductor_
w06_render_PCB',
'electronic_diode_bridge_rectifier_dip_4_mdd_microdiode_semiconductor_
w06_render_PCB','',(#2570));
#2570 = PRODUCT_CONTEXT('',#2,'mechanical');
#2571 = PRODUCT_DEFINITION_CONTEXT('part definition',#2,'design');
#2572 = ADVANCED_BREP_SHAPE_REPRESENTATION('',(#11,#2573),#2879);
#2573 = MANIFOLD_SOLID_BREP('',#2574);
#2574 = CLOSED_SHELL('',(#2575,#2615,#2646,#2677,#2738,#2799,#2811,#2828
    ,#2845,#2862));
#2575 = ADVANCED_FACE('',(#2576),#2610,.T.);
#2576 = FACE_BOUND('',#2577,.T.);
#2577 = EDGE_LOOP('',(#2578,#2588,#2596,#2604));
#2578 = ORIENTED_EDGE('',*,*,#2579,.T.);
#2579 = EDGE_CURVE('',#2580,#2582,#2584,.T.);
#2580 = VERTEX_POINT('',#2581);
#2581 = CARTESIAN_POINT('',(10.67,-8.85,0.));
#2582 = VERTEX_POINT('',#2583);
#2583 = CARTESIAN_POINT('',(10.67,-8.85,1.51));
#2584 = LINE('',#2585,#2586);
#2585 = CARTESIAN_POINT('',(10.67,-8.85,0.));
#2586 = VECTOR('',#2587,1.);
#2587 = DIRECTION('',(0.,0.,1.));
#2588 = ORIENTED_EDGE('',*,*,#2589,.T.);
#2589 = EDGE_CURVE('',#2582,#2590,#2592,.T.);
#2590 = VERTEX_POINT('',#2591);
#2591 = CARTESIAN_POINT('',(-3.05,-8.85,1.51));
#2592 = LINE('',#2593,#2594);
#2593 = CARTESIAN_POINT('',(10.67,-8.85,1.51));
#2594 = VECTOR('',#2595,1.);
#2595 = DIRECTION('',(-1.,0.,0.));
#2596 = ORIENTED_EDGE('',*,*,#2597,.F.);
#2597 = EDGE_CURVE('',#2598,#2590,#2600,.T.);
#2598 = VERTEX_POINT('',#2599);
#2599 = CARTESIAN_POINT('',(-3.05,-8.85,0.));
#2600 = LINE('',#2601,#2602);
#2601 = CARTESIAN_POINT('',(-3.05,-8.85,0.));
#2602 = VECTOR('',#2603,1.);
#2603 = DIRECTION('',(0.,0.,1.));
#2604 = ORIENTED_EDGE('',*,*,#2605,.F.);
#2605 = EDGE_CURVE('',#2580,#2598,#2606,.T.);
#2606 = LINE('',#2607,#2608);
#2607 = CARTESIAN_POINT('',(10.67,-8.85,0.));
#2608 = VECTOR('',#2609,1.);
#2609 = DIRECTION('',(-1.,0.,0.));
#2610 = PLANE('',#2611);
#2611 = AXIS2_PLACEMENT_3D('',#2612,#2613,#2614);
#2612 = CARTESIAN_POINT('',(10.67,-8.85,0.));
#2613 = DIRECTION('',(0.,-1.,0.));
#2614 = DIRECTION('',(-1.,0.,0.));
#2615 = ADVANCED_FACE('',(#2616),#2641,.T.);
#2616 = FACE_BOUND('',#2617,.T.);
#2617 = EDGE_LOOP('',(#2618,#2628,#2634,#2635));
#2618 = ORIENTED_EDGE('',*,*,#2619,.T.);
#2619 = EDGE_CURVE('',#2620,#2622,#2624,.T.);
#2620 = VERTEX_POINT('',#2621);
#2621 = CARTESIAN_POINT('',(10.67,4.05,0.));
#2622 = VERTEX_POINT('',#2623);
#2623 = CARTESIAN_POINT('',(10.67,4.05,1.51));
#2624 = LINE('',#2625,#2626);
#2625 = CARTESIAN_POINT('',(10.67,4.05,0.));
#2626 = VECTOR('',#2627,1.);
#2627 = DIRECTION('',(0.,0.,1.));
#2628 = ORIENTED_EDGE('',*,*,#2629,.T.);
#2629 = EDGE_CURVE('',#2622,#2582,#2630,.T.);
#2630 = LINE('',#2631,#2632);
#2631 = CARTESIAN_POINT('',(10.67,4.05,1.51));
#2632 = VECTOR('',#2633,1.);
#2633 = DIRECTION('',(0.,-1.,0.));
#2634 = ORIENTED_EDGE('',*,*,#2579,.F.);
#2635 = ORIENTED_EDGE('',*,*,#2636,.F.);
#2636 = EDGE_CURVE('',#2620,#2580,#2637,.T.);
#2637 = LINE('',#2638,#2639);
#2638 = CARTESIAN_POINT('',(10.67,4.05,0.));
#2639 = VECTOR('',#2640,1.);
#2640 = DIRECTION('',(0.,-1.,0.));
#2641 = PLANE('',#2642);
#2642 = AXIS2_PLACEMENT_3D('',#2643,#2644,#2645);
#2643 = CARTESIAN_POINT('',(10.67,4.05,0.));
#2644 = DIRECTION('',(1.,0.,-0.));
#2645 = DIRECTION('',(0.,-1.,0.));
#2646 = ADVANCED_FACE('',(#2647),#2672,.T.);
#2647 = FACE_BOUND('',#2648,.T.);
#2648 = EDGE_LOOP('',(#2649,#2650,#2658,#2666));
#2649 = ORIENTED_EDGE('',*,*,#2597,.T.);
#2650 = ORIENTED_EDGE('',*,*,#2651,.T.);
#2651 = EDGE_CURVE('',#2590,#2652,#2654,.T.);
#2652 = VERTEX_POINT('',#2653);
#2653 = CARTESIAN_POINT('',(-3.05,4.05,1.51));
#2654 = LINE('',#2655,#2656);
#2655 = CARTESIAN_POINT('',(-3.05,-8.85,1.51));
#2656 = VECTOR('',#2657,1.);
#2657 = DIRECTION('',(0.,1.,0.));
#2658 = ORIENTED_EDGE('',*,*,#2659,.F.);
#2659 = EDGE_CURVE('',#2660,#2652,#2662,.T.);
#2660 = VERTEX_POINT('',#2661);
#2661 = CARTESIAN_POINT('',(-3.05,4.05,0.));
#2662 = LINE('',#2663,#2664);
#2663 = CARTESIAN_POINT('',(-3.05,4.05,0.));
#2664 = VECTOR('',#2665,1.);
#2665 = DIRECTION('',(0.,0.,1.));
#2666 = ORIENTED_EDGE('',*,*,#2667,.F.);
#2667 = EDGE_CURVE('',#2598,#2660,#2668,.T.);
#2668 = LINE('',#2669,#2670);
#2669 = CARTESIAN_POINT('',(-3.05,-8.85,0.));
#2670 = VECTOR('',#2671,1.);
#2671 = DIRECTION('',(0.,1.,0.));
#2672 = PLANE('',#2673);
#2673 = AXIS2_PLACEMENT_3D('',#2674,#2675,#2676);
#2674 = CARTESIAN_POINT('',(-3.05,-8.85,0.));
#2675 = DIRECTION('',(-1.,0.,0.));
#2676 = DIRECTION('',(0.,1.,0.));
#2677 = ADVANCED_FACE('',(#2678,#2689,#2700,#2711,#2722),#2733,.F.);
#2678 = FACE_BOUND('',#2679,.F.);
#2679 = EDGE_LOOP('',(#2680,#2681,#2682,#2688));
#2680 = ORIENTED_EDGE('',*,*,#2605,.F.);
#2681 = ORIENTED_EDGE('',*,*,#2636,.F.);
#2682 = ORIENTED_EDGE('',*,*,#2683,.F.);
#2683 = EDGE_CURVE('',#2660,#2620,#2684,.T.);
#2684 = LINE('',#2685,#2686);
#2685 = CARTESIAN_POINT('',(-3.05,4.05,0.));
#2686 = VECTOR('',#2687,1.);
#2687 = DIRECTION('',(1.,0.,0.));
#2688 = ORIENTED_EDGE('',*,*,#2667,.F.);
#2689 = FACE_BOUND('',#2690,.F.);
#2690 = EDGE_LOOP('',(#2691));
#2691 = ORIENTED_EDGE('',*,*,#2692,.T.);
#2692 = EDGE_CURVE('',#2693,#2693,#2695,.T.);
#2693 = VERTEX_POINT('',#2694);
#2694 = CARTESIAN_POINT('',(-7.703719777549E-33,-5.48,0.));
#2695 = CIRCLE('',#2696,0.4);
#2696 = AXIS2_PLACEMENT_3D('',#2697,#2698,#2699);
#2697 = CARTESIAN_POINT('',(-1.387778780781E-17,-5.08,0.));
#2698 = DIRECTION('',(-0.,0.,-1.));
#2699 = DIRECTION('',(3.469446951954E-17,-1.,-0.));
#2700 = FACE_BOUND('',#2701,.F.);
#2701 = EDGE_LOOP('',(#2702));
#2702 = ORIENTED_EDGE('',*,*,#2703,.T.);
#2703 = EDGE_CURVE('',#2704,#2704,#2706,.T.);
#2704 = VERTEX_POINT('',#2705);
#2705 = CARTESIAN_POINT('',(7.62,-5.48,0.));
#2706 = CIRCLE('',#2707,0.4);
#2707 = AXIS2_PLACEMENT_3D('',#2708,#2709,#2710);
#2708 = CARTESIAN_POINT('',(7.62,-5.08,0.));
#2709 = DIRECTION('',(-0.,0.,-1.));
#2710 = DIRECTION('',(2.22044604925E-15,-1.,-0.));
#2711 = FACE_BOUND('',#2712,.F.);
#2712 = EDGE_LOOP('',(#2713));
#2713 = ORIENTED_EDGE('',*,*,#2714,.T.);
#2714 = EDGE_CURVE('',#2715,#2715,#2717,.T.);
#2715 = VERTEX_POINT('',#2716);
#2716 = CARTESIAN_POINT('',(0.,-0.4,0.));
#2717 = CIRCLE('',#2718,0.4);
#2718 = AXIS2_PLACEMENT_3D('',#2719,#2720,#2721);
#2719 = CARTESIAN_POINT('',(-4.163336342344E-17,6.938893903907E-17,0.));
#2720 = DIRECTION('',(-0.,0.,-1.));
#2721 = DIRECTION('',(1.040834085586E-16,-1.,-0.));
#2722 = FACE_BOUND('',#2723,.F.);
#2723 = EDGE_LOOP('',(#2724));
#2724 = ORIENTED_EDGE('',*,*,#2725,.T.);
#2725 = EDGE_CURVE('',#2726,#2726,#2728,.T.);
#2726 = VERTEX_POINT('',#2727);
#2727 = CARTESIAN_POINT('',(7.62,-0.4,0.));
#2728 = CIRCLE('',#2729,0.4);
#2729 = AXIS2_PLACEMENT_3D('',#2730,#2731,#2732);
#2730 = CARTESIAN_POINT('',(7.62,7.771561172376E-16,0.));
#2731 = DIRECTION('',(-0.,0.,-1.));
#2732 = DIRECTION('',(2.22044604925E-15,-1.,-0.));
#2733 = PLANE('',#2734);
#2734 = AXIS2_PLACEMENT_3D('',#2735,#2736,#2737);
#2735 = CARTESIAN_POINT('',(0.,0.,0.));
#2736 = DIRECTION('',(0.,0.,1.));
#2737 = DIRECTION('',(1.,0.,-0.));
#2738 = ADVANCED_FACE('',(#2739,#2750,#2761,#2772,#2783),#2794,.T.);
#2739 = FACE_BOUND('',#2740,.T.);
#2740 = EDGE_LOOP('',(#2741,#2742,#2743,#2749));
#2741 = ORIENTED_EDGE('',*,*,#2589,.F.);
#2742 = ORIENTED_EDGE('',*,*,#2629,.F.);
#2743 = ORIENTED_EDGE('',*,*,#2744,.F.);
#2744 = EDGE_CURVE('',#2652,#2622,#2745,.T.);
#2745 = LINE('',#2746,#2747);
#2746 = CARTESIAN_POINT('',(-3.05,4.05,1.51));
#2747 = VECTOR('',#2748,1.);
#2748 = DIRECTION('',(1.,0.,0.));
#2749 = ORIENTED_EDGE('',*,*,#2651,.F.);
#2750 = FACE_BOUND('',#2751,.T.);
#2751 = EDGE_LOOP('',(#2752));
#2752 = ORIENTED_EDGE('',*,*,#2753,.T.);
#2753 = EDGE_CURVE('',#2754,#2754,#2756,.T.);
#2754 = VERTEX_POINT('',#2755);
#2755 = CARTESIAN_POINT('',(-7.703719777549E-33,-5.48,1.51));
#2756 = CIRCLE('',#2757,0.4);
#2757 = AXIS2_PLACEMENT_3D('',#2758,#2759,#2760);
#2758 = CARTESIAN_POINT('',(-1.387778780781E-17,-5.08,1.51));
#2759 = DIRECTION('',(-0.,0.,-1.));
#2760 = DIRECTION('',(3.469446951954E-17,-1.,-0.));
#2761 = FACE_BOUND('',#2762,.T.);
#2762 = EDGE_LOOP('',(#2763));
#2763 = ORIENTED_EDGE('',*,*,#2764,.T.);
#2764 = EDGE_CURVE('',#2765,#2765,#2767,.T.);
#2765 = VERTEX_POINT('',#2766);
#2766 = CARTESIAN_POINT('',(7.62,-5.48,1.51));
#2767 = CIRCLE('',#2768,0.4);
#2768 = AXIS2_PLACEMENT_3D('',#2769,#2770,#2771);
#2769 = CARTESIAN_POINT('',(7.62,-5.08,1.51));
#2770 = DIRECTION('',(-0.,0.,-1.));
#2771 = DIRECTION('',(2.22044604925E-15,-1.,-0.));
#2772 = FACE_BOUND('',#2773,.T.);
#2773 = EDGE_LOOP('',(#2774));
#2774 = ORIENTED_EDGE('',*,*,#2775,.T.);
#2775 = EDGE_CURVE('',#2776,#2776,#2778,.T.);
#2776 = VERTEX_POINT('',#2777);
#2777 = CARTESIAN_POINT('',(0.,-0.4,1.51));
#2778 = CIRCLE('',#2779,0.4);
#2779 = AXIS2_PLACEMENT_3D('',#2780,#2781,#2782);
#2780 = CARTESIAN_POINT('',(-4.163336342344E-17,6.938893903907E-17,1.51)
  );
#2781 = DIRECTION('',(-0.,0.,-1.));
#2782 = DIRECTION('',(1.040834085586E-16,-1.,-0.));
#2783 = FACE_BOUND('',#2784,.T.);
#2784 = EDGE_LOOP('',(#2785));
#2785 = ORIENTED_EDGE('',*,*,#2786,.T.);
#2786 = EDGE_CURVE('',#2787,#2787,#2789,.T.);
#2787 = VERTEX_POINT('',#2788);
#2788 = CARTESIAN_POINT('',(7.62,-0.4,1.51));
#2789 = CIRCLE('',#2790,0.4);
#2790 = AXIS2_PLACEMENT_3D('',#2791,#2792,#2793);
#2791 = CARTESIAN_POINT('',(7.62,7.771561172376E-16,1.51));
#2792 = DIRECTION('',(-0.,0.,-1.));
#2793 = DIRECTION('',(2.22044604925E-15,-1.,-0.));
#2794 = PLANE('',#2795);
#2795 = AXIS2_PLACEMENT_3D('',#2796,#2797,#2798);
#2796 = CARTESIAN_POINT('',(0.,0.,1.51));
#2797 = DIRECTION('',(0.,0.,1.));
#2798 = DIRECTION('',(1.,0.,-0.));
#2799 = ADVANCED_FACE('',(#2800),#2806,.T.);
#2800 = FACE_BOUND('',#2801,.T.);
#2801 = EDGE_LOOP('',(#2802,#2803,#2804,#2805));
#2802 = ORIENTED_EDGE('',*,*,#2659,.T.);
#2803 = ORIENTED_EDGE('',*,*,#2744,.T.);
#2804 = ORIENTED_EDGE('',*,*,#2619,.F.);
#2805 = ORIENTED_EDGE('',*,*,#2683,.F.);
#2806 = PLANE('',#2807);
#2807 = AXIS2_PLACEMENT_3D('',#2808,#2809,#2810);
#2808 = CARTESIAN_POINT('',(-3.05,4.05,0.));
#2809 = DIRECTION('',(0.,1.,0.));
#2810 = DIRECTION('',(1.,0.,0.));
#2811 = ADVANCED_FACE('',(#2812),#2823,.F.);
#2812 = FACE_BOUND('',#2813,.T.);
#2813 = EDGE_LOOP('',(#2814,#2815,#2821,#2822));
#2814 = ORIENTED_EDGE('',*,*,#2692,.T.);
#2815 = ORIENTED_EDGE('',*,*,#2816,.T.);
#2816 = EDGE_CURVE('',#2693,#2754,#2817,.T.);
#2817 = LINE('',#2818,#2819);
#2818 = CARTESIAN_POINT('',(-7.703719777549E-33,-5.48,-4.6E-02));
#2819 = VECTOR('',#2820,1.);
#2820 = DIRECTION('',(0.,0.,1.));
#2821 = ORIENTED_EDGE('',*,*,#2753,.F.);
#2822 = ORIENTED_EDGE('',*,*,#2816,.F.);
#2823 = CYLINDRICAL_SURFACE('',#2824,0.4);
#2824 = AXIS2_PLACEMENT_3D('',#2825,#2826,#2827);
#2825 = CARTESIAN_POINT('',(-1.387778780781E-17,-5.08,-4.6E-02));
#2826 = DIRECTION('',(-0.,0.,-1.));
#2827 = DIRECTION('',(3.469446951954E-17,-1.,-0.));
#2828 = ADVANCED_FACE('',(#2829),#2840,.F.);
#2829 = FACE_BOUND('',#2830,.T.);
#2830 = EDGE_LOOP('',(#2831,#2832,#2838,#2839));
#2831 = ORIENTED_EDGE('',*,*,#2703,.T.);
#2832 = ORIENTED_EDGE('',*,*,#2833,.T.);
#2833 = EDGE_CURVE('',#2704,#2765,#2834,.T.);
#2834 = LINE('',#2835,#2836);
#2835 = CARTESIAN_POINT('',(7.62,-5.48,-4.6E-02));
#2836 = VECTOR('',#2837,1.);
#2837 = DIRECTION('',(0.,0.,1.));
#2838 = ORIENTED_EDGE('',*,*,#2764,.F.);
#2839 = ORIENTED_EDGE('',*,*,#2833,.F.);
#2840 = CYLINDRICAL_SURFACE('',#2841,0.4);
#2841 = AXIS2_PLACEMENT_3D('',#2842,#2843,#2844);
#2842 = CARTESIAN_POINT('',(7.62,-5.08,-4.6E-02));
#2843 = DIRECTION('',(-0.,0.,-1.));
#2844 = DIRECTION('',(2.22044604925E-15,-1.,-0.));
#2845 = ADVANCED_FACE('',(#2846),#2857,.F.);
#2846 = FACE_BOUND('',#2847,.T.);
#2847 = EDGE_LOOP('',(#2848,#2849,#2855,#2856));
#2848 = ORIENTED_EDGE('',*,*,#2714,.T.);
#2849 = ORIENTED_EDGE('',*,*,#2850,.T.);
#2850 = EDGE_CURVE('',#2715,#2776,#2851,.T.);
#2851 = LINE('',#2852,#2853);
#2852 = CARTESIAN_POINT('',(0.,-0.4,-4.6E-02));
#2853 = VECTOR('',#2854,1.);
#2854 = DIRECTION('',(0.,0.,1.));
#2855 = ORIENTED_EDGE('',*,*,#2775,.F.);
#2856 = ORIENTED_EDGE('',*,*,#2850,.F.);
#2857 = CYLINDRICAL_SURFACE('',#2858,0.4);
#2858 = AXIS2_PLACEMENT_3D('',#2859,#2860,#2861);
#2859 = CARTESIAN_POINT('',(-4.163336342344E-17,6.938893903907E-17,
    -4.6E-02));
#2860 = DIRECTION('',(-0.,0.,-1.));
#2861 = DIRECTION('',(1.040834085586E-16,-1.,-0.));
#2862 = ADVANCED_FACE('',(#2863),#2874,.F.);
#2863 = FACE_BOUND('',#2864,.T.);
#2864 = EDGE_LOOP('',(#2865,#2866,#2872,#2873));
#2865 = ORIENTED_EDGE('',*,*,#2725,.T.);
#2866 = ORIENTED_EDGE('',*,*,#2867,.T.);
#2867 = EDGE_CURVE('',#2726,#2787,#2868,.T.);
#2868 = LINE('',#2869,#2870);
#2869 = CARTESIAN_POINT('',(7.62,-0.4,-4.6E-02));
#2870 = VECTOR('',#2871,1.);
#2871 = DIRECTION('',(0.,0.,1.));
#2872 = ORIENTED_EDGE('',*,*,#2786,.F.);
#2873 = ORIENTED_EDGE('',*,*,#2867,.F.);
#2874 = CYLINDRICAL_SURFACE('',#2875,0.4);
#2875 = AXIS2_PLACEMENT_3D('',#2876,#2877,#2878);
#2876 = CARTESIAN_POINT('',(7.62,7.771561172376E-16,-4.6E-02));
#2877 = DIRECTION('',(-0.,0.,-1.));
#2878 = DIRECTION('',(2.22044604925E-15,-1.,-0.));
#2879 = ( GEOMETRIC_REPRESENTATION_CONTEXT(3) 
GLOBAL_UNCERTAINTY_ASSIGNED_CONTEXT((#2883)) 
GLOBAL_UNIT_ASSIGNED_CONTEXT((#2880,#2881,#2882)) REPRESENTATION_CONTEXT
('Context #1','3D Context with UNIT and UNCERTAINTY') );
#2880 = ( LENGTH_UNIT() NAMED_UNIT(*) SI_UNIT(.MILLI.,.METRE.) );
#2881 = ( NAMED_UNIT(*) PLANE_ANGLE_UNIT() SI_UNIT($,.RADIAN.) );
#2882 = ( NAMED_UNIT(*) SI_UNIT($,.STERADIAN.) SOLID_ANGLE_UNIT() );
#2883 = UNCERTAINTY_MEASURE_WITH_UNIT(LENGTH_MEASURE(1.E-07),#2880,
  'distance_accuracy_value','confusion accuracy');
#2884 = CONTEXT_DEPENDENT_SHAPE_REPRESENTATION(#2885,#2887);
#2885 = ( REPRESENTATION_RELATIONSHIP('','',#2572,#10) 
REPRESENTATION_RELATIONSHIP_WITH_TRANSFORMATION(#2886) 
SHAPE_REPRESENTATION_RELATIONSHIP() );
#2886 = ITEM_DEFINED_TRANSFORMATION('','',#11,#23);
#2887 = PRODUCT_DEFINITION_SHAPE('Placement','Placement of an item',
  #2888);
#2888 = NEXT_ASSEMBLY_USAGE_OCCURRENCE('4','=>[0:1:1:5]','',#5,#2567,$);
#2889 = PRODUCT_RELATED_PRODUCT_CATEGORY('part',$,(#2569));
#2890 = MECHANICAL_DESIGN_GEOMETRIC_PRESENTATION_REPRESENTATION('',(
    #2891,#2899,#2906,#2913,#2920,#2927,#2935,#2942,#2949,#2956,#2963,
    #2970,#2977,#2984,#2991,#2998,#3005,#3012,#3019,#3026,#3033,#3040,
    #3047,#3054,#3061,#3068,#3075,#3082,#3089,#3096,#3103,#3110,#3117,
    #3124,#3131,#3138,#3145),#1237);
#2891 = STYLED_ITEM('color',(#2892),#66);
#2892 = PRESENTATION_STYLE_ASSIGNMENT((#2893));
#2893 = SURFACE_STYLE_USAGE(.BOTH.,#2894);
#2894 = SURFACE_SIDE_STYLE('',(#2895));
#2895 = SURFACE_STYLE_FILL_AREA(#2896);
#2896 = FILL_AREA_STYLE('',(#2897));
#2897 = FILL_AREA_STYLE_COLOUR('',#2898);
#2898 = COLOUR_RGB('',0.505882386539,0.505882386539,0.505882386539);
#2899 = STYLED_ITEM('color',(#2900),#106);
#2900 = PRESENTATION_STYLE_ASSIGNMENT((#2901));
#2901 = SURFACE_STYLE_USAGE(.BOTH.,#2902);
#2902 = SURFACE_SIDE_STYLE('',(#2903));
#2903 = SURFACE_STYLE_FILL_AREA(#2904);
#2904 = FILL_AREA_STYLE('',(#2905));
#2905 = FILL_AREA_STYLE_COLOUR('',#2898);
#2906 = STYLED_ITEM('color',(#2907),#137);
#2907 = PRESENTATION_STYLE_ASSIGNMENT((#2908));
#2908 = SURFACE_STYLE_USAGE(.BOTH.,#2909);
#2909 = SURFACE_SIDE_STYLE('',(#2910));
#2910 = SURFACE_STYLE_FILL_AREA(#2911);
#2911 = FILL_AREA_STYLE('',(#2912));
#2912 = FILL_AREA_STYLE_COLOUR('',#2898);
#2913 = STYLED_ITEM('color',(#2914),#168);
#2914 = PRESENTATION_STYLE_ASSIGNMENT((#2915));
#2915 = SURFACE_STYLE_USAGE(.BOTH.,#2916);
#2916 = SURFACE_SIDE_STYLE('',(#2917));
#2917 = SURFACE_STYLE_FILL_AREA(#2918);
#2918 = FILL_AREA_STYLE('',(#2919));
#2919 = FILL_AREA_STYLE_COLOUR('',#2898);
#2920 = STYLED_ITEM('color',(#2921),#209);
#2921 = PRESENTATION_STYLE_ASSIGNMENT((#2922));
#2922 = SURFACE_STYLE_USAGE(.BOTH.,#2923);
#2923 = SURFACE_SIDE_STYLE('',(#2924));
#2924 = SURFACE_STYLE_FILL_AREA(#2925);
#2925 = FILL_AREA_STYLE('',(#2926));
#2926 = FILL_AREA_STYLE_COLOUR('',#2898);
#2927 = STYLED_ITEM('color',(#2928),#250);
#2928 = PRESENTATION_STYLE_ASSIGNMENT((#2929));
#2929 = SURFACE_STYLE_USAGE(.BOTH.,#2930);
#2930 = SURFACE_SIDE_STYLE('',(#2931));
#2931 = SURFACE_STYLE_FILL_AREA(#2932);
#2932 = FILL_AREA_STYLE('',(#2933));
#2933 = FILL_AREA_STYLE_COLOUR('',#2934);
#2934 = DRAUGHTING_PRE_DEFINED_COLOUR('black');
#2935 = STYLED_ITEM('color',(#2936),#339);
#2936 = PRESENTATION_STYLE_ASSIGNMENT((#2937));
#2937 = SURFACE_STYLE_USAGE(.BOTH.,#2938);
#2938 = SURFACE_SIDE_STYLE('',(#2939));
#2939 = SURFACE_STYLE_FILL_AREA(#2940);
#2940 = FILL_AREA_STYLE('',(#2941));
#2941 = FILL_AREA_STYLE_COLOUR('',#2898);
#2942 = STYLED_ITEM('color',(#2943),#356);
#2943 = PRESENTATION_STYLE_ASSIGNMENT((#2944));
#2944 = SURFACE_STYLE_USAGE(.BOTH.,#2945);
#2945 = SURFACE_SIDE_STYLE('',(#2946));
#2946 = SURFACE_STYLE_FILL_AREA(#2947);
#2947 = FILL_AREA_STYLE('',(#2948));
#2948 = FILL_AREA_STYLE_COLOUR('',#2934);
#2949 = STYLED_ITEM('color',(#2950),#419);
#2950 = PRESENTATION_STYLE_ASSIGNMENT((#2951));
#2951 = SURFACE_STYLE_USAGE(.BOTH.,#2952);
#2952 = SURFACE_SIDE_STYLE('',(#2953));
#2953 = SURFACE_STYLE_FILL_AREA(#2954);
#2954 = FILL_AREA_STYLE('',(#2955));
#2955 = FILL_AREA_STYLE_COLOUR('',#2898);
#2956 = STYLED_ITEM('color',(#2957),#431);
#2957 = PRESENTATION_STYLE_ASSIGNMENT((#2958));
#2958 = SURFACE_STYLE_USAGE(.BOTH.,#2959);
#2959 = SURFACE_SIDE_STYLE('',(#2960));
#2960 = SURFACE_STYLE_FILL_AREA(#2961);
#2961 = FILL_AREA_STYLE('',(#2962));
#2962 = FILL_AREA_STYLE_COLOUR('',#2934);
#2963 = STYLED_ITEM('color',(#2964),#462);
#2964 = PRESENTATION_STYLE_ASSIGNMENT((#2965));
#2965 = SURFACE_STYLE_USAGE(.BOTH.,#2966);
#2966 = SURFACE_SIDE_STYLE('',(#2967));
#2967 = SURFACE_STYLE_FILL_AREA(#2968);
#2968 = FILL_AREA_STYLE('',(#2969));
#2969 = FILL_AREA_STYLE_COLOUR('',#2934);
#2970 = STYLED_ITEM('color',(#2971),#495);
#2971 = PRESENTATION_STYLE_ASSIGNMENT((#2972));
#2972 = SURFACE_STYLE_USAGE(.BOTH.,#2973);
#2973 = SURFACE_SIDE_STYLE('',(#2974));
#2974 = SURFACE_STYLE_FILL_AREA(#2975);
#2975 = FILL_AREA_STYLE('',(#2976));
#2976 = FILL_AREA_STYLE_COLOUR('',#2898);
#2977 = STYLED_ITEM('color',(#2978),#543);
#2978 = PRESENTATION_STYLE_ASSIGNMENT((#2979));
#2979 = SURFACE_STYLE_USAGE(.BOTH.,#2980);
#2980 = SURFACE_SIDE_STYLE('',(#2981));
#2981 = SURFACE_STYLE_FILL_AREA(#2982);
#2982 = FILL_AREA_STYLE('',(#2983));
#2983 = FILL_AREA_STYLE_COLOUR('',#2898);
#2984 = STYLED_ITEM('color',(#2985),#567);
#2985 = PRESENTATION_STYLE_ASSIGNMENT((#2986));
#2986 = SURFACE_STYLE_USAGE(.BOTH.,#2987);
#2987 = SURFACE_SIDE_STYLE('',(#2988));
#2988 = SURFACE_STYLE_FILL_AREA(#2989);
#2989 = FILL_AREA_STYLE('',(#2990));
#2990 = FILL_AREA_STYLE_COLOUR('',#2898);
#2991 = STYLED_ITEM('color',(#2992),#608);
#2992 = PRESENTATION_STYLE_ASSIGNMENT((#2993));
#2993 = SURFACE_STYLE_USAGE(.BOTH.,#2994);
#2994 = SURFACE_SIDE_STYLE('',(#2995));
#2995 = SURFACE_STYLE_FILL_AREA(#2996);
#2996 = FILL_AREA_STYLE('',(#2997));
#2997 = FILL_AREA_STYLE_COLOUR('',#2934);
#2998 = STYLED_ITEM('color',(#2999),#648);
#2999 = PRESENTATION_STYLE_ASSIGNMENT((#3000));
#3000 = SURFACE_STYLE_USAGE(.BOTH.,#3001);
#3001 = SURFACE_SIDE_STYLE('',(#3002));
#3002 = SURFACE_STYLE_FILL_AREA(#3003);
#3003 = FILL_AREA_STYLE('',(#3004));
#3004 = FILL_AREA_STYLE_COLOUR('',#2934);
#3005 = STYLED_ITEM('color',(#3006),#665);
#3006 = PRESENTATION_STYLE_ASSIGNMENT((#3007));
#3007 = SURFACE_STYLE_USAGE(.BOTH.,#3008);
#3008 = SURFACE_SIDE_STYLE('',(#3009));
#3009 = SURFACE_STYLE_FILL_AREA(#3010);
#3010 = FILL_AREA_STYLE('',(#3011));
#3011 = FILL_AREA_STYLE_COLOUR('',#2934);
#3012 = STYLED_ITEM('color',(#3013),#682);
#3013 = PRESENTATION_STYLE_ASSIGNMENT((#3014));
#3014 = SURFACE_STYLE_USAGE(.BOTH.,#3015);
#3015 = SURFACE_SIDE_STYLE('',(#3016));
#3016 = SURFACE_STYLE_FILL_AREA(#3017);
#3017 = FILL_AREA_STYLE('',(#3018));
#3018 = FILL_AREA_STYLE_COLOUR('',#2898);
#3019 = STYLED_ITEM('color',(#3020),#699);
#3020 = PRESENTATION_STYLE_ASSIGNMENT((#3021));
#3021 = SURFACE_STYLE_USAGE(.BOTH.,#3022);
#3022 = SURFACE_SIDE_STYLE('',(#3023));
#3023 = SURFACE_STYLE_FILL_AREA(#3024);
#3024 = FILL_AREA_STYLE('',(#3025));
#3025 = FILL_AREA_STYLE_COLOUR('',#2934);
#3026 = STYLED_ITEM('color',(#3027),#781);
#3027 = PRESENTATION_STYLE_ASSIGNMENT((#3028));
#3028 = SURFACE_STYLE_USAGE(.BOTH.,#3029);
#3029 = SURFACE_SIDE_STYLE('',(#3030));
#3030 = SURFACE_STYLE_FILL_AREA(#3031);
#3031 = FILL_AREA_STYLE('',(#3032));
#3032 = FILL_AREA_STYLE_COLOUR('',#2934);
#3033 = STYLED_ITEM('color',(#3034),#839);
#3034 = PRESENTATION_STYLE_ASSIGNMENT((#3035));
#3035 = SURFACE_STYLE_USAGE(.BOTH.,#3036);
#3036 = SURFACE_SIDE_STYLE('',(#3037));
#3037 = SURFACE_STYLE_FILL_AREA(#3038);
#3038 = FILL_AREA_STYLE('',(#3039));
#3039 = FILL_AREA_STYLE_COLOUR('',#2898);
#3040 = STYLED_ITEM('color',(#3041),#856);
#3041 = PRESENTATION_STYLE_ASSIGNMENT((#3042));
#3042 = SURFACE_STYLE_USAGE(.BOTH.,#3043);
#3043 = SURFACE_SIDE_STYLE('',(#3044));
#3044 = SURFACE_STYLE_FILL_AREA(#3045);
#3045 = FILL_AREA_STYLE('',(#3046));
#3046 = FILL_AREA_STYLE_COLOUR('',#2898);
#3047 = STYLED_ITEM('color',(#3048),#873);
#3048 = PRESENTATION_STYLE_ASSIGNMENT((#3049));
#3049 = SURFACE_STYLE_USAGE(.BOTH.,#3050);
#3050 = SURFACE_SIDE_STYLE('',(#3051));
#3051 = SURFACE_STYLE_FILL_AREA(#3052);
#3052 = FILL_AREA_STYLE('',(#3053));
#3053 = FILL_AREA_STYLE_COLOUR('',#2898);
#3054 = STYLED_ITEM('color',(#3055),#885);
#3055 = PRESENTATION_STYLE_ASSIGNMENT((#3056));
#3056 = SURFACE_STYLE_USAGE(.BOTH.,#3057);
#3057 = SURFACE_SIDE_STYLE('',(#3058));
#3058 = SURFACE_STYLE_FILL_AREA(#3059);
#3059 = FILL_AREA_STYLE('',(#3060));
#3060 = FILL_AREA_STYLE_COLOUR('',#2898);
#3061 = STYLED_ITEM('color',(#3062),#933);
#3062 = PRESENTATION_STYLE_ASSIGNMENT((#3063));
#3063 = SURFACE_STYLE_USAGE(.BOTH.,#3064);
#3064 = SURFACE_SIDE_STYLE('',(#3065));
#3065 = SURFACE_STYLE_FILL_AREA(#3066);
#3066 = FILL_AREA_STYLE('',(#3067));
#3067 = FILL_AREA_STYLE_COLOUR('',#2898);
#3068 = STYLED_ITEM('color',(#3069),#957);
#3069 = PRESENTATION_STYLE_ASSIGNMENT((#3070));
#3070 = SURFACE_STYLE_USAGE(.BOTH.,#3071);
#3071 = SURFACE_SIDE_STYLE('',(#3072));
#3072 = SURFACE_STYLE_FILL_AREA(#3073);
#3073 = FILL_AREA_STYLE('',(#3074));
#3074 = FILL_AREA_STYLE_COLOUR('',#2898);
#3075 = STYLED_ITEM('color',(#3076),#998);
#3076 = PRESENTATION_STYLE_ASSIGNMENT((#3077));
#3077 = SURFACE_STYLE_USAGE(.BOTH.,#3078);
#3078 = SURFACE_SIDE_STYLE('',(#3079));
#3079 = SURFACE_STYLE_FILL_AREA(#3080);
#3080 = FILL_AREA_STYLE('',(#3081));
#3081 = FILL_AREA_STYLE_COLOUR('',#2898);
#3082 = STYLED_ITEM('color',(#3083),#1046);
#3083 = PRESENTATION_STYLE_ASSIGNMENT((#3084));
#3084 = SURFACE_STYLE_USAGE(.BOTH.,#3085);
#3085 = SURFACE_SIDE_STYLE('',(#3086));
#3086 = SURFACE_STYLE_FILL_AREA(#3087);
#3087 = FILL_AREA_STYLE('',(#3088));
#3088 = FILL_AREA_STYLE_COLOUR('',#2898);
#3089 = STYLED_ITEM('color',(#3090),#1070);
#3090 = PRESENTATION_STYLE_ASSIGNMENT((#3091));
#3091 = SURFACE_STYLE_USAGE(.BOTH.,#3092);
#3092 = SURFACE_SIDE_STYLE('',(#3093));
#3093 = SURFACE_STYLE_FILL_AREA(#3094);
#3094 = FILL_AREA_STYLE('',(#3095));
#3095 = FILL_AREA_STYLE_COLOUR('',#2898);
#3096 = STYLED_ITEM('color',(#3097),#1111);
#3097 = PRESENTATION_STYLE_ASSIGNMENT((#3098));
#3098 = SURFACE_STYLE_USAGE(.BOTH.,#3099);
#3099 = SURFACE_SIDE_STYLE('',(#3100));
#3100 = SURFACE_STYLE_FILL_AREA(#3101);
#3101 = FILL_AREA_STYLE('',(#3102));
#3102 = FILL_AREA_STYLE_COLOUR('',#2898);
#3103 = STYLED_ITEM('color',(#3104),#1128);
#3104 = PRESENTATION_STYLE_ASSIGNMENT((#3105));
#3105 = SURFACE_STYLE_USAGE(.BOTH.,#3106);
#3106 = SURFACE_SIDE_STYLE('',(#3107));
#3107 = SURFACE_STYLE_FILL_AREA(#3108);
#3108 = FILL_AREA_STYLE('',(#3109));
#3109 = FILL_AREA_STYLE_COLOUR('',#2898);
#3110 = STYLED_ITEM('color',(#3111),#1145);
#3111 = PRESENTATION_STYLE_ASSIGNMENT((#3112));
#3112 = SURFACE_STYLE_USAGE(.BOTH.,#3113);
#3113 = SURFACE_SIDE_STYLE('',(#3114));
#3114 = SURFACE_STYLE_FILL_AREA(#3115);
#3115 = FILL_AREA_STYLE('',(#3116));
#3116 = FILL_AREA_STYLE_COLOUR('',#2898);
#3117 = STYLED_ITEM('color',(#3118),#1162);
#3118 = PRESENTATION_STYLE_ASSIGNMENT((#3119));
#3119 = SURFACE_STYLE_USAGE(.BOTH.,#3120);
#3120 = SURFACE_SIDE_STYLE('',(#3121));
#3121 = SURFACE_STYLE_FILL_AREA(#3122);
#3122 = FILL_AREA_STYLE('',(#3123));
#3123 = FILL_AREA_STYLE_COLOUR('',#2898);
#3124 = STYLED_ITEM('color',(#3125),#1179);
#3125 = PRESENTATION_STYLE_ASSIGNMENT((#3126));
#3126 = SURFACE_STYLE_USAGE(.BOTH.,#3127);
#3127 = SURFACE_SIDE_STYLE('',(#3128));
#3128 = SURFACE_STYLE_FILL_AREA(#3129);
#3129 = FILL_AREA_STYLE('',(#3130));
#3130 = FILL_AREA_STYLE_COLOUR('',#2898);
#3131 = STYLED_ITEM('color',(#3132),#1191);
#3132 = PRESENTATION_STYLE_ASSIGNMENT((#3133));
#3133 = SURFACE_STYLE_USAGE(.BOTH.,#3134);
#3134 = SURFACE_SIDE_STYLE('',(#3135));
#3135 = SURFACE_STYLE_FILL_AREA(#3136);
#3136 = FILL_AREA_STYLE('',(#3137));
#3137 = FILL_AREA_STYLE_COLOUR('',#2898);
#3138 = STYLED_ITEM('color',(#3139),#1208);
#3139 = PRESENTATION_STYLE_ASSIGNMENT((#3140));
#3140 = SURFACE_STYLE_USAGE(.BOTH.,#3141);
#3141 = SURFACE_SIDE_STYLE('',(#3142));
#3142 = SURFACE_STYLE_FILL_AREA(#3143);
#3143 = FILL_AREA_STYLE('',(#3144));
#3144 = FILL_AREA_STYLE_COLOUR('',#2898);
#3145 = STYLED_ITEM('color',(#3146),#1225);
#3146 = PRESENTATION_STYLE_ASSIGNMENT((#3147));
#3147 = SURFACE_STYLE_USAGE(.BOTH.,#3148);
#3148 = SURFACE_SIDE_STYLE('',(#3149));
#3149 = SURFACE_STYLE_FILL_AREA(#3150);
#3150 = FILL_AREA_STYLE('',(#3151));
#3151 = FILL_AREA_STYLE_COLOUR('',#2898);
#3152 = MECHANICAL_DESIGN_GEOMETRIC_PRESENTATION_REPRESENTATION('',(
    #3153),#2879);
#3153 = STYLED_ITEM('color',(#3154),#2573);
#3154 = PRESENTATION_STYLE_ASSIGNMENT((#3155));
#3155 = SURFACE_STYLE_USAGE(.BOTH.,#3156);
#3156 = SURFACE_SIDE_STYLE('',(#3157));
#3157 = SURFACE_STYLE_FILL_AREA(#3158);
#3158 = FILL_AREA_STYLE('',(#3159));
#3159 = FILL_AREA_STYLE_COLOUR('',#3160);
#3160 = COLOUR_RGB('',0.313304153717,0.484529207832,0.410020903123);
#3161 = MECHANICAL_DESIGN_GEOMETRIC_PRESENTATION_REPRESENTATION('',(
    #3162,#3170,#3177,#3184,#3191,#3198,#3205,#3212,#3219,#3226,#3233,
    #3240),#2554);
#3162 = STYLED_ITEM('color',(#3163),#1256);
#3163 = PRESENTATION_STYLE_ASSIGNMENT((#3164));
#3164 = SURFACE_STYLE_USAGE(.BOTH.,#3165);
#3165 = SURFACE_SIDE_STYLE('',(#3166));
#3166 = SURFACE_STYLE_FILL_AREA(#3167);
#3167 = FILL_AREA_STYLE('',(#3168));
#3168 = FILL_AREA_STYLE_COLOUR('',#3169);
#3169 = COLOUR_RGB('',0.735356983052,0.735356983052,0.735356983052);
#3170 = STYLED_ITEM('color',(#3171),#1445);
#3171 = PRESENTATION_STYLE_ASSIGNMENT((#3172));
#3172 = SURFACE_STYLE_USAGE(.BOTH.,#3173);
#3173 = SURFACE_SIDE_STYLE('',(#3174));
#3174 = SURFACE_STYLE_FILL_AREA(#3175);
#3175 = FILL_AREA_STYLE('',(#3176));
#3176 = FILL_AREA_STYLE_COLOUR('',#3169);
#3177 = STYLED_ITEM('color',(#3178),#1634);
#3178 = PRESENTATION_STYLE_ASSIGNMENT((#3179));
#3179 = SURFACE_STYLE_USAGE(.BOTH.,#3180);
#3180 = SURFACE_SIDE_STYLE('',(#3181));
#3181 = SURFACE_STYLE_FILL_AREA(#3182);
#3182 = FILL_AREA_STYLE('',(#3183));
#3183 = FILL_AREA_STYLE_COLOUR('',#3169);
#3184 = STYLED_ITEM('color',(#3185),#1726);
#3185 = PRESENTATION_STYLE_ASSIGNMENT((#3186));
#3186 = SURFACE_STYLE_USAGE(.BOTH.,#3187);
#3187 = SURFACE_SIDE_STYLE('',(#3188));
#3188 = SURFACE_STYLE_FILL_AREA(#3189);
#3189 = FILL_AREA_STYLE('',(#3190));
#3190 = FILL_AREA_STYLE_COLOUR('',#3169);
#3191 = STYLED_ITEM('color',(#3192),#1818);
#3192 = PRESENTATION_STYLE_ASSIGNMENT((#3193));
#3193 = SURFACE_STYLE_USAGE(.BOTH.,#3194);
#3194 = SURFACE_SIDE_STYLE('',(#3195));
#3195 = SURFACE_STYLE_FILL_AREA(#3196);
#3196 = FILL_AREA_STYLE('',(#3197));
#3197 = FILL_AREA_STYLE_COLOUR('',#3169);
#3198 = STYLED_ITEM('color',(#3199),#1910);
#3199 = PRESENTATION_STYLE_ASSIGNMENT((#3200));
#3200 = SURFACE_STYLE_USAGE(.BOTH.,#3201);
#3201 = SURFACE_SIDE_STYLE('',(#3202));
#3202 = SURFACE_STYLE_FILL_AREA(#3203);
#3203 = FILL_AREA_STYLE('',(#3204));
#3204 = FILL_AREA_STYLE_COLOUR('',#3169);
#3205 = STYLED_ITEM('color',(#3206),#2002);
#3206 = PRESENTATION_STYLE_ASSIGNMENT((#3207));
#3207 = SURFACE_STYLE_USAGE(.BOTH.,#3208);
#3208 = SURFACE_SIDE_STYLE('',(#3209));
#3209 = SURFACE_STYLE_FILL_AREA(#3210);
#3210 = FILL_AREA_STYLE('',(#3211));
#3211 = FILL_AREA_STYLE_COLOUR('',#3169);
#3212 = STYLED_ITEM('color',(#3213),#2094);
#3213 = PRESENTATION_STYLE_ASSIGNMENT((#3214));
#3214 = SURFACE_STYLE_USAGE(.BOTH.,#3215);
#3215 = SURFACE_SIDE_STYLE('',(#3216));
#3216 = SURFACE_STYLE_FILL_AREA(#3217);
#3217 = FILL_AREA_STYLE('',(#3218));
#3218 = FILL_AREA_STYLE_COLOUR('',#3169);
#3219 = STYLED_ITEM('color',(#3220),#2186);
#3220 = PRESENTATION_STYLE_ASSIGNMENT((#3221));
#3221 = SURFACE_STYLE_USAGE(.BOTH.,#3222);
#3222 = SURFACE_SIDE_STYLE('',(#3223));
#3223 = SURFACE_STYLE_FILL_AREA(#3224);
#3224 = FILL_AREA_STYLE('',(#3225));
#3225 = FILL_AREA_STYLE_COLOUR('',#3169);
#3226 = STYLED_ITEM('color',(#3227),#2278);
#3227 = PRESENTATION_STYLE_ASSIGNMENT((#3228));
#3228 = SURFACE_STYLE_USAGE(.BOTH.,#3229);
#3229 = SURFACE_SIDE_STYLE('',(#3230));
#3230 = SURFACE_STYLE_FILL_AREA(#3231);
#3231 = FILL_AREA_STYLE('',(#3232));
#3232 = FILL_AREA_STYLE_COLOUR('',#3169);
#3233 = STYLED_ITEM('color',(#3234),#2370);
#3234 = PRESENTATION_STYLE_ASSIGNMENT((#3235));
#3235 = SURFACE_STYLE_USAGE(.BOTH.,#3236);
#3236 = SURFACE_SIDE_STYLE('',(#3237));
#3237 = SURFACE_STYLE_FILL_AREA(#3238);
#3238 = FILL_AREA_STYLE('',(#3239));
#3239 = FILL_AREA_STYLE_COLOUR('',#3169);
#3240 = STYLED_ITEM('color',(#3241),#2462);
#3241 = PRESENTATION_STYLE_ASSIGNMENT((#3242));
#3242 = SURFACE_STYLE_USAGE(.BOTH.,#3243);
#3243 = SURFACE_SIDE_STYLE('',(#3244));
#3244 = SURFACE_STYLE_FILL_AREA(#3245);
#3245 = FILL_AREA_STYLE('',(#3246));
#3246 = FILL_AREA_STYLE_COLOUR('',#3169);
ENDSEC;
END-ISO-10303-21;
