ISO-10303-21;
HEADER;
FILE_DESCRIPTION(('KiCad electronic assembly'),'2;1');
FILE_NAME('model.step','1970-01-01T00:00:00',('Pcbnew'),('Kicad'),
  'Open CASCADE STEP processor 7.9','KiCad to STEP converter','Unknown'
  );
FILE_SCHEMA(('AUTOMOTIVE_DESIGN { 1 0 10303 214 1 1 1 1 }'));
ENDSEC;
DATA;
#1 = APPLICATION_PROTOCOL_DEFINITION('international standard',
  'automotive_design',2000,#2);
#2 = APPLICATION_CONTEXT(
  'core data for automotive mechanical design processes');
#3 = SHAPE_DEFINITION_REPRESENTATION(#4,#10);
#4 = PRODUCT_DEFINITION_SHAPE('','',#5);
#5 = PRODUCT_DEFINITION('design','',#6,#9);
#6 = PRODUCT_DEFINITION_FORMATION('','',#7);
#7 = PRODUCT('model 1','model 1','',(#8));
#8 = PRODUCT_CONTEXT('',#2,'mechanical');
#9 = PRODUCT_DEFINITION_CONTEXT('part definition',#2,'design');
#10 = SHAPE_REPRESENTATION('',(#11,#15,#19,#23),#27);
#11 = AXIS2_PLACEMENT_3D('',#12,#13,#14);
#12 = CARTESIAN_POINT('',(0.,0.,0.));
#13 = DIRECTION('',(0.,0.,1.));
#14 = DIRECTION('',(1.,0.,-0.));
#15 = AXIS2_PLACEMENT_3D('',#16,#17,#18);
#16 = CARTESIAN_POINT('',(0.,0.,1.595));
#17 = DIRECTION('',(0.,0.,1.));
#18 = DIRECTION('',(1.,0.,0.));
#19 = AXIS2_PLACEMENT_3D('',#20,#21,#22);
#20 = CARTESIAN_POINT('',(0.,0.,0.));
#21 = DIRECTION('',(0.,0.,1.));
#22 = DIRECTION('',(1.,0.,-0.));
#23 = AXIS2_PLACEMENT_3D('',#24,#25,#26);
#24 = CARTESIAN_POINT('',(0.,0.,0.));
#25 = DIRECTION('',(0.,0.,1.));
#26 = DIRECTION('',(1.,0.,-0.));
#27 = ( GEOMETRIC_REPRESENTATION_CONTEXT(3) 
GLOBAL_UNCERTAINTY_ASSIGNED_CONTEXT((#31)) GLOBAL_UNIT_ASSIGNED_CONTEXT(
(#28,#29,#30)) REPRESENTATION_CONTEXT('Context #1',
  '3D Context with UNIT and UNCERTAINTY') );
#28 = ( LENGTH_UNIT() NAMED_UNIT(*) SI_UNIT(.MILLI.,.METRE.) );
#29 = ( NAMED_UNIT(*) PLANE_ANGLE_UNIT() SI_UNIT($,.RADIAN.) );
#30 = ( NAMED_UNIT(*) SI_UNIT($,.STERADIAN.) SOLID_ANGLE_UNIT() );
#31 = UNCERTAINTY_MEASURE_WITH_UNIT(LENGTH_MEASURE(1.E-07),#28,
  'distance_accuracy_value','confusion accuracy');
#32 = PRODUCT_RELATED_PRODUCT_CATEGORY('part',$,(#7));
#33 = SHAPE_DEFINITION_REPRESENTATION(#34,#40);
#34 = PRODUCT_DEFINITION_SHAPE('','',#35);
#35 = PRODUCT_DEFINITION('design','',#36,#39);
#36 = PRODUCT_DEFINITION_FORMATION('','',#37);
#37 = PRODUCT('R_Array_Convex_4x0402','R_Array_Convex_4x0402','',(#38));
#38 = PRODUCT_CONTEXT('',#2,'mechanical');
#39 = PRODUCT_DEFINITION_CONTEXT('part definition',#2,'design');
#40 = SHAPE_REPRESENTATION('',(#11,#41),#45);
#41 = AXIS2_PLACEMENT_3D('',#42,#43,#44);
#42 = CARTESIAN_POINT('',(0.,0.,0.));
#43 = DIRECTION('',(0.,0.,1.));
#44 = DIRECTION('',(1.,0.,-0.));
#45 = ( GEOMETRIC_REPRESENTATION_CONTEXT(3) 
GLOBAL_UNCERTAINTY_ASSIGNED_CONTEXT((#49)) GLOBAL_UNIT_ASSIGNED_CONTEXT(
(#46,#47,#48)) REPRESENTATION_CONTEXT('Context #1',
  '3D Context with UNIT and UNCERTAINTY') );
#46 = ( LENGTH_UNIT() NAMED_UNIT(*) SI_UNIT(.MILLI.,.METRE.) );
#47 = ( NAMED_UNIT(*) PLANE_ANGLE_UNIT() SI_UNIT($,.RADIAN.) );
#48 = ( NAMED_UNIT(*) SI_UNIT($,.STERADIAN.) SOLID_ANGLE_UNIT() );
#49 = UNCERTAINTY_MEASURE_WITH_UNIT(LENGTH_MEASURE(1.E-07),#46,
  'distance_accuracy_value','confusion accuracy');
#50 = CONTEXT_DEPENDENT_SHAPE_REPRESENTATION(#51,#53);
#51 = ( REPRESENTATION_RELATIONSHIP('','',#40,#10) 
REPRESENTATION_RELATIONSHIP_WITH_TRANSFORMATION(#52) 
SHAPE_REPRESENTATION_RELATIONSHIP() );
#52 = ITEM_DEFINED_TRANSFORMATION('','',#11,#15);
#53 = PRODUCT_DEFINITION_SHAPE('Placement','Placement of an item',#54);
#54 = NEXT_ASSEMBLY_USAGE_OCCURRENCE('2','REF**','',#5,#35,$);
#55 = PRODUCT_RELATED_PRODUCT_CATEGORY('part',$,(#37));
#56 = SHAPE_DEFINITION_REPRESENTATION(#57,#63);
#57 = PRODUCT_DEFINITION_SHAPE('','',#58);
#58 = PRODUCT_DEFINITION('design','',#59,#62);
#59 = PRODUCT_DEFINITION_FORMATION('','',#60);
#60 = PRODUCT('R_Array_Convex_4x0402','R_Array_Convex_4x0402','',(#61));
#61 = PRODUCT_CONTEXT('',#2,'mechanical');
#62 = PRODUCT_DEFINITION_CONTEXT('part definition',#2,'design');
#63 = ADVANCED_BREP_SHAPE_REPRESENTATION('',(#11,#64),#7266);
#64 = MANIFOLD_SOLID_BREP('',#65);
#65 = CLOSED_SHELL('',(#66,#106,#189,#214,#239,#306,#371,#396,#420,#467,
    #532,#563,#581,#606,#630,#661,#692,#710,#745,#780,#797,#1245,#1328,
    #1352,#1383,#1414,#1449,#1477,#1494,#1528,#1546,#1558,#1582,#1632,
    #1656,#1706,#1730,#1754,#1785,#1816,#1850,#1900,#1924,#1948,#1979,
    #2029,#2079,#2103,#2127,#2158,#2208,#2242,#2266,#2290,#2321,#2352,
    #2386,#2436,#2460,#2484,#2515,#2565,#2615,#2639,#2663,#2694,#2744,
    #2778,#2802,#2826,#2857,#2888,#2922,#2972,#2996,#3020,#3051,#3101,
    #3151,#3175,#3199,#3246,#3296,#3320,#3367,#3392,#3404,#3428,#3453,
    #3525,#3549,#3567,#3709,#3877,#3898,#3915,#3940,#3952,#3970,#4001,
    #4077,#4102,#4119,#4144,#4186,#4198,#4274,#4291,#4309,#4326,#4363,
    #4424,#4449,#4467,#4492,#4553,#4629,#4654,#4671,#4696,#4738,#4750,
    #4826,#4843,#4861,#4878,#4915,#4976,#5001,#5019,#5044,#5105,#5181,
    #5206,#5223,#5248,#5290,#5302,#5378,#5395,#5413,#5430,#5467,#5528,
    #5595,#5619,#5643,#5655,#5667,#5692,#5718,#5730,#5780,#5805,#5847,
    #5897,#5922,#5964,#6014,#6039,#6081,#6131,#6156,#6198,#6248,#6273,
    #6315,#6365,#6390,#6432,#6449,#6461,#6478,#6495,#6512,#6540,#6552,
    #6569,#6586,#6603,#6620,#6648,#6660,#6677,#6689,#6706,#6723,#6735,
    #6752,#6769,#6786,#6814,#6826,#6843,#6860,#6877,#6894,#6922,#6934,
    #6951,#6963,#6980,#6997,#7009,#7026,#7043,#7060,#7088,#7100,#7117,
    #7134,#7151,#7168,#7196,#7208,#7225,#7237,#7254));
#66 = ADVANCED_FACE('',(#67),#101,.F.);
#67 = FACE_BOUND('',#68,.F.);
#68 = EDGE_LOOP('',(#69,#79,#87,#95));
#69 = ORIENTED_EDGE('',*,*,#70,.F.);
#70 = EDGE_CURVE('',#71,#73,#75,.T.);
#71 = VERTEX_POINT('',#72);
#72 = CARTESIAN_POINT('',(-0.5,-1.,2.E-02));
#73 = VERTEX_POINT('',#74);
#74 = CARTESIAN_POINT('',(-0.5,-1.,0.33));
#75 = LINE('',#76,#77);
#76 = CARTESIAN_POINT('',(-0.5,-1.,0.));
#77 = VECTOR('',#78,1.);
#78 = DIRECTION('',(0.,0.,1.));
#79 = ORIENTED_EDGE('',*,*,#80,.T.);
#80 = EDGE_CURVE('',#71,#81,#83,.T.);
#81 = VERTEX_POINT('',#82);
#82 = CARTESIAN_POINT('',(-0.5,-0.6,2.E-02));
#83 = LINE('',#84,#85);
#84 = CARTESIAN_POINT('',(-0.5,-1.,2.E-02));
#85 = VECTOR('',#86,1.);
#86 = DIRECTION('',(0.,1.,0.));
#87 = ORIENTED_EDGE('',*,*,#88,.T.);
#88 = EDGE_CURVE('',#81,#89,#91,.T.);
#89 = VERTEX_POINT('',#90);
#90 = CARTESIAN_POINT('',(-0.5,-0.6,0.33));
#91 = LINE('',#92,#93);
#92 = CARTESIAN_POINT('',(-0.5,-0.6,0.));
#93 = VECTOR('',#94,1.);
#94 = DIRECTION('',(0.,0.,1.));
#95 = ORIENTED_EDGE('',*,*,#96,.F.);
#96 = EDGE_CURVE('',#73,#89,#97,.T.);
#97 = LINE('',#98,#99);
#98 = CARTESIAN_POINT('',(-0.5,-1.,0.33));
#99 = VECTOR('',#100,1.);
#100 = DIRECTION('',(0.,1.,0.));
#101 = PLANE('',#102);
#102 = AXIS2_PLACEMENT_3D('',#103,#104,#105);
#103 = CARTESIAN_POINT('',(-0.5,-1.,0.));
#104 = DIRECTION('',(1.,0.,0.));
#105 = DIRECTION('',(0.,0.,1.));
#106 = ADVANCED_FACE('',(#107),#184,.F.);
#107 = FACE_BOUND('',#108,.F.);
#108 = EDGE_LOOP('',(#109,#119,#126,#127,#136,#144,#153,#161,#169,#177)
  );
#109 = ORIENTED_EDGE('',*,*,#110,.F.);
#110 = EDGE_CURVE('',#111,#113,#115,.T.);
#111 = VERTEX_POINT('',#112);
#112 = CARTESIAN_POINT('',(-0.48,-1.,0.));
#113 = VERTEX_POINT('',#114);
#114 = CARTESIAN_POINT('',(-0.42,-1.,0.));
#115 = LINE('',#116,#117);
#116 = CARTESIAN_POINT('',(-0.5,-1.,0.));
#117 = VECTOR('',#118,1.);
#118 = DIRECTION('',(1.,0.,0.));
#119 = ORIENTED_EDGE('',*,*,#120,.F.);
#120 = EDGE_CURVE('',#71,#111,#121,.T.);
#121 = CIRCLE('',#122,2.E-02);
#122 = AXIS2_PLACEMENT_3D('',#123,#124,#125);
#123 = CARTESIAN_POINT('',(-0.48,-1.,2.E-02));
#124 = DIRECTION('',(0.,-1.,0.));
#125 = DIRECTION('',(0.,0.,1.));
#126 = ORIENTED_EDGE('',*,*,#70,.T.);
#127 = ORIENTED_EDGE('',*,*,#128,.T.);
#128 = EDGE_CURVE('',#73,#129,#131,.T.);
#129 = VERTEX_POINT('',#130);
#130 = CARTESIAN_POINT('',(-0.48,-1.,0.35));
#131 = CIRCLE('',#132,2.E-02);
#132 = AXIS2_PLACEMENT_3D('',#133,#134,#135);
#133 = CARTESIAN_POINT('',(-0.48,-1.,0.33));
#134 = DIRECTION('',(0.,1.,0.));
#135 = DIRECTION('',(0.,-0.,1.));
#136 = ORIENTED_EDGE('',*,*,#137,.T.);
#137 = EDGE_CURVE('',#129,#138,#140,.T.);
#138 = VERTEX_POINT('',#139);
#139 = CARTESIAN_POINT('',(-0.42,-1.,0.35));
#140 = LINE('',#141,#142);
#141 = CARTESIAN_POINT('',(-0.5,-1.,0.35));
#142 = VECTOR('',#143,1.);
#143 = DIRECTION('',(1.,0.,0.));
#144 = ORIENTED_EDGE('',*,*,#145,.T.);
#145 = EDGE_CURVE('',#138,#146,#148,.T.);
#146 = VERTEX_POINT('',#147);
#147 = CARTESIAN_POINT('',(-0.4,-1.,0.33));
#148 = CIRCLE('',#149,2.E-02);
#149 = AXIS2_PLACEMENT_3D('',#150,#151,#152);
#150 = CARTESIAN_POINT('',(-0.42,-1.,0.33));
#151 = DIRECTION('',(0.,1.,0.));
#152 = DIRECTION('',(0.,0.,-1.));
#153 = ORIENTED_EDGE('',*,*,#154,.F.);
#154 = EDGE_CURVE('',#155,#146,#157,.T.);
#155 = VERTEX_POINT('',#156);
#156 = CARTESIAN_POINT('',(-0.4,-1.,0.3));
#157 = LINE('',#158,#159);
#158 = CARTESIAN_POINT('',(-0.4,-1.,0.175));
#159 = VECTOR('',#160,1.);
#160 = DIRECTION('',(0.,0.,1.));
#161 = ORIENTED_EDGE('',*,*,#162,.F.);
#162 = EDGE_CURVE('',#163,#155,#165,.T.);
#163 = VERTEX_POINT('',#164);
#164 = CARTESIAN_POINT('',(-0.4,-1.,5.E-02));
#165 = LINE('',#166,#167);
#166 = CARTESIAN_POINT('',(-0.4,-1.,0.175));
#167 = VECTOR('',#168,1.);
#168 = DIRECTION('',(0.,0.,1.));
#169 = ORIENTED_EDGE('',*,*,#170,.F.);
#170 = EDGE_CURVE('',#171,#163,#173,.T.);
#171 = VERTEX_POINT('',#172);
#172 = CARTESIAN_POINT('',(-0.4,-1.,2.E-02));
#173 = LINE('',#174,#175);
#174 = CARTESIAN_POINT('',(-0.4,-1.,0.175));
#175 = VECTOR('',#176,1.);
#176 = DIRECTION('',(0.,0.,1.));
#177 = ORIENTED_EDGE('',*,*,#178,.F.);
#178 = EDGE_CURVE('',#113,#171,#179,.T.);
#179 = CIRCLE('',#180,2.E-02);
#180 = AXIS2_PLACEMENT_3D('',#181,#182,#183);
#181 = CARTESIAN_POINT('',(-0.42,-1.,2.E-02));
#182 = DIRECTION('',(0.,-1.,0.));
#183 = DIRECTION('',(0.,0.,-1.));
#184 = PLANE('',#185);
#185 = AXIS2_PLACEMENT_3D('',#186,#187,#188);
#186 = CARTESIAN_POINT('',(-0.5,-1.,0.));
#187 = DIRECTION('',(0.,1.,0.));
#188 = DIRECTION('',(0.,-0.,1.));
#189 = ADVANCED_FACE('',(#190),#209,.T.);
#190 = FACE_BOUND('',#191,.T.);
#191 = EDGE_LOOP('',(#192,#193,#202,#208));
#192 = ORIENTED_EDGE('',*,*,#80,.T.);
#193 = ORIENTED_EDGE('',*,*,#194,.T.);
#194 = EDGE_CURVE('',#81,#195,#197,.T.);
#195 = VERTEX_POINT('',#196);
#196 = CARTESIAN_POINT('',(-0.48,-0.6,0.));
#197 = CIRCLE('',#198,2.E-02);
#198 = AXIS2_PLACEMENT_3D('',#199,#200,#201);
#199 = CARTESIAN_POINT('',(-0.48,-0.6,2.E-02));
#200 = DIRECTION('',(0.,-1.,0.));
#201 = DIRECTION('',(0.,0.,1.));
#202 = ORIENTED_EDGE('',*,*,#203,.F.);
#203 = EDGE_CURVE('',#111,#195,#204,.T.);
#204 = LINE('',#205,#206);
#205 = CARTESIAN_POINT('',(-0.48,-1.,0.));
#206 = VECTOR('',#207,1.);
#207 = DIRECTION('',(0.,1.,0.));
#208 = ORIENTED_EDGE('',*,*,#120,.F.);
#209 = CYLINDRICAL_SURFACE('',#210,2.E-02);
#210 = AXIS2_PLACEMENT_3D('',#211,#212,#213);
#211 = CARTESIAN_POINT('',(-0.48,-1.,2.E-02));
#212 = DIRECTION('',(0.,1.,0.));
#213 = DIRECTION('',(-1.,0.,0.));
#214 = ADVANCED_FACE('',(#215),#234,.T.);
#215 = FACE_BOUND('',#216,.T.);
#216 = EDGE_LOOP('',(#217,#218,#226,#233));
#217 = ORIENTED_EDGE('',*,*,#128,.T.);
#218 = ORIENTED_EDGE('',*,*,#219,.T.);
#219 = EDGE_CURVE('',#129,#220,#222,.T.);
#220 = VERTEX_POINT('',#221);
#221 = CARTESIAN_POINT('',(-0.48,-0.6,0.35));
#222 = LINE('',#223,#224);
#223 = CARTESIAN_POINT('',(-0.48,-1.,0.35));
#224 = VECTOR('',#225,1.);
#225 = DIRECTION('',(0.,1.,0.));
#226 = ORIENTED_EDGE('',*,*,#227,.F.);
#227 = EDGE_CURVE('',#89,#220,#228,.T.);
#228 = CIRCLE('',#229,2.E-02);
#229 = AXIS2_PLACEMENT_3D('',#230,#231,#232);
#230 = CARTESIAN_POINT('',(-0.48,-0.6,0.33));
#231 = DIRECTION('',(0.,1.,0.));
#232 = DIRECTION('',(0.,-0.,1.));
#233 = ORIENTED_EDGE('',*,*,#96,.F.);
#234 = CYLINDRICAL_SURFACE('',#235,2.E-02);
#235 = AXIS2_PLACEMENT_3D('',#236,#237,#238);
#236 = CARTESIAN_POINT('',(-0.48,-1.,0.33));
#237 = DIRECTION('',(0.,1.,0.));
#238 = DIRECTION('',(-1.,0.,0.));
#239 = ADVANCED_FACE('',(#240),#301,.T.);
#240 = FACE_BOUND('',#241,.T.);
#241 = EDGE_LOOP('',(#242,#250,#251,#252,#253,#261,#270,#278,#286,#294)
  );
#242 = ORIENTED_EDGE('',*,*,#243,.F.);
#243 = EDGE_CURVE('',#195,#244,#246,.T.);
#244 = VERTEX_POINT('',#245);
#245 = CARTESIAN_POINT('',(-0.42,-0.6,0.));
#246 = LINE('',#247,#248);
#247 = CARTESIAN_POINT('',(-0.5,-0.6,0.));
#248 = VECTOR('',#249,1.);
#249 = DIRECTION('',(1.,0.,0.));
#250 = ORIENTED_EDGE('',*,*,#194,.F.);
#251 = ORIENTED_EDGE('',*,*,#88,.T.);
#252 = ORIENTED_EDGE('',*,*,#227,.T.);
#253 = ORIENTED_EDGE('',*,*,#254,.T.);
#254 = EDGE_CURVE('',#220,#255,#257,.T.);
#255 = VERTEX_POINT('',#256);
#256 = CARTESIAN_POINT('',(-0.42,-0.6,0.35));
#257 = LINE('',#258,#259);
#258 = CARTESIAN_POINT('',(-0.5,-0.6,0.35));
#259 = VECTOR('',#260,1.);
#260 = DIRECTION('',(1.,0.,0.));
#261 = ORIENTED_EDGE('',*,*,#262,.T.);
#262 = EDGE_CURVE('',#255,#263,#265,.T.);
#263 = VERTEX_POINT('',#264);
#264 = CARTESIAN_POINT('',(-0.4,-0.6,0.33));
#265 = CIRCLE('',#266,2.E-02);
#266 = AXIS2_PLACEMENT_3D('',#267,#268,#269);
#267 = CARTESIAN_POINT('',(-0.42,-0.6,0.33));
#268 = DIRECTION('',(0.,1.,0.));
#269 = DIRECTION('',(0.,0.,-1.));
#270 = ORIENTED_EDGE('',*,*,#271,.F.);
#271 = EDGE_CURVE('',#272,#263,#274,.T.);
#272 = VERTEX_POINT('',#273);
#273 = CARTESIAN_POINT('',(-0.4,-0.6,0.3));
#274 = LINE('',#275,#276);
#275 = CARTESIAN_POINT('',(-0.4,-0.6,0.175));
#276 = VECTOR('',#277,1.);
#277 = DIRECTION('',(0.,0.,1.));
#278 = ORIENTED_EDGE('',*,*,#279,.F.);
#279 = EDGE_CURVE('',#280,#272,#282,.T.);
#280 = VERTEX_POINT('',#281);
#281 = CARTESIAN_POINT('',(-0.4,-0.6,5.E-02));
#282 = LINE('',#283,#284);
#283 = CARTESIAN_POINT('',(-0.4,-0.6,0.175));
#284 = VECTOR('',#285,1.);
#285 = DIRECTION('',(0.,0.,1.));
#286 = ORIENTED_EDGE('',*,*,#287,.F.);
#287 = EDGE_CURVE('',#288,#280,#290,.T.);
#288 = VERTEX_POINT('',#289);
#289 = CARTESIAN_POINT('',(-0.4,-0.6,2.E-02));
#290 = LINE('',#291,#292);
#291 = CARTESIAN_POINT('',(-0.4,-0.6,0.175));
#292 = VECTOR('',#293,1.);
#293 = DIRECTION('',(0.,0.,1.));
#294 = ORIENTED_EDGE('',*,*,#295,.F.);
#295 = EDGE_CURVE('',#244,#288,#296,.T.);
#296 = CIRCLE('',#297,2.E-02);
#297 = AXIS2_PLACEMENT_3D('',#298,#299,#300);
#298 = CARTESIAN_POINT('',(-0.42,-0.6,2.E-02));
#299 = DIRECTION('',(0.,-1.,0.));
#300 = DIRECTION('',(0.,0.,-1.));
#301 = PLANE('',#302);
#302 = AXIS2_PLACEMENT_3D('',#303,#304,#305);
#303 = CARTESIAN_POINT('',(-0.5,-0.6,0.));
#304 = DIRECTION('',(0.,1.,0.));
#305 = DIRECTION('',(0.,-0.,1.));
#306 = ADVANCED_FACE('',(#307),#366,.F.);
#307 = FACE_BOUND('',#308,.F.);
#308 = EDGE_LOOP('',(#309,#310,#311,#312,#320,#328,#336,#344,#352,#360)
  );
#309 = ORIENTED_EDGE('',*,*,#243,.F.);
#310 = ORIENTED_EDGE('',*,*,#203,.F.);
#311 = ORIENTED_EDGE('',*,*,#110,.T.);
#312 = ORIENTED_EDGE('',*,*,#313,.F.);
#313 = EDGE_CURVE('',#314,#113,#316,.T.);
#314 = VERTEX_POINT('',#315);
#315 = CARTESIAN_POINT('',(-0.42,-0.92,0.));
#316 = LINE('',#317,#318);
#317 = CARTESIAN_POINT('',(-0.42,-0.92,0.));
#318 = VECTOR('',#319,1.);
#319 = DIRECTION('',(0.,-1.,0.));
#320 = ORIENTED_EDGE('',*,*,#321,.F.);
#321 = EDGE_CURVE('',#322,#314,#324,.T.);
#322 = VERTEX_POINT('',#323);
#323 = CARTESIAN_POINT('',(-0.4,-0.92,0.));
#324 = LINE('',#325,#326);
#325 = CARTESIAN_POINT('',(-0.3,-0.92,0.));
#326 = VECTOR('',#327,1.);
#327 = DIRECTION('',(-1.,0.,0.));
#328 = ORIENTED_EDGE('',*,*,#329,.F.);
#329 = EDGE_CURVE('',#330,#322,#332,.T.);
#330 = VERTEX_POINT('',#331);
#331 = CARTESIAN_POINT('',(-0.27,-0.92,0.));
#332 = LINE('',#333,#334);
#333 = CARTESIAN_POINT('',(-0.3,-0.92,0.));
#334 = VECTOR('',#335,1.);
#335 = DIRECTION('',(-1.,0.,0.));
#336 = ORIENTED_EDGE('',*,*,#337,.T.);
#337 = EDGE_CURVE('',#330,#338,#340,.T.);
#338 = VERTEX_POINT('',#339);
#339 = CARTESIAN_POINT('',(-0.27,-0.68,0.));
#340 = LINE('',#341,#342);
#341 = CARTESIAN_POINT('',(-0.27,-0.92,0.));
#342 = VECTOR('',#343,1.);
#343 = DIRECTION('',(0.,1.,0.));
#344 = ORIENTED_EDGE('',*,*,#345,.F.);
#345 = EDGE_CURVE('',#346,#338,#348,.T.);
#346 = VERTEX_POINT('',#347);
#347 = CARTESIAN_POINT('',(-0.4,-0.68,0.));
#348 = LINE('',#349,#350);
#349 = CARTESIAN_POINT('',(-0.45,-0.68,0.));
#350 = VECTOR('',#351,1.);
#351 = DIRECTION('',(1.,0.,0.));
#352 = ORIENTED_EDGE('',*,*,#353,.T.);
#353 = EDGE_CURVE('',#346,#354,#356,.T.);
#354 = VERTEX_POINT('',#355);
#355 = CARTESIAN_POINT('',(-0.42,-0.68,0.));
#356 = LINE('',#357,#358);
#357 = CARTESIAN_POINT('',(-0.45,-0.68,0.));
#358 = VECTOR('',#359,1.);
#359 = DIRECTION('',(-1.,0.,0.));
#360 = ORIENTED_EDGE('',*,*,#361,.F.);
#361 = EDGE_CURVE('',#244,#354,#362,.T.);
#362 = LINE('',#363,#364);
#363 = CARTESIAN_POINT('',(-0.42,-0.6,0.));
#364 = VECTOR('',#365,1.);
#365 = DIRECTION('',(0.,-1.,0.));
#366 = PLANE('',#367);
#367 = AXIS2_PLACEMENT_3D('',#368,#369,#370);
#368 = CARTESIAN_POINT('',(-0.5,-1.,0.));
#369 = DIRECTION('',(0.,0.,1.));
#370 = DIRECTION('',(1.,0.,-0.));
#371 = ADVANCED_FACE('',(#372),#391,.T.);
#372 = FACE_BOUND('',#373,.T.);
#373 = EDGE_LOOP('',(#374,#383,#389,#390));
#374 = ORIENTED_EDGE('',*,*,#375,.T.);
#375 = EDGE_CURVE('',#314,#376,#378,.T.);
#376 = VERTEX_POINT('',#377);
#377 = CARTESIAN_POINT('',(-0.4,-0.92,2.E-02));
#378 = CIRCLE('',#379,2.E-02);
#379 = AXIS2_PLACEMENT_3D('',#380,#381,#382);
#380 = CARTESIAN_POINT('',(-0.42,-0.92,2.E-02));
#381 = DIRECTION('',(0.,-1.,0.));
#382 = DIRECTION('',(0.,0.,-1.));
#383 = ORIENTED_EDGE('',*,*,#384,.T.);
#384 = EDGE_CURVE('',#376,#171,#385,.T.);
#385 = LINE('',#386,#387);
#386 = CARTESIAN_POINT('',(-0.4,-0.92,2.E-02));
#387 = VECTOR('',#388,1.);
#388 = DIRECTION('',(0.,-1.,0.));
#389 = ORIENTED_EDGE('',*,*,#178,.F.);
#390 = ORIENTED_EDGE('',*,*,#313,.F.);
#391 = CYLINDRICAL_SURFACE('',#392,2.E-02);
#392 = AXIS2_PLACEMENT_3D('',#393,#394,#395);
#393 = CARTESIAN_POINT('',(-0.42,-0.92,2.E-02));
#394 = DIRECTION('',(0.,-1.,0.));
#395 = DIRECTION('',(-0.,-0.,-1.));
#396 = ADVANCED_FACE('',(#397),#415,.F.);
#397 = FACE_BOUND('',#398,.F.);
#398 = EDGE_LOOP('',(#399,#400,#401,#409));
#399 = ORIENTED_EDGE('',*,*,#384,.T.);
#400 = ORIENTED_EDGE('',*,*,#170,.T.);
#401 = ORIENTED_EDGE('',*,*,#402,.F.);
#402 = EDGE_CURVE('',#403,#163,#405,.T.);
#403 = VERTEX_POINT('',#404);
#404 = CARTESIAN_POINT('',(-0.4,-0.92,5.E-02));
#405 = LINE('',#406,#407);
#406 = CARTESIAN_POINT('',(-0.4,-0.96,5.E-02));
#407 = VECTOR('',#408,1.);
#408 = DIRECTION('',(0.,-1.,0.));
#409 = ORIENTED_EDGE('',*,*,#410,.T.);
#410 = EDGE_CURVE('',#403,#376,#411,.T.);
#411 = LINE('',#412,#413);
#412 = CARTESIAN_POINT('',(-0.4,-0.92,0.35));
#413 = VECTOR('',#414,1.);
#414 = DIRECTION('',(-0.,-0.,-1.));
#415 = PLANE('',#416);
#416 = AXIS2_PLACEMENT_3D('',#417,#418,#419);
#417 = CARTESIAN_POINT('',(-0.4,-0.92,0.35));
#418 = DIRECTION('',(-1.,0.,0.));
#419 = DIRECTION('',(0.,-1.,0.));
#420 = ADVANCED_FACE('',(#421),#462,.F.);
#421 = FACE_BOUND('',#422,.F.);
#422 = EDGE_LOOP('',(#423,#431,#432,#440,#448,#456));
#423 = ORIENTED_EDGE('',*,*,#424,.F.);
#424 = EDGE_CURVE('',#163,#425,#427,.T.);
#425 = VERTEX_POINT('',#426);
#426 = CARTESIAN_POINT('',(0.4,-1.,5.E-02));
#427 = LINE('',#428,#429);
#428 = CARTESIAN_POINT('',(-0.45,-1.,5.E-02));
#429 = VECTOR('',#430,1.);
#430 = DIRECTION('',(1.,0.,0.));
#431 = ORIENTED_EDGE('',*,*,#162,.T.);
#432 = ORIENTED_EDGE('',*,*,#433,.T.);
#433 = EDGE_CURVE('',#155,#434,#436,.T.);
#434 = VERTEX_POINT('',#435);
#435 = CARTESIAN_POINT('',(-0.25,-1.,0.3));
#436 = LINE('',#437,#438);
#437 = CARTESIAN_POINT('',(-0.45,-1.,0.3));
#438 = VECTOR('',#439,1.);
#439 = DIRECTION('',(1.,0.,0.));
#440 = ORIENTED_EDGE('',*,*,#441,.T.);
#441 = EDGE_CURVE('',#434,#442,#444,.T.);
#442 = VERTEX_POINT('',#443);
#443 = CARTESIAN_POINT('',(0.25,-1.,0.3));
#444 = LINE('',#445,#446);
#445 = CARTESIAN_POINT('',(-0.25,-1.,0.3));
#446 = VECTOR('',#447,1.);
#447 = DIRECTION('',(1.,0.,0.));
#448 = ORIENTED_EDGE('',*,*,#449,.T.);
#449 = EDGE_CURVE('',#442,#450,#452,.T.);
#450 = VERTEX_POINT('',#451);
#451 = CARTESIAN_POINT('',(0.4,-1.,0.3));
#452 = LINE('',#453,#454);
#453 = CARTESIAN_POINT('',(-0.45,-1.,0.3));
#454 = VECTOR('',#455,1.);
#455 = DIRECTION('',(1.,0.,0.));
#456 = ORIENTED_EDGE('',*,*,#457,.F.);
#457 = EDGE_CURVE('',#425,#450,#458,.T.);
#458 = LINE('',#459,#460);
#459 = CARTESIAN_POINT('',(0.4,-1.,0.175));
#460 = VECTOR('',#461,1.);
#461 = DIRECTION('',(0.,0.,1.));
#462 = PLANE('',#463);
#463 = AXIS2_PLACEMENT_3D('',#464,#465,#466);
#464 = CARTESIAN_POINT('',(-0.45,-1.,5.E-02));
#465 = DIRECTION('',(0.,1.,0.));
#466 = DIRECTION('',(0.,-0.,1.));
#467 = ADVANCED_FACE('',(#468),#527,.T.);
#468 = FACE_BOUND('',#469,.T.);
#469 = EDGE_LOOP('',(#470,#471,#472,#473,#481,#489,#497,#505,#513,#521)
  );
#470 = ORIENTED_EDGE('',*,*,#254,.F.);
#471 = ORIENTED_EDGE('',*,*,#219,.F.);
#472 = ORIENTED_EDGE('',*,*,#137,.T.);
#473 = ORIENTED_EDGE('',*,*,#474,.F.);
#474 = EDGE_CURVE('',#475,#138,#477,.T.);
#475 = VERTEX_POINT('',#476);
#476 = CARTESIAN_POINT('',(-0.42,-0.92,0.35));
#477 = LINE('',#478,#479);
#478 = CARTESIAN_POINT('',(-0.42,-0.92,0.35));
#479 = VECTOR('',#480,1.);
#480 = DIRECTION('',(0.,-1.,0.));
#481 = ORIENTED_EDGE('',*,*,#482,.F.);
#482 = EDGE_CURVE('',#483,#475,#485,.T.);
#483 = VERTEX_POINT('',#484);
#484 = CARTESIAN_POINT('',(-0.4,-0.92,0.35));
#485 = LINE('',#486,#487);
#486 = CARTESIAN_POINT('',(-0.3,-0.92,0.35));
#487 = VECTOR('',#488,1.);
#488 = DIRECTION('',(-1.,0.,0.));
#489 = ORIENTED_EDGE('',*,*,#490,.F.);
#490 = EDGE_CURVE('',#491,#483,#493,.T.);
#491 = VERTEX_POINT('',#492);
#492 = CARTESIAN_POINT('',(-0.27,-0.92,0.35));
#493 = LINE('',#494,#495);
#494 = CARTESIAN_POINT('',(-0.1,-0.92,0.35));
#495 = VECTOR('',#496,1.);
#496 = DIRECTION('',(-1.,0.,0.));
#497 = ORIENTED_EDGE('',*,*,#498,.T.);
#498 = EDGE_CURVE('',#491,#499,#501,.T.);
#499 = VERTEX_POINT('',#500);
#500 = CARTESIAN_POINT('',(-0.27,-0.68,0.35));
#501 = LINE('',#502,#503);
#502 = CARTESIAN_POINT('',(-0.27,-0.92,0.35));
#503 = VECTOR('',#504,1.);
#504 = DIRECTION('',(0.,1.,0.));
#505 = ORIENTED_EDGE('',*,*,#506,.F.);
#506 = EDGE_CURVE('',#507,#499,#509,.T.);
#507 = VERTEX_POINT('',#508);
#508 = CARTESIAN_POINT('',(-0.4,-0.68,0.35));
#509 = LINE('',#510,#511);
#510 = CARTESIAN_POINT('',(-0.4,-0.68,0.35));
#511 = VECTOR('',#512,1.);
#512 = DIRECTION('',(1.,0.,0.));
#513 = ORIENTED_EDGE('',*,*,#514,.T.);
#514 = EDGE_CURVE('',#507,#515,#517,.T.);
#515 = VERTEX_POINT('',#516);
#516 = CARTESIAN_POINT('',(-0.42,-0.68,0.35));
#517 = LINE('',#518,#519);
#518 = CARTESIAN_POINT('',(-0.45,-0.68,0.35));
#519 = VECTOR('',#520,1.);
#520 = DIRECTION('',(-1.,0.,0.));
#521 = ORIENTED_EDGE('',*,*,#522,.F.);
#522 = EDGE_CURVE('',#255,#515,#523,.T.);
#523 = LINE('',#524,#525);
#524 = CARTESIAN_POINT('',(-0.42,-0.6,0.35));
#525 = VECTOR('',#526,1.);
#526 = DIRECTION('',(0.,-1.,0.));
#527 = PLANE('',#528);
#528 = AXIS2_PLACEMENT_3D('',#529,#530,#531);
#529 = CARTESIAN_POINT('',(-0.5,-1.,0.35));
#530 = DIRECTION('',(0.,0.,1.));
#531 = DIRECTION('',(1.,0.,-0.));
#532 = ADVANCED_FACE('',(#533),#558,.F.);
#533 = FACE_BOUND('',#534,.F.);
#534 = EDGE_LOOP('',(#535,#543,#544,#552));
#535 = ORIENTED_EDGE('',*,*,#536,.T.);
#536 = EDGE_CURVE('',#537,#155,#539,.T.);
#537 = VERTEX_POINT('',#538);
#538 = CARTESIAN_POINT('',(-0.4,-0.92,0.3));
#539 = LINE('',#540,#541);
#540 = CARTESIAN_POINT('',(-0.4,-0.96,0.3));
#541 = VECTOR('',#542,1.);
#542 = DIRECTION('',(0.,-1.,0.));
#543 = ORIENTED_EDGE('',*,*,#154,.T.);
#544 = ORIENTED_EDGE('',*,*,#545,.F.);
#545 = EDGE_CURVE('',#546,#146,#548,.T.);
#546 = VERTEX_POINT('',#547);
#547 = CARTESIAN_POINT('',(-0.4,-0.92,0.33));
#548 = LINE('',#549,#550);
#549 = CARTESIAN_POINT('',(-0.4,-0.92,0.33));
#550 = VECTOR('',#551,1.);
#551 = DIRECTION('',(0.,-1.,0.));
#552 = ORIENTED_EDGE('',*,*,#553,.T.);
#553 = EDGE_CURVE('',#546,#537,#554,.T.);
#554 = LINE('',#555,#556);
#555 = CARTESIAN_POINT('',(-0.4,-0.92,0.35));
#556 = VECTOR('',#557,1.);
#557 = DIRECTION('',(-0.,-0.,-1.));
#558 = PLANE('',#559);
#559 = AXIS2_PLACEMENT_3D('',#560,#561,#562);
#560 = CARTESIAN_POINT('',(-0.4,-0.92,0.35));
#561 = DIRECTION('',(-1.,0.,0.));
#562 = DIRECTION('',(0.,-1.,0.));
#563 = ADVANCED_FACE('',(#564),#576,.T.);
#564 = FACE_BOUND('',#565,.T.);
#565 = EDGE_LOOP('',(#566,#567,#568,#569));
#566 = ORIENTED_EDGE('',*,*,#474,.T.);
#567 = ORIENTED_EDGE('',*,*,#145,.T.);
#568 = ORIENTED_EDGE('',*,*,#545,.F.);
#569 = ORIENTED_EDGE('',*,*,#570,.F.);
#570 = EDGE_CURVE('',#475,#546,#571,.T.);
#571 = CIRCLE('',#572,2.E-02);
#572 = AXIS2_PLACEMENT_3D('',#573,#574,#575);
#573 = CARTESIAN_POINT('',(-0.42,-0.92,0.33));
#574 = DIRECTION('',(0.,1.,0.));
#575 = DIRECTION('',(0.,0.,-1.));
#576 = CYLINDRICAL_SURFACE('',#577,2.E-02);
#577 = AXIS2_PLACEMENT_3D('',#578,#579,#580);
#578 = CARTESIAN_POINT('',(-0.42,-0.92,0.33));
#579 = DIRECTION('',(0.,-1.,0.));
#580 = DIRECTION('',(0.,0.,1.));
#581 = ADVANCED_FACE('',(#582),#601,.T.);
#582 = FACE_BOUND('',#583,.T.);
#583 = EDGE_LOOP('',(#584,#585,#593,#600));
#584 = ORIENTED_EDGE('',*,*,#295,.T.);
#585 = ORIENTED_EDGE('',*,*,#586,.T.);
#586 = EDGE_CURVE('',#288,#587,#589,.T.);
#587 = VERTEX_POINT('',#588);
#588 = CARTESIAN_POINT('',(-0.4,-0.68,2.E-02));
#589 = LINE('',#590,#591);
#590 = CARTESIAN_POINT('',(-0.4,-0.6,2.E-02));
#591 = VECTOR('',#592,1.);
#592 = DIRECTION('',(0.,-1.,0.));
#593 = ORIENTED_EDGE('',*,*,#594,.F.);
#594 = EDGE_CURVE('',#354,#587,#595,.T.);
#595 = CIRCLE('',#596,2.E-02);
#596 = AXIS2_PLACEMENT_3D('',#597,#598,#599);
#597 = CARTESIAN_POINT('',(-0.42,-0.68,2.E-02));
#598 = DIRECTION('',(0.,-1.,0.));
#599 = DIRECTION('',(0.,0.,-1.));
#600 = ORIENTED_EDGE('',*,*,#361,.F.);
#601 = CYLINDRICAL_SURFACE('',#602,2.E-02);
#602 = AXIS2_PLACEMENT_3D('',#603,#604,#605);
#603 = CARTESIAN_POINT('',(-0.42,-0.6,2.E-02));
#604 = DIRECTION('',(0.,-1.,0.));
#605 = DIRECTION('',(-0.,-0.,-1.));
#606 = ADVANCED_FACE('',(#607),#625,.F.);
#607 = FACE_BOUND('',#608,.F.);
#608 = EDGE_LOOP('',(#609,#617,#623,#624));
#609 = ORIENTED_EDGE('',*,*,#610,.F.);
#610 = EDGE_CURVE('',#611,#587,#613,.T.);
#611 = VERTEX_POINT('',#612);
#612 = CARTESIAN_POINT('',(-0.4,-0.68,5.E-02));
#613 = LINE('',#614,#615);
#614 = CARTESIAN_POINT('',(-0.4,-0.68,0.35));
#615 = VECTOR('',#616,1.);
#616 = DIRECTION('',(-0.,-0.,-1.));
#617 = ORIENTED_EDGE('',*,*,#618,.F.);
#618 = EDGE_CURVE('',#280,#611,#619,.T.);
#619 = LINE('',#620,#621);
#620 = CARTESIAN_POINT('',(-0.4,-0.76,5.E-02));
#621 = VECTOR('',#622,1.);
#622 = DIRECTION('',(0.,-1.,0.));
#623 = ORIENTED_EDGE('',*,*,#287,.F.);
#624 = ORIENTED_EDGE('',*,*,#586,.T.);
#625 = PLANE('',#626);
#626 = AXIS2_PLACEMENT_3D('',#627,#628,#629);
#627 = CARTESIAN_POINT('',(-0.4,-0.52,0.35));
#628 = DIRECTION('',(-1.,0.,0.));
#629 = DIRECTION('',(0.,-1.,0.));
#630 = ADVANCED_FACE('',(#631),#656,.T.);
#631 = FACE_BOUND('',#632,.T.);
#632 = EDGE_LOOP('',(#633,#643,#649,#650));
#633 = ORIENTED_EDGE('',*,*,#634,.F.);
#634 = EDGE_CURVE('',#635,#637,#639,.T.);
#635 = VERTEX_POINT('',#636);
#636 = CARTESIAN_POINT('',(-0.35,-0.6,5.E-02));
#637 = VERTEX_POINT('',#638);
#638 = CARTESIAN_POINT('',(-0.35,-0.6,0.3));
#639 = LINE('',#640,#641);
#640 = CARTESIAN_POINT('',(-0.35,-0.6,0.));
#641 = VECTOR('',#642,1.);
#642 = DIRECTION('',(0.,0.,1.));
#643 = ORIENTED_EDGE('',*,*,#644,.T.);
#644 = EDGE_CURVE('',#635,#280,#645,.T.);
#645 = LINE('',#646,#647);
#646 = CARTESIAN_POINT('',(-0.475,-0.6,5.E-02));
#647 = VECTOR('',#648,1.);
#648 = DIRECTION('',(-1.,0.,0.));
#649 = ORIENTED_EDGE('',*,*,#279,.T.);
#650 = ORIENTED_EDGE('',*,*,#651,.F.);
#651 = EDGE_CURVE('',#637,#272,#652,.T.);
#652 = LINE('',#653,#654);
#653 = CARTESIAN_POINT('',(-0.475,-0.6,0.3));
#654 = VECTOR('',#655,1.);
#655 = DIRECTION('',(-1.,0.,0.));
#656 = PLANE('',#657);
#657 = AXIS2_PLACEMENT_3D('',#658,#659,#660);
#658 = CARTESIAN_POINT('',(-0.5,-0.6,0.));
#659 = DIRECTION('',(0.,1.,0.));
#660 = DIRECTION('',(0.,-0.,1.));
#661 = ADVANCED_FACE('',(#662),#687,.F.);
#662 = FACE_BOUND('',#663,.F.);
#663 = EDGE_LOOP('',(#664,#674,#680,#681));
#664 = ORIENTED_EDGE('',*,*,#665,.F.);
#665 = EDGE_CURVE('',#666,#668,#670,.T.);
#666 = VERTEX_POINT('',#667);
#667 = CARTESIAN_POINT('',(-0.4,-0.68,0.33));
#668 = VERTEX_POINT('',#669);
#669 = CARTESIAN_POINT('',(-0.4,-0.68,0.3));
#670 = LINE('',#671,#672);
#671 = CARTESIAN_POINT('',(-0.4,-0.68,0.35));
#672 = VECTOR('',#673,1.);
#673 = DIRECTION('',(-0.,-0.,-1.));
#674 = ORIENTED_EDGE('',*,*,#675,.F.);
#675 = EDGE_CURVE('',#263,#666,#676,.T.);
#676 = LINE('',#677,#678);
#677 = CARTESIAN_POINT('',(-0.4,-0.6,0.33));
#678 = VECTOR('',#679,1.);
#679 = DIRECTION('',(0.,-1.,0.));
#680 = ORIENTED_EDGE('',*,*,#271,.F.);
#681 = ORIENTED_EDGE('',*,*,#682,.T.);
#682 = EDGE_CURVE('',#272,#668,#683,.T.);
#683 = LINE('',#684,#685);
#684 = CARTESIAN_POINT('',(-0.4,-0.76,0.3));
#685 = VECTOR('',#686,1.);
#686 = DIRECTION('',(0.,-1.,0.));
#687 = PLANE('',#688);
#688 = AXIS2_PLACEMENT_3D('',#689,#690,#691);
#689 = CARTESIAN_POINT('',(-0.4,-0.52,0.35));
#690 = DIRECTION('',(-1.,0.,0.));
#691 = DIRECTION('',(0.,-1.,0.));
#692 = ADVANCED_FACE('',(#693),#705,.T.);
#693 = FACE_BOUND('',#694,.T.);
#694 = EDGE_LOOP('',(#695,#696,#703,#704));
#695 = ORIENTED_EDGE('',*,*,#522,.T.);
#696 = ORIENTED_EDGE('',*,*,#697,.T.);
#697 = EDGE_CURVE('',#515,#666,#698,.T.);
#698 = CIRCLE('',#699,2.E-02);
#699 = AXIS2_PLACEMENT_3D('',#700,#701,#702);
#700 = CARTESIAN_POINT('',(-0.42,-0.68,0.33));
#701 = DIRECTION('',(0.,1.,0.));
#702 = DIRECTION('',(0.,0.,-1.));
#703 = ORIENTED_EDGE('',*,*,#675,.F.);
#704 = ORIENTED_EDGE('',*,*,#262,.F.);
#705 = CYLINDRICAL_SURFACE('',#706,2.E-02);
#706 = AXIS2_PLACEMENT_3D('',#707,#708,#709);
#707 = CARTESIAN_POINT('',(-0.42,-0.6,0.33));
#708 = DIRECTION('',(0.,-1.,0.));
#709 = DIRECTION('',(0.,0.,1.));
#710 = ADVANCED_FACE('',(#711),#740,.F.);
#711 = FACE_BOUND('',#712,.F.);
#712 = EDGE_LOOP('',(#713,#723,#729,#730,#731,#732,#733));
#713 = ORIENTED_EDGE('',*,*,#714,.F.);
#714 = EDGE_CURVE('',#715,#717,#719,.T.);
#715 = VERTEX_POINT('',#716);
#716 = CARTESIAN_POINT('',(-0.25,-0.68,5.E-02));
#717 = VERTEX_POINT('',#718);
#718 = CARTESIAN_POINT('',(-0.25,-0.68,2.E-02));
#719 = LINE('',#720,#721);
#720 = CARTESIAN_POINT('',(-0.25,-0.68,0.175));
#721 = VECTOR('',#722,1.);
#722 = DIRECTION('',(0.,0.,-1.));
#723 = ORIENTED_EDGE('',*,*,#724,.F.);
#724 = EDGE_CURVE('',#611,#715,#725,.T.);
#725 = LINE('',#726,#727);
#726 = CARTESIAN_POINT('',(-0.425,-0.68,5.E-02));
#727 = VECTOR('',#728,1.);
#728 = DIRECTION('',(1.,0.,0.));
#729 = ORIENTED_EDGE('',*,*,#610,.T.);
#730 = ORIENTED_EDGE('',*,*,#594,.F.);
#731 = ORIENTED_EDGE('',*,*,#353,.F.);
#732 = ORIENTED_EDGE('',*,*,#345,.T.);
#733 = ORIENTED_EDGE('',*,*,#734,.T.);
#734 = EDGE_CURVE('',#338,#717,#735,.T.);
#735 = CIRCLE('',#736,2.E-02);
#736 = AXIS2_PLACEMENT_3D('',#737,#738,#739);
#737 = CARTESIAN_POINT('',(-0.27,-0.68,2.E-02));
#738 = DIRECTION('',(0.,-1.,0.));
#739 = DIRECTION('',(0.,0.,1.));
#740 = PLANE('',#741);
#741 = AXIS2_PLACEMENT_3D('',#742,#743,#744);
#742 = CARTESIAN_POINT('',(-0.4,-0.68,0.35));
#743 = DIRECTION('',(0.,-1.,0.));
#744 = DIRECTION('',(1.,0.,0.));
#745 = ADVANCED_FACE('',(#746),#775,.F.);
#746 = FACE_BOUND('',#747,.F.);
#747 = EDGE_LOOP('',(#748,#756,#764,#771,#772,#773,#774));
#748 = ORIENTED_EDGE('',*,*,#749,.F.);
#749 = EDGE_CURVE('',#750,#403,#752,.T.);
#750 = VERTEX_POINT('',#751);
#751 = CARTESIAN_POINT('',(-0.25,-0.92,5.E-02));
#752 = LINE('',#753,#754);
#753 = CARTESIAN_POINT('',(-0.275,-0.92,5.E-02));
#754 = VECTOR('',#755,1.);
#755 = DIRECTION('',(-1.,0.,0.));
#756 = ORIENTED_EDGE('',*,*,#757,.F.);
#757 = EDGE_CURVE('',#758,#750,#760,.T.);
#758 = VERTEX_POINT('',#759);
#759 = CARTESIAN_POINT('',(-0.25,-0.92,2.E-02));
#760 = LINE('',#761,#762);
#761 = CARTESIAN_POINT('',(-0.25,-0.92,0.175));
#762 = VECTOR('',#763,1.);
#763 = DIRECTION('',(0.,0.,1.));
#764 = ORIENTED_EDGE('',*,*,#765,.F.);
#765 = EDGE_CURVE('',#330,#758,#766,.T.);
#766 = CIRCLE('',#767,2.E-02);
#767 = AXIS2_PLACEMENT_3D('',#768,#769,#770);
#768 = CARTESIAN_POINT('',(-0.27,-0.92,2.E-02));
#769 = DIRECTION('',(0.,-1.,0.));
#770 = DIRECTION('',(0.,0.,1.));
#771 = ORIENTED_EDGE('',*,*,#329,.T.);
#772 = ORIENTED_EDGE('',*,*,#321,.T.);
#773 = ORIENTED_EDGE('',*,*,#375,.T.);
#774 = ORIENTED_EDGE('',*,*,#410,.F.);
#775 = PLANE('',#776);
#776 = AXIS2_PLACEMENT_3D('',#777,#778,#779);
#777 = CARTESIAN_POINT('',(-0.1,-0.92,0.35));
#778 = DIRECTION('',(0.,1.,0.));
#779 = DIRECTION('',(-1.,0.,0.));
#780 = ADVANCED_FACE('',(#781),#792,.T.);
#781 = FACE_BOUND('',#782,.T.);
#782 = EDGE_LOOP('',(#783,#784,#785,#791));
#783 = ORIENTED_EDGE('',*,*,#337,.T.);
#784 = ORIENTED_EDGE('',*,*,#734,.T.);
#785 = ORIENTED_EDGE('',*,*,#786,.F.);
#786 = EDGE_CURVE('',#758,#717,#787,.T.);
#787 = LINE('',#788,#789);
#788 = CARTESIAN_POINT('',(-0.25,-0.92,2.E-02));
#789 = VECTOR('',#790,1.);
#790 = DIRECTION('',(0.,1.,0.));
#791 = ORIENTED_EDGE('',*,*,#765,.F.);
#792 = CYLINDRICAL_SURFACE('',#793,2.E-02);
#793 = AXIS2_PLACEMENT_3D('',#794,#795,#796);
#794 = CARTESIAN_POINT('',(-0.27,-0.92,2.E-02));
#795 = DIRECTION('',(0.,1.,0.));
#796 = DIRECTION('',(0.,0.,-1.));
#797 = ADVANCED_FACE('',(#798),#1240,.F.);
#798 = FACE_BOUND('',#799,.F.);
#799 = EDGE_LOOP('',(#800,#801,#802,#810,#818,#826,#834,#842,#850,#859,
    #867,#875,#883,#891,#899,#907,#915,#924,#932,#940,#948,#956,#964,
    #972,#980,#989,#997,#1005,#1013,#1021,#1029,#1037,#1045,#1053,#1061,
    #1069,#1077,#1085,#1093,#1102,#1110,#1118,#1126,#1134,#1142,#1150,
    #1158,#1167,#1175,#1183,#1191,#1199,#1207,#1215,#1223,#1230,#1231,
    #1232,#1233,#1239));
#800 = ORIENTED_EDGE('',*,*,#402,.T.);
#801 = ORIENTED_EDGE('',*,*,#424,.T.);
#802 = ORIENTED_EDGE('',*,*,#803,.T.);
#803 = EDGE_CURVE('',#425,#804,#806,.T.);
#804 = VERTEX_POINT('',#805);
#805 = CARTESIAN_POINT('',(0.4,-0.92,5.E-02));
#806 = LINE('',#807,#808);
#807 = CARTESIAN_POINT('',(0.4,-1.04,5.E-02));
#808 = VECTOR('',#809,1.);
#809 = DIRECTION('',(1.224646799147E-16,1.,0.));
#810 = ORIENTED_EDGE('',*,*,#811,.T.);
#811 = EDGE_CURVE('',#804,#812,#814,.T.);
#812 = VERTEX_POINT('',#813);
#813 = CARTESIAN_POINT('',(0.25,-0.92,5.E-02));
#814 = LINE('',#815,#816);
#815 = CARTESIAN_POINT('',(-2.5E-02,-0.92,5.E-02));
#816 = VECTOR('',#817,1.);
#817 = DIRECTION('',(-1.,1.224646799147E-16,0.));
#818 = ORIENTED_EDGE('',*,*,#819,.F.);
#819 = EDGE_CURVE('',#820,#812,#822,.T.);
#820 = VERTEX_POINT('',#821);
#821 = CARTESIAN_POINT('',(0.25,-0.68,5.E-02));
#822 = LINE('',#823,#824);
#823 = CARTESIAN_POINT('',(0.25,-0.8,5.E-02));
#824 = VECTOR('',#825,1.);
#825 = DIRECTION('',(-1.224646799147E-16,-1.,0.));
#826 = ORIENTED_EDGE('',*,*,#827,.T.);
#827 = EDGE_CURVE('',#820,#828,#830,.T.);
#828 = VERTEX_POINT('',#829);
#829 = CARTESIAN_POINT('',(0.4,-0.68,5.E-02));
#830 = LINE('',#831,#832);
#831 = CARTESIAN_POINT('',(-0.175,-0.68,5.E-02));
#832 = VECTOR('',#833,1.);
#833 = DIRECTION('',(1.,-1.224646799147E-16,0.));
#834 = ORIENTED_EDGE('',*,*,#835,.T.);
#835 = EDGE_CURVE('',#828,#836,#838,.T.);
#836 = VERTEX_POINT('',#837);
#837 = CARTESIAN_POINT('',(0.4,-0.6,5.E-02));
#838 = LINE('',#839,#840);
#839 = CARTESIAN_POINT('',(0.4,-0.84,5.E-02));
#840 = VECTOR('',#841,1.);
#841 = DIRECTION('',(1.224646799147E-16,1.,0.));
#842 = ORIENTED_EDGE('',*,*,#843,.F.);
#843 = EDGE_CURVE('',#844,#836,#846,.T.);
#844 = VERTEX_POINT('',#845);
#845 = CARTESIAN_POINT('',(0.35,-0.6,5.E-02));
#846 = LINE('',#847,#848);
#847 = CARTESIAN_POINT('',(2.5E-02,-0.6,5.E-02));
#848 = VECTOR('',#849,1.);
#849 = DIRECTION('',(1.,-1.224646799147E-16,0.));
#850 = ORIENTED_EDGE('',*,*,#851,.T.);
#851 = EDGE_CURVE('',#844,#852,#854,.T.);
#852 = VERTEX_POINT('',#853);
#853 = CARTESIAN_POINT('',(0.35,-0.4,5.E-02));
#854 = CIRCLE('',#855,0.1);
#855 = AXIS2_PLACEMENT_3D('',#856,#857,#858);
#856 = CARTESIAN_POINT('',(0.35,-0.5,5.E-02));
#857 = DIRECTION('',(0.,0.,-1.));
#858 = DIRECTION('',(-1.,1.224646799147E-16,0.));
#859 = ORIENTED_EDGE('',*,*,#860,.T.);
#860 = EDGE_CURVE('',#852,#861,#863,.T.);
#861 = VERTEX_POINT('',#862);
#862 = CARTESIAN_POINT('',(0.4,-0.4,5.E-02));
#863 = LINE('',#864,#865);
#864 = CARTESIAN_POINT('',(2.5E-02,-0.4,5.E-02));
#865 = VECTOR('',#866,1.);
#866 = DIRECTION('',(1.,-1.224646799147E-16,0.));
#867 = ORIENTED_EDGE('',*,*,#868,.T.);
#868 = EDGE_CURVE('',#861,#869,#871,.T.);
#869 = VERTEX_POINT('',#870);
#870 = CARTESIAN_POINT('',(0.4,-0.34,5.E-02));
#871 = LINE('',#872,#873);
#872 = CARTESIAN_POINT('',(0.4,-0.73,5.E-02));
#873 = VECTOR('',#874,1.);
#874 = DIRECTION('',(1.224646799147E-16,1.,0.));
#875 = ORIENTED_EDGE('',*,*,#876,.T.);
#876 = EDGE_CURVE('',#869,#877,#879,.T.);
#877 = VERTEX_POINT('',#878);
#878 = CARTESIAN_POINT('',(0.25,-0.34,5.E-02));
#879 = LINE('',#880,#881);
#880 = CARTESIAN_POINT('',(-2.5E-02,-0.34,5.E-02));
#881 = VECTOR('',#882,1.);
#882 = DIRECTION('',(-1.,1.224646799147E-16,0.));
#883 = ORIENTED_EDGE('',*,*,#884,.F.);
#884 = EDGE_CURVE('',#885,#877,#887,.T.);
#885 = VERTEX_POINT('',#886);
#886 = CARTESIAN_POINT('',(0.25,-0.16,5.E-02));
#887 = LINE('',#888,#889);
#888 = CARTESIAN_POINT('',(0.25,-0.55,5.E-02));
#889 = VECTOR('',#890,1.);
#890 = DIRECTION('',(-1.224646799147E-16,-1.,0.));
#891 = ORIENTED_EDGE('',*,*,#892,.T.);
#892 = EDGE_CURVE('',#885,#893,#895,.T.);
#893 = VERTEX_POINT('',#894);
#894 = CARTESIAN_POINT('',(0.4,-0.16,5.E-02));
#895 = LINE('',#896,#897);
#896 = CARTESIAN_POINT('',(-0.175,-0.16,5.E-02));
#897 = VECTOR('',#898,1.);
#898 = DIRECTION('',(1.,-1.224646799147E-16,0.));
#899 = ORIENTED_EDGE('',*,*,#900,.T.);
#900 = EDGE_CURVE('',#893,#901,#903,.T.);
#901 = VERTEX_POINT('',#902);
#902 = CARTESIAN_POINT('',(0.4,-0.1,5.E-02));
#903 = LINE('',#904,#905);
#904 = CARTESIAN_POINT('',(0.4,-0.58,5.E-02));
#905 = VECTOR('',#906,1.);
#906 = DIRECTION('',(1.224646799147E-16,1.,0.));
#907 = ORIENTED_EDGE('',*,*,#908,.F.);
#908 = EDGE_CURVE('',#909,#901,#911,.T.);
#909 = VERTEX_POINT('',#910);
#910 = CARTESIAN_POINT('',(0.35,-0.1,5.E-02));
#911 = LINE('',#912,#913);
#912 = CARTESIAN_POINT('',(2.5E-02,-0.1,5.E-02));
#913 = VECTOR('',#914,1.);
#914 = DIRECTION('',(1.,-1.224646799147E-16,0.));
#915 = ORIENTED_EDGE('',*,*,#916,.T.);
#916 = EDGE_CURVE('',#909,#917,#919,.T.);
#917 = VERTEX_POINT('',#918);
#918 = CARTESIAN_POINT('',(0.35,0.1,5.E-02));
#919 = CIRCLE('',#920,0.1);
#920 = AXIS2_PLACEMENT_3D('',#921,#922,#923);
#921 = CARTESIAN_POINT('',(0.35,-4.286263797016E-17,5.E-02));
#922 = DIRECTION('',(0.,0.,-1.));
#923 = DIRECTION('',(-1.,1.224646799147E-16,0.));
#924 = ORIENTED_EDGE('',*,*,#925,.T.);
#925 = EDGE_CURVE('',#917,#926,#928,.T.);
#926 = VERTEX_POINT('',#927);
#927 = CARTESIAN_POINT('',(0.4,0.1,5.E-02));
#928 = LINE('',#929,#930);
#929 = CARTESIAN_POINT('',(2.5E-02,0.1,5.E-02));
#930 = VECTOR('',#931,1.);
#931 = DIRECTION('',(1.,-1.224646799147E-16,0.));
#932 = ORIENTED_EDGE('',*,*,#933,.T.);
#933 = EDGE_CURVE('',#926,#934,#936,.T.);
#934 = VERTEX_POINT('',#935);
#935 = CARTESIAN_POINT('',(0.4,0.16,5.E-02));
#936 = LINE('',#937,#938);
#937 = CARTESIAN_POINT('',(0.4,-0.48,5.E-02));
#938 = VECTOR('',#939,1.);
#939 = DIRECTION('',(1.224646799147E-16,1.,0.));
#940 = ORIENTED_EDGE('',*,*,#941,.T.);
#941 = EDGE_CURVE('',#934,#942,#944,.T.);
#942 = VERTEX_POINT('',#943);
#943 = CARTESIAN_POINT('',(0.25,0.16,5.E-02));
#944 = LINE('',#945,#946);
#945 = CARTESIAN_POINT('',(-2.5E-02,0.16,5.E-02));
#946 = VECTOR('',#947,1.);
#947 = DIRECTION('',(-1.,1.224646799147E-16,0.));
#948 = ORIENTED_EDGE('',*,*,#949,.F.);
#949 = EDGE_CURVE('',#950,#942,#952,.T.);
#950 = VERTEX_POINT('',#951);
#951 = CARTESIAN_POINT('',(0.25,0.34,5.E-02));
#952 = LINE('',#953,#954);
#953 = CARTESIAN_POINT('',(0.25,-0.3,5.E-02));
#954 = VECTOR('',#955,1.);
#955 = DIRECTION('',(-1.224646799147E-16,-1.,0.));
#956 = ORIENTED_EDGE('',*,*,#957,.T.);
#957 = EDGE_CURVE('',#950,#958,#960,.T.);
#958 = VERTEX_POINT('',#959);
#959 = CARTESIAN_POINT('',(0.4,0.34,5.E-02));
#960 = LINE('',#961,#962);
#961 = CARTESIAN_POINT('',(-0.175,0.34,5.E-02));
#962 = VECTOR('',#963,1.);
#963 = DIRECTION('',(1.,-1.224646799147E-16,0.));
#964 = ORIENTED_EDGE('',*,*,#965,.T.);
#965 = EDGE_CURVE('',#958,#966,#968,.T.);
#966 = VERTEX_POINT('',#967);
#967 = CARTESIAN_POINT('',(0.4,0.4,5.E-02));
#968 = LINE('',#969,#970);
#969 = CARTESIAN_POINT('',(0.4,-0.33,5.E-02));
#970 = VECTOR('',#971,1.);
#971 = DIRECTION('',(1.224646799147E-16,1.,0.));
#972 = ORIENTED_EDGE('',*,*,#973,.F.);
#973 = EDGE_CURVE('',#974,#966,#976,.T.);
#974 = VERTEX_POINT('',#975);
#975 = CARTESIAN_POINT('',(0.35,0.4,5.E-02));
#976 = LINE('',#977,#978);
#977 = CARTESIAN_POINT('',(2.5E-02,0.4,5.E-02));
#978 = VECTOR('',#979,1.);
#979 = DIRECTION('',(1.,-1.224646799147E-16,0.));
#980 = ORIENTED_EDGE('',*,*,#981,.T.);
#981 = EDGE_CURVE('',#974,#982,#984,.T.);
#982 = VERTEX_POINT('',#983);
#983 = CARTESIAN_POINT('',(0.35,0.6,5.E-02));
#984 = CIRCLE('',#985,0.1);
#985 = AXIS2_PLACEMENT_3D('',#986,#987,#988);
#986 = CARTESIAN_POINT('',(0.35,0.5,5.E-02));
#987 = DIRECTION('',(0.,0.,-1.));
#988 = DIRECTION('',(-1.,1.224646799147E-16,0.));
#989 = ORIENTED_EDGE('',*,*,#990,.T.);
#990 = EDGE_CURVE('',#982,#991,#993,.T.);
#991 = VERTEX_POINT('',#992);
#992 = CARTESIAN_POINT('',(0.4,0.6,5.E-02));
#993 = LINE('',#994,#995);
#994 = CARTESIAN_POINT('',(2.5E-02,0.6,5.E-02));
#995 = VECTOR('',#996,1.);
#996 = DIRECTION('',(1.,-1.224646799147E-16,0.));
#997 = ORIENTED_EDGE('',*,*,#998,.T.);
#998 = EDGE_CURVE('',#991,#999,#1001,.T.);
#999 = VERTEX_POINT('',#1000);
#1000 = CARTESIAN_POINT('',(0.4,0.68,5.E-02));
#1001 = LINE('',#1002,#1003);
#1002 = CARTESIAN_POINT('',(0.4,-0.24,5.E-02));
#1003 = VECTOR('',#1004,1.);
#1004 = DIRECTION('',(1.224646799147E-16,1.,0.));
#1005 = ORIENTED_EDGE('',*,*,#1006,.T.);
#1006 = EDGE_CURVE('',#999,#1007,#1009,.T.);
#1007 = VERTEX_POINT('',#1008);
#1008 = CARTESIAN_POINT('',(0.25,0.68,5.E-02));
#1009 = LINE('',#1010,#1011);
#1010 = CARTESIAN_POINT('',(-2.5E-02,0.68,5.E-02));
#1011 = VECTOR('',#1012,1.);
#1012 = DIRECTION('',(-1.,1.224646799147E-16,0.));
#1013 = ORIENTED_EDGE('',*,*,#1014,.F.);
#1014 = EDGE_CURVE('',#1015,#1007,#1017,.T.);
#1015 = VERTEX_POINT('',#1016);
#1016 = CARTESIAN_POINT('',(0.25,0.92,5.E-02));
#1017 = LINE('',#1018,#1019);
#1018 = CARTESIAN_POINT('',(0.25,0.,5.E-02));
#1019 = VECTOR('',#1020,1.);
#1020 = DIRECTION('',(-1.224646799147E-16,-1.,0.));
#1021 = ORIENTED_EDGE('',*,*,#1022,.T.);
#1022 = EDGE_CURVE('',#1015,#1023,#1025,.T.);
#1023 = VERTEX_POINT('',#1024);
#1024 = CARTESIAN_POINT('',(0.4,0.92,5.E-02));
#1025 = LINE('',#1026,#1027);
#1026 = CARTESIAN_POINT('',(-0.175,0.92,5.E-02));
#1027 = VECTOR('',#1028,1.);
#1028 = DIRECTION('',(1.,-1.224646799147E-16,0.));
#1029 = ORIENTED_EDGE('',*,*,#1030,.T.);
#1030 = EDGE_CURVE('',#1023,#1031,#1033,.T.);
#1031 = VERTEX_POINT('',#1032);
#1032 = CARTESIAN_POINT('',(0.4,1.,5.E-02));
#1033 = LINE('',#1034,#1035);
#1034 = CARTESIAN_POINT('',(0.4,-4.E-02,5.E-02));
#1035 = VECTOR('',#1036,1.);
#1036 = DIRECTION('',(1.224646799147E-16,1.,0.));
#1037 = ORIENTED_EDGE('',*,*,#1038,.F.);
#1038 = EDGE_CURVE('',#1039,#1031,#1041,.T.);
#1039 = VERTEX_POINT('',#1040);
#1040 = CARTESIAN_POINT('',(-0.4,1.,5.E-02));
#1041 = LINE('',#1042,#1043);
#1042 = CARTESIAN_POINT('',(-0.45,1.,5.E-02));
#1043 = VECTOR('',#1044,1.);
#1044 = DIRECTION('',(1.,0.,0.));
#1045 = ORIENTED_EDGE('',*,*,#1046,.T.);
#1046 = EDGE_CURVE('',#1039,#1047,#1049,.T.);
#1047 = VERTEX_POINT('',#1048);
#1048 = CARTESIAN_POINT('',(-0.4,0.92,5.E-02));
#1049 = LINE('',#1050,#1051);
#1050 = CARTESIAN_POINT('',(-0.4,4.E-02,5.E-02));
#1051 = VECTOR('',#1052,1.);
#1052 = DIRECTION('',(0.,-1.,0.));
#1053 = ORIENTED_EDGE('',*,*,#1054,.T.);
#1054 = EDGE_CURVE('',#1047,#1055,#1057,.T.);
#1055 = VERTEX_POINT('',#1056);
#1056 = CARTESIAN_POINT('',(-0.25,0.92,5.E-02));
#1057 = LINE('',#1058,#1059);
#1058 = CARTESIAN_POINT('',(-0.425,0.92,5.E-02));
#1059 = VECTOR('',#1060,1.);
#1060 = DIRECTION('',(1.,0.,0.));
#1061 = ORIENTED_EDGE('',*,*,#1062,.F.);
#1062 = EDGE_CURVE('',#1063,#1055,#1065,.T.);
#1063 = VERTEX_POINT('',#1064);
#1064 = CARTESIAN_POINT('',(-0.25,0.68,5.E-02));
#1065 = LINE('',#1066,#1067);
#1066 = CARTESIAN_POINT('',(-0.25,-0.2,5.E-02));
#1067 = VECTOR('',#1068,1.);
#1068 = DIRECTION('',(0.,1.,0.));
#1069 = ORIENTED_EDGE('',*,*,#1070,.T.);
#1070 = EDGE_CURVE('',#1063,#1071,#1073,.T.);
#1071 = VERTEX_POINT('',#1072);
#1072 = CARTESIAN_POINT('',(-0.4,0.68,5.E-02));
#1073 = LINE('',#1074,#1075);
#1074 = CARTESIAN_POINT('',(-0.275,0.68,5.E-02));
#1075 = VECTOR('',#1076,1.);
#1076 = DIRECTION('',(-1.,0.,0.));
#1077 = ORIENTED_EDGE('',*,*,#1078,.T.);
#1078 = EDGE_CURVE('',#1071,#1079,#1081,.T.);
#1079 = VERTEX_POINT('',#1080);
#1080 = CARTESIAN_POINT('',(-0.4,0.6,5.E-02));
#1081 = LINE('',#1082,#1083);
#1082 = CARTESIAN_POINT('',(-0.4,-0.16,5.E-02));
#1083 = VECTOR('',#1084,1.);
#1084 = DIRECTION('',(0.,-1.,0.));
#1085 = ORIENTED_EDGE('',*,*,#1086,.F.);
#1086 = EDGE_CURVE('',#1087,#1079,#1089,.T.);
#1087 = VERTEX_POINT('',#1088);
#1088 = CARTESIAN_POINT('',(-0.35,0.6,5.E-02));
#1089 = LINE('',#1090,#1091);
#1090 = CARTESIAN_POINT('',(-0.475,0.6,5.E-02));
#1091 = VECTOR('',#1092,1.);
#1092 = DIRECTION('',(-1.,0.,0.));
#1093 = ORIENTED_EDGE('',*,*,#1094,.T.);
#1094 = EDGE_CURVE('',#1087,#1095,#1097,.T.);
#1095 = VERTEX_POINT('',#1096);
#1096 = CARTESIAN_POINT('',(-0.35,0.4,5.E-02));
#1097 = CIRCLE('',#1098,0.1);
#1098 = AXIS2_PLACEMENT_3D('',#1099,#1100,#1101);
#1099 = CARTESIAN_POINT('',(-0.35,0.5,5.E-02));
#1100 = DIRECTION('',(0.,0.,-1.));
#1101 = DIRECTION('',(1.,0.,0.));
#1102 = ORIENTED_EDGE('',*,*,#1103,.T.);
#1103 = EDGE_CURVE('',#1095,#1104,#1106,.T.);
#1104 = VERTEX_POINT('',#1105);
#1105 = CARTESIAN_POINT('',(-0.4,0.4,5.E-02));
#1106 = LINE('',#1107,#1108);
#1107 = CARTESIAN_POINT('',(-0.475,0.4,5.E-02));
#1108 = VECTOR('',#1109,1.);
#1109 = DIRECTION('',(-1.,0.,0.));
#1110 = ORIENTED_EDGE('',*,*,#1111,.T.);
#1111 = EDGE_CURVE('',#1104,#1112,#1114,.T.);
#1112 = VERTEX_POINT('',#1113);
#1113 = CARTESIAN_POINT('',(-0.4,0.34,5.E-02));
#1114 = LINE('',#1115,#1116);
#1115 = CARTESIAN_POINT('',(-0.4,-0.27,5.E-02));
#1116 = VECTOR('',#1117,1.);
#1117 = DIRECTION('',(0.,-1.,0.));
#1118 = ORIENTED_EDGE('',*,*,#1119,.T.);
#1119 = EDGE_CURVE('',#1112,#1120,#1122,.T.);
#1120 = VERTEX_POINT('',#1121);
#1121 = CARTESIAN_POINT('',(-0.25,0.34,5.E-02));
#1122 = LINE('',#1123,#1124);
#1123 = CARTESIAN_POINT('',(-0.425,0.34,5.E-02));
#1124 = VECTOR('',#1125,1.);
#1125 = DIRECTION('',(1.,0.,0.));
#1126 = ORIENTED_EDGE('',*,*,#1127,.F.);
#1127 = EDGE_CURVE('',#1128,#1120,#1130,.T.);
#1128 = VERTEX_POINT('',#1129);
#1129 = CARTESIAN_POINT('',(-0.25,0.16,5.E-02));
#1130 = LINE('',#1131,#1132);
#1131 = CARTESIAN_POINT('',(-0.25,-0.45,5.E-02));
#1132 = VECTOR('',#1133,1.);
#1133 = DIRECTION('',(0.,1.,0.));
#1134 = ORIENTED_EDGE('',*,*,#1135,.T.);
#1135 = EDGE_CURVE('',#1128,#1136,#1138,.T.);
#1136 = VERTEX_POINT('',#1137);
#1137 = CARTESIAN_POINT('',(-0.4,0.16,5.E-02));
#1138 = LINE('',#1139,#1140);
#1139 = CARTESIAN_POINT('',(-0.275,0.16,5.E-02));
#1140 = VECTOR('',#1141,1.);
#1141 = DIRECTION('',(-1.,0.,0.));
#1142 = ORIENTED_EDGE('',*,*,#1143,.T.);
#1143 = EDGE_CURVE('',#1136,#1144,#1146,.T.);
#1144 = VERTEX_POINT('',#1145);
#1145 = CARTESIAN_POINT('',(-0.4,0.1,5.E-02));
#1146 = LINE('',#1147,#1148);
#1147 = CARTESIAN_POINT('',(-0.4,-0.42,5.E-02));
#1148 = VECTOR('',#1149,1.);
#1149 = DIRECTION('',(0.,-1.,0.));
#1150 = ORIENTED_EDGE('',*,*,#1151,.F.);
#1151 = EDGE_CURVE('',#1152,#1144,#1154,.T.);
#1152 = VERTEX_POINT('',#1153);
#1153 = CARTESIAN_POINT('',(-0.35,0.1,5.E-02));
#1154 = LINE('',#1155,#1156);
#1155 = CARTESIAN_POINT('',(-0.475,0.1,5.E-02));
#1156 = VECTOR('',#1157,1.);
#1157 = DIRECTION('',(-1.,0.,0.));
#1158 = ORIENTED_EDGE('',*,*,#1159,.T.);
#1159 = EDGE_CURVE('',#1152,#1160,#1162,.T.);
#1160 = VERTEX_POINT('',#1161);
#1161 = CARTESIAN_POINT('',(-0.35,-0.1,5.E-02));
#1162 = CIRCLE('',#1163,0.1);
#1163 = AXIS2_PLACEMENT_3D('',#1164,#1165,#1166);
#1164 = CARTESIAN_POINT('',(-0.35,0.,5.E-02));
#1165 = DIRECTION('',(0.,0.,-1.));
#1166 = DIRECTION('',(1.,0.,0.));
#1167 = ORIENTED_EDGE('',*,*,#1168,.T.);
#1168 = EDGE_CURVE('',#1160,#1169,#1171,.T.);
#1169 = VERTEX_POINT('',#1170);
#1170 = CARTESIAN_POINT('',(-0.4,-0.1,5.E-02));
#1171 = LINE('',#1172,#1173);
#1172 = CARTESIAN_POINT('',(-0.475,-0.1,5.E-02));
#1173 = VECTOR('',#1174,1.);
#1174 = DIRECTION('',(-1.,0.,0.));
#1175 = ORIENTED_EDGE('',*,*,#1176,.T.);
#1176 = EDGE_CURVE('',#1169,#1177,#1179,.T.);
#1177 = VERTEX_POINT('',#1178);
#1178 = CARTESIAN_POINT('',(-0.4,-0.16,5.E-02));
#1179 = LINE('',#1180,#1181);
#1180 = CARTESIAN_POINT('',(-0.4,-0.52,5.E-02));
#1181 = VECTOR('',#1182,1.);
#1182 = DIRECTION('',(0.,-1.,0.));
#1183 = ORIENTED_EDGE('',*,*,#1184,.T.);
#1184 = EDGE_CURVE('',#1177,#1185,#1187,.T.);
#1185 = VERTEX_POINT('',#1186);
#1186 = CARTESIAN_POINT('',(-0.25,-0.16,5.E-02));
#1187 = LINE('',#1188,#1189);
#1188 = CARTESIAN_POINT('',(-0.425,-0.16,5.E-02));
#1189 = VECTOR('',#1190,1.);
#1190 = DIRECTION('',(1.,0.,0.));
#1191 = ORIENTED_EDGE('',*,*,#1192,.F.);
#1192 = EDGE_CURVE('',#1193,#1185,#1195,.T.);
#1193 = VERTEX_POINT('',#1194);
#1194 = CARTESIAN_POINT('',(-0.25,-0.34,5.E-02));
#1195 = LINE('',#1196,#1197);
#1196 = CARTESIAN_POINT('',(-0.25,-0.7,5.E-02));
#1197 = VECTOR('',#1198,1.);
#1198 = DIRECTION('',(0.,1.,0.));
#1199 = ORIENTED_EDGE('',*,*,#1200,.T.);
#1200 = EDGE_CURVE('',#1193,#1201,#1203,.T.);
#1201 = VERTEX_POINT('',#1202);
#1202 = CARTESIAN_POINT('',(-0.4,-0.34,5.E-02));
#1203 = LINE('',#1204,#1205);
#1204 = CARTESIAN_POINT('',(-0.275,-0.34,5.E-02));
#1205 = VECTOR('',#1206,1.);
#1206 = DIRECTION('',(-1.,0.,0.));
#1207 = ORIENTED_EDGE('',*,*,#1208,.T.);
#1208 = EDGE_CURVE('',#1201,#1209,#1211,.T.);
#1209 = VERTEX_POINT('',#1210);
#1210 = CARTESIAN_POINT('',(-0.4,-0.4,5.E-02));
#1211 = LINE('',#1212,#1213);
#1212 = CARTESIAN_POINT('',(-0.4,-0.67,5.E-02));
#1213 = VECTOR('',#1214,1.);
#1214 = DIRECTION('',(0.,-1.,0.));
#1215 = ORIENTED_EDGE('',*,*,#1216,.F.);
#1216 = EDGE_CURVE('',#1217,#1209,#1219,.T.);
#1217 = VERTEX_POINT('',#1218);
#1218 = CARTESIAN_POINT('',(-0.35,-0.4,5.E-02));
#1219 = LINE('',#1220,#1221);
#1220 = CARTESIAN_POINT('',(-0.475,-0.4,5.E-02));
#1221 = VECTOR('',#1222,1.);
#1222 = DIRECTION('',(-1.,0.,0.));
#1223 = ORIENTED_EDGE('',*,*,#1224,.T.);
#1224 = EDGE_CURVE('',#1217,#635,#1225,.T.);
#1225 = CIRCLE('',#1226,0.1);
#1226 = AXIS2_PLACEMENT_3D('',#1227,#1228,#1229);
#1227 = CARTESIAN_POINT('',(-0.35,-0.5,5.E-02));
#1228 = DIRECTION('',(0.,0.,-1.));
#1229 = DIRECTION('',(1.,0.,0.));
#1230 = ORIENTED_EDGE('',*,*,#644,.T.);
#1231 = ORIENTED_EDGE('',*,*,#618,.T.);
#1232 = ORIENTED_EDGE('',*,*,#724,.T.);
#1233 = ORIENTED_EDGE('',*,*,#1234,.F.);
#1234 = EDGE_CURVE('',#750,#715,#1235,.T.);
#1235 = LINE('',#1236,#1237);
#1236 = CARTESIAN_POINT('',(-0.25,-1.,5.E-02));
#1237 = VECTOR('',#1238,1.);
#1238 = DIRECTION('',(0.,1.,0.));
#1239 = ORIENTED_EDGE('',*,*,#749,.T.);
#1240 = PLANE('',#1241);
#1241 = AXIS2_PLACEMENT_3D('',#1242,#1243,#1244);
#1242 = CARTESIAN_POINT('',(-0.45,-1.,5.E-02));
#1243 = DIRECTION('',(0.,0.,1.));
#1244 = DIRECTION('',(1.,0.,-0.));
#1245 = ADVANCED_FACE('',(#1246),#1323,.T.);
#1246 = FACE_BOUND('',#1247,.T.);
#1247 = EDGE_LOOP('',(#1248,#1258,#1267,#1275,#1284,#1292,#1301,#1307,
    #1308,#1316));
#1248 = ORIENTED_EDGE('',*,*,#1249,.F.);
#1249 = EDGE_CURVE('',#1250,#1252,#1254,.T.);
#1250 = VERTEX_POINT('',#1251);
#1251 = CARTESIAN_POINT('',(0.48,-1.,0.));
#1252 = VERTEX_POINT('',#1253);
#1253 = CARTESIAN_POINT('',(0.42,-1.,0.));
#1254 = LINE('',#1255,#1256);
#1255 = CARTESIAN_POINT('',(0.5,-1.,0.));
#1256 = VECTOR('',#1257,1.);
#1257 = DIRECTION('',(-1.,1.224646799147E-16,0.));
#1258 = ORIENTED_EDGE('',*,*,#1259,.F.);
#1259 = EDGE_CURVE('',#1260,#1250,#1262,.T.);
#1260 = VERTEX_POINT('',#1261);
#1261 = CARTESIAN_POINT('',(0.5,-1.,2.E-02));
#1262 = CIRCLE('',#1263,2.E-02);
#1263 = AXIS2_PLACEMENT_3D('',#1264,#1265,#1266);
#1264 = CARTESIAN_POINT('',(0.48,-1.,2.E-02));
#1265 = DIRECTION('',(1.224646799147E-16,1.,-0.));
#1266 = DIRECTION('',(0.,0.,1.));
#1267 = ORIENTED_EDGE('',*,*,#1268,.T.);
#1268 = EDGE_CURVE('',#1260,#1269,#1271,.T.);
#1269 = VERTEX_POINT('',#1270);
#1270 = CARTESIAN_POINT('',(0.5,-1.,0.33));
#1271 = LINE('',#1272,#1273);
#1272 = CARTESIAN_POINT('',(0.5,-1.,0.));
#1273 = VECTOR('',#1274,1.);
#1274 = DIRECTION('',(0.,0.,1.));
#1275 = ORIENTED_EDGE('',*,*,#1276,.T.);
#1276 = EDGE_CURVE('',#1269,#1277,#1279,.T.);
#1277 = VERTEX_POINT('',#1278);
#1278 = CARTESIAN_POINT('',(0.48,-1.,0.35));
#1279 = CIRCLE('',#1280,2.E-02);
#1280 = AXIS2_PLACEMENT_3D('',#1281,#1282,#1283);
#1281 = CARTESIAN_POINT('',(0.48,-1.,0.33));
#1282 = DIRECTION('',(-1.224646799147E-16,-1.,0.));
#1283 = DIRECTION('',(0.,0.,1.));
#1284 = ORIENTED_EDGE('',*,*,#1285,.T.);
#1285 = EDGE_CURVE('',#1277,#1286,#1288,.T.);
#1286 = VERTEX_POINT('',#1287);
#1287 = CARTESIAN_POINT('',(0.42,-1.,0.35));
#1288 = LINE('',#1289,#1290);
#1289 = CARTESIAN_POINT('',(0.5,-1.,0.35));
#1290 = VECTOR('',#1291,1.);
#1291 = DIRECTION('',(-1.,1.224646799147E-16,0.));
#1292 = ORIENTED_EDGE('',*,*,#1293,.T.);
#1293 = EDGE_CURVE('',#1286,#1294,#1296,.T.);
#1294 = VERTEX_POINT('',#1295);
#1295 = CARTESIAN_POINT('',(0.4,-1.,0.33));
#1296 = CIRCLE('',#1297,2.E-02);
#1297 = AXIS2_PLACEMENT_3D('',#1298,#1299,#1300);
#1298 = CARTESIAN_POINT('',(0.42,-1.,0.33));
#1299 = DIRECTION('',(-1.224646799147E-16,-1.,0.));
#1300 = DIRECTION('',(-0.,0.,-1.));
#1301 = ORIENTED_EDGE('',*,*,#1302,.F.);
#1302 = EDGE_CURVE('',#450,#1294,#1303,.T.);
#1303 = LINE('',#1304,#1305);
#1304 = CARTESIAN_POINT('',(0.4,-1.,0.175));
#1305 = VECTOR('',#1306,1.);
#1306 = DIRECTION('',(0.,0.,1.));
#1307 = ORIENTED_EDGE('',*,*,#457,.F.);
#1308 = ORIENTED_EDGE('',*,*,#1309,.F.);
#1309 = EDGE_CURVE('',#1310,#425,#1312,.T.);
#1310 = VERTEX_POINT('',#1311);
#1311 = CARTESIAN_POINT('',(0.4,-1.,2.E-02));
#1312 = LINE('',#1313,#1314);
#1313 = CARTESIAN_POINT('',(0.4,-1.,0.175));
#1314 = VECTOR('',#1315,1.);
#1315 = DIRECTION('',(0.,0.,1.));
#1316 = ORIENTED_EDGE('',*,*,#1317,.F.);
#1317 = EDGE_CURVE('',#1252,#1310,#1318,.T.);
#1318 = CIRCLE('',#1319,2.E-02);
#1319 = AXIS2_PLACEMENT_3D('',#1320,#1321,#1322);
#1320 = CARTESIAN_POINT('',(0.42,-1.,2.E-02));
#1321 = DIRECTION('',(1.224646799147E-16,1.,0.));
#1322 = DIRECTION('',(0.,0.,-1.));
#1323 = PLANE('',#1324);
#1324 = AXIS2_PLACEMENT_3D('',#1325,#1326,#1327);
#1325 = CARTESIAN_POINT('',(0.5,-1.,0.));
#1326 = DIRECTION('',(-1.224646799147E-16,-1.,0.));
#1327 = DIRECTION('',(0.,0.,1.));
#1328 = ADVANCED_FACE('',(#1329),#1347,.T.);
#1329 = FACE_BOUND('',#1330,.T.);
#1330 = EDGE_LOOP('',(#1331,#1339,#1340,#1341));
#1331 = ORIENTED_EDGE('',*,*,#1332,.T.);
#1332 = EDGE_CURVE('',#1333,#537,#1335,.T.);
#1333 = VERTEX_POINT('',#1334);
#1334 = CARTESIAN_POINT('',(-0.25,-0.92,0.3));
#1335 = LINE('',#1336,#1337);
#1336 = CARTESIAN_POINT('',(-0.275,-0.92,0.3));
#1337 = VECTOR('',#1338,1.);
#1338 = DIRECTION('',(-1.,0.,0.));
#1339 = ORIENTED_EDGE('',*,*,#536,.T.);
#1340 = ORIENTED_EDGE('',*,*,#433,.T.);
#1341 = ORIENTED_EDGE('',*,*,#1342,.T.);
#1342 = EDGE_CURVE('',#434,#1333,#1343,.T.);
#1343 = LINE('',#1344,#1345);
#1344 = CARTESIAN_POINT('',(-0.25,-1.,0.3));
#1345 = VECTOR('',#1346,1.);
#1346 = DIRECTION('',(0.,1.,0.));
#1347 = PLANE('',#1348);
#1348 = AXIS2_PLACEMENT_3D('',#1349,#1350,#1351);
#1349 = CARTESIAN_POINT('',(-0.45,-1.,0.3));
#1350 = DIRECTION('',(0.,0.,1.));
#1351 = DIRECTION('',(1.,0.,-0.));
#1352 = ADVANCED_FACE('',(#1353),#1378,.T.);
#1353 = FACE_BOUND('',#1354,.T.);
#1354 = EDGE_LOOP('',(#1355,#1363,#1364,#1372));
#1355 = ORIENTED_EDGE('',*,*,#1356,.F.);
#1356 = EDGE_CURVE('',#442,#1357,#1359,.T.);
#1357 = VERTEX_POINT('',#1358);
#1358 = CARTESIAN_POINT('',(0.25,-0.92,0.3));
#1359 = LINE('',#1360,#1361);
#1360 = CARTESIAN_POINT('',(0.25,-1.,0.3));
#1361 = VECTOR('',#1362,1.);
#1362 = DIRECTION('',(0.,1.,0.));
#1363 = ORIENTED_EDGE('',*,*,#449,.T.);
#1364 = ORIENTED_EDGE('',*,*,#1365,.T.);
#1365 = EDGE_CURVE('',#450,#1366,#1368,.T.);
#1366 = VERTEX_POINT('',#1367);
#1367 = CARTESIAN_POINT('',(0.4,-0.92,0.3));
#1368 = LINE('',#1369,#1370);
#1369 = CARTESIAN_POINT('',(0.4,-1.04,0.3));
#1370 = VECTOR('',#1371,1.);
#1371 = DIRECTION('',(1.224646799147E-16,1.,0.));
#1372 = ORIENTED_EDGE('',*,*,#1373,.T.);
#1373 = EDGE_CURVE('',#1366,#1357,#1374,.T.);
#1374 = LINE('',#1375,#1376);
#1375 = CARTESIAN_POINT('',(-2.5E-02,-0.92,0.3));
#1376 = VECTOR('',#1377,1.);
#1377 = DIRECTION('',(-1.,1.224646799147E-16,0.));
#1378 = PLANE('',#1379);
#1379 = AXIS2_PLACEMENT_3D('',#1380,#1381,#1382);
#1380 = CARTESIAN_POINT('',(-0.45,-1.,0.3));
#1381 = DIRECTION('',(0.,0.,1.));
#1382 = DIRECTION('',(1.,0.,-0.));
#1383 = ADVANCED_FACE('',(#1384),#1409,.F.);
#1384 = FACE_BOUND('',#1385,.F.);
#1385 = EDGE_LOOP('',(#1386,#1387,#1395,#1403));
#1386 = ORIENTED_EDGE('',*,*,#441,.F.);
#1387 = ORIENTED_EDGE('',*,*,#1388,.T.);
#1388 = EDGE_CURVE('',#434,#1389,#1391,.T.);
#1389 = VERTEX_POINT('',#1390);
#1390 = CARTESIAN_POINT('',(-0.25,-1.,0.35));
#1391 = LINE('',#1392,#1393);
#1392 = CARTESIAN_POINT('',(-0.25,-1.,0.3));
#1393 = VECTOR('',#1394,1.);
#1394 = DIRECTION('',(0.,0.,1.));
#1395 = ORIENTED_EDGE('',*,*,#1396,.T.);
#1396 = EDGE_CURVE('',#1389,#1397,#1399,.T.);
#1397 = VERTEX_POINT('',#1398);
#1398 = CARTESIAN_POINT('',(0.25,-1.,0.35));
#1399 = LINE('',#1400,#1401);
#1400 = CARTESIAN_POINT('',(-0.25,-1.,0.35));
#1401 = VECTOR('',#1402,1.);
#1402 = DIRECTION('',(1.,0.,0.));
#1403 = ORIENTED_EDGE('',*,*,#1404,.F.);
#1404 = EDGE_CURVE('',#442,#1397,#1405,.T.);
#1405 = LINE('',#1406,#1407);
#1406 = CARTESIAN_POINT('',(0.25,-1.,0.3));
#1407 = VECTOR('',#1408,1.);
#1408 = DIRECTION('',(0.,0.,1.));
#1409 = PLANE('',#1410);
#1410 = AXIS2_PLACEMENT_3D('',#1411,#1412,#1413);
#1411 = CARTESIAN_POINT('',(-0.25,-1.,0.3));
#1412 = DIRECTION('',(0.,1.,0.));
#1413 = DIRECTION('',(0.,-0.,1.));
#1414 = ADVANCED_FACE('',(#1415),#1444,.F.);
#1415 = FACE_BOUND('',#1416,.F.);
#1416 = EDGE_LOOP('',(#1417,#1426,#1427,#1428,#1429,#1430,#1438));
#1417 = ORIENTED_EDGE('',*,*,#1418,.F.);
#1418 = EDGE_CURVE('',#499,#1419,#1421,.T.);
#1419 = VERTEX_POINT('',#1420);
#1420 = CARTESIAN_POINT('',(-0.25,-0.68,0.33));
#1421 = CIRCLE('',#1422,2.E-02);
#1422 = AXIS2_PLACEMENT_3D('',#1423,#1424,#1425);
#1423 = CARTESIAN_POINT('',(-0.27,-0.68,0.33));
#1424 = DIRECTION('',(0.,1.,0.));
#1425 = DIRECTION('',(0.,-0.,1.));
#1426 = ORIENTED_EDGE('',*,*,#506,.F.);
#1427 = ORIENTED_EDGE('',*,*,#514,.T.);
#1428 = ORIENTED_EDGE('',*,*,#697,.T.);
#1429 = ORIENTED_EDGE('',*,*,#665,.T.);
#1430 = ORIENTED_EDGE('',*,*,#1431,.T.);
#1431 = EDGE_CURVE('',#668,#1432,#1434,.T.);
#1432 = VERTEX_POINT('',#1433);
#1433 = CARTESIAN_POINT('',(-0.25,-0.68,0.3));
#1434 = LINE('',#1435,#1436);
#1435 = CARTESIAN_POINT('',(-0.425,-0.68,0.3));
#1436 = VECTOR('',#1437,1.);
#1437 = DIRECTION('',(1.,0.,0.));
#1438 = ORIENTED_EDGE('',*,*,#1439,.F.);
#1439 = EDGE_CURVE('',#1419,#1432,#1440,.T.);
#1440 = LINE('',#1441,#1442);
#1441 = CARTESIAN_POINT('',(-0.25,-0.68,0.175));
#1442 = VECTOR('',#1443,1.);
#1443 = DIRECTION('',(0.,0.,-1.));
#1444 = PLANE('',#1445);
#1445 = AXIS2_PLACEMENT_3D('',#1446,#1447,#1448);
#1446 = CARTESIAN_POINT('',(-0.4,-0.68,0.35));
#1447 = DIRECTION('',(0.,-1.,0.));
#1448 = DIRECTION('',(1.,0.,0.));
#1449 = ADVANCED_FACE('',(#1450),#1472,.F.);
#1450 = FACE_BOUND('',#1451,.F.);
#1451 = EDGE_LOOP('',(#1452,#1453,#1462,#1468,#1469,#1470,#1471));
#1452 = ORIENTED_EDGE('',*,*,#490,.F.);
#1453 = ORIENTED_EDGE('',*,*,#1454,.T.);
#1454 = EDGE_CURVE('',#491,#1455,#1457,.T.);
#1455 = VERTEX_POINT('',#1456);
#1456 = CARTESIAN_POINT('',(-0.25,-0.92,0.33));
#1457 = CIRCLE('',#1458,2.E-02);
#1458 = AXIS2_PLACEMENT_3D('',#1459,#1460,#1461);
#1459 = CARTESIAN_POINT('',(-0.27,-0.92,0.33));
#1460 = DIRECTION('',(0.,1.,0.));
#1461 = DIRECTION('',(0.,-0.,1.));
#1462 = ORIENTED_EDGE('',*,*,#1463,.F.);
#1463 = EDGE_CURVE('',#1333,#1455,#1464,.T.);
#1464 = LINE('',#1465,#1466);
#1465 = CARTESIAN_POINT('',(-0.25,-0.92,0.175));
#1466 = VECTOR('',#1467,1.);
#1467 = DIRECTION('',(0.,0.,1.));
#1468 = ORIENTED_EDGE('',*,*,#1332,.T.);
#1469 = ORIENTED_EDGE('',*,*,#553,.F.);
#1470 = ORIENTED_EDGE('',*,*,#570,.F.);
#1471 = ORIENTED_EDGE('',*,*,#482,.F.);
#1472 = PLANE('',#1473);
#1473 = AXIS2_PLACEMENT_3D('',#1474,#1475,#1476);
#1474 = CARTESIAN_POINT('',(-0.1,-0.92,0.35));
#1475 = DIRECTION('',(0.,1.,0.));
#1476 = DIRECTION('',(-1.,0.,0.));
#1477 = ADVANCED_FACE('',(#1478),#1489,.T.);
#1478 = FACE_BOUND('',#1479,.T.);
#1479 = EDGE_LOOP('',(#1480,#1481,#1487,#1488));
#1480 = ORIENTED_EDGE('',*,*,#1454,.T.);
#1481 = ORIENTED_EDGE('',*,*,#1482,.T.);
#1482 = EDGE_CURVE('',#1455,#1419,#1483,.T.);
#1483 = LINE('',#1484,#1485);
#1484 = CARTESIAN_POINT('',(-0.25,-0.92,0.33));
#1485 = VECTOR('',#1486,1.);
#1486 = DIRECTION('',(0.,1.,0.));
#1487 = ORIENTED_EDGE('',*,*,#1418,.F.);
#1488 = ORIENTED_EDGE('',*,*,#498,.F.);
#1489 = CYLINDRICAL_SURFACE('',#1490,2.E-02);
#1490 = AXIS2_PLACEMENT_3D('',#1491,#1492,#1493);
#1491 = CARTESIAN_POINT('',(-0.27,-0.92,0.33));
#1492 = DIRECTION('',(0.,1.,0.));
#1493 = DIRECTION('',(0.,-0.,1.));
#1494 = ADVANCED_FACE('',(#1495),#1523,.F.);
#1495 = FACE_BOUND('',#1496,.F.);
#1496 = EDGE_LOOP('',(#1497,#1508,#1515,#1516,#1517));
#1497 = ORIENTED_EDGE('',*,*,#1498,.T.);
#1498 = EDGE_CURVE('',#1499,#1501,#1503,.T.);
#1499 = VERTEX_POINT('',#1500);
#1500 = CARTESIAN_POINT('',(-0.35,-0.4,0.3));
#1501 = VERTEX_POINT('',#1502);
#1502 = CARTESIAN_POINT('',(-0.25,-0.5,0.3));
#1503 = CIRCLE('',#1504,0.1);
#1504 = AXIS2_PLACEMENT_3D('',#1505,#1506,#1507);
#1505 = CARTESIAN_POINT('',(-0.35,-0.5,0.3));
#1506 = DIRECTION('',(0.,0.,-1.));
#1507 = DIRECTION('',(1.,0.,0.));
#1508 = ORIENTED_EDGE('',*,*,#1509,.T.);
#1509 = EDGE_CURVE('',#1501,#637,#1510,.T.);
#1510 = CIRCLE('',#1511,0.1);
#1511 = AXIS2_PLACEMENT_3D('',#1512,#1513,#1514);
#1512 = CARTESIAN_POINT('',(-0.35,-0.5,0.3));
#1513 = DIRECTION('',(0.,0.,-1.));
#1514 = DIRECTION('',(1.,0.,0.));
#1515 = ORIENTED_EDGE('',*,*,#634,.F.);
#1516 = ORIENTED_EDGE('',*,*,#1224,.F.);
#1517 = ORIENTED_EDGE('',*,*,#1518,.T.);
#1518 = EDGE_CURVE('',#1217,#1499,#1519,.T.);
#1519 = LINE('',#1520,#1521);
#1520 = CARTESIAN_POINT('',(-0.35,-0.4,0.));
#1521 = VECTOR('',#1522,1.);
#1522 = DIRECTION('',(0.,0.,1.));
#1523 = CYLINDRICAL_SURFACE('',#1524,0.1);
#1524 = AXIS2_PLACEMENT_3D('',#1525,#1526,#1527);
#1525 = CARTESIAN_POINT('',(-0.35,-0.5,0.));
#1526 = DIRECTION('',(-0.,-0.,-1.));
#1527 = DIRECTION('',(1.,0.,0.));
#1528 = ADVANCED_FACE('',(#1529),#1541,.T.);
#1529 = FACE_BOUND('',#1530,.T.);
#1530 = EDGE_LOOP('',(#1531,#1532,#1538,#1539,#1540));
#1531 = ORIENTED_EDGE('',*,*,#1431,.T.);
#1532 = ORIENTED_EDGE('',*,*,#1533,.T.);
#1533 = EDGE_CURVE('',#1432,#1501,#1534,.T.);
#1534 = LINE('',#1535,#1536);
#1535 = CARTESIAN_POINT('',(-0.25,-1.,0.3));
#1536 = VECTOR('',#1537,1.);
#1537 = DIRECTION('',(0.,1.,0.));
#1538 = ORIENTED_EDGE('',*,*,#1509,.T.);
#1539 = ORIENTED_EDGE('',*,*,#651,.T.);
#1540 = ORIENTED_EDGE('',*,*,#682,.T.);
#1541 = PLANE('',#1542);
#1542 = AXIS2_PLACEMENT_3D('',#1543,#1544,#1545);
#1543 = CARTESIAN_POINT('',(-0.45,-1.,0.3));
#1544 = DIRECTION('',(0.,0.,1.));
#1545 = DIRECTION('',(1.,0.,-0.));
#1546 = ADVANCED_FACE('',(#1547),#1553,.T.);
#1547 = FACE_BOUND('',#1548,.T.);
#1548 = EDGE_LOOP('',(#1549,#1550,#1551,#1552));
#1549 = ORIENTED_EDGE('',*,*,#714,.F.);
#1550 = ORIENTED_EDGE('',*,*,#1234,.F.);
#1551 = ORIENTED_EDGE('',*,*,#757,.F.);
#1552 = ORIENTED_EDGE('',*,*,#786,.T.);
#1553 = PLANE('',#1554);
#1554 = AXIS2_PLACEMENT_3D('',#1555,#1556,#1557);
#1555 = CARTESIAN_POINT('',(-0.25,-1.,0.));
#1556 = DIRECTION('',(1.,0.,0.));
#1557 = DIRECTION('',(0.,0.,1.));
#1558 = ADVANCED_FACE('',(#1559),#1577,.F.);
#1559 = FACE_BOUND('',#1560,.F.);
#1560 = EDGE_LOOP('',(#1561,#1569,#1570,#1571));
#1561 = ORIENTED_EDGE('',*,*,#1562,.F.);
#1562 = EDGE_CURVE('',#804,#1563,#1565,.T.);
#1563 = VERTEX_POINT('',#1564);
#1564 = CARTESIAN_POINT('',(0.4,-0.92,2.E-02));
#1565 = LINE('',#1566,#1567);
#1566 = CARTESIAN_POINT('',(0.4,-0.92,0.35));
#1567 = VECTOR('',#1568,1.);
#1568 = DIRECTION('',(0.,0.,-1.));
#1569 = ORIENTED_EDGE('',*,*,#803,.F.);
#1570 = ORIENTED_EDGE('',*,*,#1309,.F.);
#1571 = ORIENTED_EDGE('',*,*,#1572,.T.);
#1572 = EDGE_CURVE('',#1310,#1563,#1573,.T.);
#1573 = LINE('',#1574,#1575);
#1574 = CARTESIAN_POINT('',(0.4,-1.,2.E-02));
#1575 = VECTOR('',#1576,1.);
#1576 = DIRECTION('',(1.224646799147E-16,1.,0.));
#1577 = PLANE('',#1578);
#1578 = AXIS2_PLACEMENT_3D('',#1579,#1580,#1581);
#1579 = CARTESIAN_POINT('',(0.4,-1.08,0.35));
#1580 = DIRECTION('',(1.,-1.224646799147E-16,0.));
#1581 = DIRECTION('',(1.224646799147E-16,1.,0.));
#1582 = ADVANCED_FACE('',(#1583),#1627,.F.);
#1583 = FACE_BOUND('',#1584,.F.);
#1584 = EDGE_LOOP('',(#1585,#1593,#1594,#1595,#1604,#1612,#1620));
#1585 = ORIENTED_EDGE('',*,*,#1586,.F.);
#1586 = EDGE_CURVE('',#812,#1587,#1589,.T.);
#1587 = VERTEX_POINT('',#1588);
#1588 = CARTESIAN_POINT('',(0.25,-0.92,2.E-02));
#1589 = LINE('',#1590,#1591);
#1590 = CARTESIAN_POINT('',(0.25,-0.92,0.175));
#1591 = VECTOR('',#1592,1.);
#1592 = DIRECTION('',(-0.,0.,-1.));
#1593 = ORIENTED_EDGE('',*,*,#811,.F.);
#1594 = ORIENTED_EDGE('',*,*,#1562,.T.);
#1595 = ORIENTED_EDGE('',*,*,#1596,.F.);
#1596 = EDGE_CURVE('',#1597,#1563,#1599,.T.);
#1597 = VERTEX_POINT('',#1598);
#1598 = CARTESIAN_POINT('',(0.42,-0.92,0.));
#1599 = CIRCLE('',#1600,2.E-02);
#1600 = AXIS2_PLACEMENT_3D('',#1601,#1602,#1603);
#1601 = CARTESIAN_POINT('',(0.42,-0.92,2.E-02));
#1602 = DIRECTION('',(1.224646799147E-16,1.,0.));
#1603 = DIRECTION('',(0.,0.,-1.));
#1604 = ORIENTED_EDGE('',*,*,#1605,.F.);
#1605 = EDGE_CURVE('',#1606,#1597,#1608,.T.);
#1606 = VERTEX_POINT('',#1607);
#1607 = CARTESIAN_POINT('',(0.4,-0.92,0.));
#1608 = LINE('',#1609,#1610);
#1609 = CARTESIAN_POINT('',(0.45,-0.92,0.));
#1610 = VECTOR('',#1611,1.);
#1611 = DIRECTION('',(1.,-1.224646799147E-16,0.));
#1612 = ORIENTED_EDGE('',*,*,#1613,.T.);
#1613 = EDGE_CURVE('',#1606,#1614,#1616,.T.);
#1614 = VERTEX_POINT('',#1615);
#1615 = CARTESIAN_POINT('',(0.27,-0.92,0.));
#1616 = LINE('',#1617,#1618);
#1617 = CARTESIAN_POINT('',(0.45,-0.92,0.));
#1618 = VECTOR('',#1619,1.);
#1619 = DIRECTION('',(-1.,1.224646799147E-16,0.));
#1620 = ORIENTED_EDGE('',*,*,#1621,.T.);
#1621 = EDGE_CURVE('',#1614,#1587,#1622,.T.);
#1622 = CIRCLE('',#1623,2.E-02);
#1623 = AXIS2_PLACEMENT_3D('',#1624,#1625,#1626);
#1624 = CARTESIAN_POINT('',(0.27,-0.92,2.E-02));
#1625 = DIRECTION('',(1.224646799147E-16,1.,-0.));
#1626 = DIRECTION('',(0.,0.,1.));
#1627 = PLANE('',#1628);
#1628 = AXIS2_PLACEMENT_3D('',#1629,#1630,#1631);
#1629 = CARTESIAN_POINT('',(0.4,-0.92,0.35));
#1630 = DIRECTION('',(1.224646799147E-16,1.,0.));
#1631 = DIRECTION('',(-1.,1.224646799147E-16,0.));
#1632 = ADVANCED_FACE('',(#1633),#1651,.T.);
#1633 = FACE_BOUND('',#1634,.T.);
#1634 = EDGE_LOOP('',(#1635,#1636,#1637,#1645));
#1635 = ORIENTED_EDGE('',*,*,#1586,.F.);
#1636 = ORIENTED_EDGE('',*,*,#819,.F.);
#1637 = ORIENTED_EDGE('',*,*,#1638,.F.);
#1638 = EDGE_CURVE('',#1639,#820,#1641,.T.);
#1639 = VERTEX_POINT('',#1640);
#1640 = CARTESIAN_POINT('',(0.25,-0.68,2.E-02));
#1641 = LINE('',#1642,#1643);
#1642 = CARTESIAN_POINT('',(0.25,-0.68,0.175));
#1643 = VECTOR('',#1644,1.);
#1644 = DIRECTION('',(0.,0.,1.));
#1645 = ORIENTED_EDGE('',*,*,#1646,.T.);
#1646 = EDGE_CURVE('',#1639,#1587,#1647,.T.);
#1647 = LINE('',#1648,#1649);
#1648 = CARTESIAN_POINT('',(0.25,-0.68,2.E-02));
#1649 = VECTOR('',#1650,1.);
#1650 = DIRECTION('',(-1.224646799147E-16,-1.,0.));
#1651 = PLANE('',#1652);
#1652 = AXIS2_PLACEMENT_3D('',#1653,#1654,#1655);
#1653 = CARTESIAN_POINT('',(0.25,-0.6,0.));
#1654 = DIRECTION('',(-1.,1.224646799147E-16,0.));
#1655 = DIRECTION('',(0.,0.,1.));
#1656 = ADVANCED_FACE('',(#1657),#1701,.F.);
#1657 = FACE_BOUND('',#1658,.F.);
#1658 = EDGE_LOOP('',(#1659,#1660,#1661,#1670,#1678,#1686,#1695));
#1659 = ORIENTED_EDGE('',*,*,#827,.F.);
#1660 = ORIENTED_EDGE('',*,*,#1638,.F.);
#1661 = ORIENTED_EDGE('',*,*,#1662,.F.);
#1662 = EDGE_CURVE('',#1663,#1639,#1665,.T.);
#1663 = VERTEX_POINT('',#1664);
#1664 = CARTESIAN_POINT('',(0.27,-0.68,0.));
#1665 = CIRCLE('',#1666,2.E-02);
#1666 = AXIS2_PLACEMENT_3D('',#1667,#1668,#1669);
#1667 = CARTESIAN_POINT('',(0.27,-0.68,2.E-02));
#1668 = DIRECTION('',(1.224646799147E-16,1.,-0.));
#1669 = DIRECTION('',(0.,0.,1.));
#1670 = ORIENTED_EDGE('',*,*,#1671,.T.);
#1671 = EDGE_CURVE('',#1663,#1672,#1674,.T.);
#1672 = VERTEX_POINT('',#1673);
#1673 = CARTESIAN_POINT('',(0.4,-0.68,0.));
#1674 = LINE('',#1675,#1676);
#1675 = CARTESIAN_POINT('',(0.3,-0.68,0.));
#1676 = VECTOR('',#1677,1.);
#1677 = DIRECTION('',(1.,-1.224646799147E-16,0.));
#1678 = ORIENTED_EDGE('',*,*,#1679,.T.);
#1679 = EDGE_CURVE('',#1672,#1680,#1682,.T.);
#1680 = VERTEX_POINT('',#1681);
#1681 = CARTESIAN_POINT('',(0.42,-0.68,0.));
#1682 = LINE('',#1683,#1684);
#1683 = CARTESIAN_POINT('',(0.3,-0.68,0.));
#1684 = VECTOR('',#1685,1.);
#1685 = DIRECTION('',(1.,-1.224646799147E-16,0.));
#1686 = ORIENTED_EDGE('',*,*,#1687,.T.);
#1687 = EDGE_CURVE('',#1680,#1688,#1690,.T.);
#1688 = VERTEX_POINT('',#1689);
#1689 = CARTESIAN_POINT('',(0.4,-0.68,2.E-02));
#1690 = CIRCLE('',#1691,2.E-02);
#1691 = AXIS2_PLACEMENT_3D('',#1692,#1693,#1694);
#1692 = CARTESIAN_POINT('',(0.42,-0.68,2.E-02));
#1693 = DIRECTION('',(1.224646799147E-16,1.,0.));
#1694 = DIRECTION('',(0.,0.,-1.));
#1695 = ORIENTED_EDGE('',*,*,#1696,.F.);
#1696 = EDGE_CURVE('',#828,#1688,#1697,.T.);
#1697 = LINE('',#1698,#1699);
#1698 = CARTESIAN_POINT('',(0.4,-0.68,0.35));
#1699 = VECTOR('',#1700,1.);
#1700 = DIRECTION('',(0.,0.,-1.));
#1701 = PLANE('',#1702);
#1702 = AXIS2_PLACEMENT_3D('',#1703,#1704,#1705);
#1703 = CARTESIAN_POINT('',(0.1,-0.68,0.35));
#1704 = DIRECTION('',(-1.224646799147E-16,-1.,0.));
#1705 = DIRECTION('',(1.,-1.224646799147E-16,0.));
#1706 = ADVANCED_FACE('',(#1707),#1725,.F.);
#1707 = FACE_BOUND('',#1708,.F.);
#1708 = EDGE_LOOP('',(#1709,#1717,#1723,#1724));
#1709 = ORIENTED_EDGE('',*,*,#1710,.T.);
#1710 = EDGE_CURVE('',#1688,#1711,#1713,.T.);
#1711 = VERTEX_POINT('',#1712);
#1712 = CARTESIAN_POINT('',(0.4,-0.6,2.E-02));
#1713 = LINE('',#1714,#1715);
#1714 = CARTESIAN_POINT('',(0.4,-0.68,2.E-02));
#1715 = VECTOR('',#1716,1.);
#1716 = DIRECTION('',(1.224646799147E-16,1.,0.));
#1717 = ORIENTED_EDGE('',*,*,#1718,.T.);
#1718 = EDGE_CURVE('',#1711,#836,#1719,.T.);
#1719 = LINE('',#1720,#1721);
#1720 = CARTESIAN_POINT('',(0.4,-0.6,0.175));
#1721 = VECTOR('',#1722,1.);
#1722 = DIRECTION('',(0.,0.,1.));
#1723 = ORIENTED_EDGE('',*,*,#835,.F.);
#1724 = ORIENTED_EDGE('',*,*,#1696,.T.);
#1725 = PLANE('',#1726);
#1726 = AXIS2_PLACEMENT_3D('',#1727,#1728,#1729);
#1727 = CARTESIAN_POINT('',(0.4,-0.68,0.35));
#1728 = DIRECTION('',(1.,-1.224646799147E-16,0.));
#1729 = DIRECTION('',(1.224646799147E-16,1.,0.));
#1730 = ADVANCED_FACE('',(#1731),#1749,.F.);
#1731 = FACE_BOUND('',#1732,.F.);
#1732 = EDGE_LOOP('',(#1733,#1734,#1735,#1743));
#1733 = ORIENTED_EDGE('',*,*,#1518,.F.);
#1734 = ORIENTED_EDGE('',*,*,#1216,.T.);
#1735 = ORIENTED_EDGE('',*,*,#1736,.T.);
#1736 = EDGE_CURVE('',#1209,#1737,#1739,.T.);
#1737 = VERTEX_POINT('',#1738);
#1738 = CARTESIAN_POINT('',(-0.4,-0.4,0.3));
#1739 = LINE('',#1740,#1741);
#1740 = CARTESIAN_POINT('',(-0.4,-0.4,0.175));
#1741 = VECTOR('',#1742,1.);
#1742 = DIRECTION('',(0.,0.,1.));
#1743 = ORIENTED_EDGE('',*,*,#1744,.F.);
#1744 = EDGE_CURVE('',#1499,#1737,#1745,.T.);
#1745 = LINE('',#1746,#1747);
#1746 = CARTESIAN_POINT('',(-0.475,-0.4,0.3));
#1747 = VECTOR('',#1748,1.);
#1748 = DIRECTION('',(-1.,0.,0.));
#1749 = PLANE('',#1750);
#1750 = AXIS2_PLACEMENT_3D('',#1751,#1752,#1753);
#1751 = CARTESIAN_POINT('',(-0.5,-0.4,0.));
#1752 = DIRECTION('',(0.,1.,0.));
#1753 = DIRECTION('',(0.,-0.,1.));
#1754 = ADVANCED_FACE('',(#1755),#1780,.F.);
#1755 = FACE_BOUND('',#1756,.F.);
#1756 = EDGE_LOOP('',(#1757,#1765,#1766,#1774));
#1757 = ORIENTED_EDGE('',*,*,#1758,.F.);
#1758 = EDGE_CURVE('',#844,#1759,#1761,.T.);
#1759 = VERTEX_POINT('',#1760);
#1760 = CARTESIAN_POINT('',(0.35,-0.6,0.3));
#1761 = LINE('',#1762,#1763);
#1762 = CARTESIAN_POINT('',(0.35,-0.6,0.));
#1763 = VECTOR('',#1764,1.);
#1764 = DIRECTION('',(0.,0.,1.));
#1765 = ORIENTED_EDGE('',*,*,#843,.T.);
#1766 = ORIENTED_EDGE('',*,*,#1767,.T.);
#1767 = EDGE_CURVE('',#836,#1768,#1770,.T.);
#1768 = VERTEX_POINT('',#1769);
#1769 = CARTESIAN_POINT('',(0.4,-0.6,0.3));
#1770 = LINE('',#1771,#1772);
#1771 = CARTESIAN_POINT('',(0.4,-0.6,0.175));
#1772 = VECTOR('',#1773,1.);
#1773 = DIRECTION('',(0.,0.,1.));
#1774 = ORIENTED_EDGE('',*,*,#1775,.F.);
#1775 = EDGE_CURVE('',#1759,#1768,#1776,.T.);
#1776 = LINE('',#1777,#1778);
#1777 = CARTESIAN_POINT('',(2.5E-02,-0.6,0.3));
#1778 = VECTOR('',#1779,1.);
#1779 = DIRECTION('',(1.,-1.224646799147E-16,0.));
#1780 = PLANE('',#1781);
#1781 = AXIS2_PLACEMENT_3D('',#1782,#1783,#1784);
#1782 = CARTESIAN_POINT('',(0.5,-0.6,0.));
#1783 = DIRECTION('',(-1.224646799147E-16,-1.,0.));
#1784 = DIRECTION('',(0.,0.,1.));
#1785 = ADVANCED_FACE('',(#1786),#1811,.F.);
#1786 = FACE_BOUND('',#1787,.F.);
#1787 = EDGE_LOOP('',(#1788,#1798,#1804,#1805));
#1788 = ORIENTED_EDGE('',*,*,#1789,.T.);
#1789 = EDGE_CURVE('',#1790,#1792,#1794,.T.);
#1790 = VERTEX_POINT('',#1791);
#1791 = CARTESIAN_POINT('',(-0.4,-0.34,2.E-02));
#1792 = VERTEX_POINT('',#1793);
#1793 = CARTESIAN_POINT('',(-0.4,-0.4,2.E-02));
#1794 = LINE('',#1795,#1796);
#1795 = CARTESIAN_POINT('',(-0.4,-0.34,2.E-02));
#1796 = VECTOR('',#1797,1.);
#1797 = DIRECTION('',(0.,-1.,0.));
#1798 = ORIENTED_EDGE('',*,*,#1799,.T.);
#1799 = EDGE_CURVE('',#1792,#1209,#1800,.T.);
#1800 = LINE('',#1801,#1802);
#1801 = CARTESIAN_POINT('',(-0.4,-0.4,0.175));
#1802 = VECTOR('',#1803,1.);
#1803 = DIRECTION('',(0.,0.,1.));
#1804 = ORIENTED_EDGE('',*,*,#1208,.F.);
#1805 = ORIENTED_EDGE('',*,*,#1806,.T.);
#1806 = EDGE_CURVE('',#1201,#1790,#1807,.T.);
#1807 = LINE('',#1808,#1809);
#1808 = CARTESIAN_POINT('',(-0.4,-0.34,0.35));
#1809 = VECTOR('',#1810,1.);
#1810 = DIRECTION('',(-0.,-0.,-1.));
#1811 = PLANE('',#1812);
#1812 = AXIS2_PLACEMENT_3D('',#1813,#1814,#1815);
#1813 = CARTESIAN_POINT('',(-0.4,-0.34,0.35));
#1814 = DIRECTION('',(-1.,0.,0.));
#1815 = DIRECTION('',(0.,-1.,0.));
#1816 = ADVANCED_FACE('',(#1817),#1845,.F.);
#1817 = FACE_BOUND('',#1818,.F.);
#1818 = EDGE_LOOP('',(#1819,#1828,#1837,#1843,#1844));
#1819 = ORIENTED_EDGE('',*,*,#1820,.T.);
#1820 = EDGE_CURVE('',#1759,#1821,#1823,.T.);
#1821 = VERTEX_POINT('',#1822);
#1822 = CARTESIAN_POINT('',(0.25,-0.5,0.3));
#1823 = CIRCLE('',#1824,0.1);
#1824 = AXIS2_PLACEMENT_3D('',#1825,#1826,#1827);
#1825 = CARTESIAN_POINT('',(0.35,-0.5,0.3));
#1826 = DIRECTION('',(0.,0.,-1.));
#1827 = DIRECTION('',(-1.,1.224646799147E-16,0.));
#1828 = ORIENTED_EDGE('',*,*,#1829,.T.);
#1829 = EDGE_CURVE('',#1821,#1830,#1832,.T.);
#1830 = VERTEX_POINT('',#1831);
#1831 = CARTESIAN_POINT('',(0.35,-0.4,0.3));
#1832 = CIRCLE('',#1833,0.1);
#1833 = AXIS2_PLACEMENT_3D('',#1834,#1835,#1836);
#1834 = CARTESIAN_POINT('',(0.35,-0.5,0.3));
#1835 = DIRECTION('',(0.,0.,-1.));
#1836 = DIRECTION('',(-1.,1.224646799147E-16,0.));
#1837 = ORIENTED_EDGE('',*,*,#1838,.F.);
#1838 = EDGE_CURVE('',#852,#1830,#1839,.T.);
#1839 = LINE('',#1840,#1841);
#1840 = CARTESIAN_POINT('',(0.35,-0.4,0.));
#1841 = VECTOR('',#1842,1.);
#1842 = DIRECTION('',(0.,0.,1.));
#1843 = ORIENTED_EDGE('',*,*,#851,.F.);
#1844 = ORIENTED_EDGE('',*,*,#1758,.T.);
#1845 = CYLINDRICAL_SURFACE('',#1846,0.1);
#1846 = AXIS2_PLACEMENT_3D('',#1847,#1848,#1849);
#1847 = CARTESIAN_POINT('',(0.35,-0.5,0.));
#1848 = DIRECTION('',(0.,0.,-1.));
#1849 = DIRECTION('',(-1.,1.224646799147E-16,0.));
#1850 = ADVANCED_FACE('',(#1851),#1895,.F.);
#1851 = FACE_BOUND('',#1852,.F.);
#1852 = EDGE_LOOP('',(#1853,#1854,#1862,#1871,#1879,#1887,#1894));
#1853 = ORIENTED_EDGE('',*,*,#1200,.F.);
#1854 = ORIENTED_EDGE('',*,*,#1855,.F.);
#1855 = EDGE_CURVE('',#1856,#1193,#1858,.T.);
#1856 = VERTEX_POINT('',#1857);
#1857 = CARTESIAN_POINT('',(-0.25,-0.34,2.E-02));
#1858 = LINE('',#1859,#1860);
#1859 = CARTESIAN_POINT('',(-0.25,-0.34,0.175));
#1860 = VECTOR('',#1861,1.);
#1861 = DIRECTION('',(0.,0.,1.));
#1862 = ORIENTED_EDGE('',*,*,#1863,.F.);
#1863 = EDGE_CURVE('',#1864,#1856,#1866,.T.);
#1864 = VERTEX_POINT('',#1865);
#1865 = CARTESIAN_POINT('',(-0.27,-0.34,0.));
#1866 = CIRCLE('',#1867,2.E-02);
#1867 = AXIS2_PLACEMENT_3D('',#1868,#1869,#1870);
#1868 = CARTESIAN_POINT('',(-0.27,-0.34,2.E-02));
#1869 = DIRECTION('',(0.,-1.,0.));
#1870 = DIRECTION('',(0.,0.,1.));
#1871 = ORIENTED_EDGE('',*,*,#1872,.T.);
#1872 = EDGE_CURVE('',#1864,#1873,#1875,.T.);
#1873 = VERTEX_POINT('',#1874);
#1874 = CARTESIAN_POINT('',(-0.4,-0.34,0.));
#1875 = LINE('',#1876,#1877);
#1876 = CARTESIAN_POINT('',(-0.3,-0.34,0.));
#1877 = VECTOR('',#1878,1.);
#1878 = DIRECTION('',(-1.,0.,0.));
#1879 = ORIENTED_EDGE('',*,*,#1880,.T.);
#1880 = EDGE_CURVE('',#1873,#1881,#1883,.T.);
#1881 = VERTEX_POINT('',#1882);
#1882 = CARTESIAN_POINT('',(-0.42,-0.34,0.));
#1883 = LINE('',#1884,#1885);
#1884 = CARTESIAN_POINT('',(-0.3,-0.34,0.));
#1885 = VECTOR('',#1886,1.);
#1886 = DIRECTION('',(-1.,0.,0.));
#1887 = ORIENTED_EDGE('',*,*,#1888,.T.);
#1888 = EDGE_CURVE('',#1881,#1790,#1889,.T.);
#1889 = CIRCLE('',#1890,2.E-02);
#1890 = AXIS2_PLACEMENT_3D('',#1891,#1892,#1893);
#1891 = CARTESIAN_POINT('',(-0.42,-0.34,2.E-02));
#1892 = DIRECTION('',(0.,-1.,0.));
#1893 = DIRECTION('',(0.,0.,-1.));
#1894 = ORIENTED_EDGE('',*,*,#1806,.F.);
#1895 = PLANE('',#1896);
#1896 = AXIS2_PLACEMENT_3D('',#1897,#1898,#1899);
#1897 = CARTESIAN_POINT('',(-0.1,-0.34,0.35));
#1898 = DIRECTION('',(0.,1.,0.));
#1899 = DIRECTION('',(-1.,0.,0.));
#1900 = ADVANCED_FACE('',(#1901),#1919,.T.);
#1901 = FACE_BOUND('',#1902,.T.);
#1902 = EDGE_LOOP('',(#1903,#1904,#1905,#1913));
#1903 = ORIENTED_EDGE('',*,*,#1838,.F.);
#1904 = ORIENTED_EDGE('',*,*,#860,.T.);
#1905 = ORIENTED_EDGE('',*,*,#1906,.T.);
#1906 = EDGE_CURVE('',#861,#1907,#1909,.T.);
#1907 = VERTEX_POINT('',#1908);
#1908 = CARTESIAN_POINT('',(0.4,-0.4,0.3));
#1909 = LINE('',#1910,#1911);
#1910 = CARTESIAN_POINT('',(0.4,-0.4,0.175));
#1911 = VECTOR('',#1912,1.);
#1912 = DIRECTION('',(0.,0.,1.));
#1913 = ORIENTED_EDGE('',*,*,#1914,.F.);
#1914 = EDGE_CURVE('',#1830,#1907,#1915,.T.);
#1915 = LINE('',#1916,#1917);
#1916 = CARTESIAN_POINT('',(2.5E-02,-0.4,0.3));
#1917 = VECTOR('',#1918,1.);
#1918 = DIRECTION('',(1.,-1.224646799147E-16,0.));
#1919 = PLANE('',#1920);
#1920 = AXIS2_PLACEMENT_3D('',#1921,#1922,#1923);
#1921 = CARTESIAN_POINT('',(0.5,-0.4,0.));
#1922 = DIRECTION('',(-1.224646799147E-16,-1.,0.));
#1923 = DIRECTION('',(0.,0.,1.));
#1924 = ADVANCED_FACE('',(#1925),#1943,.T.);
#1925 = FACE_BOUND('',#1926,.T.);
#1926 = EDGE_LOOP('',(#1927,#1935,#1936,#1937));
#1927 = ORIENTED_EDGE('',*,*,#1928,.F.);
#1928 = EDGE_CURVE('',#1185,#1929,#1931,.T.);
#1929 = VERTEX_POINT('',#1930);
#1930 = CARTESIAN_POINT('',(-0.25,-0.16,2.E-02));
#1931 = LINE('',#1932,#1933);
#1932 = CARTESIAN_POINT('',(-0.25,-0.16,0.175));
#1933 = VECTOR('',#1934,1.);
#1934 = DIRECTION('',(0.,0.,-1.));
#1935 = ORIENTED_EDGE('',*,*,#1192,.F.);
#1936 = ORIENTED_EDGE('',*,*,#1855,.F.);
#1937 = ORIENTED_EDGE('',*,*,#1938,.T.);
#1938 = EDGE_CURVE('',#1856,#1929,#1939,.T.);
#1939 = LINE('',#1940,#1941);
#1940 = CARTESIAN_POINT('',(-0.25,-0.34,2.E-02));
#1941 = VECTOR('',#1942,1.);
#1942 = DIRECTION('',(0.,1.,0.));
#1943 = PLANE('',#1944);
#1944 = AXIS2_PLACEMENT_3D('',#1945,#1946,#1947);
#1945 = CARTESIAN_POINT('',(-0.25,-0.4,0.));
#1946 = DIRECTION('',(1.,0.,0.));
#1947 = DIRECTION('',(0.,0.,1.));
#1948 = ADVANCED_FACE('',(#1949),#1974,.F.);
#1949 = FACE_BOUND('',#1950,.F.);
#1950 = EDGE_LOOP('',(#1951,#1959,#1960,#1968));
#1951 = ORIENTED_EDGE('',*,*,#1952,.F.);
#1952 = EDGE_CURVE('',#869,#1953,#1955,.T.);
#1953 = VERTEX_POINT('',#1954);
#1954 = CARTESIAN_POINT('',(0.4,-0.34,2.E-02));
#1955 = LINE('',#1956,#1957);
#1956 = CARTESIAN_POINT('',(0.4,-0.34,0.35));
#1957 = VECTOR('',#1958,1.);
#1958 = DIRECTION('',(0.,0.,-1.));
#1959 = ORIENTED_EDGE('',*,*,#868,.F.);
#1960 = ORIENTED_EDGE('',*,*,#1961,.F.);
#1961 = EDGE_CURVE('',#1962,#861,#1964,.T.);
#1962 = VERTEX_POINT('',#1963);
#1963 = CARTESIAN_POINT('',(0.4,-0.4,2.E-02));
#1964 = LINE('',#1965,#1966);
#1965 = CARTESIAN_POINT('',(0.4,-0.4,0.175));
#1966 = VECTOR('',#1967,1.);
#1967 = DIRECTION('',(0.,0.,1.));
#1968 = ORIENTED_EDGE('',*,*,#1969,.T.);
#1969 = EDGE_CURVE('',#1962,#1953,#1970,.T.);
#1970 = LINE('',#1971,#1972);
#1971 = CARTESIAN_POINT('',(0.4,-0.4,2.E-02));
#1972 = VECTOR('',#1973,1.);
#1973 = DIRECTION('',(1.224646799147E-16,1.,0.));
#1974 = PLANE('',#1975);
#1975 = AXIS2_PLACEMENT_3D('',#1976,#1977,#1978);
#1976 = CARTESIAN_POINT('',(0.4,-0.46,0.35));
#1977 = DIRECTION('',(1.,-1.224646799147E-16,0.));
#1978 = DIRECTION('',(1.224646799147E-16,1.,0.));
#1979 = ADVANCED_FACE('',(#1980),#2024,.F.);
#1980 = FACE_BOUND('',#1981,.F.);
#1981 = EDGE_LOOP('',(#1982,#1983,#1984,#1992,#2001,#2009,#2017));
#1982 = ORIENTED_EDGE('',*,*,#1928,.F.);
#1983 = ORIENTED_EDGE('',*,*,#1184,.F.);
#1984 = ORIENTED_EDGE('',*,*,#1985,.T.);
#1985 = EDGE_CURVE('',#1177,#1986,#1988,.T.);
#1986 = VERTEX_POINT('',#1987);
#1987 = CARTESIAN_POINT('',(-0.4,-0.16,2.E-02));
#1988 = LINE('',#1989,#1990);
#1989 = CARTESIAN_POINT('',(-0.4,-0.16,0.35));
#1990 = VECTOR('',#1991,1.);
#1991 = DIRECTION('',(-0.,-0.,-1.));
#1992 = ORIENTED_EDGE('',*,*,#1993,.F.);
#1993 = EDGE_CURVE('',#1994,#1986,#1996,.T.);
#1994 = VERTEX_POINT('',#1995);
#1995 = CARTESIAN_POINT('',(-0.42,-0.16,0.));
#1996 = CIRCLE('',#1997,2.E-02);
#1997 = AXIS2_PLACEMENT_3D('',#1998,#1999,#2000);
#1998 = CARTESIAN_POINT('',(-0.42,-0.16,2.E-02));
#1999 = DIRECTION('',(0.,-1.,0.));
#2000 = DIRECTION('',(0.,0.,-1.));
#2001 = ORIENTED_EDGE('',*,*,#2002,.F.);
#2002 = EDGE_CURVE('',#2003,#1994,#2005,.T.);
#2003 = VERTEX_POINT('',#2004);
#2004 = CARTESIAN_POINT('',(-0.4,-0.16,0.));
#2005 = LINE('',#2006,#2007);
#2006 = CARTESIAN_POINT('',(-0.45,-0.16,0.));
#2007 = VECTOR('',#2008,1.);
#2008 = DIRECTION('',(-1.,0.,0.));
#2009 = ORIENTED_EDGE('',*,*,#2010,.T.);
#2010 = EDGE_CURVE('',#2003,#2011,#2013,.T.);
#2011 = VERTEX_POINT('',#2012);
#2012 = CARTESIAN_POINT('',(-0.27,-0.16,0.));
#2013 = LINE('',#2014,#2015);
#2014 = CARTESIAN_POINT('',(-0.45,-0.16,0.));
#2015 = VECTOR('',#2016,1.);
#2016 = DIRECTION('',(1.,0.,0.));
#2017 = ORIENTED_EDGE('',*,*,#2018,.T.);
#2018 = EDGE_CURVE('',#2011,#1929,#2019,.T.);
#2019 = CIRCLE('',#2020,2.E-02);
#2020 = AXIS2_PLACEMENT_3D('',#2021,#2022,#2023);
#2021 = CARTESIAN_POINT('',(-0.27,-0.16,2.E-02));
#2022 = DIRECTION('',(0.,-1.,0.));
#2023 = DIRECTION('',(0.,0.,1.));
#2024 = PLANE('',#2025);
#2025 = AXIS2_PLACEMENT_3D('',#2026,#2027,#2028);
#2026 = CARTESIAN_POINT('',(-0.4,-0.16,0.35));
#2027 = DIRECTION('',(0.,-1.,0.));
#2028 = DIRECTION('',(1.,0.,0.));
#2029 = ADVANCED_FACE('',(#2030),#2074,.F.);
#2030 = FACE_BOUND('',#2031,.F.);
#2031 = EDGE_LOOP('',(#2032,#2040,#2041,#2042,#2051,#2059,#2067));
#2032 = ORIENTED_EDGE('',*,*,#2033,.F.);
#2033 = EDGE_CURVE('',#877,#2034,#2036,.T.);
#2034 = VERTEX_POINT('',#2035);
#2035 = CARTESIAN_POINT('',(0.25,-0.34,2.E-02));
#2036 = LINE('',#2037,#2038);
#2037 = CARTESIAN_POINT('',(0.25,-0.34,0.175));
#2038 = VECTOR('',#2039,1.);
#2039 = DIRECTION('',(-0.,0.,-1.));
#2040 = ORIENTED_EDGE('',*,*,#876,.F.);
#2041 = ORIENTED_EDGE('',*,*,#1952,.T.);
#2042 = ORIENTED_EDGE('',*,*,#2043,.F.);
#2043 = EDGE_CURVE('',#2044,#1953,#2046,.T.);
#2044 = VERTEX_POINT('',#2045);
#2045 = CARTESIAN_POINT('',(0.42,-0.34,0.));
#2046 = CIRCLE('',#2047,2.E-02);
#2047 = AXIS2_PLACEMENT_3D('',#2048,#2049,#2050);
#2048 = CARTESIAN_POINT('',(0.42,-0.34,2.E-02));
#2049 = DIRECTION('',(1.224646799147E-16,1.,0.));
#2050 = DIRECTION('',(0.,0.,-1.));
#2051 = ORIENTED_EDGE('',*,*,#2052,.F.);
#2052 = EDGE_CURVE('',#2053,#2044,#2055,.T.);
#2053 = VERTEX_POINT('',#2054);
#2054 = CARTESIAN_POINT('',(0.4,-0.34,0.));
#2055 = LINE('',#2056,#2057);
#2056 = CARTESIAN_POINT('',(0.45,-0.34,0.));
#2057 = VECTOR('',#2058,1.);
#2058 = DIRECTION('',(1.,-1.224646799147E-16,0.));
#2059 = ORIENTED_EDGE('',*,*,#2060,.T.);
#2060 = EDGE_CURVE('',#2053,#2061,#2063,.T.);
#2061 = VERTEX_POINT('',#2062);
#2062 = CARTESIAN_POINT('',(0.27,-0.34,0.));
#2063 = LINE('',#2064,#2065);
#2064 = CARTESIAN_POINT('',(0.45,-0.34,0.));
#2065 = VECTOR('',#2066,1.);
#2066 = DIRECTION('',(-1.,1.224646799147E-16,0.));
#2067 = ORIENTED_EDGE('',*,*,#2068,.T.);
#2068 = EDGE_CURVE('',#2061,#2034,#2069,.T.);
#2069 = CIRCLE('',#2070,2.E-02);
#2070 = AXIS2_PLACEMENT_3D('',#2071,#2072,#2073);
#2071 = CARTESIAN_POINT('',(0.27,-0.34,2.E-02));
#2072 = DIRECTION('',(1.224646799147E-16,1.,-0.));
#2073 = DIRECTION('',(0.,0.,1.));
#2074 = PLANE('',#2075);
#2075 = AXIS2_PLACEMENT_3D('',#2076,#2077,#2078);
#2076 = CARTESIAN_POINT('',(0.4,-0.34,0.35));
#2077 = DIRECTION('',(1.224646799147E-16,1.,0.));
#2078 = DIRECTION('',(-1.,1.224646799147E-16,0.));
#2079 = ADVANCED_FACE('',(#2080),#2098,.F.);
#2080 = FACE_BOUND('',#2081,.F.);
#2081 = EDGE_LOOP('',(#2082,#2083,#2084,#2092));
#2082 = ORIENTED_EDGE('',*,*,#1985,.F.);
#2083 = ORIENTED_EDGE('',*,*,#1176,.F.);
#2084 = ORIENTED_EDGE('',*,*,#2085,.F.);
#2085 = EDGE_CURVE('',#2086,#1169,#2088,.T.);
#2086 = VERTEX_POINT('',#2087);
#2087 = CARTESIAN_POINT('',(-0.4,-0.1,2.E-02));
#2088 = LINE('',#2089,#2090);
#2089 = CARTESIAN_POINT('',(-0.4,-0.1,0.175));
#2090 = VECTOR('',#2091,1.);
#2091 = DIRECTION('',(0.,0.,1.));
#2092 = ORIENTED_EDGE('',*,*,#2093,.T.);
#2093 = EDGE_CURVE('',#2086,#1986,#2094,.T.);
#2094 = LINE('',#2095,#2096);
#2095 = CARTESIAN_POINT('',(-0.4,-0.1,2.E-02));
#2096 = VECTOR('',#2097,1.);
#2097 = DIRECTION('',(0.,-1.,0.));
#2098 = PLANE('',#2099);
#2099 = AXIS2_PLACEMENT_3D('',#2100,#2101,#2102);
#2100 = CARTESIAN_POINT('',(-0.4,-4.E-02,0.35));
#2101 = DIRECTION('',(-1.,0.,0.));
#2102 = DIRECTION('',(0.,-1.,0.));
#2103 = ADVANCED_FACE('',(#2104),#2122,.T.);
#2104 = FACE_BOUND('',#2105,.T.);
#2105 = EDGE_LOOP('',(#2106,#2107,#2108,#2116));
#2106 = ORIENTED_EDGE('',*,*,#2033,.F.);
#2107 = ORIENTED_EDGE('',*,*,#884,.F.);
#2108 = ORIENTED_EDGE('',*,*,#2109,.F.);
#2109 = EDGE_CURVE('',#2110,#885,#2112,.T.);
#2110 = VERTEX_POINT('',#2111);
#2111 = CARTESIAN_POINT('',(0.25,-0.16,2.E-02));
#2112 = LINE('',#2113,#2114);
#2113 = CARTESIAN_POINT('',(0.25,-0.16,0.175));
#2114 = VECTOR('',#2115,1.);
#2115 = DIRECTION('',(0.,0.,1.));
#2116 = ORIENTED_EDGE('',*,*,#2117,.T.);
#2117 = EDGE_CURVE('',#2110,#2034,#2118,.T.);
#2118 = LINE('',#2119,#2120);
#2119 = CARTESIAN_POINT('',(0.25,-0.16,2.E-02));
#2120 = VECTOR('',#2121,1.);
#2121 = DIRECTION('',(-1.224646799147E-16,-1.,0.));
#2122 = PLANE('',#2123);
#2123 = AXIS2_PLACEMENT_3D('',#2124,#2125,#2126);
#2124 = CARTESIAN_POINT('',(0.25,-0.1,0.));
#2125 = DIRECTION('',(-1.,1.224646799147E-16,0.));
#2126 = DIRECTION('',(0.,0.,1.));
#2127 = ADVANCED_FACE('',(#2128),#2153,.T.);
#2128 = FACE_BOUND('',#2129,.T.);
#2129 = EDGE_LOOP('',(#2130,#2138,#2139,#2147));
#2130 = ORIENTED_EDGE('',*,*,#2131,.F.);
#2131 = EDGE_CURVE('',#1160,#2132,#2134,.T.);
#2132 = VERTEX_POINT('',#2133);
#2133 = CARTESIAN_POINT('',(-0.35,-0.1,0.3));
#2134 = LINE('',#2135,#2136);
#2135 = CARTESIAN_POINT('',(-0.35,-0.1,0.));
#2136 = VECTOR('',#2137,1.);
#2137 = DIRECTION('',(0.,0.,1.));
#2138 = ORIENTED_EDGE('',*,*,#1168,.T.);
#2139 = ORIENTED_EDGE('',*,*,#2140,.T.);
#2140 = EDGE_CURVE('',#1169,#2141,#2143,.T.);
#2141 = VERTEX_POINT('',#2142);
#2142 = CARTESIAN_POINT('',(-0.4,-0.1,0.3));
#2143 = LINE('',#2144,#2145);
#2144 = CARTESIAN_POINT('',(-0.4,-0.1,0.175));
#2145 = VECTOR('',#2146,1.);
#2146 = DIRECTION('',(0.,0.,1.));
#2147 = ORIENTED_EDGE('',*,*,#2148,.F.);
#2148 = EDGE_CURVE('',#2132,#2141,#2149,.T.);
#2149 = LINE('',#2150,#2151);
#2150 = CARTESIAN_POINT('',(-0.475,-0.1,0.3));
#2151 = VECTOR('',#2152,1.);
#2152 = DIRECTION('',(-1.,0.,0.));
#2153 = PLANE('',#2154);
#2154 = AXIS2_PLACEMENT_3D('',#2155,#2156,#2157);
#2155 = CARTESIAN_POINT('',(-0.5,-0.1,0.));
#2156 = DIRECTION('',(0.,1.,0.));
#2157 = DIRECTION('',(0.,-0.,1.));
#2158 = ADVANCED_FACE('',(#2159),#2203,.F.);
#2159 = FACE_BOUND('',#2160,.F.);
#2160 = EDGE_LOOP('',(#2161,#2162,#2163,#2172,#2180,#2188,#2197));
#2161 = ORIENTED_EDGE('',*,*,#892,.F.);
#2162 = ORIENTED_EDGE('',*,*,#2109,.F.);
#2163 = ORIENTED_EDGE('',*,*,#2164,.F.);
#2164 = EDGE_CURVE('',#2165,#2110,#2167,.T.);
#2165 = VERTEX_POINT('',#2166);
#2166 = CARTESIAN_POINT('',(0.27,-0.16,0.));
#2167 = CIRCLE('',#2168,2.E-02);
#2168 = AXIS2_PLACEMENT_3D('',#2169,#2170,#2171);
#2169 = CARTESIAN_POINT('',(0.27,-0.16,2.E-02));
#2170 = DIRECTION('',(1.224646799147E-16,1.,-0.));
#2171 = DIRECTION('',(0.,0.,1.));
#2172 = ORIENTED_EDGE('',*,*,#2173,.T.);
#2173 = EDGE_CURVE('',#2165,#2174,#2176,.T.);
#2174 = VERTEX_POINT('',#2175);
#2175 = CARTESIAN_POINT('',(0.4,-0.16,0.));
#2176 = LINE('',#2177,#2178);
#2177 = CARTESIAN_POINT('',(0.3,-0.16,0.));
#2178 = VECTOR('',#2179,1.);
#2179 = DIRECTION('',(1.,-1.224646799147E-16,0.));
#2180 = ORIENTED_EDGE('',*,*,#2181,.T.);
#2181 = EDGE_CURVE('',#2174,#2182,#2184,.T.);
#2182 = VERTEX_POINT('',#2183);
#2183 = CARTESIAN_POINT('',(0.42,-0.16,0.));
#2184 = LINE('',#2185,#2186);
#2185 = CARTESIAN_POINT('',(0.3,-0.16,0.));
#2186 = VECTOR('',#2187,1.);
#2187 = DIRECTION('',(1.,-1.224646799147E-16,0.));
#2188 = ORIENTED_EDGE('',*,*,#2189,.T.);
#2189 = EDGE_CURVE('',#2182,#2190,#2192,.T.);
#2190 = VERTEX_POINT('',#2191);
#2191 = CARTESIAN_POINT('',(0.4,-0.16,2.E-02));
#2192 = CIRCLE('',#2193,2.E-02);
#2193 = AXIS2_PLACEMENT_3D('',#2194,#2195,#2196);
#2194 = CARTESIAN_POINT('',(0.42,-0.16,2.E-02));
#2195 = DIRECTION('',(1.224646799147E-16,1.,0.));
#2196 = DIRECTION('',(0.,0.,-1.));
#2197 = ORIENTED_EDGE('',*,*,#2198,.F.);
#2198 = EDGE_CURVE('',#893,#2190,#2199,.T.);
#2199 = LINE('',#2200,#2201);
#2200 = CARTESIAN_POINT('',(0.4,-0.16,0.35));
#2201 = VECTOR('',#2202,1.);
#2202 = DIRECTION('',(0.,0.,-1.));
#2203 = PLANE('',#2204);
#2204 = AXIS2_PLACEMENT_3D('',#2205,#2206,#2207);
#2205 = CARTESIAN_POINT('',(0.1,-0.16,0.35));
#2206 = DIRECTION('',(-1.224646799147E-16,-1.,0.));
#2207 = DIRECTION('',(1.,-1.224646799147E-16,0.));
#2208 = ADVANCED_FACE('',(#2209),#2237,.F.);
#2209 = FACE_BOUND('',#2210,.F.);
#2210 = EDGE_LOOP('',(#2211,#2222,#2229,#2230,#2231));
#2211 = ORIENTED_EDGE('',*,*,#2212,.T.);
#2212 = EDGE_CURVE('',#2213,#2215,#2217,.T.);
#2213 = VERTEX_POINT('',#2214);
#2214 = CARTESIAN_POINT('',(-0.35,0.1,0.3));
#2215 = VERTEX_POINT('',#2216);
#2216 = CARTESIAN_POINT('',(-0.25,1.224646799147E-17,0.3));
#2217 = CIRCLE('',#2218,0.1);
#2218 = AXIS2_PLACEMENT_3D('',#2219,#2220,#2221);
#2219 = CARTESIAN_POINT('',(-0.35,0.,0.3));
#2220 = DIRECTION('',(0.,0.,-1.));
#2221 = DIRECTION('',(1.,0.,0.));
#2222 = ORIENTED_EDGE('',*,*,#2223,.T.);
#2223 = EDGE_CURVE('',#2215,#2132,#2224,.T.);
#2224 = CIRCLE('',#2225,0.1);
#2225 = AXIS2_PLACEMENT_3D('',#2226,#2227,#2228);
#2226 = CARTESIAN_POINT('',(-0.35,0.,0.3));
#2227 = DIRECTION('',(0.,0.,-1.));
#2228 = DIRECTION('',(1.,0.,0.));
#2229 = ORIENTED_EDGE('',*,*,#2131,.F.);
#2230 = ORIENTED_EDGE('',*,*,#1159,.F.);
#2231 = ORIENTED_EDGE('',*,*,#2232,.T.);
#2232 = EDGE_CURVE('',#1152,#2213,#2233,.T.);
#2233 = LINE('',#2234,#2235);
#2234 = CARTESIAN_POINT('',(-0.35,0.1,0.));
#2235 = VECTOR('',#2236,1.);
#2236 = DIRECTION('',(0.,0.,1.));
#2237 = CYLINDRICAL_SURFACE('',#2238,0.1);
#2238 = AXIS2_PLACEMENT_3D('',#2239,#2240,#2241);
#2239 = CARTESIAN_POINT('',(-0.35,0.,0.));
#2240 = DIRECTION('',(-0.,-0.,-1.));
#2241 = DIRECTION('',(1.,0.,0.));
#2242 = ADVANCED_FACE('',(#2243),#2261,.F.);
#2243 = FACE_BOUND('',#2244,.F.);
#2244 = EDGE_LOOP('',(#2245,#2253,#2259,#2260));
#2245 = ORIENTED_EDGE('',*,*,#2246,.T.);
#2246 = EDGE_CURVE('',#2190,#2247,#2249,.T.);
#2247 = VERTEX_POINT('',#2248);
#2248 = CARTESIAN_POINT('',(0.4,-0.1,2.E-02));
#2249 = LINE('',#2250,#2251);
#2250 = CARTESIAN_POINT('',(0.4,-0.16,2.E-02));
#2251 = VECTOR('',#2252,1.);
#2252 = DIRECTION('',(1.224646799147E-16,1.,0.));
#2253 = ORIENTED_EDGE('',*,*,#2254,.T.);
#2254 = EDGE_CURVE('',#2247,#901,#2255,.T.);
#2255 = LINE('',#2256,#2257);
#2256 = CARTESIAN_POINT('',(0.4,-0.1,0.175));
#2257 = VECTOR('',#2258,1.);
#2258 = DIRECTION('',(0.,0.,1.));
#2259 = ORIENTED_EDGE('',*,*,#900,.F.);
#2260 = ORIENTED_EDGE('',*,*,#2198,.T.);
#2261 = PLANE('',#2262);
#2262 = AXIS2_PLACEMENT_3D('',#2263,#2264,#2265);
#2263 = CARTESIAN_POINT('',(0.4,-0.16,0.35));
#2264 = DIRECTION('',(1.,-1.224646799147E-16,0.));
#2265 = DIRECTION('',(1.224646799147E-16,1.,0.));
#2266 = ADVANCED_FACE('',(#2267),#2285,.F.);
#2267 = FACE_BOUND('',#2268,.F.);
#2268 = EDGE_LOOP('',(#2269,#2270,#2271,#2279));
#2269 = ORIENTED_EDGE('',*,*,#2232,.F.);
#2270 = ORIENTED_EDGE('',*,*,#1151,.T.);
#2271 = ORIENTED_EDGE('',*,*,#2272,.T.);
#2272 = EDGE_CURVE('',#1144,#2273,#2275,.T.);
#2273 = VERTEX_POINT('',#2274);
#2274 = CARTESIAN_POINT('',(-0.4,0.1,0.3));
#2275 = LINE('',#2276,#2277);
#2276 = CARTESIAN_POINT('',(-0.4,0.1,0.175));
#2277 = VECTOR('',#2278,1.);
#2278 = DIRECTION('',(0.,0.,1.));
#2279 = ORIENTED_EDGE('',*,*,#2280,.F.);
#2280 = EDGE_CURVE('',#2213,#2273,#2281,.T.);
#2281 = LINE('',#2282,#2283);
#2282 = CARTESIAN_POINT('',(-0.475,0.1,0.3));
#2283 = VECTOR('',#2284,1.);
#2284 = DIRECTION('',(-1.,0.,0.));
#2285 = PLANE('',#2286);
#2286 = AXIS2_PLACEMENT_3D('',#2287,#2288,#2289);
#2287 = CARTESIAN_POINT('',(-0.5,0.1,0.));
#2288 = DIRECTION('',(0.,1.,0.));
#2289 = DIRECTION('',(0.,-0.,1.));
#2290 = ADVANCED_FACE('',(#2291),#2316,.F.);
#2291 = FACE_BOUND('',#2292,.F.);
#2292 = EDGE_LOOP('',(#2293,#2301,#2302,#2310));
#2293 = ORIENTED_EDGE('',*,*,#2294,.F.);
#2294 = EDGE_CURVE('',#909,#2295,#2297,.T.);
#2295 = VERTEX_POINT('',#2296);
#2296 = CARTESIAN_POINT('',(0.35,-0.1,0.3));
#2297 = LINE('',#2298,#2299);
#2298 = CARTESIAN_POINT('',(0.35,-0.1,0.));
#2299 = VECTOR('',#2300,1.);
#2300 = DIRECTION('',(0.,0.,1.));
#2301 = ORIENTED_EDGE('',*,*,#908,.T.);
#2302 = ORIENTED_EDGE('',*,*,#2303,.T.);
#2303 = EDGE_CURVE('',#901,#2304,#2306,.T.);
#2304 = VERTEX_POINT('',#2305);
#2305 = CARTESIAN_POINT('',(0.4,-0.1,0.3));
#2306 = LINE('',#2307,#2308);
#2307 = CARTESIAN_POINT('',(0.4,-0.1,0.175));
#2308 = VECTOR('',#2309,1.);
#2309 = DIRECTION('',(0.,0.,1.));
#2310 = ORIENTED_EDGE('',*,*,#2311,.F.);
#2311 = EDGE_CURVE('',#2295,#2304,#2312,.T.);
#2312 = LINE('',#2313,#2314);
#2313 = CARTESIAN_POINT('',(2.5E-02,-0.1,0.3));
#2314 = VECTOR('',#2315,1.);
#2315 = DIRECTION('',(1.,-1.224646799147E-16,0.));
#2316 = PLANE('',#2317);
#2317 = AXIS2_PLACEMENT_3D('',#2318,#2319,#2320);
#2318 = CARTESIAN_POINT('',(0.5,-0.1,0.));
#2319 = DIRECTION('',(-1.224646799147E-16,-1.,0.));
#2320 = DIRECTION('',(0.,0.,1.));
#2321 = ADVANCED_FACE('',(#2322),#2347,.F.);
#2322 = FACE_BOUND('',#2323,.F.);
#2323 = EDGE_LOOP('',(#2324,#2334,#2340,#2341));
#2324 = ORIENTED_EDGE('',*,*,#2325,.T.);
#2325 = EDGE_CURVE('',#2326,#2328,#2330,.T.);
#2326 = VERTEX_POINT('',#2327);
#2327 = CARTESIAN_POINT('',(-0.4,0.16,2.E-02));
#2328 = VERTEX_POINT('',#2329);
#2329 = CARTESIAN_POINT('',(-0.4,0.1,2.E-02));
#2330 = LINE('',#2331,#2332);
#2331 = CARTESIAN_POINT('',(-0.4,0.16,2.E-02));
#2332 = VECTOR('',#2333,1.);
#2333 = DIRECTION('',(0.,-1.,0.));
#2334 = ORIENTED_EDGE('',*,*,#2335,.T.);
#2335 = EDGE_CURVE('',#2328,#1144,#2336,.T.);
#2336 = LINE('',#2337,#2338);
#2337 = CARTESIAN_POINT('',(-0.4,0.1,0.175));
#2338 = VECTOR('',#2339,1.);
#2339 = DIRECTION('',(0.,0.,1.));
#2340 = ORIENTED_EDGE('',*,*,#1143,.F.);
#2341 = ORIENTED_EDGE('',*,*,#2342,.T.);
#2342 = EDGE_CURVE('',#1136,#2326,#2343,.T.);
#2343 = LINE('',#2344,#2345);
#2344 = CARTESIAN_POINT('',(-0.4,0.16,0.35));
#2345 = VECTOR('',#2346,1.);
#2346 = DIRECTION('',(-0.,-0.,-1.));
#2347 = PLANE('',#2348);
#2348 = AXIS2_PLACEMENT_3D('',#2349,#2350,#2351);
#2349 = CARTESIAN_POINT('',(-0.4,0.16,0.35));
#2350 = DIRECTION('',(-1.,0.,0.));
#2351 = DIRECTION('',(0.,-1.,0.));
#2352 = ADVANCED_FACE('',(#2353),#2381,.F.);
#2353 = FACE_BOUND('',#2354,.F.);
#2354 = EDGE_LOOP('',(#2355,#2364,#2373,#2379,#2380));
#2355 = ORIENTED_EDGE('',*,*,#2356,.T.);
#2356 = EDGE_CURVE('',#2295,#2357,#2359,.T.);
#2357 = VERTEX_POINT('',#2358);
#2358 = CARTESIAN_POINT('',(0.25,-2.755455298082E-17,0.3));
#2359 = CIRCLE('',#2360,0.1);
#2360 = AXIS2_PLACEMENT_3D('',#2361,#2362,#2363);
#2361 = CARTESIAN_POINT('',(0.35,-4.286263797016E-17,0.3));
#2362 = DIRECTION('',(0.,0.,-1.));
#2363 = DIRECTION('',(-1.,1.224646799147E-16,0.));
#2364 = ORIENTED_EDGE('',*,*,#2365,.T.);
#2365 = EDGE_CURVE('',#2357,#2366,#2368,.T.);
#2366 = VERTEX_POINT('',#2367);
#2367 = CARTESIAN_POINT('',(0.35,0.1,0.3));
#2368 = CIRCLE('',#2369,0.1);
#2369 = AXIS2_PLACEMENT_3D('',#2370,#2371,#2372);
#2370 = CARTESIAN_POINT('',(0.35,-4.286263797016E-17,0.3));
#2371 = DIRECTION('',(0.,0.,-1.));
#2372 = DIRECTION('',(-1.,1.224646799147E-16,0.));
#2373 = ORIENTED_EDGE('',*,*,#2374,.F.);
#2374 = EDGE_CURVE('',#917,#2366,#2375,.T.);
#2375 = LINE('',#2376,#2377);
#2376 = CARTESIAN_POINT('',(0.35,0.1,0.));
#2377 = VECTOR('',#2378,1.);
#2378 = DIRECTION('',(0.,0.,1.));
#2379 = ORIENTED_EDGE('',*,*,#916,.F.);
#2380 = ORIENTED_EDGE('',*,*,#2294,.T.);
#2381 = CYLINDRICAL_SURFACE('',#2382,0.1);
#2382 = AXIS2_PLACEMENT_3D('',#2383,#2384,#2385);
#2383 = CARTESIAN_POINT('',(0.35,-4.286263797016E-17,0.));
#2384 = DIRECTION('',(0.,0.,-1.));
#2385 = DIRECTION('',(-1.,1.224646799147E-16,0.));
#2386 = ADVANCED_FACE('',(#2387),#2431,.F.);
#2387 = FACE_BOUND('',#2388,.F.);
#2388 = EDGE_LOOP('',(#2389,#2390,#2398,#2407,#2415,#2423,#2430));
#2389 = ORIENTED_EDGE('',*,*,#1135,.F.);
#2390 = ORIENTED_EDGE('',*,*,#2391,.F.);
#2391 = EDGE_CURVE('',#2392,#1128,#2394,.T.);
#2392 = VERTEX_POINT('',#2393);
#2393 = CARTESIAN_POINT('',(-0.25,0.16,2.E-02));
#2394 = LINE('',#2395,#2396);
#2395 = CARTESIAN_POINT('',(-0.25,0.16,0.175));
#2396 = VECTOR('',#2397,1.);
#2397 = DIRECTION('',(0.,0.,1.));
#2398 = ORIENTED_EDGE('',*,*,#2399,.F.);
#2399 = EDGE_CURVE('',#2400,#2392,#2402,.T.);
#2400 = VERTEX_POINT('',#2401);
#2401 = CARTESIAN_POINT('',(-0.27,0.16,0.));
#2402 = CIRCLE('',#2403,2.E-02);
#2403 = AXIS2_PLACEMENT_3D('',#2404,#2405,#2406);
#2404 = CARTESIAN_POINT('',(-0.27,0.16,2.E-02));
#2405 = DIRECTION('',(0.,-1.,0.));
#2406 = DIRECTION('',(0.,0.,1.));
#2407 = ORIENTED_EDGE('',*,*,#2408,.T.);
#2408 = EDGE_CURVE('',#2400,#2409,#2411,.T.);
#2409 = VERTEX_POINT('',#2410);
#2410 = CARTESIAN_POINT('',(-0.4,0.16,0.));
#2411 = LINE('',#2412,#2413);
#2412 = CARTESIAN_POINT('',(-0.3,0.16,0.));
#2413 = VECTOR('',#2414,1.);
#2414 = DIRECTION('',(-1.,0.,0.));
#2415 = ORIENTED_EDGE('',*,*,#2416,.T.);
#2416 = EDGE_CURVE('',#2409,#2417,#2419,.T.);
#2417 = VERTEX_POINT('',#2418);
#2418 = CARTESIAN_POINT('',(-0.42,0.16,0.));
#2419 = LINE('',#2420,#2421);
#2420 = CARTESIAN_POINT('',(-0.3,0.16,0.));
#2421 = VECTOR('',#2422,1.);
#2422 = DIRECTION('',(-1.,0.,0.));
#2423 = ORIENTED_EDGE('',*,*,#2424,.T.);
#2424 = EDGE_CURVE('',#2417,#2326,#2425,.T.);
#2425 = CIRCLE('',#2426,2.E-02);
#2426 = AXIS2_PLACEMENT_3D('',#2427,#2428,#2429);
#2427 = CARTESIAN_POINT('',(-0.42,0.16,2.E-02));
#2428 = DIRECTION('',(0.,-1.,0.));
#2429 = DIRECTION('',(0.,0.,-1.));
#2430 = ORIENTED_EDGE('',*,*,#2342,.F.);
#2431 = PLANE('',#2432);
#2432 = AXIS2_PLACEMENT_3D('',#2433,#2434,#2435);
#2433 = CARTESIAN_POINT('',(-0.1,0.16,0.35));
#2434 = DIRECTION('',(0.,1.,0.));
#2435 = DIRECTION('',(-1.,0.,0.));
#2436 = ADVANCED_FACE('',(#2437),#2455,.T.);
#2437 = FACE_BOUND('',#2438,.T.);
#2438 = EDGE_LOOP('',(#2439,#2440,#2441,#2449));
#2439 = ORIENTED_EDGE('',*,*,#2374,.F.);
#2440 = ORIENTED_EDGE('',*,*,#925,.T.);
#2441 = ORIENTED_EDGE('',*,*,#2442,.T.);
#2442 = EDGE_CURVE('',#926,#2443,#2445,.T.);
#2443 = VERTEX_POINT('',#2444);
#2444 = CARTESIAN_POINT('',(0.4,0.1,0.3));
#2445 = LINE('',#2446,#2447);
#2446 = CARTESIAN_POINT('',(0.4,0.1,0.175));
#2447 = VECTOR('',#2448,1.);
#2448 = DIRECTION('',(0.,0.,1.));
#2449 = ORIENTED_EDGE('',*,*,#2450,.F.);
#2450 = EDGE_CURVE('',#2366,#2443,#2451,.T.);
#2451 = LINE('',#2452,#2453);
#2452 = CARTESIAN_POINT('',(2.5E-02,0.1,0.3));
#2453 = VECTOR('',#2454,1.);
#2454 = DIRECTION('',(1.,-1.224646799147E-16,0.));
#2455 = PLANE('',#2456);
#2456 = AXIS2_PLACEMENT_3D('',#2457,#2458,#2459);
#2457 = CARTESIAN_POINT('',(0.5,0.1,0.));
#2458 = DIRECTION('',(-1.224646799147E-16,-1.,0.));
#2459 = DIRECTION('',(0.,0.,1.));
#2460 = ADVANCED_FACE('',(#2461),#2479,.T.);
#2461 = FACE_BOUND('',#2462,.T.);
#2462 = EDGE_LOOP('',(#2463,#2471,#2472,#2473));
#2463 = ORIENTED_EDGE('',*,*,#2464,.F.);
#2464 = EDGE_CURVE('',#1120,#2465,#2467,.T.);
#2465 = VERTEX_POINT('',#2466);
#2466 = CARTESIAN_POINT('',(-0.25,0.34,2.E-02));
#2467 = LINE('',#2468,#2469);
#2468 = CARTESIAN_POINT('',(-0.25,0.34,0.175));
#2469 = VECTOR('',#2470,1.);
#2470 = DIRECTION('',(0.,0.,-1.));
#2471 = ORIENTED_EDGE('',*,*,#1127,.F.);
#2472 = ORIENTED_EDGE('',*,*,#2391,.F.);
#2473 = ORIENTED_EDGE('',*,*,#2474,.T.);
#2474 = EDGE_CURVE('',#2392,#2465,#2475,.T.);
#2475 = LINE('',#2476,#2477);
#2476 = CARTESIAN_POINT('',(-0.25,0.16,2.E-02));
#2477 = VECTOR('',#2478,1.);
#2478 = DIRECTION('',(0.,1.,0.));
#2479 = PLANE('',#2480);
#2480 = AXIS2_PLACEMENT_3D('',#2481,#2482,#2483);
#2481 = CARTESIAN_POINT('',(-0.25,0.1,0.));
#2482 = DIRECTION('',(1.,0.,0.));
#2483 = DIRECTION('',(0.,0.,1.));
#2484 = ADVANCED_FACE('',(#2485),#2510,.F.);
#2485 = FACE_BOUND('',#2486,.F.);
#2486 = EDGE_LOOP('',(#2487,#2495,#2496,#2504));
#2487 = ORIENTED_EDGE('',*,*,#2488,.F.);
#2488 = EDGE_CURVE('',#934,#2489,#2491,.T.);
#2489 = VERTEX_POINT('',#2490);
#2490 = CARTESIAN_POINT('',(0.4,0.16,2.E-02));
#2491 = LINE('',#2492,#2493);
#2492 = CARTESIAN_POINT('',(0.4,0.16,0.35));
#2493 = VECTOR('',#2494,1.);
#2494 = DIRECTION('',(0.,0.,-1.));
#2495 = ORIENTED_EDGE('',*,*,#933,.F.);
#2496 = ORIENTED_EDGE('',*,*,#2497,.F.);
#2497 = EDGE_CURVE('',#2498,#926,#2500,.T.);
#2498 = VERTEX_POINT('',#2499);
#2499 = CARTESIAN_POINT('',(0.4,0.1,2.E-02));
#2500 = LINE('',#2501,#2502);
#2501 = CARTESIAN_POINT('',(0.4,0.1,0.175));
#2502 = VECTOR('',#2503,1.);
#2503 = DIRECTION('',(0.,0.,1.));
#2504 = ORIENTED_EDGE('',*,*,#2505,.T.);
#2505 = EDGE_CURVE('',#2498,#2489,#2506,.T.);
#2506 = LINE('',#2507,#2508);
#2507 = CARTESIAN_POINT('',(0.4,0.1,2.E-02));
#2508 = VECTOR('',#2509,1.);
#2509 = DIRECTION('',(1.224646799147E-16,1.,0.));
#2510 = PLANE('',#2511);
#2511 = AXIS2_PLACEMENT_3D('',#2512,#2513,#2514);
#2512 = CARTESIAN_POINT('',(0.4,4.E-02,0.35));
#2513 = DIRECTION('',(1.,-1.224646799147E-16,0.));
#2514 = DIRECTION('',(1.224646799147E-16,1.,0.));
#2515 = ADVANCED_FACE('',(#2516),#2560,.F.);
#2516 = FACE_BOUND('',#2517,.F.);
#2517 = EDGE_LOOP('',(#2518,#2519,#2520,#2528,#2537,#2545,#2553));
#2518 = ORIENTED_EDGE('',*,*,#2464,.F.);
#2519 = ORIENTED_EDGE('',*,*,#1119,.F.);
#2520 = ORIENTED_EDGE('',*,*,#2521,.T.);
#2521 = EDGE_CURVE('',#1112,#2522,#2524,.T.);
#2522 = VERTEX_POINT('',#2523);
#2523 = CARTESIAN_POINT('',(-0.4,0.34,2.E-02));
#2524 = LINE('',#2525,#2526);
#2525 = CARTESIAN_POINT('',(-0.4,0.34,0.35));
#2526 = VECTOR('',#2527,1.);
#2527 = DIRECTION('',(-0.,-0.,-1.));
#2528 = ORIENTED_EDGE('',*,*,#2529,.F.);
#2529 = EDGE_CURVE('',#2530,#2522,#2532,.T.);
#2530 = VERTEX_POINT('',#2531);
#2531 = CARTESIAN_POINT('',(-0.42,0.34,0.));
#2532 = CIRCLE('',#2533,2.E-02);
#2533 = AXIS2_PLACEMENT_3D('',#2534,#2535,#2536);
#2534 = CARTESIAN_POINT('',(-0.42,0.34,2.E-02));
#2535 = DIRECTION('',(0.,-1.,0.));
#2536 = DIRECTION('',(0.,0.,-1.));
#2537 = ORIENTED_EDGE('',*,*,#2538,.F.);
#2538 = EDGE_CURVE('',#2539,#2530,#2541,.T.);
#2539 = VERTEX_POINT('',#2540);
#2540 = CARTESIAN_POINT('',(-0.4,0.34,0.));
#2541 = LINE('',#2542,#2543);
#2542 = CARTESIAN_POINT('',(-0.45,0.34,0.));
#2543 = VECTOR('',#2544,1.);
#2544 = DIRECTION('',(-1.,0.,0.));
#2545 = ORIENTED_EDGE('',*,*,#2546,.T.);
#2546 = EDGE_CURVE('',#2539,#2547,#2549,.T.);
#2547 = VERTEX_POINT('',#2548);
#2548 = CARTESIAN_POINT('',(-0.27,0.34,0.));
#2549 = LINE('',#2550,#2551);
#2550 = CARTESIAN_POINT('',(-0.45,0.34,0.));
#2551 = VECTOR('',#2552,1.);
#2552 = DIRECTION('',(1.,0.,0.));
#2553 = ORIENTED_EDGE('',*,*,#2554,.T.);
#2554 = EDGE_CURVE('',#2547,#2465,#2555,.T.);
#2555 = CIRCLE('',#2556,2.E-02);
#2556 = AXIS2_PLACEMENT_3D('',#2557,#2558,#2559);
#2557 = CARTESIAN_POINT('',(-0.27,0.34,2.E-02));
#2558 = DIRECTION('',(0.,-1.,0.));
#2559 = DIRECTION('',(0.,0.,1.));
#2560 = PLANE('',#2561);
#2561 = AXIS2_PLACEMENT_3D('',#2562,#2563,#2564);
#2562 = CARTESIAN_POINT('',(-0.4,0.34,0.35));
#2563 = DIRECTION('',(0.,-1.,0.));
#2564 = DIRECTION('',(1.,0.,0.));
#2565 = ADVANCED_FACE('',(#2566),#2610,.F.);
#2566 = FACE_BOUND('',#2567,.F.);
#2567 = EDGE_LOOP('',(#2568,#2576,#2577,#2578,#2587,#2595,#2603));
#2568 = ORIENTED_EDGE('',*,*,#2569,.F.);
#2569 = EDGE_CURVE('',#942,#2570,#2572,.T.);
#2570 = VERTEX_POINT('',#2571);
#2571 = CARTESIAN_POINT('',(0.25,0.16,2.E-02));
#2572 = LINE('',#2573,#2574);
#2573 = CARTESIAN_POINT('',(0.25,0.16,0.175));
#2574 = VECTOR('',#2575,1.);
#2575 = DIRECTION('',(-0.,0.,-1.));
#2576 = ORIENTED_EDGE('',*,*,#941,.F.);
#2577 = ORIENTED_EDGE('',*,*,#2488,.T.);
#2578 = ORIENTED_EDGE('',*,*,#2579,.F.);
#2579 = EDGE_CURVE('',#2580,#2489,#2582,.T.);
#2580 = VERTEX_POINT('',#2581);
#2581 = CARTESIAN_POINT('',(0.42,0.16,0.));
#2582 = CIRCLE('',#2583,2.E-02);
#2583 = AXIS2_PLACEMENT_3D('',#2584,#2585,#2586);
#2584 = CARTESIAN_POINT('',(0.42,0.16,2.E-02));
#2585 = DIRECTION('',(1.224646799147E-16,1.,0.));
#2586 = DIRECTION('',(0.,0.,-1.));
#2587 = ORIENTED_EDGE('',*,*,#2588,.F.);
#2588 = EDGE_CURVE('',#2589,#2580,#2591,.T.);
#2589 = VERTEX_POINT('',#2590);
#2590 = CARTESIAN_POINT('',(0.4,0.16,0.));
#2591 = LINE('',#2592,#2593);
#2592 = CARTESIAN_POINT('',(0.45,0.16,0.));
#2593 = VECTOR('',#2594,1.);
#2594 = DIRECTION('',(1.,-1.224646799147E-16,0.));
#2595 = ORIENTED_EDGE('',*,*,#2596,.T.);
#2596 = EDGE_CURVE('',#2589,#2597,#2599,.T.);
#2597 = VERTEX_POINT('',#2598);
#2598 = CARTESIAN_POINT('',(0.27,0.16,0.));
#2599 = LINE('',#2600,#2601);
#2600 = CARTESIAN_POINT('',(0.45,0.16,0.));
#2601 = VECTOR('',#2602,1.);
#2602 = DIRECTION('',(-1.,1.224646799147E-16,0.));
#2603 = ORIENTED_EDGE('',*,*,#2604,.T.);
#2604 = EDGE_CURVE('',#2597,#2570,#2605,.T.);
#2605 = CIRCLE('',#2606,2.E-02);
#2606 = AXIS2_PLACEMENT_3D('',#2607,#2608,#2609);
#2607 = CARTESIAN_POINT('',(0.27,0.16,2.E-02));
#2608 = DIRECTION('',(1.224646799147E-16,1.,-0.));
#2609 = DIRECTION('',(0.,0.,1.));
#2610 = PLANE('',#2611);
#2611 = AXIS2_PLACEMENT_3D('',#2612,#2613,#2614);
#2612 = CARTESIAN_POINT('',(0.4,0.16,0.35));
#2613 = DIRECTION('',(1.224646799147E-16,1.,0.));
#2614 = DIRECTION('',(-1.,1.224646799147E-16,0.));
#2615 = ADVANCED_FACE('',(#2616),#2634,.F.);
#2616 = FACE_BOUND('',#2617,.F.);
#2617 = EDGE_LOOP('',(#2618,#2619,#2620,#2628));
#2618 = ORIENTED_EDGE('',*,*,#2521,.F.);
#2619 = ORIENTED_EDGE('',*,*,#1111,.F.);
#2620 = ORIENTED_EDGE('',*,*,#2621,.F.);
#2621 = EDGE_CURVE('',#2622,#1104,#2624,.T.);
#2622 = VERTEX_POINT('',#2623);
#2623 = CARTESIAN_POINT('',(-0.4,0.4,2.E-02));
#2624 = LINE('',#2625,#2626);
#2625 = CARTESIAN_POINT('',(-0.4,0.4,0.175));
#2626 = VECTOR('',#2627,1.);
#2627 = DIRECTION('',(0.,0.,1.));
#2628 = ORIENTED_EDGE('',*,*,#2629,.T.);
#2629 = EDGE_CURVE('',#2622,#2522,#2630,.T.);
#2630 = LINE('',#2631,#2632);
#2631 = CARTESIAN_POINT('',(-0.4,0.4,2.E-02));
#2632 = VECTOR('',#2633,1.);
#2633 = DIRECTION('',(0.,-1.,0.));
#2634 = PLANE('',#2635);
#2635 = AXIS2_PLACEMENT_3D('',#2636,#2637,#2638);
#2636 = CARTESIAN_POINT('',(-0.4,0.46,0.35));
#2637 = DIRECTION('',(-1.,0.,0.));
#2638 = DIRECTION('',(0.,-1.,0.));
#2639 = ADVANCED_FACE('',(#2640),#2658,.T.);
#2640 = FACE_BOUND('',#2641,.T.);
#2641 = EDGE_LOOP('',(#2642,#2643,#2644,#2652));
#2642 = ORIENTED_EDGE('',*,*,#2569,.F.);
#2643 = ORIENTED_EDGE('',*,*,#949,.F.);
#2644 = ORIENTED_EDGE('',*,*,#2645,.F.);
#2645 = EDGE_CURVE('',#2646,#950,#2648,.T.);
#2646 = VERTEX_POINT('',#2647);
#2647 = CARTESIAN_POINT('',(0.25,0.34,2.E-02));
#2648 = LINE('',#2649,#2650);
#2649 = CARTESIAN_POINT('',(0.25,0.34,0.175));
#2650 = VECTOR('',#2651,1.);
#2651 = DIRECTION('',(0.,0.,1.));
#2652 = ORIENTED_EDGE('',*,*,#2653,.T.);
#2653 = EDGE_CURVE('',#2646,#2570,#2654,.T.);
#2654 = LINE('',#2655,#2656);
#2655 = CARTESIAN_POINT('',(0.25,0.34,2.E-02));
#2656 = VECTOR('',#2657,1.);
#2657 = DIRECTION('',(-1.224646799147E-16,-1.,0.));
#2658 = PLANE('',#2659);
#2659 = AXIS2_PLACEMENT_3D('',#2660,#2661,#2662);
#2660 = CARTESIAN_POINT('',(0.25,0.4,0.));
#2661 = DIRECTION('',(-1.,1.224646799147E-16,0.));
#2662 = DIRECTION('',(0.,0.,1.));
#2663 = ADVANCED_FACE('',(#2664),#2689,.T.);
#2664 = FACE_BOUND('',#2665,.T.);
#2665 = EDGE_LOOP('',(#2666,#2674,#2675,#2683));
#2666 = ORIENTED_EDGE('',*,*,#2667,.F.);
#2667 = EDGE_CURVE('',#1095,#2668,#2670,.T.);
#2668 = VERTEX_POINT('',#2669);
#2669 = CARTESIAN_POINT('',(-0.35,0.4,0.3));
#2670 = LINE('',#2671,#2672);
#2671 = CARTESIAN_POINT('',(-0.35,0.4,0.));
#2672 = VECTOR('',#2673,1.);
#2673 = DIRECTION('',(0.,0.,1.));
#2674 = ORIENTED_EDGE('',*,*,#1103,.T.);
#2675 = ORIENTED_EDGE('',*,*,#2676,.T.);
#2676 = EDGE_CURVE('',#1104,#2677,#2679,.T.);
#2677 = VERTEX_POINT('',#2678);
#2678 = CARTESIAN_POINT('',(-0.4,0.4,0.3));
#2679 = LINE('',#2680,#2681);
#2680 = CARTESIAN_POINT('',(-0.4,0.4,0.175));
#2681 = VECTOR('',#2682,1.);
#2682 = DIRECTION('',(0.,0.,1.));
#2683 = ORIENTED_EDGE('',*,*,#2684,.F.);
#2684 = EDGE_CURVE('',#2668,#2677,#2685,.T.);
#2685 = LINE('',#2686,#2687);
#2686 = CARTESIAN_POINT('',(-0.475,0.4,0.3));
#2687 = VECTOR('',#2688,1.);
#2688 = DIRECTION('',(-1.,0.,0.));
#2689 = PLANE('',#2690);
#2690 = AXIS2_PLACEMENT_3D('',#2691,#2692,#2693);
#2691 = CARTESIAN_POINT('',(-0.5,0.4,0.));
#2692 = DIRECTION('',(0.,1.,0.));
#2693 = DIRECTION('',(0.,-0.,1.));
#2694 = ADVANCED_FACE('',(#2695),#2739,.F.);
#2695 = FACE_BOUND('',#2696,.F.);
#2696 = EDGE_LOOP('',(#2697,#2698,#2699,#2708,#2716,#2724,#2733));
#2697 = ORIENTED_EDGE('',*,*,#957,.F.);
#2698 = ORIENTED_EDGE('',*,*,#2645,.F.);
#2699 = ORIENTED_EDGE('',*,*,#2700,.F.);
#2700 = EDGE_CURVE('',#2701,#2646,#2703,.T.);
#2701 = VERTEX_POINT('',#2702);
#2702 = CARTESIAN_POINT('',(0.27,0.34,0.));
#2703 = CIRCLE('',#2704,2.E-02);
#2704 = AXIS2_PLACEMENT_3D('',#2705,#2706,#2707);
#2705 = CARTESIAN_POINT('',(0.27,0.34,2.E-02));
#2706 = DIRECTION('',(1.224646799147E-16,1.,-0.));
#2707 = DIRECTION('',(0.,0.,1.));
#2708 = ORIENTED_EDGE('',*,*,#2709,.T.);
#2709 = EDGE_CURVE('',#2701,#2710,#2712,.T.);
#2710 = VERTEX_POINT('',#2711);
#2711 = CARTESIAN_POINT('',(0.4,0.34,0.));
#2712 = LINE('',#2713,#2714);
#2713 = CARTESIAN_POINT('',(0.3,0.34,0.));
#2714 = VECTOR('',#2715,1.);
#2715 = DIRECTION('',(1.,-1.224646799147E-16,0.));
#2716 = ORIENTED_EDGE('',*,*,#2717,.T.);
#2717 = EDGE_CURVE('',#2710,#2718,#2720,.T.);
#2718 = VERTEX_POINT('',#2719);
#2719 = CARTESIAN_POINT('',(0.42,0.34,0.));
#2720 = LINE('',#2721,#2722);
#2721 = CARTESIAN_POINT('',(0.3,0.34,0.));
#2722 = VECTOR('',#2723,1.);
#2723 = DIRECTION('',(1.,-1.224646799147E-16,0.));
#2724 = ORIENTED_EDGE('',*,*,#2725,.T.);
#2725 = EDGE_CURVE('',#2718,#2726,#2728,.T.);
#2726 = VERTEX_POINT('',#2727);
#2727 = CARTESIAN_POINT('',(0.4,0.34,2.E-02));
#2728 = CIRCLE('',#2729,2.E-02);
#2729 = AXIS2_PLACEMENT_3D('',#2730,#2731,#2732);
#2730 = CARTESIAN_POINT('',(0.42,0.34,2.E-02));
#2731 = DIRECTION('',(1.224646799147E-16,1.,0.));
#2732 = DIRECTION('',(0.,0.,-1.));
#2733 = ORIENTED_EDGE('',*,*,#2734,.F.);
#2734 = EDGE_CURVE('',#958,#2726,#2735,.T.);
#2735 = LINE('',#2736,#2737);
#2736 = CARTESIAN_POINT('',(0.4,0.34,0.35));
#2737 = VECTOR('',#2738,1.);
#2738 = DIRECTION('',(0.,0.,-1.));
#2739 = PLANE('',#2740);
#2740 = AXIS2_PLACEMENT_3D('',#2741,#2742,#2743);
#2741 = CARTESIAN_POINT('',(0.1,0.34,0.35));
#2742 = DIRECTION('',(-1.224646799147E-16,-1.,0.));
#2743 = DIRECTION('',(1.,-1.224646799147E-16,0.));
#2744 = ADVANCED_FACE('',(#2745),#2773,.F.);
#2745 = FACE_BOUND('',#2746,.F.);
#2746 = EDGE_LOOP('',(#2747,#2758,#2765,#2766,#2767));
#2747 = ORIENTED_EDGE('',*,*,#2748,.T.);
#2748 = EDGE_CURVE('',#2749,#2751,#2753,.T.);
#2749 = VERTEX_POINT('',#2750);
#2750 = CARTESIAN_POINT('',(-0.35,0.6,0.3));
#2751 = VERTEX_POINT('',#2752);
#2752 = CARTESIAN_POINT('',(-0.25,0.5,0.3));
#2753 = CIRCLE('',#2754,0.1);
#2754 = AXIS2_PLACEMENT_3D('',#2755,#2756,#2757);
#2755 = CARTESIAN_POINT('',(-0.35,0.5,0.3));
#2756 = DIRECTION('',(0.,0.,-1.));
#2757 = DIRECTION('',(1.,0.,0.));
#2758 = ORIENTED_EDGE('',*,*,#2759,.T.);
#2759 = EDGE_CURVE('',#2751,#2668,#2760,.T.);
#2760 = CIRCLE('',#2761,0.1);
#2761 = AXIS2_PLACEMENT_3D('',#2762,#2763,#2764);
#2762 = CARTESIAN_POINT('',(-0.35,0.5,0.3));
#2763 = DIRECTION('',(0.,0.,-1.));
#2764 = DIRECTION('',(1.,0.,0.));
#2765 = ORIENTED_EDGE('',*,*,#2667,.F.);
#2766 = ORIENTED_EDGE('',*,*,#1094,.F.);
#2767 = ORIENTED_EDGE('',*,*,#2768,.T.);
#2768 = EDGE_CURVE('',#1087,#2749,#2769,.T.);
#2769 = LINE('',#2770,#2771);
#2770 = CARTESIAN_POINT('',(-0.35,0.6,0.));
#2771 = VECTOR('',#2772,1.);
#2772 = DIRECTION('',(0.,0.,1.));
#2773 = CYLINDRICAL_SURFACE('',#2774,0.1);
#2774 = AXIS2_PLACEMENT_3D('',#2775,#2776,#2777);
#2775 = CARTESIAN_POINT('',(-0.35,0.5,0.));
#2776 = DIRECTION('',(-0.,-0.,-1.));
#2777 = DIRECTION('',(1.,0.,0.));
#2778 = ADVANCED_FACE('',(#2779),#2797,.F.);
#2779 = FACE_BOUND('',#2780,.F.);
#2780 = EDGE_LOOP('',(#2781,#2789,#2795,#2796));
#2781 = ORIENTED_EDGE('',*,*,#2782,.T.);
#2782 = EDGE_CURVE('',#2726,#2783,#2785,.T.);
#2783 = VERTEX_POINT('',#2784);
#2784 = CARTESIAN_POINT('',(0.4,0.4,2.E-02));
#2785 = LINE('',#2786,#2787);
#2786 = CARTESIAN_POINT('',(0.4,0.34,2.E-02));
#2787 = VECTOR('',#2788,1.);
#2788 = DIRECTION('',(1.224646799147E-16,1.,0.));
#2789 = ORIENTED_EDGE('',*,*,#2790,.T.);
#2790 = EDGE_CURVE('',#2783,#966,#2791,.T.);
#2791 = LINE('',#2792,#2793);
#2792 = CARTESIAN_POINT('',(0.4,0.4,0.175));
#2793 = VECTOR('',#2794,1.);
#2794 = DIRECTION('',(0.,0.,1.));
#2795 = ORIENTED_EDGE('',*,*,#965,.F.);
#2796 = ORIENTED_EDGE('',*,*,#2734,.T.);
#2797 = PLANE('',#2798);
#2798 = AXIS2_PLACEMENT_3D('',#2799,#2800,#2801);
#2799 = CARTESIAN_POINT('',(0.4,0.34,0.35));
#2800 = DIRECTION('',(1.,-1.224646799147E-16,0.));
#2801 = DIRECTION('',(1.224646799147E-16,1.,0.));
#2802 = ADVANCED_FACE('',(#2803),#2821,.F.);
#2803 = FACE_BOUND('',#2804,.F.);
#2804 = EDGE_LOOP('',(#2805,#2806,#2807,#2815));
#2805 = ORIENTED_EDGE('',*,*,#2768,.F.);
#2806 = ORIENTED_EDGE('',*,*,#1086,.T.);
#2807 = ORIENTED_EDGE('',*,*,#2808,.T.);
#2808 = EDGE_CURVE('',#1079,#2809,#2811,.T.);
#2809 = VERTEX_POINT('',#2810);
#2810 = CARTESIAN_POINT('',(-0.4,0.6,0.3));
#2811 = LINE('',#2812,#2813);
#2812 = CARTESIAN_POINT('',(-0.4,0.6,0.175));
#2813 = VECTOR('',#2814,1.);
#2814 = DIRECTION('',(0.,0.,1.));
#2815 = ORIENTED_EDGE('',*,*,#2816,.F.);
#2816 = EDGE_CURVE('',#2749,#2809,#2817,.T.);
#2817 = LINE('',#2818,#2819);
#2818 = CARTESIAN_POINT('',(-0.475,0.6,0.3));
#2819 = VECTOR('',#2820,1.);
#2820 = DIRECTION('',(-1.,0.,0.));
#2821 = PLANE('',#2822);
#2822 = AXIS2_PLACEMENT_3D('',#2823,#2824,#2825);
#2823 = CARTESIAN_POINT('',(-0.5,0.6,0.));
#2824 = DIRECTION('',(0.,1.,0.));
#2825 = DIRECTION('',(0.,-0.,1.));
#2826 = ADVANCED_FACE('',(#2827),#2852,.F.);
#2827 = FACE_BOUND('',#2828,.F.);
#2828 = EDGE_LOOP('',(#2829,#2837,#2838,#2846));
#2829 = ORIENTED_EDGE('',*,*,#2830,.F.);
#2830 = EDGE_CURVE('',#974,#2831,#2833,.T.);
#2831 = VERTEX_POINT('',#2832);
#2832 = CARTESIAN_POINT('',(0.35,0.4,0.3));
#2833 = LINE('',#2834,#2835);
#2834 = CARTESIAN_POINT('',(0.35,0.4,0.));
#2835 = VECTOR('',#2836,1.);
#2836 = DIRECTION('',(0.,0.,1.));
#2837 = ORIENTED_EDGE('',*,*,#973,.T.);
#2838 = ORIENTED_EDGE('',*,*,#2839,.T.);
#2839 = EDGE_CURVE('',#966,#2840,#2842,.T.);
#2840 = VERTEX_POINT('',#2841);
#2841 = CARTESIAN_POINT('',(0.4,0.4,0.3));
#2842 = LINE('',#2843,#2844);
#2843 = CARTESIAN_POINT('',(0.4,0.4,0.175));
#2844 = VECTOR('',#2845,1.);
#2845 = DIRECTION('',(0.,0.,1.));
#2846 = ORIENTED_EDGE('',*,*,#2847,.F.);
#2847 = EDGE_CURVE('',#2831,#2840,#2848,.T.);
#2848 = LINE('',#2849,#2850);
#2849 = CARTESIAN_POINT('',(2.5E-02,0.4,0.3));
#2850 = VECTOR('',#2851,1.);
#2851 = DIRECTION('',(1.,-1.224646799147E-16,0.));
#2852 = PLANE('',#2853);
#2853 = AXIS2_PLACEMENT_3D('',#2854,#2855,#2856);
#2854 = CARTESIAN_POINT('',(0.5,0.4,0.));
#2855 = DIRECTION('',(-1.224646799147E-16,-1.,0.));
#2856 = DIRECTION('',(0.,0.,1.));
#2857 = ADVANCED_FACE('',(#2858),#2883,.F.);
#2858 = FACE_BOUND('',#2859,.F.);
#2859 = EDGE_LOOP('',(#2860,#2870,#2876,#2877));
#2860 = ORIENTED_EDGE('',*,*,#2861,.T.);
#2861 = EDGE_CURVE('',#2862,#2864,#2866,.T.);
#2862 = VERTEX_POINT('',#2863);
#2863 = CARTESIAN_POINT('',(-0.4,0.68,2.E-02));
#2864 = VERTEX_POINT('',#2865);
#2865 = CARTESIAN_POINT('',(-0.4,0.6,2.E-02));
#2866 = LINE('',#2867,#2868);
#2867 = CARTESIAN_POINT('',(-0.4,0.68,2.E-02));
#2868 = VECTOR('',#2869,1.);
#2869 = DIRECTION('',(0.,-1.,0.));
#2870 = ORIENTED_EDGE('',*,*,#2871,.T.);
#2871 = EDGE_CURVE('',#2864,#1079,#2872,.T.);
#2872 = LINE('',#2873,#2874);
#2873 = CARTESIAN_POINT('',(-0.4,0.6,0.175));
#2874 = VECTOR('',#2875,1.);
#2875 = DIRECTION('',(0.,0.,1.));
#2876 = ORIENTED_EDGE('',*,*,#1078,.F.);
#2877 = ORIENTED_EDGE('',*,*,#2878,.T.);
#2878 = EDGE_CURVE('',#1071,#2862,#2879,.T.);
#2879 = LINE('',#2880,#2881);
#2880 = CARTESIAN_POINT('',(-0.4,0.68,0.35));
#2881 = VECTOR('',#2882,1.);
#2882 = DIRECTION('',(-0.,-0.,-1.));
#2883 = PLANE('',#2884);
#2884 = AXIS2_PLACEMENT_3D('',#2885,#2886,#2887);
#2885 = CARTESIAN_POINT('',(-0.4,0.68,0.35));
#2886 = DIRECTION('',(-1.,0.,0.));
#2887 = DIRECTION('',(0.,-1.,0.));
#2888 = ADVANCED_FACE('',(#2889),#2917,.F.);
#2889 = FACE_BOUND('',#2890,.F.);
#2890 = EDGE_LOOP('',(#2891,#2900,#2909,#2915,#2916));
#2891 = ORIENTED_EDGE('',*,*,#2892,.T.);
#2892 = EDGE_CURVE('',#2831,#2893,#2895,.T.);
#2893 = VERTEX_POINT('',#2894);
#2894 = CARTESIAN_POINT('',(0.25,0.5,0.3));
#2895 = CIRCLE('',#2896,0.1);
#2896 = AXIS2_PLACEMENT_3D('',#2897,#2898,#2899);
#2897 = CARTESIAN_POINT('',(0.35,0.5,0.3));
#2898 = DIRECTION('',(0.,0.,-1.));
#2899 = DIRECTION('',(-1.,1.224646799147E-16,0.));
#2900 = ORIENTED_EDGE('',*,*,#2901,.T.);
#2901 = EDGE_CURVE('',#2893,#2902,#2904,.T.);
#2902 = VERTEX_POINT('',#2903);
#2903 = CARTESIAN_POINT('',(0.35,0.6,0.3));
#2904 = CIRCLE('',#2905,0.1);
#2905 = AXIS2_PLACEMENT_3D('',#2906,#2907,#2908);
#2906 = CARTESIAN_POINT('',(0.35,0.5,0.3));
#2907 = DIRECTION('',(0.,0.,-1.));
#2908 = DIRECTION('',(-1.,1.224646799147E-16,0.));
#2909 = ORIENTED_EDGE('',*,*,#2910,.F.);
#2910 = EDGE_CURVE('',#982,#2902,#2911,.T.);
#2911 = LINE('',#2912,#2913);
#2912 = CARTESIAN_POINT('',(0.35,0.6,0.));
#2913 = VECTOR('',#2914,1.);
#2914 = DIRECTION('',(0.,0.,1.));
#2915 = ORIENTED_EDGE('',*,*,#981,.F.);
#2916 = ORIENTED_EDGE('',*,*,#2830,.T.);
#2917 = CYLINDRICAL_SURFACE('',#2918,0.1);
#2918 = AXIS2_PLACEMENT_3D('',#2919,#2920,#2921);
#2919 = CARTESIAN_POINT('',(0.35,0.5,0.));
#2920 = DIRECTION('',(0.,0.,-1.));
#2921 = DIRECTION('',(-1.,1.224646799147E-16,0.));
#2922 = ADVANCED_FACE('',(#2923),#2967,.F.);
#2923 = FACE_BOUND('',#2924,.F.);
#2924 = EDGE_LOOP('',(#2925,#2926,#2934,#2943,#2951,#2959,#2966));
#2925 = ORIENTED_EDGE('',*,*,#1070,.F.);
#2926 = ORIENTED_EDGE('',*,*,#2927,.F.);
#2927 = EDGE_CURVE('',#2928,#1063,#2930,.T.);
#2928 = VERTEX_POINT('',#2929);
#2929 = CARTESIAN_POINT('',(-0.25,0.68,2.E-02));
#2930 = LINE('',#2931,#2932);
#2931 = CARTESIAN_POINT('',(-0.25,0.68,0.175));
#2932 = VECTOR('',#2933,1.);
#2933 = DIRECTION('',(0.,0.,1.));
#2934 = ORIENTED_EDGE('',*,*,#2935,.F.);
#2935 = EDGE_CURVE('',#2936,#2928,#2938,.T.);
#2936 = VERTEX_POINT('',#2937);
#2937 = CARTESIAN_POINT('',(-0.27,0.68,0.));
#2938 = CIRCLE('',#2939,2.E-02);
#2939 = AXIS2_PLACEMENT_3D('',#2940,#2941,#2942);
#2940 = CARTESIAN_POINT('',(-0.27,0.68,2.E-02));
#2941 = DIRECTION('',(0.,-1.,0.));
#2942 = DIRECTION('',(0.,0.,1.));
#2943 = ORIENTED_EDGE('',*,*,#2944,.T.);
#2944 = EDGE_CURVE('',#2936,#2945,#2947,.T.);
#2945 = VERTEX_POINT('',#2946);
#2946 = CARTESIAN_POINT('',(-0.4,0.68,0.));
#2947 = LINE('',#2948,#2949);
#2948 = CARTESIAN_POINT('',(-0.3,0.68,0.));
#2949 = VECTOR('',#2950,1.);
#2950 = DIRECTION('',(-1.,0.,0.));
#2951 = ORIENTED_EDGE('',*,*,#2952,.T.);
#2952 = EDGE_CURVE('',#2945,#2953,#2955,.T.);
#2953 = VERTEX_POINT('',#2954);
#2954 = CARTESIAN_POINT('',(-0.42,0.68,0.));
#2955 = LINE('',#2956,#2957);
#2956 = CARTESIAN_POINT('',(-0.3,0.68,0.));
#2957 = VECTOR('',#2958,1.);
#2958 = DIRECTION('',(-1.,0.,0.));
#2959 = ORIENTED_EDGE('',*,*,#2960,.T.);
#2960 = EDGE_CURVE('',#2953,#2862,#2961,.T.);
#2961 = CIRCLE('',#2962,2.E-02);
#2962 = AXIS2_PLACEMENT_3D('',#2963,#2964,#2965);
#2963 = CARTESIAN_POINT('',(-0.42,0.68,2.E-02));
#2964 = DIRECTION('',(0.,-1.,0.));
#2965 = DIRECTION('',(0.,0.,-1.));
#2966 = ORIENTED_EDGE('',*,*,#2878,.F.);
#2967 = PLANE('',#2968);
#2968 = AXIS2_PLACEMENT_3D('',#2969,#2970,#2971);
#2969 = CARTESIAN_POINT('',(-0.1,0.68,0.35));
#2970 = DIRECTION('',(0.,1.,0.));
#2971 = DIRECTION('',(-1.,0.,0.));
#2972 = ADVANCED_FACE('',(#2973),#2991,.T.);
#2973 = FACE_BOUND('',#2974,.T.);
#2974 = EDGE_LOOP('',(#2975,#2976,#2977,#2985));
#2975 = ORIENTED_EDGE('',*,*,#2910,.F.);
#2976 = ORIENTED_EDGE('',*,*,#990,.T.);
#2977 = ORIENTED_EDGE('',*,*,#2978,.T.);
#2978 = EDGE_CURVE('',#991,#2979,#2981,.T.);
#2979 = VERTEX_POINT('',#2980);
#2980 = CARTESIAN_POINT('',(0.4,0.6,0.3));
#2981 = LINE('',#2982,#2983);
#2982 = CARTESIAN_POINT('',(0.4,0.6,0.175));
#2983 = VECTOR('',#2984,1.);
#2984 = DIRECTION('',(0.,0.,1.));
#2985 = ORIENTED_EDGE('',*,*,#2986,.F.);
#2986 = EDGE_CURVE('',#2902,#2979,#2987,.T.);
#2987 = LINE('',#2988,#2989);
#2988 = CARTESIAN_POINT('',(2.5E-02,0.6,0.3));
#2989 = VECTOR('',#2990,1.);
#2990 = DIRECTION('',(1.,-1.224646799147E-16,0.));
#2991 = PLANE('',#2992);
#2992 = AXIS2_PLACEMENT_3D('',#2993,#2994,#2995);
#2993 = CARTESIAN_POINT('',(0.5,0.6,0.));
#2994 = DIRECTION('',(-1.224646799147E-16,-1.,0.));
#2995 = DIRECTION('',(0.,0.,1.));
#2996 = ADVANCED_FACE('',(#2997),#3015,.T.);
#2997 = FACE_BOUND('',#2998,.T.);
#2998 = EDGE_LOOP('',(#2999,#3007,#3008,#3009));
#2999 = ORIENTED_EDGE('',*,*,#3000,.F.);
#3000 = EDGE_CURVE('',#1055,#3001,#3003,.T.);
#3001 = VERTEX_POINT('',#3002);
#3002 = CARTESIAN_POINT('',(-0.25,0.92,2.E-02));
#3003 = LINE('',#3004,#3005);
#3004 = CARTESIAN_POINT('',(-0.25,0.92,0.175));
#3005 = VECTOR('',#3006,1.);
#3006 = DIRECTION('',(0.,0.,-1.));
#3007 = ORIENTED_EDGE('',*,*,#1062,.F.);
#3008 = ORIENTED_EDGE('',*,*,#2927,.F.);
#3009 = ORIENTED_EDGE('',*,*,#3010,.T.);
#3010 = EDGE_CURVE('',#2928,#3001,#3011,.T.);
#3011 = LINE('',#3012,#3013);
#3012 = CARTESIAN_POINT('',(-0.25,0.68,2.E-02));
#3013 = VECTOR('',#3014,1.);
#3014 = DIRECTION('',(0.,1.,0.));
#3015 = PLANE('',#3016);
#3016 = AXIS2_PLACEMENT_3D('',#3017,#3018,#3019);
#3017 = CARTESIAN_POINT('',(-0.25,0.6,0.));
#3018 = DIRECTION('',(1.,0.,0.));
#3019 = DIRECTION('',(0.,0.,1.));
#3020 = ADVANCED_FACE('',(#3021),#3046,.F.);
#3021 = FACE_BOUND('',#3022,.F.);
#3022 = EDGE_LOOP('',(#3023,#3031,#3032,#3040));
#3023 = ORIENTED_EDGE('',*,*,#3024,.F.);
#3024 = EDGE_CURVE('',#999,#3025,#3027,.T.);
#3025 = VERTEX_POINT('',#3026);
#3026 = CARTESIAN_POINT('',(0.4,0.68,2.E-02));
#3027 = LINE('',#3028,#3029);
#3028 = CARTESIAN_POINT('',(0.4,0.68,0.35));
#3029 = VECTOR('',#3030,1.);
#3030 = DIRECTION('',(0.,0.,-1.));
#3031 = ORIENTED_EDGE('',*,*,#998,.F.);
#3032 = ORIENTED_EDGE('',*,*,#3033,.F.);
#3033 = EDGE_CURVE('',#3034,#991,#3036,.T.);
#3034 = VERTEX_POINT('',#3035);
#3035 = CARTESIAN_POINT('',(0.4,0.6,2.E-02));
#3036 = LINE('',#3037,#3038);
#3037 = CARTESIAN_POINT('',(0.4,0.6,0.175));
#3038 = VECTOR('',#3039,1.);
#3039 = DIRECTION('',(0.,0.,1.));
#3040 = ORIENTED_EDGE('',*,*,#3041,.T.);
#3041 = EDGE_CURVE('',#3034,#3025,#3042,.T.);
#3042 = LINE('',#3043,#3044);
#3043 = CARTESIAN_POINT('',(0.4,0.6,2.E-02));
#3044 = VECTOR('',#3045,1.);
#3045 = DIRECTION('',(1.224646799147E-16,1.,0.));
#3046 = PLANE('',#3047);
#3047 = AXIS2_PLACEMENT_3D('',#3048,#3049,#3050);
#3048 = CARTESIAN_POINT('',(0.4,0.52,0.35));
#3049 = DIRECTION('',(1.,-1.224646799147E-16,0.));
#3050 = DIRECTION('',(1.224646799147E-16,1.,0.));
#3051 = ADVANCED_FACE('',(#3052),#3096,.F.);
#3052 = FACE_BOUND('',#3053,.F.);
#3053 = EDGE_LOOP('',(#3054,#3055,#3056,#3064,#3073,#3081,#3089));
#3054 = ORIENTED_EDGE('',*,*,#3000,.F.);
#3055 = ORIENTED_EDGE('',*,*,#1054,.F.);
#3056 = ORIENTED_EDGE('',*,*,#3057,.T.);
#3057 = EDGE_CURVE('',#1047,#3058,#3060,.T.);
#3058 = VERTEX_POINT('',#3059);
#3059 = CARTESIAN_POINT('',(-0.4,0.92,2.E-02));
#3060 = LINE('',#3061,#3062);
#3061 = CARTESIAN_POINT('',(-0.4,0.92,0.35));
#3062 = VECTOR('',#3063,1.);
#3063 = DIRECTION('',(-0.,-0.,-1.));
#3064 = ORIENTED_EDGE('',*,*,#3065,.F.);
#3065 = EDGE_CURVE('',#3066,#3058,#3068,.T.);
#3066 = VERTEX_POINT('',#3067);
#3067 = CARTESIAN_POINT('',(-0.42,0.92,0.));
#3068 = CIRCLE('',#3069,2.E-02);
#3069 = AXIS2_PLACEMENT_3D('',#3070,#3071,#3072);
#3070 = CARTESIAN_POINT('',(-0.42,0.92,2.E-02));
#3071 = DIRECTION('',(0.,-1.,0.));
#3072 = DIRECTION('',(0.,0.,-1.));
#3073 = ORIENTED_EDGE('',*,*,#3074,.F.);
#3074 = EDGE_CURVE('',#3075,#3066,#3077,.T.);
#3075 = VERTEX_POINT('',#3076);
#3076 = CARTESIAN_POINT('',(-0.4,0.92,0.));
#3077 = LINE('',#3078,#3079);
#3078 = CARTESIAN_POINT('',(-0.45,0.92,0.));
#3079 = VECTOR('',#3080,1.);
#3080 = DIRECTION('',(-1.,0.,0.));
#3081 = ORIENTED_EDGE('',*,*,#3082,.T.);
#3082 = EDGE_CURVE('',#3075,#3083,#3085,.T.);
#3083 = VERTEX_POINT('',#3084);
#3084 = CARTESIAN_POINT('',(-0.27,0.92,0.));
#3085 = LINE('',#3086,#3087);
#3086 = CARTESIAN_POINT('',(-0.45,0.92,0.));
#3087 = VECTOR('',#3088,1.);
#3088 = DIRECTION('',(1.,0.,0.));
#3089 = ORIENTED_EDGE('',*,*,#3090,.T.);
#3090 = EDGE_CURVE('',#3083,#3001,#3091,.T.);
#3091 = CIRCLE('',#3092,2.E-02);
#3092 = AXIS2_PLACEMENT_3D('',#3093,#3094,#3095);
#3093 = CARTESIAN_POINT('',(-0.27,0.92,2.E-02));
#3094 = DIRECTION('',(0.,-1.,0.));
#3095 = DIRECTION('',(0.,0.,1.));
#3096 = PLANE('',#3097);
#3097 = AXIS2_PLACEMENT_3D('',#3098,#3099,#3100);
#3098 = CARTESIAN_POINT('',(-0.4,0.92,0.35));
#3099 = DIRECTION('',(0.,-1.,0.));
#3100 = DIRECTION('',(1.,0.,0.));
#3101 = ADVANCED_FACE('',(#3102),#3146,.F.);
#3102 = FACE_BOUND('',#3103,.F.);
#3103 = EDGE_LOOP('',(#3104,#3112,#3113,#3114,#3123,#3131,#3139));
#3104 = ORIENTED_EDGE('',*,*,#3105,.F.);
#3105 = EDGE_CURVE('',#1007,#3106,#3108,.T.);
#3106 = VERTEX_POINT('',#3107);
#3107 = CARTESIAN_POINT('',(0.25,0.68,2.E-02));
#3108 = LINE('',#3109,#3110);
#3109 = CARTESIAN_POINT('',(0.25,0.68,0.175));
#3110 = VECTOR('',#3111,1.);
#3111 = DIRECTION('',(-0.,0.,-1.));
#3112 = ORIENTED_EDGE('',*,*,#1006,.F.);
#3113 = ORIENTED_EDGE('',*,*,#3024,.T.);
#3114 = ORIENTED_EDGE('',*,*,#3115,.F.);
#3115 = EDGE_CURVE('',#3116,#3025,#3118,.T.);
#3116 = VERTEX_POINT('',#3117);
#3117 = CARTESIAN_POINT('',(0.42,0.68,0.));
#3118 = CIRCLE('',#3119,2.E-02);
#3119 = AXIS2_PLACEMENT_3D('',#3120,#3121,#3122);
#3120 = CARTESIAN_POINT('',(0.42,0.68,2.E-02));
#3121 = DIRECTION('',(1.224646799147E-16,1.,0.));
#3122 = DIRECTION('',(0.,0.,-1.));
#3123 = ORIENTED_EDGE('',*,*,#3124,.F.);
#3124 = EDGE_CURVE('',#3125,#3116,#3127,.T.);
#3125 = VERTEX_POINT('',#3126);
#3126 = CARTESIAN_POINT('',(0.4,0.68,0.));
#3127 = LINE('',#3128,#3129);
#3128 = CARTESIAN_POINT('',(0.45,0.68,0.));
#3129 = VECTOR('',#3130,1.);
#3130 = DIRECTION('',(1.,-1.224646799147E-16,0.));
#3131 = ORIENTED_EDGE('',*,*,#3132,.T.);
#3132 = EDGE_CURVE('',#3125,#3133,#3135,.T.);
#3133 = VERTEX_POINT('',#3134);
#3134 = CARTESIAN_POINT('',(0.27,0.68,0.));
#3135 = LINE('',#3136,#3137);
#3136 = CARTESIAN_POINT('',(0.45,0.68,0.));
#3137 = VECTOR('',#3138,1.);
#3138 = DIRECTION('',(-1.,1.224646799147E-16,0.));
#3139 = ORIENTED_EDGE('',*,*,#3140,.T.);
#3140 = EDGE_CURVE('',#3133,#3106,#3141,.T.);
#3141 = CIRCLE('',#3142,2.E-02);
#3142 = AXIS2_PLACEMENT_3D('',#3143,#3144,#3145);
#3143 = CARTESIAN_POINT('',(0.27,0.68,2.E-02));
#3144 = DIRECTION('',(1.224646799147E-16,1.,-0.));
#3145 = DIRECTION('',(0.,0.,1.));
#3146 = PLANE('',#3147);
#3147 = AXIS2_PLACEMENT_3D('',#3148,#3149,#3150);
#3148 = CARTESIAN_POINT('',(0.4,0.68,0.35));
#3149 = DIRECTION('',(1.224646799147E-16,1.,0.));
#3150 = DIRECTION('',(-1.,1.224646799147E-16,0.));
#3151 = ADVANCED_FACE('',(#3152),#3170,.F.);
#3152 = FACE_BOUND('',#3153,.F.);
#3153 = EDGE_LOOP('',(#3154,#3155,#3156,#3164));
#3154 = ORIENTED_EDGE('',*,*,#3057,.F.);
#3155 = ORIENTED_EDGE('',*,*,#1046,.F.);
#3156 = ORIENTED_EDGE('',*,*,#3157,.F.);
#3157 = EDGE_CURVE('',#3158,#1039,#3160,.T.);
#3158 = VERTEX_POINT('',#3159);
#3159 = CARTESIAN_POINT('',(-0.4,1.,2.E-02));
#3160 = LINE('',#3161,#3162);
#3161 = CARTESIAN_POINT('',(-0.4,1.,0.175));
#3162 = VECTOR('',#3163,1.);
#3163 = DIRECTION('',(0.,0.,1.));
#3164 = ORIENTED_EDGE('',*,*,#3165,.T.);
#3165 = EDGE_CURVE('',#3158,#3058,#3166,.T.);
#3166 = LINE('',#3167,#3168);
#3167 = CARTESIAN_POINT('',(-0.4,1.,2.E-02));
#3168 = VECTOR('',#3169,1.);
#3169 = DIRECTION('',(0.,-1.,0.));
#3170 = PLANE('',#3171);
#3171 = AXIS2_PLACEMENT_3D('',#3172,#3173,#3174);
#3172 = CARTESIAN_POINT('',(-0.4,1.08,0.35));
#3173 = DIRECTION('',(-1.,0.,0.));
#3174 = DIRECTION('',(0.,-1.,0.));
#3175 = ADVANCED_FACE('',(#3176),#3194,.T.);
#3176 = FACE_BOUND('',#3177,.T.);
#3177 = EDGE_LOOP('',(#3178,#3179,#3180,#3188));
#3178 = ORIENTED_EDGE('',*,*,#3105,.F.);
#3179 = ORIENTED_EDGE('',*,*,#1014,.F.);
#3180 = ORIENTED_EDGE('',*,*,#3181,.F.);
#3181 = EDGE_CURVE('',#3182,#1015,#3184,.T.);
#3182 = VERTEX_POINT('',#3183);
#3183 = CARTESIAN_POINT('',(0.25,0.92,2.E-02));
#3184 = LINE('',#3185,#3186);
#3185 = CARTESIAN_POINT('',(0.25,0.92,0.175));
#3186 = VECTOR('',#3187,1.);
#3187 = DIRECTION('',(0.,0.,1.));
#3188 = ORIENTED_EDGE('',*,*,#3189,.T.);
#3189 = EDGE_CURVE('',#3182,#3106,#3190,.T.);
#3190 = LINE('',#3191,#3192);
#3191 = CARTESIAN_POINT('',(0.25,0.92,2.E-02));
#3192 = VECTOR('',#3193,1.);
#3193 = DIRECTION('',(-1.224646799147E-16,-1.,0.));
#3194 = PLANE('',#3195);
#3195 = AXIS2_PLACEMENT_3D('',#3196,#3197,#3198);
#3196 = CARTESIAN_POINT('',(0.25,1.,0.));
#3197 = DIRECTION('',(-1.,1.224646799147E-16,0.));
#3198 = DIRECTION('',(0.,0.,1.));
#3199 = ADVANCED_FACE('',(#3200),#3241,.T.);
#3200 = FACE_BOUND('',#3201,.T.);
#3201 = EDGE_LOOP('',(#3202,#3203,#3211,#3219,#3227,#3235));
#3202 = ORIENTED_EDGE('',*,*,#1038,.F.);
#3203 = ORIENTED_EDGE('',*,*,#3204,.T.);
#3204 = EDGE_CURVE('',#1039,#3205,#3207,.T.);
#3205 = VERTEX_POINT('',#3206);
#3206 = CARTESIAN_POINT('',(-0.4,1.,0.3));
#3207 = LINE('',#3208,#3209);
#3208 = CARTESIAN_POINT('',(-0.4,1.,0.175));
#3209 = VECTOR('',#3210,1.);
#3210 = DIRECTION('',(0.,0.,1.));
#3211 = ORIENTED_EDGE('',*,*,#3212,.T.);
#3212 = EDGE_CURVE('',#3205,#3213,#3215,.T.);
#3213 = VERTEX_POINT('',#3214);
#3214 = CARTESIAN_POINT('',(-0.25,1.,0.3));
#3215 = LINE('',#3216,#3217);
#3216 = CARTESIAN_POINT('',(-0.45,1.,0.3));
#3217 = VECTOR('',#3218,1.);
#3218 = DIRECTION('',(1.,0.,0.));
#3219 = ORIENTED_EDGE('',*,*,#3220,.T.);
#3220 = EDGE_CURVE('',#3213,#3221,#3223,.T.);
#3221 = VERTEX_POINT('',#3222);
#3222 = CARTESIAN_POINT('',(0.25,1.,0.3));
#3223 = LINE('',#3224,#3225);
#3224 = CARTESIAN_POINT('',(-0.25,1.,0.3));
#3225 = VECTOR('',#3226,1.);
#3226 = DIRECTION('',(1.,0.,0.));
#3227 = ORIENTED_EDGE('',*,*,#3228,.T.);
#3228 = EDGE_CURVE('',#3221,#3229,#3231,.T.);
#3229 = VERTEX_POINT('',#3230);
#3230 = CARTESIAN_POINT('',(0.4,1.,0.3));
#3231 = LINE('',#3232,#3233);
#3232 = CARTESIAN_POINT('',(-0.45,1.,0.3));
#3233 = VECTOR('',#3234,1.);
#3234 = DIRECTION('',(1.,0.,0.));
#3235 = ORIENTED_EDGE('',*,*,#3236,.F.);
#3236 = EDGE_CURVE('',#1031,#3229,#3237,.T.);
#3237 = LINE('',#3238,#3239);
#3238 = CARTESIAN_POINT('',(0.4,1.,0.175));
#3239 = VECTOR('',#3240,1.);
#3240 = DIRECTION('',(0.,0.,1.));
#3241 = PLANE('',#3242);
#3242 = AXIS2_PLACEMENT_3D('',#3243,#3244,#3245);
#3243 = CARTESIAN_POINT('',(-0.45,1.,5.E-02));
#3244 = DIRECTION('',(0.,1.,0.));
#3245 = DIRECTION('',(0.,-0.,1.));
#3246 = ADVANCED_FACE('',(#3247),#3291,.F.);
#3247 = FACE_BOUND('',#3248,.F.);
#3248 = EDGE_LOOP('',(#3249,#3250,#3251,#3260,#3268,#3276,#3285));
#3249 = ORIENTED_EDGE('',*,*,#1022,.F.);
#3250 = ORIENTED_EDGE('',*,*,#3181,.F.);
#3251 = ORIENTED_EDGE('',*,*,#3252,.F.);
#3252 = EDGE_CURVE('',#3253,#3182,#3255,.T.);
#3253 = VERTEX_POINT('',#3254);
#3254 = CARTESIAN_POINT('',(0.27,0.92,0.));
#3255 = CIRCLE('',#3256,2.E-02);
#3256 = AXIS2_PLACEMENT_3D('',#3257,#3258,#3259);
#3257 = CARTESIAN_POINT('',(0.27,0.92,2.E-02));
#3258 = DIRECTION('',(1.224646799147E-16,1.,-0.));
#3259 = DIRECTION('',(0.,0.,1.));
#3260 = ORIENTED_EDGE('',*,*,#3261,.T.);
#3261 = EDGE_CURVE('',#3253,#3262,#3264,.T.);
#3262 = VERTEX_POINT('',#3263);
#3263 = CARTESIAN_POINT('',(0.4,0.92,0.));
#3264 = LINE('',#3265,#3266);
#3265 = CARTESIAN_POINT('',(0.3,0.92,0.));
#3266 = VECTOR('',#3267,1.);
#3267 = DIRECTION('',(1.,-1.224646799147E-16,0.));
#3268 = ORIENTED_EDGE('',*,*,#3269,.T.);
#3269 = EDGE_CURVE('',#3262,#3270,#3272,.T.);
#3270 = VERTEX_POINT('',#3271);
#3271 = CARTESIAN_POINT('',(0.42,0.92,0.));
#3272 = LINE('',#3273,#3274);
#3273 = CARTESIAN_POINT('',(0.3,0.92,0.));
#3274 = VECTOR('',#3275,1.);
#3275 = DIRECTION('',(1.,-1.224646799147E-16,0.));
#3276 = ORIENTED_EDGE('',*,*,#3277,.T.);
#3277 = EDGE_CURVE('',#3270,#3278,#3280,.T.);
#3278 = VERTEX_POINT('',#3279);
#3279 = CARTESIAN_POINT('',(0.4,0.92,2.E-02));
#3280 = CIRCLE('',#3281,2.E-02);
#3281 = AXIS2_PLACEMENT_3D('',#3282,#3283,#3284);
#3282 = CARTESIAN_POINT('',(0.42,0.92,2.E-02));
#3283 = DIRECTION('',(1.224646799147E-16,1.,0.));
#3284 = DIRECTION('',(0.,0.,-1.));
#3285 = ORIENTED_EDGE('',*,*,#3286,.F.);
#3286 = EDGE_CURVE('',#1023,#3278,#3287,.T.);
#3287 = LINE('',#3288,#3289);
#3288 = CARTESIAN_POINT('',(0.4,0.92,0.35));
#3289 = VECTOR('',#3290,1.);
#3290 = DIRECTION('',(0.,0.,-1.));
#3291 = PLANE('',#3292);
#3292 = AXIS2_PLACEMENT_3D('',#3293,#3294,#3295);
#3293 = CARTESIAN_POINT('',(0.1,0.92,0.35));
#3294 = DIRECTION('',(-1.224646799147E-16,-1.,0.));
#3295 = DIRECTION('',(1.,-1.224646799147E-16,0.));
#3296 = ADVANCED_FACE('',(#3297),#3315,.F.);
#3297 = FACE_BOUND('',#3298,.F.);
#3298 = EDGE_LOOP('',(#3299,#3307,#3313,#3314));
#3299 = ORIENTED_EDGE('',*,*,#3300,.T.);
#3300 = EDGE_CURVE('',#3278,#3301,#3303,.T.);
#3301 = VERTEX_POINT('',#3302);
#3302 = CARTESIAN_POINT('',(0.4,1.,2.E-02));
#3303 = LINE('',#3304,#3305);
#3304 = CARTESIAN_POINT('',(0.4,0.92,2.E-02));
#3305 = VECTOR('',#3306,1.);
#3306 = DIRECTION('',(1.224646799147E-16,1.,0.));
#3307 = ORIENTED_EDGE('',*,*,#3308,.T.);
#3308 = EDGE_CURVE('',#3301,#1031,#3309,.T.);
#3309 = LINE('',#3310,#3311);
#3310 = CARTESIAN_POINT('',(0.4,1.,0.175));
#3311 = VECTOR('',#3312,1.);
#3312 = DIRECTION('',(0.,0.,1.));
#3313 = ORIENTED_EDGE('',*,*,#1030,.F.);
#3314 = ORIENTED_EDGE('',*,*,#3286,.T.);
#3315 = PLANE('',#3316);
#3316 = AXIS2_PLACEMENT_3D('',#3317,#3318,#3319);
#3317 = CARTESIAN_POINT('',(0.4,0.92,0.35));
#3318 = DIRECTION('',(1.,-1.224646799147E-16,0.));
#3319 = DIRECTION('',(1.224646799147E-16,1.,0.));
#3320 = ADVANCED_FACE('',(#3321),#3362,.F.);
#3321 = FACE_BOUND('',#3322,.F.);
#3322 = EDGE_LOOP('',(#3323,#3324,#3332,#3340,#3346,#3347,#3348,#3354,
    #3355,#3356));
#3323 = ORIENTED_EDGE('',*,*,#1249,.F.);
#3324 = ORIENTED_EDGE('',*,*,#3325,.F.);
#3325 = EDGE_CURVE('',#3326,#1250,#3328,.T.);
#3326 = VERTEX_POINT('',#3327);
#3327 = CARTESIAN_POINT('',(0.48,-0.6,0.));
#3328 = LINE('',#3329,#3330);
#3329 = CARTESIAN_POINT('',(0.48,-0.6,0.));
#3330 = VECTOR('',#3331,1.);
#3331 = DIRECTION('',(-1.224646799147E-16,-1.,0.));
#3332 = ORIENTED_EDGE('',*,*,#3333,.T.);
#3333 = EDGE_CURVE('',#3326,#3334,#3336,.T.);
#3334 = VERTEX_POINT('',#3335);
#3335 = CARTESIAN_POINT('',(0.42,-0.6,0.));
#3336 = LINE('',#3337,#3338);
#3337 = CARTESIAN_POINT('',(0.5,-0.6,0.));
#3338 = VECTOR('',#3339,1.);
#3339 = DIRECTION('',(-1.,1.224646799147E-16,0.));
#3340 = ORIENTED_EDGE('',*,*,#3341,.F.);
#3341 = EDGE_CURVE('',#1680,#3334,#3342,.T.);
#3342 = LINE('',#3343,#3344);
#3343 = CARTESIAN_POINT('',(0.42,-0.68,0.));
#3344 = VECTOR('',#3345,1.);
#3345 = DIRECTION('',(1.224646799147E-16,1.,0.));
#3346 = ORIENTED_EDGE('',*,*,#1679,.F.);
#3347 = ORIENTED_EDGE('',*,*,#1671,.F.);
#3348 = ORIENTED_EDGE('',*,*,#3349,.T.);
#3349 = EDGE_CURVE('',#1663,#1614,#3350,.T.);
#3350 = LINE('',#3351,#3352);
#3351 = CARTESIAN_POINT('',(0.27,-0.68,0.));
#3352 = VECTOR('',#3353,1.);
#3353 = DIRECTION('',(-1.224646799147E-16,-1.,0.));
#3354 = ORIENTED_EDGE('',*,*,#1613,.F.);
#3355 = ORIENTED_EDGE('',*,*,#1605,.T.);
#3356 = ORIENTED_EDGE('',*,*,#3357,.F.);
#3357 = EDGE_CURVE('',#1252,#1597,#3358,.T.);
#3358 = LINE('',#3359,#3360);
#3359 = CARTESIAN_POINT('',(0.42,-1.,0.));
#3360 = VECTOR('',#3361,1.);
#3361 = DIRECTION('',(1.224646799147E-16,1.,0.));
#3362 = PLANE('',#3363);
#3363 = AXIS2_PLACEMENT_3D('',#3364,#3365,#3366);
#3364 = CARTESIAN_POINT('',(0.5,-0.6,0.));
#3365 = DIRECTION('',(0.,0.,1.));
#3366 = DIRECTION('',(-1.,1.224646799147E-16,0.));
#3367 = ADVANCED_FACE('',(#3368),#3387,.T.);
#3368 = FACE_BOUND('',#3369,.T.);
#3369 = EDGE_LOOP('',(#3370,#3378,#3379,#3380));
#3370 = ORIENTED_EDGE('',*,*,#3371,.T.);
#3371 = EDGE_CURVE('',#3372,#1260,#3374,.T.);
#3372 = VERTEX_POINT('',#3373);
#3373 = CARTESIAN_POINT('',(0.5,-0.6,2.E-02));
#3374 = LINE('',#3375,#3376);
#3375 = CARTESIAN_POINT('',(0.5,-0.6,2.E-02));
#3376 = VECTOR('',#3377,1.);
#3377 = DIRECTION('',(-1.224646799147E-16,-1.,0.));
#3378 = ORIENTED_EDGE('',*,*,#1259,.T.);
#3379 = ORIENTED_EDGE('',*,*,#3325,.F.);
#3380 = ORIENTED_EDGE('',*,*,#3381,.F.);
#3381 = EDGE_CURVE('',#3372,#3326,#3382,.T.);
#3382 = CIRCLE('',#3383,2.E-02);
#3383 = AXIS2_PLACEMENT_3D('',#3384,#3385,#3386);
#3384 = CARTESIAN_POINT('',(0.48,-0.6,2.E-02));
#3385 = DIRECTION('',(1.224646799147E-16,1.,-0.));
#3386 = DIRECTION('',(0.,0.,1.));
#3387 = CYLINDRICAL_SURFACE('',#3388,2.E-02);
#3388 = AXIS2_PLACEMENT_3D('',#3389,#3390,#3391);
#3389 = CARTESIAN_POINT('',(0.48,-0.6,2.E-02));
#3390 = DIRECTION('',(-1.224646799147E-16,-1.,0.));
#3391 = DIRECTION('',(1.,-1.224646799147E-16,0.));
#3392 = ADVANCED_FACE('',(#3393),#3399,.T.);
#3393 = FACE_BOUND('',#3394,.T.);
#3394 = EDGE_LOOP('',(#3395,#3396,#3397,#3398));
#3395 = ORIENTED_EDGE('',*,*,#1317,.T.);
#3396 = ORIENTED_EDGE('',*,*,#1572,.T.);
#3397 = ORIENTED_EDGE('',*,*,#1596,.F.);
#3398 = ORIENTED_EDGE('',*,*,#3357,.F.);
#3399 = CYLINDRICAL_SURFACE('',#3400,2.E-02);
#3400 = AXIS2_PLACEMENT_3D('',#3401,#3402,#3403);
#3401 = CARTESIAN_POINT('',(0.42,-1.,2.E-02));
#3402 = DIRECTION('',(1.224646799147E-16,1.,0.));
#3403 = DIRECTION('',(0.,0.,-1.));
#3404 = ADVANCED_FACE('',(#3405),#3423,.F.);
#3405 = FACE_BOUND('',#3406,.F.);
#3406 = EDGE_LOOP('',(#3407,#3415,#3416,#3417));
#3407 = ORIENTED_EDGE('',*,*,#3408,.F.);
#3408 = EDGE_CURVE('',#3372,#3409,#3411,.T.);
#3409 = VERTEX_POINT('',#3410);
#3410 = CARTESIAN_POINT('',(0.5,-0.6,0.33));
#3411 = LINE('',#3412,#3413);
#3412 = CARTESIAN_POINT('',(0.5,-0.6,0.));
#3413 = VECTOR('',#3414,1.);
#3414 = DIRECTION('',(0.,0.,1.));
#3415 = ORIENTED_EDGE('',*,*,#3371,.T.);
#3416 = ORIENTED_EDGE('',*,*,#1268,.T.);
#3417 = ORIENTED_EDGE('',*,*,#3418,.F.);
#3418 = EDGE_CURVE('',#3409,#1269,#3419,.T.);
#3419 = LINE('',#3420,#3421);
#3420 = CARTESIAN_POINT('',(0.5,-0.6,0.33));
#3421 = VECTOR('',#3422,1.);
#3422 = DIRECTION('',(-1.224646799147E-16,-1.,0.));
#3423 = PLANE('',#3424);
#3424 = AXIS2_PLACEMENT_3D('',#3425,#3426,#3427);
#3425 = CARTESIAN_POINT('',(0.5,-0.6,0.));
#3426 = DIRECTION('',(-1.,1.224646799147E-16,0.));
#3427 = DIRECTION('',(0.,0.,1.));
#3428 = ADVANCED_FACE('',(#3429),#3448,.T.);
#3429 = FACE_BOUND('',#3430,.T.);
#3430 = EDGE_LOOP('',(#3431,#3440,#3446,#3447));
#3431 = ORIENTED_EDGE('',*,*,#3432,.T.);
#3432 = EDGE_CURVE('',#3409,#3433,#3435,.T.);
#3433 = VERTEX_POINT('',#3434);
#3434 = CARTESIAN_POINT('',(0.48,-0.6,0.35));
#3435 = CIRCLE('',#3436,2.E-02);
#3436 = AXIS2_PLACEMENT_3D('',#3437,#3438,#3439);
#3437 = CARTESIAN_POINT('',(0.48,-0.6,0.33));
#3438 = DIRECTION('',(-1.224646799147E-16,-1.,0.));
#3439 = DIRECTION('',(0.,0.,1.));
#3440 = ORIENTED_EDGE('',*,*,#3441,.T.);
#3441 = EDGE_CURVE('',#3433,#1277,#3442,.T.);
#3442 = LINE('',#3443,#3444);
#3443 = CARTESIAN_POINT('',(0.48,-0.6,0.35));
#3444 = VECTOR('',#3445,1.);
#3445 = DIRECTION('',(-1.224646799147E-16,-1.,0.));
#3446 = ORIENTED_EDGE('',*,*,#1276,.F.);
#3447 = ORIENTED_EDGE('',*,*,#3418,.F.);
#3448 = CYLINDRICAL_SURFACE('',#3449,2.E-02);
#3449 = AXIS2_PLACEMENT_3D('',#3450,#3451,#3452);
#3450 = CARTESIAN_POINT('',(0.48,-0.6,0.33));
#3451 = DIRECTION('',(-1.224646799147E-16,-1.,0.));
#3452 = DIRECTION('',(1.,-1.224646799147E-16,0.));
#3453 = ADVANCED_FACE('',(#3454),#3520,.T.);
#3454 = FACE_BOUND('',#3455,.T.);
#3455 = EDGE_LOOP('',(#3456,#3457,#3458,#3466,#3474,#3482,#3490,#3498,
    #3506,#3514));
#3456 = ORIENTED_EDGE('',*,*,#1285,.F.);
#3457 = ORIENTED_EDGE('',*,*,#3441,.F.);
#3458 = ORIENTED_EDGE('',*,*,#3459,.T.);
#3459 = EDGE_CURVE('',#3433,#3460,#3462,.T.);
#3460 = VERTEX_POINT('',#3461);
#3461 = CARTESIAN_POINT('',(0.42,-0.6,0.35));
#3462 = LINE('',#3463,#3464);
#3463 = CARTESIAN_POINT('',(0.5,-0.6,0.35));
#3464 = VECTOR('',#3465,1.);
#3465 = DIRECTION('',(-1.,1.224646799147E-16,0.));
#3466 = ORIENTED_EDGE('',*,*,#3467,.F.);
#3467 = EDGE_CURVE('',#3468,#3460,#3470,.T.);
#3468 = VERTEX_POINT('',#3469);
#3469 = CARTESIAN_POINT('',(0.42,-0.68,0.35));
#3470 = LINE('',#3471,#3472);
#3471 = CARTESIAN_POINT('',(0.42,-0.68,0.35));
#3472 = VECTOR('',#3473,1.);
#3473 = DIRECTION('',(1.224646799147E-16,1.,0.));
#3474 = ORIENTED_EDGE('',*,*,#3475,.F.);
#3475 = EDGE_CURVE('',#3476,#3468,#3478,.T.);
#3476 = VERTEX_POINT('',#3477);
#3477 = CARTESIAN_POINT('',(0.4,-0.68,0.35));
#3478 = LINE('',#3479,#3480);
#3479 = CARTESIAN_POINT('',(0.3,-0.68,0.35));
#3480 = VECTOR('',#3481,1.);
#3481 = DIRECTION('',(1.,-1.224646799147E-16,0.));
#3482 = ORIENTED_EDGE('',*,*,#3483,.F.);
#3483 = EDGE_CURVE('',#3484,#3476,#3486,.T.);
#3484 = VERTEX_POINT('',#3485);
#3485 = CARTESIAN_POINT('',(0.27,-0.68,0.35));
#3486 = LINE('',#3487,#3488);
#3487 = CARTESIAN_POINT('',(0.1,-0.68,0.35));
#3488 = VECTOR('',#3489,1.);
#3489 = DIRECTION('',(1.,-1.224646799147E-16,0.));
#3490 = ORIENTED_EDGE('',*,*,#3491,.T.);
#3491 = EDGE_CURVE('',#3484,#3492,#3494,.T.);
#3492 = VERTEX_POINT('',#3493);
#3493 = CARTESIAN_POINT('',(0.27,-0.92,0.35));
#3494 = LINE('',#3495,#3496);
#3495 = CARTESIAN_POINT('',(0.27,-0.68,0.35));
#3496 = VECTOR('',#3497,1.);
#3497 = DIRECTION('',(-1.224646799147E-16,-1.,0.));
#3498 = ORIENTED_EDGE('',*,*,#3499,.F.);
#3499 = EDGE_CURVE('',#3500,#3492,#3502,.T.);
#3500 = VERTEX_POINT('',#3501);
#3501 = CARTESIAN_POINT('',(0.4,-0.92,0.35));
#3502 = LINE('',#3503,#3504);
#3503 = CARTESIAN_POINT('',(0.4,-0.92,0.35));
#3504 = VECTOR('',#3505,1.);
#3505 = DIRECTION('',(-1.,1.224646799147E-16,0.));
#3506 = ORIENTED_EDGE('',*,*,#3507,.T.);
#3507 = EDGE_CURVE('',#3500,#3508,#3510,.T.);
#3508 = VERTEX_POINT('',#3509);
#3509 = CARTESIAN_POINT('',(0.42,-0.92,0.35));
#3510 = LINE('',#3511,#3512);
#3511 = CARTESIAN_POINT('',(0.45,-0.92,0.35));
#3512 = VECTOR('',#3513,1.);
#3513 = DIRECTION('',(1.,-1.224646799147E-16,0.));
#3514 = ORIENTED_EDGE('',*,*,#3515,.F.);
#3515 = EDGE_CURVE('',#1286,#3508,#3516,.T.);
#3516 = LINE('',#3517,#3518);
#3517 = CARTESIAN_POINT('',(0.42,-1.,0.35));
#3518 = VECTOR('',#3519,1.);
#3519 = DIRECTION('',(1.224646799147E-16,1.,0.));
#3520 = PLANE('',#3521);
#3521 = AXIS2_PLACEMENT_3D('',#3522,#3523,#3524);
#3522 = CARTESIAN_POINT('',(0.5,-0.6,0.35));
#3523 = DIRECTION('',(0.,0.,1.));
#3524 = DIRECTION('',(-1.,1.224646799147E-16,0.));
#3525 = ADVANCED_FACE('',(#3526),#3544,.F.);
#3526 = FACE_BOUND('',#3527,.F.);
#3527 = EDGE_LOOP('',(#3528,#3536,#3542,#3543));
#3528 = ORIENTED_EDGE('',*,*,#3529,.F.);
#3529 = EDGE_CURVE('',#3530,#1366,#3532,.T.);
#3530 = VERTEX_POINT('',#3531);
#3531 = CARTESIAN_POINT('',(0.4,-0.92,0.33));
#3532 = LINE('',#3533,#3534);
#3533 = CARTESIAN_POINT('',(0.4,-0.92,0.35));
#3534 = VECTOR('',#3535,1.);
#3535 = DIRECTION('',(0.,0.,-1.));
#3536 = ORIENTED_EDGE('',*,*,#3537,.F.);
#3537 = EDGE_CURVE('',#1294,#3530,#3538,.T.);
#3538 = LINE('',#3539,#3540);
#3539 = CARTESIAN_POINT('',(0.4,-1.,0.33));
#3540 = VECTOR('',#3541,1.);
#3541 = DIRECTION('',(1.224646799147E-16,1.,0.));
#3542 = ORIENTED_EDGE('',*,*,#1302,.F.);
#3543 = ORIENTED_EDGE('',*,*,#1365,.T.);
#3544 = PLANE('',#3545);
#3545 = AXIS2_PLACEMENT_3D('',#3546,#3547,#3548);
#3546 = CARTESIAN_POINT('',(0.4,-1.08,0.35));
#3547 = DIRECTION('',(1.,-1.224646799147E-16,0.));
#3548 = DIRECTION('',(1.224646799147E-16,1.,0.));
#3549 = ADVANCED_FACE('',(#3550),#3562,.T.);
#3550 = FACE_BOUND('',#3551,.T.);
#3551 = EDGE_LOOP('',(#3552,#3553,#3560,#3561));
#3552 = ORIENTED_EDGE('',*,*,#3515,.T.);
#3553 = ORIENTED_EDGE('',*,*,#3554,.T.);
#3554 = EDGE_CURVE('',#3508,#3530,#3555,.T.);
#3555 = CIRCLE('',#3556,2.E-02);
#3556 = AXIS2_PLACEMENT_3D('',#3557,#3558,#3559);
#3557 = CARTESIAN_POINT('',(0.42,-0.92,0.33));
#3558 = DIRECTION('',(-1.224646799147E-16,-1.,0.));
#3559 = DIRECTION('',(-0.,0.,-1.));
#3560 = ORIENTED_EDGE('',*,*,#3537,.F.);
#3561 = ORIENTED_EDGE('',*,*,#1293,.F.);
#3562 = CYLINDRICAL_SURFACE('',#3563,2.E-02);
#3563 = AXIS2_PLACEMENT_3D('',#3564,#3565,#3566);
#3564 = CARTESIAN_POINT('',(0.42,-1.,0.33));
#3565 = DIRECTION('',(1.224646799147E-16,1.,0.));
#3566 = DIRECTION('',(0.,-0.,1.));
#3567 = ADVANCED_FACE('',(#3568),#3704,.F.);
#3568 = FACE_BOUND('',#3569,.F.);
#3569 = EDGE_LOOP('',(#3570,#3578,#3579,#3580,#3581,#3582,#3583,#3584,
    #3592,#3600,#3608,#3616,#3622,#3630,#3638,#3646,#3654,#3660,#3668,
    #3676,#3684,#3692,#3698));
#3570 = ORIENTED_EDGE('',*,*,#3571,.F.);
#3571 = EDGE_CURVE('',#1389,#3572,#3574,.T.);
#3572 = VERTEX_POINT('',#3573);
#3573 = CARTESIAN_POINT('',(-0.25,1.,0.35));
#3574 = LINE('',#3575,#3576);
#3575 = CARTESIAN_POINT('',(-0.25,-1.,0.35));
#3576 = VECTOR('',#3577,1.);
#3577 = DIRECTION('',(0.,1.,0.));
#3578 = ORIENTED_EDGE('',*,*,#1388,.F.);
#3579 = ORIENTED_EDGE('',*,*,#1342,.T.);
#3580 = ORIENTED_EDGE('',*,*,#1463,.T.);
#3581 = ORIENTED_EDGE('',*,*,#1482,.T.);
#3582 = ORIENTED_EDGE('',*,*,#1439,.T.);
#3583 = ORIENTED_EDGE('',*,*,#1533,.T.);
#3584 = ORIENTED_EDGE('',*,*,#3585,.T.);
#3585 = EDGE_CURVE('',#1501,#3586,#3588,.T.);
#3586 = VERTEX_POINT('',#3587);
#3587 = CARTESIAN_POINT('',(-0.25,-0.34,0.3));
#3588 = LINE('',#3589,#3590);
#3589 = CARTESIAN_POINT('',(-0.25,-1.,0.3));
#3590 = VECTOR('',#3591,1.);
#3591 = DIRECTION('',(0.,1.,0.));
#3592 = ORIENTED_EDGE('',*,*,#3593,.T.);
#3593 = EDGE_CURVE('',#3586,#3594,#3596,.T.);
#3594 = VERTEX_POINT('',#3595);
#3595 = CARTESIAN_POINT('',(-0.25,-0.34,0.33));
#3596 = LINE('',#3597,#3598);
#3597 = CARTESIAN_POINT('',(-0.25,-0.34,0.175));
#3598 = VECTOR('',#3599,1.);
#3599 = DIRECTION('',(0.,0.,1.));
#3600 = ORIENTED_EDGE('',*,*,#3601,.T.);
#3601 = EDGE_CURVE('',#3594,#3602,#3604,.T.);
#3602 = VERTEX_POINT('',#3603);
#3603 = CARTESIAN_POINT('',(-0.25,-0.16,0.33));
#3604 = LINE('',#3605,#3606);
#3605 = CARTESIAN_POINT('',(-0.25,-0.34,0.33));
#3606 = VECTOR('',#3607,1.);
#3607 = DIRECTION('',(0.,1.,0.));
#3608 = ORIENTED_EDGE('',*,*,#3609,.T.);
#3609 = EDGE_CURVE('',#3602,#3610,#3612,.T.);
#3610 = VERTEX_POINT('',#3611);
#3611 = CARTESIAN_POINT('',(-0.25,-0.16,0.3));
#3612 = LINE('',#3613,#3614);
#3613 = CARTESIAN_POINT('',(-0.25,-0.16,0.175));
#3614 = VECTOR('',#3615,1.);
#3615 = DIRECTION('',(0.,0.,-1.));
#3616 = ORIENTED_EDGE('',*,*,#3617,.T.);
#3617 = EDGE_CURVE('',#3610,#2215,#3618,.T.);
#3618 = LINE('',#3619,#3620);
#3619 = CARTESIAN_POINT('',(-0.25,-1.,0.3));
#3620 = VECTOR('',#3621,1.);
#3621 = DIRECTION('',(0.,1.,0.));
#3622 = ORIENTED_EDGE('',*,*,#3623,.T.);
#3623 = EDGE_CURVE('',#2215,#3624,#3626,.T.);
#3624 = VERTEX_POINT('',#3625);
#3625 = CARTESIAN_POINT('',(-0.25,0.16,0.3));
#3626 = LINE('',#3627,#3628);
#3627 = CARTESIAN_POINT('',(-0.25,-1.,0.3));
#3628 = VECTOR('',#3629,1.);
#3629 = DIRECTION('',(0.,1.,0.));
#3630 = ORIENTED_EDGE('',*,*,#3631,.T.);
#3631 = EDGE_CURVE('',#3624,#3632,#3634,.T.);
#3632 = VERTEX_POINT('',#3633);
#3633 = CARTESIAN_POINT('',(-0.25,0.16,0.33));
#3634 = LINE('',#3635,#3636);
#3635 = CARTESIAN_POINT('',(-0.25,0.16,0.175));
#3636 = VECTOR('',#3637,1.);
#3637 = DIRECTION('',(0.,0.,1.));
#3638 = ORIENTED_EDGE('',*,*,#3639,.T.);
#3639 = EDGE_CURVE('',#3632,#3640,#3642,.T.);
#3640 = VERTEX_POINT('',#3641);
#3641 = CARTESIAN_POINT('',(-0.25,0.34,0.33));
#3642 = LINE('',#3643,#3644);
#3643 = CARTESIAN_POINT('',(-0.25,0.16,0.33));
#3644 = VECTOR('',#3645,1.);
#3645 = DIRECTION('',(0.,1.,0.));
#3646 = ORIENTED_EDGE('',*,*,#3647,.T.);
#3647 = EDGE_CURVE('',#3640,#3648,#3650,.T.);
#3648 = VERTEX_POINT('',#3649);
#3649 = CARTESIAN_POINT('',(-0.25,0.34,0.3));
#3650 = LINE('',#3651,#3652);
#3651 = CARTESIAN_POINT('',(-0.25,0.34,0.175));
#3652 = VECTOR('',#3653,1.);
#3653 = DIRECTION('',(0.,0.,-1.));
#3654 = ORIENTED_EDGE('',*,*,#3655,.T.);
#3655 = EDGE_CURVE('',#3648,#2751,#3656,.T.);
#3656 = LINE('',#3657,#3658);
#3657 = CARTESIAN_POINT('',(-0.25,-1.,0.3));
#3658 = VECTOR('',#3659,1.);
#3659 = DIRECTION('',(0.,1.,0.));
#3660 = ORIENTED_EDGE('',*,*,#3661,.T.);
#3661 = EDGE_CURVE('',#2751,#3662,#3664,.T.);
#3662 = VERTEX_POINT('',#3663);
#3663 = CARTESIAN_POINT('',(-0.25,0.68,0.3));
#3664 = LINE('',#3665,#3666);
#3665 = CARTESIAN_POINT('',(-0.25,-1.,0.3));
#3666 = VECTOR('',#3667,1.);
#3667 = DIRECTION('',(0.,1.,0.));
#3668 = ORIENTED_EDGE('',*,*,#3669,.T.);
#3669 = EDGE_CURVE('',#3662,#3670,#3672,.T.);
#3670 = VERTEX_POINT('',#3671);
#3671 = CARTESIAN_POINT('',(-0.25,0.68,0.33));
#3672 = LINE('',#3673,#3674);
#3673 = CARTESIAN_POINT('',(-0.25,0.68,0.175));
#3674 = VECTOR('',#3675,1.);
#3675 = DIRECTION('',(0.,0.,1.));
#3676 = ORIENTED_EDGE('',*,*,#3677,.T.);
#3677 = EDGE_CURVE('',#3670,#3678,#3680,.T.);
#3678 = VERTEX_POINT('',#3679);
#3679 = CARTESIAN_POINT('',(-0.25,0.92,0.33));
#3680 = LINE('',#3681,#3682);
#3681 = CARTESIAN_POINT('',(-0.25,0.68,0.33));
#3682 = VECTOR('',#3683,1.);
#3683 = DIRECTION('',(0.,1.,0.));
#3684 = ORIENTED_EDGE('',*,*,#3685,.T.);
#3685 = EDGE_CURVE('',#3678,#3686,#3688,.T.);
#3686 = VERTEX_POINT('',#3687);
#3687 = CARTESIAN_POINT('',(-0.25,0.92,0.3));
#3688 = LINE('',#3689,#3690);
#3689 = CARTESIAN_POINT('',(-0.25,0.92,0.175));
#3690 = VECTOR('',#3691,1.);
#3691 = DIRECTION('',(0.,0.,-1.));
#3692 = ORIENTED_EDGE('',*,*,#3693,.T.);
#3693 = EDGE_CURVE('',#3686,#3213,#3694,.T.);
#3694 = LINE('',#3695,#3696);
#3695 = CARTESIAN_POINT('',(-0.25,-1.,0.3));
#3696 = VECTOR('',#3697,1.);
#3697 = DIRECTION('',(0.,1.,0.));
#3698 = ORIENTED_EDGE('',*,*,#3699,.T.);
#3699 = EDGE_CURVE('',#3213,#3572,#3700,.T.);
#3700 = LINE('',#3701,#3702);
#3701 = CARTESIAN_POINT('',(-0.25,1.,0.3));
#3702 = VECTOR('',#3703,1.);
#3703 = DIRECTION('',(0.,0.,1.));
#3704 = PLANE('',#3705);
#3705 = AXIS2_PLACEMENT_3D('',#3706,#3707,#3708);
#3706 = CARTESIAN_POINT('',(-0.25,-1.,0.3));
#3707 = DIRECTION('',(1.,0.,0.));
#3708 = DIRECTION('',(0.,0.,1.));
#3709 = ADVANCED_FACE('',(#3710),#3872,.T.);
#3710 = FACE_BOUND('',#3711,.T.);
#3711 = EDGE_LOOP('',(#3712,#3720,#3721,#3722,#3730,#3738,#3746,#3752,
    #3760,#3768,#3776,#3784,#3790,#3798,#3806,#3814,#3822,#3828,#3836,
    #3844,#3852,#3860,#3866));
#3712 = ORIENTED_EDGE('',*,*,#3713,.F.);
#3713 = EDGE_CURVE('',#1397,#3714,#3716,.T.);
#3714 = VERTEX_POINT('',#3715);
#3715 = CARTESIAN_POINT('',(0.25,1.,0.35));
#3716 = LINE('',#3717,#3718);
#3717 = CARTESIAN_POINT('',(0.25,-1.,0.35));
#3718 = VECTOR('',#3719,1.);
#3719 = DIRECTION('',(0.,1.,0.));
#3720 = ORIENTED_EDGE('',*,*,#1404,.F.);
#3721 = ORIENTED_EDGE('',*,*,#1356,.T.);
#3722 = ORIENTED_EDGE('',*,*,#3723,.F.);
#3723 = EDGE_CURVE('',#3724,#1357,#3726,.T.);
#3724 = VERTEX_POINT('',#3725);
#3725 = CARTESIAN_POINT('',(0.25,-0.92,0.33));
#3726 = LINE('',#3727,#3728);
#3727 = CARTESIAN_POINT('',(0.25,-0.92,0.175));
#3728 = VECTOR('',#3729,1.);
#3729 = DIRECTION('',(-0.,0.,-1.));
#3730 = ORIENTED_EDGE('',*,*,#3731,.F.);
#3731 = EDGE_CURVE('',#3732,#3724,#3734,.T.);
#3732 = VERTEX_POINT('',#3733);
#3733 = CARTESIAN_POINT('',(0.25,-0.68,0.33));
#3734 = LINE('',#3735,#3736);
#3735 = CARTESIAN_POINT('',(0.25,-0.68,0.33));
#3736 = VECTOR('',#3737,1.);
#3737 = DIRECTION('',(-1.224646799147E-16,-1.,0.));
#3738 = ORIENTED_EDGE('',*,*,#3739,.F.);
#3739 = EDGE_CURVE('',#3740,#3732,#3742,.T.);
#3740 = VERTEX_POINT('',#3741);
#3741 = CARTESIAN_POINT('',(0.25,-0.68,0.3));
#3742 = LINE('',#3743,#3744);
#3743 = CARTESIAN_POINT('',(0.25,-0.68,0.175));
#3744 = VECTOR('',#3745,1.);
#3745 = DIRECTION('',(0.,0.,1.));
#3746 = ORIENTED_EDGE('',*,*,#3747,.T.);
#3747 = EDGE_CURVE('',#3740,#1821,#3748,.T.);
#3748 = LINE('',#3749,#3750);
#3749 = CARTESIAN_POINT('',(0.25,-1.,0.3));
#3750 = VECTOR('',#3751,1.);
#3751 = DIRECTION('',(0.,1.,0.));
#3752 = ORIENTED_EDGE('',*,*,#3753,.T.);
#3753 = EDGE_CURVE('',#1821,#3754,#3756,.T.);
#3754 = VERTEX_POINT('',#3755);
#3755 = CARTESIAN_POINT('',(0.25,-0.34,0.3));
#3756 = LINE('',#3757,#3758);
#3757 = CARTESIAN_POINT('',(0.25,-1.,0.3));
#3758 = VECTOR('',#3759,1.);
#3759 = DIRECTION('',(0.,1.,0.));
#3760 = ORIENTED_EDGE('',*,*,#3761,.F.);
#3761 = EDGE_CURVE('',#3762,#3754,#3764,.T.);
#3762 = VERTEX_POINT('',#3763);
#3763 = CARTESIAN_POINT('',(0.25,-0.34,0.33));
#3764 = LINE('',#3765,#3766);
#3765 = CARTESIAN_POINT('',(0.25,-0.34,0.175));
#3766 = VECTOR('',#3767,1.);
#3767 = DIRECTION('',(-0.,0.,-1.));
#3768 = ORIENTED_EDGE('',*,*,#3769,.F.);
#3769 = EDGE_CURVE('',#3770,#3762,#3772,.T.);
#3770 = VERTEX_POINT('',#3771);
#3771 = CARTESIAN_POINT('',(0.25,-0.16,0.33));
#3772 = LINE('',#3773,#3774);
#3773 = CARTESIAN_POINT('',(0.25,-0.16,0.33));
#3774 = VECTOR('',#3775,1.);
#3775 = DIRECTION('',(-1.224646799147E-16,-1.,0.));
#3776 = ORIENTED_EDGE('',*,*,#3777,.F.);
#3777 = EDGE_CURVE('',#3778,#3770,#3780,.T.);
#3778 = VERTEX_POINT('',#3779);
#3779 = CARTESIAN_POINT('',(0.25,-0.16,0.3));
#3780 = LINE('',#3781,#3782);
#3781 = CARTESIAN_POINT('',(0.25,-0.16,0.175));
#3782 = VECTOR('',#3783,1.);
#3783 = DIRECTION('',(0.,0.,1.));
#3784 = ORIENTED_EDGE('',*,*,#3785,.T.);
#3785 = EDGE_CURVE('',#3778,#2357,#3786,.T.);
#3786 = LINE('',#3787,#3788);
#3787 = CARTESIAN_POINT('',(0.25,-1.,0.3));
#3788 = VECTOR('',#3789,1.);
#3789 = DIRECTION('',(0.,1.,0.));
#3790 = ORIENTED_EDGE('',*,*,#3791,.T.);
#3791 = EDGE_CURVE('',#2357,#3792,#3794,.T.);
#3792 = VERTEX_POINT('',#3793);
#3793 = CARTESIAN_POINT('',(0.25,0.16,0.3));
#3794 = LINE('',#3795,#3796);
#3795 = CARTESIAN_POINT('',(0.25,-1.,0.3));
#3796 = VECTOR('',#3797,1.);
#3797 = DIRECTION('',(0.,1.,0.));
#3798 = ORIENTED_EDGE('',*,*,#3799,.F.);
#3799 = EDGE_CURVE('',#3800,#3792,#3802,.T.);
#3800 = VERTEX_POINT('',#3801);
#3801 = CARTESIAN_POINT('',(0.25,0.16,0.33));
#3802 = LINE('',#3803,#3804);
#3803 = CARTESIAN_POINT('',(0.25,0.16,0.175));
#3804 = VECTOR('',#3805,1.);
#3805 = DIRECTION('',(-0.,0.,-1.));
#3806 = ORIENTED_EDGE('',*,*,#3807,.F.);
#3807 = EDGE_CURVE('',#3808,#3800,#3810,.T.);
#3808 = VERTEX_POINT('',#3809);
#3809 = CARTESIAN_POINT('',(0.25,0.34,0.33));
#3810 = LINE('',#3811,#3812);
#3811 = CARTESIAN_POINT('',(0.25,0.34,0.33));
#3812 = VECTOR('',#3813,1.);
#3813 = DIRECTION('',(-1.224646799147E-16,-1.,0.));
#3814 = ORIENTED_EDGE('',*,*,#3815,.F.);
#3815 = EDGE_CURVE('',#3816,#3808,#3818,.T.);
#3816 = VERTEX_POINT('',#3817);
#3817 = CARTESIAN_POINT('',(0.25,0.34,0.3));
#3818 = LINE('',#3819,#3820);
#3819 = CARTESIAN_POINT('',(0.25,0.34,0.175));
#3820 = VECTOR('',#3821,1.);
#3821 = DIRECTION('',(0.,0.,1.));
#3822 = ORIENTED_EDGE('',*,*,#3823,.T.);
#3823 = EDGE_CURVE('',#3816,#2893,#3824,.T.);
#3824 = LINE('',#3825,#3826);
#3825 = CARTESIAN_POINT('',(0.25,-1.,0.3));
#3826 = VECTOR('',#3827,1.);
#3827 = DIRECTION('',(0.,1.,0.));
#3828 = ORIENTED_EDGE('',*,*,#3829,.T.);
#3829 = EDGE_CURVE('',#2893,#3830,#3832,.T.);
#3830 = VERTEX_POINT('',#3831);
#3831 = CARTESIAN_POINT('',(0.25,0.68,0.3));
#3832 = LINE('',#3833,#3834);
#3833 = CARTESIAN_POINT('',(0.25,-1.,0.3));
#3834 = VECTOR('',#3835,1.);
#3835 = DIRECTION('',(0.,1.,0.));
#3836 = ORIENTED_EDGE('',*,*,#3837,.F.);
#3837 = EDGE_CURVE('',#3838,#3830,#3840,.T.);
#3838 = VERTEX_POINT('',#3839);
#3839 = CARTESIAN_POINT('',(0.25,0.68,0.33));
#3840 = LINE('',#3841,#3842);
#3841 = CARTESIAN_POINT('',(0.25,0.68,0.175));
#3842 = VECTOR('',#3843,1.);
#3843 = DIRECTION('',(-0.,0.,-1.));
#3844 = ORIENTED_EDGE('',*,*,#3845,.F.);
#3845 = EDGE_CURVE('',#3846,#3838,#3848,.T.);
#3846 = VERTEX_POINT('',#3847);
#3847 = CARTESIAN_POINT('',(0.25,0.92,0.33));
#3848 = LINE('',#3849,#3850);
#3849 = CARTESIAN_POINT('',(0.25,0.92,0.33));
#3850 = VECTOR('',#3851,1.);
#3851 = DIRECTION('',(-1.224646799147E-16,-1.,0.));
#3852 = ORIENTED_EDGE('',*,*,#3853,.F.);
#3853 = EDGE_CURVE('',#3854,#3846,#3856,.T.);
#3854 = VERTEX_POINT('',#3855);
#3855 = CARTESIAN_POINT('',(0.25,0.92,0.3));
#3856 = LINE('',#3857,#3858);
#3857 = CARTESIAN_POINT('',(0.25,0.92,0.175));
#3858 = VECTOR('',#3859,1.);
#3859 = DIRECTION('',(0.,0.,1.));
#3860 = ORIENTED_EDGE('',*,*,#3861,.T.);
#3861 = EDGE_CURVE('',#3854,#3221,#3862,.T.);
#3862 = LINE('',#3863,#3864);
#3863 = CARTESIAN_POINT('',(0.25,-1.,0.3));
#3864 = VECTOR('',#3865,1.);
#3865 = DIRECTION('',(0.,1.,0.));
#3866 = ORIENTED_EDGE('',*,*,#3867,.T.);
#3867 = EDGE_CURVE('',#3221,#3714,#3868,.T.);
#3868 = LINE('',#3869,#3870);
#3869 = CARTESIAN_POINT('',(0.25,1.,0.3));
#3870 = VECTOR('',#3871,1.);
#3871 = DIRECTION('',(0.,0.,1.));
#3872 = PLANE('',#3873);
#3873 = AXIS2_PLACEMENT_3D('',#3874,#3875,#3876);
#3874 = CARTESIAN_POINT('',(0.25,-1.,0.3));
#3875 = DIRECTION('',(1.,0.,0.));
#3876 = DIRECTION('',(0.,0.,1.));
#3877 = ADVANCED_FACE('',(#3878),#3893,.F.);
#3878 = FACE_BOUND('',#3879,.F.);
#3879 = EDGE_LOOP('',(#3880,#3887,#3888,#3889,#3890,#3891,#3892));
#3880 = ORIENTED_EDGE('',*,*,#3881,.F.);
#3881 = EDGE_CURVE('',#3492,#3724,#3882,.T.);
#3882 = CIRCLE('',#3883,2.E-02);
#3883 = AXIS2_PLACEMENT_3D('',#3884,#3885,#3886);
#3884 = CARTESIAN_POINT('',(0.27,-0.92,0.33));
#3885 = DIRECTION('',(-1.224646799147E-16,-1.,0.));
#3886 = DIRECTION('',(0.,0.,1.));
#3887 = ORIENTED_EDGE('',*,*,#3499,.F.);
#3888 = ORIENTED_EDGE('',*,*,#3507,.T.);
#3889 = ORIENTED_EDGE('',*,*,#3554,.T.);
#3890 = ORIENTED_EDGE('',*,*,#3529,.T.);
#3891 = ORIENTED_EDGE('',*,*,#1373,.T.);
#3892 = ORIENTED_EDGE('',*,*,#3723,.F.);
#3893 = PLANE('',#3894);
#3894 = AXIS2_PLACEMENT_3D('',#3895,#3896,#3897);
#3895 = CARTESIAN_POINT('',(0.4,-0.92,0.35));
#3896 = DIRECTION('',(1.224646799147E-16,1.,0.));
#3897 = DIRECTION('',(-1.,1.224646799147E-16,0.));
#3898 = ADVANCED_FACE('',(#3899),#3910,.T.);
#3899 = FACE_BOUND('',#3900,.T.);
#3900 = EDGE_LOOP('',(#3901,#3902,#3903,#3904));
#3901 = ORIENTED_EDGE('',*,*,#3571,.F.);
#3902 = ORIENTED_EDGE('',*,*,#1396,.T.);
#3903 = ORIENTED_EDGE('',*,*,#3713,.T.);
#3904 = ORIENTED_EDGE('',*,*,#3905,.F.);
#3905 = EDGE_CURVE('',#3572,#3714,#3906,.T.);
#3906 = LINE('',#3907,#3908);
#3907 = CARTESIAN_POINT('',(-0.25,1.,0.35));
#3908 = VECTOR('',#3909,1.);
#3909 = DIRECTION('',(1.,0.,0.));
#3910 = PLANE('',#3911);
#3911 = AXIS2_PLACEMENT_3D('',#3912,#3913,#3914);
#3912 = CARTESIAN_POINT('',(-0.25,-1.,0.35));
#3913 = DIRECTION('',(0.,0.,1.));
#3914 = DIRECTION('',(1.,0.,-0.));
#3915 = ADVANCED_FACE('',(#3916),#3935,.T.);
#3916 = FACE_BOUND('',#3917,.T.);
#3917 = EDGE_LOOP('',(#3918,#3919,#3920,#3928,#3934));
#3918 = ORIENTED_EDGE('',*,*,#1498,.T.);
#3919 = ORIENTED_EDGE('',*,*,#3585,.T.);
#3920 = ORIENTED_EDGE('',*,*,#3921,.T.);
#3921 = EDGE_CURVE('',#3586,#3922,#3924,.T.);
#3922 = VERTEX_POINT('',#3923);
#3923 = CARTESIAN_POINT('',(-0.4,-0.34,0.3));
#3924 = LINE('',#3925,#3926);
#3925 = CARTESIAN_POINT('',(-0.275,-0.34,0.3));
#3926 = VECTOR('',#3927,1.);
#3927 = DIRECTION('',(-1.,0.,0.));
#3928 = ORIENTED_EDGE('',*,*,#3929,.T.);
#3929 = EDGE_CURVE('',#3922,#1737,#3930,.T.);
#3930 = LINE('',#3931,#3932);
#3931 = CARTESIAN_POINT('',(-0.4,-0.67,0.3));
#3932 = VECTOR('',#3933,1.);
#3933 = DIRECTION('',(0.,-1.,0.));
#3934 = ORIENTED_EDGE('',*,*,#1744,.F.);
#3935 = PLANE('',#3936);
#3936 = AXIS2_PLACEMENT_3D('',#3937,#3938,#3939);
#3937 = CARTESIAN_POINT('',(-0.45,-1.,0.3));
#3938 = DIRECTION('',(0.,0.,1.));
#3939 = DIRECTION('',(1.,0.,-0.));
#3940 = ADVANCED_FACE('',(#3941),#3947,.T.);
#3941 = FACE_BOUND('',#3942,.T.);
#3942 = EDGE_LOOP('',(#3943,#3944,#3945,#3946));
#3943 = ORIENTED_EDGE('',*,*,#3349,.T.);
#3944 = ORIENTED_EDGE('',*,*,#1621,.T.);
#3945 = ORIENTED_EDGE('',*,*,#1646,.F.);
#3946 = ORIENTED_EDGE('',*,*,#1662,.F.);
#3947 = CYLINDRICAL_SURFACE('',#3948,2.E-02);
#3948 = AXIS2_PLACEMENT_3D('',#3949,#3950,#3951);
#3949 = CARTESIAN_POINT('',(0.27,-0.68,2.E-02));
#3950 = DIRECTION('',(-1.224646799147E-16,-1.,0.));
#3951 = DIRECTION('',(-0.,0.,-1.));
#3952 = ADVANCED_FACE('',(#3953),#3965,.T.);
#3953 = FACE_BOUND('',#3954,.T.);
#3954 = EDGE_LOOP('',(#3955,#3956,#3957,#3964));
#3955 = ORIENTED_EDGE('',*,*,#1687,.T.);
#3956 = ORIENTED_EDGE('',*,*,#1710,.T.);
#3957 = ORIENTED_EDGE('',*,*,#3958,.F.);
#3958 = EDGE_CURVE('',#3334,#1711,#3959,.T.);
#3959 = CIRCLE('',#3960,2.E-02);
#3960 = AXIS2_PLACEMENT_3D('',#3961,#3962,#3963);
#3961 = CARTESIAN_POINT('',(0.42,-0.6,2.E-02));
#3962 = DIRECTION('',(1.224646799147E-16,1.,0.));
#3963 = DIRECTION('',(0.,0.,-1.));
#3964 = ORIENTED_EDGE('',*,*,#3341,.F.);
#3965 = CYLINDRICAL_SURFACE('',#3966,2.E-02);
#3966 = AXIS2_PLACEMENT_3D('',#3967,#3968,#3969);
#3967 = CARTESIAN_POINT('',(0.42,-0.68,2.E-02));
#3968 = DIRECTION('',(1.224646799147E-16,1.,0.));
#3969 = DIRECTION('',(0.,0.,-1.));
#3970 = ADVANCED_FACE('',(#3971),#3996,.F.);
#3971 = FACE_BOUND('',#3972,.F.);
#3972 = EDGE_LOOP('',(#3973,#3974,#3975,#3976,#3977,#3978,#3987,#3993,
    #3994,#3995));
#3973 = ORIENTED_EDGE('',*,*,#3333,.F.);
#3974 = ORIENTED_EDGE('',*,*,#3381,.F.);
#3975 = ORIENTED_EDGE('',*,*,#3408,.T.);
#3976 = ORIENTED_EDGE('',*,*,#3432,.T.);
#3977 = ORIENTED_EDGE('',*,*,#3459,.T.);
#3978 = ORIENTED_EDGE('',*,*,#3979,.T.);
#3979 = EDGE_CURVE('',#3460,#3980,#3982,.T.);
#3980 = VERTEX_POINT('',#3981);
#3981 = CARTESIAN_POINT('',(0.4,-0.6,0.33));
#3982 = CIRCLE('',#3983,2.E-02);
#3983 = AXIS2_PLACEMENT_3D('',#3984,#3985,#3986);
#3984 = CARTESIAN_POINT('',(0.42,-0.6,0.33));
#3985 = DIRECTION('',(-1.224646799147E-16,-1.,0.));
#3986 = DIRECTION('',(-0.,0.,-1.));
#3987 = ORIENTED_EDGE('',*,*,#3988,.F.);
#3988 = EDGE_CURVE('',#1768,#3980,#3989,.T.);
#3989 = LINE('',#3990,#3991);
#3990 = CARTESIAN_POINT('',(0.4,-0.6,0.175));
#3991 = VECTOR('',#3992,1.);
#3992 = DIRECTION('',(0.,0.,1.));
#3993 = ORIENTED_EDGE('',*,*,#1767,.F.);
#3994 = ORIENTED_EDGE('',*,*,#1718,.F.);
#3995 = ORIENTED_EDGE('',*,*,#3958,.F.);
#3996 = PLANE('',#3997);
#3997 = AXIS2_PLACEMENT_3D('',#3998,#3999,#4000);
#3998 = CARTESIAN_POINT('',(0.5,-0.6,0.));
#3999 = DIRECTION('',(-1.224646799147E-16,-1.,0.));
#4000 = DIRECTION('',(0.,0.,1.));
#4001 = ADVANCED_FACE('',(#4002),#4072,.F.);
#4002 = FACE_BOUND('',#4003,.F.);
#4003 = EDGE_LOOP('',(#4004,#4014,#4023,#4031,#4040,#4048,#4057,#4063,
    #4064,#4065));
#4004 = ORIENTED_EDGE('',*,*,#4005,.F.);
#4005 = EDGE_CURVE('',#4006,#4008,#4010,.T.);
#4006 = VERTEX_POINT('',#4007);
#4007 = CARTESIAN_POINT('',(-0.48,-0.4,0.));
#4008 = VERTEX_POINT('',#4009);
#4009 = CARTESIAN_POINT('',(-0.42,-0.4,0.));
#4010 = LINE('',#4011,#4012);
#4011 = CARTESIAN_POINT('',(-0.5,-0.4,0.));
#4012 = VECTOR('',#4013,1.);
#4013 = DIRECTION('',(1.,0.,0.));
#4014 = ORIENTED_EDGE('',*,*,#4015,.F.);
#4015 = EDGE_CURVE('',#4016,#4006,#4018,.T.);
#4016 = VERTEX_POINT('',#4017);
#4017 = CARTESIAN_POINT('',(-0.5,-0.4,2.E-02));
#4018 = CIRCLE('',#4019,2.E-02);
#4019 = AXIS2_PLACEMENT_3D('',#4020,#4021,#4022);
#4020 = CARTESIAN_POINT('',(-0.48,-0.4,2.E-02));
#4021 = DIRECTION('',(0.,-1.,0.));
#4022 = DIRECTION('',(0.,0.,1.));
#4023 = ORIENTED_EDGE('',*,*,#4024,.T.);
#4024 = EDGE_CURVE('',#4016,#4025,#4027,.T.);
#4025 = VERTEX_POINT('',#4026);
#4026 = CARTESIAN_POINT('',(-0.5,-0.4,0.33));
#4027 = LINE('',#4028,#4029);
#4028 = CARTESIAN_POINT('',(-0.5,-0.4,0.));
#4029 = VECTOR('',#4030,1.);
#4030 = DIRECTION('',(0.,0.,1.));
#4031 = ORIENTED_EDGE('',*,*,#4032,.T.);
#4032 = EDGE_CURVE('',#4025,#4033,#4035,.T.);
#4033 = VERTEX_POINT('',#4034);
#4034 = CARTESIAN_POINT('',(-0.48,-0.4,0.35));
#4035 = CIRCLE('',#4036,2.E-02);
#4036 = AXIS2_PLACEMENT_3D('',#4037,#4038,#4039);
#4037 = CARTESIAN_POINT('',(-0.48,-0.4,0.33));
#4038 = DIRECTION('',(0.,1.,0.));
#4039 = DIRECTION('',(0.,-0.,1.));
#4040 = ORIENTED_EDGE('',*,*,#4041,.T.);
#4041 = EDGE_CURVE('',#4033,#4042,#4044,.T.);
#4042 = VERTEX_POINT('',#4043);
#4043 = CARTESIAN_POINT('',(-0.42,-0.4,0.35));
#4044 = LINE('',#4045,#4046);
#4045 = CARTESIAN_POINT('',(-0.5,-0.4,0.35));
#4046 = VECTOR('',#4047,1.);
#4047 = DIRECTION('',(1.,0.,0.));
#4048 = ORIENTED_EDGE('',*,*,#4049,.T.);
#4049 = EDGE_CURVE('',#4042,#4050,#4052,.T.);
#4050 = VERTEX_POINT('',#4051);
#4051 = CARTESIAN_POINT('',(-0.4,-0.4,0.33));
#4052 = CIRCLE('',#4053,2.E-02);
#4053 = AXIS2_PLACEMENT_3D('',#4054,#4055,#4056);
#4054 = CARTESIAN_POINT('',(-0.42,-0.4,0.33));
#4055 = DIRECTION('',(0.,1.,0.));
#4056 = DIRECTION('',(0.,0.,-1.));
#4057 = ORIENTED_EDGE('',*,*,#4058,.F.);
#4058 = EDGE_CURVE('',#1737,#4050,#4059,.T.);
#4059 = LINE('',#4060,#4061);
#4060 = CARTESIAN_POINT('',(-0.4,-0.4,0.175));
#4061 = VECTOR('',#4062,1.);
#4062 = DIRECTION('',(0.,0.,1.));
#4063 = ORIENTED_EDGE('',*,*,#1736,.F.);
#4064 = ORIENTED_EDGE('',*,*,#1799,.F.);
#4065 = ORIENTED_EDGE('',*,*,#4066,.F.);
#4066 = EDGE_CURVE('',#4008,#1792,#4067,.T.);
#4067 = CIRCLE('',#4068,2.E-02);
#4068 = AXIS2_PLACEMENT_3D('',#4069,#4070,#4071);
#4069 = CARTESIAN_POINT('',(-0.42,-0.4,2.E-02));
#4070 = DIRECTION('',(0.,-1.,0.));
#4071 = DIRECTION('',(0.,0.,-1.));
#4072 = PLANE('',#4073);
#4073 = AXIS2_PLACEMENT_3D('',#4074,#4075,#4076);
#4074 = CARTESIAN_POINT('',(-0.5,-0.4,0.));
#4075 = DIRECTION('',(0.,1.,0.));
#4076 = DIRECTION('',(0.,-0.,1.));
#4077 = ADVANCED_FACE('',(#4078),#4097,.T.);
#4078 = FACE_BOUND('',#4079,.T.);
#4079 = EDGE_LOOP('',(#4080,#4081,#4089,#4095,#4096));
#4080 = ORIENTED_EDGE('',*,*,#3747,.F.);
#4081 = ORIENTED_EDGE('',*,*,#4082,.T.);
#4082 = EDGE_CURVE('',#3740,#4083,#4085,.T.);
#4083 = VERTEX_POINT('',#4084);
#4084 = CARTESIAN_POINT('',(0.4,-0.68,0.3));
#4085 = LINE('',#4086,#4087);
#4086 = CARTESIAN_POINT('',(-0.175,-0.68,0.3));
#4087 = VECTOR('',#4088,1.);
#4088 = DIRECTION('',(1.,-1.224646799147E-16,0.));
#4089 = ORIENTED_EDGE('',*,*,#4090,.T.);
#4090 = EDGE_CURVE('',#4083,#1768,#4091,.T.);
#4091 = LINE('',#4092,#4093);
#4092 = CARTESIAN_POINT('',(0.4,-0.84,0.3));
#4093 = VECTOR('',#4094,1.);
#4094 = DIRECTION('',(1.224646799147E-16,1.,0.));
#4095 = ORIENTED_EDGE('',*,*,#1775,.F.);
#4096 = ORIENTED_EDGE('',*,*,#1820,.T.);
#4097 = PLANE('',#4098);
#4098 = AXIS2_PLACEMENT_3D('',#4099,#4100,#4101);
#4099 = CARTESIAN_POINT('',(-0.45,-1.,0.3));
#4100 = DIRECTION('',(0.,0.,1.));
#4101 = DIRECTION('',(1.,0.,-0.));
#4102 = ADVANCED_FACE('',(#4103),#4114,.T.);
#4103 = FACE_BOUND('',#4104,.T.);
#4104 = EDGE_LOOP('',(#4105,#4106,#4107,#4108));
#4105 = ORIENTED_EDGE('',*,*,#1888,.T.);
#4106 = ORIENTED_EDGE('',*,*,#1789,.T.);
#4107 = ORIENTED_EDGE('',*,*,#4066,.F.);
#4108 = ORIENTED_EDGE('',*,*,#4109,.F.);
#4109 = EDGE_CURVE('',#1881,#4008,#4110,.T.);
#4110 = LINE('',#4111,#4112);
#4111 = CARTESIAN_POINT('',(-0.42,-0.34,0.));
#4112 = VECTOR('',#4113,1.);
#4113 = DIRECTION('',(0.,-1.,0.));
#4114 = CYLINDRICAL_SURFACE('',#4115,2.E-02);
#4115 = AXIS2_PLACEMENT_3D('',#4116,#4117,#4118);
#4116 = CARTESIAN_POINT('',(-0.42,-0.34,2.E-02));
#4117 = DIRECTION('',(0.,-1.,0.));
#4118 = DIRECTION('',(-0.,-0.,-1.));
#4119 = ADVANCED_FACE('',(#4120),#4139,.T.);
#4120 = FACE_BOUND('',#4121,.T.);
#4121 = EDGE_LOOP('',(#4122,#4123,#4124,#4125,#4133));
#4122 = ORIENTED_EDGE('',*,*,#3753,.F.);
#4123 = ORIENTED_EDGE('',*,*,#1829,.T.);
#4124 = ORIENTED_EDGE('',*,*,#1914,.T.);
#4125 = ORIENTED_EDGE('',*,*,#4126,.T.);
#4126 = EDGE_CURVE('',#1907,#4127,#4129,.T.);
#4127 = VERTEX_POINT('',#4128);
#4128 = CARTESIAN_POINT('',(0.4,-0.34,0.3));
#4129 = LINE('',#4130,#4131);
#4130 = CARTESIAN_POINT('',(0.4,-0.73,0.3));
#4131 = VECTOR('',#4132,1.);
#4132 = DIRECTION('',(1.224646799147E-16,1.,0.));
#4133 = ORIENTED_EDGE('',*,*,#4134,.T.);
#4134 = EDGE_CURVE('',#4127,#3754,#4135,.T.);
#4135 = LINE('',#4136,#4137);
#4136 = CARTESIAN_POINT('',(-2.5E-02,-0.34,0.3));
#4137 = VECTOR('',#4138,1.);
#4138 = DIRECTION('',(-1.,1.224646799147E-16,0.));
#4139 = PLANE('',#4140);
#4140 = AXIS2_PLACEMENT_3D('',#4141,#4142,#4143);
#4141 = CARTESIAN_POINT('',(-0.45,-1.,0.3));
#4142 = DIRECTION('',(0.,0.,1.));
#4143 = DIRECTION('',(1.,0.,-0.));
#4144 = ADVANCED_FACE('',(#4145),#4181,.F.);
#4145 = FACE_BOUND('',#4146,.F.);
#4146 = EDGE_LOOP('',(#4147,#4157,#4163,#4164,#4165,#4166,#4167,#4173,
    #4174,#4175));
#4147 = ORIENTED_EDGE('',*,*,#4148,.F.);
#4148 = EDGE_CURVE('',#4149,#4151,#4153,.T.);
#4149 = VERTEX_POINT('',#4150);
#4150 = CARTESIAN_POINT('',(-0.48,-0.1,0.));
#4151 = VERTEX_POINT('',#4152);
#4152 = CARTESIAN_POINT('',(-0.42,-0.1,0.));
#4153 = LINE('',#4154,#4155);
#4154 = CARTESIAN_POINT('',(-0.5,-0.1,0.));
#4155 = VECTOR('',#4156,1.);
#4156 = DIRECTION('',(1.,0.,0.));
#4157 = ORIENTED_EDGE('',*,*,#4158,.F.);
#4158 = EDGE_CURVE('',#4006,#4149,#4159,.T.);
#4159 = LINE('',#4160,#4161);
#4160 = CARTESIAN_POINT('',(-0.48,-0.4,0.));
#4161 = VECTOR('',#4162,1.);
#4162 = DIRECTION('',(0.,1.,0.));
#4163 = ORIENTED_EDGE('',*,*,#4005,.T.);
#4164 = ORIENTED_EDGE('',*,*,#4109,.F.);
#4165 = ORIENTED_EDGE('',*,*,#1880,.F.);
#4166 = ORIENTED_EDGE('',*,*,#1872,.F.);
#4167 = ORIENTED_EDGE('',*,*,#4168,.T.);
#4168 = EDGE_CURVE('',#1864,#2011,#4169,.T.);
#4169 = LINE('',#4170,#4171);
#4170 = CARTESIAN_POINT('',(-0.27,-0.34,0.));
#4171 = VECTOR('',#4172,1.);
#4172 = DIRECTION('',(0.,1.,0.));
#4173 = ORIENTED_EDGE('',*,*,#2010,.F.);
#4174 = ORIENTED_EDGE('',*,*,#2002,.T.);
#4175 = ORIENTED_EDGE('',*,*,#4176,.F.);
#4176 = EDGE_CURVE('',#4151,#1994,#4177,.T.);
#4177 = LINE('',#4178,#4179);
#4178 = CARTESIAN_POINT('',(-0.42,-0.1,0.));
#4179 = VECTOR('',#4180,1.);
#4180 = DIRECTION('',(0.,-1.,0.));
#4181 = PLANE('',#4182);
#4182 = AXIS2_PLACEMENT_3D('',#4183,#4184,#4185);
#4183 = CARTESIAN_POINT('',(-0.5,-0.4,0.));
#4184 = DIRECTION('',(0.,0.,1.));
#4185 = DIRECTION('',(1.,0.,-0.));
#4186 = ADVANCED_FACE('',(#4187),#4193,.T.);
#4187 = FACE_BOUND('',#4188,.T.);
#4188 = EDGE_LOOP('',(#4189,#4190,#4191,#4192));
#4189 = ORIENTED_EDGE('',*,*,#4168,.T.);
#4190 = ORIENTED_EDGE('',*,*,#2018,.T.);
#4191 = ORIENTED_EDGE('',*,*,#1938,.F.);
#4192 = ORIENTED_EDGE('',*,*,#1863,.F.);
#4193 = CYLINDRICAL_SURFACE('',#4194,2.E-02);
#4194 = AXIS2_PLACEMENT_3D('',#4195,#4196,#4197);
#4195 = CARTESIAN_POINT('',(-0.27,-0.34,2.E-02));
#4196 = DIRECTION('',(0.,1.,0.));
#4197 = DIRECTION('',(0.,0.,-1.));
#4198 = ADVANCED_FACE('',(#4199),#4269,.T.);
#4199 = FACE_BOUND('',#4200,.T.);
#4200 = EDGE_LOOP('',(#4201,#4211,#4220,#4228,#4237,#4245,#4254,#4260,
    #4261,#4262));
#4201 = ORIENTED_EDGE('',*,*,#4202,.F.);
#4202 = EDGE_CURVE('',#4203,#4205,#4207,.T.);
#4203 = VERTEX_POINT('',#4204);
#4204 = CARTESIAN_POINT('',(0.48,-0.4,0.));
#4205 = VERTEX_POINT('',#4206);
#4206 = CARTESIAN_POINT('',(0.42,-0.4,0.));
#4207 = LINE('',#4208,#4209);
#4208 = CARTESIAN_POINT('',(0.5,-0.4,0.));
#4209 = VECTOR('',#4210,1.);
#4210 = DIRECTION('',(-1.,1.224646799147E-16,0.));
#4211 = ORIENTED_EDGE('',*,*,#4212,.F.);
#4212 = EDGE_CURVE('',#4213,#4203,#4215,.T.);
#4213 = VERTEX_POINT('',#4214);
#4214 = CARTESIAN_POINT('',(0.5,-0.4,2.E-02));
#4215 = CIRCLE('',#4216,2.E-02);
#4216 = AXIS2_PLACEMENT_3D('',#4217,#4218,#4219);
#4217 = CARTESIAN_POINT('',(0.48,-0.4,2.E-02));
#4218 = DIRECTION('',(1.224646799147E-16,1.,-0.));
#4219 = DIRECTION('',(0.,0.,1.));
#4220 = ORIENTED_EDGE('',*,*,#4221,.T.);
#4221 = EDGE_CURVE('',#4213,#4222,#4224,.T.);
#4222 = VERTEX_POINT('',#4223);
#4223 = CARTESIAN_POINT('',(0.5,-0.4,0.33));
#4224 = LINE('',#4225,#4226);
#4225 = CARTESIAN_POINT('',(0.5,-0.4,0.));
#4226 = VECTOR('',#4227,1.);
#4227 = DIRECTION('',(0.,0.,1.));
#4228 = ORIENTED_EDGE('',*,*,#4229,.T.);
#4229 = EDGE_CURVE('',#4222,#4230,#4232,.T.);
#4230 = VERTEX_POINT('',#4231);
#4231 = CARTESIAN_POINT('',(0.48,-0.4,0.35));
#4232 = CIRCLE('',#4233,2.E-02);
#4233 = AXIS2_PLACEMENT_3D('',#4234,#4235,#4236);
#4234 = CARTESIAN_POINT('',(0.48,-0.4,0.33));
#4235 = DIRECTION('',(-1.224646799147E-16,-1.,0.));
#4236 = DIRECTION('',(0.,0.,1.));
#4237 = ORIENTED_EDGE('',*,*,#4238,.T.);
#4238 = EDGE_CURVE('',#4230,#4239,#4241,.T.);
#4239 = VERTEX_POINT('',#4240);
#4240 = CARTESIAN_POINT('',(0.42,-0.4,0.35));
#4241 = LINE('',#4242,#4243);
#4242 = CARTESIAN_POINT('',(0.5,-0.4,0.35));
#4243 = VECTOR('',#4244,1.);
#4244 = DIRECTION('',(-1.,1.224646799147E-16,0.));
#4245 = ORIENTED_EDGE('',*,*,#4246,.T.);
#4246 = EDGE_CURVE('',#4239,#4247,#4249,.T.);
#4247 = VERTEX_POINT('',#4248);
#4248 = CARTESIAN_POINT('',(0.4,-0.4,0.33));
#4249 = CIRCLE('',#4250,2.E-02);
#4250 = AXIS2_PLACEMENT_3D('',#4251,#4252,#4253);
#4251 = CARTESIAN_POINT('',(0.42,-0.4,0.33));
#4252 = DIRECTION('',(-1.224646799147E-16,-1.,0.));
#4253 = DIRECTION('',(-0.,0.,-1.));
#4254 = ORIENTED_EDGE('',*,*,#4255,.F.);
#4255 = EDGE_CURVE('',#1907,#4247,#4256,.T.);
#4256 = LINE('',#4257,#4258);
#4257 = CARTESIAN_POINT('',(0.4,-0.4,0.175));
#4258 = VECTOR('',#4259,1.);
#4259 = DIRECTION('',(0.,0.,1.));
#4260 = ORIENTED_EDGE('',*,*,#1906,.F.);
#4261 = ORIENTED_EDGE('',*,*,#1961,.F.);
#4262 = ORIENTED_EDGE('',*,*,#4263,.F.);
#4263 = EDGE_CURVE('',#4205,#1962,#4264,.T.);
#4264 = CIRCLE('',#4265,2.E-02);
#4265 = AXIS2_PLACEMENT_3D('',#4266,#4267,#4268);
#4266 = CARTESIAN_POINT('',(0.42,-0.4,2.E-02));
#4267 = DIRECTION('',(1.224646799147E-16,1.,0.));
#4268 = DIRECTION('',(0.,0.,-1.));
#4269 = PLANE('',#4270);
#4270 = AXIS2_PLACEMENT_3D('',#4271,#4272,#4273);
#4271 = CARTESIAN_POINT('',(0.5,-0.4,0.));
#4272 = DIRECTION('',(-1.224646799147E-16,-1.,0.));
#4273 = DIRECTION('',(0.,0.,1.));
#4274 = ADVANCED_FACE('',(#4275),#4286,.T.);
#4275 = FACE_BOUND('',#4276,.T.);
#4276 = EDGE_LOOP('',(#4277,#4278,#4279,#4280));
#4277 = ORIENTED_EDGE('',*,*,#4263,.T.);
#4278 = ORIENTED_EDGE('',*,*,#1969,.T.);
#4279 = ORIENTED_EDGE('',*,*,#2043,.F.);
#4280 = ORIENTED_EDGE('',*,*,#4281,.F.);
#4281 = EDGE_CURVE('',#4205,#2044,#4282,.T.);
#4282 = LINE('',#4283,#4284);
#4283 = CARTESIAN_POINT('',(0.42,-0.4,0.));
#4284 = VECTOR('',#4285,1.);
#4285 = DIRECTION('',(1.224646799147E-16,1.,0.));
#4286 = CYLINDRICAL_SURFACE('',#4287,2.E-02);
#4287 = AXIS2_PLACEMENT_3D('',#4288,#4289,#4290);
#4288 = CARTESIAN_POINT('',(0.42,-0.4,2.E-02));
#4289 = DIRECTION('',(1.224646799147E-16,1.,0.));
#4290 = DIRECTION('',(0.,0.,-1.));
#4291 = ADVANCED_FACE('',(#4292),#4304,.T.);
#4292 = FACE_BOUND('',#4293,.T.);
#4293 = EDGE_LOOP('',(#4294,#4301,#4302,#4303));
#4294 = ORIENTED_EDGE('',*,*,#4295,.T.);
#4295 = EDGE_CURVE('',#4151,#2086,#4296,.T.);
#4296 = CIRCLE('',#4297,2.E-02);
#4297 = AXIS2_PLACEMENT_3D('',#4298,#4299,#4300);
#4298 = CARTESIAN_POINT('',(-0.42,-0.1,2.E-02));
#4299 = DIRECTION('',(0.,-1.,0.));
#4300 = DIRECTION('',(0.,0.,-1.));
#4301 = ORIENTED_EDGE('',*,*,#2093,.T.);
#4302 = ORIENTED_EDGE('',*,*,#1993,.F.);
#4303 = ORIENTED_EDGE('',*,*,#4176,.F.);
#4304 = CYLINDRICAL_SURFACE('',#4305,2.E-02);
#4305 = AXIS2_PLACEMENT_3D('',#4306,#4307,#4308);
#4306 = CARTESIAN_POINT('',(-0.42,-0.1,2.E-02));
#4307 = DIRECTION('',(0.,-1.,0.));
#4308 = DIRECTION('',(-0.,-0.,-1.));
#4309 = ADVANCED_FACE('',(#4310),#4321,.T.);
#4310 = FACE_BOUND('',#4311,.T.);
#4311 = EDGE_LOOP('',(#4312,#4318,#4319,#4320));
#4312 = ORIENTED_EDGE('',*,*,#4313,.T.);
#4313 = EDGE_CURVE('',#2165,#2061,#4314,.T.);
#4314 = LINE('',#4315,#4316);
#4315 = CARTESIAN_POINT('',(0.27,-0.16,0.));
#4316 = VECTOR('',#4317,1.);
#4317 = DIRECTION('',(-1.224646799147E-16,-1.,0.));
#4318 = ORIENTED_EDGE('',*,*,#2068,.T.);
#4319 = ORIENTED_EDGE('',*,*,#2117,.F.);
#4320 = ORIENTED_EDGE('',*,*,#2164,.F.);
#4321 = CYLINDRICAL_SURFACE('',#4322,2.E-02);
#4322 = AXIS2_PLACEMENT_3D('',#4323,#4324,#4325);
#4323 = CARTESIAN_POINT('',(0.27,-0.16,2.E-02));
#4324 = DIRECTION('',(-1.224646799147E-16,-1.,0.));
#4325 = DIRECTION('',(-0.,0.,-1.));
#4326 = ADVANCED_FACE('',(#4327),#4358,.F.);
#4327 = FACE_BOUND('',#4328,.F.);
#4328 = EDGE_LOOP('',(#4329,#4330,#4338,#4346,#4352,#4353,#4354,#4355,
    #4356,#4357));
#4329 = ORIENTED_EDGE('',*,*,#4202,.F.);
#4330 = ORIENTED_EDGE('',*,*,#4331,.F.);
#4331 = EDGE_CURVE('',#4332,#4203,#4334,.T.);
#4332 = VERTEX_POINT('',#4333);
#4333 = CARTESIAN_POINT('',(0.48,-0.1,0.));
#4334 = LINE('',#4335,#4336);
#4335 = CARTESIAN_POINT('',(0.48,-0.1,0.));
#4336 = VECTOR('',#4337,1.);
#4337 = DIRECTION('',(-1.224646799147E-16,-1.,0.));
#4338 = ORIENTED_EDGE('',*,*,#4339,.T.);
#4339 = EDGE_CURVE('',#4332,#4340,#4342,.T.);
#4340 = VERTEX_POINT('',#4341);
#4341 = CARTESIAN_POINT('',(0.42,-0.1,0.));
#4342 = LINE('',#4343,#4344);
#4343 = CARTESIAN_POINT('',(0.5,-0.1,0.));
#4344 = VECTOR('',#4345,1.);
#4345 = DIRECTION('',(-1.,1.224646799147E-16,0.));
#4346 = ORIENTED_EDGE('',*,*,#4347,.F.);
#4347 = EDGE_CURVE('',#2182,#4340,#4348,.T.);
#4348 = LINE('',#4349,#4350);
#4349 = CARTESIAN_POINT('',(0.42,-0.16,0.));
#4350 = VECTOR('',#4351,1.);
#4351 = DIRECTION('',(1.224646799147E-16,1.,0.));
#4352 = ORIENTED_EDGE('',*,*,#2181,.F.);
#4353 = ORIENTED_EDGE('',*,*,#2173,.F.);
#4354 = ORIENTED_EDGE('',*,*,#4313,.T.);
#4355 = ORIENTED_EDGE('',*,*,#2060,.F.);
#4356 = ORIENTED_EDGE('',*,*,#2052,.T.);
#4357 = ORIENTED_EDGE('',*,*,#4281,.F.);
#4358 = PLANE('',#4359);
#4359 = AXIS2_PLACEMENT_3D('',#4360,#4361,#4362);
#4360 = CARTESIAN_POINT('',(0.5,-0.1,0.));
#4361 = DIRECTION('',(0.,0.,1.));
#4362 = DIRECTION('',(-1.,1.224646799147E-16,0.));
#4363 = ADVANCED_FACE('',(#4364),#4419,.T.);
#4364 = FACE_BOUND('',#4365,.T.);
#4365 = EDGE_LOOP('',(#4366,#4367,#4376,#4384,#4393,#4401,#4410,#4416,
    #4417,#4418));
#4366 = ORIENTED_EDGE('',*,*,#4148,.F.);
#4367 = ORIENTED_EDGE('',*,*,#4368,.F.);
#4368 = EDGE_CURVE('',#4369,#4149,#4371,.T.);
#4369 = VERTEX_POINT('',#4370);
#4370 = CARTESIAN_POINT('',(-0.5,-0.1,2.E-02));
#4371 = CIRCLE('',#4372,2.E-02);
#4372 = AXIS2_PLACEMENT_3D('',#4373,#4374,#4375);
#4373 = CARTESIAN_POINT('',(-0.48,-0.1,2.E-02));
#4374 = DIRECTION('',(0.,-1.,0.));
#4375 = DIRECTION('',(0.,0.,1.));
#4376 = ORIENTED_EDGE('',*,*,#4377,.T.);
#4377 = EDGE_CURVE('',#4369,#4378,#4380,.T.);
#4378 = VERTEX_POINT('',#4379);
#4379 = CARTESIAN_POINT('',(-0.5,-0.1,0.33));
#4380 = LINE('',#4381,#4382);
#4381 = CARTESIAN_POINT('',(-0.5,-0.1,0.));
#4382 = VECTOR('',#4383,1.);
#4383 = DIRECTION('',(0.,0.,1.));
#4384 = ORIENTED_EDGE('',*,*,#4385,.T.);
#4385 = EDGE_CURVE('',#4378,#4386,#4388,.T.);
#4386 = VERTEX_POINT('',#4387);
#4387 = CARTESIAN_POINT('',(-0.48,-0.1,0.35));
#4388 = CIRCLE('',#4389,2.E-02);
#4389 = AXIS2_PLACEMENT_3D('',#4390,#4391,#4392);
#4390 = CARTESIAN_POINT('',(-0.48,-0.1,0.33));
#4391 = DIRECTION('',(0.,1.,0.));
#4392 = DIRECTION('',(0.,-0.,1.));
#4393 = ORIENTED_EDGE('',*,*,#4394,.T.);
#4394 = EDGE_CURVE('',#4386,#4395,#4397,.T.);
#4395 = VERTEX_POINT('',#4396);
#4396 = CARTESIAN_POINT('',(-0.42,-0.1,0.35));
#4397 = LINE('',#4398,#4399);
#4398 = CARTESIAN_POINT('',(-0.5,-0.1,0.35));
#4399 = VECTOR('',#4400,1.);
#4400 = DIRECTION('',(1.,0.,0.));
#4401 = ORIENTED_EDGE('',*,*,#4402,.T.);
#4402 = EDGE_CURVE('',#4395,#4403,#4405,.T.);
#4403 = VERTEX_POINT('',#4404);
#4404 = CARTESIAN_POINT('',(-0.4,-0.1,0.33));
#4405 = CIRCLE('',#4406,2.E-02);
#4406 = AXIS2_PLACEMENT_3D('',#4407,#4408,#4409);
#4407 = CARTESIAN_POINT('',(-0.42,-0.1,0.33));
#4408 = DIRECTION('',(0.,1.,0.));
#4409 = DIRECTION('',(0.,0.,-1.));
#4410 = ORIENTED_EDGE('',*,*,#4411,.F.);
#4411 = EDGE_CURVE('',#2141,#4403,#4412,.T.);
#4412 = LINE('',#4413,#4414);
#4413 = CARTESIAN_POINT('',(-0.4,-0.1,0.175));
#4414 = VECTOR('',#4415,1.);
#4415 = DIRECTION('',(0.,0.,1.));
#4416 = ORIENTED_EDGE('',*,*,#2140,.F.);
#4417 = ORIENTED_EDGE('',*,*,#2085,.F.);
#4418 = ORIENTED_EDGE('',*,*,#4295,.F.);
#4419 = PLANE('',#4420);
#4420 = AXIS2_PLACEMENT_3D('',#4421,#4422,#4423);
#4421 = CARTESIAN_POINT('',(-0.5,-0.1,0.));
#4422 = DIRECTION('',(0.,1.,0.));
#4423 = DIRECTION('',(0.,-0.,1.));
#4424 = ADVANCED_FACE('',(#4425),#4444,.T.);
#4425 = FACE_BOUND('',#4426,.T.);
#4426 = EDGE_LOOP('',(#4427,#4435,#4436,#4437,#4438));
#4427 = ORIENTED_EDGE('',*,*,#4428,.T.);
#4428 = EDGE_CURVE('',#4429,#3610,#4431,.T.);
#4429 = VERTEX_POINT('',#4430);
#4430 = CARTESIAN_POINT('',(-0.4,-0.16,0.3));
#4431 = LINE('',#4432,#4433);
#4432 = CARTESIAN_POINT('',(-0.425,-0.16,0.3));
#4433 = VECTOR('',#4434,1.);
#4434 = DIRECTION('',(1.,0.,0.));
#4435 = ORIENTED_EDGE('',*,*,#3617,.T.);
#4436 = ORIENTED_EDGE('',*,*,#2223,.T.);
#4437 = ORIENTED_EDGE('',*,*,#2148,.T.);
#4438 = ORIENTED_EDGE('',*,*,#4439,.T.);
#4439 = EDGE_CURVE('',#2141,#4429,#4440,.T.);
#4440 = LINE('',#4441,#4442);
#4441 = CARTESIAN_POINT('',(-0.4,-0.52,0.3));
#4442 = VECTOR('',#4443,1.);
#4443 = DIRECTION('',(0.,-1.,0.));
#4444 = PLANE('',#4445);
#4445 = AXIS2_PLACEMENT_3D('',#4446,#4447,#4448);
#4446 = CARTESIAN_POINT('',(-0.45,-1.,0.3));
#4447 = DIRECTION('',(0.,0.,1.));
#4448 = DIRECTION('',(1.,0.,-0.));
#4449 = ADVANCED_FACE('',(#4450),#4462,.T.);
#4450 = FACE_BOUND('',#4451,.T.);
#4451 = EDGE_LOOP('',(#4452,#4453,#4454,#4461));
#4452 = ORIENTED_EDGE('',*,*,#2189,.T.);
#4453 = ORIENTED_EDGE('',*,*,#2246,.T.);
#4454 = ORIENTED_EDGE('',*,*,#4455,.F.);
#4455 = EDGE_CURVE('',#4340,#2247,#4456,.T.);
#4456 = CIRCLE('',#4457,2.E-02);
#4457 = AXIS2_PLACEMENT_3D('',#4458,#4459,#4460);
#4458 = CARTESIAN_POINT('',(0.42,-0.1,2.E-02));
#4459 = DIRECTION('',(1.224646799147E-16,1.,0.));
#4460 = DIRECTION('',(0.,0.,-1.));
#4461 = ORIENTED_EDGE('',*,*,#4347,.F.);
#4462 = CYLINDRICAL_SURFACE('',#4463,2.E-02);
#4463 = AXIS2_PLACEMENT_3D('',#4464,#4465,#4466);
#4464 = CARTESIAN_POINT('',(0.42,-0.16,2.E-02));
#4465 = DIRECTION('',(1.224646799147E-16,1.,0.));
#4466 = DIRECTION('',(0.,0.,-1.));
#4467 = ADVANCED_FACE('',(#4468),#4487,.T.);
#4468 = FACE_BOUND('',#4469,.T.);
#4469 = EDGE_LOOP('',(#4470,#4471,#4472,#4480,#4486));
#4470 = ORIENTED_EDGE('',*,*,#2212,.T.);
#4471 = ORIENTED_EDGE('',*,*,#3623,.T.);
#4472 = ORIENTED_EDGE('',*,*,#4473,.T.);
#4473 = EDGE_CURVE('',#3624,#4474,#4476,.T.);
#4474 = VERTEX_POINT('',#4475);
#4475 = CARTESIAN_POINT('',(-0.4,0.16,0.3));
#4476 = LINE('',#4477,#4478);
#4477 = CARTESIAN_POINT('',(-0.275,0.16,0.3));
#4478 = VECTOR('',#4479,1.);
#4479 = DIRECTION('',(-1.,0.,0.));
#4480 = ORIENTED_EDGE('',*,*,#4481,.T.);
#4481 = EDGE_CURVE('',#4474,#2273,#4482,.T.);
#4482 = LINE('',#4483,#4484);
#4483 = CARTESIAN_POINT('',(-0.4,-0.42,0.3));
#4484 = VECTOR('',#4485,1.);
#4485 = DIRECTION('',(0.,-1.,0.));
#4486 = ORIENTED_EDGE('',*,*,#2280,.F.);
#4487 = PLANE('',#4488);
#4488 = AXIS2_PLACEMENT_3D('',#4489,#4490,#4491);
#4489 = CARTESIAN_POINT('',(-0.45,-1.,0.3));
#4490 = DIRECTION('',(0.,0.,1.));
#4491 = DIRECTION('',(1.,0.,-0.));
#4492 = ADVANCED_FACE('',(#4493),#4548,.F.);
#4493 = FACE_BOUND('',#4494,.F.);
#4494 = EDGE_LOOP('',(#4495,#4496,#4505,#4513,#4522,#4530,#4539,#4545,
    #4546,#4547));
#4495 = ORIENTED_EDGE('',*,*,#4339,.F.);
#4496 = ORIENTED_EDGE('',*,*,#4497,.F.);
#4497 = EDGE_CURVE('',#4498,#4332,#4500,.T.);
#4498 = VERTEX_POINT('',#4499);
#4499 = CARTESIAN_POINT('',(0.5,-0.1,2.E-02));
#4500 = CIRCLE('',#4501,2.E-02);
#4501 = AXIS2_PLACEMENT_3D('',#4502,#4503,#4504);
#4502 = CARTESIAN_POINT('',(0.48,-0.1,2.E-02));
#4503 = DIRECTION('',(1.224646799147E-16,1.,-0.));
#4504 = DIRECTION('',(0.,0.,1.));
#4505 = ORIENTED_EDGE('',*,*,#4506,.T.);
#4506 = EDGE_CURVE('',#4498,#4507,#4509,.T.);
#4507 = VERTEX_POINT('',#4508);
#4508 = CARTESIAN_POINT('',(0.5,-0.1,0.33));
#4509 = LINE('',#4510,#4511);
#4510 = CARTESIAN_POINT('',(0.5,-0.1,0.));
#4511 = VECTOR('',#4512,1.);
#4512 = DIRECTION('',(0.,0.,1.));
#4513 = ORIENTED_EDGE('',*,*,#4514,.T.);
#4514 = EDGE_CURVE('',#4507,#4515,#4517,.T.);
#4515 = VERTEX_POINT('',#4516);
#4516 = CARTESIAN_POINT('',(0.48,-0.1,0.35));
#4517 = CIRCLE('',#4518,2.E-02);
#4518 = AXIS2_PLACEMENT_3D('',#4519,#4520,#4521);
#4519 = CARTESIAN_POINT('',(0.48,-0.1,0.33));
#4520 = DIRECTION('',(-1.224646799147E-16,-1.,0.));
#4521 = DIRECTION('',(0.,0.,1.));
#4522 = ORIENTED_EDGE('',*,*,#4523,.T.);
#4523 = EDGE_CURVE('',#4515,#4524,#4526,.T.);
#4524 = VERTEX_POINT('',#4525);
#4525 = CARTESIAN_POINT('',(0.42,-0.1,0.35));
#4526 = LINE('',#4527,#4528);
#4527 = CARTESIAN_POINT('',(0.5,-0.1,0.35));
#4528 = VECTOR('',#4529,1.);
#4529 = DIRECTION('',(-1.,1.224646799147E-16,0.));
#4530 = ORIENTED_EDGE('',*,*,#4531,.T.);
#4531 = EDGE_CURVE('',#4524,#4532,#4534,.T.);
#4532 = VERTEX_POINT('',#4533);
#4533 = CARTESIAN_POINT('',(0.4,-0.1,0.33));
#4534 = CIRCLE('',#4535,2.E-02);
#4535 = AXIS2_PLACEMENT_3D('',#4536,#4537,#4538);
#4536 = CARTESIAN_POINT('',(0.42,-0.1,0.33));
#4537 = DIRECTION('',(-1.224646799147E-16,-1.,0.));
#4538 = DIRECTION('',(-0.,0.,-1.));
#4539 = ORIENTED_EDGE('',*,*,#4540,.F.);
#4540 = EDGE_CURVE('',#2304,#4532,#4541,.T.);
#4541 = LINE('',#4542,#4543);
#4542 = CARTESIAN_POINT('',(0.4,-0.1,0.175));
#4543 = VECTOR('',#4544,1.);
#4544 = DIRECTION('',(0.,0.,1.));
#4545 = ORIENTED_EDGE('',*,*,#2303,.F.);
#4546 = ORIENTED_EDGE('',*,*,#2254,.F.);
#4547 = ORIENTED_EDGE('',*,*,#4455,.F.);
#4548 = PLANE('',#4549);
#4549 = AXIS2_PLACEMENT_3D('',#4550,#4551,#4552);
#4550 = CARTESIAN_POINT('',(0.5,-0.1,0.));
#4551 = DIRECTION('',(-1.224646799147E-16,-1.,0.));
#4552 = DIRECTION('',(0.,0.,1.));
#4553 = ADVANCED_FACE('',(#4554),#4624,.F.);
#4554 = FACE_BOUND('',#4555,.F.);
#4555 = EDGE_LOOP('',(#4556,#4566,#4575,#4583,#4592,#4600,#4609,#4615,
    #4616,#4617));
#4556 = ORIENTED_EDGE('',*,*,#4557,.F.);
#4557 = EDGE_CURVE('',#4558,#4560,#4562,.T.);
#4558 = VERTEX_POINT('',#4559);
#4559 = CARTESIAN_POINT('',(-0.48,0.1,0.));
#4560 = VERTEX_POINT('',#4561);
#4561 = CARTESIAN_POINT('',(-0.42,0.1,0.));
#4562 = LINE('',#4563,#4564);
#4563 = CARTESIAN_POINT('',(-0.5,0.1,0.));
#4564 = VECTOR('',#4565,1.);
#4565 = DIRECTION('',(1.,0.,0.));
#4566 = ORIENTED_EDGE('',*,*,#4567,.F.);
#4567 = EDGE_CURVE('',#4568,#4558,#4570,.T.);
#4568 = VERTEX_POINT('',#4569);
#4569 = CARTESIAN_POINT('',(-0.5,0.1,2.E-02));
#4570 = CIRCLE('',#4571,2.E-02);
#4571 = AXIS2_PLACEMENT_3D('',#4572,#4573,#4574);
#4572 = CARTESIAN_POINT('',(-0.48,0.1,2.E-02));
#4573 = DIRECTION('',(0.,-1.,0.));
#4574 = DIRECTION('',(0.,0.,1.));
#4575 = ORIENTED_EDGE('',*,*,#4576,.T.);
#4576 = EDGE_CURVE('',#4568,#4577,#4579,.T.);
#4577 = VERTEX_POINT('',#4578);
#4578 = CARTESIAN_POINT('',(-0.5,0.1,0.33));
#4579 = LINE('',#4580,#4581);
#4580 = CARTESIAN_POINT('',(-0.5,0.1,0.));
#4581 = VECTOR('',#4582,1.);
#4582 = DIRECTION('',(0.,0.,1.));
#4583 = ORIENTED_EDGE('',*,*,#4584,.T.);
#4584 = EDGE_CURVE('',#4577,#4585,#4587,.T.);
#4585 = VERTEX_POINT('',#4586);
#4586 = CARTESIAN_POINT('',(-0.48,0.1,0.35));
#4587 = CIRCLE('',#4588,2.E-02);
#4588 = AXIS2_PLACEMENT_3D('',#4589,#4590,#4591);
#4589 = CARTESIAN_POINT('',(-0.48,0.1,0.33));
#4590 = DIRECTION('',(0.,1.,0.));
#4591 = DIRECTION('',(0.,-0.,1.));
#4592 = ORIENTED_EDGE('',*,*,#4593,.T.);
#4593 = EDGE_CURVE('',#4585,#4594,#4596,.T.);
#4594 = VERTEX_POINT('',#4595);
#4595 = CARTESIAN_POINT('',(-0.42,0.1,0.35));
#4596 = LINE('',#4597,#4598);
#4597 = CARTESIAN_POINT('',(-0.5,0.1,0.35));
#4598 = VECTOR('',#4599,1.);
#4599 = DIRECTION('',(1.,0.,0.));
#4600 = ORIENTED_EDGE('',*,*,#4601,.T.);
#4601 = EDGE_CURVE('',#4594,#4602,#4604,.T.);
#4602 = VERTEX_POINT('',#4603);
#4603 = CARTESIAN_POINT('',(-0.4,0.1,0.33));
#4604 = CIRCLE('',#4605,2.E-02);
#4605 = AXIS2_PLACEMENT_3D('',#4606,#4607,#4608);
#4606 = CARTESIAN_POINT('',(-0.42,0.1,0.33));
#4607 = DIRECTION('',(0.,1.,0.));
#4608 = DIRECTION('',(0.,0.,-1.));
#4609 = ORIENTED_EDGE('',*,*,#4610,.F.);
#4610 = EDGE_CURVE('',#2273,#4602,#4611,.T.);
#4611 = LINE('',#4612,#4613);
#4612 = CARTESIAN_POINT('',(-0.4,0.1,0.175));
#4613 = VECTOR('',#4614,1.);
#4614 = DIRECTION('',(0.,0.,1.));
#4615 = ORIENTED_EDGE('',*,*,#2272,.F.);
#4616 = ORIENTED_EDGE('',*,*,#2335,.F.);
#4617 = ORIENTED_EDGE('',*,*,#4618,.F.);
#4618 = EDGE_CURVE('',#4560,#2328,#4619,.T.);
#4619 = CIRCLE('',#4620,2.E-02);
#4620 = AXIS2_PLACEMENT_3D('',#4621,#4622,#4623);
#4621 = CARTESIAN_POINT('',(-0.42,0.1,2.E-02));
#4622 = DIRECTION('',(0.,-1.,0.));
#4623 = DIRECTION('',(0.,0.,-1.));
#4624 = PLANE('',#4625);
#4625 = AXIS2_PLACEMENT_3D('',#4626,#4627,#4628);
#4626 = CARTESIAN_POINT('',(-0.5,0.1,0.));
#4627 = DIRECTION('',(0.,1.,0.));
#4628 = DIRECTION('',(0.,-0.,1.));
#4629 = ADVANCED_FACE('',(#4630),#4649,.T.);
#4630 = FACE_BOUND('',#4631,.T.);
#4631 = EDGE_LOOP('',(#4632,#4633,#4641,#4647,#4648));
#4632 = ORIENTED_EDGE('',*,*,#3785,.F.);
#4633 = ORIENTED_EDGE('',*,*,#4634,.T.);
#4634 = EDGE_CURVE('',#3778,#4635,#4637,.T.);
#4635 = VERTEX_POINT('',#4636);
#4636 = CARTESIAN_POINT('',(0.4,-0.16,0.3));
#4637 = LINE('',#4638,#4639);
#4638 = CARTESIAN_POINT('',(-0.175,-0.16,0.3));
#4639 = VECTOR('',#4640,1.);
#4640 = DIRECTION('',(1.,-1.224646799147E-16,0.));
#4641 = ORIENTED_EDGE('',*,*,#4642,.T.);
#4642 = EDGE_CURVE('',#4635,#2304,#4643,.T.);
#4643 = LINE('',#4644,#4645);
#4644 = CARTESIAN_POINT('',(0.4,-0.58,0.3));
#4645 = VECTOR('',#4646,1.);
#4646 = DIRECTION('',(1.224646799147E-16,1.,0.));
#4647 = ORIENTED_EDGE('',*,*,#2311,.F.);
#4648 = ORIENTED_EDGE('',*,*,#2356,.T.);
#4649 = PLANE('',#4650);
#4650 = AXIS2_PLACEMENT_3D('',#4651,#4652,#4653);
#4651 = CARTESIAN_POINT('',(-0.45,-1.,0.3));
#4652 = DIRECTION('',(0.,0.,1.));
#4653 = DIRECTION('',(1.,0.,-0.));
#4654 = ADVANCED_FACE('',(#4655),#4666,.T.);
#4655 = FACE_BOUND('',#4656,.T.);
#4656 = EDGE_LOOP('',(#4657,#4658,#4659,#4660));
#4657 = ORIENTED_EDGE('',*,*,#2424,.T.);
#4658 = ORIENTED_EDGE('',*,*,#2325,.T.);
#4659 = ORIENTED_EDGE('',*,*,#4618,.F.);
#4660 = ORIENTED_EDGE('',*,*,#4661,.F.);
#4661 = EDGE_CURVE('',#2417,#4560,#4662,.T.);
#4662 = LINE('',#4663,#4664);
#4663 = CARTESIAN_POINT('',(-0.42,0.16,0.));
#4664 = VECTOR('',#4665,1.);
#4665 = DIRECTION('',(0.,-1.,0.));
#4666 = CYLINDRICAL_SURFACE('',#4667,2.E-02);
#4667 = AXIS2_PLACEMENT_3D('',#4668,#4669,#4670);
#4668 = CARTESIAN_POINT('',(-0.42,0.16,2.E-02));
#4669 = DIRECTION('',(0.,-1.,0.));
#4670 = DIRECTION('',(-0.,-0.,-1.));
#4671 = ADVANCED_FACE('',(#4672),#4691,.T.);
#4672 = FACE_BOUND('',#4673,.T.);
#4673 = EDGE_LOOP('',(#4674,#4675,#4676,#4677,#4685));
#4674 = ORIENTED_EDGE('',*,*,#3791,.F.);
#4675 = ORIENTED_EDGE('',*,*,#2365,.T.);
#4676 = ORIENTED_EDGE('',*,*,#2450,.T.);
#4677 = ORIENTED_EDGE('',*,*,#4678,.T.);
#4678 = EDGE_CURVE('',#2443,#4679,#4681,.T.);
#4679 = VERTEX_POINT('',#4680);
#4680 = CARTESIAN_POINT('',(0.4,0.16,0.3));
#4681 = LINE('',#4682,#4683);
#4682 = CARTESIAN_POINT('',(0.4,-0.48,0.3));
#4683 = VECTOR('',#4684,1.);
#4684 = DIRECTION('',(1.224646799147E-16,1.,0.));
#4685 = ORIENTED_EDGE('',*,*,#4686,.T.);
#4686 = EDGE_CURVE('',#4679,#3792,#4687,.T.);
#4687 = LINE('',#4688,#4689);
#4688 = CARTESIAN_POINT('',(-2.5E-02,0.16,0.3));
#4689 = VECTOR('',#4690,1.);
#4690 = DIRECTION('',(-1.,1.224646799147E-16,0.));
#4691 = PLANE('',#4692);
#4692 = AXIS2_PLACEMENT_3D('',#4693,#4694,#4695);
#4693 = CARTESIAN_POINT('',(-0.45,-1.,0.3));
#4694 = DIRECTION('',(0.,0.,1.));
#4695 = DIRECTION('',(1.,0.,-0.));
#4696 = ADVANCED_FACE('',(#4697),#4733,.F.);
#4697 = FACE_BOUND('',#4698,.F.);
#4698 = EDGE_LOOP('',(#4699,#4709,#4715,#4716,#4717,#4718,#4719,#4725,
    #4726,#4727));
#4699 = ORIENTED_EDGE('',*,*,#4700,.F.);
#4700 = EDGE_CURVE('',#4701,#4703,#4705,.T.);
#4701 = VERTEX_POINT('',#4702);
#4702 = CARTESIAN_POINT('',(-0.48,0.4,0.));
#4703 = VERTEX_POINT('',#4704);
#4704 = CARTESIAN_POINT('',(-0.42,0.4,0.));
#4705 = LINE('',#4706,#4707);
#4706 = CARTESIAN_POINT('',(-0.5,0.4,0.));
#4707 = VECTOR('',#4708,1.);
#4708 = DIRECTION('',(1.,0.,0.));
#4709 = ORIENTED_EDGE('',*,*,#4710,.F.);
#4710 = EDGE_CURVE('',#4558,#4701,#4711,.T.);
#4711 = LINE('',#4712,#4713);
#4712 = CARTESIAN_POINT('',(-0.48,0.1,0.));
#4713 = VECTOR('',#4714,1.);
#4714 = DIRECTION('',(0.,1.,0.));
#4715 = ORIENTED_EDGE('',*,*,#4557,.T.);
#4716 = ORIENTED_EDGE('',*,*,#4661,.F.);
#4717 = ORIENTED_EDGE('',*,*,#2416,.F.);
#4718 = ORIENTED_EDGE('',*,*,#2408,.F.);
#4719 = ORIENTED_EDGE('',*,*,#4720,.T.);
#4720 = EDGE_CURVE('',#2400,#2547,#4721,.T.);
#4721 = LINE('',#4722,#4723);
#4722 = CARTESIAN_POINT('',(-0.27,0.16,0.));
#4723 = VECTOR('',#4724,1.);
#4724 = DIRECTION('',(0.,1.,0.));
#4725 = ORIENTED_EDGE('',*,*,#2546,.F.);
#4726 = ORIENTED_EDGE('',*,*,#2538,.T.);
#4727 = ORIENTED_EDGE('',*,*,#4728,.F.);
#4728 = EDGE_CURVE('',#4703,#2530,#4729,.T.);
#4729 = LINE('',#4730,#4731);
#4730 = CARTESIAN_POINT('',(-0.42,0.4,0.));
#4731 = VECTOR('',#4732,1.);
#4732 = DIRECTION('',(0.,-1.,0.));
#4733 = PLANE('',#4734);
#4734 = AXIS2_PLACEMENT_3D('',#4735,#4736,#4737);
#4735 = CARTESIAN_POINT('',(-0.5,0.1,0.));
#4736 = DIRECTION('',(0.,0.,1.));
#4737 = DIRECTION('',(1.,0.,-0.));
#4738 = ADVANCED_FACE('',(#4739),#4745,.T.);
#4739 = FACE_BOUND('',#4740,.T.);
#4740 = EDGE_LOOP('',(#4741,#4742,#4743,#4744));
#4741 = ORIENTED_EDGE('',*,*,#4720,.T.);
#4742 = ORIENTED_EDGE('',*,*,#2554,.T.);
#4743 = ORIENTED_EDGE('',*,*,#2474,.F.);
#4744 = ORIENTED_EDGE('',*,*,#2399,.F.);
#4745 = CYLINDRICAL_SURFACE('',#4746,2.E-02);
#4746 = AXIS2_PLACEMENT_3D('',#4747,#4748,#4749);
#4747 = CARTESIAN_POINT('',(-0.27,0.16,2.E-02));
#4748 = DIRECTION('',(0.,1.,0.));
#4749 = DIRECTION('',(0.,0.,-1.));
#4750 = ADVANCED_FACE('',(#4751),#4821,.T.);
#4751 = FACE_BOUND('',#4752,.T.);
#4752 = EDGE_LOOP('',(#4753,#4763,#4772,#4780,#4789,#4797,#4806,#4812,
    #4813,#4814));
#4753 = ORIENTED_EDGE('',*,*,#4754,.F.);
#4754 = EDGE_CURVE('',#4755,#4757,#4759,.T.);
#4755 = VERTEX_POINT('',#4756);
#4756 = CARTESIAN_POINT('',(0.48,0.1,0.));
#4757 = VERTEX_POINT('',#4758);
#4758 = CARTESIAN_POINT('',(0.42,0.1,0.));
#4759 = LINE('',#4760,#4761);
#4760 = CARTESIAN_POINT('',(0.5,0.1,0.));
#4761 = VECTOR('',#4762,1.);
#4762 = DIRECTION('',(-1.,1.224646799147E-16,0.));
#4763 = ORIENTED_EDGE('',*,*,#4764,.F.);
#4764 = EDGE_CURVE('',#4765,#4755,#4767,.T.);
#4765 = VERTEX_POINT('',#4766);
#4766 = CARTESIAN_POINT('',(0.5,0.1,2.E-02));
#4767 = CIRCLE('',#4768,2.E-02);
#4768 = AXIS2_PLACEMENT_3D('',#4769,#4770,#4771);
#4769 = CARTESIAN_POINT('',(0.48,0.1,2.E-02));
#4770 = DIRECTION('',(1.224646799147E-16,1.,-0.));
#4771 = DIRECTION('',(0.,0.,1.));
#4772 = ORIENTED_EDGE('',*,*,#4773,.T.);
#4773 = EDGE_CURVE('',#4765,#4774,#4776,.T.);
#4774 = VERTEX_POINT('',#4775);
#4775 = CARTESIAN_POINT('',(0.5,0.1,0.33));
#4776 = LINE('',#4777,#4778);
#4777 = CARTESIAN_POINT('',(0.5,0.1,0.));
#4778 = VECTOR('',#4779,1.);
#4779 = DIRECTION('',(0.,0.,1.));
#4780 = ORIENTED_EDGE('',*,*,#4781,.T.);
#4781 = EDGE_CURVE('',#4774,#4782,#4784,.T.);
#4782 = VERTEX_POINT('',#4783);
#4783 = CARTESIAN_POINT('',(0.48,0.1,0.35));
#4784 = CIRCLE('',#4785,2.E-02);
#4785 = AXIS2_PLACEMENT_3D('',#4786,#4787,#4788);
#4786 = CARTESIAN_POINT('',(0.48,0.1,0.33));
#4787 = DIRECTION('',(-1.224646799147E-16,-1.,0.));
#4788 = DIRECTION('',(0.,0.,1.));
#4789 = ORIENTED_EDGE('',*,*,#4790,.T.);
#4790 = EDGE_CURVE('',#4782,#4791,#4793,.T.);
#4791 = VERTEX_POINT('',#4792);
#4792 = CARTESIAN_POINT('',(0.42,0.1,0.35));
#4793 = LINE('',#4794,#4795);
#4794 = CARTESIAN_POINT('',(0.5,0.1,0.35));
#4795 = VECTOR('',#4796,1.);
#4796 = DIRECTION('',(-1.,1.224646799147E-16,0.));
#4797 = ORIENTED_EDGE('',*,*,#4798,.T.);
#4798 = EDGE_CURVE('',#4791,#4799,#4801,.T.);
#4799 = VERTEX_POINT('',#4800);
#4800 = CARTESIAN_POINT('',(0.4,0.1,0.33));
#4801 = CIRCLE('',#4802,2.E-02);
#4802 = AXIS2_PLACEMENT_3D('',#4803,#4804,#4805);
#4803 = CARTESIAN_POINT('',(0.42,0.1,0.33));
#4804 = DIRECTION('',(-1.224646799147E-16,-1.,0.));
#4805 = DIRECTION('',(-0.,0.,-1.));
#4806 = ORIENTED_EDGE('',*,*,#4807,.F.);
#4807 = EDGE_CURVE('',#2443,#4799,#4808,.T.);
#4808 = LINE('',#4809,#4810);
#4809 = CARTESIAN_POINT('',(0.4,0.1,0.175));
#4810 = VECTOR('',#4811,1.);
#4811 = DIRECTION('',(0.,0.,1.));
#4812 = ORIENTED_EDGE('',*,*,#2442,.F.);
#4813 = ORIENTED_EDGE('',*,*,#2497,.F.);
#4814 = ORIENTED_EDGE('',*,*,#4815,.F.);
#4815 = EDGE_CURVE('',#4757,#2498,#4816,.T.);
#4816 = CIRCLE('',#4817,2.E-02);
#4817 = AXIS2_PLACEMENT_3D('',#4818,#4819,#4820);
#4818 = CARTESIAN_POINT('',(0.42,0.1,2.E-02));
#4819 = DIRECTION('',(1.224646799147E-16,1.,0.));
#4820 = DIRECTION('',(0.,0.,-1.));
#4821 = PLANE('',#4822);
#4822 = AXIS2_PLACEMENT_3D('',#4823,#4824,#4825);
#4823 = CARTESIAN_POINT('',(0.5,0.1,0.));
#4824 = DIRECTION('',(-1.224646799147E-16,-1.,0.));
#4825 = DIRECTION('',(0.,0.,1.));
#4826 = ADVANCED_FACE('',(#4827),#4838,.T.);
#4827 = FACE_BOUND('',#4828,.T.);
#4828 = EDGE_LOOP('',(#4829,#4830,#4831,#4832));
#4829 = ORIENTED_EDGE('',*,*,#4815,.T.);
#4830 = ORIENTED_EDGE('',*,*,#2505,.T.);
#4831 = ORIENTED_EDGE('',*,*,#2579,.F.);
#4832 = ORIENTED_EDGE('',*,*,#4833,.F.);
#4833 = EDGE_CURVE('',#4757,#2580,#4834,.T.);
#4834 = LINE('',#4835,#4836);
#4835 = CARTESIAN_POINT('',(0.42,0.1,0.));
#4836 = VECTOR('',#4837,1.);
#4837 = DIRECTION('',(1.224646799147E-16,1.,0.));
#4838 = CYLINDRICAL_SURFACE('',#4839,2.E-02);
#4839 = AXIS2_PLACEMENT_3D('',#4840,#4841,#4842);
#4840 = CARTESIAN_POINT('',(0.42,0.1,2.E-02));
#4841 = DIRECTION('',(1.224646799147E-16,1.,0.));
#4842 = DIRECTION('',(0.,0.,-1.));
#4843 = ADVANCED_FACE('',(#4844),#4856,.T.);
#4844 = FACE_BOUND('',#4845,.T.);
#4845 = EDGE_LOOP('',(#4846,#4853,#4854,#4855));
#4846 = ORIENTED_EDGE('',*,*,#4847,.T.);
#4847 = EDGE_CURVE('',#4703,#2622,#4848,.T.);
#4848 = CIRCLE('',#4849,2.E-02);
#4849 = AXIS2_PLACEMENT_3D('',#4850,#4851,#4852);
#4850 = CARTESIAN_POINT('',(-0.42,0.4,2.E-02));
#4851 = DIRECTION('',(0.,-1.,0.));
#4852 = DIRECTION('',(0.,0.,-1.));
#4853 = ORIENTED_EDGE('',*,*,#2629,.T.);
#4854 = ORIENTED_EDGE('',*,*,#2529,.F.);
#4855 = ORIENTED_EDGE('',*,*,#4728,.F.);
#4856 = CYLINDRICAL_SURFACE('',#4857,2.E-02);
#4857 = AXIS2_PLACEMENT_3D('',#4858,#4859,#4860);
#4858 = CARTESIAN_POINT('',(-0.42,0.4,2.E-02));
#4859 = DIRECTION('',(0.,-1.,0.));
#4860 = DIRECTION('',(-0.,-0.,-1.));
#4861 = ADVANCED_FACE('',(#4862),#4873,.T.);
#4862 = FACE_BOUND('',#4863,.T.);
#4863 = EDGE_LOOP('',(#4864,#4870,#4871,#4872));
#4864 = ORIENTED_EDGE('',*,*,#4865,.T.);
#4865 = EDGE_CURVE('',#2701,#2597,#4866,.T.);
#4866 = LINE('',#4867,#4868);
#4867 = CARTESIAN_POINT('',(0.27,0.34,0.));
#4868 = VECTOR('',#4869,1.);
#4869 = DIRECTION('',(-1.224646799147E-16,-1.,0.));
#4870 = ORIENTED_EDGE('',*,*,#2604,.T.);
#4871 = ORIENTED_EDGE('',*,*,#2653,.F.);
#4872 = ORIENTED_EDGE('',*,*,#2700,.F.);
#4873 = CYLINDRICAL_SURFACE('',#4874,2.E-02);
#4874 = AXIS2_PLACEMENT_3D('',#4875,#4876,#4877);
#4875 = CARTESIAN_POINT('',(0.27,0.34,2.E-02));
#4876 = DIRECTION('',(-1.224646799147E-16,-1.,0.));
#4877 = DIRECTION('',(-0.,0.,-1.));
#4878 = ADVANCED_FACE('',(#4879),#4910,.F.);
#4879 = FACE_BOUND('',#4880,.F.);
#4880 = EDGE_LOOP('',(#4881,#4882,#4890,#4898,#4904,#4905,#4906,#4907,
    #4908,#4909));
#4881 = ORIENTED_EDGE('',*,*,#4754,.F.);
#4882 = ORIENTED_EDGE('',*,*,#4883,.F.);
#4883 = EDGE_CURVE('',#4884,#4755,#4886,.T.);
#4884 = VERTEX_POINT('',#4885);
#4885 = CARTESIAN_POINT('',(0.48,0.4,0.));
#4886 = LINE('',#4887,#4888);
#4887 = CARTESIAN_POINT('',(0.48,0.4,0.));
#4888 = VECTOR('',#4889,1.);
#4889 = DIRECTION('',(-1.224646799147E-16,-1.,0.));
#4890 = ORIENTED_EDGE('',*,*,#4891,.T.);
#4891 = EDGE_CURVE('',#4884,#4892,#4894,.T.);
#4892 = VERTEX_POINT('',#4893);
#4893 = CARTESIAN_POINT('',(0.42,0.4,0.));
#4894 = LINE('',#4895,#4896);
#4895 = CARTESIAN_POINT('',(0.5,0.4,0.));
#4896 = VECTOR('',#4897,1.);
#4897 = DIRECTION('',(-1.,1.224646799147E-16,0.));
#4898 = ORIENTED_EDGE('',*,*,#4899,.F.);
#4899 = EDGE_CURVE('',#2718,#4892,#4900,.T.);
#4900 = LINE('',#4901,#4902);
#4901 = CARTESIAN_POINT('',(0.42,0.34,0.));
#4902 = VECTOR('',#4903,1.);
#4903 = DIRECTION('',(1.224646799147E-16,1.,0.));
#4904 = ORIENTED_EDGE('',*,*,#2717,.F.);
#4905 = ORIENTED_EDGE('',*,*,#2709,.F.);
#4906 = ORIENTED_EDGE('',*,*,#4865,.T.);
#4907 = ORIENTED_EDGE('',*,*,#2596,.F.);
#4908 = ORIENTED_EDGE('',*,*,#2588,.T.);
#4909 = ORIENTED_EDGE('',*,*,#4833,.F.);
#4910 = PLANE('',#4911);
#4911 = AXIS2_PLACEMENT_3D('',#4912,#4913,#4914);
#4912 = CARTESIAN_POINT('',(0.5,0.4,0.));
#4913 = DIRECTION('',(0.,0.,1.));
#4914 = DIRECTION('',(-1.,1.224646799147E-16,0.));
#4915 = ADVANCED_FACE('',(#4916),#4971,.T.);
#4916 = FACE_BOUND('',#4917,.T.);
#4917 = EDGE_LOOP('',(#4918,#4919,#4928,#4936,#4945,#4953,#4962,#4968,
    #4969,#4970));
#4918 = ORIENTED_EDGE('',*,*,#4700,.F.);
#4919 = ORIENTED_EDGE('',*,*,#4920,.F.);
#4920 = EDGE_CURVE('',#4921,#4701,#4923,.T.);
#4921 = VERTEX_POINT('',#4922);
#4922 = CARTESIAN_POINT('',(-0.5,0.4,2.E-02));
#4923 = CIRCLE('',#4924,2.E-02);
#4924 = AXIS2_PLACEMENT_3D('',#4925,#4926,#4927);
#4925 = CARTESIAN_POINT('',(-0.48,0.4,2.E-02));
#4926 = DIRECTION('',(0.,-1.,0.));
#4927 = DIRECTION('',(0.,0.,1.));
#4928 = ORIENTED_EDGE('',*,*,#4929,.T.);
#4929 = EDGE_CURVE('',#4921,#4930,#4932,.T.);
#4930 = VERTEX_POINT('',#4931);
#4931 = CARTESIAN_POINT('',(-0.5,0.4,0.33));
#4932 = LINE('',#4933,#4934);
#4933 = CARTESIAN_POINT('',(-0.5,0.4,0.));
#4934 = VECTOR('',#4935,1.);
#4935 = DIRECTION('',(0.,0.,1.));
#4936 = ORIENTED_EDGE('',*,*,#4937,.T.);
#4937 = EDGE_CURVE('',#4930,#4938,#4940,.T.);
#4938 = VERTEX_POINT('',#4939);
#4939 = CARTESIAN_POINT('',(-0.48,0.4,0.35));
#4940 = CIRCLE('',#4941,2.E-02);
#4941 = AXIS2_PLACEMENT_3D('',#4942,#4943,#4944);
#4942 = CARTESIAN_POINT('',(-0.48,0.4,0.33));
#4943 = DIRECTION('',(0.,1.,0.));
#4944 = DIRECTION('',(0.,-0.,1.));
#4945 = ORIENTED_EDGE('',*,*,#4946,.T.);
#4946 = EDGE_CURVE('',#4938,#4947,#4949,.T.);
#4947 = VERTEX_POINT('',#4948);
#4948 = CARTESIAN_POINT('',(-0.42,0.4,0.35));
#4949 = LINE('',#4950,#4951);
#4950 = CARTESIAN_POINT('',(-0.5,0.4,0.35));
#4951 = VECTOR('',#4952,1.);
#4952 = DIRECTION('',(1.,0.,0.));
#4953 = ORIENTED_EDGE('',*,*,#4954,.T.);
#4954 = EDGE_CURVE('',#4947,#4955,#4957,.T.);
#4955 = VERTEX_POINT('',#4956);
#4956 = CARTESIAN_POINT('',(-0.4,0.4,0.33));
#4957 = CIRCLE('',#4958,2.E-02);
#4958 = AXIS2_PLACEMENT_3D('',#4959,#4960,#4961);
#4959 = CARTESIAN_POINT('',(-0.42,0.4,0.33));
#4960 = DIRECTION('',(0.,1.,0.));
#4961 = DIRECTION('',(0.,0.,-1.));
#4962 = ORIENTED_EDGE('',*,*,#4963,.F.);
#4963 = EDGE_CURVE('',#2677,#4955,#4964,.T.);
#4964 = LINE('',#4965,#4966);
#4965 = CARTESIAN_POINT('',(-0.4,0.4,0.175));
#4966 = VECTOR('',#4967,1.);
#4967 = DIRECTION('',(0.,0.,1.));
#4968 = ORIENTED_EDGE('',*,*,#2676,.F.);
#4969 = ORIENTED_EDGE('',*,*,#2621,.F.);
#4970 = ORIENTED_EDGE('',*,*,#4847,.F.);
#4971 = PLANE('',#4972);
#4972 = AXIS2_PLACEMENT_3D('',#4973,#4974,#4975);
#4973 = CARTESIAN_POINT('',(-0.5,0.4,0.));
#4974 = DIRECTION('',(0.,1.,0.));
#4975 = DIRECTION('',(0.,-0.,1.));
#4976 = ADVANCED_FACE('',(#4977),#4996,.T.);
#4977 = FACE_BOUND('',#4978,.T.);
#4978 = EDGE_LOOP('',(#4979,#4987,#4988,#4989,#4990));
#4979 = ORIENTED_EDGE('',*,*,#4980,.T.);
#4980 = EDGE_CURVE('',#4981,#3648,#4983,.T.);
#4981 = VERTEX_POINT('',#4982);
#4982 = CARTESIAN_POINT('',(-0.4,0.34,0.3));
#4983 = LINE('',#4984,#4985);
#4984 = CARTESIAN_POINT('',(-0.425,0.34,0.3));
#4985 = VECTOR('',#4986,1.);
#4986 = DIRECTION('',(1.,0.,0.));
#4987 = ORIENTED_EDGE('',*,*,#3655,.T.);
#4988 = ORIENTED_EDGE('',*,*,#2759,.T.);
#4989 = ORIENTED_EDGE('',*,*,#2684,.T.);
#4990 = ORIENTED_EDGE('',*,*,#4991,.T.);
#4991 = EDGE_CURVE('',#2677,#4981,#4992,.T.);
#4992 = LINE('',#4993,#4994);
#4993 = CARTESIAN_POINT('',(-0.4,-0.27,0.3));
#4994 = VECTOR('',#4995,1.);
#4995 = DIRECTION('',(0.,-1.,0.));
#4996 = PLANE('',#4997);
#4997 = AXIS2_PLACEMENT_3D('',#4998,#4999,#5000);
#4998 = CARTESIAN_POINT('',(-0.45,-1.,0.3));
#4999 = DIRECTION('',(0.,0.,1.));
#5000 = DIRECTION('',(1.,0.,-0.));
#5001 = ADVANCED_FACE('',(#5002),#5014,.T.);
#5002 = FACE_BOUND('',#5003,.T.);
#5003 = EDGE_LOOP('',(#5004,#5005,#5006,#5013));
#5004 = ORIENTED_EDGE('',*,*,#2725,.T.);
#5005 = ORIENTED_EDGE('',*,*,#2782,.T.);
#5006 = ORIENTED_EDGE('',*,*,#5007,.F.);
#5007 = EDGE_CURVE('',#4892,#2783,#5008,.T.);
#5008 = CIRCLE('',#5009,2.E-02);
#5009 = AXIS2_PLACEMENT_3D('',#5010,#5011,#5012);
#5010 = CARTESIAN_POINT('',(0.42,0.4,2.E-02));
#5011 = DIRECTION('',(1.224646799147E-16,1.,0.));
#5012 = DIRECTION('',(0.,0.,-1.));
#5013 = ORIENTED_EDGE('',*,*,#4899,.F.);
#5014 = CYLINDRICAL_SURFACE('',#5015,2.E-02);
#5015 = AXIS2_PLACEMENT_3D('',#5016,#5017,#5018);
#5016 = CARTESIAN_POINT('',(0.42,0.34,2.E-02));
#5017 = DIRECTION('',(1.224646799147E-16,1.,0.));
#5018 = DIRECTION('',(0.,0.,-1.));
#5019 = ADVANCED_FACE('',(#5020),#5039,.T.);
#5020 = FACE_BOUND('',#5021,.T.);
#5021 = EDGE_LOOP('',(#5022,#5023,#5024,#5032,#5038));
#5022 = ORIENTED_EDGE('',*,*,#2748,.T.);
#5023 = ORIENTED_EDGE('',*,*,#3661,.T.);
#5024 = ORIENTED_EDGE('',*,*,#5025,.T.);
#5025 = EDGE_CURVE('',#3662,#5026,#5028,.T.);
#5026 = VERTEX_POINT('',#5027);
#5027 = CARTESIAN_POINT('',(-0.4,0.68,0.3));
#5028 = LINE('',#5029,#5030);
#5029 = CARTESIAN_POINT('',(-0.275,0.68,0.3));
#5030 = VECTOR('',#5031,1.);
#5031 = DIRECTION('',(-1.,0.,0.));
#5032 = ORIENTED_EDGE('',*,*,#5033,.T.);
#5033 = EDGE_CURVE('',#5026,#2809,#5034,.T.);
#5034 = LINE('',#5035,#5036);
#5035 = CARTESIAN_POINT('',(-0.4,-0.16,0.3));
#5036 = VECTOR('',#5037,1.);
#5037 = DIRECTION('',(0.,-1.,0.));
#5038 = ORIENTED_EDGE('',*,*,#2816,.F.);
#5039 = PLANE('',#5040);
#5040 = AXIS2_PLACEMENT_3D('',#5041,#5042,#5043);
#5041 = CARTESIAN_POINT('',(-0.45,-1.,0.3));
#5042 = DIRECTION('',(0.,0.,1.));
#5043 = DIRECTION('',(1.,0.,-0.));
#5044 = ADVANCED_FACE('',(#5045),#5100,.F.);
#5045 = FACE_BOUND('',#5046,.F.);
#5046 = EDGE_LOOP('',(#5047,#5048,#5057,#5065,#5074,#5082,#5091,#5097,
    #5098,#5099));
#5047 = ORIENTED_EDGE('',*,*,#4891,.F.);
#5048 = ORIENTED_EDGE('',*,*,#5049,.F.);
#5049 = EDGE_CURVE('',#5050,#4884,#5052,.T.);
#5050 = VERTEX_POINT('',#5051);
#5051 = CARTESIAN_POINT('',(0.5,0.4,2.E-02));
#5052 = CIRCLE('',#5053,2.E-02);
#5053 = AXIS2_PLACEMENT_3D('',#5054,#5055,#5056);
#5054 = CARTESIAN_POINT('',(0.48,0.4,2.E-02));
#5055 = DIRECTION('',(1.224646799147E-16,1.,-0.));
#5056 = DIRECTION('',(0.,0.,1.));
#5057 = ORIENTED_EDGE('',*,*,#5058,.T.);
#5058 = EDGE_CURVE('',#5050,#5059,#5061,.T.);
#5059 = VERTEX_POINT('',#5060);
#5060 = CARTESIAN_POINT('',(0.5,0.4,0.33));
#5061 = LINE('',#5062,#5063);
#5062 = CARTESIAN_POINT('',(0.5,0.4,0.));
#5063 = VECTOR('',#5064,1.);
#5064 = DIRECTION('',(0.,0.,1.));
#5065 = ORIENTED_EDGE('',*,*,#5066,.T.);
#5066 = EDGE_CURVE('',#5059,#5067,#5069,.T.);
#5067 = VERTEX_POINT('',#5068);
#5068 = CARTESIAN_POINT('',(0.48,0.4,0.35));
#5069 = CIRCLE('',#5070,2.E-02);
#5070 = AXIS2_PLACEMENT_3D('',#5071,#5072,#5073);
#5071 = CARTESIAN_POINT('',(0.48,0.4,0.33));
#5072 = DIRECTION('',(-1.224646799147E-16,-1.,0.));
#5073 = DIRECTION('',(0.,0.,1.));
#5074 = ORIENTED_EDGE('',*,*,#5075,.T.);
#5075 = EDGE_CURVE('',#5067,#5076,#5078,.T.);
#5076 = VERTEX_POINT('',#5077);
#5077 = CARTESIAN_POINT('',(0.42,0.4,0.35));
#5078 = LINE('',#5079,#5080);
#5079 = CARTESIAN_POINT('',(0.5,0.4,0.35));
#5080 = VECTOR('',#5081,1.);
#5081 = DIRECTION('',(-1.,1.224646799147E-16,0.));
#5082 = ORIENTED_EDGE('',*,*,#5083,.T.);
#5083 = EDGE_CURVE('',#5076,#5084,#5086,.T.);
#5084 = VERTEX_POINT('',#5085);
#5085 = CARTESIAN_POINT('',(0.4,0.4,0.33));
#5086 = CIRCLE('',#5087,2.E-02);
#5087 = AXIS2_PLACEMENT_3D('',#5088,#5089,#5090);
#5088 = CARTESIAN_POINT('',(0.42,0.4,0.33));
#5089 = DIRECTION('',(-1.224646799147E-16,-1.,0.));
#5090 = DIRECTION('',(-0.,0.,-1.));
#5091 = ORIENTED_EDGE('',*,*,#5092,.F.);
#5092 = EDGE_CURVE('',#2840,#5084,#5093,.T.);
#5093 = LINE('',#5094,#5095);
#5094 = CARTESIAN_POINT('',(0.4,0.4,0.175));
#5095 = VECTOR('',#5096,1.);
#5096 = DIRECTION('',(0.,0.,1.));
#5097 = ORIENTED_EDGE('',*,*,#2839,.F.);
#5098 = ORIENTED_EDGE('',*,*,#2790,.F.);
#5099 = ORIENTED_EDGE('',*,*,#5007,.F.);
#5100 = PLANE('',#5101);
#5101 = AXIS2_PLACEMENT_3D('',#5102,#5103,#5104);
#5102 = CARTESIAN_POINT('',(0.5,0.4,0.));
#5103 = DIRECTION('',(-1.224646799147E-16,-1.,0.));
#5104 = DIRECTION('',(0.,0.,1.));
#5105 = ADVANCED_FACE('',(#5106),#5176,.F.);
#5106 = FACE_BOUND('',#5107,.F.);
#5107 = EDGE_LOOP('',(#5108,#5118,#5127,#5135,#5144,#5152,#5161,#5167,
    #5168,#5169));
#5108 = ORIENTED_EDGE('',*,*,#5109,.F.);
#5109 = EDGE_CURVE('',#5110,#5112,#5114,.T.);
#5110 = VERTEX_POINT('',#5111);
#5111 = CARTESIAN_POINT('',(-0.48,0.6,0.));
#5112 = VERTEX_POINT('',#5113);
#5113 = CARTESIAN_POINT('',(-0.42,0.6,0.));
#5114 = LINE('',#5115,#5116);
#5115 = CARTESIAN_POINT('',(-0.5,0.6,0.));
#5116 = VECTOR('',#5117,1.);
#5117 = DIRECTION('',(1.,0.,0.));
#5118 = ORIENTED_EDGE('',*,*,#5119,.F.);
#5119 = EDGE_CURVE('',#5120,#5110,#5122,.T.);
#5120 = VERTEX_POINT('',#5121);
#5121 = CARTESIAN_POINT('',(-0.5,0.6,2.E-02));
#5122 = CIRCLE('',#5123,2.E-02);
#5123 = AXIS2_PLACEMENT_3D('',#5124,#5125,#5126);
#5124 = CARTESIAN_POINT('',(-0.48,0.6,2.E-02));
#5125 = DIRECTION('',(0.,-1.,0.));
#5126 = DIRECTION('',(0.,0.,1.));
#5127 = ORIENTED_EDGE('',*,*,#5128,.T.);
#5128 = EDGE_CURVE('',#5120,#5129,#5131,.T.);
#5129 = VERTEX_POINT('',#5130);
#5130 = CARTESIAN_POINT('',(-0.5,0.6,0.33));
#5131 = LINE('',#5132,#5133);
#5132 = CARTESIAN_POINT('',(-0.5,0.6,0.));
#5133 = VECTOR('',#5134,1.);
#5134 = DIRECTION('',(0.,0.,1.));
#5135 = ORIENTED_EDGE('',*,*,#5136,.T.);
#5136 = EDGE_CURVE('',#5129,#5137,#5139,.T.);
#5137 = VERTEX_POINT('',#5138);
#5138 = CARTESIAN_POINT('',(-0.48,0.6,0.35));
#5139 = CIRCLE('',#5140,2.E-02);
#5140 = AXIS2_PLACEMENT_3D('',#5141,#5142,#5143);
#5141 = CARTESIAN_POINT('',(-0.48,0.6,0.33));
#5142 = DIRECTION('',(0.,1.,0.));
#5143 = DIRECTION('',(0.,-0.,1.));
#5144 = ORIENTED_EDGE('',*,*,#5145,.T.);
#5145 = EDGE_CURVE('',#5137,#5146,#5148,.T.);
#5146 = VERTEX_POINT('',#5147);
#5147 = CARTESIAN_POINT('',(-0.42,0.6,0.35));
#5148 = LINE('',#5149,#5150);
#5149 = CARTESIAN_POINT('',(-0.5,0.6,0.35));
#5150 = VECTOR('',#5151,1.);
#5151 = DIRECTION('',(1.,0.,0.));
#5152 = ORIENTED_EDGE('',*,*,#5153,.T.);
#5153 = EDGE_CURVE('',#5146,#5154,#5156,.T.);
#5154 = VERTEX_POINT('',#5155);
#5155 = CARTESIAN_POINT('',(-0.4,0.6,0.33));
#5156 = CIRCLE('',#5157,2.E-02);
#5157 = AXIS2_PLACEMENT_3D('',#5158,#5159,#5160);
#5158 = CARTESIAN_POINT('',(-0.42,0.6,0.33));
#5159 = DIRECTION('',(0.,1.,0.));
#5160 = DIRECTION('',(0.,0.,-1.));
#5161 = ORIENTED_EDGE('',*,*,#5162,.F.);
#5162 = EDGE_CURVE('',#2809,#5154,#5163,.T.);
#5163 = LINE('',#5164,#5165);
#5164 = CARTESIAN_POINT('',(-0.4,0.6,0.175));
#5165 = VECTOR('',#5166,1.);
#5166 = DIRECTION('',(0.,0.,1.));
#5167 = ORIENTED_EDGE('',*,*,#2808,.F.);
#5168 = ORIENTED_EDGE('',*,*,#2871,.F.);
#5169 = ORIENTED_EDGE('',*,*,#5170,.F.);
#5170 = EDGE_CURVE('',#5112,#2864,#5171,.T.);
#5171 = CIRCLE('',#5172,2.E-02);
#5172 = AXIS2_PLACEMENT_3D('',#5173,#5174,#5175);
#5173 = CARTESIAN_POINT('',(-0.42,0.6,2.E-02));
#5174 = DIRECTION('',(0.,-1.,0.));
#5175 = DIRECTION('',(0.,0.,-1.));
#5176 = PLANE('',#5177);
#5177 = AXIS2_PLACEMENT_3D('',#5178,#5179,#5180);
#5178 = CARTESIAN_POINT('',(-0.5,0.6,0.));
#5179 = DIRECTION('',(0.,1.,0.));
#5180 = DIRECTION('',(0.,-0.,1.));
#5181 = ADVANCED_FACE('',(#5182),#5201,.T.);
#5182 = FACE_BOUND('',#5183,.T.);
#5183 = EDGE_LOOP('',(#5184,#5185,#5193,#5199,#5200));
#5184 = ORIENTED_EDGE('',*,*,#3823,.F.);
#5185 = ORIENTED_EDGE('',*,*,#5186,.T.);
#5186 = EDGE_CURVE('',#3816,#5187,#5189,.T.);
#5187 = VERTEX_POINT('',#5188);
#5188 = CARTESIAN_POINT('',(0.4,0.34,0.3));
#5189 = LINE('',#5190,#5191);
#5190 = CARTESIAN_POINT('',(-0.175,0.34,0.3));
#5191 = VECTOR('',#5192,1.);
#5192 = DIRECTION('',(1.,-1.224646799147E-16,0.));
#5193 = ORIENTED_EDGE('',*,*,#5194,.T.);
#5194 = EDGE_CURVE('',#5187,#2840,#5195,.T.);
#5195 = LINE('',#5196,#5197);
#5196 = CARTESIAN_POINT('',(0.4,-0.33,0.3));
#5197 = VECTOR('',#5198,1.);
#5198 = DIRECTION('',(1.224646799147E-16,1.,0.));
#5199 = ORIENTED_EDGE('',*,*,#2847,.F.);
#5200 = ORIENTED_EDGE('',*,*,#2892,.T.);
#5201 = PLANE('',#5202);
#5202 = AXIS2_PLACEMENT_3D('',#5203,#5204,#5205);
#5203 = CARTESIAN_POINT('',(-0.45,-1.,0.3));
#5204 = DIRECTION('',(0.,0.,1.));
#5205 = DIRECTION('',(1.,0.,-0.));
#5206 = ADVANCED_FACE('',(#5207),#5218,.T.);
#5207 = FACE_BOUND('',#5208,.T.);
#5208 = EDGE_LOOP('',(#5209,#5210,#5211,#5212));
#5209 = ORIENTED_EDGE('',*,*,#2960,.T.);
#5210 = ORIENTED_EDGE('',*,*,#2861,.T.);
#5211 = ORIENTED_EDGE('',*,*,#5170,.F.);
#5212 = ORIENTED_EDGE('',*,*,#5213,.F.);
#5213 = EDGE_CURVE('',#2953,#5112,#5214,.T.);
#5214 = LINE('',#5215,#5216);
#5215 = CARTESIAN_POINT('',(-0.42,0.68,0.));
#5216 = VECTOR('',#5217,1.);
#5217 = DIRECTION('',(0.,-1.,0.));
#5218 = CYLINDRICAL_SURFACE('',#5219,2.E-02);
#5219 = AXIS2_PLACEMENT_3D('',#5220,#5221,#5222);
#5220 = CARTESIAN_POINT('',(-0.42,0.68,2.E-02));
#5221 = DIRECTION('',(0.,-1.,0.));
#5222 = DIRECTION('',(-0.,-0.,-1.));
#5223 = ADVANCED_FACE('',(#5224),#5243,.T.);
#5224 = FACE_BOUND('',#5225,.T.);
#5225 = EDGE_LOOP('',(#5226,#5227,#5228,#5229,#5237));
#5226 = ORIENTED_EDGE('',*,*,#3829,.F.);
#5227 = ORIENTED_EDGE('',*,*,#2901,.T.);
#5228 = ORIENTED_EDGE('',*,*,#2986,.T.);
#5229 = ORIENTED_EDGE('',*,*,#5230,.T.);
#5230 = EDGE_CURVE('',#2979,#5231,#5233,.T.);
#5231 = VERTEX_POINT('',#5232);
#5232 = CARTESIAN_POINT('',(0.4,0.68,0.3));
#5233 = LINE('',#5234,#5235);
#5234 = CARTESIAN_POINT('',(0.4,-0.24,0.3));
#5235 = VECTOR('',#5236,1.);
#5236 = DIRECTION('',(1.224646799147E-16,1.,0.));
#5237 = ORIENTED_EDGE('',*,*,#5238,.T.);
#5238 = EDGE_CURVE('',#5231,#3830,#5239,.T.);
#5239 = LINE('',#5240,#5241);
#5240 = CARTESIAN_POINT('',(-2.5E-02,0.68,0.3));
#5241 = VECTOR('',#5242,1.);
#5242 = DIRECTION('',(-1.,1.224646799147E-16,0.));
#5243 = PLANE('',#5244);
#5244 = AXIS2_PLACEMENT_3D('',#5245,#5246,#5247);
#5245 = CARTESIAN_POINT('',(-0.45,-1.,0.3));
#5246 = DIRECTION('',(0.,0.,1.));
#5247 = DIRECTION('',(1.,0.,-0.));
#5248 = ADVANCED_FACE('',(#5249),#5285,.F.);
#5249 = FACE_BOUND('',#5250,.F.);
#5250 = EDGE_LOOP('',(#5251,#5261,#5267,#5268,#5269,#5270,#5271,#5277,
    #5278,#5279));
#5251 = ORIENTED_EDGE('',*,*,#5252,.F.);
#5252 = EDGE_CURVE('',#5253,#5255,#5257,.T.);
#5253 = VERTEX_POINT('',#5254);
#5254 = CARTESIAN_POINT('',(-0.48,1.,0.));
#5255 = VERTEX_POINT('',#5256);
#5256 = CARTESIAN_POINT('',(-0.42,1.,0.));
#5257 = LINE('',#5258,#5259);
#5258 = CARTESIAN_POINT('',(-0.5,1.,0.));
#5259 = VECTOR('',#5260,1.);
#5260 = DIRECTION('',(1.,0.,0.));
#5261 = ORIENTED_EDGE('',*,*,#5262,.F.);
#5262 = EDGE_CURVE('',#5110,#5253,#5263,.T.);
#5263 = LINE('',#5264,#5265);
#5264 = CARTESIAN_POINT('',(-0.48,0.6,0.));
#5265 = VECTOR('',#5266,1.);
#5266 = DIRECTION('',(0.,1.,0.));
#5267 = ORIENTED_EDGE('',*,*,#5109,.T.);
#5268 = ORIENTED_EDGE('',*,*,#5213,.F.);
#5269 = ORIENTED_EDGE('',*,*,#2952,.F.);
#5270 = ORIENTED_EDGE('',*,*,#2944,.F.);
#5271 = ORIENTED_EDGE('',*,*,#5272,.T.);
#5272 = EDGE_CURVE('',#2936,#3083,#5273,.T.);
#5273 = LINE('',#5274,#5275);
#5274 = CARTESIAN_POINT('',(-0.27,0.68,0.));
#5275 = VECTOR('',#5276,1.);
#5276 = DIRECTION('',(0.,1.,0.));
#5277 = ORIENTED_EDGE('',*,*,#3082,.F.);
#5278 = ORIENTED_EDGE('',*,*,#3074,.T.);
#5279 = ORIENTED_EDGE('',*,*,#5280,.F.);
#5280 = EDGE_CURVE('',#5255,#3066,#5281,.T.);
#5281 = LINE('',#5282,#5283);
#5282 = CARTESIAN_POINT('',(-0.42,1.,0.));
#5283 = VECTOR('',#5284,1.);
#5284 = DIRECTION('',(0.,-1.,0.));
#5285 = PLANE('',#5286);
#5286 = AXIS2_PLACEMENT_3D('',#5287,#5288,#5289);
#5287 = CARTESIAN_POINT('',(-0.5,0.6,0.));
#5288 = DIRECTION('',(0.,0.,1.));
#5289 = DIRECTION('',(1.,0.,-0.));
#5290 = ADVANCED_FACE('',(#5291),#5297,.T.);
#5291 = FACE_BOUND('',#5292,.T.);
#5292 = EDGE_LOOP('',(#5293,#5294,#5295,#5296));
#5293 = ORIENTED_EDGE('',*,*,#5272,.T.);
#5294 = ORIENTED_EDGE('',*,*,#3090,.T.);
#5295 = ORIENTED_EDGE('',*,*,#3010,.F.);
#5296 = ORIENTED_EDGE('',*,*,#2935,.F.);
#5297 = CYLINDRICAL_SURFACE('',#5298,2.E-02);
#5298 = AXIS2_PLACEMENT_3D('',#5299,#5300,#5301);
#5299 = CARTESIAN_POINT('',(-0.27,0.68,2.E-02));
#5300 = DIRECTION('',(0.,1.,0.));
#5301 = DIRECTION('',(0.,0.,-1.));
#5302 = ADVANCED_FACE('',(#5303),#5373,.T.);
#5303 = FACE_BOUND('',#5304,.T.);
#5304 = EDGE_LOOP('',(#5305,#5315,#5324,#5332,#5341,#5349,#5358,#5364,
    #5365,#5366));
#5305 = ORIENTED_EDGE('',*,*,#5306,.F.);
#5306 = EDGE_CURVE('',#5307,#5309,#5311,.T.);
#5307 = VERTEX_POINT('',#5308);
#5308 = CARTESIAN_POINT('',(0.48,0.6,0.));
#5309 = VERTEX_POINT('',#5310);
#5310 = CARTESIAN_POINT('',(0.42,0.6,0.));
#5311 = LINE('',#5312,#5313);
#5312 = CARTESIAN_POINT('',(0.5,0.6,0.));
#5313 = VECTOR('',#5314,1.);
#5314 = DIRECTION('',(-1.,1.224646799147E-16,0.));
#5315 = ORIENTED_EDGE('',*,*,#5316,.F.);
#5316 = EDGE_CURVE('',#5317,#5307,#5319,.T.);
#5317 = VERTEX_POINT('',#5318);
#5318 = CARTESIAN_POINT('',(0.5,0.6,2.E-02));
#5319 = CIRCLE('',#5320,2.E-02);
#5320 = AXIS2_PLACEMENT_3D('',#5321,#5322,#5323);
#5321 = CARTESIAN_POINT('',(0.48,0.6,2.E-02));
#5322 = DIRECTION('',(1.224646799147E-16,1.,-0.));
#5323 = DIRECTION('',(0.,0.,1.));
#5324 = ORIENTED_EDGE('',*,*,#5325,.T.);
#5325 = EDGE_CURVE('',#5317,#5326,#5328,.T.);
#5326 = VERTEX_POINT('',#5327);
#5327 = CARTESIAN_POINT('',(0.5,0.6,0.33));
#5328 = LINE('',#5329,#5330);
#5329 = CARTESIAN_POINT('',(0.5,0.6,0.));
#5330 = VECTOR('',#5331,1.);
#5331 = DIRECTION('',(0.,0.,1.));
#5332 = ORIENTED_EDGE('',*,*,#5333,.T.);
#5333 = EDGE_CURVE('',#5326,#5334,#5336,.T.);
#5334 = VERTEX_POINT('',#5335);
#5335 = CARTESIAN_POINT('',(0.48,0.6,0.35));
#5336 = CIRCLE('',#5337,2.E-02);
#5337 = AXIS2_PLACEMENT_3D('',#5338,#5339,#5340);
#5338 = CARTESIAN_POINT('',(0.48,0.6,0.33));
#5339 = DIRECTION('',(-1.224646799147E-16,-1.,0.));
#5340 = DIRECTION('',(0.,0.,1.));
#5341 = ORIENTED_EDGE('',*,*,#5342,.T.);
#5342 = EDGE_CURVE('',#5334,#5343,#5345,.T.);
#5343 = VERTEX_POINT('',#5344);
#5344 = CARTESIAN_POINT('',(0.42,0.6,0.35));
#5345 = LINE('',#5346,#5347);
#5346 = CARTESIAN_POINT('',(0.5,0.6,0.35));
#5347 = VECTOR('',#5348,1.);
#5348 = DIRECTION('',(-1.,1.224646799147E-16,0.));
#5349 = ORIENTED_EDGE('',*,*,#5350,.T.);
#5350 = EDGE_CURVE('',#5343,#5351,#5353,.T.);
#5351 = VERTEX_POINT('',#5352);
#5352 = CARTESIAN_POINT('',(0.4,0.6,0.33));
#5353 = CIRCLE('',#5354,2.E-02);
#5354 = AXIS2_PLACEMENT_3D('',#5355,#5356,#5357);
#5355 = CARTESIAN_POINT('',(0.42,0.6,0.33));
#5356 = DIRECTION('',(-1.224646799147E-16,-1.,0.));
#5357 = DIRECTION('',(-0.,0.,-1.));
#5358 = ORIENTED_EDGE('',*,*,#5359,.F.);
#5359 = EDGE_CURVE('',#2979,#5351,#5360,.T.);
#5360 = LINE('',#5361,#5362);
#5361 = CARTESIAN_POINT('',(0.4,0.6,0.175));
#5362 = VECTOR('',#5363,1.);
#5363 = DIRECTION('',(0.,0.,1.));
#5364 = ORIENTED_EDGE('',*,*,#2978,.F.);
#5365 = ORIENTED_EDGE('',*,*,#3033,.F.);
#5366 = ORIENTED_EDGE('',*,*,#5367,.F.);
#5367 = EDGE_CURVE('',#5309,#3034,#5368,.T.);
#5368 = CIRCLE('',#5369,2.E-02);
#5369 = AXIS2_PLACEMENT_3D('',#5370,#5371,#5372);
#5370 = CARTESIAN_POINT('',(0.42,0.6,2.E-02));
#5371 = DIRECTION('',(1.224646799147E-16,1.,0.));
#5372 = DIRECTION('',(0.,0.,-1.));
#5373 = PLANE('',#5374);
#5374 = AXIS2_PLACEMENT_3D('',#5375,#5376,#5377);
#5375 = CARTESIAN_POINT('',(0.5,0.6,0.));
#5376 = DIRECTION('',(-1.224646799147E-16,-1.,0.));
#5377 = DIRECTION('',(0.,0.,1.));
#5378 = ADVANCED_FACE('',(#5379),#5390,.T.);
#5379 = FACE_BOUND('',#5380,.T.);
#5380 = EDGE_LOOP('',(#5381,#5382,#5383,#5384));
#5381 = ORIENTED_EDGE('',*,*,#5367,.T.);
#5382 = ORIENTED_EDGE('',*,*,#3041,.T.);
#5383 = ORIENTED_EDGE('',*,*,#3115,.F.);
#5384 = ORIENTED_EDGE('',*,*,#5385,.F.);
#5385 = EDGE_CURVE('',#5309,#3116,#5386,.T.);
#5386 = LINE('',#5387,#5388);
#5387 = CARTESIAN_POINT('',(0.42,0.6,0.));
#5388 = VECTOR('',#5389,1.);
#5389 = DIRECTION('',(1.224646799147E-16,1.,0.));
#5390 = CYLINDRICAL_SURFACE('',#5391,2.E-02);
#5391 = AXIS2_PLACEMENT_3D('',#5392,#5393,#5394);
#5392 = CARTESIAN_POINT('',(0.42,0.6,2.E-02));
#5393 = DIRECTION('',(1.224646799147E-16,1.,0.));
#5394 = DIRECTION('',(0.,0.,-1.));
#5395 = ADVANCED_FACE('',(#5396),#5408,.T.);
#5396 = FACE_BOUND('',#5397,.T.);
#5397 = EDGE_LOOP('',(#5398,#5405,#5406,#5407));
#5398 = ORIENTED_EDGE('',*,*,#5399,.T.);
#5399 = EDGE_CURVE('',#5255,#3158,#5400,.T.);
#5400 = CIRCLE('',#5401,2.E-02);
#5401 = AXIS2_PLACEMENT_3D('',#5402,#5403,#5404);
#5402 = CARTESIAN_POINT('',(-0.42,1.,2.E-02));
#5403 = DIRECTION('',(0.,-1.,0.));
#5404 = DIRECTION('',(0.,0.,-1.));
#5405 = ORIENTED_EDGE('',*,*,#3165,.T.);
#5406 = ORIENTED_EDGE('',*,*,#3065,.F.);
#5407 = ORIENTED_EDGE('',*,*,#5280,.F.);
#5408 = CYLINDRICAL_SURFACE('',#5409,2.E-02);
#5409 = AXIS2_PLACEMENT_3D('',#5410,#5411,#5412);
#5410 = CARTESIAN_POINT('',(-0.42,1.,2.E-02));
#5411 = DIRECTION('',(0.,-1.,0.));
#5412 = DIRECTION('',(-0.,-0.,-1.));
#5413 = ADVANCED_FACE('',(#5414),#5425,.T.);
#5414 = FACE_BOUND('',#5415,.T.);
#5415 = EDGE_LOOP('',(#5416,#5422,#5423,#5424));
#5416 = ORIENTED_EDGE('',*,*,#5417,.T.);
#5417 = EDGE_CURVE('',#3253,#3133,#5418,.T.);
#5418 = LINE('',#5419,#5420);
#5419 = CARTESIAN_POINT('',(0.27,0.92,0.));
#5420 = VECTOR('',#5421,1.);
#5421 = DIRECTION('',(-1.224646799147E-16,-1.,0.));
#5422 = ORIENTED_EDGE('',*,*,#3140,.T.);
#5423 = ORIENTED_EDGE('',*,*,#3189,.F.);
#5424 = ORIENTED_EDGE('',*,*,#3252,.F.);
#5425 = CYLINDRICAL_SURFACE('',#5426,2.E-02);
#5426 = AXIS2_PLACEMENT_3D('',#5427,#5428,#5429);
#5427 = CARTESIAN_POINT('',(0.27,0.92,2.E-02));
#5428 = DIRECTION('',(-1.224646799147E-16,-1.,0.));
#5429 = DIRECTION('',(-0.,0.,-1.));
#5430 = ADVANCED_FACE('',(#5431),#5462,.F.);
#5431 = FACE_BOUND('',#5432,.F.);
#5432 = EDGE_LOOP('',(#5433,#5434,#5442,#5450,#5456,#5457,#5458,#5459,
    #5460,#5461));
#5433 = ORIENTED_EDGE('',*,*,#5306,.F.);
#5434 = ORIENTED_EDGE('',*,*,#5435,.F.);
#5435 = EDGE_CURVE('',#5436,#5307,#5438,.T.);
#5436 = VERTEX_POINT('',#5437);
#5437 = CARTESIAN_POINT('',(0.48,1.,0.));
#5438 = LINE('',#5439,#5440);
#5439 = CARTESIAN_POINT('',(0.48,1.,0.));
#5440 = VECTOR('',#5441,1.);
#5441 = DIRECTION('',(-1.224646799147E-16,-1.,0.));
#5442 = ORIENTED_EDGE('',*,*,#5443,.T.);
#5443 = EDGE_CURVE('',#5436,#5444,#5446,.T.);
#5444 = VERTEX_POINT('',#5445);
#5445 = CARTESIAN_POINT('',(0.42,1.,0.));
#5446 = LINE('',#5447,#5448);
#5447 = CARTESIAN_POINT('',(0.5,1.,0.));
#5448 = VECTOR('',#5449,1.);
#5449 = DIRECTION('',(-1.,1.224646799147E-16,0.));
#5450 = ORIENTED_EDGE('',*,*,#5451,.F.);
#5451 = EDGE_CURVE('',#3270,#5444,#5452,.T.);
#5452 = LINE('',#5453,#5454);
#5453 = CARTESIAN_POINT('',(0.42,0.92,0.));
#5454 = VECTOR('',#5455,1.);
#5455 = DIRECTION('',(1.224646799147E-16,1.,0.));
#5456 = ORIENTED_EDGE('',*,*,#3269,.F.);
#5457 = ORIENTED_EDGE('',*,*,#3261,.F.);
#5458 = ORIENTED_EDGE('',*,*,#5417,.T.);
#5459 = ORIENTED_EDGE('',*,*,#3132,.F.);
#5460 = ORIENTED_EDGE('',*,*,#3124,.T.);
#5461 = ORIENTED_EDGE('',*,*,#5385,.F.);
#5462 = PLANE('',#5463);
#5463 = AXIS2_PLACEMENT_3D('',#5464,#5465,#5466);
#5464 = CARTESIAN_POINT('',(0.5,1.,0.));
#5465 = DIRECTION('',(0.,0.,1.));
#5466 = DIRECTION('',(-1.,1.224646799147E-16,0.));
#5467 = ADVANCED_FACE('',(#5468),#5523,.T.);
#5468 = FACE_BOUND('',#5469,.T.);
#5469 = EDGE_LOOP('',(#5470,#5471,#5480,#5488,#5497,#5505,#5514,#5520,
    #5521,#5522));
#5470 = ORIENTED_EDGE('',*,*,#5252,.F.);
#5471 = ORIENTED_EDGE('',*,*,#5472,.F.);
#5472 = EDGE_CURVE('',#5473,#5253,#5475,.T.);
#5473 = VERTEX_POINT('',#5474);
#5474 = CARTESIAN_POINT('',(-0.5,1.,2.E-02));
#5475 = CIRCLE('',#5476,2.E-02);
#5476 = AXIS2_PLACEMENT_3D('',#5477,#5478,#5479);
#5477 = CARTESIAN_POINT('',(-0.48,1.,2.E-02));
#5478 = DIRECTION('',(0.,-1.,0.));
#5479 = DIRECTION('',(0.,0.,1.));
#5480 = ORIENTED_EDGE('',*,*,#5481,.T.);
#5481 = EDGE_CURVE('',#5473,#5482,#5484,.T.);
#5482 = VERTEX_POINT('',#5483);
#5483 = CARTESIAN_POINT('',(-0.5,1.,0.33));
#5484 = LINE('',#5485,#5486);
#5485 = CARTESIAN_POINT('',(-0.5,1.,0.));
#5486 = VECTOR('',#5487,1.);
#5487 = DIRECTION('',(0.,0.,1.));
#5488 = ORIENTED_EDGE('',*,*,#5489,.T.);
#5489 = EDGE_CURVE('',#5482,#5490,#5492,.T.);
#5490 = VERTEX_POINT('',#5491);
#5491 = CARTESIAN_POINT('',(-0.48,1.,0.35));
#5492 = CIRCLE('',#5493,2.E-02);
#5493 = AXIS2_PLACEMENT_3D('',#5494,#5495,#5496);
#5494 = CARTESIAN_POINT('',(-0.48,1.,0.33));
#5495 = DIRECTION('',(0.,1.,0.));
#5496 = DIRECTION('',(0.,-0.,1.));
#5497 = ORIENTED_EDGE('',*,*,#5498,.T.);
#5498 = EDGE_CURVE('',#5490,#5499,#5501,.T.);
#5499 = VERTEX_POINT('',#5500);
#5500 = CARTESIAN_POINT('',(-0.42,1.,0.35));
#5501 = LINE('',#5502,#5503);
#5502 = CARTESIAN_POINT('',(-0.5,1.,0.35));
#5503 = VECTOR('',#5504,1.);
#5504 = DIRECTION('',(1.,0.,0.));
#5505 = ORIENTED_EDGE('',*,*,#5506,.T.);
#5506 = EDGE_CURVE('',#5499,#5507,#5509,.T.);
#5507 = VERTEX_POINT('',#5508);
#5508 = CARTESIAN_POINT('',(-0.4,1.,0.33));
#5509 = CIRCLE('',#5510,2.E-02);
#5510 = AXIS2_PLACEMENT_3D('',#5511,#5512,#5513);
#5511 = CARTESIAN_POINT('',(-0.42,1.,0.33));
#5512 = DIRECTION('',(0.,1.,0.));
#5513 = DIRECTION('',(0.,0.,-1.));
#5514 = ORIENTED_EDGE('',*,*,#5515,.F.);
#5515 = EDGE_CURVE('',#3205,#5507,#5516,.T.);
#5516 = LINE('',#5517,#5518);
#5517 = CARTESIAN_POINT('',(-0.4,1.,0.175));
#5518 = VECTOR('',#5519,1.);
#5519 = DIRECTION('',(0.,0.,1.));
#5520 = ORIENTED_EDGE('',*,*,#3204,.F.);
#5521 = ORIENTED_EDGE('',*,*,#3157,.F.);
#5522 = ORIENTED_EDGE('',*,*,#5399,.F.);
#5523 = PLANE('',#5524);
#5524 = AXIS2_PLACEMENT_3D('',#5525,#5526,#5527);
#5525 = CARTESIAN_POINT('',(-0.5,1.,0.));
#5526 = DIRECTION('',(0.,1.,0.));
#5527 = DIRECTION('',(0.,-0.,1.));
#5528 = ADVANCED_FACE('',(#5529),#5590,.F.);
#5529 = FACE_BOUND('',#5530,.F.);
#5530 = EDGE_LOOP('',(#5531,#5532,#5541,#5549,#5558,#5566,#5575,#5581,
    #5582,#5583));
#5531 = ORIENTED_EDGE('',*,*,#5443,.F.);
#5532 = ORIENTED_EDGE('',*,*,#5533,.F.);
#5533 = EDGE_CURVE('',#5534,#5436,#5536,.T.);
#5534 = VERTEX_POINT('',#5535);
#5535 = CARTESIAN_POINT('',(0.5,1.,2.E-02));
#5536 = CIRCLE('',#5537,2.E-02);
#5537 = AXIS2_PLACEMENT_3D('',#5538,#5539,#5540);
#5538 = CARTESIAN_POINT('',(0.48,1.,2.E-02));
#5539 = DIRECTION('',(1.224646799147E-16,1.,-0.));
#5540 = DIRECTION('',(0.,0.,1.));
#5541 = ORIENTED_EDGE('',*,*,#5542,.T.);
#5542 = EDGE_CURVE('',#5534,#5543,#5545,.T.);
#5543 = VERTEX_POINT('',#5544);
#5544 = CARTESIAN_POINT('',(0.5,1.,0.33));
#5545 = LINE('',#5546,#5547);
#5546 = CARTESIAN_POINT('',(0.5,1.,0.));
#5547 = VECTOR('',#5548,1.);
#5548 = DIRECTION('',(0.,0.,1.));
#5549 = ORIENTED_EDGE('',*,*,#5550,.T.);
#5550 = EDGE_CURVE('',#5543,#5551,#5553,.T.);
#5551 = VERTEX_POINT('',#5552);
#5552 = CARTESIAN_POINT('',(0.48,1.,0.35));
#5553 = CIRCLE('',#5554,2.E-02);
#5554 = AXIS2_PLACEMENT_3D('',#5555,#5556,#5557);
#5555 = CARTESIAN_POINT('',(0.48,1.,0.33));
#5556 = DIRECTION('',(-1.224646799147E-16,-1.,0.));
#5557 = DIRECTION('',(0.,0.,1.));
#5558 = ORIENTED_EDGE('',*,*,#5559,.T.);
#5559 = EDGE_CURVE('',#5551,#5560,#5562,.T.);
#5560 = VERTEX_POINT('',#5561);
#5561 = CARTESIAN_POINT('',(0.42,1.,0.35));
#5562 = LINE('',#5563,#5564);
#5563 = CARTESIAN_POINT('',(0.5,1.,0.35));
#5564 = VECTOR('',#5565,1.);
#5565 = DIRECTION('',(-1.,1.224646799147E-16,0.));
#5566 = ORIENTED_EDGE('',*,*,#5567,.T.);
#5567 = EDGE_CURVE('',#5560,#5568,#5570,.T.);
#5568 = VERTEX_POINT('',#5569);
#5569 = CARTESIAN_POINT('',(0.4,1.,0.33));
#5570 = CIRCLE('',#5571,2.E-02);
#5571 = AXIS2_PLACEMENT_3D('',#5572,#5573,#5574);
#5572 = CARTESIAN_POINT('',(0.42,1.,0.33));
#5573 = DIRECTION('',(-1.224646799147E-16,-1.,0.));
#5574 = DIRECTION('',(-0.,0.,-1.));
#5575 = ORIENTED_EDGE('',*,*,#5576,.F.);
#5576 = EDGE_CURVE('',#3229,#5568,#5577,.T.);
#5577 = LINE('',#5578,#5579);
#5578 = CARTESIAN_POINT('',(0.4,1.,0.175));
#5579 = VECTOR('',#5580,1.);
#5580 = DIRECTION('',(0.,0.,1.));
#5581 = ORIENTED_EDGE('',*,*,#3236,.F.);
#5582 = ORIENTED_EDGE('',*,*,#3308,.F.);
#5583 = ORIENTED_EDGE('',*,*,#5584,.F.);
#5584 = EDGE_CURVE('',#5444,#3301,#5585,.T.);
#5585 = CIRCLE('',#5586,2.E-02);
#5586 = AXIS2_PLACEMENT_3D('',#5587,#5588,#5589);
#5587 = CARTESIAN_POINT('',(0.42,1.,2.E-02));
#5588 = DIRECTION('',(1.224646799147E-16,1.,0.));
#5589 = DIRECTION('',(0.,0.,-1.));
#5590 = PLANE('',#5591);
#5591 = AXIS2_PLACEMENT_3D('',#5592,#5593,#5594);
#5592 = CARTESIAN_POINT('',(0.5,1.,0.));
#5593 = DIRECTION('',(-1.224646799147E-16,-1.,0.));
#5594 = DIRECTION('',(0.,0.,1.));
#5595 = ADVANCED_FACE('',(#5596),#5614,.T.);
#5596 = FACE_BOUND('',#5597,.T.);
#5597 = EDGE_LOOP('',(#5598,#5606,#5607,#5608));
#5598 = ORIENTED_EDGE('',*,*,#5599,.T.);
#5599 = EDGE_CURVE('',#5600,#3686,#5602,.T.);
#5600 = VERTEX_POINT('',#5601);
#5601 = CARTESIAN_POINT('',(-0.4,0.92,0.3));
#5602 = LINE('',#5603,#5604);
#5603 = CARTESIAN_POINT('',(-0.425,0.92,0.3));
#5604 = VECTOR('',#5605,1.);
#5605 = DIRECTION('',(1.,0.,0.));
#5606 = ORIENTED_EDGE('',*,*,#3693,.T.);
#5607 = ORIENTED_EDGE('',*,*,#3212,.F.);
#5608 = ORIENTED_EDGE('',*,*,#5609,.T.);
#5609 = EDGE_CURVE('',#3205,#5600,#5610,.T.);
#5610 = LINE('',#5611,#5612);
#5611 = CARTESIAN_POINT('',(-0.4,4.E-02,0.3));
#5612 = VECTOR('',#5613,1.);
#5613 = DIRECTION('',(0.,-1.,0.));
#5614 = PLANE('',#5615);
#5615 = AXIS2_PLACEMENT_3D('',#5616,#5617,#5618);
#5616 = CARTESIAN_POINT('',(-0.45,-1.,0.3));
#5617 = DIRECTION('',(0.,0.,1.));
#5618 = DIRECTION('',(1.,0.,-0.));
#5619 = ADVANCED_FACE('',(#5620),#5638,.T.);
#5620 = FACE_BOUND('',#5621,.T.);
#5621 = EDGE_LOOP('',(#5622,#5623,#5624,#5632));
#5622 = ORIENTED_EDGE('',*,*,#3228,.F.);
#5623 = ORIENTED_EDGE('',*,*,#3861,.F.);
#5624 = ORIENTED_EDGE('',*,*,#5625,.T.);
#5625 = EDGE_CURVE('',#3854,#5626,#5628,.T.);
#5626 = VERTEX_POINT('',#5627);
#5627 = CARTESIAN_POINT('',(0.4,0.92,0.3));
#5628 = LINE('',#5629,#5630);
#5629 = CARTESIAN_POINT('',(-0.175,0.92,0.3));
#5630 = VECTOR('',#5631,1.);
#5631 = DIRECTION('',(1.,-1.224646799147E-16,0.));
#5632 = ORIENTED_EDGE('',*,*,#5633,.T.);
#5633 = EDGE_CURVE('',#5626,#3229,#5634,.T.);
#5634 = LINE('',#5635,#5636);
#5635 = CARTESIAN_POINT('',(0.4,-4.E-02,0.3));
#5636 = VECTOR('',#5637,1.);
#5637 = DIRECTION('',(1.224646799147E-16,1.,0.));
#5638 = PLANE('',#5639);
#5639 = AXIS2_PLACEMENT_3D('',#5640,#5641,#5642);
#5640 = CARTESIAN_POINT('',(-0.45,-1.,0.3));
#5641 = DIRECTION('',(0.,0.,1.));
#5642 = DIRECTION('',(1.,0.,-0.));
#5643 = ADVANCED_FACE('',(#5644),#5650,.T.);
#5644 = FACE_BOUND('',#5645,.T.);
#5645 = EDGE_LOOP('',(#5646,#5647,#5648,#5649));
#5646 = ORIENTED_EDGE('',*,*,#3220,.F.);
#5647 = ORIENTED_EDGE('',*,*,#3699,.T.);
#5648 = ORIENTED_EDGE('',*,*,#3905,.T.);
#5649 = ORIENTED_EDGE('',*,*,#3867,.F.);
#5650 = PLANE('',#5651);
#5651 = AXIS2_PLACEMENT_3D('',#5652,#5653,#5654);
#5652 = CARTESIAN_POINT('',(-0.25,1.,0.3));
#5653 = DIRECTION('',(0.,1.,0.));
#5654 = DIRECTION('',(0.,-0.,1.));
#5655 = ADVANCED_FACE('',(#5656),#5662,.T.);
#5656 = FACE_BOUND('',#5657,.T.);
#5657 = EDGE_LOOP('',(#5658,#5659,#5660,#5661));
#5658 = ORIENTED_EDGE('',*,*,#3277,.T.);
#5659 = ORIENTED_EDGE('',*,*,#3300,.T.);
#5660 = ORIENTED_EDGE('',*,*,#5584,.F.);
#5661 = ORIENTED_EDGE('',*,*,#5451,.F.);
#5662 = CYLINDRICAL_SURFACE('',#5663,2.E-02);
#5663 = AXIS2_PLACEMENT_3D('',#5664,#5665,#5666);
#5664 = CARTESIAN_POINT('',(0.42,0.92,2.E-02));
#5665 = DIRECTION('',(1.224646799147E-16,1.,0.));
#5666 = DIRECTION('',(0.,0.,-1.));
#5667 = ADVANCED_FACE('',(#5668),#5687,.T.);
#5668 = FACE_BOUND('',#5669,.T.);
#5669 = EDGE_LOOP('',(#5670,#5671,#5672,#5680));
#5670 = ORIENTED_EDGE('',*,*,#3467,.T.);
#5671 = ORIENTED_EDGE('',*,*,#3979,.T.);
#5672 = ORIENTED_EDGE('',*,*,#5673,.F.);
#5673 = EDGE_CURVE('',#5674,#3980,#5676,.T.);
#5674 = VERTEX_POINT('',#5675);
#5675 = CARTESIAN_POINT('',(0.4,-0.68,0.33));
#5676 = LINE('',#5677,#5678);
#5677 = CARTESIAN_POINT('',(0.4,-0.68,0.33));
#5678 = VECTOR('',#5679,1.);
#5679 = DIRECTION('',(1.224646799147E-16,1.,0.));
#5680 = ORIENTED_EDGE('',*,*,#5681,.F.);
#5681 = EDGE_CURVE('',#3468,#5674,#5682,.T.);
#5682 = CIRCLE('',#5683,2.E-02);
#5683 = AXIS2_PLACEMENT_3D('',#5684,#5685,#5686);
#5684 = CARTESIAN_POINT('',(0.42,-0.68,0.33));
#5685 = DIRECTION('',(-1.224646799147E-16,-1.,0.));
#5686 = DIRECTION('',(-0.,0.,-1.));
#5687 = CYLINDRICAL_SURFACE('',#5688,2.E-02);
#5688 = AXIS2_PLACEMENT_3D('',#5689,#5690,#5691);
#5689 = CARTESIAN_POINT('',(0.42,-0.68,0.33));
#5690 = DIRECTION('',(1.224646799147E-16,1.,0.));
#5691 = DIRECTION('',(0.,-0.,1.));
#5692 = ADVANCED_FACE('',(#5693),#5713,.F.);
#5693 = FACE_BOUND('',#5694,.F.);
#5694 = EDGE_LOOP('',(#5695,#5696,#5703,#5704,#5705,#5711,#5712));
#5695 = ORIENTED_EDGE('',*,*,#3483,.F.);
#5696 = ORIENTED_EDGE('',*,*,#5697,.T.);
#5697 = EDGE_CURVE('',#3484,#3732,#5698,.T.);
#5698 = CIRCLE('',#5699,2.E-02);
#5699 = AXIS2_PLACEMENT_3D('',#5700,#5701,#5702);
#5700 = CARTESIAN_POINT('',(0.27,-0.68,0.33));
#5701 = DIRECTION('',(-1.224646799147E-16,-1.,0.));
#5702 = DIRECTION('',(0.,0.,1.));
#5703 = ORIENTED_EDGE('',*,*,#3739,.F.);
#5704 = ORIENTED_EDGE('',*,*,#4082,.T.);
#5705 = ORIENTED_EDGE('',*,*,#5706,.F.);
#5706 = EDGE_CURVE('',#5674,#4083,#5707,.T.);
#5707 = LINE('',#5708,#5709);
#5708 = CARTESIAN_POINT('',(0.4,-0.68,0.35));
#5709 = VECTOR('',#5710,1.);
#5710 = DIRECTION('',(0.,0.,-1.));
#5711 = ORIENTED_EDGE('',*,*,#5681,.F.);
#5712 = ORIENTED_EDGE('',*,*,#3475,.F.);
#5713 = PLANE('',#5714);
#5714 = AXIS2_PLACEMENT_3D('',#5715,#5716,#5717);
#5715 = CARTESIAN_POINT('',(0.1,-0.68,0.35));
#5716 = DIRECTION('',(-1.224646799147E-16,-1.,0.));
#5717 = DIRECTION('',(1.,-1.224646799147E-16,0.));
#5718 = ADVANCED_FACE('',(#5719),#5725,.T.);
#5719 = FACE_BOUND('',#5720,.T.);
#5720 = EDGE_LOOP('',(#5721,#5722,#5723,#5724));
#5721 = ORIENTED_EDGE('',*,*,#5697,.T.);
#5722 = ORIENTED_EDGE('',*,*,#3731,.T.);
#5723 = ORIENTED_EDGE('',*,*,#3881,.F.);
#5724 = ORIENTED_EDGE('',*,*,#3491,.F.);
#5725 = CYLINDRICAL_SURFACE('',#5726,2.E-02);
#5726 = AXIS2_PLACEMENT_3D('',#5727,#5728,#5729);
#5727 = CARTESIAN_POINT('',(0.27,-0.68,0.33));
#5728 = DIRECTION('',(-1.224646799147E-16,-1.,0.));
#5729 = DIRECTION('',(0.,0.,1.));
#5730 = ADVANCED_FACE('',(#5731),#5775,.F.);
#5731 = FACE_BOUND('',#5732,.F.);
#5732 = EDGE_LOOP('',(#5733,#5742,#5750,#5758,#5767,#5773,#5774));
#5733 = ORIENTED_EDGE('',*,*,#5734,.F.);
#5734 = EDGE_CURVE('',#5735,#3678,#5737,.T.);
#5735 = VERTEX_POINT('',#5736);
#5736 = CARTESIAN_POINT('',(-0.27,0.92,0.35));
#5737 = CIRCLE('',#5738,2.E-02);
#5738 = AXIS2_PLACEMENT_3D('',#5739,#5740,#5741);
#5739 = CARTESIAN_POINT('',(-0.27,0.92,0.33));
#5740 = DIRECTION('',(0.,1.,0.));
#5741 = DIRECTION('',(0.,-0.,1.));
#5742 = ORIENTED_EDGE('',*,*,#5743,.F.);
#5743 = EDGE_CURVE('',#5744,#5735,#5746,.T.);
#5744 = VERTEX_POINT('',#5745);
#5745 = CARTESIAN_POINT('',(-0.4,0.92,0.35));
#5746 = LINE('',#5747,#5748);
#5747 = CARTESIAN_POINT('',(-0.4,0.92,0.35));
#5748 = VECTOR('',#5749,1.);
#5749 = DIRECTION('',(1.,0.,0.));
#5750 = ORIENTED_EDGE('',*,*,#5751,.T.);
#5751 = EDGE_CURVE('',#5744,#5752,#5754,.T.);
#5752 = VERTEX_POINT('',#5753);
#5753 = CARTESIAN_POINT('',(-0.42,0.92,0.35));
#5754 = LINE('',#5755,#5756);
#5755 = CARTESIAN_POINT('',(-0.45,0.92,0.35));
#5756 = VECTOR('',#5757,1.);
#5757 = DIRECTION('',(-1.,0.,0.));
#5758 = ORIENTED_EDGE('',*,*,#5759,.T.);
#5759 = EDGE_CURVE('',#5752,#5760,#5762,.T.);
#5760 = VERTEX_POINT('',#5761);
#5761 = CARTESIAN_POINT('',(-0.4,0.92,0.33));
#5762 = CIRCLE('',#5763,2.E-02);
#5763 = AXIS2_PLACEMENT_3D('',#5764,#5765,#5766);
#5764 = CARTESIAN_POINT('',(-0.42,0.92,0.33));
#5765 = DIRECTION('',(0.,1.,0.));
#5766 = DIRECTION('',(0.,0.,-1.));
#5767 = ORIENTED_EDGE('',*,*,#5768,.T.);
#5768 = EDGE_CURVE('',#5760,#5600,#5769,.T.);
#5769 = LINE('',#5770,#5771);
#5770 = CARTESIAN_POINT('',(-0.4,0.92,0.35));
#5771 = VECTOR('',#5772,1.);
#5772 = DIRECTION('',(-0.,-0.,-1.));
#5773 = ORIENTED_EDGE('',*,*,#5599,.T.);
#5774 = ORIENTED_EDGE('',*,*,#3685,.F.);
#5775 = PLANE('',#5776);
#5776 = AXIS2_PLACEMENT_3D('',#5777,#5778,#5779);
#5777 = CARTESIAN_POINT('',(-0.4,0.92,0.35));
#5778 = DIRECTION('',(0.,-1.,0.));
#5779 = DIRECTION('',(1.,0.,0.));
#5780 = ADVANCED_FACE('',(#5781),#5800,.T.);
#5781 = FACE_BOUND('',#5782,.T.);
#5782 = EDGE_LOOP('',(#5783,#5792,#5793,#5794));
#5783 = ORIENTED_EDGE('',*,*,#5784,.T.);
#5784 = EDGE_CURVE('',#5785,#3670,#5787,.T.);
#5785 = VERTEX_POINT('',#5786);
#5786 = CARTESIAN_POINT('',(-0.27,0.68,0.35));
#5787 = CIRCLE('',#5788,2.E-02);
#5788 = AXIS2_PLACEMENT_3D('',#5789,#5790,#5791);
#5789 = CARTESIAN_POINT('',(-0.27,0.68,0.33));
#5790 = DIRECTION('',(0.,1.,0.));
#5791 = DIRECTION('',(0.,-0.,1.));
#5792 = ORIENTED_EDGE('',*,*,#3677,.T.);
#5793 = ORIENTED_EDGE('',*,*,#5734,.F.);
#5794 = ORIENTED_EDGE('',*,*,#5795,.F.);
#5795 = EDGE_CURVE('',#5785,#5735,#5796,.T.);
#5796 = LINE('',#5797,#5798);
#5797 = CARTESIAN_POINT('',(-0.27,0.68,0.35));
#5798 = VECTOR('',#5799,1.);
#5799 = DIRECTION('',(0.,1.,0.));
#5800 = CYLINDRICAL_SURFACE('',#5801,2.E-02);
#5801 = AXIS2_PLACEMENT_3D('',#5802,#5803,#5804);
#5802 = CARTESIAN_POINT('',(-0.27,0.68,0.33));
#5803 = DIRECTION('',(0.,1.,0.));
#5804 = DIRECTION('',(0.,-0.,1.));
#5805 = ADVANCED_FACE('',(#5806),#5842,.F.);
#5806 = FACE_BOUND('',#5807,.F.);
#5807 = EDGE_LOOP('',(#5808,#5816,#5817,#5818,#5819,#5827,#5836));
#5808 = ORIENTED_EDGE('',*,*,#5809,.F.);
#5809 = EDGE_CURVE('',#5785,#5810,#5812,.T.);
#5810 = VERTEX_POINT('',#5811);
#5811 = CARTESIAN_POINT('',(-0.4,0.68,0.35));
#5812 = LINE('',#5813,#5814);
#5813 = CARTESIAN_POINT('',(-0.1,0.68,0.35));
#5814 = VECTOR('',#5815,1.);
#5815 = DIRECTION('',(-1.,0.,0.));
#5816 = ORIENTED_EDGE('',*,*,#5784,.T.);
#5817 = ORIENTED_EDGE('',*,*,#3669,.F.);
#5818 = ORIENTED_EDGE('',*,*,#5025,.T.);
#5819 = ORIENTED_EDGE('',*,*,#5820,.F.);
#5820 = EDGE_CURVE('',#5821,#5026,#5823,.T.);
#5821 = VERTEX_POINT('',#5822);
#5822 = CARTESIAN_POINT('',(-0.4,0.68,0.33));
#5823 = LINE('',#5824,#5825);
#5824 = CARTESIAN_POINT('',(-0.4,0.68,0.35));
#5825 = VECTOR('',#5826,1.);
#5826 = DIRECTION('',(-0.,-0.,-1.));
#5827 = ORIENTED_EDGE('',*,*,#5828,.F.);
#5828 = EDGE_CURVE('',#5829,#5821,#5831,.T.);
#5829 = VERTEX_POINT('',#5830);
#5830 = CARTESIAN_POINT('',(-0.42,0.68,0.35));
#5831 = CIRCLE('',#5832,2.E-02);
#5832 = AXIS2_PLACEMENT_3D('',#5833,#5834,#5835);
#5833 = CARTESIAN_POINT('',(-0.42,0.68,0.33));
#5834 = DIRECTION('',(0.,1.,0.));
#5835 = DIRECTION('',(0.,0.,-1.));
#5836 = ORIENTED_EDGE('',*,*,#5837,.F.);
#5837 = EDGE_CURVE('',#5810,#5829,#5838,.T.);
#5838 = LINE('',#5839,#5840);
#5839 = CARTESIAN_POINT('',(-0.3,0.68,0.35));
#5840 = VECTOR('',#5841,1.);
#5841 = DIRECTION('',(-1.,0.,0.));
#5842 = PLANE('',#5843);
#5843 = AXIS2_PLACEMENT_3D('',#5844,#5845,#5846);
#5844 = CARTESIAN_POINT('',(-0.1,0.68,0.35));
#5845 = DIRECTION('',(0.,1.,0.));
#5846 = DIRECTION('',(-1.,0.,0.));
#5847 = ADVANCED_FACE('',(#5848),#5892,.F.);
#5848 = FACE_BOUND('',#5849,.F.);
#5849 = EDGE_LOOP('',(#5850,#5859,#5867,#5875,#5884,#5890,#5891));
#5850 = ORIENTED_EDGE('',*,*,#5851,.F.);
#5851 = EDGE_CURVE('',#5852,#3640,#5854,.T.);
#5852 = VERTEX_POINT('',#5853);
#5853 = CARTESIAN_POINT('',(-0.27,0.34,0.35));
#5854 = CIRCLE('',#5855,2.E-02);
#5855 = AXIS2_PLACEMENT_3D('',#5856,#5857,#5858);
#5856 = CARTESIAN_POINT('',(-0.27,0.34,0.33));
#5857 = DIRECTION('',(0.,1.,0.));
#5858 = DIRECTION('',(0.,-0.,1.));
#5859 = ORIENTED_EDGE('',*,*,#5860,.F.);
#5860 = EDGE_CURVE('',#5861,#5852,#5863,.T.);
#5861 = VERTEX_POINT('',#5862);
#5862 = CARTESIAN_POINT('',(-0.4,0.34,0.35));
#5863 = LINE('',#5864,#5865);
#5864 = CARTESIAN_POINT('',(-0.4,0.34,0.35));
#5865 = VECTOR('',#5866,1.);
#5866 = DIRECTION('',(1.,0.,0.));
#5867 = ORIENTED_EDGE('',*,*,#5868,.T.);
#5868 = EDGE_CURVE('',#5861,#5869,#5871,.T.);
#5869 = VERTEX_POINT('',#5870);
#5870 = CARTESIAN_POINT('',(-0.42,0.34,0.35));
#5871 = LINE('',#5872,#5873);
#5872 = CARTESIAN_POINT('',(-0.45,0.34,0.35));
#5873 = VECTOR('',#5874,1.);
#5874 = DIRECTION('',(-1.,0.,0.));
#5875 = ORIENTED_EDGE('',*,*,#5876,.T.);
#5876 = EDGE_CURVE('',#5869,#5877,#5879,.T.);
#5877 = VERTEX_POINT('',#5878);
#5878 = CARTESIAN_POINT('',(-0.4,0.34,0.33));
#5879 = CIRCLE('',#5880,2.E-02);
#5880 = AXIS2_PLACEMENT_3D('',#5881,#5882,#5883);
#5881 = CARTESIAN_POINT('',(-0.42,0.34,0.33));
#5882 = DIRECTION('',(0.,1.,0.));
#5883 = DIRECTION('',(0.,0.,-1.));
#5884 = ORIENTED_EDGE('',*,*,#5885,.T.);
#5885 = EDGE_CURVE('',#5877,#4981,#5886,.T.);
#5886 = LINE('',#5887,#5888);
#5887 = CARTESIAN_POINT('',(-0.4,0.34,0.35));
#5888 = VECTOR('',#5889,1.);
#5889 = DIRECTION('',(-0.,-0.,-1.));
#5890 = ORIENTED_EDGE('',*,*,#4980,.T.);
#5891 = ORIENTED_EDGE('',*,*,#3647,.F.);
#5892 = PLANE('',#5893);
#5893 = AXIS2_PLACEMENT_3D('',#5894,#5895,#5896);
#5894 = CARTESIAN_POINT('',(-0.4,0.34,0.35));
#5895 = DIRECTION('',(0.,-1.,0.));
#5896 = DIRECTION('',(1.,0.,0.));
#5897 = ADVANCED_FACE('',(#5898),#5917,.T.);
#5898 = FACE_BOUND('',#5899,.T.);
#5899 = EDGE_LOOP('',(#5900,#5909,#5910,#5911));
#5900 = ORIENTED_EDGE('',*,*,#5901,.T.);
#5901 = EDGE_CURVE('',#5902,#3632,#5904,.T.);
#5902 = VERTEX_POINT('',#5903);
#5903 = CARTESIAN_POINT('',(-0.27,0.16,0.35));
#5904 = CIRCLE('',#5905,2.E-02);
#5905 = AXIS2_PLACEMENT_3D('',#5906,#5907,#5908);
#5906 = CARTESIAN_POINT('',(-0.27,0.16,0.33));
#5907 = DIRECTION('',(0.,1.,0.));
#5908 = DIRECTION('',(0.,-0.,1.));
#5909 = ORIENTED_EDGE('',*,*,#3639,.T.);
#5910 = ORIENTED_EDGE('',*,*,#5851,.F.);
#5911 = ORIENTED_EDGE('',*,*,#5912,.F.);
#5912 = EDGE_CURVE('',#5902,#5852,#5913,.T.);
#5913 = LINE('',#5914,#5915);
#5914 = CARTESIAN_POINT('',(-0.27,0.16,0.35));
#5915 = VECTOR('',#5916,1.);
#5916 = DIRECTION('',(0.,1.,0.));
#5917 = CYLINDRICAL_SURFACE('',#5918,2.E-02);
#5918 = AXIS2_PLACEMENT_3D('',#5919,#5920,#5921);
#5919 = CARTESIAN_POINT('',(-0.27,0.16,0.33));
#5920 = DIRECTION('',(0.,1.,0.));
#5921 = DIRECTION('',(0.,-0.,1.));
#5922 = ADVANCED_FACE('',(#5923),#5959,.F.);
#5923 = FACE_BOUND('',#5924,.F.);
#5924 = EDGE_LOOP('',(#5925,#5933,#5934,#5935,#5936,#5944,#5953));
#5925 = ORIENTED_EDGE('',*,*,#5926,.F.);
#5926 = EDGE_CURVE('',#5902,#5927,#5929,.T.);
#5927 = VERTEX_POINT('',#5928);
#5928 = CARTESIAN_POINT('',(-0.4,0.16,0.35));
#5929 = LINE('',#5930,#5931);
#5930 = CARTESIAN_POINT('',(-0.1,0.16,0.35));
#5931 = VECTOR('',#5932,1.);
#5932 = DIRECTION('',(-1.,0.,0.));
#5933 = ORIENTED_EDGE('',*,*,#5901,.T.);
#5934 = ORIENTED_EDGE('',*,*,#3631,.F.);
#5935 = ORIENTED_EDGE('',*,*,#4473,.T.);
#5936 = ORIENTED_EDGE('',*,*,#5937,.F.);
#5937 = EDGE_CURVE('',#5938,#4474,#5940,.T.);
#5938 = VERTEX_POINT('',#5939);
#5939 = CARTESIAN_POINT('',(-0.4,0.16,0.33));
#5940 = LINE('',#5941,#5942);
#5941 = CARTESIAN_POINT('',(-0.4,0.16,0.35));
#5942 = VECTOR('',#5943,1.);
#5943 = DIRECTION('',(-0.,-0.,-1.));
#5944 = ORIENTED_EDGE('',*,*,#5945,.F.);
#5945 = EDGE_CURVE('',#5946,#5938,#5948,.T.);
#5946 = VERTEX_POINT('',#5947);
#5947 = CARTESIAN_POINT('',(-0.42,0.16,0.35));
#5948 = CIRCLE('',#5949,2.E-02);
#5949 = AXIS2_PLACEMENT_3D('',#5950,#5951,#5952);
#5950 = CARTESIAN_POINT('',(-0.42,0.16,0.33));
#5951 = DIRECTION('',(0.,1.,0.));
#5952 = DIRECTION('',(0.,0.,-1.));
#5953 = ORIENTED_EDGE('',*,*,#5954,.F.);
#5954 = EDGE_CURVE('',#5927,#5946,#5955,.T.);
#5955 = LINE('',#5956,#5957);
#5956 = CARTESIAN_POINT('',(-0.3,0.16,0.35));
#5957 = VECTOR('',#5958,1.);
#5958 = DIRECTION('',(-1.,0.,0.));
#5959 = PLANE('',#5960);
#5960 = AXIS2_PLACEMENT_3D('',#5961,#5962,#5963);
#5961 = CARTESIAN_POINT('',(-0.1,0.16,0.35));
#5962 = DIRECTION('',(0.,1.,0.));
#5963 = DIRECTION('',(-1.,0.,0.));
#5964 = ADVANCED_FACE('',(#5965),#6009,.F.);
#5965 = FACE_BOUND('',#5966,.F.);
#5966 = EDGE_LOOP('',(#5967,#5976,#5984,#5992,#6001,#6007,#6008));
#5967 = ORIENTED_EDGE('',*,*,#5968,.F.);
#5968 = EDGE_CURVE('',#5969,#3602,#5971,.T.);
#5969 = VERTEX_POINT('',#5970);
#5970 = CARTESIAN_POINT('',(-0.27,-0.16,0.35));
#5971 = CIRCLE('',#5972,2.E-02);
#5972 = AXIS2_PLACEMENT_3D('',#5973,#5974,#5975);
#5973 = CARTESIAN_POINT('',(-0.27,-0.16,0.33));
#5974 = DIRECTION('',(0.,1.,0.));
#5975 = DIRECTION('',(0.,-0.,1.));
#5976 = ORIENTED_EDGE('',*,*,#5977,.F.);
#5977 = EDGE_CURVE('',#5978,#5969,#5980,.T.);
#5978 = VERTEX_POINT('',#5979);
#5979 = CARTESIAN_POINT('',(-0.4,-0.16,0.35));
#5980 = LINE('',#5981,#5982);
#5981 = CARTESIAN_POINT('',(-0.4,-0.16,0.35));
#5982 = VECTOR('',#5983,1.);
#5983 = DIRECTION('',(1.,0.,0.));
#5984 = ORIENTED_EDGE('',*,*,#5985,.T.);
#5985 = EDGE_CURVE('',#5978,#5986,#5988,.T.);
#5986 = VERTEX_POINT('',#5987);
#5987 = CARTESIAN_POINT('',(-0.42,-0.16,0.35));
#5988 = LINE('',#5989,#5990);
#5989 = CARTESIAN_POINT('',(-0.45,-0.16,0.35));
#5990 = VECTOR('',#5991,1.);
#5991 = DIRECTION('',(-1.,0.,0.));
#5992 = ORIENTED_EDGE('',*,*,#5993,.T.);
#5993 = EDGE_CURVE('',#5986,#5994,#5996,.T.);
#5994 = VERTEX_POINT('',#5995);
#5995 = CARTESIAN_POINT('',(-0.4,-0.16,0.33));
#5996 = CIRCLE('',#5997,2.E-02);
#5997 = AXIS2_PLACEMENT_3D('',#5998,#5999,#6000);
#5998 = CARTESIAN_POINT('',(-0.42,-0.16,0.33));
#5999 = DIRECTION('',(0.,1.,0.));
#6000 = DIRECTION('',(0.,0.,-1.));
#6001 = ORIENTED_EDGE('',*,*,#6002,.T.);
#6002 = EDGE_CURVE('',#5994,#4429,#6003,.T.);
#6003 = LINE('',#6004,#6005);
#6004 = CARTESIAN_POINT('',(-0.4,-0.16,0.35));
#6005 = VECTOR('',#6006,1.);
#6006 = DIRECTION('',(-0.,-0.,-1.));
#6007 = ORIENTED_EDGE('',*,*,#4428,.T.);
#6008 = ORIENTED_EDGE('',*,*,#3609,.F.);
#6009 = PLANE('',#6010);
#6010 = AXIS2_PLACEMENT_3D('',#6011,#6012,#6013);
#6011 = CARTESIAN_POINT('',(-0.4,-0.16,0.35));
#6012 = DIRECTION('',(0.,-1.,0.));
#6013 = DIRECTION('',(1.,0.,0.));
#6014 = ADVANCED_FACE('',(#6015),#6034,.T.);
#6015 = FACE_BOUND('',#6016,.T.);
#6016 = EDGE_LOOP('',(#6017,#6026,#6027,#6028));
#6017 = ORIENTED_EDGE('',*,*,#6018,.T.);
#6018 = EDGE_CURVE('',#6019,#3594,#6021,.T.);
#6019 = VERTEX_POINT('',#6020);
#6020 = CARTESIAN_POINT('',(-0.27,-0.34,0.35));
#6021 = CIRCLE('',#6022,2.E-02);
#6022 = AXIS2_PLACEMENT_3D('',#6023,#6024,#6025);
#6023 = CARTESIAN_POINT('',(-0.27,-0.34,0.33));
#6024 = DIRECTION('',(0.,1.,0.));
#6025 = DIRECTION('',(0.,-0.,1.));
#6026 = ORIENTED_EDGE('',*,*,#3601,.T.);
#6027 = ORIENTED_EDGE('',*,*,#5968,.F.);
#6028 = ORIENTED_EDGE('',*,*,#6029,.F.);
#6029 = EDGE_CURVE('',#6019,#5969,#6030,.T.);
#6030 = LINE('',#6031,#6032);
#6031 = CARTESIAN_POINT('',(-0.27,-0.34,0.35));
#6032 = VECTOR('',#6033,1.);
#6033 = DIRECTION('',(0.,1.,0.));
#6034 = CYLINDRICAL_SURFACE('',#6035,2.E-02);
#6035 = AXIS2_PLACEMENT_3D('',#6036,#6037,#6038);
#6036 = CARTESIAN_POINT('',(-0.27,-0.34,0.33));
#6037 = DIRECTION('',(0.,1.,0.));
#6038 = DIRECTION('',(0.,-0.,1.));
#6039 = ADVANCED_FACE('',(#6040),#6076,.F.);
#6040 = FACE_BOUND('',#6041,.F.);
#6041 = EDGE_LOOP('',(#6042,#6050,#6051,#6052,#6053,#6061,#6070));
#6042 = ORIENTED_EDGE('',*,*,#6043,.F.);
#6043 = EDGE_CURVE('',#6019,#6044,#6046,.T.);
#6044 = VERTEX_POINT('',#6045);
#6045 = CARTESIAN_POINT('',(-0.4,-0.34,0.35));
#6046 = LINE('',#6047,#6048);
#6047 = CARTESIAN_POINT('',(-0.1,-0.34,0.35));
#6048 = VECTOR('',#6049,1.);
#6049 = DIRECTION('',(-1.,0.,0.));
#6050 = ORIENTED_EDGE('',*,*,#6018,.T.);
#6051 = ORIENTED_EDGE('',*,*,#3593,.F.);
#6052 = ORIENTED_EDGE('',*,*,#3921,.T.);
#6053 = ORIENTED_EDGE('',*,*,#6054,.F.);
#6054 = EDGE_CURVE('',#6055,#3922,#6057,.T.);
#6055 = VERTEX_POINT('',#6056);
#6056 = CARTESIAN_POINT('',(-0.4,-0.34,0.33));
#6057 = LINE('',#6058,#6059);
#6058 = CARTESIAN_POINT('',(-0.4,-0.34,0.35));
#6059 = VECTOR('',#6060,1.);
#6060 = DIRECTION('',(-0.,-0.,-1.));
#6061 = ORIENTED_EDGE('',*,*,#6062,.F.);
#6062 = EDGE_CURVE('',#6063,#6055,#6065,.T.);
#6063 = VERTEX_POINT('',#6064);
#6064 = CARTESIAN_POINT('',(-0.42,-0.34,0.35));
#6065 = CIRCLE('',#6066,2.E-02);
#6066 = AXIS2_PLACEMENT_3D('',#6067,#6068,#6069);
#6067 = CARTESIAN_POINT('',(-0.42,-0.34,0.33));
#6068 = DIRECTION('',(0.,1.,0.));
#6069 = DIRECTION('',(0.,0.,-1.));
#6070 = ORIENTED_EDGE('',*,*,#6071,.F.);
#6071 = EDGE_CURVE('',#6044,#6063,#6072,.T.);
#6072 = LINE('',#6073,#6074);
#6073 = CARTESIAN_POINT('',(-0.3,-0.34,0.35));
#6074 = VECTOR('',#6075,1.);
#6075 = DIRECTION('',(-1.,0.,0.));
#6076 = PLANE('',#6077);
#6077 = AXIS2_PLACEMENT_3D('',#6078,#6079,#6080);
#6078 = CARTESIAN_POINT('',(-0.1,-0.34,0.35));
#6079 = DIRECTION('',(0.,1.,0.));
#6080 = DIRECTION('',(-1.,0.,0.));
#6081 = ADVANCED_FACE('',(#6082),#6126,.F.);
#6082 = FACE_BOUND('',#6083,.F.);
#6083 = EDGE_LOOP('',(#6084,#6094,#6101,#6102,#6103,#6111,#6120));
#6084 = ORIENTED_EDGE('',*,*,#6085,.F.);
#6085 = EDGE_CURVE('',#6086,#6088,#6090,.T.);
#6086 = VERTEX_POINT('',#6087);
#6087 = CARTESIAN_POINT('',(0.27,0.92,0.35));
#6088 = VERTEX_POINT('',#6089);
#6089 = CARTESIAN_POINT('',(0.4,0.92,0.35));
#6090 = LINE('',#6091,#6092);
#6091 = CARTESIAN_POINT('',(0.1,0.92,0.35));
#6092 = VECTOR('',#6093,1.);
#6093 = DIRECTION('',(1.,-1.224646799147E-16,0.));
#6094 = ORIENTED_EDGE('',*,*,#6095,.T.);
#6095 = EDGE_CURVE('',#6086,#3846,#6096,.T.);
#6096 = CIRCLE('',#6097,2.E-02);
#6097 = AXIS2_PLACEMENT_3D('',#6098,#6099,#6100);
#6098 = CARTESIAN_POINT('',(0.27,0.92,0.33));
#6099 = DIRECTION('',(-1.224646799147E-16,-1.,0.));
#6100 = DIRECTION('',(0.,0.,1.));
#6101 = ORIENTED_EDGE('',*,*,#3853,.F.);
#6102 = ORIENTED_EDGE('',*,*,#5625,.T.);
#6103 = ORIENTED_EDGE('',*,*,#6104,.F.);
#6104 = EDGE_CURVE('',#6105,#5626,#6107,.T.);
#6105 = VERTEX_POINT('',#6106);
#6106 = CARTESIAN_POINT('',(0.4,0.92,0.33));
#6107 = LINE('',#6108,#6109);
#6108 = CARTESIAN_POINT('',(0.4,0.92,0.35));
#6109 = VECTOR('',#6110,1.);
#6110 = DIRECTION('',(0.,0.,-1.));
#6111 = ORIENTED_EDGE('',*,*,#6112,.F.);
#6112 = EDGE_CURVE('',#6113,#6105,#6115,.T.);
#6113 = VERTEX_POINT('',#6114);
#6114 = CARTESIAN_POINT('',(0.42,0.92,0.35));
#6115 = CIRCLE('',#6116,2.E-02);
#6116 = AXIS2_PLACEMENT_3D('',#6117,#6118,#6119);
#6117 = CARTESIAN_POINT('',(0.42,0.92,0.33));
#6118 = DIRECTION('',(-1.224646799147E-16,-1.,0.));
#6119 = DIRECTION('',(-0.,0.,-1.));
#6120 = ORIENTED_EDGE('',*,*,#6121,.F.);
#6121 = EDGE_CURVE('',#6088,#6113,#6122,.T.);
#6122 = LINE('',#6123,#6124);
#6123 = CARTESIAN_POINT('',(0.3,0.92,0.35));
#6124 = VECTOR('',#6125,1.);
#6125 = DIRECTION('',(1.,-1.224646799147E-16,0.));
#6126 = PLANE('',#6127);
#6127 = AXIS2_PLACEMENT_3D('',#6128,#6129,#6130);
#6128 = CARTESIAN_POINT('',(0.1,0.92,0.35));
#6129 = DIRECTION('',(-1.224646799147E-16,-1.,0.));
#6130 = DIRECTION('',(1.,-1.224646799147E-16,0.));
#6131 = ADVANCED_FACE('',(#6132),#6151,.T.);
#6132 = FACE_BOUND('',#6133,.T.);
#6133 = EDGE_LOOP('',(#6134,#6135,#6136,#6145));
#6134 = ORIENTED_EDGE('',*,*,#6095,.T.);
#6135 = ORIENTED_EDGE('',*,*,#3845,.T.);
#6136 = ORIENTED_EDGE('',*,*,#6137,.F.);
#6137 = EDGE_CURVE('',#6138,#3838,#6140,.T.);
#6138 = VERTEX_POINT('',#6139);
#6139 = CARTESIAN_POINT('',(0.27,0.68,0.35));
#6140 = CIRCLE('',#6141,2.E-02);
#6141 = AXIS2_PLACEMENT_3D('',#6142,#6143,#6144);
#6142 = CARTESIAN_POINT('',(0.27,0.68,0.33));
#6143 = DIRECTION('',(-1.224646799147E-16,-1.,0.));
#6144 = DIRECTION('',(0.,0.,1.));
#6145 = ORIENTED_EDGE('',*,*,#6146,.F.);
#6146 = EDGE_CURVE('',#6086,#6138,#6147,.T.);
#6147 = LINE('',#6148,#6149);
#6148 = CARTESIAN_POINT('',(0.27,0.92,0.35));
#6149 = VECTOR('',#6150,1.);
#6150 = DIRECTION('',(-1.224646799147E-16,-1.,0.));
#6151 = CYLINDRICAL_SURFACE('',#6152,2.E-02);
#6152 = AXIS2_PLACEMENT_3D('',#6153,#6154,#6155);
#6153 = CARTESIAN_POINT('',(0.27,0.92,0.33));
#6154 = DIRECTION('',(-1.224646799147E-16,-1.,0.));
#6155 = DIRECTION('',(0.,0.,1.));
#6156 = ADVANCED_FACE('',(#6157),#6193,.F.);
#6157 = FACE_BOUND('',#6158,.F.);
#6158 = EDGE_LOOP('',(#6159,#6160,#6168,#6176,#6185,#6191,#6192));
#6159 = ORIENTED_EDGE('',*,*,#6137,.F.);
#6160 = ORIENTED_EDGE('',*,*,#6161,.F.);
#6161 = EDGE_CURVE('',#6162,#6138,#6164,.T.);
#6162 = VERTEX_POINT('',#6163);
#6163 = CARTESIAN_POINT('',(0.4,0.68,0.35));
#6164 = LINE('',#6165,#6166);
#6165 = CARTESIAN_POINT('',(0.4,0.68,0.35));
#6166 = VECTOR('',#6167,1.);
#6167 = DIRECTION('',(-1.,1.224646799147E-16,0.));
#6168 = ORIENTED_EDGE('',*,*,#6169,.T.);
#6169 = EDGE_CURVE('',#6162,#6170,#6172,.T.);
#6170 = VERTEX_POINT('',#6171);
#6171 = CARTESIAN_POINT('',(0.42,0.68,0.35));
#6172 = LINE('',#6173,#6174);
#6173 = CARTESIAN_POINT('',(0.45,0.68,0.35));
#6174 = VECTOR('',#6175,1.);
#6175 = DIRECTION('',(1.,-1.224646799147E-16,0.));
#6176 = ORIENTED_EDGE('',*,*,#6177,.T.);
#6177 = EDGE_CURVE('',#6170,#6178,#6180,.T.);
#6178 = VERTEX_POINT('',#6179);
#6179 = CARTESIAN_POINT('',(0.4,0.68,0.33));
#6180 = CIRCLE('',#6181,2.E-02);
#6181 = AXIS2_PLACEMENT_3D('',#6182,#6183,#6184);
#6182 = CARTESIAN_POINT('',(0.42,0.68,0.33));
#6183 = DIRECTION('',(-1.224646799147E-16,-1.,0.));
#6184 = DIRECTION('',(-0.,0.,-1.));
#6185 = ORIENTED_EDGE('',*,*,#6186,.T.);
#6186 = EDGE_CURVE('',#6178,#5231,#6187,.T.);
#6187 = LINE('',#6188,#6189);
#6188 = CARTESIAN_POINT('',(0.4,0.68,0.35));
#6189 = VECTOR('',#6190,1.);
#6190 = DIRECTION('',(0.,0.,-1.));
#6191 = ORIENTED_EDGE('',*,*,#5238,.T.);
#6192 = ORIENTED_EDGE('',*,*,#3837,.F.);
#6193 = PLANE('',#6194);
#6194 = AXIS2_PLACEMENT_3D('',#6195,#6196,#6197);
#6195 = CARTESIAN_POINT('',(0.4,0.68,0.35));
#6196 = DIRECTION('',(1.224646799147E-16,1.,0.));
#6197 = DIRECTION('',(-1.,1.224646799147E-16,0.));
#6198 = ADVANCED_FACE('',(#6199),#6243,.F.);
#6199 = FACE_BOUND('',#6200,.F.);
#6200 = EDGE_LOOP('',(#6201,#6211,#6218,#6219,#6220,#6228,#6237));
#6201 = ORIENTED_EDGE('',*,*,#6202,.F.);
#6202 = EDGE_CURVE('',#6203,#6205,#6207,.T.);
#6203 = VERTEX_POINT('',#6204);
#6204 = CARTESIAN_POINT('',(0.27,0.34,0.35));
#6205 = VERTEX_POINT('',#6206);
#6206 = CARTESIAN_POINT('',(0.4,0.34,0.35));
#6207 = LINE('',#6208,#6209);
#6208 = CARTESIAN_POINT('',(0.1,0.34,0.35));
#6209 = VECTOR('',#6210,1.);
#6210 = DIRECTION('',(1.,-1.224646799147E-16,0.));
#6211 = ORIENTED_EDGE('',*,*,#6212,.T.);
#6212 = EDGE_CURVE('',#6203,#3808,#6213,.T.);
#6213 = CIRCLE('',#6214,2.E-02);
#6214 = AXIS2_PLACEMENT_3D('',#6215,#6216,#6217);
#6215 = CARTESIAN_POINT('',(0.27,0.34,0.33));
#6216 = DIRECTION('',(-1.224646799147E-16,-1.,0.));
#6217 = DIRECTION('',(0.,0.,1.));
#6218 = ORIENTED_EDGE('',*,*,#3815,.F.);
#6219 = ORIENTED_EDGE('',*,*,#5186,.T.);
#6220 = ORIENTED_EDGE('',*,*,#6221,.F.);
#6221 = EDGE_CURVE('',#6222,#5187,#6224,.T.);
#6222 = VERTEX_POINT('',#6223);
#6223 = CARTESIAN_POINT('',(0.4,0.34,0.33));
#6224 = LINE('',#6225,#6226);
#6225 = CARTESIAN_POINT('',(0.4,0.34,0.35));
#6226 = VECTOR('',#6227,1.);
#6227 = DIRECTION('',(0.,0.,-1.));
#6228 = ORIENTED_EDGE('',*,*,#6229,.F.);
#6229 = EDGE_CURVE('',#6230,#6222,#6232,.T.);
#6230 = VERTEX_POINT('',#6231);
#6231 = CARTESIAN_POINT('',(0.42,0.34,0.35));
#6232 = CIRCLE('',#6233,2.E-02);
#6233 = AXIS2_PLACEMENT_3D('',#6234,#6235,#6236);
#6234 = CARTESIAN_POINT('',(0.42,0.34,0.33));
#6235 = DIRECTION('',(-1.224646799147E-16,-1.,0.));
#6236 = DIRECTION('',(-0.,0.,-1.));
#6237 = ORIENTED_EDGE('',*,*,#6238,.F.);
#6238 = EDGE_CURVE('',#6205,#6230,#6239,.T.);
#6239 = LINE('',#6240,#6241);
#6240 = CARTESIAN_POINT('',(0.3,0.34,0.35));
#6241 = VECTOR('',#6242,1.);
#6242 = DIRECTION('',(1.,-1.224646799147E-16,0.));
#6243 = PLANE('',#6244);
#6244 = AXIS2_PLACEMENT_3D('',#6245,#6246,#6247);
#6245 = CARTESIAN_POINT('',(0.1,0.34,0.35));
#6246 = DIRECTION('',(-1.224646799147E-16,-1.,0.));
#6247 = DIRECTION('',(1.,-1.224646799147E-16,0.));
#6248 = ADVANCED_FACE('',(#6249),#6268,.T.);
#6249 = FACE_BOUND('',#6250,.T.);
#6250 = EDGE_LOOP('',(#6251,#6252,#6253,#6262));
#6251 = ORIENTED_EDGE('',*,*,#6212,.T.);
#6252 = ORIENTED_EDGE('',*,*,#3807,.T.);
#6253 = ORIENTED_EDGE('',*,*,#6254,.F.);
#6254 = EDGE_CURVE('',#6255,#3800,#6257,.T.);
#6255 = VERTEX_POINT('',#6256);
#6256 = CARTESIAN_POINT('',(0.27,0.16,0.35));
#6257 = CIRCLE('',#6258,2.E-02);
#6258 = AXIS2_PLACEMENT_3D('',#6259,#6260,#6261);
#6259 = CARTESIAN_POINT('',(0.27,0.16,0.33));
#6260 = DIRECTION('',(-1.224646799147E-16,-1.,0.));
#6261 = DIRECTION('',(0.,0.,1.));
#6262 = ORIENTED_EDGE('',*,*,#6263,.F.);
#6263 = EDGE_CURVE('',#6203,#6255,#6264,.T.);
#6264 = LINE('',#6265,#6266);
#6265 = CARTESIAN_POINT('',(0.27,0.34,0.35));
#6266 = VECTOR('',#6267,1.);
#6267 = DIRECTION('',(-1.224646799147E-16,-1.,0.));
#6268 = CYLINDRICAL_SURFACE('',#6269,2.E-02);
#6269 = AXIS2_PLACEMENT_3D('',#6270,#6271,#6272);
#6270 = CARTESIAN_POINT('',(0.27,0.34,0.33));
#6271 = DIRECTION('',(-1.224646799147E-16,-1.,0.));
#6272 = DIRECTION('',(0.,0.,1.));
#6273 = ADVANCED_FACE('',(#6274),#6310,.F.);
#6274 = FACE_BOUND('',#6275,.F.);
#6275 = EDGE_LOOP('',(#6276,#6277,#6285,#6293,#6302,#6308,#6309));
#6276 = ORIENTED_EDGE('',*,*,#6254,.F.);
#6277 = ORIENTED_EDGE('',*,*,#6278,.F.);
#6278 = EDGE_CURVE('',#6279,#6255,#6281,.T.);
#6279 = VERTEX_POINT('',#6280);
#6280 = CARTESIAN_POINT('',(0.4,0.16,0.35));
#6281 = LINE('',#6282,#6283);
#6282 = CARTESIAN_POINT('',(0.4,0.16,0.35));
#6283 = VECTOR('',#6284,1.);
#6284 = DIRECTION('',(-1.,1.224646799147E-16,0.));
#6285 = ORIENTED_EDGE('',*,*,#6286,.T.);
#6286 = EDGE_CURVE('',#6279,#6287,#6289,.T.);
#6287 = VERTEX_POINT('',#6288);
#6288 = CARTESIAN_POINT('',(0.42,0.16,0.35));
#6289 = LINE('',#6290,#6291);
#6290 = CARTESIAN_POINT('',(0.45,0.16,0.35));
#6291 = VECTOR('',#6292,1.);
#6292 = DIRECTION('',(1.,-1.224646799147E-16,0.));
#6293 = ORIENTED_EDGE('',*,*,#6294,.T.);
#6294 = EDGE_CURVE('',#6287,#6295,#6297,.T.);
#6295 = VERTEX_POINT('',#6296);
#6296 = CARTESIAN_POINT('',(0.4,0.16,0.33));
#6297 = CIRCLE('',#6298,2.E-02);
#6298 = AXIS2_PLACEMENT_3D('',#6299,#6300,#6301);
#6299 = CARTESIAN_POINT('',(0.42,0.16,0.33));
#6300 = DIRECTION('',(-1.224646799147E-16,-1.,0.));
#6301 = DIRECTION('',(-0.,0.,-1.));
#6302 = ORIENTED_EDGE('',*,*,#6303,.T.);
#6303 = EDGE_CURVE('',#6295,#4679,#6304,.T.);
#6304 = LINE('',#6305,#6306);
#6305 = CARTESIAN_POINT('',(0.4,0.16,0.35));
#6306 = VECTOR('',#6307,1.);
#6307 = DIRECTION('',(0.,0.,-1.));
#6308 = ORIENTED_EDGE('',*,*,#4686,.T.);
#6309 = ORIENTED_EDGE('',*,*,#3799,.F.);
#6310 = PLANE('',#6311);
#6311 = AXIS2_PLACEMENT_3D('',#6312,#6313,#6314);
#6312 = CARTESIAN_POINT('',(0.4,0.16,0.35));
#6313 = DIRECTION('',(1.224646799147E-16,1.,0.));
#6314 = DIRECTION('',(-1.,1.224646799147E-16,0.));
#6315 = ADVANCED_FACE('',(#6316),#6360,.F.);
#6316 = FACE_BOUND('',#6317,.F.);
#6317 = EDGE_LOOP('',(#6318,#6328,#6335,#6336,#6337,#6345,#6354));
#6318 = ORIENTED_EDGE('',*,*,#6319,.F.);
#6319 = EDGE_CURVE('',#6320,#6322,#6324,.T.);
#6320 = VERTEX_POINT('',#6321);
#6321 = CARTESIAN_POINT('',(0.27,-0.16,0.35));
#6322 = VERTEX_POINT('',#6323);
#6323 = CARTESIAN_POINT('',(0.4,-0.16,0.35));
#6324 = LINE('',#6325,#6326);
#6325 = CARTESIAN_POINT('',(0.1,-0.16,0.35));
#6326 = VECTOR('',#6327,1.);
#6327 = DIRECTION('',(1.,-1.224646799147E-16,0.));
#6328 = ORIENTED_EDGE('',*,*,#6329,.T.);
#6329 = EDGE_CURVE('',#6320,#3770,#6330,.T.);
#6330 = CIRCLE('',#6331,2.E-02);
#6331 = AXIS2_PLACEMENT_3D('',#6332,#6333,#6334);
#6332 = CARTESIAN_POINT('',(0.27,-0.16,0.33));
#6333 = DIRECTION('',(-1.224646799147E-16,-1.,0.));
#6334 = DIRECTION('',(0.,0.,1.));
#6335 = ORIENTED_EDGE('',*,*,#3777,.F.);
#6336 = ORIENTED_EDGE('',*,*,#4634,.T.);
#6337 = ORIENTED_EDGE('',*,*,#6338,.F.);
#6338 = EDGE_CURVE('',#6339,#4635,#6341,.T.);
#6339 = VERTEX_POINT('',#6340);
#6340 = CARTESIAN_POINT('',(0.4,-0.16,0.33));
#6341 = LINE('',#6342,#6343);
#6342 = CARTESIAN_POINT('',(0.4,-0.16,0.35));
#6343 = VECTOR('',#6344,1.);
#6344 = DIRECTION('',(0.,0.,-1.));
#6345 = ORIENTED_EDGE('',*,*,#6346,.F.);
#6346 = EDGE_CURVE('',#6347,#6339,#6349,.T.);
#6347 = VERTEX_POINT('',#6348);
#6348 = CARTESIAN_POINT('',(0.42,-0.16,0.35));
#6349 = CIRCLE('',#6350,2.E-02);
#6350 = AXIS2_PLACEMENT_3D('',#6351,#6352,#6353);
#6351 = CARTESIAN_POINT('',(0.42,-0.16,0.33));
#6352 = DIRECTION('',(-1.224646799147E-16,-1.,0.));
#6353 = DIRECTION('',(-0.,0.,-1.));
#6354 = ORIENTED_EDGE('',*,*,#6355,.F.);
#6355 = EDGE_CURVE('',#6322,#6347,#6356,.T.);
#6356 = LINE('',#6357,#6358);
#6357 = CARTESIAN_POINT('',(0.3,-0.16,0.35));
#6358 = VECTOR('',#6359,1.);
#6359 = DIRECTION('',(1.,-1.224646799147E-16,0.));
#6360 = PLANE('',#6361);
#6361 = AXIS2_PLACEMENT_3D('',#6362,#6363,#6364);
#6362 = CARTESIAN_POINT('',(0.1,-0.16,0.35));
#6363 = DIRECTION('',(-1.224646799147E-16,-1.,0.));
#6364 = DIRECTION('',(1.,-1.224646799147E-16,0.));
#6365 = ADVANCED_FACE('',(#6366),#6385,.T.);
#6366 = FACE_BOUND('',#6367,.T.);
#6367 = EDGE_LOOP('',(#6368,#6369,#6370,#6379));
#6368 = ORIENTED_EDGE('',*,*,#6329,.T.);
#6369 = ORIENTED_EDGE('',*,*,#3769,.T.);
#6370 = ORIENTED_EDGE('',*,*,#6371,.F.);
#6371 = EDGE_CURVE('',#6372,#3762,#6374,.T.);
#6372 = VERTEX_POINT('',#6373);
#6373 = CARTESIAN_POINT('',(0.27,-0.34,0.35));
#6374 = CIRCLE('',#6375,2.E-02);
#6375 = AXIS2_PLACEMENT_3D('',#6376,#6377,#6378);
#6376 = CARTESIAN_POINT('',(0.27,-0.34,0.33));
#6377 = DIRECTION('',(-1.224646799147E-16,-1.,0.));
#6378 = DIRECTION('',(0.,0.,1.));
#6379 = ORIENTED_EDGE('',*,*,#6380,.F.);
#6380 = EDGE_CURVE('',#6320,#6372,#6381,.T.);
#6381 = LINE('',#6382,#6383);
#6382 = CARTESIAN_POINT('',(0.27,-0.16,0.35));
#6383 = VECTOR('',#6384,1.);
#6384 = DIRECTION('',(-1.224646799147E-16,-1.,0.));
#6385 = CYLINDRICAL_SURFACE('',#6386,2.E-02);
#6386 = AXIS2_PLACEMENT_3D('',#6387,#6388,#6389);
#6387 = CARTESIAN_POINT('',(0.27,-0.16,0.33));
#6388 = DIRECTION('',(-1.224646799147E-16,-1.,0.));
#6389 = DIRECTION('',(0.,0.,1.));
#6390 = ADVANCED_FACE('',(#6391),#6427,.F.);
#6391 = FACE_BOUND('',#6392,.F.);
#6392 = EDGE_LOOP('',(#6393,#6394,#6402,#6410,#6419,#6425,#6426));
#6393 = ORIENTED_EDGE('',*,*,#6371,.F.);
#6394 = ORIENTED_EDGE('',*,*,#6395,.F.);
#6395 = EDGE_CURVE('',#6396,#6372,#6398,.T.);
#6396 = VERTEX_POINT('',#6397);
#6397 = CARTESIAN_POINT('',(0.4,-0.34,0.35));
#6398 = LINE('',#6399,#6400);
#6399 = CARTESIAN_POINT('',(0.4,-0.34,0.35));
#6400 = VECTOR('',#6401,1.);
#6401 = DIRECTION('',(-1.,1.224646799147E-16,0.));
#6402 = ORIENTED_EDGE('',*,*,#6403,.T.);
#6403 = EDGE_CURVE('',#6396,#6404,#6406,.T.);
#6404 = VERTEX_POINT('',#6405);
#6405 = CARTESIAN_POINT('',(0.42,-0.34,0.35));
#6406 = LINE('',#6407,#6408);
#6407 = CARTESIAN_POINT('',(0.45,-0.34,0.35));
#6408 = VECTOR('',#6409,1.);
#6409 = DIRECTION('',(1.,-1.224646799147E-16,0.));
#6410 = ORIENTED_EDGE('',*,*,#6411,.T.);
#6411 = EDGE_CURVE('',#6404,#6412,#6414,.T.);
#6412 = VERTEX_POINT('',#6413);
#6413 = CARTESIAN_POINT('',(0.4,-0.34,0.33));
#6414 = CIRCLE('',#6415,2.E-02);
#6415 = AXIS2_PLACEMENT_3D('',#6416,#6417,#6418);
#6416 = CARTESIAN_POINT('',(0.42,-0.34,0.33));
#6417 = DIRECTION('',(-1.224646799147E-16,-1.,0.));
#6418 = DIRECTION('',(-0.,0.,-1.));
#6419 = ORIENTED_EDGE('',*,*,#6420,.T.);
#6420 = EDGE_CURVE('',#6412,#4127,#6421,.T.);
#6421 = LINE('',#6422,#6423);
#6422 = CARTESIAN_POINT('',(0.4,-0.34,0.35));
#6423 = VECTOR('',#6424,1.);
#6424 = DIRECTION('',(0.,0.,-1.));
#6425 = ORIENTED_EDGE('',*,*,#4134,.T.);
#6426 = ORIENTED_EDGE('',*,*,#3761,.F.);
#6427 = PLANE('',#6428);
#6428 = AXIS2_PLACEMENT_3D('',#6429,#6430,#6431);
#6429 = CARTESIAN_POINT('',(0.4,-0.34,0.35));
#6430 = DIRECTION('',(1.224646799147E-16,1.,0.));
#6431 = DIRECTION('',(-1.,1.224646799147E-16,0.));
#6432 = ADVANCED_FACE('',(#6433),#6444,.F.);
#6433 = FACE_BOUND('',#6434,.F.);
#6434 = EDGE_LOOP('',(#6435,#6436,#6437,#6443));
#6435 = ORIENTED_EDGE('',*,*,#3929,.T.);
#6436 = ORIENTED_EDGE('',*,*,#4058,.T.);
#6437 = ORIENTED_EDGE('',*,*,#6438,.F.);
#6438 = EDGE_CURVE('',#6055,#4050,#6439,.T.);
#6439 = LINE('',#6440,#6441);
#6440 = CARTESIAN_POINT('',(-0.4,-0.34,0.33));
#6441 = VECTOR('',#6442,1.);
#6442 = DIRECTION('',(0.,-1.,0.));
#6443 = ORIENTED_EDGE('',*,*,#6054,.T.);
#6444 = PLANE('',#6445);
#6445 = AXIS2_PLACEMENT_3D('',#6446,#6447,#6448);
#6446 = CARTESIAN_POINT('',(-0.4,-0.34,0.35));
#6447 = DIRECTION('',(-1.,0.,0.));
#6448 = DIRECTION('',(0.,-1.,0.));
#6449 = ADVANCED_FACE('',(#6450),#6456,.F.);
#6450 = FACE_BOUND('',#6451,.F.);
#6451 = EDGE_LOOP('',(#6452,#6453,#6454,#6455));
#6452 = ORIENTED_EDGE('',*,*,#4090,.T.);
#6453 = ORIENTED_EDGE('',*,*,#3988,.T.);
#6454 = ORIENTED_EDGE('',*,*,#5673,.F.);
#6455 = ORIENTED_EDGE('',*,*,#5706,.T.);
#6456 = PLANE('',#6457);
#6457 = AXIS2_PLACEMENT_3D('',#6458,#6459,#6460);
#6458 = CARTESIAN_POINT('',(0.4,-0.68,0.35));
#6459 = DIRECTION('',(1.,-1.224646799147E-16,0.));
#6460 = DIRECTION('',(1.224646799147E-16,1.,0.));
#6461 = ADVANCED_FACE('',(#6462),#6473,.T.);
#6462 = FACE_BOUND('',#6463,.T.);
#6463 = EDGE_LOOP('',(#6464,#6470,#6471,#6472));
#6464 = ORIENTED_EDGE('',*,*,#6465,.T.);
#6465 = EDGE_CURVE('',#4016,#4369,#6466,.T.);
#6466 = LINE('',#6467,#6468);
#6467 = CARTESIAN_POINT('',(-0.5,-0.4,2.E-02));
#6468 = VECTOR('',#6469,1.);
#6469 = DIRECTION('',(0.,1.,0.));
#6470 = ORIENTED_EDGE('',*,*,#4368,.T.);
#6471 = ORIENTED_EDGE('',*,*,#4158,.F.);
#6472 = ORIENTED_EDGE('',*,*,#4015,.F.);
#6473 = CYLINDRICAL_SURFACE('',#6474,2.E-02);
#6474 = AXIS2_PLACEMENT_3D('',#6475,#6476,#6477);
#6475 = CARTESIAN_POINT('',(-0.48,-0.4,2.E-02));
#6476 = DIRECTION('',(0.,1.,0.));
#6477 = DIRECTION('',(-1.,0.,0.));
#6478 = ADVANCED_FACE('',(#6479),#6490,.F.);
#6479 = FACE_BOUND('',#6480,.F.);
#6480 = EDGE_LOOP('',(#6481,#6482,#6483,#6484));
#6481 = ORIENTED_EDGE('',*,*,#4024,.F.);
#6482 = ORIENTED_EDGE('',*,*,#6465,.T.);
#6483 = ORIENTED_EDGE('',*,*,#4377,.T.);
#6484 = ORIENTED_EDGE('',*,*,#6485,.F.);
#6485 = EDGE_CURVE('',#4025,#4378,#6486,.T.);
#6486 = LINE('',#6487,#6488);
#6487 = CARTESIAN_POINT('',(-0.5,-0.4,0.33));
#6488 = VECTOR('',#6489,1.);
#6489 = DIRECTION('',(0.,1.,0.));
#6490 = PLANE('',#6491);
#6491 = AXIS2_PLACEMENT_3D('',#6492,#6493,#6494);
#6492 = CARTESIAN_POINT('',(-0.5,-0.4,0.));
#6493 = DIRECTION('',(1.,0.,0.));
#6494 = DIRECTION('',(0.,0.,1.));
#6495 = ADVANCED_FACE('',(#6496),#6507,.T.);
#6496 = FACE_BOUND('',#6497,.T.);
#6497 = EDGE_LOOP('',(#6498,#6499,#6505,#6506));
#6498 = ORIENTED_EDGE('',*,*,#4032,.T.);
#6499 = ORIENTED_EDGE('',*,*,#6500,.T.);
#6500 = EDGE_CURVE('',#4033,#4386,#6501,.T.);
#6501 = LINE('',#6502,#6503);
#6502 = CARTESIAN_POINT('',(-0.48,-0.4,0.35));
#6503 = VECTOR('',#6504,1.);
#6504 = DIRECTION('',(0.,1.,0.));
#6505 = ORIENTED_EDGE('',*,*,#4385,.F.);
#6506 = ORIENTED_EDGE('',*,*,#6485,.F.);
#6507 = CYLINDRICAL_SURFACE('',#6508,2.E-02);
#6508 = AXIS2_PLACEMENT_3D('',#6509,#6510,#6511);
#6509 = CARTESIAN_POINT('',(-0.48,-0.4,0.33));
#6510 = DIRECTION('',(0.,1.,0.));
#6511 = DIRECTION('',(-1.,0.,0.));
#6512 = ADVANCED_FACE('',(#6513),#6535,.T.);
#6513 = FACE_BOUND('',#6514,.T.);
#6514 = EDGE_LOOP('',(#6515,#6516,#6517,#6518,#6524,#6525,#6526,#6527,
    #6528,#6529));
#6515 = ORIENTED_EDGE('',*,*,#4394,.F.);
#6516 = ORIENTED_EDGE('',*,*,#6500,.F.);
#6517 = ORIENTED_EDGE('',*,*,#4041,.T.);
#6518 = ORIENTED_EDGE('',*,*,#6519,.F.);
#6519 = EDGE_CURVE('',#6063,#4042,#6520,.T.);
#6520 = LINE('',#6521,#6522);
#6521 = CARTESIAN_POINT('',(-0.42,-0.34,0.35));
#6522 = VECTOR('',#6523,1.);
#6523 = DIRECTION('',(0.,-1.,0.));
#6524 = ORIENTED_EDGE('',*,*,#6071,.F.);
#6525 = ORIENTED_EDGE('',*,*,#6043,.F.);
#6526 = ORIENTED_EDGE('',*,*,#6029,.T.);
#6527 = ORIENTED_EDGE('',*,*,#5977,.F.);
#6528 = ORIENTED_EDGE('',*,*,#5985,.T.);
#6529 = ORIENTED_EDGE('',*,*,#6530,.F.);
#6530 = EDGE_CURVE('',#4395,#5986,#6531,.T.);
#6531 = LINE('',#6532,#6533);
#6532 = CARTESIAN_POINT('',(-0.42,-0.1,0.35));
#6533 = VECTOR('',#6534,1.);
#6534 = DIRECTION('',(0.,-1.,0.));
#6535 = PLANE('',#6536);
#6536 = AXIS2_PLACEMENT_3D('',#6537,#6538,#6539);
#6537 = CARTESIAN_POINT('',(-0.5,-0.4,0.35));
#6538 = DIRECTION('',(0.,0.,1.));
#6539 = DIRECTION('',(1.,0.,-0.));
#6540 = ADVANCED_FACE('',(#6541),#6547,.T.);
#6541 = FACE_BOUND('',#6542,.T.);
#6542 = EDGE_LOOP('',(#6543,#6544,#6545,#6546));
#6543 = ORIENTED_EDGE('',*,*,#6519,.T.);
#6544 = ORIENTED_EDGE('',*,*,#4049,.T.);
#6545 = ORIENTED_EDGE('',*,*,#6438,.F.);
#6546 = ORIENTED_EDGE('',*,*,#6062,.F.);
#6547 = CYLINDRICAL_SURFACE('',#6548,2.E-02);
#6548 = AXIS2_PLACEMENT_3D('',#6549,#6550,#6551);
#6549 = CARTESIAN_POINT('',(-0.42,-0.34,0.33));
#6550 = DIRECTION('',(0.,-1.,0.));
#6551 = DIRECTION('',(0.,0.,1.));
#6552 = ADVANCED_FACE('',(#6553),#6564,.F.);
#6553 = FACE_BOUND('',#6554,.F.);
#6554 = EDGE_LOOP('',(#6555,#6556,#6562,#6563));
#6555 = ORIENTED_EDGE('',*,*,#6420,.F.);
#6556 = ORIENTED_EDGE('',*,*,#6557,.F.);
#6557 = EDGE_CURVE('',#4247,#6412,#6558,.T.);
#6558 = LINE('',#6559,#6560);
#6559 = CARTESIAN_POINT('',(0.4,-0.4,0.33));
#6560 = VECTOR('',#6561,1.);
#6561 = DIRECTION('',(1.224646799147E-16,1.,0.));
#6562 = ORIENTED_EDGE('',*,*,#4255,.F.);
#6563 = ORIENTED_EDGE('',*,*,#4126,.T.);
#6564 = PLANE('',#6565);
#6565 = AXIS2_PLACEMENT_3D('',#6566,#6567,#6568);
#6566 = CARTESIAN_POINT('',(0.4,-0.46,0.35));
#6567 = DIRECTION('',(1.,-1.224646799147E-16,0.));
#6568 = DIRECTION('',(1.224646799147E-16,1.,0.));
#6569 = ADVANCED_FACE('',(#6570),#6581,.T.);
#6570 = FACE_BOUND('',#6571,.T.);
#6571 = EDGE_LOOP('',(#6572,#6578,#6579,#6580));
#6572 = ORIENTED_EDGE('',*,*,#6573,.T.);
#6573 = EDGE_CURVE('',#4498,#4213,#6574,.T.);
#6574 = LINE('',#6575,#6576);
#6575 = CARTESIAN_POINT('',(0.5,-0.1,2.E-02));
#6576 = VECTOR('',#6577,1.);
#6577 = DIRECTION('',(-1.224646799147E-16,-1.,0.));
#6578 = ORIENTED_EDGE('',*,*,#4212,.T.);
#6579 = ORIENTED_EDGE('',*,*,#4331,.F.);
#6580 = ORIENTED_EDGE('',*,*,#4497,.F.);
#6581 = CYLINDRICAL_SURFACE('',#6582,2.E-02);
#6582 = AXIS2_PLACEMENT_3D('',#6583,#6584,#6585);
#6583 = CARTESIAN_POINT('',(0.48,-0.1,2.E-02));
#6584 = DIRECTION('',(-1.224646799147E-16,-1.,0.));
#6585 = DIRECTION('',(1.,-1.224646799147E-16,0.));
#6586 = ADVANCED_FACE('',(#6587),#6598,.F.);
#6587 = FACE_BOUND('',#6588,.F.);
#6588 = EDGE_LOOP('',(#6589,#6590,#6591,#6592));
#6589 = ORIENTED_EDGE('',*,*,#4506,.F.);
#6590 = ORIENTED_EDGE('',*,*,#6573,.T.);
#6591 = ORIENTED_EDGE('',*,*,#4221,.T.);
#6592 = ORIENTED_EDGE('',*,*,#6593,.F.);
#6593 = EDGE_CURVE('',#4507,#4222,#6594,.T.);
#6594 = LINE('',#6595,#6596);
#6595 = CARTESIAN_POINT('',(0.5,-0.1,0.33));
#6596 = VECTOR('',#6597,1.);
#6597 = DIRECTION('',(-1.224646799147E-16,-1.,0.));
#6598 = PLANE('',#6599);
#6599 = AXIS2_PLACEMENT_3D('',#6600,#6601,#6602);
#6600 = CARTESIAN_POINT('',(0.5,-0.1,0.));
#6601 = DIRECTION('',(-1.,1.224646799147E-16,0.));
#6602 = DIRECTION('',(0.,0.,1.));
#6603 = ADVANCED_FACE('',(#6604),#6615,.T.);
#6604 = FACE_BOUND('',#6605,.T.);
#6605 = EDGE_LOOP('',(#6606,#6607,#6613,#6614));
#6606 = ORIENTED_EDGE('',*,*,#4514,.T.);
#6607 = ORIENTED_EDGE('',*,*,#6608,.T.);
#6608 = EDGE_CURVE('',#4515,#4230,#6609,.T.);
#6609 = LINE('',#6610,#6611);
#6610 = CARTESIAN_POINT('',(0.48,-0.1,0.35));
#6611 = VECTOR('',#6612,1.);
#6612 = DIRECTION('',(-1.224646799147E-16,-1.,0.));
#6613 = ORIENTED_EDGE('',*,*,#4229,.F.);
#6614 = ORIENTED_EDGE('',*,*,#6593,.F.);
#6615 = CYLINDRICAL_SURFACE('',#6616,2.E-02);
#6616 = AXIS2_PLACEMENT_3D('',#6617,#6618,#6619);
#6617 = CARTESIAN_POINT('',(0.48,-0.1,0.33));
#6618 = DIRECTION('',(-1.224646799147E-16,-1.,0.));
#6619 = DIRECTION('',(1.,-1.224646799147E-16,0.));
#6620 = ADVANCED_FACE('',(#6621),#6643,.T.);
#6621 = FACE_BOUND('',#6622,.T.);
#6622 = EDGE_LOOP('',(#6623,#6624,#6625,#6626,#6632,#6633,#6634,#6635,
    #6636,#6637));
#6623 = ORIENTED_EDGE('',*,*,#4238,.F.);
#6624 = ORIENTED_EDGE('',*,*,#6608,.F.);
#6625 = ORIENTED_EDGE('',*,*,#4523,.T.);
#6626 = ORIENTED_EDGE('',*,*,#6627,.F.);
#6627 = EDGE_CURVE('',#6347,#4524,#6628,.T.);
#6628 = LINE('',#6629,#6630);
#6629 = CARTESIAN_POINT('',(0.42,-0.16,0.35));
#6630 = VECTOR('',#6631,1.);
#6631 = DIRECTION('',(1.224646799147E-16,1.,0.));
#6632 = ORIENTED_EDGE('',*,*,#6355,.F.);
#6633 = ORIENTED_EDGE('',*,*,#6319,.F.);
#6634 = ORIENTED_EDGE('',*,*,#6380,.T.);
#6635 = ORIENTED_EDGE('',*,*,#6395,.F.);
#6636 = ORIENTED_EDGE('',*,*,#6403,.T.);
#6637 = ORIENTED_EDGE('',*,*,#6638,.F.);
#6638 = EDGE_CURVE('',#4239,#6404,#6639,.T.);
#6639 = LINE('',#6640,#6641);
#6640 = CARTESIAN_POINT('',(0.42,-0.4,0.35));
#6641 = VECTOR('',#6642,1.);
#6642 = DIRECTION('',(1.224646799147E-16,1.,0.));
#6643 = PLANE('',#6644);
#6644 = AXIS2_PLACEMENT_3D('',#6645,#6646,#6647);
#6645 = CARTESIAN_POINT('',(0.5,-0.1,0.35));
#6646 = DIRECTION('',(0.,0.,1.));
#6647 = DIRECTION('',(-1.,1.224646799147E-16,0.));
#6648 = ADVANCED_FACE('',(#6649),#6655,.T.);
#6649 = FACE_BOUND('',#6650,.T.);
#6650 = EDGE_LOOP('',(#6651,#6652,#6653,#6654));
#6651 = ORIENTED_EDGE('',*,*,#6638,.T.);
#6652 = ORIENTED_EDGE('',*,*,#6411,.T.);
#6653 = ORIENTED_EDGE('',*,*,#6557,.F.);
#6654 = ORIENTED_EDGE('',*,*,#4246,.F.);
#6655 = CYLINDRICAL_SURFACE('',#6656,2.E-02);
#6656 = AXIS2_PLACEMENT_3D('',#6657,#6658,#6659);
#6657 = CARTESIAN_POINT('',(0.42,-0.4,0.33));
#6658 = DIRECTION('',(1.224646799147E-16,1.,0.));
#6659 = DIRECTION('',(0.,-0.,1.));
#6660 = ADVANCED_FACE('',(#6661),#6672,.F.);
#6661 = FACE_BOUND('',#6662,.F.);
#6662 = EDGE_LOOP('',(#6663,#6664,#6670,#6671));
#6663 = ORIENTED_EDGE('',*,*,#6002,.F.);
#6664 = ORIENTED_EDGE('',*,*,#6665,.F.);
#6665 = EDGE_CURVE('',#4403,#5994,#6666,.T.);
#6666 = LINE('',#6667,#6668);
#6667 = CARTESIAN_POINT('',(-0.4,-0.1,0.33));
#6668 = VECTOR('',#6669,1.);
#6669 = DIRECTION('',(0.,-1.,0.));
#6670 = ORIENTED_EDGE('',*,*,#4411,.F.);
#6671 = ORIENTED_EDGE('',*,*,#4439,.T.);
#6672 = PLANE('',#6673);
#6673 = AXIS2_PLACEMENT_3D('',#6674,#6675,#6676);
#6674 = CARTESIAN_POINT('',(-0.4,-4.E-02,0.35));
#6675 = DIRECTION('',(-1.,0.,0.));
#6676 = DIRECTION('',(0.,-1.,0.));
#6677 = ADVANCED_FACE('',(#6678),#6684,.T.);
#6678 = FACE_BOUND('',#6679,.T.);
#6679 = EDGE_LOOP('',(#6680,#6681,#6682,#6683));
#6680 = ORIENTED_EDGE('',*,*,#6530,.T.);
#6681 = ORIENTED_EDGE('',*,*,#5993,.T.);
#6682 = ORIENTED_EDGE('',*,*,#6665,.F.);
#6683 = ORIENTED_EDGE('',*,*,#4402,.F.);
#6684 = CYLINDRICAL_SURFACE('',#6685,2.E-02);
#6685 = AXIS2_PLACEMENT_3D('',#6686,#6687,#6688);
#6686 = CARTESIAN_POINT('',(-0.42,-0.1,0.33));
#6687 = DIRECTION('',(0.,-1.,0.));
#6688 = DIRECTION('',(0.,0.,1.));
#6689 = ADVANCED_FACE('',(#6690),#6701,.F.);
#6690 = FACE_BOUND('',#6691,.F.);
#6691 = EDGE_LOOP('',(#6692,#6693,#6694,#6700));
#6692 = ORIENTED_EDGE('',*,*,#4481,.T.);
#6693 = ORIENTED_EDGE('',*,*,#4610,.T.);
#6694 = ORIENTED_EDGE('',*,*,#6695,.F.);
#6695 = EDGE_CURVE('',#5938,#4602,#6696,.T.);
#6696 = LINE('',#6697,#6698);
#6697 = CARTESIAN_POINT('',(-0.4,0.16,0.33));
#6698 = VECTOR('',#6699,1.);
#6699 = DIRECTION('',(0.,-1.,0.));
#6700 = ORIENTED_EDGE('',*,*,#5937,.T.);
#6701 = PLANE('',#6702);
#6702 = AXIS2_PLACEMENT_3D('',#6703,#6704,#6705);
#6703 = CARTESIAN_POINT('',(-0.4,0.16,0.35));
#6704 = DIRECTION('',(-1.,0.,0.));
#6705 = DIRECTION('',(0.,-1.,0.));
#6706 = ADVANCED_FACE('',(#6707),#6718,.F.);
#6707 = FACE_BOUND('',#6708,.F.);
#6708 = EDGE_LOOP('',(#6709,#6710,#6711,#6717));
#6709 = ORIENTED_EDGE('',*,*,#4642,.T.);
#6710 = ORIENTED_EDGE('',*,*,#4540,.T.);
#6711 = ORIENTED_EDGE('',*,*,#6712,.F.);
#6712 = EDGE_CURVE('',#6339,#4532,#6713,.T.);
#6713 = LINE('',#6714,#6715);
#6714 = CARTESIAN_POINT('',(0.4,-0.16,0.33));
#6715 = VECTOR('',#6716,1.);
#6716 = DIRECTION('',(1.224646799147E-16,1.,0.));
#6717 = ORIENTED_EDGE('',*,*,#6338,.T.);
#6718 = PLANE('',#6719);
#6719 = AXIS2_PLACEMENT_3D('',#6720,#6721,#6722);
#6720 = CARTESIAN_POINT('',(0.4,-0.16,0.35));
#6721 = DIRECTION('',(1.,-1.224646799147E-16,0.));
#6722 = DIRECTION('',(1.224646799147E-16,1.,0.));
#6723 = ADVANCED_FACE('',(#6724),#6730,.T.);
#6724 = FACE_BOUND('',#6725,.T.);
#6725 = EDGE_LOOP('',(#6726,#6727,#6728,#6729));
#6726 = ORIENTED_EDGE('',*,*,#6627,.T.);
#6727 = ORIENTED_EDGE('',*,*,#4531,.T.);
#6728 = ORIENTED_EDGE('',*,*,#6712,.F.);
#6729 = ORIENTED_EDGE('',*,*,#6346,.F.);
#6730 = CYLINDRICAL_SURFACE('',#6731,2.E-02);
#6731 = AXIS2_PLACEMENT_3D('',#6732,#6733,#6734);
#6732 = CARTESIAN_POINT('',(0.42,-0.16,0.33));
#6733 = DIRECTION('',(1.224646799147E-16,1.,0.));
#6734 = DIRECTION('',(0.,-0.,1.));
#6735 = ADVANCED_FACE('',(#6736),#6747,.T.);
#6736 = FACE_BOUND('',#6737,.T.);
#6737 = EDGE_LOOP('',(#6738,#6744,#6745,#6746));
#6738 = ORIENTED_EDGE('',*,*,#6739,.T.);
#6739 = EDGE_CURVE('',#4568,#4921,#6740,.T.);
#6740 = LINE('',#6741,#6742);
#6741 = CARTESIAN_POINT('',(-0.5,0.1,2.E-02));
#6742 = VECTOR('',#6743,1.);
#6743 = DIRECTION('',(0.,1.,0.));
#6744 = ORIENTED_EDGE('',*,*,#4920,.T.);
#6745 = ORIENTED_EDGE('',*,*,#4710,.F.);
#6746 = ORIENTED_EDGE('',*,*,#4567,.F.);
#6747 = CYLINDRICAL_SURFACE('',#6748,2.E-02);
#6748 = AXIS2_PLACEMENT_3D('',#6749,#6750,#6751);
#6749 = CARTESIAN_POINT('',(-0.48,0.1,2.E-02));
#6750 = DIRECTION('',(0.,1.,0.));
#6751 = DIRECTION('',(-1.,0.,0.));
#6752 = ADVANCED_FACE('',(#6753),#6764,.F.);
#6753 = FACE_BOUND('',#6754,.F.);
#6754 = EDGE_LOOP('',(#6755,#6756,#6757,#6758));
#6755 = ORIENTED_EDGE('',*,*,#4576,.F.);
#6756 = ORIENTED_EDGE('',*,*,#6739,.T.);
#6757 = ORIENTED_EDGE('',*,*,#4929,.T.);
#6758 = ORIENTED_EDGE('',*,*,#6759,.F.);
#6759 = EDGE_CURVE('',#4577,#4930,#6760,.T.);
#6760 = LINE('',#6761,#6762);
#6761 = CARTESIAN_POINT('',(-0.5,0.1,0.33));
#6762 = VECTOR('',#6763,1.);
#6763 = DIRECTION('',(0.,1.,0.));
#6764 = PLANE('',#6765);
#6765 = AXIS2_PLACEMENT_3D('',#6766,#6767,#6768);
#6766 = CARTESIAN_POINT('',(-0.5,0.1,0.));
#6767 = DIRECTION('',(1.,0.,0.));
#6768 = DIRECTION('',(0.,0.,1.));
#6769 = ADVANCED_FACE('',(#6770),#6781,.T.);
#6770 = FACE_BOUND('',#6771,.T.);
#6771 = EDGE_LOOP('',(#6772,#6773,#6779,#6780));
#6772 = ORIENTED_EDGE('',*,*,#4584,.T.);
#6773 = ORIENTED_EDGE('',*,*,#6774,.T.);
#6774 = EDGE_CURVE('',#4585,#4938,#6775,.T.);
#6775 = LINE('',#6776,#6777);
#6776 = CARTESIAN_POINT('',(-0.48,0.1,0.35));
#6777 = VECTOR('',#6778,1.);
#6778 = DIRECTION('',(0.,1.,0.));
#6779 = ORIENTED_EDGE('',*,*,#4937,.F.);
#6780 = ORIENTED_EDGE('',*,*,#6759,.F.);
#6781 = CYLINDRICAL_SURFACE('',#6782,2.E-02);
#6782 = AXIS2_PLACEMENT_3D('',#6783,#6784,#6785);
#6783 = CARTESIAN_POINT('',(-0.48,0.1,0.33));
#6784 = DIRECTION('',(0.,1.,0.));
#6785 = DIRECTION('',(-1.,0.,0.));
#6786 = ADVANCED_FACE('',(#6787),#6809,.T.);
#6787 = FACE_BOUND('',#6788,.T.);
#6788 = EDGE_LOOP('',(#6789,#6790,#6791,#6792,#6798,#6799,#6800,#6801,
    #6802,#6803));
#6789 = ORIENTED_EDGE('',*,*,#4946,.F.);
#6790 = ORIENTED_EDGE('',*,*,#6774,.F.);
#6791 = ORIENTED_EDGE('',*,*,#4593,.T.);
#6792 = ORIENTED_EDGE('',*,*,#6793,.F.);
#6793 = EDGE_CURVE('',#5946,#4594,#6794,.T.);
#6794 = LINE('',#6795,#6796);
#6795 = CARTESIAN_POINT('',(-0.42,0.16,0.35));
#6796 = VECTOR('',#6797,1.);
#6797 = DIRECTION('',(0.,-1.,0.));
#6798 = ORIENTED_EDGE('',*,*,#5954,.F.);
#6799 = ORIENTED_EDGE('',*,*,#5926,.F.);
#6800 = ORIENTED_EDGE('',*,*,#5912,.T.);
#6801 = ORIENTED_EDGE('',*,*,#5860,.F.);
#6802 = ORIENTED_EDGE('',*,*,#5868,.T.);
#6803 = ORIENTED_EDGE('',*,*,#6804,.F.);
#6804 = EDGE_CURVE('',#4947,#5869,#6805,.T.);
#6805 = LINE('',#6806,#6807);
#6806 = CARTESIAN_POINT('',(-0.42,0.4,0.35));
#6807 = VECTOR('',#6808,1.);
#6808 = DIRECTION('',(0.,-1.,0.));
#6809 = PLANE('',#6810);
#6810 = AXIS2_PLACEMENT_3D('',#6811,#6812,#6813);
#6811 = CARTESIAN_POINT('',(-0.5,0.1,0.35));
#6812 = DIRECTION('',(0.,0.,1.));
#6813 = DIRECTION('',(1.,0.,-0.));
#6814 = ADVANCED_FACE('',(#6815),#6821,.T.);
#6815 = FACE_BOUND('',#6816,.T.);
#6816 = EDGE_LOOP('',(#6817,#6818,#6819,#6820));
#6817 = ORIENTED_EDGE('',*,*,#6793,.T.);
#6818 = ORIENTED_EDGE('',*,*,#4601,.T.);
#6819 = ORIENTED_EDGE('',*,*,#6695,.F.);
#6820 = ORIENTED_EDGE('',*,*,#5945,.F.);
#6821 = CYLINDRICAL_SURFACE('',#6822,2.E-02);
#6822 = AXIS2_PLACEMENT_3D('',#6823,#6824,#6825);
#6823 = CARTESIAN_POINT('',(-0.42,0.16,0.33));
#6824 = DIRECTION('',(0.,-1.,0.));
#6825 = DIRECTION('',(0.,0.,1.));
#6826 = ADVANCED_FACE('',(#6827),#6838,.F.);
#6827 = FACE_BOUND('',#6828,.F.);
#6828 = EDGE_LOOP('',(#6829,#6830,#6836,#6837));
#6829 = ORIENTED_EDGE('',*,*,#6303,.F.);
#6830 = ORIENTED_EDGE('',*,*,#6831,.F.);
#6831 = EDGE_CURVE('',#4799,#6295,#6832,.T.);
#6832 = LINE('',#6833,#6834);
#6833 = CARTESIAN_POINT('',(0.4,0.1,0.33));
#6834 = VECTOR('',#6835,1.);
#6835 = DIRECTION('',(1.224646799147E-16,1.,0.));
#6836 = ORIENTED_EDGE('',*,*,#4807,.F.);
#6837 = ORIENTED_EDGE('',*,*,#4678,.T.);
#6838 = PLANE('',#6839);
#6839 = AXIS2_PLACEMENT_3D('',#6840,#6841,#6842);
#6840 = CARTESIAN_POINT('',(0.4,4.E-02,0.35));
#6841 = DIRECTION('',(1.,-1.224646799147E-16,0.));
#6842 = DIRECTION('',(1.224646799147E-16,1.,0.));
#6843 = ADVANCED_FACE('',(#6844),#6855,.T.);
#6844 = FACE_BOUND('',#6845,.T.);
#6845 = EDGE_LOOP('',(#6846,#6852,#6853,#6854));
#6846 = ORIENTED_EDGE('',*,*,#6847,.T.);
#6847 = EDGE_CURVE('',#5050,#4765,#6848,.T.);
#6848 = LINE('',#6849,#6850);
#6849 = CARTESIAN_POINT('',(0.5,0.4,2.E-02));
#6850 = VECTOR('',#6851,1.);
#6851 = DIRECTION('',(-1.224646799147E-16,-1.,0.));
#6852 = ORIENTED_EDGE('',*,*,#4764,.T.);
#6853 = ORIENTED_EDGE('',*,*,#4883,.F.);
#6854 = ORIENTED_EDGE('',*,*,#5049,.F.);
#6855 = CYLINDRICAL_SURFACE('',#6856,2.E-02);
#6856 = AXIS2_PLACEMENT_3D('',#6857,#6858,#6859);
#6857 = CARTESIAN_POINT('',(0.48,0.4,2.E-02));
#6858 = DIRECTION('',(-1.224646799147E-16,-1.,0.));
#6859 = DIRECTION('',(1.,-1.224646799147E-16,0.));
#6860 = ADVANCED_FACE('',(#6861),#6872,.F.);
#6861 = FACE_BOUND('',#6862,.F.);
#6862 = EDGE_LOOP('',(#6863,#6864,#6865,#6866));
#6863 = ORIENTED_EDGE('',*,*,#5058,.F.);
#6864 = ORIENTED_EDGE('',*,*,#6847,.T.);
#6865 = ORIENTED_EDGE('',*,*,#4773,.T.);
#6866 = ORIENTED_EDGE('',*,*,#6867,.F.);
#6867 = EDGE_CURVE('',#5059,#4774,#6868,.T.);
#6868 = LINE('',#6869,#6870);
#6869 = CARTESIAN_POINT('',(0.5,0.4,0.33));
#6870 = VECTOR('',#6871,1.);
#6871 = DIRECTION('',(-1.224646799147E-16,-1.,0.));
#6872 = PLANE('',#6873);
#6873 = AXIS2_PLACEMENT_3D('',#6874,#6875,#6876);
#6874 = CARTESIAN_POINT('',(0.5,0.4,0.));
#6875 = DIRECTION('',(-1.,1.224646799147E-16,0.));
#6876 = DIRECTION('',(0.,0.,1.));
#6877 = ADVANCED_FACE('',(#6878),#6889,.T.);
#6878 = FACE_BOUND('',#6879,.T.);
#6879 = EDGE_LOOP('',(#6880,#6881,#6887,#6888));
#6880 = ORIENTED_EDGE('',*,*,#5066,.T.);
#6881 = ORIENTED_EDGE('',*,*,#6882,.T.);
#6882 = EDGE_CURVE('',#5067,#4782,#6883,.T.);
#6883 = LINE('',#6884,#6885);
#6884 = CARTESIAN_POINT('',(0.48,0.4,0.35));
#6885 = VECTOR('',#6886,1.);
#6886 = DIRECTION('',(-1.224646799147E-16,-1.,0.));
#6887 = ORIENTED_EDGE('',*,*,#4781,.F.);
#6888 = ORIENTED_EDGE('',*,*,#6867,.F.);
#6889 = CYLINDRICAL_SURFACE('',#6890,2.E-02);
#6890 = AXIS2_PLACEMENT_3D('',#6891,#6892,#6893);
#6891 = CARTESIAN_POINT('',(0.48,0.4,0.33));
#6892 = DIRECTION('',(-1.224646799147E-16,-1.,0.));
#6893 = DIRECTION('',(1.,-1.224646799147E-16,0.));
#6894 = ADVANCED_FACE('',(#6895),#6917,.T.);
#6895 = FACE_BOUND('',#6896,.T.);
#6896 = EDGE_LOOP('',(#6897,#6898,#6899,#6900,#6906,#6907,#6908,#6909,
    #6910,#6911));
#6897 = ORIENTED_EDGE('',*,*,#4790,.F.);
#6898 = ORIENTED_EDGE('',*,*,#6882,.F.);
#6899 = ORIENTED_EDGE('',*,*,#5075,.T.);
#6900 = ORIENTED_EDGE('',*,*,#6901,.F.);
#6901 = EDGE_CURVE('',#6230,#5076,#6902,.T.);
#6902 = LINE('',#6903,#6904);
#6903 = CARTESIAN_POINT('',(0.42,0.34,0.35));
#6904 = VECTOR('',#6905,1.);
#6905 = DIRECTION('',(1.224646799147E-16,1.,0.));
#6906 = ORIENTED_EDGE('',*,*,#6238,.F.);
#6907 = ORIENTED_EDGE('',*,*,#6202,.F.);
#6908 = ORIENTED_EDGE('',*,*,#6263,.T.);
#6909 = ORIENTED_EDGE('',*,*,#6278,.F.);
#6910 = ORIENTED_EDGE('',*,*,#6286,.T.);
#6911 = ORIENTED_EDGE('',*,*,#6912,.F.);
#6912 = EDGE_CURVE('',#4791,#6287,#6913,.T.);
#6913 = LINE('',#6914,#6915);
#6914 = CARTESIAN_POINT('',(0.42,0.1,0.35));
#6915 = VECTOR('',#6916,1.);
#6916 = DIRECTION('',(1.224646799147E-16,1.,0.));
#6917 = PLANE('',#6918);
#6918 = AXIS2_PLACEMENT_3D('',#6919,#6920,#6921);
#6919 = CARTESIAN_POINT('',(0.5,0.4,0.35));
#6920 = DIRECTION('',(0.,0.,1.));
#6921 = DIRECTION('',(-1.,1.224646799147E-16,0.));
#6922 = ADVANCED_FACE('',(#6923),#6929,.T.);
#6923 = FACE_BOUND('',#6924,.T.);
#6924 = EDGE_LOOP('',(#6925,#6926,#6927,#6928));
#6925 = ORIENTED_EDGE('',*,*,#6912,.T.);
#6926 = ORIENTED_EDGE('',*,*,#6294,.T.);
#6927 = ORIENTED_EDGE('',*,*,#6831,.F.);
#6928 = ORIENTED_EDGE('',*,*,#4798,.F.);
#6929 = CYLINDRICAL_SURFACE('',#6930,2.E-02);
#6930 = AXIS2_PLACEMENT_3D('',#6931,#6932,#6933);
#6931 = CARTESIAN_POINT('',(0.42,0.1,0.33));
#6932 = DIRECTION('',(1.224646799147E-16,1.,0.));
#6933 = DIRECTION('',(0.,-0.,1.));
#6934 = ADVANCED_FACE('',(#6935),#6946,.F.);
#6935 = FACE_BOUND('',#6936,.F.);
#6936 = EDGE_LOOP('',(#6937,#6938,#6944,#6945));
#6937 = ORIENTED_EDGE('',*,*,#5885,.F.);
#6938 = ORIENTED_EDGE('',*,*,#6939,.F.);
#6939 = EDGE_CURVE('',#4955,#5877,#6940,.T.);
#6940 = LINE('',#6941,#6942);
#6941 = CARTESIAN_POINT('',(-0.4,0.4,0.33));
#6942 = VECTOR('',#6943,1.);
#6943 = DIRECTION('',(0.,-1.,0.));
#6944 = ORIENTED_EDGE('',*,*,#4963,.F.);
#6945 = ORIENTED_EDGE('',*,*,#4991,.T.);
#6946 = PLANE('',#6947);
#6947 = AXIS2_PLACEMENT_3D('',#6948,#6949,#6950);
#6948 = CARTESIAN_POINT('',(-0.4,0.46,0.35));
#6949 = DIRECTION('',(-1.,0.,0.));
#6950 = DIRECTION('',(0.,-1.,0.));
#6951 = ADVANCED_FACE('',(#6952),#6958,.T.);
#6952 = FACE_BOUND('',#6953,.T.);
#6953 = EDGE_LOOP('',(#6954,#6955,#6956,#6957));
#6954 = ORIENTED_EDGE('',*,*,#6804,.T.);
#6955 = ORIENTED_EDGE('',*,*,#5876,.T.);
#6956 = ORIENTED_EDGE('',*,*,#6939,.F.);
#6957 = ORIENTED_EDGE('',*,*,#4954,.F.);
#6958 = CYLINDRICAL_SURFACE('',#6959,2.E-02);
#6959 = AXIS2_PLACEMENT_3D('',#6960,#6961,#6962);
#6960 = CARTESIAN_POINT('',(-0.42,0.4,0.33));
#6961 = DIRECTION('',(0.,-1.,0.));
#6962 = DIRECTION('',(0.,0.,1.));
#6963 = ADVANCED_FACE('',(#6964),#6975,.F.);
#6964 = FACE_BOUND('',#6965,.F.);
#6965 = EDGE_LOOP('',(#6966,#6967,#6968,#6974));
#6966 = ORIENTED_EDGE('',*,*,#5033,.T.);
#6967 = ORIENTED_EDGE('',*,*,#5162,.T.);
#6968 = ORIENTED_EDGE('',*,*,#6969,.F.);
#6969 = EDGE_CURVE('',#5821,#5154,#6970,.T.);
#6970 = LINE('',#6971,#6972);
#6971 = CARTESIAN_POINT('',(-0.4,0.68,0.33));
#6972 = VECTOR('',#6973,1.);
#6973 = DIRECTION('',(0.,-1.,0.));
#6974 = ORIENTED_EDGE('',*,*,#5820,.T.);
#6975 = PLANE('',#6976);
#6976 = AXIS2_PLACEMENT_3D('',#6977,#6978,#6979);
#6977 = CARTESIAN_POINT('',(-0.4,0.68,0.35));
#6978 = DIRECTION('',(-1.,0.,0.));
#6979 = DIRECTION('',(0.,-1.,0.));
#6980 = ADVANCED_FACE('',(#6981),#6992,.F.);
#6981 = FACE_BOUND('',#6982,.F.);
#6982 = EDGE_LOOP('',(#6983,#6984,#6985,#6991));
#6983 = ORIENTED_EDGE('',*,*,#5194,.T.);
#6984 = ORIENTED_EDGE('',*,*,#5092,.T.);
#6985 = ORIENTED_EDGE('',*,*,#6986,.F.);
#6986 = EDGE_CURVE('',#6222,#5084,#6987,.T.);
#6987 = LINE('',#6988,#6989);
#6988 = CARTESIAN_POINT('',(0.4,0.34,0.33));
#6989 = VECTOR('',#6990,1.);
#6990 = DIRECTION('',(1.224646799147E-16,1.,0.));
#6991 = ORIENTED_EDGE('',*,*,#6221,.T.);
#6992 = PLANE('',#6993);
#6993 = AXIS2_PLACEMENT_3D('',#6994,#6995,#6996);
#6994 = CARTESIAN_POINT('',(0.4,0.34,0.35));
#6995 = DIRECTION('',(1.,-1.224646799147E-16,0.));
#6996 = DIRECTION('',(1.224646799147E-16,1.,0.));
#6997 = ADVANCED_FACE('',(#6998),#7004,.T.);
#6998 = FACE_BOUND('',#6999,.T.);
#6999 = EDGE_LOOP('',(#7000,#7001,#7002,#7003));
#7000 = ORIENTED_EDGE('',*,*,#6901,.T.);
#7001 = ORIENTED_EDGE('',*,*,#5083,.T.);
#7002 = ORIENTED_EDGE('',*,*,#6986,.F.);
#7003 = ORIENTED_EDGE('',*,*,#6229,.F.);
#7004 = CYLINDRICAL_SURFACE('',#7005,2.E-02);
#7005 = AXIS2_PLACEMENT_3D('',#7006,#7007,#7008);
#7006 = CARTESIAN_POINT('',(0.42,0.34,0.33));
#7007 = DIRECTION('',(1.224646799147E-16,1.,0.));
#7008 = DIRECTION('',(0.,-0.,1.));
#7009 = ADVANCED_FACE('',(#7010),#7021,.T.);
#7010 = FACE_BOUND('',#7011,.T.);
#7011 = EDGE_LOOP('',(#7012,#7018,#7019,#7020));
#7012 = ORIENTED_EDGE('',*,*,#7013,.T.);
#7013 = EDGE_CURVE('',#5120,#5473,#7014,.T.);
#7014 = LINE('',#7015,#7016);
#7015 = CARTESIAN_POINT('',(-0.5,0.6,2.E-02));
#7016 = VECTOR('',#7017,1.);
#7017 = DIRECTION('',(0.,1.,0.));
#7018 = ORIENTED_EDGE('',*,*,#5472,.T.);
#7019 = ORIENTED_EDGE('',*,*,#5262,.F.);
#7020 = ORIENTED_EDGE('',*,*,#5119,.F.);
#7021 = CYLINDRICAL_SURFACE('',#7022,2.E-02);
#7022 = AXIS2_PLACEMENT_3D('',#7023,#7024,#7025);
#7023 = CARTESIAN_POINT('',(-0.48,0.6,2.E-02));
#7024 = DIRECTION('',(0.,1.,0.));
#7025 = DIRECTION('',(-1.,0.,0.));
#7026 = ADVANCED_FACE('',(#7027),#7038,.F.);
#7027 = FACE_BOUND('',#7028,.F.);
#7028 = EDGE_LOOP('',(#7029,#7030,#7031,#7032));
#7029 = ORIENTED_EDGE('',*,*,#5128,.F.);
#7030 = ORIENTED_EDGE('',*,*,#7013,.T.);
#7031 = ORIENTED_EDGE('',*,*,#5481,.T.);
#7032 = ORIENTED_EDGE('',*,*,#7033,.F.);
#7033 = EDGE_CURVE('',#5129,#5482,#7034,.T.);
#7034 = LINE('',#7035,#7036);
#7035 = CARTESIAN_POINT('',(-0.5,0.6,0.33));
#7036 = VECTOR('',#7037,1.);
#7037 = DIRECTION('',(0.,1.,0.));
#7038 = PLANE('',#7039);
#7039 = AXIS2_PLACEMENT_3D('',#7040,#7041,#7042);
#7040 = CARTESIAN_POINT('',(-0.5,0.6,0.));
#7041 = DIRECTION('',(1.,0.,0.));
#7042 = DIRECTION('',(0.,0.,1.));
#7043 = ADVANCED_FACE('',(#7044),#7055,.T.);
#7044 = FACE_BOUND('',#7045,.T.);
#7045 = EDGE_LOOP('',(#7046,#7047,#7053,#7054));
#7046 = ORIENTED_EDGE('',*,*,#5136,.T.);
#7047 = ORIENTED_EDGE('',*,*,#7048,.T.);
#7048 = EDGE_CURVE('',#5137,#5490,#7049,.T.);
#7049 = LINE('',#7050,#7051);
#7050 = CARTESIAN_POINT('',(-0.48,0.6,0.35));
#7051 = VECTOR('',#7052,1.);
#7052 = DIRECTION('',(0.,1.,0.));
#7053 = ORIENTED_EDGE('',*,*,#5489,.F.);
#7054 = ORIENTED_EDGE('',*,*,#7033,.F.);
#7055 = CYLINDRICAL_SURFACE('',#7056,2.E-02);
#7056 = AXIS2_PLACEMENT_3D('',#7057,#7058,#7059);
#7057 = CARTESIAN_POINT('',(-0.48,0.6,0.33));
#7058 = DIRECTION('',(0.,1.,0.));
#7059 = DIRECTION('',(-1.,0.,0.));
#7060 = ADVANCED_FACE('',(#7061),#7083,.T.);
#7061 = FACE_BOUND('',#7062,.T.);
#7062 = EDGE_LOOP('',(#7063,#7064,#7065,#7066,#7072,#7073,#7074,#7075,
    #7076,#7077));
#7063 = ORIENTED_EDGE('',*,*,#5498,.F.);
#7064 = ORIENTED_EDGE('',*,*,#7048,.F.);
#7065 = ORIENTED_EDGE('',*,*,#5145,.T.);
#7066 = ORIENTED_EDGE('',*,*,#7067,.F.);
#7067 = EDGE_CURVE('',#5829,#5146,#7068,.T.);
#7068 = LINE('',#7069,#7070);
#7069 = CARTESIAN_POINT('',(-0.42,0.68,0.35));
#7070 = VECTOR('',#7071,1.);
#7071 = DIRECTION('',(0.,-1.,0.));
#7072 = ORIENTED_EDGE('',*,*,#5837,.F.);
#7073 = ORIENTED_EDGE('',*,*,#5809,.F.);
#7074 = ORIENTED_EDGE('',*,*,#5795,.T.);
#7075 = ORIENTED_EDGE('',*,*,#5743,.F.);
#7076 = ORIENTED_EDGE('',*,*,#5751,.T.);
#7077 = ORIENTED_EDGE('',*,*,#7078,.F.);
#7078 = EDGE_CURVE('',#5499,#5752,#7079,.T.);
#7079 = LINE('',#7080,#7081);
#7080 = CARTESIAN_POINT('',(-0.42,1.,0.35));
#7081 = VECTOR('',#7082,1.);
#7082 = DIRECTION('',(0.,-1.,0.));
#7083 = PLANE('',#7084);
#7084 = AXIS2_PLACEMENT_3D('',#7085,#7086,#7087);
#7085 = CARTESIAN_POINT('',(-0.5,0.6,0.35));
#7086 = DIRECTION('',(0.,0.,1.));
#7087 = DIRECTION('',(1.,0.,-0.));
#7088 = ADVANCED_FACE('',(#7089),#7095,.T.);
#7089 = FACE_BOUND('',#7090,.T.);
#7090 = EDGE_LOOP('',(#7091,#7092,#7093,#7094));
#7091 = ORIENTED_EDGE('',*,*,#7067,.T.);
#7092 = ORIENTED_EDGE('',*,*,#5153,.T.);
#7093 = ORIENTED_EDGE('',*,*,#6969,.F.);
#7094 = ORIENTED_EDGE('',*,*,#5828,.F.);
#7095 = CYLINDRICAL_SURFACE('',#7096,2.E-02);
#7096 = AXIS2_PLACEMENT_3D('',#7097,#7098,#7099);
#7097 = CARTESIAN_POINT('',(-0.42,0.68,0.33));
#7098 = DIRECTION('',(0.,-1.,0.));
#7099 = DIRECTION('',(0.,0.,1.));
#7100 = ADVANCED_FACE('',(#7101),#7112,.F.);
#7101 = FACE_BOUND('',#7102,.F.);
#7102 = EDGE_LOOP('',(#7103,#7104,#7110,#7111));
#7103 = ORIENTED_EDGE('',*,*,#6186,.F.);
#7104 = ORIENTED_EDGE('',*,*,#7105,.F.);
#7105 = EDGE_CURVE('',#5351,#6178,#7106,.T.);
#7106 = LINE('',#7107,#7108);
#7107 = CARTESIAN_POINT('',(0.4,0.6,0.33));
#7108 = VECTOR('',#7109,1.);
#7109 = DIRECTION('',(1.224646799147E-16,1.,0.));
#7110 = ORIENTED_EDGE('',*,*,#5359,.F.);
#7111 = ORIENTED_EDGE('',*,*,#5230,.T.);
#7112 = PLANE('',#7113);
#7113 = AXIS2_PLACEMENT_3D('',#7114,#7115,#7116);
#7114 = CARTESIAN_POINT('',(0.4,0.52,0.35));
#7115 = DIRECTION('',(1.,-1.224646799147E-16,0.));
#7116 = DIRECTION('',(1.224646799147E-16,1.,0.));
#7117 = ADVANCED_FACE('',(#7118),#7129,.T.);
#7118 = FACE_BOUND('',#7119,.T.);
#7119 = EDGE_LOOP('',(#7120,#7126,#7127,#7128));
#7120 = ORIENTED_EDGE('',*,*,#7121,.T.);
#7121 = EDGE_CURVE('',#5534,#5317,#7122,.T.);
#7122 = LINE('',#7123,#7124);
#7123 = CARTESIAN_POINT('',(0.5,1.,2.E-02));
#7124 = VECTOR('',#7125,1.);
#7125 = DIRECTION('',(-1.224646799147E-16,-1.,0.));
#7126 = ORIENTED_EDGE('',*,*,#5316,.T.);
#7127 = ORIENTED_EDGE('',*,*,#5435,.F.);
#7128 = ORIENTED_EDGE('',*,*,#5533,.F.);
#7129 = CYLINDRICAL_SURFACE('',#7130,2.E-02);
#7130 = AXIS2_PLACEMENT_3D('',#7131,#7132,#7133);
#7131 = CARTESIAN_POINT('',(0.48,1.,2.E-02));
#7132 = DIRECTION('',(-1.224646799147E-16,-1.,0.));
#7133 = DIRECTION('',(1.,-1.224646799147E-16,0.));
#7134 = ADVANCED_FACE('',(#7135),#7146,.F.);
#7135 = FACE_BOUND('',#7136,.F.);
#7136 = EDGE_LOOP('',(#7137,#7138,#7139,#7140));
#7137 = ORIENTED_EDGE('',*,*,#5542,.F.);
#7138 = ORIENTED_EDGE('',*,*,#7121,.T.);
#7139 = ORIENTED_EDGE('',*,*,#5325,.T.);
#7140 = ORIENTED_EDGE('',*,*,#7141,.F.);
#7141 = EDGE_CURVE('',#5543,#5326,#7142,.T.);
#7142 = LINE('',#7143,#7144);
#7143 = CARTESIAN_POINT('',(0.5,1.,0.33));
#7144 = VECTOR('',#7145,1.);
#7145 = DIRECTION('',(-1.224646799147E-16,-1.,0.));
#7146 = PLANE('',#7147);
#7147 = AXIS2_PLACEMENT_3D('',#7148,#7149,#7150);
#7148 = CARTESIAN_POINT('',(0.5,1.,0.));
#7149 = DIRECTION('',(-1.,1.224646799147E-16,0.));
#7150 = DIRECTION('',(0.,0.,1.));
#7151 = ADVANCED_FACE('',(#7152),#7163,.T.);
#7152 = FACE_BOUND('',#7153,.T.);
#7153 = EDGE_LOOP('',(#7154,#7155,#7161,#7162));
#7154 = ORIENTED_EDGE('',*,*,#5550,.T.);
#7155 = ORIENTED_EDGE('',*,*,#7156,.T.);
#7156 = EDGE_CURVE('',#5551,#5334,#7157,.T.);
#7157 = LINE('',#7158,#7159);
#7158 = CARTESIAN_POINT('',(0.48,1.,0.35));
#7159 = VECTOR('',#7160,1.);
#7160 = DIRECTION('',(-1.224646799147E-16,-1.,0.));
#7161 = ORIENTED_EDGE('',*,*,#5333,.F.);
#7162 = ORIENTED_EDGE('',*,*,#7141,.F.);
#7163 = CYLINDRICAL_SURFACE('',#7164,2.E-02);
#7164 = AXIS2_PLACEMENT_3D('',#7165,#7166,#7167);
#7165 = CARTESIAN_POINT('',(0.48,1.,0.33));
#7166 = DIRECTION('',(-1.224646799147E-16,-1.,0.));
#7167 = DIRECTION('',(1.,-1.224646799147E-16,0.));
#7168 = ADVANCED_FACE('',(#7169),#7191,.T.);
#7169 = FACE_BOUND('',#7170,.T.);
#7170 = EDGE_LOOP('',(#7171,#7172,#7173,#7174,#7180,#7181,#7182,#7183,
    #7184,#7185));
#7171 = ORIENTED_EDGE('',*,*,#5342,.F.);
#7172 = ORIENTED_EDGE('',*,*,#7156,.F.);
#7173 = ORIENTED_EDGE('',*,*,#5559,.T.);
#7174 = ORIENTED_EDGE('',*,*,#7175,.F.);
#7175 = EDGE_CURVE('',#6113,#5560,#7176,.T.);
#7176 = LINE('',#7177,#7178);
#7177 = CARTESIAN_POINT('',(0.42,0.92,0.35));
#7178 = VECTOR('',#7179,1.);
#7179 = DIRECTION('',(1.224646799147E-16,1.,0.));
#7180 = ORIENTED_EDGE('',*,*,#6121,.F.);
#7181 = ORIENTED_EDGE('',*,*,#6085,.F.);
#7182 = ORIENTED_EDGE('',*,*,#6146,.T.);
#7183 = ORIENTED_EDGE('',*,*,#6161,.F.);
#7184 = ORIENTED_EDGE('',*,*,#6169,.T.);
#7185 = ORIENTED_EDGE('',*,*,#7186,.F.);
#7186 = EDGE_CURVE('',#5343,#6170,#7187,.T.);
#7187 = LINE('',#7188,#7189);
#7188 = CARTESIAN_POINT('',(0.42,0.6,0.35));
#7189 = VECTOR('',#7190,1.);
#7190 = DIRECTION('',(1.224646799147E-16,1.,0.));
#7191 = PLANE('',#7192);
#7192 = AXIS2_PLACEMENT_3D('',#7193,#7194,#7195);
#7193 = CARTESIAN_POINT('',(0.5,1.,0.35));
#7194 = DIRECTION('',(0.,0.,1.));
#7195 = DIRECTION('',(-1.,1.224646799147E-16,0.));
#7196 = ADVANCED_FACE('',(#7197),#7203,.T.);
#7197 = FACE_BOUND('',#7198,.T.);
#7198 = EDGE_LOOP('',(#7199,#7200,#7201,#7202));
#7199 = ORIENTED_EDGE('',*,*,#7186,.T.);
#7200 = ORIENTED_EDGE('',*,*,#6177,.T.);
#7201 = ORIENTED_EDGE('',*,*,#7105,.F.);
#7202 = ORIENTED_EDGE('',*,*,#5350,.F.);
#7203 = CYLINDRICAL_SURFACE('',#7204,2.E-02);
#7204 = AXIS2_PLACEMENT_3D('',#7205,#7206,#7207);
#7205 = CARTESIAN_POINT('',(0.42,0.6,0.33));
#7206 = DIRECTION('',(1.224646799147E-16,1.,0.));
#7207 = DIRECTION('',(0.,-0.,1.));
#7208 = ADVANCED_FACE('',(#7209),#7220,.F.);
#7209 = FACE_BOUND('',#7210,.F.);
#7210 = EDGE_LOOP('',(#7211,#7212,#7218,#7219));
#7211 = ORIENTED_EDGE('',*,*,#5768,.F.);
#7212 = ORIENTED_EDGE('',*,*,#7213,.F.);
#7213 = EDGE_CURVE('',#5507,#5760,#7214,.T.);
#7214 = LINE('',#7215,#7216);
#7215 = CARTESIAN_POINT('',(-0.4,1.,0.33));
#7216 = VECTOR('',#7217,1.);
#7217 = DIRECTION('',(0.,-1.,0.));
#7218 = ORIENTED_EDGE('',*,*,#5515,.F.);
#7219 = ORIENTED_EDGE('',*,*,#5609,.T.);
#7220 = PLANE('',#7221);
#7221 = AXIS2_PLACEMENT_3D('',#7222,#7223,#7224);
#7222 = CARTESIAN_POINT('',(-0.4,1.08,0.35));
#7223 = DIRECTION('',(-1.,0.,0.));
#7224 = DIRECTION('',(0.,-1.,0.));
#7225 = ADVANCED_FACE('',(#7226),#7232,.T.);
#7226 = FACE_BOUND('',#7227,.T.);
#7227 = EDGE_LOOP('',(#7228,#7229,#7230,#7231));
#7228 = ORIENTED_EDGE('',*,*,#7078,.T.);
#7229 = ORIENTED_EDGE('',*,*,#5759,.T.);
#7230 = ORIENTED_EDGE('',*,*,#7213,.F.);
#7231 = ORIENTED_EDGE('',*,*,#5506,.F.);
#7232 = CYLINDRICAL_SURFACE('',#7233,2.E-02);
#7233 = AXIS2_PLACEMENT_3D('',#7234,#7235,#7236);
#7234 = CARTESIAN_POINT('',(-0.42,1.,0.33));
#7235 = DIRECTION('',(0.,-1.,0.));
#7236 = DIRECTION('',(0.,0.,1.));
#7237 = ADVANCED_FACE('',(#7238),#7249,.F.);
#7238 = FACE_BOUND('',#7239,.F.);
#7239 = EDGE_LOOP('',(#7240,#7241,#7242,#7248));
#7240 = ORIENTED_EDGE('',*,*,#5633,.T.);
#7241 = ORIENTED_EDGE('',*,*,#5576,.T.);
#7242 = ORIENTED_EDGE('',*,*,#7243,.F.);
#7243 = EDGE_CURVE('',#6105,#5568,#7244,.T.);
#7244 = LINE('',#7245,#7246);
#7245 = CARTESIAN_POINT('',(0.4,0.92,0.33));
#7246 = VECTOR('',#7247,1.);
#7247 = DIRECTION('',(1.224646799147E-16,1.,0.));
#7248 = ORIENTED_EDGE('',*,*,#6104,.T.);
#7249 = PLANE('',#7250);
#7250 = AXIS2_PLACEMENT_3D('',#7251,#7252,#7253);
#7251 = CARTESIAN_POINT('',(0.4,0.92,0.35));
#7252 = DIRECTION('',(1.,-1.224646799147E-16,0.));
#7253 = DIRECTION('',(1.224646799147E-16,1.,0.));
#7254 = ADVANCED_FACE('',(#7255),#7261,.T.);
#7255 = FACE_BOUND('',#7256,.T.);
#7256 = EDGE_LOOP('',(#7257,#7258,#7259,#7260));
#7257 = ORIENTED_EDGE('',*,*,#7175,.T.);
#7258 = ORIENTED_EDGE('',*,*,#5567,.T.);
#7259 = ORIENTED_EDGE('',*,*,#7243,.F.);
#7260 = ORIENTED_EDGE('',*,*,#6112,.F.);
#7261 = CYLINDRICAL_SURFACE('',#7262,2.E-02);
#7262 = AXIS2_PLACEMENT_3D('',#7263,#7264,#7265);
#7263 = CARTESIAN_POINT('',(0.42,0.92,0.33));
#7264 = DIRECTION('',(1.224646799147E-16,1.,0.));
#7265 = DIRECTION('',(0.,-0.,1.));
#7266 = ( GEOMETRIC_REPRESENTATION_CONTEXT(3) 
GLOBAL_UNCERTAINTY_ASSIGNED_CONTEXT((#7270)) 
GLOBAL_UNIT_ASSIGNED_CONTEXT((#7267,#7268,#7269)) REPRESENTATION_CONTEXT
('Context #1','3D Context with UNIT and UNCERTAINTY') );
#7267 = ( LENGTH_UNIT() NAMED_UNIT(*) SI_UNIT(.MILLI.,.METRE.) );
#7268 = ( NAMED_UNIT(*) PLANE_ANGLE_UNIT() SI_UNIT($,.RADIAN.) );
#7269 = ( NAMED_UNIT(*) SI_UNIT($,.STERADIAN.) SOLID_ANGLE_UNIT() );
#7270 = UNCERTAINTY_MEASURE_WITH_UNIT(LENGTH_MEASURE(1.E-07),#7267,
  'distance_accuracy_value','confusion accuracy');
#7271 = CONTEXT_DEPENDENT_SHAPE_REPRESENTATION(#7272,#7274);
#7272 = ( REPRESENTATION_RELATIONSHIP('','',#63,#40) 
REPRESENTATION_RELATIONSHIP_WITH_TRANSFORMATION(#7273) 
SHAPE_REPRESENTATION_RELATIONSHIP() );
#7273 = ITEM_DEFINED_TRANSFORMATION('','',#11,#41);
#7274 = PRODUCT_DEFINITION_SHAPE('Placement','Placement of an item',
  #7275);
#7275 = NEXT_ASSEMBLY_USAGE_OCCURRENCE('1','=>[0:1:1:3]','',#35,#58,$);
#7276 = PRODUCT_RELATED_PRODUCT_CATEGORY('part',$,(#60));
#7277 = SHAPE_DEFINITION_REPRESENTATION(#7278,#7284);
#7278 = PRODUCT_DEFINITION_SHAPE('','',#7279);
#7279 = PRODUCT_DEFINITION('design','',#7280,#7283);
#7280 = PRODUCT_DEFINITION_FORMATION('','',#7281);
#7281 = PRODUCT(
  'electronic_resistor_array_4_x_0402_convex_3_ohm_8_pin_render_pad',
  'electronic_resistor_array_4_x_0402_convex_3_ohm_8_pin_render_pad','',
  (#7282));
#7282 = PRODUCT_CONTEXT('',#2,'mechanical');
#7283 = PRODUCT_DEFINITION_CONTEXT('part definition',#2,'design');
#7284 = SHAPE_REPRESENTATION('',(#11,#7285,#7435,#7585,#7735,#7885,#8035
    ,#8185,#8335),#8485);
#7285 = MANIFOLD_SOLID_BREP('',#7286);
#7286 = CLOSED_SHELL('',(#7287,#7327,#7358,#7389,#7411,#7423));
#7287 = ADVANCED_FACE('',(#7288),#7322,.T.);
#7288 = FACE_BOUND('',#7289,.T.);
#7289 = EDGE_LOOP('',(#7290,#7300,#7308,#7316));
#7290 = ORIENTED_EDGE('',*,*,#7291,.T.);
#7291 = EDGE_CURVE('',#7292,#7294,#7296,.T.);
#7292 = VERTEX_POINT('',#7293);
#7293 = CARTESIAN_POINT('',(-0.75,0.55,1.51));
#7294 = VERTEX_POINT('',#7295);
#7295 = CARTESIAN_POINT('',(-0.75,0.55,1.55));
#7296 = LINE('',#7297,#7298);
#7297 = CARTESIAN_POINT('',(-0.75,0.55,1.51));
#7298 = VECTOR('',#7299,1.);
#7299 = DIRECTION('',(0.,0.,1.));
#7300 = ORIENTED_EDGE('',*,*,#7301,.T.);
#7301 = EDGE_CURVE('',#7294,#7302,#7304,.T.);
#7302 = VERTEX_POINT('',#7303);
#7303 = CARTESIAN_POINT('',(-0.75,0.95,1.55));
#7304 = LINE('',#7305,#7306);
#7305 = CARTESIAN_POINT('',(-0.75,0.55,1.55));
#7306 = VECTOR('',#7307,1.);
#7307 = DIRECTION('',(0.,1.,0.));
#7308 = ORIENTED_EDGE('',*,*,#7309,.F.);
#7309 = EDGE_CURVE('',#7310,#7302,#7312,.T.);
#7310 = VERTEX_POINT('',#7311);
#7311 = CARTESIAN_POINT('',(-0.75,0.95,1.51));
#7312 = LINE('',#7313,#7314);
#7313 = CARTESIAN_POINT('',(-0.75,0.95,1.51));
#7314 = VECTOR('',#7315,1.);
#7315 = DIRECTION('',(0.,0.,1.));
#7316 = ORIENTED_EDGE('',*,*,#7317,.F.);
#7317 = EDGE_CURVE('',#7292,#7310,#7318,.T.);
#7318 = LINE('',#7319,#7320);
#7319 = CARTESIAN_POINT('',(-0.75,0.55,1.51));
#7320 = VECTOR('',#7321,1.);
#7321 = DIRECTION('',(0.,1.,0.));
#7322 = PLANE('',#7323);
#7323 = AXIS2_PLACEMENT_3D('',#7324,#7325,#7326);
#7324 = CARTESIAN_POINT('',(-0.75,0.55,1.51));
#7325 = DIRECTION('',(-1.,0.,0.));
#7326 = DIRECTION('',(0.,1.,0.));
#7327 = ADVANCED_FACE('',(#7328),#7353,.T.);
#7328 = FACE_BOUND('',#7329,.T.);
#7329 = EDGE_LOOP('',(#7330,#7331,#7339,#7347));
#7330 = ORIENTED_EDGE('',*,*,#7309,.T.);
#7331 = ORIENTED_EDGE('',*,*,#7332,.T.);
#7332 = EDGE_CURVE('',#7302,#7333,#7335,.T.);
#7333 = VERTEX_POINT('',#7334);
#7334 = CARTESIAN_POINT('',(-0.25,0.95,1.55));
#7335 = LINE('',#7336,#7337);
#7336 = CARTESIAN_POINT('',(-0.75,0.95,1.55));
#7337 = VECTOR('',#7338,1.);
#7338 = DIRECTION('',(1.,0.,0.));
#7339 = ORIENTED_EDGE('',*,*,#7340,.F.);
#7340 = EDGE_CURVE('',#7341,#7333,#7343,.T.);
#7341 = VERTEX_POINT('',#7342);
#7342 = CARTESIAN_POINT('',(-0.25,0.95,1.51));
#7343 = LINE('',#7344,#7345);
#7344 = CARTESIAN_POINT('',(-0.25,0.95,1.51));
#7345 = VECTOR('',#7346,1.);
#7346 = DIRECTION('',(0.,0.,1.));
#7347 = ORIENTED_EDGE('',*,*,#7348,.F.);
#7348 = EDGE_CURVE('',#7310,#7341,#7349,.T.);
#7349 = LINE('',#7350,#7351);
#7350 = CARTESIAN_POINT('',(-0.75,0.95,1.51));
#7351 = VECTOR('',#7352,1.);
#7352 = DIRECTION('',(1.,0.,0.));
#7353 = PLANE('',#7354);
#7354 = AXIS2_PLACEMENT_3D('',#7355,#7356,#7357);
#7355 = CARTESIAN_POINT('',(-0.75,0.95,1.51));
#7356 = DIRECTION('',(0.,1.,0.));
#7357 = DIRECTION('',(1.,0.,0.));
#7358 = ADVANCED_FACE('',(#7359),#7384,.T.);
#7359 = FACE_BOUND('',#7360,.T.);
#7360 = EDGE_LOOP('',(#7361,#7362,#7370,#7378));
#7361 = ORIENTED_EDGE('',*,*,#7340,.T.);
#7362 = ORIENTED_EDGE('',*,*,#7363,.T.);
#7363 = EDGE_CURVE('',#7333,#7364,#7366,.T.);
#7364 = VERTEX_POINT('',#7365);
#7365 = CARTESIAN_POINT('',(-0.25,0.55,1.55));
#7366 = LINE('',#7367,#7368);
#7367 = CARTESIAN_POINT('',(-0.25,0.95,1.55));
#7368 = VECTOR('',#7369,1.);
#7369 = DIRECTION('',(0.,-1.,0.));
#7370 = ORIENTED_EDGE('',*,*,#7371,.F.);
#7371 = EDGE_CURVE('',#7372,#7364,#7374,.T.);
#7372 = VERTEX_POINT('',#7373);
#7373 = CARTESIAN_POINT('',(-0.25,0.55,1.51));
#7374 = LINE('',#7375,#7376);
#7375 = CARTESIAN_POINT('',(-0.25,0.55,1.51));
#7376 = VECTOR('',#7377,1.);
#7377 = DIRECTION('',(0.,0.,1.));
#7378 = ORIENTED_EDGE('',*,*,#7379,.F.);
#7379 = EDGE_CURVE('',#7341,#7372,#7380,.T.);
#7380 = LINE('',#7381,#7382);
#7381 = CARTESIAN_POINT('',(-0.25,0.95,1.51));
#7382 = VECTOR('',#7383,1.);
#7383 = DIRECTION('',(0.,-1.,0.));
#7384 = PLANE('',#7385);
#7385 = AXIS2_PLACEMENT_3D('',#7386,#7387,#7388);
#7386 = CARTESIAN_POINT('',(-0.25,0.95,1.51));
#7387 = DIRECTION('',(1.,0.,-0.));
#7388 = DIRECTION('',(0.,-1.,0.));
#7389 = ADVANCED_FACE('',(#7390),#7406,.T.);
#7390 = FACE_BOUND('',#7391,.T.);
#7391 = EDGE_LOOP('',(#7392,#7393,#7399,#7400));
#7392 = ORIENTED_EDGE('',*,*,#7371,.T.);
#7393 = ORIENTED_EDGE('',*,*,#7394,.T.);
#7394 = EDGE_CURVE('',#7364,#7294,#7395,.T.);
#7395 = LINE('',#7396,#7397);
#7396 = CARTESIAN_POINT('',(-0.25,0.55,1.55));
#7397 = VECTOR('',#7398,1.);
#7398 = DIRECTION('',(-1.,0.,0.));
#7399 = ORIENTED_EDGE('',*,*,#7291,.F.);
#7400 = ORIENTED_EDGE('',*,*,#7401,.F.);
#7401 = EDGE_CURVE('',#7372,#7292,#7402,.T.);
#7402 = LINE('',#7403,#7404);
#7403 = CARTESIAN_POINT('',(-0.25,0.55,1.51));
#7404 = VECTOR('',#7405,1.);
#7405 = DIRECTION('',(-1.,0.,0.));
#7406 = PLANE('',#7407);
#7407 = AXIS2_PLACEMENT_3D('',#7408,#7409,#7410);
#7408 = CARTESIAN_POINT('',(-0.25,0.55,1.51));
#7409 = DIRECTION('',(0.,-1.,0.));
#7410 = DIRECTION('',(-1.,0.,0.));
#7411 = ADVANCED_FACE('',(#7412),#7418,.F.);
#7412 = FACE_BOUND('',#7413,.T.);
#7413 = EDGE_LOOP('',(#7414,#7415,#7416,#7417));
#7414 = ORIENTED_EDGE('',*,*,#7317,.T.);
#7415 = ORIENTED_EDGE('',*,*,#7348,.T.);
#7416 = ORIENTED_EDGE('',*,*,#7379,.T.);
#7417 = ORIENTED_EDGE('',*,*,#7401,.T.);
#7418 = PLANE('',#7419);
#7419 = AXIS2_PLACEMENT_3D('',#7420,#7421,#7422);
#7420 = CARTESIAN_POINT('',(0.,0.,1.51));
#7421 = DIRECTION('',(0.,0.,1.));
#7422 = DIRECTION('',(1.,0.,-0.));
#7423 = ADVANCED_FACE('',(#7424),#7430,.T.);
#7424 = FACE_BOUND('',#7425,.F.);
#7425 = EDGE_LOOP('',(#7426,#7427,#7428,#7429));
#7426 = ORIENTED_EDGE('',*,*,#7301,.T.);
#7427 = ORIENTED_EDGE('',*,*,#7332,.T.);
#7428 = ORIENTED_EDGE('',*,*,#7363,.T.);
#7429 = ORIENTED_EDGE('',*,*,#7394,.T.);
#7430 = PLANE('',#7431);
#7431 = AXIS2_PLACEMENT_3D('',#7432,#7433,#7434);
#7432 = CARTESIAN_POINT('',(0.,0.,1.55));
#7433 = DIRECTION('',(0.,0.,1.));
#7434 = DIRECTION('',(1.,0.,-0.));
#7435 = MANIFOLD_SOLID_BREP('',#7436);
#7436 = CLOSED_SHELL('',(#7437,#7477,#7508,#7539,#7561,#7573));
#7437 = ADVANCED_FACE('',(#7438),#7472,.T.);
#7438 = FACE_BOUND('',#7439,.T.);
#7439 = EDGE_LOOP('',(#7440,#7450,#7458,#7466));
#7440 = ORIENTED_EDGE('',*,*,#7441,.T.);
#7441 = EDGE_CURVE('',#7442,#7444,#7446,.T.);
#7442 = VERTEX_POINT('',#7443);
#7443 = CARTESIAN_POINT('',(-0.75,0.1,1.51));
#7444 = VERTEX_POINT('',#7445);
#7445 = CARTESIAN_POINT('',(-0.75,0.1,1.55));
#7446 = LINE('',#7447,#7448);
#7447 = CARTESIAN_POINT('',(-0.75,0.1,1.51));
#7448 = VECTOR('',#7449,1.);
#7449 = DIRECTION('',(0.,0.,1.));
#7450 = ORIENTED_EDGE('',*,*,#7451,.T.);
#7451 = EDGE_CURVE('',#7444,#7452,#7454,.T.);
#7452 = VERTEX_POINT('',#7453);
#7453 = CARTESIAN_POINT('',(-0.75,0.4,1.55));
#7454 = LINE('',#7455,#7456);
#7455 = CARTESIAN_POINT('',(-0.75,0.1,1.55));
#7456 = VECTOR('',#7457,1.);
#7457 = DIRECTION('',(0.,1.,0.));
#7458 = ORIENTED_EDGE('',*,*,#7459,.F.);
#7459 = EDGE_CURVE('',#7460,#7452,#7462,.T.);
#7460 = VERTEX_POINT('',#7461);
#7461 = CARTESIAN_POINT('',(-0.75,0.4,1.51));
#7462 = LINE('',#7463,#7464);
#7463 = CARTESIAN_POINT('',(-0.75,0.4,1.51));
#7464 = VECTOR('',#7465,1.);
#7465 = DIRECTION('',(0.,0.,1.));
#7466 = ORIENTED_EDGE('',*,*,#7467,.F.);
#7467 = EDGE_CURVE('',#7442,#7460,#7468,.T.);
#7468 = LINE('',#7469,#7470);
#7469 = CARTESIAN_POINT('',(-0.75,0.1,1.51));
#7470 = VECTOR('',#7471,1.);
#7471 = DIRECTION('',(0.,1.,0.));
#7472 = PLANE('',#7473);
#7473 = AXIS2_PLACEMENT_3D('',#7474,#7475,#7476);
#7474 = CARTESIAN_POINT('',(-0.75,0.1,1.51));
#7475 = DIRECTION('',(-1.,0.,0.));
#7476 = DIRECTION('',(0.,1.,0.));
#7477 = ADVANCED_FACE('',(#7478),#7503,.T.);
#7478 = FACE_BOUND('',#7479,.T.);
#7479 = EDGE_LOOP('',(#7480,#7481,#7489,#7497));
#7480 = ORIENTED_EDGE('',*,*,#7459,.T.);
#7481 = ORIENTED_EDGE('',*,*,#7482,.T.);
#7482 = EDGE_CURVE('',#7452,#7483,#7485,.T.);
#7483 = VERTEX_POINT('',#7484);
#7484 = CARTESIAN_POINT('',(-0.25,0.4,1.55));
#7485 = LINE('',#7486,#7487);
#7486 = CARTESIAN_POINT('',(-0.75,0.4,1.55));
#7487 = VECTOR('',#7488,1.);
#7488 = DIRECTION('',(1.,0.,0.));
#7489 = ORIENTED_EDGE('',*,*,#7490,.F.);
#7490 = EDGE_CURVE('',#7491,#7483,#7493,.T.);
#7491 = VERTEX_POINT('',#7492);
#7492 = CARTESIAN_POINT('',(-0.25,0.4,1.51));
#7493 = LINE('',#7494,#7495);
#7494 = CARTESIAN_POINT('',(-0.25,0.4,1.51));
#7495 = VECTOR('',#7496,1.);
#7496 = DIRECTION('',(0.,0.,1.));
#7497 = ORIENTED_EDGE('',*,*,#7498,.F.);
#7498 = EDGE_CURVE('',#7460,#7491,#7499,.T.);
#7499 = LINE('',#7500,#7501);
#7500 = CARTESIAN_POINT('',(-0.75,0.4,1.51));
#7501 = VECTOR('',#7502,1.);
#7502 = DIRECTION('',(1.,0.,0.));
#7503 = PLANE('',#7504);
#7504 = AXIS2_PLACEMENT_3D('',#7505,#7506,#7507);
#7505 = CARTESIAN_POINT('',(-0.75,0.4,1.51));
#7506 = DIRECTION('',(0.,1.,0.));
#7507 = DIRECTION('',(1.,0.,0.));
#7508 = ADVANCED_FACE('',(#7509),#7534,.T.);
#7509 = FACE_BOUND('',#7510,.T.);
#7510 = EDGE_LOOP('',(#7511,#7512,#7520,#7528));
#7511 = ORIENTED_EDGE('',*,*,#7490,.T.);
#7512 = ORIENTED_EDGE('',*,*,#7513,.T.);
#7513 = EDGE_CURVE('',#7483,#7514,#7516,.T.);
#7514 = VERTEX_POINT('',#7515);
#7515 = CARTESIAN_POINT('',(-0.25,0.1,1.55));
#7516 = LINE('',#7517,#7518);
#7517 = CARTESIAN_POINT('',(-0.25,0.4,1.55));
#7518 = VECTOR('',#7519,1.);
#7519 = DIRECTION('',(0.,-1.,0.));
#7520 = ORIENTED_EDGE('',*,*,#7521,.F.);
#7521 = EDGE_CURVE('',#7522,#7514,#7524,.T.);
#7522 = VERTEX_POINT('',#7523);
#7523 = CARTESIAN_POINT('',(-0.25,0.1,1.51));
#7524 = LINE('',#7525,#7526);
#7525 = CARTESIAN_POINT('',(-0.25,0.1,1.51));
#7526 = VECTOR('',#7527,1.);
#7527 = DIRECTION('',(0.,0.,1.));
#7528 = ORIENTED_EDGE('',*,*,#7529,.F.);
#7529 = EDGE_CURVE('',#7491,#7522,#7530,.T.);
#7530 = LINE('',#7531,#7532);
#7531 = CARTESIAN_POINT('',(-0.25,0.4,1.51));
#7532 = VECTOR('',#7533,1.);
#7533 = DIRECTION('',(0.,-1.,0.));
#7534 = PLANE('',#7535);
#7535 = AXIS2_PLACEMENT_3D('',#7536,#7537,#7538);
#7536 = CARTESIAN_POINT('',(-0.25,0.4,1.51));
#7537 = DIRECTION('',(1.,0.,-0.));
#7538 = DIRECTION('',(0.,-1.,0.));
#7539 = ADVANCED_FACE('',(#7540),#7556,.T.);
#7540 = FACE_BOUND('',#7541,.T.);
#7541 = EDGE_LOOP('',(#7542,#7543,#7549,#7550));
#7542 = ORIENTED_EDGE('',*,*,#7521,.T.);
#7543 = ORIENTED_EDGE('',*,*,#7544,.T.);
#7544 = EDGE_CURVE('',#7514,#7444,#7545,.T.);
#7545 = LINE('',#7546,#7547);
#7546 = CARTESIAN_POINT('',(-0.25,0.1,1.55));
#7547 = VECTOR('',#7548,1.);
#7548 = DIRECTION('',(-1.,0.,0.));
#7549 = ORIENTED_EDGE('',*,*,#7441,.F.);
#7550 = ORIENTED_EDGE('',*,*,#7551,.F.);
#7551 = EDGE_CURVE('',#7522,#7442,#7552,.T.);
#7552 = LINE('',#7553,#7554);
#7553 = CARTESIAN_POINT('',(-0.25,0.1,1.51));
#7554 = VECTOR('',#7555,1.);
#7555 = DIRECTION('',(-1.,0.,0.));
#7556 = PLANE('',#7557);
#7557 = AXIS2_PLACEMENT_3D('',#7558,#7559,#7560);
#7558 = CARTESIAN_POINT('',(-0.25,0.1,1.51));
#7559 = DIRECTION('',(0.,-1.,0.));
#7560 = DIRECTION('',(-1.,0.,0.));
#7561 = ADVANCED_FACE('',(#7562),#7568,.F.);
#7562 = FACE_BOUND('',#7563,.T.);
#7563 = EDGE_LOOP('',(#7564,#7565,#7566,#7567));
#7564 = ORIENTED_EDGE('',*,*,#7467,.T.);
#7565 = ORIENTED_EDGE('',*,*,#7498,.T.);
#7566 = ORIENTED_EDGE('',*,*,#7529,.T.);
#7567 = ORIENTED_EDGE('',*,*,#7551,.T.);
#7568 = PLANE('',#7569);
#7569 = AXIS2_PLACEMENT_3D('',#7570,#7571,#7572);
#7570 = CARTESIAN_POINT('',(0.,0.,1.51));
#7571 = DIRECTION('',(0.,0.,1.));
#7572 = DIRECTION('',(1.,0.,-0.));
#7573 = ADVANCED_FACE('',(#7574),#7580,.T.);
#7574 = FACE_BOUND('',#7575,.F.);
#7575 = EDGE_LOOP('',(#7576,#7577,#7578,#7579));
#7576 = ORIENTED_EDGE('',*,*,#7451,.T.);
#7577 = ORIENTED_EDGE('',*,*,#7482,.T.);
#7578 = ORIENTED_EDGE('',*,*,#7513,.T.);
#7579 = ORIENTED_EDGE('',*,*,#7544,.T.);
#7580 = PLANE('',#7581);
#7581 = AXIS2_PLACEMENT_3D('',#7582,#7583,#7584);
#7582 = CARTESIAN_POINT('',(0.,0.,1.55));
#7583 = DIRECTION('',(0.,0.,1.));
#7584 = DIRECTION('',(1.,0.,-0.));
#7585 = MANIFOLD_SOLID_BREP('',#7586);
#7586 = CLOSED_SHELL('',(#7587,#7627,#7658,#7689,#7711,#7723));
#7587 = ADVANCED_FACE('',(#7588),#7622,.T.);
#7588 = FACE_BOUND('',#7589,.T.);
#7589 = EDGE_LOOP('',(#7590,#7600,#7608,#7616));
#7590 = ORIENTED_EDGE('',*,*,#7591,.T.);
#7591 = EDGE_CURVE('',#7592,#7594,#7596,.T.);
#7592 = VERTEX_POINT('',#7593);
#7593 = CARTESIAN_POINT('',(-0.75,-0.4,1.51));
#7594 = VERTEX_POINT('',#7595);
#7595 = CARTESIAN_POINT('',(-0.75,-0.4,1.55));
#7596 = LINE('',#7597,#7598);
#7597 = CARTESIAN_POINT('',(-0.75,-0.4,1.51));
#7598 = VECTOR('',#7599,1.);
#7599 = DIRECTION('',(0.,0.,1.));
#7600 = ORIENTED_EDGE('',*,*,#7601,.T.);
#7601 = EDGE_CURVE('',#7594,#7602,#7604,.T.);
#7602 = VERTEX_POINT('',#7603);
#7603 = CARTESIAN_POINT('',(-0.75,-0.1,1.55));
#7604 = LINE('',#7605,#7606);
#7605 = CARTESIAN_POINT('',(-0.75,-0.4,1.55));
#7606 = VECTOR('',#7607,1.);
#7607 = DIRECTION('',(0.,1.,0.));
#7608 = ORIENTED_EDGE('',*,*,#7609,.F.);
#7609 = EDGE_CURVE('',#7610,#7602,#7612,.T.);
#7610 = VERTEX_POINT('',#7611);
#7611 = CARTESIAN_POINT('',(-0.75,-0.1,1.51));
#7612 = LINE('',#7613,#7614);
#7613 = CARTESIAN_POINT('',(-0.75,-0.1,1.51));
#7614 = VECTOR('',#7615,1.);
#7615 = DIRECTION('',(0.,0.,1.));
#7616 = ORIENTED_EDGE('',*,*,#7617,.F.);
#7617 = EDGE_CURVE('',#7592,#7610,#7618,.T.);
#7618 = LINE('',#7619,#7620);
#7619 = CARTESIAN_POINT('',(-0.75,-0.4,1.51));
#7620 = VECTOR('',#7621,1.);
#7621 = DIRECTION('',(0.,1.,0.));
#7622 = PLANE('',#7623);
#7623 = AXIS2_PLACEMENT_3D('',#7624,#7625,#7626);
#7624 = CARTESIAN_POINT('',(-0.75,-0.4,1.51));
#7625 = DIRECTION('',(-1.,0.,0.));
#7626 = DIRECTION('',(0.,1.,0.));
#7627 = ADVANCED_FACE('',(#7628),#7653,.T.);
#7628 = FACE_BOUND('',#7629,.T.);
#7629 = EDGE_LOOP('',(#7630,#7631,#7639,#7647));
#7630 = ORIENTED_EDGE('',*,*,#7609,.T.);
#7631 = ORIENTED_EDGE('',*,*,#7632,.T.);
#7632 = EDGE_CURVE('',#7602,#7633,#7635,.T.);
#7633 = VERTEX_POINT('',#7634);
#7634 = CARTESIAN_POINT('',(-0.25,-0.1,1.55));
#7635 = LINE('',#7636,#7637);
#7636 = CARTESIAN_POINT('',(-0.75,-0.1,1.55));
#7637 = VECTOR('',#7638,1.);
#7638 = DIRECTION('',(1.,0.,0.));
#7639 = ORIENTED_EDGE('',*,*,#7640,.F.);
#7640 = EDGE_CURVE('',#7641,#7633,#7643,.T.);
#7641 = VERTEX_POINT('',#7642);
#7642 = CARTESIAN_POINT('',(-0.25,-0.1,1.51));
#7643 = LINE('',#7644,#7645);
#7644 = CARTESIAN_POINT('',(-0.25,-0.1,1.51));
#7645 = VECTOR('',#7646,1.);
#7646 = DIRECTION('',(0.,0.,1.));
#7647 = ORIENTED_EDGE('',*,*,#7648,.F.);
#7648 = EDGE_CURVE('',#7610,#7641,#7649,.T.);
#7649 = LINE('',#7650,#7651);
#7650 = CARTESIAN_POINT('',(-0.75,-0.1,1.51));
#7651 = VECTOR('',#7652,1.);
#7652 = DIRECTION('',(1.,0.,0.));
#7653 = PLANE('',#7654);
#7654 = AXIS2_PLACEMENT_3D('',#7655,#7656,#7657);
#7655 = CARTESIAN_POINT('',(-0.75,-0.1,1.51));
#7656 = DIRECTION('',(0.,1.,0.));
#7657 = DIRECTION('',(1.,0.,0.));
#7658 = ADVANCED_FACE('',(#7659),#7684,.T.);
#7659 = FACE_BOUND('',#7660,.T.);
#7660 = EDGE_LOOP('',(#7661,#7662,#7670,#7678));
#7661 = ORIENTED_EDGE('',*,*,#7640,.T.);
#7662 = ORIENTED_EDGE('',*,*,#7663,.T.);
#7663 = EDGE_CURVE('',#7633,#7664,#7666,.T.);
#7664 = VERTEX_POINT('',#7665);
#7665 = CARTESIAN_POINT('',(-0.25,-0.4,1.55));
#7666 = LINE('',#7667,#7668);
#7667 = CARTESIAN_POINT('',(-0.25,-0.1,1.55));
#7668 = VECTOR('',#7669,1.);
#7669 = DIRECTION('',(0.,-1.,0.));
#7670 = ORIENTED_EDGE('',*,*,#7671,.F.);
#7671 = EDGE_CURVE('',#7672,#7664,#7674,.T.);
#7672 = VERTEX_POINT('',#7673);
#7673 = CARTESIAN_POINT('',(-0.25,-0.4,1.51));
#7674 = LINE('',#7675,#7676);
#7675 = CARTESIAN_POINT('',(-0.25,-0.4,1.51));
#7676 = VECTOR('',#7677,1.);
#7677 = DIRECTION('',(0.,0.,1.));
#7678 = ORIENTED_EDGE('',*,*,#7679,.F.);
#7679 = EDGE_CURVE('',#7641,#7672,#7680,.T.);
#7680 = LINE('',#7681,#7682);
#7681 = CARTESIAN_POINT('',(-0.25,-0.1,1.51));
#7682 = VECTOR('',#7683,1.);
#7683 = DIRECTION('',(0.,-1.,0.));
#7684 = PLANE('',#7685);
#7685 = AXIS2_PLACEMENT_3D('',#7686,#7687,#7688);
#7686 = CARTESIAN_POINT('',(-0.25,-0.1,1.51));
#7687 = DIRECTION('',(1.,0.,-0.));
#7688 = DIRECTION('',(0.,-1.,0.));
#7689 = ADVANCED_FACE('',(#7690),#7706,.T.);
#7690 = FACE_BOUND('',#7691,.T.);
#7691 = EDGE_LOOP('',(#7692,#7693,#7699,#7700));
#7692 = ORIENTED_EDGE('',*,*,#7671,.T.);
#7693 = ORIENTED_EDGE('',*,*,#7694,.T.);
#7694 = EDGE_CURVE('',#7664,#7594,#7695,.T.);
#7695 = LINE('',#7696,#7697);
#7696 = CARTESIAN_POINT('',(-0.25,-0.4,1.55));
#7697 = VECTOR('',#7698,1.);
#7698 = DIRECTION('',(-1.,0.,0.));
#7699 = ORIENTED_EDGE('',*,*,#7591,.F.);
#7700 = ORIENTED_EDGE('',*,*,#7701,.F.);
#7701 = EDGE_CURVE('',#7672,#7592,#7702,.T.);
#7702 = LINE('',#7703,#7704);
#7703 = CARTESIAN_POINT('',(-0.25,-0.4,1.51));
#7704 = VECTOR('',#7705,1.);
#7705 = DIRECTION('',(-1.,0.,0.));
#7706 = PLANE('',#7707);
#7707 = AXIS2_PLACEMENT_3D('',#7708,#7709,#7710);
#7708 = CARTESIAN_POINT('',(-0.25,-0.4,1.51));
#7709 = DIRECTION('',(0.,-1.,0.));
#7710 = DIRECTION('',(-1.,0.,0.));
#7711 = ADVANCED_FACE('',(#7712),#7718,.F.);
#7712 = FACE_BOUND('',#7713,.T.);
#7713 = EDGE_LOOP('',(#7714,#7715,#7716,#7717));
#7714 = ORIENTED_EDGE('',*,*,#7617,.T.);
#7715 = ORIENTED_EDGE('',*,*,#7648,.T.);
#7716 = ORIENTED_EDGE('',*,*,#7679,.T.);
#7717 = ORIENTED_EDGE('',*,*,#7701,.T.);
#7718 = PLANE('',#7719);
#7719 = AXIS2_PLACEMENT_3D('',#7720,#7721,#7722);
#7720 = CARTESIAN_POINT('',(0.,0.,1.51));
#7721 = DIRECTION('',(0.,0.,1.));
#7722 = DIRECTION('',(1.,0.,-0.));
#7723 = ADVANCED_FACE('',(#7724),#7730,.T.);
#7724 = FACE_BOUND('',#7725,.F.);
#7725 = EDGE_LOOP('',(#7726,#7727,#7728,#7729));
#7726 = ORIENTED_EDGE('',*,*,#7601,.T.);
#7727 = ORIENTED_EDGE('',*,*,#7632,.T.);
#7728 = ORIENTED_EDGE('',*,*,#7663,.T.);
#7729 = ORIENTED_EDGE('',*,*,#7694,.T.);
#7730 = PLANE('',#7731);
#7731 = AXIS2_PLACEMENT_3D('',#7732,#7733,#7734);
#7732 = CARTESIAN_POINT('',(0.,0.,1.55));
#7733 = DIRECTION('',(0.,0.,1.));
#7734 = DIRECTION('',(1.,0.,-0.));
#7735 = MANIFOLD_SOLID_BREP('',#7736);
#7736 = CLOSED_SHELL('',(#7737,#7777,#7808,#7839,#7861,#7873));
#7737 = ADVANCED_FACE('',(#7738),#7772,.T.);
#7738 = FACE_BOUND('',#7739,.T.);
#7739 = EDGE_LOOP('',(#7740,#7750,#7758,#7766));
#7740 = ORIENTED_EDGE('',*,*,#7741,.T.);
#7741 = EDGE_CURVE('',#7742,#7744,#7746,.T.);
#7742 = VERTEX_POINT('',#7743);
#7743 = CARTESIAN_POINT('',(-0.75,-0.95,1.51));
#7744 = VERTEX_POINT('',#7745);
#7745 = CARTESIAN_POINT('',(-0.75,-0.95,1.55));
#7746 = LINE('',#7747,#7748);
#7747 = CARTESIAN_POINT('',(-0.75,-0.95,1.51));
#7748 = VECTOR('',#7749,1.);
#7749 = DIRECTION('',(0.,0.,1.));
#7750 = ORIENTED_EDGE('',*,*,#7751,.T.);
#7751 = EDGE_CURVE('',#7744,#7752,#7754,.T.);
#7752 = VERTEX_POINT('',#7753);
#7753 = CARTESIAN_POINT('',(-0.75,-0.55,1.55));
#7754 = LINE('',#7755,#7756);
#7755 = CARTESIAN_POINT('',(-0.75,-0.95,1.55));
#7756 = VECTOR('',#7757,1.);
#7757 = DIRECTION('',(0.,1.,0.));
#7758 = ORIENTED_EDGE('',*,*,#7759,.F.);
#7759 = EDGE_CURVE('',#7760,#7752,#7762,.T.);
#7760 = VERTEX_POINT('',#7761);
#7761 = CARTESIAN_POINT('',(-0.75,-0.55,1.51));
#7762 = LINE('',#7763,#7764);
#7763 = CARTESIAN_POINT('',(-0.75,-0.55,1.51));
#7764 = VECTOR('',#7765,1.);
#7765 = DIRECTION('',(0.,0.,1.));
#7766 = ORIENTED_EDGE('',*,*,#7767,.F.);
#7767 = EDGE_CURVE('',#7742,#7760,#7768,.T.);
#7768 = LINE('',#7769,#7770);
#7769 = CARTESIAN_POINT('',(-0.75,-0.95,1.51));
#7770 = VECTOR('',#7771,1.);
#7771 = DIRECTION('',(0.,1.,0.));
#7772 = PLANE('',#7773);
#7773 = AXIS2_PLACEMENT_3D('',#7774,#7775,#7776);
#7774 = CARTESIAN_POINT('',(-0.75,-0.95,1.51));
#7775 = DIRECTION('',(-1.,0.,0.));
#7776 = DIRECTION('',(0.,1.,0.));
#7777 = ADVANCED_FACE('',(#7778),#7803,.T.);
#7778 = FACE_BOUND('',#7779,.T.);
#7779 = EDGE_LOOP('',(#7780,#7781,#7789,#7797));
#7780 = ORIENTED_EDGE('',*,*,#7759,.T.);
#7781 = ORIENTED_EDGE('',*,*,#7782,.T.);
#7782 = EDGE_CURVE('',#7752,#7783,#7785,.T.);
#7783 = VERTEX_POINT('',#7784);
#7784 = CARTESIAN_POINT('',(-0.25,-0.55,1.55));
#7785 = LINE('',#7786,#7787);
#7786 = CARTESIAN_POINT('',(-0.75,-0.55,1.55));
#7787 = VECTOR('',#7788,1.);
#7788 = DIRECTION('',(1.,0.,0.));
#7789 = ORIENTED_EDGE('',*,*,#7790,.F.);
#7790 = EDGE_CURVE('',#7791,#7783,#7793,.T.);
#7791 = VERTEX_POINT('',#7792);
#7792 = CARTESIAN_POINT('',(-0.25,-0.55,1.51));
#7793 = LINE('',#7794,#7795);
#7794 = CARTESIAN_POINT('',(-0.25,-0.55,1.51));
#7795 = VECTOR('',#7796,1.);
#7796 = DIRECTION('',(0.,0.,1.));
#7797 = ORIENTED_EDGE('',*,*,#7798,.F.);
#7798 = EDGE_CURVE('',#7760,#7791,#7799,.T.);
#7799 = LINE('',#7800,#7801);
#7800 = CARTESIAN_POINT('',(-0.75,-0.55,1.51));
#7801 = VECTOR('',#7802,1.);
#7802 = DIRECTION('',(1.,0.,0.));
#7803 = PLANE('',#7804);
#7804 = AXIS2_PLACEMENT_3D('',#7805,#7806,#7807);
#7805 = CARTESIAN_POINT('',(-0.75,-0.55,1.51));
#7806 = DIRECTION('',(0.,1.,0.));
#7807 = DIRECTION('',(1.,0.,0.));
#7808 = ADVANCED_FACE('',(#7809),#7834,.T.);
#7809 = FACE_BOUND('',#7810,.T.);
#7810 = EDGE_LOOP('',(#7811,#7812,#7820,#7828));
#7811 = ORIENTED_EDGE('',*,*,#7790,.T.);
#7812 = ORIENTED_EDGE('',*,*,#7813,.T.);
#7813 = EDGE_CURVE('',#7783,#7814,#7816,.T.);
#7814 = VERTEX_POINT('',#7815);
#7815 = CARTESIAN_POINT('',(-0.25,-0.95,1.55));
#7816 = LINE('',#7817,#7818);
#7817 = CARTESIAN_POINT('',(-0.25,-0.55,1.55));
#7818 = VECTOR('',#7819,1.);
#7819 = DIRECTION('',(0.,-1.,0.));
#7820 = ORIENTED_EDGE('',*,*,#7821,.F.);
#7821 = EDGE_CURVE('',#7822,#7814,#7824,.T.);
#7822 = VERTEX_POINT('',#7823);
#7823 = CARTESIAN_POINT('',(-0.25,-0.95,1.51));
#7824 = LINE('',#7825,#7826);
#7825 = CARTESIAN_POINT('',(-0.25,-0.95,1.51));
#7826 = VECTOR('',#7827,1.);
#7827 = DIRECTION('',(0.,0.,1.));
#7828 = ORIENTED_EDGE('',*,*,#7829,.F.);
#7829 = EDGE_CURVE('',#7791,#7822,#7830,.T.);
#7830 = LINE('',#7831,#7832);
#7831 = CARTESIAN_POINT('',(-0.25,-0.55,1.51));
#7832 = VECTOR('',#7833,1.);
#7833 = DIRECTION('',(0.,-1.,0.));
#7834 = PLANE('',#7835);
#7835 = AXIS2_PLACEMENT_3D('',#7836,#7837,#7838);
#7836 = CARTESIAN_POINT('',(-0.25,-0.55,1.51));
#7837 = DIRECTION('',(1.,0.,-0.));
#7838 = DIRECTION('',(0.,-1.,0.));
#7839 = ADVANCED_FACE('',(#7840),#7856,.T.);
#7840 = FACE_BOUND('',#7841,.T.);
#7841 = EDGE_LOOP('',(#7842,#7843,#7849,#7850));
#7842 = ORIENTED_EDGE('',*,*,#7821,.T.);
#7843 = ORIENTED_EDGE('',*,*,#7844,.T.);
#7844 = EDGE_CURVE('',#7814,#7744,#7845,.T.);
#7845 = LINE('',#7846,#7847);
#7846 = CARTESIAN_POINT('',(-0.25,-0.95,1.55));
#7847 = VECTOR('',#7848,1.);
#7848 = DIRECTION('',(-1.,0.,0.));
#7849 = ORIENTED_EDGE('',*,*,#7741,.F.);
#7850 = ORIENTED_EDGE('',*,*,#7851,.F.);
#7851 = EDGE_CURVE('',#7822,#7742,#7852,.T.);
#7852 = LINE('',#7853,#7854);
#7853 = CARTESIAN_POINT('',(-0.25,-0.95,1.51));
#7854 = VECTOR('',#7855,1.);
#7855 = DIRECTION('',(-1.,0.,0.));
#7856 = PLANE('',#7857);
#7857 = AXIS2_PLACEMENT_3D('',#7858,#7859,#7860);
#7858 = CARTESIAN_POINT('',(-0.25,-0.95,1.51));
#7859 = DIRECTION('',(0.,-1.,0.));
#7860 = DIRECTION('',(-1.,0.,0.));
#7861 = ADVANCED_FACE('',(#7862),#7868,.F.);
#7862 = FACE_BOUND('',#7863,.T.);
#7863 = EDGE_LOOP('',(#7864,#7865,#7866,#7867));
#7864 = ORIENTED_EDGE('',*,*,#7767,.T.);
#7865 = ORIENTED_EDGE('',*,*,#7798,.T.);
#7866 = ORIENTED_EDGE('',*,*,#7829,.T.);
#7867 = ORIENTED_EDGE('',*,*,#7851,.T.);
#7868 = PLANE('',#7869);
#7869 = AXIS2_PLACEMENT_3D('',#7870,#7871,#7872);
#7870 = CARTESIAN_POINT('',(0.,0.,1.51));
#7871 = DIRECTION('',(0.,0.,1.));
#7872 = DIRECTION('',(1.,0.,-0.));
#7873 = ADVANCED_FACE('',(#7874),#7880,.T.);
#7874 = FACE_BOUND('',#7875,.F.);
#7875 = EDGE_LOOP('',(#7876,#7877,#7878,#7879));
#7876 = ORIENTED_EDGE('',*,*,#7751,.T.);
#7877 = ORIENTED_EDGE('',*,*,#7782,.T.);
#7878 = ORIENTED_EDGE('',*,*,#7813,.T.);
#7879 = ORIENTED_EDGE('',*,*,#7844,.T.);
#7880 = PLANE('',#7881);
#7881 = AXIS2_PLACEMENT_3D('',#7882,#7883,#7884);
#7882 = CARTESIAN_POINT('',(0.,0.,1.55));
#7883 = DIRECTION('',(0.,0.,1.));
#7884 = DIRECTION('',(1.,0.,-0.));
#7885 = MANIFOLD_SOLID_BREP('',#7886);
#7886 = CLOSED_SHELL('',(#7887,#7927,#7958,#7989,#8011,#8023));
#7887 = ADVANCED_FACE('',(#7888),#7922,.T.);
#7888 = FACE_BOUND('',#7889,.T.);
#7889 = EDGE_LOOP('',(#7890,#7900,#7908,#7916));
#7890 = ORIENTED_EDGE('',*,*,#7891,.T.);
#7891 = EDGE_CURVE('',#7892,#7894,#7896,.T.);
#7892 = VERTEX_POINT('',#7893);
#7893 = CARTESIAN_POINT('',(0.25,-0.95,1.51));
#7894 = VERTEX_POINT('',#7895);
#7895 = CARTESIAN_POINT('',(0.25,-0.95,1.55));
#7896 = LINE('',#7897,#7898);
#7897 = CARTESIAN_POINT('',(0.25,-0.95,1.51));
#7898 = VECTOR('',#7899,1.);
#7899 = DIRECTION('',(0.,0.,1.));
#7900 = ORIENTED_EDGE('',*,*,#7901,.T.);
#7901 = EDGE_CURVE('',#7894,#7902,#7904,.T.);
#7902 = VERTEX_POINT('',#7903);
#7903 = CARTESIAN_POINT('',(0.25,-0.55,1.55));
#7904 = LINE('',#7905,#7906);
#7905 = CARTESIAN_POINT('',(0.25,-0.95,1.55));
#7906 = VECTOR('',#7907,1.);
#7907 = DIRECTION('',(0.,1.,0.));
#7908 = ORIENTED_EDGE('',*,*,#7909,.F.);
#7909 = EDGE_CURVE('',#7910,#7902,#7912,.T.);
#7910 = VERTEX_POINT('',#7911);
#7911 = CARTESIAN_POINT('',(0.25,-0.55,1.51));
#7912 = LINE('',#7913,#7914);
#7913 = CARTESIAN_POINT('',(0.25,-0.55,1.51));
#7914 = VECTOR('',#7915,1.);
#7915 = DIRECTION('',(0.,0.,1.));
#7916 = ORIENTED_EDGE('',*,*,#7917,.F.);
#7917 = EDGE_CURVE('',#7892,#7910,#7918,.T.);
#7918 = LINE('',#7919,#7920);
#7919 = CARTESIAN_POINT('',(0.25,-0.95,1.51));
#7920 = VECTOR('',#7921,1.);
#7921 = DIRECTION('',(0.,1.,0.));
#7922 = PLANE('',#7923);
#7923 = AXIS2_PLACEMENT_3D('',#7924,#7925,#7926);
#7924 = CARTESIAN_POINT('',(0.25,-0.95,1.51));
#7925 = DIRECTION('',(-1.,0.,0.));
#7926 = DIRECTION('',(0.,1.,0.));
#7927 = ADVANCED_FACE('',(#7928),#7953,.T.);
#7928 = FACE_BOUND('',#7929,.T.);
#7929 = EDGE_LOOP('',(#7930,#7931,#7939,#7947));
#7930 = ORIENTED_EDGE('',*,*,#7909,.T.);
#7931 = ORIENTED_EDGE('',*,*,#7932,.T.);
#7932 = EDGE_CURVE('',#7902,#7933,#7935,.T.);
#7933 = VERTEX_POINT('',#7934);
#7934 = CARTESIAN_POINT('',(0.75,-0.55,1.55));
#7935 = LINE('',#7936,#7937);
#7936 = CARTESIAN_POINT('',(0.25,-0.55,1.55));
#7937 = VECTOR('',#7938,1.);
#7938 = DIRECTION('',(1.,0.,0.));
#7939 = ORIENTED_EDGE('',*,*,#7940,.F.);
#7940 = EDGE_CURVE('',#7941,#7933,#7943,.T.);
#7941 = VERTEX_POINT('',#7942);
#7942 = CARTESIAN_POINT('',(0.75,-0.55,1.51));
#7943 = LINE('',#7944,#7945);
#7944 = CARTESIAN_POINT('',(0.75,-0.55,1.51));
#7945 = VECTOR('',#7946,1.);
#7946 = DIRECTION('',(0.,0.,1.));
#7947 = ORIENTED_EDGE('',*,*,#7948,.F.);
#7948 = EDGE_CURVE('',#7910,#7941,#7949,.T.);
#7949 = LINE('',#7950,#7951);
#7950 = CARTESIAN_POINT('',(0.25,-0.55,1.51));
#7951 = VECTOR('',#7952,1.);
#7952 = DIRECTION('',(1.,0.,0.));
#7953 = PLANE('',#7954);
#7954 = AXIS2_PLACEMENT_3D('',#7955,#7956,#7957);
#7955 = CARTESIAN_POINT('',(0.25,-0.55,1.51));
#7956 = DIRECTION('',(0.,1.,0.));
#7957 = DIRECTION('',(1.,0.,0.));
#7958 = ADVANCED_FACE('',(#7959),#7984,.T.);
#7959 = FACE_BOUND('',#7960,.T.);
#7960 = EDGE_LOOP('',(#7961,#7962,#7970,#7978));
#7961 = ORIENTED_EDGE('',*,*,#7940,.T.);
#7962 = ORIENTED_EDGE('',*,*,#7963,.T.);
#7963 = EDGE_CURVE('',#7933,#7964,#7966,.T.);
#7964 = VERTEX_POINT('',#7965);
#7965 = CARTESIAN_POINT('',(0.75,-0.95,1.55));
#7966 = LINE('',#7967,#7968);
#7967 = CARTESIAN_POINT('',(0.75,-0.55,1.55));
#7968 = VECTOR('',#7969,1.);
#7969 = DIRECTION('',(0.,-1.,0.));
#7970 = ORIENTED_EDGE('',*,*,#7971,.F.);
#7971 = EDGE_CURVE('',#7972,#7964,#7974,.T.);
#7972 = VERTEX_POINT('',#7973);
#7973 = CARTESIAN_POINT('',(0.75,-0.95,1.51));
#7974 = LINE('',#7975,#7976);
#7975 = CARTESIAN_POINT('',(0.75,-0.95,1.51));
#7976 = VECTOR('',#7977,1.);
#7977 = DIRECTION('',(0.,0.,1.));
#7978 = ORIENTED_EDGE('',*,*,#7979,.F.);
#7979 = EDGE_CURVE('',#7941,#7972,#7980,.T.);
#7980 = LINE('',#7981,#7982);
#7981 = CARTESIAN_POINT('',(0.75,-0.55,1.51));
#7982 = VECTOR('',#7983,1.);
#7983 = DIRECTION('',(0.,-1.,0.));
#7984 = PLANE('',#7985);
#7985 = AXIS2_PLACEMENT_3D('',#7986,#7987,#7988);
#7986 = CARTESIAN_POINT('',(0.75,-0.55,1.51));
#7987 = DIRECTION('',(1.,0.,-0.));
#7988 = DIRECTION('',(0.,-1.,0.));
#7989 = ADVANCED_FACE('',(#7990),#8006,.T.);
#7990 = FACE_BOUND('',#7991,.T.);
#7991 = EDGE_LOOP('',(#7992,#7993,#7999,#8000));
#7992 = ORIENTED_EDGE('',*,*,#7971,.T.);
#7993 = ORIENTED_EDGE('',*,*,#7994,.T.);
#7994 = EDGE_CURVE('',#7964,#7894,#7995,.T.);
#7995 = LINE('',#7996,#7997);
#7996 = CARTESIAN_POINT('',(0.75,-0.95,1.55));
#7997 = VECTOR('',#7998,1.);
#7998 = DIRECTION('',(-1.,0.,0.));
#7999 = ORIENTED_EDGE('',*,*,#7891,.F.);
#8000 = ORIENTED_EDGE('',*,*,#8001,.F.);
#8001 = EDGE_CURVE('',#7972,#7892,#8002,.T.);
#8002 = LINE('',#8003,#8004);
#8003 = CARTESIAN_POINT('',(0.75,-0.95,1.51));
#8004 = VECTOR('',#8005,1.);
#8005 = DIRECTION('',(-1.,0.,0.));
#8006 = PLANE('',#8007);
#8007 = AXIS2_PLACEMENT_3D('',#8008,#8009,#8010);
#8008 = CARTESIAN_POINT('',(0.75,-0.95,1.51));
#8009 = DIRECTION('',(0.,-1.,0.));
#8010 = DIRECTION('',(-1.,0.,0.));
#8011 = ADVANCED_FACE('',(#8012),#8018,.F.);
#8012 = FACE_BOUND('',#8013,.T.);
#8013 = EDGE_LOOP('',(#8014,#8015,#8016,#8017));
#8014 = ORIENTED_EDGE('',*,*,#7917,.T.);
#8015 = ORIENTED_EDGE('',*,*,#7948,.T.);
#8016 = ORIENTED_EDGE('',*,*,#7979,.T.);
#8017 = ORIENTED_EDGE('',*,*,#8001,.T.);
#8018 = PLANE('',#8019);
#8019 = AXIS2_PLACEMENT_3D('',#8020,#8021,#8022);
#8020 = CARTESIAN_POINT('',(0.,0.,1.51));
#8021 = DIRECTION('',(0.,0.,1.));
#8022 = DIRECTION('',(1.,0.,-0.));
#8023 = ADVANCED_FACE('',(#8024),#8030,.T.);
#8024 = FACE_BOUND('',#8025,.F.);
#8025 = EDGE_LOOP('',(#8026,#8027,#8028,#8029));
#8026 = ORIENTED_EDGE('',*,*,#7901,.T.);
#8027 = ORIENTED_EDGE('',*,*,#7932,.T.);
#8028 = ORIENTED_EDGE('',*,*,#7963,.T.);
#8029 = ORIENTED_EDGE('',*,*,#7994,.T.);
#8030 = PLANE('',#8031);
#8031 = AXIS2_PLACEMENT_3D('',#8032,#8033,#8034);
#8032 = CARTESIAN_POINT('',(0.,0.,1.55));
#8033 = DIRECTION('',(0.,0.,1.));
#8034 = DIRECTION('',(1.,0.,-0.));
#8035 = MANIFOLD_SOLID_BREP('',#8036);
#8036 = CLOSED_SHELL('',(#8037,#8077,#8108,#8139,#8161,#8173));
#8037 = ADVANCED_FACE('',(#8038),#8072,.T.);
#8038 = FACE_BOUND('',#8039,.T.);
#8039 = EDGE_LOOP('',(#8040,#8050,#8058,#8066));
#8040 = ORIENTED_EDGE('',*,*,#8041,.T.);
#8041 = EDGE_CURVE('',#8042,#8044,#8046,.T.);
#8042 = VERTEX_POINT('',#8043);
#8043 = CARTESIAN_POINT('',(0.25,-0.4,1.51));
#8044 = VERTEX_POINT('',#8045);
#8045 = CARTESIAN_POINT('',(0.25,-0.4,1.55));
#8046 = LINE('',#8047,#8048);
#8047 = CARTESIAN_POINT('',(0.25,-0.4,1.51));
#8048 = VECTOR('',#8049,1.);
#8049 = DIRECTION('',(0.,0.,1.));
#8050 = ORIENTED_EDGE('',*,*,#8051,.T.);
#8051 = EDGE_CURVE('',#8044,#8052,#8054,.T.);
#8052 = VERTEX_POINT('',#8053);
#8053 = CARTESIAN_POINT('',(0.25,-0.1,1.55));
#8054 = LINE('',#8055,#8056);
#8055 = CARTESIAN_POINT('',(0.25,-0.4,1.55));
#8056 = VECTOR('',#8057,1.);
#8057 = DIRECTION('',(0.,1.,0.));
#8058 = ORIENTED_EDGE('',*,*,#8059,.F.);
#8059 = EDGE_CURVE('',#8060,#8052,#8062,.T.);
#8060 = VERTEX_POINT('',#8061);
#8061 = CARTESIAN_POINT('',(0.25,-0.1,1.51));
#8062 = LINE('',#8063,#8064);
#8063 = CARTESIAN_POINT('',(0.25,-0.1,1.51));
#8064 = VECTOR('',#8065,1.);
#8065 = DIRECTION('',(0.,0.,1.));
#8066 = ORIENTED_EDGE('',*,*,#8067,.F.);
#8067 = EDGE_CURVE('',#8042,#8060,#8068,.T.);
#8068 = LINE('',#8069,#8070);
#8069 = CARTESIAN_POINT('',(0.25,-0.4,1.51));
#8070 = VECTOR('',#8071,1.);
#8071 = DIRECTION('',(0.,1.,0.));
#8072 = PLANE('',#8073);
#8073 = AXIS2_PLACEMENT_3D('',#8074,#8075,#8076);
#8074 = CARTESIAN_POINT('',(0.25,-0.4,1.51));
#8075 = DIRECTION('',(-1.,0.,0.));
#8076 = DIRECTION('',(0.,1.,0.));
#8077 = ADVANCED_FACE('',(#8078),#8103,.T.);
#8078 = FACE_BOUND('',#8079,.T.);
#8079 = EDGE_LOOP('',(#8080,#8081,#8089,#8097));
#8080 = ORIENTED_EDGE('',*,*,#8059,.T.);
#8081 = ORIENTED_EDGE('',*,*,#8082,.T.);
#8082 = EDGE_CURVE('',#8052,#8083,#8085,.T.);
#8083 = VERTEX_POINT('',#8084);
#8084 = CARTESIAN_POINT('',(0.75,-0.1,1.55));
#8085 = LINE('',#8086,#8087);
#8086 = CARTESIAN_POINT('',(0.25,-0.1,1.55));
#8087 = VECTOR('',#8088,1.);
#8088 = DIRECTION('',(1.,0.,0.));
#8089 = ORIENTED_EDGE('',*,*,#8090,.F.);
#8090 = EDGE_CURVE('',#8091,#8083,#8093,.T.);
#8091 = VERTEX_POINT('',#8092);
#8092 = CARTESIAN_POINT('',(0.75,-0.1,1.51));
#8093 = LINE('',#8094,#8095);
#8094 = CARTESIAN_POINT('',(0.75,-0.1,1.51));
#8095 = VECTOR('',#8096,1.);
#8096 = DIRECTION('',(0.,0.,1.));
#8097 = ORIENTED_EDGE('',*,*,#8098,.F.);
#8098 = EDGE_CURVE('',#8060,#8091,#8099,.T.);
#8099 = LINE('',#8100,#8101);
#8100 = CARTESIAN_POINT('',(0.25,-0.1,1.51));
#8101 = VECTOR('',#8102,1.);
#8102 = DIRECTION('',(1.,0.,0.));
#8103 = PLANE('',#8104);
#8104 = AXIS2_PLACEMENT_3D('',#8105,#8106,#8107);
#8105 = CARTESIAN_POINT('',(0.25,-0.1,1.51));
#8106 = DIRECTION('',(0.,1.,0.));
#8107 = DIRECTION('',(1.,0.,0.));
#8108 = ADVANCED_FACE('',(#8109),#8134,.T.);
#8109 = FACE_BOUND('',#8110,.T.);
#8110 = EDGE_LOOP('',(#8111,#8112,#8120,#8128));
#8111 = ORIENTED_EDGE('',*,*,#8090,.T.);
#8112 = ORIENTED_EDGE('',*,*,#8113,.T.);
#8113 = EDGE_CURVE('',#8083,#8114,#8116,.T.);
#8114 = VERTEX_POINT('',#8115);
#8115 = CARTESIAN_POINT('',(0.75,-0.4,1.55));
#8116 = LINE('',#8117,#8118);
#8117 = CARTESIAN_POINT('',(0.75,-0.1,1.55));
#8118 = VECTOR('',#8119,1.);
#8119 = DIRECTION('',(0.,-1.,0.));
#8120 = ORIENTED_EDGE('',*,*,#8121,.F.);
#8121 = EDGE_CURVE('',#8122,#8114,#8124,.T.);
#8122 = VERTEX_POINT('',#8123);
#8123 = CARTESIAN_POINT('',(0.75,-0.4,1.51));
#8124 = LINE('',#8125,#8126);
#8125 = CARTESIAN_POINT('',(0.75,-0.4,1.51));
#8126 = VECTOR('',#8127,1.);
#8127 = DIRECTION('',(0.,0.,1.));
#8128 = ORIENTED_EDGE('',*,*,#8129,.F.);
#8129 = EDGE_CURVE('',#8091,#8122,#8130,.T.);
#8130 = LINE('',#8131,#8132);
#8131 = CARTESIAN_POINT('',(0.75,-0.1,1.51));
#8132 = VECTOR('',#8133,1.);
#8133 = DIRECTION('',(0.,-1.,0.));
#8134 = PLANE('',#8135);
#8135 = AXIS2_PLACEMENT_3D('',#8136,#8137,#8138);
#8136 = CARTESIAN_POINT('',(0.75,-0.1,1.51));
#8137 = DIRECTION('',(1.,0.,-0.));
#8138 = DIRECTION('',(0.,-1.,0.));
#8139 = ADVANCED_FACE('',(#8140),#8156,.T.);
#8140 = FACE_BOUND('',#8141,.T.);
#8141 = EDGE_LOOP('',(#8142,#8143,#8149,#8150));
#8142 = ORIENTED_EDGE('',*,*,#8121,.T.);
#8143 = ORIENTED_EDGE('',*,*,#8144,.T.);
#8144 = EDGE_CURVE('',#8114,#8044,#8145,.T.);
#8145 = LINE('',#8146,#8147);
#8146 = CARTESIAN_POINT('',(0.75,-0.4,1.55));
#8147 = VECTOR('',#8148,1.);
#8148 = DIRECTION('',(-1.,0.,0.));
#8149 = ORIENTED_EDGE('',*,*,#8041,.F.);
#8150 = ORIENTED_EDGE('',*,*,#8151,.F.);
#8151 = EDGE_CURVE('',#8122,#8042,#8152,.T.);
#8152 = LINE('',#8153,#8154);
#8153 = CARTESIAN_POINT('',(0.75,-0.4,1.51));
#8154 = VECTOR('',#8155,1.);
#8155 = DIRECTION('',(-1.,0.,0.));
#8156 = PLANE('',#8157);
#8157 = AXIS2_PLACEMENT_3D('',#8158,#8159,#8160);
#8158 = CARTESIAN_POINT('',(0.75,-0.4,1.51));
#8159 = DIRECTION('',(0.,-1.,0.));
#8160 = DIRECTION('',(-1.,0.,0.));
#8161 = ADVANCED_FACE('',(#8162),#8168,.F.);
#8162 = FACE_BOUND('',#8163,.T.);
#8163 = EDGE_LOOP('',(#8164,#8165,#8166,#8167));
#8164 = ORIENTED_EDGE('',*,*,#8067,.T.);
#8165 = ORIENTED_EDGE('',*,*,#8098,.T.);
#8166 = ORIENTED_EDGE('',*,*,#8129,.T.);
#8167 = ORIENTED_EDGE('',*,*,#8151,.T.);
#8168 = PLANE('',#8169);
#8169 = AXIS2_PLACEMENT_3D('',#8170,#8171,#8172);
#8170 = CARTESIAN_POINT('',(0.,0.,1.51));
#8171 = DIRECTION('',(0.,0.,1.));
#8172 = DIRECTION('',(1.,0.,-0.));
#8173 = ADVANCED_FACE('',(#8174),#8180,.T.);
#8174 = FACE_BOUND('',#8175,.F.);
#8175 = EDGE_LOOP('',(#8176,#8177,#8178,#8179));
#8176 = ORIENTED_EDGE('',*,*,#8051,.T.);
#8177 = ORIENTED_EDGE('',*,*,#8082,.T.);
#8178 = ORIENTED_EDGE('',*,*,#8113,.T.);
#8179 = ORIENTED_EDGE('',*,*,#8144,.T.);
#8180 = PLANE('',#8181);
#8181 = AXIS2_PLACEMENT_3D('',#8182,#8183,#8184);
#8182 = CARTESIAN_POINT('',(0.,0.,1.55));
#8183 = DIRECTION('',(0.,0.,1.));
#8184 = DIRECTION('',(1.,0.,-0.));
#8185 = MANIFOLD_SOLID_BREP('',#8186);
#8186 = CLOSED_SHELL('',(#8187,#8227,#8258,#8289,#8311,#8323));
#8187 = ADVANCED_FACE('',(#8188),#8222,.T.);
#8188 = FACE_BOUND('',#8189,.T.);
#8189 = EDGE_LOOP('',(#8190,#8200,#8208,#8216));
#8190 = ORIENTED_EDGE('',*,*,#8191,.T.);
#8191 = EDGE_CURVE('',#8192,#8194,#8196,.T.);
#8192 = VERTEX_POINT('',#8193);
#8193 = CARTESIAN_POINT('',(0.25,0.1,1.51));
#8194 = VERTEX_POINT('',#8195);
#8195 = CARTESIAN_POINT('',(0.25,0.1,1.55));
#8196 = LINE('',#8197,#8198);
#8197 = CARTESIAN_POINT('',(0.25,0.1,1.51));
#8198 = VECTOR('',#8199,1.);
#8199 = DIRECTION('',(0.,0.,1.));
#8200 = ORIENTED_EDGE('',*,*,#8201,.T.);
#8201 = EDGE_CURVE('',#8194,#8202,#8204,.T.);
#8202 = VERTEX_POINT('',#8203);
#8203 = CARTESIAN_POINT('',(0.25,0.4,1.55));
#8204 = LINE('',#8205,#8206);
#8205 = CARTESIAN_POINT('',(0.25,0.1,1.55));
#8206 = VECTOR('',#8207,1.);
#8207 = DIRECTION('',(0.,1.,0.));
#8208 = ORIENTED_EDGE('',*,*,#8209,.F.);
#8209 = EDGE_CURVE('',#8210,#8202,#8212,.T.);
#8210 = VERTEX_POINT('',#8211);
#8211 = CARTESIAN_POINT('',(0.25,0.4,1.51));
#8212 = LINE('',#8213,#8214);
#8213 = CARTESIAN_POINT('',(0.25,0.4,1.51));
#8214 = VECTOR('',#8215,1.);
#8215 = DIRECTION('',(0.,0.,1.));
#8216 = ORIENTED_EDGE('',*,*,#8217,.F.);
#8217 = EDGE_CURVE('',#8192,#8210,#8218,.T.);
#8218 = LINE('',#8219,#8220);
#8219 = CARTESIAN_POINT('',(0.25,0.1,1.51));
#8220 = VECTOR('',#8221,1.);
#8221 = DIRECTION('',(0.,1.,0.));
#8222 = PLANE('',#8223);
#8223 = AXIS2_PLACEMENT_3D('',#8224,#8225,#8226);
#8224 = CARTESIAN_POINT('',(0.25,0.1,1.51));
#8225 = DIRECTION('',(-1.,0.,0.));
#8226 = DIRECTION('',(0.,1.,0.));
#8227 = ADVANCED_FACE('',(#8228),#8253,.T.);
#8228 = FACE_BOUND('',#8229,.T.);
#8229 = EDGE_LOOP('',(#8230,#8231,#8239,#8247));
#8230 = ORIENTED_EDGE('',*,*,#8209,.T.);
#8231 = ORIENTED_EDGE('',*,*,#8232,.T.);
#8232 = EDGE_CURVE('',#8202,#8233,#8235,.T.);
#8233 = VERTEX_POINT('',#8234);
#8234 = CARTESIAN_POINT('',(0.75,0.4,1.55));
#8235 = LINE('',#8236,#8237);
#8236 = CARTESIAN_POINT('',(0.25,0.4,1.55));
#8237 = VECTOR('',#8238,1.);
#8238 = DIRECTION('',(1.,0.,0.));
#8239 = ORIENTED_EDGE('',*,*,#8240,.F.);
#8240 = EDGE_CURVE('',#8241,#8233,#8243,.T.);
#8241 = VERTEX_POINT('',#8242);
#8242 = CARTESIAN_POINT('',(0.75,0.4,1.51));
#8243 = LINE('',#8244,#8245);
#8244 = CARTESIAN_POINT('',(0.75,0.4,1.51));
#8245 = VECTOR('',#8246,1.);
#8246 = DIRECTION('',(0.,0.,1.));
#8247 = ORIENTED_EDGE('',*,*,#8248,.F.);
#8248 = EDGE_CURVE('',#8210,#8241,#8249,.T.);
#8249 = LINE('',#8250,#8251);
#8250 = CARTESIAN_POINT('',(0.25,0.4,1.51));
#8251 = VECTOR('',#8252,1.);
#8252 = DIRECTION('',(1.,0.,0.));
#8253 = PLANE('',#8254);
#8254 = AXIS2_PLACEMENT_3D('',#8255,#8256,#8257);
#8255 = CARTESIAN_POINT('',(0.25,0.4,1.51));
#8256 = DIRECTION('',(0.,1.,0.));
#8257 = DIRECTION('',(1.,0.,0.));
#8258 = ADVANCED_FACE('',(#8259),#8284,.T.);
#8259 = FACE_BOUND('',#8260,.T.);
#8260 = EDGE_LOOP('',(#8261,#8262,#8270,#8278));
#8261 = ORIENTED_EDGE('',*,*,#8240,.T.);
#8262 = ORIENTED_EDGE('',*,*,#8263,.T.);
#8263 = EDGE_CURVE('',#8233,#8264,#8266,.T.);
#8264 = VERTEX_POINT('',#8265);
#8265 = CARTESIAN_POINT('',(0.75,0.1,1.55));
#8266 = LINE('',#8267,#8268);
#8267 = CARTESIAN_POINT('',(0.75,0.4,1.55));
#8268 = VECTOR('',#8269,1.);
#8269 = DIRECTION('',(0.,-1.,0.));
#8270 = ORIENTED_EDGE('',*,*,#8271,.F.);
#8271 = EDGE_CURVE('',#8272,#8264,#8274,.T.);
#8272 = VERTEX_POINT('',#8273);
#8273 = CARTESIAN_POINT('',(0.75,0.1,1.51));
#8274 = LINE('',#8275,#8276);
#8275 = CARTESIAN_POINT('',(0.75,0.1,1.51));
#8276 = VECTOR('',#8277,1.);
#8277 = DIRECTION('',(0.,0.,1.));
#8278 = ORIENTED_EDGE('',*,*,#8279,.F.);
#8279 = EDGE_CURVE('',#8241,#8272,#8280,.T.);
#8280 = LINE('',#8281,#8282);
#8281 = CARTESIAN_POINT('',(0.75,0.4,1.51));
#8282 = VECTOR('',#8283,1.);
#8283 = DIRECTION('',(0.,-1.,0.));
#8284 = PLANE('',#8285);
#8285 = AXIS2_PLACEMENT_3D('',#8286,#8287,#8288);
#8286 = CARTESIAN_POINT('',(0.75,0.4,1.51));
#8287 = DIRECTION('',(1.,0.,-0.));
#8288 = DIRECTION('',(0.,-1.,0.));
#8289 = ADVANCED_FACE('',(#8290),#8306,.T.);
#8290 = FACE_BOUND('',#8291,.T.);
#8291 = EDGE_LOOP('',(#8292,#8293,#8299,#8300));
#8292 = ORIENTED_EDGE('',*,*,#8271,.T.);
#8293 = ORIENTED_EDGE('',*,*,#8294,.T.);
#8294 = EDGE_CURVE('',#8264,#8194,#8295,.T.);
#8295 = LINE('',#8296,#8297);
#8296 = CARTESIAN_POINT('',(0.75,0.1,1.55));
#8297 = VECTOR('',#8298,1.);
#8298 = DIRECTION('',(-1.,0.,0.));
#8299 = ORIENTED_EDGE('',*,*,#8191,.F.);
#8300 = ORIENTED_EDGE('',*,*,#8301,.F.);
#8301 = EDGE_CURVE('',#8272,#8192,#8302,.T.);
#8302 = LINE('',#8303,#8304);
#8303 = CARTESIAN_POINT('',(0.75,0.1,1.51));
#8304 = VECTOR('',#8305,1.);
#8305 = DIRECTION('',(-1.,0.,0.));
#8306 = PLANE('',#8307);
#8307 = AXIS2_PLACEMENT_3D('',#8308,#8309,#8310);
#8308 = CARTESIAN_POINT('',(0.75,0.1,1.51));
#8309 = DIRECTION('',(0.,-1.,0.));
#8310 = DIRECTION('',(-1.,0.,0.));
#8311 = ADVANCED_FACE('',(#8312),#8318,.F.);
#8312 = FACE_BOUND('',#8313,.T.);
#8313 = EDGE_LOOP('',(#8314,#8315,#8316,#8317));
#8314 = ORIENTED_EDGE('',*,*,#8217,.T.);
#8315 = ORIENTED_EDGE('',*,*,#8248,.T.);
#8316 = ORIENTED_EDGE('',*,*,#8279,.T.);
#8317 = ORIENTED_EDGE('',*,*,#8301,.T.);
#8318 = PLANE('',#8319);
#8319 = AXIS2_PLACEMENT_3D('',#8320,#8321,#8322);
#8320 = CARTESIAN_POINT('',(0.,0.,1.51));
#8321 = DIRECTION('',(0.,0.,1.));
#8322 = DIRECTION('',(1.,0.,-0.));
#8323 = ADVANCED_FACE('',(#8324),#8330,.T.);
#8324 = FACE_BOUND('',#8325,.F.);
#8325 = EDGE_LOOP('',(#8326,#8327,#8328,#8329));
#8326 = ORIENTED_EDGE('',*,*,#8201,.T.);
#8327 = ORIENTED_EDGE('',*,*,#8232,.T.);
#8328 = ORIENTED_EDGE('',*,*,#8263,.T.);
#8329 = ORIENTED_EDGE('',*,*,#8294,.T.);
#8330 = PLANE('',#8331);
#8331 = AXIS2_PLACEMENT_3D('',#8332,#8333,#8334);
#8332 = CARTESIAN_POINT('',(0.,0.,1.55));
#8333 = DIRECTION('',(0.,0.,1.));
#8334 = DIRECTION('',(1.,0.,-0.));
#8335 = MANIFOLD_SOLID_BREP('',#8336);
#8336 = CLOSED_SHELL('',(#8337,#8377,#8408,#8439,#8461,#8473));
#8337 = ADVANCED_FACE('',(#8338),#8372,.T.);
#8338 = FACE_BOUND('',#8339,.T.);
#8339 = EDGE_LOOP('',(#8340,#8350,#8358,#8366));
#8340 = ORIENTED_EDGE('',*,*,#8341,.T.);
#8341 = EDGE_CURVE('',#8342,#8344,#8346,.T.);
#8342 = VERTEX_POINT('',#8343);
#8343 = CARTESIAN_POINT('',(0.25,0.55,1.51));
#8344 = VERTEX_POINT('',#8345);
#8345 = CARTESIAN_POINT('',(0.25,0.55,1.55));
#8346 = LINE('',#8347,#8348);
#8347 = CARTESIAN_POINT('',(0.25,0.55,1.51));
#8348 = VECTOR('',#8349,1.);
#8349 = DIRECTION('',(0.,0.,1.));
#8350 = ORIENTED_EDGE('',*,*,#8351,.T.);
#8351 = EDGE_CURVE('',#8344,#8352,#8354,.T.);
#8352 = VERTEX_POINT('',#8353);
#8353 = CARTESIAN_POINT('',(0.25,0.95,1.55));
#8354 = LINE('',#8355,#8356);
#8355 = CARTESIAN_POINT('',(0.25,0.55,1.55));
#8356 = VECTOR('',#8357,1.);
#8357 = DIRECTION('',(0.,1.,0.));
#8358 = ORIENTED_EDGE('',*,*,#8359,.F.);
#8359 = EDGE_CURVE('',#8360,#8352,#8362,.T.);
#8360 = VERTEX_POINT('',#8361);
#8361 = CARTESIAN_POINT('',(0.25,0.95,1.51));
#8362 = LINE('',#8363,#8364);
#8363 = CARTESIAN_POINT('',(0.25,0.95,1.51));
#8364 = VECTOR('',#8365,1.);
#8365 = DIRECTION('',(0.,0.,1.));
#8366 = ORIENTED_EDGE('',*,*,#8367,.F.);
#8367 = EDGE_CURVE('',#8342,#8360,#8368,.T.);
#8368 = LINE('',#8369,#8370);
#8369 = CARTESIAN_POINT('',(0.25,0.55,1.51));
#8370 = VECTOR('',#8371,1.);
#8371 = DIRECTION('',(0.,1.,0.));
#8372 = PLANE('',#8373);
#8373 = AXIS2_PLACEMENT_3D('',#8374,#8375,#8376);
#8374 = CARTESIAN_POINT('',(0.25,0.55,1.51));
#8375 = DIRECTION('',(-1.,0.,0.));
#8376 = DIRECTION('',(0.,1.,0.));
#8377 = ADVANCED_FACE('',(#8378),#8403,.T.);
#8378 = FACE_BOUND('',#8379,.T.);
#8379 = EDGE_LOOP('',(#8380,#8381,#8389,#8397));
#8380 = ORIENTED_EDGE('',*,*,#8359,.T.);
#8381 = ORIENTED_EDGE('',*,*,#8382,.T.);
#8382 = EDGE_CURVE('',#8352,#8383,#8385,.T.);
#8383 = VERTEX_POINT('',#8384);
#8384 = CARTESIAN_POINT('',(0.75,0.95,1.55));
#8385 = LINE('',#8386,#8387);
#8386 = CARTESIAN_POINT('',(0.25,0.95,1.55));
#8387 = VECTOR('',#8388,1.);
#8388 = DIRECTION('',(1.,0.,0.));
#8389 = ORIENTED_EDGE('',*,*,#8390,.F.);
#8390 = EDGE_CURVE('',#8391,#8383,#8393,.T.);
#8391 = VERTEX_POINT('',#8392);
#8392 = CARTESIAN_POINT('',(0.75,0.95,1.51));
#8393 = LINE('',#8394,#8395);
#8394 = CARTESIAN_POINT('',(0.75,0.95,1.51));
#8395 = VECTOR('',#8396,1.);
#8396 = DIRECTION('',(0.,0.,1.));
#8397 = ORIENTED_EDGE('',*,*,#8398,.F.);
#8398 = EDGE_CURVE('',#8360,#8391,#8399,.T.);
#8399 = LINE('',#8400,#8401);
#8400 = CARTESIAN_POINT('',(0.25,0.95,1.51));
#8401 = VECTOR('',#8402,1.);
#8402 = DIRECTION('',(1.,0.,0.));
#8403 = PLANE('',#8404);
#8404 = AXIS2_PLACEMENT_3D('',#8405,#8406,#8407);
#8405 = CARTESIAN_POINT('',(0.25,0.95,1.51));
#8406 = DIRECTION('',(0.,1.,0.));
#8407 = DIRECTION('',(1.,0.,0.));
#8408 = ADVANCED_FACE('',(#8409),#8434,.T.);
#8409 = FACE_BOUND('',#8410,.T.);
#8410 = EDGE_LOOP('',(#8411,#8412,#8420,#8428));
#8411 = ORIENTED_EDGE('',*,*,#8390,.T.);
#8412 = ORIENTED_EDGE('',*,*,#8413,.T.);
#8413 = EDGE_CURVE('',#8383,#8414,#8416,.T.);
#8414 = VERTEX_POINT('',#8415);
#8415 = CARTESIAN_POINT('',(0.75,0.55,1.55));
#8416 = LINE('',#8417,#8418);
#8417 = CARTESIAN_POINT('',(0.75,0.95,1.55));
#8418 = VECTOR('',#8419,1.);
#8419 = DIRECTION('',(0.,-1.,0.));
#8420 = ORIENTED_EDGE('',*,*,#8421,.F.);
#8421 = EDGE_CURVE('',#8422,#8414,#8424,.T.);
#8422 = VERTEX_POINT('',#8423);
#8423 = CARTESIAN_POINT('',(0.75,0.55,1.51));
#8424 = LINE('',#8425,#8426);
#8425 = CARTESIAN_POINT('',(0.75,0.55,1.51));
#8426 = VECTOR('',#8427,1.);
#8427 = DIRECTION('',(0.,0.,1.));
#8428 = ORIENTED_EDGE('',*,*,#8429,.F.);
#8429 = EDGE_CURVE('',#8391,#8422,#8430,.T.);
#8430 = LINE('',#8431,#8432);
#8431 = CARTESIAN_POINT('',(0.75,0.95,1.51));
#8432 = VECTOR('',#8433,1.);
#8433 = DIRECTION('',(0.,-1.,0.));
#8434 = PLANE('',#8435);
#8435 = AXIS2_PLACEMENT_3D('',#8436,#8437,#8438);
#8436 = CARTESIAN_POINT('',(0.75,0.95,1.51));
#8437 = DIRECTION('',(1.,0.,-0.));
#8438 = DIRECTION('',(0.,-1.,0.));
#8439 = ADVANCED_FACE('',(#8440),#8456,.T.);
#8440 = FACE_BOUND('',#8441,.T.);
#8441 = EDGE_LOOP('',(#8442,#8443,#8449,#8450));
#8442 = ORIENTED_EDGE('',*,*,#8421,.T.);
#8443 = ORIENTED_EDGE('',*,*,#8444,.T.);
#8444 = EDGE_CURVE('',#8414,#8344,#8445,.T.);
#8445 = LINE('',#8446,#8447);
#8446 = CARTESIAN_POINT('',(0.75,0.55,1.55));
#8447 = VECTOR('',#8448,1.);
#8448 = DIRECTION('',(-1.,0.,0.));
#8449 = ORIENTED_EDGE('',*,*,#8341,.F.);
#8450 = ORIENTED_EDGE('',*,*,#8451,.F.);
#8451 = EDGE_CURVE('',#8422,#8342,#8452,.T.);
#8452 = LINE('',#8453,#8454);
#8453 = CARTESIAN_POINT('',(0.75,0.55,1.51));
#8454 = VECTOR('',#8455,1.);
#8455 = DIRECTION('',(-1.,0.,0.));
#8456 = PLANE('',#8457);
#8457 = AXIS2_PLACEMENT_3D('',#8458,#8459,#8460);
#8458 = CARTESIAN_POINT('',(0.75,0.55,1.51));
#8459 = DIRECTION('',(0.,-1.,0.));
#8460 = DIRECTION('',(-1.,0.,0.));
#8461 = ADVANCED_FACE('',(#8462),#8468,.F.);
#8462 = FACE_BOUND('',#8463,.T.);
#8463 = EDGE_LOOP('',(#8464,#8465,#8466,#8467));
#8464 = ORIENTED_EDGE('',*,*,#8367,.T.);
#8465 = ORIENTED_EDGE('',*,*,#8398,.T.);
#8466 = ORIENTED_EDGE('',*,*,#8429,.T.);
#8467 = ORIENTED_EDGE('',*,*,#8451,.T.);
#8468 = PLANE('',#8469);
#8469 = AXIS2_PLACEMENT_3D('',#8470,#8471,#8472);
#8470 = CARTESIAN_POINT('',(0.,0.,1.51));
#8471 = DIRECTION('',(0.,0.,1.));
#8472 = DIRECTION('',(1.,0.,-0.));
#8473 = ADVANCED_FACE('',(#8474),#8480,.T.);
#8474 = FACE_BOUND('',#8475,.F.);
#8475 = EDGE_LOOP('',(#8476,#8477,#8478,#8479));
#8476 = ORIENTED_EDGE('',*,*,#8351,.T.);
#8477 = ORIENTED_EDGE('',*,*,#8382,.T.);
#8478 = ORIENTED_EDGE('',*,*,#8413,.T.);
#8479 = ORIENTED_EDGE('',*,*,#8444,.T.);
#8480 = PLANE('',#8481);
#8481 = AXIS2_PLACEMENT_3D('',#8482,#8483,#8484);
#8482 = CARTESIAN_POINT('',(0.,0.,1.55));
#8483 = DIRECTION('',(0.,0.,1.));
#8484 = DIRECTION('',(1.,0.,-0.));
#8485 = ( GEOMETRIC_REPRESENTATION_CONTEXT(3) 
GLOBAL_UNCERTAINTY_ASSIGNED_CONTEXT((#8489)) 
GLOBAL_UNIT_ASSIGNED_CONTEXT((#8486,#8487,#8488)) REPRESENTATION_CONTEXT
('Context #1','3D Context with UNIT and UNCERTAINTY') );
#8486 = ( LENGTH_UNIT() NAMED_UNIT(*) SI_UNIT(.MILLI.,.METRE.) );
#8487 = ( NAMED_UNIT(*) PLANE_ANGLE_UNIT() SI_UNIT($,.RADIAN.) );
#8488 = ( NAMED_UNIT(*) SI_UNIT($,.STERADIAN.) SOLID_ANGLE_UNIT() );
#8489 = UNCERTAINTY_MEASURE_WITH_UNIT(LENGTH_MEASURE(1.E-07),#8486,
  'distance_accuracy_value','confusion accuracy');
#8490 = CONTEXT_DEPENDENT_SHAPE_REPRESENTATION(#8491,#8493);
#8491 = ( REPRESENTATION_RELATIONSHIP('','',#7284,#10) 
REPRESENTATION_RELATIONSHIP_WITH_TRANSFORMATION(#8492) 
SHAPE_REPRESENTATION_RELATIONSHIP() );
#8492 = ITEM_DEFINED_TRANSFORMATION('','',#11,#19);
#8493 = PRODUCT_DEFINITION_SHAPE('Placement','Placement of an item',
  #8494);
#8494 = NEXT_ASSEMBLY_USAGE_OCCURRENCE('3','=>[0:1:1:4]','',#5,#7279,$);
#8495 = PRODUCT_RELATED_PRODUCT_CATEGORY('part',$,(#7281));
#8496 = SHAPE_DEFINITION_REPRESENTATION(#8497,#8503);
#8497 = PRODUCT_DEFINITION_SHAPE('','',#8498);
#8498 = PRODUCT_DEFINITION('design','',#8499,#8502);
#8499 = PRODUCT_DEFINITION_FORMATION('','',#8500);
#8500 = PRODUCT(
  'electronic_resistor_array_4_x_0402_convex_3_ohm_8_pin_render_PCB',
  'electronic_resistor_array_4_x_0402_convex_3_ohm_8_pin_render_PCB','',
  (#8501));
#8501 = PRODUCT_CONTEXT('',#2,'mechanical');
#8502 = PRODUCT_DEFINITION_CONTEXT('part definition',#2,'design');
#8503 = ADVANCED_BREP_SHAPE_REPRESENTATION('',(#11,#8504),#8654);
#8504 = MANIFOLD_SOLID_BREP('',#8505);
#8505 = CLOSED_SHELL('',(#8506,#8546,#8577,#8608,#8630,#8642));
#8506 = ADVANCED_FACE('',(#8507),#8541,.T.);
#8507 = FACE_BOUND('',#8508,.T.);
#8508 = EDGE_LOOP('',(#8509,#8519,#8527,#8535));
#8509 = ORIENTED_EDGE('',*,*,#8510,.T.);
#8510 = EDGE_CURVE('',#8511,#8513,#8515,.T.);
#8511 = VERTEX_POINT('',#8512);
#8512 = CARTESIAN_POINT('',(3.,-3.25,0.));
#8513 = VERTEX_POINT('',#8514);
#8514 = CARTESIAN_POINT('',(3.,-3.25,1.51));
#8515 = LINE('',#8516,#8517);
#8516 = CARTESIAN_POINT('',(3.,-3.25,0.));
#8517 = VECTOR('',#8518,1.);
#8518 = DIRECTION('',(0.,0.,1.));
#8519 = ORIENTED_EDGE('',*,*,#8520,.T.);
#8520 = EDGE_CURVE('',#8513,#8521,#8523,.T.);
#8521 = VERTEX_POINT('',#8522);
#8522 = CARTESIAN_POINT('',(-3.,-3.25,1.51));
#8523 = LINE('',#8524,#8525);
#8524 = CARTESIAN_POINT('',(3.,-3.25,1.51));
#8525 = VECTOR('',#8526,1.);
#8526 = DIRECTION('',(-1.,0.,0.));
#8527 = ORIENTED_EDGE('',*,*,#8528,.F.);
#8528 = EDGE_CURVE('',#8529,#8521,#8531,.T.);
#8529 = VERTEX_POINT('',#8530);
#8530 = CARTESIAN_POINT('',(-3.,-3.25,0.));
#8531 = LINE('',#8532,#8533);
#8532 = CARTESIAN_POINT('',(-3.,-3.25,0.));
#8533 = VECTOR('',#8534,1.);
#8534 = DIRECTION('',(0.,0.,1.));
#8535 = ORIENTED_EDGE('',*,*,#8536,.F.);
#8536 = EDGE_CURVE('',#8511,#8529,#8537,.T.);
#8537 = LINE('',#8538,#8539);
#8538 = CARTESIAN_POINT('',(3.,-3.25,0.));
#8539 = VECTOR('',#8540,1.);
#8540 = DIRECTION('',(-1.,0.,0.));
#8541 = PLANE('',#8542);
#8542 = AXIS2_PLACEMENT_3D('',#8543,#8544,#8545);
#8543 = CARTESIAN_POINT('',(3.,-3.25,0.));
#8544 = DIRECTION('',(0.,-1.,0.));
#8545 = DIRECTION('',(-1.,0.,0.));
#8546 = ADVANCED_FACE('',(#8547),#8572,.T.);
#8547 = FACE_BOUND('',#8548,.T.);
#8548 = EDGE_LOOP('',(#8549,#8550,#8558,#8566));
#8549 = ORIENTED_EDGE('',*,*,#8528,.T.);
#8550 = ORIENTED_EDGE('',*,*,#8551,.T.);
#8551 = EDGE_CURVE('',#8521,#8552,#8554,.T.);
#8552 = VERTEX_POINT('',#8553);
#8553 = CARTESIAN_POINT('',(-3.,3.25,1.51));
#8554 = LINE('',#8555,#8556);
#8555 = CARTESIAN_POINT('',(-3.,-3.25,1.51));
#8556 = VECTOR('',#8557,1.);
#8557 = DIRECTION('',(0.,1.,0.));
#8558 = ORIENTED_EDGE('',*,*,#8559,.F.);
#8559 = EDGE_CURVE('',#8560,#8552,#8562,.T.);
#8560 = VERTEX_POINT('',#8561);
#8561 = CARTESIAN_POINT('',(-3.,3.25,0.));
#8562 = LINE('',#8563,#8564);
#8563 = CARTESIAN_POINT('',(-3.,3.25,0.));
#8564 = VECTOR('',#8565,1.);
#8565 = DIRECTION('',(0.,0.,1.));
#8566 = ORIENTED_EDGE('',*,*,#8567,.F.);
#8567 = EDGE_CURVE('',#8529,#8560,#8568,.T.);
#8568 = LINE('',#8569,#8570);
#8569 = CARTESIAN_POINT('',(-3.,-3.25,0.));
#8570 = VECTOR('',#8571,1.);
#8571 = DIRECTION('',(0.,1.,0.));
#8572 = PLANE('',#8573);
#8573 = AXIS2_PLACEMENT_3D('',#8574,#8575,#8576);
#8574 = CARTESIAN_POINT('',(-3.,-3.25,0.));
#8575 = DIRECTION('',(-1.,0.,0.));
#8576 = DIRECTION('',(0.,1.,0.));
#8577 = ADVANCED_FACE('',(#8578),#8603,.T.);
#8578 = FACE_BOUND('',#8579,.T.);
#8579 = EDGE_LOOP('',(#8580,#8581,#8589,#8597));
#8580 = ORIENTED_EDGE('',*,*,#8559,.T.);
#8581 = ORIENTED_EDGE('',*,*,#8582,.T.);
#8582 = EDGE_CURVE('',#8552,#8583,#8585,.T.);
#8583 = VERTEX_POINT('',#8584);
#8584 = CARTESIAN_POINT('',(3.,3.25,1.51));
#8585 = LINE('',#8586,#8587);
#8586 = CARTESIAN_POINT('',(-3.,3.25,1.51));
#8587 = VECTOR('',#8588,1.);
#8588 = DIRECTION('',(1.,0.,0.));
#8589 = ORIENTED_EDGE('',*,*,#8590,.F.);
#8590 = EDGE_CURVE('',#8591,#8583,#8593,.T.);
#8591 = VERTEX_POINT('',#8592);
#8592 = CARTESIAN_POINT('',(3.,3.25,0.));
#8593 = LINE('',#8594,#8595);
#8594 = CARTESIAN_POINT('',(3.,3.25,0.));
#8595 = VECTOR('',#8596,1.);
#8596 = DIRECTION('',(0.,0.,1.));
#8597 = ORIENTED_EDGE('',*,*,#8598,.F.);
#8598 = EDGE_CURVE('',#8560,#8591,#8599,.T.);
#8599 = LINE('',#8600,#8601);
#8600 = CARTESIAN_POINT('',(-3.,3.25,0.));
#8601 = VECTOR('',#8602,1.);
#8602 = DIRECTION('',(1.,0.,0.));
#8603 = PLANE('',#8604);
#8604 = AXIS2_PLACEMENT_3D('',#8605,#8606,#8607);
#8605 = CARTESIAN_POINT('',(-3.,3.25,0.));
#8606 = DIRECTION('',(0.,1.,0.));
#8607 = DIRECTION('',(1.,0.,0.));
#8608 = ADVANCED_FACE('',(#8609),#8625,.T.);
#8609 = FACE_BOUND('',#8610,.T.);
#8610 = EDGE_LOOP('',(#8611,#8612,#8618,#8619));
#8611 = ORIENTED_EDGE('',*,*,#8590,.T.);
#8612 = ORIENTED_EDGE('',*,*,#8613,.T.);
#8613 = EDGE_CURVE('',#8583,#8513,#8614,.T.);
#8614 = LINE('',#8615,#8616);
#8615 = CARTESIAN_POINT('',(3.,3.25,1.51));
#8616 = VECTOR('',#8617,1.);
#8617 = DIRECTION('',(0.,-1.,0.));
#8618 = ORIENTED_EDGE('',*,*,#8510,.F.);
#8619 = ORIENTED_EDGE('',*,*,#8620,.F.);
#8620 = EDGE_CURVE('',#8591,#8511,#8621,.T.);
#8621 = LINE('',#8622,#8623);
#8622 = CARTESIAN_POINT('',(3.,3.25,0.));
#8623 = VECTOR('',#8624,1.);
#8624 = DIRECTION('',(0.,-1.,0.));
#8625 = PLANE('',#8626);
#8626 = AXIS2_PLACEMENT_3D('',#8627,#8628,#8629);
#8627 = CARTESIAN_POINT('',(3.,3.25,0.));
#8628 = DIRECTION('',(1.,0.,-0.));
#8629 = DIRECTION('',(0.,-1.,0.));
#8630 = ADVANCED_FACE('',(#8631),#8637,.F.);
#8631 = FACE_BOUND('',#8632,.T.);
#8632 = EDGE_LOOP('',(#8633,#8634,#8635,#8636));
#8633 = ORIENTED_EDGE('',*,*,#8536,.T.);
#8634 = ORIENTED_EDGE('',*,*,#8567,.T.);
#8635 = ORIENTED_EDGE('',*,*,#8598,.T.);
#8636 = ORIENTED_EDGE('',*,*,#8620,.T.);
#8637 = PLANE('',#8638);
#8638 = AXIS2_PLACEMENT_3D('',#8639,#8640,#8641);
#8639 = CARTESIAN_POINT('',(0.,0.,0.));
#8640 = DIRECTION('',(0.,0.,1.));
#8641 = DIRECTION('',(1.,0.,-0.));
#8642 = ADVANCED_FACE('',(#8643),#8649,.T.);
#8643 = FACE_BOUND('',#8644,.F.);
#8644 = EDGE_LOOP('',(#8645,#8646,#8647,#8648));
#8645 = ORIENTED_EDGE('',*,*,#8520,.T.);
#8646 = ORIENTED_EDGE('',*,*,#8551,.T.);
#8647 = ORIENTED_EDGE('',*,*,#8582,.T.);
#8648 = ORIENTED_EDGE('',*,*,#8613,.T.);
#8649 = PLANE('',#8650);
#8650 = AXIS2_PLACEMENT_3D('',#8651,#8652,#8653);
#8651 = CARTESIAN_POINT('',(0.,0.,1.51));
#8652 = DIRECTION('',(0.,0.,1.));
#8653 = DIRECTION('',(1.,0.,-0.));
#8654 = ( GEOMETRIC_REPRESENTATION_CONTEXT(3) 
GLOBAL_UNCERTAINTY_ASSIGNED_CONTEXT((#8658)) 
GLOBAL_UNIT_ASSIGNED_CONTEXT((#8655,#8656,#8657)) REPRESENTATION_CONTEXT
('Context #1','3D Context with UNIT and UNCERTAINTY') );
#8655 = ( LENGTH_UNIT() NAMED_UNIT(*) SI_UNIT(.MILLI.,.METRE.) );
#8656 = ( NAMED_UNIT(*) PLANE_ANGLE_UNIT() SI_UNIT($,.RADIAN.) );
#8657 = ( NAMED_UNIT(*) SI_UNIT($,.STERADIAN.) SOLID_ANGLE_UNIT() );
#8658 = UNCERTAINTY_MEASURE_WITH_UNIT(LENGTH_MEASURE(1.E-07),#8655,
  'distance_accuracy_value','confusion accuracy');
#8659 = CONTEXT_DEPENDENT_SHAPE_REPRESENTATION(#8660,#8662);
#8660 = ( REPRESENTATION_RELATIONSHIP('','',#8503,#10) 
REPRESENTATION_RELATIONSHIP_WITH_TRANSFORMATION(#8661) 
SHAPE_REPRESENTATION_RELATIONSHIP() );
#8661 = ITEM_DEFINED_TRANSFORMATION('','',#11,#23);
#8662 = PRODUCT_DEFINITION_SHAPE('Placement','Placement of an item',
  #8663);
#8663 = NEXT_ASSEMBLY_USAGE_OCCURRENCE('4','=>[0:1:1:5]','',#5,#8498,$);
#8664 = PRODUCT_RELATED_PRODUCT_CATEGORY('part',$,(#8500));
#8665 = MECHANICAL_DESIGN_GEOMETRIC_PRESENTATION_REPRESENTATION('',(
    #8666,#8674,#8681,#8688,#8695,#8702,#8709,#8716),#8485);
#8666 = STYLED_ITEM('color',(#8667),#7285);
#8667 = PRESENTATION_STYLE_ASSIGNMENT((#8668));
#8668 = SURFACE_STYLE_USAGE(.BOTH.,#8669);
#8669 = SURFACE_SIDE_STYLE('',(#8670));
#8670 = SURFACE_STYLE_FILL_AREA(#8671);
#8671 = FILL_AREA_STYLE('',(#8672));
#8672 = FILL_AREA_STYLE_COLOUR('',#8673);
#8673 = COLOUR_RGB('',0.735356983052,0.735356983052,0.735356983052);
#8674 = STYLED_ITEM('color',(#8675),#7435);
#8675 = PRESENTATION_STYLE_ASSIGNMENT((#8676));
#8676 = SURFACE_STYLE_USAGE(.BOTH.,#8677);
#8677 = SURFACE_SIDE_STYLE('',(#8678));
#8678 = SURFACE_STYLE_FILL_AREA(#8679);
#8679 = FILL_AREA_STYLE('',(#8680));
#8680 = FILL_AREA_STYLE_COLOUR('',#8673);
#8681 = STYLED_ITEM('color',(#8682),#7585);
#8682 = PRESENTATION_STYLE_ASSIGNMENT((#8683));
#8683 = SURFACE_STYLE_USAGE(.BOTH.,#8684);
#8684 = SURFACE_SIDE_STYLE('',(#8685));
#8685 = SURFACE_STYLE_FILL_AREA(#8686);
#8686 = FILL_AREA_STYLE('',(#8687));
#8687 = FILL_AREA_STYLE_COLOUR('',#8673);
#8688 = STYLED_ITEM('color',(#8689),#7735);
#8689 = PRESENTATION_STYLE_ASSIGNMENT((#8690));
#8690 = SURFACE_STYLE_USAGE(.BOTH.,#8691);
#8691 = SURFACE_SIDE_STYLE('',(#8692));
#8692 = SURFACE_STYLE_FILL_AREA(#8693);
#8693 = FILL_AREA_STYLE('',(#8694));
#8694 = FILL_AREA_STYLE_COLOUR('',#8673);
#8695 = STYLED_ITEM('color',(#8696),#7885);
#8696 = PRESENTATION_STYLE_ASSIGNMENT((#8697));
#8697 = SURFACE_STYLE_USAGE(.BOTH.,#8698);
#8698 = SURFACE_SIDE_STYLE('',(#8699));
#8699 = SURFACE_STYLE_FILL_AREA(#8700);
#8700 = FILL_AREA_STYLE('',(#8701));
#8701 = FILL_AREA_STYLE_COLOUR('',#8673);
#8702 = STYLED_ITEM('color',(#8703),#8035);
#8703 = PRESENTATION_STYLE_ASSIGNMENT((#8704));
#8704 = SURFACE_STYLE_USAGE(.BOTH.,#8705);
#8705 = SURFACE_SIDE_STYLE('',(#8706));
#8706 = SURFACE_STYLE_FILL_AREA(#8707);
#8707 = FILL_AREA_STYLE('',(#8708));
#8708 = FILL_AREA_STYLE_COLOUR('',#8673);
#8709 = STYLED_ITEM('color',(#8710),#8185);
#8710 = PRESENTATION_STYLE_ASSIGNMENT((#8711));
#8711 = SURFACE_STYLE_USAGE(.BOTH.,#8712);
#8712 = SURFACE_SIDE_STYLE('',(#8713));
#8713 = SURFACE_STYLE_FILL_AREA(#8714);
#8714 = FILL_AREA_STYLE('',(#8715));
#8715 = FILL_AREA_STYLE_COLOUR('',#8673);
#8716 = STYLED_ITEM('color',(#8717),#8335);
#8717 = PRESENTATION_STYLE_ASSIGNMENT((#8718));
#8718 = SURFACE_STYLE_USAGE(.BOTH.,#8719);
#8719 = SURFACE_SIDE_STYLE('',(#8720));
#8720 = SURFACE_STYLE_FILL_AREA(#8721);
#8721 = FILL_AREA_STYLE('',(#8722));
#8722 = FILL_AREA_STYLE_COLOUR('',#8673);
#8723 = MECHANICAL_DESIGN_GEOMETRIC_PRESENTATION_REPRESENTATION('',(
    #8724),#8654);
#8724 = STYLED_ITEM('color',(#8725),#8504);
#8725 = PRESENTATION_STYLE_ASSIGNMENT((#8726));
#8726 = SURFACE_STYLE_USAGE(.BOTH.,#8727);
#8727 = SURFACE_SIDE_STYLE('',(#8728));
#8728 = SURFACE_STYLE_FILL_AREA(#8729);
#8729 = FILL_AREA_STYLE('',(#8730));
#8730 = FILL_AREA_STYLE_COLOUR('',#8731);
#8731 = COLOUR_RGB('',0.313304153717,0.484529207832,0.410020903123);
#8732 = MECHANICAL_DESIGN_GEOMETRIC_PRESENTATION_REPRESENTATION('',(
    #8733,#8741,#8748,#8755,#8762,#8769,#8776,#8783,#8790,#8798,#8805,
    #8812,#8819,#8826,#8833,#8840,#8847,#8854,#8861,#8868,#8875,#8882,
    #8889,#8896,#8903,#8911,#8918,#8925,#8932,#8939,#8946,#8953,#8960,
    #8967,#8974,#8981,#8988,#8995,#9002,#9009,#9016,#9023,#9030,#9037,
    #9044,#9051,#9058,#9065,#9072,#9079,#9086,#9093,#9100,#9107,#9114,
    #9121,#9128,#9135,#9142,#9149,#9156,#9163,#9170,#9177,#9184,#9191,
    #9198,#9205,#9212,#9219,#9226,#9233,#9240,#9247,#9254,#9261,#9268,
    #9275,#9282,#9289,#9296,#9303,#9310,#9317,#9324,#9331,#9338,#9345,
    #9352,#9359,#9366,#9373,#9380,#9387,#9394,#9401,#9408,#9415,#9422,
    #9429,#9436,#9443,#9450,#9457,#9464,#9471,#9478,#9485,#9492,#9499,
    #9506,#9513,#9520,#9527,#9534,#9541,#9548,#9555,#9562,#9569,#9576,
    #9583,#9590,#9597,#9604,#9611,#9618,#9625,#9632,#9639,#9646,#9653,
    #9660,#9667,#9674,#9681,#9688,#9695,#9702,#9709,#9716,#9723,#9730,
    #9737,#9744,#9751,#9758,#9765,#9772,#9779,#9786,#9793,#9800,#9807,
    #9814,#9821,#9828,#9835,#9842,#9849,#9856,#9863,#9870,#9877,#9884,
    #9891,#9898,#9905,#9912,#9919,#9926,#9933,#9940,#9947,#9954,#9961,
    #9968,#9975,#9982,#9989,#9996,#10003,#10010,#10017,#10024,#10031,
    #10038,#10045,#10052,#10059,#10066,#10073,#10080,#10087,#10094,
    #10101,#10108,#10115,#10122,#10129,#10136,#10143,#10150,#10157,
    #10164,#10171,#10178,#10185,#10192,#10199,#10206,#10213,#10220,
    #10227,#10234,#10241,#10248,#10255),#7266);
#8733 = STYLED_ITEM('color',(#8734),#66);
#8734 = PRESENTATION_STYLE_ASSIGNMENT((#8735));
#8735 = SURFACE_STYLE_USAGE(.BOTH.,#8736);
#8736 = SURFACE_SIDE_STYLE('',(#8737));
#8737 = SURFACE_STYLE_FILL_AREA(#8738);
#8738 = FILL_AREA_STYLE('',(#8739));
#8739 = FILL_AREA_STYLE_COLOUR('',#8740);
#8740 = COLOUR_RGB('',0.823999987314,0.819999987296,0.781000009244);
#8741 = STYLED_ITEM('color',(#8742),#106);
#8742 = PRESENTATION_STYLE_ASSIGNMENT((#8743));
#8743 = SURFACE_STYLE_USAGE(.BOTH.,#8744);
#8744 = SURFACE_SIDE_STYLE('',(#8745));
#8745 = SURFACE_STYLE_FILL_AREA(#8746);
#8746 = FILL_AREA_STYLE('',(#8747));
#8747 = FILL_AREA_STYLE_COLOUR('',#8740);
#8748 = STYLED_ITEM('color',(#8749),#189);
#8749 = PRESENTATION_STYLE_ASSIGNMENT((#8750));
#8750 = SURFACE_STYLE_USAGE(.BOTH.,#8751);
#8751 = SURFACE_SIDE_STYLE('',(#8752));
#8752 = SURFACE_STYLE_FILL_AREA(#8753);
#8753 = FILL_AREA_STYLE('',(#8754));
#8754 = FILL_AREA_STYLE_COLOUR('',#8740);
#8755 = STYLED_ITEM('color',(#8756),#214);
#8756 = PRESENTATION_STYLE_ASSIGNMENT((#8757));
#8757 = SURFACE_STYLE_USAGE(.BOTH.,#8758);
#8758 = SURFACE_SIDE_STYLE('',(#8759));
#8759 = SURFACE_STYLE_FILL_AREA(#8760);
#8760 = FILL_AREA_STYLE('',(#8761));
#8761 = FILL_AREA_STYLE_COLOUR('',#8740);
#8762 = STYLED_ITEM('color',(#8763),#239);
#8763 = PRESENTATION_STYLE_ASSIGNMENT((#8764));
#8764 = SURFACE_STYLE_USAGE(.BOTH.,#8765);
#8765 = SURFACE_SIDE_STYLE('',(#8766));
#8766 = SURFACE_STYLE_FILL_AREA(#8767);
#8767 = FILL_AREA_STYLE('',(#8768));
#8768 = FILL_AREA_STYLE_COLOUR('',#8740);
#8769 = STYLED_ITEM('color',(#8770),#306);
#8770 = PRESENTATION_STYLE_ASSIGNMENT((#8771));
#8771 = SURFACE_STYLE_USAGE(.BOTH.,#8772);
#8772 = SURFACE_SIDE_STYLE('',(#8773));
#8773 = SURFACE_STYLE_FILL_AREA(#8774);
#8774 = FILL_AREA_STYLE('',(#8775));
#8775 = FILL_AREA_STYLE_COLOUR('',#8740);
#8776 = STYLED_ITEM('color',(#8777),#371);
#8777 = PRESENTATION_STYLE_ASSIGNMENT((#8778));
#8778 = SURFACE_STYLE_USAGE(.BOTH.,#8779);
#8779 = SURFACE_SIDE_STYLE('',(#8780));
#8780 = SURFACE_STYLE_FILL_AREA(#8781);
#8781 = FILL_AREA_STYLE('',(#8782));
#8782 = FILL_AREA_STYLE_COLOUR('',#8740);
#8783 = STYLED_ITEM('color',(#8784),#396);
#8784 = PRESENTATION_STYLE_ASSIGNMENT((#8785));
#8785 = SURFACE_STYLE_USAGE(.BOTH.,#8786);
#8786 = SURFACE_SIDE_STYLE('',(#8787));
#8787 = SURFACE_STYLE_FILL_AREA(#8788);
#8788 = FILL_AREA_STYLE('',(#8789));
#8789 = FILL_AREA_STYLE_COLOUR('',#8740);
#8790 = STYLED_ITEM('color',(#8791),#420);
#8791 = PRESENTATION_STYLE_ASSIGNMENT((#8792));
#8792 = SURFACE_STYLE_USAGE(.BOTH.,#8793);
#8793 = SURFACE_SIDE_STYLE('',(#8794));
#8794 = SURFACE_STYLE_FILL_AREA(#8795);
#8795 = FILL_AREA_STYLE('',(#8796));
#8796 = FILL_AREA_STYLE_COLOUR('',#8797);
#8797 = COLOUR_RGB('',0.894999966383,0.890999961016,0.813000030345);
#8798 = STYLED_ITEM('color',(#8799),#467);
#8799 = PRESENTATION_STYLE_ASSIGNMENT((#8800));
#8800 = SURFACE_STYLE_USAGE(.BOTH.,#8801);
#8801 = SURFACE_SIDE_STYLE('',(#8802));
#8802 = SURFACE_STYLE_FILL_AREA(#8803);
#8803 = FILL_AREA_STYLE('',(#8804));
#8804 = FILL_AREA_STYLE_COLOUR('',#8740);
#8805 = STYLED_ITEM('color',(#8806),#532);
#8806 = PRESENTATION_STYLE_ASSIGNMENT((#8807));
#8807 = SURFACE_STYLE_USAGE(.BOTH.,#8808);
#8808 = SURFACE_SIDE_STYLE('',(#8809));
#8809 = SURFACE_STYLE_FILL_AREA(#8810);
#8810 = FILL_AREA_STYLE('',(#8811));
#8811 = FILL_AREA_STYLE_COLOUR('',#8740);
#8812 = STYLED_ITEM('color',(#8813),#563);
#8813 = PRESENTATION_STYLE_ASSIGNMENT((#8814));
#8814 = SURFACE_STYLE_USAGE(.BOTH.,#8815);
#8815 = SURFACE_SIDE_STYLE('',(#8816));
#8816 = SURFACE_STYLE_FILL_AREA(#8817);
#8817 = FILL_AREA_STYLE('',(#8818));
#8818 = FILL_AREA_STYLE_COLOUR('',#8740);
#8819 = STYLED_ITEM('color',(#8820),#581);
#8820 = PRESENTATION_STYLE_ASSIGNMENT((#8821));
#8821 = SURFACE_STYLE_USAGE(.BOTH.,#8822);
#8822 = SURFACE_SIDE_STYLE('',(#8823));
#8823 = SURFACE_STYLE_FILL_AREA(#8824);
#8824 = FILL_AREA_STYLE('',(#8825));
#8825 = FILL_AREA_STYLE_COLOUR('',#8740);
#8826 = STYLED_ITEM('color',(#8827),#606);
#8827 = PRESENTATION_STYLE_ASSIGNMENT((#8828));
#8828 = SURFACE_STYLE_USAGE(.BOTH.,#8829);
#8829 = SURFACE_SIDE_STYLE('',(#8830));
#8830 = SURFACE_STYLE_FILL_AREA(#8831);
#8831 = FILL_AREA_STYLE('',(#8832));
#8832 = FILL_AREA_STYLE_COLOUR('',#8740);
#8833 = STYLED_ITEM('color',(#8834),#630);
#8834 = PRESENTATION_STYLE_ASSIGNMENT((#8835));
#8835 = SURFACE_STYLE_USAGE(.BOTH.,#8836);
#8836 = SURFACE_SIDE_STYLE('',(#8837));
#8837 = SURFACE_STYLE_FILL_AREA(#8838);
#8838 = FILL_AREA_STYLE('',(#8839));
#8839 = FILL_AREA_STYLE_COLOUR('',#8797);
#8840 = STYLED_ITEM('color',(#8841),#661);
#8841 = PRESENTATION_STYLE_ASSIGNMENT((#8842));
#8842 = SURFACE_STYLE_USAGE(.BOTH.,#8843);
#8843 = SURFACE_SIDE_STYLE('',(#8844));
#8844 = SURFACE_STYLE_FILL_AREA(#8845);
#8845 = FILL_AREA_STYLE('',(#8846));
#8846 = FILL_AREA_STYLE_COLOUR('',#8740);
#8847 = STYLED_ITEM('color',(#8848),#692);
#8848 = PRESENTATION_STYLE_ASSIGNMENT((#8849));
#8849 = SURFACE_STYLE_USAGE(.BOTH.,#8850);
#8850 = SURFACE_SIDE_STYLE('',(#8851));
#8851 = SURFACE_STYLE_FILL_AREA(#8852);
#8852 = FILL_AREA_STYLE('',(#8853));
#8853 = FILL_AREA_STYLE_COLOUR('',#8740);
#8854 = STYLED_ITEM('color',(#8855),#710);
#8855 = PRESENTATION_STYLE_ASSIGNMENT((#8856));
#8856 = SURFACE_STYLE_USAGE(.BOTH.,#8857);
#8857 = SURFACE_SIDE_STYLE('',(#8858));
#8858 = SURFACE_STYLE_FILL_AREA(#8859);
#8859 = FILL_AREA_STYLE('',(#8860));
#8860 = FILL_AREA_STYLE_COLOUR('',#8740);
#8861 = STYLED_ITEM('color',(#8862),#745);
#8862 = PRESENTATION_STYLE_ASSIGNMENT((#8863));
#8863 = SURFACE_STYLE_USAGE(.BOTH.,#8864);
#8864 = SURFACE_SIDE_STYLE('',(#8865));
#8865 = SURFACE_STYLE_FILL_AREA(#8866);
#8866 = FILL_AREA_STYLE('',(#8867));
#8867 = FILL_AREA_STYLE_COLOUR('',#8740);
#8868 = STYLED_ITEM('color',(#8869),#780);
#8869 = PRESENTATION_STYLE_ASSIGNMENT((#8870));
#8870 = SURFACE_STYLE_USAGE(.BOTH.,#8871);
#8871 = SURFACE_SIDE_STYLE('',(#8872));
#8872 = SURFACE_STYLE_FILL_AREA(#8873);
#8873 = FILL_AREA_STYLE('',(#8874));
#8874 = FILL_AREA_STYLE_COLOUR('',#8740);
#8875 = STYLED_ITEM('color',(#8876),#797);
#8876 = PRESENTATION_STYLE_ASSIGNMENT((#8877));
#8877 = SURFACE_STYLE_USAGE(.BOTH.,#8878);
#8878 = SURFACE_SIDE_STYLE('',(#8879));
#8879 = SURFACE_STYLE_FILL_AREA(#8880);
#8880 = FILL_AREA_STYLE('',(#8881));
#8881 = FILL_AREA_STYLE_COLOUR('',#8797);
#8882 = STYLED_ITEM('color',(#8883),#1245);
#8883 = PRESENTATION_STYLE_ASSIGNMENT((#8884));
#8884 = SURFACE_STYLE_USAGE(.BOTH.,#8885);
#8885 = SURFACE_SIDE_STYLE('',(#8886));
#8886 = SURFACE_STYLE_FILL_AREA(#8887);
#8887 = FILL_AREA_STYLE('',(#8888));
#8888 = FILL_AREA_STYLE_COLOUR('',#8740);
#8889 = STYLED_ITEM('color',(#8890),#1328);
#8890 = PRESENTATION_STYLE_ASSIGNMENT((#8891));
#8891 = SURFACE_STYLE_USAGE(.BOTH.,#8892);
#8892 = SURFACE_SIDE_STYLE('',(#8893));
#8893 = SURFACE_STYLE_FILL_AREA(#8894);
#8894 = FILL_AREA_STYLE('',(#8895));
#8895 = FILL_AREA_STYLE_COLOUR('',#8797);
#8896 = STYLED_ITEM('color',(#8897),#1352);
#8897 = PRESENTATION_STYLE_ASSIGNMENT((#8898));
#8898 = SURFACE_STYLE_USAGE(.BOTH.,#8899);
#8899 = SURFACE_SIDE_STYLE('',(#8900));
#8900 = SURFACE_STYLE_FILL_AREA(#8901);
#8901 = FILL_AREA_STYLE('',(#8902));
#8902 = FILL_AREA_STYLE_COLOUR('',#8797);
#8903 = STYLED_ITEM('color',(#8904),#1383);
#8904 = PRESENTATION_STYLE_ASSIGNMENT((#8905));
#8905 = SURFACE_STYLE_USAGE(.BOTH.,#8906);
#8906 = SURFACE_SIDE_STYLE('',(#8907));
#8907 = SURFACE_STYLE_FILL_AREA(#8908);
#8908 = FILL_AREA_STYLE('',(#8909));
#8909 = FILL_AREA_STYLE_COLOUR('',#8910);
#8910 = COLOUR_RGB('',8.200000279077E-02,8.600000121357E-02,
  9.399999706163E-02);
#8911 = STYLED_ITEM('color',(#8912),#1414);
#8912 = PRESENTATION_STYLE_ASSIGNMENT((#8913));
#8913 = SURFACE_STYLE_USAGE(.BOTH.,#8914);
#8914 = SURFACE_SIDE_STYLE('',(#8915));
#8915 = SURFACE_STYLE_FILL_AREA(#8916);
#8916 = FILL_AREA_STYLE('',(#8917));
#8917 = FILL_AREA_STYLE_COLOUR('',#8740);
#8918 = STYLED_ITEM('color',(#8919),#1449);
#8919 = PRESENTATION_STYLE_ASSIGNMENT((#8920));
#8920 = SURFACE_STYLE_USAGE(.BOTH.,#8921);
#8921 = SURFACE_SIDE_STYLE('',(#8922));
#8922 = SURFACE_STYLE_FILL_AREA(#8923);
#8923 = FILL_AREA_STYLE('',(#8924));
#8924 = FILL_AREA_STYLE_COLOUR('',#8740);
#8925 = STYLED_ITEM('color',(#8926),#1477);
#8926 = PRESENTATION_STYLE_ASSIGNMENT((#8927));
#8927 = SURFACE_STYLE_USAGE(.BOTH.,#8928);
#8928 = SURFACE_SIDE_STYLE('',(#8929));
#8929 = SURFACE_STYLE_FILL_AREA(#8930);
#8930 = FILL_AREA_STYLE('',(#8931));
#8931 = FILL_AREA_STYLE_COLOUR('',#8740);
#8932 = STYLED_ITEM('color',(#8933),#1494);
#8933 = PRESENTATION_STYLE_ASSIGNMENT((#8934));
#8934 = SURFACE_STYLE_USAGE(.BOTH.,#8935);
#8935 = SURFACE_SIDE_STYLE('',(#8936));
#8936 = SURFACE_STYLE_FILL_AREA(#8937);
#8937 = FILL_AREA_STYLE('',(#8938));
#8938 = FILL_AREA_STYLE_COLOUR('',#8797);
#8939 = STYLED_ITEM('color',(#8940),#1528);
#8940 = PRESENTATION_STYLE_ASSIGNMENT((#8941));
#8941 = SURFACE_STYLE_USAGE(.BOTH.,#8942);
#8942 = SURFACE_SIDE_STYLE('',(#8943));
#8943 = SURFACE_STYLE_FILL_AREA(#8944);
#8944 = FILL_AREA_STYLE('',(#8945));
#8945 = FILL_AREA_STYLE_COLOUR('',#8797);
#8946 = STYLED_ITEM('color',(#8947),#1546);
#8947 = PRESENTATION_STYLE_ASSIGNMENT((#8948));
#8948 = SURFACE_STYLE_USAGE(.BOTH.,#8949);
#8949 = SURFACE_SIDE_STYLE('',(#8950));
#8950 = SURFACE_STYLE_FILL_AREA(#8951);
#8951 = FILL_AREA_STYLE('',(#8952));
#8952 = FILL_AREA_STYLE_COLOUR('',#8740);
#8953 = STYLED_ITEM('color',(#8954),#1558);
#8954 = PRESENTATION_STYLE_ASSIGNMENT((#8955));
#8955 = SURFACE_STYLE_USAGE(.BOTH.,#8956);
#8956 = SURFACE_SIDE_STYLE('',(#8957));
#8957 = SURFACE_STYLE_FILL_AREA(#8958);
#8958 = FILL_AREA_STYLE('',(#8959));
#8959 = FILL_AREA_STYLE_COLOUR('',#8740);
#8960 = STYLED_ITEM('color',(#8961),#1582);
#8961 = PRESENTATION_STYLE_ASSIGNMENT((#8962));
#8962 = SURFACE_STYLE_USAGE(.BOTH.,#8963);
#8963 = SURFACE_SIDE_STYLE('',(#8964));
#8964 = SURFACE_STYLE_FILL_AREA(#8965);
#8965 = FILL_AREA_STYLE('',(#8966));
#8966 = FILL_AREA_STYLE_COLOUR('',#8740);
#8967 = STYLED_ITEM('color',(#8968),#1632);
#8968 = PRESENTATION_STYLE_ASSIGNMENT((#8969));
#8969 = SURFACE_STYLE_USAGE(.BOTH.,#8970);
#8970 = SURFACE_SIDE_STYLE('',(#8971));
#8971 = SURFACE_STYLE_FILL_AREA(#8972);
#8972 = FILL_AREA_STYLE('',(#8973));
#8973 = FILL_AREA_STYLE_COLOUR('',#8740);
#8974 = STYLED_ITEM('color',(#8975),#1656);
#8975 = PRESENTATION_STYLE_ASSIGNMENT((#8976));
#8976 = SURFACE_STYLE_USAGE(.BOTH.,#8977);
#8977 = SURFACE_SIDE_STYLE('',(#8978));
#8978 = SURFACE_STYLE_FILL_AREA(#8979);
#8979 = FILL_AREA_STYLE('',(#8980));
#8980 = FILL_AREA_STYLE_COLOUR('',#8740);
#8981 = STYLED_ITEM('color',(#8982),#1706);
#8982 = PRESENTATION_STYLE_ASSIGNMENT((#8983));
#8983 = SURFACE_STYLE_USAGE(.BOTH.,#8984);
#8984 = SURFACE_SIDE_STYLE('',(#8985));
#8985 = SURFACE_STYLE_FILL_AREA(#8986);
#8986 = FILL_AREA_STYLE('',(#8987));
#8987 = FILL_AREA_STYLE_COLOUR('',#8740);
#8988 = STYLED_ITEM('color',(#8989),#1730);
#8989 = PRESENTATION_STYLE_ASSIGNMENT((#8990));
#8990 = SURFACE_STYLE_USAGE(.BOTH.,#8991);
#8991 = SURFACE_SIDE_STYLE('',(#8992));
#8992 = SURFACE_STYLE_FILL_AREA(#8993);
#8993 = FILL_AREA_STYLE('',(#8994));
#8994 = FILL_AREA_STYLE_COLOUR('',#8797);
#8995 = STYLED_ITEM('color',(#8996),#1754);
#8996 = PRESENTATION_STYLE_ASSIGNMENT((#8997));
#8997 = SURFACE_STYLE_USAGE(.BOTH.,#8998);
#8998 = SURFACE_SIDE_STYLE('',(#8999));
#8999 = SURFACE_STYLE_FILL_AREA(#9000);
#9000 = FILL_AREA_STYLE('',(#9001));
#9001 = FILL_AREA_STYLE_COLOUR('',#8797);
#9002 = STYLED_ITEM('color',(#9003),#1785);
#9003 = PRESENTATION_STYLE_ASSIGNMENT((#9004));
#9004 = SURFACE_STYLE_USAGE(.BOTH.,#9005);
#9005 = SURFACE_SIDE_STYLE('',(#9006));
#9006 = SURFACE_STYLE_FILL_AREA(#9007);
#9007 = FILL_AREA_STYLE('',(#9008));
#9008 = FILL_AREA_STYLE_COLOUR('',#8740);
#9009 = STYLED_ITEM('color',(#9010),#1816);
#9010 = PRESENTATION_STYLE_ASSIGNMENT((#9011));
#9011 = SURFACE_STYLE_USAGE(.BOTH.,#9012);
#9012 = SURFACE_SIDE_STYLE('',(#9013));
#9013 = SURFACE_STYLE_FILL_AREA(#9014);
#9014 = FILL_AREA_STYLE('',(#9015));
#9015 = FILL_AREA_STYLE_COLOUR('',#8797);
#9016 = STYLED_ITEM('color',(#9017),#1850);
#9017 = PRESENTATION_STYLE_ASSIGNMENT((#9018));
#9018 = SURFACE_STYLE_USAGE(.BOTH.,#9019);
#9019 = SURFACE_SIDE_STYLE('',(#9020));
#9020 = SURFACE_STYLE_FILL_AREA(#9021);
#9021 = FILL_AREA_STYLE('',(#9022));
#9022 = FILL_AREA_STYLE_COLOUR('',#8740);
#9023 = STYLED_ITEM('color',(#9024),#1900);
#9024 = PRESENTATION_STYLE_ASSIGNMENT((#9025));
#9025 = SURFACE_STYLE_USAGE(.BOTH.,#9026);
#9026 = SURFACE_SIDE_STYLE('',(#9027));
#9027 = SURFACE_STYLE_FILL_AREA(#9028);
#9028 = FILL_AREA_STYLE('',(#9029));
#9029 = FILL_AREA_STYLE_COLOUR('',#8797);
#9030 = STYLED_ITEM('color',(#9031),#1924);
#9031 = PRESENTATION_STYLE_ASSIGNMENT((#9032));
#9032 = SURFACE_STYLE_USAGE(.BOTH.,#9033);
#9033 = SURFACE_SIDE_STYLE('',(#9034));
#9034 = SURFACE_STYLE_FILL_AREA(#9035);
#9035 = FILL_AREA_STYLE('',(#9036));
#9036 = FILL_AREA_STYLE_COLOUR('',#8740);
#9037 = STYLED_ITEM('color',(#9038),#1948);
#9038 = PRESENTATION_STYLE_ASSIGNMENT((#9039));
#9039 = SURFACE_STYLE_USAGE(.BOTH.,#9040);
#9040 = SURFACE_SIDE_STYLE('',(#9041));
#9041 = SURFACE_STYLE_FILL_AREA(#9042);
#9042 = FILL_AREA_STYLE('',(#9043));
#9043 = FILL_AREA_STYLE_COLOUR('',#8740);
#9044 = STYLED_ITEM('color',(#9045),#1979);
#9045 = PRESENTATION_STYLE_ASSIGNMENT((#9046));
#9046 = SURFACE_STYLE_USAGE(.BOTH.,#9047);
#9047 = SURFACE_SIDE_STYLE('',(#9048));
#9048 = SURFACE_STYLE_FILL_AREA(#9049);
#9049 = FILL_AREA_STYLE('',(#9050));
#9050 = FILL_AREA_STYLE_COLOUR('',#8740);
#9051 = STYLED_ITEM('color',(#9052),#2029);
#9052 = PRESENTATION_STYLE_ASSIGNMENT((#9053));
#9053 = SURFACE_STYLE_USAGE(.BOTH.,#9054);
#9054 = SURFACE_SIDE_STYLE('',(#9055));
#9055 = SURFACE_STYLE_FILL_AREA(#9056);
#9056 = FILL_AREA_STYLE('',(#9057));
#9057 = FILL_AREA_STYLE_COLOUR('',#8740);
#9058 = STYLED_ITEM('color',(#9059),#2079);
#9059 = PRESENTATION_STYLE_ASSIGNMENT((#9060));
#9060 = SURFACE_STYLE_USAGE(.BOTH.,#9061);
#9061 = SURFACE_SIDE_STYLE('',(#9062));
#9062 = SURFACE_STYLE_FILL_AREA(#9063);
#9063 = FILL_AREA_STYLE('',(#9064));
#9064 = FILL_AREA_STYLE_COLOUR('',#8740);
#9065 = STYLED_ITEM('color',(#9066),#2103);
#9066 = PRESENTATION_STYLE_ASSIGNMENT((#9067));
#9067 = SURFACE_STYLE_USAGE(.BOTH.,#9068);
#9068 = SURFACE_SIDE_STYLE('',(#9069));
#9069 = SURFACE_STYLE_FILL_AREA(#9070);
#9070 = FILL_AREA_STYLE('',(#9071));
#9071 = FILL_AREA_STYLE_COLOUR('',#8740);
#9072 = STYLED_ITEM('color',(#9073),#2127);
#9073 = PRESENTATION_STYLE_ASSIGNMENT((#9074));
#9074 = SURFACE_STYLE_USAGE(.BOTH.,#9075);
#9075 = SURFACE_SIDE_STYLE('',(#9076));
#9076 = SURFACE_STYLE_FILL_AREA(#9077);
#9077 = FILL_AREA_STYLE('',(#9078));
#9078 = FILL_AREA_STYLE_COLOUR('',#8797);
#9079 = STYLED_ITEM('color',(#9080),#2158);
#9080 = PRESENTATION_STYLE_ASSIGNMENT((#9081));
#9081 = SURFACE_STYLE_USAGE(.BOTH.,#9082);
#9082 = SURFACE_SIDE_STYLE('',(#9083));
#9083 = SURFACE_STYLE_FILL_AREA(#9084);
#9084 = FILL_AREA_STYLE('',(#9085));
#9085 = FILL_AREA_STYLE_COLOUR('',#8740);
#9086 = STYLED_ITEM('color',(#9087),#2208);
#9087 = PRESENTATION_STYLE_ASSIGNMENT((#9088));
#9088 = SURFACE_STYLE_USAGE(.BOTH.,#9089);
#9089 = SURFACE_SIDE_STYLE('',(#9090));
#9090 = SURFACE_STYLE_FILL_AREA(#9091);
#9091 = FILL_AREA_STYLE('',(#9092));
#9092 = FILL_AREA_STYLE_COLOUR('',#8797);
#9093 = STYLED_ITEM('color',(#9094),#2242);
#9094 = PRESENTATION_STYLE_ASSIGNMENT((#9095));
#9095 = SURFACE_STYLE_USAGE(.BOTH.,#9096);
#9096 = SURFACE_SIDE_STYLE('',(#9097));
#9097 = SURFACE_STYLE_FILL_AREA(#9098);
#9098 = FILL_AREA_STYLE('',(#9099));
#9099 = FILL_AREA_STYLE_COLOUR('',#8740);
#9100 = STYLED_ITEM('color',(#9101),#2266);
#9101 = PRESENTATION_STYLE_ASSIGNMENT((#9102));
#9102 = SURFACE_STYLE_USAGE(.BOTH.,#9103);
#9103 = SURFACE_SIDE_STYLE('',(#9104));
#9104 = SURFACE_STYLE_FILL_AREA(#9105);
#9105 = FILL_AREA_STYLE('',(#9106));
#9106 = FILL_AREA_STYLE_COLOUR('',#8797);
#9107 = STYLED_ITEM('color',(#9108),#2290);
#9108 = PRESENTATION_STYLE_ASSIGNMENT((#9109));
#9109 = SURFACE_STYLE_USAGE(.BOTH.,#9110);
#9110 = SURFACE_SIDE_STYLE('',(#9111));
#9111 = SURFACE_STYLE_FILL_AREA(#9112);
#9112 = FILL_AREA_STYLE('',(#9113));
#9113 = FILL_AREA_STYLE_COLOUR('',#8797);
#9114 = STYLED_ITEM('color',(#9115),#2321);
#9115 = PRESENTATION_STYLE_ASSIGNMENT((#9116));
#9116 = SURFACE_STYLE_USAGE(.BOTH.,#9117);
#9117 = SURFACE_SIDE_STYLE('',(#9118));
#9118 = SURFACE_STYLE_FILL_AREA(#9119);
#9119 = FILL_AREA_STYLE('',(#9120));
#9120 = FILL_AREA_STYLE_COLOUR('',#8740);
#9121 = STYLED_ITEM('color',(#9122),#2352);
#9122 = PRESENTATION_STYLE_ASSIGNMENT((#9123));
#9123 = SURFACE_STYLE_USAGE(.BOTH.,#9124);
#9124 = SURFACE_SIDE_STYLE('',(#9125));
#9125 = SURFACE_STYLE_FILL_AREA(#9126);
#9126 = FILL_AREA_STYLE('',(#9127));
#9127 = FILL_AREA_STYLE_COLOUR('',#8797);
#9128 = STYLED_ITEM('color',(#9129),#2386);
#9129 = PRESENTATION_STYLE_ASSIGNMENT((#9130));
#9130 = SURFACE_STYLE_USAGE(.BOTH.,#9131);
#9131 = SURFACE_SIDE_STYLE('',(#9132));
#9132 = SURFACE_STYLE_FILL_AREA(#9133);
#9133 = FILL_AREA_STYLE('',(#9134));
#9134 = FILL_AREA_STYLE_COLOUR('',#8740);
#9135 = STYLED_ITEM('color',(#9136),#2436);
#9136 = PRESENTATION_STYLE_ASSIGNMENT((#9137));
#9137 = SURFACE_STYLE_USAGE(.BOTH.,#9138);
#9138 = SURFACE_SIDE_STYLE('',(#9139));
#9139 = SURFACE_STYLE_FILL_AREA(#9140);
#9140 = FILL_AREA_STYLE('',(#9141));
#9141 = FILL_AREA_STYLE_COLOUR('',#8797);
#9142 = STYLED_ITEM('color',(#9143),#2460);
#9143 = PRESENTATION_STYLE_ASSIGNMENT((#9144));
#9144 = SURFACE_STYLE_USAGE(.BOTH.,#9145);
#9145 = SURFACE_SIDE_STYLE('',(#9146));
#9146 = SURFACE_STYLE_FILL_AREA(#9147);
#9147 = FILL_AREA_STYLE('',(#9148));
#9148 = FILL_AREA_STYLE_COLOUR('',#8740);
#9149 = STYLED_ITEM('color',(#9150),#2484);
#9150 = PRESENTATION_STYLE_ASSIGNMENT((#9151));
#9151 = SURFACE_STYLE_USAGE(.BOTH.,#9152);
#9152 = SURFACE_SIDE_STYLE('',(#9153));
#9153 = SURFACE_STYLE_FILL_AREA(#9154);
#9154 = FILL_AREA_STYLE('',(#9155));
#9155 = FILL_AREA_STYLE_COLOUR('',#8740);
#9156 = STYLED_ITEM('color',(#9157),#2515);
#9157 = PRESENTATION_STYLE_ASSIGNMENT((#9158));
#9158 = SURFACE_STYLE_USAGE(.BOTH.,#9159);
#9159 = SURFACE_SIDE_STYLE('',(#9160));
#9160 = SURFACE_STYLE_FILL_AREA(#9161);
#9161 = FILL_AREA_STYLE('',(#9162));
#9162 = FILL_AREA_STYLE_COLOUR('',#8740);
#9163 = STYLED_ITEM('color',(#9164),#2565);
#9164 = PRESENTATION_STYLE_ASSIGNMENT((#9165));
#9165 = SURFACE_STYLE_USAGE(.BOTH.,#9166);
#9166 = SURFACE_SIDE_STYLE('',(#9167));
#9167 = SURFACE_STYLE_FILL_AREA(#9168);
#9168 = FILL_AREA_STYLE('',(#9169));
#9169 = FILL_AREA_STYLE_COLOUR('',#8740);
#9170 = STYLED_ITEM('color',(#9171),#2615);
#9171 = PRESENTATION_STYLE_ASSIGNMENT((#9172));
#9172 = SURFACE_STYLE_USAGE(.BOTH.,#9173);
#9173 = SURFACE_SIDE_STYLE('',(#9174));
#9174 = SURFACE_STYLE_FILL_AREA(#9175);
#9175 = FILL_AREA_STYLE('',(#9176));
#9176 = FILL_AREA_STYLE_COLOUR('',#8740);
#9177 = STYLED_ITEM('color',(#9178),#2639);
#9178 = PRESENTATION_STYLE_ASSIGNMENT((#9179));
#9179 = SURFACE_STYLE_USAGE(.BOTH.,#9180);
#9180 = SURFACE_SIDE_STYLE('',(#9181));
#9181 = SURFACE_STYLE_FILL_AREA(#9182);
#9182 = FILL_AREA_STYLE('',(#9183));
#9183 = FILL_AREA_STYLE_COLOUR('',#8740);
#9184 = STYLED_ITEM('color',(#9185),#2663);
#9185 = PRESENTATION_STYLE_ASSIGNMENT((#9186));
#9186 = SURFACE_STYLE_USAGE(.BOTH.,#9187);
#9187 = SURFACE_SIDE_STYLE('',(#9188));
#9188 = SURFACE_STYLE_FILL_AREA(#9189);
#9189 = FILL_AREA_STYLE('',(#9190));
#9190 = FILL_AREA_STYLE_COLOUR('',#8797);
#9191 = STYLED_ITEM('color',(#9192),#2694);
#9192 = PRESENTATION_STYLE_ASSIGNMENT((#9193));
#9193 = SURFACE_STYLE_USAGE(.BOTH.,#9194);
#9194 = SURFACE_SIDE_STYLE('',(#9195));
#9195 = SURFACE_STYLE_FILL_AREA(#9196);
#9196 = FILL_AREA_STYLE('',(#9197));
#9197 = FILL_AREA_STYLE_COLOUR('',#8740);
#9198 = STYLED_ITEM('color',(#9199),#2744);
#9199 = PRESENTATION_STYLE_ASSIGNMENT((#9200));
#9200 = SURFACE_STYLE_USAGE(.BOTH.,#9201);
#9201 = SURFACE_SIDE_STYLE('',(#9202));
#9202 = SURFACE_STYLE_FILL_AREA(#9203);
#9203 = FILL_AREA_STYLE('',(#9204));
#9204 = FILL_AREA_STYLE_COLOUR('',#8797);
#9205 = STYLED_ITEM('color',(#9206),#2778);
#9206 = PRESENTATION_STYLE_ASSIGNMENT((#9207));
#9207 = SURFACE_STYLE_USAGE(.BOTH.,#9208);
#9208 = SURFACE_SIDE_STYLE('',(#9209));
#9209 = SURFACE_STYLE_FILL_AREA(#9210);
#9210 = FILL_AREA_STYLE('',(#9211));
#9211 = FILL_AREA_STYLE_COLOUR('',#8740);
#9212 = STYLED_ITEM('color',(#9213),#2802);
#9213 = PRESENTATION_STYLE_ASSIGNMENT((#9214));
#9214 = SURFACE_STYLE_USAGE(.BOTH.,#9215);
#9215 = SURFACE_SIDE_STYLE('',(#9216));
#9216 = SURFACE_STYLE_FILL_AREA(#9217);
#9217 = FILL_AREA_STYLE('',(#9218));
#9218 = FILL_AREA_STYLE_COLOUR('',#8797);
#9219 = STYLED_ITEM('color',(#9220),#2826);
#9220 = PRESENTATION_STYLE_ASSIGNMENT((#9221));
#9221 = SURFACE_STYLE_USAGE(.BOTH.,#9222);
#9222 = SURFACE_SIDE_STYLE('',(#9223));
#9223 = SURFACE_STYLE_FILL_AREA(#9224);
#9224 = FILL_AREA_STYLE('',(#9225));
#9225 = FILL_AREA_STYLE_COLOUR('',#8797);
#9226 = STYLED_ITEM('color',(#9227),#2857);
#9227 = PRESENTATION_STYLE_ASSIGNMENT((#9228));
#9228 = SURFACE_STYLE_USAGE(.BOTH.,#9229);
#9229 = SURFACE_SIDE_STYLE('',(#9230));
#9230 = SURFACE_STYLE_FILL_AREA(#9231);
#9231 = FILL_AREA_STYLE('',(#9232));
#9232 = FILL_AREA_STYLE_COLOUR('',#8740);
#9233 = STYLED_ITEM('color',(#9234),#2888);
#9234 = PRESENTATION_STYLE_ASSIGNMENT((#9235));
#9235 = SURFACE_STYLE_USAGE(.BOTH.,#9236);
#9236 = SURFACE_SIDE_STYLE('',(#9237));
#9237 = SURFACE_STYLE_FILL_AREA(#9238);
#9238 = FILL_AREA_STYLE('',(#9239));
#9239 = FILL_AREA_STYLE_COLOUR('',#8797);
#9240 = STYLED_ITEM('color',(#9241),#2922);
#9241 = PRESENTATION_STYLE_ASSIGNMENT((#9242));
#9242 = SURFACE_STYLE_USAGE(.BOTH.,#9243);
#9243 = SURFACE_SIDE_STYLE('',(#9244));
#9244 = SURFACE_STYLE_FILL_AREA(#9245);
#9245 = FILL_AREA_STYLE('',(#9246));
#9246 = FILL_AREA_STYLE_COLOUR('',#8740);
#9247 = STYLED_ITEM('color',(#9248),#2972);
#9248 = PRESENTATION_STYLE_ASSIGNMENT((#9249));
#9249 = SURFACE_STYLE_USAGE(.BOTH.,#9250);
#9250 = SURFACE_SIDE_STYLE('',(#9251));
#9251 = SURFACE_STYLE_FILL_AREA(#9252);
#9252 = FILL_AREA_STYLE('',(#9253));
#9253 = FILL_AREA_STYLE_COLOUR('',#8797);
#9254 = STYLED_ITEM('color',(#9255),#2996);
#9255 = PRESENTATION_STYLE_ASSIGNMENT((#9256));
#9256 = SURFACE_STYLE_USAGE(.BOTH.,#9257);
#9257 = SURFACE_SIDE_STYLE('',(#9258));
#9258 = SURFACE_STYLE_FILL_AREA(#9259);
#9259 = FILL_AREA_STYLE('',(#9260));
#9260 = FILL_AREA_STYLE_COLOUR('',#8740);
#9261 = STYLED_ITEM('color',(#9262),#3020);
#9262 = PRESENTATION_STYLE_ASSIGNMENT((#9263));
#9263 = SURFACE_STYLE_USAGE(.BOTH.,#9264);
#9264 = SURFACE_SIDE_STYLE('',(#9265));
#9265 = SURFACE_STYLE_FILL_AREA(#9266);
#9266 = FILL_AREA_STYLE('',(#9267));
#9267 = FILL_AREA_STYLE_COLOUR('',#8740);
#9268 = STYLED_ITEM('color',(#9269),#3051);
#9269 = PRESENTATION_STYLE_ASSIGNMENT((#9270));
#9270 = SURFACE_STYLE_USAGE(.BOTH.,#9271);
#9271 = SURFACE_SIDE_STYLE('',(#9272));
#9272 = SURFACE_STYLE_FILL_AREA(#9273);
#9273 = FILL_AREA_STYLE('',(#9274));
#9274 = FILL_AREA_STYLE_COLOUR('',#8740);
#9275 = STYLED_ITEM('color',(#9276),#3101);
#9276 = PRESENTATION_STYLE_ASSIGNMENT((#9277));
#9277 = SURFACE_STYLE_USAGE(.BOTH.,#9278);
#9278 = SURFACE_SIDE_STYLE('',(#9279));
#9279 = SURFACE_STYLE_FILL_AREA(#9280);
#9280 = FILL_AREA_STYLE('',(#9281));
#9281 = FILL_AREA_STYLE_COLOUR('',#8740);
#9282 = STYLED_ITEM('color',(#9283),#3151);
#9283 = PRESENTATION_STYLE_ASSIGNMENT((#9284));
#9284 = SURFACE_STYLE_USAGE(.BOTH.,#9285);
#9285 = SURFACE_SIDE_STYLE('',(#9286));
#9286 = SURFACE_STYLE_FILL_AREA(#9287);
#9287 = FILL_AREA_STYLE('',(#9288));
#9288 = FILL_AREA_STYLE_COLOUR('',#8740);
#9289 = STYLED_ITEM('color',(#9290),#3175);
#9290 = PRESENTATION_STYLE_ASSIGNMENT((#9291));
#9291 = SURFACE_STYLE_USAGE(.BOTH.,#9292);
#9292 = SURFACE_SIDE_STYLE('',(#9293));
#9293 = SURFACE_STYLE_FILL_AREA(#9294);
#9294 = FILL_AREA_STYLE('',(#9295));
#9295 = FILL_AREA_STYLE_COLOUR('',#8740);
#9296 = STYLED_ITEM('color',(#9297),#3199);
#9297 = PRESENTATION_STYLE_ASSIGNMENT((#9298));
#9298 = SURFACE_STYLE_USAGE(.BOTH.,#9299);
#9299 = SURFACE_SIDE_STYLE('',(#9300));
#9300 = SURFACE_STYLE_FILL_AREA(#9301);
#9301 = FILL_AREA_STYLE('',(#9302));
#9302 = FILL_AREA_STYLE_COLOUR('',#8797);
#9303 = STYLED_ITEM('color',(#9304),#3246);
#9304 = PRESENTATION_STYLE_ASSIGNMENT((#9305));
#9305 = SURFACE_STYLE_USAGE(.BOTH.,#9306);
#9306 = SURFACE_SIDE_STYLE('',(#9307));
#9307 = SURFACE_STYLE_FILL_AREA(#9308);
#9308 = FILL_AREA_STYLE('',(#9309));
#9309 = FILL_AREA_STYLE_COLOUR('',#8740);
#9310 = STYLED_ITEM('color',(#9311),#3296);
#9311 = PRESENTATION_STYLE_ASSIGNMENT((#9312));
#9312 = SURFACE_STYLE_USAGE(.BOTH.,#9313);
#9313 = SURFACE_SIDE_STYLE('',(#9314));
#9314 = SURFACE_STYLE_FILL_AREA(#9315);
#9315 = FILL_AREA_STYLE('',(#9316));
#9316 = FILL_AREA_STYLE_COLOUR('',#8740);
#9317 = STYLED_ITEM('color',(#9318),#3320);
#9318 = PRESENTATION_STYLE_ASSIGNMENT((#9319));
#9319 = SURFACE_STYLE_USAGE(.BOTH.,#9320);
#9320 = SURFACE_SIDE_STYLE('',(#9321));
#9321 = SURFACE_STYLE_FILL_AREA(#9322);
#9322 = FILL_AREA_STYLE('',(#9323));
#9323 = FILL_AREA_STYLE_COLOUR('',#8740);
#9324 = STYLED_ITEM('color',(#9325),#3367);
#9325 = PRESENTATION_STYLE_ASSIGNMENT((#9326));
#9326 = SURFACE_STYLE_USAGE(.BOTH.,#9327);
#9327 = SURFACE_SIDE_STYLE('',(#9328));
#9328 = SURFACE_STYLE_FILL_AREA(#9329);
#9329 = FILL_AREA_STYLE('',(#9330));
#9330 = FILL_AREA_STYLE_COLOUR('',#8740);
#9331 = STYLED_ITEM('color',(#9332),#3392);
#9332 = PRESENTATION_STYLE_ASSIGNMENT((#9333));
#9333 = SURFACE_STYLE_USAGE(.BOTH.,#9334);
#9334 = SURFACE_SIDE_STYLE('',(#9335));
#9335 = SURFACE_STYLE_FILL_AREA(#9336);
#9336 = FILL_AREA_STYLE('',(#9337));
#9337 = FILL_AREA_STYLE_COLOUR('',#8740);
#9338 = STYLED_ITEM('color',(#9339),#3404);
#9339 = PRESENTATION_STYLE_ASSIGNMENT((#9340));
#9340 = SURFACE_STYLE_USAGE(.BOTH.,#9341);
#9341 = SURFACE_SIDE_STYLE('',(#9342));
#9342 = SURFACE_STYLE_FILL_AREA(#9343);
#9343 = FILL_AREA_STYLE('',(#9344));
#9344 = FILL_AREA_STYLE_COLOUR('',#8740);
#9345 = STYLED_ITEM('color',(#9346),#3428);
#9346 = PRESENTATION_STYLE_ASSIGNMENT((#9347));
#9347 = SURFACE_STYLE_USAGE(.BOTH.,#9348);
#9348 = SURFACE_SIDE_STYLE('',(#9349));
#9349 = SURFACE_STYLE_FILL_AREA(#9350);
#9350 = FILL_AREA_STYLE('',(#9351));
#9351 = FILL_AREA_STYLE_COLOUR('',#8740);
#9352 = STYLED_ITEM('color',(#9353),#3453);
#9353 = PRESENTATION_STYLE_ASSIGNMENT((#9354));
#9354 = SURFACE_STYLE_USAGE(.BOTH.,#9355);
#9355 = SURFACE_SIDE_STYLE('',(#9356));
#9356 = SURFACE_STYLE_FILL_AREA(#9357);
#9357 = FILL_AREA_STYLE('',(#9358));
#9358 = FILL_AREA_STYLE_COLOUR('',#8740);
#9359 = STYLED_ITEM('color',(#9360),#3525);
#9360 = PRESENTATION_STYLE_ASSIGNMENT((#9361));
#9361 = SURFACE_STYLE_USAGE(.BOTH.,#9362);
#9362 = SURFACE_SIDE_STYLE('',(#9363));
#9363 = SURFACE_STYLE_FILL_AREA(#9364);
#9364 = FILL_AREA_STYLE('',(#9365));
#9365 = FILL_AREA_STYLE_COLOUR('',#8740);
#9366 = STYLED_ITEM('color',(#9367),#3549);
#9367 = PRESENTATION_STYLE_ASSIGNMENT((#9368));
#9368 = SURFACE_STYLE_USAGE(.BOTH.,#9369);
#9369 = SURFACE_SIDE_STYLE('',(#9370));
#9370 = SURFACE_STYLE_FILL_AREA(#9371);
#9371 = FILL_AREA_STYLE('',(#9372));
#9372 = FILL_AREA_STYLE_COLOUR('',#8740);
#9373 = STYLED_ITEM('color',(#9374),#3567);
#9374 = PRESENTATION_STYLE_ASSIGNMENT((#9375));
#9375 = SURFACE_STYLE_USAGE(.BOTH.,#9376);
#9376 = SURFACE_SIDE_STYLE('',(#9377));
#9377 = SURFACE_STYLE_FILL_AREA(#9378);
#9378 = FILL_AREA_STYLE('',(#9379));
#9379 = FILL_AREA_STYLE_COLOUR('',#8910);
#9380 = STYLED_ITEM('color',(#9381),#3709);
#9381 = PRESENTATION_STYLE_ASSIGNMENT((#9382));
#9382 = SURFACE_STYLE_USAGE(.BOTH.,#9383);
#9383 = SURFACE_SIDE_STYLE('',(#9384));
#9384 = SURFACE_STYLE_FILL_AREA(#9385);
#9385 = FILL_AREA_STYLE('',(#9386));
#9386 = FILL_AREA_STYLE_COLOUR('',#8910);
#9387 = STYLED_ITEM('color',(#9388),#3877);
#9388 = PRESENTATION_STYLE_ASSIGNMENT((#9389));
#9389 = SURFACE_STYLE_USAGE(.BOTH.,#9390);
#9390 = SURFACE_SIDE_STYLE('',(#9391));
#9391 = SURFACE_STYLE_FILL_AREA(#9392);
#9392 = FILL_AREA_STYLE('',(#9393));
#9393 = FILL_AREA_STYLE_COLOUR('',#8740);
#9394 = STYLED_ITEM('color',(#9395),#3898);
#9395 = PRESENTATION_STYLE_ASSIGNMENT((#9396));
#9396 = SURFACE_STYLE_USAGE(.BOTH.,#9397);
#9397 = SURFACE_SIDE_STYLE('',(#9398));
#9398 = SURFACE_STYLE_FILL_AREA(#9399);
#9399 = FILL_AREA_STYLE('',(#9400));
#9400 = FILL_AREA_STYLE_COLOUR('',#8910);
#9401 = STYLED_ITEM('color',(#9402),#3915);
#9402 = PRESENTATION_STYLE_ASSIGNMENT((#9403));
#9403 = SURFACE_STYLE_USAGE(.BOTH.,#9404);
#9404 = SURFACE_SIDE_STYLE('',(#9405));
#9405 = SURFACE_STYLE_FILL_AREA(#9406);
#9406 = FILL_AREA_STYLE('',(#9407));
#9407 = FILL_AREA_STYLE_COLOUR('',#8797);
#9408 = STYLED_ITEM('color',(#9409),#3940);
#9409 = PRESENTATION_STYLE_ASSIGNMENT((#9410));
#9410 = SURFACE_STYLE_USAGE(.BOTH.,#9411);
#9411 = SURFACE_SIDE_STYLE('',(#9412));
#9412 = SURFACE_STYLE_FILL_AREA(#9413);
#9413 = FILL_AREA_STYLE('',(#9414));
#9414 = FILL_AREA_STYLE_COLOUR('',#8740);
#9415 = STYLED_ITEM('color',(#9416),#3952);
#9416 = PRESENTATION_STYLE_ASSIGNMENT((#9417));
#9417 = SURFACE_STYLE_USAGE(.BOTH.,#9418);
#9418 = SURFACE_SIDE_STYLE('',(#9419));
#9419 = SURFACE_STYLE_FILL_AREA(#9420);
#9420 = FILL_AREA_STYLE('',(#9421));
#9421 = FILL_AREA_STYLE_COLOUR('',#8740);
#9422 = STYLED_ITEM('color',(#9423),#3970);
#9423 = PRESENTATION_STYLE_ASSIGNMENT((#9424));
#9424 = SURFACE_STYLE_USAGE(.BOTH.,#9425);
#9425 = SURFACE_SIDE_STYLE('',(#9426));
#9426 = SURFACE_STYLE_FILL_AREA(#9427);
#9427 = FILL_AREA_STYLE('',(#9428));
#9428 = FILL_AREA_STYLE_COLOUR('',#8740);
#9429 = STYLED_ITEM('color',(#9430),#4001);
#9430 = PRESENTATION_STYLE_ASSIGNMENT((#9431));
#9431 = SURFACE_STYLE_USAGE(.BOTH.,#9432);
#9432 = SURFACE_SIDE_STYLE('',(#9433));
#9433 = SURFACE_STYLE_FILL_AREA(#9434);
#9434 = FILL_AREA_STYLE('',(#9435));
#9435 = FILL_AREA_STYLE_COLOUR('',#8740);
#9436 = STYLED_ITEM('color',(#9437),#4077);
#9437 = PRESENTATION_STYLE_ASSIGNMENT((#9438));
#9438 = SURFACE_STYLE_USAGE(.BOTH.,#9439);
#9439 = SURFACE_SIDE_STYLE('',(#9440));
#9440 = SURFACE_STYLE_FILL_AREA(#9441);
#9441 = FILL_AREA_STYLE('',(#9442));
#9442 = FILL_AREA_STYLE_COLOUR('',#8797);
#9443 = STYLED_ITEM('color',(#9444),#4102);
#9444 = PRESENTATION_STYLE_ASSIGNMENT((#9445));
#9445 = SURFACE_STYLE_USAGE(.BOTH.,#9446);
#9446 = SURFACE_SIDE_STYLE('',(#9447));
#9447 = SURFACE_STYLE_FILL_AREA(#9448);
#9448 = FILL_AREA_STYLE('',(#9449));
#9449 = FILL_AREA_STYLE_COLOUR('',#8740);
#9450 = STYLED_ITEM('color',(#9451),#4119);
#9451 = PRESENTATION_STYLE_ASSIGNMENT((#9452));
#9452 = SURFACE_STYLE_USAGE(.BOTH.,#9453);
#9453 = SURFACE_SIDE_STYLE('',(#9454));
#9454 = SURFACE_STYLE_FILL_AREA(#9455);
#9455 = FILL_AREA_STYLE('',(#9456));
#9456 = FILL_AREA_STYLE_COLOUR('',#8797);
#9457 = STYLED_ITEM('color',(#9458),#4144);
#9458 = PRESENTATION_STYLE_ASSIGNMENT((#9459));
#9459 = SURFACE_STYLE_USAGE(.BOTH.,#9460);
#9460 = SURFACE_SIDE_STYLE('',(#9461));
#9461 = SURFACE_STYLE_FILL_AREA(#9462);
#9462 = FILL_AREA_STYLE('',(#9463));
#9463 = FILL_AREA_STYLE_COLOUR('',#8740);
#9464 = STYLED_ITEM('color',(#9465),#4186);
#9465 = PRESENTATION_STYLE_ASSIGNMENT((#9466));
#9466 = SURFACE_STYLE_USAGE(.BOTH.,#9467);
#9467 = SURFACE_SIDE_STYLE('',(#9468));
#9468 = SURFACE_STYLE_FILL_AREA(#9469);
#9469 = FILL_AREA_STYLE('',(#9470));
#9470 = FILL_AREA_STYLE_COLOUR('',#8740);
#9471 = STYLED_ITEM('color',(#9472),#4198);
#9472 = PRESENTATION_STYLE_ASSIGNMENT((#9473));
#9473 = SURFACE_STYLE_USAGE(.BOTH.,#9474);
#9474 = SURFACE_SIDE_STYLE('',(#9475));
#9475 = SURFACE_STYLE_FILL_AREA(#9476);
#9476 = FILL_AREA_STYLE('',(#9477));
#9477 = FILL_AREA_STYLE_COLOUR('',#8740);
#9478 = STYLED_ITEM('color',(#9479),#4274);
#9479 = PRESENTATION_STYLE_ASSIGNMENT((#9480));
#9480 = SURFACE_STYLE_USAGE(.BOTH.,#9481);
#9481 = SURFACE_SIDE_STYLE('',(#9482));
#9482 = SURFACE_STYLE_FILL_AREA(#9483);
#9483 = FILL_AREA_STYLE('',(#9484));
#9484 = FILL_AREA_STYLE_COLOUR('',#8740);
#9485 = STYLED_ITEM('color',(#9486),#4291);
#9486 = PRESENTATION_STYLE_ASSIGNMENT((#9487));
#9487 = SURFACE_STYLE_USAGE(.BOTH.,#9488);
#9488 = SURFACE_SIDE_STYLE('',(#9489));
#9489 = SURFACE_STYLE_FILL_AREA(#9490);
#9490 = FILL_AREA_STYLE('',(#9491));
#9491 = FILL_AREA_STYLE_COLOUR('',#8740);
#9492 = STYLED_ITEM('color',(#9493),#4309);
#9493 = PRESENTATION_STYLE_ASSIGNMENT((#9494));
#9494 = SURFACE_STYLE_USAGE(.BOTH.,#9495);
#9495 = SURFACE_SIDE_STYLE('',(#9496));
#9496 = SURFACE_STYLE_FILL_AREA(#9497);
#9497 = FILL_AREA_STYLE('',(#9498));
#9498 = FILL_AREA_STYLE_COLOUR('',#8740);
#9499 = STYLED_ITEM('color',(#9500),#4326);
#9500 = PRESENTATION_STYLE_ASSIGNMENT((#9501));
#9501 = SURFACE_STYLE_USAGE(.BOTH.,#9502);
#9502 = SURFACE_SIDE_STYLE('',(#9503));
#9503 = SURFACE_STYLE_FILL_AREA(#9504);
#9504 = FILL_AREA_STYLE('',(#9505));
#9505 = FILL_AREA_STYLE_COLOUR('',#8740);
#9506 = STYLED_ITEM('color',(#9507),#4363);
#9507 = PRESENTATION_STYLE_ASSIGNMENT((#9508));
#9508 = SURFACE_STYLE_USAGE(.BOTH.,#9509);
#9509 = SURFACE_SIDE_STYLE('',(#9510));
#9510 = SURFACE_STYLE_FILL_AREA(#9511);
#9511 = FILL_AREA_STYLE('',(#9512));
#9512 = FILL_AREA_STYLE_COLOUR('',#8740);
#9513 = STYLED_ITEM('color',(#9514),#4424);
#9514 = PRESENTATION_STYLE_ASSIGNMENT((#9515));
#9515 = SURFACE_STYLE_USAGE(.BOTH.,#9516);
#9516 = SURFACE_SIDE_STYLE('',(#9517));
#9517 = SURFACE_STYLE_FILL_AREA(#9518);
#9518 = FILL_AREA_STYLE('',(#9519));
#9519 = FILL_AREA_STYLE_COLOUR('',#8797);
#9520 = STYLED_ITEM('color',(#9521),#4449);
#9521 = PRESENTATION_STYLE_ASSIGNMENT((#9522));
#9522 = SURFACE_STYLE_USAGE(.BOTH.,#9523);
#9523 = SURFACE_SIDE_STYLE('',(#9524));
#9524 = SURFACE_STYLE_FILL_AREA(#9525);
#9525 = FILL_AREA_STYLE('',(#9526));
#9526 = FILL_AREA_STYLE_COLOUR('',#8740);
#9527 = STYLED_ITEM('color',(#9528),#4467);
#9528 = PRESENTATION_STYLE_ASSIGNMENT((#9529));
#9529 = SURFACE_STYLE_USAGE(.BOTH.,#9530);
#9530 = SURFACE_SIDE_STYLE('',(#9531));
#9531 = SURFACE_STYLE_FILL_AREA(#9532);
#9532 = FILL_AREA_STYLE('',(#9533));
#9533 = FILL_AREA_STYLE_COLOUR('',#8797);
#9534 = STYLED_ITEM('color',(#9535),#4492);
#9535 = PRESENTATION_STYLE_ASSIGNMENT((#9536));
#9536 = SURFACE_STYLE_USAGE(.BOTH.,#9537);
#9537 = SURFACE_SIDE_STYLE('',(#9538));
#9538 = SURFACE_STYLE_FILL_AREA(#9539);
#9539 = FILL_AREA_STYLE('',(#9540));
#9540 = FILL_AREA_STYLE_COLOUR('',#8740);
#9541 = STYLED_ITEM('color',(#9542),#4553);
#9542 = PRESENTATION_STYLE_ASSIGNMENT((#9543));
#9543 = SURFACE_STYLE_USAGE(.BOTH.,#9544);
#9544 = SURFACE_SIDE_STYLE('',(#9545));
#9545 = SURFACE_STYLE_FILL_AREA(#9546);
#9546 = FILL_AREA_STYLE('',(#9547));
#9547 = FILL_AREA_STYLE_COLOUR('',#8740);
#9548 = STYLED_ITEM('color',(#9549),#4629);
#9549 = PRESENTATION_STYLE_ASSIGNMENT((#9550));
#9550 = SURFACE_STYLE_USAGE(.BOTH.,#9551);
#9551 = SURFACE_SIDE_STYLE('',(#9552));
#9552 = SURFACE_STYLE_FILL_AREA(#9553);
#9553 = FILL_AREA_STYLE('',(#9554));
#9554 = FILL_AREA_STYLE_COLOUR('',#8797);
#9555 = STYLED_ITEM('color',(#9556),#4654);
#9556 = PRESENTATION_STYLE_ASSIGNMENT((#9557));
#9557 = SURFACE_STYLE_USAGE(.BOTH.,#9558);
#9558 = SURFACE_SIDE_STYLE('',(#9559));
#9559 = SURFACE_STYLE_FILL_AREA(#9560);
#9560 = FILL_AREA_STYLE('',(#9561));
#9561 = FILL_AREA_STYLE_COLOUR('',#8740);
#9562 = STYLED_ITEM('color',(#9563),#4671);
#9563 = PRESENTATION_STYLE_ASSIGNMENT((#9564));
#9564 = SURFACE_STYLE_USAGE(.BOTH.,#9565);
#9565 = SURFACE_SIDE_STYLE('',(#9566));
#9566 = SURFACE_STYLE_FILL_AREA(#9567);
#9567 = FILL_AREA_STYLE('',(#9568));
#9568 = FILL_AREA_STYLE_COLOUR('',#8797);
#9569 = STYLED_ITEM('color',(#9570),#4696);
#9570 = PRESENTATION_STYLE_ASSIGNMENT((#9571));
#9571 = SURFACE_STYLE_USAGE(.BOTH.,#9572);
#9572 = SURFACE_SIDE_STYLE('',(#9573));
#9573 = SURFACE_STYLE_FILL_AREA(#9574);
#9574 = FILL_AREA_STYLE('',(#9575));
#9575 = FILL_AREA_STYLE_COLOUR('',#8740);
#9576 = STYLED_ITEM('color',(#9577),#4738);
#9577 = PRESENTATION_STYLE_ASSIGNMENT((#9578));
#9578 = SURFACE_STYLE_USAGE(.BOTH.,#9579);
#9579 = SURFACE_SIDE_STYLE('',(#9580));
#9580 = SURFACE_STYLE_FILL_AREA(#9581);
#9581 = FILL_AREA_STYLE('',(#9582));
#9582 = FILL_AREA_STYLE_COLOUR('',#8740);
#9583 = STYLED_ITEM('color',(#9584),#4750);
#9584 = PRESENTATION_STYLE_ASSIGNMENT((#9585));
#9585 = SURFACE_STYLE_USAGE(.BOTH.,#9586);
#9586 = SURFACE_SIDE_STYLE('',(#9587));
#9587 = SURFACE_STYLE_FILL_AREA(#9588);
#9588 = FILL_AREA_STYLE('',(#9589));
#9589 = FILL_AREA_STYLE_COLOUR('',#8740);
#9590 = STYLED_ITEM('color',(#9591),#4826);
#9591 = PRESENTATION_STYLE_ASSIGNMENT((#9592));
#9592 = SURFACE_STYLE_USAGE(.BOTH.,#9593);
#9593 = SURFACE_SIDE_STYLE('',(#9594));
#9594 = SURFACE_STYLE_FILL_AREA(#9595);
#9595 = FILL_AREA_STYLE('',(#9596));
#9596 = FILL_AREA_STYLE_COLOUR('',#8740);
#9597 = STYLED_ITEM('color',(#9598),#4843);
#9598 = PRESENTATION_STYLE_ASSIGNMENT((#9599));
#9599 = SURFACE_STYLE_USAGE(.BOTH.,#9600);
#9600 = SURFACE_SIDE_STYLE('',(#9601));
#9601 = SURFACE_STYLE_FILL_AREA(#9602);
#9602 = FILL_AREA_STYLE('',(#9603));
#9603 = FILL_AREA_STYLE_COLOUR('',#8740);
#9604 = STYLED_ITEM('color',(#9605),#4861);
#9605 = PRESENTATION_STYLE_ASSIGNMENT((#9606));
#9606 = SURFACE_STYLE_USAGE(.BOTH.,#9607);
#9607 = SURFACE_SIDE_STYLE('',(#9608));
#9608 = SURFACE_STYLE_FILL_AREA(#9609);
#9609 = FILL_AREA_STYLE('',(#9610));
#9610 = FILL_AREA_STYLE_COLOUR('',#8740);
#9611 = STYLED_ITEM('color',(#9612),#4878);
#9612 = PRESENTATION_STYLE_ASSIGNMENT((#9613));
#9613 = SURFACE_STYLE_USAGE(.BOTH.,#9614);
#9614 = SURFACE_SIDE_STYLE('',(#9615));
#9615 = SURFACE_STYLE_FILL_AREA(#9616);
#9616 = FILL_AREA_STYLE('',(#9617));
#9617 = FILL_AREA_STYLE_COLOUR('',#8740);
#9618 = STYLED_ITEM('color',(#9619),#4915);
#9619 = PRESENTATION_STYLE_ASSIGNMENT((#9620));
#9620 = SURFACE_STYLE_USAGE(.BOTH.,#9621);
#9621 = SURFACE_SIDE_STYLE('',(#9622));
#9622 = SURFACE_STYLE_FILL_AREA(#9623);
#9623 = FILL_AREA_STYLE('',(#9624));
#9624 = FILL_AREA_STYLE_COLOUR('',#8740);
#9625 = STYLED_ITEM('color',(#9626),#4976);
#9626 = PRESENTATION_STYLE_ASSIGNMENT((#9627));
#9627 = SURFACE_STYLE_USAGE(.BOTH.,#9628);
#9628 = SURFACE_SIDE_STYLE('',(#9629));
#9629 = SURFACE_STYLE_FILL_AREA(#9630);
#9630 = FILL_AREA_STYLE('',(#9631));
#9631 = FILL_AREA_STYLE_COLOUR('',#8797);
#9632 = STYLED_ITEM('color',(#9633),#5001);
#9633 = PRESENTATION_STYLE_ASSIGNMENT((#9634));
#9634 = SURFACE_STYLE_USAGE(.BOTH.,#9635);
#9635 = SURFACE_SIDE_STYLE('',(#9636));
#9636 = SURFACE_STYLE_FILL_AREA(#9637);
#9637 = FILL_AREA_STYLE('',(#9638));
#9638 = FILL_AREA_STYLE_COLOUR('',#8740);
#9639 = STYLED_ITEM('color',(#9640),#5019);
#9640 = PRESENTATION_STYLE_ASSIGNMENT((#9641));
#9641 = SURFACE_STYLE_USAGE(.BOTH.,#9642);
#9642 = SURFACE_SIDE_STYLE('',(#9643));
#9643 = SURFACE_STYLE_FILL_AREA(#9644);
#9644 = FILL_AREA_STYLE('',(#9645));
#9645 = FILL_AREA_STYLE_COLOUR('',#8797);
#9646 = STYLED_ITEM('color',(#9647),#5044);
#9647 = PRESENTATION_STYLE_ASSIGNMENT((#9648));
#9648 = SURFACE_STYLE_USAGE(.BOTH.,#9649);
#9649 = SURFACE_SIDE_STYLE('',(#9650));
#9650 = SURFACE_STYLE_FILL_AREA(#9651);
#9651 = FILL_AREA_STYLE('',(#9652));
#9652 = FILL_AREA_STYLE_COLOUR('',#8740);
#9653 = STYLED_ITEM('color',(#9654),#5105);
#9654 = PRESENTATION_STYLE_ASSIGNMENT((#9655));
#9655 = SURFACE_STYLE_USAGE(.BOTH.,#9656);
#9656 = SURFACE_SIDE_STYLE('',(#9657));
#9657 = SURFACE_STYLE_FILL_AREA(#9658);
#9658 = FILL_AREA_STYLE('',(#9659));
#9659 = FILL_AREA_STYLE_COLOUR('',#8740);
#9660 = STYLED_ITEM('color',(#9661),#5181);
#9661 = PRESENTATION_STYLE_ASSIGNMENT((#9662));
#9662 = SURFACE_STYLE_USAGE(.BOTH.,#9663);
#9663 = SURFACE_SIDE_STYLE('',(#9664));
#9664 = SURFACE_STYLE_FILL_AREA(#9665);
#9665 = FILL_AREA_STYLE('',(#9666));
#9666 = FILL_AREA_STYLE_COLOUR('',#8797);
#9667 = STYLED_ITEM('color',(#9668),#5206);
#9668 = PRESENTATION_STYLE_ASSIGNMENT((#9669));
#9669 = SURFACE_STYLE_USAGE(.BOTH.,#9670);
#9670 = SURFACE_SIDE_STYLE('',(#9671));
#9671 = SURFACE_STYLE_FILL_AREA(#9672);
#9672 = FILL_AREA_STYLE('',(#9673));
#9673 = FILL_AREA_STYLE_COLOUR('',#8740);
#9674 = STYLED_ITEM('color',(#9675),#5223);
#9675 = PRESENTATION_STYLE_ASSIGNMENT((#9676));
#9676 = SURFACE_STYLE_USAGE(.BOTH.,#9677);
#9677 = SURFACE_SIDE_STYLE('',(#9678));
#9678 = SURFACE_STYLE_FILL_AREA(#9679);
#9679 = FILL_AREA_STYLE('',(#9680));
#9680 = FILL_AREA_STYLE_COLOUR('',#8797);
#9681 = STYLED_ITEM('color',(#9682),#5248);
#9682 = PRESENTATION_STYLE_ASSIGNMENT((#9683));
#9683 = SURFACE_STYLE_USAGE(.BOTH.,#9684);
#9684 = SURFACE_SIDE_STYLE('',(#9685));
#9685 = SURFACE_STYLE_FILL_AREA(#9686);
#9686 = FILL_AREA_STYLE('',(#9687));
#9687 = FILL_AREA_STYLE_COLOUR('',#8740);
#9688 = STYLED_ITEM('color',(#9689),#5290);
#9689 = PRESENTATION_STYLE_ASSIGNMENT((#9690));
#9690 = SURFACE_STYLE_USAGE(.BOTH.,#9691);
#9691 = SURFACE_SIDE_STYLE('',(#9692));
#9692 = SURFACE_STYLE_FILL_AREA(#9693);
#9693 = FILL_AREA_STYLE('',(#9694));
#9694 = FILL_AREA_STYLE_COLOUR('',#8740);
#9695 = STYLED_ITEM('color',(#9696),#5302);
#9696 = PRESENTATION_STYLE_ASSIGNMENT((#9697));
#9697 = SURFACE_STYLE_USAGE(.BOTH.,#9698);
#9698 = SURFACE_SIDE_STYLE('',(#9699));
#9699 = SURFACE_STYLE_FILL_AREA(#9700);
#9700 = FILL_AREA_STYLE('',(#9701));
#9701 = FILL_AREA_STYLE_COLOUR('',#8740);
#9702 = STYLED_ITEM('color',(#9703),#5378);
#9703 = PRESENTATION_STYLE_ASSIGNMENT((#9704));
#9704 = SURFACE_STYLE_USAGE(.BOTH.,#9705);
#9705 = SURFACE_SIDE_STYLE('',(#9706));
#9706 = SURFACE_STYLE_FILL_AREA(#9707);
#9707 = FILL_AREA_STYLE('',(#9708));
#9708 = FILL_AREA_STYLE_COLOUR('',#8740);
#9709 = STYLED_ITEM('color',(#9710),#5395);
#9710 = PRESENTATION_STYLE_ASSIGNMENT((#9711));
#9711 = SURFACE_STYLE_USAGE(.BOTH.,#9712);
#9712 = SURFACE_SIDE_STYLE('',(#9713));
#9713 = SURFACE_STYLE_FILL_AREA(#9714);
#9714 = FILL_AREA_STYLE('',(#9715));
#9715 = FILL_AREA_STYLE_COLOUR('',#8740);
#9716 = STYLED_ITEM('color',(#9717),#5413);
#9717 = PRESENTATION_STYLE_ASSIGNMENT((#9718));
#9718 = SURFACE_STYLE_USAGE(.BOTH.,#9719);
#9719 = SURFACE_SIDE_STYLE('',(#9720));
#9720 = SURFACE_STYLE_FILL_AREA(#9721);
#9721 = FILL_AREA_STYLE('',(#9722));
#9722 = FILL_AREA_STYLE_COLOUR('',#8740);
#9723 = STYLED_ITEM('color',(#9724),#5430);
#9724 = PRESENTATION_STYLE_ASSIGNMENT((#9725));
#9725 = SURFACE_STYLE_USAGE(.BOTH.,#9726);
#9726 = SURFACE_SIDE_STYLE('',(#9727));
#9727 = SURFACE_STYLE_FILL_AREA(#9728);
#9728 = FILL_AREA_STYLE('',(#9729));
#9729 = FILL_AREA_STYLE_COLOUR('',#8740);
#9730 = STYLED_ITEM('color',(#9731),#5467);
#9731 = PRESENTATION_STYLE_ASSIGNMENT((#9732));
#9732 = SURFACE_STYLE_USAGE(.BOTH.,#9733);
#9733 = SURFACE_SIDE_STYLE('',(#9734));
#9734 = SURFACE_STYLE_FILL_AREA(#9735);
#9735 = FILL_AREA_STYLE('',(#9736));
#9736 = FILL_AREA_STYLE_COLOUR('',#8740);
#9737 = STYLED_ITEM('color',(#9738),#5528);
#9738 = PRESENTATION_STYLE_ASSIGNMENT((#9739));
#9739 = SURFACE_STYLE_USAGE(.BOTH.,#9740);
#9740 = SURFACE_SIDE_STYLE('',(#9741));
#9741 = SURFACE_STYLE_FILL_AREA(#9742);
#9742 = FILL_AREA_STYLE('',(#9743));
#9743 = FILL_AREA_STYLE_COLOUR('',#8740);
#9744 = STYLED_ITEM('color',(#9745),#5595);
#9745 = PRESENTATION_STYLE_ASSIGNMENT((#9746));
#9746 = SURFACE_STYLE_USAGE(.BOTH.,#9747);
#9747 = SURFACE_SIDE_STYLE('',(#9748));
#9748 = SURFACE_STYLE_FILL_AREA(#9749);
#9749 = FILL_AREA_STYLE('',(#9750));
#9750 = FILL_AREA_STYLE_COLOUR('',#8797);
#9751 = STYLED_ITEM('color',(#9752),#5619);
#9752 = PRESENTATION_STYLE_ASSIGNMENT((#9753));
#9753 = SURFACE_STYLE_USAGE(.BOTH.,#9754);
#9754 = SURFACE_SIDE_STYLE('',(#9755));
#9755 = SURFACE_STYLE_FILL_AREA(#9756);
#9756 = FILL_AREA_STYLE('',(#9757));
#9757 = FILL_AREA_STYLE_COLOUR('',#8797);
#9758 = STYLED_ITEM('color',(#9759),#5643);
#9759 = PRESENTATION_STYLE_ASSIGNMENT((#9760));
#9760 = SURFACE_STYLE_USAGE(.BOTH.,#9761);
#9761 = SURFACE_SIDE_STYLE('',(#9762));
#9762 = SURFACE_STYLE_FILL_AREA(#9763);
#9763 = FILL_AREA_STYLE('',(#9764));
#9764 = FILL_AREA_STYLE_COLOUR('',#8910);
#9765 = STYLED_ITEM('color',(#9766),#5655);
#9766 = PRESENTATION_STYLE_ASSIGNMENT((#9767));
#9767 = SURFACE_STYLE_USAGE(.BOTH.,#9768);
#9768 = SURFACE_SIDE_STYLE('',(#9769));
#9769 = SURFACE_STYLE_FILL_AREA(#9770);
#9770 = FILL_AREA_STYLE('',(#9771));
#9771 = FILL_AREA_STYLE_COLOUR('',#8740);
#9772 = STYLED_ITEM('color',(#9773),#5667);
#9773 = PRESENTATION_STYLE_ASSIGNMENT((#9774));
#9774 = SURFACE_STYLE_USAGE(.BOTH.,#9775);
#9775 = SURFACE_SIDE_STYLE('',(#9776));
#9776 = SURFACE_STYLE_FILL_AREA(#9777);
#9777 = FILL_AREA_STYLE('',(#9778));
#9778 = FILL_AREA_STYLE_COLOUR('',#8740);
#9779 = STYLED_ITEM('color',(#9780),#5692);
#9780 = PRESENTATION_STYLE_ASSIGNMENT((#9781));
#9781 = SURFACE_STYLE_USAGE(.BOTH.,#9782);
#9782 = SURFACE_SIDE_STYLE('',(#9783));
#9783 = SURFACE_STYLE_FILL_AREA(#9784);
#9784 = FILL_AREA_STYLE('',(#9785));
#9785 = FILL_AREA_STYLE_COLOUR('',#8740);
#9786 = STYLED_ITEM('color',(#9787),#5718);
#9787 = PRESENTATION_STYLE_ASSIGNMENT((#9788));
#9788 = SURFACE_STYLE_USAGE(.BOTH.,#9789);
#9789 = SURFACE_SIDE_STYLE('',(#9790));
#9790 = SURFACE_STYLE_FILL_AREA(#9791);
#9791 = FILL_AREA_STYLE('',(#9792));
#9792 = FILL_AREA_STYLE_COLOUR('',#8740);
#9793 = STYLED_ITEM('color',(#9794),#5730);
#9794 = PRESENTATION_STYLE_ASSIGNMENT((#9795));
#9795 = SURFACE_STYLE_USAGE(.BOTH.,#9796);
#9796 = SURFACE_SIDE_STYLE('',(#9797));
#9797 = SURFACE_STYLE_FILL_AREA(#9798);
#9798 = FILL_AREA_STYLE('',(#9799));
#9799 = FILL_AREA_STYLE_COLOUR('',#8740);
#9800 = STYLED_ITEM('color',(#9801),#5780);
#9801 = PRESENTATION_STYLE_ASSIGNMENT((#9802));
#9802 = SURFACE_STYLE_USAGE(.BOTH.,#9803);
#9803 = SURFACE_SIDE_STYLE('',(#9804));
#9804 = SURFACE_STYLE_FILL_AREA(#9805);
#9805 = FILL_AREA_STYLE('',(#9806));
#9806 = FILL_AREA_STYLE_COLOUR('',#8740);
#9807 = STYLED_ITEM('color',(#9808),#5805);
#9808 = PRESENTATION_STYLE_ASSIGNMENT((#9809));
#9809 = SURFACE_STYLE_USAGE(.BOTH.,#9810);
#9810 = SURFACE_SIDE_STYLE('',(#9811));
#9811 = SURFACE_STYLE_FILL_AREA(#9812);
#9812 = FILL_AREA_STYLE('',(#9813));
#9813 = FILL_AREA_STYLE_COLOUR('',#8740);
#9814 = STYLED_ITEM('color',(#9815),#5847);
#9815 = PRESENTATION_STYLE_ASSIGNMENT((#9816));
#9816 = SURFACE_STYLE_USAGE(.BOTH.,#9817);
#9817 = SURFACE_SIDE_STYLE('',(#9818));
#9818 = SURFACE_STYLE_FILL_AREA(#9819);
#9819 = FILL_AREA_STYLE('',(#9820));
#9820 = FILL_AREA_STYLE_COLOUR('',#8740);
#9821 = STYLED_ITEM('color',(#9822),#5897);
#9822 = PRESENTATION_STYLE_ASSIGNMENT((#9823));
#9823 = SURFACE_STYLE_USAGE(.BOTH.,#9824);
#9824 = SURFACE_SIDE_STYLE('',(#9825));
#9825 = SURFACE_STYLE_FILL_AREA(#9826);
#9826 = FILL_AREA_STYLE('',(#9827));
#9827 = FILL_AREA_STYLE_COLOUR('',#8740);
#9828 = STYLED_ITEM('color',(#9829),#5922);
#9829 = PRESENTATION_STYLE_ASSIGNMENT((#9830));
#9830 = SURFACE_STYLE_USAGE(.BOTH.,#9831);
#9831 = SURFACE_SIDE_STYLE('',(#9832));
#9832 = SURFACE_STYLE_FILL_AREA(#9833);
#9833 = FILL_AREA_STYLE('',(#9834));
#9834 = FILL_AREA_STYLE_COLOUR('',#8740);
#9835 = STYLED_ITEM('color',(#9836),#5964);
#9836 = PRESENTATION_STYLE_ASSIGNMENT((#9837));
#9837 = SURFACE_STYLE_USAGE(.BOTH.,#9838);
#9838 = SURFACE_SIDE_STYLE('',(#9839));
#9839 = SURFACE_STYLE_FILL_AREA(#9840);
#9840 = FILL_AREA_STYLE('',(#9841));
#9841 = FILL_AREA_STYLE_COLOUR('',#8740);
#9842 = STYLED_ITEM('color',(#9843),#6014);
#9843 = PRESENTATION_STYLE_ASSIGNMENT((#9844));
#9844 = SURFACE_STYLE_USAGE(.BOTH.,#9845);
#9845 = SURFACE_SIDE_STYLE('',(#9846));
#9846 = SURFACE_STYLE_FILL_AREA(#9847);
#9847 = FILL_AREA_STYLE('',(#9848));
#9848 = FILL_AREA_STYLE_COLOUR('',#8740);
#9849 = STYLED_ITEM('color',(#9850),#6039);
#9850 = PRESENTATION_STYLE_ASSIGNMENT((#9851));
#9851 = SURFACE_STYLE_USAGE(.BOTH.,#9852);
#9852 = SURFACE_SIDE_STYLE('',(#9853));
#9853 = SURFACE_STYLE_FILL_AREA(#9854);
#9854 = FILL_AREA_STYLE('',(#9855));
#9855 = FILL_AREA_STYLE_COLOUR('',#8740);
#9856 = STYLED_ITEM('color',(#9857),#6081);
#9857 = PRESENTATION_STYLE_ASSIGNMENT((#9858));
#9858 = SURFACE_STYLE_USAGE(.BOTH.,#9859);
#9859 = SURFACE_SIDE_STYLE('',(#9860));
#9860 = SURFACE_STYLE_FILL_AREA(#9861);
#9861 = FILL_AREA_STYLE('',(#9862));
#9862 = FILL_AREA_STYLE_COLOUR('',#8740);
#9863 = STYLED_ITEM('color',(#9864),#6131);
#9864 = PRESENTATION_STYLE_ASSIGNMENT((#9865));
#9865 = SURFACE_STYLE_USAGE(.BOTH.,#9866);
#9866 = SURFACE_SIDE_STYLE('',(#9867));
#9867 = SURFACE_STYLE_FILL_AREA(#9868);
#9868 = FILL_AREA_STYLE('',(#9869));
#9869 = FILL_AREA_STYLE_COLOUR('',#8740);
#9870 = STYLED_ITEM('color',(#9871),#6156);
#9871 = PRESENTATION_STYLE_ASSIGNMENT((#9872));
#9872 = SURFACE_STYLE_USAGE(.BOTH.,#9873);
#9873 = SURFACE_SIDE_STYLE('',(#9874));
#9874 = SURFACE_STYLE_FILL_AREA(#9875);
#9875 = FILL_AREA_STYLE('',(#9876));
#9876 = FILL_AREA_STYLE_COLOUR('',#8740);
#9877 = STYLED_ITEM('color',(#9878),#6198);
#9878 = PRESENTATION_STYLE_ASSIGNMENT((#9879));
#9879 = SURFACE_STYLE_USAGE(.BOTH.,#9880);
#9880 = SURFACE_SIDE_STYLE('',(#9881));
#9881 = SURFACE_STYLE_FILL_AREA(#9882);
#9882 = FILL_AREA_STYLE('',(#9883));
#9883 = FILL_AREA_STYLE_COLOUR('',#8740);
#9884 = STYLED_ITEM('color',(#9885),#6248);
#9885 = PRESENTATION_STYLE_ASSIGNMENT((#9886));
#9886 = SURFACE_STYLE_USAGE(.BOTH.,#9887);
#9887 = SURFACE_SIDE_STYLE('',(#9888));
#9888 = SURFACE_STYLE_FILL_AREA(#9889);
#9889 = FILL_AREA_STYLE('',(#9890));
#9890 = FILL_AREA_STYLE_COLOUR('',#8740);
#9891 = STYLED_ITEM('color',(#9892),#6273);
#9892 = PRESENTATION_STYLE_ASSIGNMENT((#9893));
#9893 = SURFACE_STYLE_USAGE(.BOTH.,#9894);
#9894 = SURFACE_SIDE_STYLE('',(#9895));
#9895 = SURFACE_STYLE_FILL_AREA(#9896);
#9896 = FILL_AREA_STYLE('',(#9897));
#9897 = FILL_AREA_STYLE_COLOUR('',#8740);
#9898 = STYLED_ITEM('color',(#9899),#6315);
#9899 = PRESENTATION_STYLE_ASSIGNMENT((#9900));
#9900 = SURFACE_STYLE_USAGE(.BOTH.,#9901);
#9901 = SURFACE_SIDE_STYLE('',(#9902));
#9902 = SURFACE_STYLE_FILL_AREA(#9903);
#9903 = FILL_AREA_STYLE('',(#9904));
#9904 = FILL_AREA_STYLE_COLOUR('',#8740);
#9905 = STYLED_ITEM('color',(#9906),#6365);
#9906 = PRESENTATION_STYLE_ASSIGNMENT((#9907));
#9907 = SURFACE_STYLE_USAGE(.BOTH.,#9908);
#9908 = SURFACE_SIDE_STYLE('',(#9909));
#9909 = SURFACE_STYLE_FILL_AREA(#9910);
#9910 = FILL_AREA_STYLE('',(#9911));
#9911 = FILL_AREA_STYLE_COLOUR('',#8740);
#9912 = STYLED_ITEM('color',(#9913),#6390);
#9913 = PRESENTATION_STYLE_ASSIGNMENT((#9914));
#9914 = SURFACE_STYLE_USAGE(.BOTH.,#9915);
#9915 = SURFACE_SIDE_STYLE('',(#9916));
#9916 = SURFACE_STYLE_FILL_AREA(#9917);
#9917 = FILL_AREA_STYLE('',(#9918));
#9918 = FILL_AREA_STYLE_COLOUR('',#8740);
#9919 = STYLED_ITEM('color',(#9920),#6432);
#9920 = PRESENTATION_STYLE_ASSIGNMENT((#9921));
#9921 = SURFACE_STYLE_USAGE(.BOTH.,#9922);
#9922 = SURFACE_SIDE_STYLE('',(#9923));
#9923 = SURFACE_STYLE_FILL_AREA(#9924);
#9924 = FILL_AREA_STYLE('',(#9925));
#9925 = FILL_AREA_STYLE_COLOUR('',#8740);
#9926 = STYLED_ITEM('color',(#9927),#6449);
#9927 = PRESENTATION_STYLE_ASSIGNMENT((#9928));
#9928 = SURFACE_STYLE_USAGE(.BOTH.,#9929);
#9929 = SURFACE_SIDE_STYLE('',(#9930));
#9930 = SURFACE_STYLE_FILL_AREA(#9931);
#9931 = FILL_AREA_STYLE('',(#9932));
#9932 = FILL_AREA_STYLE_COLOUR('',#8740);
#9933 = STYLED_ITEM('color',(#9934),#6461);
#9934 = PRESENTATION_STYLE_ASSIGNMENT((#9935));
#9935 = SURFACE_STYLE_USAGE(.BOTH.,#9936);
#9936 = SURFACE_SIDE_STYLE('',(#9937));
#9937 = SURFACE_STYLE_FILL_AREA(#9938);
#9938 = FILL_AREA_STYLE('',(#9939));
#9939 = FILL_AREA_STYLE_COLOUR('',#8740);
#9940 = STYLED_ITEM('color',(#9941),#6478);
#9941 = PRESENTATION_STYLE_ASSIGNMENT((#9942));
#9942 = SURFACE_STYLE_USAGE(.BOTH.,#9943);
#9943 = SURFACE_SIDE_STYLE('',(#9944));
#9944 = SURFACE_STYLE_FILL_AREA(#9945);
#9945 = FILL_AREA_STYLE('',(#9946));
#9946 = FILL_AREA_STYLE_COLOUR('',#8740);
#9947 = STYLED_ITEM('color',(#9948),#6495);
#9948 = PRESENTATION_STYLE_ASSIGNMENT((#9949));
#9949 = SURFACE_STYLE_USAGE(.BOTH.,#9950);
#9950 = SURFACE_SIDE_STYLE('',(#9951));
#9951 = SURFACE_STYLE_FILL_AREA(#9952);
#9952 = FILL_AREA_STYLE('',(#9953));
#9953 = FILL_AREA_STYLE_COLOUR('',#8740);
#9954 = STYLED_ITEM('color',(#9955),#6512);
#9955 = PRESENTATION_STYLE_ASSIGNMENT((#9956));
#9956 = SURFACE_STYLE_USAGE(.BOTH.,#9957);
#9957 = SURFACE_SIDE_STYLE('',(#9958));
#9958 = SURFACE_STYLE_FILL_AREA(#9959);
#9959 = FILL_AREA_STYLE('',(#9960));
#9960 = FILL_AREA_STYLE_COLOUR('',#8740);
#9961 = STYLED_ITEM('color',(#9962),#6540);
#9962 = PRESENTATION_STYLE_ASSIGNMENT((#9963));
#9963 = SURFACE_STYLE_USAGE(.BOTH.,#9964);
#9964 = SURFACE_SIDE_STYLE('',(#9965));
#9965 = SURFACE_STYLE_FILL_AREA(#9966);
#9966 = FILL_AREA_STYLE('',(#9967));
#9967 = FILL_AREA_STYLE_COLOUR('',#8740);
#9968 = STYLED_ITEM('color',(#9969),#6552);
#9969 = PRESENTATION_STYLE_ASSIGNMENT((#9970));
#9970 = SURFACE_STYLE_USAGE(.BOTH.,#9971);
#9971 = SURFACE_SIDE_STYLE('',(#9972));
#9972 = SURFACE_STYLE_FILL_AREA(#9973);
#9973 = FILL_AREA_STYLE('',(#9974));
#9974 = FILL_AREA_STYLE_COLOUR('',#8740);
#9975 = STYLED_ITEM('color',(#9976),#6569);
#9976 = PRESENTATION_STYLE_ASSIGNMENT((#9977));
#9977 = SURFACE_STYLE_USAGE(.BOTH.,#9978);
#9978 = SURFACE_SIDE_STYLE('',(#9979));
#9979 = SURFACE_STYLE_FILL_AREA(#9980);
#9980 = FILL_AREA_STYLE('',(#9981));
#9981 = FILL_AREA_STYLE_COLOUR('',#8740);
#9982 = STYLED_ITEM('color',(#9983),#6586);
#9983 = PRESENTATION_STYLE_ASSIGNMENT((#9984));
#9984 = SURFACE_STYLE_USAGE(.BOTH.,#9985);
#9985 = SURFACE_SIDE_STYLE('',(#9986));
#9986 = SURFACE_STYLE_FILL_AREA(#9987);
#9987 = FILL_AREA_STYLE('',(#9988));
#9988 = FILL_AREA_STYLE_COLOUR('',#8740);
#9989 = STYLED_ITEM('color',(#9990),#6603);
#9990 = PRESENTATION_STYLE_ASSIGNMENT((#9991));
#9991 = SURFACE_STYLE_USAGE(.BOTH.,#9992);
#9992 = SURFACE_SIDE_STYLE('',(#9993));
#9993 = SURFACE_STYLE_FILL_AREA(#9994);
#9994 = FILL_AREA_STYLE('',(#9995));
#9995 = FILL_AREA_STYLE_COLOUR('',#8740);
#9996 = STYLED_ITEM('color',(#9997),#6620);
#9997 = PRESENTATION_STYLE_ASSIGNMENT((#9998));
#9998 = SURFACE_STYLE_USAGE(.BOTH.,#9999);
#9999 = SURFACE_SIDE_STYLE('',(#10000));
#10000 = SURFACE_STYLE_FILL_AREA(#10001);
#10001 = FILL_AREA_STYLE('',(#10002));
#10002 = FILL_AREA_STYLE_COLOUR('',#8740);
#10003 = STYLED_ITEM('color',(#10004),#6648);
#10004 = PRESENTATION_STYLE_ASSIGNMENT((#10005));
#10005 = SURFACE_STYLE_USAGE(.BOTH.,#10006);
#10006 = SURFACE_SIDE_STYLE('',(#10007));
#10007 = SURFACE_STYLE_FILL_AREA(#10008);
#10008 = FILL_AREA_STYLE('',(#10009));
#10009 = FILL_AREA_STYLE_COLOUR('',#8740);
#10010 = STYLED_ITEM('color',(#10011),#6660);
#10011 = PRESENTATION_STYLE_ASSIGNMENT((#10012));
#10012 = SURFACE_STYLE_USAGE(.BOTH.,#10013);
#10013 = SURFACE_SIDE_STYLE('',(#10014));
#10014 = SURFACE_STYLE_FILL_AREA(#10015);
#10015 = FILL_AREA_STYLE('',(#10016));
#10016 = FILL_AREA_STYLE_COLOUR('',#8740);
#10017 = STYLED_ITEM('color',(#10018),#6677);
#10018 = PRESENTATION_STYLE_ASSIGNMENT((#10019));
#10019 = SURFACE_STYLE_USAGE(.BOTH.,#10020);
#10020 = SURFACE_SIDE_STYLE('',(#10021));
#10021 = SURFACE_STYLE_FILL_AREA(#10022);
#10022 = FILL_AREA_STYLE('',(#10023));
#10023 = FILL_AREA_STYLE_COLOUR('',#8740);
#10024 = STYLED_ITEM('color',(#10025),#6689);
#10025 = PRESENTATION_STYLE_ASSIGNMENT((#10026));
#10026 = SURFACE_STYLE_USAGE(.BOTH.,#10027);
#10027 = SURFACE_SIDE_STYLE('',(#10028));
#10028 = SURFACE_STYLE_FILL_AREA(#10029);
#10029 = FILL_AREA_STYLE('',(#10030));
#10030 = FILL_AREA_STYLE_COLOUR('',#8740);
#10031 = STYLED_ITEM('color',(#10032),#6706);
#10032 = PRESENTATION_STYLE_ASSIGNMENT((#10033));
#10033 = SURFACE_STYLE_USAGE(.BOTH.,#10034);
#10034 = SURFACE_SIDE_STYLE('',(#10035));
#10035 = SURFACE_STYLE_FILL_AREA(#10036);
#10036 = FILL_AREA_STYLE('',(#10037));
#10037 = FILL_AREA_STYLE_COLOUR('',#8740);
#10038 = STYLED_ITEM('color',(#10039),#6723);
#10039 = PRESENTATION_STYLE_ASSIGNMENT((#10040));
#10040 = SURFACE_STYLE_USAGE(.BOTH.,#10041);
#10041 = SURFACE_SIDE_STYLE('',(#10042));
#10042 = SURFACE_STYLE_FILL_AREA(#10043);
#10043 = FILL_AREA_STYLE('',(#10044));
#10044 = FILL_AREA_STYLE_COLOUR('',#8740);
#10045 = STYLED_ITEM('color',(#10046),#6735);
#10046 = PRESENTATION_STYLE_ASSIGNMENT((#10047));
#10047 = SURFACE_STYLE_USAGE(.BOTH.,#10048);
#10048 = SURFACE_SIDE_STYLE('',(#10049));
#10049 = SURFACE_STYLE_FILL_AREA(#10050);
#10050 = FILL_AREA_STYLE('',(#10051));
#10051 = FILL_AREA_STYLE_COLOUR('',#8740);
#10052 = STYLED_ITEM('color',(#10053),#6752);
#10053 = PRESENTATION_STYLE_ASSIGNMENT((#10054));
#10054 = SURFACE_STYLE_USAGE(.BOTH.,#10055);
#10055 = SURFACE_SIDE_STYLE('',(#10056));
#10056 = SURFACE_STYLE_FILL_AREA(#10057);
#10057 = FILL_AREA_STYLE('',(#10058));
#10058 = FILL_AREA_STYLE_COLOUR('',#8740);
#10059 = STYLED_ITEM('color',(#10060),#6769);
#10060 = PRESENTATION_STYLE_ASSIGNMENT((#10061));
#10061 = SURFACE_STYLE_USAGE(.BOTH.,#10062);
#10062 = SURFACE_SIDE_STYLE('',(#10063));
#10063 = SURFACE_STYLE_FILL_AREA(#10064);
#10064 = FILL_AREA_STYLE('',(#10065));
#10065 = FILL_AREA_STYLE_COLOUR('',#8740);
#10066 = STYLED_ITEM('color',(#10067),#6786);
#10067 = PRESENTATION_STYLE_ASSIGNMENT((#10068));
#10068 = SURFACE_STYLE_USAGE(.BOTH.,#10069);
#10069 = SURFACE_SIDE_STYLE('',(#10070));
#10070 = SURFACE_STYLE_FILL_AREA(#10071);
#10071 = FILL_AREA_STYLE('',(#10072));
#10072 = FILL_AREA_STYLE_COLOUR('',#8740);
#10073 = STYLED_ITEM('color',(#10074),#6814);
#10074 = PRESENTATION_STYLE_ASSIGNMENT((#10075));
#10075 = SURFACE_STYLE_USAGE(.BOTH.,#10076);
#10076 = SURFACE_SIDE_STYLE('',(#10077));
#10077 = SURFACE_STYLE_FILL_AREA(#10078);
#10078 = FILL_AREA_STYLE('',(#10079));
#10079 = FILL_AREA_STYLE_COLOUR('',#8740);
#10080 = STYLED_ITEM('color',(#10081),#6826);
#10081 = PRESENTATION_STYLE_ASSIGNMENT((#10082));
#10082 = SURFACE_STYLE_USAGE(.BOTH.,#10083);
#10083 = SURFACE_SIDE_STYLE('',(#10084));
#10084 = SURFACE_STYLE_FILL_AREA(#10085);
#10085 = FILL_AREA_STYLE('',(#10086));
#10086 = FILL_AREA_STYLE_COLOUR('',#8740);
#10087 = STYLED_ITEM('color',(#10088),#6843);
#10088 = PRESENTATION_STYLE_ASSIGNMENT((#10089));
#10089 = SURFACE_STYLE_USAGE(.BOTH.,#10090);
#10090 = SURFACE_SIDE_STYLE('',(#10091));
#10091 = SURFACE_STYLE_FILL_AREA(#10092);
#10092 = FILL_AREA_STYLE('',(#10093));
#10093 = FILL_AREA_STYLE_COLOUR('',#8740);
#10094 = STYLED_ITEM('color',(#10095),#6860);
#10095 = PRESENTATION_STYLE_ASSIGNMENT((#10096));
#10096 = SURFACE_STYLE_USAGE(.BOTH.,#10097);
#10097 = SURFACE_SIDE_STYLE('',(#10098));
#10098 = SURFACE_STYLE_FILL_AREA(#10099);
#10099 = FILL_AREA_STYLE('',(#10100));
#10100 = FILL_AREA_STYLE_COLOUR('',#8740);
#10101 = STYLED_ITEM('color',(#10102),#6877);
#10102 = PRESENTATION_STYLE_ASSIGNMENT((#10103));
#10103 = SURFACE_STYLE_USAGE(.BOTH.,#10104);
#10104 = SURFACE_SIDE_STYLE('',(#10105));
#10105 = SURFACE_STYLE_FILL_AREA(#10106);
#10106 = FILL_AREA_STYLE('',(#10107));
#10107 = FILL_AREA_STYLE_COLOUR('',#8740);
#10108 = STYLED_ITEM('color',(#10109),#6894);
#10109 = PRESENTATION_STYLE_ASSIGNMENT((#10110));
#10110 = SURFACE_STYLE_USAGE(.BOTH.,#10111);
#10111 = SURFACE_SIDE_STYLE('',(#10112));
#10112 = SURFACE_STYLE_FILL_AREA(#10113);
#10113 = FILL_AREA_STYLE('',(#10114));
#10114 = FILL_AREA_STYLE_COLOUR('',#8740);
#10115 = STYLED_ITEM('color',(#10116),#6922);
#10116 = PRESENTATION_STYLE_ASSIGNMENT((#10117));
#10117 = SURFACE_STYLE_USAGE(.BOTH.,#10118);
#10118 = SURFACE_SIDE_STYLE('',(#10119));
#10119 = SURFACE_STYLE_FILL_AREA(#10120);
#10120 = FILL_AREA_STYLE('',(#10121));
#10121 = FILL_AREA_STYLE_COLOUR('',#8740);
#10122 = STYLED_ITEM('color',(#10123),#6934);
#10123 = PRESENTATION_STYLE_ASSIGNMENT((#10124));
#10124 = SURFACE_STYLE_USAGE(.BOTH.,#10125);
#10125 = SURFACE_SIDE_STYLE('',(#10126));
#10126 = SURFACE_STYLE_FILL_AREA(#10127);
#10127 = FILL_AREA_STYLE('',(#10128));
#10128 = FILL_AREA_STYLE_COLOUR('',#8740);
#10129 = STYLED_ITEM('color',(#10130),#6951);
#10130 = PRESENTATION_STYLE_ASSIGNMENT((#10131));
#10131 = SURFACE_STYLE_USAGE(.BOTH.,#10132);
#10132 = SURFACE_SIDE_STYLE('',(#10133));
#10133 = SURFACE_STYLE_FILL_AREA(#10134);
#10134 = FILL_AREA_STYLE('',(#10135));
#10135 = FILL_AREA_STYLE_COLOUR('',#8740);
#10136 = STYLED_ITEM('color',(#10137),#6963);
#10137 = PRESENTATION_STYLE_ASSIGNMENT((#10138));
#10138 = SURFACE_STYLE_USAGE(.BOTH.,#10139);
#10139 = SURFACE_SIDE_STYLE('',(#10140));
#10140 = SURFACE_STYLE_FILL_AREA(#10141);
#10141 = FILL_AREA_STYLE('',(#10142));
#10142 = FILL_AREA_STYLE_COLOUR('',#8740);
#10143 = STYLED_ITEM('color',(#10144),#6980);
#10144 = PRESENTATION_STYLE_ASSIGNMENT((#10145));
#10145 = SURFACE_STYLE_USAGE(.BOTH.,#10146);
#10146 = SURFACE_SIDE_STYLE('',(#10147));
#10147 = SURFACE_STYLE_FILL_AREA(#10148);
#10148 = FILL_AREA_STYLE('',(#10149));
#10149 = FILL_AREA_STYLE_COLOUR('',#8740);
#10150 = STYLED_ITEM('color',(#10151),#6997);
#10151 = PRESENTATION_STYLE_ASSIGNMENT((#10152));
#10152 = SURFACE_STYLE_USAGE(.BOTH.,#10153);
#10153 = SURFACE_SIDE_STYLE('',(#10154));
#10154 = SURFACE_STYLE_FILL_AREA(#10155);
#10155 = FILL_AREA_STYLE('',(#10156));
#10156 = FILL_AREA_STYLE_COLOUR('',#8740);
#10157 = STYLED_ITEM('color',(#10158),#7009);
#10158 = PRESENTATION_STYLE_ASSIGNMENT((#10159));
#10159 = SURFACE_STYLE_USAGE(.BOTH.,#10160);
#10160 = SURFACE_SIDE_STYLE('',(#10161));
#10161 = SURFACE_STYLE_FILL_AREA(#10162);
#10162 = FILL_AREA_STYLE('',(#10163));
#10163 = FILL_AREA_STYLE_COLOUR('',#8740);
#10164 = STYLED_ITEM('color',(#10165),#7026);
#10165 = PRESENTATION_STYLE_ASSIGNMENT((#10166));
#10166 = SURFACE_STYLE_USAGE(.BOTH.,#10167);
#10167 = SURFACE_SIDE_STYLE('',(#10168));
#10168 = SURFACE_STYLE_FILL_AREA(#10169);
#10169 = FILL_AREA_STYLE('',(#10170));
#10170 = FILL_AREA_STYLE_COLOUR('',#8740);
#10171 = STYLED_ITEM('color',(#10172),#7043);
#10172 = PRESENTATION_STYLE_ASSIGNMENT((#10173));
#10173 = SURFACE_STYLE_USAGE(.BOTH.,#10174);
#10174 = SURFACE_SIDE_STYLE('',(#10175));
#10175 = SURFACE_STYLE_FILL_AREA(#10176);
#10176 = FILL_AREA_STYLE('',(#10177));
#10177 = FILL_AREA_STYLE_COLOUR('',#8740);
#10178 = STYLED_ITEM('color',(#10179),#7060);
#10179 = PRESENTATION_STYLE_ASSIGNMENT((#10180));
#10180 = SURFACE_STYLE_USAGE(.BOTH.,#10181);
#10181 = SURFACE_SIDE_STYLE('',(#10182));
#10182 = SURFACE_STYLE_FILL_AREA(#10183);
#10183 = FILL_AREA_STYLE('',(#10184));
#10184 = FILL_AREA_STYLE_COLOUR('',#8740);
#10185 = STYLED_ITEM('color',(#10186),#7088);
#10186 = PRESENTATION_STYLE_ASSIGNMENT((#10187));
#10187 = SURFACE_STYLE_USAGE(.BOTH.,#10188);
#10188 = SURFACE_SIDE_STYLE('',(#10189));
#10189 = SURFACE_STYLE_FILL_AREA(#10190);
#10190 = FILL_AREA_STYLE('',(#10191));
#10191 = FILL_AREA_STYLE_COLOUR('',#8740);
#10192 = STYLED_ITEM('color',(#10193),#7100);
#10193 = PRESENTATION_STYLE_ASSIGNMENT((#10194));
#10194 = SURFACE_STYLE_USAGE(.BOTH.,#10195);
#10195 = SURFACE_SIDE_STYLE('',(#10196));
#10196 = SURFACE_STYLE_FILL_AREA(#10197);
#10197 = FILL_AREA_STYLE('',(#10198));
#10198 = FILL_AREA_STYLE_COLOUR('',#8740);
#10199 = STYLED_ITEM('color',(#10200),#7117);
#10200 = PRESENTATION_STYLE_ASSIGNMENT((#10201));
#10201 = SURFACE_STYLE_USAGE(.BOTH.,#10202);
#10202 = SURFACE_SIDE_STYLE('',(#10203));
#10203 = SURFACE_STYLE_FILL_AREA(#10204);
#10204 = FILL_AREA_STYLE('',(#10205));
#10205 = FILL_AREA_STYLE_COLOUR('',#8740);
#10206 = STYLED_ITEM('color',(#10207),#7134);
#10207 = PRESENTATION_STYLE_ASSIGNMENT((#10208));
#10208 = SURFACE_STYLE_USAGE(.BOTH.,#10209);
#10209 = SURFACE_SIDE_STYLE('',(#10210));
#10210 = SURFACE_STYLE_FILL_AREA(#10211);
#10211 = FILL_AREA_STYLE('',(#10212));
#10212 = FILL_AREA_STYLE_COLOUR('',#8740);
#10213 = STYLED_ITEM('color',(#10214),#7151);
#10214 = PRESENTATION_STYLE_ASSIGNMENT((#10215));
#10215 = SURFACE_STYLE_USAGE(.BOTH.,#10216);
#10216 = SURFACE_SIDE_STYLE('',(#10217));
#10217 = SURFACE_STYLE_FILL_AREA(#10218);
#10218 = FILL_AREA_STYLE('',(#10219));
#10219 = FILL_AREA_STYLE_COLOUR('',#8740);
#10220 = STYLED_ITEM('color',(#10221),#7168);
#10221 = PRESENTATION_STYLE_ASSIGNMENT((#10222));
#10222 = SURFACE_STYLE_USAGE(.BOTH.,#10223);
#10223 = SURFACE_SIDE_STYLE('',(#10224));
#10224 = SURFACE_STYLE_FILL_AREA(#10225);
#10225 = FILL_AREA_STYLE('',(#10226));
#10226 = FILL_AREA_STYLE_COLOUR('',#8740);
#10227 = STYLED_ITEM('color',(#10228),#7196);
#10228 = PRESENTATION_STYLE_ASSIGNMENT((#10229));
#10229 = SURFACE_STYLE_USAGE(.BOTH.,#10230);
#10230 = SURFACE_SIDE_STYLE('',(#10231));
#10231 = SURFACE_STYLE_FILL_AREA(#10232);
#10232 = FILL_AREA_STYLE('',(#10233));
#10233 = FILL_AREA_STYLE_COLOUR('',#8740);
#10234 = STYLED_ITEM('color',(#10235),#7208);
#10235 = PRESENTATION_STYLE_ASSIGNMENT((#10236));
#10236 = SURFACE_STYLE_USAGE(.BOTH.,#10237);
#10237 = SURFACE_SIDE_STYLE('',(#10238));
#10238 = SURFACE_STYLE_FILL_AREA(#10239);
#10239 = FILL_AREA_STYLE('',(#10240));
#10240 = FILL_AREA_STYLE_COLOUR('',#8740);
#10241 = STYLED_ITEM('color',(#10242),#7225);
#10242 = PRESENTATION_STYLE_ASSIGNMENT((#10243));
#10243 = SURFACE_STYLE_USAGE(.BOTH.,#10244);
#10244 = SURFACE_SIDE_STYLE('',(#10245));
#10245 = SURFACE_STYLE_FILL_AREA(#10246);
#10246 = FILL_AREA_STYLE('',(#10247));
#10247 = FILL_AREA_STYLE_COLOUR('',#8740);
#10248 = STYLED_ITEM('color',(#10249),#7237);
#10249 = PRESENTATION_STYLE_ASSIGNMENT((#10250));
#10250 = SURFACE_STYLE_USAGE(.BOTH.,#10251);
#10251 = SURFACE_SIDE_STYLE('',(#10252));
#10252 = SURFACE_STYLE_FILL_AREA(#10253);
#10253 = FILL_AREA_STYLE('',(#10254));
#10254 = FILL_AREA_STYLE_COLOUR('',#8740);
#10255 = STYLED_ITEM('color',(#10256),#7254);
#10256 = PRESENTATION_STYLE_ASSIGNMENT((#10257));
#10257 = SURFACE_STYLE_USAGE(.BOTH.,#10258);
#10258 = SURFACE_SIDE_STYLE('',(#10259));
#10259 = SURFACE_STYLE_FILL_AREA(#10260);
#10260 = FILL_AREA_STYLE('',(#10261));
#10261 = FILL_AREA_STYLE_COLOUR('',#8740);
ENDSEC;
END-ISO-10303-21;
