ISO-10303-21;
HEADER;
FILE_DESCRIPTION(('KiCad electronic assembly'),'2;1');
FILE_NAME('model.step','1970-01-01T00:00:00',('Pcbnew'),('Kicad'),
  'Open CASCADE STEP processor 7.9','KiCad to STEP converter','Unknown'
  );
FILE_SCHEMA(('AUTOMOTIVE_DESIGN { 1 0 10303 214 1 1 1 1 }'));
ENDSEC;
DATA;
#1 = APPLICATION_PROTOCOL_DEFINITION('international standard',
  'automotive_design',2000,#2);
#2 = APPLICATION_CONTEXT(
  'core data for automotive mechanical design processes');
#3 = SHAPE_DEFINITION_REPRESENTATION(#4,#10);
#4 = PRODUCT_DEFINITION_SHAPE('','',#5);
#5 = PRODUCT_DEFINITION('design','',#6,#9);
#6 = PRODUCT_DEFINITION_FORMATION('','',#7);
#7 = PRODUCT('model 1','model 1','',(#8));
#8 = PRODUCT_CONTEXT('',#2,'mechanical');
#9 = PRODUCT_DEFINITION_CONTEXT('part definition',#2,'design');
#10 = SHAPE_REPRESENTATION('',(#11,#15,#19,#23),#27);
#11 = AXIS2_PLACEMENT_3D('',#12,#13,#14);
#12 = CARTESIAN_POINT('',(0.,0.,0.));
#13 = DIRECTION('',(0.,0.,1.));
#14 = DIRECTION('',(1.,0.,-0.));
#15 = AXIS2_PLACEMENT_3D('',#16,#17,#18);
#16 = CARTESIAN_POINT('',(0.,0.,1.595));
#17 = DIRECTION('',(0.,0.,1.));
#18 = DIRECTION('',(1.,0.,0.));
#19 = AXIS2_PLACEMENT_3D('',#20,#21,#22);
#20 = CARTESIAN_POINT('',(0.,0.,0.));
#21 = DIRECTION('',(0.,0.,1.));
#22 = DIRECTION('',(1.,0.,-0.));
#23 = AXIS2_PLACEMENT_3D('',#24,#25,#26);
#24 = CARTESIAN_POINT('',(0.,0.,0.));
#25 = DIRECTION('',(0.,0.,1.));
#26 = DIRECTION('',(1.,0.,-0.));
#27 = ( GEOMETRIC_REPRESENTATION_CONTEXT(3) 
GLOBAL_UNCERTAINTY_ASSIGNED_CONTEXT((#31)) GLOBAL_UNIT_ASSIGNED_CONTEXT(
(#28,#29,#30)) REPRESENTATION_CONTEXT('Context #1',
  '3D Context with UNIT and UNCERTAINTY') );
#28 = ( LENGTH_UNIT() NAMED_UNIT(*) SI_UNIT(.MILLI.,.METRE.) );
#29 = ( NAMED_UNIT(*) PLANE_ANGLE_UNIT() SI_UNIT($,.RADIAN.) );
#30 = ( NAMED_UNIT(*) SI_UNIT($,.STERADIAN.) SOLID_ANGLE_UNIT() );
#31 = UNCERTAINTY_MEASURE_WITH_UNIT(LENGTH_MEASURE(1.E-07),#28,
  'distance_accuracy_value','confusion accuracy');
#32 = PRODUCT_RELATED_PRODUCT_CATEGORY('part',$,(#7));
#33 = SHAPE_DEFINITION_REPRESENTATION(#34,#40);
#34 = PRODUCT_DEFINITION_SHAPE('','',#35);
#35 = PRODUCT_DEFINITION('design','',#36,#39);
#36 = PRODUCT_DEFINITION_FORMATION('','',#37);
#37 = PRODUCT('SOT-23-5','SOT-23-5','',(#38));
#38 = PRODUCT_CONTEXT('',#2,'mechanical');
#39 = PRODUCT_DEFINITION_CONTEXT('part definition',#2,'design');
#40 = SHAPE_REPRESENTATION('',(#11,#41),#45);
#41 = AXIS2_PLACEMENT_3D('',#42,#43,#44);
#42 = CARTESIAN_POINT('',(0.,0.,0.));
#43 = DIRECTION('',(0.,0.,1.));
#44 = DIRECTION('',(1.,0.,-0.));
#45 = ( GEOMETRIC_REPRESENTATION_CONTEXT(3) 
GLOBAL_UNCERTAINTY_ASSIGNED_CONTEXT((#49)) GLOBAL_UNIT_ASSIGNED_CONTEXT(
(#46,#47,#48)) REPRESENTATION_CONTEXT('Context #1',
  '3D Context with UNIT and UNCERTAINTY') );
#46 = ( LENGTH_UNIT() NAMED_UNIT(*) SI_UNIT(.MILLI.,.METRE.) );
#47 = ( NAMED_UNIT(*) PLANE_ANGLE_UNIT() SI_UNIT($,.RADIAN.) );
#48 = ( NAMED_UNIT(*) SI_UNIT($,.STERADIAN.) SOLID_ANGLE_UNIT() );
#49 = UNCERTAINTY_MEASURE_WITH_UNIT(LENGTH_MEASURE(1.E-07),#46,
  'distance_accuracy_value','confusion accuracy');
#50 = CONTEXT_DEPENDENT_SHAPE_REPRESENTATION(#51,#53);
#51 = ( REPRESENTATION_RELATIONSHIP('','',#40,#10) 
REPRESENTATION_RELATIONSHIP_WITH_TRANSFORMATION(#52) 
SHAPE_REPRESENTATION_RELATIONSHIP() );
#52 = ITEM_DEFINED_TRANSFORMATION('','',#11,#15);
#53 = PRODUCT_DEFINITION_SHAPE('Placement','Placement of an item',#54);
#54 = NEXT_ASSEMBLY_USAGE_OCCURRENCE('2','REF**','',#5,#35,$);
#55 = PRODUCT_RELATED_PRODUCT_CATEGORY('part',$,(#37));
#56 = SHAPE_DEFINITION_REPRESENTATION(#57,#63);
#57 = PRODUCT_DEFINITION_SHAPE('','',#58);
#58 = PRODUCT_DEFINITION('design','',#59,#62);
#59 = PRODUCT_DEFINITION_FORMATION('','',#60);
#60 = PRODUCT('SOT-23-5','SOT-23-5','',(#61));
#61 = PRODUCT_CONTEXT('',#2,'mechanical');
#62 = PRODUCT_DEFINITION_CONTEXT('part definition',#2,'design');
#63 = ADVANCED_BREP_SHAPE_REPRESENTATION('',(#11,#64),#3133);
#64 = MANIFOLD_SOLID_BREP('',#65);
#65 = CLOSED_SHELL('',(#66,#104,#167,#190,#219,#242,#313,#368,#391,#414,
    #431,#454,#542,#558,#588,#619,#650,#681,#712,#743,#760,#777,#808,
    #839,#870,#900,#923,#946,#963,#1008,#1078,#1101,#1124,#1147,#1202,
    #1240,#1289,#1381,#1406,#1490,#1512,#1604,#1629,#1713,#1730,#1815,
    #1840,#1917,#2002,#2027,#2104,#2121,#2213,#2238,#2322,#2339,#2358,
    #2377,#2423,#2439,#2458,#2474,#2491,#2503,#2520,#2537,#2554,#2571,
    #2588,#2605,#2622,#2634,#2651,#2668,#2685,#2702,#2719,#2736,#2753,
    #2765,#2782,#2799,#2816,#2833,#2850,#2867,#2879,#2896,#2913,#2930,
    #2947,#2964,#2981,#2993,#3010,#3027,#3044,#3061,#3078,#3095,#3112,
    #3124));
#66 = ADVANCED_FACE('',(#67),#99,.F.);
#67 = FACE_BOUND('',#68,.F.);
#68 = EDGE_LOOP('',(#69,#79,#86,#94));
#69 = ORIENTED_EDGE('',*,*,#70,.T.);
#70 = EDGE_CURVE('',#71,#73,#75,.T.);
#71 = VERTEX_POINT('',#72);
#72 = CARTESIAN_POINT('',(-0.659324228722,1.358648457443,0.1));
#73 = VERTEX_POINT('',#74);
#74 = CARTESIAN_POINT('',(0.659324228722,1.358648457443,0.1));
#75 = LINE('',#76,#77);
#76 = CARTESIAN_POINT('',(-0.659324228722,1.358648457443,0.1));
#77 = VECTOR('',#78,1.);
#78 = DIRECTION('',(1.,1.110223024625E-16,0.));
#79 = ORIENTED_EDGE('',*,*,#80,.T.);
#80 = EDGE_CURVE('',#73,#81,#83,.T.);
#81 = VERTEX_POINT('',#82);
#82 = CARTESIAN_POINT('',(0.705,1.45,0.75));
#83 = B_SPLINE_CURVE_WITH_KNOTS('',1,(#84,#85),.UNSPECIFIED.,.F.,.F.,(2,
    2),(0.,1.),.PIECEWISE_BEZIER_KNOTS.);
#84 = CARTESIAN_POINT('',(0.659324228722,1.358648457443,0.1));
#85 = CARTESIAN_POINT('',(0.705,1.45,0.75));
#86 = ORIENTED_EDGE('',*,*,#87,.F.);
#87 = EDGE_CURVE('',#88,#81,#90,.T.);
#88 = VERTEX_POINT('',#89);
#89 = CARTESIAN_POINT('',(-0.705,1.45,0.75));
#90 = LINE('',#91,#92);
#91 = CARTESIAN_POINT('',(-0.705,1.45,0.75));
#92 = VECTOR('',#93,1.);
#93 = DIRECTION('',(1.,1.110223024625E-16,0.));
#94 = ORIENTED_EDGE('',*,*,#95,.F.);
#95 = EDGE_CURVE('',#71,#88,#96,.T.);
#96 = B_SPLINE_CURVE_WITH_KNOTS('',1,(#97,#98),.UNSPECIFIED.,.F.,.F.,(2,
    2),(0.,1.),.PIECEWISE_BEZIER_KNOTS.);
#97 = CARTESIAN_POINT('',(-0.659324228722,1.358648457443,0.1));
#98 = CARTESIAN_POINT('',(-0.705,1.45,0.75));
#99 = B_SPLINE_SURFACE_WITH_KNOTS('',1,1,(
    (#100,#101)
    ,(#102,#103
    )),.UNSPECIFIED.,.F.,.F.,.F.,(2,2),(2,2),(0.,1.41),(0.,1.),
  .PIECEWISE_BEZIER_KNOTS.);
#100 = CARTESIAN_POINT('',(-0.659324228722,1.358648457443,0.1));
#101 = CARTESIAN_POINT('',(-0.705,1.45,0.75));
#102 = CARTESIAN_POINT('',(0.659324228722,1.358648457443,0.1));
#103 = CARTESIAN_POINT('',(0.705,1.45,0.75));
#104 = ADVANCED_FACE('',(#105),#162,.F.);
#105 = FACE_BOUND('',#106,.T.);
#106 = EDGE_LOOP('',(#107,#108,#116,#124,#132,#140,#148,#156));
#107 = ORIENTED_EDGE('',*,*,#70,.T.);
#108 = ORIENTED_EDGE('',*,*,#109,.T.);
#109 = EDGE_CURVE('',#73,#110,#112,.T.);
#110 = VERTEX_POINT('',#111);
#111 = CARTESIAN_POINT('',(0.708648457443,1.309324228722,0.1));
#112 = LINE('',#113,#114);
#113 = CARTESIAN_POINT('',(0.659324228722,1.358648457443,0.1));
#114 = VECTOR('',#115,1.);
#115 = DIRECTION('',(0.707106781187,-0.707106781187,0.));
#116 = ORIENTED_EDGE('',*,*,#117,.T.);
#117 = EDGE_CURVE('',#110,#118,#120,.T.);
#118 = VERTEX_POINT('',#119);
#119 = CARTESIAN_POINT('',(0.708648457443,-1.309324228722,0.1));
#120 = LINE('',#121,#122);
#121 = CARTESIAN_POINT('',(0.708648457443,1.309324228722,0.1));
#122 = VECTOR('',#123,1.);
#123 = DIRECTION('',(1.110223024625E-16,-1.,0.));
#124 = ORIENTED_EDGE('',*,*,#125,.T.);
#125 = EDGE_CURVE('',#118,#126,#128,.T.);
#126 = VERTEX_POINT('',#127);
#127 = CARTESIAN_POINT('',(0.659324228722,-1.358648457443,0.1));
#128 = LINE('',#129,#130);
#129 = CARTESIAN_POINT('',(0.708648457443,-1.309324228722,0.1));
#130 = VECTOR('',#131,1.);
#131 = DIRECTION('',(-0.707106781187,-0.707106781187,0.));
#132 = ORIENTED_EDGE('',*,*,#133,.T.);
#133 = EDGE_CURVE('',#126,#134,#136,.T.);
#134 = VERTEX_POINT('',#135);
#135 = CARTESIAN_POINT('',(-0.659324228722,-1.358648457443,0.1));
#136 = LINE('',#137,#138);
#137 = CARTESIAN_POINT('',(0.659324228722,-1.358648457443,0.1));
#138 = VECTOR('',#139,1.);
#139 = DIRECTION('',(-1.,-1.110223024625E-16,0.));
#140 = ORIENTED_EDGE('',*,*,#141,.T.);
#141 = EDGE_CURVE('',#134,#142,#144,.T.);
#142 = VERTEX_POINT('',#143);
#143 = CARTESIAN_POINT('',(-0.708648457443,-1.309324228722,0.1));
#144 = LINE('',#145,#146);
#145 = CARTESIAN_POINT('',(-0.659324228722,-1.358648457443,0.1));
#146 = VECTOR('',#147,1.);
#147 = DIRECTION('',(-0.707106781187,0.707106781187,0.));
#148 = ORIENTED_EDGE('',*,*,#149,.T.);
#149 = EDGE_CURVE('',#142,#150,#152,.T.);
#150 = VERTEX_POINT('',#151);
#151 = CARTESIAN_POINT('',(-0.708648457443,1.309324228722,0.1));
#152 = LINE('',#153,#154);
#153 = CARTESIAN_POINT('',(-0.708648457443,-1.309324228722,0.1));
#154 = VECTOR('',#155,1.);
#155 = DIRECTION('',(-1.110223024625E-16,1.,0.));
#156 = ORIENTED_EDGE('',*,*,#157,.T.);
#157 = EDGE_CURVE('',#150,#71,#158,.T.);
#158 = LINE('',#159,#160);
#159 = CARTESIAN_POINT('',(-0.708648457443,1.309324228722,0.1));
#160 = VECTOR('',#161,1.);
#161 = DIRECTION('',(0.707106781187,0.707106781187,0.));
#162 = PLANE('',#163);
#163 = AXIS2_PLACEMENT_3D('',#164,#165,#166);
#164 = CARTESIAN_POINT('',(-0.659324228722,1.358648457443,0.1));
#165 = DIRECTION('',(0.,0.,1.));
#166 = DIRECTION('',(0.436587433964,-0.899661832304,0.));
#167 = ADVANCED_FACE('',(#168),#185,.F.);
#168 = FACE_BOUND('',#169,.F.);
#169 = EDGE_LOOP('',(#170,#171,#178,#184));
#170 = ORIENTED_EDGE('',*,*,#109,.T.);
#171 = ORIENTED_EDGE('',*,*,#172,.T.);
#172 = EDGE_CURVE('',#110,#173,#175,.T.);
#173 = VERTEX_POINT('',#174);
#174 = CARTESIAN_POINT('',(0.8,1.355,0.75));
#175 = B_SPLINE_CURVE_WITH_KNOTS('',1,(#176,#177),.UNSPECIFIED.,.F.,.F.,
  (2,2),(0.,1.),.PIECEWISE_BEZIER_KNOTS.);
#176 = CARTESIAN_POINT('',(0.708648457443,1.309324228722,0.1));
#177 = CARTESIAN_POINT('',(0.8,1.355,0.75));
#178 = ORIENTED_EDGE('',*,*,#179,.F.);
#179 = EDGE_CURVE('',#81,#173,#180,.T.);
#180 = LINE('',#181,#182);
#181 = CARTESIAN_POINT('',(0.705,1.45,0.75));
#182 = VECTOR('',#183,1.);
#183 = DIRECTION('',(0.707106781187,-0.707106781187,0.));
#184 = ORIENTED_EDGE('',*,*,#80,.F.);
#185 = B_SPLINE_SURFACE_WITH_KNOTS('',1,1,(
    (#186,#187)
    ,(#188,#189
    )),.UNSPECIFIED.,.F.,.F.,.F.,(2,2),(2,2),(0.,0.134350288425),(0.,1.)
  ,.PIECEWISE_BEZIER_KNOTS.);
#186 = CARTESIAN_POINT('',(0.659324228722,1.358648457443,0.1));
#187 = CARTESIAN_POINT('',(0.705,1.45,0.75));
#188 = CARTESIAN_POINT('',(0.708648457443,1.309324228722,0.1));
#189 = CARTESIAN_POINT('',(0.8,1.355,0.75));
#190 = ADVANCED_FACE('',(#191),#214,.F.);
#191 = FACE_BOUND('',#192,.F.);
#192 = EDGE_LOOP('',(#193,#194,#201,#209));
#193 = ORIENTED_EDGE('',*,*,#87,.T.);
#194 = ORIENTED_EDGE('',*,*,#195,.T.);
#195 = EDGE_CURVE('',#81,#196,#198,.T.);
#196 = VERTEX_POINT('',#197);
#197 = CARTESIAN_POINT('',(0.705,1.45,0.9));
#198 = B_SPLINE_CURVE_WITH_KNOTS('',1,(#199,#200),.UNSPECIFIED.,.F.,.F.,
  (2,2),(0.,1.),.PIECEWISE_BEZIER_KNOTS.);
#199 = CARTESIAN_POINT('',(0.705,1.45,0.75));
#200 = CARTESIAN_POINT('',(0.705,1.45,0.9));
#201 = ORIENTED_EDGE('',*,*,#202,.F.);
#202 = EDGE_CURVE('',#203,#196,#205,.T.);
#203 = VERTEX_POINT('',#204);
#204 = CARTESIAN_POINT('',(-0.705,1.45,0.9));
#205 = LINE('',#206,#207);
#206 = CARTESIAN_POINT('',(-0.705,1.45,0.9));
#207 = VECTOR('',#208,1.);
#208 = DIRECTION('',(1.,1.110223024625E-16,0.));
#209 = ORIENTED_EDGE('',*,*,#210,.F.);
#210 = EDGE_CURVE('',#88,#203,#211,.T.);
#211 = B_SPLINE_CURVE_WITH_KNOTS('',1,(#212,#213),.UNSPECIFIED.,.F.,.F.,
  (2,2),(0.,1.),.PIECEWISE_BEZIER_KNOTS.);
#212 = CARTESIAN_POINT('',(-0.705,1.45,0.75));
#213 = CARTESIAN_POINT('',(-0.705,1.45,0.9));
#214 = PLANE('',#215);
#215 = AXIS2_PLACEMENT_3D('',#216,#217,#218);
#216 = CARTESIAN_POINT('',(-0.705,1.45,0.9));
#217 = DIRECTION('',(1.110223024625E-16,-1.,0.));
#218 = DIRECTION('',(1.,1.110223024625E-16,0.));
#219 = ADVANCED_FACE('',(#220),#237,.F.);
#220 = FACE_BOUND('',#221,.F.);
#221 = EDGE_LOOP('',(#222,#223,#224,#232));
#222 = ORIENTED_EDGE('',*,*,#157,.T.);
#223 = ORIENTED_EDGE('',*,*,#95,.T.);
#224 = ORIENTED_EDGE('',*,*,#225,.F.);
#225 = EDGE_CURVE('',#226,#88,#228,.T.);
#226 = VERTEX_POINT('',#227);
#227 = CARTESIAN_POINT('',(-0.8,1.355,0.75));
#228 = LINE('',#229,#230);
#229 = CARTESIAN_POINT('',(-0.8,1.355,0.75));
#230 = VECTOR('',#231,1.);
#231 = DIRECTION('',(0.707106781187,0.707106781187,0.));
#232 = ORIENTED_EDGE('',*,*,#233,.F.);
#233 = EDGE_CURVE('',#150,#226,#234,.T.);
#234 = B_SPLINE_CURVE_WITH_KNOTS('',1,(#235,#236),.UNSPECIFIED.,.F.,.F.,
  (2,2),(0.,1.),.PIECEWISE_BEZIER_KNOTS.);
#235 = CARTESIAN_POINT('',(-0.708648457443,1.309324228722,0.1));
#236 = CARTESIAN_POINT('',(-0.8,1.355,0.75));
#237 = B_SPLINE_SURFACE_WITH_KNOTS('',1,1,(
    (#238,#239)
    ,(#240,#241
    )),.UNSPECIFIED.,.F.,.F.,.F.,(2,2),(2,2),(0.,0.134350288425),(0.,1.)
  ,.PIECEWISE_BEZIER_KNOTS.);
#238 = CARTESIAN_POINT('',(-0.708648457443,1.309324228722,0.1));
#239 = CARTESIAN_POINT('',(-0.8,1.355,0.75));
#240 = CARTESIAN_POINT('',(-0.659324228722,1.358648457443,0.1));
#241 = CARTESIAN_POINT('',(-0.705,1.45,0.75));
#242 = ADVANCED_FACE('',(#243),#308,.F.);
#243 = FACE_BOUND('',#244,.F.);
#244 = EDGE_LOOP('',(#245,#246,#247,#255,#263,#271,#279,#287,#295,#303)
  );
#245 = ORIENTED_EDGE('',*,*,#149,.T.);
#246 = ORIENTED_EDGE('',*,*,#233,.T.);
#247 = ORIENTED_EDGE('',*,*,#248,.F.);
#248 = EDGE_CURVE('',#249,#226,#251,.T.);
#249 = VERTEX_POINT('',#250);
#250 = CARTESIAN_POINT('',(-0.8,1.2,0.75));
#251 = LINE('',#252,#253);
#252 = CARTESIAN_POINT('',(-0.8,-1.355,0.75));
#253 = VECTOR('',#254,1.);
#254 = DIRECTION('',(-1.110223024625E-16,1.,0.));
#255 = ORIENTED_EDGE('',*,*,#256,.F.);
#256 = EDGE_CURVE('',#257,#249,#259,.T.);
#257 = VERTEX_POINT('',#258);
#258 = CARTESIAN_POINT('',(-0.8,0.7,0.75));
#259 = LINE('',#260,#261);
#260 = CARTESIAN_POINT('',(-0.8,-1.355,0.75));
#261 = VECTOR('',#262,1.);
#262 = DIRECTION('',(-1.110223024625E-16,1.,0.));
#263 = ORIENTED_EDGE('',*,*,#264,.F.);
#264 = EDGE_CURVE('',#265,#257,#267,.T.);
#265 = VERTEX_POINT('',#266);
#266 = CARTESIAN_POINT('',(-0.8,0.25,0.75));
#267 = LINE('',#268,#269);
#268 = CARTESIAN_POINT('',(-0.8,-1.355,0.75));
#269 = VECTOR('',#270,1.);
#270 = DIRECTION('',(-1.110223024625E-16,1.,0.));
#271 = ORIENTED_EDGE('',*,*,#272,.F.);
#272 = EDGE_CURVE('',#273,#265,#275,.T.);
#273 = VERTEX_POINT('',#274);
#274 = CARTESIAN_POINT('',(-0.8,-0.25,0.75));
#275 = LINE('',#276,#277);
#276 = CARTESIAN_POINT('',(-0.8,-1.355,0.75));
#277 = VECTOR('',#278,1.);
#278 = DIRECTION('',(-1.110223024625E-16,1.,0.));
#279 = ORIENTED_EDGE('',*,*,#280,.F.);
#280 = EDGE_CURVE('',#281,#273,#283,.T.);
#281 = VERTEX_POINT('',#282);
#282 = CARTESIAN_POINT('',(-0.8,-0.7,0.75));
#283 = LINE('',#284,#285);
#284 = CARTESIAN_POINT('',(-0.8,-1.355,0.75));
#285 = VECTOR('',#286,1.);
#286 = DIRECTION('',(-1.110223024625E-16,1.,0.));
#287 = ORIENTED_EDGE('',*,*,#288,.F.);
#288 = EDGE_CURVE('',#289,#281,#291,.T.);
#289 = VERTEX_POINT('',#290);
#290 = CARTESIAN_POINT('',(-0.8,-1.2,0.75));
#291 = LINE('',#292,#293);
#292 = CARTESIAN_POINT('',(-0.8,-1.355,0.75));
#293 = VECTOR('',#294,1.);
#294 = DIRECTION('',(-1.110223024625E-16,1.,0.));
#295 = ORIENTED_EDGE('',*,*,#296,.F.);
#296 = EDGE_CURVE('',#297,#289,#299,.T.);
#297 = VERTEX_POINT('',#298);
#298 = CARTESIAN_POINT('',(-0.8,-1.355,0.75));
#299 = LINE('',#300,#301);
#300 = CARTESIAN_POINT('',(-0.8,-1.355,0.75));
#301 = VECTOR('',#302,1.);
#302 = DIRECTION('',(-1.110223024625E-16,1.,0.));
#303 = ORIENTED_EDGE('',*,*,#304,.F.);
#304 = EDGE_CURVE('',#142,#297,#305,.T.);
#305 = B_SPLINE_CURVE_WITH_KNOTS('',1,(#306,#307),.UNSPECIFIED.,.F.,.F.,
  (2,2),(0.,1.),.PIECEWISE_BEZIER_KNOTS.);
#306 = CARTESIAN_POINT('',(-0.708648457443,-1.309324228722,0.1));
#307 = CARTESIAN_POINT('',(-0.8,-1.355,0.75));
#308 = B_SPLINE_SURFACE_WITH_KNOTS('',1,1,(
    (#309,#310)
    ,(#311,#312
    )),.UNSPECIFIED.,.F.,.F.,.F.,(2,2),(2,2),(0.,2.71),(0.,1.),
  .PIECEWISE_BEZIER_KNOTS.);
#309 = CARTESIAN_POINT('',(-0.708648457443,-1.309324228722,0.1));
#310 = CARTESIAN_POINT('',(-0.8,-1.355,0.75));
#311 = CARTESIAN_POINT('',(-0.708648457443,1.309324228722,0.1));
#312 = CARTESIAN_POINT('',(-0.8,1.355,0.75));
#313 = ADVANCED_FACE('',(#314),#363,.F.);
#314 = FACE_BOUND('',#315,.F.);
#315 = EDGE_LOOP('',(#316,#317,#324,#332,#340,#348,#356,#362));
#316 = ORIENTED_EDGE('',*,*,#117,.T.);
#317 = ORIENTED_EDGE('',*,*,#318,.T.);
#318 = EDGE_CURVE('',#118,#319,#321,.T.);
#319 = VERTEX_POINT('',#320);
#320 = CARTESIAN_POINT('',(0.8,-1.355,0.75));
#321 = B_SPLINE_CURVE_WITH_KNOTS('',1,(#322,#323),.UNSPECIFIED.,.F.,.F.,
  (2,2),(0.,1.),.PIECEWISE_BEZIER_KNOTS.);
#322 = CARTESIAN_POINT('',(0.708648457443,-1.309324228722,0.1));
#323 = CARTESIAN_POINT('',(0.8,-1.355,0.75));
#324 = ORIENTED_EDGE('',*,*,#325,.F.);
#325 = EDGE_CURVE('',#326,#319,#328,.T.);
#326 = VERTEX_POINT('',#327);
#327 = CARTESIAN_POINT('',(0.8,-1.2,0.75));
#328 = LINE('',#329,#330);
#329 = CARTESIAN_POINT('',(0.8,1.355,0.75));
#330 = VECTOR('',#331,1.);
#331 = DIRECTION('',(1.110223024625E-16,-1.,0.));
#332 = ORIENTED_EDGE('',*,*,#333,.F.);
#333 = EDGE_CURVE('',#334,#326,#336,.T.);
#334 = VERTEX_POINT('',#335);
#335 = CARTESIAN_POINT('',(0.8,-0.7,0.75));
#336 = LINE('',#337,#338);
#337 = CARTESIAN_POINT('',(0.8,1.355,0.75));
#338 = VECTOR('',#339,1.);
#339 = DIRECTION('',(1.110223024625E-16,-1.,0.));
#340 = ORIENTED_EDGE('',*,*,#341,.F.);
#341 = EDGE_CURVE('',#342,#334,#344,.T.);
#342 = VERTEX_POINT('',#343);
#343 = CARTESIAN_POINT('',(0.8,0.7,0.75));
#344 = LINE('',#345,#346);
#345 = CARTESIAN_POINT('',(0.8,1.355,0.75));
#346 = VECTOR('',#347,1.);
#347 = DIRECTION('',(1.110223024625E-16,-1.,0.));
#348 = ORIENTED_EDGE('',*,*,#349,.F.);
#349 = EDGE_CURVE('',#350,#342,#352,.T.);
#350 = VERTEX_POINT('',#351);
#351 = CARTESIAN_POINT('',(0.8,1.2,0.75));
#352 = LINE('',#353,#354);
#353 = CARTESIAN_POINT('',(0.8,1.355,0.75));
#354 = VECTOR('',#355,1.);
#355 = DIRECTION('',(1.110223024625E-16,-1.,0.));
#356 = ORIENTED_EDGE('',*,*,#357,.F.);
#357 = EDGE_CURVE('',#173,#350,#358,.T.);
#358 = LINE('',#359,#360);
#359 = CARTESIAN_POINT('',(0.8,1.355,0.75));
#360 = VECTOR('',#361,1.);
#361 = DIRECTION('',(1.110223024625E-16,-1.,0.));
#362 = ORIENTED_EDGE('',*,*,#172,.F.);
#363 = B_SPLINE_SURFACE_WITH_KNOTS('',1,1,(
    (#364,#365)
    ,(#366,#367
    )),.UNSPECIFIED.,.F.,.F.,.F.,(2,2),(2,2),(0.,2.71),(0.,1.),
  .PIECEWISE_BEZIER_KNOTS.);
#364 = CARTESIAN_POINT('',(0.708648457443,1.309324228722,0.1));
#365 = CARTESIAN_POINT('',(0.8,1.355,0.75));
#366 = CARTESIAN_POINT('',(0.708648457443,-1.309324228722,0.1));
#367 = CARTESIAN_POINT('',(0.8,-1.355,0.75));
#368 = ADVANCED_FACE('',(#369),#386,.F.);
#369 = FACE_BOUND('',#370,.F.);
#370 = EDGE_LOOP('',(#371,#372,#373,#381));
#371 = ORIENTED_EDGE('',*,*,#141,.T.);
#372 = ORIENTED_EDGE('',*,*,#304,.T.);
#373 = ORIENTED_EDGE('',*,*,#374,.F.);
#374 = EDGE_CURVE('',#375,#297,#377,.T.);
#375 = VERTEX_POINT('',#376);
#376 = CARTESIAN_POINT('',(-0.705,-1.45,0.75));
#377 = LINE('',#378,#379);
#378 = CARTESIAN_POINT('',(-0.705,-1.45,0.75));
#379 = VECTOR('',#380,1.);
#380 = DIRECTION('',(-0.707106781187,0.707106781187,0.));
#381 = ORIENTED_EDGE('',*,*,#382,.F.);
#382 = EDGE_CURVE('',#134,#375,#383,.T.);
#383 = B_SPLINE_CURVE_WITH_KNOTS('',1,(#384,#385),.UNSPECIFIED.,.F.,.F.,
  (2,2),(0.,1.),.PIECEWISE_BEZIER_KNOTS.);
#384 = CARTESIAN_POINT('',(-0.659324228722,-1.358648457443,0.1));
#385 = CARTESIAN_POINT('',(-0.705,-1.45,0.75));
#386 = B_SPLINE_SURFACE_WITH_KNOTS('',1,1,(
    (#387,#388)
    ,(#389,#390
    )),.UNSPECIFIED.,.F.,.F.,.F.,(2,2),(2,2),(0.,0.134350288425),(0.,1.)
  ,.PIECEWISE_BEZIER_KNOTS.);
#387 = CARTESIAN_POINT('',(-0.659324228722,-1.358648457443,0.1));
#388 = CARTESIAN_POINT('',(-0.705,-1.45,0.75));
#389 = CARTESIAN_POINT('',(-0.708648457443,-1.309324228722,0.1));
#390 = CARTESIAN_POINT('',(-0.8,-1.355,0.75));
#391 = ADVANCED_FACE('',(#392),#409,.F.);
#392 = FACE_BOUND('',#393,.F.);
#393 = EDGE_LOOP('',(#394,#395,#402,#408));
#394 = ORIENTED_EDGE('',*,*,#125,.T.);
#395 = ORIENTED_EDGE('',*,*,#396,.T.);
#396 = EDGE_CURVE('',#126,#397,#399,.T.);
#397 = VERTEX_POINT('',#398);
#398 = CARTESIAN_POINT('',(0.705,-1.45,0.75));
#399 = B_SPLINE_CURVE_WITH_KNOTS('',1,(#400,#401),.UNSPECIFIED.,.F.,.F.,
  (2,2),(0.,1.),.PIECEWISE_BEZIER_KNOTS.);
#400 = CARTESIAN_POINT('',(0.659324228722,-1.358648457443,0.1));
#401 = CARTESIAN_POINT('',(0.705,-1.45,0.75));
#402 = ORIENTED_EDGE('',*,*,#403,.F.);
#403 = EDGE_CURVE('',#319,#397,#404,.T.);
#404 = LINE('',#405,#406);
#405 = CARTESIAN_POINT('',(0.8,-1.355,0.75));
#406 = VECTOR('',#407,1.);
#407 = DIRECTION('',(-0.707106781187,-0.707106781187,0.));
#408 = ORIENTED_EDGE('',*,*,#318,.F.);
#409 = B_SPLINE_SURFACE_WITH_KNOTS('',1,1,(
    (#410,#411)
    ,(#412,#413
    )),.UNSPECIFIED.,.F.,.F.,.F.,(2,2),(2,2),(0.,0.134350288425),(0.,1.)
  ,.PIECEWISE_BEZIER_KNOTS.);
#410 = CARTESIAN_POINT('',(0.708648457443,-1.309324228722,0.1));
#411 = CARTESIAN_POINT('',(0.8,-1.355,0.75));
#412 = CARTESIAN_POINT('',(0.659324228722,-1.358648457443,0.1));
#413 = CARTESIAN_POINT('',(0.705,-1.45,0.75));
#414 = ADVANCED_FACE('',(#415),#426,.F.);
#415 = FACE_BOUND('',#416,.F.);
#416 = EDGE_LOOP('',(#417,#418,#419,#425));
#417 = ORIENTED_EDGE('',*,*,#133,.T.);
#418 = ORIENTED_EDGE('',*,*,#382,.T.);
#419 = ORIENTED_EDGE('',*,*,#420,.F.);
#420 = EDGE_CURVE('',#397,#375,#421,.T.);
#421 = LINE('',#422,#423);
#422 = CARTESIAN_POINT('',(0.705,-1.45,0.75));
#423 = VECTOR('',#424,1.);
#424 = DIRECTION('',(-1.,-1.110223024625E-16,0.));
#425 = ORIENTED_EDGE('',*,*,#396,.F.);
#426 = B_SPLINE_SURFACE_WITH_KNOTS('',1,1,(
    (#427,#428)
    ,(#429,#430
    )),.UNSPECIFIED.,.F.,.F.,.F.,(2,2),(2,2),(0.,1.41),(0.,1.),
  .PIECEWISE_BEZIER_KNOTS.);
#427 = CARTESIAN_POINT('',(0.659324228722,-1.358648457443,0.1));
#428 = CARTESIAN_POINT('',(0.705,-1.45,0.75));
#429 = CARTESIAN_POINT('',(-0.659324228722,-1.358648457443,0.1));
#430 = CARTESIAN_POINT('',(-0.705,-1.45,0.75));
#431 = ADVANCED_FACE('',(#432),#449,.F.);
#432 = FACE_BOUND('',#433,.F.);
#433 = EDGE_LOOP('',(#434,#435,#442,#448));
#434 = ORIENTED_EDGE('',*,*,#179,.T.);
#435 = ORIENTED_EDGE('',*,*,#436,.T.);
#436 = EDGE_CURVE('',#173,#437,#439,.T.);
#437 = VERTEX_POINT('',#438);
#438 = CARTESIAN_POINT('',(0.8,1.355,0.9));
#439 = B_SPLINE_CURVE_WITH_KNOTS('',1,(#440,#441),.UNSPECIFIED.,.F.,.F.,
  (2,2),(0.,1.),.PIECEWISE_BEZIER_KNOTS.);
#440 = CARTESIAN_POINT('',(0.8,1.355,0.75));
#441 = CARTESIAN_POINT('',(0.8,1.355,0.9));
#442 = ORIENTED_EDGE('',*,*,#443,.F.);
#443 = EDGE_CURVE('',#196,#437,#444,.T.);
#444 = LINE('',#445,#446);
#445 = CARTESIAN_POINT('',(0.705,1.45,0.9));
#446 = VECTOR('',#447,1.);
#447 = DIRECTION('',(0.707106781187,-0.707106781187,0.));
#448 = ORIENTED_EDGE('',*,*,#195,.F.);
#449 = PLANE('',#450);
#450 = AXIS2_PLACEMENT_3D('',#451,#452,#453);
#451 = CARTESIAN_POINT('',(0.705,1.45,0.9));
#452 = DIRECTION('',(-0.707106781187,-0.707106781187,0.));
#453 = DIRECTION('',(0.707106781187,-0.707106781187,0.));
#454 = ADVANCED_FACE('',(#455),#537,.F.);
#455 = FACE_BOUND('',#456,.F.);
#456 = EDGE_LOOP('',(#457,#465,#466,#467,#475,#483,#491,#499,#507,#515,
    #523,#531));
#457 = ORIENTED_EDGE('',*,*,#458,.T.);
#458 = EDGE_CURVE('',#459,#203,#461,.T.);
#459 = VERTEX_POINT('',#460);
#460 = CARTESIAN_POINT('',(-0.8,1.355,0.9));
#461 = LINE('',#462,#463);
#462 = CARTESIAN_POINT('',(-0.8,1.355,0.9));
#463 = VECTOR('',#464,1.);
#464 = DIRECTION('',(0.707106781187,0.707106781187,0.));
#465 = ORIENTED_EDGE('',*,*,#202,.T.);
#466 = ORIENTED_EDGE('',*,*,#443,.T.);
#467 = ORIENTED_EDGE('',*,*,#468,.T.);
#468 = EDGE_CURVE('',#437,#469,#471,.T.);
#469 = VERTEX_POINT('',#470);
#470 = CARTESIAN_POINT('',(0.8,1.2,0.9));
#471 = LINE('',#472,#473);
#472 = CARTESIAN_POINT('',(0.8,1.355,0.9));
#473 = VECTOR('',#474,1.);
#474 = DIRECTION('',(1.110223024625E-16,-1.,0.));
#475 = ORIENTED_EDGE('',*,*,#476,.T.);
#476 = EDGE_CURVE('',#469,#477,#479,.T.);
#477 = VERTEX_POINT('',#478);
#478 = CARTESIAN_POINT('',(0.775,1.2,0.9));
#479 = LINE('',#480,#481);
#480 = CARTESIAN_POINT('',(0.85,1.2,0.9));
#481 = VECTOR('',#482,1.);
#482 = DIRECTION('',(-1.,-1.110223024625E-16,0.));
#483 = ORIENTED_EDGE('',*,*,#484,.F.);
#484 = EDGE_CURVE('',#485,#477,#487,.T.);
#485 = VERTEX_POINT('',#486);
#486 = CARTESIAN_POINT('',(0.775,1.3425,0.9));
#487 = LINE('',#488,#489);
#488 = CARTESIAN_POINT('',(0.775,1.3425,0.9));
#489 = VECTOR('',#490,1.);
#490 = DIRECTION('',(1.110223024625E-16,-1.,0.));
#491 = ORIENTED_EDGE('',*,*,#492,.F.);
#492 = EDGE_CURVE('',#493,#485,#495,.T.);
#493 = VERTEX_POINT('',#494);
#494 = CARTESIAN_POINT('',(0.6925,1.425,0.9));
#495 = LINE('',#496,#497);
#496 = CARTESIAN_POINT('',(0.6925,1.425,0.9));
#497 = VECTOR('',#498,1.);
#498 = DIRECTION('',(0.707106781187,-0.707106781187,0.));
#499 = ORIENTED_EDGE('',*,*,#500,.F.);
#500 = EDGE_CURVE('',#501,#493,#503,.T.);
#501 = VERTEX_POINT('',#502);
#502 = CARTESIAN_POINT('',(-0.6925,1.425,0.9));
#503 = LINE('',#504,#505);
#504 = CARTESIAN_POINT('',(-0.6925,1.425,0.9));
#505 = VECTOR('',#506,1.);
#506 = DIRECTION('',(1.,1.110223024625E-16,0.));
#507 = ORIENTED_EDGE('',*,*,#508,.F.);
#508 = EDGE_CURVE('',#509,#501,#511,.T.);
#509 = VERTEX_POINT('',#510);
#510 = CARTESIAN_POINT('',(-0.775,1.3425,0.9));
#511 = LINE('',#512,#513);
#512 = CARTESIAN_POINT('',(-0.775,1.3425,0.9));
#513 = VECTOR('',#514,1.);
#514 = DIRECTION('',(0.707106781187,0.707106781187,0.));
#515 = ORIENTED_EDGE('',*,*,#516,.F.);
#516 = EDGE_CURVE('',#517,#509,#519,.T.);
#517 = VERTEX_POINT('',#518);
#518 = CARTESIAN_POINT('',(-0.775,1.2,0.9));
#519 = LINE('',#520,#521);
#520 = CARTESIAN_POINT('',(-0.775,-1.3425,0.9));
#521 = VECTOR('',#522,1.);
#522 = DIRECTION('',(-1.110223024625E-16,1.,0.));
#523 = ORIENTED_EDGE('',*,*,#524,.F.);
#524 = EDGE_CURVE('',#525,#517,#527,.T.);
#525 = VERTEX_POINT('',#526);
#526 = CARTESIAN_POINT('',(-0.8,1.2,0.9));
#527 = LINE('',#528,#529);
#528 = CARTESIAN_POINT('',(-0.85,1.2,0.9));
#529 = VECTOR('',#530,1.);
#530 = DIRECTION('',(1.,-1.144237745222E-17,0.));
#531 = ORIENTED_EDGE('',*,*,#532,.T.);
#532 = EDGE_CURVE('',#525,#459,#533,.T.);
#533 = LINE('',#534,#535);
#534 = CARTESIAN_POINT('',(-0.8,-1.355,0.9));
#535 = VECTOR('',#536,1.);
#536 = DIRECTION('',(-1.110223024625E-16,1.,0.));
#537 = PLANE('',#538);
#538 = AXIS2_PLACEMENT_3D('',#539,#540,#541);
#539 = CARTESIAN_POINT('',(-2.091417030376E-16,1.4375,0.9));
#540 = DIRECTION('',(4.595758349624E-18,6.551522493592E-27,-1.));
#541 = DIRECTION('',(1.,1.51922136901E-16,4.595758349624E-18));
#542 = ADVANCED_FACE('',(#543),#553,.F.);
#543 = FACE_BOUND('',#544,.F.);
#544 = EDGE_LOOP('',(#545,#546,#547,#548));
#545 = ORIENTED_EDGE('',*,*,#225,.T.);
#546 = ORIENTED_EDGE('',*,*,#210,.T.);
#547 = ORIENTED_EDGE('',*,*,#458,.F.);
#548 = ORIENTED_EDGE('',*,*,#549,.F.);
#549 = EDGE_CURVE('',#226,#459,#550,.T.);
#550 = B_SPLINE_CURVE_WITH_KNOTS('',1,(#551,#552),.UNSPECIFIED.,.F.,.F.,
  (2,2),(0.,1.),.PIECEWISE_BEZIER_KNOTS.);
#551 = CARTESIAN_POINT('',(-0.8,1.355,0.75));
#552 = CARTESIAN_POINT('',(-0.8,1.355,0.9));
#553 = PLANE('',#554);
#554 = AXIS2_PLACEMENT_3D('',#555,#556,#557);
#555 = CARTESIAN_POINT('',(-0.8,1.355,0.9));
#556 = DIRECTION('',(0.707106781187,-0.707106781187,0.));
#557 = DIRECTION('',(0.707106781187,0.707106781187,0.));
#558 = ADVANCED_FACE('',(#559),#583,.F.);
#559 = FACE_BOUND('',#560,.F.);
#560 = EDGE_LOOP('',(#561,#568,#569,#577));
#561 = ORIENTED_EDGE('',*,*,#562,.F.);
#562 = EDGE_CURVE('',#297,#563,#565,.T.);
#563 = VERTEX_POINT('',#564);
#564 = CARTESIAN_POINT('',(-0.8,-1.355,0.9));
#565 = B_SPLINE_CURVE_WITH_KNOTS('',1,(#566,#567),.UNSPECIFIED.,.F.,.F.,
  (2,2),(0.,1.),.PIECEWISE_BEZIER_KNOTS.);
#566 = CARTESIAN_POINT('',(-0.8,-1.355,0.75));
#567 = CARTESIAN_POINT('',(-0.8,-1.355,0.9));
#568 = ORIENTED_EDGE('',*,*,#296,.T.);
#569 = ORIENTED_EDGE('',*,*,#570,.T.);
#570 = EDGE_CURVE('',#289,#571,#573,.T.);
#571 = VERTEX_POINT('',#572);
#572 = CARTESIAN_POINT('',(-0.8,-1.2,0.9));
#573 = LINE('',#574,#575);
#574 = CARTESIAN_POINT('',(-0.8,-1.2,0.670847817658));
#575 = VECTOR('',#576,1.);
#576 = DIRECTION('',(0.,0.,1.));
#577 = ORIENTED_EDGE('',*,*,#578,.F.);
#578 = EDGE_CURVE('',#563,#571,#579,.T.);
#579 = LINE('',#580,#581);
#580 = CARTESIAN_POINT('',(-0.8,-1.355,0.9));
#581 = VECTOR('',#582,1.);
#582 = DIRECTION('',(-1.110223024625E-16,1.,0.));
#583 = PLANE('',#584);
#584 = AXIS2_PLACEMENT_3D('',#585,#586,#587);
#585 = CARTESIAN_POINT('',(-0.8,-1.355,0.9));
#586 = DIRECTION('',(1.,1.110223024625E-16,0.));
#587 = DIRECTION('',(-1.110223024625E-16,1.,0.));
#588 = ADVANCED_FACE('',(#589),#614,.F.);
#589 = FACE_BOUND('',#590,.F.);
#590 = EDGE_LOOP('',(#591,#599,#600,#608));
#591 = ORIENTED_EDGE('',*,*,#592,.F.);
#592 = EDGE_CURVE('',#289,#593,#595,.T.);
#593 = VERTEX_POINT('',#594);
#594 = CARTESIAN_POINT('',(-0.85,-1.2,0.75));
#595 = LINE('',#596,#597);
#596 = CARTESIAN_POINT('',(-0.75,-1.2,0.75));
#597 = VECTOR('',#598,1.);
#598 = DIRECTION('',(-1.,1.144237745222E-17,0.));
#599 = ORIENTED_EDGE('',*,*,#288,.T.);
#600 = ORIENTED_EDGE('',*,*,#601,.T.);
#601 = EDGE_CURVE('',#281,#602,#604,.T.);
#602 = VERTEX_POINT('',#603);
#603 = CARTESIAN_POINT('',(-0.85,-0.7,0.75));
#604 = LINE('',#605,#606);
#605 = CARTESIAN_POINT('',(-0.75,-0.7,0.75));
#606 = VECTOR('',#607,1.);
#607 = DIRECTION('',(-1.,1.144237745222E-17,0.));
#608 = ORIENTED_EDGE('',*,*,#609,.F.);
#609 = EDGE_CURVE('',#593,#602,#610,.T.);
#610 = LINE('',#611,#612);
#611 = CARTESIAN_POINT('',(-0.85,-1.2,0.75));
#612 = VECTOR('',#613,1.);
#613 = DIRECTION('',(1.144237745222E-17,1.,0.));
#614 = PLANE('',#615);
#615 = AXIS2_PLACEMENT_3D('',#616,#617,#618);
#616 = CARTESIAN_POINT('',(-0.75,-1.2,0.75));
#617 = DIRECTION('',(0.,0.,1.));
#618 = DIRECTION('',(-1.,1.144237745222E-17,0.));
#619 = ADVANCED_FACE('',(#620),#645,.F.);
#620 = FACE_BOUND('',#621,.F.);
#621 = EDGE_LOOP('',(#622,#630,#631,#639));
#622 = ORIENTED_EDGE('',*,*,#623,.F.);
#623 = EDGE_CURVE('',#281,#624,#626,.T.);
#624 = VERTEX_POINT('',#625);
#625 = CARTESIAN_POINT('',(-0.8,-0.7,0.9));
#626 = LINE('',#627,#628);
#627 = CARTESIAN_POINT('',(-0.8,-0.7,0.670847817658));
#628 = VECTOR('',#629,1.);
#629 = DIRECTION('',(0.,0.,1.));
#630 = ORIENTED_EDGE('',*,*,#280,.T.);
#631 = ORIENTED_EDGE('',*,*,#632,.T.);
#632 = EDGE_CURVE('',#273,#633,#635,.T.);
#633 = VERTEX_POINT('',#634);
#634 = CARTESIAN_POINT('',(-0.8,-0.25,0.9));
#635 = LINE('',#636,#637);
#636 = CARTESIAN_POINT('',(-0.8,-0.25,0.670847817658));
#637 = VECTOR('',#638,1.);
#638 = DIRECTION('',(0.,0.,1.));
#639 = ORIENTED_EDGE('',*,*,#640,.F.);
#640 = EDGE_CURVE('',#624,#633,#641,.T.);
#641 = LINE('',#642,#643);
#642 = CARTESIAN_POINT('',(-0.8,-1.355,0.9));
#643 = VECTOR('',#644,1.);
#644 = DIRECTION('',(-1.110223024625E-16,1.,0.));
#645 = PLANE('',#646);
#646 = AXIS2_PLACEMENT_3D('',#647,#648,#649);
#647 = CARTESIAN_POINT('',(-0.8,-1.355,0.9));
#648 = DIRECTION('',(1.,1.110223024625E-16,0.));
#649 = DIRECTION('',(-1.110223024625E-16,1.,0.));
#650 = ADVANCED_FACE('',(#651),#676,.F.);
#651 = FACE_BOUND('',#652,.F.);
#652 = EDGE_LOOP('',(#653,#661,#662,#670));
#653 = ORIENTED_EDGE('',*,*,#654,.F.);
#654 = EDGE_CURVE('',#273,#655,#657,.T.);
#655 = VERTEX_POINT('',#656);
#656 = CARTESIAN_POINT('',(-0.85,-0.25,0.75));
#657 = LINE('',#658,#659);
#658 = CARTESIAN_POINT('',(-0.75,-0.25,0.75));
#659 = VECTOR('',#660,1.);
#660 = DIRECTION('',(-1.,1.144237745222E-17,0.));
#661 = ORIENTED_EDGE('',*,*,#272,.T.);
#662 = ORIENTED_EDGE('',*,*,#663,.T.);
#663 = EDGE_CURVE('',#265,#664,#666,.T.);
#664 = VERTEX_POINT('',#665);
#665 = CARTESIAN_POINT('',(-0.85,0.25,0.75));
#666 = LINE('',#667,#668);
#667 = CARTESIAN_POINT('',(-0.75,0.25,0.75));
#668 = VECTOR('',#669,1.);
#669 = DIRECTION('',(-1.,1.144237745222E-17,0.));
#670 = ORIENTED_EDGE('',*,*,#671,.F.);
#671 = EDGE_CURVE('',#655,#664,#672,.T.);
#672 = LINE('',#673,#674);
#673 = CARTESIAN_POINT('',(-0.85,-0.25,0.75));
#674 = VECTOR('',#675,1.);
#675 = DIRECTION('',(1.144237745222E-17,1.,0.));
#676 = PLANE('',#677);
#677 = AXIS2_PLACEMENT_3D('',#678,#679,#680);
#678 = CARTESIAN_POINT('',(-0.75,-0.25,0.75));
#679 = DIRECTION('',(0.,0.,1.));
#680 = DIRECTION('',(-1.,1.144237745222E-17,0.));
#681 = ADVANCED_FACE('',(#682),#707,.F.);
#682 = FACE_BOUND('',#683,.F.);
#683 = EDGE_LOOP('',(#684,#692,#693,#701));
#684 = ORIENTED_EDGE('',*,*,#685,.F.);
#685 = EDGE_CURVE('',#265,#686,#688,.T.);
#686 = VERTEX_POINT('',#687);
#687 = CARTESIAN_POINT('',(-0.8,0.25,0.9));
#688 = LINE('',#689,#690);
#689 = CARTESIAN_POINT('',(-0.8,0.25,0.670847817658));
#690 = VECTOR('',#691,1.);
#691 = DIRECTION('',(0.,0.,1.));
#692 = ORIENTED_EDGE('',*,*,#264,.T.);
#693 = ORIENTED_EDGE('',*,*,#694,.T.);
#694 = EDGE_CURVE('',#257,#695,#697,.T.);
#695 = VERTEX_POINT('',#696);
#696 = CARTESIAN_POINT('',(-0.8,0.7,0.9));
#697 = LINE('',#698,#699);
#698 = CARTESIAN_POINT('',(-0.8,0.7,0.670847817658));
#699 = VECTOR('',#700,1.);
#700 = DIRECTION('',(0.,0.,1.));
#701 = ORIENTED_EDGE('',*,*,#702,.F.);
#702 = EDGE_CURVE('',#686,#695,#703,.T.);
#703 = LINE('',#704,#705);
#704 = CARTESIAN_POINT('',(-0.8,-1.355,0.9));
#705 = VECTOR('',#706,1.);
#706 = DIRECTION('',(-1.110223024625E-16,1.,0.));
#707 = PLANE('',#708);
#708 = AXIS2_PLACEMENT_3D('',#709,#710,#711);
#709 = CARTESIAN_POINT('',(-0.8,-1.355,0.9));
#710 = DIRECTION('',(1.,1.110223024625E-16,0.));
#711 = DIRECTION('',(-1.110223024625E-16,1.,0.));
#712 = ADVANCED_FACE('',(#713),#738,.F.);
#713 = FACE_BOUND('',#714,.F.);
#714 = EDGE_LOOP('',(#715,#723,#724,#732));
#715 = ORIENTED_EDGE('',*,*,#716,.F.);
#716 = EDGE_CURVE('',#257,#717,#719,.T.);
#717 = VERTEX_POINT('',#718);
#718 = CARTESIAN_POINT('',(-0.85,0.7,0.75));
#719 = LINE('',#720,#721);
#720 = CARTESIAN_POINT('',(-0.75,0.7,0.75));
#721 = VECTOR('',#722,1.);
#722 = DIRECTION('',(-1.,1.144237745222E-17,0.));
#723 = ORIENTED_EDGE('',*,*,#256,.T.);
#724 = ORIENTED_EDGE('',*,*,#725,.T.);
#725 = EDGE_CURVE('',#249,#726,#728,.T.);
#726 = VERTEX_POINT('',#727);
#727 = CARTESIAN_POINT('',(-0.85,1.2,0.75));
#728 = LINE('',#729,#730);
#729 = CARTESIAN_POINT('',(-0.75,1.2,0.75));
#730 = VECTOR('',#731,1.);
#731 = DIRECTION('',(-1.,1.144237745222E-17,0.));
#732 = ORIENTED_EDGE('',*,*,#733,.F.);
#733 = EDGE_CURVE('',#717,#726,#734,.T.);
#734 = LINE('',#735,#736);
#735 = CARTESIAN_POINT('',(-0.85,0.7,0.75));
#736 = VECTOR('',#737,1.);
#737 = DIRECTION('',(1.144237745222E-17,1.,0.));
#738 = PLANE('',#739);
#739 = AXIS2_PLACEMENT_3D('',#740,#741,#742);
#740 = CARTESIAN_POINT('',(-0.75,0.7,0.75));
#741 = DIRECTION('',(0.,0.,1.));
#742 = DIRECTION('',(-1.,1.144237745222E-17,0.));
#743 = ADVANCED_FACE('',(#744),#755,.F.);
#744 = FACE_BOUND('',#745,.F.);
#745 = EDGE_LOOP('',(#746,#752,#753,#754));
#746 = ORIENTED_EDGE('',*,*,#747,.F.);
#747 = EDGE_CURVE('',#249,#525,#748,.T.);
#748 = LINE('',#749,#750);
#749 = CARTESIAN_POINT('',(-0.8,1.2,0.670847817658));
#750 = VECTOR('',#751,1.);
#751 = DIRECTION('',(0.,0.,1.));
#752 = ORIENTED_EDGE('',*,*,#248,.T.);
#753 = ORIENTED_EDGE('',*,*,#549,.T.);
#754 = ORIENTED_EDGE('',*,*,#532,.F.);
#755 = PLANE('',#756);
#756 = AXIS2_PLACEMENT_3D('',#757,#758,#759);
#757 = CARTESIAN_POINT('',(-0.8,-1.355,0.9));
#758 = DIRECTION('',(1.,1.110223024625E-16,0.));
#759 = DIRECTION('',(-1.110223024625E-16,1.,0.));
#760 = ADVANCED_FACE('',(#761),#772,.F.);
#761 = FACE_BOUND('',#762,.F.);
#762 = EDGE_LOOP('',(#763,#764,#765,#771));
#763 = ORIENTED_EDGE('',*,*,#436,.F.);
#764 = ORIENTED_EDGE('',*,*,#357,.T.);
#765 = ORIENTED_EDGE('',*,*,#766,.T.);
#766 = EDGE_CURVE('',#350,#469,#767,.T.);
#767 = LINE('',#768,#769);
#768 = CARTESIAN_POINT('',(0.8,1.2,0.670847817658));
#769 = VECTOR('',#770,1.);
#770 = DIRECTION('',(0.,0.,1.));
#771 = ORIENTED_EDGE('',*,*,#468,.F.);
#772 = PLANE('',#773);
#773 = AXIS2_PLACEMENT_3D('',#774,#775,#776);
#774 = CARTESIAN_POINT('',(0.8,1.355,0.9));
#775 = DIRECTION('',(-1.,-1.110223024625E-16,0.));
#776 = DIRECTION('',(1.110223024625E-16,-1.,0.));
#777 = ADVANCED_FACE('',(#778),#803,.F.);
#778 = FACE_BOUND('',#779,.F.);
#779 = EDGE_LOOP('',(#780,#788,#789,#797));
#780 = ORIENTED_EDGE('',*,*,#781,.F.);
#781 = EDGE_CURVE('',#350,#782,#784,.T.);
#782 = VERTEX_POINT('',#783);
#783 = CARTESIAN_POINT('',(0.85,1.2,0.75));
#784 = LINE('',#785,#786);
#785 = CARTESIAN_POINT('',(0.75,1.2,0.75));
#786 = VECTOR('',#787,1.);
#787 = DIRECTION('',(1.,1.110223024625E-16,0.));
#788 = ORIENTED_EDGE('',*,*,#349,.T.);
#789 = ORIENTED_EDGE('',*,*,#790,.T.);
#790 = EDGE_CURVE('',#342,#791,#793,.T.);
#791 = VERTEX_POINT('',#792);
#792 = CARTESIAN_POINT('',(0.85,0.7,0.75));
#793 = LINE('',#794,#795);
#794 = CARTESIAN_POINT('',(0.75,0.7,0.75));
#795 = VECTOR('',#796,1.);
#796 = DIRECTION('',(1.,1.110223024625E-16,0.));
#797 = ORIENTED_EDGE('',*,*,#798,.F.);
#798 = EDGE_CURVE('',#782,#791,#799,.T.);
#799 = LINE('',#800,#801);
#800 = CARTESIAN_POINT('',(0.85,1.2,0.75));
#801 = VECTOR('',#802,1.);
#802 = DIRECTION('',(1.110223024625E-16,-1.,0.));
#803 = PLANE('',#804);
#804 = AXIS2_PLACEMENT_3D('',#805,#806,#807);
#805 = CARTESIAN_POINT('',(0.75,1.2,0.75));
#806 = DIRECTION('',(0.,0.,1.));
#807 = DIRECTION('',(1.,1.110223024625E-16,-0.));
#808 = ADVANCED_FACE('',(#809),#834,.F.);
#809 = FACE_BOUND('',#810,.F.);
#810 = EDGE_LOOP('',(#811,#819,#820,#828));
#811 = ORIENTED_EDGE('',*,*,#812,.F.);
#812 = EDGE_CURVE('',#342,#813,#815,.T.);
#813 = VERTEX_POINT('',#814);
#814 = CARTESIAN_POINT('',(0.8,0.7,0.9));
#815 = LINE('',#816,#817);
#816 = CARTESIAN_POINT('',(0.8,0.7,0.670847817658));
#817 = VECTOR('',#818,1.);
#818 = DIRECTION('',(0.,0.,1.));
#819 = ORIENTED_EDGE('',*,*,#341,.T.);
#820 = ORIENTED_EDGE('',*,*,#821,.T.);
#821 = EDGE_CURVE('',#334,#822,#824,.T.);
#822 = VERTEX_POINT('',#823);
#823 = CARTESIAN_POINT('',(0.8,-0.7,0.9));
#824 = LINE('',#825,#826);
#825 = CARTESIAN_POINT('',(0.8,-0.7,0.670847817658));
#826 = VECTOR('',#827,1.);
#827 = DIRECTION('',(0.,0.,1.));
#828 = ORIENTED_EDGE('',*,*,#829,.F.);
#829 = EDGE_CURVE('',#813,#822,#830,.T.);
#830 = LINE('',#831,#832);
#831 = CARTESIAN_POINT('',(0.8,1.355,0.9));
#832 = VECTOR('',#833,1.);
#833 = DIRECTION('',(1.110223024625E-16,-1.,0.));
#834 = PLANE('',#835);
#835 = AXIS2_PLACEMENT_3D('',#836,#837,#838);
#836 = CARTESIAN_POINT('',(0.8,1.355,0.9));
#837 = DIRECTION('',(-1.,-1.110223024625E-16,0.));
#838 = DIRECTION('',(1.110223024625E-16,-1.,0.));
#839 = ADVANCED_FACE('',(#840),#865,.F.);
#840 = FACE_BOUND('',#841,.F.);
#841 = EDGE_LOOP('',(#842,#850,#851,#859));
#842 = ORIENTED_EDGE('',*,*,#843,.F.);
#843 = EDGE_CURVE('',#334,#844,#846,.T.);
#844 = VERTEX_POINT('',#845);
#845 = CARTESIAN_POINT('',(0.85,-0.7,0.75));
#846 = LINE('',#847,#848);
#847 = CARTESIAN_POINT('',(0.75,-0.7,0.75));
#848 = VECTOR('',#849,1.);
#849 = DIRECTION('',(1.,1.110223024625E-16,0.));
#850 = ORIENTED_EDGE('',*,*,#333,.T.);
#851 = ORIENTED_EDGE('',*,*,#852,.T.);
#852 = EDGE_CURVE('',#326,#853,#855,.T.);
#853 = VERTEX_POINT('',#854);
#854 = CARTESIAN_POINT('',(0.85,-1.2,0.75));
#855 = LINE('',#856,#857);
#856 = CARTESIAN_POINT('',(0.75,-1.2,0.75));
#857 = VECTOR('',#858,1.);
#858 = DIRECTION('',(1.,1.110223024625E-16,0.));
#859 = ORIENTED_EDGE('',*,*,#860,.F.);
#860 = EDGE_CURVE('',#844,#853,#861,.T.);
#861 = LINE('',#862,#863);
#862 = CARTESIAN_POINT('',(0.85,-0.7,0.75));
#863 = VECTOR('',#864,1.);
#864 = DIRECTION('',(1.110223024625E-16,-1.,0.));
#865 = PLANE('',#866);
#866 = AXIS2_PLACEMENT_3D('',#867,#868,#869);
#867 = CARTESIAN_POINT('',(0.75,-0.7,0.75));
#868 = DIRECTION('',(0.,0.,1.));
#869 = DIRECTION('',(1.,1.110223024625E-16,-0.));
#870 = ADVANCED_FACE('',(#871),#895,.F.);
#871 = FACE_BOUND('',#872,.F.);
#872 = EDGE_LOOP('',(#873,#881,#882,#889));
#873 = ORIENTED_EDGE('',*,*,#874,.F.);
#874 = EDGE_CURVE('',#326,#875,#877,.T.);
#875 = VERTEX_POINT('',#876);
#876 = CARTESIAN_POINT('',(0.8,-1.2,0.9));
#877 = LINE('',#878,#879);
#878 = CARTESIAN_POINT('',(0.8,-1.2,0.670847817658));
#879 = VECTOR('',#880,1.);
#880 = DIRECTION('',(0.,0.,1.));
#881 = ORIENTED_EDGE('',*,*,#325,.T.);
#882 = ORIENTED_EDGE('',*,*,#883,.T.);
#883 = EDGE_CURVE('',#319,#884,#886,.T.);
#884 = VERTEX_POINT('',#885);
#885 = CARTESIAN_POINT('',(0.8,-1.355,0.9));
#886 = B_SPLINE_CURVE_WITH_KNOTS('',1,(#887,#888),.UNSPECIFIED.,.F.,.F.,
  (2,2),(0.,1.),.PIECEWISE_BEZIER_KNOTS.);
#887 = CARTESIAN_POINT('',(0.8,-1.355,0.75));
#888 = CARTESIAN_POINT('',(0.8,-1.355,0.9));
#889 = ORIENTED_EDGE('',*,*,#890,.F.);
#890 = EDGE_CURVE('',#875,#884,#891,.T.);
#891 = LINE('',#892,#893);
#892 = CARTESIAN_POINT('',(0.8,1.355,0.9));
#893 = VECTOR('',#894,1.);
#894 = DIRECTION('',(1.110223024625E-16,-1.,0.));
#895 = PLANE('',#896);
#896 = AXIS2_PLACEMENT_3D('',#897,#898,#899);
#897 = CARTESIAN_POINT('',(0.8,1.355,0.9));
#898 = DIRECTION('',(-1.,-1.110223024625E-16,0.));
#899 = DIRECTION('',(1.110223024625E-16,-1.,0.));
#900 = ADVANCED_FACE('',(#901),#918,.F.);
#901 = FACE_BOUND('',#902,.F.);
#902 = EDGE_LOOP('',(#903,#904,#905,#913));
#903 = ORIENTED_EDGE('',*,*,#374,.T.);
#904 = ORIENTED_EDGE('',*,*,#562,.T.);
#905 = ORIENTED_EDGE('',*,*,#906,.F.);
#906 = EDGE_CURVE('',#907,#563,#909,.T.);
#907 = VERTEX_POINT('',#908);
#908 = CARTESIAN_POINT('',(-0.705,-1.45,0.9));
#909 = LINE('',#910,#911);
#910 = CARTESIAN_POINT('',(-0.705,-1.45,0.9));
#911 = VECTOR('',#912,1.);
#912 = DIRECTION('',(-0.707106781187,0.707106781187,0.));
#913 = ORIENTED_EDGE('',*,*,#914,.F.);
#914 = EDGE_CURVE('',#375,#907,#915,.T.);
#915 = B_SPLINE_CURVE_WITH_KNOTS('',1,(#916,#917),.UNSPECIFIED.,.F.,.F.,
  (2,2),(0.,1.),.PIECEWISE_BEZIER_KNOTS.);
#916 = CARTESIAN_POINT('',(-0.705,-1.45,0.75));
#917 = CARTESIAN_POINT('',(-0.705,-1.45,0.9));
#918 = PLANE('',#919);
#919 = AXIS2_PLACEMENT_3D('',#920,#921,#922);
#920 = CARTESIAN_POINT('',(-0.705,-1.45,0.9));
#921 = DIRECTION('',(0.707106781187,0.707106781187,0.));
#922 = DIRECTION('',(-0.707106781187,0.707106781187,0.));
#923 = ADVANCED_FACE('',(#924),#941,.F.);
#924 = FACE_BOUND('',#925,.F.);
#925 = EDGE_LOOP('',(#926,#927,#934,#940));
#926 = ORIENTED_EDGE('',*,*,#403,.T.);
#927 = ORIENTED_EDGE('',*,*,#928,.T.);
#928 = EDGE_CURVE('',#397,#929,#931,.T.);
#929 = VERTEX_POINT('',#930);
#930 = CARTESIAN_POINT('',(0.705,-1.45,0.9));
#931 = B_SPLINE_CURVE_WITH_KNOTS('',1,(#932,#933),.UNSPECIFIED.,.F.,.F.,
  (2,2),(0.,1.),.PIECEWISE_BEZIER_KNOTS.);
#932 = CARTESIAN_POINT('',(0.705,-1.45,0.75));
#933 = CARTESIAN_POINT('',(0.705,-1.45,0.9));
#934 = ORIENTED_EDGE('',*,*,#935,.F.);
#935 = EDGE_CURVE('',#884,#929,#936,.T.);
#936 = LINE('',#937,#938);
#937 = CARTESIAN_POINT('',(0.8,-1.355,0.9));
#938 = VECTOR('',#939,1.);
#939 = DIRECTION('',(-0.707106781187,-0.707106781187,0.));
#940 = ORIENTED_EDGE('',*,*,#883,.F.);
#941 = PLANE('',#942);
#942 = AXIS2_PLACEMENT_3D('',#943,#944,#945);
#943 = CARTESIAN_POINT('',(0.8,-1.355,0.9));
#944 = DIRECTION('',(-0.707106781187,0.707106781187,0.));
#945 = DIRECTION('',(-0.707106781187,-0.707106781187,0.));
#946 = ADVANCED_FACE('',(#947),#958,.F.);
#947 = FACE_BOUND('',#948,.F.);
#948 = EDGE_LOOP('',(#949,#950,#951,#957));
#949 = ORIENTED_EDGE('',*,*,#420,.T.);
#950 = ORIENTED_EDGE('',*,*,#914,.T.);
#951 = ORIENTED_EDGE('',*,*,#952,.F.);
#952 = EDGE_CURVE('',#929,#907,#953,.T.);
#953 = LINE('',#954,#955);
#954 = CARTESIAN_POINT('',(0.705,-1.45,0.9));
#955 = VECTOR('',#956,1.);
#956 = DIRECTION('',(-1.,-1.110223024625E-16,0.));
#957 = ORIENTED_EDGE('',*,*,#928,.F.);
#958 = PLANE('',#959);
#959 = AXIS2_PLACEMENT_3D('',#960,#961,#962);
#960 = CARTESIAN_POINT('',(0.705,-1.45,0.9));
#961 = DIRECTION('',(-1.110223024625E-16,1.,0.));
#962 = DIRECTION('',(-1.,-1.110223024625E-16,0.));
#963 = ADVANCED_FACE('',(#964),#1003,.F.);
#964 = FACE_BOUND('',#965,.F.);
#965 = EDGE_LOOP('',(#966,#974,#982,#988,#989,#997));
#966 = ORIENTED_EDGE('',*,*,#967,.F.);
#967 = EDGE_CURVE('',#968,#695,#970,.T.);
#968 = VERTEX_POINT('',#969);
#969 = CARTESIAN_POINT('',(-0.85,0.7,0.9));
#970 = LINE('',#971,#972);
#971 = CARTESIAN_POINT('',(-0.85,0.7,0.9));
#972 = VECTOR('',#973,1.);
#973 = DIRECTION('',(1.,-1.144237745222E-17,0.));
#974 = ORIENTED_EDGE('',*,*,#975,.T.);
#975 = EDGE_CURVE('',#968,#976,#978,.T.);
#976 = VERTEX_POINT('',#977);
#977 = CARTESIAN_POINT('',(-0.85,1.2,0.9));
#978 = LINE('',#979,#980);
#979 = CARTESIAN_POINT('',(-0.85,0.7,0.9));
#980 = VECTOR('',#981,1.);
#981 = DIRECTION('',(1.144237745222E-17,1.,0.));
#982 = ORIENTED_EDGE('',*,*,#983,.T.);
#983 = EDGE_CURVE('',#976,#525,#984,.T.);
#984 = LINE('',#985,#986);
#985 = CARTESIAN_POINT('',(-0.85,1.2,0.9));
#986 = VECTOR('',#987,1.);
#987 = DIRECTION('',(1.,-1.144237745222E-17,0.));
#988 = ORIENTED_EDGE('',*,*,#524,.T.);
#989 = ORIENTED_EDGE('',*,*,#990,.F.);
#990 = EDGE_CURVE('',#991,#517,#993,.T.);
#991 = VERTEX_POINT('',#992);
#992 = CARTESIAN_POINT('',(-0.775,0.7,0.9));
#993 = LINE('',#994,#995);
#994 = CARTESIAN_POINT('',(-0.775,-1.3425,0.9));
#995 = VECTOR('',#996,1.);
#996 = DIRECTION('',(-1.110223024625E-16,1.,0.));
#997 = ORIENTED_EDGE('',*,*,#998,.F.);
#998 = EDGE_CURVE('',#695,#991,#999,.T.);
#999 = LINE('',#1000,#1001);
#1000 = CARTESIAN_POINT('',(-0.85,0.7,0.9));
#1001 = VECTOR('',#1002,1.);
#1002 = DIRECTION('',(1.,-1.144237745222E-17,0.));
#1003 = PLANE('',#1004);
#1004 = AXIS2_PLACEMENT_3D('',#1005,#1006,#1007);
#1005 = CARTESIAN_POINT('',(-0.85,0.7,0.9));
#1006 = DIRECTION('',(0.,0.,-1.));
#1007 = DIRECTION('',(1.,-1.144237745222E-17,0.));
#1008 = ADVANCED_FACE('',(#1009),#1073,.F.);
#1009 = FACE_BOUND('',#1010,.F.);
#1010 = EDGE_LOOP('',(#1011,#1021,#1029,#1037,#1045,#1051,#1052,#1053,
    #1060,#1068));
#1011 = ORIENTED_EDGE('',*,*,#1012,.T.);
#1012 = EDGE_CURVE('',#1013,#1015,#1017,.T.);
#1013 = VERTEX_POINT('',#1014);
#1014 = CARTESIAN_POINT('',(-0.775,-1.3425,0.9));
#1015 = VERTEX_POINT('',#1016);
#1016 = CARTESIAN_POINT('',(-0.775,-1.2,0.9));
#1017 = LINE('',#1018,#1019);
#1018 = CARTESIAN_POINT('',(-0.775,-1.3425,0.9));
#1019 = VECTOR('',#1020,1.);
#1020 = DIRECTION('',(-1.110223024625E-16,1.,0.));
#1021 = ORIENTED_EDGE('',*,*,#1022,.T.);
#1022 = EDGE_CURVE('',#1015,#1023,#1025,.T.);
#1023 = VERTEX_POINT('',#1024);
#1024 = CARTESIAN_POINT('',(-0.775,-0.7,0.9));
#1025 = LINE('',#1026,#1027);
#1026 = CARTESIAN_POINT('',(-0.775,-1.3425,0.9));
#1027 = VECTOR('',#1028,1.);
#1028 = DIRECTION('',(-1.110223024625E-16,1.,0.));
#1029 = ORIENTED_EDGE('',*,*,#1030,.T.);
#1030 = EDGE_CURVE('',#1023,#1031,#1033,.T.);
#1031 = VERTEX_POINT('',#1032);
#1032 = CARTESIAN_POINT('',(-0.775,-0.25,0.9));
#1033 = LINE('',#1034,#1035);
#1034 = CARTESIAN_POINT('',(-0.775,-1.3425,0.9));
#1035 = VECTOR('',#1036,1.);
#1036 = DIRECTION('',(-1.110223024625E-16,1.,0.));
#1037 = ORIENTED_EDGE('',*,*,#1038,.T.);
#1038 = EDGE_CURVE('',#1031,#1039,#1041,.T.);
#1039 = VERTEX_POINT('',#1040);
#1040 = CARTESIAN_POINT('',(-0.775,0.25,0.9));
#1041 = LINE('',#1042,#1043);
#1042 = CARTESIAN_POINT('',(-0.775,-1.3425,0.9));
#1043 = VECTOR('',#1044,1.);
#1044 = DIRECTION('',(-1.110223024625E-16,1.,0.));
#1045 = ORIENTED_EDGE('',*,*,#1046,.T.);
#1046 = EDGE_CURVE('',#1039,#991,#1047,.T.);
#1047 = LINE('',#1048,#1049);
#1048 = CARTESIAN_POINT('',(-0.775,-1.3425,0.9));
#1049 = VECTOR('',#1050,1.);
#1050 = DIRECTION('',(-1.110223024625E-16,1.,0.));
#1051 = ORIENTED_EDGE('',*,*,#990,.T.);
#1052 = ORIENTED_EDGE('',*,*,#516,.T.);
#1053 = ORIENTED_EDGE('',*,*,#1054,.T.);
#1054 = EDGE_CURVE('',#509,#1055,#1057,.T.);
#1055 = VERTEX_POINT('',#1056);
#1056 = CARTESIAN_POINT('',(-0.683648457443,1.296824228722,1.55));
#1057 = B_SPLINE_CURVE_WITH_KNOTS('',1,(#1058,#1059),.UNSPECIFIED.,.F.,
  .F.,(2,2),(0.,1.),.PIECEWISE_BEZIER_KNOTS.);
#1058 = CARTESIAN_POINT('',(-0.775,1.3425,0.9));
#1059 = CARTESIAN_POINT('',(-0.683648457443,1.296824228722,1.55));
#1060 = ORIENTED_EDGE('',*,*,#1061,.F.);
#1061 = EDGE_CURVE('',#1062,#1055,#1064,.T.);
#1062 = VERTEX_POINT('',#1063);
#1063 = CARTESIAN_POINT('',(-0.683648457443,-1.296824228722,1.55));
#1064 = LINE('',#1065,#1066);
#1065 = CARTESIAN_POINT('',(-0.683648457443,-1.296824228722,1.55));
#1066 = VECTOR('',#1067,1.);
#1067 = DIRECTION('',(-1.110223024625E-16,1.,0.));
#1068 = ORIENTED_EDGE('',*,*,#1069,.F.);
#1069 = EDGE_CURVE('',#1013,#1062,#1070,.T.);
#1070 = B_SPLINE_CURVE_WITH_KNOTS('',1,(#1071,#1072),.UNSPECIFIED.,.F.,
  .F.,(2,2),(0.,1.),.PIECEWISE_BEZIER_KNOTS.);
#1071 = CARTESIAN_POINT('',(-0.775,-1.3425,0.9));
#1072 = CARTESIAN_POINT('',(-0.683648457443,-1.296824228722,1.55));
#1073 = B_SPLINE_SURFACE_WITH_KNOTS('',1,1,(
    (#1074,#1075)
    ,(#1076,#1077
    )),.UNSPECIFIED.,.F.,.F.,.F.,(2,2),(2,2),(0.,2.685),(0.,1.),
  .PIECEWISE_BEZIER_KNOTS.);
#1074 = CARTESIAN_POINT('',(-0.775,-1.3425,0.9));
#1075 = CARTESIAN_POINT('',(-0.683648457443,-1.296824228722,1.55));
#1076 = CARTESIAN_POINT('',(-0.775,1.3425,0.9));
#1077 = CARTESIAN_POINT('',(-0.683648457443,1.296824228722,1.55));
#1078 = ADVANCED_FACE('',(#1079),#1096,.F.);
#1079 = FACE_BOUND('',#1080,.F.);
#1080 = EDGE_LOOP('',(#1081,#1082,#1089,#1095));
#1081 = ORIENTED_EDGE('',*,*,#508,.T.);
#1082 = ORIENTED_EDGE('',*,*,#1083,.T.);
#1083 = EDGE_CURVE('',#501,#1084,#1086,.T.);
#1084 = VERTEX_POINT('',#1085);
#1085 = CARTESIAN_POINT('',(-0.646824228722,1.333648457443,1.55));
#1086 = B_SPLINE_CURVE_WITH_KNOTS('',1,(#1087,#1088),.UNSPECIFIED.,.F.,
  .F.,(2,2),(0.,1.),.PIECEWISE_BEZIER_KNOTS.);
#1087 = CARTESIAN_POINT('',(-0.6925,1.425,0.9));
#1088 = CARTESIAN_POINT('',(-0.646824228722,1.333648457443,1.55));
#1089 = ORIENTED_EDGE('',*,*,#1090,.F.);
#1090 = EDGE_CURVE('',#1055,#1084,#1091,.T.);
#1091 = LINE('',#1092,#1093);
#1092 = CARTESIAN_POINT('',(-0.683648457443,1.296824228722,1.55));
#1093 = VECTOR('',#1094,1.);
#1094 = DIRECTION('',(0.707106781187,0.707106781187,0.));
#1095 = ORIENTED_EDGE('',*,*,#1054,.F.);
#1096 = B_SPLINE_SURFACE_WITH_KNOTS('',1,1,(
    (#1097,#1098)
    ,(#1099,#1100
    )),.UNSPECIFIED.,.F.,.F.,.F.,(2,2),(2,2),(0.,0.116672618896),(0.,1.)
  ,.PIECEWISE_BEZIER_KNOTS.);
#1097 = CARTESIAN_POINT('',(-0.775,1.3425,0.9));
#1098 = CARTESIAN_POINT('',(-0.683648457443,1.296824228722,1.55));
#1099 = CARTESIAN_POINT('',(-0.6925,1.425,0.9));
#1100 = CARTESIAN_POINT('',(-0.646824228722,1.333648457443,1.55));
#1101 = ADVANCED_FACE('',(#1102),#1119,.F.);
#1102 = FACE_BOUND('',#1103,.F.);
#1103 = EDGE_LOOP('',(#1104,#1105,#1112,#1118));
#1104 = ORIENTED_EDGE('',*,*,#500,.T.);
#1105 = ORIENTED_EDGE('',*,*,#1106,.T.);
#1106 = EDGE_CURVE('',#493,#1107,#1109,.T.);
#1107 = VERTEX_POINT('',#1108);
#1108 = CARTESIAN_POINT('',(0.646824228722,1.333648457443,1.55));
#1109 = B_SPLINE_CURVE_WITH_KNOTS('',1,(#1110,#1111),.UNSPECIFIED.,.F.,
  .F.,(2,2),(0.,1.),.PIECEWISE_BEZIER_KNOTS.);
#1110 = CARTESIAN_POINT('',(0.6925,1.425,0.9));
#1111 = CARTESIAN_POINT('',(0.646824228722,1.333648457443,1.55));
#1112 = ORIENTED_EDGE('',*,*,#1113,.F.);
#1113 = EDGE_CURVE('',#1084,#1107,#1114,.T.);
#1114 = LINE('',#1115,#1116);
#1115 = CARTESIAN_POINT('',(-0.646824228722,1.333648457443,1.55));
#1116 = VECTOR('',#1117,1.);
#1117 = DIRECTION('',(1.,1.110223024625E-16,0.));
#1118 = ORIENTED_EDGE('',*,*,#1083,.F.);
#1119 = B_SPLINE_SURFACE_WITH_KNOTS('',1,1,(
    (#1120,#1121)
    ,(#1122,#1123
    )),.UNSPECIFIED.,.F.,.F.,.F.,(2,2),(2,2),(0.,1.385),(0.,1.),
  .PIECEWISE_BEZIER_KNOTS.);
#1120 = CARTESIAN_POINT('',(-0.6925,1.425,0.9));
#1121 = CARTESIAN_POINT('',(-0.646824228722,1.333648457443,1.55));
#1122 = CARTESIAN_POINT('',(0.6925,1.425,0.9));
#1123 = CARTESIAN_POINT('',(0.646824228722,1.333648457443,1.55));
#1124 = ADVANCED_FACE('',(#1125),#1142,.F.);
#1125 = FACE_BOUND('',#1126,.F.);
#1126 = EDGE_LOOP('',(#1127,#1128,#1135,#1141));
#1127 = ORIENTED_EDGE('',*,*,#492,.T.);
#1128 = ORIENTED_EDGE('',*,*,#1129,.T.);
#1129 = EDGE_CURVE('',#485,#1130,#1132,.T.);
#1130 = VERTEX_POINT('',#1131);
#1131 = CARTESIAN_POINT('',(0.683648457443,1.296824228722,1.55));
#1132 = B_SPLINE_CURVE_WITH_KNOTS('',1,(#1133,#1134),.UNSPECIFIED.,.F.,
  .F.,(2,2),(0.,1.),.PIECEWISE_BEZIER_KNOTS.);
#1133 = CARTESIAN_POINT('',(0.775,1.3425,0.9));
#1134 = CARTESIAN_POINT('',(0.683648457443,1.296824228722,1.55));
#1135 = ORIENTED_EDGE('',*,*,#1136,.F.);
#1136 = EDGE_CURVE('',#1107,#1130,#1137,.T.);
#1137 = LINE('',#1138,#1139);
#1138 = CARTESIAN_POINT('',(0.646824228722,1.333648457443,1.55));
#1139 = VECTOR('',#1140,1.);
#1140 = DIRECTION('',(0.707106781187,-0.707106781187,0.));
#1141 = ORIENTED_EDGE('',*,*,#1106,.F.);
#1142 = B_SPLINE_SURFACE_WITH_KNOTS('',1,1,(
    (#1143,#1144)
    ,(#1145,#1146
    )),.UNSPECIFIED.,.F.,.F.,.F.,(2,2),(2,2),(0.,0.116672618896),(0.,1.)
  ,.PIECEWISE_BEZIER_KNOTS.);
#1143 = CARTESIAN_POINT('',(0.6925,1.425,0.9));
#1144 = CARTESIAN_POINT('',(0.646824228722,1.333648457443,1.55));
#1145 = CARTESIAN_POINT('',(0.775,1.3425,0.9));
#1146 = CARTESIAN_POINT('',(0.683648457443,1.296824228722,1.55));
#1147 = ADVANCED_FACE('',(#1148),#1197,.F.);
#1148 = FACE_BOUND('',#1149,.F.);
#1149 = EDGE_LOOP('',(#1150,#1151,#1159,#1167,#1175,#1183,#1190,#1196));
#1150 = ORIENTED_EDGE('',*,*,#484,.T.);
#1151 = ORIENTED_EDGE('',*,*,#1152,.T.);
#1152 = EDGE_CURVE('',#477,#1153,#1155,.T.);
#1153 = VERTEX_POINT('',#1154);
#1154 = CARTESIAN_POINT('',(0.775,0.7,0.9));
#1155 = LINE('',#1156,#1157);
#1156 = CARTESIAN_POINT('',(0.775,1.3425,0.9));
#1157 = VECTOR('',#1158,1.);
#1158 = DIRECTION('',(1.110223024625E-16,-1.,0.));
#1159 = ORIENTED_EDGE('',*,*,#1160,.T.);
#1160 = EDGE_CURVE('',#1153,#1161,#1163,.T.);
#1161 = VERTEX_POINT('',#1162);
#1162 = CARTESIAN_POINT('',(0.775,-0.7,0.9));
#1163 = LINE('',#1164,#1165);
#1164 = CARTESIAN_POINT('',(0.775,1.3425,0.9));
#1165 = VECTOR('',#1166,1.);
#1166 = DIRECTION('',(1.110223024625E-16,-1.,0.));
#1167 = ORIENTED_EDGE('',*,*,#1168,.T.);
#1168 = EDGE_CURVE('',#1161,#1169,#1171,.T.);
#1169 = VERTEX_POINT('',#1170);
#1170 = CARTESIAN_POINT('',(0.775,-1.2,0.9));
#1171 = LINE('',#1172,#1173);
#1172 = CARTESIAN_POINT('',(0.775,1.3425,0.9));
#1173 = VECTOR('',#1174,1.);
#1174 = DIRECTION('',(1.110223024625E-16,-1.,0.));
#1175 = ORIENTED_EDGE('',*,*,#1176,.T.);
#1176 = EDGE_CURVE('',#1169,#1177,#1179,.T.);
#1177 = VERTEX_POINT('',#1178);
#1178 = CARTESIAN_POINT('',(0.775,-1.3425,0.9));
#1179 = LINE('',#1180,#1181);
#1180 = CARTESIAN_POINT('',(0.775,1.3425,0.9));
#1181 = VECTOR('',#1182,1.);
#1182 = DIRECTION('',(1.110223024625E-16,-1.,0.));
#1183 = ORIENTED_EDGE('',*,*,#1184,.T.);
#1184 = EDGE_CURVE('',#1177,#1185,#1187,.T.);
#1185 = VERTEX_POINT('',#1186);
#1186 = CARTESIAN_POINT('',(0.683648457443,-1.296824228722,1.55));
#1187 = B_SPLINE_CURVE_WITH_KNOTS('',1,(#1188,#1189),.UNSPECIFIED.,.F.,
  .F.,(2,2),(0.,1.),.PIECEWISE_BEZIER_KNOTS.);
#1188 = CARTESIAN_POINT('',(0.775,-1.3425,0.9));
#1189 = CARTESIAN_POINT('',(0.683648457443,-1.296824228722,1.55));
#1190 = ORIENTED_EDGE('',*,*,#1191,.F.);
#1191 = EDGE_CURVE('',#1130,#1185,#1192,.T.);
#1192 = LINE('',#1193,#1194);
#1193 = CARTESIAN_POINT('',(0.683648457443,1.296824228722,1.55));
#1194 = VECTOR('',#1195,1.);
#1195 = DIRECTION('',(1.110223024625E-16,-1.,0.));
#1196 = ORIENTED_EDGE('',*,*,#1129,.F.);
#1197 = B_SPLINE_SURFACE_WITH_KNOTS('',1,1,(
    (#1198,#1199)
    ,(#1200,#1201
    )),.UNSPECIFIED.,.F.,.F.,.F.,(2,2),(2,2),(0.,2.685),(0.,1.),
  .PIECEWISE_BEZIER_KNOTS.);
#1198 = CARTESIAN_POINT('',(0.775,1.3425,0.9));
#1199 = CARTESIAN_POINT('',(0.683648457443,1.296824228722,1.55));
#1200 = CARTESIAN_POINT('',(0.775,-1.3425,0.9));
#1201 = CARTESIAN_POINT('',(0.683648457443,-1.296824228722,1.55));
#1202 = ADVANCED_FACE('',(#1203),#1235,.F.);
#1203 = FACE_BOUND('',#1204,.F.);
#1204 = EDGE_LOOP('',(#1205,#1213,#1221,#1227,#1233,#1234));
#1205 = ORIENTED_EDGE('',*,*,#1206,.F.);
#1206 = EDGE_CURVE('',#1207,#469,#1209,.T.);
#1207 = VERTEX_POINT('',#1208);
#1208 = CARTESIAN_POINT('',(0.85,1.2,0.9));
#1209 = LINE('',#1210,#1211);
#1210 = CARTESIAN_POINT('',(0.85,1.2,0.9));
#1211 = VECTOR('',#1212,1.);
#1212 = DIRECTION('',(-1.,-1.110223024625E-16,0.));
#1213 = ORIENTED_EDGE('',*,*,#1214,.T.);
#1214 = EDGE_CURVE('',#1207,#1215,#1217,.T.);
#1215 = VERTEX_POINT('',#1216);
#1216 = CARTESIAN_POINT('',(0.85,0.7,0.9));
#1217 = LINE('',#1218,#1219);
#1218 = CARTESIAN_POINT('',(0.85,1.2,0.9));
#1219 = VECTOR('',#1220,1.);
#1220 = DIRECTION('',(1.110223024625E-16,-1.,0.));
#1221 = ORIENTED_EDGE('',*,*,#1222,.T.);
#1222 = EDGE_CURVE('',#1215,#813,#1223,.T.);
#1223 = LINE('',#1224,#1225);
#1224 = CARTESIAN_POINT('',(0.85,0.7,0.9));
#1225 = VECTOR('',#1226,1.);
#1226 = DIRECTION('',(-1.,-1.110223024625E-16,0.));
#1227 = ORIENTED_EDGE('',*,*,#1228,.T.);
#1228 = EDGE_CURVE('',#813,#1153,#1229,.T.);
#1229 = LINE('',#1230,#1231);
#1230 = CARTESIAN_POINT('',(0.85,0.7,0.9));
#1231 = VECTOR('',#1232,1.);
#1232 = DIRECTION('',(-1.,-1.110223024625E-16,0.));
#1233 = ORIENTED_EDGE('',*,*,#1152,.F.);
#1234 = ORIENTED_EDGE('',*,*,#476,.F.);
#1235 = PLANE('',#1236);
#1236 = AXIS2_PLACEMENT_3D('',#1237,#1238,#1239);
#1237 = CARTESIAN_POINT('',(0.85,1.2,0.9));
#1238 = DIRECTION('',(0.,0.,-1.));
#1239 = DIRECTION('',(-1.,-1.110223024625E-16,-0.));
#1240 = ADVANCED_FACE('',(#1241),#1284,.F.);
#1241 = FACE_BOUND('',#1242,.F.);
#1242 = EDGE_LOOP('',(#1243,#1249,#1250,#1251,#1252,#1253,#1254,#1260,
    #1261,#1269,#1277,#1283));
#1243 = ORIENTED_EDGE('',*,*,#1244,.F.);
#1244 = EDGE_CURVE('',#875,#1169,#1245,.T.);
#1245 = LINE('',#1246,#1247);
#1246 = CARTESIAN_POINT('',(0.85,-1.2,0.9));
#1247 = VECTOR('',#1248,1.);
#1248 = DIRECTION('',(-1.,-1.110223024625E-16,0.));
#1249 = ORIENTED_EDGE('',*,*,#890,.T.);
#1250 = ORIENTED_EDGE('',*,*,#935,.T.);
#1251 = ORIENTED_EDGE('',*,*,#952,.T.);
#1252 = ORIENTED_EDGE('',*,*,#906,.T.);
#1253 = ORIENTED_EDGE('',*,*,#578,.T.);
#1254 = ORIENTED_EDGE('',*,*,#1255,.T.);
#1255 = EDGE_CURVE('',#571,#1015,#1256,.T.);
#1256 = LINE('',#1257,#1258);
#1257 = CARTESIAN_POINT('',(-0.85,-1.2,0.9));
#1258 = VECTOR('',#1259,1.);
#1259 = DIRECTION('',(1.,-1.144237745222E-17,0.));
#1260 = ORIENTED_EDGE('',*,*,#1012,.F.);
#1261 = ORIENTED_EDGE('',*,*,#1262,.F.);
#1262 = EDGE_CURVE('',#1263,#1013,#1265,.T.);
#1263 = VERTEX_POINT('',#1264);
#1264 = CARTESIAN_POINT('',(-0.6925,-1.425,0.9));
#1265 = LINE('',#1266,#1267);
#1266 = CARTESIAN_POINT('',(-0.6925,-1.425,0.9));
#1267 = VECTOR('',#1268,1.);
#1268 = DIRECTION('',(-0.707106781187,0.707106781187,0.));
#1269 = ORIENTED_EDGE('',*,*,#1270,.F.);
#1270 = EDGE_CURVE('',#1271,#1263,#1273,.T.);
#1271 = VERTEX_POINT('',#1272);
#1272 = CARTESIAN_POINT('',(0.6925,-1.425,0.9));
#1273 = LINE('',#1274,#1275);
#1274 = CARTESIAN_POINT('',(0.6925,-1.425,0.9));
#1275 = VECTOR('',#1276,1.);
#1276 = DIRECTION('',(-1.,-1.110223024625E-16,0.));
#1277 = ORIENTED_EDGE('',*,*,#1278,.F.);
#1278 = EDGE_CURVE('',#1177,#1271,#1279,.T.);
#1279 = LINE('',#1280,#1281);
#1280 = CARTESIAN_POINT('',(0.775,-1.3425,0.9));
#1281 = VECTOR('',#1282,1.);
#1282 = DIRECTION('',(-0.707106781187,-0.707106781187,0.));
#1283 = ORIENTED_EDGE('',*,*,#1176,.F.);
#1284 = PLANE('',#1285);
#1285 = AXIS2_PLACEMENT_3D('',#1286,#1287,#1288);
#1286 = CARTESIAN_POINT('',(-2.091417030376E-16,1.4375,0.9));
#1287 = DIRECTION('',(4.595758349624E-18,6.551522493592E-27,-1.));
#1288 = DIRECTION('',(1.,1.51922136901E-16,4.595758349624E-18));
#1289 = ADVANCED_FACE('',(#1290),#1376,.F.);
#1290 = FACE_BOUND('',#1291,.F.);
#1291 = EDGE_LOOP('',(#1292,#1293,#1294,#1303,#1311,#1320,#1328,#1336,
    #1344,#1353,#1361,#1370));
#1292 = ORIENTED_EDGE('',*,*,#570,.F.);
#1293 = ORIENTED_EDGE('',*,*,#592,.T.);
#1294 = ORIENTED_EDGE('',*,*,#1295,.T.);
#1295 = EDGE_CURVE('',#593,#1296,#1298,.T.);
#1296 = VERTEX_POINT('',#1297);
#1297 = CARTESIAN_POINT('',(-0.948480775301,-1.2,0.667364817767));
#1298 = CIRCLE('',#1299,0.1);
#1299 = AXIS2_PLACEMENT_3D('',#1300,#1301,#1302);
#1300 = CARTESIAN_POINT('',(-0.85,-1.2,0.65));
#1301 = DIRECTION('',(-1.144237745222E-17,-1.,0.));
#1302 = DIRECTION('',(0.,0.,1.));
#1303 = ORIENTED_EDGE('',*,*,#1304,.T.);
#1304 = EDGE_CURVE('',#1296,#1305,#1307,.T.);
#1305 = VERTEX_POINT('',#1306);
#1306 = CARTESIAN_POINT('',(-1.02432885403,-1.2,0.206587955583));
#1307 = LINE('',#1308,#1309);
#1308 = CARTESIAN_POINT('',(-0.948480775301,-1.2,0.667364817767));
#1309 = VECTOR('',#1310,1.);
#1310 = DIRECTION('',(-0.162423314012,1.858508865964E-18,-0.986721169868
    ));
#1311 = ORIENTED_EDGE('',*,*,#1312,.T.);
#1312 = EDGE_CURVE('',#1305,#1313,#1315,.T.);
#1313 = VERTEX_POINT('',#1314);
#1314 = CARTESIAN_POINT('',(-1.270530792283,-1.2,0.));
#1315 = CIRCLE('',#1316,0.25);
#1316 = AXIS2_PLACEMENT_3D('',#1317,#1318,#1319);
#1317 = CARTESIAN_POINT('',(-1.270530792283,-1.2,0.25));
#1318 = DIRECTION('',(1.144237745222E-17,1.,1.155557966632E-33));
#1319 = DIRECTION('',(0.984807753012,-1.126854202784E-17,-0.173648177667
    ));
#1320 = ORIENTED_EDGE('',*,*,#1321,.T.);
#1321 = EDGE_CURVE('',#1313,#1322,#1324,.T.);
#1322 = VERTEX_POINT('',#1323);
#1323 = CARTESIAN_POINT('',(-1.4,-1.2,0.));
#1324 = LINE('',#1325,#1326);
#1325 = CARTESIAN_POINT('',(-1.270530792283,-1.2,0.));
#1326 = VECTOR('',#1327,1.);
#1327 = DIRECTION('',(-1.,1.144237745222E-17,0.));
#1328 = ORIENTED_EDGE('',*,*,#1329,.T.);
#1329 = EDGE_CURVE('',#1322,#1330,#1332,.T.);
#1330 = VERTEX_POINT('',#1331);
#1331 = CARTESIAN_POINT('',(-1.4,-1.2,0.15));
#1332 = LINE('',#1333,#1334);
#1333 = CARTESIAN_POINT('',(-1.4,-1.2,0.));
#1334 = VECTOR('',#1335,1.);
#1335 = DIRECTION('',(0.,0.,1.));
#1336 = ORIENTED_EDGE('',*,*,#1337,.T.);
#1337 = EDGE_CURVE('',#1330,#1338,#1340,.T.);
#1338 = VERTEX_POINT('',#1339);
#1339 = CARTESIAN_POINT('',(-1.270530792283,-1.2,0.15));
#1340 = LINE('',#1341,#1342);
#1341 = CARTESIAN_POINT('',(-1.4,-1.2,0.15));
#1342 = VECTOR('',#1343,1.);
#1343 = DIRECTION('',(1.,-1.144237745222E-17,0.));
#1344 = ORIENTED_EDGE('',*,*,#1345,.T.);
#1345 = EDGE_CURVE('',#1338,#1346,#1348,.T.);
#1346 = VERTEX_POINT('',#1347);
#1347 = CARTESIAN_POINT('',(-1.172050016982,-1.2,0.232635182233));
#1348 = CIRCLE('',#1349,0.1);
#1349 = AXIS2_PLACEMENT_3D('',#1350,#1351,#1352);
#1350 = CARTESIAN_POINT('',(-1.270530792283,-1.2,0.25));
#1351 = DIRECTION('',(-1.144237745222E-17,-1.,0.));
#1352 = DIRECTION('',(-2.22044604925E-15,2.540718180781E-32,-1.));
#1353 = ORIENTED_EDGE('',*,*,#1354,.T.);
#1354 = EDGE_CURVE('',#1346,#1355,#1357,.T.);
#1355 = VERTEX_POINT('',#1356);
#1356 = CARTESIAN_POINT('',(-1.096201938253,-1.2,0.693412044417));
#1357 = LINE('',#1358,#1359);
#1358 = CARTESIAN_POINT('',(-1.172050016982,-1.2,0.232635182233));
#1359 = VECTOR('',#1360,1.);
#1360 = DIRECTION('',(0.162423314012,-1.858508865964E-18,0.986721169868)
  );
#1361 = ORIENTED_EDGE('',*,*,#1362,.T.);
#1362 = EDGE_CURVE('',#1355,#1363,#1365,.T.);
#1363 = VERTEX_POINT('',#1364);
#1364 = CARTESIAN_POINT('',(-0.85,-1.2,0.9));
#1365 = CIRCLE('',#1366,0.25);
#1366 = AXIS2_PLACEMENT_3D('',#1367,#1368,#1369);
#1367 = CARTESIAN_POINT('',(-0.85,-1.2,0.65));
#1368 = DIRECTION('',(1.144237745222E-17,1.,7.703719777549E-34));
#1369 = DIRECTION('',(-0.984807753012,1.126854202784E-17,0.173648177667)
  );
#1370 = ORIENTED_EDGE('',*,*,#1371,.T.);
#1371 = EDGE_CURVE('',#1363,#571,#1372,.T.);
#1372 = LINE('',#1373,#1374);
#1373 = CARTESIAN_POINT('',(-0.85,-1.2,0.9));
#1374 = VECTOR('',#1375,1.);
#1375 = DIRECTION('',(1.,-1.144237745222E-17,0.));
#1376 = PLANE('',#1377);
#1377 = AXIS2_PLACEMENT_3D('',#1378,#1379,#1380);
#1378 = CARTESIAN_POINT('',(-1.069123385139,-1.2,0.441695635315));
#1379 = DIRECTION('',(1.144237745222E-17,1.,0.));
#1380 = DIRECTION('',(0.,-0.,1.));
#1381 = ADVANCED_FACE('',(#1382),#1401,.F.);
#1382 = FACE_BOUND('',#1383,.F.);
#1383 = EDGE_LOOP('',(#1384,#1385,#1394,#1400));
#1384 = ORIENTED_EDGE('',*,*,#609,.T.);
#1385 = ORIENTED_EDGE('',*,*,#1386,.T.);
#1386 = EDGE_CURVE('',#602,#1387,#1389,.T.);
#1387 = VERTEX_POINT('',#1388);
#1388 = CARTESIAN_POINT('',(-0.948480775301,-0.7,0.667364817767));
#1389 = CIRCLE('',#1390,0.1);
#1390 = AXIS2_PLACEMENT_3D('',#1391,#1392,#1393);
#1391 = CARTESIAN_POINT('',(-0.85,-0.7,0.65));
#1392 = DIRECTION('',(-1.144237745222E-17,-1.,0.));
#1393 = DIRECTION('',(0.,0.,1.));
#1394 = ORIENTED_EDGE('',*,*,#1395,.F.);
#1395 = EDGE_CURVE('',#1296,#1387,#1396,.T.);
#1396 = LINE('',#1397,#1398);
#1397 = CARTESIAN_POINT('',(-0.948480775301,-1.2,0.667364817767));
#1398 = VECTOR('',#1399,1.);
#1399 = DIRECTION('',(1.144237745222E-17,1.,0.));
#1400 = ORIENTED_EDGE('',*,*,#1295,.F.);
#1401 = CYLINDRICAL_SURFACE('',#1402,0.1);
#1402 = AXIS2_PLACEMENT_3D('',#1403,#1404,#1405);
#1403 = CARTESIAN_POINT('',(-0.85,-1.2,0.65));
#1404 = DIRECTION('',(-1.144237745222E-17,-1.,0.));
#1405 = DIRECTION('',(0.,0.,1.));
#1406 = ADVANCED_FACE('',(#1407),#1485,.T.);
#1407 = FACE_BOUND('',#1408,.T.);
#1408 = EDGE_LOOP('',(#1409,#1410,#1411,#1412,#1420,#1429,#1437,#1445,
    #1453,#1462,#1470,#1479));
#1409 = ORIENTED_EDGE('',*,*,#623,.F.);
#1410 = ORIENTED_EDGE('',*,*,#601,.T.);
#1411 = ORIENTED_EDGE('',*,*,#1386,.T.);
#1412 = ORIENTED_EDGE('',*,*,#1413,.T.);
#1413 = EDGE_CURVE('',#1387,#1414,#1416,.T.);
#1414 = VERTEX_POINT('',#1415);
#1415 = CARTESIAN_POINT('',(-1.02432885403,-0.7,0.206587955583));
#1416 = LINE('',#1417,#1418);
#1417 = CARTESIAN_POINT('',(-0.948480775301,-0.7,0.667364817767));
#1418 = VECTOR('',#1419,1.);
#1419 = DIRECTION('',(-0.162423314012,1.858508865964E-18,-0.986721169868
    ));
#1420 = ORIENTED_EDGE('',*,*,#1421,.T.);
#1421 = EDGE_CURVE('',#1414,#1422,#1424,.T.);
#1422 = VERTEX_POINT('',#1423);
#1423 = CARTESIAN_POINT('',(-1.270530792283,-0.7,0.));
#1424 = CIRCLE('',#1425,0.25);
#1425 = AXIS2_PLACEMENT_3D('',#1426,#1427,#1428);
#1426 = CARTESIAN_POINT('',(-1.270530792283,-0.7,0.25));
#1427 = DIRECTION('',(1.144237745222E-17,1.,1.155557966632E-33));
#1428 = DIRECTION('',(0.984807753012,-1.126854202784E-17,-0.173648177667
    ));
#1429 = ORIENTED_EDGE('',*,*,#1430,.T.);
#1430 = EDGE_CURVE('',#1422,#1431,#1433,.T.);
#1431 = VERTEX_POINT('',#1432);
#1432 = CARTESIAN_POINT('',(-1.4,-0.7,0.));
#1433 = LINE('',#1434,#1435);
#1434 = CARTESIAN_POINT('',(-1.270530792283,-0.7,0.));
#1435 = VECTOR('',#1436,1.);
#1436 = DIRECTION('',(-1.,1.144237745222E-17,0.));
#1437 = ORIENTED_EDGE('',*,*,#1438,.T.);
#1438 = EDGE_CURVE('',#1431,#1439,#1441,.T.);
#1439 = VERTEX_POINT('',#1440);
#1440 = CARTESIAN_POINT('',(-1.4,-0.7,0.15));
#1441 = LINE('',#1442,#1443);
#1442 = CARTESIAN_POINT('',(-1.4,-0.7,0.));
#1443 = VECTOR('',#1444,1.);
#1444 = DIRECTION('',(0.,0.,1.));
#1445 = ORIENTED_EDGE('',*,*,#1446,.T.);
#1446 = EDGE_CURVE('',#1439,#1447,#1449,.T.);
#1447 = VERTEX_POINT('',#1448);
#1448 = CARTESIAN_POINT('',(-1.270530792283,-0.7,0.15));
#1449 = LINE('',#1450,#1451);
#1450 = CARTESIAN_POINT('',(-1.4,-0.7,0.15));
#1451 = VECTOR('',#1452,1.);
#1452 = DIRECTION('',(1.,-1.144237745222E-17,0.));
#1453 = ORIENTED_EDGE('',*,*,#1454,.T.);
#1454 = EDGE_CURVE('',#1447,#1455,#1457,.T.);
#1455 = VERTEX_POINT('',#1456);
#1456 = CARTESIAN_POINT('',(-1.172050016982,-0.7,0.232635182233));
#1457 = CIRCLE('',#1458,0.1);
#1458 = AXIS2_PLACEMENT_3D('',#1459,#1460,#1461);
#1459 = CARTESIAN_POINT('',(-1.270530792283,-0.7,0.25));
#1460 = DIRECTION('',(-1.144237745222E-17,-1.,0.));
#1461 = DIRECTION('',(-2.22044604925E-15,2.540718180781E-32,-1.));
#1462 = ORIENTED_EDGE('',*,*,#1463,.T.);
#1463 = EDGE_CURVE('',#1455,#1464,#1466,.T.);
#1464 = VERTEX_POINT('',#1465);
#1465 = CARTESIAN_POINT('',(-1.096201938253,-0.7,0.693412044417));
#1466 = LINE('',#1467,#1468);
#1467 = CARTESIAN_POINT('',(-1.172050016982,-0.7,0.232635182233));
#1468 = VECTOR('',#1469,1.);
#1469 = DIRECTION('',(0.162423314012,-1.858508865964E-18,0.986721169868)
  );
#1470 = ORIENTED_EDGE('',*,*,#1471,.T.);
#1471 = EDGE_CURVE('',#1464,#1472,#1474,.T.);
#1472 = VERTEX_POINT('',#1473);
#1473 = CARTESIAN_POINT('',(-0.85,-0.7,0.9));
#1474 = CIRCLE('',#1475,0.25);
#1475 = AXIS2_PLACEMENT_3D('',#1476,#1477,#1478);
#1476 = CARTESIAN_POINT('',(-0.85,-0.7,0.65));
#1477 = DIRECTION('',(1.144237745222E-17,1.,7.703719777549E-34));
#1478 = DIRECTION('',(-0.984807753012,1.126854202784E-17,0.173648177667)
  );
#1479 = ORIENTED_EDGE('',*,*,#1480,.T.);
#1480 = EDGE_CURVE('',#1472,#624,#1481,.T.);
#1481 = LINE('',#1482,#1483);
#1482 = CARTESIAN_POINT('',(-0.85,-0.7,0.9));
#1483 = VECTOR('',#1484,1.);
#1484 = DIRECTION('',(1.,-1.144237745222E-17,0.));
#1485 = PLANE('',#1486);
#1486 = AXIS2_PLACEMENT_3D('',#1487,#1488,#1489);
#1487 = CARTESIAN_POINT('',(-1.069123385139,-0.7,0.441695635315));
#1488 = DIRECTION('',(1.144237745222E-17,1.,0.));
#1489 = DIRECTION('',(0.,-0.,1.));
#1490 = ADVANCED_FACE('',(#1491),#1507,.F.);
#1491 = FACE_BOUND('',#1492,.F.);
#1492 = EDGE_LOOP('',(#1493,#1494,#1500,#1501));
#1493 = ORIENTED_EDGE('',*,*,#640,.T.);
#1494 = ORIENTED_EDGE('',*,*,#1495,.T.);
#1495 = EDGE_CURVE('',#633,#1031,#1496,.T.);
#1496 = LINE('',#1497,#1498);
#1497 = CARTESIAN_POINT('',(-0.85,-0.25,0.9));
#1498 = VECTOR('',#1499,1.);
#1499 = DIRECTION('',(1.,-1.144237745222E-17,0.));
#1500 = ORIENTED_EDGE('',*,*,#1030,.F.);
#1501 = ORIENTED_EDGE('',*,*,#1502,.F.);
#1502 = EDGE_CURVE('',#624,#1023,#1503,.T.);
#1503 = LINE('',#1504,#1505);
#1504 = CARTESIAN_POINT('',(-0.85,-0.7,0.9));
#1505 = VECTOR('',#1506,1.);
#1506 = DIRECTION('',(1.,-1.144237745222E-17,0.));
#1507 = PLANE('',#1508);
#1508 = AXIS2_PLACEMENT_3D('',#1509,#1510,#1511);
#1509 = CARTESIAN_POINT('',(-2.091417030376E-16,1.4375,0.9));
#1510 = DIRECTION('',(4.595758349624E-18,6.551522493592E-27,-1.));
#1511 = DIRECTION('',(1.,1.51922136901E-16,4.595758349624E-18));
#1512 = ADVANCED_FACE('',(#1513),#1599,.F.);
#1513 = FACE_BOUND('',#1514,.F.);
#1514 = EDGE_LOOP('',(#1515,#1516,#1517,#1526,#1534,#1543,#1551,#1559,
    #1567,#1576,#1584,#1593));
#1515 = ORIENTED_EDGE('',*,*,#632,.F.);
#1516 = ORIENTED_EDGE('',*,*,#654,.T.);
#1517 = ORIENTED_EDGE('',*,*,#1518,.T.);
#1518 = EDGE_CURVE('',#655,#1519,#1521,.T.);
#1519 = VERTEX_POINT('',#1520);
#1520 = CARTESIAN_POINT('',(-0.948480775301,-0.25,0.667364817767));
#1521 = CIRCLE('',#1522,0.1);
#1522 = AXIS2_PLACEMENT_3D('',#1523,#1524,#1525);
#1523 = CARTESIAN_POINT('',(-0.85,-0.25,0.65));
#1524 = DIRECTION('',(-1.144237745222E-17,-1.,0.));
#1525 = DIRECTION('',(0.,0.,1.));
#1526 = ORIENTED_EDGE('',*,*,#1527,.T.);
#1527 = EDGE_CURVE('',#1519,#1528,#1530,.T.);
#1528 = VERTEX_POINT('',#1529);
#1529 = CARTESIAN_POINT('',(-1.02432885403,-0.25,0.206587955583));
#1530 = LINE('',#1531,#1532);
#1531 = CARTESIAN_POINT('',(-0.948480775301,-0.25,0.667364817767));
#1532 = VECTOR('',#1533,1.);
#1533 = DIRECTION('',(-0.162423314012,1.858508865964E-18,-0.986721169868
    ));
#1534 = ORIENTED_EDGE('',*,*,#1535,.T.);
#1535 = EDGE_CURVE('',#1528,#1536,#1538,.T.);
#1536 = VERTEX_POINT('',#1537);
#1537 = CARTESIAN_POINT('',(-1.270530792283,-0.25,0.));
#1538 = CIRCLE('',#1539,0.25);
#1539 = AXIS2_PLACEMENT_3D('',#1540,#1541,#1542);
#1540 = CARTESIAN_POINT('',(-1.270530792283,-0.25,0.25));
#1541 = DIRECTION('',(1.144237745222E-17,1.,1.155557966632E-33));
#1542 = DIRECTION('',(0.984807753012,-1.126854202784E-17,-0.173648177667
    ));
#1543 = ORIENTED_EDGE('',*,*,#1544,.T.);
#1544 = EDGE_CURVE('',#1536,#1545,#1547,.T.);
#1545 = VERTEX_POINT('',#1546);
#1546 = CARTESIAN_POINT('',(-1.4,-0.25,0.));
#1547 = LINE('',#1548,#1549);
#1548 = CARTESIAN_POINT('',(-1.270530792283,-0.25,0.));
#1549 = VECTOR('',#1550,1.);
#1550 = DIRECTION('',(-1.,1.144237745222E-17,0.));
#1551 = ORIENTED_EDGE('',*,*,#1552,.T.);
#1552 = EDGE_CURVE('',#1545,#1553,#1555,.T.);
#1553 = VERTEX_POINT('',#1554);
#1554 = CARTESIAN_POINT('',(-1.4,-0.25,0.15));
#1555 = LINE('',#1556,#1557);
#1556 = CARTESIAN_POINT('',(-1.4,-0.25,0.));
#1557 = VECTOR('',#1558,1.);
#1558 = DIRECTION('',(0.,0.,1.));
#1559 = ORIENTED_EDGE('',*,*,#1560,.T.);
#1560 = EDGE_CURVE('',#1553,#1561,#1563,.T.);
#1561 = VERTEX_POINT('',#1562);
#1562 = CARTESIAN_POINT('',(-1.270530792283,-0.25,0.15));
#1563 = LINE('',#1564,#1565);
#1564 = CARTESIAN_POINT('',(-1.4,-0.25,0.15));
#1565 = VECTOR('',#1566,1.);
#1566 = DIRECTION('',(1.,-1.144237745222E-17,0.));
#1567 = ORIENTED_EDGE('',*,*,#1568,.T.);
#1568 = EDGE_CURVE('',#1561,#1569,#1571,.T.);
#1569 = VERTEX_POINT('',#1570);
#1570 = CARTESIAN_POINT('',(-1.172050016982,-0.25,0.232635182233));
#1571 = CIRCLE('',#1572,0.1);
#1572 = AXIS2_PLACEMENT_3D('',#1573,#1574,#1575);
#1573 = CARTESIAN_POINT('',(-1.270530792283,-0.25,0.25));
#1574 = DIRECTION('',(-1.144237745222E-17,-1.,0.));
#1575 = DIRECTION('',(-2.22044604925E-15,2.540718180781E-32,-1.));
#1576 = ORIENTED_EDGE('',*,*,#1577,.T.);
#1577 = EDGE_CURVE('',#1569,#1578,#1580,.T.);
#1578 = VERTEX_POINT('',#1579);
#1579 = CARTESIAN_POINT('',(-1.096201938253,-0.25,0.693412044417));
#1580 = LINE('',#1581,#1582);
#1581 = CARTESIAN_POINT('',(-1.172050016982,-0.25,0.232635182233));
#1582 = VECTOR('',#1583,1.);
#1583 = DIRECTION('',(0.162423314012,-1.858508865964E-18,0.986721169868)
  );
#1584 = ORIENTED_EDGE('',*,*,#1585,.T.);
#1585 = EDGE_CURVE('',#1578,#1586,#1588,.T.);
#1586 = VERTEX_POINT('',#1587);
#1587 = CARTESIAN_POINT('',(-0.85,-0.25,0.9));
#1588 = CIRCLE('',#1589,0.25);
#1589 = AXIS2_PLACEMENT_3D('',#1590,#1591,#1592);
#1590 = CARTESIAN_POINT('',(-0.85,-0.25,0.65));
#1591 = DIRECTION('',(1.144237745222E-17,1.,7.703719777549E-34));
#1592 = DIRECTION('',(-0.984807753012,1.126854202784E-17,0.173648177667)
  );
#1593 = ORIENTED_EDGE('',*,*,#1594,.T.);
#1594 = EDGE_CURVE('',#1586,#633,#1595,.T.);
#1595 = LINE('',#1596,#1597);
#1596 = CARTESIAN_POINT('',(-0.85,-0.25,0.9));
#1597 = VECTOR('',#1598,1.);
#1598 = DIRECTION('',(1.,-1.144237745222E-17,0.));
#1599 = PLANE('',#1600);
#1600 = AXIS2_PLACEMENT_3D('',#1601,#1602,#1603);
#1601 = CARTESIAN_POINT('',(-1.069123385139,-0.25,0.441695635315));
#1602 = DIRECTION('',(1.144237745222E-17,1.,0.));
#1603 = DIRECTION('',(0.,-0.,1.));
#1604 = ADVANCED_FACE('',(#1605),#1624,.F.);
#1605 = FACE_BOUND('',#1606,.F.);
#1606 = EDGE_LOOP('',(#1607,#1608,#1617,#1623));
#1607 = ORIENTED_EDGE('',*,*,#671,.T.);
#1608 = ORIENTED_EDGE('',*,*,#1609,.T.);
#1609 = EDGE_CURVE('',#664,#1610,#1612,.T.);
#1610 = VERTEX_POINT('',#1611);
#1611 = CARTESIAN_POINT('',(-0.948480775301,0.25,0.667364817767));
#1612 = CIRCLE('',#1613,0.1);
#1613 = AXIS2_PLACEMENT_3D('',#1614,#1615,#1616);
#1614 = CARTESIAN_POINT('',(-0.85,0.25,0.65));
#1615 = DIRECTION('',(-1.144237745222E-17,-1.,0.));
#1616 = DIRECTION('',(0.,0.,1.));
#1617 = ORIENTED_EDGE('',*,*,#1618,.F.);
#1618 = EDGE_CURVE('',#1519,#1610,#1619,.T.);
#1619 = LINE('',#1620,#1621);
#1620 = CARTESIAN_POINT('',(-0.948480775301,-0.25,0.667364817767));
#1621 = VECTOR('',#1622,1.);
#1622 = DIRECTION('',(1.144237745222E-17,1.,0.));
#1623 = ORIENTED_EDGE('',*,*,#1518,.F.);
#1624 = CYLINDRICAL_SURFACE('',#1625,0.1);
#1625 = AXIS2_PLACEMENT_3D('',#1626,#1627,#1628);
#1626 = CARTESIAN_POINT('',(-0.85,-0.25,0.65));
#1627 = DIRECTION('',(-1.144237745222E-17,-1.,0.));
#1628 = DIRECTION('',(0.,0.,1.));
#1629 = ADVANCED_FACE('',(#1630),#1708,.T.);
#1630 = FACE_BOUND('',#1631,.T.);
#1631 = EDGE_LOOP('',(#1632,#1633,#1634,#1635,#1643,#1652,#1660,#1668,
    #1676,#1685,#1693,#1702));
#1632 = ORIENTED_EDGE('',*,*,#685,.F.);
#1633 = ORIENTED_EDGE('',*,*,#663,.T.);
#1634 = ORIENTED_EDGE('',*,*,#1609,.T.);
#1635 = ORIENTED_EDGE('',*,*,#1636,.T.);
#1636 = EDGE_CURVE('',#1610,#1637,#1639,.T.);
#1637 = VERTEX_POINT('',#1638);
#1638 = CARTESIAN_POINT('',(-1.02432885403,0.25,0.206587955583));
#1639 = LINE('',#1640,#1641);
#1640 = CARTESIAN_POINT('',(-0.948480775301,0.25,0.667364817767));
#1641 = VECTOR('',#1642,1.);
#1642 = DIRECTION('',(-0.162423314012,1.858508865964E-18,-0.986721169868
    ));
#1643 = ORIENTED_EDGE('',*,*,#1644,.T.);
#1644 = EDGE_CURVE('',#1637,#1645,#1647,.T.);
#1645 = VERTEX_POINT('',#1646);
#1646 = CARTESIAN_POINT('',(-1.270530792283,0.25,0.));
#1647 = CIRCLE('',#1648,0.25);
#1648 = AXIS2_PLACEMENT_3D('',#1649,#1650,#1651);
#1649 = CARTESIAN_POINT('',(-1.270530792283,0.25,0.25));
#1650 = DIRECTION('',(1.144237745222E-17,1.,1.155557966632E-33));
#1651 = DIRECTION('',(0.984807753012,-1.126854202784E-17,-0.173648177667
    ));
#1652 = ORIENTED_EDGE('',*,*,#1653,.T.);
#1653 = EDGE_CURVE('',#1645,#1654,#1656,.T.);
#1654 = VERTEX_POINT('',#1655);
#1655 = CARTESIAN_POINT('',(-1.4,0.25,0.));
#1656 = LINE('',#1657,#1658);
#1657 = CARTESIAN_POINT('',(-1.270530792283,0.25,0.));
#1658 = VECTOR('',#1659,1.);
#1659 = DIRECTION('',(-1.,1.144237745222E-17,0.));
#1660 = ORIENTED_EDGE('',*,*,#1661,.T.);
#1661 = EDGE_CURVE('',#1654,#1662,#1664,.T.);
#1662 = VERTEX_POINT('',#1663);
#1663 = CARTESIAN_POINT('',(-1.4,0.25,0.15));
#1664 = LINE('',#1665,#1666);
#1665 = CARTESIAN_POINT('',(-1.4,0.25,0.));
#1666 = VECTOR('',#1667,1.);
#1667 = DIRECTION('',(0.,0.,1.));
#1668 = ORIENTED_EDGE('',*,*,#1669,.T.);
#1669 = EDGE_CURVE('',#1662,#1670,#1672,.T.);
#1670 = VERTEX_POINT('',#1671);
#1671 = CARTESIAN_POINT('',(-1.270530792283,0.25,0.15));
#1672 = LINE('',#1673,#1674);
#1673 = CARTESIAN_POINT('',(-1.4,0.25,0.15));
#1674 = VECTOR('',#1675,1.);
#1675 = DIRECTION('',(1.,-1.144237745222E-17,0.));
#1676 = ORIENTED_EDGE('',*,*,#1677,.T.);
#1677 = EDGE_CURVE('',#1670,#1678,#1680,.T.);
#1678 = VERTEX_POINT('',#1679);
#1679 = CARTESIAN_POINT('',(-1.172050016982,0.25,0.232635182233));
#1680 = CIRCLE('',#1681,0.1);
#1681 = AXIS2_PLACEMENT_3D('',#1682,#1683,#1684);
#1682 = CARTESIAN_POINT('',(-1.270530792283,0.25,0.25));
#1683 = DIRECTION('',(-1.144237745222E-17,-1.,0.));
#1684 = DIRECTION('',(-2.22044604925E-15,2.540718180781E-32,-1.));
#1685 = ORIENTED_EDGE('',*,*,#1686,.T.);
#1686 = EDGE_CURVE('',#1678,#1687,#1689,.T.);
#1687 = VERTEX_POINT('',#1688);
#1688 = CARTESIAN_POINT('',(-1.096201938253,0.25,0.693412044417));
#1689 = LINE('',#1690,#1691);
#1690 = CARTESIAN_POINT('',(-1.172050016982,0.25,0.232635182233));
#1691 = VECTOR('',#1692,1.);
#1692 = DIRECTION('',(0.162423314012,-1.858508865964E-18,0.986721169868)
  );
#1693 = ORIENTED_EDGE('',*,*,#1694,.T.);
#1694 = EDGE_CURVE('',#1687,#1695,#1697,.T.);
#1695 = VERTEX_POINT('',#1696);
#1696 = CARTESIAN_POINT('',(-0.85,0.25,0.9));
#1697 = CIRCLE('',#1698,0.25);
#1698 = AXIS2_PLACEMENT_3D('',#1699,#1700,#1701);
#1699 = CARTESIAN_POINT('',(-0.85,0.25,0.65));
#1700 = DIRECTION('',(1.144237745222E-17,1.,7.703719777549E-34));
#1701 = DIRECTION('',(-0.984807753012,1.126854202784E-17,0.173648177667)
  );
#1702 = ORIENTED_EDGE('',*,*,#1703,.T.);
#1703 = EDGE_CURVE('',#1695,#686,#1704,.T.);
#1704 = LINE('',#1705,#1706);
#1705 = CARTESIAN_POINT('',(-0.85,0.25,0.9));
#1706 = VECTOR('',#1707,1.);
#1707 = DIRECTION('',(1.,-1.144237745222E-17,0.));
#1708 = PLANE('',#1709);
#1709 = AXIS2_PLACEMENT_3D('',#1710,#1711,#1712);
#1710 = CARTESIAN_POINT('',(-1.069123385139,0.25,0.441695635315));
#1711 = DIRECTION('',(1.144237745222E-17,1.,0.));
#1712 = DIRECTION('',(0.,-0.,1.));
#1713 = ADVANCED_FACE('',(#1714),#1725,.F.);
#1714 = FACE_BOUND('',#1715,.F.);
#1715 = EDGE_LOOP('',(#1716,#1717,#1718,#1719));
#1716 = ORIENTED_EDGE('',*,*,#702,.T.);
#1717 = ORIENTED_EDGE('',*,*,#998,.T.);
#1718 = ORIENTED_EDGE('',*,*,#1046,.F.);
#1719 = ORIENTED_EDGE('',*,*,#1720,.F.);
#1720 = EDGE_CURVE('',#686,#1039,#1721,.T.);
#1721 = LINE('',#1722,#1723);
#1722 = CARTESIAN_POINT('',(-0.85,0.25,0.9));
#1723 = VECTOR('',#1724,1.);
#1724 = DIRECTION('',(1.,-1.144237745222E-17,0.));
#1725 = PLANE('',#1726);
#1726 = AXIS2_PLACEMENT_3D('',#1727,#1728,#1729);
#1727 = CARTESIAN_POINT('',(-2.091417030376E-16,1.4375,0.9));
#1728 = DIRECTION('',(4.595758349624E-18,6.551522493592E-27,-1.));
#1729 = DIRECTION('',(1.,1.51922136901E-16,4.595758349624E-18));
#1730 = ADVANCED_FACE('',(#1731),#1810,.F.);
#1731 = FACE_BOUND('',#1732,.F.);
#1732 = EDGE_LOOP('',(#1733,#1734,#1735,#1744,#1752,#1761,#1769,#1777,
    #1785,#1794,#1802,#1809));
#1733 = ORIENTED_EDGE('',*,*,#694,.F.);
#1734 = ORIENTED_EDGE('',*,*,#716,.T.);
#1735 = ORIENTED_EDGE('',*,*,#1736,.T.);
#1736 = EDGE_CURVE('',#717,#1737,#1739,.T.);
#1737 = VERTEX_POINT('',#1738);
#1738 = CARTESIAN_POINT('',(-0.948480775301,0.7,0.667364817767));
#1739 = CIRCLE('',#1740,0.1);
#1740 = AXIS2_PLACEMENT_3D('',#1741,#1742,#1743);
#1741 = CARTESIAN_POINT('',(-0.85,0.7,0.65));
#1742 = DIRECTION('',(-1.144237745222E-17,-1.,0.));
#1743 = DIRECTION('',(0.,0.,1.));
#1744 = ORIENTED_EDGE('',*,*,#1745,.T.);
#1745 = EDGE_CURVE('',#1737,#1746,#1748,.T.);
#1746 = VERTEX_POINT('',#1747);
#1747 = CARTESIAN_POINT('',(-1.02432885403,0.7,0.206587955583));
#1748 = LINE('',#1749,#1750);
#1749 = CARTESIAN_POINT('',(-0.948480775301,0.7,0.667364817767));
#1750 = VECTOR('',#1751,1.);
#1751 = DIRECTION('',(-0.162423314012,1.858508865964E-18,-0.986721169868
    ));
#1752 = ORIENTED_EDGE('',*,*,#1753,.T.);
#1753 = EDGE_CURVE('',#1746,#1754,#1756,.T.);
#1754 = VERTEX_POINT('',#1755);
#1755 = CARTESIAN_POINT('',(-1.270530792283,0.7,0.));
#1756 = CIRCLE('',#1757,0.25);
#1757 = AXIS2_PLACEMENT_3D('',#1758,#1759,#1760);
#1758 = CARTESIAN_POINT('',(-1.270530792283,0.7,0.25));
#1759 = DIRECTION('',(1.144237745222E-17,1.,1.155557966632E-33));
#1760 = DIRECTION('',(0.984807753012,-1.126854202784E-17,-0.173648177667
    ));
#1761 = ORIENTED_EDGE('',*,*,#1762,.T.);
#1762 = EDGE_CURVE('',#1754,#1763,#1765,.T.);
#1763 = VERTEX_POINT('',#1764);
#1764 = CARTESIAN_POINT('',(-1.4,0.7,0.));
#1765 = LINE('',#1766,#1767);
#1766 = CARTESIAN_POINT('',(-1.270530792283,0.7,0.));
#1767 = VECTOR('',#1768,1.);
#1768 = DIRECTION('',(-1.,1.144237745222E-17,0.));
#1769 = ORIENTED_EDGE('',*,*,#1770,.T.);
#1770 = EDGE_CURVE('',#1763,#1771,#1773,.T.);
#1771 = VERTEX_POINT('',#1772);
#1772 = CARTESIAN_POINT('',(-1.4,0.7,0.15));
#1773 = LINE('',#1774,#1775);
#1774 = CARTESIAN_POINT('',(-1.4,0.7,0.));
#1775 = VECTOR('',#1776,1.);
#1776 = DIRECTION('',(0.,0.,1.));
#1777 = ORIENTED_EDGE('',*,*,#1778,.T.);
#1778 = EDGE_CURVE('',#1771,#1779,#1781,.T.);
#1779 = VERTEX_POINT('',#1780);
#1780 = CARTESIAN_POINT('',(-1.270530792283,0.7,0.15));
#1781 = LINE('',#1782,#1783);
#1782 = CARTESIAN_POINT('',(-1.4,0.7,0.15));
#1783 = VECTOR('',#1784,1.);
#1784 = DIRECTION('',(1.,-1.144237745222E-17,0.));
#1785 = ORIENTED_EDGE('',*,*,#1786,.T.);
#1786 = EDGE_CURVE('',#1779,#1787,#1789,.T.);
#1787 = VERTEX_POINT('',#1788);
#1788 = CARTESIAN_POINT('',(-1.172050016982,0.7,0.232635182233));
#1789 = CIRCLE('',#1790,0.1);
#1790 = AXIS2_PLACEMENT_3D('',#1791,#1792,#1793);
#1791 = CARTESIAN_POINT('',(-1.270530792283,0.7,0.25));
#1792 = DIRECTION('',(-1.144237745222E-17,-1.,0.));
#1793 = DIRECTION('',(-2.22044604925E-15,2.540718180781E-32,-1.));
#1794 = ORIENTED_EDGE('',*,*,#1795,.T.);
#1795 = EDGE_CURVE('',#1787,#1796,#1798,.T.);
#1796 = VERTEX_POINT('',#1797);
#1797 = CARTESIAN_POINT('',(-1.096201938253,0.7,0.693412044417));
#1798 = LINE('',#1799,#1800);
#1799 = CARTESIAN_POINT('',(-1.172050016982,0.7,0.232635182233));
#1800 = VECTOR('',#1801,1.);
#1801 = DIRECTION('',(0.162423314012,-1.858508865964E-18,0.986721169868)
  );
#1802 = ORIENTED_EDGE('',*,*,#1803,.T.);
#1803 = EDGE_CURVE('',#1796,#968,#1804,.T.);
#1804 = CIRCLE('',#1805,0.25);
#1805 = AXIS2_PLACEMENT_3D('',#1806,#1807,#1808);
#1806 = CARTESIAN_POINT('',(-0.85,0.7,0.65));
#1807 = DIRECTION('',(1.144237745222E-17,1.,7.703719777549E-34));
#1808 = DIRECTION('',(-0.984807753012,1.126854202784E-17,0.173648177667)
  );
#1809 = ORIENTED_EDGE('',*,*,#967,.T.);
#1810 = PLANE('',#1811);
#1811 = AXIS2_PLACEMENT_3D('',#1812,#1813,#1814);
#1812 = CARTESIAN_POINT('',(-1.069123385139,0.7,0.441695635315));
#1813 = DIRECTION('',(1.144237745222E-17,1.,0.));
#1814 = DIRECTION('',(0.,-0.,1.));
#1815 = ADVANCED_FACE('',(#1816),#1835,.F.);
#1816 = FACE_BOUND('',#1817,.F.);
#1817 = EDGE_LOOP('',(#1818,#1819,#1828,#1834));
#1818 = ORIENTED_EDGE('',*,*,#733,.T.);
#1819 = ORIENTED_EDGE('',*,*,#1820,.T.);
#1820 = EDGE_CURVE('',#726,#1821,#1823,.T.);
#1821 = VERTEX_POINT('',#1822);
#1822 = CARTESIAN_POINT('',(-0.948480775301,1.2,0.667364817767));
#1823 = CIRCLE('',#1824,0.1);
#1824 = AXIS2_PLACEMENT_3D('',#1825,#1826,#1827);
#1825 = CARTESIAN_POINT('',(-0.85,1.2,0.65));
#1826 = DIRECTION('',(-1.144237745222E-17,-1.,0.));
#1827 = DIRECTION('',(0.,0.,1.));
#1828 = ORIENTED_EDGE('',*,*,#1829,.F.);
#1829 = EDGE_CURVE('',#1737,#1821,#1830,.T.);
#1830 = LINE('',#1831,#1832);
#1831 = CARTESIAN_POINT('',(-0.948480775301,0.7,0.667364817767));
#1832 = VECTOR('',#1833,1.);
#1833 = DIRECTION('',(1.144237745222E-17,1.,0.));
#1834 = ORIENTED_EDGE('',*,*,#1736,.F.);
#1835 = CYLINDRICAL_SURFACE('',#1836,0.1);
#1836 = AXIS2_PLACEMENT_3D('',#1837,#1838,#1839);
#1837 = CARTESIAN_POINT('',(-0.85,0.7,0.65));
#1838 = DIRECTION('',(-1.144237745222E-17,-1.,0.));
#1839 = DIRECTION('',(0.,0.,1.));
#1840 = ADVANCED_FACE('',(#1841),#1912,.T.);
#1841 = FACE_BOUND('',#1842,.T.);
#1842 = EDGE_LOOP('',(#1843,#1844,#1845,#1846,#1854,#1863,#1871,#1879,
    #1887,#1896,#1904,#1911));
#1843 = ORIENTED_EDGE('',*,*,#747,.F.);
#1844 = ORIENTED_EDGE('',*,*,#725,.T.);
#1845 = ORIENTED_EDGE('',*,*,#1820,.T.);
#1846 = ORIENTED_EDGE('',*,*,#1847,.T.);
#1847 = EDGE_CURVE('',#1821,#1848,#1850,.T.);
#1848 = VERTEX_POINT('',#1849);
#1849 = CARTESIAN_POINT('',(-1.02432885403,1.2,0.206587955583));
#1850 = LINE('',#1851,#1852);
#1851 = CARTESIAN_POINT('',(-0.948480775301,1.2,0.667364817767));
#1852 = VECTOR('',#1853,1.);
#1853 = DIRECTION('',(-0.162423314012,1.858508865964E-18,-0.986721169868
    ));
#1854 = ORIENTED_EDGE('',*,*,#1855,.T.);
#1855 = EDGE_CURVE('',#1848,#1856,#1858,.T.);
#1856 = VERTEX_POINT('',#1857);
#1857 = CARTESIAN_POINT('',(-1.270530792283,1.2,0.));
#1858 = CIRCLE('',#1859,0.25);
#1859 = AXIS2_PLACEMENT_3D('',#1860,#1861,#1862);
#1860 = CARTESIAN_POINT('',(-1.270530792283,1.2,0.25));
#1861 = DIRECTION('',(1.144237745222E-17,1.,1.155557966632E-33));
#1862 = DIRECTION('',(0.984807753012,-1.126854202784E-17,-0.173648177667
    ));
#1863 = ORIENTED_EDGE('',*,*,#1864,.T.);
#1864 = EDGE_CURVE('',#1856,#1865,#1867,.T.);
#1865 = VERTEX_POINT('',#1866);
#1866 = CARTESIAN_POINT('',(-1.4,1.2,0.));
#1867 = LINE('',#1868,#1869);
#1868 = CARTESIAN_POINT('',(-1.270530792283,1.2,0.));
#1869 = VECTOR('',#1870,1.);
#1870 = DIRECTION('',(-1.,1.144237745222E-17,0.));
#1871 = ORIENTED_EDGE('',*,*,#1872,.T.);
#1872 = EDGE_CURVE('',#1865,#1873,#1875,.T.);
#1873 = VERTEX_POINT('',#1874);
#1874 = CARTESIAN_POINT('',(-1.4,1.2,0.15));
#1875 = LINE('',#1876,#1877);
#1876 = CARTESIAN_POINT('',(-1.4,1.2,0.));
#1877 = VECTOR('',#1878,1.);
#1878 = DIRECTION('',(0.,0.,1.));
#1879 = ORIENTED_EDGE('',*,*,#1880,.T.);
#1880 = EDGE_CURVE('',#1873,#1881,#1883,.T.);
#1881 = VERTEX_POINT('',#1882);
#1882 = CARTESIAN_POINT('',(-1.270530792283,1.2,0.15));
#1883 = LINE('',#1884,#1885);
#1884 = CARTESIAN_POINT('',(-1.4,1.2,0.15));
#1885 = VECTOR('',#1886,1.);
#1886 = DIRECTION('',(1.,-1.144237745222E-17,0.));
#1887 = ORIENTED_EDGE('',*,*,#1888,.T.);
#1888 = EDGE_CURVE('',#1881,#1889,#1891,.T.);
#1889 = VERTEX_POINT('',#1890);
#1890 = CARTESIAN_POINT('',(-1.172050016982,1.2,0.232635182233));
#1891 = CIRCLE('',#1892,0.1);
#1892 = AXIS2_PLACEMENT_3D('',#1893,#1894,#1895);
#1893 = CARTESIAN_POINT('',(-1.270530792283,1.2,0.25));
#1894 = DIRECTION('',(-1.144237745222E-17,-1.,0.));
#1895 = DIRECTION('',(-2.22044604925E-15,2.540718180781E-32,-1.));
#1896 = ORIENTED_EDGE('',*,*,#1897,.T.);
#1897 = EDGE_CURVE('',#1889,#1898,#1900,.T.);
#1898 = VERTEX_POINT('',#1899);
#1899 = CARTESIAN_POINT('',(-1.096201938253,1.2,0.693412044417));
#1900 = LINE('',#1901,#1902);
#1901 = CARTESIAN_POINT('',(-1.172050016982,1.2,0.232635182233));
#1902 = VECTOR('',#1903,1.);
#1903 = DIRECTION('',(0.162423314012,-1.858508865964E-18,0.986721169868)
  );
#1904 = ORIENTED_EDGE('',*,*,#1905,.T.);
#1905 = EDGE_CURVE('',#1898,#976,#1906,.T.);
#1906 = CIRCLE('',#1907,0.25);
#1907 = AXIS2_PLACEMENT_3D('',#1908,#1909,#1910);
#1908 = CARTESIAN_POINT('',(-0.85,1.2,0.65));
#1909 = DIRECTION('',(1.144237745222E-17,1.,7.703719777549E-34));
#1910 = DIRECTION('',(-0.984807753012,1.126854202784E-17,0.173648177667)
  );
#1911 = ORIENTED_EDGE('',*,*,#983,.T.);
#1912 = PLANE('',#1913);
#1913 = AXIS2_PLACEMENT_3D('',#1914,#1915,#1916);
#1914 = CARTESIAN_POINT('',(-1.069123385139,1.2,0.441695635315));
#1915 = DIRECTION('',(1.144237745222E-17,1.,0.));
#1916 = DIRECTION('',(0.,-0.,1.));
#1917 = ADVANCED_FACE('',(#1918),#1997,.F.);
#1918 = FACE_BOUND('',#1919,.F.);
#1919 = EDGE_LOOP('',(#1920,#1921,#1922,#1931,#1939,#1948,#1956,#1964,
    #1972,#1981,#1989,#1996));
#1920 = ORIENTED_EDGE('',*,*,#766,.F.);
#1921 = ORIENTED_EDGE('',*,*,#781,.T.);
#1922 = ORIENTED_EDGE('',*,*,#1923,.T.);
#1923 = EDGE_CURVE('',#782,#1924,#1926,.T.);
#1924 = VERTEX_POINT('',#1925);
#1925 = CARTESIAN_POINT('',(0.948480775301,1.2,0.667364817767));
#1926 = CIRCLE('',#1927,0.1);
#1927 = AXIS2_PLACEMENT_3D('',#1928,#1929,#1930);
#1928 = CARTESIAN_POINT('',(0.85,1.2,0.65));
#1929 = DIRECTION('',(-1.110223024625E-16,1.,0.));
#1930 = DIRECTION('',(0.,0.,1.));
#1931 = ORIENTED_EDGE('',*,*,#1932,.T.);
#1932 = EDGE_CURVE('',#1924,#1933,#1935,.T.);
#1933 = VERTEX_POINT('',#1934);
#1934 = CARTESIAN_POINT('',(1.02432885403,1.2,0.206587955583));
#1935 = LINE('',#1936,#1937);
#1936 = CARTESIAN_POINT('',(0.948480775301,1.2,0.667364817767));
#1937 = VECTOR('',#1938,1.);
#1938 = DIRECTION('',(0.162423314012,1.803261029519E-17,-0.986721169868)
  );
#1939 = ORIENTED_EDGE('',*,*,#1940,.T.);
#1940 = EDGE_CURVE('',#1933,#1941,#1943,.T.);
#1941 = VERTEX_POINT('',#1942);
#1942 = CARTESIAN_POINT('',(1.270530792283,1.2,0.));
#1943 = CIRCLE('',#1944,0.25);
#1944 = AXIS2_PLACEMENT_3D('',#1945,#1946,#1947);
#1945 = CARTESIAN_POINT('',(1.270530792283,1.2,0.25));
#1946 = DIRECTION('',(1.110223024625E-16,-1.,0.));
#1947 = DIRECTION('',(-0.984807753012,-1.093356242223E-16,
    -0.173648177667));
#1948 = ORIENTED_EDGE('',*,*,#1949,.T.);
#1949 = EDGE_CURVE('',#1941,#1950,#1952,.T.);
#1950 = VERTEX_POINT('',#1951);
#1951 = CARTESIAN_POINT('',(1.4,1.2,0.));
#1952 = LINE('',#1953,#1954);
#1953 = CARTESIAN_POINT('',(1.270530792283,1.2,0.));
#1954 = VECTOR('',#1955,1.);
#1955 = DIRECTION('',(1.,1.110223024625E-16,0.));
#1956 = ORIENTED_EDGE('',*,*,#1957,.T.);
#1957 = EDGE_CURVE('',#1950,#1958,#1960,.T.);
#1958 = VERTEX_POINT('',#1959);
#1959 = CARTESIAN_POINT('',(1.4,1.2,0.15));
#1960 = LINE('',#1961,#1962);
#1961 = CARTESIAN_POINT('',(1.4,1.2,0.));
#1962 = VECTOR('',#1963,1.);
#1963 = DIRECTION('',(0.,0.,1.));
#1964 = ORIENTED_EDGE('',*,*,#1965,.T.);
#1965 = EDGE_CURVE('',#1958,#1966,#1968,.T.);
#1966 = VERTEX_POINT('',#1967);
#1967 = CARTESIAN_POINT('',(1.270530792283,1.2,0.15));
#1968 = LINE('',#1969,#1970);
#1969 = CARTESIAN_POINT('',(1.4,1.2,0.15));
#1970 = VECTOR('',#1971,1.);
#1971 = DIRECTION('',(-1.,-1.110223024625E-16,0.));
#1972 = ORIENTED_EDGE('',*,*,#1973,.T.);
#1973 = EDGE_CURVE('',#1966,#1974,#1976,.T.);
#1974 = VERTEX_POINT('',#1975);
#1975 = CARTESIAN_POINT('',(1.172050016982,1.2,0.232635182233));
#1976 = CIRCLE('',#1977,0.1);
#1977 = AXIS2_PLACEMENT_3D('',#1978,#1979,#1980);
#1978 = CARTESIAN_POINT('',(1.270530792283,1.2,0.25));
#1979 = DIRECTION('',(-1.110223024625E-16,1.,0.));
#1980 = DIRECTION('',(2.22044604925E-15,2.465190328815E-31,-1.));
#1981 = ORIENTED_EDGE('',*,*,#1982,.T.);
#1982 = EDGE_CURVE('',#1974,#1983,#1985,.T.);
#1983 = VERTEX_POINT('',#1984);
#1984 = CARTESIAN_POINT('',(1.096201938253,1.2,0.693412044417));
#1985 = LINE('',#1986,#1987);
#1986 = CARTESIAN_POINT('',(1.172050016982,1.2,0.232635182233));
#1987 = VECTOR('',#1988,1.);
#1988 = DIRECTION('',(-0.162423314012,-1.803261029519E-17,0.986721169868
    ));
#1989 = ORIENTED_EDGE('',*,*,#1990,.T.);
#1990 = EDGE_CURVE('',#1983,#1207,#1991,.T.);
#1991 = CIRCLE('',#1992,0.25);
#1992 = AXIS2_PLACEMENT_3D('',#1993,#1994,#1995);
#1993 = CARTESIAN_POINT('',(0.85,1.2,0.65));
#1994 = DIRECTION('',(1.110223024625E-16,-1.,0.));
#1995 = DIRECTION('',(0.984807753012,1.093356242223E-16,0.173648177667)
  );
#1996 = ORIENTED_EDGE('',*,*,#1206,.T.);
#1997 = PLANE('',#1998);
#1998 = AXIS2_PLACEMENT_3D('',#1999,#2000,#2001);
#1999 = CARTESIAN_POINT('',(1.069123385139,1.2,0.441695635315));
#2000 = DIRECTION('',(1.110223024625E-16,-1.,0.));
#2001 = DIRECTION('',(0.,0.,1.));
#2002 = ADVANCED_FACE('',(#2003),#2022,.F.);
#2003 = FACE_BOUND('',#2004,.F.);
#2004 = EDGE_LOOP('',(#2005,#2006,#2015,#2021));
#2005 = ORIENTED_EDGE('',*,*,#798,.T.);
#2006 = ORIENTED_EDGE('',*,*,#2007,.T.);
#2007 = EDGE_CURVE('',#791,#2008,#2010,.T.);
#2008 = VERTEX_POINT('',#2009);
#2009 = CARTESIAN_POINT('',(0.948480775301,0.7,0.667364817767));
#2010 = CIRCLE('',#2011,0.1);
#2011 = AXIS2_PLACEMENT_3D('',#2012,#2013,#2014);
#2012 = CARTESIAN_POINT('',(0.85,0.7,0.65));
#2013 = DIRECTION('',(-1.110223024625E-16,1.,0.));
#2014 = DIRECTION('',(0.,0.,1.));
#2015 = ORIENTED_EDGE('',*,*,#2016,.F.);
#2016 = EDGE_CURVE('',#1924,#2008,#2017,.T.);
#2017 = LINE('',#2018,#2019);
#2018 = CARTESIAN_POINT('',(0.948480775301,1.2,0.667364817767));
#2019 = VECTOR('',#2020,1.);
#2020 = DIRECTION('',(1.110223024625E-16,-1.,0.));
#2021 = ORIENTED_EDGE('',*,*,#1923,.F.);
#2022 = CYLINDRICAL_SURFACE('',#2023,0.1);
#2023 = AXIS2_PLACEMENT_3D('',#2024,#2025,#2026);
#2024 = CARTESIAN_POINT('',(0.85,1.2,0.65));
#2025 = DIRECTION('',(-1.110223024625E-16,1.,0.));
#2026 = DIRECTION('',(0.,0.,1.));
#2027 = ADVANCED_FACE('',(#2028),#2099,.T.);
#2028 = FACE_BOUND('',#2029,.T.);
#2029 = EDGE_LOOP('',(#2030,#2031,#2032,#2033,#2041,#2050,#2058,#2066,
    #2074,#2083,#2091,#2098));
#2030 = ORIENTED_EDGE('',*,*,#812,.F.);
#2031 = ORIENTED_EDGE('',*,*,#790,.T.);
#2032 = ORIENTED_EDGE('',*,*,#2007,.T.);
#2033 = ORIENTED_EDGE('',*,*,#2034,.T.);
#2034 = EDGE_CURVE('',#2008,#2035,#2037,.T.);
#2035 = VERTEX_POINT('',#2036);
#2036 = CARTESIAN_POINT('',(1.02432885403,0.7,0.206587955583));
#2037 = LINE('',#2038,#2039);
#2038 = CARTESIAN_POINT('',(0.948480775301,0.7,0.667364817767));
#2039 = VECTOR('',#2040,1.);
#2040 = DIRECTION('',(0.162423314012,1.803261029519E-17,-0.986721169868)
  );
#2041 = ORIENTED_EDGE('',*,*,#2042,.T.);
#2042 = EDGE_CURVE('',#2035,#2043,#2045,.T.);
#2043 = VERTEX_POINT('',#2044);
#2044 = CARTESIAN_POINT('',(1.270530792283,0.7,0.));
#2045 = CIRCLE('',#2046,0.25);
#2046 = AXIS2_PLACEMENT_3D('',#2047,#2048,#2049);
#2047 = CARTESIAN_POINT('',(1.270530792283,0.7,0.25));
#2048 = DIRECTION('',(1.110223024625E-16,-1.,0.));
#2049 = DIRECTION('',(-0.984807753012,-1.093356242223E-16,
    -0.173648177667));
#2050 = ORIENTED_EDGE('',*,*,#2051,.T.);
#2051 = EDGE_CURVE('',#2043,#2052,#2054,.T.);
#2052 = VERTEX_POINT('',#2053);
#2053 = CARTESIAN_POINT('',(1.4,0.7,0.));
#2054 = LINE('',#2055,#2056);
#2055 = CARTESIAN_POINT('',(1.270530792283,0.7,0.));
#2056 = VECTOR('',#2057,1.);
#2057 = DIRECTION('',(1.,1.110223024625E-16,0.));
#2058 = ORIENTED_EDGE('',*,*,#2059,.T.);
#2059 = EDGE_CURVE('',#2052,#2060,#2062,.T.);
#2060 = VERTEX_POINT('',#2061);
#2061 = CARTESIAN_POINT('',(1.4,0.7,0.15));
#2062 = LINE('',#2063,#2064);
#2063 = CARTESIAN_POINT('',(1.4,0.7,0.));
#2064 = VECTOR('',#2065,1.);
#2065 = DIRECTION('',(0.,0.,1.));
#2066 = ORIENTED_EDGE('',*,*,#2067,.T.);
#2067 = EDGE_CURVE('',#2060,#2068,#2070,.T.);
#2068 = VERTEX_POINT('',#2069);
#2069 = CARTESIAN_POINT('',(1.270530792283,0.7,0.15));
#2070 = LINE('',#2071,#2072);
#2071 = CARTESIAN_POINT('',(1.4,0.7,0.15));
#2072 = VECTOR('',#2073,1.);
#2073 = DIRECTION('',(-1.,-1.110223024625E-16,0.));
#2074 = ORIENTED_EDGE('',*,*,#2075,.T.);
#2075 = EDGE_CURVE('',#2068,#2076,#2078,.T.);
#2076 = VERTEX_POINT('',#2077);
#2077 = CARTESIAN_POINT('',(1.172050016982,0.7,0.232635182233));
#2078 = CIRCLE('',#2079,0.1);
#2079 = AXIS2_PLACEMENT_3D('',#2080,#2081,#2082);
#2080 = CARTESIAN_POINT('',(1.270530792283,0.7,0.25));
#2081 = DIRECTION('',(-1.110223024625E-16,1.,0.));
#2082 = DIRECTION('',(2.22044604925E-15,2.465190328815E-31,-1.));
#2083 = ORIENTED_EDGE('',*,*,#2084,.T.);
#2084 = EDGE_CURVE('',#2076,#2085,#2087,.T.);
#2085 = VERTEX_POINT('',#2086);
#2086 = CARTESIAN_POINT('',(1.096201938253,0.7,0.693412044417));
#2087 = LINE('',#2088,#2089);
#2088 = CARTESIAN_POINT('',(1.172050016982,0.7,0.232635182233));
#2089 = VECTOR('',#2090,1.);
#2090 = DIRECTION('',(-0.162423314012,-1.803261029519E-17,0.986721169868
    ));
#2091 = ORIENTED_EDGE('',*,*,#2092,.T.);
#2092 = EDGE_CURVE('',#2085,#1215,#2093,.T.);
#2093 = CIRCLE('',#2094,0.25);
#2094 = AXIS2_PLACEMENT_3D('',#2095,#2096,#2097);
#2095 = CARTESIAN_POINT('',(0.85,0.7,0.65));
#2096 = DIRECTION('',(1.110223024625E-16,-1.,0.));
#2097 = DIRECTION('',(0.984807753012,1.093356242223E-16,0.173648177667)
  );
#2098 = ORIENTED_EDGE('',*,*,#1222,.T.);
#2099 = PLANE('',#2100);
#2100 = AXIS2_PLACEMENT_3D('',#2101,#2102,#2103);
#2101 = CARTESIAN_POINT('',(1.069123385139,0.7,0.441695635315));
#2102 = DIRECTION('',(1.110223024625E-16,-1.,0.));
#2103 = DIRECTION('',(0.,0.,1.));
#2104 = ADVANCED_FACE('',(#2105),#2116,.F.);
#2105 = FACE_BOUND('',#2106,.F.);
#2106 = EDGE_LOOP('',(#2107,#2108,#2109,#2115));
#2107 = ORIENTED_EDGE('',*,*,#1228,.F.);
#2108 = ORIENTED_EDGE('',*,*,#829,.T.);
#2109 = ORIENTED_EDGE('',*,*,#2110,.T.);
#2110 = EDGE_CURVE('',#822,#1161,#2111,.T.);
#2111 = LINE('',#2112,#2113);
#2112 = CARTESIAN_POINT('',(0.85,-0.7,0.9));
#2113 = VECTOR('',#2114,1.);
#2114 = DIRECTION('',(-1.,-1.110223024625E-16,0.));
#2115 = ORIENTED_EDGE('',*,*,#1160,.F.);
#2116 = PLANE('',#2117);
#2117 = AXIS2_PLACEMENT_3D('',#2118,#2119,#2120);
#2118 = CARTESIAN_POINT('',(-2.091417030376E-16,1.4375,0.9));
#2119 = DIRECTION('',(4.595758349624E-18,6.551522493592E-27,-1.));
#2120 = DIRECTION('',(1.,1.51922136901E-16,4.595758349624E-18));
#2121 = ADVANCED_FACE('',(#2122),#2208,.F.);
#2122 = FACE_BOUND('',#2123,.F.);
#2123 = EDGE_LOOP('',(#2124,#2125,#2126,#2135,#2143,#2152,#2160,#2168,
    #2176,#2185,#2193,#2202));
#2124 = ORIENTED_EDGE('',*,*,#821,.F.);
#2125 = ORIENTED_EDGE('',*,*,#843,.T.);
#2126 = ORIENTED_EDGE('',*,*,#2127,.T.);
#2127 = EDGE_CURVE('',#844,#2128,#2130,.T.);
#2128 = VERTEX_POINT('',#2129);
#2129 = CARTESIAN_POINT('',(0.948480775301,-0.7,0.667364817767));
#2130 = CIRCLE('',#2131,0.1);
#2131 = AXIS2_PLACEMENT_3D('',#2132,#2133,#2134);
#2132 = CARTESIAN_POINT('',(0.85,-0.7,0.65));
#2133 = DIRECTION('',(-1.110223024625E-16,1.,0.));
#2134 = DIRECTION('',(0.,0.,1.));
#2135 = ORIENTED_EDGE('',*,*,#2136,.T.);
#2136 = EDGE_CURVE('',#2128,#2137,#2139,.T.);
#2137 = VERTEX_POINT('',#2138);
#2138 = CARTESIAN_POINT('',(1.02432885403,-0.7,0.206587955583));
#2139 = LINE('',#2140,#2141);
#2140 = CARTESIAN_POINT('',(0.948480775301,-0.7,0.667364817767));
#2141 = VECTOR('',#2142,1.);
#2142 = DIRECTION('',(0.162423314012,1.803261029519E-17,-0.986721169868)
  );
#2143 = ORIENTED_EDGE('',*,*,#2144,.T.);
#2144 = EDGE_CURVE('',#2137,#2145,#2147,.T.);
#2145 = VERTEX_POINT('',#2146);
#2146 = CARTESIAN_POINT('',(1.270530792283,-0.7,0.));
#2147 = CIRCLE('',#2148,0.25);
#2148 = AXIS2_PLACEMENT_3D('',#2149,#2150,#2151);
#2149 = CARTESIAN_POINT('',(1.270530792283,-0.7,0.25));
#2150 = DIRECTION('',(1.110223024625E-16,-1.,0.));
#2151 = DIRECTION('',(-0.984807753012,-1.093356242223E-16,
    -0.173648177667));
#2152 = ORIENTED_EDGE('',*,*,#2153,.T.);
#2153 = EDGE_CURVE('',#2145,#2154,#2156,.T.);
#2154 = VERTEX_POINT('',#2155);
#2155 = CARTESIAN_POINT('',(1.4,-0.7,0.));
#2156 = LINE('',#2157,#2158);
#2157 = CARTESIAN_POINT('',(1.270530792283,-0.7,0.));
#2158 = VECTOR('',#2159,1.);
#2159 = DIRECTION('',(1.,1.110223024625E-16,0.));
#2160 = ORIENTED_EDGE('',*,*,#2161,.T.);
#2161 = EDGE_CURVE('',#2154,#2162,#2164,.T.);
#2162 = VERTEX_POINT('',#2163);
#2163 = CARTESIAN_POINT('',(1.4,-0.7,0.15));
#2164 = LINE('',#2165,#2166);
#2165 = CARTESIAN_POINT('',(1.4,-0.7,0.));
#2166 = VECTOR('',#2167,1.);
#2167 = DIRECTION('',(0.,0.,1.));
#2168 = ORIENTED_EDGE('',*,*,#2169,.T.);
#2169 = EDGE_CURVE('',#2162,#2170,#2172,.T.);
#2170 = VERTEX_POINT('',#2171);
#2171 = CARTESIAN_POINT('',(1.270530792283,-0.7,0.15));
#2172 = LINE('',#2173,#2174);
#2173 = CARTESIAN_POINT('',(1.4,-0.7,0.15));
#2174 = VECTOR('',#2175,1.);
#2175 = DIRECTION('',(-1.,-1.110223024625E-16,0.));
#2176 = ORIENTED_EDGE('',*,*,#2177,.T.);
#2177 = EDGE_CURVE('',#2170,#2178,#2180,.T.);
#2178 = VERTEX_POINT('',#2179);
#2179 = CARTESIAN_POINT('',(1.172050016982,-0.7,0.232635182233));
#2180 = CIRCLE('',#2181,0.1);
#2181 = AXIS2_PLACEMENT_3D('',#2182,#2183,#2184);
#2182 = CARTESIAN_POINT('',(1.270530792283,-0.7,0.25));
#2183 = DIRECTION('',(-1.110223024625E-16,1.,0.));
#2184 = DIRECTION('',(2.22044604925E-15,2.465190328815E-31,-1.));
#2185 = ORIENTED_EDGE('',*,*,#2186,.T.);
#2186 = EDGE_CURVE('',#2178,#2187,#2189,.T.);
#2187 = VERTEX_POINT('',#2188);
#2188 = CARTESIAN_POINT('',(1.096201938253,-0.7,0.693412044417));
#2189 = LINE('',#2190,#2191);
#2190 = CARTESIAN_POINT('',(1.172050016982,-0.7,0.232635182233));
#2191 = VECTOR('',#2192,1.);
#2192 = DIRECTION('',(-0.162423314012,-1.803261029519E-17,0.986721169868
    ));
#2193 = ORIENTED_EDGE('',*,*,#2194,.T.);
#2194 = EDGE_CURVE('',#2187,#2195,#2197,.T.);
#2195 = VERTEX_POINT('',#2196);
#2196 = CARTESIAN_POINT('',(0.85,-0.7,0.9));
#2197 = CIRCLE('',#2198,0.25);
#2198 = AXIS2_PLACEMENT_3D('',#2199,#2200,#2201);
#2199 = CARTESIAN_POINT('',(0.85,-0.7,0.65));
#2200 = DIRECTION('',(1.110223024625E-16,-1.,0.));
#2201 = DIRECTION('',(0.984807753012,1.093356242223E-16,0.173648177667)
  );
#2202 = ORIENTED_EDGE('',*,*,#2203,.T.);
#2203 = EDGE_CURVE('',#2195,#822,#2204,.T.);
#2204 = LINE('',#2205,#2206);
#2205 = CARTESIAN_POINT('',(0.85,-0.7,0.9));
#2206 = VECTOR('',#2207,1.);
#2207 = DIRECTION('',(-1.,-1.110223024625E-16,0.));
#2208 = PLANE('',#2209);
#2209 = AXIS2_PLACEMENT_3D('',#2210,#2211,#2212);
#2210 = CARTESIAN_POINT('',(1.069123385139,-0.7,0.441695635315));
#2211 = DIRECTION('',(1.110223024625E-16,-1.,0.));
#2212 = DIRECTION('',(0.,0.,1.));
#2213 = ADVANCED_FACE('',(#2214),#2233,.F.);
#2214 = FACE_BOUND('',#2215,.F.);
#2215 = EDGE_LOOP('',(#2216,#2217,#2226,#2232));
#2216 = ORIENTED_EDGE('',*,*,#860,.T.);
#2217 = ORIENTED_EDGE('',*,*,#2218,.T.);
#2218 = EDGE_CURVE('',#853,#2219,#2221,.T.);
#2219 = VERTEX_POINT('',#2220);
#2220 = CARTESIAN_POINT('',(0.948480775301,-1.2,0.667364817767));
#2221 = CIRCLE('',#2222,0.1);
#2222 = AXIS2_PLACEMENT_3D('',#2223,#2224,#2225);
#2223 = CARTESIAN_POINT('',(0.85,-1.2,0.65));
#2224 = DIRECTION('',(-1.110223024625E-16,1.,0.));
#2225 = DIRECTION('',(0.,0.,1.));
#2226 = ORIENTED_EDGE('',*,*,#2227,.F.);
#2227 = EDGE_CURVE('',#2128,#2219,#2228,.T.);
#2228 = LINE('',#2229,#2230);
#2229 = CARTESIAN_POINT('',(0.948480775301,-0.7,0.667364817767));
#2230 = VECTOR('',#2231,1.);
#2231 = DIRECTION('',(1.110223024625E-16,-1.,0.));
#2232 = ORIENTED_EDGE('',*,*,#2127,.F.);
#2233 = CYLINDRICAL_SURFACE('',#2234,0.1);
#2234 = AXIS2_PLACEMENT_3D('',#2235,#2236,#2237);
#2235 = CARTESIAN_POINT('',(0.85,-0.7,0.65));
#2236 = DIRECTION('',(-1.110223024625E-16,1.,0.));
#2237 = DIRECTION('',(0.,0.,1.));
#2238 = ADVANCED_FACE('',(#2239),#2317,.T.);
#2239 = FACE_BOUND('',#2240,.T.);
#2240 = EDGE_LOOP('',(#2241,#2242,#2243,#2244,#2252,#2261,#2269,#2277,
    #2285,#2294,#2302,#2311));
#2241 = ORIENTED_EDGE('',*,*,#874,.F.);
#2242 = ORIENTED_EDGE('',*,*,#852,.T.);
#2243 = ORIENTED_EDGE('',*,*,#2218,.T.);
#2244 = ORIENTED_EDGE('',*,*,#2245,.T.);
#2245 = EDGE_CURVE('',#2219,#2246,#2248,.T.);
#2246 = VERTEX_POINT('',#2247);
#2247 = CARTESIAN_POINT('',(1.02432885403,-1.2,0.206587955583));
#2248 = LINE('',#2249,#2250);
#2249 = CARTESIAN_POINT('',(0.948480775301,-1.2,0.667364817767));
#2250 = VECTOR('',#2251,1.);
#2251 = DIRECTION('',(0.162423314012,1.803261029519E-17,-0.986721169868)
  );
#2252 = ORIENTED_EDGE('',*,*,#2253,.T.);
#2253 = EDGE_CURVE('',#2246,#2254,#2256,.T.);
#2254 = VERTEX_POINT('',#2255);
#2255 = CARTESIAN_POINT('',(1.270530792283,-1.2,0.));
#2256 = CIRCLE('',#2257,0.25);
#2257 = AXIS2_PLACEMENT_3D('',#2258,#2259,#2260);
#2258 = CARTESIAN_POINT('',(1.270530792283,-1.2,0.25));
#2259 = DIRECTION('',(1.110223024625E-16,-1.,0.));
#2260 = DIRECTION('',(-0.984807753012,-1.093356242223E-16,
    -0.173648177667));
#2261 = ORIENTED_EDGE('',*,*,#2262,.T.);
#2262 = EDGE_CURVE('',#2254,#2263,#2265,.T.);
#2263 = VERTEX_POINT('',#2264);
#2264 = CARTESIAN_POINT('',(1.4,-1.2,0.));
#2265 = LINE('',#2266,#2267);
#2266 = CARTESIAN_POINT('',(1.270530792283,-1.2,0.));
#2267 = VECTOR('',#2268,1.);
#2268 = DIRECTION('',(1.,1.110223024625E-16,0.));
#2269 = ORIENTED_EDGE('',*,*,#2270,.T.);
#2270 = EDGE_CURVE('',#2263,#2271,#2273,.T.);
#2271 = VERTEX_POINT('',#2272);
#2272 = CARTESIAN_POINT('',(1.4,-1.2,0.15));
#2273 = LINE('',#2274,#2275);
#2274 = CARTESIAN_POINT('',(1.4,-1.2,0.));
#2275 = VECTOR('',#2276,1.);
#2276 = DIRECTION('',(0.,0.,1.));
#2277 = ORIENTED_EDGE('',*,*,#2278,.T.);
#2278 = EDGE_CURVE('',#2271,#2279,#2281,.T.);
#2279 = VERTEX_POINT('',#2280);
#2280 = CARTESIAN_POINT('',(1.270530792283,-1.2,0.15));
#2281 = LINE('',#2282,#2283);
#2282 = CARTESIAN_POINT('',(1.4,-1.2,0.15));
#2283 = VECTOR('',#2284,1.);
#2284 = DIRECTION('',(-1.,-1.110223024625E-16,0.));
#2285 = ORIENTED_EDGE('',*,*,#2286,.T.);
#2286 = EDGE_CURVE('',#2279,#2287,#2289,.T.);
#2287 = VERTEX_POINT('',#2288);
#2288 = CARTESIAN_POINT('',(1.172050016982,-1.2,0.232635182233));
#2289 = CIRCLE('',#2290,0.1);
#2290 = AXIS2_PLACEMENT_3D('',#2291,#2292,#2293);
#2291 = CARTESIAN_POINT('',(1.270530792283,-1.2,0.25));
#2292 = DIRECTION('',(-1.110223024625E-16,1.,0.));
#2293 = DIRECTION('',(2.22044604925E-15,2.465190328815E-31,-1.));
#2294 = ORIENTED_EDGE('',*,*,#2295,.T.);
#2295 = EDGE_CURVE('',#2287,#2296,#2298,.T.);
#2296 = VERTEX_POINT('',#2297);
#2297 = CARTESIAN_POINT('',(1.096201938253,-1.2,0.693412044417));
#2298 = LINE('',#2299,#2300);
#2299 = CARTESIAN_POINT('',(1.172050016982,-1.2,0.232635182233));
#2300 = VECTOR('',#2301,1.);
#2301 = DIRECTION('',(-0.162423314012,-1.803261029519E-17,0.986721169868
    ));
#2302 = ORIENTED_EDGE('',*,*,#2303,.T.);
#2303 = EDGE_CURVE('',#2296,#2304,#2306,.T.);
#2304 = VERTEX_POINT('',#2305);
#2305 = CARTESIAN_POINT('',(0.85,-1.2,0.9));
#2306 = CIRCLE('',#2307,0.25);
#2307 = AXIS2_PLACEMENT_3D('',#2308,#2309,#2310);
#2308 = CARTESIAN_POINT('',(0.85,-1.2,0.65));
#2309 = DIRECTION('',(1.110223024625E-16,-1.,0.));
#2310 = DIRECTION('',(0.984807753012,1.093356242223E-16,0.173648177667)
  );
#2311 = ORIENTED_EDGE('',*,*,#2312,.T.);
#2312 = EDGE_CURVE('',#2304,#875,#2313,.T.);
#2313 = LINE('',#2314,#2315);
#2314 = CARTESIAN_POINT('',(0.85,-1.2,0.9));
#2315 = VECTOR('',#2316,1.);
#2316 = DIRECTION('',(-1.,-1.110223024625E-16,0.));
#2317 = PLANE('',#2318);
#2318 = AXIS2_PLACEMENT_3D('',#2319,#2320,#2321);
#2319 = CARTESIAN_POINT('',(1.069123385139,-1.2,0.441695635315));
#2320 = DIRECTION('',(1.110223024625E-16,-1.,0.));
#2321 = DIRECTION('',(0.,0.,1.));
#2322 = ADVANCED_FACE('',(#2323),#2334,.T.);
#2323 = FACE_BOUND('',#2324,.T.);
#2324 = EDGE_LOOP('',(#2325,#2326,#2327,#2328));
#2325 = ORIENTED_EDGE('',*,*,#1803,.T.);
#2326 = ORIENTED_EDGE('',*,*,#975,.T.);
#2327 = ORIENTED_EDGE('',*,*,#1905,.F.);
#2328 = ORIENTED_EDGE('',*,*,#2329,.F.);
#2329 = EDGE_CURVE('',#1796,#1898,#2330,.T.);
#2330 = LINE('',#2331,#2332);
#2331 = CARTESIAN_POINT('',(-1.096201938253,0.7,0.693412044417));
#2332 = VECTOR('',#2333,1.);
#2333 = DIRECTION('',(1.144237745222E-17,1.,0.));
#2334 = CYLINDRICAL_SURFACE('',#2335,0.25);
#2335 = AXIS2_PLACEMENT_3D('',#2336,#2337,#2338);
#2336 = CARTESIAN_POINT('',(-0.85,0.7,0.65));
#2337 = DIRECTION('',(-1.144237745222E-17,-1.,0.));
#2338 = DIRECTION('',(-0.984807753012,1.126854202784E-17,0.173648177667)
  );
#2339 = ADVANCED_FACE('',(#2340),#2353,.F.);
#2340 = FACE_BOUND('',#2341,.F.);
#2341 = EDGE_LOOP('',(#2342,#2343,#2349,#2350,#2351,#2352));
#2342 = ORIENTED_EDGE('',*,*,#1371,.F.);
#2343 = ORIENTED_EDGE('',*,*,#2344,.T.);
#2344 = EDGE_CURVE('',#1363,#1472,#2345,.T.);
#2345 = LINE('',#2346,#2347);
#2346 = CARTESIAN_POINT('',(-0.85,-1.2,0.9));
#2347 = VECTOR('',#2348,1.);
#2348 = DIRECTION('',(1.144237745222E-17,1.,0.));
#2349 = ORIENTED_EDGE('',*,*,#1480,.T.);
#2350 = ORIENTED_EDGE('',*,*,#1502,.T.);
#2351 = ORIENTED_EDGE('',*,*,#1022,.F.);
#2352 = ORIENTED_EDGE('',*,*,#1255,.F.);
#2353 = PLANE('',#2354);
#2354 = AXIS2_PLACEMENT_3D('',#2355,#2356,#2357);
#2355 = CARTESIAN_POINT('',(-0.85,-1.2,0.9));
#2356 = DIRECTION('',(0.,0.,-1.));
#2357 = DIRECTION('',(1.,-1.144237745222E-17,0.));
#2358 = ADVANCED_FACE('',(#2359),#2372,.F.);
#2359 = FACE_BOUND('',#2360,.F.);
#2360 = EDGE_LOOP('',(#2361,#2362,#2368,#2369,#2370,#2371));
#2361 = ORIENTED_EDGE('',*,*,#1594,.F.);
#2362 = ORIENTED_EDGE('',*,*,#2363,.T.);
#2363 = EDGE_CURVE('',#1586,#1695,#2364,.T.);
#2364 = LINE('',#2365,#2366);
#2365 = CARTESIAN_POINT('',(-0.85,-0.25,0.9));
#2366 = VECTOR('',#2367,1.);
#2367 = DIRECTION('',(1.144237745222E-17,1.,0.));
#2368 = ORIENTED_EDGE('',*,*,#1703,.T.);
#2369 = ORIENTED_EDGE('',*,*,#1720,.T.);
#2370 = ORIENTED_EDGE('',*,*,#1038,.F.);
#2371 = ORIENTED_EDGE('',*,*,#1495,.F.);
#2372 = PLANE('',#2373);
#2373 = AXIS2_PLACEMENT_3D('',#2374,#2375,#2376);
#2374 = CARTESIAN_POINT('',(-0.85,-0.25,0.9));
#2375 = DIRECTION('',(0.,0.,-1.));
#2376 = DIRECTION('',(1.,-1.144237745222E-17,0.));
#2377 = ADVANCED_FACE('',(#2378,#2407),#2418,.T.);
#2378 = FACE_BOUND('',#2379,.T.);
#2379 = EDGE_LOOP('',(#2380,#2381,#2382,#2383,#2391,#2399,#2405,#2406));
#2380 = ORIENTED_EDGE('',*,*,#1113,.F.);
#2381 = ORIENTED_EDGE('',*,*,#1090,.F.);
#2382 = ORIENTED_EDGE('',*,*,#1061,.F.);
#2383 = ORIENTED_EDGE('',*,*,#2384,.F.);
#2384 = EDGE_CURVE('',#2385,#1062,#2387,.T.);
#2385 = VERTEX_POINT('',#2386);
#2386 = CARTESIAN_POINT('',(-0.646824228722,-1.333648457443,1.55));
#2387 = LINE('',#2388,#2389);
#2388 = CARTESIAN_POINT('',(-0.646824228722,-1.333648457443,1.55));
#2389 = VECTOR('',#2390,1.);
#2390 = DIRECTION('',(-0.707106781187,0.707106781187,0.));
#2391 = ORIENTED_EDGE('',*,*,#2392,.F.);
#2392 = EDGE_CURVE('',#2393,#2385,#2395,.T.);
#2393 = VERTEX_POINT('',#2394);
#2394 = CARTESIAN_POINT('',(0.646824228722,-1.333648457443,1.55));
#2395 = LINE('',#2396,#2397);
#2396 = CARTESIAN_POINT('',(0.646824228722,-1.333648457443,1.55));
#2397 = VECTOR('',#2398,1.);
#2398 = DIRECTION('',(-1.,-1.110223024625E-16,0.));
#2399 = ORIENTED_EDGE('',*,*,#2400,.F.);
#2400 = EDGE_CURVE('',#1185,#2393,#2401,.T.);
#2401 = LINE('',#2402,#2403);
#2402 = CARTESIAN_POINT('',(0.683648457443,-1.296824228722,1.55));
#2403 = VECTOR('',#2404,1.);
#2404 = DIRECTION('',(-0.707106781187,-0.707106781187,0.));
#2405 = ORIENTED_EDGE('',*,*,#1191,.F.);
#2406 = ORIENTED_EDGE('',*,*,#1136,.F.);
#2407 = FACE_BOUND('',#2408,.T.);
#2408 = EDGE_LOOP('',(#2409));
#2409 = ORIENTED_EDGE('',*,*,#2410,.T.);
#2410 = EDGE_CURVE('',#2411,#2411,#2413,.T.);
#2411 = VERTEX_POINT('',#2412);
#2412 = CARTESIAN_POINT('',(-0.483648457443,1.083648457443,1.55));
#2413 = CIRCLE('',#2414,5.E-02);
#2414 = AXIS2_PLACEMENT_3D('',#2415,#2416,#2417);
#2415 = CARTESIAN_POINT('',(-0.483648457443,1.133648457443,1.55));
#2416 = DIRECTION('',(0.,-0.,-1.));
#2417 = DIRECTION('',(1.110223024625E-16,-1.,0.));
#2418 = PLANE('',#2419);
#2419 = AXIS2_PLACEMENT_3D('',#2420,#2421,#2422);
#2420 = CARTESIAN_POINT('',(-0.646824228722,1.333648457443,1.55));
#2421 = DIRECTION('',(0.,0.,1.));
#2422 = DIRECTION('',(0.436386464522,-0.899759330922,0.));
#2423 = ADVANCED_FACE('',(#2424),#2434,.F.);
#2424 = FACE_BOUND('',#2425,.F.);
#2425 = EDGE_LOOP('',(#2426,#2427,#2428,#2429));
#2426 = ORIENTED_EDGE('',*,*,#1262,.T.);
#2427 = ORIENTED_EDGE('',*,*,#1069,.T.);
#2428 = ORIENTED_EDGE('',*,*,#2384,.F.);
#2429 = ORIENTED_EDGE('',*,*,#2430,.F.);
#2430 = EDGE_CURVE('',#1263,#2385,#2431,.T.);
#2431 = B_SPLINE_CURVE_WITH_KNOTS('',1,(#2432,#2433),.UNSPECIFIED.,.F.,
  .F.,(2,2),(0.,1.),.PIECEWISE_BEZIER_KNOTS.);
#2432 = CARTESIAN_POINT('',(-0.6925,-1.425,0.9));
#2433 = CARTESIAN_POINT('',(-0.646824228722,-1.333648457443,1.55));
#2434 = B_SPLINE_SURFACE_WITH_KNOTS('',1,1,(
    (#2435,#2436)
    ,(#2437,#2438
    )),.UNSPECIFIED.,.F.,.F.,.F.,(2,2),(2,2),(0.,0.116672618896),(0.,1.)
  ,.PIECEWISE_BEZIER_KNOTS.);
#2435 = CARTESIAN_POINT('',(-0.6925,-1.425,0.9));
#2436 = CARTESIAN_POINT('',(-0.646824228722,-1.333648457443,1.55));
#2437 = CARTESIAN_POINT('',(-0.775,-1.3425,0.9));
#2438 = CARTESIAN_POINT('',(-0.683648457443,-1.296824228722,1.55));
#2439 = ADVANCED_FACE('',(#2440),#2453,.F.);
#2440 = FACE_BOUND('',#2441,.F.);
#2441 = EDGE_LOOP('',(#2442,#2443,#2449,#2450,#2451,#2452));
#2442 = ORIENTED_EDGE('',*,*,#2203,.F.);
#2443 = ORIENTED_EDGE('',*,*,#2444,.T.);
#2444 = EDGE_CURVE('',#2195,#2304,#2445,.T.);
#2445 = LINE('',#2446,#2447);
#2446 = CARTESIAN_POINT('',(0.85,-0.7,0.9));
#2447 = VECTOR('',#2448,1.);
#2448 = DIRECTION('',(1.110223024625E-16,-1.,0.));
#2449 = ORIENTED_EDGE('',*,*,#2312,.T.);
#2450 = ORIENTED_EDGE('',*,*,#1244,.T.);
#2451 = ORIENTED_EDGE('',*,*,#1168,.F.);
#2452 = ORIENTED_EDGE('',*,*,#2110,.F.);
#2453 = PLANE('',#2454);
#2454 = AXIS2_PLACEMENT_3D('',#2455,#2456,#2457);
#2455 = CARTESIAN_POINT('',(0.85,-0.7,0.9));
#2456 = DIRECTION('',(0.,0.,-1.));
#2457 = DIRECTION('',(-1.,-1.110223024625E-16,-0.));
#2458 = ADVANCED_FACE('',(#2459),#2469,.F.);
#2459 = FACE_BOUND('',#2460,.F.);
#2460 = EDGE_LOOP('',(#2461,#2462,#2467,#2468));
#2461 = ORIENTED_EDGE('',*,*,#1278,.T.);
#2462 = ORIENTED_EDGE('',*,*,#2463,.T.);
#2463 = EDGE_CURVE('',#1271,#2393,#2464,.T.);
#2464 = B_SPLINE_CURVE_WITH_KNOTS('',1,(#2465,#2466),.UNSPECIFIED.,.F.,
  .F.,(2,2),(0.,1.),.PIECEWISE_BEZIER_KNOTS.);
#2465 = CARTESIAN_POINT('',(0.6925,-1.425,0.9));
#2466 = CARTESIAN_POINT('',(0.646824228722,-1.333648457443,1.55));
#2467 = ORIENTED_EDGE('',*,*,#2400,.F.);
#2468 = ORIENTED_EDGE('',*,*,#1184,.F.);
#2469 = B_SPLINE_SURFACE_WITH_KNOTS('',1,1,(
    (#2470,#2471)
    ,(#2472,#2473
    )),.UNSPECIFIED.,.F.,.F.,.F.,(2,2),(2,2),(0.,0.116672618896),(0.,1.)
  ,.PIECEWISE_BEZIER_KNOTS.);
#2470 = CARTESIAN_POINT('',(0.775,-1.3425,0.9));
#2471 = CARTESIAN_POINT('',(0.683648457443,-1.296824228722,1.55));
#2472 = CARTESIAN_POINT('',(0.6925,-1.425,0.9));
#2473 = CARTESIAN_POINT('',(0.646824228722,-1.333648457443,1.55));
#2474 = ADVANCED_FACE('',(#2475),#2486,.T.);
#2475 = FACE_BOUND('',#2476,.T.);
#2476 = EDGE_LOOP('',(#2477,#2478,#2479,#2480));
#2477 = ORIENTED_EDGE('',*,*,#1990,.T.);
#2478 = ORIENTED_EDGE('',*,*,#1214,.T.);
#2479 = ORIENTED_EDGE('',*,*,#2092,.F.);
#2480 = ORIENTED_EDGE('',*,*,#2481,.F.);
#2481 = EDGE_CURVE('',#1983,#2085,#2482,.T.);
#2482 = LINE('',#2483,#2484);
#2483 = CARTESIAN_POINT('',(1.096201938253,1.2,0.693412044417));
#2484 = VECTOR('',#2485,1.);
#2485 = DIRECTION('',(1.110223024625E-16,-1.,0.));
#2486 = CYLINDRICAL_SURFACE('',#2487,0.25);
#2487 = AXIS2_PLACEMENT_3D('',#2488,#2489,#2490);
#2488 = CARTESIAN_POINT('',(0.85,1.2,0.65));
#2489 = DIRECTION('',(-1.110223024625E-16,1.,0.));
#2490 = DIRECTION('',(0.984807753012,1.093356242223E-16,0.173648177667)
  );
#2491 = ADVANCED_FACE('',(#2492),#2498,.F.);
#2492 = FACE_BOUND('',#2493,.F.);
#2493 = EDGE_LOOP('',(#2494,#2495,#2496,#2497));
#2494 = ORIENTED_EDGE('',*,*,#1270,.T.);
#2495 = ORIENTED_EDGE('',*,*,#2430,.T.);
#2496 = ORIENTED_EDGE('',*,*,#2392,.F.);
#2497 = ORIENTED_EDGE('',*,*,#2463,.F.);
#2498 = B_SPLINE_SURFACE_WITH_KNOTS('',1,1,(
    (#2499,#2500)
    ,(#2501,#2502
    )),.UNSPECIFIED.,.F.,.F.,.F.,(2,2),(2,2),(0.,1.385),(0.,1.),
  .PIECEWISE_BEZIER_KNOTS.);
#2499 = CARTESIAN_POINT('',(0.6925,-1.425,0.9));
#2500 = CARTESIAN_POINT('',(0.646824228722,-1.333648457443,1.55));
#2501 = CARTESIAN_POINT('',(-0.6925,-1.425,0.9));
#2502 = CARTESIAN_POINT('',(-0.646824228722,-1.333648457443,1.55));
#2503 = ADVANCED_FACE('',(#2504),#2515,.T.);
#2504 = FACE_BOUND('',#2505,.T.);
#2505 = EDGE_LOOP('',(#2506,#2507,#2508,#2509));
#2506 = ORIENTED_EDGE('',*,*,#1362,.T.);
#2507 = ORIENTED_EDGE('',*,*,#2344,.T.);
#2508 = ORIENTED_EDGE('',*,*,#1471,.F.);
#2509 = ORIENTED_EDGE('',*,*,#2510,.F.);
#2510 = EDGE_CURVE('',#1355,#1464,#2511,.T.);
#2511 = LINE('',#2512,#2513);
#2512 = CARTESIAN_POINT('',(-1.096201938253,-1.2,0.693412044417));
#2513 = VECTOR('',#2514,1.);
#2514 = DIRECTION('',(1.144237745222E-17,1.,0.));
#2515 = CYLINDRICAL_SURFACE('',#2516,0.25);
#2516 = AXIS2_PLACEMENT_3D('',#2517,#2518,#2519);
#2517 = CARTESIAN_POINT('',(-0.85,-1.2,0.65));
#2518 = DIRECTION('',(-1.144237745222E-17,-1.,0.));
#2519 = DIRECTION('',(-0.984807753012,1.126854202784E-17,0.173648177667)
  );
#2520 = ADVANCED_FACE('',(#2521),#2532,.F.);
#2521 = FACE_BOUND('',#2522,.F.);
#2522 = EDGE_LOOP('',(#2523,#2529,#2530,#2531));
#2523 = ORIENTED_EDGE('',*,*,#2524,.T.);
#2524 = EDGE_CURVE('',#1346,#1455,#2525,.T.);
#2525 = LINE('',#2526,#2527);
#2526 = CARTESIAN_POINT('',(-1.172050016982,-1.2,0.232635182233));
#2527 = VECTOR('',#2528,1.);
#2528 = DIRECTION('',(1.144237745222E-17,1.,0.));
#2529 = ORIENTED_EDGE('',*,*,#1463,.T.);
#2530 = ORIENTED_EDGE('',*,*,#2510,.F.);
#2531 = ORIENTED_EDGE('',*,*,#1354,.F.);
#2532 = PLANE('',#2533);
#2533 = AXIS2_PLACEMENT_3D('',#2534,#2535,#2536);
#2534 = CARTESIAN_POINT('',(-1.172050016982,-1.2,0.232635182233));
#2535 = DIRECTION('',(0.986721169868,-1.129043606572E-17,-0.162423314012
    ));
#2536 = DIRECTION('',(0.162423314012,-1.858508865964E-18,0.986721169868)
  );
#2537 = ADVANCED_FACE('',(#2538),#2549,.F.);
#2538 = FACE_BOUND('',#2539,.F.);
#2539 = EDGE_LOOP('',(#2540,#2546,#2547,#2548));
#2540 = ORIENTED_EDGE('',*,*,#2541,.T.);
#2541 = EDGE_CURVE('',#1338,#1447,#2542,.T.);
#2542 = LINE('',#2543,#2544);
#2543 = CARTESIAN_POINT('',(-1.270530792283,-1.2,0.15));
#2544 = VECTOR('',#2545,1.);
#2545 = DIRECTION('',(1.144237745222E-17,1.,0.));
#2546 = ORIENTED_EDGE('',*,*,#1454,.T.);
#2547 = ORIENTED_EDGE('',*,*,#2524,.F.);
#2548 = ORIENTED_EDGE('',*,*,#1345,.F.);
#2549 = CYLINDRICAL_SURFACE('',#2550,0.1);
#2550 = AXIS2_PLACEMENT_3D('',#2551,#2552,#2553);
#2551 = CARTESIAN_POINT('',(-1.270530792283,-1.2,0.25));
#2552 = DIRECTION('',(-1.144237745222E-17,-1.,0.));
#2553 = DIRECTION('',(-2.22044604925E-15,2.540718180781E-32,-1.));
#2554 = ADVANCED_FACE('',(#2555),#2566,.F.);
#2555 = FACE_BOUND('',#2556,.F.);
#2556 = EDGE_LOOP('',(#2557,#2563,#2564,#2565));
#2557 = ORIENTED_EDGE('',*,*,#2558,.T.);
#2558 = EDGE_CURVE('',#1330,#1439,#2559,.T.);
#2559 = LINE('',#2560,#2561);
#2560 = CARTESIAN_POINT('',(-1.4,-1.2,0.15));
#2561 = VECTOR('',#2562,1.);
#2562 = DIRECTION('',(1.144237745222E-17,1.,0.));
#2563 = ORIENTED_EDGE('',*,*,#1446,.T.);
#2564 = ORIENTED_EDGE('',*,*,#2541,.F.);
#2565 = ORIENTED_EDGE('',*,*,#1337,.F.);
#2566 = PLANE('',#2567);
#2567 = AXIS2_PLACEMENT_3D('',#2568,#2569,#2570);
#2568 = CARTESIAN_POINT('',(-1.4,-1.2,0.15));
#2569 = DIRECTION('',(0.,0.,-1.));
#2570 = DIRECTION('',(1.,-1.144237745222E-17,0.));
#2571 = ADVANCED_FACE('',(#2572),#2583,.F.);
#2572 = FACE_BOUND('',#2573,.F.);
#2573 = EDGE_LOOP('',(#2574,#2580,#2581,#2582));
#2574 = ORIENTED_EDGE('',*,*,#2575,.T.);
#2575 = EDGE_CURVE('',#1322,#1431,#2576,.T.);
#2576 = LINE('',#2577,#2578);
#2577 = CARTESIAN_POINT('',(-1.4,-1.2,0.));
#2578 = VECTOR('',#2579,1.);
#2579 = DIRECTION('',(1.144237745222E-17,1.,0.));
#2580 = ORIENTED_EDGE('',*,*,#1438,.T.);
#2581 = ORIENTED_EDGE('',*,*,#2558,.F.);
#2582 = ORIENTED_EDGE('',*,*,#1329,.F.);
#2583 = PLANE('',#2584);
#2584 = AXIS2_PLACEMENT_3D('',#2585,#2586,#2587);
#2585 = CARTESIAN_POINT('',(-1.4,-1.2,0.));
#2586 = DIRECTION('',(1.,-1.144237745222E-17,0.));
#2587 = DIRECTION('',(0.,0.,1.));
#2588 = ADVANCED_FACE('',(#2589),#2600,.F.);
#2589 = FACE_BOUND('',#2590,.F.);
#2590 = EDGE_LOOP('',(#2591,#2597,#2598,#2599));
#2591 = ORIENTED_EDGE('',*,*,#2592,.T.);
#2592 = EDGE_CURVE('',#1313,#1422,#2593,.T.);
#2593 = LINE('',#2594,#2595);
#2594 = CARTESIAN_POINT('',(-1.270530792283,-1.2,0.));
#2595 = VECTOR('',#2596,1.);
#2596 = DIRECTION('',(1.144237745222E-17,1.,0.));
#2597 = ORIENTED_EDGE('',*,*,#1430,.T.);
#2598 = ORIENTED_EDGE('',*,*,#2575,.F.);
#2599 = ORIENTED_EDGE('',*,*,#1321,.F.);
#2600 = PLANE('',#2601);
#2601 = AXIS2_PLACEMENT_3D('',#2602,#2603,#2604);
#2602 = CARTESIAN_POINT('',(-1.270530792283,-1.2,0.));
#2603 = DIRECTION('',(0.,0.,1.));
#2604 = DIRECTION('',(-1.,1.144237745222E-17,0.));
#2605 = ADVANCED_FACE('',(#2606),#2617,.T.);
#2606 = FACE_BOUND('',#2607,.T.);
#2607 = EDGE_LOOP('',(#2608,#2609,#2610,#2611));
#2608 = ORIENTED_EDGE('',*,*,#1312,.T.);
#2609 = ORIENTED_EDGE('',*,*,#2592,.T.);
#2610 = ORIENTED_EDGE('',*,*,#1421,.F.);
#2611 = ORIENTED_EDGE('',*,*,#2612,.F.);
#2612 = EDGE_CURVE('',#1305,#1414,#2613,.T.);
#2613 = LINE('',#2614,#2615);
#2614 = CARTESIAN_POINT('',(-1.02432885403,-1.2,0.206587955583));
#2615 = VECTOR('',#2616,1.);
#2616 = DIRECTION('',(1.144237745222E-17,1.,0.));
#2617 = CYLINDRICAL_SURFACE('',#2618,0.25);
#2618 = AXIS2_PLACEMENT_3D('',#2619,#2620,#2621);
#2619 = CARTESIAN_POINT('',(-1.270530792283,-1.2,0.25));
#2620 = DIRECTION('',(-1.144237745222E-17,-1.,0.));
#2621 = DIRECTION('',(0.984807753012,-1.126854202784E-17,-0.173648177667
    ));
#2622 = ADVANCED_FACE('',(#2623),#2629,.F.);
#2623 = FACE_BOUND('',#2624,.F.);
#2624 = EDGE_LOOP('',(#2625,#2626,#2627,#2628));
#2625 = ORIENTED_EDGE('',*,*,#1395,.T.);
#2626 = ORIENTED_EDGE('',*,*,#1413,.T.);
#2627 = ORIENTED_EDGE('',*,*,#2612,.F.);
#2628 = ORIENTED_EDGE('',*,*,#1304,.F.);
#2629 = PLANE('',#2630);
#2630 = AXIS2_PLACEMENT_3D('',#2631,#2632,#2633);
#2631 = CARTESIAN_POINT('',(-0.948480775301,-1.2,0.667364817767));
#2632 = DIRECTION('',(-0.986721169868,1.129043606572E-17,0.162423314012)
  );
#2633 = DIRECTION('',(-0.162423314012,1.858508865964E-18,-0.986721169868
    ));
#2634 = ADVANCED_FACE('',(#2635),#2646,.T.);
#2635 = FACE_BOUND('',#2636,.T.);
#2636 = EDGE_LOOP('',(#2637,#2638,#2639,#2640));
#2637 = ORIENTED_EDGE('',*,*,#1585,.T.);
#2638 = ORIENTED_EDGE('',*,*,#2363,.T.);
#2639 = ORIENTED_EDGE('',*,*,#1694,.F.);
#2640 = ORIENTED_EDGE('',*,*,#2641,.F.);
#2641 = EDGE_CURVE('',#1578,#1687,#2642,.T.);
#2642 = LINE('',#2643,#2644);
#2643 = CARTESIAN_POINT('',(-1.096201938253,-0.25,0.693412044417));
#2644 = VECTOR('',#2645,1.);
#2645 = DIRECTION('',(1.144237745222E-17,1.,0.));
#2646 = CYLINDRICAL_SURFACE('',#2647,0.25);
#2647 = AXIS2_PLACEMENT_3D('',#2648,#2649,#2650);
#2648 = CARTESIAN_POINT('',(-0.85,-0.25,0.65));
#2649 = DIRECTION('',(-1.144237745222E-17,-1.,0.));
#2650 = DIRECTION('',(-0.984807753012,1.126854202784E-17,0.173648177667)
  );
#2651 = ADVANCED_FACE('',(#2652),#2663,.F.);
#2652 = FACE_BOUND('',#2653,.F.);
#2653 = EDGE_LOOP('',(#2654,#2660,#2661,#2662));
#2654 = ORIENTED_EDGE('',*,*,#2655,.T.);
#2655 = EDGE_CURVE('',#1569,#1678,#2656,.T.);
#2656 = LINE('',#2657,#2658);
#2657 = CARTESIAN_POINT('',(-1.172050016982,-0.25,0.232635182233));
#2658 = VECTOR('',#2659,1.);
#2659 = DIRECTION('',(1.144237745222E-17,1.,0.));
#2660 = ORIENTED_EDGE('',*,*,#1686,.T.);
#2661 = ORIENTED_EDGE('',*,*,#2641,.F.);
#2662 = ORIENTED_EDGE('',*,*,#1577,.F.);
#2663 = PLANE('',#2664);
#2664 = AXIS2_PLACEMENT_3D('',#2665,#2666,#2667);
#2665 = CARTESIAN_POINT('',(-1.172050016982,-0.25,0.232635182233));
#2666 = DIRECTION('',(0.986721169868,-1.129043606572E-17,-0.162423314012
    ));
#2667 = DIRECTION('',(0.162423314012,-1.858508865964E-18,0.986721169868)
  );
#2668 = ADVANCED_FACE('',(#2669),#2680,.F.);
#2669 = FACE_BOUND('',#2670,.F.);
#2670 = EDGE_LOOP('',(#2671,#2677,#2678,#2679));
#2671 = ORIENTED_EDGE('',*,*,#2672,.T.);
#2672 = EDGE_CURVE('',#1561,#1670,#2673,.T.);
#2673 = LINE('',#2674,#2675);
#2674 = CARTESIAN_POINT('',(-1.270530792283,-0.25,0.15));
#2675 = VECTOR('',#2676,1.);
#2676 = DIRECTION('',(1.144237745222E-17,1.,0.));
#2677 = ORIENTED_EDGE('',*,*,#1677,.T.);
#2678 = ORIENTED_EDGE('',*,*,#2655,.F.);
#2679 = ORIENTED_EDGE('',*,*,#1568,.F.);
#2680 = CYLINDRICAL_SURFACE('',#2681,0.1);
#2681 = AXIS2_PLACEMENT_3D('',#2682,#2683,#2684);
#2682 = CARTESIAN_POINT('',(-1.270530792283,-0.25,0.25));
#2683 = DIRECTION('',(-1.144237745222E-17,-1.,0.));
#2684 = DIRECTION('',(-2.22044604925E-15,2.540718180781E-32,-1.));
#2685 = ADVANCED_FACE('',(#2686),#2697,.F.);
#2686 = FACE_BOUND('',#2687,.F.);
#2687 = EDGE_LOOP('',(#2688,#2694,#2695,#2696));
#2688 = ORIENTED_EDGE('',*,*,#2689,.T.);
#2689 = EDGE_CURVE('',#1553,#1662,#2690,.T.);
#2690 = LINE('',#2691,#2692);
#2691 = CARTESIAN_POINT('',(-1.4,-0.25,0.15));
#2692 = VECTOR('',#2693,1.);
#2693 = DIRECTION('',(1.144237745222E-17,1.,0.));
#2694 = ORIENTED_EDGE('',*,*,#1669,.T.);
#2695 = ORIENTED_EDGE('',*,*,#2672,.F.);
#2696 = ORIENTED_EDGE('',*,*,#1560,.F.);
#2697 = PLANE('',#2698);
#2698 = AXIS2_PLACEMENT_3D('',#2699,#2700,#2701);
#2699 = CARTESIAN_POINT('',(-1.4,-0.25,0.15));
#2700 = DIRECTION('',(0.,0.,-1.));
#2701 = DIRECTION('',(1.,-1.144237745222E-17,0.));
#2702 = ADVANCED_FACE('',(#2703),#2714,.F.);
#2703 = FACE_BOUND('',#2704,.F.);
#2704 = EDGE_LOOP('',(#2705,#2711,#2712,#2713));
#2705 = ORIENTED_EDGE('',*,*,#2706,.T.);
#2706 = EDGE_CURVE('',#1545,#1654,#2707,.T.);
#2707 = LINE('',#2708,#2709);
#2708 = CARTESIAN_POINT('',(-1.4,-0.25,0.));
#2709 = VECTOR('',#2710,1.);
#2710 = DIRECTION('',(1.144237745222E-17,1.,0.));
#2711 = ORIENTED_EDGE('',*,*,#1661,.T.);
#2712 = ORIENTED_EDGE('',*,*,#2689,.F.);
#2713 = ORIENTED_EDGE('',*,*,#1552,.F.);
#2714 = PLANE('',#2715);
#2715 = AXIS2_PLACEMENT_3D('',#2716,#2717,#2718);
#2716 = CARTESIAN_POINT('',(-1.4,-0.25,0.));
#2717 = DIRECTION('',(1.,-1.144237745222E-17,0.));
#2718 = DIRECTION('',(0.,0.,1.));
#2719 = ADVANCED_FACE('',(#2720),#2731,.F.);
#2720 = FACE_BOUND('',#2721,.F.);
#2721 = EDGE_LOOP('',(#2722,#2728,#2729,#2730));
#2722 = ORIENTED_EDGE('',*,*,#2723,.T.);
#2723 = EDGE_CURVE('',#1536,#1645,#2724,.T.);
#2724 = LINE('',#2725,#2726);
#2725 = CARTESIAN_POINT('',(-1.270530792283,-0.25,0.));
#2726 = VECTOR('',#2727,1.);
#2727 = DIRECTION('',(1.144237745222E-17,1.,0.));
#2728 = ORIENTED_EDGE('',*,*,#1653,.T.);
#2729 = ORIENTED_EDGE('',*,*,#2706,.F.);
#2730 = ORIENTED_EDGE('',*,*,#1544,.F.);
#2731 = PLANE('',#2732);
#2732 = AXIS2_PLACEMENT_3D('',#2733,#2734,#2735);
#2733 = CARTESIAN_POINT('',(-1.270530792283,-0.25,0.));
#2734 = DIRECTION('',(0.,0.,1.));
#2735 = DIRECTION('',(-1.,1.144237745222E-17,0.));
#2736 = ADVANCED_FACE('',(#2737),#2748,.T.);
#2737 = FACE_BOUND('',#2738,.T.);
#2738 = EDGE_LOOP('',(#2739,#2740,#2741,#2742));
#2739 = ORIENTED_EDGE('',*,*,#1535,.T.);
#2740 = ORIENTED_EDGE('',*,*,#2723,.T.);
#2741 = ORIENTED_EDGE('',*,*,#1644,.F.);
#2742 = ORIENTED_EDGE('',*,*,#2743,.F.);
#2743 = EDGE_CURVE('',#1528,#1637,#2744,.T.);
#2744 = LINE('',#2745,#2746);
#2745 = CARTESIAN_POINT('',(-1.02432885403,-0.25,0.206587955583));
#2746 = VECTOR('',#2747,1.);
#2747 = DIRECTION('',(1.144237745222E-17,1.,0.));
#2748 = CYLINDRICAL_SURFACE('',#2749,0.25);
#2749 = AXIS2_PLACEMENT_3D('',#2750,#2751,#2752);
#2750 = CARTESIAN_POINT('',(-1.270530792283,-0.25,0.25));
#2751 = DIRECTION('',(-1.144237745222E-17,-1.,0.));
#2752 = DIRECTION('',(0.984807753012,-1.126854202784E-17,-0.173648177667
    ));
#2753 = ADVANCED_FACE('',(#2754),#2760,.F.);
#2754 = FACE_BOUND('',#2755,.F.);
#2755 = EDGE_LOOP('',(#2756,#2757,#2758,#2759));
#2756 = ORIENTED_EDGE('',*,*,#1618,.T.);
#2757 = ORIENTED_EDGE('',*,*,#1636,.T.);
#2758 = ORIENTED_EDGE('',*,*,#2743,.F.);
#2759 = ORIENTED_EDGE('',*,*,#1527,.F.);
#2760 = PLANE('',#2761);
#2761 = AXIS2_PLACEMENT_3D('',#2762,#2763,#2764);
#2762 = CARTESIAN_POINT('',(-0.948480775301,-0.25,0.667364817767));
#2763 = DIRECTION('',(-0.986721169868,1.129043606572E-17,0.162423314012)
  );
#2764 = DIRECTION('',(-0.162423314012,1.858508865964E-18,-0.986721169868
    ));
#2765 = ADVANCED_FACE('',(#2766),#2777,.F.);
#2766 = FACE_BOUND('',#2767,.F.);
#2767 = EDGE_LOOP('',(#2768,#2774,#2775,#2776));
#2768 = ORIENTED_EDGE('',*,*,#2769,.T.);
#2769 = EDGE_CURVE('',#1787,#1889,#2770,.T.);
#2770 = LINE('',#2771,#2772);
#2771 = CARTESIAN_POINT('',(-1.172050016982,0.7,0.232635182233));
#2772 = VECTOR('',#2773,1.);
#2773 = DIRECTION('',(1.144237745222E-17,1.,0.));
#2774 = ORIENTED_EDGE('',*,*,#1897,.T.);
#2775 = ORIENTED_EDGE('',*,*,#2329,.F.);
#2776 = ORIENTED_EDGE('',*,*,#1795,.F.);
#2777 = PLANE('',#2778);
#2778 = AXIS2_PLACEMENT_3D('',#2779,#2780,#2781);
#2779 = CARTESIAN_POINT('',(-1.172050016982,0.7,0.232635182233));
#2780 = DIRECTION('',(0.986721169868,-1.129043606572E-17,-0.162423314012
    ));
#2781 = DIRECTION('',(0.162423314012,-1.858508865964E-18,0.986721169868)
  );
#2782 = ADVANCED_FACE('',(#2783),#2794,.F.);
#2783 = FACE_BOUND('',#2784,.F.);
#2784 = EDGE_LOOP('',(#2785,#2791,#2792,#2793));
#2785 = ORIENTED_EDGE('',*,*,#2786,.T.);
#2786 = EDGE_CURVE('',#1779,#1881,#2787,.T.);
#2787 = LINE('',#2788,#2789);
#2788 = CARTESIAN_POINT('',(-1.270530792283,0.7,0.15));
#2789 = VECTOR('',#2790,1.);
#2790 = DIRECTION('',(1.144237745222E-17,1.,0.));
#2791 = ORIENTED_EDGE('',*,*,#1888,.T.);
#2792 = ORIENTED_EDGE('',*,*,#2769,.F.);
#2793 = ORIENTED_EDGE('',*,*,#1786,.F.);
#2794 = CYLINDRICAL_SURFACE('',#2795,0.1);
#2795 = AXIS2_PLACEMENT_3D('',#2796,#2797,#2798);
#2796 = CARTESIAN_POINT('',(-1.270530792283,0.7,0.25));
#2797 = DIRECTION('',(-1.144237745222E-17,-1.,0.));
#2798 = DIRECTION('',(-2.22044604925E-15,2.540718180781E-32,-1.));
#2799 = ADVANCED_FACE('',(#2800),#2811,.F.);
#2800 = FACE_BOUND('',#2801,.F.);
#2801 = EDGE_LOOP('',(#2802,#2808,#2809,#2810));
#2802 = ORIENTED_EDGE('',*,*,#2803,.T.);
#2803 = EDGE_CURVE('',#1771,#1873,#2804,.T.);
#2804 = LINE('',#2805,#2806);
#2805 = CARTESIAN_POINT('',(-1.4,0.7,0.15));
#2806 = VECTOR('',#2807,1.);
#2807 = DIRECTION('',(1.144237745222E-17,1.,0.));
#2808 = ORIENTED_EDGE('',*,*,#1880,.T.);
#2809 = ORIENTED_EDGE('',*,*,#2786,.F.);
#2810 = ORIENTED_EDGE('',*,*,#1778,.F.);
#2811 = PLANE('',#2812);
#2812 = AXIS2_PLACEMENT_3D('',#2813,#2814,#2815);
#2813 = CARTESIAN_POINT('',(-1.4,0.7,0.15));
#2814 = DIRECTION('',(0.,0.,-1.));
#2815 = DIRECTION('',(1.,-1.144237745222E-17,0.));
#2816 = ADVANCED_FACE('',(#2817),#2828,.F.);
#2817 = FACE_BOUND('',#2818,.F.);
#2818 = EDGE_LOOP('',(#2819,#2825,#2826,#2827));
#2819 = ORIENTED_EDGE('',*,*,#2820,.T.);
#2820 = EDGE_CURVE('',#1763,#1865,#2821,.T.);
#2821 = LINE('',#2822,#2823);
#2822 = CARTESIAN_POINT('',(-1.4,0.7,0.));
#2823 = VECTOR('',#2824,1.);
#2824 = DIRECTION('',(1.144237745222E-17,1.,0.));
#2825 = ORIENTED_EDGE('',*,*,#1872,.T.);
#2826 = ORIENTED_EDGE('',*,*,#2803,.F.);
#2827 = ORIENTED_EDGE('',*,*,#1770,.F.);
#2828 = PLANE('',#2829);
#2829 = AXIS2_PLACEMENT_3D('',#2830,#2831,#2832);
#2830 = CARTESIAN_POINT('',(-1.4,0.7,0.));
#2831 = DIRECTION('',(1.,-1.144237745222E-17,0.));
#2832 = DIRECTION('',(0.,0.,1.));
#2833 = ADVANCED_FACE('',(#2834),#2845,.F.);
#2834 = FACE_BOUND('',#2835,.F.);
#2835 = EDGE_LOOP('',(#2836,#2842,#2843,#2844));
#2836 = ORIENTED_EDGE('',*,*,#2837,.T.);
#2837 = EDGE_CURVE('',#1754,#1856,#2838,.T.);
#2838 = LINE('',#2839,#2840);
#2839 = CARTESIAN_POINT('',(-1.270530792283,0.7,0.));
#2840 = VECTOR('',#2841,1.);
#2841 = DIRECTION('',(1.144237745222E-17,1.,0.));
#2842 = ORIENTED_EDGE('',*,*,#1864,.T.);
#2843 = ORIENTED_EDGE('',*,*,#2820,.F.);
#2844 = ORIENTED_EDGE('',*,*,#1762,.F.);
#2845 = PLANE('',#2846);
#2846 = AXIS2_PLACEMENT_3D('',#2847,#2848,#2849);
#2847 = CARTESIAN_POINT('',(-1.270530792283,0.7,0.));
#2848 = DIRECTION('',(0.,0.,1.));
#2849 = DIRECTION('',(-1.,1.144237745222E-17,0.));
#2850 = ADVANCED_FACE('',(#2851),#2862,.T.);
#2851 = FACE_BOUND('',#2852,.T.);
#2852 = EDGE_LOOP('',(#2853,#2854,#2855,#2856));
#2853 = ORIENTED_EDGE('',*,*,#1753,.T.);
#2854 = ORIENTED_EDGE('',*,*,#2837,.T.);
#2855 = ORIENTED_EDGE('',*,*,#1855,.F.);
#2856 = ORIENTED_EDGE('',*,*,#2857,.F.);
#2857 = EDGE_CURVE('',#1746,#1848,#2858,.T.);
#2858 = LINE('',#2859,#2860);
#2859 = CARTESIAN_POINT('',(-1.02432885403,0.7,0.206587955583));
#2860 = VECTOR('',#2861,1.);
#2861 = DIRECTION('',(1.144237745222E-17,1.,0.));
#2862 = CYLINDRICAL_SURFACE('',#2863,0.25);
#2863 = AXIS2_PLACEMENT_3D('',#2864,#2865,#2866);
#2864 = CARTESIAN_POINT('',(-1.270530792283,0.7,0.25));
#2865 = DIRECTION('',(-1.144237745222E-17,-1.,0.));
#2866 = DIRECTION('',(0.984807753012,-1.126854202784E-17,-0.173648177667
    ));
#2867 = ADVANCED_FACE('',(#2868),#2874,.F.);
#2868 = FACE_BOUND('',#2869,.F.);
#2869 = EDGE_LOOP('',(#2870,#2871,#2872,#2873));
#2870 = ORIENTED_EDGE('',*,*,#1829,.T.);
#2871 = ORIENTED_EDGE('',*,*,#1847,.T.);
#2872 = ORIENTED_EDGE('',*,*,#2857,.F.);
#2873 = ORIENTED_EDGE('',*,*,#1745,.F.);
#2874 = PLANE('',#2875);
#2875 = AXIS2_PLACEMENT_3D('',#2876,#2877,#2878);
#2876 = CARTESIAN_POINT('',(-0.948480775301,0.7,0.667364817767));
#2877 = DIRECTION('',(-0.986721169868,1.129043606572E-17,0.162423314012)
  );
#2878 = DIRECTION('',(-0.162423314012,1.858508865964E-18,-0.986721169868
    ));
#2879 = ADVANCED_FACE('',(#2880),#2891,.F.);
#2880 = FACE_BOUND('',#2881,.F.);
#2881 = EDGE_LOOP('',(#2882,#2888,#2889,#2890));
#2882 = ORIENTED_EDGE('',*,*,#2883,.T.);
#2883 = EDGE_CURVE('',#1974,#2076,#2884,.T.);
#2884 = LINE('',#2885,#2886);
#2885 = CARTESIAN_POINT('',(1.172050016982,1.2,0.232635182233));
#2886 = VECTOR('',#2887,1.);
#2887 = DIRECTION('',(1.110223024625E-16,-1.,0.));
#2888 = ORIENTED_EDGE('',*,*,#2084,.T.);
#2889 = ORIENTED_EDGE('',*,*,#2481,.F.);
#2890 = ORIENTED_EDGE('',*,*,#1982,.F.);
#2891 = PLANE('',#2892);
#2892 = AXIS2_PLACEMENT_3D('',#2893,#2894,#2895);
#2893 = CARTESIAN_POINT('',(1.172050016982,1.2,0.232635182233));
#2894 = DIRECTION('',(-0.986721169868,-1.095480561672E-16,
    -0.162423314012));
#2895 = DIRECTION('',(-0.162423314012,-1.803261029519E-17,0.986721169868
    ));
#2896 = ADVANCED_FACE('',(#2897),#2908,.F.);
#2897 = FACE_BOUND('',#2898,.F.);
#2898 = EDGE_LOOP('',(#2899,#2905,#2906,#2907));
#2899 = ORIENTED_EDGE('',*,*,#2900,.T.);
#2900 = EDGE_CURVE('',#1966,#2068,#2901,.T.);
#2901 = LINE('',#2902,#2903);
#2902 = CARTESIAN_POINT('',(1.270530792283,1.2,0.15));
#2903 = VECTOR('',#2904,1.);
#2904 = DIRECTION('',(1.110223024625E-16,-1.,0.));
#2905 = ORIENTED_EDGE('',*,*,#2075,.T.);
#2906 = ORIENTED_EDGE('',*,*,#2883,.F.);
#2907 = ORIENTED_EDGE('',*,*,#1973,.F.);
#2908 = CYLINDRICAL_SURFACE('',#2909,0.1);
#2909 = AXIS2_PLACEMENT_3D('',#2910,#2911,#2912);
#2910 = CARTESIAN_POINT('',(1.270530792283,1.2,0.25));
#2911 = DIRECTION('',(-1.110223024625E-16,1.,0.));
#2912 = DIRECTION('',(2.22044604925E-15,2.465190328815E-31,-1.));
#2913 = ADVANCED_FACE('',(#2914),#2925,.F.);
#2914 = FACE_BOUND('',#2915,.F.);
#2915 = EDGE_LOOP('',(#2916,#2922,#2923,#2924));
#2916 = ORIENTED_EDGE('',*,*,#2917,.T.);
#2917 = EDGE_CURVE('',#1958,#2060,#2918,.T.);
#2918 = LINE('',#2919,#2920);
#2919 = CARTESIAN_POINT('',(1.4,1.2,0.15));
#2920 = VECTOR('',#2921,1.);
#2921 = DIRECTION('',(1.110223024625E-16,-1.,0.));
#2922 = ORIENTED_EDGE('',*,*,#2067,.T.);
#2923 = ORIENTED_EDGE('',*,*,#2900,.F.);
#2924 = ORIENTED_EDGE('',*,*,#1965,.F.);
#2925 = PLANE('',#2926);
#2926 = AXIS2_PLACEMENT_3D('',#2927,#2928,#2929);
#2927 = CARTESIAN_POINT('',(1.4,1.2,0.15));
#2928 = DIRECTION('',(0.,0.,-1.));
#2929 = DIRECTION('',(-1.,-1.110223024625E-16,-0.));
#2930 = ADVANCED_FACE('',(#2931),#2942,.F.);
#2931 = FACE_BOUND('',#2932,.F.);
#2932 = EDGE_LOOP('',(#2933,#2939,#2940,#2941));
#2933 = ORIENTED_EDGE('',*,*,#2934,.T.);
#2934 = EDGE_CURVE('',#1950,#2052,#2935,.T.);
#2935 = LINE('',#2936,#2937);
#2936 = CARTESIAN_POINT('',(1.4,1.2,0.));
#2937 = VECTOR('',#2938,1.);
#2938 = DIRECTION('',(1.110223024625E-16,-1.,0.));
#2939 = ORIENTED_EDGE('',*,*,#2059,.T.);
#2940 = ORIENTED_EDGE('',*,*,#2917,.F.);
#2941 = ORIENTED_EDGE('',*,*,#1957,.F.);
#2942 = PLANE('',#2943);
#2943 = AXIS2_PLACEMENT_3D('',#2944,#2945,#2946);
#2944 = CARTESIAN_POINT('',(1.4,1.2,0.));
#2945 = DIRECTION('',(-1.,-1.110223024625E-16,0.));
#2946 = DIRECTION('',(0.,0.,1.));
#2947 = ADVANCED_FACE('',(#2948),#2959,.F.);
#2948 = FACE_BOUND('',#2949,.F.);
#2949 = EDGE_LOOP('',(#2950,#2956,#2957,#2958));
#2950 = ORIENTED_EDGE('',*,*,#2951,.T.);
#2951 = EDGE_CURVE('',#1941,#2043,#2952,.T.);
#2952 = LINE('',#2953,#2954);
#2953 = CARTESIAN_POINT('',(1.270530792283,1.2,0.));
#2954 = VECTOR('',#2955,1.);
#2955 = DIRECTION('',(1.110223024625E-16,-1.,0.));
#2956 = ORIENTED_EDGE('',*,*,#2051,.T.);
#2957 = ORIENTED_EDGE('',*,*,#2934,.F.);
#2958 = ORIENTED_EDGE('',*,*,#1949,.F.);
#2959 = PLANE('',#2960);
#2960 = AXIS2_PLACEMENT_3D('',#2961,#2962,#2963);
#2961 = CARTESIAN_POINT('',(1.270530792283,1.2,0.));
#2962 = DIRECTION('',(0.,0.,1.));
#2963 = DIRECTION('',(1.,1.110223024625E-16,-0.));
#2964 = ADVANCED_FACE('',(#2965),#2976,.T.);
#2965 = FACE_BOUND('',#2966,.T.);
#2966 = EDGE_LOOP('',(#2967,#2968,#2969,#2970));
#2967 = ORIENTED_EDGE('',*,*,#1940,.T.);
#2968 = ORIENTED_EDGE('',*,*,#2951,.T.);
#2969 = ORIENTED_EDGE('',*,*,#2042,.F.);
#2970 = ORIENTED_EDGE('',*,*,#2971,.F.);
#2971 = EDGE_CURVE('',#1933,#2035,#2972,.T.);
#2972 = LINE('',#2973,#2974);
#2973 = CARTESIAN_POINT('',(1.02432885403,1.2,0.206587955583));
#2974 = VECTOR('',#2975,1.);
#2975 = DIRECTION('',(1.110223024625E-16,-1.,0.));
#2976 = CYLINDRICAL_SURFACE('',#2977,0.25);
#2977 = AXIS2_PLACEMENT_3D('',#2978,#2979,#2980);
#2978 = CARTESIAN_POINT('',(1.270530792283,1.2,0.25));
#2979 = DIRECTION('',(-1.110223024625E-16,1.,0.));
#2980 = DIRECTION('',(-0.984807753012,-1.093356242223E-16,
    -0.173648177667));
#2981 = ADVANCED_FACE('',(#2982),#2988,.F.);
#2982 = FACE_BOUND('',#2983,.F.);
#2983 = EDGE_LOOP('',(#2984,#2985,#2986,#2987));
#2984 = ORIENTED_EDGE('',*,*,#2016,.T.);
#2985 = ORIENTED_EDGE('',*,*,#2034,.T.);
#2986 = ORIENTED_EDGE('',*,*,#2971,.F.);
#2987 = ORIENTED_EDGE('',*,*,#1932,.F.);
#2988 = PLANE('',#2989);
#2989 = AXIS2_PLACEMENT_3D('',#2990,#2991,#2992);
#2990 = CARTESIAN_POINT('',(0.948480775301,1.2,0.667364817767));
#2991 = DIRECTION('',(0.986721169868,1.095480561672E-16,0.162423314012)
  );
#2992 = DIRECTION('',(0.162423314012,1.803261029519E-17,-0.986721169868)
  );
#2993 = ADVANCED_FACE('',(#2994),#3005,.T.);
#2994 = FACE_BOUND('',#2995,.T.);
#2995 = EDGE_LOOP('',(#2996,#2997,#2998,#2999));
#2996 = ORIENTED_EDGE('',*,*,#2194,.T.);
#2997 = ORIENTED_EDGE('',*,*,#2444,.T.);
#2998 = ORIENTED_EDGE('',*,*,#2303,.F.);
#2999 = ORIENTED_EDGE('',*,*,#3000,.F.);
#3000 = EDGE_CURVE('',#2187,#2296,#3001,.T.);
#3001 = LINE('',#3002,#3003);
#3002 = CARTESIAN_POINT('',(1.096201938253,-0.7,0.693412044417));
#3003 = VECTOR('',#3004,1.);
#3004 = DIRECTION('',(1.110223024625E-16,-1.,0.));
#3005 = CYLINDRICAL_SURFACE('',#3006,0.25);
#3006 = AXIS2_PLACEMENT_3D('',#3007,#3008,#3009);
#3007 = CARTESIAN_POINT('',(0.85,-0.7,0.65));
#3008 = DIRECTION('',(-1.110223024625E-16,1.,0.));
#3009 = DIRECTION('',(0.984807753012,1.093356242223E-16,0.173648177667)
  );
#3010 = ADVANCED_FACE('',(#3011),#3022,.F.);
#3011 = FACE_BOUND('',#3012,.F.);
#3012 = EDGE_LOOP('',(#3013,#3019,#3020,#3021));
#3013 = ORIENTED_EDGE('',*,*,#3014,.T.);
#3014 = EDGE_CURVE('',#2178,#2287,#3015,.T.);
#3015 = LINE('',#3016,#3017);
#3016 = CARTESIAN_POINT('',(1.172050016982,-0.7,0.232635182233));
#3017 = VECTOR('',#3018,1.);
#3018 = DIRECTION('',(1.110223024625E-16,-1.,0.));
#3019 = ORIENTED_EDGE('',*,*,#2295,.T.);
#3020 = ORIENTED_EDGE('',*,*,#3000,.F.);
#3021 = ORIENTED_EDGE('',*,*,#2186,.F.);
#3022 = PLANE('',#3023);
#3023 = AXIS2_PLACEMENT_3D('',#3024,#3025,#3026);
#3024 = CARTESIAN_POINT('',(1.172050016982,-0.7,0.232635182233));
#3025 = DIRECTION('',(-0.986721169868,-1.095480561672E-16,
    -0.162423314012));
#3026 = DIRECTION('',(-0.162423314012,-1.803261029519E-17,0.986721169868
    ));
#3027 = ADVANCED_FACE('',(#3028),#3039,.F.);
#3028 = FACE_BOUND('',#3029,.F.);
#3029 = EDGE_LOOP('',(#3030,#3036,#3037,#3038));
#3030 = ORIENTED_EDGE('',*,*,#3031,.T.);
#3031 = EDGE_CURVE('',#2170,#2279,#3032,.T.);
#3032 = LINE('',#3033,#3034);
#3033 = CARTESIAN_POINT('',(1.270530792283,-0.7,0.15));
#3034 = VECTOR('',#3035,1.);
#3035 = DIRECTION('',(1.110223024625E-16,-1.,0.));
#3036 = ORIENTED_EDGE('',*,*,#2286,.T.);
#3037 = ORIENTED_EDGE('',*,*,#3014,.F.);
#3038 = ORIENTED_EDGE('',*,*,#2177,.F.);
#3039 = CYLINDRICAL_SURFACE('',#3040,0.1);
#3040 = AXIS2_PLACEMENT_3D('',#3041,#3042,#3043);
#3041 = CARTESIAN_POINT('',(1.270530792283,-0.7,0.25));
#3042 = DIRECTION('',(-1.110223024625E-16,1.,0.));
#3043 = DIRECTION('',(2.22044604925E-15,2.465190328815E-31,-1.));
#3044 = ADVANCED_FACE('',(#3045),#3056,.F.);
#3045 = FACE_BOUND('',#3046,.F.);
#3046 = EDGE_LOOP('',(#3047,#3053,#3054,#3055));
#3047 = ORIENTED_EDGE('',*,*,#3048,.T.);
#3048 = EDGE_CURVE('',#2162,#2271,#3049,.T.);
#3049 = LINE('',#3050,#3051);
#3050 = CARTESIAN_POINT('',(1.4,-0.7,0.15));
#3051 = VECTOR('',#3052,1.);
#3052 = DIRECTION('',(1.110223024625E-16,-1.,0.));
#3053 = ORIENTED_EDGE('',*,*,#2278,.T.);
#3054 = ORIENTED_EDGE('',*,*,#3031,.F.);
#3055 = ORIENTED_EDGE('',*,*,#2169,.F.);
#3056 = PLANE('',#3057);
#3057 = AXIS2_PLACEMENT_3D('',#3058,#3059,#3060);
#3058 = CARTESIAN_POINT('',(1.4,-0.7,0.15));
#3059 = DIRECTION('',(0.,0.,-1.));
#3060 = DIRECTION('',(-1.,-1.110223024625E-16,-0.));
#3061 = ADVANCED_FACE('',(#3062),#3073,.F.);
#3062 = FACE_BOUND('',#3063,.F.);
#3063 = EDGE_LOOP('',(#3064,#3070,#3071,#3072));
#3064 = ORIENTED_EDGE('',*,*,#3065,.T.);
#3065 = EDGE_CURVE('',#2154,#2263,#3066,.T.);
#3066 = LINE('',#3067,#3068);
#3067 = CARTESIAN_POINT('',(1.4,-0.7,0.));
#3068 = VECTOR('',#3069,1.);
#3069 = DIRECTION('',(1.110223024625E-16,-1.,0.));
#3070 = ORIENTED_EDGE('',*,*,#2270,.T.);
#3071 = ORIENTED_EDGE('',*,*,#3048,.F.);
#3072 = ORIENTED_EDGE('',*,*,#2161,.F.);
#3073 = PLANE('',#3074);
#3074 = AXIS2_PLACEMENT_3D('',#3075,#3076,#3077);
#3075 = CARTESIAN_POINT('',(1.4,-0.7,0.));
#3076 = DIRECTION('',(-1.,-1.110223024625E-16,0.));
#3077 = DIRECTION('',(0.,0.,1.));
#3078 = ADVANCED_FACE('',(#3079),#3090,.F.);
#3079 = FACE_BOUND('',#3080,.F.);
#3080 = EDGE_LOOP('',(#3081,#3087,#3088,#3089));
#3081 = ORIENTED_EDGE('',*,*,#3082,.T.);
#3082 = EDGE_CURVE('',#2145,#2254,#3083,.T.);
#3083 = LINE('',#3084,#3085);
#3084 = CARTESIAN_POINT('',(1.270530792283,-0.7,0.));
#3085 = VECTOR('',#3086,1.);
#3086 = DIRECTION('',(1.110223024625E-16,-1.,0.));
#3087 = ORIENTED_EDGE('',*,*,#2262,.T.);
#3088 = ORIENTED_EDGE('',*,*,#3065,.F.);
#3089 = ORIENTED_EDGE('',*,*,#2153,.F.);
#3090 = PLANE('',#3091);
#3091 = AXIS2_PLACEMENT_3D('',#3092,#3093,#3094);
#3092 = CARTESIAN_POINT('',(1.270530792283,-0.7,0.));
#3093 = DIRECTION('',(0.,0.,1.));
#3094 = DIRECTION('',(1.,1.110223024625E-16,-0.));
#3095 = ADVANCED_FACE('',(#3096),#3107,.T.);
#3096 = FACE_BOUND('',#3097,.T.);
#3097 = EDGE_LOOP('',(#3098,#3099,#3100,#3101));
#3098 = ORIENTED_EDGE('',*,*,#2144,.T.);
#3099 = ORIENTED_EDGE('',*,*,#3082,.T.);
#3100 = ORIENTED_EDGE('',*,*,#2253,.F.);
#3101 = ORIENTED_EDGE('',*,*,#3102,.F.);
#3102 = EDGE_CURVE('',#2137,#2246,#3103,.T.);
#3103 = LINE('',#3104,#3105);
#3104 = CARTESIAN_POINT('',(1.02432885403,-0.7,0.206587955583));
#3105 = VECTOR('',#3106,1.);
#3106 = DIRECTION('',(1.110223024625E-16,-1.,0.));
#3107 = CYLINDRICAL_SURFACE('',#3108,0.25);
#3108 = AXIS2_PLACEMENT_3D('',#3109,#3110,#3111);
#3109 = CARTESIAN_POINT('',(1.270530792283,-0.7,0.25));
#3110 = DIRECTION('',(-1.110223024625E-16,1.,0.));
#3111 = DIRECTION('',(-0.984807753012,-1.093356242223E-16,
    -0.173648177667));
#3112 = ADVANCED_FACE('',(#3113),#3119,.F.);
#3113 = FACE_BOUND('',#3114,.F.);
#3114 = EDGE_LOOP('',(#3115,#3116,#3117,#3118));
#3115 = ORIENTED_EDGE('',*,*,#2227,.T.);
#3116 = ORIENTED_EDGE('',*,*,#2245,.T.);
#3117 = ORIENTED_EDGE('',*,*,#3102,.F.);
#3118 = ORIENTED_EDGE('',*,*,#2136,.F.);
#3119 = PLANE('',#3120);
#3120 = AXIS2_PLACEMENT_3D('',#3121,#3122,#3123);
#3121 = CARTESIAN_POINT('',(0.948480775301,-0.7,0.667364817767));
#3122 = DIRECTION('',(0.986721169868,1.095480561672E-16,0.162423314012)
  );
#3123 = DIRECTION('',(0.162423314012,1.803261029519E-17,-0.986721169868)
  );
#3124 = ADVANCED_FACE('',(#3125),#3128,.F.);
#3125 = FACE_BOUND('',#3126,.T.);
#3126 = EDGE_LOOP('',(#3127));
#3127 = ORIENTED_EDGE('',*,*,#2410,.F.);
#3128 = PLANE('',#3129);
#3129 = AXIS2_PLACEMENT_3D('',#3130,#3131,#3132);
#3130 = CARTESIAN_POINT('',(-0.483648457443,1.133648457443,1.55));
#3131 = DIRECTION('',(0.,0.,-1.));
#3132 = DIRECTION('',(1.110223024625E-16,-1.,0.));
#3133 = ( GEOMETRIC_REPRESENTATION_CONTEXT(3) 
GLOBAL_UNCERTAINTY_ASSIGNED_CONTEXT((#3137)) 
GLOBAL_UNIT_ASSIGNED_CONTEXT((#3134,#3135,#3136)) REPRESENTATION_CONTEXT
('Context #1','3D Context with UNIT and UNCERTAINTY') );
#3134 = ( LENGTH_UNIT() NAMED_UNIT(*) SI_UNIT(.MILLI.,.METRE.) );
#3135 = ( NAMED_UNIT(*) PLANE_ANGLE_UNIT() SI_UNIT($,.RADIAN.) );
#3136 = ( NAMED_UNIT(*) SI_UNIT($,.STERADIAN.) SOLID_ANGLE_UNIT() );
#3137 = UNCERTAINTY_MEASURE_WITH_UNIT(LENGTH_MEASURE(1.E-07),#3134,
  'distance_accuracy_value','confusion accuracy');
#3138 = CONTEXT_DEPENDENT_SHAPE_REPRESENTATION(#3139,#3141);
#3139 = ( REPRESENTATION_RELATIONSHIP('','',#63,#40) 
REPRESENTATION_RELATIONSHIP_WITH_TRANSFORMATION(#3140) 
SHAPE_REPRESENTATION_RELATIONSHIP() );
#3140 = ITEM_DEFINED_TRANSFORMATION('','',#11,#41);
#3141 = PRODUCT_DEFINITION_SHAPE('Placement','Placement of an item',
  #3142);
#3142 = NEXT_ASSEMBLY_USAGE_OCCURRENCE('1','=>[0:1:1:3]','',#35,#58,$);
#3143 = PRODUCT_RELATED_PRODUCT_CATEGORY('part',$,(#60));
#3144 = SHAPE_DEFINITION_REPRESENTATION(#3145,#3151);
#3145 = PRODUCT_DEFINITION_SHAPE('','',#3146);
#3146 = PRODUCT_DEFINITION('design','',#3147,#3150);
#3147 = PRODUCT_DEFINITION_FORMATION('','',#3148);
#3148 = PRODUCT(
'electronic_ic_sot_23_5_power_management_linear_voltage_regulator_
se5218alg_render_pad',
'electronic_ic_sot_23_5_power_management_linear_voltage_regulator_
se5218alg_render_pad','',(#3149));
#3149 = PRODUCT_CONTEXT('',#2,'mechanical');
#3150 = PRODUCT_DEFINITION_CONTEXT('part definition',#2,'design');
#3151 = SHAPE_REPRESENTATION('',(#11,#3152,#3442,#3732,#4022,#4312),
  #4602);
#3152 = MANIFOLD_SOLID_BREP('',#3153);
#3153 = CLOSED_SHELL('',(#3154,#3196,#3227,#3260,#3291,#3324,#3355,#3388
    ,#3410,#3426));
#3154 = ADVANCED_FACE('',(#3155),#3191,.T.);
#3155 = FACE_BOUND('',#3156,.T.);
#3156 = EDGE_LOOP('',(#3157,#3167,#3176,#3184));
#3157 = ORIENTED_EDGE('',*,*,#3158,.T.);
#3158 = EDGE_CURVE('',#3159,#3161,#3163,.T.);
#3159 = VERTEX_POINT('',#3160);
#3160 = CARTESIAN_POINT('',(-1.8,1.1,1.51));
#3161 = VERTEX_POINT('',#3162);
#3162 = CARTESIAN_POINT('',(-1.8,1.1,1.55));
#3163 = LINE('',#3164,#3165);
#3164 = CARTESIAN_POINT('',(-1.8,1.1,1.51));
#3165 = VECTOR('',#3166,1.);
#3166 = DIRECTION('',(0.,0.,1.));
#3167 = ORIENTED_EDGE('',*,*,#3168,.T.);
#3168 = EDGE_CURVE('',#3161,#3169,#3171,.T.);
#3169 = VERTEX_POINT('',#3170);
#3170 = CARTESIAN_POINT('',(-1.65,1.25,1.55));
#3171 = CIRCLE('',#3172,0.150000058649);
#3172 = AXIS2_PLACEMENT_3D('',#3173,#3174,#3175);
#3173 = CARTESIAN_POINT('',(-1.649999941351,1.099999941351,1.55));
#3174 = DIRECTION('',(0.,0.,-1.));
#3175 = DIRECTION('',(-1.,3.909953616065E-07,0.));
#3176 = ORIENTED_EDGE('',*,*,#3177,.F.);
#3177 = EDGE_CURVE('',#3178,#3169,#3180,.T.);
#3178 = VERTEX_POINT('',#3179);
#3179 = CARTESIAN_POINT('',(-1.65,1.25,1.51));
#3180 = LINE('',#3181,#3182);
#3181 = CARTESIAN_POINT('',(-1.65,1.25,1.51));
#3182 = VECTOR('',#3183,1.);
#3183 = DIRECTION('',(0.,0.,1.));
#3184 = ORIENTED_EDGE('',*,*,#3185,.F.);
#3185 = EDGE_CURVE('',#3159,#3178,#3186,.T.);
#3186 = CIRCLE('',#3187,0.150000058649);
#3187 = AXIS2_PLACEMENT_3D('',#3188,#3189,#3190);
#3188 = CARTESIAN_POINT('',(-1.649999941351,1.099999941351,1.51));
#3189 = DIRECTION('',(0.,0.,-1.));
#3190 = DIRECTION('',(-1.,3.909953616065E-07,0.));
#3191 = CYLINDRICAL_SURFACE('',#3192,0.150000058649);
#3192 = AXIS2_PLACEMENT_3D('',#3193,#3194,#3195);
#3193 = CARTESIAN_POINT('',(-1.649999941351,1.099999941351,1.51));
#3194 = DIRECTION('',(0.,0.,-1.));
#3195 = DIRECTION('',(-1.,3.909953616065E-07,0.));
#3196 = ADVANCED_FACE('',(#3197),#3222,.T.);
#3197 = FACE_BOUND('',#3198,.T.);
#3198 = EDGE_LOOP('',(#3199,#3200,#3208,#3216));
#3199 = ORIENTED_EDGE('',*,*,#3177,.T.);
#3200 = ORIENTED_EDGE('',*,*,#3201,.T.);
#3201 = EDGE_CURVE('',#3169,#3202,#3204,.T.);
#3202 = VERTEX_POINT('',#3203);
#3203 = CARTESIAN_POINT('',(-0.625,1.25,1.55));
#3204 = LINE('',#3205,#3206);
#3205 = CARTESIAN_POINT('',(-1.65,1.25,1.55));
#3206 = VECTOR('',#3207,1.);
#3207 = DIRECTION('',(1.,0.,0.));
#3208 = ORIENTED_EDGE('',*,*,#3209,.F.);
#3209 = EDGE_CURVE('',#3210,#3202,#3212,.T.);
#3210 = VERTEX_POINT('',#3211);
#3211 = CARTESIAN_POINT('',(-0.625,1.25,1.51));
#3212 = LINE('',#3213,#3214);
#3213 = CARTESIAN_POINT('',(-0.625,1.25,1.51));
#3214 = VECTOR('',#3215,1.);
#3215 = DIRECTION('',(0.,0.,1.));
#3216 = ORIENTED_EDGE('',*,*,#3217,.F.);
#3217 = EDGE_CURVE('',#3178,#3210,#3218,.T.);
#3218 = LINE('',#3219,#3220);
#3219 = CARTESIAN_POINT('',(-1.65,1.25,1.51));
#3220 = VECTOR('',#3221,1.);
#3221 = DIRECTION('',(1.,0.,0.));
#3222 = PLANE('',#3223);
#3223 = AXIS2_PLACEMENT_3D('',#3224,#3225,#3226);
#3224 = CARTESIAN_POINT('',(-1.65,1.25,1.51));
#3225 = DIRECTION('',(0.,1.,0.));
#3226 = DIRECTION('',(1.,0.,0.));
#3227 = ADVANCED_FACE('',(#3228),#3255,.T.);
#3228 = FACE_BOUND('',#3229,.T.);
#3229 = EDGE_LOOP('',(#3230,#3231,#3240,#3248));
#3230 = ORIENTED_EDGE('',*,*,#3209,.T.);
#3231 = ORIENTED_EDGE('',*,*,#3232,.T.);
#3232 = EDGE_CURVE('',#3202,#3233,#3235,.T.);
#3233 = VERTEX_POINT('',#3234);
#3234 = CARTESIAN_POINT('',(-0.475,1.1,1.55));
#3235 = CIRCLE('',#3236,0.150000058649);
#3236 = AXIS2_PLACEMENT_3D('',#3237,#3238,#3239);
#3237 = CARTESIAN_POINT('',(-0.625000058649,1.099999941351,1.55));
#3238 = DIRECTION('',(0.,0.,-1.));
#3239 = DIRECTION('',(3.909953608663E-07,1.,0.));
#3240 = ORIENTED_EDGE('',*,*,#3241,.F.);
#3241 = EDGE_CURVE('',#3242,#3233,#3244,.T.);
#3242 = VERTEX_POINT('',#3243);
#3243 = CARTESIAN_POINT('',(-0.475,1.1,1.51));
#3244 = LINE('',#3245,#3246);
#3245 = CARTESIAN_POINT('',(-0.475,1.1,1.51));
#3246 = VECTOR('',#3247,1.);
#3247 = DIRECTION('',(0.,0.,1.));
#3248 = ORIENTED_EDGE('',*,*,#3249,.F.);
#3249 = EDGE_CURVE('',#3210,#3242,#3250,.T.);
#3250 = CIRCLE('',#3251,0.150000058649);
#3251 = AXIS2_PLACEMENT_3D('',#3252,#3253,#3254);
#3252 = CARTESIAN_POINT('',(-0.625000058649,1.099999941351,1.51));
#3253 = DIRECTION('',(0.,0.,-1.));
#3254 = DIRECTION('',(3.909953608663E-07,1.,0.));
#3255 = CYLINDRICAL_SURFACE('',#3256,0.150000058649);
#3256 = AXIS2_PLACEMENT_3D('',#3257,#3258,#3259);
#3257 = CARTESIAN_POINT('',(-0.625000058649,1.099999941351,1.51));
#3258 = DIRECTION('',(0.,0.,-1.));
#3259 = DIRECTION('',(3.909953608663E-07,1.,0.));
#3260 = ADVANCED_FACE('',(#3261),#3286,.T.);
#3261 = FACE_BOUND('',#3262,.T.);
#3262 = EDGE_LOOP('',(#3263,#3264,#3272,#3280));
#3263 = ORIENTED_EDGE('',*,*,#3241,.T.);
#3264 = ORIENTED_EDGE('',*,*,#3265,.T.);
#3265 = EDGE_CURVE('',#3233,#3266,#3268,.T.);
#3266 = VERTEX_POINT('',#3267);
#3267 = CARTESIAN_POINT('',(-0.475,0.8,1.55));
#3268 = LINE('',#3269,#3270);
#3269 = CARTESIAN_POINT('',(-0.475,1.1,1.55));
#3270 = VECTOR('',#3271,1.);
#3271 = DIRECTION('',(0.,-1.,0.));
#3272 = ORIENTED_EDGE('',*,*,#3273,.F.);
#3273 = EDGE_CURVE('',#3274,#3266,#3276,.T.);
#3274 = VERTEX_POINT('',#3275);
#3275 = CARTESIAN_POINT('',(-0.475,0.8,1.51));
#3276 = LINE('',#3277,#3278);
#3277 = CARTESIAN_POINT('',(-0.475,0.8,1.51));
#3278 = VECTOR('',#3279,1.);
#3279 = DIRECTION('',(0.,0.,1.));
#3280 = ORIENTED_EDGE('',*,*,#3281,.F.);
#3281 = EDGE_CURVE('',#3242,#3274,#3282,.T.);
#3282 = LINE('',#3283,#3284);
#3283 = CARTESIAN_POINT('',(-0.475,1.1,1.51));
#3284 = VECTOR('',#3285,1.);
#3285 = DIRECTION('',(0.,-1.,0.));
#3286 = PLANE('',#3287);
#3287 = AXIS2_PLACEMENT_3D('',#3288,#3289,#3290);
#3288 = CARTESIAN_POINT('',(-0.475,1.1,1.51));
#3289 = DIRECTION('',(1.,0.,-0.));
#3290 = DIRECTION('',(0.,-1.,0.));
#3291 = ADVANCED_FACE('',(#3292),#3319,.T.);
#3292 = FACE_BOUND('',#3293,.T.);
#3293 = EDGE_LOOP('',(#3294,#3295,#3304,#3312));
#3294 = ORIENTED_EDGE('',*,*,#3273,.T.);
#3295 = ORIENTED_EDGE('',*,*,#3296,.T.);
#3296 = EDGE_CURVE('',#3266,#3297,#3299,.T.);
#3297 = VERTEX_POINT('',#3298);
#3298 = CARTESIAN_POINT('',(-0.625,0.65,1.55));
#3299 = CIRCLE('',#3300,0.150000058649);
#3300 = AXIS2_PLACEMENT_3D('',#3301,#3302,#3303);
#3301 = CARTESIAN_POINT('',(-0.625000058649,0.800000058649,1.55));
#3302 = DIRECTION('',(0.,0.,-1.));
#3303 = DIRECTION('',(1.,-3.909953630868E-07,0.));
#3304 = ORIENTED_EDGE('',*,*,#3305,.F.);
#3305 = EDGE_CURVE('',#3306,#3297,#3308,.T.);
#3306 = VERTEX_POINT('',#3307);
#3307 = CARTESIAN_POINT('',(-0.625,0.65,1.51));
#3308 = LINE('',#3309,#3310);
#3309 = CARTESIAN_POINT('',(-0.625,0.65,1.51));
#3310 = VECTOR('',#3311,1.);
#3311 = DIRECTION('',(0.,0.,1.));
#3312 = ORIENTED_EDGE('',*,*,#3313,.F.);
#3313 = EDGE_CURVE('',#3274,#3306,#3314,.T.);
#3314 = CIRCLE('',#3315,0.150000058649);
#3315 = AXIS2_PLACEMENT_3D('',#3316,#3317,#3318);
#3316 = CARTESIAN_POINT('',(-0.625000058649,0.800000058649,1.51));
#3317 = DIRECTION('',(0.,0.,-1.));
#3318 = DIRECTION('',(1.,-3.909953630868E-07,0.));
#3319 = CYLINDRICAL_SURFACE('',#3320,0.150000058649);
#3320 = AXIS2_PLACEMENT_3D('',#3321,#3322,#3323);
#3321 = CARTESIAN_POINT('',(-0.625000058649,0.800000058649,1.51));
#3322 = DIRECTION('',(0.,0.,-1.));
#3323 = DIRECTION('',(1.,-3.909953630868E-07,0.));
#3324 = ADVANCED_FACE('',(#3325),#3350,.T.);
#3325 = FACE_BOUND('',#3326,.T.);
#3326 = EDGE_LOOP('',(#3327,#3328,#3336,#3344));
#3327 = ORIENTED_EDGE('',*,*,#3305,.T.);
#3328 = ORIENTED_EDGE('',*,*,#3329,.T.);
#3329 = EDGE_CURVE('',#3297,#3330,#3332,.T.);
#3330 = VERTEX_POINT('',#3331);
#3331 = CARTESIAN_POINT('',(-1.65,0.65,1.55));
#3332 = LINE('',#3333,#3334);
#3333 = CARTESIAN_POINT('',(-0.625,0.65,1.55));
#3334 = VECTOR('',#3335,1.);
#3335 = DIRECTION('',(-1.,0.,0.));
#3336 = ORIENTED_EDGE('',*,*,#3337,.F.);
#3337 = EDGE_CURVE('',#3338,#3330,#3340,.T.);
#3338 = VERTEX_POINT('',#3339);
#3339 = CARTESIAN_POINT('',(-1.65,0.65,1.51));
#3340 = LINE('',#3341,#3342);
#3341 = CARTESIAN_POINT('',(-1.65,0.65,1.51));
#3342 = VECTOR('',#3343,1.);
#3343 = DIRECTION('',(0.,0.,1.));
#3344 = ORIENTED_EDGE('',*,*,#3345,.F.);
#3345 = EDGE_CURVE('',#3306,#3338,#3346,.T.);
#3346 = LINE('',#3347,#3348);
#3347 = CARTESIAN_POINT('',(-0.625,0.65,1.51));
#3348 = VECTOR('',#3349,1.);
#3349 = DIRECTION('',(-1.,0.,0.));
#3350 = PLANE('',#3351);
#3351 = AXIS2_PLACEMENT_3D('',#3352,#3353,#3354);
#3352 = CARTESIAN_POINT('',(-0.625,0.65,1.51));
#3353 = DIRECTION('',(0.,-1.,0.));
#3354 = DIRECTION('',(-1.,0.,0.));
#3355 = ADVANCED_FACE('',(#3356),#3383,.T.);
#3356 = FACE_BOUND('',#3357,.T.);
#3357 = EDGE_LOOP('',(#3358,#3359,#3368,#3376));
#3358 = ORIENTED_EDGE('',*,*,#3337,.T.);
#3359 = ORIENTED_EDGE('',*,*,#3360,.T.);
#3360 = EDGE_CURVE('',#3330,#3361,#3363,.T.);
#3361 = VERTEX_POINT('',#3362);
#3362 = CARTESIAN_POINT('',(-1.8,0.8,1.55));
#3363 = CIRCLE('',#3364,0.150000058649);
#3364 = AXIS2_PLACEMENT_3D('',#3365,#3366,#3367);
#3365 = CARTESIAN_POINT('',(-1.649999941351,0.800000058649,1.55));
#3366 = DIRECTION('',(0.,0.,-1.));
#3367 = DIRECTION('',(-3.909953616065E-07,-1.,-0.));
#3368 = ORIENTED_EDGE('',*,*,#3369,.F.);
#3369 = EDGE_CURVE('',#3370,#3361,#3372,.T.);
#3370 = VERTEX_POINT('',#3371);
#3371 = CARTESIAN_POINT('',(-1.8,0.8,1.51));
#3372 = LINE('',#3373,#3374);
#3373 = CARTESIAN_POINT('',(-1.8,0.8,1.51));
#3374 = VECTOR('',#3375,1.);
#3375 = DIRECTION('',(0.,0.,1.));
#3376 = ORIENTED_EDGE('',*,*,#3377,.F.);
#3377 = EDGE_CURVE('',#3338,#3370,#3378,.T.);
#3378 = CIRCLE('',#3379,0.150000058649);
#3379 = AXIS2_PLACEMENT_3D('',#3380,#3381,#3382);
#3380 = CARTESIAN_POINT('',(-1.649999941351,0.800000058649,1.51));
#3381 = DIRECTION('',(0.,0.,-1.));
#3382 = DIRECTION('',(-3.909953616065E-07,-1.,-0.));
#3383 = CYLINDRICAL_SURFACE('',#3384,0.150000058649);
#3384 = AXIS2_PLACEMENT_3D('',#3385,#3386,#3387);
#3385 = CARTESIAN_POINT('',(-1.649999941351,0.800000058649,1.51));
#3386 = DIRECTION('',(0.,0.,-1.));
#3387 = DIRECTION('',(-3.909953616065E-07,-1.,-0.));
#3388 = ADVANCED_FACE('',(#3389),#3405,.T.);
#3389 = FACE_BOUND('',#3390,.T.);
#3390 = EDGE_LOOP('',(#3391,#3392,#3398,#3399));
#3391 = ORIENTED_EDGE('',*,*,#3369,.T.);
#3392 = ORIENTED_EDGE('',*,*,#3393,.T.);
#3393 = EDGE_CURVE('',#3361,#3161,#3394,.T.);
#3394 = LINE('',#3395,#3396);
#3395 = CARTESIAN_POINT('',(-1.8,0.8,1.55));
#3396 = VECTOR('',#3397,1.);
#3397 = DIRECTION('',(0.,1.,0.));
#3398 = ORIENTED_EDGE('',*,*,#3158,.F.);
#3399 = ORIENTED_EDGE('',*,*,#3400,.F.);
#3400 = EDGE_CURVE('',#3370,#3159,#3401,.T.);
#3401 = LINE('',#3402,#3403);
#3402 = CARTESIAN_POINT('',(-1.8,0.8,1.51));
#3403 = VECTOR('',#3404,1.);
#3404 = DIRECTION('',(0.,1.,0.));
#3405 = PLANE('',#3406);
#3406 = AXIS2_PLACEMENT_3D('',#3407,#3408,#3409);
#3407 = CARTESIAN_POINT('',(-1.8,0.8,1.51));
#3408 = DIRECTION('',(-1.,0.,0.));
#3409 = DIRECTION('',(0.,1.,0.));
#3410 = ADVANCED_FACE('',(#3411),#3421,.F.);
#3411 = FACE_BOUND('',#3412,.T.);
#3412 = EDGE_LOOP('',(#3413,#3414,#3415,#3416,#3417,#3418,#3419,#3420));
#3413 = ORIENTED_EDGE('',*,*,#3185,.T.);
#3414 = ORIENTED_EDGE('',*,*,#3217,.T.);
#3415 = ORIENTED_EDGE('',*,*,#3249,.T.);
#3416 = ORIENTED_EDGE('',*,*,#3281,.T.);
#3417 = ORIENTED_EDGE('',*,*,#3313,.T.);
#3418 = ORIENTED_EDGE('',*,*,#3345,.T.);
#3419 = ORIENTED_EDGE('',*,*,#3377,.T.);
#3420 = ORIENTED_EDGE('',*,*,#3400,.T.);
#3421 = PLANE('',#3422);
#3422 = AXIS2_PLACEMENT_3D('',#3423,#3424,#3425);
#3423 = CARTESIAN_POINT('',(0.,0.,1.51));
#3424 = DIRECTION('',(0.,0.,1.));
#3425 = DIRECTION('',(1.,0.,-0.));
#3426 = ADVANCED_FACE('',(#3427),#3437,.T.);
#3427 = FACE_BOUND('',#3428,.F.);
#3428 = EDGE_LOOP('',(#3429,#3430,#3431,#3432,#3433,#3434,#3435,#3436));
#3429 = ORIENTED_EDGE('',*,*,#3168,.T.);
#3430 = ORIENTED_EDGE('',*,*,#3201,.T.);
#3431 = ORIENTED_EDGE('',*,*,#3232,.T.);
#3432 = ORIENTED_EDGE('',*,*,#3265,.T.);
#3433 = ORIENTED_EDGE('',*,*,#3296,.T.);
#3434 = ORIENTED_EDGE('',*,*,#3329,.T.);
#3435 = ORIENTED_EDGE('',*,*,#3360,.T.);
#3436 = ORIENTED_EDGE('',*,*,#3393,.T.);
#3437 = PLANE('',#3438);
#3438 = AXIS2_PLACEMENT_3D('',#3439,#3440,#3441);
#3439 = CARTESIAN_POINT('',(0.,0.,1.55));
#3440 = DIRECTION('',(0.,0.,1.));
#3441 = DIRECTION('',(1.,0.,-0.));
#3442 = MANIFOLD_SOLID_BREP('',#3443);
#3443 = CLOSED_SHELL('',(#3444,#3486,#3517,#3550,#3581,#3614,#3645,#3678
    ,#3700,#3716));
#3444 = ADVANCED_FACE('',(#3445),#3481,.T.);
#3445 = FACE_BOUND('',#3446,.T.);
#3446 = EDGE_LOOP('',(#3447,#3457,#3466,#3474));
#3447 = ORIENTED_EDGE('',*,*,#3448,.T.);
#3448 = EDGE_CURVE('',#3449,#3451,#3453,.T.);
#3449 = VERTEX_POINT('',#3450);
#3450 = CARTESIAN_POINT('',(-1.8,0.15,1.51));
#3451 = VERTEX_POINT('',#3452);
#3452 = CARTESIAN_POINT('',(-1.8,0.15,1.55));
#3453 = LINE('',#3454,#3455);
#3454 = CARTESIAN_POINT('',(-1.8,0.15,1.51));
#3455 = VECTOR('',#3456,1.);
#3456 = DIRECTION('',(0.,0.,1.));
#3457 = ORIENTED_EDGE('',*,*,#3458,.T.);
#3458 = EDGE_CURVE('',#3451,#3459,#3461,.T.);
#3459 = VERTEX_POINT('',#3460);
#3460 = CARTESIAN_POINT('',(-1.65,0.3,1.55));
#3461 = CIRCLE('',#3462,0.150000058649);
#3462 = AXIS2_PLACEMENT_3D('',#3463,#3464,#3465);
#3463 = CARTESIAN_POINT('',(-1.649999941351,0.149999941351,1.55));
#3464 = DIRECTION('',(0.,0.,-1.));
#3465 = DIRECTION('',(-1.,3.909953629017E-07,0.));
#3466 = ORIENTED_EDGE('',*,*,#3467,.F.);
#3467 = EDGE_CURVE('',#3468,#3459,#3470,.T.);
#3468 = VERTEX_POINT('',#3469);
#3469 = CARTESIAN_POINT('',(-1.65,0.3,1.51));
#3470 = LINE('',#3471,#3472);
#3471 = CARTESIAN_POINT('',(-1.65,0.3,1.51));
#3472 = VECTOR('',#3473,1.);
#3473 = DIRECTION('',(0.,0.,1.));
#3474 = ORIENTED_EDGE('',*,*,#3475,.F.);
#3475 = EDGE_CURVE('',#3449,#3468,#3476,.T.);
#3476 = CIRCLE('',#3477,0.150000058649);
#3477 = AXIS2_PLACEMENT_3D('',#3478,#3479,#3480);
#3478 = CARTESIAN_POINT('',(-1.649999941351,0.149999941351,1.51));
#3479 = DIRECTION('',(0.,0.,-1.));
#3480 = DIRECTION('',(-1.,3.909953629017E-07,0.));
#3481 = CYLINDRICAL_SURFACE('',#3482,0.150000058649);
#3482 = AXIS2_PLACEMENT_3D('',#3483,#3484,#3485);
#3483 = CARTESIAN_POINT('',(-1.649999941351,0.149999941351,1.51));
#3484 = DIRECTION('',(0.,0.,-1.));
#3485 = DIRECTION('',(-1.,3.909953629017E-07,0.));
#3486 = ADVANCED_FACE('',(#3487),#3512,.T.);
#3487 = FACE_BOUND('',#3488,.T.);
#3488 = EDGE_LOOP('',(#3489,#3490,#3498,#3506));
#3489 = ORIENTED_EDGE('',*,*,#3467,.T.);
#3490 = ORIENTED_EDGE('',*,*,#3491,.T.);
#3491 = EDGE_CURVE('',#3459,#3492,#3494,.T.);
#3492 = VERTEX_POINT('',#3493);
#3493 = CARTESIAN_POINT('',(-0.625,0.3,1.55));
#3494 = LINE('',#3495,#3496);
#3495 = CARTESIAN_POINT('',(-1.65,0.3,1.55));
#3496 = VECTOR('',#3497,1.);
#3497 = DIRECTION('',(1.,0.,0.));
#3498 = ORIENTED_EDGE('',*,*,#3499,.F.);
#3499 = EDGE_CURVE('',#3500,#3492,#3502,.T.);
#3500 = VERTEX_POINT('',#3501);
#3501 = CARTESIAN_POINT('',(-0.625,0.3,1.51));
#3502 = LINE('',#3503,#3504);
#3503 = CARTESIAN_POINT('',(-0.625,0.3,1.51));
#3504 = VECTOR('',#3505,1.);
#3505 = DIRECTION('',(0.,0.,1.));
#3506 = ORIENTED_EDGE('',*,*,#3507,.F.);
#3507 = EDGE_CURVE('',#3468,#3500,#3508,.T.);
#3508 = LINE('',#3509,#3510);
#3509 = CARTESIAN_POINT('',(-1.65,0.3,1.51));
#3510 = VECTOR('',#3511,1.);
#3511 = DIRECTION('',(1.,0.,0.));
#3512 = PLANE('',#3513);
#3513 = AXIS2_PLACEMENT_3D('',#3514,#3515,#3516);
#3514 = CARTESIAN_POINT('',(-1.65,0.3,1.51));
#3515 = DIRECTION('',(0.,1.,0.));
#3516 = DIRECTION('',(1.,0.,0.));
#3517 = ADVANCED_FACE('',(#3518),#3545,.T.);
#3518 = FACE_BOUND('',#3519,.T.);
#3519 = EDGE_LOOP('',(#3520,#3521,#3530,#3538));
#3520 = ORIENTED_EDGE('',*,*,#3499,.T.);
#3521 = ORIENTED_EDGE('',*,*,#3522,.T.);
#3522 = EDGE_CURVE('',#3492,#3523,#3525,.T.);
#3523 = VERTEX_POINT('',#3524);
#3524 = CARTESIAN_POINT('',(-0.475,0.15,1.55));
#3525 = CIRCLE('',#3526,0.150000058649);
#3526 = AXIS2_PLACEMENT_3D('',#3527,#3528,#3529);
#3527 = CARTESIAN_POINT('',(-0.625000058649,0.149999941351,1.55));
#3528 = DIRECTION('',(0.,0.,-1.));
#3529 = DIRECTION('',(3.909953616065E-07,1.,0.));
#3530 = ORIENTED_EDGE('',*,*,#3531,.F.);
#3531 = EDGE_CURVE('',#3532,#3523,#3534,.T.);
#3532 = VERTEX_POINT('',#3533);
#3533 = CARTESIAN_POINT('',(-0.475,0.15,1.51));
#3534 = LINE('',#3535,#3536);
#3535 = CARTESIAN_POINT('',(-0.475,0.15,1.51));
#3536 = VECTOR('',#3537,1.);
#3537 = DIRECTION('',(0.,0.,1.));
#3538 = ORIENTED_EDGE('',*,*,#3539,.F.);
#3539 = EDGE_CURVE('',#3500,#3532,#3540,.T.);
#3540 = CIRCLE('',#3541,0.150000058649);
#3541 = AXIS2_PLACEMENT_3D('',#3542,#3543,#3544);
#3542 = CARTESIAN_POINT('',(-0.625000058649,0.149999941351,1.51));
#3543 = DIRECTION('',(0.,0.,-1.));
#3544 = DIRECTION('',(3.909953616065E-07,1.,0.));
#3545 = CYLINDRICAL_SURFACE('',#3546,0.150000058649);
#3546 = AXIS2_PLACEMENT_3D('',#3547,#3548,#3549);
#3547 = CARTESIAN_POINT('',(-0.625000058649,0.149999941351,1.51));
#3548 = DIRECTION('',(0.,0.,-1.));
#3549 = DIRECTION('',(3.909953616065E-07,1.,0.));
#3550 = ADVANCED_FACE('',(#3551),#3576,.T.);
#3551 = FACE_BOUND('',#3552,.T.);
#3552 = EDGE_LOOP('',(#3553,#3554,#3562,#3570));
#3553 = ORIENTED_EDGE('',*,*,#3531,.T.);
#3554 = ORIENTED_EDGE('',*,*,#3555,.T.);
#3555 = EDGE_CURVE('',#3523,#3556,#3558,.T.);
#3556 = VERTEX_POINT('',#3557);
#3557 = CARTESIAN_POINT('',(-0.475,-0.15,1.55));
#3558 = LINE('',#3559,#3560);
#3559 = CARTESIAN_POINT('',(-0.475,0.15,1.55));
#3560 = VECTOR('',#3561,1.);
#3561 = DIRECTION('',(0.,-1.,0.));
#3562 = ORIENTED_EDGE('',*,*,#3563,.F.);
#3563 = EDGE_CURVE('',#3564,#3556,#3566,.T.);
#3564 = VERTEX_POINT('',#3565);
#3565 = CARTESIAN_POINT('',(-0.475,-0.15,1.51));
#3566 = LINE('',#3567,#3568);
#3567 = CARTESIAN_POINT('',(-0.475,-0.15,1.51));
#3568 = VECTOR('',#3569,1.);
#3569 = DIRECTION('',(0.,0.,1.));
#3570 = ORIENTED_EDGE('',*,*,#3571,.F.);
#3571 = EDGE_CURVE('',#3532,#3564,#3572,.T.);
#3572 = LINE('',#3573,#3574);
#3573 = CARTESIAN_POINT('',(-0.475,0.15,1.51));
#3574 = VECTOR('',#3575,1.);
#3575 = DIRECTION('',(0.,-1.,0.));
#3576 = PLANE('',#3577);
#3577 = AXIS2_PLACEMENT_3D('',#3578,#3579,#3580);
#3578 = CARTESIAN_POINT('',(-0.475,0.15,1.51));
#3579 = DIRECTION('',(1.,0.,-0.));
#3580 = DIRECTION('',(0.,-1.,0.));
#3581 = ADVANCED_FACE('',(#3582),#3609,.T.);
#3582 = FACE_BOUND('',#3583,.T.);
#3583 = EDGE_LOOP('',(#3584,#3585,#3594,#3602));
#3584 = ORIENTED_EDGE('',*,*,#3563,.T.);
#3585 = ORIENTED_EDGE('',*,*,#3586,.T.);
#3586 = EDGE_CURVE('',#3556,#3587,#3589,.T.);
#3587 = VERTEX_POINT('',#3588);
#3588 = CARTESIAN_POINT('',(-0.625,-0.3,1.55));
#3589 = CIRCLE('',#3590,0.150000058649);
#3590 = AXIS2_PLACEMENT_3D('',#3591,#3592,#3593);
#3591 = CARTESIAN_POINT('',(-0.625000058649,-0.149999941351,1.55));
#3592 = DIRECTION('',(0.,0.,-1.));
#3593 = DIRECTION('',(1.,-3.909953617915E-07,0.));
#3594 = ORIENTED_EDGE('',*,*,#3595,.F.);
#3595 = EDGE_CURVE('',#3596,#3587,#3598,.T.);
#3596 = VERTEX_POINT('',#3597);
#3597 = CARTESIAN_POINT('',(-0.625,-0.3,1.51));
#3598 = LINE('',#3599,#3600);
#3599 = CARTESIAN_POINT('',(-0.625,-0.3,1.51));
#3600 = VECTOR('',#3601,1.);
#3601 = DIRECTION('',(0.,0.,1.));
#3602 = ORIENTED_EDGE('',*,*,#3603,.F.);
#3603 = EDGE_CURVE('',#3564,#3596,#3604,.T.);
#3604 = CIRCLE('',#3605,0.150000058649);
#3605 = AXIS2_PLACEMENT_3D('',#3606,#3607,#3608);
#3606 = CARTESIAN_POINT('',(-0.625000058649,-0.149999941351,1.51));
#3607 = DIRECTION('',(0.,0.,-1.));
#3608 = DIRECTION('',(1.,-3.909953617915E-07,0.));
#3609 = CYLINDRICAL_SURFACE('',#3610,0.150000058649);
#3610 = AXIS2_PLACEMENT_3D('',#3611,#3612,#3613);
#3611 = CARTESIAN_POINT('',(-0.625000058649,-0.149999941351,1.51));
#3612 = DIRECTION('',(0.,0.,-1.));
#3613 = DIRECTION('',(1.,-3.909953617915E-07,0.));
#3614 = ADVANCED_FACE('',(#3615),#3640,.T.);
#3615 = FACE_BOUND('',#3616,.T.);
#3616 = EDGE_LOOP('',(#3617,#3618,#3626,#3634));
#3617 = ORIENTED_EDGE('',*,*,#3595,.T.);
#3618 = ORIENTED_EDGE('',*,*,#3619,.T.);
#3619 = EDGE_CURVE('',#3587,#3620,#3622,.T.);
#3620 = VERTEX_POINT('',#3621);
#3621 = CARTESIAN_POINT('',(-1.65,-0.3,1.55));
#3622 = LINE('',#3623,#3624);
#3623 = CARTESIAN_POINT('',(-0.625,-0.3,1.55));
#3624 = VECTOR('',#3625,1.);
#3625 = DIRECTION('',(-1.,0.,0.));
#3626 = ORIENTED_EDGE('',*,*,#3627,.F.);
#3627 = EDGE_CURVE('',#3628,#3620,#3630,.T.);
#3628 = VERTEX_POINT('',#3629);
#3629 = CARTESIAN_POINT('',(-1.65,-0.3,1.51));
#3630 = LINE('',#3631,#3632);
#3631 = CARTESIAN_POINT('',(-1.65,-0.3,1.51));
#3632 = VECTOR('',#3633,1.);
#3633 = DIRECTION('',(0.,0.,1.));
#3634 = ORIENTED_EDGE('',*,*,#3635,.F.);
#3635 = EDGE_CURVE('',#3596,#3628,#3636,.T.);
#3636 = LINE('',#3637,#3638);
#3637 = CARTESIAN_POINT('',(-0.625,-0.3,1.51));
#3638 = VECTOR('',#3639,1.);
#3639 = DIRECTION('',(-1.,0.,0.));
#3640 = PLANE('',#3641);
#3641 = AXIS2_PLACEMENT_3D('',#3642,#3643,#3644);
#3642 = CARTESIAN_POINT('',(-0.625,-0.3,1.51));
#3643 = DIRECTION('',(0.,-1.,0.));
#3644 = DIRECTION('',(-1.,0.,0.));
#3645 = ADVANCED_FACE('',(#3646),#3673,.T.);
#3646 = FACE_BOUND('',#3647,.T.);
#3647 = EDGE_LOOP('',(#3648,#3649,#3658,#3666));
#3648 = ORIENTED_EDGE('',*,*,#3627,.T.);
#3649 = ORIENTED_EDGE('',*,*,#3650,.T.);
#3650 = EDGE_CURVE('',#3620,#3651,#3653,.T.);
#3651 = VERTEX_POINT('',#3652);
#3652 = CARTESIAN_POINT('',(-1.8,-0.15,1.55));
#3653 = CIRCLE('',#3654,0.150000058649);
#3654 = AXIS2_PLACEMENT_3D('',#3655,#3656,#3657);
#3655 = CARTESIAN_POINT('',(-1.649999941351,-0.149999941351,1.55));
#3656 = DIRECTION('',(0.,0.,-1.));
#3657 = DIRECTION('',(-3.909953616065E-07,-1.,-0.));
#3658 = ORIENTED_EDGE('',*,*,#3659,.F.);
#3659 = EDGE_CURVE('',#3660,#3651,#3662,.T.);
#3660 = VERTEX_POINT('',#3661);
#3661 = CARTESIAN_POINT('',(-1.8,-0.15,1.51));
#3662 = LINE('',#3663,#3664);
#3663 = CARTESIAN_POINT('',(-1.8,-0.15,1.51));
#3664 = VECTOR('',#3665,1.);
#3665 = DIRECTION('',(0.,0.,1.));
#3666 = ORIENTED_EDGE('',*,*,#3667,.F.);
#3667 = EDGE_CURVE('',#3628,#3660,#3668,.T.);
#3668 = CIRCLE('',#3669,0.150000058649);
#3669 = AXIS2_PLACEMENT_3D('',#3670,#3671,#3672);
#3670 = CARTESIAN_POINT('',(-1.649999941351,-0.149999941351,1.51));
#3671 = DIRECTION('',(0.,0.,-1.));
#3672 = DIRECTION('',(-3.909953616065E-07,-1.,-0.));
#3673 = CYLINDRICAL_SURFACE('',#3674,0.150000058649);
#3674 = AXIS2_PLACEMENT_3D('',#3675,#3676,#3677);
#3675 = CARTESIAN_POINT('',(-1.649999941351,-0.149999941351,1.51));
#3676 = DIRECTION('',(0.,0.,-1.));
#3677 = DIRECTION('',(-3.909953616065E-07,-1.,-0.));
#3678 = ADVANCED_FACE('',(#3679),#3695,.T.);
#3679 = FACE_BOUND('',#3680,.T.);
#3680 = EDGE_LOOP('',(#3681,#3682,#3688,#3689));
#3681 = ORIENTED_EDGE('',*,*,#3659,.T.);
#3682 = ORIENTED_EDGE('',*,*,#3683,.T.);
#3683 = EDGE_CURVE('',#3651,#3451,#3684,.T.);
#3684 = LINE('',#3685,#3686);
#3685 = CARTESIAN_POINT('',(-1.8,-0.15,1.55));
#3686 = VECTOR('',#3687,1.);
#3687 = DIRECTION('',(0.,1.,0.));
#3688 = ORIENTED_EDGE('',*,*,#3448,.F.);
#3689 = ORIENTED_EDGE('',*,*,#3690,.F.);
#3690 = EDGE_CURVE('',#3660,#3449,#3691,.T.);
#3691 = LINE('',#3692,#3693);
#3692 = CARTESIAN_POINT('',(-1.8,-0.15,1.51));
#3693 = VECTOR('',#3694,1.);
#3694 = DIRECTION('',(0.,1.,0.));
#3695 = PLANE('',#3696);
#3696 = AXIS2_PLACEMENT_3D('',#3697,#3698,#3699);
#3697 = CARTESIAN_POINT('',(-1.8,-0.15,1.51));
#3698 = DIRECTION('',(-1.,0.,0.));
#3699 = DIRECTION('',(0.,1.,0.));
#3700 = ADVANCED_FACE('',(#3701),#3711,.F.);
#3701 = FACE_BOUND('',#3702,.T.);
#3702 = EDGE_LOOP('',(#3703,#3704,#3705,#3706,#3707,#3708,#3709,#3710));
#3703 = ORIENTED_EDGE('',*,*,#3475,.T.);
#3704 = ORIENTED_EDGE('',*,*,#3507,.T.);
#3705 = ORIENTED_EDGE('',*,*,#3539,.T.);
#3706 = ORIENTED_EDGE('',*,*,#3571,.T.);
#3707 = ORIENTED_EDGE('',*,*,#3603,.T.);
#3708 = ORIENTED_EDGE('',*,*,#3635,.T.);
#3709 = ORIENTED_EDGE('',*,*,#3667,.T.);
#3710 = ORIENTED_EDGE('',*,*,#3690,.T.);
#3711 = PLANE('',#3712);
#3712 = AXIS2_PLACEMENT_3D('',#3713,#3714,#3715);
#3713 = CARTESIAN_POINT('',(0.,0.,1.51));
#3714 = DIRECTION('',(0.,0.,1.));
#3715 = DIRECTION('',(1.,0.,-0.));
#3716 = ADVANCED_FACE('',(#3717),#3727,.T.);
#3717 = FACE_BOUND('',#3718,.F.);
#3718 = EDGE_LOOP('',(#3719,#3720,#3721,#3722,#3723,#3724,#3725,#3726));
#3719 = ORIENTED_EDGE('',*,*,#3458,.T.);
#3720 = ORIENTED_EDGE('',*,*,#3491,.T.);
#3721 = ORIENTED_EDGE('',*,*,#3522,.T.);
#3722 = ORIENTED_EDGE('',*,*,#3555,.T.);
#3723 = ORIENTED_EDGE('',*,*,#3586,.T.);
#3724 = ORIENTED_EDGE('',*,*,#3619,.T.);
#3725 = ORIENTED_EDGE('',*,*,#3650,.T.);
#3726 = ORIENTED_EDGE('',*,*,#3683,.T.);
#3727 = PLANE('',#3728);
#3728 = AXIS2_PLACEMENT_3D('',#3729,#3730,#3731);
#3729 = CARTESIAN_POINT('',(0.,0.,1.55));
#3730 = DIRECTION('',(0.,0.,1.));
#3731 = DIRECTION('',(1.,0.,-0.));
#3732 = MANIFOLD_SOLID_BREP('',#3733);
#3733 = CLOSED_SHELL('',(#3734,#3776,#3807,#3840,#3871,#3904,#3935,#3968
    ,#3990,#4006));
#3734 = ADVANCED_FACE('',(#3735),#3771,.T.);
#3735 = FACE_BOUND('',#3736,.T.);
#3736 = EDGE_LOOP('',(#3737,#3747,#3756,#3764));
#3737 = ORIENTED_EDGE('',*,*,#3738,.T.);
#3738 = EDGE_CURVE('',#3739,#3741,#3743,.T.);
#3739 = VERTEX_POINT('',#3740);
#3740 = CARTESIAN_POINT('',(-1.8,-0.8,1.51));
#3741 = VERTEX_POINT('',#3742);
#3742 = CARTESIAN_POINT('',(-1.8,-0.8,1.55));
#3743 = LINE('',#3744,#3745);
#3744 = CARTESIAN_POINT('',(-1.8,-0.8,1.51));
#3745 = VECTOR('',#3746,1.);
#3746 = DIRECTION('',(0.,0.,1.));
#3747 = ORIENTED_EDGE('',*,*,#3748,.T.);
#3748 = EDGE_CURVE('',#3741,#3749,#3751,.T.);
#3749 = VERTEX_POINT('',#3750);
#3750 = CARTESIAN_POINT('',(-1.65,-0.65,1.55));
#3751 = CIRCLE('',#3752,0.150000058649);
#3752 = AXIS2_PLACEMENT_3D('',#3753,#3754,#3755);
#3753 = CARTESIAN_POINT('',(-1.649999941351,-0.800000058649,1.55));
#3754 = DIRECTION('',(0.,0.,-1.));
#3755 = DIRECTION('',(-1.,3.909953630868E-07,0.));
#3756 = ORIENTED_EDGE('',*,*,#3757,.F.);
#3757 = EDGE_CURVE('',#3758,#3749,#3760,.T.);
#3758 = VERTEX_POINT('',#3759);
#3759 = CARTESIAN_POINT('',(-1.65,-0.65,1.51));
#3760 = LINE('',#3761,#3762);
#3761 = CARTESIAN_POINT('',(-1.65,-0.65,1.51));
#3762 = VECTOR('',#3763,1.);
#3763 = DIRECTION('',(0.,0.,1.));
#3764 = ORIENTED_EDGE('',*,*,#3765,.F.);
#3765 = EDGE_CURVE('',#3739,#3758,#3766,.T.);
#3766 = CIRCLE('',#3767,0.150000058649);
#3767 = AXIS2_PLACEMENT_3D('',#3768,#3769,#3770);
#3768 = CARTESIAN_POINT('',(-1.649999941351,-0.800000058649,1.51));
#3769 = DIRECTION('',(0.,0.,-1.));
#3770 = DIRECTION('',(-1.,3.909953630868E-07,0.));
#3771 = CYLINDRICAL_SURFACE('',#3772,0.150000058649);
#3772 = AXIS2_PLACEMENT_3D('',#3773,#3774,#3775);
#3773 = CARTESIAN_POINT('',(-1.649999941351,-0.800000058649,1.51));
#3774 = DIRECTION('',(0.,0.,-1.));
#3775 = DIRECTION('',(-1.,3.909953630868E-07,0.));
#3776 = ADVANCED_FACE('',(#3777),#3802,.T.);
#3777 = FACE_BOUND('',#3778,.T.);
#3778 = EDGE_LOOP('',(#3779,#3780,#3788,#3796));
#3779 = ORIENTED_EDGE('',*,*,#3757,.T.);
#3780 = ORIENTED_EDGE('',*,*,#3781,.T.);
#3781 = EDGE_CURVE('',#3749,#3782,#3784,.T.);
#3782 = VERTEX_POINT('',#3783);
#3783 = CARTESIAN_POINT('',(-0.625,-0.65,1.55));
#3784 = LINE('',#3785,#3786);
#3785 = CARTESIAN_POINT('',(-1.65,-0.65,1.55));
#3786 = VECTOR('',#3787,1.);
#3787 = DIRECTION('',(1.,0.,0.));
#3788 = ORIENTED_EDGE('',*,*,#3789,.F.);
#3789 = EDGE_CURVE('',#3790,#3782,#3792,.T.);
#3790 = VERTEX_POINT('',#3791);
#3791 = CARTESIAN_POINT('',(-0.625,-0.65,1.51));
#3792 = LINE('',#3793,#3794);
#3793 = CARTESIAN_POINT('',(-0.625,-0.65,1.51));
#3794 = VECTOR('',#3795,1.);
#3795 = DIRECTION('',(0.,0.,1.));
#3796 = ORIENTED_EDGE('',*,*,#3797,.F.);
#3797 = EDGE_CURVE('',#3758,#3790,#3798,.T.);
#3798 = LINE('',#3799,#3800);
#3799 = CARTESIAN_POINT('',(-1.65,-0.65,1.51));
#3800 = VECTOR('',#3801,1.);
#3801 = DIRECTION('',(1.,0.,0.));
#3802 = PLANE('',#3803);
#3803 = AXIS2_PLACEMENT_3D('',#3804,#3805,#3806);
#3804 = CARTESIAN_POINT('',(-1.65,-0.65,1.51));
#3805 = DIRECTION('',(0.,1.,0.));
#3806 = DIRECTION('',(1.,0.,0.));
#3807 = ADVANCED_FACE('',(#3808),#3835,.T.);
#3808 = FACE_BOUND('',#3809,.T.);
#3809 = EDGE_LOOP('',(#3810,#3811,#3820,#3828));
#3810 = ORIENTED_EDGE('',*,*,#3789,.T.);
#3811 = ORIENTED_EDGE('',*,*,#3812,.T.);
#3812 = EDGE_CURVE('',#3782,#3813,#3815,.T.);
#3813 = VERTEX_POINT('',#3814);
#3814 = CARTESIAN_POINT('',(-0.475,-0.8,1.55));
#3815 = CIRCLE('',#3816,0.150000058649);
#3816 = AXIS2_PLACEMENT_3D('',#3817,#3818,#3819);
#3817 = CARTESIAN_POINT('',(-0.625000058649,-0.800000058649,1.55));
#3818 = DIRECTION('',(0.,0.,-1.));
#3819 = DIRECTION('',(3.909953630868E-07,1.,0.));
#3820 = ORIENTED_EDGE('',*,*,#3821,.F.);
#3821 = EDGE_CURVE('',#3822,#3813,#3824,.T.);
#3822 = VERTEX_POINT('',#3823);
#3823 = CARTESIAN_POINT('',(-0.475,-0.8,1.51));
#3824 = LINE('',#3825,#3826);
#3825 = CARTESIAN_POINT('',(-0.475,-0.8,1.51));
#3826 = VECTOR('',#3827,1.);
#3827 = DIRECTION('',(0.,0.,1.));
#3828 = ORIENTED_EDGE('',*,*,#3829,.F.);
#3829 = EDGE_CURVE('',#3790,#3822,#3830,.T.);
#3830 = CIRCLE('',#3831,0.150000058649);
#3831 = AXIS2_PLACEMENT_3D('',#3832,#3833,#3834);
#3832 = CARTESIAN_POINT('',(-0.625000058649,-0.800000058649,1.51));
#3833 = DIRECTION('',(0.,0.,-1.));
#3834 = DIRECTION('',(3.909953630868E-07,1.,0.));
#3835 = CYLINDRICAL_SURFACE('',#3836,0.150000058649);
#3836 = AXIS2_PLACEMENT_3D('',#3837,#3838,#3839);
#3837 = CARTESIAN_POINT('',(-0.625000058649,-0.800000058649,1.51));
#3838 = DIRECTION('',(0.,0.,-1.));
#3839 = DIRECTION('',(3.909953630868E-07,1.,0.));
#3840 = ADVANCED_FACE('',(#3841),#3866,.T.);
#3841 = FACE_BOUND('',#3842,.T.);
#3842 = EDGE_LOOP('',(#3843,#3844,#3852,#3860));
#3843 = ORIENTED_EDGE('',*,*,#3821,.T.);
#3844 = ORIENTED_EDGE('',*,*,#3845,.T.);
#3845 = EDGE_CURVE('',#3813,#3846,#3848,.T.);
#3846 = VERTEX_POINT('',#3847);
#3847 = CARTESIAN_POINT('',(-0.475,-1.1,1.55));
#3848 = LINE('',#3849,#3850);
#3849 = CARTESIAN_POINT('',(-0.475,-0.8,1.55));
#3850 = VECTOR('',#3851,1.);
#3851 = DIRECTION('',(0.,-1.,0.));
#3852 = ORIENTED_EDGE('',*,*,#3853,.F.);
#3853 = EDGE_CURVE('',#3854,#3846,#3856,.T.);
#3854 = VERTEX_POINT('',#3855);
#3855 = CARTESIAN_POINT('',(-0.475,-1.1,1.51));
#3856 = LINE('',#3857,#3858);
#3857 = CARTESIAN_POINT('',(-0.475,-1.1,1.51));
#3858 = VECTOR('',#3859,1.);
#3859 = DIRECTION('',(0.,0.,1.));
#3860 = ORIENTED_EDGE('',*,*,#3861,.F.);
#3861 = EDGE_CURVE('',#3822,#3854,#3862,.T.);
#3862 = LINE('',#3863,#3864);
#3863 = CARTESIAN_POINT('',(-0.475,-0.8,1.51));
#3864 = VECTOR('',#3865,1.);
#3865 = DIRECTION('',(0.,-1.,0.));
#3866 = PLANE('',#3867);
#3867 = AXIS2_PLACEMENT_3D('',#3868,#3869,#3870);
#3868 = CARTESIAN_POINT('',(-0.475,-0.8,1.51));
#3869 = DIRECTION('',(1.,0.,-0.));
#3870 = DIRECTION('',(0.,-1.,0.));
#3871 = ADVANCED_FACE('',(#3872),#3899,.T.);
#3872 = FACE_BOUND('',#3873,.T.);
#3873 = EDGE_LOOP('',(#3874,#3875,#3884,#3892));
#3874 = ORIENTED_EDGE('',*,*,#3853,.T.);
#3875 = ORIENTED_EDGE('',*,*,#3876,.T.);
#3876 = EDGE_CURVE('',#3846,#3877,#3879,.T.);
#3877 = VERTEX_POINT('',#3878);
#3878 = CARTESIAN_POINT('',(-0.625,-1.25,1.55));
#3879 = CIRCLE('',#3880,0.150000058649);
#3880 = AXIS2_PLACEMENT_3D('',#3881,#3882,#3883);
#3881 = CARTESIAN_POINT('',(-0.625000058649,-1.099999941351,1.55));
#3882 = DIRECTION('',(0.,0.,-1.));
#3883 = DIRECTION('',(1.,-3.909953616065E-07,0.));
#3884 = ORIENTED_EDGE('',*,*,#3885,.F.);
#3885 = EDGE_CURVE('',#3886,#3877,#3888,.T.);
#3886 = VERTEX_POINT('',#3887);
#3887 = CARTESIAN_POINT('',(-0.625,-1.25,1.51));
#3888 = LINE('',#3889,#3890);
#3889 = CARTESIAN_POINT('',(-0.625,-1.25,1.51));
#3890 = VECTOR('',#3891,1.);
#3891 = DIRECTION('',(0.,0.,1.));
#3892 = ORIENTED_EDGE('',*,*,#3893,.F.);
#3893 = EDGE_CURVE('',#3854,#3886,#3894,.T.);
#3894 = CIRCLE('',#3895,0.150000058649);
#3895 = AXIS2_PLACEMENT_3D('',#3896,#3897,#3898);
#3896 = CARTESIAN_POINT('',(-0.625000058649,-1.099999941351,1.51));
#3897 = DIRECTION('',(0.,0.,-1.));
#3898 = DIRECTION('',(1.,-3.909953616065E-07,0.));
#3899 = CYLINDRICAL_SURFACE('',#3900,0.150000058649);
#3900 = AXIS2_PLACEMENT_3D('',#3901,#3902,#3903);
#3901 = CARTESIAN_POINT('',(-0.625000058649,-1.099999941351,1.51));
#3902 = DIRECTION('',(0.,0.,-1.));
#3903 = DIRECTION('',(1.,-3.909953616065E-07,0.));
#3904 = ADVANCED_FACE('',(#3905),#3930,.T.);
#3905 = FACE_BOUND('',#3906,.T.);
#3906 = EDGE_LOOP('',(#3907,#3908,#3916,#3924));
#3907 = ORIENTED_EDGE('',*,*,#3885,.T.);
#3908 = ORIENTED_EDGE('',*,*,#3909,.T.);
#3909 = EDGE_CURVE('',#3877,#3910,#3912,.T.);
#3910 = VERTEX_POINT('',#3911);
#3911 = CARTESIAN_POINT('',(-1.65,-1.25,1.55));
#3912 = LINE('',#3913,#3914);
#3913 = CARTESIAN_POINT('',(-0.625,-1.25,1.55));
#3914 = VECTOR('',#3915,1.);
#3915 = DIRECTION('',(-1.,0.,0.));
#3916 = ORIENTED_EDGE('',*,*,#3917,.F.);
#3917 = EDGE_CURVE('',#3918,#3910,#3920,.T.);
#3918 = VERTEX_POINT('',#3919);
#3919 = CARTESIAN_POINT('',(-1.65,-1.25,1.51));
#3920 = LINE('',#3921,#3922);
#3921 = CARTESIAN_POINT('',(-1.65,-1.25,1.51));
#3922 = VECTOR('',#3923,1.);
#3923 = DIRECTION('',(0.,0.,1.));
#3924 = ORIENTED_EDGE('',*,*,#3925,.F.);
#3925 = EDGE_CURVE('',#3886,#3918,#3926,.T.);
#3926 = LINE('',#3927,#3928);
#3927 = CARTESIAN_POINT('',(-0.625,-1.25,1.51));
#3928 = VECTOR('',#3929,1.);
#3929 = DIRECTION('',(-1.,0.,0.));
#3930 = PLANE('',#3931);
#3931 = AXIS2_PLACEMENT_3D('',#3932,#3933,#3934);
#3932 = CARTESIAN_POINT('',(-0.625,-1.25,1.51));
#3933 = DIRECTION('',(0.,-1.,0.));
#3934 = DIRECTION('',(-1.,0.,0.));
#3935 = ADVANCED_FACE('',(#3936),#3963,.T.);
#3936 = FACE_BOUND('',#3937,.T.);
#3937 = EDGE_LOOP('',(#3938,#3939,#3948,#3956));
#3938 = ORIENTED_EDGE('',*,*,#3917,.T.);
#3939 = ORIENTED_EDGE('',*,*,#3940,.T.);
#3940 = EDGE_CURVE('',#3910,#3941,#3943,.T.);
#3941 = VERTEX_POINT('',#3942);
#3942 = CARTESIAN_POINT('',(-1.8,-1.1,1.55));
#3943 = CIRCLE('',#3944,0.150000058649);
#3944 = AXIS2_PLACEMENT_3D('',#3945,#3946,#3947);
#3945 = CARTESIAN_POINT('',(-1.649999941351,-1.099999941351,1.55));
#3946 = DIRECTION('',(0.,0.,-1.));
#3947 = DIRECTION('',(-3.909953601262E-07,-1.,-0.));
#3948 = ORIENTED_EDGE('',*,*,#3949,.F.);
#3949 = EDGE_CURVE('',#3950,#3941,#3952,.T.);
#3950 = VERTEX_POINT('',#3951);
#3951 = CARTESIAN_POINT('',(-1.8,-1.1,1.51));
#3952 = LINE('',#3953,#3954);
#3953 = CARTESIAN_POINT('',(-1.8,-1.1,1.51));
#3954 = VECTOR('',#3955,1.);
#3955 = DIRECTION('',(0.,0.,1.));
#3956 = ORIENTED_EDGE('',*,*,#3957,.F.);
#3957 = EDGE_CURVE('',#3918,#3950,#3958,.T.);
#3958 = CIRCLE('',#3959,0.150000058649);
#3959 = AXIS2_PLACEMENT_3D('',#3960,#3961,#3962);
#3960 = CARTESIAN_POINT('',(-1.649999941351,-1.099999941351,1.51));
#3961 = DIRECTION('',(0.,0.,-1.));
#3962 = DIRECTION('',(-3.909953601262E-07,-1.,-0.));
#3963 = CYLINDRICAL_SURFACE('',#3964,0.150000058649);
#3964 = AXIS2_PLACEMENT_3D('',#3965,#3966,#3967);
#3965 = CARTESIAN_POINT('',(-1.649999941351,-1.099999941351,1.51));
#3966 = DIRECTION('',(0.,0.,-1.));
#3967 = DIRECTION('',(-3.909953601262E-07,-1.,-0.));
#3968 = ADVANCED_FACE('',(#3969),#3985,.T.);
#3969 = FACE_BOUND('',#3970,.T.);
#3970 = EDGE_LOOP('',(#3971,#3972,#3978,#3979));
#3971 = ORIENTED_EDGE('',*,*,#3949,.T.);
#3972 = ORIENTED_EDGE('',*,*,#3973,.T.);
#3973 = EDGE_CURVE('',#3941,#3741,#3974,.T.);
#3974 = LINE('',#3975,#3976);
#3975 = CARTESIAN_POINT('',(-1.8,-1.1,1.55));
#3976 = VECTOR('',#3977,1.);
#3977 = DIRECTION('',(0.,1.,0.));
#3978 = ORIENTED_EDGE('',*,*,#3738,.F.);
#3979 = ORIENTED_EDGE('',*,*,#3980,.F.);
#3980 = EDGE_CURVE('',#3950,#3739,#3981,.T.);
#3981 = LINE('',#3982,#3983);
#3982 = CARTESIAN_POINT('',(-1.8,-1.1,1.51));
#3983 = VECTOR('',#3984,1.);
#3984 = DIRECTION('',(0.,1.,0.));
#3985 = PLANE('',#3986);
#3986 = AXIS2_PLACEMENT_3D('',#3987,#3988,#3989);
#3987 = CARTESIAN_POINT('',(-1.8,-1.1,1.51));
#3988 = DIRECTION('',(-1.,0.,0.));
#3989 = DIRECTION('',(0.,1.,0.));
#3990 = ADVANCED_FACE('',(#3991),#4001,.F.);
#3991 = FACE_BOUND('',#3992,.T.);
#3992 = EDGE_LOOP('',(#3993,#3994,#3995,#3996,#3997,#3998,#3999,#4000));
#3993 = ORIENTED_EDGE('',*,*,#3765,.T.);
#3994 = ORIENTED_EDGE('',*,*,#3797,.T.);
#3995 = ORIENTED_EDGE('',*,*,#3829,.T.);
#3996 = ORIENTED_EDGE('',*,*,#3861,.T.);
#3997 = ORIENTED_EDGE('',*,*,#3893,.T.);
#3998 = ORIENTED_EDGE('',*,*,#3925,.T.);
#3999 = ORIENTED_EDGE('',*,*,#3957,.T.);
#4000 = ORIENTED_EDGE('',*,*,#3980,.T.);
#4001 = PLANE('',#4002);
#4002 = AXIS2_PLACEMENT_3D('',#4003,#4004,#4005);
#4003 = CARTESIAN_POINT('',(0.,0.,1.51));
#4004 = DIRECTION('',(0.,0.,1.));
#4005 = DIRECTION('',(1.,0.,-0.));
#4006 = ADVANCED_FACE('',(#4007),#4017,.T.);
#4007 = FACE_BOUND('',#4008,.F.);
#4008 = EDGE_LOOP('',(#4009,#4010,#4011,#4012,#4013,#4014,#4015,#4016));
#4009 = ORIENTED_EDGE('',*,*,#3748,.T.);
#4010 = ORIENTED_EDGE('',*,*,#3781,.T.);
#4011 = ORIENTED_EDGE('',*,*,#3812,.T.);
#4012 = ORIENTED_EDGE('',*,*,#3845,.T.);
#4013 = ORIENTED_EDGE('',*,*,#3876,.T.);
#4014 = ORIENTED_EDGE('',*,*,#3909,.T.);
#4015 = ORIENTED_EDGE('',*,*,#3940,.T.);
#4016 = ORIENTED_EDGE('',*,*,#3973,.T.);
#4017 = PLANE('',#4018);
#4018 = AXIS2_PLACEMENT_3D('',#4019,#4020,#4021);
#4019 = CARTESIAN_POINT('',(0.,0.,1.55));
#4020 = DIRECTION('',(0.,0.,1.));
#4021 = DIRECTION('',(1.,0.,-0.));
#4022 = MANIFOLD_SOLID_BREP('',#4023);
#4023 = CLOSED_SHELL('',(#4024,#4066,#4097,#4130,#4161,#4194,#4225,#4258
    ,#4280,#4296));
#4024 = ADVANCED_FACE('',(#4025),#4061,.T.);
#4025 = FACE_BOUND('',#4026,.T.);
#4026 = EDGE_LOOP('',(#4027,#4037,#4046,#4054));
#4027 = ORIENTED_EDGE('',*,*,#4028,.T.);
#4028 = EDGE_CURVE('',#4029,#4031,#4033,.T.);
#4029 = VERTEX_POINT('',#4030);
#4030 = CARTESIAN_POINT('',(0.475,-0.8,1.51));
#4031 = VERTEX_POINT('',#4032);
#4032 = CARTESIAN_POINT('',(0.475,-0.8,1.55));
#4033 = LINE('',#4034,#4035);
#4034 = CARTESIAN_POINT('',(0.475,-0.8,1.51));
#4035 = VECTOR('',#4036,1.);
#4036 = DIRECTION('',(0.,0.,1.));
#4037 = ORIENTED_EDGE('',*,*,#4038,.T.);
#4038 = EDGE_CURVE('',#4031,#4039,#4041,.T.);
#4039 = VERTEX_POINT('',#4040);
#4040 = CARTESIAN_POINT('',(0.625,-0.65,1.55));
#4041 = CIRCLE('',#4042,0.150000058649);
#4042 = AXIS2_PLACEMENT_3D('',#4043,#4044,#4045);
#4043 = CARTESIAN_POINT('',(0.625000058649,-0.800000058649,1.55));
#4044 = DIRECTION('',(0.,0.,-1.));
#4045 = DIRECTION('',(-1.,3.909953630868E-07,0.));
#4046 = ORIENTED_EDGE('',*,*,#4047,.F.);
#4047 = EDGE_CURVE('',#4048,#4039,#4050,.T.);
#4048 = VERTEX_POINT('',#4049);
#4049 = CARTESIAN_POINT('',(0.625,-0.65,1.51));
#4050 = LINE('',#4051,#4052);
#4051 = CARTESIAN_POINT('',(0.625,-0.65,1.51));
#4052 = VECTOR('',#4053,1.);
#4053 = DIRECTION('',(0.,0.,1.));
#4054 = ORIENTED_EDGE('',*,*,#4055,.F.);
#4055 = EDGE_CURVE('',#4029,#4048,#4056,.T.);
#4056 = CIRCLE('',#4057,0.150000058649);
#4057 = AXIS2_PLACEMENT_3D('',#4058,#4059,#4060);
#4058 = CARTESIAN_POINT('',(0.625000058649,-0.800000058649,1.51));
#4059 = DIRECTION('',(0.,0.,-1.));
#4060 = DIRECTION('',(-1.,3.909953630868E-07,0.));
#4061 = CYLINDRICAL_SURFACE('',#4062,0.150000058649);
#4062 = AXIS2_PLACEMENT_3D('',#4063,#4064,#4065);
#4063 = CARTESIAN_POINT('',(0.625000058649,-0.800000058649,1.51));
#4064 = DIRECTION('',(0.,0.,-1.));
#4065 = DIRECTION('',(-1.,3.909953630868E-07,0.));
#4066 = ADVANCED_FACE('',(#4067),#4092,.T.);
#4067 = FACE_BOUND('',#4068,.T.);
#4068 = EDGE_LOOP('',(#4069,#4070,#4078,#4086));
#4069 = ORIENTED_EDGE('',*,*,#4047,.T.);
#4070 = ORIENTED_EDGE('',*,*,#4071,.T.);
#4071 = EDGE_CURVE('',#4039,#4072,#4074,.T.);
#4072 = VERTEX_POINT('',#4073);
#4073 = CARTESIAN_POINT('',(1.65,-0.65,1.55));
#4074 = LINE('',#4075,#4076);
#4075 = CARTESIAN_POINT('',(0.625,-0.65,1.55));
#4076 = VECTOR('',#4077,1.);
#4077 = DIRECTION('',(1.,0.,0.));
#4078 = ORIENTED_EDGE('',*,*,#4079,.F.);
#4079 = EDGE_CURVE('',#4080,#4072,#4082,.T.);
#4080 = VERTEX_POINT('',#4081);
#4081 = CARTESIAN_POINT('',(1.65,-0.65,1.51));
#4082 = LINE('',#4083,#4084);
#4083 = CARTESIAN_POINT('',(1.65,-0.65,1.51));
#4084 = VECTOR('',#4085,1.);
#4085 = DIRECTION('',(0.,0.,1.));
#4086 = ORIENTED_EDGE('',*,*,#4087,.F.);
#4087 = EDGE_CURVE('',#4048,#4080,#4088,.T.);
#4088 = LINE('',#4089,#4090);
#4089 = CARTESIAN_POINT('',(0.625,-0.65,1.51));
#4090 = VECTOR('',#4091,1.);
#4091 = DIRECTION('',(1.,0.,0.));
#4092 = PLANE('',#4093);
#4093 = AXIS2_PLACEMENT_3D('',#4094,#4095,#4096);
#4094 = CARTESIAN_POINT('',(0.625,-0.65,1.51));
#4095 = DIRECTION('',(0.,1.,0.));
#4096 = DIRECTION('',(1.,0.,0.));
#4097 = ADVANCED_FACE('',(#4098),#4125,.T.);
#4098 = FACE_BOUND('',#4099,.T.);
#4099 = EDGE_LOOP('',(#4100,#4101,#4110,#4118));
#4100 = ORIENTED_EDGE('',*,*,#4079,.T.);
#4101 = ORIENTED_EDGE('',*,*,#4102,.T.);
#4102 = EDGE_CURVE('',#4072,#4103,#4105,.T.);
#4103 = VERTEX_POINT('',#4104);
#4104 = CARTESIAN_POINT('',(1.8,-0.8,1.55));
#4105 = CIRCLE('',#4106,0.150000058649);
#4106 = AXIS2_PLACEMENT_3D('',#4107,#4108,#4109);
#4107 = CARTESIAN_POINT('',(1.649999941351,-0.800000058649,1.55));
#4108 = DIRECTION('',(0.,0.,-1.));
#4109 = DIRECTION('',(3.909953616065E-07,1.,0.));
#4110 = ORIENTED_EDGE('',*,*,#4111,.F.);
#4111 = EDGE_CURVE('',#4112,#4103,#4114,.T.);
#4112 = VERTEX_POINT('',#4113);
#4113 = CARTESIAN_POINT('',(1.8,-0.8,1.51));
#4114 = LINE('',#4115,#4116);
#4115 = CARTESIAN_POINT('',(1.8,-0.8,1.51));
#4116 = VECTOR('',#4117,1.);
#4117 = DIRECTION('',(0.,0.,1.));
#4118 = ORIENTED_EDGE('',*,*,#4119,.F.);
#4119 = EDGE_CURVE('',#4080,#4112,#4120,.T.);
#4120 = CIRCLE('',#4121,0.150000058649);
#4121 = AXIS2_PLACEMENT_3D('',#4122,#4123,#4124);
#4122 = CARTESIAN_POINT('',(1.649999941351,-0.800000058649,1.51));
#4123 = DIRECTION('',(0.,0.,-1.));
#4124 = DIRECTION('',(3.909953616065E-07,1.,0.));
#4125 = CYLINDRICAL_SURFACE('',#4126,0.150000058649);
#4126 = AXIS2_PLACEMENT_3D('',#4127,#4128,#4129);
#4127 = CARTESIAN_POINT('',(1.649999941351,-0.800000058649,1.51));
#4128 = DIRECTION('',(0.,0.,-1.));
#4129 = DIRECTION('',(3.909953616065E-07,1.,0.));
#4130 = ADVANCED_FACE('',(#4131),#4156,.T.);
#4131 = FACE_BOUND('',#4132,.T.);
#4132 = EDGE_LOOP('',(#4133,#4134,#4142,#4150));
#4133 = ORIENTED_EDGE('',*,*,#4111,.T.);
#4134 = ORIENTED_EDGE('',*,*,#4135,.T.);
#4135 = EDGE_CURVE('',#4103,#4136,#4138,.T.);
#4136 = VERTEX_POINT('',#4137);
#4137 = CARTESIAN_POINT('',(1.8,-1.1,1.55));
#4138 = LINE('',#4139,#4140);
#4139 = CARTESIAN_POINT('',(1.8,-0.8,1.55));
#4140 = VECTOR('',#4141,1.);
#4141 = DIRECTION('',(0.,-1.,0.));
#4142 = ORIENTED_EDGE('',*,*,#4143,.F.);
#4143 = EDGE_CURVE('',#4144,#4136,#4146,.T.);
#4144 = VERTEX_POINT('',#4145);
#4145 = CARTESIAN_POINT('',(1.8,-1.1,1.51));
#4146 = LINE('',#4147,#4148);
#4147 = CARTESIAN_POINT('',(1.8,-1.1,1.51));
#4148 = VECTOR('',#4149,1.);
#4149 = DIRECTION('',(0.,0.,1.));
#4150 = ORIENTED_EDGE('',*,*,#4151,.F.);
#4151 = EDGE_CURVE('',#4112,#4144,#4152,.T.);
#4152 = LINE('',#4153,#4154);
#4153 = CARTESIAN_POINT('',(1.8,-0.8,1.51));
#4154 = VECTOR('',#4155,1.);
#4155 = DIRECTION('',(0.,-1.,0.));
#4156 = PLANE('',#4157);
#4157 = AXIS2_PLACEMENT_3D('',#4158,#4159,#4160);
#4158 = CARTESIAN_POINT('',(1.8,-0.8,1.51));
#4159 = DIRECTION('',(1.,0.,-0.));
#4160 = DIRECTION('',(0.,-1.,0.));
#4161 = ADVANCED_FACE('',(#4162),#4189,.T.);
#4162 = FACE_BOUND('',#4163,.T.);
#4163 = EDGE_LOOP('',(#4164,#4165,#4174,#4182));
#4164 = ORIENTED_EDGE('',*,*,#4143,.T.);
#4165 = ORIENTED_EDGE('',*,*,#4166,.T.);
#4166 = EDGE_CURVE('',#4136,#4167,#4169,.T.);
#4167 = VERTEX_POINT('',#4168);
#4168 = CARTESIAN_POINT('',(1.65,-1.25,1.55));
#4169 = CIRCLE('',#4170,0.150000058649);
#4170 = AXIS2_PLACEMENT_3D('',#4171,#4172,#4173);
#4171 = CARTESIAN_POINT('',(1.649999941351,-1.099999941351,1.55));
#4172 = DIRECTION('',(0.,0.,-1.));
#4173 = DIRECTION('',(1.,-3.909953616065E-07,0.));
#4174 = ORIENTED_EDGE('',*,*,#4175,.F.);
#4175 = EDGE_CURVE('',#4176,#4167,#4178,.T.);
#4176 = VERTEX_POINT('',#4177);
#4177 = CARTESIAN_POINT('',(1.65,-1.25,1.51));
#4178 = LINE('',#4179,#4180);
#4179 = CARTESIAN_POINT('',(1.65,-1.25,1.51));
#4180 = VECTOR('',#4181,1.);
#4181 = DIRECTION('',(0.,0.,1.));
#4182 = ORIENTED_EDGE('',*,*,#4183,.F.);
#4183 = EDGE_CURVE('',#4144,#4176,#4184,.T.);
#4184 = CIRCLE('',#4185,0.150000058649);
#4185 = AXIS2_PLACEMENT_3D('',#4186,#4187,#4188);
#4186 = CARTESIAN_POINT('',(1.649999941351,-1.099999941351,1.51));
#4187 = DIRECTION('',(0.,0.,-1.));
#4188 = DIRECTION('',(1.,-3.909953616065E-07,0.));
#4189 = CYLINDRICAL_SURFACE('',#4190,0.150000058649);
#4190 = AXIS2_PLACEMENT_3D('',#4191,#4192,#4193);
#4191 = CARTESIAN_POINT('',(1.649999941351,-1.099999941351,1.51));
#4192 = DIRECTION('',(0.,0.,-1.));
#4193 = DIRECTION('',(1.,-3.909953616065E-07,0.));
#4194 = ADVANCED_FACE('',(#4195),#4220,.T.);
#4195 = FACE_BOUND('',#4196,.T.);
#4196 = EDGE_LOOP('',(#4197,#4198,#4206,#4214));
#4197 = ORIENTED_EDGE('',*,*,#4175,.T.);
#4198 = ORIENTED_EDGE('',*,*,#4199,.T.);
#4199 = EDGE_CURVE('',#4167,#4200,#4202,.T.);
#4200 = VERTEX_POINT('',#4201);
#4201 = CARTESIAN_POINT('',(0.625,-1.25,1.55));
#4202 = LINE('',#4203,#4204);
#4203 = CARTESIAN_POINT('',(1.65,-1.25,1.55));
#4204 = VECTOR('',#4205,1.);
#4205 = DIRECTION('',(-1.,0.,0.));
#4206 = ORIENTED_EDGE('',*,*,#4207,.F.);
#4207 = EDGE_CURVE('',#4208,#4200,#4210,.T.);
#4208 = VERTEX_POINT('',#4209);
#4209 = CARTESIAN_POINT('',(0.625,-1.25,1.51));
#4210 = LINE('',#4211,#4212);
#4211 = CARTESIAN_POINT('',(0.625,-1.25,1.51));
#4212 = VECTOR('',#4213,1.);
#4213 = DIRECTION('',(0.,0.,1.));
#4214 = ORIENTED_EDGE('',*,*,#4215,.F.);
#4215 = EDGE_CURVE('',#4176,#4208,#4216,.T.);
#4216 = LINE('',#4217,#4218);
#4217 = CARTESIAN_POINT('',(1.65,-1.25,1.51));
#4218 = VECTOR('',#4219,1.);
#4219 = DIRECTION('',(-1.,0.,0.));
#4220 = PLANE('',#4221);
#4221 = AXIS2_PLACEMENT_3D('',#4222,#4223,#4224);
#4222 = CARTESIAN_POINT('',(1.65,-1.25,1.51));
#4223 = DIRECTION('',(0.,-1.,0.));
#4224 = DIRECTION('',(-1.,0.,0.));
#4225 = ADVANCED_FACE('',(#4226),#4253,.T.);
#4226 = FACE_BOUND('',#4227,.T.);
#4227 = EDGE_LOOP('',(#4228,#4229,#4238,#4246));
#4228 = ORIENTED_EDGE('',*,*,#4207,.T.);
#4229 = ORIENTED_EDGE('',*,*,#4230,.T.);
#4230 = EDGE_CURVE('',#4200,#4231,#4233,.T.);
#4231 = VERTEX_POINT('',#4232);
#4232 = CARTESIAN_POINT('',(0.475,-1.1,1.55));
#4233 = CIRCLE('',#4234,0.150000058649);
#4234 = AXIS2_PLACEMENT_3D('',#4235,#4236,#4237);
#4235 = CARTESIAN_POINT('',(0.625000058649,-1.099999941351,1.55));
#4236 = DIRECTION('',(0.,0.,-1.));
#4237 = DIRECTION('',(-3.909953608663E-07,-1.,-0.));
#4238 = ORIENTED_EDGE('',*,*,#4239,.F.);
#4239 = EDGE_CURVE('',#4240,#4231,#4242,.T.);
#4240 = VERTEX_POINT('',#4241);
#4241 = CARTESIAN_POINT('',(0.475,-1.1,1.51));
#4242 = LINE('',#4243,#4244);
#4243 = CARTESIAN_POINT('',(0.475,-1.1,1.51));
#4244 = VECTOR('',#4245,1.);
#4245 = DIRECTION('',(0.,0.,1.));
#4246 = ORIENTED_EDGE('',*,*,#4247,.F.);
#4247 = EDGE_CURVE('',#4208,#4240,#4248,.T.);
#4248 = CIRCLE('',#4249,0.150000058649);
#4249 = AXIS2_PLACEMENT_3D('',#4250,#4251,#4252);
#4250 = CARTESIAN_POINT('',(0.625000058649,-1.099999941351,1.51));
#4251 = DIRECTION('',(0.,0.,-1.));
#4252 = DIRECTION('',(-3.909953608663E-07,-1.,-0.));
#4253 = CYLINDRICAL_SURFACE('',#4254,0.150000058649);
#4254 = AXIS2_PLACEMENT_3D('',#4255,#4256,#4257);
#4255 = CARTESIAN_POINT('',(0.625000058649,-1.099999941351,1.51));
#4256 = DIRECTION('',(0.,0.,-1.));
#4257 = DIRECTION('',(-3.909953608663E-07,-1.,-0.));
#4258 = ADVANCED_FACE('',(#4259),#4275,.T.);
#4259 = FACE_BOUND('',#4260,.T.);
#4260 = EDGE_LOOP('',(#4261,#4262,#4268,#4269));
#4261 = ORIENTED_EDGE('',*,*,#4239,.T.);
#4262 = ORIENTED_EDGE('',*,*,#4263,.T.);
#4263 = EDGE_CURVE('',#4231,#4031,#4264,.T.);
#4264 = LINE('',#4265,#4266);
#4265 = CARTESIAN_POINT('',(0.475,-1.1,1.55));
#4266 = VECTOR('',#4267,1.);
#4267 = DIRECTION('',(0.,1.,0.));
#4268 = ORIENTED_EDGE('',*,*,#4028,.F.);
#4269 = ORIENTED_EDGE('',*,*,#4270,.F.);
#4270 = EDGE_CURVE('',#4240,#4029,#4271,.T.);
#4271 = LINE('',#4272,#4273);
#4272 = CARTESIAN_POINT('',(0.475,-1.1,1.51));
#4273 = VECTOR('',#4274,1.);
#4274 = DIRECTION('',(0.,1.,0.));
#4275 = PLANE('',#4276);
#4276 = AXIS2_PLACEMENT_3D('',#4277,#4278,#4279);
#4277 = CARTESIAN_POINT('',(0.475,-1.1,1.51));
#4278 = DIRECTION('',(-1.,0.,0.));
#4279 = DIRECTION('',(0.,1.,0.));
#4280 = ADVANCED_FACE('',(#4281),#4291,.F.);
#4281 = FACE_BOUND('',#4282,.T.);
#4282 = EDGE_LOOP('',(#4283,#4284,#4285,#4286,#4287,#4288,#4289,#4290));
#4283 = ORIENTED_EDGE('',*,*,#4055,.T.);
#4284 = ORIENTED_EDGE('',*,*,#4087,.T.);
#4285 = ORIENTED_EDGE('',*,*,#4119,.T.);
#4286 = ORIENTED_EDGE('',*,*,#4151,.T.);
#4287 = ORIENTED_EDGE('',*,*,#4183,.T.);
#4288 = ORIENTED_EDGE('',*,*,#4215,.T.);
#4289 = ORIENTED_EDGE('',*,*,#4247,.T.);
#4290 = ORIENTED_EDGE('',*,*,#4270,.T.);
#4291 = PLANE('',#4292);
#4292 = AXIS2_PLACEMENT_3D('',#4293,#4294,#4295);
#4293 = CARTESIAN_POINT('',(0.,0.,1.51));
#4294 = DIRECTION('',(0.,0.,1.));
#4295 = DIRECTION('',(1.,0.,-0.));
#4296 = ADVANCED_FACE('',(#4297),#4307,.T.);
#4297 = FACE_BOUND('',#4298,.F.);
#4298 = EDGE_LOOP('',(#4299,#4300,#4301,#4302,#4303,#4304,#4305,#4306));
#4299 = ORIENTED_EDGE('',*,*,#4038,.T.);
#4300 = ORIENTED_EDGE('',*,*,#4071,.T.);
#4301 = ORIENTED_EDGE('',*,*,#4102,.T.);
#4302 = ORIENTED_EDGE('',*,*,#4135,.T.);
#4303 = ORIENTED_EDGE('',*,*,#4166,.T.);
#4304 = ORIENTED_EDGE('',*,*,#4199,.T.);
#4305 = ORIENTED_EDGE('',*,*,#4230,.T.);
#4306 = ORIENTED_EDGE('',*,*,#4263,.T.);
#4307 = PLANE('',#4308);
#4308 = AXIS2_PLACEMENT_3D('',#4309,#4310,#4311);
#4309 = CARTESIAN_POINT('',(0.,0.,1.55));
#4310 = DIRECTION('',(0.,0.,1.));
#4311 = DIRECTION('',(1.,0.,-0.));
#4312 = MANIFOLD_SOLID_BREP('',#4313);
#4313 = CLOSED_SHELL('',(#4314,#4356,#4387,#4420,#4451,#4484,#4515,#4548
    ,#4570,#4586));
#4314 = ADVANCED_FACE('',(#4315),#4351,.T.);
#4315 = FACE_BOUND('',#4316,.T.);
#4316 = EDGE_LOOP('',(#4317,#4327,#4336,#4344));
#4317 = ORIENTED_EDGE('',*,*,#4318,.T.);
#4318 = EDGE_CURVE('',#4319,#4321,#4323,.T.);
#4319 = VERTEX_POINT('',#4320);
#4320 = CARTESIAN_POINT('',(0.475,1.1,1.51));
#4321 = VERTEX_POINT('',#4322);
#4322 = CARTESIAN_POINT('',(0.475,1.1,1.55));
#4323 = LINE('',#4324,#4325);
#4324 = CARTESIAN_POINT('',(0.475,1.1,1.51));
#4325 = VECTOR('',#4326,1.);
#4326 = DIRECTION('',(0.,0.,1.));
#4327 = ORIENTED_EDGE('',*,*,#4328,.T.);
#4328 = EDGE_CURVE('',#4321,#4329,#4331,.T.);
#4329 = VERTEX_POINT('',#4330);
#4330 = CARTESIAN_POINT('',(0.625,1.25,1.55));
#4331 = CIRCLE('',#4332,0.150000058649);
#4332 = AXIS2_PLACEMENT_3D('',#4333,#4334,#4335);
#4333 = CARTESIAN_POINT('',(0.625000058649,1.099999941351,1.55));
#4334 = DIRECTION('',(0.,0.,-1.));
#4335 = DIRECTION('',(-1.,3.909953616065E-07,0.));
#4336 = ORIENTED_EDGE('',*,*,#4337,.F.);
#4337 = EDGE_CURVE('',#4338,#4329,#4340,.T.);
#4338 = VERTEX_POINT('',#4339);
#4339 = CARTESIAN_POINT('',(0.625,1.25,1.51));
#4340 = LINE('',#4341,#4342);
#4341 = CARTESIAN_POINT('',(0.625,1.25,1.51));
#4342 = VECTOR('',#4343,1.);
#4343 = DIRECTION('',(0.,0.,1.));
#4344 = ORIENTED_EDGE('',*,*,#4345,.F.);
#4345 = EDGE_CURVE('',#4319,#4338,#4346,.T.);
#4346 = CIRCLE('',#4347,0.150000058649);
#4347 = AXIS2_PLACEMENT_3D('',#4348,#4349,#4350);
#4348 = CARTESIAN_POINT('',(0.625000058649,1.099999941351,1.51));
#4349 = DIRECTION('',(0.,0.,-1.));
#4350 = DIRECTION('',(-1.,3.909953616065E-07,0.));
#4351 = CYLINDRICAL_SURFACE('',#4352,0.150000058649);
#4352 = AXIS2_PLACEMENT_3D('',#4353,#4354,#4355);
#4353 = CARTESIAN_POINT('',(0.625000058649,1.099999941351,1.51));
#4354 = DIRECTION('',(0.,0.,-1.));
#4355 = DIRECTION('',(-1.,3.909953616065E-07,0.));
#4356 = ADVANCED_FACE('',(#4357),#4382,.T.);
#4357 = FACE_BOUND('',#4358,.T.);
#4358 = EDGE_LOOP('',(#4359,#4360,#4368,#4376));
#4359 = ORIENTED_EDGE('',*,*,#4337,.T.);
#4360 = ORIENTED_EDGE('',*,*,#4361,.T.);
#4361 = EDGE_CURVE('',#4329,#4362,#4364,.T.);
#4362 = VERTEX_POINT('',#4363);
#4363 = CARTESIAN_POINT('',(1.65,1.25,1.55));
#4364 = LINE('',#4365,#4366);
#4365 = CARTESIAN_POINT('',(0.625,1.25,1.55));
#4366 = VECTOR('',#4367,1.);
#4367 = DIRECTION('',(1.,0.,0.));
#4368 = ORIENTED_EDGE('',*,*,#4369,.F.);
#4369 = EDGE_CURVE('',#4370,#4362,#4372,.T.);
#4370 = VERTEX_POINT('',#4371);
#4371 = CARTESIAN_POINT('',(1.65,1.25,1.51));
#4372 = LINE('',#4373,#4374);
#4373 = CARTESIAN_POINT('',(1.65,1.25,1.51));
#4374 = VECTOR('',#4375,1.);
#4375 = DIRECTION('',(0.,0.,1.));
#4376 = ORIENTED_EDGE('',*,*,#4377,.F.);
#4377 = EDGE_CURVE('',#4338,#4370,#4378,.T.);
#4378 = LINE('',#4379,#4380);
#4379 = CARTESIAN_POINT('',(0.625,1.25,1.51));
#4380 = VECTOR('',#4381,1.);
#4381 = DIRECTION('',(1.,0.,0.));
#4382 = PLANE('',#4383);
#4383 = AXIS2_PLACEMENT_3D('',#4384,#4385,#4386);
#4384 = CARTESIAN_POINT('',(0.625,1.25,1.51));
#4385 = DIRECTION('',(0.,1.,0.));
#4386 = DIRECTION('',(1.,0.,0.));
#4387 = ADVANCED_FACE('',(#4388),#4415,.T.);
#4388 = FACE_BOUND('',#4389,.T.);
#4389 = EDGE_LOOP('',(#4390,#4391,#4400,#4408));
#4390 = ORIENTED_EDGE('',*,*,#4369,.T.);
#4391 = ORIENTED_EDGE('',*,*,#4392,.T.);
#4392 = EDGE_CURVE('',#4362,#4393,#4395,.T.);
#4393 = VERTEX_POINT('',#4394);
#4394 = CARTESIAN_POINT('',(1.8,1.1,1.55));
#4395 = CIRCLE('',#4396,0.150000058649);
#4396 = AXIS2_PLACEMENT_3D('',#4397,#4398,#4399);
#4397 = CARTESIAN_POINT('',(1.649999941351,1.099999941351,1.55));
#4398 = DIRECTION('',(0.,0.,-1.));
#4399 = DIRECTION('',(3.909953601262E-07,1.,0.));
#4400 = ORIENTED_EDGE('',*,*,#4401,.F.);
#4401 = EDGE_CURVE('',#4402,#4393,#4404,.T.);
#4402 = VERTEX_POINT('',#4403);
#4403 = CARTESIAN_POINT('',(1.8,1.1,1.51));
#4404 = LINE('',#4405,#4406);
#4405 = CARTESIAN_POINT('',(1.8,1.1,1.51));
#4406 = VECTOR('',#4407,1.);
#4407 = DIRECTION('',(0.,0.,1.));
#4408 = ORIENTED_EDGE('',*,*,#4409,.F.);
#4409 = EDGE_CURVE('',#4370,#4402,#4410,.T.);
#4410 = CIRCLE('',#4411,0.150000058649);
#4411 = AXIS2_PLACEMENT_3D('',#4412,#4413,#4414);
#4412 = CARTESIAN_POINT('',(1.649999941351,1.099999941351,1.51));
#4413 = DIRECTION('',(0.,0.,-1.));
#4414 = DIRECTION('',(3.909953601262E-07,1.,0.));
#4415 = CYLINDRICAL_SURFACE('',#4416,0.150000058649);
#4416 = AXIS2_PLACEMENT_3D('',#4417,#4418,#4419);
#4417 = CARTESIAN_POINT('',(1.649999941351,1.099999941351,1.51));
#4418 = DIRECTION('',(0.,0.,-1.));
#4419 = DIRECTION('',(3.909953601262E-07,1.,0.));
#4420 = ADVANCED_FACE('',(#4421),#4446,.T.);
#4421 = FACE_BOUND('',#4422,.T.);
#4422 = EDGE_LOOP('',(#4423,#4424,#4432,#4440));
#4423 = ORIENTED_EDGE('',*,*,#4401,.T.);
#4424 = ORIENTED_EDGE('',*,*,#4425,.T.);
#4425 = EDGE_CURVE('',#4393,#4426,#4428,.T.);
#4426 = VERTEX_POINT('',#4427);
#4427 = CARTESIAN_POINT('',(1.8,0.8,1.55));
#4428 = LINE('',#4429,#4430);
#4429 = CARTESIAN_POINT('',(1.8,1.1,1.55));
#4430 = VECTOR('',#4431,1.);
#4431 = DIRECTION('',(0.,-1.,0.));
#4432 = ORIENTED_EDGE('',*,*,#4433,.F.);
#4433 = EDGE_CURVE('',#4434,#4426,#4436,.T.);
#4434 = VERTEX_POINT('',#4435);
#4435 = CARTESIAN_POINT('',(1.8,0.8,1.51));
#4436 = LINE('',#4437,#4438);
#4437 = CARTESIAN_POINT('',(1.8,0.8,1.51));
#4438 = VECTOR('',#4439,1.);
#4439 = DIRECTION('',(0.,0.,1.));
#4440 = ORIENTED_EDGE('',*,*,#4441,.F.);
#4441 = EDGE_CURVE('',#4402,#4434,#4442,.T.);
#4442 = LINE('',#4443,#4444);
#4443 = CARTESIAN_POINT('',(1.8,1.1,1.51));
#4444 = VECTOR('',#4445,1.);
#4445 = DIRECTION('',(0.,-1.,0.));
#4446 = PLANE('',#4447);
#4447 = AXIS2_PLACEMENT_3D('',#4448,#4449,#4450);
#4448 = CARTESIAN_POINT('',(1.8,1.1,1.51));
#4449 = DIRECTION('',(1.,0.,-0.));
#4450 = DIRECTION('',(0.,-1.,0.));
#4451 = ADVANCED_FACE('',(#4452),#4479,.T.);
#4452 = FACE_BOUND('',#4453,.T.);
#4453 = EDGE_LOOP('',(#4454,#4455,#4464,#4472));
#4454 = ORIENTED_EDGE('',*,*,#4433,.T.);
#4455 = ORIENTED_EDGE('',*,*,#4456,.T.);
#4456 = EDGE_CURVE('',#4426,#4457,#4459,.T.);
#4457 = VERTEX_POINT('',#4458);
#4458 = CARTESIAN_POINT('',(1.65,0.65,1.55));
#4459 = CIRCLE('',#4460,0.150000058649);
#4460 = AXIS2_PLACEMENT_3D('',#4461,#4462,#4463);
#4461 = CARTESIAN_POINT('',(1.649999941351,0.800000058649,1.55));
#4462 = DIRECTION('',(0.,0.,-1.));
#4463 = DIRECTION('',(1.,-3.909953630868E-07,0.));
#4464 = ORIENTED_EDGE('',*,*,#4465,.F.);
#4465 = EDGE_CURVE('',#4466,#4457,#4468,.T.);
#4466 = VERTEX_POINT('',#4467);
#4467 = CARTESIAN_POINT('',(1.65,0.65,1.51));
#4468 = LINE('',#4469,#4470);
#4469 = CARTESIAN_POINT('',(1.65,0.65,1.51));
#4470 = VECTOR('',#4471,1.);
#4471 = DIRECTION('',(0.,0.,1.));
#4472 = ORIENTED_EDGE('',*,*,#4473,.F.);
#4473 = EDGE_CURVE('',#4434,#4466,#4474,.T.);
#4474 = CIRCLE('',#4475,0.150000058649);
#4475 = AXIS2_PLACEMENT_3D('',#4476,#4477,#4478);
#4476 = CARTESIAN_POINT('',(1.649999941351,0.800000058649,1.51));
#4477 = DIRECTION('',(0.,0.,-1.));
#4478 = DIRECTION('',(1.,-3.909953630868E-07,0.));
#4479 = CYLINDRICAL_SURFACE('',#4480,0.150000058649);
#4480 = AXIS2_PLACEMENT_3D('',#4481,#4482,#4483);
#4481 = CARTESIAN_POINT('',(1.649999941351,0.800000058649,1.51));
#4482 = DIRECTION('',(0.,0.,-1.));
#4483 = DIRECTION('',(1.,-3.909953630868E-07,0.));
#4484 = ADVANCED_FACE('',(#4485),#4510,.T.);
#4485 = FACE_BOUND('',#4486,.T.);
#4486 = EDGE_LOOP('',(#4487,#4488,#4496,#4504));
#4487 = ORIENTED_EDGE('',*,*,#4465,.T.);
#4488 = ORIENTED_EDGE('',*,*,#4489,.T.);
#4489 = EDGE_CURVE('',#4457,#4490,#4492,.T.);
#4490 = VERTEX_POINT('',#4491);
#4491 = CARTESIAN_POINT('',(0.625,0.65,1.55));
#4492 = LINE('',#4493,#4494);
#4493 = CARTESIAN_POINT('',(1.65,0.65,1.55));
#4494 = VECTOR('',#4495,1.);
#4495 = DIRECTION('',(-1.,0.,0.));
#4496 = ORIENTED_EDGE('',*,*,#4497,.F.);
#4497 = EDGE_CURVE('',#4498,#4490,#4500,.T.);
#4498 = VERTEX_POINT('',#4499);
#4499 = CARTESIAN_POINT('',(0.625,0.65,1.51));
#4500 = LINE('',#4501,#4502);
#4501 = CARTESIAN_POINT('',(0.625,0.65,1.51));
#4502 = VECTOR('',#4503,1.);
#4503 = DIRECTION('',(0.,0.,1.));
#4504 = ORIENTED_EDGE('',*,*,#4505,.F.);
#4505 = EDGE_CURVE('',#4466,#4498,#4506,.T.);
#4506 = LINE('',#4507,#4508);
#4507 = CARTESIAN_POINT('',(1.65,0.65,1.51));
#4508 = VECTOR('',#4509,1.);
#4509 = DIRECTION('',(-1.,0.,0.));
#4510 = PLANE('',#4511);
#4511 = AXIS2_PLACEMENT_3D('',#4512,#4513,#4514);
#4512 = CARTESIAN_POINT('',(1.65,0.65,1.51));
#4513 = DIRECTION('',(0.,-1.,0.));
#4514 = DIRECTION('',(-1.,0.,0.));
#4515 = ADVANCED_FACE('',(#4516),#4543,.T.);
#4516 = FACE_BOUND('',#4517,.T.);
#4517 = EDGE_LOOP('',(#4518,#4519,#4528,#4536));
#4518 = ORIENTED_EDGE('',*,*,#4497,.T.);
#4519 = ORIENTED_EDGE('',*,*,#4520,.T.);
#4520 = EDGE_CURVE('',#4490,#4521,#4523,.T.);
#4521 = VERTEX_POINT('',#4522);
#4522 = CARTESIAN_POINT('',(0.475,0.8,1.55));
#4523 = CIRCLE('',#4524,0.150000058649);
#4524 = AXIS2_PLACEMENT_3D('',#4525,#4526,#4527);
#4525 = CARTESIAN_POINT('',(0.625000058649,0.800000058649,1.55));
#4526 = DIRECTION('',(0.,0.,-1.));
#4527 = DIRECTION('',(-3.909953630868E-07,-1.,-0.));
#4528 = ORIENTED_EDGE('',*,*,#4529,.F.);
#4529 = EDGE_CURVE('',#4530,#4521,#4532,.T.);
#4530 = VERTEX_POINT('',#4531);
#4531 = CARTESIAN_POINT('',(0.475,0.8,1.51));
#4532 = LINE('',#4533,#4534);
#4533 = CARTESIAN_POINT('',(0.475,0.8,1.51));
#4534 = VECTOR('',#4535,1.);
#4535 = DIRECTION('',(0.,0.,1.));
#4536 = ORIENTED_EDGE('',*,*,#4537,.F.);
#4537 = EDGE_CURVE('',#4498,#4530,#4538,.T.);
#4538 = CIRCLE('',#4539,0.150000058649);
#4539 = AXIS2_PLACEMENT_3D('',#4540,#4541,#4542);
#4540 = CARTESIAN_POINT('',(0.625000058649,0.800000058649,1.51));
#4541 = DIRECTION('',(0.,0.,-1.));
#4542 = DIRECTION('',(-3.909953630868E-07,-1.,-0.));
#4543 = CYLINDRICAL_SURFACE('',#4544,0.150000058649);
#4544 = AXIS2_PLACEMENT_3D('',#4545,#4546,#4547);
#4545 = CARTESIAN_POINT('',(0.625000058649,0.800000058649,1.51));
#4546 = DIRECTION('',(0.,0.,-1.));
#4547 = DIRECTION('',(-3.909953630868E-07,-1.,-0.));
#4548 = ADVANCED_FACE('',(#4549),#4565,.T.);
#4549 = FACE_BOUND('',#4550,.T.);
#4550 = EDGE_LOOP('',(#4551,#4552,#4558,#4559));
#4551 = ORIENTED_EDGE('',*,*,#4529,.T.);
#4552 = ORIENTED_EDGE('',*,*,#4553,.T.);
#4553 = EDGE_CURVE('',#4521,#4321,#4554,.T.);
#4554 = LINE('',#4555,#4556);
#4555 = CARTESIAN_POINT('',(0.475,0.8,1.55));
#4556 = VECTOR('',#4557,1.);
#4557 = DIRECTION('',(0.,1.,0.));
#4558 = ORIENTED_EDGE('',*,*,#4318,.F.);
#4559 = ORIENTED_EDGE('',*,*,#4560,.F.);
#4560 = EDGE_CURVE('',#4530,#4319,#4561,.T.);
#4561 = LINE('',#4562,#4563);
#4562 = CARTESIAN_POINT('',(0.475,0.8,1.51));
#4563 = VECTOR('',#4564,1.);
#4564 = DIRECTION('',(0.,1.,0.));
#4565 = PLANE('',#4566);
#4566 = AXIS2_PLACEMENT_3D('',#4567,#4568,#4569);
#4567 = CARTESIAN_POINT('',(0.475,0.8,1.51));
#4568 = DIRECTION('',(-1.,0.,0.));
#4569 = DIRECTION('',(0.,1.,0.));
#4570 = ADVANCED_FACE('',(#4571),#4581,.F.);
#4571 = FACE_BOUND('',#4572,.T.);
#4572 = EDGE_LOOP('',(#4573,#4574,#4575,#4576,#4577,#4578,#4579,#4580));
#4573 = ORIENTED_EDGE('',*,*,#4345,.T.);
#4574 = ORIENTED_EDGE('',*,*,#4377,.T.);
#4575 = ORIENTED_EDGE('',*,*,#4409,.T.);
#4576 = ORIENTED_EDGE('',*,*,#4441,.T.);
#4577 = ORIENTED_EDGE('',*,*,#4473,.T.);
#4578 = ORIENTED_EDGE('',*,*,#4505,.T.);
#4579 = ORIENTED_EDGE('',*,*,#4537,.T.);
#4580 = ORIENTED_EDGE('',*,*,#4560,.T.);
#4581 = PLANE('',#4582);
#4582 = AXIS2_PLACEMENT_3D('',#4583,#4584,#4585);
#4583 = CARTESIAN_POINT('',(0.,0.,1.51));
#4584 = DIRECTION('',(0.,0.,1.));
#4585 = DIRECTION('',(1.,0.,-0.));
#4586 = ADVANCED_FACE('',(#4587),#4597,.T.);
#4587 = FACE_BOUND('',#4588,.F.);
#4588 = EDGE_LOOP('',(#4589,#4590,#4591,#4592,#4593,#4594,#4595,#4596));
#4589 = ORIENTED_EDGE('',*,*,#4328,.T.);
#4590 = ORIENTED_EDGE('',*,*,#4361,.T.);
#4591 = ORIENTED_EDGE('',*,*,#4392,.T.);
#4592 = ORIENTED_EDGE('',*,*,#4425,.T.);
#4593 = ORIENTED_EDGE('',*,*,#4456,.T.);
#4594 = ORIENTED_EDGE('',*,*,#4489,.T.);
#4595 = ORIENTED_EDGE('',*,*,#4520,.T.);
#4596 = ORIENTED_EDGE('',*,*,#4553,.T.);
#4597 = PLANE('',#4598);
#4598 = AXIS2_PLACEMENT_3D('',#4599,#4600,#4601);
#4599 = CARTESIAN_POINT('',(0.,0.,1.55));
#4600 = DIRECTION('',(0.,0.,1.));
#4601 = DIRECTION('',(1.,0.,-0.));
#4602 = ( GEOMETRIC_REPRESENTATION_CONTEXT(3) 
GLOBAL_UNCERTAINTY_ASSIGNED_CONTEXT((#4606)) 
GLOBAL_UNIT_ASSIGNED_CONTEXT((#4603,#4604,#4605)) REPRESENTATION_CONTEXT
('Context #1','3D Context with UNIT and UNCERTAINTY') );
#4603 = ( LENGTH_UNIT() NAMED_UNIT(*) SI_UNIT(.MILLI.,.METRE.) );
#4604 = ( NAMED_UNIT(*) PLANE_ANGLE_UNIT() SI_UNIT($,.RADIAN.) );
#4605 = ( NAMED_UNIT(*) SI_UNIT($,.STERADIAN.) SOLID_ANGLE_UNIT() );
#4606 = UNCERTAINTY_MEASURE_WITH_UNIT(LENGTH_MEASURE(1.E-07),#4603,
  'distance_accuracy_value','confusion accuracy');
#4607 = CONTEXT_DEPENDENT_SHAPE_REPRESENTATION(#4608,#4610);
#4608 = ( REPRESENTATION_RELATIONSHIP('','',#3151,#10) 
REPRESENTATION_RELATIONSHIP_WITH_TRANSFORMATION(#4609) 
SHAPE_REPRESENTATION_RELATIONSHIP() );
#4609 = ITEM_DEFINED_TRANSFORMATION('','',#11,#19);
#4610 = PRODUCT_DEFINITION_SHAPE('Placement','Placement of an item',
  #4611);
#4611 = NEXT_ASSEMBLY_USAGE_OCCURRENCE('3','=>[0:1:1:4]','',#5,#3146,$);
#4612 = PRODUCT_RELATED_PRODUCT_CATEGORY('part',$,(#3148));
#4613 = SHAPE_DEFINITION_REPRESENTATION(#4614,#4620);
#4614 = PRODUCT_DEFINITION_SHAPE('','',#4615);
#4615 = PRODUCT_DEFINITION('design','',#4616,#4619);
#4616 = PRODUCT_DEFINITION_FORMATION('','',#4617);
#4617 = PRODUCT(
'electronic_ic_sot_23_5_power_management_linear_voltage_regulator_
se5218alg_render_PCB',
'electronic_ic_sot_23_5_power_management_linear_voltage_regulator_
se5218alg_render_PCB','',(#4618));
#4618 = PRODUCT_CONTEXT('',#2,'mechanical');
#4619 = PRODUCT_DEFINITION_CONTEXT('part definition',#2,'design');
#4620 = ADVANCED_BREP_SHAPE_REPRESENTATION('',(#11,#4621),#4771);
#4621 = MANIFOLD_SOLID_BREP('',#4622);
#4622 = CLOSED_SHELL('',(#4623,#4663,#4694,#4725,#4747,#4759));
#4623 = ADVANCED_FACE('',(#4624),#4658,.T.);
#4624 = FACE_BOUND('',#4625,.T.);
#4625 = EDGE_LOOP('',(#4626,#4636,#4644,#4652));
#4626 = ORIENTED_EDGE('',*,*,#4627,.T.);
#4627 = EDGE_CURVE('',#4628,#4630,#4632,.T.);
#4628 = VERTEX_POINT('',#4629);
#4629 = CARTESIAN_POINT('',(4.05,-3.7,0.));
#4630 = VERTEX_POINT('',#4631);
#4631 = CARTESIAN_POINT('',(4.05,-3.7,1.51));
#4632 = LINE('',#4633,#4634);
#4633 = CARTESIAN_POINT('',(4.05,-3.7,0.));
#4634 = VECTOR('',#4635,1.);
#4635 = DIRECTION('',(0.,0.,1.));
#4636 = ORIENTED_EDGE('',*,*,#4637,.T.);
#4637 = EDGE_CURVE('',#4630,#4638,#4640,.T.);
#4638 = VERTEX_POINT('',#4639);
#4639 = CARTESIAN_POINT('',(-4.05,-3.7,1.51));
#4640 = LINE('',#4641,#4642);
#4641 = CARTESIAN_POINT('',(4.05,-3.7,1.51));
#4642 = VECTOR('',#4643,1.);
#4643 = DIRECTION('',(-1.,0.,0.));
#4644 = ORIENTED_EDGE('',*,*,#4645,.F.);
#4645 = EDGE_CURVE('',#4646,#4638,#4648,.T.);
#4646 = VERTEX_POINT('',#4647);
#4647 = CARTESIAN_POINT('',(-4.05,-3.7,0.));
#4648 = LINE('',#4649,#4650);
#4649 = CARTESIAN_POINT('',(-4.05,-3.7,0.));
#4650 = VECTOR('',#4651,1.);
#4651 = DIRECTION('',(0.,0.,1.));
#4652 = ORIENTED_EDGE('',*,*,#4653,.F.);
#4653 = EDGE_CURVE('',#4628,#4646,#4654,.T.);
#4654 = LINE('',#4655,#4656);
#4655 = CARTESIAN_POINT('',(4.05,-3.7,0.));
#4656 = VECTOR('',#4657,1.);
#4657 = DIRECTION('',(-1.,0.,0.));
#4658 = PLANE('',#4659);
#4659 = AXIS2_PLACEMENT_3D('',#4660,#4661,#4662);
#4660 = CARTESIAN_POINT('',(4.05,-3.7,0.));
#4661 = DIRECTION('',(0.,-1.,0.));
#4662 = DIRECTION('',(-1.,0.,0.));
#4663 = ADVANCED_FACE('',(#4664),#4689,.T.);
#4664 = FACE_BOUND('',#4665,.T.);
#4665 = EDGE_LOOP('',(#4666,#4667,#4675,#4683));
#4666 = ORIENTED_EDGE('',*,*,#4645,.T.);
#4667 = ORIENTED_EDGE('',*,*,#4668,.T.);
#4668 = EDGE_CURVE('',#4638,#4669,#4671,.T.);
#4669 = VERTEX_POINT('',#4670);
#4670 = CARTESIAN_POINT('',(-4.05,3.7,1.51));
#4671 = LINE('',#4672,#4673);
#4672 = CARTESIAN_POINT('',(-4.05,-3.7,1.51));
#4673 = VECTOR('',#4674,1.);
#4674 = DIRECTION('',(0.,1.,0.));
#4675 = ORIENTED_EDGE('',*,*,#4676,.F.);
#4676 = EDGE_CURVE('',#4677,#4669,#4679,.T.);
#4677 = VERTEX_POINT('',#4678);
#4678 = CARTESIAN_POINT('',(-4.05,3.7,0.));
#4679 = LINE('',#4680,#4681);
#4680 = CARTESIAN_POINT('',(-4.05,3.7,0.));
#4681 = VECTOR('',#4682,1.);
#4682 = DIRECTION('',(0.,0.,1.));
#4683 = ORIENTED_EDGE('',*,*,#4684,.F.);
#4684 = EDGE_CURVE('',#4646,#4677,#4685,.T.);
#4685 = LINE('',#4686,#4687);
#4686 = CARTESIAN_POINT('',(-4.05,-3.7,0.));
#4687 = VECTOR('',#4688,1.);
#4688 = DIRECTION('',(0.,1.,0.));
#4689 = PLANE('',#4690);
#4690 = AXIS2_PLACEMENT_3D('',#4691,#4692,#4693);
#4691 = CARTESIAN_POINT('',(-4.05,-3.7,0.));
#4692 = DIRECTION('',(-1.,0.,0.));
#4693 = DIRECTION('',(0.,1.,0.));
#4694 = ADVANCED_FACE('',(#4695),#4720,.T.);
#4695 = FACE_BOUND('',#4696,.T.);
#4696 = EDGE_LOOP('',(#4697,#4698,#4706,#4714));
#4697 = ORIENTED_EDGE('',*,*,#4676,.T.);
#4698 = ORIENTED_EDGE('',*,*,#4699,.T.);
#4699 = EDGE_CURVE('',#4669,#4700,#4702,.T.);
#4700 = VERTEX_POINT('',#4701);
#4701 = CARTESIAN_POINT('',(4.05,3.7,1.51));
#4702 = LINE('',#4703,#4704);
#4703 = CARTESIAN_POINT('',(-4.05,3.7,1.51));
#4704 = VECTOR('',#4705,1.);
#4705 = DIRECTION('',(1.,0.,0.));
#4706 = ORIENTED_EDGE('',*,*,#4707,.F.);
#4707 = EDGE_CURVE('',#4708,#4700,#4710,.T.);
#4708 = VERTEX_POINT('',#4709);
#4709 = CARTESIAN_POINT('',(4.05,3.7,0.));
#4710 = LINE('',#4711,#4712);
#4711 = CARTESIAN_POINT('',(4.05,3.7,0.));
#4712 = VECTOR('',#4713,1.);
#4713 = DIRECTION('',(0.,0.,1.));
#4714 = ORIENTED_EDGE('',*,*,#4715,.F.);
#4715 = EDGE_CURVE('',#4677,#4708,#4716,.T.);
#4716 = LINE('',#4717,#4718);
#4717 = CARTESIAN_POINT('',(-4.05,3.7,0.));
#4718 = VECTOR('',#4719,1.);
#4719 = DIRECTION('',(1.,0.,0.));
#4720 = PLANE('',#4721);
#4721 = AXIS2_PLACEMENT_3D('',#4722,#4723,#4724);
#4722 = CARTESIAN_POINT('',(-4.05,3.7,0.));
#4723 = DIRECTION('',(0.,1.,0.));
#4724 = DIRECTION('',(1.,0.,0.));
#4725 = ADVANCED_FACE('',(#4726),#4742,.T.);
#4726 = FACE_BOUND('',#4727,.T.);
#4727 = EDGE_LOOP('',(#4728,#4729,#4735,#4736));
#4728 = ORIENTED_EDGE('',*,*,#4707,.T.);
#4729 = ORIENTED_EDGE('',*,*,#4730,.T.);
#4730 = EDGE_CURVE('',#4700,#4630,#4731,.T.);
#4731 = LINE('',#4732,#4733);
#4732 = CARTESIAN_POINT('',(4.05,3.7,1.51));
#4733 = VECTOR('',#4734,1.);
#4734 = DIRECTION('',(0.,-1.,0.));
#4735 = ORIENTED_EDGE('',*,*,#4627,.F.);
#4736 = ORIENTED_EDGE('',*,*,#4737,.F.);
#4737 = EDGE_CURVE('',#4708,#4628,#4738,.T.);
#4738 = LINE('',#4739,#4740);
#4739 = CARTESIAN_POINT('',(4.05,3.7,0.));
#4740 = VECTOR('',#4741,1.);
#4741 = DIRECTION('',(0.,-1.,0.));
#4742 = PLANE('',#4743);
#4743 = AXIS2_PLACEMENT_3D('',#4744,#4745,#4746);
#4744 = CARTESIAN_POINT('',(4.05,3.7,0.));
#4745 = DIRECTION('',(1.,0.,-0.));
#4746 = DIRECTION('',(0.,-1.,0.));
#4747 = ADVANCED_FACE('',(#4748),#4754,.F.);
#4748 = FACE_BOUND('',#4749,.T.);
#4749 = EDGE_LOOP('',(#4750,#4751,#4752,#4753));
#4750 = ORIENTED_EDGE('',*,*,#4653,.T.);
#4751 = ORIENTED_EDGE('',*,*,#4684,.T.);
#4752 = ORIENTED_EDGE('',*,*,#4715,.T.);
#4753 = ORIENTED_EDGE('',*,*,#4737,.T.);
#4754 = PLANE('',#4755);
#4755 = AXIS2_PLACEMENT_3D('',#4756,#4757,#4758);
#4756 = CARTESIAN_POINT('',(0.,0.,0.));
#4757 = DIRECTION('',(0.,0.,1.));
#4758 = DIRECTION('',(1.,0.,-0.));
#4759 = ADVANCED_FACE('',(#4760),#4766,.T.);
#4760 = FACE_BOUND('',#4761,.F.);
#4761 = EDGE_LOOP('',(#4762,#4763,#4764,#4765));
#4762 = ORIENTED_EDGE('',*,*,#4637,.T.);
#4763 = ORIENTED_EDGE('',*,*,#4668,.T.);
#4764 = ORIENTED_EDGE('',*,*,#4699,.T.);
#4765 = ORIENTED_EDGE('',*,*,#4730,.T.);
#4766 = PLANE('',#4767);
#4767 = AXIS2_PLACEMENT_3D('',#4768,#4769,#4770);
#4768 = CARTESIAN_POINT('',(0.,0.,1.51));
#4769 = DIRECTION('',(0.,0.,1.));
#4770 = DIRECTION('',(1.,0.,-0.));
#4771 = ( GEOMETRIC_REPRESENTATION_CONTEXT(3) 
GLOBAL_UNCERTAINTY_ASSIGNED_CONTEXT((#4775)) 
GLOBAL_UNIT_ASSIGNED_CONTEXT((#4772,#4773,#4774)) REPRESENTATION_CONTEXT
('Context #1','3D Context with UNIT and UNCERTAINTY') );
#4772 = ( LENGTH_UNIT() NAMED_UNIT(*) SI_UNIT(.MILLI.,.METRE.) );
#4773 = ( NAMED_UNIT(*) PLANE_ANGLE_UNIT() SI_UNIT($,.RADIAN.) );
#4774 = ( NAMED_UNIT(*) SI_UNIT($,.STERADIAN.) SOLID_ANGLE_UNIT() );
#4775 = UNCERTAINTY_MEASURE_WITH_UNIT(LENGTH_MEASURE(1.E-07),#4772,
  'distance_accuracy_value','confusion accuracy');
#4776 = CONTEXT_DEPENDENT_SHAPE_REPRESENTATION(#4777,#4779);
#4777 = ( REPRESENTATION_RELATIONSHIP('','',#4620,#10) 
REPRESENTATION_RELATIONSHIP_WITH_TRANSFORMATION(#4778) 
SHAPE_REPRESENTATION_RELATIONSHIP() );
#4778 = ITEM_DEFINED_TRANSFORMATION('','',#11,#23);
#4779 = PRODUCT_DEFINITION_SHAPE('Placement','Placement of an item',
  #4780);
#4780 = NEXT_ASSEMBLY_USAGE_OCCURRENCE('4','=>[0:1:1:5]','',#5,#4615,$);
#4781 = PRODUCT_RELATED_PRODUCT_CATEGORY('part',$,(#4617));
#4782 = MECHANICAL_DESIGN_GEOMETRIC_PRESENTATION_REPRESENTATION('',(
    #4783,#4793,#4802,#4811,#4820,#4829,#4838,#4847,#4856,#4865,#4874,
    #4883,#4892,#4901,#4910,#4920,#4929,#4938,#4947,#4956,#4965,#4974,
    #4983,#4992,#5001,#5010,#5019,#5028,#5037,#5046,#5055,#5064,#5073,
    #5082,#5091,#5100,#5109,#5118,#5127,#5136,#5145,#5154,#5163,#5172,
    #5181,#5190,#5199,#5208,#5217,#5226,#5235,#5244,#5253,#5262,#5271,
    #5280,#5289,#5298,#5307,#5316,#5325,#5334,#5343,#5352,#5361,#5370,
    #5379,#5388,#5397,#5406,#5415,#5424,#5433,#5442,#5451,#5460,#5469,
    #5478,#5487,#5496,#5505,#5514,#5523,#5532,#5541,#5550,#5559,#5568,
    #5577,#5586,#5595,#5604,#5613,#5622,#5631,#5640,#5649,#5658,#5667,
    #5676,#5685,#5694),#3133);
#4783 = STYLED_ITEM('color',(#4784),#66);
#4784 = PRESENTATION_STYLE_ASSIGNMENT((#4785,#4791));
#4785 = SURFACE_STYLE_USAGE(.BOTH.,#4786);
#4786 = SURFACE_SIDE_STYLE('',(#4787));
#4787 = SURFACE_STYLE_FILL_AREA(#4788);
#4788 = FILL_AREA_STYLE('',(#4789));
#4789 = FILL_AREA_STYLE_COLOUR('',#4790);
#4790 = COLOUR_RGB('',0.147999998088,0.145000001626,0.145000001626);
#4791 = CURVE_STYLE('',#4792,POSITIVE_LENGTH_MEASURE(0.1),#4790);
#4792 = DRAUGHTING_PRE_DEFINED_CURVE_FONT('continuous');
#4793 = STYLED_ITEM('color',(#4794),#104);
#4794 = PRESENTATION_STYLE_ASSIGNMENT((#4795,#4800));
#4795 = SURFACE_STYLE_USAGE(.BOTH.,#4796);
#4796 = SURFACE_SIDE_STYLE('',(#4797));
#4797 = SURFACE_STYLE_FILL_AREA(#4798);
#4798 = FILL_AREA_STYLE('',(#4799));
#4799 = FILL_AREA_STYLE_COLOUR('',#4790);
#4800 = CURVE_STYLE('',#4801,POSITIVE_LENGTH_MEASURE(0.1),#4790);
#4801 = DRAUGHTING_PRE_DEFINED_CURVE_FONT('continuous');
#4802 = STYLED_ITEM('color',(#4803),#167);
#4803 = PRESENTATION_STYLE_ASSIGNMENT((#4804,#4809));
#4804 = SURFACE_STYLE_USAGE(.BOTH.,#4805);
#4805 = SURFACE_SIDE_STYLE('',(#4806));
#4806 = SURFACE_STYLE_FILL_AREA(#4807);
#4807 = FILL_AREA_STYLE('',(#4808));
#4808 = FILL_AREA_STYLE_COLOUR('',#4790);
#4809 = CURVE_STYLE('',#4810,POSITIVE_LENGTH_MEASURE(0.1),#4790);
#4810 = DRAUGHTING_PRE_DEFINED_CURVE_FONT('continuous');
#4811 = STYLED_ITEM('color',(#4812),#190);
#4812 = PRESENTATION_STYLE_ASSIGNMENT((#4813,#4818));
#4813 = SURFACE_STYLE_USAGE(.BOTH.,#4814);
#4814 = SURFACE_SIDE_STYLE('',(#4815));
#4815 = SURFACE_STYLE_FILL_AREA(#4816);
#4816 = FILL_AREA_STYLE('',(#4817));
#4817 = FILL_AREA_STYLE_COLOUR('',#4790);
#4818 = CURVE_STYLE('',#4819,POSITIVE_LENGTH_MEASURE(0.1),#4790);
#4819 = DRAUGHTING_PRE_DEFINED_CURVE_FONT('continuous');
#4820 = STYLED_ITEM('color',(#4821),#219);
#4821 = PRESENTATION_STYLE_ASSIGNMENT((#4822,#4827));
#4822 = SURFACE_STYLE_USAGE(.BOTH.,#4823);
#4823 = SURFACE_SIDE_STYLE('',(#4824));
#4824 = SURFACE_STYLE_FILL_AREA(#4825);
#4825 = FILL_AREA_STYLE('',(#4826));
#4826 = FILL_AREA_STYLE_COLOUR('',#4790);
#4827 = CURVE_STYLE('',#4828,POSITIVE_LENGTH_MEASURE(0.1),#4790);
#4828 = DRAUGHTING_PRE_DEFINED_CURVE_FONT('continuous');
#4829 = STYLED_ITEM('color',(#4830),#242);
#4830 = PRESENTATION_STYLE_ASSIGNMENT((#4831,#4836));
#4831 = SURFACE_STYLE_USAGE(.BOTH.,#4832);
#4832 = SURFACE_SIDE_STYLE('',(#4833));
#4833 = SURFACE_STYLE_FILL_AREA(#4834);
#4834 = FILL_AREA_STYLE('',(#4835));
#4835 = FILL_AREA_STYLE_COLOUR('',#4790);
#4836 = CURVE_STYLE('',#4837,POSITIVE_LENGTH_MEASURE(0.1),#4790);
#4837 = DRAUGHTING_PRE_DEFINED_CURVE_FONT('continuous');
#4838 = STYLED_ITEM('color',(#4839),#313);
#4839 = PRESENTATION_STYLE_ASSIGNMENT((#4840,#4845));
#4840 = SURFACE_STYLE_USAGE(.BOTH.,#4841);
#4841 = SURFACE_SIDE_STYLE('',(#4842));
#4842 = SURFACE_STYLE_FILL_AREA(#4843);
#4843 = FILL_AREA_STYLE('',(#4844));
#4844 = FILL_AREA_STYLE_COLOUR('',#4790);
#4845 = CURVE_STYLE('',#4846,POSITIVE_LENGTH_MEASURE(0.1),#4790);
#4846 = DRAUGHTING_PRE_DEFINED_CURVE_FONT('continuous');
#4847 = STYLED_ITEM('color',(#4848),#368);
#4848 = PRESENTATION_STYLE_ASSIGNMENT((#4849,#4854));
#4849 = SURFACE_STYLE_USAGE(.BOTH.,#4850);
#4850 = SURFACE_SIDE_STYLE('',(#4851));
#4851 = SURFACE_STYLE_FILL_AREA(#4852);
#4852 = FILL_AREA_STYLE('',(#4853));
#4853 = FILL_AREA_STYLE_COLOUR('',#4790);
#4854 = CURVE_STYLE('',#4855,POSITIVE_LENGTH_MEASURE(0.1),#4790);
#4855 = DRAUGHTING_PRE_DEFINED_CURVE_FONT('continuous');
#4856 = STYLED_ITEM('color',(#4857),#391);
#4857 = PRESENTATION_STYLE_ASSIGNMENT((#4858,#4863));
#4858 = SURFACE_STYLE_USAGE(.BOTH.,#4859);
#4859 = SURFACE_SIDE_STYLE('',(#4860));
#4860 = SURFACE_STYLE_FILL_AREA(#4861);
#4861 = FILL_AREA_STYLE('',(#4862));
#4862 = FILL_AREA_STYLE_COLOUR('',#4790);
#4863 = CURVE_STYLE('',#4864,POSITIVE_LENGTH_MEASURE(0.1),#4790);
#4864 = DRAUGHTING_PRE_DEFINED_CURVE_FONT('continuous');
#4865 = STYLED_ITEM('color',(#4866),#414);
#4866 = PRESENTATION_STYLE_ASSIGNMENT((#4867,#4872));
#4867 = SURFACE_STYLE_USAGE(.BOTH.,#4868);
#4868 = SURFACE_SIDE_STYLE('',(#4869));
#4869 = SURFACE_STYLE_FILL_AREA(#4870);
#4870 = FILL_AREA_STYLE('',(#4871));
#4871 = FILL_AREA_STYLE_COLOUR('',#4790);
#4872 = CURVE_STYLE('',#4873,POSITIVE_LENGTH_MEASURE(0.1),#4790);
#4873 = DRAUGHTING_PRE_DEFINED_CURVE_FONT('continuous');
#4874 = STYLED_ITEM('color',(#4875),#431);
#4875 = PRESENTATION_STYLE_ASSIGNMENT((#4876,#4881));
#4876 = SURFACE_STYLE_USAGE(.BOTH.,#4877);
#4877 = SURFACE_SIDE_STYLE('',(#4878));
#4878 = SURFACE_STYLE_FILL_AREA(#4879);
#4879 = FILL_AREA_STYLE('',(#4880));
#4880 = FILL_AREA_STYLE_COLOUR('',#4790);
#4881 = CURVE_STYLE('',#4882,POSITIVE_LENGTH_MEASURE(0.1),#4790);
#4882 = DRAUGHTING_PRE_DEFINED_CURVE_FONT('continuous');
#4883 = STYLED_ITEM('color',(#4884),#454);
#4884 = PRESENTATION_STYLE_ASSIGNMENT((#4885,#4890));
#4885 = SURFACE_STYLE_USAGE(.BOTH.,#4886);
#4886 = SURFACE_SIDE_STYLE('',(#4887));
#4887 = SURFACE_STYLE_FILL_AREA(#4888);
#4888 = FILL_AREA_STYLE('',(#4889));
#4889 = FILL_AREA_STYLE_COLOUR('',#4790);
#4890 = CURVE_STYLE('',#4891,POSITIVE_LENGTH_MEASURE(0.1),#4790);
#4891 = DRAUGHTING_PRE_DEFINED_CURVE_FONT('continuous');
#4892 = STYLED_ITEM('color',(#4893),#542);
#4893 = PRESENTATION_STYLE_ASSIGNMENT((#4894,#4899));
#4894 = SURFACE_STYLE_USAGE(.BOTH.,#4895);
#4895 = SURFACE_SIDE_STYLE('',(#4896));
#4896 = SURFACE_STYLE_FILL_AREA(#4897);
#4897 = FILL_AREA_STYLE('',(#4898));
#4898 = FILL_AREA_STYLE_COLOUR('',#4790);
#4899 = CURVE_STYLE('',#4900,POSITIVE_LENGTH_MEASURE(0.1),#4790);
#4900 = DRAUGHTING_PRE_DEFINED_CURVE_FONT('continuous');
#4901 = STYLED_ITEM('color',(#4902),#558);
#4902 = PRESENTATION_STYLE_ASSIGNMENT((#4903,#4908));
#4903 = SURFACE_STYLE_USAGE(.BOTH.,#4904);
#4904 = SURFACE_SIDE_STYLE('',(#4905));
#4905 = SURFACE_STYLE_FILL_AREA(#4906);
#4906 = FILL_AREA_STYLE('',(#4907));
#4907 = FILL_AREA_STYLE_COLOUR('',#4790);
#4908 = CURVE_STYLE('',#4909,POSITIVE_LENGTH_MEASURE(0.1),#4790);
#4909 = DRAUGHTING_PRE_DEFINED_CURVE_FONT('continuous');
#4910 = STYLED_ITEM('color',(#4911),#588);
#4911 = PRESENTATION_STYLE_ASSIGNMENT((#4912,#4918));
#4912 = SURFACE_STYLE_USAGE(.BOTH.,#4913);
#4913 = SURFACE_SIDE_STYLE('',(#4914));
#4914 = SURFACE_STYLE_FILL_AREA(#4915);
#4915 = FILL_AREA_STYLE('',(#4916));
#4916 = FILL_AREA_STYLE_COLOUR('',#4917);
#4917 = COLOUR_RGB('',0.823999987314,0.819999987296,0.781000009244);
#4918 = CURVE_STYLE('',#4919,POSITIVE_LENGTH_MEASURE(0.1),#4917);
#4919 = DRAUGHTING_PRE_DEFINED_CURVE_FONT('continuous');
#4920 = STYLED_ITEM('color',(#4921),#619);
#4921 = PRESENTATION_STYLE_ASSIGNMENT((#4922,#4927));
#4922 = SURFACE_STYLE_USAGE(.BOTH.,#4923);
#4923 = SURFACE_SIDE_STYLE('',(#4924));
#4924 = SURFACE_STYLE_FILL_AREA(#4925);
#4925 = FILL_AREA_STYLE('',(#4926));
#4926 = FILL_AREA_STYLE_COLOUR('',#4790);
#4927 = CURVE_STYLE('',#4928,POSITIVE_LENGTH_MEASURE(0.1),#4790);
#4928 = DRAUGHTING_PRE_DEFINED_CURVE_FONT('continuous');
#4929 = STYLED_ITEM('color',(#4930),#650);
#4930 = PRESENTATION_STYLE_ASSIGNMENT((#4931,#4936));
#4931 = SURFACE_STYLE_USAGE(.BOTH.,#4932);
#4932 = SURFACE_SIDE_STYLE('',(#4933));
#4933 = SURFACE_STYLE_FILL_AREA(#4934);
#4934 = FILL_AREA_STYLE('',(#4935));
#4935 = FILL_AREA_STYLE_COLOUR('',#4917);
#4936 = CURVE_STYLE('',#4937,POSITIVE_LENGTH_MEASURE(0.1),#4917);
#4937 = DRAUGHTING_PRE_DEFINED_CURVE_FONT('continuous');
#4938 = STYLED_ITEM('color',(#4939),#681);
#4939 = PRESENTATION_STYLE_ASSIGNMENT((#4940,#4945));
#4940 = SURFACE_STYLE_USAGE(.BOTH.,#4941);
#4941 = SURFACE_SIDE_STYLE('',(#4942));
#4942 = SURFACE_STYLE_FILL_AREA(#4943);
#4943 = FILL_AREA_STYLE('',(#4944));
#4944 = FILL_AREA_STYLE_COLOUR('',#4790);
#4945 = CURVE_STYLE('',#4946,POSITIVE_LENGTH_MEASURE(0.1),#4790);
#4946 = DRAUGHTING_PRE_DEFINED_CURVE_FONT('continuous');
#4947 = STYLED_ITEM('color',(#4948),#712);
#4948 = PRESENTATION_STYLE_ASSIGNMENT((#4949,#4954));
#4949 = SURFACE_STYLE_USAGE(.BOTH.,#4950);
#4950 = SURFACE_SIDE_STYLE('',(#4951));
#4951 = SURFACE_STYLE_FILL_AREA(#4952);
#4952 = FILL_AREA_STYLE('',(#4953));
#4953 = FILL_AREA_STYLE_COLOUR('',#4917);
#4954 = CURVE_STYLE('',#4955,POSITIVE_LENGTH_MEASURE(0.1),#4917);
#4955 = DRAUGHTING_PRE_DEFINED_CURVE_FONT('continuous');
#4956 = STYLED_ITEM('color',(#4957),#743);
#4957 = PRESENTATION_STYLE_ASSIGNMENT((#4958,#4963));
#4958 = SURFACE_STYLE_USAGE(.BOTH.,#4959);
#4959 = SURFACE_SIDE_STYLE('',(#4960));
#4960 = SURFACE_STYLE_FILL_AREA(#4961);
#4961 = FILL_AREA_STYLE('',(#4962));
#4962 = FILL_AREA_STYLE_COLOUR('',#4790);
#4963 = CURVE_STYLE('',#4964,POSITIVE_LENGTH_MEASURE(0.1),#4790);
#4964 = DRAUGHTING_PRE_DEFINED_CURVE_FONT('continuous');
#4965 = STYLED_ITEM('color',(#4966),#760);
#4966 = PRESENTATION_STYLE_ASSIGNMENT((#4967,#4972));
#4967 = SURFACE_STYLE_USAGE(.BOTH.,#4968);
#4968 = SURFACE_SIDE_STYLE('',(#4969));
#4969 = SURFACE_STYLE_FILL_AREA(#4970);
#4970 = FILL_AREA_STYLE('',(#4971));
#4971 = FILL_AREA_STYLE_COLOUR('',#4790);
#4972 = CURVE_STYLE('',#4973,POSITIVE_LENGTH_MEASURE(0.1),#4790);
#4973 = DRAUGHTING_PRE_DEFINED_CURVE_FONT('continuous');
#4974 = STYLED_ITEM('color',(#4975),#777);
#4975 = PRESENTATION_STYLE_ASSIGNMENT((#4976,#4981));
#4976 = SURFACE_STYLE_USAGE(.BOTH.,#4977);
#4977 = SURFACE_SIDE_STYLE('',(#4978));
#4978 = SURFACE_STYLE_FILL_AREA(#4979);
#4979 = FILL_AREA_STYLE('',(#4980));
#4980 = FILL_AREA_STYLE_COLOUR('',#4917);
#4981 = CURVE_STYLE('',#4982,POSITIVE_LENGTH_MEASURE(0.1),#4917);
#4982 = DRAUGHTING_PRE_DEFINED_CURVE_FONT('continuous');
#4983 = STYLED_ITEM('color',(#4984),#808);
#4984 = PRESENTATION_STYLE_ASSIGNMENT((#4985,#4990));
#4985 = SURFACE_STYLE_USAGE(.BOTH.,#4986);
#4986 = SURFACE_SIDE_STYLE('',(#4987));
#4987 = SURFACE_STYLE_FILL_AREA(#4988);
#4988 = FILL_AREA_STYLE('',(#4989));
#4989 = FILL_AREA_STYLE_COLOUR('',#4790);
#4990 = CURVE_STYLE('',#4991,POSITIVE_LENGTH_MEASURE(0.1),#4790);
#4991 = DRAUGHTING_PRE_DEFINED_CURVE_FONT('continuous');
#4992 = STYLED_ITEM('color',(#4993),#839);
#4993 = PRESENTATION_STYLE_ASSIGNMENT((#4994,#4999));
#4994 = SURFACE_STYLE_USAGE(.BOTH.,#4995);
#4995 = SURFACE_SIDE_STYLE('',(#4996));
#4996 = SURFACE_STYLE_FILL_AREA(#4997);
#4997 = FILL_AREA_STYLE('',(#4998));
#4998 = FILL_AREA_STYLE_COLOUR('',#4917);
#4999 = CURVE_STYLE('',#5000,POSITIVE_LENGTH_MEASURE(0.1),#4917);
#5000 = DRAUGHTING_PRE_DEFINED_CURVE_FONT('continuous');
#5001 = STYLED_ITEM('color',(#5002),#870);
#5002 = PRESENTATION_STYLE_ASSIGNMENT((#5003,#5008));
#5003 = SURFACE_STYLE_USAGE(.BOTH.,#5004);
#5004 = SURFACE_SIDE_STYLE('',(#5005));
#5005 = SURFACE_STYLE_FILL_AREA(#5006);
#5006 = FILL_AREA_STYLE('',(#5007));
#5007 = FILL_AREA_STYLE_COLOUR('',#4790);
#5008 = CURVE_STYLE('',#5009,POSITIVE_LENGTH_MEASURE(0.1),#4790);
#5009 = DRAUGHTING_PRE_DEFINED_CURVE_FONT('continuous');
#5010 = STYLED_ITEM('color',(#5011),#900);
#5011 = PRESENTATION_STYLE_ASSIGNMENT((#5012,#5017));
#5012 = SURFACE_STYLE_USAGE(.BOTH.,#5013);
#5013 = SURFACE_SIDE_STYLE('',(#5014));
#5014 = SURFACE_STYLE_FILL_AREA(#5015);
#5015 = FILL_AREA_STYLE('',(#5016));
#5016 = FILL_AREA_STYLE_COLOUR('',#4790);
#5017 = CURVE_STYLE('',#5018,POSITIVE_LENGTH_MEASURE(0.1),#4790);
#5018 = DRAUGHTING_PRE_DEFINED_CURVE_FONT('continuous');
#5019 = STYLED_ITEM('color',(#5020),#923);
#5020 = PRESENTATION_STYLE_ASSIGNMENT((#5021,#5026));
#5021 = SURFACE_STYLE_USAGE(.BOTH.,#5022);
#5022 = SURFACE_SIDE_STYLE('',(#5023));
#5023 = SURFACE_STYLE_FILL_AREA(#5024);
#5024 = FILL_AREA_STYLE('',(#5025));
#5025 = FILL_AREA_STYLE_COLOUR('',#4790);
#5026 = CURVE_STYLE('',#5027,POSITIVE_LENGTH_MEASURE(0.1),#4790);
#5027 = DRAUGHTING_PRE_DEFINED_CURVE_FONT('continuous');
#5028 = STYLED_ITEM('color',(#5029),#946);
#5029 = PRESENTATION_STYLE_ASSIGNMENT((#5030,#5035));
#5030 = SURFACE_STYLE_USAGE(.BOTH.,#5031);
#5031 = SURFACE_SIDE_STYLE('',(#5032));
#5032 = SURFACE_STYLE_FILL_AREA(#5033);
#5033 = FILL_AREA_STYLE('',(#5034));
#5034 = FILL_AREA_STYLE_COLOUR('',#4790);
#5035 = CURVE_STYLE('',#5036,POSITIVE_LENGTH_MEASURE(0.1),#4790);
#5036 = DRAUGHTING_PRE_DEFINED_CURVE_FONT('continuous');
#5037 = STYLED_ITEM('color',(#5038),#963);
#5038 = PRESENTATION_STYLE_ASSIGNMENT((#5039,#5044));
#5039 = SURFACE_STYLE_USAGE(.BOTH.,#5040);
#5040 = SURFACE_SIDE_STYLE('',(#5041));
#5041 = SURFACE_STYLE_FILL_AREA(#5042);
#5042 = FILL_AREA_STYLE('',(#5043));
#5043 = FILL_AREA_STYLE_COLOUR('',#4917);
#5044 = CURVE_STYLE('',#5045,POSITIVE_LENGTH_MEASURE(0.1),#4917);
#5045 = DRAUGHTING_PRE_DEFINED_CURVE_FONT('continuous');
#5046 = STYLED_ITEM('color',(#5047),#1008);
#5047 = PRESENTATION_STYLE_ASSIGNMENT((#5048,#5053));
#5048 = SURFACE_STYLE_USAGE(.BOTH.,#5049);
#5049 = SURFACE_SIDE_STYLE('',(#5050));
#5050 = SURFACE_STYLE_FILL_AREA(#5051);
#5051 = FILL_AREA_STYLE('',(#5052));
#5052 = FILL_AREA_STYLE_COLOUR('',#4790);
#5053 = CURVE_STYLE('',#5054,POSITIVE_LENGTH_MEASURE(0.1),#4790);
#5054 = DRAUGHTING_PRE_DEFINED_CURVE_FONT('continuous');
#5055 = STYLED_ITEM('color',(#5056),#1078);
#5056 = PRESENTATION_STYLE_ASSIGNMENT((#5057,#5062));
#5057 = SURFACE_STYLE_USAGE(.BOTH.,#5058);
#5058 = SURFACE_SIDE_STYLE('',(#5059));
#5059 = SURFACE_STYLE_FILL_AREA(#5060);
#5060 = FILL_AREA_STYLE('',(#5061));
#5061 = FILL_AREA_STYLE_COLOUR('',#4790);
#5062 = CURVE_STYLE('',#5063,POSITIVE_LENGTH_MEASURE(0.1),#4790);
#5063 = DRAUGHTING_PRE_DEFINED_CURVE_FONT('continuous');
#5064 = STYLED_ITEM('color',(#5065),#1101);
#5065 = PRESENTATION_STYLE_ASSIGNMENT((#5066,#5071));
#5066 = SURFACE_STYLE_USAGE(.BOTH.,#5067);
#5067 = SURFACE_SIDE_STYLE('',(#5068));
#5068 = SURFACE_STYLE_FILL_AREA(#5069);
#5069 = FILL_AREA_STYLE('',(#5070));
#5070 = FILL_AREA_STYLE_COLOUR('',#4790);
#5071 = CURVE_STYLE('',#5072,POSITIVE_LENGTH_MEASURE(0.1),#4790);
#5072 = DRAUGHTING_PRE_DEFINED_CURVE_FONT('continuous');
#5073 = STYLED_ITEM('color',(#5074),#1124);
#5074 = PRESENTATION_STYLE_ASSIGNMENT((#5075,#5080));
#5075 = SURFACE_STYLE_USAGE(.BOTH.,#5076);
#5076 = SURFACE_SIDE_STYLE('',(#5077));
#5077 = SURFACE_STYLE_FILL_AREA(#5078);
#5078 = FILL_AREA_STYLE('',(#5079));
#5079 = FILL_AREA_STYLE_COLOUR('',#4790);
#5080 = CURVE_STYLE('',#5081,POSITIVE_LENGTH_MEASURE(0.1),#4790);
#5081 = DRAUGHTING_PRE_DEFINED_CURVE_FONT('continuous');
#5082 = STYLED_ITEM('color',(#5083),#1147);
#5083 = PRESENTATION_STYLE_ASSIGNMENT((#5084,#5089));
#5084 = SURFACE_STYLE_USAGE(.BOTH.,#5085);
#5085 = SURFACE_SIDE_STYLE('',(#5086));
#5086 = SURFACE_STYLE_FILL_AREA(#5087);
#5087 = FILL_AREA_STYLE('',(#5088));
#5088 = FILL_AREA_STYLE_COLOUR('',#4790);
#5089 = CURVE_STYLE('',#5090,POSITIVE_LENGTH_MEASURE(0.1),#4790);
#5090 = DRAUGHTING_PRE_DEFINED_CURVE_FONT('continuous');
#5091 = STYLED_ITEM('color',(#5092),#1202);
#5092 = PRESENTATION_STYLE_ASSIGNMENT((#5093,#5098));
#5093 = SURFACE_STYLE_USAGE(.BOTH.,#5094);
#5094 = SURFACE_SIDE_STYLE('',(#5095));
#5095 = SURFACE_STYLE_FILL_AREA(#5096);
#5096 = FILL_AREA_STYLE('',(#5097));
#5097 = FILL_AREA_STYLE_COLOUR('',#4917);
#5098 = CURVE_STYLE('',#5099,POSITIVE_LENGTH_MEASURE(0.1),#4917);
#5099 = DRAUGHTING_PRE_DEFINED_CURVE_FONT('continuous');
#5100 = STYLED_ITEM('color',(#5101),#1240);
#5101 = PRESENTATION_STYLE_ASSIGNMENT((#5102,#5107));
#5102 = SURFACE_STYLE_USAGE(.BOTH.,#5103);
#5103 = SURFACE_SIDE_STYLE('',(#5104));
#5104 = SURFACE_STYLE_FILL_AREA(#5105);
#5105 = FILL_AREA_STYLE('',(#5106));
#5106 = FILL_AREA_STYLE_COLOUR('',#4790);
#5107 = CURVE_STYLE('',#5108,POSITIVE_LENGTH_MEASURE(0.1),#4790);
#5108 = DRAUGHTING_PRE_DEFINED_CURVE_FONT('continuous');
#5109 = STYLED_ITEM('color',(#5110),#1289);
#5110 = PRESENTATION_STYLE_ASSIGNMENT((#5111,#5116));
#5111 = SURFACE_STYLE_USAGE(.BOTH.,#5112);
#5112 = SURFACE_SIDE_STYLE('',(#5113));
#5113 = SURFACE_STYLE_FILL_AREA(#5114);
#5114 = FILL_AREA_STYLE('',(#5115));
#5115 = FILL_AREA_STYLE_COLOUR('',#4917);
#5116 = CURVE_STYLE('',#5117,POSITIVE_LENGTH_MEASURE(0.1),#4917);
#5117 = DRAUGHTING_PRE_DEFINED_CURVE_FONT('continuous');
#5118 = STYLED_ITEM('color',(#5119),#1381);
#5119 = PRESENTATION_STYLE_ASSIGNMENT((#5120,#5125));
#5120 = SURFACE_STYLE_USAGE(.BOTH.,#5121);
#5121 = SURFACE_SIDE_STYLE('',(#5122));
#5122 = SURFACE_STYLE_FILL_AREA(#5123);
#5123 = FILL_AREA_STYLE('',(#5124));
#5124 = FILL_AREA_STYLE_COLOUR('',#4917);
#5125 = CURVE_STYLE('',#5126,POSITIVE_LENGTH_MEASURE(0.1),#4917);
#5126 = DRAUGHTING_PRE_DEFINED_CURVE_FONT('continuous');
#5127 = STYLED_ITEM('color',(#5128),#1406);
#5128 = PRESENTATION_STYLE_ASSIGNMENT((#5129,#5134));
#5129 = SURFACE_STYLE_USAGE(.BOTH.,#5130);
#5130 = SURFACE_SIDE_STYLE('',(#5131));
#5131 = SURFACE_STYLE_FILL_AREA(#5132);
#5132 = FILL_AREA_STYLE('',(#5133));
#5133 = FILL_AREA_STYLE_COLOUR('',#4917);
#5134 = CURVE_STYLE('',#5135,POSITIVE_LENGTH_MEASURE(0.1),#4917);
#5135 = DRAUGHTING_PRE_DEFINED_CURVE_FONT('continuous');
#5136 = STYLED_ITEM('color',(#5137),#1490);
#5137 = PRESENTATION_STYLE_ASSIGNMENT((#5138,#5143));
#5138 = SURFACE_STYLE_USAGE(.BOTH.,#5139);
#5139 = SURFACE_SIDE_STYLE('',(#5140));
#5140 = SURFACE_STYLE_FILL_AREA(#5141);
#5141 = FILL_AREA_STYLE('',(#5142));
#5142 = FILL_AREA_STYLE_COLOUR('',#4790);
#5143 = CURVE_STYLE('',#5144,POSITIVE_LENGTH_MEASURE(0.1),#4790);
#5144 = DRAUGHTING_PRE_DEFINED_CURVE_FONT('continuous');
#5145 = STYLED_ITEM('color',(#5146),#1512);
#5146 = PRESENTATION_STYLE_ASSIGNMENT((#5147,#5152));
#5147 = SURFACE_STYLE_USAGE(.BOTH.,#5148);
#5148 = SURFACE_SIDE_STYLE('',(#5149));
#5149 = SURFACE_STYLE_FILL_AREA(#5150);
#5150 = FILL_AREA_STYLE('',(#5151));
#5151 = FILL_AREA_STYLE_COLOUR('',#4917);
#5152 = CURVE_STYLE('',#5153,POSITIVE_LENGTH_MEASURE(0.1),#4917);
#5153 = DRAUGHTING_PRE_DEFINED_CURVE_FONT('continuous');
#5154 = STYLED_ITEM('color',(#5155),#1604);
#5155 = PRESENTATION_STYLE_ASSIGNMENT((#5156,#5161));
#5156 = SURFACE_STYLE_USAGE(.BOTH.,#5157);
#5157 = SURFACE_SIDE_STYLE('',(#5158));
#5158 = SURFACE_STYLE_FILL_AREA(#5159);
#5159 = FILL_AREA_STYLE('',(#5160));
#5160 = FILL_AREA_STYLE_COLOUR('',#4917);
#5161 = CURVE_STYLE('',#5162,POSITIVE_LENGTH_MEASURE(0.1),#4917);
#5162 = DRAUGHTING_PRE_DEFINED_CURVE_FONT('continuous');
#5163 = STYLED_ITEM('color',(#5164),#1629);
#5164 = PRESENTATION_STYLE_ASSIGNMENT((#5165,#5170));
#5165 = SURFACE_STYLE_USAGE(.BOTH.,#5166);
#5166 = SURFACE_SIDE_STYLE('',(#5167));
#5167 = SURFACE_STYLE_FILL_AREA(#5168);
#5168 = FILL_AREA_STYLE('',(#5169));
#5169 = FILL_AREA_STYLE_COLOUR('',#4917);
#5170 = CURVE_STYLE('',#5171,POSITIVE_LENGTH_MEASURE(0.1),#4917);
#5171 = DRAUGHTING_PRE_DEFINED_CURVE_FONT('continuous');
#5172 = STYLED_ITEM('color',(#5173),#1713);
#5173 = PRESENTATION_STYLE_ASSIGNMENT((#5174,#5179));
#5174 = SURFACE_STYLE_USAGE(.BOTH.,#5175);
#5175 = SURFACE_SIDE_STYLE('',(#5176));
#5176 = SURFACE_STYLE_FILL_AREA(#5177);
#5177 = FILL_AREA_STYLE('',(#5178));
#5178 = FILL_AREA_STYLE_COLOUR('',#4790);
#5179 = CURVE_STYLE('',#5180,POSITIVE_LENGTH_MEASURE(0.1),#4790);
#5180 = DRAUGHTING_PRE_DEFINED_CURVE_FONT('continuous');
#5181 = STYLED_ITEM('color',(#5182),#1730);
#5182 = PRESENTATION_STYLE_ASSIGNMENT((#5183,#5188));
#5183 = SURFACE_STYLE_USAGE(.BOTH.,#5184);
#5184 = SURFACE_SIDE_STYLE('',(#5185));
#5185 = SURFACE_STYLE_FILL_AREA(#5186);
#5186 = FILL_AREA_STYLE('',(#5187));
#5187 = FILL_AREA_STYLE_COLOUR('',#4917);
#5188 = CURVE_STYLE('',#5189,POSITIVE_LENGTH_MEASURE(0.1),#4917);
#5189 = DRAUGHTING_PRE_DEFINED_CURVE_FONT('continuous');
#5190 = STYLED_ITEM('color',(#5191),#1815);
#5191 = PRESENTATION_STYLE_ASSIGNMENT((#5192,#5197));
#5192 = SURFACE_STYLE_USAGE(.BOTH.,#5193);
#5193 = SURFACE_SIDE_STYLE('',(#5194));
#5194 = SURFACE_STYLE_FILL_AREA(#5195);
#5195 = FILL_AREA_STYLE('',(#5196));
#5196 = FILL_AREA_STYLE_COLOUR('',#4917);
#5197 = CURVE_STYLE('',#5198,POSITIVE_LENGTH_MEASURE(0.1),#4917);
#5198 = DRAUGHTING_PRE_DEFINED_CURVE_FONT('continuous');
#5199 = STYLED_ITEM('color',(#5200),#1840);
#5200 = PRESENTATION_STYLE_ASSIGNMENT((#5201,#5206));
#5201 = SURFACE_STYLE_USAGE(.BOTH.,#5202);
#5202 = SURFACE_SIDE_STYLE('',(#5203));
#5203 = SURFACE_STYLE_FILL_AREA(#5204);
#5204 = FILL_AREA_STYLE('',(#5205));
#5205 = FILL_AREA_STYLE_COLOUR('',#4917);
#5206 = CURVE_STYLE('',#5207,POSITIVE_LENGTH_MEASURE(0.1),#4917);
#5207 = DRAUGHTING_PRE_DEFINED_CURVE_FONT('continuous');
#5208 = STYLED_ITEM('color',(#5209),#1917);
#5209 = PRESENTATION_STYLE_ASSIGNMENT((#5210,#5215));
#5210 = SURFACE_STYLE_USAGE(.BOTH.,#5211);
#5211 = SURFACE_SIDE_STYLE('',(#5212));
#5212 = SURFACE_STYLE_FILL_AREA(#5213);
#5213 = FILL_AREA_STYLE('',(#5214));
#5214 = FILL_AREA_STYLE_COLOUR('',#4917);
#5215 = CURVE_STYLE('',#5216,POSITIVE_LENGTH_MEASURE(0.1),#4917);
#5216 = DRAUGHTING_PRE_DEFINED_CURVE_FONT('continuous');
#5217 = STYLED_ITEM('color',(#5218),#2002);
#5218 = PRESENTATION_STYLE_ASSIGNMENT((#5219,#5224));
#5219 = SURFACE_STYLE_USAGE(.BOTH.,#5220);
#5220 = SURFACE_SIDE_STYLE('',(#5221));
#5221 = SURFACE_STYLE_FILL_AREA(#5222);
#5222 = FILL_AREA_STYLE('',(#5223));
#5223 = FILL_AREA_STYLE_COLOUR('',#4917);
#5224 = CURVE_STYLE('',#5225,POSITIVE_LENGTH_MEASURE(0.1),#4917);
#5225 = DRAUGHTING_PRE_DEFINED_CURVE_FONT('continuous');
#5226 = STYLED_ITEM('color',(#5227),#2027);
#5227 = PRESENTATION_STYLE_ASSIGNMENT((#5228,#5233));
#5228 = SURFACE_STYLE_USAGE(.BOTH.,#5229);
#5229 = SURFACE_SIDE_STYLE('',(#5230));
#5230 = SURFACE_STYLE_FILL_AREA(#5231);
#5231 = FILL_AREA_STYLE('',(#5232));
#5232 = FILL_AREA_STYLE_COLOUR('',#4917);
#5233 = CURVE_STYLE('',#5234,POSITIVE_LENGTH_MEASURE(0.1),#4917);
#5234 = DRAUGHTING_PRE_DEFINED_CURVE_FONT('continuous');
#5235 = STYLED_ITEM('color',(#5236),#2104);
#5236 = PRESENTATION_STYLE_ASSIGNMENT((#5237,#5242));
#5237 = SURFACE_STYLE_USAGE(.BOTH.,#5238);
#5238 = SURFACE_SIDE_STYLE('',(#5239));
#5239 = SURFACE_STYLE_FILL_AREA(#5240);
#5240 = FILL_AREA_STYLE('',(#5241));
#5241 = FILL_AREA_STYLE_COLOUR('',#4790);
#5242 = CURVE_STYLE('',#5243,POSITIVE_LENGTH_MEASURE(0.1),#4790);
#5243 = DRAUGHTING_PRE_DEFINED_CURVE_FONT('continuous');
#5244 = STYLED_ITEM('color',(#5245),#2121);
#5245 = PRESENTATION_STYLE_ASSIGNMENT((#5246,#5251));
#5246 = SURFACE_STYLE_USAGE(.BOTH.,#5247);
#5247 = SURFACE_SIDE_STYLE('',(#5248));
#5248 = SURFACE_STYLE_FILL_AREA(#5249);
#5249 = FILL_AREA_STYLE('',(#5250));
#5250 = FILL_AREA_STYLE_COLOUR('',#4917);
#5251 = CURVE_STYLE('',#5252,POSITIVE_LENGTH_MEASURE(0.1),#4917);
#5252 = DRAUGHTING_PRE_DEFINED_CURVE_FONT('continuous');
#5253 = STYLED_ITEM('color',(#5254),#2213);
#5254 = PRESENTATION_STYLE_ASSIGNMENT((#5255,#5260));
#5255 = SURFACE_STYLE_USAGE(.BOTH.,#5256);
#5256 = SURFACE_SIDE_STYLE('',(#5257));
#5257 = SURFACE_STYLE_FILL_AREA(#5258);
#5258 = FILL_AREA_STYLE('',(#5259));
#5259 = FILL_AREA_STYLE_COLOUR('',#4917);
#5260 = CURVE_STYLE('',#5261,POSITIVE_LENGTH_MEASURE(0.1),#4917);
#5261 = DRAUGHTING_PRE_DEFINED_CURVE_FONT('continuous');
#5262 = STYLED_ITEM('color',(#5263),#2238);
#5263 = PRESENTATION_STYLE_ASSIGNMENT((#5264,#5269));
#5264 = SURFACE_STYLE_USAGE(.BOTH.,#5265);
#5265 = SURFACE_SIDE_STYLE('',(#5266));
#5266 = SURFACE_STYLE_FILL_AREA(#5267);
#5267 = FILL_AREA_STYLE('',(#5268));
#5268 = FILL_AREA_STYLE_COLOUR('',#4917);
#5269 = CURVE_STYLE('',#5270,POSITIVE_LENGTH_MEASURE(0.1),#4917);
#5270 = DRAUGHTING_PRE_DEFINED_CURVE_FONT('continuous');
#5271 = STYLED_ITEM('color',(#5272),#2322);
#5272 = PRESENTATION_STYLE_ASSIGNMENT((#5273,#5278));
#5273 = SURFACE_STYLE_USAGE(.BOTH.,#5274);
#5274 = SURFACE_SIDE_STYLE('',(#5275));
#5275 = SURFACE_STYLE_FILL_AREA(#5276);
#5276 = FILL_AREA_STYLE('',(#5277));
#5277 = FILL_AREA_STYLE_COLOUR('',#4917);
#5278 = CURVE_STYLE('',#5279,POSITIVE_LENGTH_MEASURE(0.1),#4917);
#5279 = DRAUGHTING_PRE_DEFINED_CURVE_FONT('continuous');
#5280 = STYLED_ITEM('color',(#5281),#2339);
#5281 = PRESENTATION_STYLE_ASSIGNMENT((#5282,#5287));
#5282 = SURFACE_STYLE_USAGE(.BOTH.,#5283);
#5283 = SURFACE_SIDE_STYLE('',(#5284));
#5284 = SURFACE_STYLE_FILL_AREA(#5285);
#5285 = FILL_AREA_STYLE('',(#5286));
#5286 = FILL_AREA_STYLE_COLOUR('',#4917);
#5287 = CURVE_STYLE('',#5288,POSITIVE_LENGTH_MEASURE(0.1),#4917);
#5288 = DRAUGHTING_PRE_DEFINED_CURVE_FONT('continuous');
#5289 = STYLED_ITEM('color',(#5290),#2358);
#5290 = PRESENTATION_STYLE_ASSIGNMENT((#5291,#5296));
#5291 = SURFACE_STYLE_USAGE(.BOTH.,#5292);
#5292 = SURFACE_SIDE_STYLE('',(#5293));
#5293 = SURFACE_STYLE_FILL_AREA(#5294);
#5294 = FILL_AREA_STYLE('',(#5295));
#5295 = FILL_AREA_STYLE_COLOUR('',#4917);
#5296 = CURVE_STYLE('',#5297,POSITIVE_LENGTH_MEASURE(0.1),#4917);
#5297 = DRAUGHTING_PRE_DEFINED_CURVE_FONT('continuous');
#5298 = STYLED_ITEM('color',(#5299),#2377);
#5299 = PRESENTATION_STYLE_ASSIGNMENT((#5300,#5305));
#5300 = SURFACE_STYLE_USAGE(.BOTH.,#5301);
#5301 = SURFACE_SIDE_STYLE('',(#5302));
#5302 = SURFACE_STYLE_FILL_AREA(#5303);
#5303 = FILL_AREA_STYLE('',(#5304));
#5304 = FILL_AREA_STYLE_COLOUR('',#4790);
#5305 = CURVE_STYLE('',#5306,POSITIVE_LENGTH_MEASURE(0.1),#4790);
#5306 = DRAUGHTING_PRE_DEFINED_CURVE_FONT('continuous');
#5307 = STYLED_ITEM('color',(#5308),#2423);
#5308 = PRESENTATION_STYLE_ASSIGNMENT((#5309,#5314));
#5309 = SURFACE_STYLE_USAGE(.BOTH.,#5310);
#5310 = SURFACE_SIDE_STYLE('',(#5311));
#5311 = SURFACE_STYLE_FILL_AREA(#5312);
#5312 = FILL_AREA_STYLE('',(#5313));
#5313 = FILL_AREA_STYLE_COLOUR('',#4790);
#5314 = CURVE_STYLE('',#5315,POSITIVE_LENGTH_MEASURE(0.1),#4790);
#5315 = DRAUGHTING_PRE_DEFINED_CURVE_FONT('continuous');
#5316 = STYLED_ITEM('color',(#5317),#2439);
#5317 = PRESENTATION_STYLE_ASSIGNMENT((#5318,#5323));
#5318 = SURFACE_STYLE_USAGE(.BOTH.,#5319);
#5319 = SURFACE_SIDE_STYLE('',(#5320));
#5320 = SURFACE_STYLE_FILL_AREA(#5321);
#5321 = FILL_AREA_STYLE('',(#5322));
#5322 = FILL_AREA_STYLE_COLOUR('',#4917);
#5323 = CURVE_STYLE('',#5324,POSITIVE_LENGTH_MEASURE(0.1),#4917);
#5324 = DRAUGHTING_PRE_DEFINED_CURVE_FONT('continuous');
#5325 = STYLED_ITEM('color',(#5326),#2458);
#5326 = PRESENTATION_STYLE_ASSIGNMENT((#5327,#5332));
#5327 = SURFACE_STYLE_USAGE(.BOTH.,#5328);
#5328 = SURFACE_SIDE_STYLE('',(#5329));
#5329 = SURFACE_STYLE_FILL_AREA(#5330);
#5330 = FILL_AREA_STYLE('',(#5331));
#5331 = FILL_AREA_STYLE_COLOUR('',#4790);
#5332 = CURVE_STYLE('',#5333,POSITIVE_LENGTH_MEASURE(0.1),#4790);
#5333 = DRAUGHTING_PRE_DEFINED_CURVE_FONT('continuous');
#5334 = STYLED_ITEM('color',(#5335),#2474);
#5335 = PRESENTATION_STYLE_ASSIGNMENT((#5336,#5341));
#5336 = SURFACE_STYLE_USAGE(.BOTH.,#5337);
#5337 = SURFACE_SIDE_STYLE('',(#5338));
#5338 = SURFACE_STYLE_FILL_AREA(#5339);
#5339 = FILL_AREA_STYLE('',(#5340));
#5340 = FILL_AREA_STYLE_COLOUR('',#4917);
#5341 = CURVE_STYLE('',#5342,POSITIVE_LENGTH_MEASURE(0.1),#4917);
#5342 = DRAUGHTING_PRE_DEFINED_CURVE_FONT('continuous');
#5343 = STYLED_ITEM('color',(#5344),#2491);
#5344 = PRESENTATION_STYLE_ASSIGNMENT((#5345,#5350));
#5345 = SURFACE_STYLE_USAGE(.BOTH.,#5346);
#5346 = SURFACE_SIDE_STYLE('',(#5347));
#5347 = SURFACE_STYLE_FILL_AREA(#5348);
#5348 = FILL_AREA_STYLE('',(#5349));
#5349 = FILL_AREA_STYLE_COLOUR('',#4790);
#5350 = CURVE_STYLE('',#5351,POSITIVE_LENGTH_MEASURE(0.1),#4790);
#5351 = DRAUGHTING_PRE_DEFINED_CURVE_FONT('continuous');
#5352 = STYLED_ITEM('color',(#5353),#2503);
#5353 = PRESENTATION_STYLE_ASSIGNMENT((#5354,#5359));
#5354 = SURFACE_STYLE_USAGE(.BOTH.,#5355);
#5355 = SURFACE_SIDE_STYLE('',(#5356));
#5356 = SURFACE_STYLE_FILL_AREA(#5357);
#5357 = FILL_AREA_STYLE('',(#5358));
#5358 = FILL_AREA_STYLE_COLOUR('',#4917);
#5359 = CURVE_STYLE('',#5360,POSITIVE_LENGTH_MEASURE(0.1),#4917);
#5360 = DRAUGHTING_PRE_DEFINED_CURVE_FONT('continuous');
#5361 = STYLED_ITEM('color',(#5362),#2520);
#5362 = PRESENTATION_STYLE_ASSIGNMENT((#5363,#5368));
#5363 = SURFACE_STYLE_USAGE(.BOTH.,#5364);
#5364 = SURFACE_SIDE_STYLE('',(#5365));
#5365 = SURFACE_STYLE_FILL_AREA(#5366);
#5366 = FILL_AREA_STYLE('',(#5367));
#5367 = FILL_AREA_STYLE_COLOUR('',#4917);
#5368 = CURVE_STYLE('',#5369,POSITIVE_LENGTH_MEASURE(0.1),#4917);
#5369 = DRAUGHTING_PRE_DEFINED_CURVE_FONT('continuous');
#5370 = STYLED_ITEM('color',(#5371),#2537);
#5371 = PRESENTATION_STYLE_ASSIGNMENT((#5372,#5377));
#5372 = SURFACE_STYLE_USAGE(.BOTH.,#5373);
#5373 = SURFACE_SIDE_STYLE('',(#5374));
#5374 = SURFACE_STYLE_FILL_AREA(#5375);
#5375 = FILL_AREA_STYLE('',(#5376));
#5376 = FILL_AREA_STYLE_COLOUR('',#4917);
#5377 = CURVE_STYLE('',#5378,POSITIVE_LENGTH_MEASURE(0.1),#4917);
#5378 = DRAUGHTING_PRE_DEFINED_CURVE_FONT('continuous');
#5379 = STYLED_ITEM('color',(#5380),#2554);
#5380 = PRESENTATION_STYLE_ASSIGNMENT((#5381,#5386));
#5381 = SURFACE_STYLE_USAGE(.BOTH.,#5382);
#5382 = SURFACE_SIDE_STYLE('',(#5383));
#5383 = SURFACE_STYLE_FILL_AREA(#5384);
#5384 = FILL_AREA_STYLE('',(#5385));
#5385 = FILL_AREA_STYLE_COLOUR('',#4917);
#5386 = CURVE_STYLE('',#5387,POSITIVE_LENGTH_MEASURE(0.1),#4917);
#5387 = DRAUGHTING_PRE_DEFINED_CURVE_FONT('continuous');
#5388 = STYLED_ITEM('color',(#5389),#2571);
#5389 = PRESENTATION_STYLE_ASSIGNMENT((#5390,#5395));
#5390 = SURFACE_STYLE_USAGE(.BOTH.,#5391);
#5391 = SURFACE_SIDE_STYLE('',(#5392));
#5392 = SURFACE_STYLE_FILL_AREA(#5393);
#5393 = FILL_AREA_STYLE('',(#5394));
#5394 = FILL_AREA_STYLE_COLOUR('',#4917);
#5395 = CURVE_STYLE('',#5396,POSITIVE_LENGTH_MEASURE(0.1),#4917);
#5396 = DRAUGHTING_PRE_DEFINED_CURVE_FONT('continuous');
#5397 = STYLED_ITEM('color',(#5398),#2588);
#5398 = PRESENTATION_STYLE_ASSIGNMENT((#5399,#5404));
#5399 = SURFACE_STYLE_USAGE(.BOTH.,#5400);
#5400 = SURFACE_SIDE_STYLE('',(#5401));
#5401 = SURFACE_STYLE_FILL_AREA(#5402);
#5402 = FILL_AREA_STYLE('',(#5403));
#5403 = FILL_AREA_STYLE_COLOUR('',#4917);
#5404 = CURVE_STYLE('',#5405,POSITIVE_LENGTH_MEASURE(0.1),#4917);
#5405 = DRAUGHTING_PRE_DEFINED_CURVE_FONT('continuous');
#5406 = STYLED_ITEM('color',(#5407),#2605);
#5407 = PRESENTATION_STYLE_ASSIGNMENT((#5408,#5413));
#5408 = SURFACE_STYLE_USAGE(.BOTH.,#5409);
#5409 = SURFACE_SIDE_STYLE('',(#5410));
#5410 = SURFACE_STYLE_FILL_AREA(#5411);
#5411 = FILL_AREA_STYLE('',(#5412));
#5412 = FILL_AREA_STYLE_COLOUR('',#4917);
#5413 = CURVE_STYLE('',#5414,POSITIVE_LENGTH_MEASURE(0.1),#4917);
#5414 = DRAUGHTING_PRE_DEFINED_CURVE_FONT('continuous');
#5415 = STYLED_ITEM('color',(#5416),#2622);
#5416 = PRESENTATION_STYLE_ASSIGNMENT((#5417,#5422));
#5417 = SURFACE_STYLE_USAGE(.BOTH.,#5418);
#5418 = SURFACE_SIDE_STYLE('',(#5419));
#5419 = SURFACE_STYLE_FILL_AREA(#5420);
#5420 = FILL_AREA_STYLE('',(#5421));
#5421 = FILL_AREA_STYLE_COLOUR('',#4917);
#5422 = CURVE_STYLE('',#5423,POSITIVE_LENGTH_MEASURE(0.1),#4917);
#5423 = DRAUGHTING_PRE_DEFINED_CURVE_FONT('continuous');
#5424 = STYLED_ITEM('color',(#5425),#2634);
#5425 = PRESENTATION_STYLE_ASSIGNMENT((#5426,#5431));
#5426 = SURFACE_STYLE_USAGE(.BOTH.,#5427);
#5427 = SURFACE_SIDE_STYLE('',(#5428));
#5428 = SURFACE_STYLE_FILL_AREA(#5429);
#5429 = FILL_AREA_STYLE('',(#5430));
#5430 = FILL_AREA_STYLE_COLOUR('',#4917);
#5431 = CURVE_STYLE('',#5432,POSITIVE_LENGTH_MEASURE(0.1),#4917);
#5432 = DRAUGHTING_PRE_DEFINED_CURVE_FONT('continuous');
#5433 = STYLED_ITEM('color',(#5434),#2651);
#5434 = PRESENTATION_STYLE_ASSIGNMENT((#5435,#5440));
#5435 = SURFACE_STYLE_USAGE(.BOTH.,#5436);
#5436 = SURFACE_SIDE_STYLE('',(#5437));
#5437 = SURFACE_STYLE_FILL_AREA(#5438);
#5438 = FILL_AREA_STYLE('',(#5439));
#5439 = FILL_AREA_STYLE_COLOUR('',#4917);
#5440 = CURVE_STYLE('',#5441,POSITIVE_LENGTH_MEASURE(0.1),#4917);
#5441 = DRAUGHTING_PRE_DEFINED_CURVE_FONT('continuous');
#5442 = STYLED_ITEM('color',(#5443),#2668);
#5443 = PRESENTATION_STYLE_ASSIGNMENT((#5444,#5449));
#5444 = SURFACE_STYLE_USAGE(.BOTH.,#5445);
#5445 = SURFACE_SIDE_STYLE('',(#5446));
#5446 = SURFACE_STYLE_FILL_AREA(#5447);
#5447 = FILL_AREA_STYLE('',(#5448));
#5448 = FILL_AREA_STYLE_COLOUR('',#4917);
#5449 = CURVE_STYLE('',#5450,POSITIVE_LENGTH_MEASURE(0.1),#4917);
#5450 = DRAUGHTING_PRE_DEFINED_CURVE_FONT('continuous');
#5451 = STYLED_ITEM('color',(#5452),#2685);
#5452 = PRESENTATION_STYLE_ASSIGNMENT((#5453,#5458));
#5453 = SURFACE_STYLE_USAGE(.BOTH.,#5454);
#5454 = SURFACE_SIDE_STYLE('',(#5455));
#5455 = SURFACE_STYLE_FILL_AREA(#5456);
#5456 = FILL_AREA_STYLE('',(#5457));
#5457 = FILL_AREA_STYLE_COLOUR('',#4917);
#5458 = CURVE_STYLE('',#5459,POSITIVE_LENGTH_MEASURE(0.1),#4917);
#5459 = DRAUGHTING_PRE_DEFINED_CURVE_FONT('continuous');
#5460 = STYLED_ITEM('color',(#5461),#2702);
#5461 = PRESENTATION_STYLE_ASSIGNMENT((#5462,#5467));
#5462 = SURFACE_STYLE_USAGE(.BOTH.,#5463);
#5463 = SURFACE_SIDE_STYLE('',(#5464));
#5464 = SURFACE_STYLE_FILL_AREA(#5465);
#5465 = FILL_AREA_STYLE('',(#5466));
#5466 = FILL_AREA_STYLE_COLOUR('',#4917);
#5467 = CURVE_STYLE('',#5468,POSITIVE_LENGTH_MEASURE(0.1),#4917);
#5468 = DRAUGHTING_PRE_DEFINED_CURVE_FONT('continuous');
#5469 = STYLED_ITEM('color',(#5470),#2719);
#5470 = PRESENTATION_STYLE_ASSIGNMENT((#5471,#5476));
#5471 = SURFACE_STYLE_USAGE(.BOTH.,#5472);
#5472 = SURFACE_SIDE_STYLE('',(#5473));
#5473 = SURFACE_STYLE_FILL_AREA(#5474);
#5474 = FILL_AREA_STYLE('',(#5475));
#5475 = FILL_AREA_STYLE_COLOUR('',#4917);
#5476 = CURVE_STYLE('',#5477,POSITIVE_LENGTH_MEASURE(0.1),#4917);
#5477 = DRAUGHTING_PRE_DEFINED_CURVE_FONT('continuous');
#5478 = STYLED_ITEM('color',(#5479),#2736);
#5479 = PRESENTATION_STYLE_ASSIGNMENT((#5480,#5485));
#5480 = SURFACE_STYLE_USAGE(.BOTH.,#5481);
#5481 = SURFACE_SIDE_STYLE('',(#5482));
#5482 = SURFACE_STYLE_FILL_AREA(#5483);
#5483 = FILL_AREA_STYLE('',(#5484));
#5484 = FILL_AREA_STYLE_COLOUR('',#4917);
#5485 = CURVE_STYLE('',#5486,POSITIVE_LENGTH_MEASURE(0.1),#4917);
#5486 = DRAUGHTING_PRE_DEFINED_CURVE_FONT('continuous');
#5487 = STYLED_ITEM('color',(#5488),#2753);
#5488 = PRESENTATION_STYLE_ASSIGNMENT((#5489,#5494));
#5489 = SURFACE_STYLE_USAGE(.BOTH.,#5490);
#5490 = SURFACE_SIDE_STYLE('',(#5491));
#5491 = SURFACE_STYLE_FILL_AREA(#5492);
#5492 = FILL_AREA_STYLE('',(#5493));
#5493 = FILL_AREA_STYLE_COLOUR('',#4917);
#5494 = CURVE_STYLE('',#5495,POSITIVE_LENGTH_MEASURE(0.1),#4917);
#5495 = DRAUGHTING_PRE_DEFINED_CURVE_FONT('continuous');
#5496 = STYLED_ITEM('color',(#5497),#2765);
#5497 = PRESENTATION_STYLE_ASSIGNMENT((#5498,#5503));
#5498 = SURFACE_STYLE_USAGE(.BOTH.,#5499);
#5499 = SURFACE_SIDE_STYLE('',(#5500));
#5500 = SURFACE_STYLE_FILL_AREA(#5501);
#5501 = FILL_AREA_STYLE('',(#5502));
#5502 = FILL_AREA_STYLE_COLOUR('',#4917);
#5503 = CURVE_STYLE('',#5504,POSITIVE_LENGTH_MEASURE(0.1),#4917);
#5504 = DRAUGHTING_PRE_DEFINED_CURVE_FONT('continuous');
#5505 = STYLED_ITEM('color',(#5506),#2782);
#5506 = PRESENTATION_STYLE_ASSIGNMENT((#5507,#5512));
#5507 = SURFACE_STYLE_USAGE(.BOTH.,#5508);
#5508 = SURFACE_SIDE_STYLE('',(#5509));
#5509 = SURFACE_STYLE_FILL_AREA(#5510);
#5510 = FILL_AREA_STYLE('',(#5511));
#5511 = FILL_AREA_STYLE_COLOUR('',#4917);
#5512 = CURVE_STYLE('',#5513,POSITIVE_LENGTH_MEASURE(0.1),#4917);
#5513 = DRAUGHTING_PRE_DEFINED_CURVE_FONT('continuous');
#5514 = STYLED_ITEM('color',(#5515),#2799);
#5515 = PRESENTATION_STYLE_ASSIGNMENT((#5516,#5521));
#5516 = SURFACE_STYLE_USAGE(.BOTH.,#5517);
#5517 = SURFACE_SIDE_STYLE('',(#5518));
#5518 = SURFACE_STYLE_FILL_AREA(#5519);
#5519 = FILL_AREA_STYLE('',(#5520));
#5520 = FILL_AREA_STYLE_COLOUR('',#4917);
#5521 = CURVE_STYLE('',#5522,POSITIVE_LENGTH_MEASURE(0.1),#4917);
#5522 = DRAUGHTING_PRE_DEFINED_CURVE_FONT('continuous');
#5523 = STYLED_ITEM('color',(#5524),#2816);
#5524 = PRESENTATION_STYLE_ASSIGNMENT((#5525,#5530));
#5525 = SURFACE_STYLE_USAGE(.BOTH.,#5526);
#5526 = SURFACE_SIDE_STYLE('',(#5527));
#5527 = SURFACE_STYLE_FILL_AREA(#5528);
#5528 = FILL_AREA_STYLE('',(#5529));
#5529 = FILL_AREA_STYLE_COLOUR('',#4917);
#5530 = CURVE_STYLE('',#5531,POSITIVE_LENGTH_MEASURE(0.1),#4917);
#5531 = DRAUGHTING_PRE_DEFINED_CURVE_FONT('continuous');
#5532 = STYLED_ITEM('color',(#5533),#2833);
#5533 = PRESENTATION_STYLE_ASSIGNMENT((#5534,#5539));
#5534 = SURFACE_STYLE_USAGE(.BOTH.,#5535);
#5535 = SURFACE_SIDE_STYLE('',(#5536));
#5536 = SURFACE_STYLE_FILL_AREA(#5537);
#5537 = FILL_AREA_STYLE('',(#5538));
#5538 = FILL_AREA_STYLE_COLOUR('',#4917);
#5539 = CURVE_STYLE('',#5540,POSITIVE_LENGTH_MEASURE(0.1),#4917);
#5540 = DRAUGHTING_PRE_DEFINED_CURVE_FONT('continuous');
#5541 = STYLED_ITEM('color',(#5542),#2850);
#5542 = PRESENTATION_STYLE_ASSIGNMENT((#5543,#5548));
#5543 = SURFACE_STYLE_USAGE(.BOTH.,#5544);
#5544 = SURFACE_SIDE_STYLE('',(#5545));
#5545 = SURFACE_STYLE_FILL_AREA(#5546);
#5546 = FILL_AREA_STYLE('',(#5547));
#5547 = FILL_AREA_STYLE_COLOUR('',#4917);
#5548 = CURVE_STYLE('',#5549,POSITIVE_LENGTH_MEASURE(0.1),#4917);
#5549 = DRAUGHTING_PRE_DEFINED_CURVE_FONT('continuous');
#5550 = STYLED_ITEM('color',(#5551),#2867);
#5551 = PRESENTATION_STYLE_ASSIGNMENT((#5552,#5557));
#5552 = SURFACE_STYLE_USAGE(.BOTH.,#5553);
#5553 = SURFACE_SIDE_STYLE('',(#5554));
#5554 = SURFACE_STYLE_FILL_AREA(#5555);
#5555 = FILL_AREA_STYLE('',(#5556));
#5556 = FILL_AREA_STYLE_COLOUR('',#4917);
#5557 = CURVE_STYLE('',#5558,POSITIVE_LENGTH_MEASURE(0.1),#4917);
#5558 = DRAUGHTING_PRE_DEFINED_CURVE_FONT('continuous');
#5559 = STYLED_ITEM('color',(#5560),#2879);
#5560 = PRESENTATION_STYLE_ASSIGNMENT((#5561,#5566));
#5561 = SURFACE_STYLE_USAGE(.BOTH.,#5562);
#5562 = SURFACE_SIDE_STYLE('',(#5563));
#5563 = SURFACE_STYLE_FILL_AREA(#5564);
#5564 = FILL_AREA_STYLE('',(#5565));
#5565 = FILL_AREA_STYLE_COLOUR('',#4917);
#5566 = CURVE_STYLE('',#5567,POSITIVE_LENGTH_MEASURE(0.1),#4917);
#5567 = DRAUGHTING_PRE_DEFINED_CURVE_FONT('continuous');
#5568 = STYLED_ITEM('color',(#5569),#2896);
#5569 = PRESENTATION_STYLE_ASSIGNMENT((#5570,#5575));
#5570 = SURFACE_STYLE_USAGE(.BOTH.,#5571);
#5571 = SURFACE_SIDE_STYLE('',(#5572));
#5572 = SURFACE_STYLE_FILL_AREA(#5573);
#5573 = FILL_AREA_STYLE('',(#5574));
#5574 = FILL_AREA_STYLE_COLOUR('',#4917);
#5575 = CURVE_STYLE('',#5576,POSITIVE_LENGTH_MEASURE(0.1),#4917);
#5576 = DRAUGHTING_PRE_DEFINED_CURVE_FONT('continuous');
#5577 = STYLED_ITEM('color',(#5578),#2913);
#5578 = PRESENTATION_STYLE_ASSIGNMENT((#5579,#5584));
#5579 = SURFACE_STYLE_USAGE(.BOTH.,#5580);
#5580 = SURFACE_SIDE_STYLE('',(#5581));
#5581 = SURFACE_STYLE_FILL_AREA(#5582);
#5582 = FILL_AREA_STYLE('',(#5583));
#5583 = FILL_AREA_STYLE_COLOUR('',#4917);
#5584 = CURVE_STYLE('',#5585,POSITIVE_LENGTH_MEASURE(0.1),#4917);
#5585 = DRAUGHTING_PRE_DEFINED_CURVE_FONT('continuous');
#5586 = STYLED_ITEM('color',(#5587),#2930);
#5587 = PRESENTATION_STYLE_ASSIGNMENT((#5588,#5593));
#5588 = SURFACE_STYLE_USAGE(.BOTH.,#5589);
#5589 = SURFACE_SIDE_STYLE('',(#5590));
#5590 = SURFACE_STYLE_FILL_AREA(#5591);
#5591 = FILL_AREA_STYLE('',(#5592));
#5592 = FILL_AREA_STYLE_COLOUR('',#4917);
#5593 = CURVE_STYLE('',#5594,POSITIVE_LENGTH_MEASURE(0.1),#4917);
#5594 = DRAUGHTING_PRE_DEFINED_CURVE_FONT('continuous');
#5595 = STYLED_ITEM('color',(#5596),#2947);
#5596 = PRESENTATION_STYLE_ASSIGNMENT((#5597,#5602));
#5597 = SURFACE_STYLE_USAGE(.BOTH.,#5598);
#5598 = SURFACE_SIDE_STYLE('',(#5599));
#5599 = SURFACE_STYLE_FILL_AREA(#5600);
#5600 = FILL_AREA_STYLE('',(#5601));
#5601 = FILL_AREA_STYLE_COLOUR('',#4917);
#5602 = CURVE_STYLE('',#5603,POSITIVE_LENGTH_MEASURE(0.1),#4917);
#5603 = DRAUGHTING_PRE_DEFINED_CURVE_FONT('continuous');
#5604 = STYLED_ITEM('color',(#5605),#2964);
#5605 = PRESENTATION_STYLE_ASSIGNMENT((#5606,#5611));
#5606 = SURFACE_STYLE_USAGE(.BOTH.,#5607);
#5607 = SURFACE_SIDE_STYLE('',(#5608));
#5608 = SURFACE_STYLE_FILL_AREA(#5609);
#5609 = FILL_AREA_STYLE('',(#5610));
#5610 = FILL_AREA_STYLE_COLOUR('',#4917);
#5611 = CURVE_STYLE('',#5612,POSITIVE_LENGTH_MEASURE(0.1),#4917);
#5612 = DRAUGHTING_PRE_DEFINED_CURVE_FONT('continuous');
#5613 = STYLED_ITEM('color',(#5614),#2981);
#5614 = PRESENTATION_STYLE_ASSIGNMENT((#5615,#5620));
#5615 = SURFACE_STYLE_USAGE(.BOTH.,#5616);
#5616 = SURFACE_SIDE_STYLE('',(#5617));
#5617 = SURFACE_STYLE_FILL_AREA(#5618);
#5618 = FILL_AREA_STYLE('',(#5619));
#5619 = FILL_AREA_STYLE_COLOUR('',#4917);
#5620 = CURVE_STYLE('',#5621,POSITIVE_LENGTH_MEASURE(0.1),#4917);
#5621 = DRAUGHTING_PRE_DEFINED_CURVE_FONT('continuous');
#5622 = STYLED_ITEM('color',(#5623),#2993);
#5623 = PRESENTATION_STYLE_ASSIGNMENT((#5624,#5629));
#5624 = SURFACE_STYLE_USAGE(.BOTH.,#5625);
#5625 = SURFACE_SIDE_STYLE('',(#5626));
#5626 = SURFACE_STYLE_FILL_AREA(#5627);
#5627 = FILL_AREA_STYLE('',(#5628));
#5628 = FILL_AREA_STYLE_COLOUR('',#4917);
#5629 = CURVE_STYLE('',#5630,POSITIVE_LENGTH_MEASURE(0.1),#4917);
#5630 = DRAUGHTING_PRE_DEFINED_CURVE_FONT('continuous');
#5631 = STYLED_ITEM('color',(#5632),#3010);
#5632 = PRESENTATION_STYLE_ASSIGNMENT((#5633,#5638));
#5633 = SURFACE_STYLE_USAGE(.BOTH.,#5634);
#5634 = SURFACE_SIDE_STYLE('',(#5635));
#5635 = SURFACE_STYLE_FILL_AREA(#5636);
#5636 = FILL_AREA_STYLE('',(#5637));
#5637 = FILL_AREA_STYLE_COLOUR('',#4917);
#5638 = CURVE_STYLE('',#5639,POSITIVE_LENGTH_MEASURE(0.1),#4917);
#5639 = DRAUGHTING_PRE_DEFINED_CURVE_FONT('continuous');
#5640 = STYLED_ITEM('color',(#5641),#3027);
#5641 = PRESENTATION_STYLE_ASSIGNMENT((#5642,#5647));
#5642 = SURFACE_STYLE_USAGE(.BOTH.,#5643);
#5643 = SURFACE_SIDE_STYLE('',(#5644));
#5644 = SURFACE_STYLE_FILL_AREA(#5645);
#5645 = FILL_AREA_STYLE('',(#5646));
#5646 = FILL_AREA_STYLE_COLOUR('',#4917);
#5647 = CURVE_STYLE('',#5648,POSITIVE_LENGTH_MEASURE(0.1),#4917);
#5648 = DRAUGHTING_PRE_DEFINED_CURVE_FONT('continuous');
#5649 = STYLED_ITEM('color',(#5650),#3044);
#5650 = PRESENTATION_STYLE_ASSIGNMENT((#5651,#5656));
#5651 = SURFACE_STYLE_USAGE(.BOTH.,#5652);
#5652 = SURFACE_SIDE_STYLE('',(#5653));
#5653 = SURFACE_STYLE_FILL_AREA(#5654);
#5654 = FILL_AREA_STYLE('',(#5655));
#5655 = FILL_AREA_STYLE_COLOUR('',#4917);
#5656 = CURVE_STYLE('',#5657,POSITIVE_LENGTH_MEASURE(0.1),#4917);
#5657 = DRAUGHTING_PRE_DEFINED_CURVE_FONT('continuous');
#5658 = STYLED_ITEM('color',(#5659),#3061);
#5659 = PRESENTATION_STYLE_ASSIGNMENT((#5660,#5665));
#5660 = SURFACE_STYLE_USAGE(.BOTH.,#5661);
#5661 = SURFACE_SIDE_STYLE('',(#5662));
#5662 = SURFACE_STYLE_FILL_AREA(#5663);
#5663 = FILL_AREA_STYLE('',(#5664));
#5664 = FILL_AREA_STYLE_COLOUR('',#4917);
#5665 = CURVE_STYLE('',#5666,POSITIVE_LENGTH_MEASURE(0.1),#4917);
#5666 = DRAUGHTING_PRE_DEFINED_CURVE_FONT('continuous');
#5667 = STYLED_ITEM('color',(#5668),#3078);
#5668 = PRESENTATION_STYLE_ASSIGNMENT((#5669,#5674));
#5669 = SURFACE_STYLE_USAGE(.BOTH.,#5670);
#5670 = SURFACE_SIDE_STYLE('',(#5671));
#5671 = SURFACE_STYLE_FILL_AREA(#5672);
#5672 = FILL_AREA_STYLE('',(#5673));
#5673 = FILL_AREA_STYLE_COLOUR('',#4917);
#5674 = CURVE_STYLE('',#5675,POSITIVE_LENGTH_MEASURE(0.1),#4917);
#5675 = DRAUGHTING_PRE_DEFINED_CURVE_FONT('continuous');
#5676 = STYLED_ITEM('color',(#5677),#3095);
#5677 = PRESENTATION_STYLE_ASSIGNMENT((#5678,#5683));
#5678 = SURFACE_STYLE_USAGE(.BOTH.,#5679);
#5679 = SURFACE_SIDE_STYLE('',(#5680));
#5680 = SURFACE_STYLE_FILL_AREA(#5681);
#5681 = FILL_AREA_STYLE('',(#5682));
#5682 = FILL_AREA_STYLE_COLOUR('',#4917);
#5683 = CURVE_STYLE('',#5684,POSITIVE_LENGTH_MEASURE(0.1),#4917);
#5684 = DRAUGHTING_PRE_DEFINED_CURVE_FONT('continuous');
#5685 = STYLED_ITEM('color',(#5686),#3112);
#5686 = PRESENTATION_STYLE_ASSIGNMENT((#5687,#5692));
#5687 = SURFACE_STYLE_USAGE(.BOTH.,#5688);
#5688 = SURFACE_SIDE_STYLE('',(#5689));
#5689 = SURFACE_STYLE_FILL_AREA(#5690);
#5690 = FILL_AREA_STYLE('',(#5691));
#5691 = FILL_AREA_STYLE_COLOUR('',#4917);
#5692 = CURVE_STYLE('',#5693,POSITIVE_LENGTH_MEASURE(0.1),#4917);
#5693 = DRAUGHTING_PRE_DEFINED_CURVE_FONT('continuous');
#5694 = STYLED_ITEM('color',(#5695),#3124);
#5695 = PRESENTATION_STYLE_ASSIGNMENT((#5696,#5702));
#5696 = SURFACE_STYLE_USAGE(.BOTH.,#5697);
#5697 = SURFACE_SIDE_STYLE('',(#5698));
#5698 = SURFACE_STYLE_FILL_AREA(#5699);
#5699 = FILL_AREA_STYLE('',(#5700));
#5700 = FILL_AREA_STYLE_COLOUR('',#5701);
#5701 = COLOUR_RGB('',0.690999998585,0.664000007176,0.597999987832);
#5702 = CURVE_STYLE('',#5703,POSITIVE_LENGTH_MEASURE(0.1),#5701);
#5703 = DRAUGHTING_PRE_DEFINED_CURVE_FONT('continuous');
#5704 = MECHANICAL_DESIGN_GEOMETRIC_PRESENTATION_REPRESENTATION('',(
    #5705,#5713,#5720,#5727,#5734),#4602);
#5705 = STYLED_ITEM('color',(#5706),#3152);
#5706 = PRESENTATION_STYLE_ASSIGNMENT((#5707));
#5707 = SURFACE_STYLE_USAGE(.BOTH.,#5708);
#5708 = SURFACE_SIDE_STYLE('',(#5709));
#5709 = SURFACE_STYLE_FILL_AREA(#5710);
#5710 = FILL_AREA_STYLE('',(#5711));
#5711 = FILL_AREA_STYLE_COLOUR('',#5712);
#5712 = COLOUR_RGB('',0.735356983052,0.735356983052,0.735356983052);
#5713 = STYLED_ITEM('color',(#5714),#3442);
#5714 = PRESENTATION_STYLE_ASSIGNMENT((#5715));
#5715 = SURFACE_STYLE_USAGE(.BOTH.,#5716);
#5716 = SURFACE_SIDE_STYLE('',(#5717));
#5717 = SURFACE_STYLE_FILL_AREA(#5718);
#5718 = FILL_AREA_STYLE('',(#5719));
#5719 = FILL_AREA_STYLE_COLOUR('',#5712);
#5720 = STYLED_ITEM('color',(#5721),#3732);
#5721 = PRESENTATION_STYLE_ASSIGNMENT((#5722));
#5722 = SURFACE_STYLE_USAGE(.BOTH.,#5723);
#5723 = SURFACE_SIDE_STYLE('',(#5724));
#5724 = SURFACE_STYLE_FILL_AREA(#5725);
#5725 = FILL_AREA_STYLE('',(#5726));
#5726 = FILL_AREA_STYLE_COLOUR('',#5712);
#5727 = STYLED_ITEM('color',(#5728),#4022);
#5728 = PRESENTATION_STYLE_ASSIGNMENT((#5729));
#5729 = SURFACE_STYLE_USAGE(.BOTH.,#5730);
#5730 = SURFACE_SIDE_STYLE('',(#5731));
#5731 = SURFACE_STYLE_FILL_AREA(#5732);
#5732 = FILL_AREA_STYLE('',(#5733));
#5733 = FILL_AREA_STYLE_COLOUR('',#5712);
#5734 = STYLED_ITEM('color',(#5735),#4312);
#5735 = PRESENTATION_STYLE_ASSIGNMENT((#5736));
#5736 = SURFACE_STYLE_USAGE(.BOTH.,#5737);
#5737 = SURFACE_SIDE_STYLE('',(#5738));
#5738 = SURFACE_STYLE_FILL_AREA(#5739);
#5739 = FILL_AREA_STYLE('',(#5740));
#5740 = FILL_AREA_STYLE_COLOUR('',#5712);
#5741 = MECHANICAL_DESIGN_GEOMETRIC_PRESENTATION_REPRESENTATION('',(
    #5742),#4771);
#5742 = STYLED_ITEM('color',(#5743),#4621);
#5743 = PRESENTATION_STYLE_ASSIGNMENT((#5744));
#5744 = SURFACE_STYLE_USAGE(.BOTH.,#5745);
#5745 = SURFACE_SIDE_STYLE('',(#5746));
#5746 = SURFACE_STYLE_FILL_AREA(#5747);
#5747 = FILL_AREA_STYLE('',(#5748));
#5748 = FILL_AREA_STYLE_COLOUR('',#5749);
#5749 = COLOUR_RGB('',0.313304153717,0.484529207832,0.410020903123);
ENDSEC;
END-ISO-10303-21;
