ISO-10303-21;
HEADER;
FILE_DESCRIPTION(('KiCad electronic assembly'),'2;1');
FILE_NAME('model.step','1970-01-01T00:00:00',('Pcbnew'),('Kicad'),
  'Open CASCADE STEP processor 7.9','KiCad to STEP converter','Unknown'
  );
FILE_SCHEMA(('AUTOMOTIVE_DESIGN { 1 0 10303 214 1 1 1 1 }'));
ENDSEC;
DATA;
#1 = APPLICATION_PROTOCOL_DEFINITION('international standard',
  'automotive_design',2000,#2);
#2 = APPLICATION_CONTEXT(
  'core data for automotive mechanical design processes');
#3 = SHAPE_DEFINITION_REPRESENTATION(#4,#10);
#4 = PRODUCT_DEFINITION_SHAPE('','',#5);
#5 = PRODUCT_DEFINITION('design','',#6,#9);
#6 = PRODUCT_DEFINITION_FORMATION('','',#7);
#7 = PRODUCT('model 1','model 1','',(#8));
#8 = PRODUCT_CONTEXT('',#2,'mechanical');
#9 = PRODUCT_DEFINITION_CONTEXT('part definition',#2,'design');
#10 = SHAPE_REPRESENTATION('',(#11,#15,#19,#23),#27);
#11 = AXIS2_PLACEMENT_3D('',#12,#13,#14);
#12 = CARTESIAN_POINT('',(0.,0.,0.));
#13 = DIRECTION('',(0.,0.,1.));
#14 = DIRECTION('',(1.,0.,-0.));
#15 = AXIS2_PLACEMENT_3D('',#16,#17,#18);
#16 = CARTESIAN_POINT('',(0.,0.,1.595));
#17 = DIRECTION('',(0.,0.,1.));
#18 = DIRECTION('',(1.,0.,0.));
#19 = AXIS2_PLACEMENT_3D('',#20,#21,#22);
#20 = CARTESIAN_POINT('',(0.,0.,0.));
#21 = DIRECTION('',(0.,0.,1.));
#22 = DIRECTION('',(1.,0.,-0.));
#23 = AXIS2_PLACEMENT_3D('',#24,#25,#26);
#24 = CARTESIAN_POINT('',(0.,0.,0.));
#25 = DIRECTION('',(0.,0.,1.));
#26 = DIRECTION('',(1.,0.,-0.));
#27 = ( GEOMETRIC_REPRESENTATION_CONTEXT(3) 
GLOBAL_UNCERTAINTY_ASSIGNED_CONTEXT((#31)) GLOBAL_UNIT_ASSIGNED_CONTEXT(
(#28,#29,#30)) REPRESENTATION_CONTEXT('Context #1',
  '3D Context with UNIT and UNCERTAINTY') );
#28 = ( LENGTH_UNIT() NAMED_UNIT(*) SI_UNIT(.MILLI.,.METRE.) );
#29 = ( NAMED_UNIT(*) PLANE_ANGLE_UNIT() SI_UNIT($,.RADIAN.) );
#30 = ( NAMED_UNIT(*) SI_UNIT($,.STERADIAN.) SOLID_ANGLE_UNIT() );
#31 = UNCERTAINTY_MEASURE_WITH_UNIT(LENGTH_MEASURE(1.E-07),#28,
  'distance_accuracy_value','confusion accuracy');
#32 = PRODUCT_RELATED_PRODUCT_CATEGORY('part',$,(#7));
#33 = SHAPE_DEFINITION_REPRESENTATION(#34,#40);
#34 = PRODUCT_DEFINITION_SHAPE('','',#35);
#35 = PRODUCT_DEFINITION('design','',#36,#39);
#36 = PRODUCT_DEFINITION_FORMATION('','',#37);
#37 = PRODUCT('JST_PH_B7B-PH-K_1x07_P2.00mm_Vertical',
  'JST_PH_B7B-PH-K_1x07_P2.00mm_Vertical','',(#38));
#38 = PRODUCT_CONTEXT('',#2,'mechanical');
#39 = PRODUCT_DEFINITION_CONTEXT('part definition',#2,'design');
#40 = SHAPE_REPRESENTATION('',(#11,#41),#45);
#41 = AXIS2_PLACEMENT_3D('',#42,#43,#44);
#42 = CARTESIAN_POINT('',(0.,0.,0.));
#43 = DIRECTION('',(0.,0.,1.));
#44 = DIRECTION('',(1.,0.,-0.));
#45 = ( GEOMETRIC_REPRESENTATION_CONTEXT(3) 
GLOBAL_UNCERTAINTY_ASSIGNED_CONTEXT((#49)) GLOBAL_UNIT_ASSIGNED_CONTEXT(
(#46,#47,#48)) REPRESENTATION_CONTEXT('Context #1',
  '3D Context with UNIT and UNCERTAINTY') );
#46 = ( LENGTH_UNIT() NAMED_UNIT(*) SI_UNIT(.MILLI.,.METRE.) );
#47 = ( NAMED_UNIT(*) PLANE_ANGLE_UNIT() SI_UNIT($,.RADIAN.) );
#48 = ( NAMED_UNIT(*) SI_UNIT($,.STERADIAN.) SOLID_ANGLE_UNIT() );
#49 = UNCERTAINTY_MEASURE_WITH_UNIT(LENGTH_MEASURE(1.E-07),#46,
  'distance_accuracy_value','confusion accuracy');
#50 = CONTEXT_DEPENDENT_SHAPE_REPRESENTATION(#51,#53);
#51 = ( REPRESENTATION_RELATIONSHIP('','',#40,#10) 
REPRESENTATION_RELATIONSHIP_WITH_TRANSFORMATION(#52) 
SHAPE_REPRESENTATION_RELATIONSHIP() );
#52 = ITEM_DEFINED_TRANSFORMATION('','',#11,#15);
#53 = PRODUCT_DEFINITION_SHAPE('Placement','Placement of an item',#54);
#54 = NEXT_ASSEMBLY_USAGE_OCCURRENCE('2','REF**','',#5,#35,$);
#55 = PRODUCT_RELATED_PRODUCT_CATEGORY('part',$,(#37));
#56 = SHAPE_DEFINITION_REPRESENTATION(#57,#63);
#57 = PRODUCT_DEFINITION_SHAPE('','',#58);
#58 = PRODUCT_DEFINITION('design','',#59,#62);
#59 = PRODUCT_DEFINITION_FORMATION('','',#60);
#60 = PRODUCT('JST_B7B_PH_K','JST_B7B_PH_K','',(#61));
#61 = PRODUCT_CONTEXT('',#2,'mechanical');
#62 = PRODUCT_DEFINITION_CONTEXT('part definition',#2,'design');
#63 = ADVANCED_BREP_SHAPE_REPRESENTATION('',(#11,#64),#6986);
#64 = MANIFOLD_SOLID_BREP('',#65);
#65 = CLOSED_SHELL('',(#66,#106,#170,#418,#458,#829,#869,#893,#918,#942,
    #991,#1013,#1046,#1070,#1101,#1118,#1151,#1175,#1206,#1223,#1256,
    #1280,#1311,#1328,#1361,#1385,#1416,#1433,#1466,#1490,#1521,#1538,
    #1571,#1595,#1626,#1643,#1676,#1693,#1736,#1753,#1799,#1816,#1833,
    #1850,#1867,#1884,#1901,#1964,#1988,#2035,#2059,#2083,#2100,#2117,
    #2141,#2165,#2182,#2213,#2237,#2261,#2278,#2313,#2353,#2377,#2418,
    #2627,#2673,#2719,#2765,#2811,#2857,#2903,#2920,#2932,#2995,#3019,
    #3075,#3092,#3104,#3492,#3516,#3540,#3557,#3581,#3605,#3622,#3646,
    #3670,#3687,#3711,#3735,#3752,#3776,#3800,#3817,#3841,#3865,#3882,
    #3945,#3969,#4025,#4042,#4073,#4097,#4121,#4138,#4169,#4193,#4217,
    #4234,#4265,#4289,#4313,#4330,#4361,#4385,#4409,#4426,#4457,#4481,
    #4505,#4522,#4569,#4600,#4612,#4629,#4655,#4688,#4700,#4712,#4724,
    #4736,#4748,#4760,#4791,#4815,#4839,#4856,#4887,#4911,#4935,#4952,
    #4983,#5007,#5031,#5048,#5079,#5103,#5127,#5144,#5175,#5199,#5223,
    #5240,#5271,#5295,#5319,#5336,#5367,#5391,#5415,#5432,#5479,#5510,
    #5522,#5539,#5565,#5598,#5629,#5653,#5677,#5694,#5725,#5749,#5773,
    #5790,#5821,#5845,#5869,#5886,#5917,#5941,#5965,#5982,#6013,#6037,
    #6061,#6078,#6095,#6112,#6124,#6155,#6179,#6203,#6220,#6251,#6275,
    #6299,#6316,#6347,#6371,#6395,#6412,#6443,#6467,#6491,#6508,#6539,
    #6563,#6587,#6604,#6635,#6659,#6683,#6700,#6731,#6755,#6779,#6796,
    #6813,#6830,#6842,#6854,#6866,#6878,#6890,#6902,#6914,#6926,#6938,
    #6950,#6962,#6974));
#66 = ADVANCED_FACE('',(#67),#101,.F.);
#67 = FACE_BOUND('',#68,.F.);
#68 = EDGE_LOOP('',(#69,#79,#87,#95));
#69 = ORIENTED_EDGE('',*,*,#70,.T.);
#70 = EDGE_CURVE('',#71,#73,#75,.T.);
#71 = VERTEX_POINT('',#72);
#72 = CARTESIAN_POINT('',(13.95,-2.8,0.));
#73 = VERTEX_POINT('',#74);
#74 = CARTESIAN_POINT('',(13.95,1.7,0.));
#75 = LINE('',#76,#77);
#76 = CARTESIAN_POINT('',(13.95,-2.8,0.));
#77 = VECTOR('',#78,1.);
#78 = DIRECTION('',(1.224646799147E-16,1.,0.));
#79 = ORIENTED_EDGE('',*,*,#80,.T.);
#80 = EDGE_CURVE('',#73,#81,#83,.T.);
#81 = VERTEX_POINT('',#82);
#82 = CARTESIAN_POINT('',(12.75,1.7,0.));
#83 = LINE('',#84,#85);
#84 = CARTESIAN_POINT('',(13.95,1.7,0.));
#85 = VECTOR('',#86,1.);
#86 = DIRECTION('',(-1.,1.224646799147E-16,0.));
#87 = ORIENTED_EDGE('',*,*,#88,.F.);
#88 = EDGE_CURVE('',#89,#81,#91,.T.);
#89 = VERTEX_POINT('',#90);
#90 = CARTESIAN_POINT('',(12.75,-2.8,0.));
#91 = LINE('',#92,#93);
#92 = CARTESIAN_POINT('',(12.75,-2.8,0.));
#93 = VECTOR('',#94,1.);
#94 = DIRECTION('',(1.224646799147E-16,1.,0.));
#95 = ORIENTED_EDGE('',*,*,#96,.T.);
#96 = EDGE_CURVE('',#89,#71,#97,.T.);
#97 = LINE('',#98,#99);
#98 = CARTESIAN_POINT('',(-1.95,-2.8,0.));
#99 = VECTOR('',#100,1.);
#100 = DIRECTION('',(1.,-1.224646799147E-16,0.));
#101 = PLANE('',#102);
#102 = AXIS2_PLACEMENT_3D('',#103,#104,#105);
#103 = CARTESIAN_POINT('',(6.,-0.55,0.));
#104 = DIRECTION('',(0.,0.,1.));
#105 = DIRECTION('',(-1.,1.224646799147E-16,0.));
#106 = ADVANCED_FACE('',(#107),#165,.F.);
#107 = FACE_BOUND('',#108,.F.);
#108 = EDGE_LOOP('',(#109,#110,#118,#126,#134,#143,#151,#159));
#109 = ORIENTED_EDGE('',*,*,#70,.F.);
#110 = ORIENTED_EDGE('',*,*,#111,.T.);
#111 = EDGE_CURVE('',#71,#112,#114,.T.);
#112 = VERTEX_POINT('',#113);
#113 = CARTESIAN_POINT('',(13.95,-2.8,6.));
#114 = LINE('',#115,#116);
#115 = CARTESIAN_POINT('',(13.95,-2.8,0.));
#116 = VECTOR('',#117,1.);
#117 = DIRECTION('',(0.,0.,1.));
#118 = ORIENTED_EDGE('',*,*,#119,.T.);
#119 = EDGE_CURVE('',#112,#120,#122,.T.);
#120 = VERTEX_POINT('',#121);
#121 = CARTESIAN_POINT('',(13.95,-0.6,6.));
#122 = LINE('',#123,#124);
#123 = CARTESIAN_POINT('',(13.95,-2.8,6.));
#124 = VECTOR('',#125,1.);
#125 = DIRECTION('',(1.224646799147E-16,1.,0.));
#126 = ORIENTED_EDGE('',*,*,#127,.F.);
#127 = EDGE_CURVE('',#128,#120,#130,.T.);
#128 = VERTEX_POINT('',#129);
#129 = CARTESIAN_POINT('',(13.95,-0.6,4.4));
#130 = LINE('',#131,#132);
#131 = CARTESIAN_POINT('',(13.95,-0.6,4.4));
#132 = VECTOR('',#133,1.);
#133 = DIRECTION('',(0.,0.,1.));
#134 = ORIENTED_EDGE('',*,*,#135,.F.);
#135 = EDGE_CURVE('',#136,#128,#138,.T.);
#136 = VERTEX_POINT('',#137);
#137 = CARTESIAN_POINT('',(13.95,0.2,4.4));
#138 = CIRCLE('',#139,0.4);
#139 = AXIS2_PLACEMENT_3D('',#140,#141,#142);
#140 = CARTESIAN_POINT('',(13.95,-0.2,4.4));
#141 = DIRECTION('',(-1.,1.224646799147E-16,0.));
#142 = DIRECTION('',(1.224646799147E-16,1.,0.));
#143 = ORIENTED_EDGE('',*,*,#144,.F.);
#144 = EDGE_CURVE('',#145,#136,#147,.T.);
#145 = VERTEX_POINT('',#146);
#146 = CARTESIAN_POINT('',(13.95,0.2,6.));
#147 = LINE('',#148,#149);
#148 = CARTESIAN_POINT('',(13.95,0.2,6.));
#149 = VECTOR('',#150,1.);
#150 = DIRECTION('',(-0.,0.,-1.));
#151 = ORIENTED_EDGE('',*,*,#152,.T.);
#152 = EDGE_CURVE('',#145,#153,#155,.T.);
#153 = VERTEX_POINT('',#154);
#154 = CARTESIAN_POINT('',(13.95,1.7,6.));
#155 = LINE('',#156,#157);
#156 = CARTESIAN_POINT('',(13.95,-2.8,6.));
#157 = VECTOR('',#158,1.);
#158 = DIRECTION('',(1.224646799147E-16,1.,0.));
#159 = ORIENTED_EDGE('',*,*,#160,.F.);
#160 = EDGE_CURVE('',#73,#153,#161,.T.);
#161 = LINE('',#162,#163);
#162 = CARTESIAN_POINT('',(13.95,1.7,0.));
#163 = VECTOR('',#164,1.);
#164 = DIRECTION('',(0.,0.,1.));
#165 = PLANE('',#166);
#166 = AXIS2_PLACEMENT_3D('',#167,#168,#169);
#167 = CARTESIAN_POINT('',(13.95,-2.8,0.));
#168 = DIRECTION('',(-1.,1.224646799147E-16,0.));
#169 = DIRECTION('',(1.224646799147E-16,1.,0.));
#170 = ADVANCED_FACE('',(#171),#413,.F.);
#171 = FACE_BOUND('',#172,.F.);
#172 = EDGE_LOOP('',(#173,#183,#191,#197,#198,#199,#207,#215,#223,#231,
    #239,#247,#255,#263,#271,#279,#287,#295,#303,#311,#319,#327,#335,
    #343,#351,#359,#367,#375,#383,#391,#399,#407));
#173 = ORIENTED_EDGE('',*,*,#174,.F.);
#174 = EDGE_CURVE('',#175,#177,#179,.T.);
#175 = VERTEX_POINT('',#176);
#176 = CARTESIAN_POINT('',(-1.95,-2.8,0.));
#177 = VERTEX_POINT('',#178);
#178 = CARTESIAN_POINT('',(-0.75,-2.8,0.));
#179 = LINE('',#180,#181);
#180 = CARTESIAN_POINT('',(-1.95,-2.8,0.));
#181 = VECTOR('',#182,1.);
#182 = DIRECTION('',(1.,-1.224646799147E-16,0.));
#183 = ORIENTED_EDGE('',*,*,#184,.T.);
#184 = EDGE_CURVE('',#175,#185,#187,.T.);
#185 = VERTEX_POINT('',#186);
#186 = CARTESIAN_POINT('',(-1.95,-2.8,6.));
#187 = LINE('',#188,#189);
#188 = CARTESIAN_POINT('',(-1.95,-2.8,0.));
#189 = VECTOR('',#190,1.);
#190 = DIRECTION('',(0.,0.,1.));
#191 = ORIENTED_EDGE('',*,*,#192,.T.);
#192 = EDGE_CURVE('',#185,#112,#193,.T.);
#193 = LINE('',#194,#195);
#194 = CARTESIAN_POINT('',(-1.95,-2.8,6.));
#195 = VECTOR('',#196,1.);
#196 = DIRECTION('',(1.,-1.224646799147E-16,0.));
#197 = ORIENTED_EDGE('',*,*,#111,.F.);
#198 = ORIENTED_EDGE('',*,*,#96,.F.);
#199 = ORIENTED_EDGE('',*,*,#200,.F.);
#200 = EDGE_CURVE('',#201,#89,#203,.T.);
#201 = VERTEX_POINT('',#202);
#202 = CARTESIAN_POINT('',(12.75,-2.8,0.2));
#203 = LINE('',#204,#205);
#204 = CARTESIAN_POINT('',(12.75,-2.8,0.2));
#205 = VECTOR('',#206,1.);
#206 = DIRECTION('',(-0.,0.,-1.));
#207 = ORIENTED_EDGE('',*,*,#208,.T.);
#208 = EDGE_CURVE('',#201,#209,#211,.T.);
#209 = VERTEX_POINT('',#210);
#210 = CARTESIAN_POINT('',(11.25,-2.8,0.2));
#211 = LINE('',#212,#213);
#212 = CARTESIAN_POINT('',(12.75,-2.8,0.2));
#213 = VECTOR('',#214,1.);
#214 = DIRECTION('',(-1.,1.224646799147E-16,0.));
#215 = ORIENTED_EDGE('',*,*,#216,.T.);
#216 = EDGE_CURVE('',#209,#217,#219,.T.);
#217 = VERTEX_POINT('',#218);
#218 = CARTESIAN_POINT('',(11.25,-2.8,0.));
#219 = LINE('',#220,#221);
#220 = CARTESIAN_POINT('',(11.25,-2.8,0.2));
#221 = VECTOR('',#222,1.);
#222 = DIRECTION('',(-0.,0.,-1.));
#223 = ORIENTED_EDGE('',*,*,#224,.F.);
#224 = EDGE_CURVE('',#225,#217,#227,.T.);
#225 = VERTEX_POINT('',#226);
#226 = CARTESIAN_POINT('',(10.75,-2.8,0.));
#227 = LINE('',#228,#229);
#228 = CARTESIAN_POINT('',(-1.95,-2.8,0.));
#229 = VECTOR('',#230,1.);
#230 = DIRECTION('',(1.,-1.224646799147E-16,0.));
#231 = ORIENTED_EDGE('',*,*,#232,.F.);
#232 = EDGE_CURVE('',#233,#225,#235,.T.);
#233 = VERTEX_POINT('',#234);
#234 = CARTESIAN_POINT('',(10.75,-2.8,0.2));
#235 = LINE('',#236,#237);
#236 = CARTESIAN_POINT('',(10.75,-2.8,0.2));
#237 = VECTOR('',#238,1.);
#238 = DIRECTION('',(-0.,0.,-1.));
#239 = ORIENTED_EDGE('',*,*,#240,.T.);
#240 = EDGE_CURVE('',#233,#241,#243,.T.);
#241 = VERTEX_POINT('',#242);
#242 = CARTESIAN_POINT('',(9.25,-2.8,0.2));
#243 = LINE('',#244,#245);
#244 = CARTESIAN_POINT('',(10.75,-2.8,0.2));
#245 = VECTOR('',#246,1.);
#246 = DIRECTION('',(-1.,1.224646799147E-16,0.));
#247 = ORIENTED_EDGE('',*,*,#248,.T.);
#248 = EDGE_CURVE('',#241,#249,#251,.T.);
#249 = VERTEX_POINT('',#250);
#250 = CARTESIAN_POINT('',(9.25,-2.8,0.));
#251 = LINE('',#252,#253);
#252 = CARTESIAN_POINT('',(9.25,-2.8,0.2));
#253 = VECTOR('',#254,1.);
#254 = DIRECTION('',(-0.,0.,-1.));
#255 = ORIENTED_EDGE('',*,*,#256,.F.);
#256 = EDGE_CURVE('',#257,#249,#259,.T.);
#257 = VERTEX_POINT('',#258);
#258 = CARTESIAN_POINT('',(8.75,-2.8,0.));
#259 = LINE('',#260,#261);
#260 = CARTESIAN_POINT('',(-1.95,-2.8,0.));
#261 = VECTOR('',#262,1.);
#262 = DIRECTION('',(1.,-1.224646799147E-16,0.));
#263 = ORIENTED_EDGE('',*,*,#264,.F.);
#264 = EDGE_CURVE('',#265,#257,#267,.T.);
#265 = VERTEX_POINT('',#266);
#266 = CARTESIAN_POINT('',(8.75,-2.8,0.2));
#267 = LINE('',#268,#269);
#268 = CARTESIAN_POINT('',(8.75,-2.8,0.2));
#269 = VECTOR('',#270,1.);
#270 = DIRECTION('',(-0.,0.,-1.));
#271 = ORIENTED_EDGE('',*,*,#272,.T.);
#272 = EDGE_CURVE('',#265,#273,#275,.T.);
#273 = VERTEX_POINT('',#274);
#274 = CARTESIAN_POINT('',(7.25,-2.8,0.2));
#275 = LINE('',#276,#277);
#276 = CARTESIAN_POINT('',(8.75,-2.8,0.2));
#277 = VECTOR('',#278,1.);
#278 = DIRECTION('',(-1.,1.224646799147E-16,0.));
#279 = ORIENTED_EDGE('',*,*,#280,.T.);
#280 = EDGE_CURVE('',#273,#281,#283,.T.);
#281 = VERTEX_POINT('',#282);
#282 = CARTESIAN_POINT('',(7.25,-2.8,0.));
#283 = LINE('',#284,#285);
#284 = CARTESIAN_POINT('',(7.25,-2.8,0.2));
#285 = VECTOR('',#286,1.);
#286 = DIRECTION('',(-0.,0.,-1.));
#287 = ORIENTED_EDGE('',*,*,#288,.F.);
#288 = EDGE_CURVE('',#289,#281,#291,.T.);
#289 = VERTEX_POINT('',#290);
#290 = CARTESIAN_POINT('',(6.75,-2.8,0.));
#291 = LINE('',#292,#293);
#292 = CARTESIAN_POINT('',(-1.95,-2.8,0.));
#293 = VECTOR('',#294,1.);
#294 = DIRECTION('',(1.,-1.224646799147E-16,0.));
#295 = ORIENTED_EDGE('',*,*,#296,.F.);
#296 = EDGE_CURVE('',#297,#289,#299,.T.);
#297 = VERTEX_POINT('',#298);
#298 = CARTESIAN_POINT('',(6.75,-2.8,0.2));
#299 = LINE('',#300,#301);
#300 = CARTESIAN_POINT('',(6.75,-2.8,0.2));
#301 = VECTOR('',#302,1.);
#302 = DIRECTION('',(-0.,0.,-1.));
#303 = ORIENTED_EDGE('',*,*,#304,.T.);
#304 = EDGE_CURVE('',#297,#305,#307,.T.);
#305 = VERTEX_POINT('',#306);
#306 = CARTESIAN_POINT('',(5.25,-2.8,0.2));
#307 = LINE('',#308,#309);
#308 = CARTESIAN_POINT('',(6.75,-2.8,0.2));
#309 = VECTOR('',#310,1.);
#310 = DIRECTION('',(-1.,1.224646799147E-16,0.));
#311 = ORIENTED_EDGE('',*,*,#312,.T.);
#312 = EDGE_CURVE('',#305,#313,#315,.T.);
#313 = VERTEX_POINT('',#314);
#314 = CARTESIAN_POINT('',(5.25,-2.8,0.));
#315 = LINE('',#316,#317);
#316 = CARTESIAN_POINT('',(5.25,-2.8,0.2));
#317 = VECTOR('',#318,1.);
#318 = DIRECTION('',(-0.,0.,-1.));
#319 = ORIENTED_EDGE('',*,*,#320,.F.);
#320 = EDGE_CURVE('',#321,#313,#323,.T.);
#321 = VERTEX_POINT('',#322);
#322 = CARTESIAN_POINT('',(4.75,-2.8,0.));
#323 = LINE('',#324,#325);
#324 = CARTESIAN_POINT('',(-1.95,-2.8,0.));
#325 = VECTOR('',#326,1.);
#326 = DIRECTION('',(1.,-1.224646799147E-16,0.));
#327 = ORIENTED_EDGE('',*,*,#328,.F.);
#328 = EDGE_CURVE('',#329,#321,#331,.T.);
#329 = VERTEX_POINT('',#330);
#330 = CARTESIAN_POINT('',(4.75,-2.8,0.2));
#331 = LINE('',#332,#333);
#332 = CARTESIAN_POINT('',(4.75,-2.8,0.2));
#333 = VECTOR('',#334,1.);
#334 = DIRECTION('',(-0.,0.,-1.));
#335 = ORIENTED_EDGE('',*,*,#336,.T.);
#336 = EDGE_CURVE('',#329,#337,#339,.T.);
#337 = VERTEX_POINT('',#338);
#338 = CARTESIAN_POINT('',(3.25,-2.8,0.2));
#339 = LINE('',#340,#341);
#340 = CARTESIAN_POINT('',(4.75,-2.8,0.2));
#341 = VECTOR('',#342,1.);
#342 = DIRECTION('',(-1.,1.224646799147E-16,0.));
#343 = ORIENTED_EDGE('',*,*,#344,.T.);
#344 = EDGE_CURVE('',#337,#345,#347,.T.);
#345 = VERTEX_POINT('',#346);
#346 = CARTESIAN_POINT('',(3.25,-2.8,0.));
#347 = LINE('',#348,#349);
#348 = CARTESIAN_POINT('',(3.25,-2.8,0.2));
#349 = VECTOR('',#350,1.);
#350 = DIRECTION('',(-0.,0.,-1.));
#351 = ORIENTED_EDGE('',*,*,#352,.F.);
#352 = EDGE_CURVE('',#353,#345,#355,.T.);
#353 = VERTEX_POINT('',#354);
#354 = CARTESIAN_POINT('',(2.75,-2.8,0.));
#355 = LINE('',#356,#357);
#356 = CARTESIAN_POINT('',(-1.95,-2.8,0.));
#357 = VECTOR('',#358,1.);
#358 = DIRECTION('',(1.,-1.224646799147E-16,0.));
#359 = ORIENTED_EDGE('',*,*,#360,.F.);
#360 = EDGE_CURVE('',#361,#353,#363,.T.);
#361 = VERTEX_POINT('',#362);
#362 = CARTESIAN_POINT('',(2.75,-2.8,0.2));
#363 = LINE('',#364,#365);
#364 = CARTESIAN_POINT('',(2.75,-2.8,0.2));
#365 = VECTOR('',#366,1.);
#366 = DIRECTION('',(-0.,0.,-1.));
#367 = ORIENTED_EDGE('',*,*,#368,.T.);
#368 = EDGE_CURVE('',#361,#369,#371,.T.);
#369 = VERTEX_POINT('',#370);
#370 = CARTESIAN_POINT('',(1.25,-2.8,0.2));
#371 = LINE('',#372,#373);
#372 = CARTESIAN_POINT('',(2.75,-2.8,0.2));
#373 = VECTOR('',#374,1.);
#374 = DIRECTION('',(-1.,1.224646799147E-16,0.));
#375 = ORIENTED_EDGE('',*,*,#376,.T.);
#376 = EDGE_CURVE('',#369,#377,#379,.T.);
#377 = VERTEX_POINT('',#378);
#378 = CARTESIAN_POINT('',(1.25,-2.8,0.));
#379 = LINE('',#380,#381);
#380 = CARTESIAN_POINT('',(1.25,-2.8,0.2));
#381 = VECTOR('',#382,1.);
#382 = DIRECTION('',(-0.,0.,-1.));
#383 = ORIENTED_EDGE('',*,*,#384,.F.);
#384 = EDGE_CURVE('',#385,#377,#387,.T.);
#385 = VERTEX_POINT('',#386);
#386 = CARTESIAN_POINT('',(0.75,-2.8,0.));
#387 = LINE('',#388,#389);
#388 = CARTESIAN_POINT('',(-1.95,-2.8,0.));
#389 = VECTOR('',#390,1.);
#390 = DIRECTION('',(1.,-1.224646799147E-16,0.));
#391 = ORIENTED_EDGE('',*,*,#392,.F.);
#392 = EDGE_CURVE('',#393,#385,#395,.T.);
#393 = VERTEX_POINT('',#394);
#394 = CARTESIAN_POINT('',(0.75,-2.8,0.2));
#395 = LINE('',#396,#397);
#396 = CARTESIAN_POINT('',(0.75,-2.8,0.2));
#397 = VECTOR('',#398,1.);
#398 = DIRECTION('',(-0.,0.,-1.));
#399 = ORIENTED_EDGE('',*,*,#400,.T.);
#400 = EDGE_CURVE('',#393,#401,#403,.T.);
#401 = VERTEX_POINT('',#402);
#402 = CARTESIAN_POINT('',(-0.75,-2.8,0.2));
#403 = LINE('',#404,#405);
#404 = CARTESIAN_POINT('',(0.75,-2.8,0.2));
#405 = VECTOR('',#406,1.);
#406 = DIRECTION('',(-1.,1.224646799147E-16,0.));
#407 = ORIENTED_EDGE('',*,*,#408,.T.);
#408 = EDGE_CURVE('',#401,#177,#409,.T.);
#409 = LINE('',#410,#411);
#410 = CARTESIAN_POINT('',(-0.75,-2.8,0.2));
#411 = VECTOR('',#412,1.);
#412 = DIRECTION('',(-0.,0.,-1.));
#413 = PLANE('',#414);
#414 = AXIS2_PLACEMENT_3D('',#415,#416,#417);
#415 = CARTESIAN_POINT('',(-1.95,-2.8,0.));
#416 = DIRECTION('',(1.224646799147E-16,1.,0.));
#417 = DIRECTION('',(1.,-1.224646799147E-16,0.));
#418 = ADVANCED_FACE('',(#419),#453,.F.);
#419 = FACE_BOUND('',#420,.F.);
#420 = EDGE_LOOP('',(#421,#429,#437,#445,#451,#452));
#421 = ORIENTED_EDGE('',*,*,#422,.T.);
#422 = EDGE_CURVE('',#81,#423,#425,.T.);
#423 = VERTEX_POINT('',#424);
#424 = CARTESIAN_POINT('',(12.75,1.7,0.2));
#425 = LINE('',#426,#427);
#426 = CARTESIAN_POINT('',(12.75,1.7,0.));
#427 = VECTOR('',#428,1.);
#428 = DIRECTION('',(0.,0.,1.));
#429 = ORIENTED_EDGE('',*,*,#430,.T.);
#430 = EDGE_CURVE('',#423,#431,#433,.T.);
#431 = VERTEX_POINT('',#432);
#432 = CARTESIAN_POINT('',(12.75,0.5,0.1));
#433 = LINE('',#434,#435);
#434 = CARTESIAN_POINT('',(12.75,1.7,0.2));
#435 = VECTOR('',#436,1.);
#436 = DIRECTION('',(-1.220416573038E-16,-0.996545758245,
    -8.304547985373E-02));
#437 = ORIENTED_EDGE('',*,*,#438,.T.);
#438 = EDGE_CURVE('',#431,#439,#441,.T.);
#439 = VERTEX_POINT('',#440);
#440 = CARTESIAN_POINT('',(12.75,-0.5,0.1));
#441 = LINE('',#442,#443);
#442 = CARTESIAN_POINT('',(12.75,0.5,0.1));
#443 = VECTOR('',#444,1.);
#444 = DIRECTION('',(-1.224646799147E-16,-1.,0.));
#445 = ORIENTED_EDGE('',*,*,#446,.T.);
#446 = EDGE_CURVE('',#439,#201,#447,.T.);
#447 = LINE('',#448,#449);
#448 = CARTESIAN_POINT('',(12.75,-0.5,0.1));
#449 = VECTOR('',#450,1.);
#450 = DIRECTION('',(-1.223490926498E-16,-0.999056158355,
    4.343722427631E-02));
#451 = ORIENTED_EDGE('',*,*,#200,.T.);
#452 = ORIENTED_EDGE('',*,*,#88,.T.);
#453 = PLANE('',#454);
#454 = AXIS2_PLACEMENT_3D('',#455,#456,#457);
#455 = CARTESIAN_POINT('',(12.75,-0.549524476701,7.07980355453E-02));
#456 = DIRECTION('',(1.,-1.224646799147E-16,-0.));
#457 = DIRECTION('',(-0.,0.,-1.));
#458 = ADVANCED_FACE('',(#459,#790),#824,.F.);
#459 = FACE_BOUND('',#460,.F.);
#460 = EDGE_LOOP('',(#461,#462,#463,#471,#479,#487,#495,#503,#511,#519,
    #527,#535,#543,#551,#559,#567,#575,#583,#591,#599,#607,#615,#623,
    #631,#639,#647,#655,#663,#671,#679,#687,#695,#703,#711,#719,#727,
    #735,#743,#751,#759,#767,#775,#783,#789));
#461 = ORIENTED_EDGE('',*,*,#80,.F.);
#462 = ORIENTED_EDGE('',*,*,#160,.T.);
#463 = ORIENTED_EDGE('',*,*,#464,.T.);
#464 = EDGE_CURVE('',#153,#465,#467,.T.);
#465 = VERTEX_POINT('',#466);
#466 = CARTESIAN_POINT('',(11.45,1.7,6.));
#467 = LINE('',#468,#469);
#468 = CARTESIAN_POINT('',(13.95,1.7,6.));
#469 = VECTOR('',#470,1.);
#470 = DIRECTION('',(-1.,1.224646799147E-16,0.));
#471 = ORIENTED_EDGE('',*,*,#472,.T.);
#472 = EDGE_CURVE('',#465,#473,#475,.T.);
#473 = VERTEX_POINT('',#474);
#474 = CARTESIAN_POINT('',(11.45,1.7,2.1));
#475 = LINE('',#476,#477);
#476 = CARTESIAN_POINT('',(11.45,1.7,6.));
#477 = VECTOR('',#478,1.);
#478 = DIRECTION('',(-0.,0.,-1.));
#479 = ORIENTED_EDGE('',*,*,#480,.T.);
#480 = EDGE_CURVE('',#473,#481,#483,.T.);
#481 = VERTEX_POINT('',#482);
#482 = CARTESIAN_POINT('',(0.55,1.7,2.1));
#483 = LINE('',#484,#485);
#484 = CARTESIAN_POINT('',(11.45,1.7,2.1));
#485 = VECTOR('',#486,1.);
#486 = DIRECTION('',(-1.,1.224646799147E-16,0.));
#487 = ORIENTED_EDGE('',*,*,#488,.T.);
#488 = EDGE_CURVE('',#481,#489,#491,.T.);
#489 = VERTEX_POINT('',#490);
#490 = CARTESIAN_POINT('',(0.55,1.7,6.));
#491 = LINE('',#492,#493);
#492 = CARTESIAN_POINT('',(0.55,1.7,2.1));
#493 = VECTOR('',#494,1.);
#494 = DIRECTION('',(0.,0.,1.));
#495 = ORIENTED_EDGE('',*,*,#496,.T.);
#496 = EDGE_CURVE('',#489,#497,#499,.T.);
#497 = VERTEX_POINT('',#498);
#498 = CARTESIAN_POINT('',(-0.45,1.7,6.));
#499 = LINE('',#500,#501);
#500 = CARTESIAN_POINT('',(13.95,1.7,6.));
#501 = VECTOR('',#502,1.);
#502 = DIRECTION('',(-1.,1.224646799147E-16,0.));
#503 = ORIENTED_EDGE('',*,*,#504,.F.);
#504 = EDGE_CURVE('',#505,#497,#507,.T.);
#505 = VERTEX_POINT('',#506);
#506 = CARTESIAN_POINT('',(-0.45,1.7,4.2));
#507 = LINE('',#508,#509);
#508 = CARTESIAN_POINT('',(-0.45,1.7,4.2));
#509 = VECTOR('',#510,1.);
#510 = DIRECTION('',(0.,0.,1.));
#511 = ORIENTED_EDGE('',*,*,#512,.F.);
#512 = EDGE_CURVE('',#513,#505,#515,.T.);
#513 = VERTEX_POINT('',#514);
#514 = CARTESIAN_POINT('',(-0.4,1.7,4.2));
#515 = LINE('',#516,#517);
#516 = CARTESIAN_POINT('',(-0.4,1.7,4.2));
#517 = VECTOR('',#518,1.);
#518 = DIRECTION('',(-1.,1.224646799147E-16,0.));
#519 = ORIENTED_EDGE('',*,*,#520,.F.);
#520 = EDGE_CURVE('',#521,#513,#523,.T.);
#521 = VERTEX_POINT('',#522);
#522 = CARTESIAN_POINT('',(-0.4,1.7,2.4));
#523 = LINE('',#524,#525);
#524 = CARTESIAN_POINT('',(-0.4,1.7,2.4));
#525 = VECTOR('',#526,1.);
#526 = DIRECTION('',(0.,0.,1.));
#527 = ORIENTED_EDGE('',*,*,#528,.F.);
#528 = EDGE_CURVE('',#529,#521,#531,.T.);
#529 = VERTEX_POINT('',#530);
#530 = CARTESIAN_POINT('',(-1.4,1.7,2.4));
#531 = LINE('',#532,#533);
#532 = CARTESIAN_POINT('',(-1.4,1.7,2.4));
#533 = VECTOR('',#534,1.);
#534 = DIRECTION('',(1.,-1.224646799147E-16,0.));
#535 = ORIENTED_EDGE('',*,*,#536,.F.);
#536 = EDGE_CURVE('',#537,#529,#539,.T.);
#537 = VERTEX_POINT('',#538);
#538 = CARTESIAN_POINT('',(-1.4,1.7,4.2));
#539 = LINE('',#540,#541);
#540 = CARTESIAN_POINT('',(-1.4,1.7,4.2));
#541 = VECTOR('',#542,1.);
#542 = DIRECTION('',(-0.,0.,-1.));
#543 = ORIENTED_EDGE('',*,*,#544,.F.);
#544 = EDGE_CURVE('',#545,#537,#547,.T.);
#545 = VERTEX_POINT('',#546);
#546 = CARTESIAN_POINT('',(-0.95,1.7,4.2));
#547 = LINE('',#548,#549);
#548 = CARTESIAN_POINT('',(-0.4,1.7,4.2));
#549 = VECTOR('',#550,1.);
#550 = DIRECTION('',(-1.,1.224646799147E-16,0.));
#551 = ORIENTED_EDGE('',*,*,#552,.T.);
#552 = EDGE_CURVE('',#545,#553,#555,.T.);
#553 = VERTEX_POINT('',#554);
#554 = CARTESIAN_POINT('',(-0.95,1.7,6.));
#555 = LINE('',#556,#557);
#556 = CARTESIAN_POINT('',(-0.95,1.7,4.2));
#557 = VECTOR('',#558,1.);
#558 = DIRECTION('',(0.,0.,1.));
#559 = ORIENTED_EDGE('',*,*,#560,.T.);
#560 = EDGE_CURVE('',#553,#561,#563,.T.);
#561 = VERTEX_POINT('',#562);
#562 = CARTESIAN_POINT('',(-1.95,1.7,6.));
#563 = LINE('',#564,#565);
#564 = CARTESIAN_POINT('',(13.95,1.7,6.));
#565 = VECTOR('',#566,1.);
#566 = DIRECTION('',(-1.,1.224646799147E-16,0.));
#567 = ORIENTED_EDGE('',*,*,#568,.F.);
#568 = EDGE_CURVE('',#569,#561,#571,.T.);
#569 = VERTEX_POINT('',#570);
#570 = CARTESIAN_POINT('',(-1.95,1.7,0.));
#571 = LINE('',#572,#573);
#572 = CARTESIAN_POINT('',(-1.95,1.7,0.));
#573 = VECTOR('',#574,1.);
#574 = DIRECTION('',(0.,0.,1.));
#575 = ORIENTED_EDGE('',*,*,#576,.F.);
#576 = EDGE_CURVE('',#577,#569,#579,.T.);
#577 = VERTEX_POINT('',#578);
#578 = CARTESIAN_POINT('',(-0.75,1.7,0.));
#579 = LINE('',#580,#581);
#580 = CARTESIAN_POINT('',(13.95,1.7,0.));
#581 = VECTOR('',#582,1.);
#582 = DIRECTION('',(-1.,1.224646799147E-16,0.));
#583 = ORIENTED_EDGE('',*,*,#584,.T.);
#584 = EDGE_CURVE('',#577,#585,#587,.T.);
#585 = VERTEX_POINT('',#586);
#586 = CARTESIAN_POINT('',(-0.75,1.7,0.2));
#587 = LINE('',#588,#589);
#588 = CARTESIAN_POINT('',(-0.75,1.7,0.));
#589 = VECTOR('',#590,1.);
#590 = DIRECTION('',(0.,0.,1.));
#591 = ORIENTED_EDGE('',*,*,#592,.F.);
#592 = EDGE_CURVE('',#593,#585,#595,.T.);
#593 = VERTEX_POINT('',#594);
#594 = CARTESIAN_POINT('',(0.75,1.7,0.2));
#595 = LINE('',#596,#597);
#596 = CARTESIAN_POINT('',(0.75,1.7,0.2));
#597 = VECTOR('',#598,1.);
#598 = DIRECTION('',(-1.,1.224646799147E-16,0.));
#599 = ORIENTED_EDGE('',*,*,#600,.F.);
#600 = EDGE_CURVE('',#601,#593,#603,.T.);
#601 = VERTEX_POINT('',#602);
#602 = CARTESIAN_POINT('',(0.75,1.7,0.));
#603 = LINE('',#604,#605);
#604 = CARTESIAN_POINT('',(0.75,1.7,0.));
#605 = VECTOR('',#606,1.);
#606 = DIRECTION('',(0.,0.,1.));
#607 = ORIENTED_EDGE('',*,*,#608,.F.);
#608 = EDGE_CURVE('',#609,#601,#611,.T.);
#609 = VERTEX_POINT('',#610);
#610 = CARTESIAN_POINT('',(1.25,1.7,0.));
#611 = LINE('',#612,#613);
#612 = CARTESIAN_POINT('',(13.95,1.7,0.));
#613 = VECTOR('',#614,1.);
#614 = DIRECTION('',(-1.,1.224646799147E-16,0.));
#615 = ORIENTED_EDGE('',*,*,#616,.T.);
#616 = EDGE_CURVE('',#609,#617,#619,.T.);
#617 = VERTEX_POINT('',#618);
#618 = CARTESIAN_POINT('',(1.25,1.7,0.2));
#619 = LINE('',#620,#621);
#620 = CARTESIAN_POINT('',(1.25,1.7,0.));
#621 = VECTOR('',#622,1.);
#622 = DIRECTION('',(0.,0.,1.));
#623 = ORIENTED_EDGE('',*,*,#624,.F.);
#624 = EDGE_CURVE('',#625,#617,#627,.T.);
#625 = VERTEX_POINT('',#626);
#626 = CARTESIAN_POINT('',(2.75,1.7,0.2));
#627 = LINE('',#628,#629);
#628 = CARTESIAN_POINT('',(2.75,1.7,0.2));
#629 = VECTOR('',#630,1.);
#630 = DIRECTION('',(-1.,1.224646799147E-16,0.));
#631 = ORIENTED_EDGE('',*,*,#632,.F.);
#632 = EDGE_CURVE('',#633,#625,#635,.T.);
#633 = VERTEX_POINT('',#634);
#634 = CARTESIAN_POINT('',(2.75,1.7,0.));
#635 = LINE('',#636,#637);
#636 = CARTESIAN_POINT('',(2.75,1.7,0.));
#637 = VECTOR('',#638,1.);
#638 = DIRECTION('',(0.,0.,1.));
#639 = ORIENTED_EDGE('',*,*,#640,.F.);
#640 = EDGE_CURVE('',#641,#633,#643,.T.);
#641 = VERTEX_POINT('',#642);
#642 = CARTESIAN_POINT('',(3.25,1.7,0.));
#643 = LINE('',#644,#645);
#644 = CARTESIAN_POINT('',(13.95,1.7,0.));
#645 = VECTOR('',#646,1.);
#646 = DIRECTION('',(-1.,1.224646799147E-16,0.));
#647 = ORIENTED_EDGE('',*,*,#648,.T.);
#648 = EDGE_CURVE('',#641,#649,#651,.T.);
#649 = VERTEX_POINT('',#650);
#650 = CARTESIAN_POINT('',(3.25,1.7,0.2));
#651 = LINE('',#652,#653);
#652 = CARTESIAN_POINT('',(3.25,1.7,0.));
#653 = VECTOR('',#654,1.);
#654 = DIRECTION('',(0.,0.,1.));
#655 = ORIENTED_EDGE('',*,*,#656,.F.);
#656 = EDGE_CURVE('',#657,#649,#659,.T.);
#657 = VERTEX_POINT('',#658);
#658 = CARTESIAN_POINT('',(4.75,1.7,0.2));
#659 = LINE('',#660,#661);
#660 = CARTESIAN_POINT('',(4.75,1.7,0.2));
#661 = VECTOR('',#662,1.);
#662 = DIRECTION('',(-1.,1.224646799147E-16,0.));
#663 = ORIENTED_EDGE('',*,*,#664,.F.);
#664 = EDGE_CURVE('',#665,#657,#667,.T.);
#665 = VERTEX_POINT('',#666);
#666 = CARTESIAN_POINT('',(4.75,1.7,0.));
#667 = LINE('',#668,#669);
#668 = CARTESIAN_POINT('',(4.75,1.7,0.));
#669 = VECTOR('',#670,1.);
#670 = DIRECTION('',(0.,0.,1.));
#671 = ORIENTED_EDGE('',*,*,#672,.F.);
#672 = EDGE_CURVE('',#673,#665,#675,.T.);
#673 = VERTEX_POINT('',#674);
#674 = CARTESIAN_POINT('',(5.25,1.7,0.));
#675 = LINE('',#676,#677);
#676 = CARTESIAN_POINT('',(13.95,1.7,0.));
#677 = VECTOR('',#678,1.);
#678 = DIRECTION('',(-1.,1.224646799147E-16,0.));
#679 = ORIENTED_EDGE('',*,*,#680,.T.);
#680 = EDGE_CURVE('',#673,#681,#683,.T.);
#681 = VERTEX_POINT('',#682);
#682 = CARTESIAN_POINT('',(5.25,1.7,0.2));
#683 = LINE('',#684,#685);
#684 = CARTESIAN_POINT('',(5.25,1.7,0.));
#685 = VECTOR('',#686,1.);
#686 = DIRECTION('',(0.,0.,1.));
#687 = ORIENTED_EDGE('',*,*,#688,.F.);
#688 = EDGE_CURVE('',#689,#681,#691,.T.);
#689 = VERTEX_POINT('',#690);
#690 = CARTESIAN_POINT('',(6.75,1.7,0.2));
#691 = LINE('',#692,#693);
#692 = CARTESIAN_POINT('',(6.75,1.7,0.2));
#693 = VECTOR('',#694,1.);
#694 = DIRECTION('',(-1.,1.224646799147E-16,0.));
#695 = ORIENTED_EDGE('',*,*,#696,.F.);
#696 = EDGE_CURVE('',#697,#689,#699,.T.);
#697 = VERTEX_POINT('',#698);
#698 = CARTESIAN_POINT('',(6.75,1.7,0.));
#699 = LINE('',#700,#701);
#700 = CARTESIAN_POINT('',(6.75,1.7,0.));
#701 = VECTOR('',#702,1.);
#702 = DIRECTION('',(0.,0.,1.));
#703 = ORIENTED_EDGE('',*,*,#704,.F.);
#704 = EDGE_CURVE('',#705,#697,#707,.T.);
#705 = VERTEX_POINT('',#706);
#706 = CARTESIAN_POINT('',(7.25,1.7,0.));
#707 = LINE('',#708,#709);
#708 = CARTESIAN_POINT('',(13.95,1.7,0.));
#709 = VECTOR('',#710,1.);
#710 = DIRECTION('',(-1.,1.224646799147E-16,0.));
#711 = ORIENTED_EDGE('',*,*,#712,.T.);
#712 = EDGE_CURVE('',#705,#713,#715,.T.);
#713 = VERTEX_POINT('',#714);
#714 = CARTESIAN_POINT('',(7.25,1.7,0.2));
#715 = LINE('',#716,#717);
#716 = CARTESIAN_POINT('',(7.25,1.7,0.));
#717 = VECTOR('',#718,1.);
#718 = DIRECTION('',(0.,0.,1.));
#719 = ORIENTED_EDGE('',*,*,#720,.F.);
#720 = EDGE_CURVE('',#721,#713,#723,.T.);
#721 = VERTEX_POINT('',#722);
#722 = CARTESIAN_POINT('',(8.75,1.7,0.2));
#723 = LINE('',#724,#725);
#724 = CARTESIAN_POINT('',(8.75,1.7,0.2));
#725 = VECTOR('',#726,1.);
#726 = DIRECTION('',(-1.,1.224646799147E-16,0.));
#727 = ORIENTED_EDGE('',*,*,#728,.F.);
#728 = EDGE_CURVE('',#729,#721,#731,.T.);
#729 = VERTEX_POINT('',#730);
#730 = CARTESIAN_POINT('',(8.75,1.7,0.));
#731 = LINE('',#732,#733);
#732 = CARTESIAN_POINT('',(8.75,1.7,0.));
#733 = VECTOR('',#734,1.);
#734 = DIRECTION('',(0.,0.,1.));
#735 = ORIENTED_EDGE('',*,*,#736,.F.);
#736 = EDGE_CURVE('',#737,#729,#739,.T.);
#737 = VERTEX_POINT('',#738);
#738 = CARTESIAN_POINT('',(9.25,1.7,0.));
#739 = LINE('',#740,#741);
#740 = CARTESIAN_POINT('',(13.95,1.7,0.));
#741 = VECTOR('',#742,1.);
#742 = DIRECTION('',(-1.,1.224646799147E-16,0.));
#743 = ORIENTED_EDGE('',*,*,#744,.T.);
#744 = EDGE_CURVE('',#737,#745,#747,.T.);
#745 = VERTEX_POINT('',#746);
#746 = CARTESIAN_POINT('',(9.25,1.7,0.2));
#747 = LINE('',#748,#749);
#748 = CARTESIAN_POINT('',(9.25,1.7,0.));
#749 = VECTOR('',#750,1.);
#750 = DIRECTION('',(0.,0.,1.));
#751 = ORIENTED_EDGE('',*,*,#752,.F.);
#752 = EDGE_CURVE('',#753,#745,#755,.T.);
#753 = VERTEX_POINT('',#754);
#754 = CARTESIAN_POINT('',(10.75,1.7,0.2));
#755 = LINE('',#756,#757);
#756 = CARTESIAN_POINT('',(10.75,1.7,0.2));
#757 = VECTOR('',#758,1.);
#758 = DIRECTION('',(-1.,1.224646799147E-16,0.));
#759 = ORIENTED_EDGE('',*,*,#760,.F.);
#760 = EDGE_CURVE('',#761,#753,#763,.T.);
#761 = VERTEX_POINT('',#762);
#762 = CARTESIAN_POINT('',(10.75,1.7,0.));
#763 = LINE('',#764,#765);
#764 = CARTESIAN_POINT('',(10.75,1.7,0.));
#765 = VECTOR('',#766,1.);
#766 = DIRECTION('',(0.,0.,1.));
#767 = ORIENTED_EDGE('',*,*,#768,.F.);
#768 = EDGE_CURVE('',#769,#761,#771,.T.);
#769 = VERTEX_POINT('',#770);
#770 = CARTESIAN_POINT('',(11.25,1.7,0.));
#771 = LINE('',#772,#773);
#772 = CARTESIAN_POINT('',(13.95,1.7,0.));
#773 = VECTOR('',#774,1.);
#774 = DIRECTION('',(-1.,1.224646799147E-16,0.));
#775 = ORIENTED_EDGE('',*,*,#776,.T.);
#776 = EDGE_CURVE('',#769,#777,#779,.T.);
#777 = VERTEX_POINT('',#778);
#778 = CARTESIAN_POINT('',(11.25,1.7,0.2));
#779 = LINE('',#780,#781);
#780 = CARTESIAN_POINT('',(11.25,1.7,0.));
#781 = VECTOR('',#782,1.);
#782 = DIRECTION('',(0.,0.,1.));
#783 = ORIENTED_EDGE('',*,*,#784,.F.);
#784 = EDGE_CURVE('',#423,#777,#785,.T.);
#785 = LINE('',#786,#787);
#786 = CARTESIAN_POINT('',(12.75,1.7,0.2));
#787 = VECTOR('',#788,1.);
#788 = DIRECTION('',(-1.,1.224646799147E-16,0.));
#789 = ORIENTED_EDGE('',*,*,#422,.F.);
#790 = FACE_BOUND('',#791,.F.);
#791 = EDGE_LOOP('',(#792,#802,#810,#818));
#792 = ORIENTED_EDGE('',*,*,#793,.T.);
#793 = EDGE_CURVE('',#794,#796,#798,.T.);
#794 = VERTEX_POINT('',#795);
#795 = CARTESIAN_POINT('',(12.4,1.7,4.2));
#796 = VERTEX_POINT('',#797);
#797 = CARTESIAN_POINT('',(13.4,1.7,4.2));
#798 = LINE('',#799,#800);
#799 = CARTESIAN_POINT('',(12.4,1.7,4.2));
#800 = VECTOR('',#801,1.);
#801 = DIRECTION('',(1.,-1.224646799147E-16,0.));
#802 = ORIENTED_EDGE('',*,*,#803,.T.);
#803 = EDGE_CURVE('',#796,#804,#806,.T.);
#804 = VERTEX_POINT('',#805);
#805 = CARTESIAN_POINT('',(13.4,1.7,2.4));
#806 = LINE('',#807,#808);
#807 = CARTESIAN_POINT('',(13.4,1.7,4.2));
#808 = VECTOR('',#809,1.);
#809 = DIRECTION('',(-0.,0.,-1.));
#810 = ORIENTED_EDGE('',*,*,#811,.T.);
#811 = EDGE_CURVE('',#804,#812,#814,.T.);
#812 = VERTEX_POINT('',#813);
#813 = CARTESIAN_POINT('',(12.4,1.7,2.4));
#814 = LINE('',#815,#816);
#815 = CARTESIAN_POINT('',(13.4,1.7,2.4));
#816 = VECTOR('',#817,1.);
#817 = DIRECTION('',(-1.,1.224646799147E-16,0.));
#818 = ORIENTED_EDGE('',*,*,#819,.T.);
#819 = EDGE_CURVE('',#812,#794,#820,.T.);
#820 = LINE('',#821,#822);
#821 = CARTESIAN_POINT('',(12.4,1.7,2.4));
#822 = VECTOR('',#823,1.);
#823 = DIRECTION('',(0.,0.,1.));
#824 = PLANE('',#825);
#825 = AXIS2_PLACEMENT_3D('',#826,#827,#828);
#826 = CARTESIAN_POINT('',(13.95,1.7,0.));
#827 = DIRECTION('',(-1.224646799147E-16,-1.,0.));
#828 = DIRECTION('',(-1.,1.224646799147E-16,0.));
#829 = ADVANCED_FACE('',(#830),#864,.T.);
#830 = FACE_BOUND('',#831,.T.);
#831 = EDGE_LOOP('',(#832,#840,#841,#842,#850,#858));
#832 = ORIENTED_EDGE('',*,*,#833,.F.);
#833 = EDGE_CURVE('',#145,#834,#836,.T.);
#834 = VERTEX_POINT('',#835);
#835 = CARTESIAN_POINT('',(13.45,0.2,6.));
#836 = LINE('',#837,#838);
#837 = CARTESIAN_POINT('',(13.95,0.2,6.));
#838 = VECTOR('',#839,1.);
#839 = DIRECTION('',(-1.,1.224646799147E-16,0.));
#840 = ORIENTED_EDGE('',*,*,#152,.T.);
#841 = ORIENTED_EDGE('',*,*,#464,.T.);
#842 = ORIENTED_EDGE('',*,*,#843,.T.);
#843 = EDGE_CURVE('',#465,#844,#846,.T.);
#844 = VERTEX_POINT('',#845);
#845 = CARTESIAN_POINT('',(11.45,1.1,6.));
#846 = LINE('',#847,#848);
#847 = CARTESIAN_POINT('',(11.45,1.7,6.));
#848 = VECTOR('',#849,1.);
#849 = DIRECTION('',(-1.224646799147E-16,-1.,0.));
#850 = ORIENTED_EDGE('',*,*,#851,.F.);
#851 = EDGE_CURVE('',#852,#844,#854,.T.);
#852 = VERTEX_POINT('',#853);
#853 = CARTESIAN_POINT('',(13.45,1.1,6.));
#854 = LINE('',#855,#856);
#855 = CARTESIAN_POINT('',(13.45,1.1,6.));
#856 = VECTOR('',#857,1.);
#857 = DIRECTION('',(-1.,1.224646799147E-16,0.));
#858 = ORIENTED_EDGE('',*,*,#859,.F.);
#859 = EDGE_CURVE('',#834,#852,#860,.T.);
#860 = LINE('',#861,#862);
#861 = CARTESIAN_POINT('',(13.45,-2.3,6.));
#862 = VECTOR('',#863,1.);
#863 = DIRECTION('',(1.224646799147E-16,1.,0.));
#864 = PLANE('',#865);
#865 = AXIS2_PLACEMENT_3D('',#866,#867,#868);
#866 = CARTESIAN_POINT('',(6.,-0.55,6.));
#867 = DIRECTION('',(0.,0.,1.));
#868 = DIRECTION('',(-1.,1.224646799147E-16,0.));
#869 = ADVANCED_FACE('',(#870),#888,.T.);
#870 = FACE_BOUND('',#871,.T.);
#871 = EDGE_LOOP('',(#872,#873,#874,#882));
#872 = ORIENTED_EDGE('',*,*,#144,.F.);
#873 = ORIENTED_EDGE('',*,*,#833,.T.);
#874 = ORIENTED_EDGE('',*,*,#875,.T.);
#875 = EDGE_CURVE('',#834,#876,#878,.T.);
#876 = VERTEX_POINT('',#877);
#877 = CARTESIAN_POINT('',(13.45,0.2,4.4));
#878 = LINE('',#879,#880);
#879 = CARTESIAN_POINT('',(13.45,0.2,6.));
#880 = VECTOR('',#881,1.);
#881 = DIRECTION('',(-0.,0.,-1.));
#882 = ORIENTED_EDGE('',*,*,#883,.F.);
#883 = EDGE_CURVE('',#136,#876,#884,.T.);
#884 = LINE('',#885,#886);
#885 = CARTESIAN_POINT('',(13.95,0.2,4.4));
#886 = VECTOR('',#887,1.);
#887 = DIRECTION('',(-1.,1.224646799147E-16,0.));
#888 = PLANE('',#889);
#889 = AXIS2_PLACEMENT_3D('',#890,#891,#892);
#890 = CARTESIAN_POINT('',(13.95,0.2,6.));
#891 = DIRECTION('',(-1.224646799147E-16,-1.,0.));
#892 = DIRECTION('',(-0.,0.,-1.));
#893 = ADVANCED_FACE('',(#894),#913,.F.);
#894 = FACE_BOUND('',#895,.F.);
#895 = EDGE_LOOP('',(#896,#904,#911,#912));
#896 = ORIENTED_EDGE('',*,*,#897,.T.);
#897 = EDGE_CURVE('',#128,#898,#900,.T.);
#898 = VERTEX_POINT('',#899);
#899 = CARTESIAN_POINT('',(13.45,-0.6,4.4));
#900 = LINE('',#901,#902);
#901 = CARTESIAN_POINT('',(13.95,-0.6,4.4));
#902 = VECTOR('',#903,1.);
#903 = DIRECTION('',(-1.,1.224646799147E-16,0.));
#904 = ORIENTED_EDGE('',*,*,#905,.T.);
#905 = EDGE_CURVE('',#898,#876,#906,.T.);
#906 = CIRCLE('',#907,0.4);
#907 = AXIS2_PLACEMENT_3D('',#908,#909,#910);
#908 = CARTESIAN_POINT('',(13.45,-0.2,4.4));
#909 = DIRECTION('',(1.,-1.224646799147E-16,0.));
#910 = DIRECTION('',(1.224646799147E-16,1.,0.));
#911 = ORIENTED_EDGE('',*,*,#883,.F.);
#912 = ORIENTED_EDGE('',*,*,#135,.T.);
#913 = CYLINDRICAL_SURFACE('',#914,0.4);
#914 = AXIS2_PLACEMENT_3D('',#915,#916,#917);
#915 = CARTESIAN_POINT('',(13.95,-0.2,4.4));
#916 = DIRECTION('',(1.,-1.224646799147E-16,-0.));
#917 = DIRECTION('',(1.224646799147E-16,1.,0.));
#918 = ADVANCED_FACE('',(#919),#937,.T.);
#919 = FACE_BOUND('',#920,.T.);
#920 = EDGE_LOOP('',(#921,#922,#923,#931));
#921 = ORIENTED_EDGE('',*,*,#127,.F.);
#922 = ORIENTED_EDGE('',*,*,#897,.T.);
#923 = ORIENTED_EDGE('',*,*,#924,.T.);
#924 = EDGE_CURVE('',#898,#925,#927,.T.);
#925 = VERTEX_POINT('',#926);
#926 = CARTESIAN_POINT('',(13.45,-0.6,6.));
#927 = LINE('',#928,#929);
#928 = CARTESIAN_POINT('',(13.45,-0.6,5.2));
#929 = VECTOR('',#930,1.);
#930 = DIRECTION('',(0.,0.,1.));
#931 = ORIENTED_EDGE('',*,*,#932,.F.);
#932 = EDGE_CURVE('',#120,#925,#933,.T.);
#933 = LINE('',#934,#935);
#934 = CARTESIAN_POINT('',(13.95,-0.6,6.));
#935 = VECTOR('',#936,1.);
#936 = DIRECTION('',(-1.,1.224646799147E-16,0.));
#937 = PLANE('',#938);
#938 = AXIS2_PLACEMENT_3D('',#939,#940,#941);
#939 = CARTESIAN_POINT('',(13.95,-0.6,4.4));
#940 = DIRECTION('',(1.224646799147E-16,1.,0.));
#941 = DIRECTION('',(0.,-0.,1.));
#942 = ADVANCED_FACE('',(#943),#986,.T.);
#943 = FACE_BOUND('',#944,.T.);
#944 = EDGE_LOOP('',(#945,#946,#947,#955,#963,#971,#979,#985));
#945 = ORIENTED_EDGE('',*,*,#119,.T.);
#946 = ORIENTED_EDGE('',*,*,#932,.T.);
#947 = ORIENTED_EDGE('',*,*,#948,.F.);
#948 = EDGE_CURVE('',#949,#925,#951,.T.);
#949 = VERTEX_POINT('',#950);
#950 = CARTESIAN_POINT('',(13.45,-2.3,6.));
#951 = LINE('',#952,#953);
#952 = CARTESIAN_POINT('',(13.45,-2.3,6.));
#953 = VECTOR('',#954,1.);
#954 = DIRECTION('',(1.224646799147E-16,1.,0.));
#955 = ORIENTED_EDGE('',*,*,#956,.F.);
#956 = EDGE_CURVE('',#957,#949,#959,.T.);
#957 = VERTEX_POINT('',#958);
#958 = CARTESIAN_POINT('',(-1.45,-2.3,6.));
#959 = LINE('',#960,#961);
#960 = CARTESIAN_POINT('',(-1.45,-2.3,6.));
#961 = VECTOR('',#962,1.);
#962 = DIRECTION('',(1.,-1.224646799147E-16,0.));
#963 = ORIENTED_EDGE('',*,*,#964,.F.);
#964 = EDGE_CURVE('',#965,#957,#967,.T.);
#965 = VERTEX_POINT('',#966);
#966 = CARTESIAN_POINT('',(-1.45,-0.6,6.));
#967 = LINE('',#968,#969);
#968 = CARTESIAN_POINT('',(-1.45,1.1,6.));
#969 = VECTOR('',#970,1.);
#970 = DIRECTION('',(-1.224646799147E-16,-1.,0.));
#971 = ORIENTED_EDGE('',*,*,#972,.T.);
#972 = EDGE_CURVE('',#965,#973,#975,.T.);
#973 = VERTEX_POINT('',#974);
#974 = CARTESIAN_POINT('',(-1.95,-0.6,6.));
#975 = LINE('',#976,#977);
#976 = CARTESIAN_POINT('',(13.95,-0.6,6.));
#977 = VECTOR('',#978,1.);
#978 = DIRECTION('',(-1.,1.224646799147E-16,0.));
#979 = ORIENTED_EDGE('',*,*,#980,.T.);
#980 = EDGE_CURVE('',#973,#185,#981,.T.);
#981 = LINE('',#982,#983);
#982 = CARTESIAN_POINT('',(-1.95,1.7,6.));
#983 = VECTOR('',#984,1.);
#984 = DIRECTION('',(-1.224646799147E-16,-1.,0.));
#985 = ORIENTED_EDGE('',*,*,#192,.T.);
#986 = PLANE('',#987);
#987 = AXIS2_PLACEMENT_3D('',#988,#989,#990);
#988 = CARTESIAN_POINT('',(6.,-0.55,6.));
#989 = DIRECTION('',(0.,0.,1.));
#990 = DIRECTION('',(-1.,1.224646799147E-16,0.));
#991 = ADVANCED_FACE('',(#992),#1008,.F.);
#992 = FACE_BOUND('',#993,.F.);
#993 = EDGE_LOOP('',(#994,#1000,#1001,#1007));
#994 = ORIENTED_EDGE('',*,*,#995,.T.);
#995 = EDGE_CURVE('',#569,#175,#996,.T.);
#996 = LINE('',#997,#998);
#997 = CARTESIAN_POINT('',(-1.95,1.7,0.));
#998 = VECTOR('',#999,1.);
#999 = DIRECTION('',(-1.224646799147E-16,-1.,0.));
#1000 = ORIENTED_EDGE('',*,*,#174,.T.);
#1001 = ORIENTED_EDGE('',*,*,#1002,.T.);
#1002 = EDGE_CURVE('',#177,#577,#1003,.T.);
#1003 = LINE('',#1004,#1005);
#1004 = CARTESIAN_POINT('',(-0.75,-2.8,0.));
#1005 = VECTOR('',#1006,1.);
#1006 = DIRECTION('',(1.224646799147E-16,1.,0.));
#1007 = ORIENTED_EDGE('',*,*,#576,.T.);
#1008 = PLANE('',#1009);
#1009 = AXIS2_PLACEMENT_3D('',#1010,#1011,#1012);
#1010 = CARTESIAN_POINT('',(6.,-0.55,0.));
#1011 = DIRECTION('',(0.,0.,1.));
#1012 = DIRECTION('',(-1.,1.224646799147E-16,0.));
#1013 = ADVANCED_FACE('',(#1014),#1041,.T.);
#1014 = FACE_BOUND('',#1015,.T.);
#1015 = EDGE_LOOP('',(#1016,#1017,#1025,#1033,#1039,#1040));
#1016 = ORIENTED_EDGE('',*,*,#584,.T.);
#1017 = ORIENTED_EDGE('',*,*,#1018,.T.);
#1018 = EDGE_CURVE('',#585,#1019,#1021,.T.);
#1019 = VERTEX_POINT('',#1020);
#1020 = CARTESIAN_POINT('',(-0.75,0.5,0.1));
#1021 = LINE('',#1022,#1023);
#1022 = CARTESIAN_POINT('',(-0.75,1.7,0.2));
#1023 = VECTOR('',#1024,1.);
#1024 = DIRECTION('',(-1.220416573038E-16,-0.996545758245,
    -8.304547985373E-02));
#1025 = ORIENTED_EDGE('',*,*,#1026,.T.);
#1026 = EDGE_CURVE('',#1019,#1027,#1029,.T.);
#1027 = VERTEX_POINT('',#1028);
#1028 = CARTESIAN_POINT('',(-0.75,-0.5,0.1));
#1029 = LINE('',#1030,#1031);
#1030 = CARTESIAN_POINT('',(-0.75,0.5,0.1));
#1031 = VECTOR('',#1032,1.);
#1032 = DIRECTION('',(-1.224646799147E-16,-1.,0.));
#1033 = ORIENTED_EDGE('',*,*,#1034,.T.);
#1034 = EDGE_CURVE('',#1027,#401,#1035,.T.);
#1035 = LINE('',#1036,#1037);
#1036 = CARTESIAN_POINT('',(-0.75,-0.5,0.1));
#1037 = VECTOR('',#1038,1.);
#1038 = DIRECTION('',(-1.223490926498E-16,-0.999056158355,
    4.343722427631E-02));
#1039 = ORIENTED_EDGE('',*,*,#408,.T.);
#1040 = ORIENTED_EDGE('',*,*,#1002,.T.);
#1041 = PLANE('',#1042);
#1042 = AXIS2_PLACEMENT_3D('',#1043,#1044,#1045);
#1043 = CARTESIAN_POINT('',(-0.75,-0.549524476701,7.07980355453E-02));
#1044 = DIRECTION('',(1.,-1.224646799147E-16,-0.));
#1045 = DIRECTION('',(-0.,0.,-1.));
#1046 = ADVANCED_FACE('',(#1047),#1065,.F.);
#1047 = FACE_BOUND('',#1048,.F.);
#1048 = EDGE_LOOP('',(#1049,#1057,#1058,#1059));
#1049 = ORIENTED_EDGE('',*,*,#1050,.T.);
#1050 = EDGE_CURVE('',#1051,#1027,#1053,.T.);
#1051 = VERTEX_POINT('',#1052);
#1052 = CARTESIAN_POINT('',(0.75,-0.5,0.1));
#1053 = LINE('',#1054,#1055);
#1054 = CARTESIAN_POINT('',(0.75,-0.5,0.1));
#1055 = VECTOR('',#1056,1.);
#1056 = DIRECTION('',(-1.,1.224646799147E-16,0.));
#1057 = ORIENTED_EDGE('',*,*,#1034,.T.);
#1058 = ORIENTED_EDGE('',*,*,#400,.F.);
#1059 = ORIENTED_EDGE('',*,*,#1060,.F.);
#1060 = EDGE_CURVE('',#1051,#393,#1061,.T.);
#1061 = LINE('',#1062,#1063);
#1062 = CARTESIAN_POINT('',(0.75,-0.5,0.1));
#1063 = VECTOR('',#1064,1.);
#1064 = DIRECTION('',(-1.223490926498E-16,-0.999056158355,
    4.343722427631E-02));
#1065 = PLANE('',#1066);
#1066 = AXIS2_PLACEMENT_3D('',#1067,#1068,#1069);
#1067 = CARTESIAN_POINT('',(0.75,-0.5,0.1));
#1068 = DIRECTION('',(5.319525767383E-18,4.343722427631E-02,
    0.999056158355));
#1069 = DIRECTION('',(-1.223490926498E-16,-0.999056158355,
    4.343722427631E-02));
#1070 = ADVANCED_FACE('',(#1071),#1096,.F.);
#1071 = FACE_BOUND('',#1072,.F.);
#1072 = EDGE_LOOP('',(#1073,#1074,#1082,#1088,#1089,#1090));
#1073 = ORIENTED_EDGE('',*,*,#600,.T.);
#1074 = ORIENTED_EDGE('',*,*,#1075,.T.);
#1075 = EDGE_CURVE('',#593,#1076,#1078,.T.);
#1076 = VERTEX_POINT('',#1077);
#1077 = CARTESIAN_POINT('',(0.75,0.5,0.1));
#1078 = LINE('',#1079,#1080);
#1079 = CARTESIAN_POINT('',(0.75,1.7,0.2));
#1080 = VECTOR('',#1081,1.);
#1081 = DIRECTION('',(-1.220416573038E-16,-0.996545758245,
    -8.304547985373E-02));
#1082 = ORIENTED_EDGE('',*,*,#1083,.T.);
#1083 = EDGE_CURVE('',#1076,#1051,#1084,.T.);
#1084 = LINE('',#1085,#1086);
#1085 = CARTESIAN_POINT('',(0.75,0.5,0.1));
#1086 = VECTOR('',#1087,1.);
#1087 = DIRECTION('',(-1.224646799147E-16,-1.,0.));
#1088 = ORIENTED_EDGE('',*,*,#1060,.T.);
#1089 = ORIENTED_EDGE('',*,*,#392,.T.);
#1090 = ORIENTED_EDGE('',*,*,#1091,.T.);
#1091 = EDGE_CURVE('',#385,#601,#1092,.T.);
#1092 = LINE('',#1093,#1094);
#1093 = CARTESIAN_POINT('',(0.75,-2.8,0.));
#1094 = VECTOR('',#1095,1.);
#1095 = DIRECTION('',(1.224646799147E-16,1.,0.));
#1096 = PLANE('',#1097);
#1097 = AXIS2_PLACEMENT_3D('',#1098,#1099,#1100);
#1098 = CARTESIAN_POINT('',(0.75,-0.549524476701,7.07980355453E-02));
#1099 = DIRECTION('',(1.,-1.224646799147E-16,-0.));
#1100 = DIRECTION('',(-0.,0.,-1.));
#1101 = ADVANCED_FACE('',(#1102),#1113,.F.);
#1102 = FACE_BOUND('',#1103,.F.);
#1103 = EDGE_LOOP('',(#1104,#1105,#1106,#1112));
#1104 = ORIENTED_EDGE('',*,*,#1091,.F.);
#1105 = ORIENTED_EDGE('',*,*,#384,.T.);
#1106 = ORIENTED_EDGE('',*,*,#1107,.T.);
#1107 = EDGE_CURVE('',#377,#609,#1108,.T.);
#1108 = LINE('',#1109,#1110);
#1109 = CARTESIAN_POINT('',(1.25,-2.8,0.));
#1110 = VECTOR('',#1111,1.);
#1111 = DIRECTION('',(1.224646799147E-16,1.,0.));
#1112 = ORIENTED_EDGE('',*,*,#608,.T.);
#1113 = PLANE('',#1114);
#1114 = AXIS2_PLACEMENT_3D('',#1115,#1116,#1117);
#1115 = CARTESIAN_POINT('',(6.,-0.55,0.));
#1116 = DIRECTION('',(0.,0.,1.));
#1117 = DIRECTION('',(-1.,1.224646799147E-16,0.));
#1118 = ADVANCED_FACE('',(#1119),#1146,.T.);
#1119 = FACE_BOUND('',#1120,.T.);
#1120 = EDGE_LOOP('',(#1121,#1122,#1130,#1138,#1144,#1145));
#1121 = ORIENTED_EDGE('',*,*,#616,.T.);
#1122 = ORIENTED_EDGE('',*,*,#1123,.T.);
#1123 = EDGE_CURVE('',#617,#1124,#1126,.T.);
#1124 = VERTEX_POINT('',#1125);
#1125 = CARTESIAN_POINT('',(1.25,0.5,0.1));
#1126 = LINE('',#1127,#1128);
#1127 = CARTESIAN_POINT('',(1.25,1.7,0.2));
#1128 = VECTOR('',#1129,1.);
#1129 = DIRECTION('',(-1.220416573038E-16,-0.996545758245,
    -8.304547985373E-02));
#1130 = ORIENTED_EDGE('',*,*,#1131,.T.);
#1131 = EDGE_CURVE('',#1124,#1132,#1134,.T.);
#1132 = VERTEX_POINT('',#1133);
#1133 = CARTESIAN_POINT('',(1.25,-0.5,0.1));
#1134 = LINE('',#1135,#1136);
#1135 = CARTESIAN_POINT('',(1.25,0.5,0.1));
#1136 = VECTOR('',#1137,1.);
#1137 = DIRECTION('',(-1.224646799147E-16,-1.,0.));
#1138 = ORIENTED_EDGE('',*,*,#1139,.T.);
#1139 = EDGE_CURVE('',#1132,#369,#1140,.T.);
#1140 = LINE('',#1141,#1142);
#1141 = CARTESIAN_POINT('',(1.25,-0.5,0.1));
#1142 = VECTOR('',#1143,1.);
#1143 = DIRECTION('',(-1.223490926498E-16,-0.999056158355,
    4.343722427631E-02));
#1144 = ORIENTED_EDGE('',*,*,#376,.T.);
#1145 = ORIENTED_EDGE('',*,*,#1107,.T.);
#1146 = PLANE('',#1147);
#1147 = AXIS2_PLACEMENT_3D('',#1148,#1149,#1150);
#1148 = CARTESIAN_POINT('',(1.25,-0.549524476701,7.07980355453E-02));
#1149 = DIRECTION('',(1.,-1.224646799147E-16,-0.));
#1150 = DIRECTION('',(-0.,0.,-1.));
#1151 = ADVANCED_FACE('',(#1152),#1170,.F.);
#1152 = FACE_BOUND('',#1153,.F.);
#1153 = EDGE_LOOP('',(#1154,#1162,#1163,#1164));
#1154 = ORIENTED_EDGE('',*,*,#1155,.T.);
#1155 = EDGE_CURVE('',#1156,#1132,#1158,.T.);
#1156 = VERTEX_POINT('',#1157);
#1157 = CARTESIAN_POINT('',(2.75,-0.5,0.1));
#1158 = LINE('',#1159,#1160);
#1159 = CARTESIAN_POINT('',(2.75,-0.5,0.1));
#1160 = VECTOR('',#1161,1.);
#1161 = DIRECTION('',(-1.,1.224646799147E-16,0.));
#1162 = ORIENTED_EDGE('',*,*,#1139,.T.);
#1163 = ORIENTED_EDGE('',*,*,#368,.F.);
#1164 = ORIENTED_EDGE('',*,*,#1165,.F.);
#1165 = EDGE_CURVE('',#1156,#361,#1166,.T.);
#1166 = LINE('',#1167,#1168);
#1167 = CARTESIAN_POINT('',(2.75,-0.5,0.1));
#1168 = VECTOR('',#1169,1.);
#1169 = DIRECTION('',(-1.223490926498E-16,-0.999056158355,
    4.343722427631E-02));
#1170 = PLANE('',#1171);
#1171 = AXIS2_PLACEMENT_3D('',#1172,#1173,#1174);
#1172 = CARTESIAN_POINT('',(2.75,-0.5,0.1));
#1173 = DIRECTION('',(5.319525767383E-18,4.343722427631E-02,
    0.999056158355));
#1174 = DIRECTION('',(-1.223490926498E-16,-0.999056158355,
    4.343722427631E-02));
#1175 = ADVANCED_FACE('',(#1176),#1201,.F.);
#1176 = FACE_BOUND('',#1177,.F.);
#1177 = EDGE_LOOP('',(#1178,#1179,#1187,#1193,#1194,#1195));
#1178 = ORIENTED_EDGE('',*,*,#632,.T.);
#1179 = ORIENTED_EDGE('',*,*,#1180,.T.);
#1180 = EDGE_CURVE('',#625,#1181,#1183,.T.);
#1181 = VERTEX_POINT('',#1182);
#1182 = CARTESIAN_POINT('',(2.75,0.5,0.1));
#1183 = LINE('',#1184,#1185);
#1184 = CARTESIAN_POINT('',(2.75,1.7,0.2));
#1185 = VECTOR('',#1186,1.);
#1186 = DIRECTION('',(-1.220416573038E-16,-0.996545758245,
    -8.304547985373E-02));
#1187 = ORIENTED_EDGE('',*,*,#1188,.T.);
#1188 = EDGE_CURVE('',#1181,#1156,#1189,.T.);
#1189 = LINE('',#1190,#1191);
#1190 = CARTESIAN_POINT('',(2.75,0.5,0.1));
#1191 = VECTOR('',#1192,1.);
#1192 = DIRECTION('',(-1.224646799147E-16,-1.,0.));
#1193 = ORIENTED_EDGE('',*,*,#1165,.T.);
#1194 = ORIENTED_EDGE('',*,*,#360,.T.);
#1195 = ORIENTED_EDGE('',*,*,#1196,.T.);
#1196 = EDGE_CURVE('',#353,#633,#1197,.T.);
#1197 = LINE('',#1198,#1199);
#1198 = CARTESIAN_POINT('',(2.75,-2.8,0.));
#1199 = VECTOR('',#1200,1.);
#1200 = DIRECTION('',(1.224646799147E-16,1.,0.));
#1201 = PLANE('',#1202);
#1202 = AXIS2_PLACEMENT_3D('',#1203,#1204,#1205);
#1203 = CARTESIAN_POINT('',(2.75,-0.549524476701,7.07980355453E-02));
#1204 = DIRECTION('',(1.,-1.224646799147E-16,-0.));
#1205 = DIRECTION('',(-0.,0.,-1.));
#1206 = ADVANCED_FACE('',(#1207),#1218,.F.);
#1207 = FACE_BOUND('',#1208,.F.);
#1208 = EDGE_LOOP('',(#1209,#1210,#1216,#1217));
#1209 = ORIENTED_EDGE('',*,*,#352,.T.);
#1210 = ORIENTED_EDGE('',*,*,#1211,.T.);
#1211 = EDGE_CURVE('',#345,#641,#1212,.T.);
#1212 = LINE('',#1213,#1214);
#1213 = CARTESIAN_POINT('',(3.25,-2.8,0.));
#1214 = VECTOR('',#1215,1.);
#1215 = DIRECTION('',(1.224646799147E-16,1.,0.));
#1216 = ORIENTED_EDGE('',*,*,#640,.T.);
#1217 = ORIENTED_EDGE('',*,*,#1196,.F.);
#1218 = PLANE('',#1219);
#1219 = AXIS2_PLACEMENT_3D('',#1220,#1221,#1222);
#1220 = CARTESIAN_POINT('',(6.,-0.55,0.));
#1221 = DIRECTION('',(0.,0.,1.));
#1222 = DIRECTION('',(-1.,1.224646799147E-16,0.));
#1223 = ADVANCED_FACE('',(#1224),#1251,.T.);
#1224 = FACE_BOUND('',#1225,.T.);
#1225 = EDGE_LOOP('',(#1226,#1227,#1235,#1243,#1249,#1250));
#1226 = ORIENTED_EDGE('',*,*,#648,.T.);
#1227 = ORIENTED_EDGE('',*,*,#1228,.T.);
#1228 = EDGE_CURVE('',#649,#1229,#1231,.T.);
#1229 = VERTEX_POINT('',#1230);
#1230 = CARTESIAN_POINT('',(3.25,0.5,0.1));
#1231 = LINE('',#1232,#1233);
#1232 = CARTESIAN_POINT('',(3.25,1.7,0.2));
#1233 = VECTOR('',#1234,1.);
#1234 = DIRECTION('',(-1.220416573038E-16,-0.996545758245,
    -8.304547985373E-02));
#1235 = ORIENTED_EDGE('',*,*,#1236,.T.);
#1236 = EDGE_CURVE('',#1229,#1237,#1239,.T.);
#1237 = VERTEX_POINT('',#1238);
#1238 = CARTESIAN_POINT('',(3.25,-0.5,0.1));
#1239 = LINE('',#1240,#1241);
#1240 = CARTESIAN_POINT('',(3.25,0.5,0.1));
#1241 = VECTOR('',#1242,1.);
#1242 = DIRECTION('',(-1.224646799147E-16,-1.,0.));
#1243 = ORIENTED_EDGE('',*,*,#1244,.T.);
#1244 = EDGE_CURVE('',#1237,#337,#1245,.T.);
#1245 = LINE('',#1246,#1247);
#1246 = CARTESIAN_POINT('',(3.25,-0.5,0.1));
#1247 = VECTOR('',#1248,1.);
#1248 = DIRECTION('',(-1.223490926498E-16,-0.999056158355,
    4.343722427631E-02));
#1249 = ORIENTED_EDGE('',*,*,#344,.T.);
#1250 = ORIENTED_EDGE('',*,*,#1211,.T.);
#1251 = PLANE('',#1252);
#1252 = AXIS2_PLACEMENT_3D('',#1253,#1254,#1255);
#1253 = CARTESIAN_POINT('',(3.25,-0.549524476701,7.07980355453E-02));
#1254 = DIRECTION('',(1.,-1.224646799147E-16,-0.));
#1255 = DIRECTION('',(-0.,0.,-1.));
#1256 = ADVANCED_FACE('',(#1257),#1275,.F.);
#1257 = FACE_BOUND('',#1258,.F.);
#1258 = EDGE_LOOP('',(#1259,#1267,#1268,#1269));
#1259 = ORIENTED_EDGE('',*,*,#1260,.T.);
#1260 = EDGE_CURVE('',#1261,#1237,#1263,.T.);
#1261 = VERTEX_POINT('',#1262);
#1262 = CARTESIAN_POINT('',(4.75,-0.5,0.1));
#1263 = LINE('',#1264,#1265);
#1264 = CARTESIAN_POINT('',(4.75,-0.5,0.1));
#1265 = VECTOR('',#1266,1.);
#1266 = DIRECTION('',(-1.,1.224646799147E-16,0.));
#1267 = ORIENTED_EDGE('',*,*,#1244,.T.);
#1268 = ORIENTED_EDGE('',*,*,#336,.F.);
#1269 = ORIENTED_EDGE('',*,*,#1270,.F.);
#1270 = EDGE_CURVE('',#1261,#329,#1271,.T.);
#1271 = LINE('',#1272,#1273);
#1272 = CARTESIAN_POINT('',(4.75,-0.5,0.1));
#1273 = VECTOR('',#1274,1.);
#1274 = DIRECTION('',(-1.223490926498E-16,-0.999056158355,
    4.343722427631E-02));
#1275 = PLANE('',#1276);
#1276 = AXIS2_PLACEMENT_3D('',#1277,#1278,#1279);
#1277 = CARTESIAN_POINT('',(4.75,-0.5,0.1));
#1278 = DIRECTION('',(5.319525767383E-18,4.343722427631E-02,
    0.999056158355));
#1279 = DIRECTION('',(-1.223490926498E-16,-0.999056158355,
    4.343722427631E-02));
#1280 = ADVANCED_FACE('',(#1281),#1306,.F.);
#1281 = FACE_BOUND('',#1282,.F.);
#1282 = EDGE_LOOP('',(#1283,#1284,#1292,#1298,#1299,#1300));
#1283 = ORIENTED_EDGE('',*,*,#664,.T.);
#1284 = ORIENTED_EDGE('',*,*,#1285,.T.);
#1285 = EDGE_CURVE('',#657,#1286,#1288,.T.);
#1286 = VERTEX_POINT('',#1287);
#1287 = CARTESIAN_POINT('',(4.75,0.5,0.1));
#1288 = LINE('',#1289,#1290);
#1289 = CARTESIAN_POINT('',(4.75,1.7,0.2));
#1290 = VECTOR('',#1291,1.);
#1291 = DIRECTION('',(-1.220416573038E-16,-0.996545758245,
    -8.304547985373E-02));
#1292 = ORIENTED_EDGE('',*,*,#1293,.T.);
#1293 = EDGE_CURVE('',#1286,#1261,#1294,.T.);
#1294 = LINE('',#1295,#1296);
#1295 = CARTESIAN_POINT('',(4.75,0.5,0.1));
#1296 = VECTOR('',#1297,1.);
#1297 = DIRECTION('',(-1.224646799147E-16,-1.,0.));
#1298 = ORIENTED_EDGE('',*,*,#1270,.T.);
#1299 = ORIENTED_EDGE('',*,*,#328,.T.);
#1300 = ORIENTED_EDGE('',*,*,#1301,.T.);
#1301 = EDGE_CURVE('',#321,#665,#1302,.T.);
#1302 = LINE('',#1303,#1304);
#1303 = CARTESIAN_POINT('',(4.75,-2.8,0.));
#1304 = VECTOR('',#1305,1.);
#1305 = DIRECTION('',(1.224646799147E-16,1.,0.));
#1306 = PLANE('',#1307);
#1307 = AXIS2_PLACEMENT_3D('',#1308,#1309,#1310);
#1308 = CARTESIAN_POINT('',(4.75,-0.549524476701,7.07980355453E-02));
#1309 = DIRECTION('',(1.,-1.224646799147E-16,-0.));
#1310 = DIRECTION('',(-0.,0.,-1.));
#1311 = ADVANCED_FACE('',(#1312),#1323,.F.);
#1312 = FACE_BOUND('',#1313,.F.);
#1313 = EDGE_LOOP('',(#1314,#1320,#1321,#1322));
#1314 = ORIENTED_EDGE('',*,*,#1315,.T.);
#1315 = EDGE_CURVE('',#313,#673,#1316,.T.);
#1316 = LINE('',#1317,#1318);
#1317 = CARTESIAN_POINT('',(5.25,-2.8,0.));
#1318 = VECTOR('',#1319,1.);
#1319 = DIRECTION('',(1.224646799147E-16,1.,0.));
#1320 = ORIENTED_EDGE('',*,*,#672,.T.);
#1321 = ORIENTED_EDGE('',*,*,#1301,.F.);
#1322 = ORIENTED_EDGE('',*,*,#320,.T.);
#1323 = PLANE('',#1324);
#1324 = AXIS2_PLACEMENT_3D('',#1325,#1326,#1327);
#1325 = CARTESIAN_POINT('',(6.,-0.55,0.));
#1326 = DIRECTION('',(0.,0.,1.));
#1327 = DIRECTION('',(-1.,1.224646799147E-16,0.));
#1328 = ADVANCED_FACE('',(#1329),#1356,.T.);
#1329 = FACE_BOUND('',#1330,.T.);
#1330 = EDGE_LOOP('',(#1331,#1332,#1340,#1348,#1354,#1355));
#1331 = ORIENTED_EDGE('',*,*,#680,.T.);
#1332 = ORIENTED_EDGE('',*,*,#1333,.T.);
#1333 = EDGE_CURVE('',#681,#1334,#1336,.T.);
#1334 = VERTEX_POINT('',#1335);
#1335 = CARTESIAN_POINT('',(5.25,0.5,0.1));
#1336 = LINE('',#1337,#1338);
#1337 = CARTESIAN_POINT('',(5.25,1.7,0.2));
#1338 = VECTOR('',#1339,1.);
#1339 = DIRECTION('',(-1.220416573038E-16,-0.996545758245,
    -8.304547985373E-02));
#1340 = ORIENTED_EDGE('',*,*,#1341,.T.);
#1341 = EDGE_CURVE('',#1334,#1342,#1344,.T.);
#1342 = VERTEX_POINT('',#1343);
#1343 = CARTESIAN_POINT('',(5.25,-0.5,0.1));
#1344 = LINE('',#1345,#1346);
#1345 = CARTESIAN_POINT('',(5.25,0.5,0.1));
#1346 = VECTOR('',#1347,1.);
#1347 = DIRECTION('',(-1.224646799147E-16,-1.,0.));
#1348 = ORIENTED_EDGE('',*,*,#1349,.T.);
#1349 = EDGE_CURVE('',#1342,#305,#1350,.T.);
#1350 = LINE('',#1351,#1352);
#1351 = CARTESIAN_POINT('',(5.25,-0.5,0.1));
#1352 = VECTOR('',#1353,1.);
#1353 = DIRECTION('',(-1.223490926498E-16,-0.999056158355,
    4.343722427631E-02));
#1354 = ORIENTED_EDGE('',*,*,#312,.T.);
#1355 = ORIENTED_EDGE('',*,*,#1315,.T.);
#1356 = PLANE('',#1357);
#1357 = AXIS2_PLACEMENT_3D('',#1358,#1359,#1360);
#1358 = CARTESIAN_POINT('',(5.25,-0.549524476701,7.07980355453E-02));
#1359 = DIRECTION('',(1.,-1.224646799147E-16,-0.));
#1360 = DIRECTION('',(-0.,0.,-1.));
#1361 = ADVANCED_FACE('',(#1362),#1380,.F.);
#1362 = FACE_BOUND('',#1363,.F.);
#1363 = EDGE_LOOP('',(#1364,#1372,#1373,#1374));
#1364 = ORIENTED_EDGE('',*,*,#1365,.T.);
#1365 = EDGE_CURVE('',#1366,#1342,#1368,.T.);
#1366 = VERTEX_POINT('',#1367);
#1367 = CARTESIAN_POINT('',(6.75,-0.5,0.1));
#1368 = LINE('',#1369,#1370);
#1369 = CARTESIAN_POINT('',(6.75,-0.5,0.1));
#1370 = VECTOR('',#1371,1.);
#1371 = DIRECTION('',(-1.,1.224646799147E-16,0.));
#1372 = ORIENTED_EDGE('',*,*,#1349,.T.);
#1373 = ORIENTED_EDGE('',*,*,#304,.F.);
#1374 = ORIENTED_EDGE('',*,*,#1375,.F.);
#1375 = EDGE_CURVE('',#1366,#297,#1376,.T.);
#1376 = LINE('',#1377,#1378);
#1377 = CARTESIAN_POINT('',(6.75,-0.5,0.1));
#1378 = VECTOR('',#1379,1.);
#1379 = DIRECTION('',(-1.223490926498E-16,-0.999056158355,
    4.343722427631E-02));
#1380 = PLANE('',#1381);
#1381 = AXIS2_PLACEMENT_3D('',#1382,#1383,#1384);
#1382 = CARTESIAN_POINT('',(6.75,-0.5,0.1));
#1383 = DIRECTION('',(5.319525767383E-18,4.343722427631E-02,
    0.999056158355));
#1384 = DIRECTION('',(-1.223490926498E-16,-0.999056158355,
    4.343722427631E-02));
#1385 = ADVANCED_FACE('',(#1386),#1411,.F.);
#1386 = FACE_BOUND('',#1387,.F.);
#1387 = EDGE_LOOP('',(#1388,#1389,#1397,#1403,#1404,#1405));
#1388 = ORIENTED_EDGE('',*,*,#696,.T.);
#1389 = ORIENTED_EDGE('',*,*,#1390,.T.);
#1390 = EDGE_CURVE('',#689,#1391,#1393,.T.);
#1391 = VERTEX_POINT('',#1392);
#1392 = CARTESIAN_POINT('',(6.75,0.5,0.1));
#1393 = LINE('',#1394,#1395);
#1394 = CARTESIAN_POINT('',(6.75,1.7,0.2));
#1395 = VECTOR('',#1396,1.);
#1396 = DIRECTION('',(-1.220416573038E-16,-0.996545758245,
    -8.304547985373E-02));
#1397 = ORIENTED_EDGE('',*,*,#1398,.T.);
#1398 = EDGE_CURVE('',#1391,#1366,#1399,.T.);
#1399 = LINE('',#1400,#1401);
#1400 = CARTESIAN_POINT('',(6.75,0.5,0.1));
#1401 = VECTOR('',#1402,1.);
#1402 = DIRECTION('',(-1.224646799147E-16,-1.,0.));
#1403 = ORIENTED_EDGE('',*,*,#1375,.T.);
#1404 = ORIENTED_EDGE('',*,*,#296,.T.);
#1405 = ORIENTED_EDGE('',*,*,#1406,.T.);
#1406 = EDGE_CURVE('',#289,#697,#1407,.T.);
#1407 = LINE('',#1408,#1409);
#1408 = CARTESIAN_POINT('',(6.75,-2.8,0.));
#1409 = VECTOR('',#1410,1.);
#1410 = DIRECTION('',(1.224646799147E-16,1.,0.));
#1411 = PLANE('',#1412);
#1412 = AXIS2_PLACEMENT_3D('',#1413,#1414,#1415);
#1413 = CARTESIAN_POINT('',(6.75,-0.549524476701,7.07980355453E-02));
#1414 = DIRECTION('',(1.,-1.224646799147E-16,-0.));
#1415 = DIRECTION('',(-0.,0.,-1.));
#1416 = ADVANCED_FACE('',(#1417),#1428,.F.);
#1417 = FACE_BOUND('',#1418,.F.);
#1418 = EDGE_LOOP('',(#1419,#1420,#1421,#1422));
#1419 = ORIENTED_EDGE('',*,*,#704,.T.);
#1420 = ORIENTED_EDGE('',*,*,#1406,.F.);
#1421 = ORIENTED_EDGE('',*,*,#288,.T.);
#1422 = ORIENTED_EDGE('',*,*,#1423,.T.);
#1423 = EDGE_CURVE('',#281,#705,#1424,.T.);
#1424 = LINE('',#1425,#1426);
#1425 = CARTESIAN_POINT('',(7.25,-2.8,0.));
#1426 = VECTOR('',#1427,1.);
#1427 = DIRECTION('',(1.224646799147E-16,1.,0.));
#1428 = PLANE('',#1429);
#1429 = AXIS2_PLACEMENT_3D('',#1430,#1431,#1432);
#1430 = CARTESIAN_POINT('',(6.,-0.55,0.));
#1431 = DIRECTION('',(0.,0.,1.));
#1432 = DIRECTION('',(-1.,1.224646799147E-16,0.));
#1433 = ADVANCED_FACE('',(#1434),#1461,.T.);
#1434 = FACE_BOUND('',#1435,.T.);
#1435 = EDGE_LOOP('',(#1436,#1437,#1445,#1453,#1459,#1460));
#1436 = ORIENTED_EDGE('',*,*,#712,.T.);
#1437 = ORIENTED_EDGE('',*,*,#1438,.T.);
#1438 = EDGE_CURVE('',#713,#1439,#1441,.T.);
#1439 = VERTEX_POINT('',#1440);
#1440 = CARTESIAN_POINT('',(7.25,0.5,0.1));
#1441 = LINE('',#1442,#1443);
#1442 = CARTESIAN_POINT('',(7.25,1.7,0.2));
#1443 = VECTOR('',#1444,1.);
#1444 = DIRECTION('',(-1.220416573038E-16,-0.996545758245,
    -8.304547985373E-02));
#1445 = ORIENTED_EDGE('',*,*,#1446,.T.);
#1446 = EDGE_CURVE('',#1439,#1447,#1449,.T.);
#1447 = VERTEX_POINT('',#1448);
#1448 = CARTESIAN_POINT('',(7.25,-0.5,0.1));
#1449 = LINE('',#1450,#1451);
#1450 = CARTESIAN_POINT('',(7.25,0.5,0.1));
#1451 = VECTOR('',#1452,1.);
#1452 = DIRECTION('',(-1.224646799147E-16,-1.,0.));
#1453 = ORIENTED_EDGE('',*,*,#1454,.T.);
#1454 = EDGE_CURVE('',#1447,#273,#1455,.T.);
#1455 = LINE('',#1456,#1457);
#1456 = CARTESIAN_POINT('',(7.25,-0.5,0.1));
#1457 = VECTOR('',#1458,1.);
#1458 = DIRECTION('',(-1.223490926498E-16,-0.999056158355,
    4.343722427631E-02));
#1459 = ORIENTED_EDGE('',*,*,#280,.T.);
#1460 = ORIENTED_EDGE('',*,*,#1423,.T.);
#1461 = PLANE('',#1462);
#1462 = AXIS2_PLACEMENT_3D('',#1463,#1464,#1465);
#1463 = CARTESIAN_POINT('',(7.25,-0.549524476701,7.07980355453E-02));
#1464 = DIRECTION('',(1.,-1.224646799147E-16,-0.));
#1465 = DIRECTION('',(-0.,0.,-1.));
#1466 = ADVANCED_FACE('',(#1467),#1485,.F.);
#1467 = FACE_BOUND('',#1468,.F.);
#1468 = EDGE_LOOP('',(#1469,#1477,#1478,#1479));
#1469 = ORIENTED_EDGE('',*,*,#1470,.T.);
#1470 = EDGE_CURVE('',#1471,#1447,#1473,.T.);
#1471 = VERTEX_POINT('',#1472);
#1472 = CARTESIAN_POINT('',(8.75,-0.5,0.1));
#1473 = LINE('',#1474,#1475);
#1474 = CARTESIAN_POINT('',(8.75,-0.5,0.1));
#1475 = VECTOR('',#1476,1.);
#1476 = DIRECTION('',(-1.,1.224646799147E-16,0.));
#1477 = ORIENTED_EDGE('',*,*,#1454,.T.);
#1478 = ORIENTED_EDGE('',*,*,#272,.F.);
#1479 = ORIENTED_EDGE('',*,*,#1480,.F.);
#1480 = EDGE_CURVE('',#1471,#265,#1481,.T.);
#1481 = LINE('',#1482,#1483);
#1482 = CARTESIAN_POINT('',(8.75,-0.5,0.1));
#1483 = VECTOR('',#1484,1.);
#1484 = DIRECTION('',(-1.223490926498E-16,-0.999056158355,
    4.343722427631E-02));
#1485 = PLANE('',#1486);
#1486 = AXIS2_PLACEMENT_3D('',#1487,#1488,#1489);
#1487 = CARTESIAN_POINT('',(8.75,-0.5,0.1));
#1488 = DIRECTION('',(5.319525767383E-18,4.343722427631E-02,
    0.999056158355));
#1489 = DIRECTION('',(-1.223490926498E-16,-0.999056158355,
    4.343722427631E-02));
#1490 = ADVANCED_FACE('',(#1491),#1516,.F.);
#1491 = FACE_BOUND('',#1492,.F.);
#1492 = EDGE_LOOP('',(#1493,#1494,#1502,#1508,#1509,#1510));
#1493 = ORIENTED_EDGE('',*,*,#728,.T.);
#1494 = ORIENTED_EDGE('',*,*,#1495,.T.);
#1495 = EDGE_CURVE('',#721,#1496,#1498,.T.);
#1496 = VERTEX_POINT('',#1497);
#1497 = CARTESIAN_POINT('',(8.75,0.5,0.1));
#1498 = LINE('',#1499,#1500);
#1499 = CARTESIAN_POINT('',(8.75,1.7,0.2));
#1500 = VECTOR('',#1501,1.);
#1501 = DIRECTION('',(-1.220416573038E-16,-0.996545758245,
    -8.304547985373E-02));
#1502 = ORIENTED_EDGE('',*,*,#1503,.T.);
#1503 = EDGE_CURVE('',#1496,#1471,#1504,.T.);
#1504 = LINE('',#1505,#1506);
#1505 = CARTESIAN_POINT('',(8.75,0.5,0.1));
#1506 = VECTOR('',#1507,1.);
#1507 = DIRECTION('',(-1.224646799147E-16,-1.,0.));
#1508 = ORIENTED_EDGE('',*,*,#1480,.T.);
#1509 = ORIENTED_EDGE('',*,*,#264,.T.);
#1510 = ORIENTED_EDGE('',*,*,#1511,.T.);
#1511 = EDGE_CURVE('',#257,#729,#1512,.T.);
#1512 = LINE('',#1513,#1514);
#1513 = CARTESIAN_POINT('',(8.75,-2.8,0.));
#1514 = VECTOR('',#1515,1.);
#1515 = DIRECTION('',(1.224646799147E-16,1.,0.));
#1516 = PLANE('',#1517);
#1517 = AXIS2_PLACEMENT_3D('',#1518,#1519,#1520);
#1518 = CARTESIAN_POINT('',(8.75,-0.549524476701,7.07980355453E-02));
#1519 = DIRECTION('',(1.,-1.224646799147E-16,-0.));
#1520 = DIRECTION('',(-0.,0.,-1.));
#1521 = ADVANCED_FACE('',(#1522),#1533,.F.);
#1522 = FACE_BOUND('',#1523,.F.);
#1523 = EDGE_LOOP('',(#1524,#1525,#1526,#1532));
#1524 = ORIENTED_EDGE('',*,*,#1511,.F.);
#1525 = ORIENTED_EDGE('',*,*,#256,.T.);
#1526 = ORIENTED_EDGE('',*,*,#1527,.T.);
#1527 = EDGE_CURVE('',#249,#737,#1528,.T.);
#1528 = LINE('',#1529,#1530);
#1529 = CARTESIAN_POINT('',(9.25,-2.8,0.));
#1530 = VECTOR('',#1531,1.);
#1531 = DIRECTION('',(1.224646799147E-16,1.,0.));
#1532 = ORIENTED_EDGE('',*,*,#736,.T.);
#1533 = PLANE('',#1534);
#1534 = AXIS2_PLACEMENT_3D('',#1535,#1536,#1537);
#1535 = CARTESIAN_POINT('',(6.,-0.55,0.));
#1536 = DIRECTION('',(0.,0.,1.));
#1537 = DIRECTION('',(-1.,1.224646799147E-16,0.));
#1538 = ADVANCED_FACE('',(#1539),#1566,.T.);
#1539 = FACE_BOUND('',#1540,.T.);
#1540 = EDGE_LOOP('',(#1541,#1542,#1550,#1558,#1564,#1565));
#1541 = ORIENTED_EDGE('',*,*,#744,.T.);
#1542 = ORIENTED_EDGE('',*,*,#1543,.T.);
#1543 = EDGE_CURVE('',#745,#1544,#1546,.T.);
#1544 = VERTEX_POINT('',#1545);
#1545 = CARTESIAN_POINT('',(9.25,0.5,0.1));
#1546 = LINE('',#1547,#1548);
#1547 = CARTESIAN_POINT('',(9.25,1.7,0.2));
#1548 = VECTOR('',#1549,1.);
#1549 = DIRECTION('',(-1.220416573038E-16,-0.996545758245,
    -8.304547985373E-02));
#1550 = ORIENTED_EDGE('',*,*,#1551,.T.);
#1551 = EDGE_CURVE('',#1544,#1552,#1554,.T.);
#1552 = VERTEX_POINT('',#1553);
#1553 = CARTESIAN_POINT('',(9.25,-0.5,0.1));
#1554 = LINE('',#1555,#1556);
#1555 = CARTESIAN_POINT('',(9.25,0.5,0.1));
#1556 = VECTOR('',#1557,1.);
#1557 = DIRECTION('',(-1.224646799147E-16,-1.,0.));
#1558 = ORIENTED_EDGE('',*,*,#1559,.T.);
#1559 = EDGE_CURVE('',#1552,#241,#1560,.T.);
#1560 = LINE('',#1561,#1562);
#1561 = CARTESIAN_POINT('',(9.25,-0.5,0.1));
#1562 = VECTOR('',#1563,1.);
#1563 = DIRECTION('',(-1.223490926498E-16,-0.999056158355,
    4.343722427631E-02));
#1564 = ORIENTED_EDGE('',*,*,#248,.T.);
#1565 = ORIENTED_EDGE('',*,*,#1527,.T.);
#1566 = PLANE('',#1567);
#1567 = AXIS2_PLACEMENT_3D('',#1568,#1569,#1570);
#1568 = CARTESIAN_POINT('',(9.25,-0.549524476701,7.07980355453E-02));
#1569 = DIRECTION('',(1.,-1.224646799147E-16,-0.));
#1570 = DIRECTION('',(-0.,0.,-1.));
#1571 = ADVANCED_FACE('',(#1572),#1590,.F.);
#1572 = FACE_BOUND('',#1573,.F.);
#1573 = EDGE_LOOP('',(#1574,#1582,#1583,#1584));
#1574 = ORIENTED_EDGE('',*,*,#1575,.T.);
#1575 = EDGE_CURVE('',#1576,#1552,#1578,.T.);
#1576 = VERTEX_POINT('',#1577);
#1577 = CARTESIAN_POINT('',(10.75,-0.5,0.1));
#1578 = LINE('',#1579,#1580);
#1579 = CARTESIAN_POINT('',(10.75,-0.5,0.1));
#1580 = VECTOR('',#1581,1.);
#1581 = DIRECTION('',(-1.,1.224646799147E-16,0.));
#1582 = ORIENTED_EDGE('',*,*,#1559,.T.);
#1583 = ORIENTED_EDGE('',*,*,#240,.F.);
#1584 = ORIENTED_EDGE('',*,*,#1585,.F.);
#1585 = EDGE_CURVE('',#1576,#233,#1586,.T.);
#1586 = LINE('',#1587,#1588);
#1587 = CARTESIAN_POINT('',(10.75,-0.5,0.1));
#1588 = VECTOR('',#1589,1.);
#1589 = DIRECTION('',(-1.223490926498E-16,-0.999056158355,
    4.343722427631E-02));
#1590 = PLANE('',#1591);
#1591 = AXIS2_PLACEMENT_3D('',#1592,#1593,#1594);
#1592 = CARTESIAN_POINT('',(10.75,-0.5,0.1));
#1593 = DIRECTION('',(5.319525767383E-18,4.343722427631E-02,
    0.999056158355));
#1594 = DIRECTION('',(-1.223490926498E-16,-0.999056158355,
    4.343722427631E-02));
#1595 = ADVANCED_FACE('',(#1596),#1621,.F.);
#1596 = FACE_BOUND('',#1597,.F.);
#1597 = EDGE_LOOP('',(#1598,#1599,#1607,#1613,#1614,#1615));
#1598 = ORIENTED_EDGE('',*,*,#760,.T.);
#1599 = ORIENTED_EDGE('',*,*,#1600,.T.);
#1600 = EDGE_CURVE('',#753,#1601,#1603,.T.);
#1601 = VERTEX_POINT('',#1602);
#1602 = CARTESIAN_POINT('',(10.75,0.5,0.1));
#1603 = LINE('',#1604,#1605);
#1604 = CARTESIAN_POINT('',(10.75,1.7,0.2));
#1605 = VECTOR('',#1606,1.);
#1606 = DIRECTION('',(-1.220416573038E-16,-0.996545758245,
    -8.304547985373E-02));
#1607 = ORIENTED_EDGE('',*,*,#1608,.T.);
#1608 = EDGE_CURVE('',#1601,#1576,#1609,.T.);
#1609 = LINE('',#1610,#1611);
#1610 = CARTESIAN_POINT('',(10.75,0.5,0.1));
#1611 = VECTOR('',#1612,1.);
#1612 = DIRECTION('',(-1.224646799147E-16,-1.,0.));
#1613 = ORIENTED_EDGE('',*,*,#1585,.T.);
#1614 = ORIENTED_EDGE('',*,*,#232,.T.);
#1615 = ORIENTED_EDGE('',*,*,#1616,.T.);
#1616 = EDGE_CURVE('',#225,#761,#1617,.T.);
#1617 = LINE('',#1618,#1619);
#1618 = CARTESIAN_POINT('',(10.75,-2.8,0.));
#1619 = VECTOR('',#1620,1.);
#1620 = DIRECTION('',(1.224646799147E-16,1.,0.));
#1621 = PLANE('',#1622);
#1622 = AXIS2_PLACEMENT_3D('',#1623,#1624,#1625);
#1623 = CARTESIAN_POINT('',(10.75,-0.549524476701,7.07980355453E-02));
#1624 = DIRECTION('',(1.,-1.224646799147E-16,-0.));
#1625 = DIRECTION('',(-0.,0.,-1.));
#1626 = ADVANCED_FACE('',(#1627),#1638,.F.);
#1627 = FACE_BOUND('',#1628,.F.);
#1628 = EDGE_LOOP('',(#1629,#1630,#1636,#1637));
#1629 = ORIENTED_EDGE('',*,*,#224,.T.);
#1630 = ORIENTED_EDGE('',*,*,#1631,.T.);
#1631 = EDGE_CURVE('',#217,#769,#1632,.T.);
#1632 = LINE('',#1633,#1634);
#1633 = CARTESIAN_POINT('',(11.25,-2.8,0.));
#1634 = VECTOR('',#1635,1.);
#1635 = DIRECTION('',(1.224646799147E-16,1.,0.));
#1636 = ORIENTED_EDGE('',*,*,#768,.T.);
#1637 = ORIENTED_EDGE('',*,*,#1616,.F.);
#1638 = PLANE('',#1639);
#1639 = AXIS2_PLACEMENT_3D('',#1640,#1641,#1642);
#1640 = CARTESIAN_POINT('',(6.,-0.55,0.));
#1641 = DIRECTION('',(0.,0.,1.));
#1642 = DIRECTION('',(-1.,1.224646799147E-16,0.));
#1643 = ADVANCED_FACE('',(#1644),#1671,.T.);
#1644 = FACE_BOUND('',#1645,.T.);
#1645 = EDGE_LOOP('',(#1646,#1647,#1655,#1663,#1669,#1670));
#1646 = ORIENTED_EDGE('',*,*,#776,.T.);
#1647 = ORIENTED_EDGE('',*,*,#1648,.T.);
#1648 = EDGE_CURVE('',#777,#1649,#1651,.T.);
#1649 = VERTEX_POINT('',#1650);
#1650 = CARTESIAN_POINT('',(11.25,0.5,0.1));
#1651 = LINE('',#1652,#1653);
#1652 = CARTESIAN_POINT('',(11.25,1.7,0.2));
#1653 = VECTOR('',#1654,1.);
#1654 = DIRECTION('',(-1.220416573038E-16,-0.996545758245,
    -8.304547985373E-02));
#1655 = ORIENTED_EDGE('',*,*,#1656,.T.);
#1656 = EDGE_CURVE('',#1649,#1657,#1659,.T.);
#1657 = VERTEX_POINT('',#1658);
#1658 = CARTESIAN_POINT('',(11.25,-0.5,0.1));
#1659 = LINE('',#1660,#1661);
#1660 = CARTESIAN_POINT('',(11.25,0.5,0.1));
#1661 = VECTOR('',#1662,1.);
#1662 = DIRECTION('',(-1.224646799147E-16,-1.,0.));
#1663 = ORIENTED_EDGE('',*,*,#1664,.T.);
#1664 = EDGE_CURVE('',#1657,#209,#1665,.T.);
#1665 = LINE('',#1666,#1667);
#1666 = CARTESIAN_POINT('',(11.25,-0.5,0.1));
#1667 = VECTOR('',#1668,1.);
#1668 = DIRECTION('',(-1.223490926498E-16,-0.999056158355,
    4.343722427631E-02));
#1669 = ORIENTED_EDGE('',*,*,#216,.T.);
#1670 = ORIENTED_EDGE('',*,*,#1631,.T.);
#1671 = PLANE('',#1672);
#1672 = AXIS2_PLACEMENT_3D('',#1673,#1674,#1675);
#1673 = CARTESIAN_POINT('',(11.25,-0.549524476701,7.07980355453E-02));
#1674 = DIRECTION('',(1.,-1.224646799147E-16,-0.));
#1675 = DIRECTION('',(-0.,0.,-1.));
#1676 = ADVANCED_FACE('',(#1677),#1688,.F.);
#1677 = FACE_BOUND('',#1678,.F.);
#1678 = EDGE_LOOP('',(#1679,#1685,#1686,#1687));
#1679 = ORIENTED_EDGE('',*,*,#1680,.T.);
#1680 = EDGE_CURVE('',#439,#1657,#1681,.T.);
#1681 = LINE('',#1682,#1683);
#1682 = CARTESIAN_POINT('',(12.75,-0.5,0.1));
#1683 = VECTOR('',#1684,1.);
#1684 = DIRECTION('',(-1.,1.224646799147E-16,0.));
#1685 = ORIENTED_EDGE('',*,*,#1664,.T.);
#1686 = ORIENTED_EDGE('',*,*,#208,.F.);
#1687 = ORIENTED_EDGE('',*,*,#446,.F.);
#1688 = PLANE('',#1689);
#1689 = AXIS2_PLACEMENT_3D('',#1690,#1691,#1692);
#1690 = CARTESIAN_POINT('',(12.75,-0.5,0.1));
#1691 = DIRECTION('',(5.319525767383E-18,4.343722427631E-02,
    0.999056158355));
#1692 = DIRECTION('',(-1.223490926498E-16,-0.999056158355,
    4.343722427631E-02));
#1693 = ADVANCED_FACE('',(#1694),#1731,.F.);
#1694 = FACE_BOUND('',#1695,.F.);
#1695 = EDGE_LOOP('',(#1696,#1697,#1698,#1706,#1714,#1723,#1729,#1730));
#1696 = ORIENTED_EDGE('',*,*,#995,.F.);
#1697 = ORIENTED_EDGE('',*,*,#568,.T.);
#1698 = ORIENTED_EDGE('',*,*,#1699,.T.);
#1699 = EDGE_CURVE('',#561,#1700,#1702,.T.);
#1700 = VERTEX_POINT('',#1701);
#1701 = CARTESIAN_POINT('',(-1.95,0.2,6.));
#1702 = LINE('',#1703,#1704);
#1703 = CARTESIAN_POINT('',(-1.95,1.7,6.));
#1704 = VECTOR('',#1705,1.);
#1705 = DIRECTION('',(-1.224646799147E-16,-1.,0.));
#1706 = ORIENTED_EDGE('',*,*,#1707,.T.);
#1707 = EDGE_CURVE('',#1700,#1708,#1710,.T.);
#1708 = VERTEX_POINT('',#1709);
#1709 = CARTESIAN_POINT('',(-1.95,0.2,4.4));
#1710 = LINE('',#1711,#1712);
#1711 = CARTESIAN_POINT('',(-1.95,0.2,3.));
#1712 = VECTOR('',#1713,1.);
#1713 = DIRECTION('',(-0.,0.,-1.));
#1714 = ORIENTED_EDGE('',*,*,#1715,.F.);
#1715 = EDGE_CURVE('',#1716,#1708,#1718,.T.);
#1716 = VERTEX_POINT('',#1717);
#1717 = CARTESIAN_POINT('',(-1.95,-0.6,4.4));
#1718 = CIRCLE('',#1719,0.4);
#1719 = AXIS2_PLACEMENT_3D('',#1720,#1721,#1722);
#1720 = CARTESIAN_POINT('',(-1.95,-0.2,4.4));
#1721 = DIRECTION('',(1.,-1.224646799147E-16,0.));
#1722 = DIRECTION('',(1.224646799147E-16,1.,0.));
#1723 = ORIENTED_EDGE('',*,*,#1724,.T.);
#1724 = EDGE_CURVE('',#1716,#973,#1725,.T.);
#1725 = LINE('',#1726,#1727);
#1726 = CARTESIAN_POINT('',(-1.95,-0.6,2.2));
#1727 = VECTOR('',#1728,1.);
#1728 = DIRECTION('',(0.,0.,1.));
#1729 = ORIENTED_EDGE('',*,*,#980,.T.);
#1730 = ORIENTED_EDGE('',*,*,#184,.F.);
#1731 = PLANE('',#1732);
#1732 = AXIS2_PLACEMENT_3D('',#1733,#1734,#1735);
#1733 = CARTESIAN_POINT('',(-1.95,1.7,0.));
#1734 = DIRECTION('',(1.,-1.224646799147E-16,0.));
#1735 = DIRECTION('',(-1.224646799147E-16,-1.,0.));
#1736 = ADVANCED_FACE('',(#1737),#1748,.F.);
#1737 = FACE_BOUND('',#1738,.F.);
#1738 = EDGE_LOOP('',(#1739,#1740,#1741,#1747));
#1739 = ORIENTED_EDGE('',*,*,#784,.T.);
#1740 = ORIENTED_EDGE('',*,*,#1648,.T.);
#1741 = ORIENTED_EDGE('',*,*,#1742,.F.);
#1742 = EDGE_CURVE('',#431,#1649,#1743,.T.);
#1743 = LINE('',#1744,#1745);
#1744 = CARTESIAN_POINT('',(12.75,0.5,0.1));
#1745 = VECTOR('',#1746,1.);
#1746 = DIRECTION('',(-1.,1.224646799147E-16,0.));
#1747 = ORIENTED_EDGE('',*,*,#430,.F.);
#1748 = PLANE('',#1749);
#1749 = AXIS2_PLACEMENT_3D('',#1750,#1751,#1752);
#1750 = CARTESIAN_POINT('',(12.75,1.7,0.2));
#1751 = DIRECTION('',(-1.017013810865E-17,-8.304547985373E-02,
    0.996545758245));
#1752 = DIRECTION('',(-1.220416573038E-16,-0.996545758245,
    -8.304547985373E-02));
#1753 = ADVANCED_FACE('',(#1754,#1760),#1794,.F.);
#1754 = FACE_BOUND('',#1755,.F.);
#1755 = EDGE_LOOP('',(#1756,#1757,#1758,#1759));
#1756 = ORIENTED_EDGE('',*,*,#1742,.T.);
#1757 = ORIENTED_EDGE('',*,*,#1656,.T.);
#1758 = ORIENTED_EDGE('',*,*,#1680,.F.);
#1759 = ORIENTED_EDGE('',*,*,#438,.F.);
#1760 = FACE_BOUND('',#1761,.F.);
#1761 = EDGE_LOOP('',(#1762,#1772,#1780,#1788));
#1762 = ORIENTED_EDGE('',*,*,#1763,.F.);
#1763 = EDGE_CURVE('',#1764,#1766,#1768,.T.);
#1764 = VERTEX_POINT('',#1765);
#1765 = CARTESIAN_POINT('',(11.75,0.25,0.1));
#1766 = VERTEX_POINT('',#1767);
#1767 = CARTESIAN_POINT('',(11.75,-0.25,0.1));
#1768 = LINE('',#1769,#1770);
#1769 = CARTESIAN_POINT('',(11.75,0.271633216363,0.1));
#1770 = VECTOR('',#1771,1.);
#1771 = DIRECTION('',(-1.224646799147E-16,-1.,0.));
#1772 = ORIENTED_EDGE('',*,*,#1773,.T.);
#1773 = EDGE_CURVE('',#1764,#1774,#1776,.T.);
#1774 = VERTEX_POINT('',#1775);
#1775 = CARTESIAN_POINT('',(12.25,0.25,0.1));
#1776 = LINE('',#1777,#1778);
#1777 = CARTESIAN_POINT('',(12.5,0.25,0.1));
#1778 = VECTOR('',#1779,1.);
#1779 = DIRECTION('',(1.,-1.224646799147E-16,0.));
#1780 = ORIENTED_EDGE('',*,*,#1781,.T.);
#1781 = EDGE_CURVE('',#1774,#1782,#1784,.T.);
#1782 = VERTEX_POINT('',#1783);
#1783 = CARTESIAN_POINT('',(12.25,-0.25,0.1));
#1784 = LINE('',#1785,#1786);
#1785 = CARTESIAN_POINT('',(12.25,0.271633216363,0.1));
#1786 = VECTOR('',#1787,1.);
#1787 = DIRECTION('',(-1.224646799147E-16,-1.,0.));
#1788 = ORIENTED_EDGE('',*,*,#1789,.T.);
#1789 = EDGE_CURVE('',#1782,#1766,#1790,.T.);
#1790 = LINE('',#1791,#1792);
#1791 = CARTESIAN_POINT('',(12.5,-0.25,0.1));
#1792 = VECTOR('',#1793,1.);
#1793 = DIRECTION('',(-1.,1.224646799147E-16,0.));
#1794 = PLANE('',#1795);
#1795 = AXIS2_PLACEMENT_3D('',#1796,#1797,#1798);
#1796 = CARTESIAN_POINT('',(12.75,0.5,0.1));
#1797 = DIRECTION('',(0.,0.,1.));
#1798 = DIRECTION('',(-1.224646799147E-16,-1.,0.));
#1799 = ADVANCED_FACE('',(#1800),#1811,.F.);
#1800 = FACE_BOUND('',#1801,.F.);
#1801 = EDGE_LOOP('',(#1802,#1803,#1804,#1810));
#1802 = ORIENTED_EDGE('',*,*,#752,.T.);
#1803 = ORIENTED_EDGE('',*,*,#1543,.T.);
#1804 = ORIENTED_EDGE('',*,*,#1805,.F.);
#1805 = EDGE_CURVE('',#1601,#1544,#1806,.T.);
#1806 = LINE('',#1807,#1808);
#1807 = CARTESIAN_POINT('',(10.75,0.5,0.1));
#1808 = VECTOR('',#1809,1.);
#1809 = DIRECTION('',(-1.,1.224646799147E-16,0.));
#1810 = ORIENTED_EDGE('',*,*,#1600,.F.);
#1811 = PLANE('',#1812);
#1812 = AXIS2_PLACEMENT_3D('',#1813,#1814,#1815);
#1813 = CARTESIAN_POINT('',(10.75,1.7,0.2));
#1814 = DIRECTION('',(-1.017013810865E-17,-8.304547985373E-02,
    0.996545758245));
#1815 = DIRECTION('',(-1.220416573038E-16,-0.996545758245,
    -8.304547985373E-02));
#1816 = ADVANCED_FACE('',(#1817),#1828,.F.);
#1817 = FACE_BOUND('',#1818,.F.);
#1818 = EDGE_LOOP('',(#1819,#1820,#1821,#1827));
#1819 = ORIENTED_EDGE('',*,*,#720,.T.);
#1820 = ORIENTED_EDGE('',*,*,#1438,.T.);
#1821 = ORIENTED_EDGE('',*,*,#1822,.F.);
#1822 = EDGE_CURVE('',#1496,#1439,#1823,.T.);
#1823 = LINE('',#1824,#1825);
#1824 = CARTESIAN_POINT('',(8.75,0.5,0.1));
#1825 = VECTOR('',#1826,1.);
#1826 = DIRECTION('',(-1.,1.224646799147E-16,0.));
#1827 = ORIENTED_EDGE('',*,*,#1495,.F.);
#1828 = PLANE('',#1829);
#1829 = AXIS2_PLACEMENT_3D('',#1830,#1831,#1832);
#1830 = CARTESIAN_POINT('',(8.75,1.7,0.2));
#1831 = DIRECTION('',(-1.017013810865E-17,-8.304547985373E-02,
    0.996545758245));
#1832 = DIRECTION('',(-1.220416573038E-16,-0.996545758245,
    -8.304547985373E-02));
#1833 = ADVANCED_FACE('',(#1834),#1845,.F.);
#1834 = FACE_BOUND('',#1835,.F.);
#1835 = EDGE_LOOP('',(#1836,#1837,#1838,#1844));
#1836 = ORIENTED_EDGE('',*,*,#688,.T.);
#1837 = ORIENTED_EDGE('',*,*,#1333,.T.);
#1838 = ORIENTED_EDGE('',*,*,#1839,.F.);
#1839 = EDGE_CURVE('',#1391,#1334,#1840,.T.);
#1840 = LINE('',#1841,#1842);
#1841 = CARTESIAN_POINT('',(6.75,0.5,0.1));
#1842 = VECTOR('',#1843,1.);
#1843 = DIRECTION('',(-1.,1.224646799147E-16,0.));
#1844 = ORIENTED_EDGE('',*,*,#1390,.F.);
#1845 = PLANE('',#1846);
#1846 = AXIS2_PLACEMENT_3D('',#1847,#1848,#1849);
#1847 = CARTESIAN_POINT('',(6.75,1.7,0.2));
#1848 = DIRECTION('',(-1.017013810865E-17,-8.304547985373E-02,
    0.996545758245));
#1849 = DIRECTION('',(-1.220416573038E-16,-0.996545758245,
    -8.304547985373E-02));
#1850 = ADVANCED_FACE('',(#1851),#1862,.F.);
#1851 = FACE_BOUND('',#1852,.F.);
#1852 = EDGE_LOOP('',(#1853,#1854,#1855,#1861));
#1853 = ORIENTED_EDGE('',*,*,#656,.T.);
#1854 = ORIENTED_EDGE('',*,*,#1228,.T.);
#1855 = ORIENTED_EDGE('',*,*,#1856,.F.);
#1856 = EDGE_CURVE('',#1286,#1229,#1857,.T.);
#1857 = LINE('',#1858,#1859);
#1858 = CARTESIAN_POINT('',(4.75,0.5,0.1));
#1859 = VECTOR('',#1860,1.);
#1860 = DIRECTION('',(-1.,1.224646799147E-16,0.));
#1861 = ORIENTED_EDGE('',*,*,#1285,.F.);
#1862 = PLANE('',#1863);
#1863 = AXIS2_PLACEMENT_3D('',#1864,#1865,#1866);
#1864 = CARTESIAN_POINT('',(4.75,1.7,0.2));
#1865 = DIRECTION('',(-1.017013810865E-17,-8.304547985373E-02,
    0.996545758245));
#1866 = DIRECTION('',(-1.220416573038E-16,-0.996545758245,
    -8.304547985373E-02));
#1867 = ADVANCED_FACE('',(#1868),#1879,.F.);
#1868 = FACE_BOUND('',#1869,.F.);
#1869 = EDGE_LOOP('',(#1870,#1871,#1872,#1878));
#1870 = ORIENTED_EDGE('',*,*,#624,.T.);
#1871 = ORIENTED_EDGE('',*,*,#1123,.T.);
#1872 = ORIENTED_EDGE('',*,*,#1873,.F.);
#1873 = EDGE_CURVE('',#1181,#1124,#1874,.T.);
#1874 = LINE('',#1875,#1876);
#1875 = CARTESIAN_POINT('',(2.75,0.5,0.1));
#1876 = VECTOR('',#1877,1.);
#1877 = DIRECTION('',(-1.,1.224646799147E-16,0.));
#1878 = ORIENTED_EDGE('',*,*,#1180,.F.);
#1879 = PLANE('',#1880);
#1880 = AXIS2_PLACEMENT_3D('',#1881,#1882,#1883);
#1881 = CARTESIAN_POINT('',(2.75,1.7,0.2));
#1882 = DIRECTION('',(-1.017013810865E-17,-8.304547985373E-02,
    0.996545758245));
#1883 = DIRECTION('',(-1.220416573038E-16,-0.996545758245,
    -8.304547985373E-02));
#1884 = ADVANCED_FACE('',(#1885),#1896,.F.);
#1885 = FACE_BOUND('',#1886,.F.);
#1886 = EDGE_LOOP('',(#1887,#1888,#1889,#1895));
#1887 = ORIENTED_EDGE('',*,*,#592,.T.);
#1888 = ORIENTED_EDGE('',*,*,#1018,.T.);
#1889 = ORIENTED_EDGE('',*,*,#1890,.F.);
#1890 = EDGE_CURVE('',#1076,#1019,#1891,.T.);
#1891 = LINE('',#1892,#1893);
#1892 = CARTESIAN_POINT('',(0.75,0.5,0.1));
#1893 = VECTOR('',#1894,1.);
#1894 = DIRECTION('',(-1.,1.224646799147E-16,0.));
#1895 = ORIENTED_EDGE('',*,*,#1075,.F.);
#1896 = PLANE('',#1897);
#1897 = AXIS2_PLACEMENT_3D('',#1898,#1899,#1900);
#1898 = CARTESIAN_POINT('',(0.75,1.7,0.2));
#1899 = DIRECTION('',(-1.017013810865E-17,-8.304547985373E-02,
    0.996545758245));
#1900 = DIRECTION('',(-1.220416573038E-16,-0.996545758245,
    -8.304547985373E-02));
#1901 = ADVANCED_FACE('',(#1902),#1959,.T.);
#1902 = FACE_BOUND('',#1903,.T.);
#1903 = EDGE_LOOP('',(#1904,#1912,#1913,#1921,#1929,#1935,#1936,#1937,
    #1945,#1953));
#1904 = ORIENTED_EDGE('',*,*,#1905,.F.);
#1905 = EDGE_CURVE('',#489,#1906,#1908,.T.);
#1906 = VERTEX_POINT('',#1907);
#1907 = CARTESIAN_POINT('',(0.55,1.1,6.));
#1908 = LINE('',#1909,#1910);
#1909 = CARTESIAN_POINT('',(0.55,1.7,6.));
#1910 = VECTOR('',#1911,1.);
#1911 = DIRECTION('',(-1.224646799147E-16,-1.,0.));
#1912 = ORIENTED_EDGE('',*,*,#496,.T.);
#1913 = ORIENTED_EDGE('',*,*,#1914,.T.);
#1914 = EDGE_CURVE('',#497,#1915,#1917,.T.);
#1915 = VERTEX_POINT('',#1916);
#1916 = CARTESIAN_POINT('',(-0.45,1.75,6.));
#1917 = LINE('',#1918,#1919);
#1918 = CARTESIAN_POINT('',(-0.45,1.7,6.));
#1919 = VECTOR('',#1920,1.);
#1920 = DIRECTION('',(1.224646799147E-16,1.,0.));
#1921 = ORIENTED_EDGE('',*,*,#1922,.T.);
#1922 = EDGE_CURVE('',#1915,#1923,#1925,.T.);
#1923 = VERTEX_POINT('',#1924);
#1924 = CARTESIAN_POINT('',(-0.95,1.75,6.));
#1925 = LINE('',#1926,#1927);
#1926 = CARTESIAN_POINT('',(-0.45,1.75,6.));
#1927 = VECTOR('',#1928,1.);
#1928 = DIRECTION('',(-1.,1.224646799147E-16,0.));
#1929 = ORIENTED_EDGE('',*,*,#1930,.T.);
#1930 = EDGE_CURVE('',#1923,#553,#1931,.T.);
#1931 = LINE('',#1932,#1933);
#1932 = CARTESIAN_POINT('',(-0.95,1.75,6.));
#1933 = VECTOR('',#1934,1.);
#1934 = DIRECTION('',(-1.224646799147E-16,-1.,0.));
#1935 = ORIENTED_EDGE('',*,*,#560,.T.);
#1936 = ORIENTED_EDGE('',*,*,#1699,.T.);
#1937 = ORIENTED_EDGE('',*,*,#1938,.F.);
#1938 = EDGE_CURVE('',#1939,#1700,#1941,.T.);
#1939 = VERTEX_POINT('',#1940);
#1940 = CARTESIAN_POINT('',(-1.45,0.2,6.));
#1941 = LINE('',#1942,#1943);
#1942 = CARTESIAN_POINT('',(13.95,0.2,6.));
#1943 = VECTOR('',#1944,1.);
#1944 = DIRECTION('',(-1.,1.224646799147E-16,0.));
#1945 = ORIENTED_EDGE('',*,*,#1946,.F.);
#1946 = EDGE_CURVE('',#1947,#1939,#1949,.T.);
#1947 = VERTEX_POINT('',#1948);
#1948 = CARTESIAN_POINT('',(-1.45,1.1,6.));
#1949 = LINE('',#1950,#1951);
#1950 = CARTESIAN_POINT('',(-1.45,1.1,6.));
#1951 = VECTOR('',#1952,1.);
#1952 = DIRECTION('',(-1.224646799147E-16,-1.,0.));
#1953 = ORIENTED_EDGE('',*,*,#1954,.F.);
#1954 = EDGE_CURVE('',#1906,#1947,#1955,.T.);
#1955 = LINE('',#1956,#1957);
#1956 = CARTESIAN_POINT('',(13.45,1.1,6.));
#1957 = VECTOR('',#1958,1.);
#1958 = DIRECTION('',(-1.,1.224646799147E-16,0.));
#1959 = PLANE('',#1960);
#1960 = AXIS2_PLACEMENT_3D('',#1961,#1962,#1963);
#1961 = CARTESIAN_POINT('',(-0.922222222222,1.18487654321,6.));
#1962 = DIRECTION('',(0.,0.,1.));
#1963 = DIRECTION('',(-1.,1.224646799147E-16,0.));
#1964 = ADVANCED_FACE('',(#1965),#1983,.F.);
#1965 = FACE_BOUND('',#1966,.F.);
#1966 = EDGE_LOOP('',(#1967,#1975,#1976,#1977));
#1967 = ORIENTED_EDGE('',*,*,#1968,.T.);
#1968 = EDGE_CURVE('',#1969,#1923,#1971,.T.);
#1969 = VERTEX_POINT('',#1970);
#1970 = CARTESIAN_POINT('',(-0.95,1.75,4.2));
#1971 = LINE('',#1972,#1973);
#1972 = CARTESIAN_POINT('',(-0.95,1.75,4.2));
#1973 = VECTOR('',#1974,1.);
#1974 = DIRECTION('',(0.,0.,1.));
#1975 = ORIENTED_EDGE('',*,*,#1930,.T.);
#1976 = ORIENTED_EDGE('',*,*,#552,.F.);
#1977 = ORIENTED_EDGE('',*,*,#1978,.F.);
#1978 = EDGE_CURVE('',#1969,#545,#1979,.T.);
#1979 = LINE('',#1980,#1981);
#1980 = CARTESIAN_POINT('',(-0.95,1.75,4.2));
#1981 = VECTOR('',#1982,1.);
#1982 = DIRECTION('',(-1.224646799147E-16,-1.,0.));
#1983 = PLANE('',#1984);
#1984 = AXIS2_PLACEMENT_3D('',#1985,#1986,#1987);
#1985 = CARTESIAN_POINT('',(-0.95,1.75,4.2));
#1986 = DIRECTION('',(1.,-1.224646799147E-16,0.));
#1987 = DIRECTION('',(-1.224646799147E-16,-1.,0.));
#1988 = ADVANCED_FACE('',(#1989),#2030,.T.);
#1989 = FACE_BOUND('',#1990,.T.);
#1990 = EDGE_LOOP('',(#1991,#1992,#2000,#2008,#2014,#2015,#2016,#2024));
#1991 = ORIENTED_EDGE('',*,*,#512,.F.);
#1992 = ORIENTED_EDGE('',*,*,#1993,.T.);
#1993 = EDGE_CURVE('',#513,#1994,#1996,.T.);
#1994 = VERTEX_POINT('',#1995);
#1995 = CARTESIAN_POINT('',(-0.4,1.1,4.2));
#1996 = LINE('',#1997,#1998);
#1997 = CARTESIAN_POINT('',(-0.4,1.7,4.2));
#1998 = VECTOR('',#1999,1.);
#1999 = DIRECTION('',(-1.224646799147E-16,-1.,0.));
#2000 = ORIENTED_EDGE('',*,*,#2001,.T.);
#2001 = EDGE_CURVE('',#1994,#2002,#2004,.T.);
#2002 = VERTEX_POINT('',#2003);
#2003 = CARTESIAN_POINT('',(-1.4,1.1,4.2));
#2004 = LINE('',#2005,#2006);
#2005 = CARTESIAN_POINT('',(6.525,1.1,4.2));
#2006 = VECTOR('',#2007,1.);
#2007 = DIRECTION('',(-1.,1.224646799147E-16,0.));
#2008 = ORIENTED_EDGE('',*,*,#2009,.F.);
#2009 = EDGE_CURVE('',#537,#2002,#2010,.T.);
#2010 = LINE('',#2011,#2012);
#2011 = CARTESIAN_POINT('',(-1.4,1.7,4.2));
#2012 = VECTOR('',#2013,1.);
#2013 = DIRECTION('',(-1.224646799147E-16,-1.,0.));
#2014 = ORIENTED_EDGE('',*,*,#544,.F.);
#2015 = ORIENTED_EDGE('',*,*,#1978,.F.);
#2016 = ORIENTED_EDGE('',*,*,#2017,.F.);
#2017 = EDGE_CURVE('',#2018,#1969,#2020,.T.);
#2018 = VERTEX_POINT('',#2019);
#2019 = CARTESIAN_POINT('',(-0.45,1.75,4.2));
#2020 = LINE('',#2021,#2022);
#2021 = CARTESIAN_POINT('',(-0.45,1.75,4.2));
#2022 = VECTOR('',#2023,1.);
#2023 = DIRECTION('',(-1.,1.224646799147E-16,0.));
#2024 = ORIENTED_EDGE('',*,*,#2025,.F.);
#2025 = EDGE_CURVE('',#505,#2018,#2026,.T.);
#2026 = LINE('',#2027,#2028);
#2027 = CARTESIAN_POINT('',(-0.45,1.7,4.2));
#2028 = VECTOR('',#2029,1.);
#2029 = DIRECTION('',(1.224646799147E-16,1.,0.));
#2030 = PLANE('',#2031);
#2031 = AXIS2_PLACEMENT_3D('',#2032,#2033,#2034);
#2032 = CARTESIAN_POINT('',(-0.893939393939,1.417424242424,4.2));
#2033 = DIRECTION('',(1.46491379429E-29,-9.131703055575E-31,-1.));
#2034 = DIRECTION('',(1.,-1.224646799147E-16,1.46491379429E-29));
#2035 = ADVANCED_FACE('',(#2036),#2054,.T.);
#2036 = FACE_BOUND('',#2037,.T.);
#2037 = EDGE_LOOP('',(#2038,#2039,#2040,#2048));
#2038 = ORIENTED_EDGE('',*,*,#536,.F.);
#2039 = ORIENTED_EDGE('',*,*,#2009,.T.);
#2040 = ORIENTED_EDGE('',*,*,#2041,.T.);
#2041 = EDGE_CURVE('',#2002,#2042,#2044,.T.);
#2042 = VERTEX_POINT('',#2043);
#2043 = CARTESIAN_POINT('',(-1.4,1.1,2.4));
#2044 = LINE('',#2045,#2046);
#2045 = CARTESIAN_POINT('',(-1.4,1.1,5.1));
#2046 = VECTOR('',#2047,1.);
#2047 = DIRECTION('',(-0.,0.,-1.));
#2048 = ORIENTED_EDGE('',*,*,#2049,.F.);
#2049 = EDGE_CURVE('',#529,#2042,#2050,.T.);
#2050 = LINE('',#2051,#2052);
#2051 = CARTESIAN_POINT('',(-1.4,1.7,2.4));
#2052 = VECTOR('',#2053,1.);
#2053 = DIRECTION('',(-1.224646799147E-16,-1.,0.));
#2054 = PLANE('',#2055);
#2055 = AXIS2_PLACEMENT_3D('',#2056,#2057,#2058);
#2056 = CARTESIAN_POINT('',(-1.4,1.7,4.2));
#2057 = DIRECTION('',(1.,-1.224646799147E-16,-0.));
#2058 = DIRECTION('',(-0.,0.,-1.));
#2059 = ADVANCED_FACE('',(#2060),#2078,.T.);
#2060 = FACE_BOUND('',#2061,.T.);
#2061 = EDGE_LOOP('',(#2062,#2063,#2064,#2072));
#2062 = ORIENTED_EDGE('',*,*,#528,.F.);
#2063 = ORIENTED_EDGE('',*,*,#2049,.T.);
#2064 = ORIENTED_EDGE('',*,*,#2065,.T.);
#2065 = EDGE_CURVE('',#2042,#2066,#2068,.T.);
#2066 = VERTEX_POINT('',#2067);
#2067 = CARTESIAN_POINT('',(-0.4,1.1,2.4));
#2068 = LINE('',#2069,#2070);
#2069 = CARTESIAN_POINT('',(6.025,1.1,2.4));
#2070 = VECTOR('',#2071,1.);
#2071 = DIRECTION('',(1.,-1.224646799147E-16,0.));
#2072 = ORIENTED_EDGE('',*,*,#2073,.F.);
#2073 = EDGE_CURVE('',#521,#2066,#2074,.T.);
#2074 = LINE('',#2075,#2076);
#2075 = CARTESIAN_POINT('',(-0.4,1.7,2.4));
#2076 = VECTOR('',#2077,1.);
#2077 = DIRECTION('',(-1.224646799147E-16,-1.,0.));
#2078 = PLANE('',#2079);
#2079 = AXIS2_PLACEMENT_3D('',#2080,#2081,#2082);
#2080 = CARTESIAN_POINT('',(-1.4,1.7,2.4));
#2081 = DIRECTION('',(0.,0.,1.));
#2082 = DIRECTION('',(1.,-1.224646799147E-16,0.));
#2083 = ADVANCED_FACE('',(#2084),#2095,.T.);
#2084 = FACE_BOUND('',#2085,.T.);
#2085 = EDGE_LOOP('',(#2086,#2087,#2088,#2094));
#2086 = ORIENTED_EDGE('',*,*,#520,.F.);
#2087 = ORIENTED_EDGE('',*,*,#2073,.T.);
#2088 = ORIENTED_EDGE('',*,*,#2089,.T.);
#2089 = EDGE_CURVE('',#2066,#1994,#2090,.T.);
#2090 = LINE('',#2091,#2092);
#2091 = CARTESIAN_POINT('',(-0.4,1.1,4.2));
#2092 = VECTOR('',#2093,1.);
#2093 = DIRECTION('',(0.,0.,1.));
#2094 = ORIENTED_EDGE('',*,*,#1993,.F.);
#2095 = PLANE('',#2096);
#2096 = AXIS2_PLACEMENT_3D('',#2097,#2098,#2099);
#2097 = CARTESIAN_POINT('',(-0.4,1.7,2.4));
#2098 = DIRECTION('',(-1.,1.224646799147E-16,0.));
#2099 = DIRECTION('',(0.,0.,1.));
#2100 = ADVANCED_FACE('',(#2101),#2112,.F.);
#2101 = FACE_BOUND('',#2102,.F.);
#2102 = EDGE_LOOP('',(#2103,#2104,#2105,#2111));
#2103 = ORIENTED_EDGE('',*,*,#504,.T.);
#2104 = ORIENTED_EDGE('',*,*,#1914,.T.);
#2105 = ORIENTED_EDGE('',*,*,#2106,.F.);
#2106 = EDGE_CURVE('',#2018,#1915,#2107,.T.);
#2107 = LINE('',#2108,#2109);
#2108 = CARTESIAN_POINT('',(-0.45,1.75,4.2));
#2109 = VECTOR('',#2110,1.);
#2110 = DIRECTION('',(0.,0.,1.));
#2111 = ORIENTED_EDGE('',*,*,#2025,.F.);
#2112 = PLANE('',#2113);
#2113 = AXIS2_PLACEMENT_3D('',#2114,#2115,#2116);
#2114 = CARTESIAN_POINT('',(-0.45,1.7,4.2));
#2115 = DIRECTION('',(-1.,1.224646799147E-16,0.));
#2116 = DIRECTION('',(1.224646799147E-16,1.,0.));
#2117 = ADVANCED_FACE('',(#2118),#2136,.F.);
#2118 = FACE_BOUND('',#2119,.F.);
#2119 = EDGE_LOOP('',(#2120,#2121,#2129,#2135));
#2120 = ORIENTED_EDGE('',*,*,#488,.F.);
#2121 = ORIENTED_EDGE('',*,*,#2122,.T.);
#2122 = EDGE_CURVE('',#481,#2123,#2125,.T.);
#2123 = VERTEX_POINT('',#2124);
#2124 = CARTESIAN_POINT('',(0.55,1.1,2.1));
#2125 = LINE('',#2126,#2127);
#2126 = CARTESIAN_POINT('',(0.55,1.7,2.1));
#2127 = VECTOR('',#2128,1.);
#2128 = DIRECTION('',(-1.224646799147E-16,-1.,0.));
#2129 = ORIENTED_EDGE('',*,*,#2130,.T.);
#2130 = EDGE_CURVE('',#2123,#1906,#2131,.T.);
#2131 = LINE('',#2132,#2133);
#2132 = CARTESIAN_POINT('',(0.55,1.1,4.05));
#2133 = VECTOR('',#2134,1.);
#2134 = DIRECTION('',(0.,0.,1.));
#2135 = ORIENTED_EDGE('',*,*,#1905,.F.);
#2136 = PLANE('',#2137);
#2137 = AXIS2_PLACEMENT_3D('',#2138,#2139,#2140);
#2138 = CARTESIAN_POINT('',(0.55,1.7,2.1));
#2139 = DIRECTION('',(-1.,1.224646799147E-16,0.));
#2140 = DIRECTION('',(0.,0.,1.));
#2141 = ADVANCED_FACE('',(#2142),#2160,.F.);
#2142 = FACE_BOUND('',#2143,.F.);
#2143 = EDGE_LOOP('',(#2144,#2145,#2153,#2159));
#2144 = ORIENTED_EDGE('',*,*,#480,.F.);
#2145 = ORIENTED_EDGE('',*,*,#2146,.T.);
#2146 = EDGE_CURVE('',#473,#2147,#2149,.T.);
#2147 = VERTEX_POINT('',#2148);
#2148 = CARTESIAN_POINT('',(11.45,1.1,2.1));
#2149 = LINE('',#2150,#2151);
#2150 = CARTESIAN_POINT('',(11.45,1.7,2.1));
#2151 = VECTOR('',#2152,1.);
#2152 = DIRECTION('',(-1.224646799147E-16,-1.,0.));
#2153 = ORIENTED_EDGE('',*,*,#2154,.T.);
#2154 = EDGE_CURVE('',#2147,#2123,#2155,.T.);
#2155 = LINE('',#2156,#2157);
#2156 = CARTESIAN_POINT('',(12.45,1.1,2.1));
#2157 = VECTOR('',#2158,1.);
#2158 = DIRECTION('',(-1.,1.224646799147E-16,0.));
#2159 = ORIENTED_EDGE('',*,*,#2122,.F.);
#2160 = PLANE('',#2161);
#2161 = AXIS2_PLACEMENT_3D('',#2162,#2163,#2164);
#2162 = CARTESIAN_POINT('',(11.45,1.7,2.1));
#2163 = DIRECTION('',(-0.,0.,-1.));
#2164 = DIRECTION('',(-1.,1.224646799147E-16,0.));
#2165 = ADVANCED_FACE('',(#2166),#2177,.F.);
#2166 = FACE_BOUND('',#2167,.F.);
#2167 = EDGE_LOOP('',(#2168,#2169,#2170,#2176));
#2168 = ORIENTED_EDGE('',*,*,#472,.F.);
#2169 = ORIENTED_EDGE('',*,*,#843,.T.);
#2170 = ORIENTED_EDGE('',*,*,#2171,.T.);
#2171 = EDGE_CURVE('',#844,#2147,#2172,.T.);
#2172 = LINE('',#2173,#2174);
#2173 = CARTESIAN_POINT('',(11.45,1.1,6.));
#2174 = VECTOR('',#2175,1.);
#2175 = DIRECTION('',(-0.,0.,-1.));
#2176 = ORIENTED_EDGE('',*,*,#2146,.F.);
#2177 = PLANE('',#2178);
#2178 = AXIS2_PLACEMENT_3D('',#2179,#2180,#2181);
#2179 = CARTESIAN_POINT('',(11.45,1.7,6.));
#2180 = DIRECTION('',(1.,-1.224646799147E-16,0.));
#2181 = DIRECTION('',(0.,-0.,-1.));
#2182 = ADVANCED_FACE('',(#2183),#2208,.F.);
#2183 = FACE_BOUND('',#2184,.F.);
#2184 = EDGE_LOOP('',(#2185,#2186,#2194,#2202));
#2185 = ORIENTED_EDGE('',*,*,#793,.F.);
#2186 = ORIENTED_EDGE('',*,*,#2187,.T.);
#2187 = EDGE_CURVE('',#794,#2188,#2190,.T.);
#2188 = VERTEX_POINT('',#2189);
#2189 = CARTESIAN_POINT('',(12.4,1.1,4.2));
#2190 = LINE('',#2191,#2192);
#2191 = CARTESIAN_POINT('',(12.4,1.7,4.2));
#2192 = VECTOR('',#2193,1.);
#2193 = DIRECTION('',(-1.224646799147E-16,-1.,0.));
#2194 = ORIENTED_EDGE('',*,*,#2195,.T.);
#2195 = EDGE_CURVE('',#2188,#2196,#2198,.T.);
#2196 = VERTEX_POINT('',#2197);
#2197 = CARTESIAN_POINT('',(13.4,1.1,4.2));
#2198 = LINE('',#2199,#2200);
#2199 = CARTESIAN_POINT('',(12.925,1.1,4.2));
#2200 = VECTOR('',#2201,1.);
#2201 = DIRECTION('',(1.,-1.224646799147E-16,0.));
#2202 = ORIENTED_EDGE('',*,*,#2203,.F.);
#2203 = EDGE_CURVE('',#796,#2196,#2204,.T.);
#2204 = LINE('',#2205,#2206);
#2205 = CARTESIAN_POINT('',(13.4,1.7,4.2));
#2206 = VECTOR('',#2207,1.);
#2207 = DIRECTION('',(-1.224646799147E-16,-1.,0.));
#2208 = PLANE('',#2209);
#2209 = AXIS2_PLACEMENT_3D('',#2210,#2211,#2212);
#2210 = CARTESIAN_POINT('',(12.4,1.7,4.2));
#2211 = DIRECTION('',(0.,0.,1.));
#2212 = DIRECTION('',(1.,-1.224646799147E-16,0.));
#2213 = ADVANCED_FACE('',(#2214),#2232,.F.);
#2214 = FACE_BOUND('',#2215,.F.);
#2215 = EDGE_LOOP('',(#2216,#2217,#2225,#2231));
#2216 = ORIENTED_EDGE('',*,*,#819,.F.);
#2217 = ORIENTED_EDGE('',*,*,#2218,.T.);
#2218 = EDGE_CURVE('',#812,#2219,#2221,.T.);
#2219 = VERTEX_POINT('',#2220);
#2220 = CARTESIAN_POINT('',(12.4,1.1,2.4));
#2221 = LINE('',#2222,#2223);
#2222 = CARTESIAN_POINT('',(12.4,1.7,2.4));
#2223 = VECTOR('',#2224,1.);
#2224 = DIRECTION('',(-1.224646799147E-16,-1.,0.));
#2225 = ORIENTED_EDGE('',*,*,#2226,.T.);
#2226 = EDGE_CURVE('',#2219,#2188,#2227,.T.);
#2227 = LINE('',#2228,#2229);
#2228 = CARTESIAN_POINT('',(12.4,1.1,4.2));
#2229 = VECTOR('',#2230,1.);
#2230 = DIRECTION('',(0.,0.,1.));
#2231 = ORIENTED_EDGE('',*,*,#2187,.F.);
#2232 = PLANE('',#2233);
#2233 = AXIS2_PLACEMENT_3D('',#2234,#2235,#2236);
#2234 = CARTESIAN_POINT('',(12.4,1.7,2.4));
#2235 = DIRECTION('',(-1.,1.224646799147E-16,0.));
#2236 = DIRECTION('',(0.,0.,1.));
#2237 = ADVANCED_FACE('',(#2238),#2256,.F.);
#2238 = FACE_BOUND('',#2239,.F.);
#2239 = EDGE_LOOP('',(#2240,#2241,#2242,#2250));
#2240 = ORIENTED_EDGE('',*,*,#803,.F.);
#2241 = ORIENTED_EDGE('',*,*,#2203,.T.);
#2242 = ORIENTED_EDGE('',*,*,#2243,.T.);
#2243 = EDGE_CURVE('',#2196,#2244,#2246,.T.);
#2244 = VERTEX_POINT('',#2245);
#2245 = CARTESIAN_POINT('',(13.4,1.1,2.4));
#2246 = LINE('',#2247,#2248);
#2247 = CARTESIAN_POINT('',(13.4,1.1,5.1));
#2248 = VECTOR('',#2249,1.);
#2249 = DIRECTION('',(-0.,0.,-1.));
#2250 = ORIENTED_EDGE('',*,*,#2251,.F.);
#2251 = EDGE_CURVE('',#804,#2244,#2252,.T.);
#2252 = LINE('',#2253,#2254);
#2253 = CARTESIAN_POINT('',(13.4,1.7,2.4));
#2254 = VECTOR('',#2255,1.);
#2255 = DIRECTION('',(-1.224646799147E-16,-1.,0.));
#2256 = PLANE('',#2257);
#2257 = AXIS2_PLACEMENT_3D('',#2258,#2259,#2260);
#2258 = CARTESIAN_POINT('',(13.4,1.7,4.2));
#2259 = DIRECTION('',(1.,-1.224646799147E-16,-0.));
#2260 = DIRECTION('',(-0.,0.,-1.));
#2261 = ADVANCED_FACE('',(#2262),#2273,.F.);
#2262 = FACE_BOUND('',#2263,.F.);
#2263 = EDGE_LOOP('',(#2264,#2265,#2266,#2272));
#2264 = ORIENTED_EDGE('',*,*,#811,.F.);
#2265 = ORIENTED_EDGE('',*,*,#2251,.T.);
#2266 = ORIENTED_EDGE('',*,*,#2267,.T.);
#2267 = EDGE_CURVE('',#2244,#2219,#2268,.T.);
#2268 = LINE('',#2269,#2270);
#2269 = CARTESIAN_POINT('',(13.425,1.1,2.4));
#2270 = VECTOR('',#2271,1.);
#2271 = DIRECTION('',(-1.,1.224646799147E-16,0.));
#2272 = ORIENTED_EDGE('',*,*,#2218,.F.);
#2273 = PLANE('',#2274);
#2274 = AXIS2_PLACEMENT_3D('',#2275,#2276,#2277);
#2275 = CARTESIAN_POINT('',(13.4,1.7,2.4));
#2276 = DIRECTION('',(-0.,0.,-1.));
#2277 = DIRECTION('',(-1.,1.224646799147E-16,0.));
#2278 = ADVANCED_FACE('',(#2279),#2308,.F.);
#2279 = FACE_BOUND('',#2280,.F.);
#2280 = EDGE_LOOP('',(#2281,#2282,#2290,#2298,#2304,#2305,#2306,#2307));
#2281 = ORIENTED_EDGE('',*,*,#948,.F.);
#2282 = ORIENTED_EDGE('',*,*,#2283,.T.);
#2283 = EDGE_CURVE('',#949,#2284,#2286,.T.);
#2284 = VERTEX_POINT('',#2285);
#2285 = CARTESIAN_POINT('',(13.45,-2.3,1.8));
#2286 = LINE('',#2287,#2288);
#2287 = CARTESIAN_POINT('',(13.45,-2.3,6.));
#2288 = VECTOR('',#2289,1.);
#2289 = DIRECTION('',(0.,0.,-1.));
#2290 = ORIENTED_EDGE('',*,*,#2291,.T.);
#2291 = EDGE_CURVE('',#2284,#2292,#2294,.T.);
#2292 = VERTEX_POINT('',#2293);
#2293 = CARTESIAN_POINT('',(13.45,1.1,1.8));
#2294 = LINE('',#2295,#2296);
#2295 = CARTESIAN_POINT('',(13.45,-2.3,1.8));
#2296 = VECTOR('',#2297,1.);
#2297 = DIRECTION('',(1.224646799147E-16,1.,0.));
#2298 = ORIENTED_EDGE('',*,*,#2299,.F.);
#2299 = EDGE_CURVE('',#852,#2292,#2300,.T.);
#2300 = LINE('',#2301,#2302);
#2301 = CARTESIAN_POINT('',(13.45,1.1,6.));
#2302 = VECTOR('',#2303,1.);
#2303 = DIRECTION('',(0.,0.,-1.));
#2304 = ORIENTED_EDGE('',*,*,#859,.F.);
#2305 = ORIENTED_EDGE('',*,*,#875,.T.);
#2306 = ORIENTED_EDGE('',*,*,#905,.F.);
#2307 = ORIENTED_EDGE('',*,*,#924,.T.);
#2308 = PLANE('',#2309);
#2309 = AXIS2_PLACEMENT_3D('',#2310,#2311,#2312);
#2310 = CARTESIAN_POINT('',(13.45,-2.3,6.));
#2311 = DIRECTION('',(1.,-1.224646799147E-16,0.));
#2312 = DIRECTION('',(1.224646799147E-16,1.,0.));
#2313 = ADVANCED_FACE('',(#2314,#2336,#2342),#2348,.F.);
#2314 = FACE_BOUND('',#2315,.F.);
#2315 = EDGE_LOOP('',(#2316,#2317,#2318,#2326,#2332,#2333,#2334,#2335));
#2316 = ORIENTED_EDGE('',*,*,#851,.F.);
#2317 = ORIENTED_EDGE('',*,*,#2299,.T.);
#2318 = ORIENTED_EDGE('',*,*,#2319,.T.);
#2319 = EDGE_CURVE('',#2292,#2320,#2322,.T.);
#2320 = VERTEX_POINT('',#2321);
#2321 = CARTESIAN_POINT('',(-1.45,1.1,1.8));
#2322 = LINE('',#2323,#2324);
#2323 = CARTESIAN_POINT('',(13.45,1.1,1.8));
#2324 = VECTOR('',#2325,1.);
#2325 = DIRECTION('',(-1.,1.224646799147E-16,0.));
#2326 = ORIENTED_EDGE('',*,*,#2327,.F.);
#2327 = EDGE_CURVE('',#1947,#2320,#2328,.T.);
#2328 = LINE('',#2329,#2330);
#2329 = CARTESIAN_POINT('',(-1.45,1.1,6.));
#2330 = VECTOR('',#2331,1.);
#2331 = DIRECTION('',(0.,0.,-1.));
#2332 = ORIENTED_EDGE('',*,*,#1954,.F.);
#2333 = ORIENTED_EDGE('',*,*,#2130,.F.);
#2334 = ORIENTED_EDGE('',*,*,#2154,.F.);
#2335 = ORIENTED_EDGE('',*,*,#2171,.F.);
#2336 = FACE_BOUND('',#2337,.F.);
#2337 = EDGE_LOOP('',(#2338,#2339,#2340,#2341));
#2338 = ORIENTED_EDGE('',*,*,#2041,.T.);
#2339 = ORIENTED_EDGE('',*,*,#2065,.T.);
#2340 = ORIENTED_EDGE('',*,*,#2089,.T.);
#2341 = ORIENTED_EDGE('',*,*,#2001,.T.);
#2342 = FACE_BOUND('',#2343,.F.);
#2343 = EDGE_LOOP('',(#2344,#2345,#2346,#2347));
#2344 = ORIENTED_EDGE('',*,*,#2267,.F.);
#2345 = ORIENTED_EDGE('',*,*,#2243,.F.);
#2346 = ORIENTED_EDGE('',*,*,#2195,.F.);
#2347 = ORIENTED_EDGE('',*,*,#2226,.F.);
#2348 = PLANE('',#2349);
#2349 = AXIS2_PLACEMENT_3D('',#2350,#2351,#2352);
#2350 = CARTESIAN_POINT('',(13.45,1.1,6.));
#2351 = DIRECTION('',(1.224646799147E-16,1.,0.));
#2352 = DIRECTION('',(-1.,1.224646799147E-16,0.));
#2353 = ADVANCED_FACE('',(#2354),#2372,.T.);
#2354 = FACE_BOUND('',#2355,.T.);
#2355 = EDGE_LOOP('',(#2356,#2364,#2370,#2371));
#2356 = ORIENTED_EDGE('',*,*,#2357,.T.);
#2357 = EDGE_CURVE('',#965,#2358,#2360,.T.);
#2358 = VERTEX_POINT('',#2359);
#2359 = CARTESIAN_POINT('',(-1.45,-0.6,4.4));
#2360 = LINE('',#2361,#2362);
#2361 = CARTESIAN_POINT('',(-1.45,-0.6,5.2));
#2362 = VECTOR('',#2363,1.);
#2363 = DIRECTION('',(-0.,0.,-1.));
#2364 = ORIENTED_EDGE('',*,*,#2365,.T.);
#2365 = EDGE_CURVE('',#2358,#1716,#2366,.T.);
#2366 = LINE('',#2367,#2368);
#2367 = CARTESIAN_POINT('',(13.95,-0.6,4.4));
#2368 = VECTOR('',#2369,1.);
#2369 = DIRECTION('',(-1.,1.224646799147E-16,0.));
#2370 = ORIENTED_EDGE('',*,*,#1724,.T.);
#2371 = ORIENTED_EDGE('',*,*,#972,.F.);
#2372 = PLANE('',#2373);
#2373 = AXIS2_PLACEMENT_3D('',#2374,#2375,#2376);
#2374 = CARTESIAN_POINT('',(13.95,-0.6,4.4));
#2375 = DIRECTION('',(1.224646799147E-16,1.,0.));
#2376 = DIRECTION('',(0.,-0.,1.));
#2377 = ADVANCED_FACE('',(#2378),#2413,.F.);
#2378 = FACE_BOUND('',#2379,.F.);
#2379 = EDGE_LOOP('',(#2380,#2381,#2382,#2390,#2396,#2397,#2398,#2407));
#2380 = ORIENTED_EDGE('',*,*,#1946,.F.);
#2381 = ORIENTED_EDGE('',*,*,#2327,.T.);
#2382 = ORIENTED_EDGE('',*,*,#2383,.T.);
#2383 = EDGE_CURVE('',#2320,#2384,#2386,.T.);
#2384 = VERTEX_POINT('',#2385);
#2385 = CARTESIAN_POINT('',(-1.45,-2.3,1.8));
#2386 = LINE('',#2387,#2388);
#2387 = CARTESIAN_POINT('',(-1.45,1.1,1.8));
#2388 = VECTOR('',#2389,1.);
#2389 = DIRECTION('',(-1.224646799147E-16,-1.,0.));
#2390 = ORIENTED_EDGE('',*,*,#2391,.F.);
#2391 = EDGE_CURVE('',#957,#2384,#2392,.T.);
#2392 = LINE('',#2393,#2394);
#2393 = CARTESIAN_POINT('',(-1.45,-2.3,6.));
#2394 = VECTOR('',#2395,1.);
#2395 = DIRECTION('',(0.,0.,-1.));
#2396 = ORIENTED_EDGE('',*,*,#964,.F.);
#2397 = ORIENTED_EDGE('',*,*,#2357,.T.);
#2398 = ORIENTED_EDGE('',*,*,#2399,.T.);
#2399 = EDGE_CURVE('',#2358,#2400,#2402,.T.);
#2400 = VERTEX_POINT('',#2401);
#2401 = CARTESIAN_POINT('',(-1.45,0.2,4.4));
#2402 = CIRCLE('',#2403,0.4);
#2403 = AXIS2_PLACEMENT_3D('',#2404,#2405,#2406);
#2404 = CARTESIAN_POINT('',(-1.45,-0.2,4.4));
#2405 = DIRECTION('',(1.,-1.224646799147E-16,0.));
#2406 = DIRECTION('',(1.224646799147E-16,1.,0.));
#2407 = ORIENTED_EDGE('',*,*,#2408,.T.);
#2408 = EDGE_CURVE('',#2400,#1939,#2409,.T.);
#2409 = LINE('',#2410,#2411);
#2410 = CARTESIAN_POINT('',(-1.45,0.2,6.));
#2411 = VECTOR('',#2412,1.);
#2412 = DIRECTION('',(0.,0.,1.));
#2413 = PLANE('',#2414);
#2414 = AXIS2_PLACEMENT_3D('',#2415,#2416,#2417);
#2415 = CARTESIAN_POINT('',(-1.45,1.1,6.));
#2416 = DIRECTION('',(-1.,1.224646799147E-16,0.));
#2417 = DIRECTION('',(-1.224646799147E-16,-1.,0.));
#2418 = ADVANCED_FACE('',(#2419),#2622,.F.);
#2419 = FACE_BOUND('',#2420,.F.);
#2420 = EDGE_LOOP('',(#2421,#2422,#2423,#2431,#2439,#2447,#2455,#2463,
    #2471,#2479,#2487,#2495,#2503,#2511,#2519,#2527,#2535,#2543,#2551,
    #2559,#2567,#2575,#2583,#2591,#2599,#2607,#2615,#2621));
#2421 = ORIENTED_EDGE('',*,*,#956,.F.);
#2422 = ORIENTED_EDGE('',*,*,#2391,.T.);
#2423 = ORIENTED_EDGE('',*,*,#2424,.T.);
#2424 = EDGE_CURVE('',#2384,#2425,#2427,.T.);
#2425 = VERTEX_POINT('',#2426);
#2426 = CARTESIAN_POINT('',(0.8,-2.3,1.8));
#2427 = LINE('',#2428,#2429);
#2428 = CARTESIAN_POINT('',(-1.45,-2.3,1.8));
#2429 = VECTOR('',#2430,1.);
#2430 = DIRECTION('',(1.,-1.224646799147E-16,0.));
#2431 = ORIENTED_EDGE('',*,*,#2432,.T.);
#2432 = EDGE_CURVE('',#2425,#2433,#2435,.T.);
#2433 = VERTEX_POINT('',#2434);
#2434 = CARTESIAN_POINT('',(0.8,-2.3,3.7));
#2435 = LINE('',#2436,#2437);
#2436 = CARTESIAN_POINT('',(0.8,-2.3,1.8));
#2437 = VECTOR('',#2438,1.);
#2438 = DIRECTION('',(0.,0.,1.));
#2439 = ORIENTED_EDGE('',*,*,#2440,.T.);
#2440 = EDGE_CURVE('',#2433,#2441,#2443,.T.);
#2441 = VERTEX_POINT('',#2442);
#2442 = CARTESIAN_POINT('',(1.2,-2.3,3.7));
#2443 = LINE('',#2444,#2445);
#2444 = CARTESIAN_POINT('',(0.8,-2.3,3.7));
#2445 = VECTOR('',#2446,1.);
#2446 = DIRECTION('',(1.,-1.224646799147E-16,0.));
#2447 = ORIENTED_EDGE('',*,*,#2448,.F.);
#2448 = EDGE_CURVE('',#2449,#2441,#2451,.T.);
#2449 = VERTEX_POINT('',#2450);
#2450 = CARTESIAN_POINT('',(1.2,-2.3,1.8));
#2451 = LINE('',#2452,#2453);
#2452 = CARTESIAN_POINT('',(1.2,-2.3,1.8));
#2453 = VECTOR('',#2454,1.);
#2454 = DIRECTION('',(0.,0.,1.));
#2455 = ORIENTED_EDGE('',*,*,#2456,.T.);
#2456 = EDGE_CURVE('',#2449,#2457,#2459,.T.);
#2457 = VERTEX_POINT('',#2458);
#2458 = CARTESIAN_POINT('',(2.8,-2.3,1.8));
#2459 = LINE('',#2460,#2461);
#2460 = CARTESIAN_POINT('',(-1.45,-2.3,1.8));
#2461 = VECTOR('',#2462,1.);
#2462 = DIRECTION('',(1.,-1.224646799147E-16,0.));
#2463 = ORIENTED_EDGE('',*,*,#2464,.T.);
#2464 = EDGE_CURVE('',#2457,#2465,#2467,.T.);
#2465 = VERTEX_POINT('',#2466);
#2466 = CARTESIAN_POINT('',(2.8,-2.3,3.7));
#2467 = LINE('',#2468,#2469);
#2468 = CARTESIAN_POINT('',(2.8,-2.3,1.8));
#2469 = VECTOR('',#2470,1.);
#2470 = DIRECTION('',(0.,0.,1.));
#2471 = ORIENTED_EDGE('',*,*,#2472,.T.);
#2472 = EDGE_CURVE('',#2465,#2473,#2475,.T.);
#2473 = VERTEX_POINT('',#2474);
#2474 = CARTESIAN_POINT('',(3.2,-2.3,3.7));
#2475 = LINE('',#2476,#2477);
#2476 = CARTESIAN_POINT('',(2.8,-2.3,3.7));
#2477 = VECTOR('',#2478,1.);
#2478 = DIRECTION('',(1.,-1.224646799147E-16,0.));
#2479 = ORIENTED_EDGE('',*,*,#2480,.F.);
#2480 = EDGE_CURVE('',#2481,#2473,#2483,.T.);
#2481 = VERTEX_POINT('',#2482);
#2482 = CARTESIAN_POINT('',(3.2,-2.3,1.8));
#2483 = LINE('',#2484,#2485);
#2484 = CARTESIAN_POINT('',(3.2,-2.3,1.8));
#2485 = VECTOR('',#2486,1.);
#2486 = DIRECTION('',(0.,0.,1.));
#2487 = ORIENTED_EDGE('',*,*,#2488,.T.);
#2488 = EDGE_CURVE('',#2481,#2489,#2491,.T.);
#2489 = VERTEX_POINT('',#2490);
#2490 = CARTESIAN_POINT('',(4.8,-2.3,1.8));
#2491 = LINE('',#2492,#2493);
#2492 = CARTESIAN_POINT('',(-1.45,-2.3,1.8));
#2493 = VECTOR('',#2494,1.);
#2494 = DIRECTION('',(1.,-1.224646799147E-16,0.));
#2495 = ORIENTED_EDGE('',*,*,#2496,.T.);
#2496 = EDGE_CURVE('',#2489,#2497,#2499,.T.);
#2497 = VERTEX_POINT('',#2498);
#2498 = CARTESIAN_POINT('',(4.8,-2.3,3.7));
#2499 = LINE('',#2500,#2501);
#2500 = CARTESIAN_POINT('',(4.8,-2.3,1.8));
#2501 = VECTOR('',#2502,1.);
#2502 = DIRECTION('',(0.,0.,1.));
#2503 = ORIENTED_EDGE('',*,*,#2504,.T.);
#2504 = EDGE_CURVE('',#2497,#2505,#2507,.T.);
#2505 = VERTEX_POINT('',#2506);
#2506 = CARTESIAN_POINT('',(5.2,-2.3,3.7));
#2507 = LINE('',#2508,#2509);
#2508 = CARTESIAN_POINT('',(4.8,-2.3,3.7));
#2509 = VECTOR('',#2510,1.);
#2510 = DIRECTION('',(1.,-1.224646799147E-16,0.));
#2511 = ORIENTED_EDGE('',*,*,#2512,.F.);
#2512 = EDGE_CURVE('',#2513,#2505,#2515,.T.);
#2513 = VERTEX_POINT('',#2514);
#2514 = CARTESIAN_POINT('',(5.2,-2.3,1.8));
#2515 = LINE('',#2516,#2517);
#2516 = CARTESIAN_POINT('',(5.2,-2.3,1.8));
#2517 = VECTOR('',#2518,1.);
#2518 = DIRECTION('',(0.,0.,1.));
#2519 = ORIENTED_EDGE('',*,*,#2520,.T.);
#2520 = EDGE_CURVE('',#2513,#2521,#2523,.T.);
#2521 = VERTEX_POINT('',#2522);
#2522 = CARTESIAN_POINT('',(6.8,-2.3,1.8));
#2523 = LINE('',#2524,#2525);
#2524 = CARTESIAN_POINT('',(-1.45,-2.3,1.8));
#2525 = VECTOR('',#2526,1.);
#2526 = DIRECTION('',(1.,-1.224646799147E-16,0.));
#2527 = ORIENTED_EDGE('',*,*,#2528,.T.);
#2528 = EDGE_CURVE('',#2521,#2529,#2531,.T.);
#2529 = VERTEX_POINT('',#2530);
#2530 = CARTESIAN_POINT('',(6.8,-2.3,3.7));
#2531 = LINE('',#2532,#2533);
#2532 = CARTESIAN_POINT('',(6.8,-2.3,1.8));
#2533 = VECTOR('',#2534,1.);
#2534 = DIRECTION('',(0.,0.,1.));
#2535 = ORIENTED_EDGE('',*,*,#2536,.T.);
#2536 = EDGE_CURVE('',#2529,#2537,#2539,.T.);
#2537 = VERTEX_POINT('',#2538);
#2538 = CARTESIAN_POINT('',(7.2,-2.3,3.7));
#2539 = LINE('',#2540,#2541);
#2540 = CARTESIAN_POINT('',(6.8,-2.3,3.7));
#2541 = VECTOR('',#2542,1.);
#2542 = DIRECTION('',(1.,-1.224646799147E-16,0.));
#2543 = ORIENTED_EDGE('',*,*,#2544,.F.);
#2544 = EDGE_CURVE('',#2545,#2537,#2547,.T.);
#2545 = VERTEX_POINT('',#2546);
#2546 = CARTESIAN_POINT('',(7.2,-2.3,1.8));
#2547 = LINE('',#2548,#2549);
#2548 = CARTESIAN_POINT('',(7.2,-2.3,1.8));
#2549 = VECTOR('',#2550,1.);
#2550 = DIRECTION('',(0.,0.,1.));
#2551 = ORIENTED_EDGE('',*,*,#2552,.T.);
#2552 = EDGE_CURVE('',#2545,#2553,#2555,.T.);
#2553 = VERTEX_POINT('',#2554);
#2554 = CARTESIAN_POINT('',(8.8,-2.3,1.8));
#2555 = LINE('',#2556,#2557);
#2556 = CARTESIAN_POINT('',(-1.45,-2.3,1.8));
#2557 = VECTOR('',#2558,1.);
#2558 = DIRECTION('',(1.,-1.224646799147E-16,0.));
#2559 = ORIENTED_EDGE('',*,*,#2560,.T.);
#2560 = EDGE_CURVE('',#2553,#2561,#2563,.T.);
#2561 = VERTEX_POINT('',#2562);
#2562 = CARTESIAN_POINT('',(8.8,-2.3,3.7));
#2563 = LINE('',#2564,#2565);
#2564 = CARTESIAN_POINT('',(8.8,-2.3,1.8));
#2565 = VECTOR('',#2566,1.);
#2566 = DIRECTION('',(0.,0.,1.));
#2567 = ORIENTED_EDGE('',*,*,#2568,.T.);
#2568 = EDGE_CURVE('',#2561,#2569,#2571,.T.);
#2569 = VERTEX_POINT('',#2570);
#2570 = CARTESIAN_POINT('',(9.2,-2.3,3.7));
#2571 = LINE('',#2572,#2573);
#2572 = CARTESIAN_POINT('',(8.8,-2.3,3.7));
#2573 = VECTOR('',#2574,1.);
#2574 = DIRECTION('',(1.,-1.224646799147E-16,0.));
#2575 = ORIENTED_EDGE('',*,*,#2576,.F.);
#2576 = EDGE_CURVE('',#2577,#2569,#2579,.T.);
#2577 = VERTEX_POINT('',#2578);
#2578 = CARTESIAN_POINT('',(9.2,-2.3,1.8));
#2579 = LINE('',#2580,#2581);
#2580 = CARTESIAN_POINT('',(9.2,-2.3,1.8));
#2581 = VECTOR('',#2582,1.);
#2582 = DIRECTION('',(0.,0.,1.));
#2583 = ORIENTED_EDGE('',*,*,#2584,.T.);
#2584 = EDGE_CURVE('',#2577,#2585,#2587,.T.);
#2585 = VERTEX_POINT('',#2586);
#2586 = CARTESIAN_POINT('',(10.8,-2.3,1.8));
#2587 = LINE('',#2588,#2589);
#2588 = CARTESIAN_POINT('',(-1.45,-2.3,1.8));
#2589 = VECTOR('',#2590,1.);
#2590 = DIRECTION('',(1.,-1.224646799147E-16,0.));
#2591 = ORIENTED_EDGE('',*,*,#2592,.T.);
#2592 = EDGE_CURVE('',#2585,#2593,#2595,.T.);
#2593 = VERTEX_POINT('',#2594);
#2594 = CARTESIAN_POINT('',(10.8,-2.3,3.7));
#2595 = LINE('',#2596,#2597);
#2596 = CARTESIAN_POINT('',(10.8,-2.3,1.8));
#2597 = VECTOR('',#2598,1.);
#2598 = DIRECTION('',(0.,0.,1.));
#2599 = ORIENTED_EDGE('',*,*,#2600,.T.);
#2600 = EDGE_CURVE('',#2593,#2601,#2603,.T.);
#2601 = VERTEX_POINT('',#2602);
#2602 = CARTESIAN_POINT('',(11.2,-2.3,3.7));
#2603 = LINE('',#2604,#2605);
#2604 = CARTESIAN_POINT('',(10.8,-2.3,3.7));
#2605 = VECTOR('',#2606,1.);
#2606 = DIRECTION('',(1.,-1.224646799147E-16,0.));
#2607 = ORIENTED_EDGE('',*,*,#2608,.F.);
#2608 = EDGE_CURVE('',#2609,#2601,#2611,.T.);
#2609 = VERTEX_POINT('',#2610);
#2610 = CARTESIAN_POINT('',(11.2,-2.3,1.8));
#2611 = LINE('',#2612,#2613);
#2612 = CARTESIAN_POINT('',(11.2,-2.3,1.8));
#2613 = VECTOR('',#2614,1.);
#2614 = DIRECTION('',(0.,0.,1.));
#2615 = ORIENTED_EDGE('',*,*,#2616,.T.);
#2616 = EDGE_CURVE('',#2609,#2284,#2617,.T.);
#2617 = LINE('',#2618,#2619);
#2618 = CARTESIAN_POINT('',(-1.45,-2.3,1.8));
#2619 = VECTOR('',#2620,1.);
#2620 = DIRECTION('',(1.,-1.224646799147E-16,0.));
#2621 = ORIENTED_EDGE('',*,*,#2283,.F.);
#2622 = PLANE('',#2623);
#2623 = AXIS2_PLACEMENT_3D('',#2624,#2625,#2626);
#2624 = CARTESIAN_POINT('',(-1.45,-2.3,6.));
#2625 = DIRECTION('',(-1.224646799147E-16,-1.,0.));
#2626 = DIRECTION('',(1.,-1.224646799147E-16,0.));
#2627 = ADVANCED_FACE('',(#2628,#2634),#2668,.F.);
#2628 = FACE_BOUND('',#2629,.F.);
#2629 = EDGE_LOOP('',(#2630,#2631,#2632,#2633));
#2630 = ORIENTED_EDGE('',*,*,#1890,.T.);
#2631 = ORIENTED_EDGE('',*,*,#1026,.T.);
#2632 = ORIENTED_EDGE('',*,*,#1050,.F.);
#2633 = ORIENTED_EDGE('',*,*,#1083,.F.);
#2634 = FACE_BOUND('',#2635,.F.);
#2635 = EDGE_LOOP('',(#2636,#2646,#2654,#2662));
#2636 = ORIENTED_EDGE('',*,*,#2637,.T.);
#2637 = EDGE_CURVE('',#2638,#2640,#2642,.T.);
#2638 = VERTEX_POINT('',#2639);
#2639 = CARTESIAN_POINT('',(0.25,0.25,0.1));
#2640 = VERTEX_POINT('',#2641);
#2641 = CARTESIAN_POINT('',(0.25,-0.25,0.1));
#2642 = LINE('',#2643,#2644);
#2643 = CARTESIAN_POINT('',(0.25,0.271633216363,0.1));
#2644 = VECTOR('',#2645,1.);
#2645 = DIRECTION('',(-1.224646799147E-16,-1.,0.));
#2646 = ORIENTED_EDGE('',*,*,#2647,.T.);
#2647 = EDGE_CURVE('',#2640,#2648,#2650,.T.);
#2648 = VERTEX_POINT('',#2649);
#2649 = CARTESIAN_POINT('',(-0.25,-0.25,0.1));
#2650 = LINE('',#2651,#2652);
#2651 = CARTESIAN_POINT('',(0.5,-0.25,0.1));
#2652 = VECTOR('',#2653,1.);
#2653 = DIRECTION('',(-1.,1.224646799147E-16,0.));
#2654 = ORIENTED_EDGE('',*,*,#2655,.F.);
#2655 = EDGE_CURVE('',#2656,#2648,#2658,.T.);
#2656 = VERTEX_POINT('',#2657);
#2657 = CARTESIAN_POINT('',(-0.25,0.25,0.1));
#2658 = LINE('',#2659,#2660);
#2659 = CARTESIAN_POINT('',(-0.25,0.271633216363,0.1));
#2660 = VECTOR('',#2661,1.);
#2661 = DIRECTION('',(-1.224646799147E-16,-1.,0.));
#2662 = ORIENTED_EDGE('',*,*,#2663,.T.);
#2663 = EDGE_CURVE('',#2656,#2638,#2664,.T.);
#2664 = LINE('',#2665,#2666);
#2665 = CARTESIAN_POINT('',(0.5,0.25,0.1));
#2666 = VECTOR('',#2667,1.);
#2667 = DIRECTION('',(1.,-1.224646799147E-16,0.));
#2668 = PLANE('',#2669);
#2669 = AXIS2_PLACEMENT_3D('',#2670,#2671,#2672);
#2670 = CARTESIAN_POINT('',(0.75,0.5,0.1));
#2671 = DIRECTION('',(0.,0.,1.));
#2672 = DIRECTION('',(-1.224646799147E-16,-1.,0.));
#2673 = ADVANCED_FACE('',(#2674,#2680),#2714,.F.);
#2674 = FACE_BOUND('',#2675,.F.);
#2675 = EDGE_LOOP('',(#2676,#2677,#2678,#2679));
#2676 = ORIENTED_EDGE('',*,*,#1873,.T.);
#2677 = ORIENTED_EDGE('',*,*,#1131,.T.);
#2678 = ORIENTED_EDGE('',*,*,#1155,.F.);
#2679 = ORIENTED_EDGE('',*,*,#1188,.F.);
#2680 = FACE_BOUND('',#2681,.F.);
#2681 = EDGE_LOOP('',(#2682,#2692,#2700,#2708));
#2682 = ORIENTED_EDGE('',*,*,#2683,.T.);
#2683 = EDGE_CURVE('',#2684,#2686,#2688,.T.);
#2684 = VERTEX_POINT('',#2685);
#2685 = CARTESIAN_POINT('',(2.25,0.25,0.1));
#2686 = VERTEX_POINT('',#2687);
#2687 = CARTESIAN_POINT('',(2.25,-0.25,0.1));
#2688 = LINE('',#2689,#2690);
#2689 = CARTESIAN_POINT('',(2.25,0.25,0.1));
#2690 = VECTOR('',#2691,1.);
#2691 = DIRECTION('',(-1.224646799147E-16,-1.,0.));
#2692 = ORIENTED_EDGE('',*,*,#2693,.T.);
#2693 = EDGE_CURVE('',#2686,#2694,#2696,.T.);
#2694 = VERTEX_POINT('',#2695);
#2695 = CARTESIAN_POINT('',(1.75,-0.25,0.1));
#2696 = LINE('',#2697,#2698);
#2697 = CARTESIAN_POINT('',(2.5,-0.25,0.1));
#2698 = VECTOR('',#2699,1.);
#2699 = DIRECTION('',(-1.,1.224646799147E-16,0.));
#2700 = ORIENTED_EDGE('',*,*,#2701,.F.);
#2701 = EDGE_CURVE('',#2702,#2694,#2704,.T.);
#2702 = VERTEX_POINT('',#2703);
#2703 = CARTESIAN_POINT('',(1.75,0.25,0.1));
#2704 = LINE('',#2705,#2706);
#2705 = CARTESIAN_POINT('',(1.75,0.25,0.1));
#2706 = VECTOR('',#2707,1.);
#2707 = DIRECTION('',(-1.224646799147E-16,-1.,0.));
#2708 = ORIENTED_EDGE('',*,*,#2709,.T.);
#2709 = EDGE_CURVE('',#2702,#2684,#2710,.T.);
#2710 = LINE('',#2711,#2712);
#2711 = CARTESIAN_POINT('',(2.5,0.25,0.1));
#2712 = VECTOR('',#2713,1.);
#2713 = DIRECTION('',(1.,-1.224646799147E-16,0.));
#2714 = PLANE('',#2715);
#2715 = AXIS2_PLACEMENT_3D('',#2716,#2717,#2718);
#2716 = CARTESIAN_POINT('',(2.75,0.5,0.1));
#2717 = DIRECTION('',(0.,0.,1.));
#2718 = DIRECTION('',(-1.224646799147E-16,-1.,0.));
#2719 = ADVANCED_FACE('',(#2720,#2726),#2760,.F.);
#2720 = FACE_BOUND('',#2721,.F.);
#2721 = EDGE_LOOP('',(#2722,#2723,#2724,#2725));
#2722 = ORIENTED_EDGE('',*,*,#1856,.T.);
#2723 = ORIENTED_EDGE('',*,*,#1236,.T.);
#2724 = ORIENTED_EDGE('',*,*,#1260,.F.);
#2725 = ORIENTED_EDGE('',*,*,#1293,.F.);
#2726 = FACE_BOUND('',#2727,.F.);
#2727 = EDGE_LOOP('',(#2728,#2738,#2746,#2754));
#2728 = ORIENTED_EDGE('',*,*,#2729,.F.);
#2729 = EDGE_CURVE('',#2730,#2732,#2734,.T.);
#2730 = VERTEX_POINT('',#2731);
#2731 = CARTESIAN_POINT('',(3.75,0.25,0.1));
#2732 = VERTEX_POINT('',#2733);
#2733 = CARTESIAN_POINT('',(3.75,-0.25,0.1));
#2734 = LINE('',#2735,#2736);
#2735 = CARTESIAN_POINT('',(3.75,0.25,0.1));
#2736 = VECTOR('',#2737,1.);
#2737 = DIRECTION('',(-1.224646799147E-16,-1.,0.));
#2738 = ORIENTED_EDGE('',*,*,#2739,.T.);
#2739 = EDGE_CURVE('',#2730,#2740,#2742,.T.);
#2740 = VERTEX_POINT('',#2741);
#2741 = CARTESIAN_POINT('',(4.25,0.25,0.1));
#2742 = LINE('',#2743,#2744);
#2743 = CARTESIAN_POINT('',(4.5,0.25,0.1));
#2744 = VECTOR('',#2745,1.);
#2745 = DIRECTION('',(1.,-1.224646799147E-16,0.));
#2746 = ORIENTED_EDGE('',*,*,#2747,.T.);
#2747 = EDGE_CURVE('',#2740,#2748,#2750,.T.);
#2748 = VERTEX_POINT('',#2749);
#2749 = CARTESIAN_POINT('',(4.25,-0.25,0.1));
#2750 = LINE('',#2751,#2752);
#2751 = CARTESIAN_POINT('',(4.25,0.25,0.1));
#2752 = VECTOR('',#2753,1.);
#2753 = DIRECTION('',(-1.224646799147E-16,-1.,0.));
#2754 = ORIENTED_EDGE('',*,*,#2755,.T.);
#2755 = EDGE_CURVE('',#2748,#2732,#2756,.T.);
#2756 = LINE('',#2757,#2758);
#2757 = CARTESIAN_POINT('',(4.5,-0.25,0.1));
#2758 = VECTOR('',#2759,1.);
#2759 = DIRECTION('',(-1.,1.224646799147E-16,0.));
#2760 = PLANE('',#2761);
#2761 = AXIS2_PLACEMENT_3D('',#2762,#2763,#2764);
#2762 = CARTESIAN_POINT('',(4.75,0.5,0.1));
#2763 = DIRECTION('',(0.,0.,1.));
#2764 = DIRECTION('',(-1.224646799147E-16,-1.,0.));
#2765 = ADVANCED_FACE('',(#2766,#2772),#2806,.F.);
#2766 = FACE_BOUND('',#2767,.F.);
#2767 = EDGE_LOOP('',(#2768,#2769,#2770,#2771));
#2768 = ORIENTED_EDGE('',*,*,#1839,.T.);
#2769 = ORIENTED_EDGE('',*,*,#1341,.T.);
#2770 = ORIENTED_EDGE('',*,*,#1365,.F.);
#2771 = ORIENTED_EDGE('',*,*,#1398,.F.);
#2772 = FACE_BOUND('',#2773,.F.);
#2773 = EDGE_LOOP('',(#2774,#2784,#2792,#2800));
#2774 = ORIENTED_EDGE('',*,*,#2775,.F.);
#2775 = EDGE_CURVE('',#2776,#2778,#2780,.T.);
#2776 = VERTEX_POINT('',#2777);
#2777 = CARTESIAN_POINT('',(5.75,0.25,0.1));
#2778 = VERTEX_POINT('',#2779);
#2779 = CARTESIAN_POINT('',(5.75,-0.25,0.1));
#2780 = LINE('',#2781,#2782);
#2781 = CARTESIAN_POINT('',(5.75,0.25,0.1));
#2782 = VECTOR('',#2783,1.);
#2783 = DIRECTION('',(-1.224646799147E-16,-1.,0.));
#2784 = ORIENTED_EDGE('',*,*,#2785,.T.);
#2785 = EDGE_CURVE('',#2776,#2786,#2788,.T.);
#2786 = VERTEX_POINT('',#2787);
#2787 = CARTESIAN_POINT('',(6.25,0.25,0.1));
#2788 = LINE('',#2789,#2790);
#2789 = CARTESIAN_POINT('',(6.5,0.25,0.1));
#2790 = VECTOR('',#2791,1.);
#2791 = DIRECTION('',(1.,-1.224646799147E-16,0.));
#2792 = ORIENTED_EDGE('',*,*,#2793,.T.);
#2793 = EDGE_CURVE('',#2786,#2794,#2796,.T.);
#2794 = VERTEX_POINT('',#2795);
#2795 = CARTESIAN_POINT('',(6.25,-0.25,0.1));
#2796 = LINE('',#2797,#2798);
#2797 = CARTESIAN_POINT('',(6.25,0.25,0.1));
#2798 = VECTOR('',#2799,1.);
#2799 = DIRECTION('',(-1.224646799147E-16,-1.,0.));
#2800 = ORIENTED_EDGE('',*,*,#2801,.T.);
#2801 = EDGE_CURVE('',#2794,#2778,#2802,.T.);
#2802 = LINE('',#2803,#2804);
#2803 = CARTESIAN_POINT('',(6.5,-0.25,0.1));
#2804 = VECTOR('',#2805,1.);
#2805 = DIRECTION('',(-1.,1.224646799147E-16,0.));
#2806 = PLANE('',#2807);
#2807 = AXIS2_PLACEMENT_3D('',#2808,#2809,#2810);
#2808 = CARTESIAN_POINT('',(6.75,0.5,0.1));
#2809 = DIRECTION('',(0.,0.,1.));
#2810 = DIRECTION('',(-1.224646799147E-16,-1.,0.));
#2811 = ADVANCED_FACE('',(#2812,#2818),#2852,.F.);
#2812 = FACE_BOUND('',#2813,.F.);
#2813 = EDGE_LOOP('',(#2814,#2815,#2816,#2817));
#2814 = ORIENTED_EDGE('',*,*,#1822,.T.);
#2815 = ORIENTED_EDGE('',*,*,#1446,.T.);
#2816 = ORIENTED_EDGE('',*,*,#1470,.F.);
#2817 = ORIENTED_EDGE('',*,*,#1503,.F.);
#2818 = FACE_BOUND('',#2819,.F.);
#2819 = EDGE_LOOP('',(#2820,#2830,#2838,#2846));
#2820 = ORIENTED_EDGE('',*,*,#2821,.T.);
#2821 = EDGE_CURVE('',#2822,#2824,#2826,.T.);
#2822 = VERTEX_POINT('',#2823);
#2823 = CARTESIAN_POINT('',(7.75,0.25,0.1));
#2824 = VERTEX_POINT('',#2825);
#2825 = CARTESIAN_POINT('',(8.25,0.25,0.1));
#2826 = LINE('',#2827,#2828);
#2827 = CARTESIAN_POINT('',(8.5,0.25,0.1));
#2828 = VECTOR('',#2829,1.);
#2829 = DIRECTION('',(1.,-1.224646799147E-16,0.));
#2830 = ORIENTED_EDGE('',*,*,#2831,.T.);
#2831 = EDGE_CURVE('',#2824,#2832,#2834,.T.);
#2832 = VERTEX_POINT('',#2833);
#2833 = CARTESIAN_POINT('',(8.25,-0.25,0.1));
#2834 = LINE('',#2835,#2836);
#2835 = CARTESIAN_POINT('',(8.25,0.25,0.1));
#2836 = VECTOR('',#2837,1.);
#2837 = DIRECTION('',(-1.224646799147E-16,-1.,0.));
#2838 = ORIENTED_EDGE('',*,*,#2839,.T.);
#2839 = EDGE_CURVE('',#2832,#2840,#2842,.T.);
#2840 = VERTEX_POINT('',#2841);
#2841 = CARTESIAN_POINT('',(7.75,-0.25,0.1));
#2842 = LINE('',#2843,#2844);
#2843 = CARTESIAN_POINT('',(8.5,-0.25,0.1));
#2844 = VECTOR('',#2845,1.);
#2845 = DIRECTION('',(-1.,1.224646799147E-16,0.));
#2846 = ORIENTED_EDGE('',*,*,#2847,.F.);
#2847 = EDGE_CURVE('',#2822,#2840,#2848,.T.);
#2848 = LINE('',#2849,#2850);
#2849 = CARTESIAN_POINT('',(7.75,0.25,0.1));
#2850 = VECTOR('',#2851,1.);
#2851 = DIRECTION('',(-1.224646799147E-16,-1.,0.));
#2852 = PLANE('',#2853);
#2853 = AXIS2_PLACEMENT_3D('',#2854,#2855,#2856);
#2854 = CARTESIAN_POINT('',(8.75,0.5,0.1));
#2855 = DIRECTION('',(0.,0.,1.));
#2856 = DIRECTION('',(-1.224646799147E-16,-1.,0.));
#2857 = ADVANCED_FACE('',(#2858,#2864),#2898,.F.);
#2858 = FACE_BOUND('',#2859,.F.);
#2859 = EDGE_LOOP('',(#2860,#2861,#2862,#2863));
#2860 = ORIENTED_EDGE('',*,*,#1805,.T.);
#2861 = ORIENTED_EDGE('',*,*,#1551,.T.);
#2862 = ORIENTED_EDGE('',*,*,#1575,.F.);
#2863 = ORIENTED_EDGE('',*,*,#1608,.F.);
#2864 = FACE_BOUND('',#2865,.F.);
#2865 = EDGE_LOOP('',(#2866,#2876,#2884,#2892));
#2866 = ORIENTED_EDGE('',*,*,#2867,.F.);
#2867 = EDGE_CURVE('',#2868,#2870,#2872,.T.);
#2868 = VERTEX_POINT('',#2869);
#2869 = CARTESIAN_POINT('',(9.75,0.25,0.1));
#2870 = VERTEX_POINT('',#2871);
#2871 = CARTESIAN_POINT('',(9.75,-0.25,0.1));
#2872 = LINE('',#2873,#2874);
#2873 = CARTESIAN_POINT('',(9.75,0.25,0.1));
#2874 = VECTOR('',#2875,1.);
#2875 = DIRECTION('',(-1.224646799147E-16,-1.,0.));
#2876 = ORIENTED_EDGE('',*,*,#2877,.T.);
#2877 = EDGE_CURVE('',#2868,#2878,#2880,.T.);
#2878 = VERTEX_POINT('',#2879);
#2879 = CARTESIAN_POINT('',(10.25,0.25,0.1));
#2880 = LINE('',#2881,#2882);
#2881 = CARTESIAN_POINT('',(10.5,0.25,0.1));
#2882 = VECTOR('',#2883,1.);
#2883 = DIRECTION('',(1.,-1.224646799147E-16,0.));
#2884 = ORIENTED_EDGE('',*,*,#2885,.T.);
#2885 = EDGE_CURVE('',#2878,#2886,#2888,.T.);
#2886 = VERTEX_POINT('',#2887);
#2887 = CARTESIAN_POINT('',(10.25,-0.25,0.1));
#2888 = LINE('',#2889,#2890);
#2889 = CARTESIAN_POINT('',(10.25,0.25,0.1));
#2890 = VECTOR('',#2891,1.);
#2891 = DIRECTION('',(-1.224646799147E-16,-1.,0.));
#2892 = ORIENTED_EDGE('',*,*,#2893,.T.);
#2893 = EDGE_CURVE('',#2886,#2870,#2894,.T.);
#2894 = LINE('',#2895,#2896);
#2895 = CARTESIAN_POINT('',(10.5,-0.25,0.1));
#2896 = VECTOR('',#2897,1.);
#2897 = DIRECTION('',(-1.,1.224646799147E-16,0.));
#2898 = PLANE('',#2899);
#2899 = AXIS2_PLACEMENT_3D('',#2900,#2901,#2902);
#2900 = CARTESIAN_POINT('',(10.75,0.5,0.1));
#2901 = DIRECTION('',(0.,0.,1.));
#2902 = DIRECTION('',(-1.224646799147E-16,-1.,0.));
#2903 = ADVANCED_FACE('',(#2904),#2915,.F.);
#2904 = FACE_BOUND('',#2905,.F.);
#2905 = EDGE_LOOP('',(#2906,#2907,#2908,#2914));
#2906 = ORIENTED_EDGE('',*,*,#2365,.T.);
#2907 = ORIENTED_EDGE('',*,*,#1715,.T.);
#2908 = ORIENTED_EDGE('',*,*,#2909,.F.);
#2909 = EDGE_CURVE('',#2400,#1708,#2910,.T.);
#2910 = LINE('',#2911,#2912);
#2911 = CARTESIAN_POINT('',(13.95,0.2,4.4));
#2912 = VECTOR('',#2913,1.);
#2913 = DIRECTION('',(-1.,1.224646799147E-16,0.));
#2914 = ORIENTED_EDGE('',*,*,#2399,.F.);
#2915 = CYLINDRICAL_SURFACE('',#2916,0.4);
#2916 = AXIS2_PLACEMENT_3D('',#2917,#2918,#2919);
#2917 = CARTESIAN_POINT('',(13.95,-0.2,4.4));
#2918 = DIRECTION('',(1.,-1.224646799147E-16,-0.));
#2919 = DIRECTION('',(1.224646799147E-16,1.,0.));
#2920 = ADVANCED_FACE('',(#2921),#2927,.T.);
#2921 = FACE_BOUND('',#2922,.T.);
#2922 = EDGE_LOOP('',(#2923,#2924,#2925,#2926));
#2923 = ORIENTED_EDGE('',*,*,#2408,.T.);
#2924 = ORIENTED_EDGE('',*,*,#1938,.T.);
#2925 = ORIENTED_EDGE('',*,*,#1707,.T.);
#2926 = ORIENTED_EDGE('',*,*,#2909,.F.);
#2927 = PLANE('',#2928);
#2928 = AXIS2_PLACEMENT_3D('',#2929,#2930,#2931);
#2929 = CARTESIAN_POINT('',(13.95,0.2,6.));
#2930 = DIRECTION('',(-1.224646799147E-16,-1.,0.));
#2931 = DIRECTION('',(-0.,0.,-1.));
#2932 = ADVANCED_FACE('',(#2933),#2990,.T.);
#2933 = FACE_BOUND('',#2934,.T.);
#2934 = EDGE_LOOP('',(#2935,#2945,#2953,#2961,#2967,#2968,#2976,#2984));
#2935 = ORIENTED_EDGE('',*,*,#2936,.T.);
#2936 = EDGE_CURVE('',#2937,#2939,#2941,.T.);
#2937 = VERTEX_POINT('',#2938);
#2938 = CARTESIAN_POINT('',(11.75,0.281578947368,-3.2));
#2939 = VERTEX_POINT('',#2940);
#2940 = CARTESIAN_POINT('',(11.75,-0.218421052632,-3.2));
#2941 = LINE('',#2942,#2943);
#2942 = CARTESIAN_POINT('',(11.75,0.25,-3.2));
#2943 = VECTOR('',#2944,1.);
#2944 = DIRECTION('',(-1.224646799147E-16,-1.,0.));
#2945 = ORIENTED_EDGE('',*,*,#2946,.T.);
#2946 = EDGE_CURVE('',#2939,#2947,#2949,.T.);
#2947 = VERTEX_POINT('',#2948);
#2948 = CARTESIAN_POINT('',(11.75,5.E-02,-1.5));
#2949 = LINE('',#2950,#2951);
#2950 = CARTESIAN_POINT('',(11.75,-0.25,-3.4));
#2951 = VECTOR('',#2952,1.);
#2952 = DIRECTION('',(1.909990663905E-17,0.155962573473,0.987762965329)
  );
#2953 = ORIENTED_EDGE('',*,*,#2954,.T.);
#2954 = EDGE_CURVE('',#2947,#2955,#2957,.T.);
#2955 = VERTEX_POINT('',#2956);
#2956 = CARTESIAN_POINT('',(11.75,-0.25,-0.9));
#2957 = LINE('',#2958,#2959);
#2958 = CARTESIAN_POINT('',(11.75,5.E-02,-1.5));
#2959 = VECTOR('',#2960,1.);
#2960 = DIRECTION('',(-5.476786982641E-17,-0.4472135955,0.894427191));
#2961 = ORIENTED_EDGE('',*,*,#2962,.T.);
#2962 = EDGE_CURVE('',#2955,#1766,#2963,.T.);
#2963 = LINE('',#2964,#2965);
#2964 = CARTESIAN_POINT('',(11.75,-0.25,-0.9));
#2965 = VECTOR('',#2966,1.);
#2966 = DIRECTION('',(0.,0.,1.));
#2967 = ORIENTED_EDGE('',*,*,#1763,.F.);
#2968 = ORIENTED_EDGE('',*,*,#2969,.T.);
#2969 = EDGE_CURVE('',#1764,#2970,#2972,.T.);
#2970 = VERTEX_POINT('',#2971);
#2971 = CARTESIAN_POINT('',(11.75,0.25,-0.9));
#2972 = LINE('',#2973,#2974);
#2973 = CARTESIAN_POINT('',(11.75,0.25,5.));
#2974 = VECTOR('',#2975,1.);
#2975 = DIRECTION('',(-0.,0.,-1.));
#2976 = ORIENTED_EDGE('',*,*,#2977,.T.);
#2977 = EDGE_CURVE('',#2970,#2978,#2980,.T.);
#2978 = VERTEX_POINT('',#2979);
#2979 = CARTESIAN_POINT('',(11.75,0.55,-1.5));
#2980 = LINE('',#2981,#2982);
#2981 = CARTESIAN_POINT('',(11.75,0.25,-0.9));
#2982 = VECTOR('',#2983,1.);
#2983 = DIRECTION('',(5.476786982641E-17,0.4472135955,-0.894427191));
#2984 = ORIENTED_EDGE('',*,*,#2985,.T.);
#2985 = EDGE_CURVE('',#2978,#2937,#2986,.T.);
#2986 = LINE('',#2987,#2988);
#2987 = CARTESIAN_POINT('',(11.75,0.55,-1.5));
#2988 = VECTOR('',#2989,1.);
#2989 = DIRECTION('',(-1.909990663905E-17,-0.155962573473,
    -0.987762965329));
#2990 = PLANE('',#2991);
#2991 = AXIS2_PLACEMENT_3D('',#2992,#2993,#2994);
#2992 = CARTESIAN_POINT('',(11.75,4.326643272645E-02,0.775746953017));
#2993 = DIRECTION('',(-1.,1.224646799147E-16,0.));
#2994 = DIRECTION('',(0.,0.,1.));
#2995 = ADVANCED_FACE('',(#2996),#3014,.F.);
#2996 = FACE_BOUND('',#2997,.F.);
#2997 = EDGE_LOOP('',(#2998,#3006,#3012,#3013));
#2998 = ORIENTED_EDGE('',*,*,#2999,.F.);
#2999 = EDGE_CURVE('',#3000,#1782,#3002,.T.);
#3000 = VERTEX_POINT('',#3001);
#3001 = CARTESIAN_POINT('',(12.25,-0.25,-0.9));
#3002 = LINE('',#3003,#3004);
#3003 = CARTESIAN_POINT('',(12.25,-0.25,-0.9));
#3004 = VECTOR('',#3005,1.);
#3005 = DIRECTION('',(0.,0.,1.));
#3006 = ORIENTED_EDGE('',*,*,#3007,.T.);
#3007 = EDGE_CURVE('',#3000,#2955,#3008,.T.);
#3008 = LINE('',#3009,#3010);
#3009 = CARTESIAN_POINT('',(12.25,-0.25,-0.9));
#3010 = VECTOR('',#3011,1.);
#3011 = DIRECTION('',(-1.,1.224646799147E-16,0.));
#3012 = ORIENTED_EDGE('',*,*,#2962,.T.);
#3013 = ORIENTED_EDGE('',*,*,#1789,.F.);
#3014 = PLANE('',#3015);
#3015 = AXIS2_PLACEMENT_3D('',#3016,#3017,#3018);
#3016 = CARTESIAN_POINT('',(12.25,-0.25,-0.9));
#3017 = DIRECTION('',(1.224646799147E-16,1.,0.));
#3018 = DIRECTION('',(0.,-0.,1.));
#3019 = ADVANCED_FACE('',(#3020),#3070,.F.);
#3020 = FACE_BOUND('',#3021,.F.);
#3021 = EDGE_LOOP('',(#3022,#3032,#3040,#3046,#3047,#3048,#3056,#3064));
#3022 = ORIENTED_EDGE('',*,*,#3023,.T.);
#3023 = EDGE_CURVE('',#3024,#3026,#3028,.T.);
#3024 = VERTEX_POINT('',#3025);
#3025 = CARTESIAN_POINT('',(12.25,0.281578947368,-3.2));
#3026 = VERTEX_POINT('',#3027);
#3027 = CARTESIAN_POINT('',(12.25,-0.218421052632,-3.2));
#3028 = LINE('',#3029,#3030);
#3029 = CARTESIAN_POINT('',(12.25,0.25,-3.2));
#3030 = VECTOR('',#3031,1.);
#3031 = DIRECTION('',(-1.224646799147E-16,-1.,0.));
#3032 = ORIENTED_EDGE('',*,*,#3033,.T.);
#3033 = EDGE_CURVE('',#3026,#3034,#3036,.T.);
#3034 = VERTEX_POINT('',#3035);
#3035 = CARTESIAN_POINT('',(12.25,5.E-02,-1.5));
#3036 = LINE('',#3037,#3038);
#3037 = CARTESIAN_POINT('',(12.25,-0.25,-3.4));
#3038 = VECTOR('',#3039,1.);
#3039 = DIRECTION('',(1.909990663905E-17,0.155962573473,0.987762965329)
  );
#3040 = ORIENTED_EDGE('',*,*,#3041,.T.);
#3041 = EDGE_CURVE('',#3034,#3000,#3042,.T.);
#3042 = LINE('',#3043,#3044);
#3043 = CARTESIAN_POINT('',(12.25,5.E-02,-1.5));
#3044 = VECTOR('',#3045,1.);
#3045 = DIRECTION('',(-5.476786982641E-17,-0.4472135955,0.894427191));
#3046 = ORIENTED_EDGE('',*,*,#2999,.T.);
#3047 = ORIENTED_EDGE('',*,*,#1781,.F.);
#3048 = ORIENTED_EDGE('',*,*,#3049,.T.);
#3049 = EDGE_CURVE('',#1774,#3050,#3052,.T.);
#3050 = VERTEX_POINT('',#3051);
#3051 = CARTESIAN_POINT('',(12.25,0.25,-0.9));
#3052 = LINE('',#3053,#3054);
#3053 = CARTESIAN_POINT('',(12.25,0.25,5.));
#3054 = VECTOR('',#3055,1.);
#3055 = DIRECTION('',(-0.,0.,-1.));
#3056 = ORIENTED_EDGE('',*,*,#3057,.T.);
#3057 = EDGE_CURVE('',#3050,#3058,#3060,.T.);
#3058 = VERTEX_POINT('',#3059);
#3059 = CARTESIAN_POINT('',(12.25,0.55,-1.5));
#3060 = LINE('',#3061,#3062);
#3061 = CARTESIAN_POINT('',(12.25,0.25,-0.9));
#3062 = VECTOR('',#3063,1.);
#3063 = DIRECTION('',(5.476786982641E-17,0.4472135955,-0.894427191));
#3064 = ORIENTED_EDGE('',*,*,#3065,.T.);
#3065 = EDGE_CURVE('',#3058,#3024,#3066,.T.);
#3066 = LINE('',#3067,#3068);
#3067 = CARTESIAN_POINT('',(12.25,0.55,-1.5));
#3068 = VECTOR('',#3069,1.);
#3069 = DIRECTION('',(-1.909990663905E-17,-0.155962573473,
    -0.987762965329));
#3070 = PLANE('',#3071);
#3071 = AXIS2_PLACEMENT_3D('',#3072,#3073,#3074);
#3072 = CARTESIAN_POINT('',(12.25,4.326643272645E-02,0.775746953017));
#3073 = DIRECTION('',(-1.,1.224646799147E-16,0.));
#3074 = DIRECTION('',(0.,0.,1.));
#3075 = ADVANCED_FACE('',(#3076),#3087,.F.);
#3076 = FACE_BOUND('',#3077,.F.);
#3077 = EDGE_LOOP('',(#3078,#3079,#3080,#3081));
#3078 = ORIENTED_EDGE('',*,*,#3049,.F.);
#3079 = ORIENTED_EDGE('',*,*,#1773,.F.);
#3080 = ORIENTED_EDGE('',*,*,#2969,.T.);
#3081 = ORIENTED_EDGE('',*,*,#3082,.F.);
#3082 = EDGE_CURVE('',#3050,#2970,#3083,.T.);
#3083 = LINE('',#3084,#3085);
#3084 = CARTESIAN_POINT('',(12.25,0.25,-0.9));
#3085 = VECTOR('',#3086,1.);
#3086 = DIRECTION('',(-1.,1.224646799147E-16,0.));
#3087 = PLANE('',#3088);
#3088 = AXIS2_PLACEMENT_3D('',#3089,#3090,#3091);
#3089 = CARTESIAN_POINT('',(12.25,0.25,5.));
#3090 = DIRECTION('',(-1.224646799147E-16,-1.,0.));
#3091 = DIRECTION('',(-0.,0.,-1.));
#3092 = ADVANCED_FACE('',(#3093),#3099,.F.);
#3093 = FACE_BOUND('',#3094,.F.);
#3094 = EDGE_LOOP('',(#3095,#3096,#3097,#3098));
#3095 = ORIENTED_EDGE('',*,*,#2106,.T.);
#3096 = ORIENTED_EDGE('',*,*,#1922,.T.);
#3097 = ORIENTED_EDGE('',*,*,#1968,.F.);
#3098 = ORIENTED_EDGE('',*,*,#2017,.F.);
#3099 = PLANE('',#3100);
#3100 = AXIS2_PLACEMENT_3D('',#3101,#3102,#3103);
#3101 = CARTESIAN_POINT('',(-0.45,1.75,4.2));
#3102 = DIRECTION('',(-1.224646799147E-16,-1.,0.));
#3103 = DIRECTION('',(-1.,1.224646799147E-16,0.));
#3104 = ADVANCED_FACE('',(#3105,#3249,#3283,#3317,#3351,#3385,#3419,
    #3453),#3487,.T.);
#3105 = FACE_BOUND('',#3106,.T.);
#3106 = EDGE_LOOP('',(#3107,#3115,#3116,#3117,#3118,#3119,#3120,#3128,
    #3136,#3142,#3143,#3151,#3159,#3165,#3166,#3174,#3182,#3188,#3189,
    #3197,#3205,#3211,#3212,#3220,#3228,#3234,#3235,#3243));
#3107 = ORIENTED_EDGE('',*,*,#3108,.F.);
#3108 = EDGE_CURVE('',#2609,#3109,#3111,.T.);
#3109 = VERTEX_POINT('',#3110);
#3110 = CARTESIAN_POINT('',(11.2,-2.,1.8));
#3111 = LINE('',#3112,#3113);
#3112 = CARTESIAN_POINT('',(11.2,-2.3,1.8));
#3113 = VECTOR('',#3114,1.);
#3114 = DIRECTION('',(1.224646799147E-16,1.,0.));
#3115 = ORIENTED_EDGE('',*,*,#2616,.T.);
#3116 = ORIENTED_EDGE('',*,*,#2291,.T.);
#3117 = ORIENTED_EDGE('',*,*,#2319,.T.);
#3118 = ORIENTED_EDGE('',*,*,#2383,.T.);
#3119 = ORIENTED_EDGE('',*,*,#2424,.T.);
#3120 = ORIENTED_EDGE('',*,*,#3121,.F.);
#3121 = EDGE_CURVE('',#3122,#2425,#3124,.T.);
#3122 = VERTEX_POINT('',#3123);
#3123 = CARTESIAN_POINT('',(0.8,-2.,1.8));
#3124 = LINE('',#3125,#3126);
#3125 = CARTESIAN_POINT('',(0.8,-2.,1.8));
#3126 = VECTOR('',#3127,1.);
#3127 = DIRECTION('',(-1.224646799147E-16,-1.,0.));
#3128 = ORIENTED_EDGE('',*,*,#3129,.F.);
#3129 = EDGE_CURVE('',#3130,#3122,#3132,.T.);
#3130 = VERTEX_POINT('',#3131);
#3131 = CARTESIAN_POINT('',(1.2,-2.,1.8));
#3132 = LINE('',#3133,#3134);
#3133 = CARTESIAN_POINT('',(1.2,-2.,1.8));
#3134 = VECTOR('',#3135,1.);
#3135 = DIRECTION('',(-1.,1.224646799147E-16,0.));
#3136 = ORIENTED_EDGE('',*,*,#3137,.F.);
#3137 = EDGE_CURVE('',#2449,#3130,#3138,.T.);
#3138 = LINE('',#3139,#3140);
#3139 = CARTESIAN_POINT('',(1.2,-2.3,1.8));
#3140 = VECTOR('',#3141,1.);
#3141 = DIRECTION('',(1.224646799147E-16,1.,0.));
#3142 = ORIENTED_EDGE('',*,*,#2456,.T.);
#3143 = ORIENTED_EDGE('',*,*,#3144,.F.);
#3144 = EDGE_CURVE('',#3145,#2457,#3147,.T.);
#3145 = VERTEX_POINT('',#3146);
#3146 = CARTESIAN_POINT('',(2.8,-2.,1.8));
#3147 = LINE('',#3148,#3149);
#3148 = CARTESIAN_POINT('',(2.8,-2.,1.8));
#3149 = VECTOR('',#3150,1.);
#3150 = DIRECTION('',(-1.224646799147E-16,-1.,0.));
#3151 = ORIENTED_EDGE('',*,*,#3152,.F.);
#3152 = EDGE_CURVE('',#3153,#3145,#3155,.T.);
#3153 = VERTEX_POINT('',#3154);
#3154 = CARTESIAN_POINT('',(3.2,-2.,1.8));
#3155 = LINE('',#3156,#3157);
#3156 = CARTESIAN_POINT('',(3.2,-2.,1.8));
#3157 = VECTOR('',#3158,1.);
#3158 = DIRECTION('',(-1.,1.224646799147E-16,0.));
#3159 = ORIENTED_EDGE('',*,*,#3160,.F.);
#3160 = EDGE_CURVE('',#2481,#3153,#3161,.T.);
#3161 = LINE('',#3162,#3163);
#3162 = CARTESIAN_POINT('',(3.2,-2.3,1.8));
#3163 = VECTOR('',#3164,1.);
#3164 = DIRECTION('',(1.224646799147E-16,1.,0.));
#3165 = ORIENTED_EDGE('',*,*,#2488,.T.);
#3166 = ORIENTED_EDGE('',*,*,#3167,.F.);
#3167 = EDGE_CURVE('',#3168,#2489,#3170,.T.);
#3168 = VERTEX_POINT('',#3169);
#3169 = CARTESIAN_POINT('',(4.8,-2.,1.8));
#3170 = LINE('',#3171,#3172);
#3171 = CARTESIAN_POINT('',(4.8,-2.,1.8));
#3172 = VECTOR('',#3173,1.);
#3173 = DIRECTION('',(-1.224646799147E-16,-1.,0.));
#3174 = ORIENTED_EDGE('',*,*,#3175,.F.);
#3175 = EDGE_CURVE('',#3176,#3168,#3178,.T.);
#3176 = VERTEX_POINT('',#3177);
#3177 = CARTESIAN_POINT('',(5.2,-2.,1.8));
#3178 = LINE('',#3179,#3180);
#3179 = CARTESIAN_POINT('',(5.2,-2.,1.8));
#3180 = VECTOR('',#3181,1.);
#3181 = DIRECTION('',(-1.,1.224646799147E-16,0.));
#3182 = ORIENTED_EDGE('',*,*,#3183,.F.);
#3183 = EDGE_CURVE('',#2513,#3176,#3184,.T.);
#3184 = LINE('',#3185,#3186);
#3185 = CARTESIAN_POINT('',(5.2,-2.3,1.8));
#3186 = VECTOR('',#3187,1.);
#3187 = DIRECTION('',(1.224646799147E-16,1.,0.));
#3188 = ORIENTED_EDGE('',*,*,#2520,.T.);
#3189 = ORIENTED_EDGE('',*,*,#3190,.F.);
#3190 = EDGE_CURVE('',#3191,#2521,#3193,.T.);
#3191 = VERTEX_POINT('',#3192);
#3192 = CARTESIAN_POINT('',(6.8,-2.,1.8));
#3193 = LINE('',#3194,#3195);
#3194 = CARTESIAN_POINT('',(6.8,-2.,1.8));
#3195 = VECTOR('',#3196,1.);
#3196 = DIRECTION('',(-1.224646799147E-16,-1.,0.));
#3197 = ORIENTED_EDGE('',*,*,#3198,.F.);
#3198 = EDGE_CURVE('',#3199,#3191,#3201,.T.);
#3199 = VERTEX_POINT('',#3200);
#3200 = CARTESIAN_POINT('',(7.2,-2.,1.8));
#3201 = LINE('',#3202,#3203);
#3202 = CARTESIAN_POINT('',(7.2,-2.,1.8));
#3203 = VECTOR('',#3204,1.);
#3204 = DIRECTION('',(-1.,1.224646799147E-16,0.));
#3205 = ORIENTED_EDGE('',*,*,#3206,.F.);
#3206 = EDGE_CURVE('',#2545,#3199,#3207,.T.);
#3207 = LINE('',#3208,#3209);
#3208 = CARTESIAN_POINT('',(7.2,-2.3,1.8));
#3209 = VECTOR('',#3210,1.);
#3210 = DIRECTION('',(1.224646799147E-16,1.,0.));
#3211 = ORIENTED_EDGE('',*,*,#2552,.T.);
#3212 = ORIENTED_EDGE('',*,*,#3213,.F.);
#3213 = EDGE_CURVE('',#3214,#2553,#3216,.T.);
#3214 = VERTEX_POINT('',#3215);
#3215 = CARTESIAN_POINT('',(8.8,-2.,1.8));
#3216 = LINE('',#3217,#3218);
#3217 = CARTESIAN_POINT('',(8.8,-2.,1.8));
#3218 = VECTOR('',#3219,1.);
#3219 = DIRECTION('',(-1.224646799147E-16,-1.,0.));
#3220 = ORIENTED_EDGE('',*,*,#3221,.F.);
#3221 = EDGE_CURVE('',#3222,#3214,#3224,.T.);
#3222 = VERTEX_POINT('',#3223);
#3223 = CARTESIAN_POINT('',(9.2,-2.,1.8));
#3224 = LINE('',#3225,#3226);
#3225 = CARTESIAN_POINT('',(9.2,-2.,1.8));
#3226 = VECTOR('',#3227,1.);
#3227 = DIRECTION('',(-1.,1.224646799147E-16,0.));
#3228 = ORIENTED_EDGE('',*,*,#3229,.F.);
#3229 = EDGE_CURVE('',#2577,#3222,#3230,.T.);
#3230 = LINE('',#3231,#3232);
#3231 = CARTESIAN_POINT('',(9.2,-2.3,1.8));
#3232 = VECTOR('',#3233,1.);
#3233 = DIRECTION('',(1.224646799147E-16,1.,0.));
#3234 = ORIENTED_EDGE('',*,*,#2584,.T.);
#3235 = ORIENTED_EDGE('',*,*,#3236,.F.);
#3236 = EDGE_CURVE('',#3237,#2585,#3239,.T.);
#3237 = VERTEX_POINT('',#3238);
#3238 = CARTESIAN_POINT('',(10.8,-2.,1.8));
#3239 = LINE('',#3240,#3241);
#3240 = CARTESIAN_POINT('',(10.8,-2.,1.8));
#3241 = VECTOR('',#3242,1.);
#3242 = DIRECTION('',(-1.224646799147E-16,-1.,0.));
#3243 = ORIENTED_EDGE('',*,*,#3244,.F.);
#3244 = EDGE_CURVE('',#3109,#3237,#3245,.T.);
#3245 = LINE('',#3246,#3247);
#3246 = CARTESIAN_POINT('',(11.2,-2.,1.8));
#3247 = VECTOR('',#3248,1.);
#3248 = DIRECTION('',(-1.,1.224646799147E-16,0.));
#3249 = FACE_BOUND('',#3250,.T.);
#3250 = EDGE_LOOP('',(#3251,#3261,#3269,#3277));
#3251 = ORIENTED_EDGE('',*,*,#3252,.F.);
#3252 = EDGE_CURVE('',#3253,#3255,#3257,.T.);
#3253 = VERTEX_POINT('',#3254);
#3254 = CARTESIAN_POINT('',(9.75,0.25,1.8));
#3255 = VERTEX_POINT('',#3256);
#3256 = CARTESIAN_POINT('',(9.75,-0.25,1.8));
#3257 = LINE('',#3258,#3259);
#3258 = CARTESIAN_POINT('',(9.75,-0.3,1.8));
#3259 = VECTOR('',#3260,1.);
#3260 = DIRECTION('',(-1.224646799147E-16,-1.,3.125361838393E-32));
#3261 = ORIENTED_EDGE('',*,*,#3262,.T.);
#3262 = EDGE_CURVE('',#3253,#3263,#3265,.T.);
#3263 = VERTEX_POINT('',#3264);
#3264 = CARTESIAN_POINT('',(10.25,0.25,1.8));
#3265 = LINE('',#3266,#3267);
#3266 = CARTESIAN_POINT('',(8.125,0.25,1.8));
#3267 = VECTOR('',#3268,1.);
#3268 = DIRECTION('',(1.,-1.224646799147E-16,-8.679292608879E-33));
#3269 = ORIENTED_EDGE('',*,*,#3270,.T.);
#3270 = EDGE_CURVE('',#3263,#3271,#3273,.T.);
#3271 = VERTEX_POINT('',#3272);
#3272 = CARTESIAN_POINT('',(10.25,-0.25,1.8));
#3273 = LINE('',#3274,#3275);
#3274 = CARTESIAN_POINT('',(10.25,-0.3,1.8));
#3275 = VECTOR('',#3276,1.);
#3276 = DIRECTION('',(-1.224646799147E-16,-1.,3.125361838393E-32));
#3277 = ORIENTED_EDGE('',*,*,#3278,.T.);
#3278 = EDGE_CURVE('',#3271,#3255,#3279,.T.);
#3279 = LINE('',#3280,#3281);
#3280 = CARTESIAN_POINT('',(8.125,-0.25,1.8));
#3281 = VECTOR('',#3282,1.);
#3282 = DIRECTION('',(-1.,1.224646799147E-16,8.679292608879E-33));
#3283 = FACE_BOUND('',#3284,.T.);
#3284 = EDGE_LOOP('',(#3285,#3295,#3303,#3311));
#3285 = ORIENTED_EDGE('',*,*,#3286,.T.);
#3286 = EDGE_CURVE('',#3287,#3289,#3291,.T.);
#3287 = VERTEX_POINT('',#3288);
#3288 = CARTESIAN_POINT('',(7.75,0.25,1.8));
#3289 = VERTEX_POINT('',#3290);
#3290 = CARTESIAN_POINT('',(8.25,0.25,1.8));
#3291 = LINE('',#3292,#3293);
#3292 = CARTESIAN_POINT('',(7.125,0.25,1.8));
#3293 = VECTOR('',#3294,1.);
#3294 = DIRECTION('',(1.,-1.224646799147E-16,-8.679292608879E-33));
#3295 = ORIENTED_EDGE('',*,*,#3296,.T.);
#3296 = EDGE_CURVE('',#3289,#3297,#3299,.T.);
#3297 = VERTEX_POINT('',#3298);
#3298 = CARTESIAN_POINT('',(8.25,-0.25,1.8));
#3299 = LINE('',#3300,#3301);
#3300 = CARTESIAN_POINT('',(8.25,-0.3,1.8));
#3301 = VECTOR('',#3302,1.);
#3302 = DIRECTION('',(-1.224646799147E-16,-1.,3.125361838393E-32));
#3303 = ORIENTED_EDGE('',*,*,#3304,.T.);
#3304 = EDGE_CURVE('',#3297,#3305,#3307,.T.);
#3305 = VERTEX_POINT('',#3306);
#3306 = CARTESIAN_POINT('',(7.75,-0.25,1.8));
#3307 = LINE('',#3308,#3309);
#3308 = CARTESIAN_POINT('',(7.125,-0.25,1.8));
#3309 = VECTOR('',#3310,1.);
#3310 = DIRECTION('',(-1.,1.224646799147E-16,8.679292608879E-33));
#3311 = ORIENTED_EDGE('',*,*,#3312,.F.);
#3312 = EDGE_CURVE('',#3287,#3305,#3313,.T.);
#3313 = LINE('',#3314,#3315);
#3314 = CARTESIAN_POINT('',(7.75,-0.3,1.8));
#3315 = VECTOR('',#3316,1.);
#3316 = DIRECTION('',(-1.224646799147E-16,-1.,3.125361838393E-32));
#3317 = FACE_BOUND('',#3318,.T.);
#3318 = EDGE_LOOP('',(#3319,#3329,#3337,#3345));
#3319 = ORIENTED_EDGE('',*,*,#3320,.F.);
#3320 = EDGE_CURVE('',#3321,#3323,#3325,.T.);
#3321 = VERTEX_POINT('',#3322);
#3322 = CARTESIAN_POINT('',(3.75,0.25,1.8));
#3323 = VERTEX_POINT('',#3324);
#3324 = CARTESIAN_POINT('',(3.75,-0.25,1.8));
#3325 = LINE('',#3326,#3327);
#3326 = CARTESIAN_POINT('',(3.75,-0.3,1.8));
#3327 = VECTOR('',#3328,1.);
#3328 = DIRECTION('',(-1.224646799147E-16,-1.,3.125361838393E-32));
#3329 = ORIENTED_EDGE('',*,*,#3330,.T.);
#3330 = EDGE_CURVE('',#3321,#3331,#3333,.T.);
#3331 = VERTEX_POINT('',#3332);
#3332 = CARTESIAN_POINT('',(4.25,0.25,1.8));
#3333 = LINE('',#3334,#3335);
#3334 = CARTESIAN_POINT('',(5.125,0.25,1.8));
#3335 = VECTOR('',#3336,1.);
#3336 = DIRECTION('',(1.,-1.224646799147E-16,-8.679292608879E-33));
#3337 = ORIENTED_EDGE('',*,*,#3338,.T.);
#3338 = EDGE_CURVE('',#3331,#3339,#3341,.T.);
#3339 = VERTEX_POINT('',#3340);
#3340 = CARTESIAN_POINT('',(4.25,-0.25,1.8));
#3341 = LINE('',#3342,#3343);
#3342 = CARTESIAN_POINT('',(4.25,-0.3,1.8));
#3343 = VECTOR('',#3344,1.);
#3344 = DIRECTION('',(-1.224646799147E-16,-1.,3.125361838393E-32));
#3345 = ORIENTED_EDGE('',*,*,#3346,.T.);
#3346 = EDGE_CURVE('',#3339,#3323,#3347,.T.);
#3347 = LINE('',#3348,#3349);
#3348 = CARTESIAN_POINT('',(5.125,-0.25,1.8));
#3349 = VECTOR('',#3350,1.);
#3350 = DIRECTION('',(-1.,1.224646799147E-16,8.679292608879E-33));
#3351 = FACE_BOUND('',#3352,.T.);
#3352 = EDGE_LOOP('',(#3353,#3363,#3371,#3379));
#3353 = ORIENTED_EDGE('',*,*,#3354,.F.);
#3354 = EDGE_CURVE('',#3355,#3357,#3359,.T.);
#3355 = VERTEX_POINT('',#3356);
#3356 = CARTESIAN_POINT('',(5.75,0.25,1.8));
#3357 = VERTEX_POINT('',#3358);
#3358 = CARTESIAN_POINT('',(5.75,-0.25,1.8));
#3359 = LINE('',#3360,#3361);
#3360 = CARTESIAN_POINT('',(5.75,-0.3,1.8));
#3361 = VECTOR('',#3362,1.);
#3362 = DIRECTION('',(-1.224646799147E-16,-1.,3.125361838393E-32));
#3363 = ORIENTED_EDGE('',*,*,#3364,.T.);
#3364 = EDGE_CURVE('',#3355,#3365,#3367,.T.);
#3365 = VERTEX_POINT('',#3366);
#3366 = CARTESIAN_POINT('',(6.25,0.25,1.8));
#3367 = LINE('',#3368,#3369);
#3368 = CARTESIAN_POINT('',(6.125,0.25,1.8));
#3369 = VECTOR('',#3370,1.);
#3370 = DIRECTION('',(1.,-1.224646799147E-16,-8.679292608879E-33));
#3371 = ORIENTED_EDGE('',*,*,#3372,.T.);
#3372 = EDGE_CURVE('',#3365,#3373,#3375,.T.);
#3373 = VERTEX_POINT('',#3374);
#3374 = CARTESIAN_POINT('',(6.25,-0.25,1.8));
#3375 = LINE('',#3376,#3377);
#3376 = CARTESIAN_POINT('',(6.25,-0.3,1.8));
#3377 = VECTOR('',#3378,1.);
#3378 = DIRECTION('',(-1.224646799147E-16,-1.,3.125361838393E-32));
#3379 = ORIENTED_EDGE('',*,*,#3380,.T.);
#3380 = EDGE_CURVE('',#3373,#3357,#3381,.T.);
#3381 = LINE('',#3382,#3383);
#3382 = CARTESIAN_POINT('',(6.125,-0.25,1.8));
#3383 = VECTOR('',#3384,1.);
#3384 = DIRECTION('',(-1.,1.224646799147E-16,8.679292608879E-33));
#3385 = FACE_BOUND('',#3386,.T.);
#3386 = EDGE_LOOP('',(#3387,#3397,#3405,#3413));
#3387 = ORIENTED_EDGE('',*,*,#3388,.T.);
#3388 = EDGE_CURVE('',#3389,#3391,#3393,.T.);
#3389 = VERTEX_POINT('',#3390);
#3390 = CARTESIAN_POINT('',(2.25,0.25,1.8));
#3391 = VERTEX_POINT('',#3392);
#3392 = CARTESIAN_POINT('',(2.25,-0.25,1.8));
#3393 = LINE('',#3394,#3395);
#3394 = CARTESIAN_POINT('',(2.25,-0.3,1.8));
#3395 = VECTOR('',#3396,1.);
#3396 = DIRECTION('',(-1.224646799147E-16,-1.,3.125361838393E-32));
#3397 = ORIENTED_EDGE('',*,*,#3398,.T.);
#3398 = EDGE_CURVE('',#3391,#3399,#3401,.T.);
#3399 = VERTEX_POINT('',#3400);
#3400 = CARTESIAN_POINT('',(1.75,-0.25,1.8));
#3401 = LINE('',#3402,#3403);
#3402 = CARTESIAN_POINT('',(4.125,-0.25,1.8));
#3403 = VECTOR('',#3404,1.);
#3404 = DIRECTION('',(-1.,1.224646799147E-16,8.679292608879E-33));
#3405 = ORIENTED_EDGE('',*,*,#3406,.F.);
#3406 = EDGE_CURVE('',#3407,#3399,#3409,.T.);
#3407 = VERTEX_POINT('',#3408);
#3408 = CARTESIAN_POINT('',(1.75,0.25,1.8));
#3409 = LINE('',#3410,#3411);
#3410 = CARTESIAN_POINT('',(1.75,-0.3,1.8));
#3411 = VECTOR('',#3412,1.);
#3412 = DIRECTION('',(-1.224646799147E-16,-1.,3.125361838393E-32));
#3413 = ORIENTED_EDGE('',*,*,#3414,.T.);
#3414 = EDGE_CURVE('',#3407,#3389,#3415,.T.);
#3415 = LINE('',#3416,#3417);
#3416 = CARTESIAN_POINT('',(4.125,0.25,1.8));
#3417 = VECTOR('',#3418,1.);
#3418 = DIRECTION('',(1.,-1.224646799147E-16,-8.679292608879E-33));
#3419 = FACE_BOUND('',#3420,.T.);
#3420 = EDGE_LOOP('',(#3421,#3431,#3439,#3447));
#3421 = ORIENTED_EDGE('',*,*,#3422,.F.);
#3422 = EDGE_CURVE('',#3423,#3425,#3427,.T.);
#3423 = VERTEX_POINT('',#3424);
#3424 = CARTESIAN_POINT('',(11.75,0.25,1.8));
#3425 = VERTEX_POINT('',#3426);
#3426 = CARTESIAN_POINT('',(11.75,-0.25,1.8));
#3427 = LINE('',#3428,#3429);
#3428 = CARTESIAN_POINT('',(11.75,-0.278366783637,1.8));
#3429 = VECTOR('',#3430,1.);
#3430 = DIRECTION('',(-1.224646799147E-16,-1.,3.125361838393E-32));
#3431 = ORIENTED_EDGE('',*,*,#3432,.T.);
#3432 = EDGE_CURVE('',#3423,#3433,#3435,.T.);
#3433 = VERTEX_POINT('',#3434);
#3434 = CARTESIAN_POINT('',(12.25,0.25,1.8));
#3435 = LINE('',#3436,#3437);
#3436 = CARTESIAN_POINT('',(9.125,0.25,1.8));
#3437 = VECTOR('',#3438,1.);
#3438 = DIRECTION('',(1.,-1.224646799147E-16,-8.679292608879E-33));
#3439 = ORIENTED_EDGE('',*,*,#3440,.T.);
#3440 = EDGE_CURVE('',#3433,#3441,#3443,.T.);
#3441 = VERTEX_POINT('',#3442);
#3442 = CARTESIAN_POINT('',(12.25,-0.25,1.8));
#3443 = LINE('',#3444,#3445);
#3444 = CARTESIAN_POINT('',(12.25,-0.278366783637,1.8));
#3445 = VECTOR('',#3446,1.);
#3446 = DIRECTION('',(-1.224646799147E-16,-1.,3.125361838393E-32));
#3447 = ORIENTED_EDGE('',*,*,#3448,.T.);
#3448 = EDGE_CURVE('',#3441,#3425,#3449,.T.);
#3449 = LINE('',#3450,#3451);
#3450 = CARTESIAN_POINT('',(9.125,-0.25,1.8));
#3451 = VECTOR('',#3452,1.);
#3452 = DIRECTION('',(-1.,1.224646799147E-16,8.679292608879E-33));
#3453 = FACE_BOUND('',#3454,.T.);
#3454 = EDGE_LOOP('',(#3455,#3465,#3473,#3481));
#3455 = ORIENTED_EDGE('',*,*,#3456,.T.);
#3456 = EDGE_CURVE('',#3457,#3459,#3461,.T.);
#3457 = VERTEX_POINT('',#3458);
#3458 = CARTESIAN_POINT('',(0.25,0.25,1.8));
#3459 = VERTEX_POINT('',#3460);
#3460 = CARTESIAN_POINT('',(0.25,-0.25,1.8));
#3461 = LINE('',#3462,#3463);
#3462 = CARTESIAN_POINT('',(0.25,-0.278366783637,1.8));
#3463 = VECTOR('',#3464,1.);
#3464 = DIRECTION('',(-1.224646799147E-16,-1.,3.125361838393E-32));
#3465 = ORIENTED_EDGE('',*,*,#3466,.T.);
#3466 = EDGE_CURVE('',#3459,#3467,#3469,.T.);
#3467 = VERTEX_POINT('',#3468);
#3468 = CARTESIAN_POINT('',(-0.25,-0.25,1.8));
#3469 = LINE('',#3470,#3471);
#3470 = CARTESIAN_POINT('',(3.125,-0.25,1.8));
#3471 = VECTOR('',#3472,1.);
#3472 = DIRECTION('',(-1.,1.224646799147E-16,8.679292608879E-33));
#3473 = ORIENTED_EDGE('',*,*,#3474,.F.);
#3474 = EDGE_CURVE('',#3475,#3467,#3477,.T.);
#3475 = VERTEX_POINT('',#3476);
#3476 = CARTESIAN_POINT('',(-0.25,0.25,1.8));
#3477 = LINE('',#3478,#3479);
#3478 = CARTESIAN_POINT('',(-0.25,-0.278366783637,1.8));
#3479 = VECTOR('',#3480,1.);
#3480 = DIRECTION('',(-1.224646799147E-16,-1.,3.125361838393E-32));
#3481 = ORIENTED_EDGE('',*,*,#3482,.T.);
#3482 = EDGE_CURVE('',#3475,#3457,#3483,.T.);
#3483 = LINE('',#3484,#3485);
#3484 = CARTESIAN_POINT('',(3.125,0.25,1.8));
#3485 = VECTOR('',#3486,1.);
#3486 = DIRECTION('',(1.,-1.224646799147E-16,-8.679292608879E-33));
#3487 = PLANE('',#3488);
#3488 = AXIS2_PLACEMENT_3D('',#3489,#3490,#3491);
#3489 = CARTESIAN_POINT('',(6.,-0.6,1.8));
#3490 = DIRECTION('',(8.679292608879E-33,3.125361838393E-32,1.));
#3491 = DIRECTION('',(-1.224646799147E-16,-1.,3.125361838393E-32));
#3492 = ADVANCED_FACE('',(#3493),#3511,.F.);
#3493 = FACE_BOUND('',#3494,.F.);
#3494 = EDGE_LOOP('',(#3495,#3496,#3504,#3510));
#3495 = ORIENTED_EDGE('',*,*,#2608,.T.);
#3496 = ORIENTED_EDGE('',*,*,#3497,.T.);
#3497 = EDGE_CURVE('',#2601,#3498,#3500,.T.);
#3498 = VERTEX_POINT('',#3499);
#3499 = CARTESIAN_POINT('',(11.2,-2.,3.7));
#3500 = LINE('',#3501,#3502);
#3501 = CARTESIAN_POINT('',(11.2,-2.3,3.7));
#3502 = VECTOR('',#3503,1.);
#3503 = DIRECTION('',(1.224646799147E-16,1.,0.));
#3504 = ORIENTED_EDGE('',*,*,#3505,.F.);
#3505 = EDGE_CURVE('',#3109,#3498,#3506,.T.);
#3506 = LINE('',#3507,#3508);
#3507 = CARTESIAN_POINT('',(11.2,-2.,1.8));
#3508 = VECTOR('',#3509,1.);
#3509 = DIRECTION('',(0.,0.,1.));
#3510 = ORIENTED_EDGE('',*,*,#3108,.F.);
#3511 = PLANE('',#3512);
#3512 = AXIS2_PLACEMENT_3D('',#3513,#3514,#3515);
#3513 = CARTESIAN_POINT('',(11.2,-2.3,1.8));
#3514 = DIRECTION('',(-1.,1.224646799147E-16,0.));
#3515 = DIRECTION('',(1.224646799147E-16,1.,0.));
#3516 = ADVANCED_FACE('',(#3517),#3535,.T.);
#3517 = FACE_BOUND('',#3518,.T.);
#3518 = EDGE_LOOP('',(#3519,#3527,#3533,#3534));
#3519 = ORIENTED_EDGE('',*,*,#3520,.T.);
#3520 = EDGE_CURVE('',#3498,#3521,#3523,.T.);
#3521 = VERTEX_POINT('',#3522);
#3522 = CARTESIAN_POINT('',(10.8,-2.,3.7));
#3523 = LINE('',#3524,#3525);
#3524 = CARTESIAN_POINT('',(11.2,-2.,3.7));
#3525 = VECTOR('',#3526,1.);
#3526 = DIRECTION('',(-1.,1.224646799147E-16,0.));
#3527 = ORIENTED_EDGE('',*,*,#3528,.T.);
#3528 = EDGE_CURVE('',#3521,#2593,#3529,.T.);
#3529 = LINE('',#3530,#3531);
#3530 = CARTESIAN_POINT('',(10.8,-2.,3.7));
#3531 = VECTOR('',#3532,1.);
#3532 = DIRECTION('',(-1.224646799147E-16,-1.,0.));
#3533 = ORIENTED_EDGE('',*,*,#2600,.T.);
#3534 = ORIENTED_EDGE('',*,*,#3497,.T.);
#3535 = PLANE('',#3536);
#3536 = AXIS2_PLACEMENT_3D('',#3537,#3538,#3539);
#3537 = CARTESIAN_POINT('',(11.,-2.15,3.7));
#3538 = DIRECTION('',(0.,0.,1.));
#3539 = DIRECTION('',(-1.,1.224646799147E-16,0.));
#3540 = ADVANCED_FACE('',(#3541),#3552,.F.);
#3541 = FACE_BOUND('',#3542,.F.);
#3542 = EDGE_LOOP('',(#3543,#3549,#3550,#3551));
#3543 = ORIENTED_EDGE('',*,*,#3544,.T.);
#3544 = EDGE_CURVE('',#3237,#3521,#3545,.T.);
#3545 = LINE('',#3546,#3547);
#3546 = CARTESIAN_POINT('',(10.8,-2.,1.8));
#3547 = VECTOR('',#3548,1.);
#3548 = DIRECTION('',(0.,0.,1.));
#3549 = ORIENTED_EDGE('',*,*,#3528,.T.);
#3550 = ORIENTED_EDGE('',*,*,#2592,.F.);
#3551 = ORIENTED_EDGE('',*,*,#3236,.F.);
#3552 = PLANE('',#3553);
#3553 = AXIS2_PLACEMENT_3D('',#3554,#3555,#3556);
#3554 = CARTESIAN_POINT('',(10.8,-2.,1.8));
#3555 = DIRECTION('',(1.,-1.224646799147E-16,0.));
#3556 = DIRECTION('',(-1.224646799147E-16,-1.,0.));
#3557 = ADVANCED_FACE('',(#3558),#3576,.F.);
#3558 = FACE_BOUND('',#3559,.F.);
#3559 = EDGE_LOOP('',(#3560,#3561,#3569,#3575));
#3560 = ORIENTED_EDGE('',*,*,#2576,.T.);
#3561 = ORIENTED_EDGE('',*,*,#3562,.T.);
#3562 = EDGE_CURVE('',#2569,#3563,#3565,.T.);
#3563 = VERTEX_POINT('',#3564);
#3564 = CARTESIAN_POINT('',(9.2,-2.,3.7));
#3565 = LINE('',#3566,#3567);
#3566 = CARTESIAN_POINT('',(9.2,-2.3,3.7));
#3567 = VECTOR('',#3568,1.);
#3568 = DIRECTION('',(1.224646799147E-16,1.,0.));
#3569 = ORIENTED_EDGE('',*,*,#3570,.F.);
#3570 = EDGE_CURVE('',#3222,#3563,#3571,.T.);
#3571 = LINE('',#3572,#3573);
#3572 = CARTESIAN_POINT('',(9.2,-2.,1.8));
#3573 = VECTOR('',#3574,1.);
#3574 = DIRECTION('',(0.,0.,1.));
#3575 = ORIENTED_EDGE('',*,*,#3229,.F.);
#3576 = PLANE('',#3577);
#3577 = AXIS2_PLACEMENT_3D('',#3578,#3579,#3580);
#3578 = CARTESIAN_POINT('',(9.2,-2.3,1.8));
#3579 = DIRECTION('',(-1.,1.224646799147E-16,0.));
#3580 = DIRECTION('',(1.224646799147E-16,1.,0.));
#3581 = ADVANCED_FACE('',(#3582),#3600,.T.);
#3582 = FACE_BOUND('',#3583,.T.);
#3583 = EDGE_LOOP('',(#3584,#3592,#3598,#3599));
#3584 = ORIENTED_EDGE('',*,*,#3585,.T.);
#3585 = EDGE_CURVE('',#3563,#3586,#3588,.T.);
#3586 = VERTEX_POINT('',#3587);
#3587 = CARTESIAN_POINT('',(8.8,-2.,3.7));
#3588 = LINE('',#3589,#3590);
#3589 = CARTESIAN_POINT('',(9.2,-2.,3.7));
#3590 = VECTOR('',#3591,1.);
#3591 = DIRECTION('',(-1.,1.224646799147E-16,0.));
#3592 = ORIENTED_EDGE('',*,*,#3593,.T.);
#3593 = EDGE_CURVE('',#3586,#2561,#3594,.T.);
#3594 = LINE('',#3595,#3596);
#3595 = CARTESIAN_POINT('',(8.8,-2.,3.7));
#3596 = VECTOR('',#3597,1.);
#3597 = DIRECTION('',(-1.224646799147E-16,-1.,0.));
#3598 = ORIENTED_EDGE('',*,*,#2568,.T.);
#3599 = ORIENTED_EDGE('',*,*,#3562,.T.);
#3600 = PLANE('',#3601);
#3601 = AXIS2_PLACEMENT_3D('',#3602,#3603,#3604);
#3602 = CARTESIAN_POINT('',(9.,-2.15,3.7));
#3603 = DIRECTION('',(0.,0.,1.));
#3604 = DIRECTION('',(-1.,1.224646799147E-16,0.));
#3605 = ADVANCED_FACE('',(#3606),#3617,.F.);
#3606 = FACE_BOUND('',#3607,.F.);
#3607 = EDGE_LOOP('',(#3608,#3614,#3615,#3616));
#3608 = ORIENTED_EDGE('',*,*,#3609,.T.);
#3609 = EDGE_CURVE('',#3214,#3586,#3610,.T.);
#3610 = LINE('',#3611,#3612);
#3611 = CARTESIAN_POINT('',(8.8,-2.,1.8));
#3612 = VECTOR('',#3613,1.);
#3613 = DIRECTION('',(0.,0.,1.));
#3614 = ORIENTED_EDGE('',*,*,#3593,.T.);
#3615 = ORIENTED_EDGE('',*,*,#2560,.F.);
#3616 = ORIENTED_EDGE('',*,*,#3213,.F.);
#3617 = PLANE('',#3618);
#3618 = AXIS2_PLACEMENT_3D('',#3619,#3620,#3621);
#3619 = CARTESIAN_POINT('',(8.8,-2.,1.8));
#3620 = DIRECTION('',(1.,-1.224646799147E-16,0.));
#3621 = DIRECTION('',(-1.224646799147E-16,-1.,0.));
#3622 = ADVANCED_FACE('',(#3623),#3641,.F.);
#3623 = FACE_BOUND('',#3624,.F.);
#3624 = EDGE_LOOP('',(#3625,#3626,#3634,#3640));
#3625 = ORIENTED_EDGE('',*,*,#2544,.T.);
#3626 = ORIENTED_EDGE('',*,*,#3627,.T.);
#3627 = EDGE_CURVE('',#2537,#3628,#3630,.T.);
#3628 = VERTEX_POINT('',#3629);
#3629 = CARTESIAN_POINT('',(7.2,-2.,3.7));
#3630 = LINE('',#3631,#3632);
#3631 = CARTESIAN_POINT('',(7.2,-2.3,3.7));
#3632 = VECTOR('',#3633,1.);
#3633 = DIRECTION('',(1.224646799147E-16,1.,0.));
#3634 = ORIENTED_EDGE('',*,*,#3635,.F.);
#3635 = EDGE_CURVE('',#3199,#3628,#3636,.T.);
#3636 = LINE('',#3637,#3638);
#3637 = CARTESIAN_POINT('',(7.2,-2.,1.8));
#3638 = VECTOR('',#3639,1.);
#3639 = DIRECTION('',(0.,0.,1.));
#3640 = ORIENTED_EDGE('',*,*,#3206,.F.);
#3641 = PLANE('',#3642);
#3642 = AXIS2_PLACEMENT_3D('',#3643,#3644,#3645);
#3643 = CARTESIAN_POINT('',(7.2,-2.3,1.8));
#3644 = DIRECTION('',(-1.,1.224646799147E-16,0.));
#3645 = DIRECTION('',(1.224646799147E-16,1.,0.));
#3646 = ADVANCED_FACE('',(#3647),#3665,.T.);
#3647 = FACE_BOUND('',#3648,.T.);
#3648 = EDGE_LOOP('',(#3649,#3657,#3663,#3664));
#3649 = ORIENTED_EDGE('',*,*,#3650,.T.);
#3650 = EDGE_CURVE('',#3628,#3651,#3653,.T.);
#3651 = VERTEX_POINT('',#3652);
#3652 = CARTESIAN_POINT('',(6.8,-2.,3.7));
#3653 = LINE('',#3654,#3655);
#3654 = CARTESIAN_POINT('',(7.2,-2.,3.7));
#3655 = VECTOR('',#3656,1.);
#3656 = DIRECTION('',(-1.,1.224646799147E-16,0.));
#3657 = ORIENTED_EDGE('',*,*,#3658,.T.);
#3658 = EDGE_CURVE('',#3651,#2529,#3659,.T.);
#3659 = LINE('',#3660,#3661);
#3660 = CARTESIAN_POINT('',(6.8,-2.,3.7));
#3661 = VECTOR('',#3662,1.);
#3662 = DIRECTION('',(-1.224646799147E-16,-1.,0.));
#3663 = ORIENTED_EDGE('',*,*,#2536,.T.);
#3664 = ORIENTED_EDGE('',*,*,#3627,.T.);
#3665 = PLANE('',#3666);
#3666 = AXIS2_PLACEMENT_3D('',#3667,#3668,#3669);
#3667 = CARTESIAN_POINT('',(7.,-2.15,3.7));
#3668 = DIRECTION('',(0.,0.,1.));
#3669 = DIRECTION('',(-1.,1.224646799147E-16,0.));
#3670 = ADVANCED_FACE('',(#3671),#3682,.F.);
#3671 = FACE_BOUND('',#3672,.F.);
#3672 = EDGE_LOOP('',(#3673,#3679,#3680,#3681));
#3673 = ORIENTED_EDGE('',*,*,#3674,.T.);
#3674 = EDGE_CURVE('',#3191,#3651,#3675,.T.);
#3675 = LINE('',#3676,#3677);
#3676 = CARTESIAN_POINT('',(6.8,-2.,1.8));
#3677 = VECTOR('',#3678,1.);
#3678 = DIRECTION('',(0.,0.,1.));
#3679 = ORIENTED_EDGE('',*,*,#3658,.T.);
#3680 = ORIENTED_EDGE('',*,*,#2528,.F.);
#3681 = ORIENTED_EDGE('',*,*,#3190,.F.);
#3682 = PLANE('',#3683);
#3683 = AXIS2_PLACEMENT_3D('',#3684,#3685,#3686);
#3684 = CARTESIAN_POINT('',(6.8,-2.,1.8));
#3685 = DIRECTION('',(1.,-1.224646799147E-16,0.));
#3686 = DIRECTION('',(-1.224646799147E-16,-1.,0.));
#3687 = ADVANCED_FACE('',(#3688),#3706,.F.);
#3688 = FACE_BOUND('',#3689,.F.);
#3689 = EDGE_LOOP('',(#3690,#3691,#3699,#3705));
#3690 = ORIENTED_EDGE('',*,*,#2512,.T.);
#3691 = ORIENTED_EDGE('',*,*,#3692,.T.);
#3692 = EDGE_CURVE('',#2505,#3693,#3695,.T.);
#3693 = VERTEX_POINT('',#3694);
#3694 = CARTESIAN_POINT('',(5.2,-2.,3.7));
#3695 = LINE('',#3696,#3697);
#3696 = CARTESIAN_POINT('',(5.2,-2.3,3.7));
#3697 = VECTOR('',#3698,1.);
#3698 = DIRECTION('',(1.224646799147E-16,1.,0.));
#3699 = ORIENTED_EDGE('',*,*,#3700,.F.);
#3700 = EDGE_CURVE('',#3176,#3693,#3701,.T.);
#3701 = LINE('',#3702,#3703);
#3702 = CARTESIAN_POINT('',(5.2,-2.,1.8));
#3703 = VECTOR('',#3704,1.);
#3704 = DIRECTION('',(0.,0.,1.));
#3705 = ORIENTED_EDGE('',*,*,#3183,.F.);
#3706 = PLANE('',#3707);
#3707 = AXIS2_PLACEMENT_3D('',#3708,#3709,#3710);
#3708 = CARTESIAN_POINT('',(5.2,-2.3,1.8));
#3709 = DIRECTION('',(-1.,1.224646799147E-16,0.));
#3710 = DIRECTION('',(1.224646799147E-16,1.,0.));
#3711 = ADVANCED_FACE('',(#3712),#3730,.T.);
#3712 = FACE_BOUND('',#3713,.T.);
#3713 = EDGE_LOOP('',(#3714,#3722,#3728,#3729));
#3714 = ORIENTED_EDGE('',*,*,#3715,.T.);
#3715 = EDGE_CURVE('',#3693,#3716,#3718,.T.);
#3716 = VERTEX_POINT('',#3717);
#3717 = CARTESIAN_POINT('',(4.8,-2.,3.7));
#3718 = LINE('',#3719,#3720);
#3719 = CARTESIAN_POINT('',(5.2,-2.,3.7));
#3720 = VECTOR('',#3721,1.);
#3721 = DIRECTION('',(-1.,1.224646799147E-16,0.));
#3722 = ORIENTED_EDGE('',*,*,#3723,.T.);
#3723 = EDGE_CURVE('',#3716,#2497,#3724,.T.);
#3724 = LINE('',#3725,#3726);
#3725 = CARTESIAN_POINT('',(4.8,-2.,3.7));
#3726 = VECTOR('',#3727,1.);
#3727 = DIRECTION('',(-1.224646799147E-16,-1.,0.));
#3728 = ORIENTED_EDGE('',*,*,#2504,.T.);
#3729 = ORIENTED_EDGE('',*,*,#3692,.T.);
#3730 = PLANE('',#3731);
#3731 = AXIS2_PLACEMENT_3D('',#3732,#3733,#3734);
#3732 = CARTESIAN_POINT('',(5.,-2.15,3.7));
#3733 = DIRECTION('',(0.,0.,1.));
#3734 = DIRECTION('',(-1.,1.224646799147E-16,0.));
#3735 = ADVANCED_FACE('',(#3736),#3747,.F.);
#3736 = FACE_BOUND('',#3737,.F.);
#3737 = EDGE_LOOP('',(#3738,#3744,#3745,#3746));
#3738 = ORIENTED_EDGE('',*,*,#3739,.T.);
#3739 = EDGE_CURVE('',#3168,#3716,#3740,.T.);
#3740 = LINE('',#3741,#3742);
#3741 = CARTESIAN_POINT('',(4.8,-2.,1.8));
#3742 = VECTOR('',#3743,1.);
#3743 = DIRECTION('',(0.,0.,1.));
#3744 = ORIENTED_EDGE('',*,*,#3723,.T.);
#3745 = ORIENTED_EDGE('',*,*,#2496,.F.);
#3746 = ORIENTED_EDGE('',*,*,#3167,.F.);
#3747 = PLANE('',#3748);
#3748 = AXIS2_PLACEMENT_3D('',#3749,#3750,#3751);
#3749 = CARTESIAN_POINT('',(4.8,-2.,1.8));
#3750 = DIRECTION('',(1.,-1.224646799147E-16,0.));
#3751 = DIRECTION('',(-1.224646799147E-16,-1.,0.));
#3752 = ADVANCED_FACE('',(#3753),#3771,.F.);
#3753 = FACE_BOUND('',#3754,.F.);
#3754 = EDGE_LOOP('',(#3755,#3756,#3764,#3770));
#3755 = ORIENTED_EDGE('',*,*,#2480,.T.);
#3756 = ORIENTED_EDGE('',*,*,#3757,.T.);
#3757 = EDGE_CURVE('',#2473,#3758,#3760,.T.);
#3758 = VERTEX_POINT('',#3759);
#3759 = CARTESIAN_POINT('',(3.2,-2.,3.7));
#3760 = LINE('',#3761,#3762);
#3761 = CARTESIAN_POINT('',(3.2,-2.3,3.7));
#3762 = VECTOR('',#3763,1.);
#3763 = DIRECTION('',(1.224646799147E-16,1.,0.));
#3764 = ORIENTED_EDGE('',*,*,#3765,.F.);
#3765 = EDGE_CURVE('',#3153,#3758,#3766,.T.);
#3766 = LINE('',#3767,#3768);
#3767 = CARTESIAN_POINT('',(3.2,-2.,1.8));
#3768 = VECTOR('',#3769,1.);
#3769 = DIRECTION('',(0.,0.,1.));
#3770 = ORIENTED_EDGE('',*,*,#3160,.F.);
#3771 = PLANE('',#3772);
#3772 = AXIS2_PLACEMENT_3D('',#3773,#3774,#3775);
#3773 = CARTESIAN_POINT('',(3.2,-2.3,1.8));
#3774 = DIRECTION('',(-1.,1.224646799147E-16,0.));
#3775 = DIRECTION('',(1.224646799147E-16,1.,0.));
#3776 = ADVANCED_FACE('',(#3777),#3795,.T.);
#3777 = FACE_BOUND('',#3778,.T.);
#3778 = EDGE_LOOP('',(#3779,#3787,#3793,#3794));
#3779 = ORIENTED_EDGE('',*,*,#3780,.T.);
#3780 = EDGE_CURVE('',#3758,#3781,#3783,.T.);
#3781 = VERTEX_POINT('',#3782);
#3782 = CARTESIAN_POINT('',(2.8,-2.,3.7));
#3783 = LINE('',#3784,#3785);
#3784 = CARTESIAN_POINT('',(3.2,-2.,3.7));
#3785 = VECTOR('',#3786,1.);
#3786 = DIRECTION('',(-1.,1.224646799147E-16,0.));
#3787 = ORIENTED_EDGE('',*,*,#3788,.T.);
#3788 = EDGE_CURVE('',#3781,#2465,#3789,.T.);
#3789 = LINE('',#3790,#3791);
#3790 = CARTESIAN_POINT('',(2.8,-2.,3.7));
#3791 = VECTOR('',#3792,1.);
#3792 = DIRECTION('',(-1.224646799147E-16,-1.,0.));
#3793 = ORIENTED_EDGE('',*,*,#2472,.T.);
#3794 = ORIENTED_EDGE('',*,*,#3757,.T.);
#3795 = PLANE('',#3796);
#3796 = AXIS2_PLACEMENT_3D('',#3797,#3798,#3799);
#3797 = CARTESIAN_POINT('',(3.,-2.15,3.7));
#3798 = DIRECTION('',(0.,0.,1.));
#3799 = DIRECTION('',(-1.,1.224646799147E-16,0.));
#3800 = ADVANCED_FACE('',(#3801),#3812,.F.);
#3801 = FACE_BOUND('',#3802,.F.);
#3802 = EDGE_LOOP('',(#3803,#3809,#3810,#3811));
#3803 = ORIENTED_EDGE('',*,*,#3804,.T.);
#3804 = EDGE_CURVE('',#3145,#3781,#3805,.T.);
#3805 = LINE('',#3806,#3807);
#3806 = CARTESIAN_POINT('',(2.8,-2.,1.8));
#3807 = VECTOR('',#3808,1.);
#3808 = DIRECTION('',(0.,0.,1.));
#3809 = ORIENTED_EDGE('',*,*,#3788,.T.);
#3810 = ORIENTED_EDGE('',*,*,#2464,.F.);
#3811 = ORIENTED_EDGE('',*,*,#3144,.F.);
#3812 = PLANE('',#3813);
#3813 = AXIS2_PLACEMENT_3D('',#3814,#3815,#3816);
#3814 = CARTESIAN_POINT('',(2.8,-2.,1.8));
#3815 = DIRECTION('',(1.,-1.224646799147E-16,0.));
#3816 = DIRECTION('',(-1.224646799147E-16,-1.,0.));
#3817 = ADVANCED_FACE('',(#3818),#3836,.F.);
#3818 = FACE_BOUND('',#3819,.F.);
#3819 = EDGE_LOOP('',(#3820,#3821,#3829,#3835));
#3820 = ORIENTED_EDGE('',*,*,#2448,.T.);
#3821 = ORIENTED_EDGE('',*,*,#3822,.T.);
#3822 = EDGE_CURVE('',#2441,#3823,#3825,.T.);
#3823 = VERTEX_POINT('',#3824);
#3824 = CARTESIAN_POINT('',(1.2,-2.,3.7));
#3825 = LINE('',#3826,#3827);
#3826 = CARTESIAN_POINT('',(1.2,-2.3,3.7));
#3827 = VECTOR('',#3828,1.);
#3828 = DIRECTION('',(1.224646799147E-16,1.,0.));
#3829 = ORIENTED_EDGE('',*,*,#3830,.F.);
#3830 = EDGE_CURVE('',#3130,#3823,#3831,.T.);
#3831 = LINE('',#3832,#3833);
#3832 = CARTESIAN_POINT('',(1.2,-2.,1.8));
#3833 = VECTOR('',#3834,1.);
#3834 = DIRECTION('',(0.,0.,1.));
#3835 = ORIENTED_EDGE('',*,*,#3137,.F.);
#3836 = PLANE('',#3837);
#3837 = AXIS2_PLACEMENT_3D('',#3838,#3839,#3840);
#3838 = CARTESIAN_POINT('',(1.2,-2.3,1.8));
#3839 = DIRECTION('',(-1.,1.224646799147E-16,0.));
#3840 = DIRECTION('',(1.224646799147E-16,1.,0.));
#3841 = ADVANCED_FACE('',(#3842),#3860,.T.);
#3842 = FACE_BOUND('',#3843,.T.);
#3843 = EDGE_LOOP('',(#3844,#3852,#3858,#3859));
#3844 = ORIENTED_EDGE('',*,*,#3845,.T.);
#3845 = EDGE_CURVE('',#3823,#3846,#3848,.T.);
#3846 = VERTEX_POINT('',#3847);
#3847 = CARTESIAN_POINT('',(0.8,-2.,3.7));
#3848 = LINE('',#3849,#3850);
#3849 = CARTESIAN_POINT('',(1.2,-2.,3.7));
#3850 = VECTOR('',#3851,1.);
#3851 = DIRECTION('',(-1.,1.224646799147E-16,0.));
#3852 = ORIENTED_EDGE('',*,*,#3853,.T.);
#3853 = EDGE_CURVE('',#3846,#2433,#3854,.T.);
#3854 = LINE('',#3855,#3856);
#3855 = CARTESIAN_POINT('',(0.8,-2.,3.7));
#3856 = VECTOR('',#3857,1.);
#3857 = DIRECTION('',(-1.224646799147E-16,-1.,0.));
#3858 = ORIENTED_EDGE('',*,*,#2440,.T.);
#3859 = ORIENTED_EDGE('',*,*,#3822,.T.);
#3860 = PLANE('',#3861);
#3861 = AXIS2_PLACEMENT_3D('',#3862,#3863,#3864);
#3862 = CARTESIAN_POINT('',(1.,-2.15,3.7));
#3863 = DIRECTION('',(0.,0.,1.));
#3864 = DIRECTION('',(-1.,1.224646799147E-16,0.));
#3865 = ADVANCED_FACE('',(#3866),#3877,.F.);
#3866 = FACE_BOUND('',#3867,.F.);
#3867 = EDGE_LOOP('',(#3868,#3874,#3875,#3876));
#3868 = ORIENTED_EDGE('',*,*,#3869,.T.);
#3869 = EDGE_CURVE('',#3122,#3846,#3870,.T.);
#3870 = LINE('',#3871,#3872);
#3871 = CARTESIAN_POINT('',(0.8,-2.,1.8));
#3872 = VECTOR('',#3873,1.);
#3873 = DIRECTION('',(0.,0.,1.));
#3874 = ORIENTED_EDGE('',*,*,#3853,.T.);
#3875 = ORIENTED_EDGE('',*,*,#2432,.F.);
#3876 = ORIENTED_EDGE('',*,*,#3121,.F.);
#3877 = PLANE('',#3878);
#3878 = AXIS2_PLACEMENT_3D('',#3879,#3880,#3881);
#3879 = CARTESIAN_POINT('',(0.8,-2.,1.8));
#3880 = DIRECTION('',(1.,-1.224646799147E-16,0.));
#3881 = DIRECTION('',(-1.224646799147E-16,-1.,0.));
#3882 = ADVANCED_FACE('',(#3883),#3940,.F.);
#3883 = FACE_BOUND('',#3884,.F.);
#3884 = EDGE_LOOP('',(#3885,#3895,#3903,#3911,#3917,#3918,#3926,#3934));
#3885 = ORIENTED_EDGE('',*,*,#3886,.T.);
#3886 = EDGE_CURVE('',#3887,#3889,#3891,.T.);
#3887 = VERTEX_POINT('',#3888);
#3888 = CARTESIAN_POINT('',(0.25,0.281578947368,-3.2));
#3889 = VERTEX_POINT('',#3890);
#3890 = CARTESIAN_POINT('',(0.25,-0.218421052632,-3.2));
#3891 = LINE('',#3892,#3893);
#3892 = CARTESIAN_POINT('',(0.25,0.25,-3.2));
#3893 = VECTOR('',#3894,1.);
#3894 = DIRECTION('',(-1.224646799147E-16,-1.,0.));
#3895 = ORIENTED_EDGE('',*,*,#3896,.T.);
#3896 = EDGE_CURVE('',#3889,#3897,#3899,.T.);
#3897 = VERTEX_POINT('',#3898);
#3898 = CARTESIAN_POINT('',(0.25,5.E-02,-1.5));
#3899 = LINE('',#3900,#3901);
#3900 = CARTESIAN_POINT('',(0.25,-0.25,-3.4));
#3901 = VECTOR('',#3902,1.);
#3902 = DIRECTION('',(1.909990663905E-17,0.155962573473,0.987762965329)
  );
#3903 = ORIENTED_EDGE('',*,*,#3904,.T.);
#3904 = EDGE_CURVE('',#3897,#3905,#3907,.T.);
#3905 = VERTEX_POINT('',#3906);
#3906 = CARTESIAN_POINT('',(0.25,-0.25,-0.9));
#3907 = LINE('',#3908,#3909);
#3908 = CARTESIAN_POINT('',(0.25,5.E-02,-1.5));
#3909 = VECTOR('',#3910,1.);
#3910 = DIRECTION('',(-5.476786982641E-17,-0.4472135955,0.894427191));
#3911 = ORIENTED_EDGE('',*,*,#3912,.T.);
#3912 = EDGE_CURVE('',#3905,#2640,#3913,.T.);
#3913 = LINE('',#3914,#3915);
#3914 = CARTESIAN_POINT('',(0.25,-0.25,-0.9));
#3915 = VECTOR('',#3916,1.);
#3916 = DIRECTION('',(0.,0.,1.));
#3917 = ORIENTED_EDGE('',*,*,#2637,.F.);
#3918 = ORIENTED_EDGE('',*,*,#3919,.T.);
#3919 = EDGE_CURVE('',#2638,#3920,#3922,.T.);
#3920 = VERTEX_POINT('',#3921);
#3921 = CARTESIAN_POINT('',(0.25,0.25,-0.9));
#3922 = LINE('',#3923,#3924);
#3923 = CARTESIAN_POINT('',(0.25,0.25,5.));
#3924 = VECTOR('',#3925,1.);
#3925 = DIRECTION('',(-0.,0.,-1.));
#3926 = ORIENTED_EDGE('',*,*,#3927,.T.);
#3927 = EDGE_CURVE('',#3920,#3928,#3930,.T.);
#3928 = VERTEX_POINT('',#3929);
#3929 = CARTESIAN_POINT('',(0.25,0.55,-1.5));
#3930 = LINE('',#3931,#3932);
#3931 = CARTESIAN_POINT('',(0.25,0.25,-0.9));
#3932 = VECTOR('',#3933,1.);
#3933 = DIRECTION('',(5.476786982641E-17,0.4472135955,-0.894427191));
#3934 = ORIENTED_EDGE('',*,*,#3935,.T.);
#3935 = EDGE_CURVE('',#3928,#3887,#3936,.T.);
#3936 = LINE('',#3937,#3938);
#3937 = CARTESIAN_POINT('',(0.25,0.55,-1.5));
#3938 = VECTOR('',#3939,1.);
#3939 = DIRECTION('',(-1.909990663905E-17,-0.155962573473,
    -0.987762965329));
#3940 = PLANE('',#3941);
#3941 = AXIS2_PLACEMENT_3D('',#3942,#3943,#3944);
#3942 = CARTESIAN_POINT('',(0.25,4.326643272645E-02,0.775746953017));
#3943 = DIRECTION('',(-1.,1.224646799147E-16,0.));
#3944 = DIRECTION('',(0.,0.,1.));
#3945 = ADVANCED_FACE('',(#3946),#3964,.F.);
#3946 = FACE_BOUND('',#3947,.F.);
#3947 = EDGE_LOOP('',(#3948,#3949,#3950,#3958));
#3948 = ORIENTED_EDGE('',*,*,#3919,.F.);
#3949 = ORIENTED_EDGE('',*,*,#2663,.F.);
#3950 = ORIENTED_EDGE('',*,*,#3951,.T.);
#3951 = EDGE_CURVE('',#2656,#3952,#3954,.T.);
#3952 = VERTEX_POINT('',#3953);
#3953 = CARTESIAN_POINT('',(-0.25,0.25,-0.9));
#3954 = LINE('',#3955,#3956);
#3955 = CARTESIAN_POINT('',(-0.25,0.25,5.));
#3956 = VECTOR('',#3957,1.);
#3957 = DIRECTION('',(-0.,0.,-1.));
#3958 = ORIENTED_EDGE('',*,*,#3959,.F.);
#3959 = EDGE_CURVE('',#3920,#3952,#3960,.T.);
#3960 = LINE('',#3961,#3962);
#3961 = CARTESIAN_POINT('',(0.25,0.25,-0.9));
#3962 = VECTOR('',#3963,1.);
#3963 = DIRECTION('',(-1.,1.224646799147E-16,0.));
#3964 = PLANE('',#3965);
#3965 = AXIS2_PLACEMENT_3D('',#3966,#3967,#3968);
#3966 = CARTESIAN_POINT('',(0.25,0.25,5.));
#3967 = DIRECTION('',(-1.224646799147E-16,-1.,0.));
#3968 = DIRECTION('',(-0.,0.,-1.));
#3969 = ADVANCED_FACE('',(#3970),#4020,.T.);
#3970 = FACE_BOUND('',#3971,.T.);
#3971 = EDGE_LOOP('',(#3972,#3982,#3990,#3998,#4004,#4005,#4006,#4014));
#3972 = ORIENTED_EDGE('',*,*,#3973,.T.);
#3973 = EDGE_CURVE('',#3974,#3976,#3978,.T.);
#3974 = VERTEX_POINT('',#3975);
#3975 = CARTESIAN_POINT('',(-0.25,0.281578947368,-3.2));
#3976 = VERTEX_POINT('',#3977);
#3977 = CARTESIAN_POINT('',(-0.25,-0.218421052632,-3.2));
#3978 = LINE('',#3979,#3980);
#3979 = CARTESIAN_POINT('',(-0.25,0.25,-3.2));
#3980 = VECTOR('',#3981,1.);
#3981 = DIRECTION('',(-1.224646799147E-16,-1.,0.));
#3982 = ORIENTED_EDGE('',*,*,#3983,.T.);
#3983 = EDGE_CURVE('',#3976,#3984,#3986,.T.);
#3984 = VERTEX_POINT('',#3985);
#3985 = CARTESIAN_POINT('',(-0.25,5.E-02,-1.5));
#3986 = LINE('',#3987,#3988);
#3987 = CARTESIAN_POINT('',(-0.25,-0.25,-3.4));
#3988 = VECTOR('',#3989,1.);
#3989 = DIRECTION('',(1.909990663905E-17,0.155962573473,0.987762965329)
  );
#3990 = ORIENTED_EDGE('',*,*,#3991,.T.);
#3991 = EDGE_CURVE('',#3984,#3992,#3994,.T.);
#3992 = VERTEX_POINT('',#3993);
#3993 = CARTESIAN_POINT('',(-0.25,-0.25,-0.9));
#3994 = LINE('',#3995,#3996);
#3995 = CARTESIAN_POINT('',(-0.25,5.E-02,-1.5));
#3996 = VECTOR('',#3997,1.);
#3997 = DIRECTION('',(-5.476786982641E-17,-0.4472135955,0.894427191));
#3998 = ORIENTED_EDGE('',*,*,#3999,.T.);
#3999 = EDGE_CURVE('',#3992,#2648,#4000,.T.);
#4000 = LINE('',#4001,#4002);
#4001 = CARTESIAN_POINT('',(-0.25,-0.25,-0.9));
#4002 = VECTOR('',#4003,1.);
#4003 = DIRECTION('',(0.,0.,1.));
#4004 = ORIENTED_EDGE('',*,*,#2655,.F.);
#4005 = ORIENTED_EDGE('',*,*,#3951,.T.);
#4006 = ORIENTED_EDGE('',*,*,#4007,.T.);
#4007 = EDGE_CURVE('',#3952,#4008,#4010,.T.);
#4008 = VERTEX_POINT('',#4009);
#4009 = CARTESIAN_POINT('',(-0.25,0.55,-1.5));
#4010 = LINE('',#4011,#4012);
#4011 = CARTESIAN_POINT('',(-0.25,0.25,-0.9));
#4012 = VECTOR('',#4013,1.);
#4013 = DIRECTION('',(5.476786982641E-17,0.4472135955,-0.894427191));
#4014 = ORIENTED_EDGE('',*,*,#4015,.T.);
#4015 = EDGE_CURVE('',#4008,#3974,#4016,.T.);
#4016 = LINE('',#4017,#4018);
#4017 = CARTESIAN_POINT('',(-0.25,0.55,-1.5));
#4018 = VECTOR('',#4019,1.);
#4019 = DIRECTION('',(-1.909990663905E-17,-0.155962573473,
    -0.987762965329));
#4020 = PLANE('',#4021);
#4021 = AXIS2_PLACEMENT_3D('',#4022,#4023,#4024);
#4022 = CARTESIAN_POINT('',(-0.25,4.326643272645E-02,0.775746953017));
#4023 = DIRECTION('',(-1.,1.224646799147E-16,0.));
#4024 = DIRECTION('',(0.,0.,1.));
#4025 = ADVANCED_FACE('',(#4026),#4037,.F.);
#4026 = FACE_BOUND('',#4027,.F.);
#4027 = EDGE_LOOP('',(#4028,#4029,#4035,#4036));
#4028 = ORIENTED_EDGE('',*,*,#3912,.F.);
#4029 = ORIENTED_EDGE('',*,*,#4030,.T.);
#4030 = EDGE_CURVE('',#3905,#3992,#4031,.T.);
#4031 = LINE('',#4032,#4033);
#4032 = CARTESIAN_POINT('',(0.25,-0.25,-0.9));
#4033 = VECTOR('',#4034,1.);
#4034 = DIRECTION('',(-1.,1.224646799147E-16,0.));
#4035 = ORIENTED_EDGE('',*,*,#3999,.T.);
#4036 = ORIENTED_EDGE('',*,*,#2647,.F.);
#4037 = PLANE('',#4038);
#4038 = AXIS2_PLACEMENT_3D('',#4039,#4040,#4041);
#4039 = CARTESIAN_POINT('',(0.25,-0.25,-0.9));
#4040 = DIRECTION('',(1.224646799147E-16,1.,0.));
#4041 = DIRECTION('',(0.,-0.,1.));
#4042 = ADVANCED_FACE('',(#4043),#4068,.F.);
#4043 = FACE_BOUND('',#4044,.F.);
#4044 = EDGE_LOOP('',(#4045,#4055,#4061,#4062));
#4045 = ORIENTED_EDGE('',*,*,#4046,.T.);
#4046 = EDGE_CURVE('',#4047,#4049,#4051,.T.);
#4047 = VERTEX_POINT('',#4048);
#4048 = CARTESIAN_POINT('',(2.25,0.25,-3.2));
#4049 = VERTEX_POINT('',#4050);
#4050 = CARTESIAN_POINT('',(2.25,-0.25,-3.2));
#4051 = LINE('',#4052,#4053);
#4052 = CARTESIAN_POINT('',(2.25,0.25,-3.2));
#4053 = VECTOR('',#4054,1.);
#4054 = DIRECTION('',(-1.224646799147E-16,-1.,0.));
#4055 = ORIENTED_EDGE('',*,*,#4056,.T.);
#4056 = EDGE_CURVE('',#4049,#2686,#4057,.T.);
#4057 = LINE('',#4058,#4059);
#4058 = CARTESIAN_POINT('',(2.25,-0.25,-3.4));
#4059 = VECTOR('',#4060,1.);
#4060 = DIRECTION('',(0.,0.,1.));
#4061 = ORIENTED_EDGE('',*,*,#2683,.F.);
#4062 = ORIENTED_EDGE('',*,*,#4063,.T.);
#4063 = EDGE_CURVE('',#2684,#4047,#4064,.T.);
#4064 = LINE('',#4065,#4066);
#4065 = CARTESIAN_POINT('',(2.25,0.25,5.));
#4066 = VECTOR('',#4067,1.);
#4067 = DIRECTION('',(-0.,0.,-1.));
#4068 = PLANE('',#4069);
#4069 = AXIS2_PLACEMENT_3D('',#4070,#4071,#4072);
#4070 = CARTESIAN_POINT('',(2.25,4.592425496803E-16,0.8));
#4071 = DIRECTION('',(-1.,1.224646799147E-16,0.));
#4072 = DIRECTION('',(0.,0.,1.));
#4073 = ADVANCED_FACE('',(#4074),#4092,.F.);
#4074 = FACE_BOUND('',#4075,.F.);
#4075 = EDGE_LOOP('',(#4076,#4077,#4078,#4086));
#4076 = ORIENTED_EDGE('',*,*,#4063,.F.);
#4077 = ORIENTED_EDGE('',*,*,#2709,.F.);
#4078 = ORIENTED_EDGE('',*,*,#4079,.T.);
#4079 = EDGE_CURVE('',#2702,#4080,#4082,.T.);
#4080 = VERTEX_POINT('',#4081);
#4081 = CARTESIAN_POINT('',(1.75,0.25,-3.2));
#4082 = LINE('',#4083,#4084);
#4083 = CARTESIAN_POINT('',(1.75,0.25,5.));
#4084 = VECTOR('',#4085,1.);
#4085 = DIRECTION('',(-0.,0.,-1.));
#4086 = ORIENTED_EDGE('',*,*,#4087,.F.);
#4087 = EDGE_CURVE('',#4047,#4080,#4088,.T.);
#4088 = LINE('',#4089,#4090);
#4089 = CARTESIAN_POINT('',(2.25,0.25,-3.2));
#4090 = VECTOR('',#4091,1.);
#4091 = DIRECTION('',(-1.,1.224646799147E-16,0.));
#4092 = PLANE('',#4093);
#4093 = AXIS2_PLACEMENT_3D('',#4094,#4095,#4096);
#4094 = CARTESIAN_POINT('',(2.25,0.25,5.));
#4095 = DIRECTION('',(-1.224646799147E-16,-1.,0.));
#4096 = DIRECTION('',(-0.,0.,-1.));
#4097 = ADVANCED_FACE('',(#4098),#4116,.T.);
#4098 = FACE_BOUND('',#4099,.T.);
#4099 = EDGE_LOOP('',(#4100,#4108,#4114,#4115));
#4100 = ORIENTED_EDGE('',*,*,#4101,.T.);
#4101 = EDGE_CURVE('',#4080,#4102,#4104,.T.);
#4102 = VERTEX_POINT('',#4103);
#4103 = CARTESIAN_POINT('',(1.75,-0.25,-3.2));
#4104 = LINE('',#4105,#4106);
#4105 = CARTESIAN_POINT('',(1.75,0.25,-3.2));
#4106 = VECTOR('',#4107,1.);
#4107 = DIRECTION('',(-1.224646799147E-16,-1.,0.));
#4108 = ORIENTED_EDGE('',*,*,#4109,.T.);
#4109 = EDGE_CURVE('',#4102,#2694,#4110,.T.);
#4110 = LINE('',#4111,#4112);
#4111 = CARTESIAN_POINT('',(1.75,-0.25,-3.4));
#4112 = VECTOR('',#4113,1.);
#4113 = DIRECTION('',(0.,0.,1.));
#4114 = ORIENTED_EDGE('',*,*,#2701,.F.);
#4115 = ORIENTED_EDGE('',*,*,#4079,.T.);
#4116 = PLANE('',#4117);
#4117 = AXIS2_PLACEMENT_3D('',#4118,#4119,#4120);
#4118 = CARTESIAN_POINT('',(1.75,5.204748896376E-16,0.8));
#4119 = DIRECTION('',(-1.,1.224646799147E-16,0.));
#4120 = DIRECTION('',(0.,0.,1.));
#4121 = ADVANCED_FACE('',(#4122),#4133,.F.);
#4122 = FACE_BOUND('',#4123,.F.);
#4123 = EDGE_LOOP('',(#4124,#4125,#4131,#4132));
#4124 = ORIENTED_EDGE('',*,*,#4056,.F.);
#4125 = ORIENTED_EDGE('',*,*,#4126,.T.);
#4126 = EDGE_CURVE('',#4049,#4102,#4127,.T.);
#4127 = LINE('',#4128,#4129);
#4128 = CARTESIAN_POINT('',(2.25,-0.25,-3.2));
#4129 = VECTOR('',#4130,1.);
#4130 = DIRECTION('',(-1.,1.224646799147E-16,0.));
#4131 = ORIENTED_EDGE('',*,*,#4109,.T.);
#4132 = ORIENTED_EDGE('',*,*,#2693,.F.);
#4133 = PLANE('',#4134);
#4134 = AXIS2_PLACEMENT_3D('',#4135,#4136,#4137);
#4135 = CARTESIAN_POINT('',(2.25,-0.25,-3.4));
#4136 = DIRECTION('',(1.224646799147E-16,1.,0.));
#4137 = DIRECTION('',(0.,-0.,1.));
#4138 = ADVANCED_FACE('',(#4139),#4164,.T.);
#4139 = FACE_BOUND('',#4140,.T.);
#4140 = EDGE_LOOP('',(#4141,#4151,#4157,#4158));
#4141 = ORIENTED_EDGE('',*,*,#4142,.T.);
#4142 = EDGE_CURVE('',#4143,#4145,#4147,.T.);
#4143 = VERTEX_POINT('',#4144);
#4144 = CARTESIAN_POINT('',(3.75,0.25,-3.2));
#4145 = VERTEX_POINT('',#4146);
#4146 = CARTESIAN_POINT('',(3.75,-0.25,-3.2));
#4147 = LINE('',#4148,#4149);
#4148 = CARTESIAN_POINT('',(3.75,0.25,-3.2));
#4149 = VECTOR('',#4150,1.);
#4150 = DIRECTION('',(-1.224646799147E-16,-1.,0.));
#4151 = ORIENTED_EDGE('',*,*,#4152,.T.);
#4152 = EDGE_CURVE('',#4145,#2732,#4153,.T.);
#4153 = LINE('',#4154,#4155);
#4154 = CARTESIAN_POINT('',(3.75,-0.25,-3.4));
#4155 = VECTOR('',#4156,1.);
#4156 = DIRECTION('',(0.,0.,1.));
#4157 = ORIENTED_EDGE('',*,*,#2729,.F.);
#4158 = ORIENTED_EDGE('',*,*,#4159,.T.);
#4159 = EDGE_CURVE('',#2730,#4143,#4160,.T.);
#4160 = LINE('',#4161,#4162);
#4161 = CARTESIAN_POINT('',(3.75,0.25,5.));
#4162 = VECTOR('',#4163,1.);
#4163 = DIRECTION('',(-0.,0.,-1.));
#4164 = PLANE('',#4165);
#4165 = AXIS2_PLACEMENT_3D('',#4166,#4167,#4168);
#4166 = CARTESIAN_POINT('',(3.75,2.755455298082E-16,0.8));
#4167 = DIRECTION('',(-1.,1.224646799147E-16,0.));
#4168 = DIRECTION('',(0.,0.,1.));
#4169 = ADVANCED_FACE('',(#4170),#4188,.F.);
#4170 = FACE_BOUND('',#4171,.F.);
#4171 = EDGE_LOOP('',(#4172,#4180,#4186,#4187));
#4172 = ORIENTED_EDGE('',*,*,#4173,.F.);
#4173 = EDGE_CURVE('',#4174,#2748,#4176,.T.);
#4174 = VERTEX_POINT('',#4175);
#4175 = CARTESIAN_POINT('',(4.25,-0.25,-3.2));
#4176 = LINE('',#4177,#4178);
#4177 = CARTESIAN_POINT('',(4.25,-0.25,-3.4));
#4178 = VECTOR('',#4179,1.);
#4179 = DIRECTION('',(0.,0.,1.));
#4180 = ORIENTED_EDGE('',*,*,#4181,.T.);
#4181 = EDGE_CURVE('',#4174,#4145,#4182,.T.);
#4182 = LINE('',#4183,#4184);
#4183 = CARTESIAN_POINT('',(4.25,-0.25,-3.2));
#4184 = VECTOR('',#4185,1.);
#4185 = DIRECTION('',(-1.,1.224646799147E-16,0.));
#4186 = ORIENTED_EDGE('',*,*,#4152,.T.);
#4187 = ORIENTED_EDGE('',*,*,#2755,.F.);
#4188 = PLANE('',#4189);
#4189 = AXIS2_PLACEMENT_3D('',#4190,#4191,#4192);
#4190 = CARTESIAN_POINT('',(4.25,-0.25,-3.4));
#4191 = DIRECTION('',(1.224646799147E-16,1.,0.));
#4192 = DIRECTION('',(0.,-0.,1.));
#4193 = ADVANCED_FACE('',(#4194),#4212,.F.);
#4194 = FACE_BOUND('',#4195,.F.);
#4195 = EDGE_LOOP('',(#4196,#4204,#4205,#4206));
#4196 = ORIENTED_EDGE('',*,*,#4197,.T.);
#4197 = EDGE_CURVE('',#4198,#4174,#4200,.T.);
#4198 = VERTEX_POINT('',#4199);
#4199 = CARTESIAN_POINT('',(4.25,0.25,-3.2));
#4200 = LINE('',#4201,#4202);
#4201 = CARTESIAN_POINT('',(4.25,0.25,-3.2));
#4202 = VECTOR('',#4203,1.);
#4203 = DIRECTION('',(-1.224646799147E-16,-1.,0.));
#4204 = ORIENTED_EDGE('',*,*,#4173,.T.);
#4205 = ORIENTED_EDGE('',*,*,#2747,.F.);
#4206 = ORIENTED_EDGE('',*,*,#4207,.T.);
#4207 = EDGE_CURVE('',#2740,#4198,#4208,.T.);
#4208 = LINE('',#4209,#4210);
#4209 = CARTESIAN_POINT('',(4.25,0.25,5.));
#4210 = VECTOR('',#4211,1.);
#4211 = DIRECTION('',(-0.,0.,-1.));
#4212 = PLANE('',#4213);
#4213 = AXIS2_PLACEMENT_3D('',#4214,#4215,#4216);
#4214 = CARTESIAN_POINT('',(4.25,2.143131898508E-16,0.8));
#4215 = DIRECTION('',(-1.,1.224646799147E-16,0.));
#4216 = DIRECTION('',(0.,0.,1.));
#4217 = ADVANCED_FACE('',(#4218),#4229,.F.);
#4218 = FACE_BOUND('',#4219,.F.);
#4219 = EDGE_LOOP('',(#4220,#4221,#4222,#4223));
#4220 = ORIENTED_EDGE('',*,*,#4207,.F.);
#4221 = ORIENTED_EDGE('',*,*,#2739,.F.);
#4222 = ORIENTED_EDGE('',*,*,#4159,.T.);
#4223 = ORIENTED_EDGE('',*,*,#4224,.F.);
#4224 = EDGE_CURVE('',#4198,#4143,#4225,.T.);
#4225 = LINE('',#4226,#4227);
#4226 = CARTESIAN_POINT('',(4.25,0.25,-3.2));
#4227 = VECTOR('',#4228,1.);
#4228 = DIRECTION('',(-1.,1.224646799147E-16,0.));
#4229 = PLANE('',#4230);
#4230 = AXIS2_PLACEMENT_3D('',#4231,#4232,#4233);
#4231 = CARTESIAN_POINT('',(4.25,0.25,5.));
#4232 = DIRECTION('',(-1.224646799147E-16,-1.,0.));
#4233 = DIRECTION('',(-0.,0.,-1.));
#4234 = ADVANCED_FACE('',(#4235),#4260,.T.);
#4235 = FACE_BOUND('',#4236,.T.);
#4236 = EDGE_LOOP('',(#4237,#4247,#4253,#4254));
#4237 = ORIENTED_EDGE('',*,*,#4238,.T.);
#4238 = EDGE_CURVE('',#4239,#4241,#4243,.T.);
#4239 = VERTEX_POINT('',#4240);
#4240 = CARTESIAN_POINT('',(5.75,0.25,-3.2));
#4241 = VERTEX_POINT('',#4242);
#4242 = CARTESIAN_POINT('',(5.75,-0.25,-3.2));
#4243 = LINE('',#4244,#4245);
#4244 = CARTESIAN_POINT('',(5.75,0.25,-3.2));
#4245 = VECTOR('',#4246,1.);
#4246 = DIRECTION('',(-1.224646799147E-16,-1.,0.));
#4247 = ORIENTED_EDGE('',*,*,#4248,.T.);
#4248 = EDGE_CURVE('',#4241,#2778,#4249,.T.);
#4249 = LINE('',#4250,#4251);
#4250 = CARTESIAN_POINT('',(5.75,-0.25,-3.4));
#4251 = VECTOR('',#4252,1.);
#4252 = DIRECTION('',(0.,0.,1.));
#4253 = ORIENTED_EDGE('',*,*,#2775,.F.);
#4254 = ORIENTED_EDGE('',*,*,#4255,.T.);
#4255 = EDGE_CURVE('',#2776,#4239,#4256,.T.);
#4256 = LINE('',#4257,#4258);
#4257 = CARTESIAN_POINT('',(5.75,0.25,5.));
#4258 = VECTOR('',#4259,1.);
#4259 = DIRECTION('',(-0.,0.,-1.));
#4260 = PLANE('',#4261);
#4261 = AXIS2_PLACEMENT_3D('',#4262,#4263,#4264);
#4262 = CARTESIAN_POINT('',(5.75,3.061616997868E-17,0.8));
#4263 = DIRECTION('',(-1.,1.224646799147E-16,0.));
#4264 = DIRECTION('',(0.,0.,1.));
#4265 = ADVANCED_FACE('',(#4266),#4284,.F.);
#4266 = FACE_BOUND('',#4267,.F.);
#4267 = EDGE_LOOP('',(#4268,#4276,#4282,#4283));
#4268 = ORIENTED_EDGE('',*,*,#4269,.F.);
#4269 = EDGE_CURVE('',#4270,#2794,#4272,.T.);
#4270 = VERTEX_POINT('',#4271);
#4271 = CARTESIAN_POINT('',(6.25,-0.25,-3.2));
#4272 = LINE('',#4273,#4274);
#4273 = CARTESIAN_POINT('',(6.25,-0.25,-3.4));
#4274 = VECTOR('',#4275,1.);
#4275 = DIRECTION('',(0.,0.,1.));
#4276 = ORIENTED_EDGE('',*,*,#4277,.T.);
#4277 = EDGE_CURVE('',#4270,#4241,#4278,.T.);
#4278 = LINE('',#4279,#4280);
#4279 = CARTESIAN_POINT('',(6.25,-0.25,-3.2));
#4280 = VECTOR('',#4281,1.);
#4281 = DIRECTION('',(-1.,1.224646799147E-16,0.));
#4282 = ORIENTED_EDGE('',*,*,#4248,.T.);
#4283 = ORIENTED_EDGE('',*,*,#2801,.F.);
#4284 = PLANE('',#4285);
#4285 = AXIS2_PLACEMENT_3D('',#4286,#4287,#4288);
#4286 = CARTESIAN_POINT('',(6.25,-0.25,-3.4));
#4287 = DIRECTION('',(1.224646799147E-16,1.,0.));
#4288 = DIRECTION('',(0.,-0.,1.));
#4289 = ADVANCED_FACE('',(#4290),#4308,.F.);
#4290 = FACE_BOUND('',#4291,.F.);
#4291 = EDGE_LOOP('',(#4292,#4300,#4301,#4302));
#4292 = ORIENTED_EDGE('',*,*,#4293,.T.);
#4293 = EDGE_CURVE('',#4294,#4270,#4296,.T.);
#4294 = VERTEX_POINT('',#4295);
#4295 = CARTESIAN_POINT('',(6.25,0.25,-3.2));
#4296 = LINE('',#4297,#4298);
#4297 = CARTESIAN_POINT('',(6.25,0.25,-3.2));
#4298 = VECTOR('',#4299,1.);
#4299 = DIRECTION('',(-1.224646799147E-16,-1.,0.));
#4300 = ORIENTED_EDGE('',*,*,#4269,.T.);
#4301 = ORIENTED_EDGE('',*,*,#2793,.F.);
#4302 = ORIENTED_EDGE('',*,*,#4303,.T.);
#4303 = EDGE_CURVE('',#2786,#4294,#4304,.T.);
#4304 = LINE('',#4305,#4306);
#4305 = CARTESIAN_POINT('',(6.25,0.25,5.));
#4306 = VECTOR('',#4307,1.);
#4307 = DIRECTION('',(-0.,0.,-1.));
#4308 = PLANE('',#4309);
#4309 = AXIS2_PLACEMENT_3D('',#4310,#4311,#4312);
#4310 = CARTESIAN_POINT('',(6.25,-3.061616997868E-17,0.8));
#4311 = DIRECTION('',(-1.,1.224646799147E-16,0.));
#4312 = DIRECTION('',(0.,0.,1.));
#4313 = ADVANCED_FACE('',(#4314),#4325,.F.);
#4314 = FACE_BOUND('',#4315,.F.);
#4315 = EDGE_LOOP('',(#4316,#4317,#4318,#4319));
#4316 = ORIENTED_EDGE('',*,*,#4303,.F.);
#4317 = ORIENTED_EDGE('',*,*,#2785,.F.);
#4318 = ORIENTED_EDGE('',*,*,#4255,.T.);
#4319 = ORIENTED_EDGE('',*,*,#4320,.F.);
#4320 = EDGE_CURVE('',#4294,#4239,#4321,.T.);
#4321 = LINE('',#4322,#4323);
#4322 = CARTESIAN_POINT('',(6.25,0.25,-3.2));
#4323 = VECTOR('',#4324,1.);
#4324 = DIRECTION('',(-1.,1.224646799147E-16,0.));
#4325 = PLANE('',#4326);
#4326 = AXIS2_PLACEMENT_3D('',#4327,#4328,#4329);
#4327 = CARTESIAN_POINT('',(6.25,0.25,5.));
#4328 = DIRECTION('',(-1.224646799147E-16,-1.,0.));
#4329 = DIRECTION('',(-0.,0.,-1.));
#4330 = ADVANCED_FACE('',(#4331),#4356,.F.);
#4331 = FACE_BOUND('',#4332,.F.);
#4332 = EDGE_LOOP('',(#4333,#4341,#4342,#4350));
#4333 = ORIENTED_EDGE('',*,*,#4334,.F.);
#4334 = EDGE_CURVE('',#2824,#4335,#4337,.T.);
#4335 = VERTEX_POINT('',#4336);
#4336 = CARTESIAN_POINT('',(8.25,0.25,-3.2));
#4337 = LINE('',#4338,#4339);
#4338 = CARTESIAN_POINT('',(8.25,0.25,5.));
#4339 = VECTOR('',#4340,1.);
#4340 = DIRECTION('',(-0.,0.,-1.));
#4341 = ORIENTED_EDGE('',*,*,#2821,.F.);
#4342 = ORIENTED_EDGE('',*,*,#4343,.T.);
#4343 = EDGE_CURVE('',#2822,#4344,#4346,.T.);
#4344 = VERTEX_POINT('',#4345);
#4345 = CARTESIAN_POINT('',(7.75,0.25,-3.2));
#4346 = LINE('',#4347,#4348);
#4347 = CARTESIAN_POINT('',(7.75,0.25,5.));
#4348 = VECTOR('',#4349,1.);
#4349 = DIRECTION('',(-0.,0.,-1.));
#4350 = ORIENTED_EDGE('',*,*,#4351,.F.);
#4351 = EDGE_CURVE('',#4335,#4344,#4352,.T.);
#4352 = LINE('',#4353,#4354);
#4353 = CARTESIAN_POINT('',(8.25,0.25,-3.2));
#4354 = VECTOR('',#4355,1.);
#4355 = DIRECTION('',(-1.,1.224646799147E-16,0.));
#4356 = PLANE('',#4357);
#4357 = AXIS2_PLACEMENT_3D('',#4358,#4359,#4360);
#4358 = CARTESIAN_POINT('',(8.25,0.25,5.));
#4359 = DIRECTION('',(-1.224646799147E-16,-1.,0.));
#4360 = DIRECTION('',(-0.,0.,-1.));
#4361 = ADVANCED_FACE('',(#4362),#4380,.T.);
#4362 = FACE_BOUND('',#4363,.T.);
#4363 = EDGE_LOOP('',(#4364,#4372,#4378,#4379));
#4364 = ORIENTED_EDGE('',*,*,#4365,.T.);
#4365 = EDGE_CURVE('',#4344,#4366,#4368,.T.);
#4366 = VERTEX_POINT('',#4367);
#4367 = CARTESIAN_POINT('',(7.75,-0.25,-3.2));
#4368 = LINE('',#4369,#4370);
#4369 = CARTESIAN_POINT('',(7.75,0.25,-3.2));
#4370 = VECTOR('',#4371,1.);
#4371 = DIRECTION('',(-1.224646799147E-16,-1.,0.));
#4372 = ORIENTED_EDGE('',*,*,#4373,.T.);
#4373 = EDGE_CURVE('',#4366,#2840,#4374,.T.);
#4374 = LINE('',#4375,#4376);
#4375 = CARTESIAN_POINT('',(7.75,-0.25,-3.4));
#4376 = VECTOR('',#4377,1.);
#4377 = DIRECTION('',(0.,0.,1.));
#4378 = ORIENTED_EDGE('',*,*,#2847,.F.);
#4379 = ORIENTED_EDGE('',*,*,#4343,.T.);
#4380 = PLANE('',#4381);
#4381 = AXIS2_PLACEMENT_3D('',#4382,#4383,#4384);
#4382 = CARTESIAN_POINT('',(7.75,-2.143131898508E-16,0.8));
#4383 = DIRECTION('',(-1.,1.224646799147E-16,0.));
#4384 = DIRECTION('',(0.,0.,1.));
#4385 = ADVANCED_FACE('',(#4386),#4404,.F.);
#4386 = FACE_BOUND('',#4387,.F.);
#4387 = EDGE_LOOP('',(#4388,#4396,#4402,#4403));
#4388 = ORIENTED_EDGE('',*,*,#4389,.F.);
#4389 = EDGE_CURVE('',#4390,#2832,#4392,.T.);
#4390 = VERTEX_POINT('',#4391);
#4391 = CARTESIAN_POINT('',(8.25,-0.25,-3.2));
#4392 = LINE('',#4393,#4394);
#4393 = CARTESIAN_POINT('',(8.25,-0.25,-3.4));
#4394 = VECTOR('',#4395,1.);
#4395 = DIRECTION('',(0.,0.,1.));
#4396 = ORIENTED_EDGE('',*,*,#4397,.T.);
#4397 = EDGE_CURVE('',#4390,#4366,#4398,.T.);
#4398 = LINE('',#4399,#4400);
#4399 = CARTESIAN_POINT('',(8.25,-0.25,-3.2));
#4400 = VECTOR('',#4401,1.);
#4401 = DIRECTION('',(-1.,1.224646799147E-16,0.));
#4402 = ORIENTED_EDGE('',*,*,#4373,.T.);
#4403 = ORIENTED_EDGE('',*,*,#2839,.F.);
#4404 = PLANE('',#4405);
#4405 = AXIS2_PLACEMENT_3D('',#4406,#4407,#4408);
#4406 = CARTESIAN_POINT('',(8.25,-0.25,-3.4));
#4407 = DIRECTION('',(1.224646799147E-16,1.,0.));
#4408 = DIRECTION('',(0.,-0.,1.));
#4409 = ADVANCED_FACE('',(#4410),#4421,.F.);
#4410 = FACE_BOUND('',#4411,.F.);
#4411 = EDGE_LOOP('',(#4412,#4418,#4419,#4420));
#4412 = ORIENTED_EDGE('',*,*,#4413,.T.);
#4413 = EDGE_CURVE('',#4335,#4390,#4414,.T.);
#4414 = LINE('',#4415,#4416);
#4415 = CARTESIAN_POINT('',(8.25,0.25,-3.2));
#4416 = VECTOR('',#4417,1.);
#4417 = DIRECTION('',(-1.224646799147E-16,-1.,0.));
#4418 = ORIENTED_EDGE('',*,*,#4389,.T.);
#4419 = ORIENTED_EDGE('',*,*,#2831,.F.);
#4420 = ORIENTED_EDGE('',*,*,#4334,.T.);
#4421 = PLANE('',#4422);
#4422 = AXIS2_PLACEMENT_3D('',#4423,#4424,#4425);
#4423 = CARTESIAN_POINT('',(8.25,-2.755455298082E-16,0.8));
#4424 = DIRECTION('',(-1.,1.224646799147E-16,0.));
#4425 = DIRECTION('',(0.,0.,1.));
#4426 = ADVANCED_FACE('',(#4427),#4452,.T.);
#4427 = FACE_BOUND('',#4428,.T.);
#4428 = EDGE_LOOP('',(#4429,#4439,#4445,#4446));
#4429 = ORIENTED_EDGE('',*,*,#4430,.T.);
#4430 = EDGE_CURVE('',#4431,#4433,#4435,.T.);
#4431 = VERTEX_POINT('',#4432);
#4432 = CARTESIAN_POINT('',(9.75,0.25,-3.2));
#4433 = VERTEX_POINT('',#4434);
#4434 = CARTESIAN_POINT('',(9.75,-0.25,-3.2));
#4435 = LINE('',#4436,#4437);
#4436 = CARTESIAN_POINT('',(9.75,0.25,-3.2));
#4437 = VECTOR('',#4438,1.);
#4438 = DIRECTION('',(-1.224646799147E-16,-1.,0.));
#4439 = ORIENTED_EDGE('',*,*,#4440,.T.);
#4440 = EDGE_CURVE('',#4433,#2870,#4441,.T.);
#4441 = LINE('',#4442,#4443);
#4442 = CARTESIAN_POINT('',(9.75,-0.25,-3.4));
#4443 = VECTOR('',#4444,1.);
#4444 = DIRECTION('',(0.,0.,1.));
#4445 = ORIENTED_EDGE('',*,*,#2867,.F.);
#4446 = ORIENTED_EDGE('',*,*,#4447,.T.);
#4447 = EDGE_CURVE('',#2868,#4431,#4448,.T.);
#4448 = LINE('',#4449,#4450);
#4449 = CARTESIAN_POINT('',(9.75,0.25,5.));
#4450 = VECTOR('',#4451,1.);
#4451 = DIRECTION('',(-0.,0.,-1.));
#4452 = PLANE('',#4453);
#4453 = AXIS2_PLACEMENT_3D('',#4454,#4455,#4456);
#4454 = CARTESIAN_POINT('',(9.75,-4.592425496803E-16,0.8));
#4455 = DIRECTION('',(-1.,1.224646799147E-16,0.));
#4456 = DIRECTION('',(0.,0.,1.));
#4457 = ADVANCED_FACE('',(#4458),#4476,.F.);
#4458 = FACE_BOUND('',#4459,.F.);
#4459 = EDGE_LOOP('',(#4460,#4468,#4474,#4475));
#4460 = ORIENTED_EDGE('',*,*,#4461,.F.);
#4461 = EDGE_CURVE('',#4462,#2886,#4464,.T.);
#4462 = VERTEX_POINT('',#4463);
#4463 = CARTESIAN_POINT('',(10.25,-0.25,-3.2));
#4464 = LINE('',#4465,#4466);
#4465 = CARTESIAN_POINT('',(10.25,-0.25,-3.4));
#4466 = VECTOR('',#4467,1.);
#4467 = DIRECTION('',(0.,0.,1.));
#4468 = ORIENTED_EDGE('',*,*,#4469,.T.);
#4469 = EDGE_CURVE('',#4462,#4433,#4470,.T.);
#4470 = LINE('',#4471,#4472);
#4471 = CARTESIAN_POINT('',(10.25,-0.25,-3.2));
#4472 = VECTOR('',#4473,1.);
#4473 = DIRECTION('',(-1.,1.224646799147E-16,0.));
#4474 = ORIENTED_EDGE('',*,*,#4440,.T.);
#4475 = ORIENTED_EDGE('',*,*,#2893,.F.);
#4476 = PLANE('',#4477);
#4477 = AXIS2_PLACEMENT_3D('',#4478,#4479,#4480);
#4478 = CARTESIAN_POINT('',(10.25,-0.25,-3.4));
#4479 = DIRECTION('',(1.224646799147E-16,1.,0.));
#4480 = DIRECTION('',(0.,-0.,1.));
#4481 = ADVANCED_FACE('',(#4482),#4500,.F.);
#4482 = FACE_BOUND('',#4483,.F.);
#4483 = EDGE_LOOP('',(#4484,#4492,#4493,#4494));
#4484 = ORIENTED_EDGE('',*,*,#4485,.T.);
#4485 = EDGE_CURVE('',#4486,#4462,#4488,.T.);
#4486 = VERTEX_POINT('',#4487);
#4487 = CARTESIAN_POINT('',(10.25,0.25,-3.2));
#4488 = LINE('',#4489,#4490);
#4489 = CARTESIAN_POINT('',(10.25,0.25,-3.2));
#4490 = VECTOR('',#4491,1.);
#4491 = DIRECTION('',(-1.224646799147E-16,-1.,0.));
#4492 = ORIENTED_EDGE('',*,*,#4461,.T.);
#4493 = ORIENTED_EDGE('',*,*,#2885,.F.);
#4494 = ORIENTED_EDGE('',*,*,#4495,.T.);
#4495 = EDGE_CURVE('',#2878,#4486,#4496,.T.);
#4496 = LINE('',#4497,#4498);
#4497 = CARTESIAN_POINT('',(10.25,0.25,5.));
#4498 = VECTOR('',#4499,1.);
#4499 = DIRECTION('',(-0.,0.,-1.));
#4500 = PLANE('',#4501);
#4501 = AXIS2_PLACEMENT_3D('',#4502,#4503,#4504);
#4502 = CARTESIAN_POINT('',(10.25,-5.204748896376E-16,0.8));
#4503 = DIRECTION('',(-1.,1.224646799147E-16,0.));
#4504 = DIRECTION('',(0.,0.,1.));
#4505 = ADVANCED_FACE('',(#4506),#4517,.F.);
#4506 = FACE_BOUND('',#4507,.F.);
#4507 = EDGE_LOOP('',(#4508,#4509,#4510,#4511));
#4508 = ORIENTED_EDGE('',*,*,#4495,.F.);
#4509 = ORIENTED_EDGE('',*,*,#2877,.F.);
#4510 = ORIENTED_EDGE('',*,*,#4447,.T.);
#4511 = ORIENTED_EDGE('',*,*,#4512,.F.);
#4512 = EDGE_CURVE('',#4486,#4431,#4513,.T.);
#4513 = LINE('',#4514,#4515);
#4514 = CARTESIAN_POINT('',(10.25,0.25,-3.2));
#4515 = VECTOR('',#4516,1.);
#4516 = DIRECTION('',(-1.,1.224646799147E-16,0.));
#4517 = PLANE('',#4518);
#4518 = AXIS2_PLACEMENT_3D('',#4519,#4520,#4521);
#4519 = CARTESIAN_POINT('',(10.25,0.25,5.));
#4520 = DIRECTION('',(-1.224646799147E-16,-1.,0.));
#4521 = DIRECTION('',(-0.,0.,-1.));
#4522 = ADVANCED_FACE('',(#4523),#4564,.F.);
#4523 = FACE_BOUND('',#4524,.T.);
#4524 = EDGE_LOOP('',(#4525,#4535,#4543,#4551,#4557,#4558));
#4525 = ORIENTED_EDGE('',*,*,#4526,.F.);
#4526 = EDGE_CURVE('',#4527,#4529,#4531,.T.);
#4527 = VERTEX_POINT('',#4528);
#4528 = CARTESIAN_POINT('',(11.95,5.E-02,-3.4));
#4529 = VERTEX_POINT('',#4530);
#4530 = CARTESIAN_POINT('',(11.752447406934,0.281192514695,
    -3.202447406934));
#4531 = LINE('',#4532,#4533);
#4532 = CARTESIAN_POINT('',(11.895376695718,0.113924744707,
    -3.345376695718));
#4533 = VECTOR('',#4534,1.);
#4534 = DIRECTION('',(-0.544770019249,0.63753529491,0.544770019249));
#4535 = ORIENTED_EDGE('',*,*,#4536,.T.);
#4536 = EDGE_CURVE('',#4527,#4537,#4539,.T.);
#4537 = VERTEX_POINT('',#4538);
#4538 = CARTESIAN_POINT('',(11.95,-5.E-02,-3.4));
#4539 = LINE('',#4540,#4541);
#4540 = CARTESIAN_POINT('',(11.95,0.25,-3.4));
#4541 = VECTOR('',#4542,1.);
#4542 = DIRECTION('',(-1.224646799147E-16,-1.,0.));
#4543 = ORIENTED_EDGE('',*,*,#4544,.T.);
#4544 = EDGE_CURVE('',#4537,#4545,#4547,.T.);
#4545 = VERTEX_POINT('',#4546);
#4546 = CARTESIAN_POINT('',(11.752447406934,-0.218807485305,
    -3.202447406934));
#4547 = LINE('',#4548,#4549);
#4548 = CARTESIAN_POINT('',(11.983963101414,-2.097873708559E-02,
    -3.433963101414));
#4549 = VECTOR('',#4550,1.);
#4550 = DIRECTION('',(-0.605209817607,-0.517148096144,0.605209817607));
#4551 = ORIENTED_EDGE('',*,*,#4552,.T.);
#4552 = EDGE_CURVE('',#4545,#2939,#4553,.T.);
#4553 = LINE('',#4554,#4555);
#4554 = CARTESIAN_POINT('',(11.955198358413,-0.250820793434,
    -3.405198358413));
#4555 = VECTOR('',#4556,1.);
#4556 = DIRECTION('',(-0.702740385383,0.110959008218,0.702740385383));
#4557 = ORIENTED_EDGE('',*,*,#2936,.F.);
#4558 = ORIENTED_EDGE('',*,*,#4559,.F.);
#4559 = EDGE_CURVE('',#4529,#2937,#4560,.T.);
#4560 = LINE('',#4561,#4562);
#4561 = CARTESIAN_POINT('',(11.493844049248,0.322024623803,
    -2.943844049248));
#4562 = VECTOR('',#4563,1.);
#4563 = DIRECTION('',(-0.702740385383,0.110959008218,0.702740385383));
#4564 = PLANE('',#4565);
#4565 = AXIS2_PLACEMENT_3D('',#4566,#4567,#4568);
#4566 = CARTESIAN_POINT('',(11.85,0.25,-3.3));
#4567 = DIRECTION('',(0.707106781187,-8.833102285013E-17,0.707106781187)
  );
#4568 = DIRECTION('',(1.236918052038E-16,1.,1.227125289097E-18));
#4569 = ADVANCED_FACE('',(#4570),#4595,.F.);
#4570 = FACE_BOUND('',#4571,.F.);
#4571 = EDGE_LOOP('',(#4572,#4573,#4579,#4580,#4581,#4589));
#4572 = ORIENTED_EDGE('',*,*,#3065,.F.);
#4573 = ORIENTED_EDGE('',*,*,#4574,.T.);
#4574 = EDGE_CURVE('',#3058,#2978,#4575,.T.);
#4575 = LINE('',#4576,#4577);
#4576 = CARTESIAN_POINT('',(12.25,0.55,-1.5));
#4577 = VECTOR('',#4578,1.);
#4578 = DIRECTION('',(-1.,1.224646799147E-16,0.));
#4579 = ORIENTED_EDGE('',*,*,#2985,.T.);
#4580 = ORIENTED_EDGE('',*,*,#4559,.F.);
#4581 = ORIENTED_EDGE('',*,*,#4582,.F.);
#4582 = EDGE_CURVE('',#4583,#4529,#4585,.T.);
#4583 = VERTEX_POINT('',#4584);
#4584 = CARTESIAN_POINT('',(12.247552593066,0.281192514695,
    -3.202447406934));
#4585 = LINE('',#4586,#4587);
#4586 = CARTESIAN_POINT('',(12.25,0.281192514695,-3.202447406934));
#4587 = VECTOR('',#4588,1.);
#4588 = DIRECTION('',(-1.,1.224646799147E-16,0.));
#4589 = ORIENTED_EDGE('',*,*,#4590,.T.);
#4590 = EDGE_CURVE('',#4583,#3024,#4591,.T.);
#4591 = LINE('',#4592,#4593);
#4592 = CARTESIAN_POINT('',(12.629616963064,0.341518467852,
    -2.820383036936));
#4593 = VECTOR('',#4594,1.);
#4594 = DIRECTION('',(0.702740385383,0.110959008218,0.702740385383));
#4595 = PLANE('',#4596);
#4596 = AXIS2_PLACEMENT_3D('',#4597,#4598,#4599);
#4597 = CARTESIAN_POINT('',(12.25,0.55,-1.5));
#4598 = DIRECTION('',(-1.209660753807E-16,-0.987762965329,0.155962573473
    ));
#4599 = DIRECTION('',(-1.909990663905E-17,-0.155962573473,
    -0.987762965329));
#4600 = ADVANCED_FACE('',(#4601),#4607,.F.);
#4601 = FACE_BOUND('',#4602,.F.);
#4602 = EDGE_LOOP('',(#4603,#4604,#4605,#4606));
#4603 = ORIENTED_EDGE('',*,*,#3082,.T.);
#4604 = ORIENTED_EDGE('',*,*,#2977,.T.);
#4605 = ORIENTED_EDGE('',*,*,#4574,.F.);
#4606 = ORIENTED_EDGE('',*,*,#3057,.F.);
#4607 = PLANE('',#4608);
#4608 = AXIS2_PLACEMENT_3D('',#4609,#4610,#4611);
#4609 = CARTESIAN_POINT('',(12.25,0.25,-0.9));
#4610 = DIRECTION('',(-1.095357396528E-16,-0.894427191,-0.4472135955));
#4611 = DIRECTION('',(5.476786982641E-17,0.4472135955,-0.894427191));
#4612 = ADVANCED_FACE('',(#4613),#4624,.F.);
#4613 = FACE_BOUND('',#4614,.F.);
#4614 = EDGE_LOOP('',(#4615,#4621,#4622,#4623));
#4615 = ORIENTED_EDGE('',*,*,#4616,.T.);
#4616 = EDGE_CURVE('',#3034,#2947,#4617,.T.);
#4617 = LINE('',#4618,#4619);
#4618 = CARTESIAN_POINT('',(12.25,5.E-02,-1.5));
#4619 = VECTOR('',#4620,1.);
#4620 = DIRECTION('',(-1.,1.224646799147E-16,0.));
#4621 = ORIENTED_EDGE('',*,*,#2954,.T.);
#4622 = ORIENTED_EDGE('',*,*,#3007,.F.);
#4623 = ORIENTED_EDGE('',*,*,#3041,.F.);
#4624 = PLANE('',#4625);
#4625 = AXIS2_PLACEMENT_3D('',#4626,#4627,#4628);
#4626 = CARTESIAN_POINT('',(12.25,5.E-02,-1.5));
#4627 = DIRECTION('',(1.095357396528E-16,0.894427191,0.4472135955));
#4628 = DIRECTION('',(-5.476786982641E-17,-0.4472135955,0.894427191));
#4629 = ADVANCED_FACE('',(#4630),#4650,.F.);
#4630 = FACE_BOUND('',#4631,.F.);
#4631 = EDGE_LOOP('',(#4632,#4633,#4641,#4647,#4648,#4649));
#4632 = ORIENTED_EDGE('',*,*,#3033,.F.);
#4633 = ORIENTED_EDGE('',*,*,#4634,.F.);
#4634 = EDGE_CURVE('',#4635,#3026,#4637,.T.);
#4635 = VERTEX_POINT('',#4636);
#4636 = CARTESIAN_POINT('',(12.247552593066,-0.218807485305,
    -3.202447406934));
#4637 = LINE('',#4638,#4639);
#4638 = CARTESIAN_POINT('',(12.168262653899,-0.231326949384,
    -3.281737346101));
#4639 = VECTOR('',#4640,1.);
#4640 = DIRECTION('',(0.702740385383,0.110959008218,0.702740385383));
#4641 = ORIENTED_EDGE('',*,*,#4642,.T.);
#4642 = EDGE_CURVE('',#4635,#4545,#4643,.T.);
#4643 = LINE('',#4644,#4645);
#4644 = CARTESIAN_POINT('',(12.25,-0.218807485305,-3.202447406934));
#4645 = VECTOR('',#4646,1.);
#4646 = DIRECTION('',(-1.,1.224646799147E-16,0.));
#4647 = ORIENTED_EDGE('',*,*,#4552,.T.);
#4648 = ORIENTED_EDGE('',*,*,#2946,.T.);
#4649 = ORIENTED_EDGE('',*,*,#4616,.F.);
#4650 = PLANE('',#4651);
#4651 = AXIS2_PLACEMENT_3D('',#4652,#4653,#4654);
#4652 = CARTESIAN_POINT('',(12.25,-0.25,-3.4));
#4653 = DIRECTION('',(1.209660753807E-16,0.987762965329,-0.155962573473)
  );
#4654 = DIRECTION('',(1.909990663905E-17,0.155962573473,0.987762965329)
  );
#4655 = ADVANCED_FACE('',(#4656),#4683,.T.);
#4656 = FACE_BOUND('',#4657,.F.);
#4657 = EDGE_LOOP('',(#4658,#4666,#4674,#4680,#4681,#4682));
#4658 = ORIENTED_EDGE('',*,*,#4659,.F.);
#4659 = EDGE_CURVE('',#4660,#4583,#4662,.T.);
#4660 = VERTEX_POINT('',#4661);
#4661 = CARTESIAN_POINT('',(12.05,5.E-02,-3.4));
#4662 = LINE('',#4663,#4664);
#4663 = CARTESIAN_POINT('',(12.17881689775,0.200752273427,-3.27118310225
    ));
#4664 = VECTOR('',#4665,1.);
#4665 = DIRECTION('',(0.544770019249,0.63753529491,0.544770019249));
#4666 = ORIENTED_EDGE('',*,*,#4667,.T.);
#4667 = EDGE_CURVE('',#4660,#4668,#4670,.T.);
#4668 = VERTEX_POINT('',#4669);
#4669 = CARTESIAN_POINT('',(12.05,-5.E-02,-3.4));
#4670 = LINE('',#4671,#4672);
#4671 = CARTESIAN_POINT('',(12.05,0.25,-3.4));
#4672 = VECTOR('',#4673,1.);
#4673 = DIRECTION('',(-1.224646799147E-16,-1.,0.));
#4674 = ORIENTED_EDGE('',*,*,#4675,.T.);
#4675 = EDGE_CURVE('',#4668,#4635,#4676,.T.);
#4676 = LINE('',#4677,#4678);
#4677 = CARTESIAN_POINT('',(12.107606629418,-9.922451332131E-02,
    -3.342393370582));
#4678 = VECTOR('',#4679,1.);
#4679 = DIRECTION('',(0.605209817607,-0.517148096144,0.605209817607));
#4680 = ORIENTED_EDGE('',*,*,#4634,.T.);
#4681 = ORIENTED_EDGE('',*,*,#3023,.F.);
#4682 = ORIENTED_EDGE('',*,*,#4590,.F.);
#4683 = PLANE('',#4684);
#4684 = AXIS2_PLACEMENT_3D('',#4685,#4686,#4687);
#4685 = CARTESIAN_POINT('',(12.15,0.25,-3.3));
#4686 = DIRECTION('',(0.707106781187,-8.486018839685E-17,-0.707106781187
    ));
#4687 = DIRECTION('',(1.212375546256E-16,1.,1.227125289196E-18));
#4688 = ADVANCED_FACE('',(#4689),#4695,.F.);
#4689 = FACE_BOUND('',#4690,.F.);
#4690 = EDGE_LOOP('',(#4691,#4692,#4693,#4694));
#4691 = ORIENTED_EDGE('',*,*,#3505,.T.);
#4692 = ORIENTED_EDGE('',*,*,#3520,.T.);
#4693 = ORIENTED_EDGE('',*,*,#3544,.F.);
#4694 = ORIENTED_EDGE('',*,*,#3244,.F.);
#4695 = PLANE('',#4696);
#4696 = AXIS2_PLACEMENT_3D('',#4697,#4698,#4699);
#4697 = CARTESIAN_POINT('',(11.2,-2.,1.8));
#4698 = DIRECTION('',(-1.224646799147E-16,-1.,0.));
#4699 = DIRECTION('',(-1.,1.224646799147E-16,0.));
#4700 = ADVANCED_FACE('',(#4701),#4707,.F.);
#4701 = FACE_BOUND('',#4702,.F.);
#4702 = EDGE_LOOP('',(#4703,#4704,#4705,#4706));
#4703 = ORIENTED_EDGE('',*,*,#3570,.T.);
#4704 = ORIENTED_EDGE('',*,*,#3585,.T.);
#4705 = ORIENTED_EDGE('',*,*,#3609,.F.);
#4706 = ORIENTED_EDGE('',*,*,#3221,.F.);
#4707 = PLANE('',#4708);
#4708 = AXIS2_PLACEMENT_3D('',#4709,#4710,#4711);
#4709 = CARTESIAN_POINT('',(9.2,-2.,1.8));
#4710 = DIRECTION('',(-1.224646799147E-16,-1.,0.));
#4711 = DIRECTION('',(-1.,1.224646799147E-16,0.));
#4712 = ADVANCED_FACE('',(#4713),#4719,.F.);
#4713 = FACE_BOUND('',#4714,.F.);
#4714 = EDGE_LOOP('',(#4715,#4716,#4717,#4718));
#4715 = ORIENTED_EDGE('',*,*,#3830,.T.);
#4716 = ORIENTED_EDGE('',*,*,#3845,.T.);
#4717 = ORIENTED_EDGE('',*,*,#3869,.F.);
#4718 = ORIENTED_EDGE('',*,*,#3129,.F.);
#4719 = PLANE('',#4720);
#4720 = AXIS2_PLACEMENT_3D('',#4721,#4722,#4723);
#4721 = CARTESIAN_POINT('',(1.2,-2.,1.8));
#4722 = DIRECTION('',(-1.224646799147E-16,-1.,0.));
#4723 = DIRECTION('',(-1.,1.224646799147E-16,0.));
#4724 = ADVANCED_FACE('',(#4725),#4731,.F.);
#4725 = FACE_BOUND('',#4726,.F.);
#4726 = EDGE_LOOP('',(#4727,#4728,#4729,#4730));
#4727 = ORIENTED_EDGE('',*,*,#3635,.T.);
#4728 = ORIENTED_EDGE('',*,*,#3650,.T.);
#4729 = ORIENTED_EDGE('',*,*,#3674,.F.);
#4730 = ORIENTED_EDGE('',*,*,#3198,.F.);
#4731 = PLANE('',#4732);
#4732 = AXIS2_PLACEMENT_3D('',#4733,#4734,#4735);
#4733 = CARTESIAN_POINT('',(7.2,-2.,1.8));
#4734 = DIRECTION('',(-1.224646799147E-16,-1.,0.));
#4735 = DIRECTION('',(-1.,1.224646799147E-16,0.));
#4736 = ADVANCED_FACE('',(#4737),#4743,.F.);
#4737 = FACE_BOUND('',#4738,.F.);
#4738 = EDGE_LOOP('',(#4739,#4740,#4741,#4742));
#4739 = ORIENTED_EDGE('',*,*,#3765,.T.);
#4740 = ORIENTED_EDGE('',*,*,#3780,.T.);
#4741 = ORIENTED_EDGE('',*,*,#3804,.F.);
#4742 = ORIENTED_EDGE('',*,*,#3152,.F.);
#4743 = PLANE('',#4744);
#4744 = AXIS2_PLACEMENT_3D('',#4745,#4746,#4747);
#4745 = CARTESIAN_POINT('',(3.2,-2.,1.8));
#4746 = DIRECTION('',(-1.224646799147E-16,-1.,0.));
#4747 = DIRECTION('',(-1.,1.224646799147E-16,0.));
#4748 = ADVANCED_FACE('',(#4749),#4755,.F.);
#4749 = FACE_BOUND('',#4750,.F.);
#4750 = EDGE_LOOP('',(#4751,#4752,#4753,#4754));
#4751 = ORIENTED_EDGE('',*,*,#3700,.T.);
#4752 = ORIENTED_EDGE('',*,*,#3715,.T.);
#4753 = ORIENTED_EDGE('',*,*,#3739,.F.);
#4754 = ORIENTED_EDGE('',*,*,#3175,.F.);
#4755 = PLANE('',#4756);
#4756 = AXIS2_PLACEMENT_3D('',#4757,#4758,#4759);
#4757 = CARTESIAN_POINT('',(5.2,-2.,1.8));
#4758 = DIRECTION('',(-1.224646799147E-16,-1.,0.));
#4759 = DIRECTION('',(-1.,1.224646799147E-16,0.));
#4760 = ADVANCED_FACE('',(#4761),#4786,.T.);
#4761 = FACE_BOUND('',#4762,.T.);
#4762 = EDGE_LOOP('',(#4763,#4764,#4772,#4780));
#4763 = ORIENTED_EDGE('',*,*,#3252,.T.);
#4764 = ORIENTED_EDGE('',*,*,#4765,.T.);
#4765 = EDGE_CURVE('',#3255,#4766,#4768,.T.);
#4766 = VERTEX_POINT('',#4767);
#4767 = CARTESIAN_POINT('',(9.75,-0.25,4.8));
#4768 = LINE('',#4769,#4770);
#4769 = CARTESIAN_POINT('',(9.75,-0.25,-3.4));
#4770 = VECTOR('',#4771,1.);
#4771 = DIRECTION('',(0.,0.,1.));
#4772 = ORIENTED_EDGE('',*,*,#4773,.T.);
#4773 = EDGE_CURVE('',#4766,#4774,#4776,.T.);
#4774 = VERTEX_POINT('',#4775);
#4775 = CARTESIAN_POINT('',(9.75,0.25,4.8));
#4776 = LINE('',#4777,#4778);
#4777 = CARTESIAN_POINT('',(9.75,-0.25,4.8));
#4778 = VECTOR('',#4779,1.);
#4779 = DIRECTION('',(1.224646799147E-16,1.,0.));
#4780 = ORIENTED_EDGE('',*,*,#4781,.T.);
#4781 = EDGE_CURVE('',#4774,#3253,#4782,.T.);
#4782 = LINE('',#4783,#4784);
#4783 = CARTESIAN_POINT('',(9.75,0.25,5.));
#4784 = VECTOR('',#4785,1.);
#4785 = DIRECTION('',(-0.,0.,-1.));
#4786 = PLANE('',#4787);
#4787 = AXIS2_PLACEMENT_3D('',#4788,#4789,#4790);
#4788 = CARTESIAN_POINT('',(9.75,-4.592425496803E-16,0.8));
#4789 = DIRECTION('',(-1.,1.224646799147E-16,0.));
#4790 = DIRECTION('',(0.,0.,1.));
#4791 = ADVANCED_FACE('',(#4792),#4810,.F.);
#4792 = FACE_BOUND('',#4793,.F.);
#4793 = EDGE_LOOP('',(#4794,#4802,#4803,#4804));
#4794 = ORIENTED_EDGE('',*,*,#4795,.F.);
#4795 = EDGE_CURVE('',#3271,#4796,#4798,.T.);
#4796 = VERTEX_POINT('',#4797);
#4797 = CARTESIAN_POINT('',(10.25,-0.25,4.8));
#4798 = LINE('',#4799,#4800);
#4799 = CARTESIAN_POINT('',(10.25,-0.25,-3.4));
#4800 = VECTOR('',#4801,1.);
#4801 = DIRECTION('',(0.,0.,1.));
#4802 = ORIENTED_EDGE('',*,*,#3278,.T.);
#4803 = ORIENTED_EDGE('',*,*,#4765,.T.);
#4804 = ORIENTED_EDGE('',*,*,#4805,.F.);
#4805 = EDGE_CURVE('',#4796,#4766,#4806,.T.);
#4806 = LINE('',#4807,#4808);
#4807 = CARTESIAN_POINT('',(10.25,-0.25,4.8));
#4808 = VECTOR('',#4809,1.);
#4809 = DIRECTION('',(-1.,1.224646799147E-16,0.));
#4810 = PLANE('',#4811);
#4811 = AXIS2_PLACEMENT_3D('',#4812,#4813,#4814);
#4812 = CARTESIAN_POINT('',(10.25,-0.25,-3.4));
#4813 = DIRECTION('',(1.224646799147E-16,1.,0.));
#4814 = DIRECTION('',(0.,-0.,1.));
#4815 = ADVANCED_FACE('',(#4816),#4834,.F.);
#4816 = FACE_BOUND('',#4817,.F.);
#4817 = EDGE_LOOP('',(#4818,#4819,#4820,#4828));
#4818 = ORIENTED_EDGE('',*,*,#3270,.T.);
#4819 = ORIENTED_EDGE('',*,*,#4795,.T.);
#4820 = ORIENTED_EDGE('',*,*,#4821,.T.);
#4821 = EDGE_CURVE('',#4796,#4822,#4824,.T.);
#4822 = VERTEX_POINT('',#4823);
#4823 = CARTESIAN_POINT('',(10.25,0.25,4.8));
#4824 = LINE('',#4825,#4826);
#4825 = CARTESIAN_POINT('',(10.25,-0.25,4.8));
#4826 = VECTOR('',#4827,1.);
#4827 = DIRECTION('',(1.224646799147E-16,1.,0.));
#4828 = ORIENTED_EDGE('',*,*,#4829,.T.);
#4829 = EDGE_CURVE('',#4822,#3263,#4830,.T.);
#4830 = LINE('',#4831,#4832);
#4831 = CARTESIAN_POINT('',(10.25,0.25,5.));
#4832 = VECTOR('',#4833,1.);
#4833 = DIRECTION('',(-0.,0.,-1.));
#4834 = PLANE('',#4835);
#4835 = AXIS2_PLACEMENT_3D('',#4836,#4837,#4838);
#4836 = CARTESIAN_POINT('',(10.25,-5.204748896376E-16,0.8));
#4837 = DIRECTION('',(-1.,1.224646799147E-16,0.));
#4838 = DIRECTION('',(0.,0.,1.));
#4839 = ADVANCED_FACE('',(#4840),#4851,.F.);
#4840 = FACE_BOUND('',#4841,.F.);
#4841 = EDGE_LOOP('',(#4842,#4843,#4849,#4850));
#4842 = ORIENTED_EDGE('',*,*,#4829,.F.);
#4843 = ORIENTED_EDGE('',*,*,#4844,.T.);
#4844 = EDGE_CURVE('',#4822,#4774,#4845,.T.);
#4845 = LINE('',#4846,#4847);
#4846 = CARTESIAN_POINT('',(10.25,0.25,4.8));
#4847 = VECTOR('',#4848,1.);
#4848 = DIRECTION('',(-1.,1.224646799147E-16,0.));
#4849 = ORIENTED_EDGE('',*,*,#4781,.T.);
#4850 = ORIENTED_EDGE('',*,*,#3262,.T.);
#4851 = PLANE('',#4852);
#4852 = AXIS2_PLACEMENT_3D('',#4853,#4854,#4855);
#4853 = CARTESIAN_POINT('',(10.25,0.25,5.));
#4854 = DIRECTION('',(-1.224646799147E-16,-1.,0.));
#4855 = DIRECTION('',(-0.,0.,-1.));
#4856 = ADVANCED_FACE('',(#4857),#4882,.F.);
#4857 = FACE_BOUND('',#4858,.F.);
#4858 = EDGE_LOOP('',(#4859,#4867,#4875,#4881));
#4859 = ORIENTED_EDGE('',*,*,#4860,.F.);
#4860 = EDGE_CURVE('',#4861,#3289,#4863,.T.);
#4861 = VERTEX_POINT('',#4862);
#4862 = CARTESIAN_POINT('',(8.25,0.25,4.8));
#4863 = LINE('',#4864,#4865);
#4864 = CARTESIAN_POINT('',(8.25,0.25,5.));
#4865 = VECTOR('',#4866,1.);
#4866 = DIRECTION('',(-0.,0.,-1.));
#4867 = ORIENTED_EDGE('',*,*,#4868,.T.);
#4868 = EDGE_CURVE('',#4861,#4869,#4871,.T.);
#4869 = VERTEX_POINT('',#4870);
#4870 = CARTESIAN_POINT('',(7.75,0.25,4.8));
#4871 = LINE('',#4872,#4873);
#4872 = CARTESIAN_POINT('',(8.25,0.25,4.8));
#4873 = VECTOR('',#4874,1.);
#4874 = DIRECTION('',(-1.,1.224646799147E-16,0.));
#4875 = ORIENTED_EDGE('',*,*,#4876,.T.);
#4876 = EDGE_CURVE('',#4869,#3287,#4877,.T.);
#4877 = LINE('',#4878,#4879);
#4878 = CARTESIAN_POINT('',(7.75,0.25,5.));
#4879 = VECTOR('',#4880,1.);
#4880 = DIRECTION('',(-0.,0.,-1.));
#4881 = ORIENTED_EDGE('',*,*,#3286,.T.);
#4882 = PLANE('',#4883);
#4883 = AXIS2_PLACEMENT_3D('',#4884,#4885,#4886);
#4884 = CARTESIAN_POINT('',(8.25,0.25,5.));
#4885 = DIRECTION('',(-1.224646799147E-16,-1.,0.));
#4886 = DIRECTION('',(-0.,0.,-1.));
#4887 = ADVANCED_FACE('',(#4888),#4906,.T.);
#4888 = FACE_BOUND('',#4889,.T.);
#4889 = EDGE_LOOP('',(#4890,#4891,#4899,#4905));
#4890 = ORIENTED_EDGE('',*,*,#3312,.T.);
#4891 = ORIENTED_EDGE('',*,*,#4892,.T.);
#4892 = EDGE_CURVE('',#3305,#4893,#4895,.T.);
#4893 = VERTEX_POINT('',#4894);
#4894 = CARTESIAN_POINT('',(7.75,-0.25,4.8));
#4895 = LINE('',#4896,#4897);
#4896 = CARTESIAN_POINT('',(7.75,-0.25,-3.4));
#4897 = VECTOR('',#4898,1.);
#4898 = DIRECTION('',(0.,0.,1.));
#4899 = ORIENTED_EDGE('',*,*,#4900,.T.);
#4900 = EDGE_CURVE('',#4893,#4869,#4901,.T.);
#4901 = LINE('',#4902,#4903);
#4902 = CARTESIAN_POINT('',(7.75,-0.25,4.8));
#4903 = VECTOR('',#4904,1.);
#4904 = DIRECTION('',(1.224646799147E-16,1.,0.));
#4905 = ORIENTED_EDGE('',*,*,#4876,.T.);
#4906 = PLANE('',#4907);
#4907 = AXIS2_PLACEMENT_3D('',#4908,#4909,#4910);
#4908 = CARTESIAN_POINT('',(7.75,-2.143131898508E-16,0.8));
#4909 = DIRECTION('',(-1.,1.224646799147E-16,0.));
#4910 = DIRECTION('',(0.,0.,1.));
#4911 = ADVANCED_FACE('',(#4912),#4930,.F.);
#4912 = FACE_BOUND('',#4913,.F.);
#4913 = EDGE_LOOP('',(#4914,#4922,#4923,#4924));
#4914 = ORIENTED_EDGE('',*,*,#4915,.F.);
#4915 = EDGE_CURVE('',#3297,#4916,#4918,.T.);
#4916 = VERTEX_POINT('',#4917);
#4917 = CARTESIAN_POINT('',(8.25,-0.25,4.8));
#4918 = LINE('',#4919,#4920);
#4919 = CARTESIAN_POINT('',(8.25,-0.25,-3.4));
#4920 = VECTOR('',#4921,1.);
#4921 = DIRECTION('',(0.,0.,1.));
#4922 = ORIENTED_EDGE('',*,*,#3304,.T.);
#4923 = ORIENTED_EDGE('',*,*,#4892,.T.);
#4924 = ORIENTED_EDGE('',*,*,#4925,.F.);
#4925 = EDGE_CURVE('',#4916,#4893,#4926,.T.);
#4926 = LINE('',#4927,#4928);
#4927 = CARTESIAN_POINT('',(8.25,-0.25,4.8));
#4928 = VECTOR('',#4929,1.);
#4929 = DIRECTION('',(-1.,1.224646799147E-16,0.));
#4930 = PLANE('',#4931);
#4931 = AXIS2_PLACEMENT_3D('',#4932,#4933,#4934);
#4932 = CARTESIAN_POINT('',(8.25,-0.25,-3.4));
#4933 = DIRECTION('',(1.224646799147E-16,1.,0.));
#4934 = DIRECTION('',(0.,-0.,1.));
#4935 = ADVANCED_FACE('',(#4936),#4947,.F.);
#4936 = FACE_BOUND('',#4937,.F.);
#4937 = EDGE_LOOP('',(#4938,#4939,#4940,#4946));
#4938 = ORIENTED_EDGE('',*,*,#3296,.T.);
#4939 = ORIENTED_EDGE('',*,*,#4915,.T.);
#4940 = ORIENTED_EDGE('',*,*,#4941,.T.);
#4941 = EDGE_CURVE('',#4916,#4861,#4942,.T.);
#4942 = LINE('',#4943,#4944);
#4943 = CARTESIAN_POINT('',(8.25,-0.25,4.8));
#4944 = VECTOR('',#4945,1.);
#4945 = DIRECTION('',(1.224646799147E-16,1.,0.));
#4946 = ORIENTED_EDGE('',*,*,#4860,.T.);
#4947 = PLANE('',#4948);
#4948 = AXIS2_PLACEMENT_3D('',#4949,#4950,#4951);
#4949 = CARTESIAN_POINT('',(8.25,-2.755455298082E-16,0.8));
#4950 = DIRECTION('',(-1.,1.224646799147E-16,0.));
#4951 = DIRECTION('',(0.,0.,1.));
#4952 = ADVANCED_FACE('',(#4953),#4978,.T.);
#4953 = FACE_BOUND('',#4954,.T.);
#4954 = EDGE_LOOP('',(#4955,#4956,#4964,#4972));
#4955 = ORIENTED_EDGE('',*,*,#3320,.T.);
#4956 = ORIENTED_EDGE('',*,*,#4957,.T.);
#4957 = EDGE_CURVE('',#3323,#4958,#4960,.T.);
#4958 = VERTEX_POINT('',#4959);
#4959 = CARTESIAN_POINT('',(3.75,-0.25,4.8));
#4960 = LINE('',#4961,#4962);
#4961 = CARTESIAN_POINT('',(3.75,-0.25,-3.4));
#4962 = VECTOR('',#4963,1.);
#4963 = DIRECTION('',(0.,0.,1.));
#4964 = ORIENTED_EDGE('',*,*,#4965,.T.);
#4965 = EDGE_CURVE('',#4958,#4966,#4968,.T.);
#4966 = VERTEX_POINT('',#4967);
#4967 = CARTESIAN_POINT('',(3.75,0.25,4.8));
#4968 = LINE('',#4969,#4970);
#4969 = CARTESIAN_POINT('',(3.75,-0.25,4.8));
#4970 = VECTOR('',#4971,1.);
#4971 = DIRECTION('',(1.224646799147E-16,1.,0.));
#4972 = ORIENTED_EDGE('',*,*,#4973,.T.);
#4973 = EDGE_CURVE('',#4966,#3321,#4974,.T.);
#4974 = LINE('',#4975,#4976);
#4975 = CARTESIAN_POINT('',(3.75,0.25,5.));
#4976 = VECTOR('',#4977,1.);
#4977 = DIRECTION('',(-0.,0.,-1.));
#4978 = PLANE('',#4979);
#4979 = AXIS2_PLACEMENT_3D('',#4980,#4981,#4982);
#4980 = CARTESIAN_POINT('',(3.75,2.755455298082E-16,0.8));
#4981 = DIRECTION('',(-1.,1.224646799147E-16,0.));
#4982 = DIRECTION('',(0.,0.,1.));
#4983 = ADVANCED_FACE('',(#4984),#5002,.F.);
#4984 = FACE_BOUND('',#4985,.F.);
#4985 = EDGE_LOOP('',(#4986,#4994,#4995,#4996));
#4986 = ORIENTED_EDGE('',*,*,#4987,.F.);
#4987 = EDGE_CURVE('',#3339,#4988,#4990,.T.);
#4988 = VERTEX_POINT('',#4989);
#4989 = CARTESIAN_POINT('',(4.25,-0.25,4.8));
#4990 = LINE('',#4991,#4992);
#4991 = CARTESIAN_POINT('',(4.25,-0.25,-3.4));
#4992 = VECTOR('',#4993,1.);
#4993 = DIRECTION('',(0.,0.,1.));
#4994 = ORIENTED_EDGE('',*,*,#3346,.T.);
#4995 = ORIENTED_EDGE('',*,*,#4957,.T.);
#4996 = ORIENTED_EDGE('',*,*,#4997,.F.);
#4997 = EDGE_CURVE('',#4988,#4958,#4998,.T.);
#4998 = LINE('',#4999,#5000);
#4999 = CARTESIAN_POINT('',(4.25,-0.25,4.8));
#5000 = VECTOR('',#5001,1.);
#5001 = DIRECTION('',(-1.,1.224646799147E-16,0.));
#5002 = PLANE('',#5003);
#5003 = AXIS2_PLACEMENT_3D('',#5004,#5005,#5006);
#5004 = CARTESIAN_POINT('',(4.25,-0.25,-3.4));
#5005 = DIRECTION('',(1.224646799147E-16,1.,0.));
#5006 = DIRECTION('',(0.,-0.,1.));
#5007 = ADVANCED_FACE('',(#5008),#5026,.F.);
#5008 = FACE_BOUND('',#5009,.F.);
#5009 = EDGE_LOOP('',(#5010,#5011,#5012,#5020));
#5010 = ORIENTED_EDGE('',*,*,#3338,.T.);
#5011 = ORIENTED_EDGE('',*,*,#4987,.T.);
#5012 = ORIENTED_EDGE('',*,*,#5013,.T.);
#5013 = EDGE_CURVE('',#4988,#5014,#5016,.T.);
#5014 = VERTEX_POINT('',#5015);
#5015 = CARTESIAN_POINT('',(4.25,0.25,4.8));
#5016 = LINE('',#5017,#5018);
#5017 = CARTESIAN_POINT('',(4.25,-0.25,4.8));
#5018 = VECTOR('',#5019,1.);
#5019 = DIRECTION('',(1.224646799147E-16,1.,0.));
#5020 = ORIENTED_EDGE('',*,*,#5021,.T.);
#5021 = EDGE_CURVE('',#5014,#3331,#5022,.T.);
#5022 = LINE('',#5023,#5024);
#5023 = CARTESIAN_POINT('',(4.25,0.25,5.));
#5024 = VECTOR('',#5025,1.);
#5025 = DIRECTION('',(-0.,0.,-1.));
#5026 = PLANE('',#5027);
#5027 = AXIS2_PLACEMENT_3D('',#5028,#5029,#5030);
#5028 = CARTESIAN_POINT('',(4.25,2.143131898508E-16,0.8));
#5029 = DIRECTION('',(-1.,1.224646799147E-16,0.));
#5030 = DIRECTION('',(0.,0.,1.));
#5031 = ADVANCED_FACE('',(#5032),#5043,.F.);
#5032 = FACE_BOUND('',#5033,.F.);
#5033 = EDGE_LOOP('',(#5034,#5035,#5041,#5042));
#5034 = ORIENTED_EDGE('',*,*,#5021,.F.);
#5035 = ORIENTED_EDGE('',*,*,#5036,.T.);
#5036 = EDGE_CURVE('',#5014,#4966,#5037,.T.);
#5037 = LINE('',#5038,#5039);
#5038 = CARTESIAN_POINT('',(4.25,0.25,4.8));
#5039 = VECTOR('',#5040,1.);
#5040 = DIRECTION('',(-1.,1.224646799147E-16,0.));
#5041 = ORIENTED_EDGE('',*,*,#4973,.T.);
#5042 = ORIENTED_EDGE('',*,*,#3330,.T.);
#5043 = PLANE('',#5044);
#5044 = AXIS2_PLACEMENT_3D('',#5045,#5046,#5047);
#5045 = CARTESIAN_POINT('',(4.25,0.25,5.));
#5046 = DIRECTION('',(-1.224646799147E-16,-1.,0.));
#5047 = DIRECTION('',(-0.,0.,-1.));
#5048 = ADVANCED_FACE('',(#5049),#5074,.T.);
#5049 = FACE_BOUND('',#5050,.T.);
#5050 = EDGE_LOOP('',(#5051,#5052,#5060,#5068));
#5051 = ORIENTED_EDGE('',*,*,#3354,.T.);
#5052 = ORIENTED_EDGE('',*,*,#5053,.T.);
#5053 = EDGE_CURVE('',#3357,#5054,#5056,.T.);
#5054 = VERTEX_POINT('',#5055);
#5055 = CARTESIAN_POINT('',(5.75,-0.25,4.8));
#5056 = LINE('',#5057,#5058);
#5057 = CARTESIAN_POINT('',(5.75,-0.25,-3.4));
#5058 = VECTOR('',#5059,1.);
#5059 = DIRECTION('',(0.,0.,1.));
#5060 = ORIENTED_EDGE('',*,*,#5061,.T.);
#5061 = EDGE_CURVE('',#5054,#5062,#5064,.T.);
#5062 = VERTEX_POINT('',#5063);
#5063 = CARTESIAN_POINT('',(5.75,0.25,4.8));
#5064 = LINE('',#5065,#5066);
#5065 = CARTESIAN_POINT('',(5.75,-0.25,4.8));
#5066 = VECTOR('',#5067,1.);
#5067 = DIRECTION('',(1.224646799147E-16,1.,0.));
#5068 = ORIENTED_EDGE('',*,*,#5069,.T.);
#5069 = EDGE_CURVE('',#5062,#3355,#5070,.T.);
#5070 = LINE('',#5071,#5072);
#5071 = CARTESIAN_POINT('',(5.75,0.25,5.));
#5072 = VECTOR('',#5073,1.);
#5073 = DIRECTION('',(-0.,0.,-1.));
#5074 = PLANE('',#5075);
#5075 = AXIS2_PLACEMENT_3D('',#5076,#5077,#5078);
#5076 = CARTESIAN_POINT('',(5.75,3.061616997868E-17,0.8));
#5077 = DIRECTION('',(-1.,1.224646799147E-16,0.));
#5078 = DIRECTION('',(0.,0.,1.));
#5079 = ADVANCED_FACE('',(#5080),#5098,.F.);
#5080 = FACE_BOUND('',#5081,.F.);
#5081 = EDGE_LOOP('',(#5082,#5090,#5091,#5092));
#5082 = ORIENTED_EDGE('',*,*,#5083,.F.);
#5083 = EDGE_CURVE('',#3373,#5084,#5086,.T.);
#5084 = VERTEX_POINT('',#5085);
#5085 = CARTESIAN_POINT('',(6.25,-0.25,4.8));
#5086 = LINE('',#5087,#5088);
#5087 = CARTESIAN_POINT('',(6.25,-0.25,-3.4));
#5088 = VECTOR('',#5089,1.);
#5089 = DIRECTION('',(0.,0.,1.));
#5090 = ORIENTED_EDGE('',*,*,#3380,.T.);
#5091 = ORIENTED_EDGE('',*,*,#5053,.T.);
#5092 = ORIENTED_EDGE('',*,*,#5093,.F.);
#5093 = EDGE_CURVE('',#5084,#5054,#5094,.T.);
#5094 = LINE('',#5095,#5096);
#5095 = CARTESIAN_POINT('',(6.25,-0.25,4.8));
#5096 = VECTOR('',#5097,1.);
#5097 = DIRECTION('',(-1.,1.224646799147E-16,0.));
#5098 = PLANE('',#5099);
#5099 = AXIS2_PLACEMENT_3D('',#5100,#5101,#5102);
#5100 = CARTESIAN_POINT('',(6.25,-0.25,-3.4));
#5101 = DIRECTION('',(1.224646799147E-16,1.,0.));
#5102 = DIRECTION('',(0.,-0.,1.));
#5103 = ADVANCED_FACE('',(#5104),#5122,.F.);
#5104 = FACE_BOUND('',#5105,.F.);
#5105 = EDGE_LOOP('',(#5106,#5107,#5108,#5116));
#5106 = ORIENTED_EDGE('',*,*,#3372,.T.);
#5107 = ORIENTED_EDGE('',*,*,#5083,.T.);
#5108 = ORIENTED_EDGE('',*,*,#5109,.T.);
#5109 = EDGE_CURVE('',#5084,#5110,#5112,.T.);
#5110 = VERTEX_POINT('',#5111);
#5111 = CARTESIAN_POINT('',(6.25,0.25,4.8));
#5112 = LINE('',#5113,#5114);
#5113 = CARTESIAN_POINT('',(6.25,-0.25,4.8));
#5114 = VECTOR('',#5115,1.);
#5115 = DIRECTION('',(1.224646799147E-16,1.,0.));
#5116 = ORIENTED_EDGE('',*,*,#5117,.T.);
#5117 = EDGE_CURVE('',#5110,#3365,#5118,.T.);
#5118 = LINE('',#5119,#5120);
#5119 = CARTESIAN_POINT('',(6.25,0.25,5.));
#5120 = VECTOR('',#5121,1.);
#5121 = DIRECTION('',(-0.,0.,-1.));
#5122 = PLANE('',#5123);
#5123 = AXIS2_PLACEMENT_3D('',#5124,#5125,#5126);
#5124 = CARTESIAN_POINT('',(6.25,-3.061616997868E-17,0.8));
#5125 = DIRECTION('',(-1.,1.224646799147E-16,0.));
#5126 = DIRECTION('',(0.,0.,1.));
#5127 = ADVANCED_FACE('',(#5128),#5139,.F.);
#5128 = FACE_BOUND('',#5129,.F.);
#5129 = EDGE_LOOP('',(#5130,#5131,#5137,#5138));
#5130 = ORIENTED_EDGE('',*,*,#5117,.F.);
#5131 = ORIENTED_EDGE('',*,*,#5132,.T.);
#5132 = EDGE_CURVE('',#5110,#5062,#5133,.T.);
#5133 = LINE('',#5134,#5135);
#5134 = CARTESIAN_POINT('',(6.25,0.25,4.8));
#5135 = VECTOR('',#5136,1.);
#5136 = DIRECTION('',(-1.,1.224646799147E-16,0.));
#5137 = ORIENTED_EDGE('',*,*,#5069,.T.);
#5138 = ORIENTED_EDGE('',*,*,#3364,.T.);
#5139 = PLANE('',#5140);
#5140 = AXIS2_PLACEMENT_3D('',#5141,#5142,#5143);
#5141 = CARTESIAN_POINT('',(6.25,0.25,5.));
#5142 = DIRECTION('',(-1.224646799147E-16,-1.,0.));
#5143 = DIRECTION('',(-0.,0.,-1.));
#5144 = ADVANCED_FACE('',(#5145),#5170,.F.);
#5145 = FACE_BOUND('',#5146,.F.);
#5146 = EDGE_LOOP('',(#5147,#5148,#5156,#5164));
#5147 = ORIENTED_EDGE('',*,*,#3388,.T.);
#5148 = ORIENTED_EDGE('',*,*,#5149,.T.);
#5149 = EDGE_CURVE('',#3391,#5150,#5152,.T.);
#5150 = VERTEX_POINT('',#5151);
#5151 = CARTESIAN_POINT('',(2.25,-0.25,4.8));
#5152 = LINE('',#5153,#5154);
#5153 = CARTESIAN_POINT('',(2.25,-0.25,-3.4));
#5154 = VECTOR('',#5155,1.);
#5155 = DIRECTION('',(0.,0.,1.));
#5156 = ORIENTED_EDGE('',*,*,#5157,.T.);
#5157 = EDGE_CURVE('',#5150,#5158,#5160,.T.);
#5158 = VERTEX_POINT('',#5159);
#5159 = CARTESIAN_POINT('',(2.25,0.25,4.8));
#5160 = LINE('',#5161,#5162);
#5161 = CARTESIAN_POINT('',(2.25,-0.25,4.8));
#5162 = VECTOR('',#5163,1.);
#5163 = DIRECTION('',(1.224646799147E-16,1.,0.));
#5164 = ORIENTED_EDGE('',*,*,#5165,.T.);
#5165 = EDGE_CURVE('',#5158,#3389,#5166,.T.);
#5166 = LINE('',#5167,#5168);
#5167 = CARTESIAN_POINT('',(2.25,0.25,5.));
#5168 = VECTOR('',#5169,1.);
#5169 = DIRECTION('',(-0.,0.,-1.));
#5170 = PLANE('',#5171);
#5171 = AXIS2_PLACEMENT_3D('',#5172,#5173,#5174);
#5172 = CARTESIAN_POINT('',(2.25,4.592425496803E-16,0.8));
#5173 = DIRECTION('',(-1.,1.224646799147E-16,0.));
#5174 = DIRECTION('',(0.,0.,1.));
#5175 = ADVANCED_FACE('',(#5176),#5194,.F.);
#5176 = FACE_BOUND('',#5177,.F.);
#5177 = EDGE_LOOP('',(#5178,#5179,#5187,#5193));
#5178 = ORIENTED_EDGE('',*,*,#5165,.F.);
#5179 = ORIENTED_EDGE('',*,*,#5180,.T.);
#5180 = EDGE_CURVE('',#5158,#5181,#5183,.T.);
#5181 = VERTEX_POINT('',#5182);
#5182 = CARTESIAN_POINT('',(1.75,0.25,4.8));
#5183 = LINE('',#5184,#5185);
#5184 = CARTESIAN_POINT('',(2.25,0.25,4.8));
#5185 = VECTOR('',#5186,1.);
#5186 = DIRECTION('',(-1.,1.224646799147E-16,0.));
#5187 = ORIENTED_EDGE('',*,*,#5188,.T.);
#5188 = EDGE_CURVE('',#5181,#3407,#5189,.T.);
#5189 = LINE('',#5190,#5191);
#5190 = CARTESIAN_POINT('',(1.75,0.25,5.));
#5191 = VECTOR('',#5192,1.);
#5192 = DIRECTION('',(-0.,0.,-1.));
#5193 = ORIENTED_EDGE('',*,*,#3414,.T.);
#5194 = PLANE('',#5195);
#5195 = AXIS2_PLACEMENT_3D('',#5196,#5197,#5198);
#5196 = CARTESIAN_POINT('',(2.25,0.25,5.));
#5197 = DIRECTION('',(-1.224646799147E-16,-1.,0.));
#5198 = DIRECTION('',(-0.,0.,-1.));
#5199 = ADVANCED_FACE('',(#5200),#5218,.T.);
#5200 = FACE_BOUND('',#5201,.T.);
#5201 = EDGE_LOOP('',(#5202,#5203,#5211,#5217));
#5202 = ORIENTED_EDGE('',*,*,#3406,.T.);
#5203 = ORIENTED_EDGE('',*,*,#5204,.T.);
#5204 = EDGE_CURVE('',#3399,#5205,#5207,.T.);
#5205 = VERTEX_POINT('',#5206);
#5206 = CARTESIAN_POINT('',(1.75,-0.25,4.8));
#5207 = LINE('',#5208,#5209);
#5208 = CARTESIAN_POINT('',(1.75,-0.25,-3.4));
#5209 = VECTOR('',#5210,1.);
#5210 = DIRECTION('',(0.,0.,1.));
#5211 = ORIENTED_EDGE('',*,*,#5212,.T.);
#5212 = EDGE_CURVE('',#5205,#5181,#5213,.T.);
#5213 = LINE('',#5214,#5215);
#5214 = CARTESIAN_POINT('',(1.75,-0.25,4.8));
#5215 = VECTOR('',#5216,1.);
#5216 = DIRECTION('',(1.224646799147E-16,1.,0.));
#5217 = ORIENTED_EDGE('',*,*,#5188,.T.);
#5218 = PLANE('',#5219);
#5219 = AXIS2_PLACEMENT_3D('',#5220,#5221,#5222);
#5220 = CARTESIAN_POINT('',(1.75,5.204748896376E-16,0.8));
#5221 = DIRECTION('',(-1.,1.224646799147E-16,0.));
#5222 = DIRECTION('',(0.,0.,1.));
#5223 = ADVANCED_FACE('',(#5224),#5235,.F.);
#5224 = FACE_BOUND('',#5225,.F.);
#5225 = EDGE_LOOP('',(#5226,#5227,#5228,#5229));
#5226 = ORIENTED_EDGE('',*,*,#5149,.F.);
#5227 = ORIENTED_EDGE('',*,*,#3398,.T.);
#5228 = ORIENTED_EDGE('',*,*,#5204,.T.);
#5229 = ORIENTED_EDGE('',*,*,#5230,.F.);
#5230 = EDGE_CURVE('',#5150,#5205,#5231,.T.);
#5231 = LINE('',#5232,#5233);
#5232 = CARTESIAN_POINT('',(2.25,-0.25,4.8));
#5233 = VECTOR('',#5234,1.);
#5234 = DIRECTION('',(-1.,1.224646799147E-16,0.));
#5235 = PLANE('',#5236);
#5236 = AXIS2_PLACEMENT_3D('',#5237,#5238,#5239);
#5237 = CARTESIAN_POINT('',(2.25,-0.25,-3.4));
#5238 = DIRECTION('',(1.224646799147E-16,1.,0.));
#5239 = DIRECTION('',(0.,-0.,1.));
#5240 = ADVANCED_FACE('',(#5241),#5266,.T.);
#5241 = FACE_BOUND('',#5242,.T.);
#5242 = EDGE_LOOP('',(#5243,#5244,#5252,#5260));
#5243 = ORIENTED_EDGE('',*,*,#3422,.T.);
#5244 = ORIENTED_EDGE('',*,*,#5245,.T.);
#5245 = EDGE_CURVE('',#3425,#5246,#5248,.T.);
#5246 = VERTEX_POINT('',#5247);
#5247 = CARTESIAN_POINT('',(11.75,-0.25,4.8));
#5248 = LINE('',#5249,#5250);
#5249 = CARTESIAN_POINT('',(11.75,-0.25,-0.9));
#5250 = VECTOR('',#5251,1.);
#5251 = DIRECTION('',(0.,0.,1.));
#5252 = ORIENTED_EDGE('',*,*,#5253,.T.);
#5253 = EDGE_CURVE('',#5246,#5254,#5256,.T.);
#5254 = VERTEX_POINT('',#5255);
#5255 = CARTESIAN_POINT('',(11.75,0.25,4.8));
#5256 = LINE('',#5257,#5258);
#5257 = CARTESIAN_POINT('',(11.75,-0.25,4.8));
#5258 = VECTOR('',#5259,1.);
#5259 = DIRECTION('',(1.224646799147E-16,1.,0.));
#5260 = ORIENTED_EDGE('',*,*,#5261,.T.);
#5261 = EDGE_CURVE('',#5254,#3423,#5262,.T.);
#5262 = LINE('',#5263,#5264);
#5263 = CARTESIAN_POINT('',(11.75,0.25,5.));
#5264 = VECTOR('',#5265,1.);
#5265 = DIRECTION('',(-0.,0.,-1.));
#5266 = PLANE('',#5267);
#5267 = AXIS2_PLACEMENT_3D('',#5268,#5269,#5270);
#5268 = CARTESIAN_POINT('',(11.75,4.326643272645E-02,0.775746953017));
#5269 = DIRECTION('',(-1.,1.224646799147E-16,0.));
#5270 = DIRECTION('',(0.,0.,1.));
#5271 = ADVANCED_FACE('',(#5272),#5290,.F.);
#5272 = FACE_BOUND('',#5273,.F.);
#5273 = EDGE_LOOP('',(#5274,#5282,#5283,#5284));
#5274 = ORIENTED_EDGE('',*,*,#5275,.F.);
#5275 = EDGE_CURVE('',#3441,#5276,#5278,.T.);
#5276 = VERTEX_POINT('',#5277);
#5277 = CARTESIAN_POINT('',(12.25,-0.25,4.8));
#5278 = LINE('',#5279,#5280);
#5279 = CARTESIAN_POINT('',(12.25,-0.25,-0.9));
#5280 = VECTOR('',#5281,1.);
#5281 = DIRECTION('',(0.,0.,1.));
#5282 = ORIENTED_EDGE('',*,*,#3448,.T.);
#5283 = ORIENTED_EDGE('',*,*,#5245,.T.);
#5284 = ORIENTED_EDGE('',*,*,#5285,.F.);
#5285 = EDGE_CURVE('',#5276,#5246,#5286,.T.);
#5286 = LINE('',#5287,#5288);
#5287 = CARTESIAN_POINT('',(12.25,-0.25,4.8));
#5288 = VECTOR('',#5289,1.);
#5289 = DIRECTION('',(-1.,1.224646799147E-16,0.));
#5290 = PLANE('',#5291);
#5291 = AXIS2_PLACEMENT_3D('',#5292,#5293,#5294);
#5292 = CARTESIAN_POINT('',(12.25,-0.25,-0.9));
#5293 = DIRECTION('',(1.224646799147E-16,1.,0.));
#5294 = DIRECTION('',(0.,-0.,1.));
#5295 = ADVANCED_FACE('',(#5296),#5314,.F.);
#5296 = FACE_BOUND('',#5297,.F.);
#5297 = EDGE_LOOP('',(#5298,#5299,#5300,#5308));
#5298 = ORIENTED_EDGE('',*,*,#3440,.T.);
#5299 = ORIENTED_EDGE('',*,*,#5275,.T.);
#5300 = ORIENTED_EDGE('',*,*,#5301,.T.);
#5301 = EDGE_CURVE('',#5276,#5302,#5304,.T.);
#5302 = VERTEX_POINT('',#5303);
#5303 = CARTESIAN_POINT('',(12.25,0.25,4.8));
#5304 = LINE('',#5305,#5306);
#5305 = CARTESIAN_POINT('',(12.25,-0.25,4.8));
#5306 = VECTOR('',#5307,1.);
#5307 = DIRECTION('',(1.224646799147E-16,1.,0.));
#5308 = ORIENTED_EDGE('',*,*,#5309,.T.);
#5309 = EDGE_CURVE('',#5302,#3433,#5310,.T.);
#5310 = LINE('',#5311,#5312);
#5311 = CARTESIAN_POINT('',(12.25,0.25,5.));
#5312 = VECTOR('',#5313,1.);
#5313 = DIRECTION('',(-0.,0.,-1.));
#5314 = PLANE('',#5315);
#5315 = AXIS2_PLACEMENT_3D('',#5316,#5317,#5318);
#5316 = CARTESIAN_POINT('',(12.25,4.326643272645E-02,0.775746953017));
#5317 = DIRECTION('',(-1.,1.224646799147E-16,0.));
#5318 = DIRECTION('',(0.,0.,1.));
#5319 = ADVANCED_FACE('',(#5320),#5331,.F.);
#5320 = FACE_BOUND('',#5321,.F.);
#5321 = EDGE_LOOP('',(#5322,#5323,#5329,#5330));
#5322 = ORIENTED_EDGE('',*,*,#5309,.F.);
#5323 = ORIENTED_EDGE('',*,*,#5324,.T.);
#5324 = EDGE_CURVE('',#5302,#5254,#5325,.T.);
#5325 = LINE('',#5326,#5327);
#5326 = CARTESIAN_POINT('',(12.25,0.25,4.8));
#5327 = VECTOR('',#5328,1.);
#5328 = DIRECTION('',(-1.,1.224646799147E-16,0.));
#5329 = ORIENTED_EDGE('',*,*,#5261,.T.);
#5330 = ORIENTED_EDGE('',*,*,#3432,.T.);
#5331 = PLANE('',#5332);
#5332 = AXIS2_PLACEMENT_3D('',#5333,#5334,#5335);
#5333 = CARTESIAN_POINT('',(12.25,0.25,5.));
#5334 = DIRECTION('',(-1.224646799147E-16,-1.,0.));
#5335 = DIRECTION('',(-0.,0.,-1.));
#5336 = ADVANCED_FACE('',(#5337),#5362,.F.);
#5337 = FACE_BOUND('',#5338,.F.);
#5338 = EDGE_LOOP('',(#5339,#5340,#5348,#5356));
#5339 = ORIENTED_EDGE('',*,*,#3456,.T.);
#5340 = ORIENTED_EDGE('',*,*,#5341,.T.);
#5341 = EDGE_CURVE('',#3459,#5342,#5344,.T.);
#5342 = VERTEX_POINT('',#5343);
#5343 = CARTESIAN_POINT('',(0.25,-0.25,4.8));
#5344 = LINE('',#5345,#5346);
#5345 = CARTESIAN_POINT('',(0.25,-0.25,-0.9));
#5346 = VECTOR('',#5347,1.);
#5347 = DIRECTION('',(0.,0.,1.));
#5348 = ORIENTED_EDGE('',*,*,#5349,.T.);
#5349 = EDGE_CURVE('',#5342,#5350,#5352,.T.);
#5350 = VERTEX_POINT('',#5351);
#5351 = CARTESIAN_POINT('',(0.25,0.25,4.8));
#5352 = LINE('',#5353,#5354);
#5353 = CARTESIAN_POINT('',(0.25,-0.25,4.8));
#5354 = VECTOR('',#5355,1.);
#5355 = DIRECTION('',(1.224646799147E-16,1.,0.));
#5356 = ORIENTED_EDGE('',*,*,#5357,.T.);
#5357 = EDGE_CURVE('',#5350,#3457,#5358,.T.);
#5358 = LINE('',#5359,#5360);
#5359 = CARTESIAN_POINT('',(0.25,0.25,5.));
#5360 = VECTOR('',#5361,1.);
#5361 = DIRECTION('',(-0.,0.,-1.));
#5362 = PLANE('',#5363);
#5363 = AXIS2_PLACEMENT_3D('',#5364,#5365,#5366);
#5364 = CARTESIAN_POINT('',(0.25,4.326643272645E-02,0.775746953017));
#5365 = DIRECTION('',(-1.,1.224646799147E-16,0.));
#5366 = DIRECTION('',(0.,0.,1.));
#5367 = ADVANCED_FACE('',(#5368),#5386,.F.);
#5368 = FACE_BOUND('',#5369,.F.);
#5369 = EDGE_LOOP('',(#5370,#5371,#5379,#5385));
#5370 = ORIENTED_EDGE('',*,*,#5357,.F.);
#5371 = ORIENTED_EDGE('',*,*,#5372,.T.);
#5372 = EDGE_CURVE('',#5350,#5373,#5375,.T.);
#5373 = VERTEX_POINT('',#5374);
#5374 = CARTESIAN_POINT('',(-0.25,0.25,4.8));
#5375 = LINE('',#5376,#5377);
#5376 = CARTESIAN_POINT('',(0.25,0.25,4.8));
#5377 = VECTOR('',#5378,1.);
#5378 = DIRECTION('',(-1.,1.224646799147E-16,0.));
#5379 = ORIENTED_EDGE('',*,*,#5380,.T.);
#5380 = EDGE_CURVE('',#5373,#3475,#5381,.T.);
#5381 = LINE('',#5382,#5383);
#5382 = CARTESIAN_POINT('',(-0.25,0.25,5.));
#5383 = VECTOR('',#5384,1.);
#5384 = DIRECTION('',(-0.,0.,-1.));
#5385 = ORIENTED_EDGE('',*,*,#3482,.T.);
#5386 = PLANE('',#5387);
#5387 = AXIS2_PLACEMENT_3D('',#5388,#5389,#5390);
#5388 = CARTESIAN_POINT('',(0.25,0.25,5.));
#5389 = DIRECTION('',(-1.224646799147E-16,-1.,0.));
#5390 = DIRECTION('',(-0.,0.,-1.));
#5391 = ADVANCED_FACE('',(#5392),#5410,.T.);
#5392 = FACE_BOUND('',#5393,.T.);
#5393 = EDGE_LOOP('',(#5394,#5395,#5403,#5409));
#5394 = ORIENTED_EDGE('',*,*,#3474,.T.);
#5395 = ORIENTED_EDGE('',*,*,#5396,.T.);
#5396 = EDGE_CURVE('',#3467,#5397,#5399,.T.);
#5397 = VERTEX_POINT('',#5398);
#5398 = CARTESIAN_POINT('',(-0.25,-0.25,4.8));
#5399 = LINE('',#5400,#5401);
#5400 = CARTESIAN_POINT('',(-0.25,-0.25,-0.9));
#5401 = VECTOR('',#5402,1.);
#5402 = DIRECTION('',(0.,0.,1.));
#5403 = ORIENTED_EDGE('',*,*,#5404,.T.);
#5404 = EDGE_CURVE('',#5397,#5373,#5405,.T.);
#5405 = LINE('',#5406,#5407);
#5406 = CARTESIAN_POINT('',(-0.25,-0.25,4.8));
#5407 = VECTOR('',#5408,1.);
#5408 = DIRECTION('',(1.224646799147E-16,1.,0.));
#5409 = ORIENTED_EDGE('',*,*,#5380,.T.);
#5410 = PLANE('',#5411);
#5411 = AXIS2_PLACEMENT_3D('',#5412,#5413,#5414);
#5412 = CARTESIAN_POINT('',(-0.25,4.326643272645E-02,0.775746953017));
#5413 = DIRECTION('',(-1.,1.224646799147E-16,0.));
#5414 = DIRECTION('',(0.,0.,1.));
#5415 = ADVANCED_FACE('',(#5416),#5427,.F.);
#5416 = FACE_BOUND('',#5417,.F.);
#5417 = EDGE_LOOP('',(#5418,#5419,#5420,#5421));
#5418 = ORIENTED_EDGE('',*,*,#5341,.F.);
#5419 = ORIENTED_EDGE('',*,*,#3466,.T.);
#5420 = ORIENTED_EDGE('',*,*,#5396,.T.);
#5421 = ORIENTED_EDGE('',*,*,#5422,.F.);
#5422 = EDGE_CURVE('',#5342,#5397,#5423,.T.);
#5423 = LINE('',#5424,#5425);
#5424 = CARTESIAN_POINT('',(0.25,-0.25,4.8));
#5425 = VECTOR('',#5426,1.);
#5426 = DIRECTION('',(-1.,1.224646799147E-16,0.));
#5427 = PLANE('',#5428);
#5428 = AXIS2_PLACEMENT_3D('',#5429,#5430,#5431);
#5429 = CARTESIAN_POINT('',(0.25,-0.25,-0.9));
#5430 = DIRECTION('',(1.224646799147E-16,1.,0.));
#5431 = DIRECTION('',(0.,-0.,1.));
#5432 = ADVANCED_FACE('',(#5433),#5474,.T.);
#5433 = FACE_BOUND('',#5434,.F.);
#5434 = EDGE_LOOP('',(#5435,#5445,#5453,#5461,#5467,#5468));
#5435 = ORIENTED_EDGE('',*,*,#5436,.F.);
#5436 = EDGE_CURVE('',#5437,#5439,#5441,.T.);
#5437 = VERTEX_POINT('',#5438);
#5438 = CARTESIAN_POINT('',(5.E-02,5.E-02,-3.4));
#5439 = VERTEX_POINT('',#5440);
#5440 = CARTESIAN_POINT('',(0.247552593066,0.281192514695,
    -3.202447406934));
#5441 = LINE('',#5442,#5443);
#5442 = CARTESIAN_POINT('',(0.17881689775,0.200752273427,-3.27118310225)
  );
#5443 = VECTOR('',#5444,1.);
#5444 = DIRECTION('',(0.544770019249,0.63753529491,0.544770019249));
#5445 = ORIENTED_EDGE('',*,*,#5446,.T.);
#5446 = EDGE_CURVE('',#5437,#5447,#5449,.T.);
#5447 = VERTEX_POINT('',#5448);
#5448 = CARTESIAN_POINT('',(5.E-02,-5.E-02,-3.4));
#5449 = LINE('',#5450,#5451);
#5450 = CARTESIAN_POINT('',(5.E-02,0.25,-3.4));
#5451 = VECTOR('',#5452,1.);
#5452 = DIRECTION('',(-1.224646799147E-16,-1.,0.));
#5453 = ORIENTED_EDGE('',*,*,#5454,.T.);
#5454 = EDGE_CURVE('',#5447,#5455,#5457,.T.);
#5455 = VERTEX_POINT('',#5456);
#5456 = CARTESIAN_POINT('',(0.247552593066,-0.218807485305,
    -3.202447406934));
#5457 = LINE('',#5458,#5459);
#5458 = CARTESIAN_POINT('',(0.107606629418,-9.92245133213E-02,
    -3.342393370582));
#5459 = VECTOR('',#5460,1.);
#5460 = DIRECTION('',(0.605209817607,-0.517148096144,0.605209817607));
#5461 = ORIENTED_EDGE('',*,*,#5462,.T.);
#5462 = EDGE_CURVE('',#5455,#3889,#5463,.T.);
#5463 = LINE('',#5464,#5465);
#5464 = CARTESIAN_POINT('',(0.168262653899,-0.231326949384,
    -3.281737346101));
#5465 = VECTOR('',#5466,1.);
#5466 = DIRECTION('',(0.702740385383,0.110959008218,0.702740385383));
#5467 = ORIENTED_EDGE('',*,*,#3886,.F.);
#5468 = ORIENTED_EDGE('',*,*,#5469,.F.);
#5469 = EDGE_CURVE('',#5439,#3887,#5470,.T.);
#5470 = LINE('',#5471,#5472);
#5471 = CARTESIAN_POINT('',(0.629616963064,0.341518467852,
    -2.820383036936));
#5472 = VECTOR('',#5473,1.);
#5473 = DIRECTION('',(0.702740385383,0.110959008218,0.702740385383));
#5474 = PLANE('',#5475);
#5475 = AXIS2_PLACEMENT_3D('',#5476,#5477,#5478);
#5476 = CARTESIAN_POINT('',(0.15,0.25,-3.3));
#5477 = DIRECTION('',(0.707106781187,-8.486018839685E-17,-0.707106781187
    ));
#5478 = DIRECTION('',(1.212375546256E-16,1.,1.227125289196E-18));
#5479 = ADVANCED_FACE('',(#5480),#5505,.F.);
#5480 = FACE_BOUND('',#5481,.F.);
#5481 = EDGE_LOOP('',(#5482,#5483,#5489,#5490,#5498,#5504));
#5482 = ORIENTED_EDGE('',*,*,#3935,.F.);
#5483 = ORIENTED_EDGE('',*,*,#5484,.T.);
#5484 = EDGE_CURVE('',#3928,#4008,#5485,.T.);
#5485 = LINE('',#5486,#5487);
#5486 = CARTESIAN_POINT('',(0.25,0.55,-1.5));
#5487 = VECTOR('',#5488,1.);
#5488 = DIRECTION('',(-1.,1.224646799147E-16,0.));
#5489 = ORIENTED_EDGE('',*,*,#4015,.T.);
#5490 = ORIENTED_EDGE('',*,*,#5491,.F.);
#5491 = EDGE_CURVE('',#5492,#3974,#5494,.T.);
#5492 = VERTEX_POINT('',#5493);
#5493 = CARTESIAN_POINT('',(-0.247552593066,0.281192514695,
    -3.202447406934));
#5494 = LINE('',#5495,#5496);
#5495 = CARTESIAN_POINT('',(-0.506155950752,0.322024623803,
    -2.943844049248));
#5496 = VECTOR('',#5497,1.);
#5497 = DIRECTION('',(-0.702740385383,0.110959008218,0.702740385383));
#5498 = ORIENTED_EDGE('',*,*,#5499,.F.);
#5499 = EDGE_CURVE('',#5439,#5492,#5500,.T.);
#5500 = LINE('',#5501,#5502);
#5501 = CARTESIAN_POINT('',(0.25,0.281192514695,-3.202447406934));
#5502 = VECTOR('',#5503,1.);
#5503 = DIRECTION('',(-1.,1.224646799147E-16,0.));
#5504 = ORIENTED_EDGE('',*,*,#5469,.T.);
#5505 = PLANE('',#5506);
#5506 = AXIS2_PLACEMENT_3D('',#5507,#5508,#5509);
#5507 = CARTESIAN_POINT('',(0.25,0.55,-1.5));
#5508 = DIRECTION('',(-1.209660753807E-16,-0.987762965329,0.155962573473
    ));
#5509 = DIRECTION('',(-1.909990663905E-17,-0.155962573473,
    -0.987762965329));
#5510 = ADVANCED_FACE('',(#5511),#5517,.F.);
#5511 = FACE_BOUND('',#5512,.F.);
#5512 = EDGE_LOOP('',(#5513,#5514,#5515,#5516));
#5513 = ORIENTED_EDGE('',*,*,#3959,.T.);
#5514 = ORIENTED_EDGE('',*,*,#4007,.T.);
#5515 = ORIENTED_EDGE('',*,*,#5484,.F.);
#5516 = ORIENTED_EDGE('',*,*,#3927,.F.);
#5517 = PLANE('',#5518);
#5518 = AXIS2_PLACEMENT_3D('',#5519,#5520,#5521);
#5519 = CARTESIAN_POINT('',(0.25,0.25,-0.9));
#5520 = DIRECTION('',(-1.095357396528E-16,-0.894427191,-0.4472135955));
#5521 = DIRECTION('',(5.476786982641E-17,0.4472135955,-0.894427191));
#5522 = ADVANCED_FACE('',(#5523),#5534,.F.);
#5523 = FACE_BOUND('',#5524,.F.);
#5524 = EDGE_LOOP('',(#5525,#5531,#5532,#5533));
#5525 = ORIENTED_EDGE('',*,*,#5526,.T.);
#5526 = EDGE_CURVE('',#3897,#3984,#5527,.T.);
#5527 = LINE('',#5528,#5529);
#5528 = CARTESIAN_POINT('',(0.25,5.E-02,-1.5));
#5529 = VECTOR('',#5530,1.);
#5530 = DIRECTION('',(-1.,1.224646799147E-16,0.));
#5531 = ORIENTED_EDGE('',*,*,#3991,.T.);
#5532 = ORIENTED_EDGE('',*,*,#4030,.F.);
#5533 = ORIENTED_EDGE('',*,*,#3904,.F.);
#5534 = PLANE('',#5535);
#5535 = AXIS2_PLACEMENT_3D('',#5536,#5537,#5538);
#5536 = CARTESIAN_POINT('',(0.25,5.E-02,-1.5));
#5537 = DIRECTION('',(1.095357396528E-16,0.894427191,0.4472135955));
#5538 = DIRECTION('',(-5.476786982641E-17,-0.4472135955,0.894427191));
#5539 = ADVANCED_FACE('',(#5540),#5560,.F.);
#5540 = FACE_BOUND('',#5541,.F.);
#5541 = EDGE_LOOP('',(#5542,#5543,#5544,#5552,#5558,#5559));
#5542 = ORIENTED_EDGE('',*,*,#3896,.F.);
#5543 = ORIENTED_EDGE('',*,*,#5462,.F.);
#5544 = ORIENTED_EDGE('',*,*,#5545,.T.);
#5545 = EDGE_CURVE('',#5455,#5546,#5548,.T.);
#5546 = VERTEX_POINT('',#5547);
#5547 = CARTESIAN_POINT('',(-0.247552593066,-0.218807485305,
    -3.202447406934));
#5548 = LINE('',#5549,#5550);
#5549 = CARTESIAN_POINT('',(0.25,-0.218807485305,-3.202447406934));
#5550 = VECTOR('',#5551,1.);
#5551 = DIRECTION('',(-1.,1.224646799147E-16,0.));
#5552 = ORIENTED_EDGE('',*,*,#5553,.T.);
#5553 = EDGE_CURVE('',#5546,#3976,#5554,.T.);
#5554 = LINE('',#5555,#5556);
#5555 = CARTESIAN_POINT('',(-4.480164158687E-02,-0.250820793434,
    -3.405198358413));
#5556 = VECTOR('',#5557,1.);
#5557 = DIRECTION('',(-0.702740385383,0.110959008218,0.702740385383));
#5558 = ORIENTED_EDGE('',*,*,#3983,.T.);
#5559 = ORIENTED_EDGE('',*,*,#5526,.F.);
#5560 = PLANE('',#5561);
#5561 = AXIS2_PLACEMENT_3D('',#5562,#5563,#5564);
#5562 = CARTESIAN_POINT('',(0.25,-0.25,-3.4));
#5563 = DIRECTION('',(1.209660753807E-16,0.987762965329,-0.155962573473)
  );
#5564 = DIRECTION('',(1.909990663905E-17,0.155962573473,0.987762965329)
  );
#5565 = ADVANCED_FACE('',(#5566),#5593,.F.);
#5566 = FACE_BOUND('',#5567,.T.);
#5567 = EDGE_LOOP('',(#5568,#5576,#5584,#5590,#5591,#5592));
#5568 = ORIENTED_EDGE('',*,*,#5569,.F.);
#5569 = EDGE_CURVE('',#5570,#5492,#5572,.T.);
#5570 = VERTEX_POINT('',#5571);
#5571 = CARTESIAN_POINT('',(-5.E-02,5.E-02,-3.4));
#5572 = LINE('',#5573,#5574);
#5573 = CARTESIAN_POINT('',(-0.104623304282,0.113924744707,
    -3.345376695718));
#5574 = VECTOR('',#5575,1.);
#5575 = DIRECTION('',(-0.544770019249,0.63753529491,0.544770019249));
#5576 = ORIENTED_EDGE('',*,*,#5577,.T.);
#5577 = EDGE_CURVE('',#5570,#5578,#5580,.T.);
#5578 = VERTEX_POINT('',#5579);
#5579 = CARTESIAN_POINT('',(-5.E-02,-5.E-02,-3.4));
#5580 = LINE('',#5581,#5582);
#5581 = CARTESIAN_POINT('',(-5.E-02,0.25,-3.4));
#5582 = VECTOR('',#5583,1.);
#5583 = DIRECTION('',(-1.224646799147E-16,-1.,0.));
#5584 = ORIENTED_EDGE('',*,*,#5585,.T.);
#5585 = EDGE_CURVE('',#5578,#5546,#5586,.T.);
#5586 = LINE('',#5587,#5588);
#5587 = CARTESIAN_POINT('',(-1.603689858649E-02,-2.097873708559E-02,
    -3.433963101414));
#5588 = VECTOR('',#5589,1.);
#5589 = DIRECTION('',(-0.605209817607,-0.517148096144,0.605209817607));
#5590 = ORIENTED_EDGE('',*,*,#5553,.T.);
#5591 = ORIENTED_EDGE('',*,*,#3973,.F.);
#5592 = ORIENTED_EDGE('',*,*,#5491,.F.);
#5593 = PLANE('',#5594);
#5594 = AXIS2_PLACEMENT_3D('',#5595,#5596,#5597);
#5595 = CARTESIAN_POINT('',(-0.15,0.25,-3.3));
#5596 = DIRECTION('',(0.707106781187,-8.833102285013E-17,0.707106781187)
  );
#5597 = DIRECTION('',(1.236918052038E-16,1.,1.227125289097E-18));
#5598 = ADVANCED_FACE('',(#5599),#5624,.T.);
#5599 = FACE_BOUND('',#5600,.F.);
#5600 = EDGE_LOOP('',(#5601,#5609,#5617,#5623));
#5601 = ORIENTED_EDGE('',*,*,#5602,.F.);
#5602 = EDGE_CURVE('',#5603,#4047,#5605,.T.);
#5603 = VERTEX_POINT('',#5604);
#5604 = CARTESIAN_POINT('',(2.05,5.E-02,-3.4));
#5605 = LINE('',#5606,#5607);
#5606 = CARTESIAN_POINT('',(2.183333333333,0.183333333333,
    -3.266666666667));
#5607 = VECTOR('',#5608,1.);
#5608 = DIRECTION('',(0.57735026919,0.57735026919,0.57735026919));
#5609 = ORIENTED_EDGE('',*,*,#5610,.T.);
#5610 = EDGE_CURVE('',#5603,#5611,#5613,.T.);
#5611 = VERTEX_POINT('',#5612);
#5612 = CARTESIAN_POINT('',(2.05,-5.E-02,-3.4));
#5613 = LINE('',#5614,#5615);
#5614 = CARTESIAN_POINT('',(2.05,0.25,-3.4));
#5615 = VECTOR('',#5616,1.);
#5616 = DIRECTION('',(-1.224646799147E-16,-1.,0.));
#5617 = ORIENTED_EDGE('',*,*,#5618,.T.);
#5618 = EDGE_CURVE('',#5611,#4049,#5619,.T.);
#5619 = LINE('',#5620,#5621);
#5620 = CARTESIAN_POINT('',(2.1,-0.1,-3.35));
#5621 = VECTOR('',#5622,1.);
#5622 = DIRECTION('',(0.57735026919,-0.57735026919,0.57735026919));
#5623 = ORIENTED_EDGE('',*,*,#4046,.F.);
#5624 = PLANE('',#5625);
#5625 = AXIS2_PLACEMENT_3D('',#5626,#5627,#5628);
#5626 = CARTESIAN_POINT('',(2.15,0.25,-3.3));
#5627 = DIRECTION('',(0.707106781187,-8.486018839685E-17,-0.707106781187
    ));
#5628 = DIRECTION('',(1.212375546256E-16,1.,1.227125289196E-18));
#5629 = ADVANCED_FACE('',(#5630),#5648,.T.);
#5630 = FACE_BOUND('',#5631,.T.);
#5631 = EDGE_LOOP('',(#5632,#5633,#5641,#5647));
#5632 = ORIENTED_EDGE('',*,*,#5602,.F.);
#5633 = ORIENTED_EDGE('',*,*,#5634,.T.);
#5634 = EDGE_CURVE('',#5603,#5635,#5637,.T.);
#5635 = VERTEX_POINT('',#5636);
#5636 = CARTESIAN_POINT('',(1.95,5.E-02,-3.4));
#5637 = LINE('',#5638,#5639);
#5638 = CARTESIAN_POINT('',(2.25,5.E-02,-3.4));
#5639 = VECTOR('',#5640,1.);
#5640 = DIRECTION('',(-1.,1.224646799147E-16,0.));
#5641 = ORIENTED_EDGE('',*,*,#5642,.T.);
#5642 = EDGE_CURVE('',#5635,#4080,#5643,.T.);
#5643 = LINE('',#5644,#5645);
#5644 = CARTESIAN_POINT('',(1.9,0.1,-3.35));
#5645 = VECTOR('',#5646,1.);
#5646 = DIRECTION('',(-0.57735026919,0.57735026919,0.57735026919));
#5647 = ORIENTED_EDGE('',*,*,#4087,.F.);
#5648 = PLANE('',#5649);
#5649 = AXIS2_PLACEMENT_3D('',#5650,#5651,#5652);
#5650 = CARTESIAN_POINT('',(2.25,0.15,-3.3));
#5651 = DIRECTION('',(8.486018839685E-17,0.707106781187,-0.707106781187)
  );
#5652 = DIRECTION('',(-1.,1.212375546256E-16,1.227125289196E-18));
#5653 = ADVANCED_FACE('',(#5654),#5672,.F.);
#5654 = FACE_BOUND('',#5655,.T.);
#5655 = EDGE_LOOP('',(#5656,#5657,#5665,#5671));
#5656 = ORIENTED_EDGE('',*,*,#5642,.F.);
#5657 = ORIENTED_EDGE('',*,*,#5658,.T.);
#5658 = EDGE_CURVE('',#5635,#5659,#5661,.T.);
#5659 = VERTEX_POINT('',#5660);
#5660 = CARTESIAN_POINT('',(1.95,-5.E-02,-3.4));
#5661 = LINE('',#5662,#5663);
#5662 = CARTESIAN_POINT('',(1.95,0.25,-3.4));
#5663 = VECTOR('',#5664,1.);
#5664 = DIRECTION('',(-1.224646799147E-16,-1.,0.));
#5665 = ORIENTED_EDGE('',*,*,#5666,.T.);
#5666 = EDGE_CURVE('',#5659,#4102,#5667,.T.);
#5667 = LINE('',#5668,#5669);
#5668 = CARTESIAN_POINT('',(1.983333333333,-1.666666666667E-02,
    -3.433333333333));
#5669 = VECTOR('',#5670,1.);
#5670 = DIRECTION('',(-0.57735026919,-0.57735026919,0.57735026919));
#5671 = ORIENTED_EDGE('',*,*,#4101,.F.);
#5672 = PLANE('',#5673);
#5673 = AXIS2_PLACEMENT_3D('',#5674,#5675,#5676);
#5674 = CARTESIAN_POINT('',(1.85,0.25,-3.3));
#5675 = DIRECTION('',(0.707106781187,-8.833102285013E-17,0.707106781187)
  );
#5676 = DIRECTION('',(1.236918052038E-16,1.,1.227125289097E-18));
#5677 = ADVANCED_FACE('',(#5678),#5689,.T.);
#5678 = FACE_BOUND('',#5679,.F.);
#5679 = EDGE_LOOP('',(#5680,#5681,#5687,#5688));
#5680 = ORIENTED_EDGE('',*,*,#5618,.F.);
#5681 = ORIENTED_EDGE('',*,*,#5682,.T.);
#5682 = EDGE_CURVE('',#5611,#5659,#5683,.T.);
#5683 = LINE('',#5684,#5685);
#5684 = CARTESIAN_POINT('',(2.25,-5.E-02,-3.4));
#5685 = VECTOR('',#5686,1.);
#5686 = DIRECTION('',(-1.,1.224646799147E-16,0.));
#5687 = ORIENTED_EDGE('',*,*,#5666,.T.);
#5688 = ORIENTED_EDGE('',*,*,#4126,.F.);
#5689 = PLANE('',#5690);
#5690 = AXIS2_PLACEMENT_3D('',#5691,#5692,#5693);
#5691 = CARTESIAN_POINT('',(2.25,-0.15,-3.3));
#5692 = DIRECTION('',(-8.486018839685E-17,-0.707106781187,
    -0.707106781187));
#5693 = DIRECTION('',(1.,-1.212375546256E-16,1.227125289196E-18));
#5694 = ADVANCED_FACE('',(#5695),#5720,.F.);
#5695 = FACE_BOUND('',#5696,.T.);
#5696 = EDGE_LOOP('',(#5697,#5705,#5713,#5719));
#5697 = ORIENTED_EDGE('',*,*,#5698,.F.);
#5698 = EDGE_CURVE('',#5699,#4143,#5701,.T.);
#5699 = VERTEX_POINT('',#5700);
#5700 = CARTESIAN_POINT('',(3.95,5.E-02,-3.4));
#5701 = LINE('',#5702,#5703);
#5702 = CARTESIAN_POINT('',(3.9,0.1,-3.35));
#5703 = VECTOR('',#5704,1.);
#5704 = DIRECTION('',(-0.57735026919,0.57735026919,0.57735026919));
#5705 = ORIENTED_EDGE('',*,*,#5706,.T.);
#5706 = EDGE_CURVE('',#5699,#5707,#5709,.T.);
#5707 = VERTEX_POINT('',#5708);
#5708 = CARTESIAN_POINT('',(3.95,-5.E-02,-3.4));
#5709 = LINE('',#5710,#5711);
#5710 = CARTESIAN_POINT('',(3.95,0.25,-3.4));
#5711 = VECTOR('',#5712,1.);
#5712 = DIRECTION('',(-1.224646799147E-16,-1.,0.));
#5713 = ORIENTED_EDGE('',*,*,#5714,.T.);
#5714 = EDGE_CURVE('',#5707,#4145,#5715,.T.);
#5715 = LINE('',#5716,#5717);
#5716 = CARTESIAN_POINT('',(3.983333333333,-1.666666666667E-02,
    -3.433333333333));
#5717 = VECTOR('',#5718,1.);
#5718 = DIRECTION('',(-0.57735026919,-0.57735026919,0.57735026919));
#5719 = ORIENTED_EDGE('',*,*,#4142,.F.);
#5720 = PLANE('',#5721);
#5721 = AXIS2_PLACEMENT_3D('',#5722,#5723,#5724);
#5722 = CARTESIAN_POINT('',(3.85,0.25,-3.3));
#5723 = DIRECTION('',(0.707106781187,-8.833102285013E-17,0.707106781187)
  );
#5724 = DIRECTION('',(1.236918052038E-16,1.,1.227125289097E-18));
#5725 = ADVANCED_FACE('',(#5726),#5744,.T.);
#5726 = FACE_BOUND('',#5727,.F.);
#5727 = EDGE_LOOP('',(#5728,#5736,#5742,#5743));
#5728 = ORIENTED_EDGE('',*,*,#5729,.F.);
#5729 = EDGE_CURVE('',#5730,#4174,#5732,.T.);
#5730 = VERTEX_POINT('',#5731);
#5731 = CARTESIAN_POINT('',(4.05,-5.E-02,-3.4));
#5732 = LINE('',#5733,#5734);
#5733 = CARTESIAN_POINT('',(4.1,-0.1,-3.35));
#5734 = VECTOR('',#5735,1.);
#5735 = DIRECTION('',(0.57735026919,-0.57735026919,0.57735026919));
#5736 = ORIENTED_EDGE('',*,*,#5737,.T.);
#5737 = EDGE_CURVE('',#5730,#5707,#5738,.T.);
#5738 = LINE('',#5739,#5740);
#5739 = CARTESIAN_POINT('',(4.25,-5.E-02,-3.4));
#5740 = VECTOR('',#5741,1.);
#5741 = DIRECTION('',(-1.,1.224646799147E-16,0.));
#5742 = ORIENTED_EDGE('',*,*,#5714,.T.);
#5743 = ORIENTED_EDGE('',*,*,#4181,.F.);
#5744 = PLANE('',#5745);
#5745 = AXIS2_PLACEMENT_3D('',#5746,#5747,#5748);
#5746 = CARTESIAN_POINT('',(4.25,-0.15,-3.3));
#5747 = DIRECTION('',(-8.486018839685E-17,-0.707106781187,
    -0.707106781187));
#5748 = DIRECTION('',(1.,-1.212375546256E-16,1.227125289196E-18));
#5749 = ADVANCED_FACE('',(#5750),#5768,.T.);
#5750 = FACE_BOUND('',#5751,.F.);
#5751 = EDGE_LOOP('',(#5752,#5760,#5766,#5767));
#5752 = ORIENTED_EDGE('',*,*,#5753,.F.);
#5753 = EDGE_CURVE('',#5754,#4198,#5756,.T.);
#5754 = VERTEX_POINT('',#5755);
#5755 = CARTESIAN_POINT('',(4.05,5.E-02,-3.4));
#5756 = LINE('',#5757,#5758);
#5757 = CARTESIAN_POINT('',(4.183333333333,0.183333333333,
    -3.266666666667));
#5758 = VECTOR('',#5759,1.);
#5759 = DIRECTION('',(0.57735026919,0.57735026919,0.57735026919));
#5760 = ORIENTED_EDGE('',*,*,#5761,.T.);
#5761 = EDGE_CURVE('',#5754,#5730,#5762,.T.);
#5762 = LINE('',#5763,#5764);
#5763 = CARTESIAN_POINT('',(4.05,0.25,-3.4));
#5764 = VECTOR('',#5765,1.);
#5765 = DIRECTION('',(-1.224646799147E-16,-1.,0.));
#5766 = ORIENTED_EDGE('',*,*,#5729,.T.);
#5767 = ORIENTED_EDGE('',*,*,#4197,.F.);
#5768 = PLANE('',#5769);
#5769 = AXIS2_PLACEMENT_3D('',#5770,#5771,#5772);
#5770 = CARTESIAN_POINT('',(4.15,0.25,-3.3));
#5771 = DIRECTION('',(0.707106781187,-8.486018839685E-17,-0.707106781187
    ));
#5772 = DIRECTION('',(1.212375546256E-16,1.,1.227125289196E-18));
#5773 = ADVANCED_FACE('',(#5774),#5785,.T.);
#5774 = FACE_BOUND('',#5775,.T.);
#5775 = EDGE_LOOP('',(#5776,#5777,#5783,#5784));
#5776 = ORIENTED_EDGE('',*,*,#5753,.F.);
#5777 = ORIENTED_EDGE('',*,*,#5778,.T.);
#5778 = EDGE_CURVE('',#5754,#5699,#5779,.T.);
#5779 = LINE('',#5780,#5781);
#5780 = CARTESIAN_POINT('',(4.25,5.E-02,-3.4));
#5781 = VECTOR('',#5782,1.);
#5782 = DIRECTION('',(-1.,1.224646799147E-16,0.));
#5783 = ORIENTED_EDGE('',*,*,#5698,.T.);
#5784 = ORIENTED_EDGE('',*,*,#4224,.F.);
#5785 = PLANE('',#5786);
#5786 = AXIS2_PLACEMENT_3D('',#5787,#5788,#5789);
#5787 = CARTESIAN_POINT('',(4.25,0.15,-3.3));
#5788 = DIRECTION('',(8.486018839685E-17,0.707106781187,-0.707106781187)
  );
#5789 = DIRECTION('',(-1.,1.212375546256E-16,1.227125289196E-18));
#5790 = ADVANCED_FACE('',(#5791),#5816,.F.);
#5791 = FACE_BOUND('',#5792,.T.);
#5792 = EDGE_LOOP('',(#5793,#5801,#5809,#5815));
#5793 = ORIENTED_EDGE('',*,*,#5794,.F.);
#5794 = EDGE_CURVE('',#5795,#4239,#5797,.T.);
#5795 = VERTEX_POINT('',#5796);
#5796 = CARTESIAN_POINT('',(5.95,5.E-02,-3.4));
#5797 = LINE('',#5798,#5799);
#5798 = CARTESIAN_POINT('',(5.9,0.1,-3.35));
#5799 = VECTOR('',#5800,1.);
#5800 = DIRECTION('',(-0.57735026919,0.57735026919,0.57735026919));
#5801 = ORIENTED_EDGE('',*,*,#5802,.T.);
#5802 = EDGE_CURVE('',#5795,#5803,#5805,.T.);
#5803 = VERTEX_POINT('',#5804);
#5804 = CARTESIAN_POINT('',(5.95,-5.E-02,-3.4));
#5805 = LINE('',#5806,#5807);
#5806 = CARTESIAN_POINT('',(5.95,0.25,-3.4));
#5807 = VECTOR('',#5808,1.);
#5808 = DIRECTION('',(-1.224646799147E-16,-1.,0.));
#5809 = ORIENTED_EDGE('',*,*,#5810,.T.);
#5810 = EDGE_CURVE('',#5803,#4241,#5811,.T.);
#5811 = LINE('',#5812,#5813);
#5812 = CARTESIAN_POINT('',(5.983333333333,-1.666666666667E-02,
    -3.433333333333));
#5813 = VECTOR('',#5814,1.);
#5814 = DIRECTION('',(-0.57735026919,-0.57735026919,0.57735026919));
#5815 = ORIENTED_EDGE('',*,*,#4238,.F.);
#5816 = PLANE('',#5817);
#5817 = AXIS2_PLACEMENT_3D('',#5818,#5819,#5820);
#5818 = CARTESIAN_POINT('',(5.85,0.25,-3.3));
#5819 = DIRECTION('',(0.707106781187,-8.833102285013E-17,0.707106781187)
  );
#5820 = DIRECTION('',(1.236918052038E-16,1.,1.227125289097E-18));
#5821 = ADVANCED_FACE('',(#5822),#5840,.T.);
#5822 = FACE_BOUND('',#5823,.F.);
#5823 = EDGE_LOOP('',(#5824,#5832,#5838,#5839));
#5824 = ORIENTED_EDGE('',*,*,#5825,.F.);
#5825 = EDGE_CURVE('',#5826,#4270,#5828,.T.);
#5826 = VERTEX_POINT('',#5827);
#5827 = CARTESIAN_POINT('',(6.05,-5.E-02,-3.4));
#5828 = LINE('',#5829,#5830);
#5829 = CARTESIAN_POINT('',(6.1,-0.1,-3.35));
#5830 = VECTOR('',#5831,1.);
#5831 = DIRECTION('',(0.57735026919,-0.57735026919,0.57735026919));
#5832 = ORIENTED_EDGE('',*,*,#5833,.T.);
#5833 = EDGE_CURVE('',#5826,#5803,#5834,.T.);
#5834 = LINE('',#5835,#5836);
#5835 = CARTESIAN_POINT('',(6.25,-5.E-02,-3.4));
#5836 = VECTOR('',#5837,1.);
#5837 = DIRECTION('',(-1.,1.224646799147E-16,0.));
#5838 = ORIENTED_EDGE('',*,*,#5810,.T.);
#5839 = ORIENTED_EDGE('',*,*,#4277,.F.);
#5840 = PLANE('',#5841);
#5841 = AXIS2_PLACEMENT_3D('',#5842,#5843,#5844);
#5842 = CARTESIAN_POINT('',(6.25,-0.15,-3.3));
#5843 = DIRECTION('',(-8.486018839685E-17,-0.707106781187,
    -0.707106781187));
#5844 = DIRECTION('',(1.,-1.212375546256E-16,1.227125289196E-18));
#5845 = ADVANCED_FACE('',(#5846),#5864,.T.);
#5846 = FACE_BOUND('',#5847,.F.);
#5847 = EDGE_LOOP('',(#5848,#5856,#5862,#5863));
#5848 = ORIENTED_EDGE('',*,*,#5849,.F.);
#5849 = EDGE_CURVE('',#5850,#4294,#5852,.T.);
#5850 = VERTEX_POINT('',#5851);
#5851 = CARTESIAN_POINT('',(6.05,5.E-02,-3.4));
#5852 = LINE('',#5853,#5854);
#5853 = CARTESIAN_POINT('',(6.183333333333,0.183333333333,
    -3.266666666667));
#5854 = VECTOR('',#5855,1.);
#5855 = DIRECTION('',(0.57735026919,0.57735026919,0.57735026919));
#5856 = ORIENTED_EDGE('',*,*,#5857,.T.);
#5857 = EDGE_CURVE('',#5850,#5826,#5858,.T.);
#5858 = LINE('',#5859,#5860);
#5859 = CARTESIAN_POINT('',(6.05,0.25,-3.4));
#5860 = VECTOR('',#5861,1.);
#5861 = DIRECTION('',(-1.224646799147E-16,-1.,0.));
#5862 = ORIENTED_EDGE('',*,*,#5825,.T.);
#5863 = ORIENTED_EDGE('',*,*,#4293,.F.);
#5864 = PLANE('',#5865);
#5865 = AXIS2_PLACEMENT_3D('',#5866,#5867,#5868);
#5866 = CARTESIAN_POINT('',(6.15,0.25,-3.3));
#5867 = DIRECTION('',(0.707106781187,-8.486018839685E-17,-0.707106781187
    ));
#5868 = DIRECTION('',(1.212375546256E-16,1.,1.227125289196E-18));
#5869 = ADVANCED_FACE('',(#5870),#5881,.T.);
#5870 = FACE_BOUND('',#5871,.T.);
#5871 = EDGE_LOOP('',(#5872,#5873,#5879,#5880));
#5872 = ORIENTED_EDGE('',*,*,#5849,.F.);
#5873 = ORIENTED_EDGE('',*,*,#5874,.T.);
#5874 = EDGE_CURVE('',#5850,#5795,#5875,.T.);
#5875 = LINE('',#5876,#5877);
#5876 = CARTESIAN_POINT('',(6.25,5.E-02,-3.4));
#5877 = VECTOR('',#5878,1.);
#5878 = DIRECTION('',(-1.,1.224646799147E-16,0.));
#5879 = ORIENTED_EDGE('',*,*,#5794,.T.);
#5880 = ORIENTED_EDGE('',*,*,#4320,.F.);
#5881 = PLANE('',#5882);
#5882 = AXIS2_PLACEMENT_3D('',#5883,#5884,#5885);
#5883 = CARTESIAN_POINT('',(6.25,0.15,-3.3));
#5884 = DIRECTION('',(8.486018839685E-17,0.707106781187,-0.707106781187)
  );
#5885 = DIRECTION('',(-1.,1.212375546256E-16,1.227125289196E-18));
#5886 = ADVANCED_FACE('',(#5887),#5912,.T.);
#5887 = FACE_BOUND('',#5888,.T.);
#5888 = EDGE_LOOP('',(#5889,#5897,#5905,#5911));
#5889 = ORIENTED_EDGE('',*,*,#5890,.F.);
#5890 = EDGE_CURVE('',#5891,#4335,#5893,.T.);
#5891 = VERTEX_POINT('',#5892);
#5892 = CARTESIAN_POINT('',(8.05,5.E-02,-3.4));
#5893 = LINE('',#5894,#5895);
#5894 = CARTESIAN_POINT('',(8.183333333333,0.183333333333,
    -3.266666666667));
#5895 = VECTOR('',#5896,1.);
#5896 = DIRECTION('',(0.57735026919,0.57735026919,0.57735026919));
#5897 = ORIENTED_EDGE('',*,*,#5898,.T.);
#5898 = EDGE_CURVE('',#5891,#5899,#5901,.T.);
#5899 = VERTEX_POINT('',#5900);
#5900 = CARTESIAN_POINT('',(7.95,5.E-02,-3.4));
#5901 = LINE('',#5902,#5903);
#5902 = CARTESIAN_POINT('',(8.25,5.E-02,-3.4));
#5903 = VECTOR('',#5904,1.);
#5904 = DIRECTION('',(-1.,1.224646799147E-16,0.));
#5905 = ORIENTED_EDGE('',*,*,#5906,.T.);
#5906 = EDGE_CURVE('',#5899,#4344,#5907,.T.);
#5907 = LINE('',#5908,#5909);
#5908 = CARTESIAN_POINT('',(7.9,0.1,-3.35));
#5909 = VECTOR('',#5910,1.);
#5910 = DIRECTION('',(-0.57735026919,0.57735026919,0.57735026919));
#5911 = ORIENTED_EDGE('',*,*,#4351,.F.);
#5912 = PLANE('',#5913);
#5913 = AXIS2_PLACEMENT_3D('',#5914,#5915,#5916);
#5914 = CARTESIAN_POINT('',(8.25,0.15,-3.3));
#5915 = DIRECTION('',(8.486018839685E-17,0.707106781187,-0.707106781187)
  );
#5916 = DIRECTION('',(-1.,1.212375546256E-16,1.227125289196E-18));
#5917 = ADVANCED_FACE('',(#5918),#5936,.F.);
#5918 = FACE_BOUND('',#5919,.T.);
#5919 = EDGE_LOOP('',(#5920,#5921,#5929,#5935));
#5920 = ORIENTED_EDGE('',*,*,#5906,.F.);
#5921 = ORIENTED_EDGE('',*,*,#5922,.T.);
#5922 = EDGE_CURVE('',#5899,#5923,#5925,.T.);
#5923 = VERTEX_POINT('',#5924);
#5924 = CARTESIAN_POINT('',(7.95,-5.E-02,-3.4));
#5925 = LINE('',#5926,#5927);
#5926 = CARTESIAN_POINT('',(7.95,0.25,-3.4));
#5927 = VECTOR('',#5928,1.);
#5928 = DIRECTION('',(-1.224646799147E-16,-1.,0.));
#5929 = ORIENTED_EDGE('',*,*,#5930,.T.);
#5930 = EDGE_CURVE('',#5923,#4366,#5931,.T.);
#5931 = LINE('',#5932,#5933);
#5932 = CARTESIAN_POINT('',(7.983333333333,-1.666666666667E-02,
    -3.433333333333));
#5933 = VECTOR('',#5934,1.);
#5934 = DIRECTION('',(-0.57735026919,-0.57735026919,0.57735026919));
#5935 = ORIENTED_EDGE('',*,*,#4365,.F.);
#5936 = PLANE('',#5937);
#5937 = AXIS2_PLACEMENT_3D('',#5938,#5939,#5940);
#5938 = CARTESIAN_POINT('',(7.85,0.25,-3.3));
#5939 = DIRECTION('',(0.707106781187,-8.833102285013E-17,0.707106781187)
  );
#5940 = DIRECTION('',(1.236918052038E-16,1.,1.227125289097E-18));
#5941 = ADVANCED_FACE('',(#5942),#5960,.T.);
#5942 = FACE_BOUND('',#5943,.F.);
#5943 = EDGE_LOOP('',(#5944,#5952,#5958,#5959));
#5944 = ORIENTED_EDGE('',*,*,#5945,.F.);
#5945 = EDGE_CURVE('',#5946,#4390,#5948,.T.);
#5946 = VERTEX_POINT('',#5947);
#5947 = CARTESIAN_POINT('',(8.05,-5.E-02,-3.4));
#5948 = LINE('',#5949,#5950);
#5949 = CARTESIAN_POINT('',(8.1,-0.1,-3.35));
#5950 = VECTOR('',#5951,1.);
#5951 = DIRECTION('',(0.57735026919,-0.57735026919,0.57735026919));
#5952 = ORIENTED_EDGE('',*,*,#5953,.T.);
#5953 = EDGE_CURVE('',#5946,#5923,#5954,.T.);
#5954 = LINE('',#5955,#5956);
#5955 = CARTESIAN_POINT('',(8.25,-5.E-02,-3.4));
#5956 = VECTOR('',#5957,1.);
#5957 = DIRECTION('',(-1.,1.224646799147E-16,0.));
#5958 = ORIENTED_EDGE('',*,*,#5930,.T.);
#5959 = ORIENTED_EDGE('',*,*,#4397,.F.);
#5960 = PLANE('',#5961);
#5961 = AXIS2_PLACEMENT_3D('',#5962,#5963,#5964);
#5962 = CARTESIAN_POINT('',(8.25,-0.15,-3.3));
#5963 = DIRECTION('',(-8.486018839685E-17,-0.707106781187,
    -0.707106781187));
#5964 = DIRECTION('',(1.,-1.212375546256E-16,1.227125289196E-18));
#5965 = ADVANCED_FACE('',(#5966),#5977,.T.);
#5966 = FACE_BOUND('',#5967,.F.);
#5967 = EDGE_LOOP('',(#5968,#5969,#5975,#5976));
#5968 = ORIENTED_EDGE('',*,*,#5890,.F.);
#5969 = ORIENTED_EDGE('',*,*,#5970,.T.);
#5970 = EDGE_CURVE('',#5891,#5946,#5971,.T.);
#5971 = LINE('',#5972,#5973);
#5972 = CARTESIAN_POINT('',(8.05,0.25,-3.4));
#5973 = VECTOR('',#5974,1.);
#5974 = DIRECTION('',(-1.224646799147E-16,-1.,0.));
#5975 = ORIENTED_EDGE('',*,*,#5945,.T.);
#5976 = ORIENTED_EDGE('',*,*,#4413,.F.);
#5977 = PLANE('',#5978);
#5978 = AXIS2_PLACEMENT_3D('',#5979,#5980,#5981);
#5979 = CARTESIAN_POINT('',(8.15,0.25,-3.3));
#5980 = DIRECTION('',(0.707106781187,-8.486018839685E-17,-0.707106781187
    ));
#5981 = DIRECTION('',(1.212375546256E-16,1.,1.227125289196E-18));
#5982 = ADVANCED_FACE('',(#5983),#6008,.F.);
#5983 = FACE_BOUND('',#5984,.T.);
#5984 = EDGE_LOOP('',(#5985,#5993,#6001,#6007));
#5985 = ORIENTED_EDGE('',*,*,#5986,.F.);
#5986 = EDGE_CURVE('',#5987,#4431,#5989,.T.);
#5987 = VERTEX_POINT('',#5988);
#5988 = CARTESIAN_POINT('',(9.95,5.E-02,-3.4));
#5989 = LINE('',#5990,#5991);
#5990 = CARTESIAN_POINT('',(9.9,0.1,-3.35));
#5991 = VECTOR('',#5992,1.);
#5992 = DIRECTION('',(-0.57735026919,0.57735026919,0.57735026919));
#5993 = ORIENTED_EDGE('',*,*,#5994,.T.);
#5994 = EDGE_CURVE('',#5987,#5995,#5997,.T.);
#5995 = VERTEX_POINT('',#5996);
#5996 = CARTESIAN_POINT('',(9.95,-5.E-02,-3.4));
#5997 = LINE('',#5998,#5999);
#5998 = CARTESIAN_POINT('',(9.95,0.25,-3.4));
#5999 = VECTOR('',#6000,1.);
#6000 = DIRECTION('',(-1.224646799147E-16,-1.,0.));
#6001 = ORIENTED_EDGE('',*,*,#6002,.T.);
#6002 = EDGE_CURVE('',#5995,#4433,#6003,.T.);
#6003 = LINE('',#6004,#6005);
#6004 = CARTESIAN_POINT('',(9.983333333333,-1.666666666667E-02,
    -3.433333333333));
#6005 = VECTOR('',#6006,1.);
#6006 = DIRECTION('',(-0.57735026919,-0.57735026919,0.57735026919));
#6007 = ORIENTED_EDGE('',*,*,#4430,.F.);
#6008 = PLANE('',#6009);
#6009 = AXIS2_PLACEMENT_3D('',#6010,#6011,#6012);
#6010 = CARTESIAN_POINT('',(9.85,0.25,-3.3));
#6011 = DIRECTION('',(0.707106781187,-8.833102285013E-17,0.707106781187)
  );
#6012 = DIRECTION('',(1.236918052038E-16,1.,1.227125289097E-18));
#6013 = ADVANCED_FACE('',(#6014),#6032,.T.);
#6014 = FACE_BOUND('',#6015,.F.);
#6015 = EDGE_LOOP('',(#6016,#6024,#6030,#6031));
#6016 = ORIENTED_EDGE('',*,*,#6017,.F.);
#6017 = EDGE_CURVE('',#6018,#4462,#6020,.T.);
#6018 = VERTEX_POINT('',#6019);
#6019 = CARTESIAN_POINT('',(10.05,-5.E-02,-3.4));
#6020 = LINE('',#6021,#6022);
#6021 = CARTESIAN_POINT('',(10.1,-0.1,-3.35));
#6022 = VECTOR('',#6023,1.);
#6023 = DIRECTION('',(0.57735026919,-0.57735026919,0.57735026919));
#6024 = ORIENTED_EDGE('',*,*,#6025,.T.);
#6025 = EDGE_CURVE('',#6018,#5995,#6026,.T.);
#6026 = LINE('',#6027,#6028);
#6027 = CARTESIAN_POINT('',(10.25,-5.E-02,-3.4));
#6028 = VECTOR('',#6029,1.);
#6029 = DIRECTION('',(-1.,1.224646799147E-16,0.));
#6030 = ORIENTED_EDGE('',*,*,#6002,.T.);
#6031 = ORIENTED_EDGE('',*,*,#4469,.F.);
#6032 = PLANE('',#6033);
#6033 = AXIS2_PLACEMENT_3D('',#6034,#6035,#6036);
#6034 = CARTESIAN_POINT('',(10.25,-0.15,-3.3));
#6035 = DIRECTION('',(-8.486018839685E-17,-0.707106781187,
    -0.707106781187));
#6036 = DIRECTION('',(1.,-1.212375546256E-16,1.227125289196E-18));
#6037 = ADVANCED_FACE('',(#6038),#6056,.T.);
#6038 = FACE_BOUND('',#6039,.F.);
#6039 = EDGE_LOOP('',(#6040,#6048,#6054,#6055));
#6040 = ORIENTED_EDGE('',*,*,#6041,.F.);
#6041 = EDGE_CURVE('',#6042,#4486,#6044,.T.);
#6042 = VERTEX_POINT('',#6043);
#6043 = CARTESIAN_POINT('',(10.05,5.E-02,-3.4));
#6044 = LINE('',#6045,#6046);
#6045 = CARTESIAN_POINT('',(10.183333333333,0.183333333333,
    -3.266666666667));
#6046 = VECTOR('',#6047,1.);
#6047 = DIRECTION('',(0.57735026919,0.57735026919,0.57735026919));
#6048 = ORIENTED_EDGE('',*,*,#6049,.T.);
#6049 = EDGE_CURVE('',#6042,#6018,#6050,.T.);
#6050 = LINE('',#6051,#6052);
#6051 = CARTESIAN_POINT('',(10.05,0.25,-3.4));
#6052 = VECTOR('',#6053,1.);
#6053 = DIRECTION('',(-1.224646799147E-16,-1.,0.));
#6054 = ORIENTED_EDGE('',*,*,#6017,.T.);
#6055 = ORIENTED_EDGE('',*,*,#4485,.F.);
#6056 = PLANE('',#6057);
#6057 = AXIS2_PLACEMENT_3D('',#6058,#6059,#6060);
#6058 = CARTESIAN_POINT('',(10.15,0.25,-3.3));
#6059 = DIRECTION('',(0.707106781187,-8.486018839685E-17,-0.707106781187
    ));
#6060 = DIRECTION('',(1.212375546256E-16,1.,1.227125289196E-18));
#6061 = ADVANCED_FACE('',(#6062),#6073,.T.);
#6062 = FACE_BOUND('',#6063,.T.);
#6063 = EDGE_LOOP('',(#6064,#6065,#6071,#6072));
#6064 = ORIENTED_EDGE('',*,*,#6041,.F.);
#6065 = ORIENTED_EDGE('',*,*,#6066,.T.);
#6066 = EDGE_CURVE('',#6042,#5987,#6067,.T.);
#6067 = LINE('',#6068,#6069);
#6068 = CARTESIAN_POINT('',(10.25,5.E-02,-3.4));
#6069 = VECTOR('',#6070,1.);
#6070 = DIRECTION('',(-1.,1.224646799147E-16,0.));
#6071 = ORIENTED_EDGE('',*,*,#5986,.T.);
#6072 = ORIENTED_EDGE('',*,*,#4512,.F.);
#6073 = PLANE('',#6074);
#6074 = AXIS2_PLACEMENT_3D('',#6075,#6076,#6077);
#6075 = CARTESIAN_POINT('',(10.25,0.15,-3.3));
#6076 = DIRECTION('',(8.486018839685E-17,0.707106781187,-0.707106781187)
  );
#6077 = DIRECTION('',(-1.,1.212375546256E-16,1.227125289196E-18));
#6078 = ADVANCED_FACE('',(#6079),#6090,.T.);
#6079 = FACE_BOUND('',#6080,.T.);
#6080 = EDGE_LOOP('',(#6081,#6082,#6088,#6089));
#6081 = ORIENTED_EDGE('',*,*,#4659,.F.);
#6082 = ORIENTED_EDGE('',*,*,#6083,.T.);
#6083 = EDGE_CURVE('',#4660,#4527,#6084,.T.);
#6084 = LINE('',#6085,#6086);
#6085 = CARTESIAN_POINT('',(12.25,5.E-02,-3.4));
#6086 = VECTOR('',#6087,1.);
#6087 = DIRECTION('',(-1.,1.224646799147E-16,0.));
#6088 = ORIENTED_EDGE('',*,*,#4526,.T.);
#6089 = ORIENTED_EDGE('',*,*,#4582,.F.);
#6090 = PLANE('',#6091);
#6091 = AXIS2_PLACEMENT_3D('',#6092,#6093,#6094);
#6092 = CARTESIAN_POINT('',(12.25,0.165596257347,-3.301223703467));
#6093 = DIRECTION('',(8.302774088379E-17,0.64962967394,-0.760250805153)
  );
#6094 = DIRECTION('',(-1.,1.247195775152E-16,-2.638869166629E-18));
#6095 = ADVANCED_FACE('',(#6096),#6107,.F.);
#6096 = FACE_BOUND('',#6097,.F.);
#6097 = EDGE_LOOP('',(#6098,#6099,#6100,#6101));
#6098 = ORIENTED_EDGE('',*,*,#4667,.F.);
#6099 = ORIENTED_EDGE('',*,*,#6083,.T.);
#6100 = ORIENTED_EDGE('',*,*,#4536,.T.);
#6101 = ORIENTED_EDGE('',*,*,#6102,.F.);
#6102 = EDGE_CURVE('',#4668,#4537,#6103,.T.);
#6103 = LINE('',#6104,#6105);
#6104 = CARTESIAN_POINT('',(12.25,-5.E-02,-3.4));
#6105 = VECTOR('',#6106,1.);
#6106 = DIRECTION('',(-1.,1.224646799147E-16,0.));
#6107 = PLANE('',#6108);
#6108 = AXIS2_PLACEMENT_3D('',#6109,#6110,#6111);
#6109 = CARTESIAN_POINT('',(12.25,0.25,-3.4));
#6110 = DIRECTION('',(0.,0.,1.));
#6111 = DIRECTION('',(-1.224646799147E-16,-1.,0.));
#6112 = ADVANCED_FACE('',(#6113),#6119,.T.);
#6113 = FACE_BOUND('',#6114,.F.);
#6114 = EDGE_LOOP('',(#6115,#6116,#6117,#6118));
#6115 = ORIENTED_EDGE('',*,*,#4675,.F.);
#6116 = ORIENTED_EDGE('',*,*,#6102,.T.);
#6117 = ORIENTED_EDGE('',*,*,#4544,.T.);
#6118 = ORIENTED_EDGE('',*,*,#4642,.F.);
#6119 = PLANE('',#6120);
#6120 = AXIS2_PLACEMENT_3D('',#6121,#6122,#6123);
#6121 = CARTESIAN_POINT('',(12.25,-0.134403742653,-3.301223703467));
#6122 = DIRECTION('',(-9.136856246232E-17,-0.760250805153,-0.64962967394
    ));
#6123 = DIRECTION('',(1.,-1.211454098155E-16,1.127308249542E-18));
#6124 = ADVANCED_FACE('',(#6125),#6150,.F.);
#6125 = FACE_BOUND('',#6126,.T.);
#6126 = EDGE_LOOP('',(#6127,#6135,#6143,#6149));
#6127 = ORIENTED_EDGE('',*,*,#6128,.F.);
#6128 = EDGE_CURVE('',#6129,#4766,#6131,.T.);
#6129 = VERTEX_POINT('',#6130);
#6130 = CARTESIAN_POINT('',(9.95,-5.E-02,5.));
#6131 = LINE('',#6132,#6133);
#6132 = CARTESIAN_POINT('',(9.9,-0.1,4.95));
#6133 = VECTOR('',#6134,1.);
#6134 = DIRECTION('',(-0.57735026919,-0.57735026919,-0.57735026919));
#6135 = ORIENTED_EDGE('',*,*,#6136,.T.);
#6136 = EDGE_CURVE('',#6129,#6137,#6139,.T.);
#6137 = VERTEX_POINT('',#6138);
#6138 = CARTESIAN_POINT('',(9.95,5.E-02,5.));
#6139 = LINE('',#6140,#6141);
#6140 = CARTESIAN_POINT('',(9.95,-0.25,5.));
#6141 = VECTOR('',#6142,1.);
#6142 = DIRECTION('',(1.224646799147E-16,1.,0.));
#6143 = ORIENTED_EDGE('',*,*,#6144,.T.);
#6144 = EDGE_CURVE('',#6137,#4774,#6145,.T.);
#6145 = LINE('',#6146,#6147);
#6146 = CARTESIAN_POINT('',(9.983333333333,1.666666666667E-02,
    5.033333333333));
#6147 = VECTOR('',#6148,1.);
#6148 = DIRECTION('',(-0.57735026919,0.57735026919,-0.57735026919));
#6149 = ORIENTED_EDGE('',*,*,#4773,.F.);
#6150 = PLANE('',#6151);
#6151 = AXIS2_PLACEMENT_3D('',#6152,#6153,#6154);
#6152 = CARTESIAN_POINT('',(9.85,-0.25,4.9));
#6153 = DIRECTION('',(0.707106781187,-8.486018839685E-17,-0.707106781187
    ));
#6154 = DIRECTION('',(-1.212375546256E-16,-1.,-1.227125289196E-18));
#6155 = ADVANCED_FACE('',(#6156),#6174,.T.);
#6156 = FACE_BOUND('',#6157,.F.);
#6157 = EDGE_LOOP('',(#6158,#6166,#6167,#6168));
#6158 = ORIENTED_EDGE('',*,*,#6159,.F.);
#6159 = EDGE_CURVE('',#4796,#6160,#6162,.T.);
#6160 = VERTEX_POINT('',#6161);
#6161 = CARTESIAN_POINT('',(10.05,-5.E-02,5.));
#6162 = LINE('',#6163,#6164);
#6163 = CARTESIAN_POINT('',(10.183333333333,-0.183333333333,
    4.866666666667));
#6164 = VECTOR('',#6165,1.);
#6165 = DIRECTION('',(-0.57735026919,0.57735026919,0.57735026919));
#6166 = ORIENTED_EDGE('',*,*,#4805,.T.);
#6167 = ORIENTED_EDGE('',*,*,#6128,.F.);
#6168 = ORIENTED_EDGE('',*,*,#6169,.F.);
#6169 = EDGE_CURVE('',#6160,#6129,#6170,.T.);
#6170 = LINE('',#6171,#6172);
#6171 = CARTESIAN_POINT('',(10.25,-5.E-02,5.));
#6172 = VECTOR('',#6173,1.);
#6173 = DIRECTION('',(-1.,1.224646799147E-16,0.));
#6174 = PLANE('',#6175);
#6175 = AXIS2_PLACEMENT_3D('',#6176,#6177,#6178);
#6176 = CARTESIAN_POINT('',(10.25,-0.15,4.9));
#6177 = DIRECTION('',(-8.833102285013E-17,-0.707106781187,0.707106781187
    ));
#6178 = DIRECTION('',(1.,-1.236918052038E-16,1.227125289097E-18));
#6179 = ADVANCED_FACE('',(#6180),#6198,.T.);
#6180 = FACE_BOUND('',#6181,.F.);
#6181 = EDGE_LOOP('',(#6182,#6183,#6191,#6197));
#6182 = ORIENTED_EDGE('',*,*,#6159,.T.);
#6183 = ORIENTED_EDGE('',*,*,#6184,.T.);
#6184 = EDGE_CURVE('',#6160,#6185,#6187,.T.);
#6185 = VERTEX_POINT('',#6186);
#6186 = CARTESIAN_POINT('',(10.05,5.E-02,5.));
#6187 = LINE('',#6188,#6189);
#6188 = CARTESIAN_POINT('',(10.05,-0.25,5.));
#6189 = VECTOR('',#6190,1.);
#6190 = DIRECTION('',(1.224646799147E-16,1.,0.));
#6191 = ORIENTED_EDGE('',*,*,#6192,.T.);
#6192 = EDGE_CURVE('',#6185,#4822,#6193,.T.);
#6193 = LINE('',#6194,#6195);
#6194 = CARTESIAN_POINT('',(10.1,0.1,4.95));
#6195 = VECTOR('',#6196,1.);
#6196 = DIRECTION('',(0.57735026919,0.57735026919,-0.57735026919));
#6197 = ORIENTED_EDGE('',*,*,#4821,.F.);
#6198 = PLANE('',#6199);
#6199 = AXIS2_PLACEMENT_3D('',#6200,#6201,#6202);
#6200 = CARTESIAN_POINT('',(10.15,-0.25,4.9));
#6201 = DIRECTION('',(0.707106781187,-8.833102285013E-17,0.707106781187)
  );
#6202 = DIRECTION('',(-1.236918052038E-16,-1.,-1.227125289097E-18));
#6203 = ADVANCED_FACE('',(#6204),#6215,.T.);
#6204 = FACE_BOUND('',#6205,.F.);
#6205 = EDGE_LOOP('',(#6206,#6207,#6213,#6214));
#6206 = ORIENTED_EDGE('',*,*,#6192,.F.);
#6207 = ORIENTED_EDGE('',*,*,#6208,.T.);
#6208 = EDGE_CURVE('',#6185,#6137,#6209,.T.);
#6209 = LINE('',#6210,#6211);
#6210 = CARTESIAN_POINT('',(10.25,5.E-02,5.));
#6211 = VECTOR('',#6212,1.);
#6212 = DIRECTION('',(-1.,1.224646799147E-16,0.));
#6213 = ORIENTED_EDGE('',*,*,#6144,.T.);
#6214 = ORIENTED_EDGE('',*,*,#4844,.F.);
#6215 = PLANE('',#6216);
#6216 = AXIS2_PLACEMENT_3D('',#6217,#6218,#6219);
#6217 = CARTESIAN_POINT('',(10.25,0.15,4.9));
#6218 = DIRECTION('',(8.833102285013E-17,0.707106781187,0.707106781187)
  );
#6219 = DIRECTION('',(1.,-1.236918052038E-16,-1.227125289097E-18));
#6220 = ADVANCED_FACE('',(#6221),#6246,.T.);
#6221 = FACE_BOUND('',#6222,.F.);
#6222 = EDGE_LOOP('',(#6223,#6231,#6239,#6245));
#6223 = ORIENTED_EDGE('',*,*,#6224,.F.);
#6224 = EDGE_CURVE('',#6225,#4861,#6227,.T.);
#6225 = VERTEX_POINT('',#6226);
#6226 = CARTESIAN_POINT('',(8.05,5.E-02,5.));
#6227 = LINE('',#6228,#6229);
#6228 = CARTESIAN_POINT('',(8.1,0.1,4.95));
#6229 = VECTOR('',#6230,1.);
#6230 = DIRECTION('',(0.57735026919,0.57735026919,-0.57735026919));
#6231 = ORIENTED_EDGE('',*,*,#6232,.T.);
#6232 = EDGE_CURVE('',#6225,#6233,#6235,.T.);
#6233 = VERTEX_POINT('',#6234);
#6234 = CARTESIAN_POINT('',(7.95,5.E-02,5.));
#6235 = LINE('',#6236,#6237);
#6236 = CARTESIAN_POINT('',(8.25,5.E-02,5.));
#6237 = VECTOR('',#6238,1.);
#6238 = DIRECTION('',(-1.,1.224646799147E-16,0.));
#6239 = ORIENTED_EDGE('',*,*,#6240,.T.);
#6240 = EDGE_CURVE('',#6233,#4869,#6241,.T.);
#6241 = LINE('',#6242,#6243);
#6242 = CARTESIAN_POINT('',(7.983333333333,1.666666666667E-02,
    5.033333333333));
#6243 = VECTOR('',#6244,1.);
#6244 = DIRECTION('',(-0.57735026919,0.57735026919,-0.57735026919));
#6245 = ORIENTED_EDGE('',*,*,#4868,.F.);
#6246 = PLANE('',#6247);
#6247 = AXIS2_PLACEMENT_3D('',#6248,#6249,#6250);
#6248 = CARTESIAN_POINT('',(8.25,0.15,4.9));
#6249 = DIRECTION('',(8.833102285013E-17,0.707106781187,0.707106781187)
  );
#6250 = DIRECTION('',(1.,-1.236918052038E-16,-1.227125289097E-18));
#6251 = ADVANCED_FACE('',(#6252),#6270,.F.);
#6252 = FACE_BOUND('',#6253,.T.);
#6253 = EDGE_LOOP('',(#6254,#6262,#6268,#6269));
#6254 = ORIENTED_EDGE('',*,*,#6255,.F.);
#6255 = EDGE_CURVE('',#6256,#4893,#6258,.T.);
#6256 = VERTEX_POINT('',#6257);
#6257 = CARTESIAN_POINT('',(7.95,-5.E-02,5.));
#6258 = LINE('',#6259,#6260);
#6259 = CARTESIAN_POINT('',(7.9,-0.1,4.95));
#6260 = VECTOR('',#6261,1.);
#6261 = DIRECTION('',(-0.57735026919,-0.57735026919,-0.57735026919));
#6262 = ORIENTED_EDGE('',*,*,#6263,.T.);
#6263 = EDGE_CURVE('',#6256,#6233,#6264,.T.);
#6264 = LINE('',#6265,#6266);
#6265 = CARTESIAN_POINT('',(7.95,-0.25,5.));
#6266 = VECTOR('',#6267,1.);
#6267 = DIRECTION('',(1.224646799147E-16,1.,0.));
#6268 = ORIENTED_EDGE('',*,*,#6240,.T.);
#6269 = ORIENTED_EDGE('',*,*,#4900,.F.);
#6270 = PLANE('',#6271);
#6271 = AXIS2_PLACEMENT_3D('',#6272,#6273,#6274);
#6272 = CARTESIAN_POINT('',(7.85,-0.25,4.9));
#6273 = DIRECTION('',(0.707106781187,-8.486018839685E-17,-0.707106781187
    ));
#6274 = DIRECTION('',(-1.212375546256E-16,-1.,-1.227125289196E-18));
#6275 = ADVANCED_FACE('',(#6276),#6294,.T.);
#6276 = FACE_BOUND('',#6277,.F.);
#6277 = EDGE_LOOP('',(#6278,#6286,#6287,#6288));
#6278 = ORIENTED_EDGE('',*,*,#6279,.F.);
#6279 = EDGE_CURVE('',#4916,#6280,#6282,.T.);
#6280 = VERTEX_POINT('',#6281);
#6281 = CARTESIAN_POINT('',(8.05,-5.E-02,5.));
#6282 = LINE('',#6283,#6284);
#6283 = CARTESIAN_POINT('',(8.183333333333,-0.183333333333,
    4.866666666667));
#6284 = VECTOR('',#6285,1.);
#6285 = DIRECTION('',(-0.57735026919,0.57735026919,0.57735026919));
#6286 = ORIENTED_EDGE('',*,*,#4925,.T.);
#6287 = ORIENTED_EDGE('',*,*,#6255,.F.);
#6288 = ORIENTED_EDGE('',*,*,#6289,.F.);
#6289 = EDGE_CURVE('',#6280,#6256,#6290,.T.);
#6290 = LINE('',#6291,#6292);
#6291 = CARTESIAN_POINT('',(8.25,-5.E-02,5.));
#6292 = VECTOR('',#6293,1.);
#6293 = DIRECTION('',(-1.,1.224646799147E-16,0.));
#6294 = PLANE('',#6295);
#6295 = AXIS2_PLACEMENT_3D('',#6296,#6297,#6298);
#6296 = CARTESIAN_POINT('',(8.25,-0.15,4.9));
#6297 = DIRECTION('',(-8.833102285013E-17,-0.707106781187,0.707106781187
    ));
#6298 = DIRECTION('',(1.,-1.236918052038E-16,1.227125289097E-18));
#6299 = ADVANCED_FACE('',(#6300),#6311,.T.);
#6300 = FACE_BOUND('',#6301,.F.);
#6301 = EDGE_LOOP('',(#6302,#6303,#6309,#6310));
#6302 = ORIENTED_EDGE('',*,*,#6279,.T.);
#6303 = ORIENTED_EDGE('',*,*,#6304,.T.);
#6304 = EDGE_CURVE('',#6280,#6225,#6305,.T.);
#6305 = LINE('',#6306,#6307);
#6306 = CARTESIAN_POINT('',(8.05,-0.25,5.));
#6307 = VECTOR('',#6308,1.);
#6308 = DIRECTION('',(1.224646799147E-16,1.,0.));
#6309 = ORIENTED_EDGE('',*,*,#6224,.T.);
#6310 = ORIENTED_EDGE('',*,*,#4941,.F.);
#6311 = PLANE('',#6312);
#6312 = AXIS2_PLACEMENT_3D('',#6313,#6314,#6315);
#6313 = CARTESIAN_POINT('',(8.15,-0.25,4.9));
#6314 = DIRECTION('',(0.707106781187,-8.833102285013E-17,0.707106781187)
  );
#6315 = DIRECTION('',(-1.236918052038E-16,-1.,-1.227125289097E-18));
#6316 = ADVANCED_FACE('',(#6317),#6342,.F.);
#6317 = FACE_BOUND('',#6318,.T.);
#6318 = EDGE_LOOP('',(#6319,#6327,#6335,#6341));
#6319 = ORIENTED_EDGE('',*,*,#6320,.F.);
#6320 = EDGE_CURVE('',#6321,#4958,#6323,.T.);
#6321 = VERTEX_POINT('',#6322);
#6322 = CARTESIAN_POINT('',(3.95,-5.E-02,5.));
#6323 = LINE('',#6324,#6325);
#6324 = CARTESIAN_POINT('',(3.9,-0.1,4.95));
#6325 = VECTOR('',#6326,1.);
#6326 = DIRECTION('',(-0.57735026919,-0.57735026919,-0.57735026919));
#6327 = ORIENTED_EDGE('',*,*,#6328,.T.);
#6328 = EDGE_CURVE('',#6321,#6329,#6331,.T.);
#6329 = VERTEX_POINT('',#6330);
#6330 = CARTESIAN_POINT('',(3.95,5.E-02,5.));
#6331 = LINE('',#6332,#6333);
#6332 = CARTESIAN_POINT('',(3.95,-0.25,5.));
#6333 = VECTOR('',#6334,1.);
#6334 = DIRECTION('',(1.224646799147E-16,1.,0.));
#6335 = ORIENTED_EDGE('',*,*,#6336,.T.);
#6336 = EDGE_CURVE('',#6329,#4966,#6337,.T.);
#6337 = LINE('',#6338,#6339);
#6338 = CARTESIAN_POINT('',(3.983333333333,1.666666666667E-02,
    5.033333333333));
#6339 = VECTOR('',#6340,1.);
#6340 = DIRECTION('',(-0.57735026919,0.57735026919,-0.57735026919));
#6341 = ORIENTED_EDGE('',*,*,#4965,.F.);
#6342 = PLANE('',#6343);
#6343 = AXIS2_PLACEMENT_3D('',#6344,#6345,#6346);
#6344 = CARTESIAN_POINT('',(3.85,-0.25,4.9));
#6345 = DIRECTION('',(0.707106781187,-8.486018839685E-17,-0.707106781187
    ));
#6346 = DIRECTION('',(-1.212375546256E-16,-1.,-1.227125289196E-18));
#6347 = ADVANCED_FACE('',(#6348),#6366,.T.);
#6348 = FACE_BOUND('',#6349,.F.);
#6349 = EDGE_LOOP('',(#6350,#6358,#6359,#6360));
#6350 = ORIENTED_EDGE('',*,*,#6351,.F.);
#6351 = EDGE_CURVE('',#4988,#6352,#6354,.T.);
#6352 = VERTEX_POINT('',#6353);
#6353 = CARTESIAN_POINT('',(4.05,-5.E-02,5.));
#6354 = LINE('',#6355,#6356);
#6355 = CARTESIAN_POINT('',(4.183333333333,-0.183333333333,
    4.866666666667));
#6356 = VECTOR('',#6357,1.);
#6357 = DIRECTION('',(-0.57735026919,0.57735026919,0.57735026919));
#6358 = ORIENTED_EDGE('',*,*,#4997,.T.);
#6359 = ORIENTED_EDGE('',*,*,#6320,.F.);
#6360 = ORIENTED_EDGE('',*,*,#6361,.F.);
#6361 = EDGE_CURVE('',#6352,#6321,#6362,.T.);
#6362 = LINE('',#6363,#6364);
#6363 = CARTESIAN_POINT('',(4.25,-5.E-02,5.));
#6364 = VECTOR('',#6365,1.);
#6365 = DIRECTION('',(-1.,1.224646799147E-16,0.));
#6366 = PLANE('',#6367);
#6367 = AXIS2_PLACEMENT_3D('',#6368,#6369,#6370);
#6368 = CARTESIAN_POINT('',(4.25,-0.15,4.9));
#6369 = DIRECTION('',(-8.833102285013E-17,-0.707106781187,0.707106781187
    ));
#6370 = DIRECTION('',(1.,-1.236918052038E-16,1.227125289097E-18));
#6371 = ADVANCED_FACE('',(#6372),#6390,.T.);
#6372 = FACE_BOUND('',#6373,.F.);
#6373 = EDGE_LOOP('',(#6374,#6375,#6383,#6389));
#6374 = ORIENTED_EDGE('',*,*,#6351,.T.);
#6375 = ORIENTED_EDGE('',*,*,#6376,.T.);
#6376 = EDGE_CURVE('',#6352,#6377,#6379,.T.);
#6377 = VERTEX_POINT('',#6378);
#6378 = CARTESIAN_POINT('',(4.05,5.E-02,5.));
#6379 = LINE('',#6380,#6381);
#6380 = CARTESIAN_POINT('',(4.05,-0.25,5.));
#6381 = VECTOR('',#6382,1.);
#6382 = DIRECTION('',(1.224646799147E-16,1.,0.));
#6383 = ORIENTED_EDGE('',*,*,#6384,.T.);
#6384 = EDGE_CURVE('',#6377,#5014,#6385,.T.);
#6385 = LINE('',#6386,#6387);
#6386 = CARTESIAN_POINT('',(4.1,0.1,4.95));
#6387 = VECTOR('',#6388,1.);
#6388 = DIRECTION('',(0.57735026919,0.57735026919,-0.57735026919));
#6389 = ORIENTED_EDGE('',*,*,#5013,.F.);
#6390 = PLANE('',#6391);
#6391 = AXIS2_PLACEMENT_3D('',#6392,#6393,#6394);
#6392 = CARTESIAN_POINT('',(4.15,-0.25,4.9));
#6393 = DIRECTION('',(0.707106781187,-8.833102285013E-17,0.707106781187)
  );
#6394 = DIRECTION('',(-1.236918052038E-16,-1.,-1.227125289097E-18));
#6395 = ADVANCED_FACE('',(#6396),#6407,.T.);
#6396 = FACE_BOUND('',#6397,.F.);
#6397 = EDGE_LOOP('',(#6398,#6399,#6405,#6406));
#6398 = ORIENTED_EDGE('',*,*,#6384,.F.);
#6399 = ORIENTED_EDGE('',*,*,#6400,.T.);
#6400 = EDGE_CURVE('',#6377,#6329,#6401,.T.);
#6401 = LINE('',#6402,#6403);
#6402 = CARTESIAN_POINT('',(4.25,5.E-02,5.));
#6403 = VECTOR('',#6404,1.);
#6404 = DIRECTION('',(-1.,1.224646799147E-16,0.));
#6405 = ORIENTED_EDGE('',*,*,#6336,.T.);
#6406 = ORIENTED_EDGE('',*,*,#5036,.F.);
#6407 = PLANE('',#6408);
#6408 = AXIS2_PLACEMENT_3D('',#6409,#6410,#6411);
#6409 = CARTESIAN_POINT('',(4.25,0.15,4.9));
#6410 = DIRECTION('',(8.833102285013E-17,0.707106781187,0.707106781187)
  );
#6411 = DIRECTION('',(1.,-1.236918052038E-16,-1.227125289097E-18));
#6412 = ADVANCED_FACE('',(#6413),#6438,.F.);
#6413 = FACE_BOUND('',#6414,.T.);
#6414 = EDGE_LOOP('',(#6415,#6423,#6431,#6437));
#6415 = ORIENTED_EDGE('',*,*,#6416,.F.);
#6416 = EDGE_CURVE('',#6417,#5054,#6419,.T.);
#6417 = VERTEX_POINT('',#6418);
#6418 = CARTESIAN_POINT('',(5.95,-5.E-02,5.));
#6419 = LINE('',#6420,#6421);
#6420 = CARTESIAN_POINT('',(5.9,-0.1,4.95));
#6421 = VECTOR('',#6422,1.);
#6422 = DIRECTION('',(-0.57735026919,-0.57735026919,-0.57735026919));
#6423 = ORIENTED_EDGE('',*,*,#6424,.T.);
#6424 = EDGE_CURVE('',#6417,#6425,#6427,.T.);
#6425 = VERTEX_POINT('',#6426);
#6426 = CARTESIAN_POINT('',(5.95,5.E-02,5.));
#6427 = LINE('',#6428,#6429);
#6428 = CARTESIAN_POINT('',(5.95,-0.25,5.));
#6429 = VECTOR('',#6430,1.);
#6430 = DIRECTION('',(1.224646799147E-16,1.,0.));
#6431 = ORIENTED_EDGE('',*,*,#6432,.T.);
#6432 = EDGE_CURVE('',#6425,#5062,#6433,.T.);
#6433 = LINE('',#6434,#6435);
#6434 = CARTESIAN_POINT('',(5.983333333333,1.666666666667E-02,
    5.033333333333));
#6435 = VECTOR('',#6436,1.);
#6436 = DIRECTION('',(-0.57735026919,0.57735026919,-0.57735026919));
#6437 = ORIENTED_EDGE('',*,*,#5061,.F.);
#6438 = PLANE('',#6439);
#6439 = AXIS2_PLACEMENT_3D('',#6440,#6441,#6442);
#6440 = CARTESIAN_POINT('',(5.85,-0.25,4.9));
#6441 = DIRECTION('',(0.707106781187,-8.486018839685E-17,-0.707106781187
    ));
#6442 = DIRECTION('',(-1.212375546256E-16,-1.,-1.227125289196E-18));
#6443 = ADVANCED_FACE('',(#6444),#6462,.T.);
#6444 = FACE_BOUND('',#6445,.F.);
#6445 = EDGE_LOOP('',(#6446,#6454,#6455,#6456));
#6446 = ORIENTED_EDGE('',*,*,#6447,.F.);
#6447 = EDGE_CURVE('',#5084,#6448,#6450,.T.);
#6448 = VERTEX_POINT('',#6449);
#6449 = CARTESIAN_POINT('',(6.05,-5.E-02,5.));
#6450 = LINE('',#6451,#6452);
#6451 = CARTESIAN_POINT('',(6.183333333333,-0.183333333333,
    4.866666666667));
#6452 = VECTOR('',#6453,1.);
#6453 = DIRECTION('',(-0.57735026919,0.57735026919,0.57735026919));
#6454 = ORIENTED_EDGE('',*,*,#5093,.T.);
#6455 = ORIENTED_EDGE('',*,*,#6416,.F.);
#6456 = ORIENTED_EDGE('',*,*,#6457,.F.);
#6457 = EDGE_CURVE('',#6448,#6417,#6458,.T.);
#6458 = LINE('',#6459,#6460);
#6459 = CARTESIAN_POINT('',(6.25,-5.E-02,5.));
#6460 = VECTOR('',#6461,1.);
#6461 = DIRECTION('',(-1.,1.224646799147E-16,0.));
#6462 = PLANE('',#6463);
#6463 = AXIS2_PLACEMENT_3D('',#6464,#6465,#6466);
#6464 = CARTESIAN_POINT('',(6.25,-0.15,4.9));
#6465 = DIRECTION('',(-8.833102285013E-17,-0.707106781187,0.707106781187
    ));
#6466 = DIRECTION('',(1.,-1.236918052038E-16,1.227125289097E-18));
#6467 = ADVANCED_FACE('',(#6468),#6486,.T.);
#6468 = FACE_BOUND('',#6469,.F.);
#6469 = EDGE_LOOP('',(#6470,#6471,#6479,#6485));
#6470 = ORIENTED_EDGE('',*,*,#6447,.T.);
#6471 = ORIENTED_EDGE('',*,*,#6472,.T.);
#6472 = EDGE_CURVE('',#6448,#6473,#6475,.T.);
#6473 = VERTEX_POINT('',#6474);
#6474 = CARTESIAN_POINT('',(6.05,5.E-02,5.));
#6475 = LINE('',#6476,#6477);
#6476 = CARTESIAN_POINT('',(6.05,-0.25,5.));
#6477 = VECTOR('',#6478,1.);
#6478 = DIRECTION('',(1.224646799147E-16,1.,0.));
#6479 = ORIENTED_EDGE('',*,*,#6480,.T.);
#6480 = EDGE_CURVE('',#6473,#5110,#6481,.T.);
#6481 = LINE('',#6482,#6483);
#6482 = CARTESIAN_POINT('',(6.1,0.1,4.95));
#6483 = VECTOR('',#6484,1.);
#6484 = DIRECTION('',(0.57735026919,0.57735026919,-0.57735026919));
#6485 = ORIENTED_EDGE('',*,*,#5109,.F.);
#6486 = PLANE('',#6487);
#6487 = AXIS2_PLACEMENT_3D('',#6488,#6489,#6490);
#6488 = CARTESIAN_POINT('',(6.15,-0.25,4.9));
#6489 = DIRECTION('',(0.707106781187,-8.833102285013E-17,0.707106781187)
  );
#6490 = DIRECTION('',(-1.236918052038E-16,-1.,-1.227125289097E-18));
#6491 = ADVANCED_FACE('',(#6492),#6503,.T.);
#6492 = FACE_BOUND('',#6493,.F.);
#6493 = EDGE_LOOP('',(#6494,#6495,#6501,#6502));
#6494 = ORIENTED_EDGE('',*,*,#6480,.F.);
#6495 = ORIENTED_EDGE('',*,*,#6496,.T.);
#6496 = EDGE_CURVE('',#6473,#6425,#6497,.T.);
#6497 = LINE('',#6498,#6499);
#6498 = CARTESIAN_POINT('',(6.25,5.E-02,5.));
#6499 = VECTOR('',#6500,1.);
#6500 = DIRECTION('',(-1.,1.224646799147E-16,0.));
#6501 = ORIENTED_EDGE('',*,*,#6432,.T.);
#6502 = ORIENTED_EDGE('',*,*,#5132,.F.);
#6503 = PLANE('',#6504);
#6504 = AXIS2_PLACEMENT_3D('',#6505,#6506,#6507);
#6505 = CARTESIAN_POINT('',(6.25,0.15,4.9));
#6506 = DIRECTION('',(8.833102285013E-17,0.707106781187,0.707106781187)
  );
#6507 = DIRECTION('',(1.,-1.236918052038E-16,-1.227125289097E-18));
#6508 = ADVANCED_FACE('',(#6509),#6534,.T.);
#6509 = FACE_BOUND('',#6510,.F.);
#6510 = EDGE_LOOP('',(#6511,#6519,#6527,#6533));
#6511 = ORIENTED_EDGE('',*,*,#6512,.T.);
#6512 = EDGE_CURVE('',#5150,#6513,#6515,.T.);
#6513 = VERTEX_POINT('',#6514);
#6514 = CARTESIAN_POINT('',(2.05,-5.E-02,5.));
#6515 = LINE('',#6516,#6517);
#6516 = CARTESIAN_POINT('',(2.183333333333,-0.183333333333,
    4.866666666667));
#6517 = VECTOR('',#6518,1.);
#6518 = DIRECTION('',(-0.57735026919,0.57735026919,0.57735026919));
#6519 = ORIENTED_EDGE('',*,*,#6520,.T.);
#6520 = EDGE_CURVE('',#6513,#6521,#6523,.T.);
#6521 = VERTEX_POINT('',#6522);
#6522 = CARTESIAN_POINT('',(2.05,5.E-02,5.));
#6523 = LINE('',#6524,#6525);
#6524 = CARTESIAN_POINT('',(2.05,-0.25,5.));
#6525 = VECTOR('',#6526,1.);
#6526 = DIRECTION('',(1.224646799147E-16,1.,0.));
#6527 = ORIENTED_EDGE('',*,*,#6528,.T.);
#6528 = EDGE_CURVE('',#6521,#5158,#6529,.T.);
#6529 = LINE('',#6530,#6531);
#6530 = CARTESIAN_POINT('',(2.1,0.1,4.95));
#6531 = VECTOR('',#6532,1.);
#6532 = DIRECTION('',(0.57735026919,0.57735026919,-0.57735026919));
#6533 = ORIENTED_EDGE('',*,*,#5157,.F.);
#6534 = PLANE('',#6535);
#6535 = AXIS2_PLACEMENT_3D('',#6536,#6537,#6538);
#6536 = CARTESIAN_POINT('',(2.15,-0.25,4.9));
#6537 = DIRECTION('',(0.707106781187,-8.833102285013E-17,0.707106781187)
  );
#6538 = DIRECTION('',(-1.236918052038E-16,-1.,-1.227125289097E-18));
#6539 = ADVANCED_FACE('',(#6540),#6558,.T.);
#6540 = FACE_BOUND('',#6541,.F.);
#6541 = EDGE_LOOP('',(#6542,#6543,#6551,#6557));
#6542 = ORIENTED_EDGE('',*,*,#6528,.F.);
#6543 = ORIENTED_EDGE('',*,*,#6544,.T.);
#6544 = EDGE_CURVE('',#6521,#6545,#6547,.T.);
#6545 = VERTEX_POINT('',#6546);
#6546 = CARTESIAN_POINT('',(1.95,5.E-02,5.));
#6547 = LINE('',#6548,#6549);
#6548 = CARTESIAN_POINT('',(2.25,5.E-02,5.));
#6549 = VECTOR('',#6550,1.);
#6550 = DIRECTION('',(-1.,1.224646799147E-16,0.));
#6551 = ORIENTED_EDGE('',*,*,#6552,.T.);
#6552 = EDGE_CURVE('',#6545,#5181,#6553,.T.);
#6553 = LINE('',#6554,#6555);
#6554 = CARTESIAN_POINT('',(1.983333333333,1.666666666667E-02,
    5.033333333333));
#6555 = VECTOR('',#6556,1.);
#6556 = DIRECTION('',(-0.57735026919,0.57735026919,-0.57735026919));
#6557 = ORIENTED_EDGE('',*,*,#5180,.F.);
#6558 = PLANE('',#6559);
#6559 = AXIS2_PLACEMENT_3D('',#6560,#6561,#6562);
#6560 = CARTESIAN_POINT('',(2.25,0.15,4.9));
#6561 = DIRECTION('',(8.833102285013E-17,0.707106781187,0.707106781187)
  );
#6562 = DIRECTION('',(1.,-1.236918052038E-16,-1.227125289097E-18));
#6563 = ADVANCED_FACE('',(#6564),#6582,.F.);
#6564 = FACE_BOUND('',#6565,.T.);
#6565 = EDGE_LOOP('',(#6566,#6574,#6580,#6581));
#6566 = ORIENTED_EDGE('',*,*,#6567,.F.);
#6567 = EDGE_CURVE('',#6568,#5205,#6570,.T.);
#6568 = VERTEX_POINT('',#6569);
#6569 = CARTESIAN_POINT('',(1.95,-5.E-02,5.));
#6570 = LINE('',#6571,#6572);
#6571 = CARTESIAN_POINT('',(1.9,-0.1,4.95));
#6572 = VECTOR('',#6573,1.);
#6573 = DIRECTION('',(-0.57735026919,-0.57735026919,-0.57735026919));
#6574 = ORIENTED_EDGE('',*,*,#6575,.T.);
#6575 = EDGE_CURVE('',#6568,#6545,#6576,.T.);
#6576 = LINE('',#6577,#6578);
#6577 = CARTESIAN_POINT('',(1.95,-0.25,5.));
#6578 = VECTOR('',#6579,1.);
#6579 = DIRECTION('',(1.224646799147E-16,1.,0.));
#6580 = ORIENTED_EDGE('',*,*,#6552,.T.);
#6581 = ORIENTED_EDGE('',*,*,#5212,.F.);
#6582 = PLANE('',#6583);
#6583 = AXIS2_PLACEMENT_3D('',#6584,#6585,#6586);
#6584 = CARTESIAN_POINT('',(1.85,-0.25,4.9));
#6585 = DIRECTION('',(0.707106781187,-8.486018839685E-17,-0.707106781187
    ));
#6586 = DIRECTION('',(-1.212375546256E-16,-1.,-1.227125289196E-18));
#6587 = ADVANCED_FACE('',(#6588),#6599,.T.);
#6588 = FACE_BOUND('',#6589,.F.);
#6589 = EDGE_LOOP('',(#6590,#6591,#6592,#6593));
#6590 = ORIENTED_EDGE('',*,*,#6512,.F.);
#6591 = ORIENTED_EDGE('',*,*,#5230,.T.);
#6592 = ORIENTED_EDGE('',*,*,#6567,.F.);
#6593 = ORIENTED_EDGE('',*,*,#6594,.F.);
#6594 = EDGE_CURVE('',#6513,#6568,#6595,.T.);
#6595 = LINE('',#6596,#6597);
#6596 = CARTESIAN_POINT('',(2.25,-5.E-02,5.));
#6597 = VECTOR('',#6598,1.);
#6598 = DIRECTION('',(-1.,1.224646799147E-16,0.));
#6599 = PLANE('',#6600);
#6600 = AXIS2_PLACEMENT_3D('',#6601,#6602,#6603);
#6601 = CARTESIAN_POINT('',(2.25,-0.15,4.9));
#6602 = DIRECTION('',(-8.833102285013E-17,-0.707106781187,0.707106781187
    ));
#6603 = DIRECTION('',(1.,-1.236918052038E-16,1.227125289097E-18));
#6604 = ADVANCED_FACE('',(#6605),#6630,.F.);
#6605 = FACE_BOUND('',#6606,.T.);
#6606 = EDGE_LOOP('',(#6607,#6615,#6623,#6629));
#6607 = ORIENTED_EDGE('',*,*,#6608,.F.);
#6608 = EDGE_CURVE('',#6609,#5246,#6611,.T.);
#6609 = VERTEX_POINT('',#6610);
#6610 = CARTESIAN_POINT('',(11.95,-5.E-02,5.));
#6611 = LINE('',#6612,#6613);
#6612 = CARTESIAN_POINT('',(11.9,-0.1,4.95));
#6613 = VECTOR('',#6614,1.);
#6614 = DIRECTION('',(-0.57735026919,-0.57735026919,-0.57735026919));
#6615 = ORIENTED_EDGE('',*,*,#6616,.T.);
#6616 = EDGE_CURVE('',#6609,#6617,#6619,.T.);
#6617 = VERTEX_POINT('',#6618);
#6618 = CARTESIAN_POINT('',(11.95,5.E-02,5.));
#6619 = LINE('',#6620,#6621);
#6620 = CARTESIAN_POINT('',(11.95,-0.25,5.));
#6621 = VECTOR('',#6622,1.);
#6622 = DIRECTION('',(1.224646799147E-16,1.,0.));
#6623 = ORIENTED_EDGE('',*,*,#6624,.T.);
#6624 = EDGE_CURVE('',#6617,#5254,#6625,.T.);
#6625 = LINE('',#6626,#6627);
#6626 = CARTESIAN_POINT('',(11.983333333333,1.666666666667E-02,
    5.033333333333));
#6627 = VECTOR('',#6628,1.);
#6628 = DIRECTION('',(-0.57735026919,0.57735026919,-0.57735026919));
#6629 = ORIENTED_EDGE('',*,*,#5253,.F.);
#6630 = PLANE('',#6631);
#6631 = AXIS2_PLACEMENT_3D('',#6632,#6633,#6634);
#6632 = CARTESIAN_POINT('',(11.85,-0.25,4.9));
#6633 = DIRECTION('',(0.707106781187,-8.486018839685E-17,-0.707106781187
    ));
#6634 = DIRECTION('',(-1.212375546256E-16,-1.,-1.227125289196E-18));
#6635 = ADVANCED_FACE('',(#6636),#6654,.T.);
#6636 = FACE_BOUND('',#6637,.F.);
#6637 = EDGE_LOOP('',(#6638,#6646,#6647,#6648));
#6638 = ORIENTED_EDGE('',*,*,#6639,.T.);
#6639 = EDGE_CURVE('',#6640,#5276,#6642,.T.);
#6640 = VERTEX_POINT('',#6641);
#6641 = CARTESIAN_POINT('',(12.05,-5.E-02,5.));
#6642 = LINE('',#6643,#6644);
#6643 = CARTESIAN_POINT('',(12.183333333333,-0.183333333333,
    4.866666666667));
#6644 = VECTOR('',#6645,1.);
#6645 = DIRECTION('',(0.57735026919,-0.57735026919,-0.57735026919));
#6646 = ORIENTED_EDGE('',*,*,#5285,.T.);
#6647 = ORIENTED_EDGE('',*,*,#6608,.F.);
#6648 = ORIENTED_EDGE('',*,*,#6649,.F.);
#6649 = EDGE_CURVE('',#6640,#6609,#6650,.T.);
#6650 = LINE('',#6651,#6652);
#6651 = CARTESIAN_POINT('',(12.25,-5.E-02,5.));
#6652 = VECTOR('',#6653,1.);
#6653 = DIRECTION('',(-1.,1.224646799147E-16,0.));
#6654 = PLANE('',#6655);
#6655 = AXIS2_PLACEMENT_3D('',#6656,#6657,#6658);
#6656 = CARTESIAN_POINT('',(12.25,-0.15,4.9));
#6657 = DIRECTION('',(-8.833102285013E-17,-0.707106781187,0.707106781187
    ));
#6658 = DIRECTION('',(1.,-1.236918052038E-16,1.227125289097E-18));
#6659 = ADVANCED_FACE('',(#6660),#6678,.T.);
#6660 = FACE_BOUND('',#6661,.F.);
#6661 = EDGE_LOOP('',(#6662,#6663,#6671,#6677));
#6662 = ORIENTED_EDGE('',*,*,#6639,.F.);
#6663 = ORIENTED_EDGE('',*,*,#6664,.T.);
#6664 = EDGE_CURVE('',#6640,#6665,#6667,.T.);
#6665 = VERTEX_POINT('',#6666);
#6666 = CARTESIAN_POINT('',(12.05,5.E-02,5.));
#6667 = LINE('',#6668,#6669);
#6668 = CARTESIAN_POINT('',(12.05,-0.25,5.));
#6669 = VECTOR('',#6670,1.);
#6670 = DIRECTION('',(1.224646799147E-16,1.,0.));
#6671 = ORIENTED_EDGE('',*,*,#6672,.T.);
#6672 = EDGE_CURVE('',#6665,#5302,#6673,.T.);
#6673 = LINE('',#6674,#6675);
#6674 = CARTESIAN_POINT('',(12.1,0.1,4.95));
#6675 = VECTOR('',#6676,1.);
#6676 = DIRECTION('',(0.57735026919,0.57735026919,-0.57735026919));
#6677 = ORIENTED_EDGE('',*,*,#5301,.F.);
#6678 = PLANE('',#6679);
#6679 = AXIS2_PLACEMENT_3D('',#6680,#6681,#6682);
#6680 = CARTESIAN_POINT('',(12.15,-0.25,4.9));
#6681 = DIRECTION('',(0.707106781187,-8.833102285013E-17,0.707106781187)
  );
#6682 = DIRECTION('',(-1.236918052038E-16,-1.,-1.227125289097E-18));
#6683 = ADVANCED_FACE('',(#6684),#6695,.T.);
#6684 = FACE_BOUND('',#6685,.F.);
#6685 = EDGE_LOOP('',(#6686,#6687,#6693,#6694));
#6686 = ORIENTED_EDGE('',*,*,#6672,.F.);
#6687 = ORIENTED_EDGE('',*,*,#6688,.T.);
#6688 = EDGE_CURVE('',#6665,#6617,#6689,.T.);
#6689 = LINE('',#6690,#6691);
#6690 = CARTESIAN_POINT('',(12.25,5.E-02,5.));
#6691 = VECTOR('',#6692,1.);
#6692 = DIRECTION('',(-1.,1.224646799147E-16,0.));
#6693 = ORIENTED_EDGE('',*,*,#6624,.T.);
#6694 = ORIENTED_EDGE('',*,*,#5324,.F.);
#6695 = PLANE('',#6696);
#6696 = AXIS2_PLACEMENT_3D('',#6697,#6698,#6699);
#6697 = CARTESIAN_POINT('',(12.25,0.15,4.9));
#6698 = DIRECTION('',(8.833102285013E-17,0.707106781187,0.707106781187)
  );
#6699 = DIRECTION('',(1.,-1.236918052038E-16,-1.227125289097E-18));
#6700 = ADVANCED_FACE('',(#6701),#6726,.T.);
#6701 = FACE_BOUND('',#6702,.F.);
#6702 = EDGE_LOOP('',(#6703,#6711,#6719,#6725));
#6703 = ORIENTED_EDGE('',*,*,#6704,.F.);
#6704 = EDGE_CURVE('',#6705,#5342,#6707,.T.);
#6705 = VERTEX_POINT('',#6706);
#6706 = CARTESIAN_POINT('',(5.E-02,-5.E-02,5.));
#6707 = LINE('',#6708,#6709);
#6708 = CARTESIAN_POINT('',(0.183333333333,-0.183333333333,
    4.866666666667));
#6709 = VECTOR('',#6710,1.);
#6710 = DIRECTION('',(0.57735026919,-0.57735026919,-0.57735026919));
#6711 = ORIENTED_EDGE('',*,*,#6712,.T.);
#6712 = EDGE_CURVE('',#6705,#6713,#6715,.T.);
#6713 = VERTEX_POINT('',#6714);
#6714 = CARTESIAN_POINT('',(5.E-02,5.E-02,5.));
#6715 = LINE('',#6716,#6717);
#6716 = CARTESIAN_POINT('',(5.E-02,-0.25,5.));
#6717 = VECTOR('',#6718,1.);
#6718 = DIRECTION('',(1.224646799147E-16,1.,0.));
#6719 = ORIENTED_EDGE('',*,*,#6720,.T.);
#6720 = EDGE_CURVE('',#6713,#5350,#6721,.T.);
#6721 = LINE('',#6722,#6723);
#6722 = CARTESIAN_POINT('',(0.1,0.1,4.95));
#6723 = VECTOR('',#6724,1.);
#6724 = DIRECTION('',(0.57735026919,0.57735026919,-0.57735026919));
#6725 = ORIENTED_EDGE('',*,*,#5349,.F.);
#6726 = PLANE('',#6727);
#6727 = AXIS2_PLACEMENT_3D('',#6728,#6729,#6730);
#6728 = CARTESIAN_POINT('',(0.15,-0.25,4.9));
#6729 = DIRECTION('',(0.707106781187,-8.833102285013E-17,0.707106781187)
  );
#6730 = DIRECTION('',(-1.236918052038E-16,-1.,-1.227125289097E-18));
#6731 = ADVANCED_FACE('',(#6732),#6750,.T.);
#6732 = FACE_BOUND('',#6733,.F.);
#6733 = EDGE_LOOP('',(#6734,#6735,#6743,#6749));
#6734 = ORIENTED_EDGE('',*,*,#6720,.F.);
#6735 = ORIENTED_EDGE('',*,*,#6736,.T.);
#6736 = EDGE_CURVE('',#6713,#6737,#6739,.T.);
#6737 = VERTEX_POINT('',#6738);
#6738 = CARTESIAN_POINT('',(-5.E-02,5.E-02,5.));
#6739 = LINE('',#6740,#6741);
#6740 = CARTESIAN_POINT('',(0.25,5.E-02,5.));
#6741 = VECTOR('',#6742,1.);
#6742 = DIRECTION('',(-1.,1.224646799147E-16,0.));
#6743 = ORIENTED_EDGE('',*,*,#6744,.T.);
#6744 = EDGE_CURVE('',#6737,#5373,#6745,.T.);
#6745 = LINE('',#6746,#6747);
#6746 = CARTESIAN_POINT('',(-1.666666666667E-02,1.666666666667E-02,
    5.033333333333));
#6747 = VECTOR('',#6748,1.);
#6748 = DIRECTION('',(-0.57735026919,0.57735026919,-0.57735026919));
#6749 = ORIENTED_EDGE('',*,*,#5372,.F.);
#6750 = PLANE('',#6751);
#6751 = AXIS2_PLACEMENT_3D('',#6752,#6753,#6754);
#6752 = CARTESIAN_POINT('',(0.25,0.15,4.9));
#6753 = DIRECTION('',(8.833102285013E-17,0.707106781187,0.707106781187)
  );
#6754 = DIRECTION('',(1.,-1.236918052038E-16,-1.227125289097E-18));
#6755 = ADVANCED_FACE('',(#6756),#6774,.F.);
#6756 = FACE_BOUND('',#6757,.T.);
#6757 = EDGE_LOOP('',(#6758,#6766,#6772,#6773));
#6758 = ORIENTED_EDGE('',*,*,#6759,.F.);
#6759 = EDGE_CURVE('',#6760,#5397,#6762,.T.);
#6760 = VERTEX_POINT('',#6761);
#6761 = CARTESIAN_POINT('',(-5.E-02,-5.E-02,5.));
#6762 = LINE('',#6763,#6764);
#6763 = CARTESIAN_POINT('',(-0.1,-0.1,4.95));
#6764 = VECTOR('',#6765,1.);
#6765 = DIRECTION('',(-0.57735026919,-0.57735026919,-0.57735026919));
#6766 = ORIENTED_EDGE('',*,*,#6767,.T.);
#6767 = EDGE_CURVE('',#6760,#6737,#6768,.T.);
#6768 = LINE('',#6769,#6770);
#6769 = CARTESIAN_POINT('',(-5.E-02,-0.25,5.));
#6770 = VECTOR('',#6771,1.);
#6771 = DIRECTION('',(1.224646799147E-16,1.,0.));
#6772 = ORIENTED_EDGE('',*,*,#6744,.T.);
#6773 = ORIENTED_EDGE('',*,*,#5404,.F.);
#6774 = PLANE('',#6775);
#6775 = AXIS2_PLACEMENT_3D('',#6776,#6777,#6778);
#6776 = CARTESIAN_POINT('',(-0.15,-0.25,4.9));
#6777 = DIRECTION('',(0.707106781187,-8.486018839685E-17,-0.707106781187
    ));
#6778 = DIRECTION('',(-1.212375546256E-16,-1.,-1.227125289196E-18));
#6779 = ADVANCED_FACE('',(#6780),#6791,.T.);
#6780 = FACE_BOUND('',#6781,.F.);
#6781 = EDGE_LOOP('',(#6782,#6783,#6784,#6785));
#6782 = ORIENTED_EDGE('',*,*,#6704,.T.);
#6783 = ORIENTED_EDGE('',*,*,#5422,.T.);
#6784 = ORIENTED_EDGE('',*,*,#6759,.F.);
#6785 = ORIENTED_EDGE('',*,*,#6786,.F.);
#6786 = EDGE_CURVE('',#6705,#6760,#6787,.T.);
#6787 = LINE('',#6788,#6789);
#6788 = CARTESIAN_POINT('',(0.25,-5.E-02,5.));
#6789 = VECTOR('',#6790,1.);
#6790 = DIRECTION('',(-1.,1.224646799147E-16,0.));
#6791 = PLANE('',#6792);
#6792 = AXIS2_PLACEMENT_3D('',#6793,#6794,#6795);
#6793 = CARTESIAN_POINT('',(0.25,-0.15,4.9));
#6794 = DIRECTION('',(-8.833102285013E-17,-0.707106781187,0.707106781187
    ));
#6795 = DIRECTION('',(1.,-1.236918052038E-16,1.227125289097E-18));
#6796 = ADVANCED_FACE('',(#6797),#6808,.T.);
#6797 = FACE_BOUND('',#6798,.T.);
#6798 = EDGE_LOOP('',(#6799,#6800,#6806,#6807));
#6799 = ORIENTED_EDGE('',*,*,#5436,.F.);
#6800 = ORIENTED_EDGE('',*,*,#6801,.T.);
#6801 = EDGE_CURVE('',#5437,#5570,#6802,.T.);
#6802 = LINE('',#6803,#6804);
#6803 = CARTESIAN_POINT('',(0.25,5.E-02,-3.4));
#6804 = VECTOR('',#6805,1.);
#6805 = DIRECTION('',(-1.,1.224646799147E-16,0.));
#6806 = ORIENTED_EDGE('',*,*,#5569,.T.);
#6807 = ORIENTED_EDGE('',*,*,#5499,.F.);
#6808 = PLANE('',#6809);
#6809 = AXIS2_PLACEMENT_3D('',#6810,#6811,#6812);
#6810 = CARTESIAN_POINT('',(0.25,0.165596257347,-3.301223703467));
#6811 = DIRECTION('',(8.302774088379E-17,0.64962967394,-0.760250805153)
  );
#6812 = DIRECTION('',(-1.,1.247195775152E-16,-2.638869166629E-18));
#6813 = ADVANCED_FACE('',(#6814),#6825,.F.);
#6814 = FACE_BOUND('',#6815,.F.);
#6815 = EDGE_LOOP('',(#6816,#6817,#6818,#6819));
#6816 = ORIENTED_EDGE('',*,*,#5446,.F.);
#6817 = ORIENTED_EDGE('',*,*,#6801,.T.);
#6818 = ORIENTED_EDGE('',*,*,#5577,.T.);
#6819 = ORIENTED_EDGE('',*,*,#6820,.F.);
#6820 = EDGE_CURVE('',#5447,#5578,#6821,.T.);
#6821 = LINE('',#6822,#6823);
#6822 = CARTESIAN_POINT('',(0.25,-5.E-02,-3.4));
#6823 = VECTOR('',#6824,1.);
#6824 = DIRECTION('',(-1.,1.224646799147E-16,0.));
#6825 = PLANE('',#6826);
#6826 = AXIS2_PLACEMENT_3D('',#6827,#6828,#6829);
#6827 = CARTESIAN_POINT('',(0.25,0.25,-3.4));
#6828 = DIRECTION('',(0.,0.,1.));
#6829 = DIRECTION('',(-1.224646799147E-16,-1.,0.));
#6830 = ADVANCED_FACE('',(#6831),#6837,.T.);
#6831 = FACE_BOUND('',#6832,.F.);
#6832 = EDGE_LOOP('',(#6833,#6834,#6835,#6836));
#6833 = ORIENTED_EDGE('',*,*,#5454,.F.);
#6834 = ORIENTED_EDGE('',*,*,#6820,.T.);
#6835 = ORIENTED_EDGE('',*,*,#5585,.T.);
#6836 = ORIENTED_EDGE('',*,*,#5545,.F.);
#6837 = PLANE('',#6838);
#6838 = AXIS2_PLACEMENT_3D('',#6839,#6840,#6841);
#6839 = CARTESIAN_POINT('',(0.25,-0.134403742653,-3.301223703467));
#6840 = DIRECTION('',(-9.136856246232E-17,-0.760250805153,-0.64962967394
    ));
#6841 = DIRECTION('',(1.,-1.211454098155E-16,1.127308249542E-18));
#6842 = ADVANCED_FACE('',(#6843),#6849,.F.);
#6843 = FACE_BOUND('',#6844,.F.);
#6844 = EDGE_LOOP('',(#6845,#6846,#6847,#6848));
#6845 = ORIENTED_EDGE('',*,*,#5610,.F.);
#6846 = ORIENTED_EDGE('',*,*,#5634,.T.);
#6847 = ORIENTED_EDGE('',*,*,#5658,.T.);
#6848 = ORIENTED_EDGE('',*,*,#5682,.F.);
#6849 = PLANE('',#6850);
#6850 = AXIS2_PLACEMENT_3D('',#6851,#6852,#6853);
#6851 = CARTESIAN_POINT('',(2.25,0.25,-3.4));
#6852 = DIRECTION('',(0.,0.,1.));
#6853 = DIRECTION('',(-1.224646799147E-16,-1.,0.));
#6854 = ADVANCED_FACE('',(#6855),#6861,.F.);
#6855 = FACE_BOUND('',#6856,.F.);
#6856 = EDGE_LOOP('',(#6857,#6858,#6859,#6860));
#6857 = ORIENTED_EDGE('',*,*,#5761,.F.);
#6858 = ORIENTED_EDGE('',*,*,#5778,.T.);
#6859 = ORIENTED_EDGE('',*,*,#5706,.T.);
#6860 = ORIENTED_EDGE('',*,*,#5737,.F.);
#6861 = PLANE('',#6862);
#6862 = AXIS2_PLACEMENT_3D('',#6863,#6864,#6865);
#6863 = CARTESIAN_POINT('',(4.25,0.25,-3.4));
#6864 = DIRECTION('',(0.,0.,1.));
#6865 = DIRECTION('',(-1.224646799147E-16,-1.,0.));
#6866 = ADVANCED_FACE('',(#6867),#6873,.F.);
#6867 = FACE_BOUND('',#6868,.F.);
#6868 = EDGE_LOOP('',(#6869,#6870,#6871,#6872));
#6869 = ORIENTED_EDGE('',*,*,#5857,.F.);
#6870 = ORIENTED_EDGE('',*,*,#5874,.T.);
#6871 = ORIENTED_EDGE('',*,*,#5802,.T.);
#6872 = ORIENTED_EDGE('',*,*,#5833,.F.);
#6873 = PLANE('',#6874);
#6874 = AXIS2_PLACEMENT_3D('',#6875,#6876,#6877);
#6875 = CARTESIAN_POINT('',(6.25,0.25,-3.4));
#6876 = DIRECTION('',(0.,0.,1.));
#6877 = DIRECTION('',(-1.224646799147E-16,-1.,0.));
#6878 = ADVANCED_FACE('',(#6879),#6885,.F.);
#6879 = FACE_BOUND('',#6880,.F.);
#6880 = EDGE_LOOP('',(#6881,#6882,#6883,#6884));
#6881 = ORIENTED_EDGE('',*,*,#5970,.F.);
#6882 = ORIENTED_EDGE('',*,*,#5898,.T.);
#6883 = ORIENTED_EDGE('',*,*,#5922,.T.);
#6884 = ORIENTED_EDGE('',*,*,#5953,.F.);
#6885 = PLANE('',#6886);
#6886 = AXIS2_PLACEMENT_3D('',#6887,#6888,#6889);
#6887 = CARTESIAN_POINT('',(8.25,0.25,-3.4));
#6888 = DIRECTION('',(0.,0.,1.));
#6889 = DIRECTION('',(-1.224646799147E-16,-1.,0.));
#6890 = ADVANCED_FACE('',(#6891),#6897,.F.);
#6891 = FACE_BOUND('',#6892,.F.);
#6892 = EDGE_LOOP('',(#6893,#6894,#6895,#6896));
#6893 = ORIENTED_EDGE('',*,*,#6049,.F.);
#6894 = ORIENTED_EDGE('',*,*,#6066,.T.);
#6895 = ORIENTED_EDGE('',*,*,#5994,.T.);
#6896 = ORIENTED_EDGE('',*,*,#6025,.F.);
#6897 = PLANE('',#6898);
#6898 = AXIS2_PLACEMENT_3D('',#6899,#6900,#6901);
#6899 = CARTESIAN_POINT('',(10.25,0.25,-3.4));
#6900 = DIRECTION('',(0.,0.,1.));
#6901 = DIRECTION('',(-1.224646799147E-16,-1.,0.));
#6902 = ADVANCED_FACE('',(#6903),#6909,.F.);
#6903 = FACE_BOUND('',#6904,.F.);
#6904 = EDGE_LOOP('',(#6905,#6906,#6907,#6908));
#6905 = ORIENTED_EDGE('',*,*,#6208,.F.);
#6906 = ORIENTED_EDGE('',*,*,#6184,.F.);
#6907 = ORIENTED_EDGE('',*,*,#6169,.T.);
#6908 = ORIENTED_EDGE('',*,*,#6136,.T.);
#6909 = PLANE('',#6910);
#6910 = AXIS2_PLACEMENT_3D('',#6911,#6912,#6913);
#6911 = CARTESIAN_POINT('',(10.25,-0.25,5.));
#6912 = DIRECTION('',(-0.,0.,-1.));
#6913 = DIRECTION('',(1.224646799147E-16,1.,0.));
#6914 = ADVANCED_FACE('',(#6915),#6921,.F.);
#6915 = FACE_BOUND('',#6916,.F.);
#6916 = EDGE_LOOP('',(#6917,#6918,#6919,#6920));
#6917 = ORIENTED_EDGE('',*,*,#6232,.F.);
#6918 = ORIENTED_EDGE('',*,*,#6304,.F.);
#6919 = ORIENTED_EDGE('',*,*,#6289,.T.);
#6920 = ORIENTED_EDGE('',*,*,#6263,.T.);
#6921 = PLANE('',#6922);
#6922 = AXIS2_PLACEMENT_3D('',#6923,#6924,#6925);
#6923 = CARTESIAN_POINT('',(8.25,-0.25,5.));
#6924 = DIRECTION('',(-0.,0.,-1.));
#6925 = DIRECTION('',(1.224646799147E-16,1.,0.));
#6926 = ADVANCED_FACE('',(#6927),#6933,.F.);
#6927 = FACE_BOUND('',#6928,.F.);
#6928 = EDGE_LOOP('',(#6929,#6930,#6931,#6932));
#6929 = ORIENTED_EDGE('',*,*,#6400,.F.);
#6930 = ORIENTED_EDGE('',*,*,#6376,.F.);
#6931 = ORIENTED_EDGE('',*,*,#6361,.T.);
#6932 = ORIENTED_EDGE('',*,*,#6328,.T.);
#6933 = PLANE('',#6934);
#6934 = AXIS2_PLACEMENT_3D('',#6935,#6936,#6937);
#6935 = CARTESIAN_POINT('',(4.25,-0.25,5.));
#6936 = DIRECTION('',(-0.,0.,-1.));
#6937 = DIRECTION('',(1.224646799147E-16,1.,0.));
#6938 = ADVANCED_FACE('',(#6939),#6945,.F.);
#6939 = FACE_BOUND('',#6940,.F.);
#6940 = EDGE_LOOP('',(#6941,#6942,#6943,#6944));
#6941 = ORIENTED_EDGE('',*,*,#6496,.F.);
#6942 = ORIENTED_EDGE('',*,*,#6472,.F.);
#6943 = ORIENTED_EDGE('',*,*,#6457,.T.);
#6944 = ORIENTED_EDGE('',*,*,#6424,.T.);
#6945 = PLANE('',#6946);
#6946 = AXIS2_PLACEMENT_3D('',#6947,#6948,#6949);
#6947 = CARTESIAN_POINT('',(6.25,-0.25,5.));
#6948 = DIRECTION('',(-0.,0.,-1.));
#6949 = DIRECTION('',(1.224646799147E-16,1.,0.));
#6950 = ADVANCED_FACE('',(#6951),#6957,.F.);
#6951 = FACE_BOUND('',#6952,.F.);
#6952 = EDGE_LOOP('',(#6953,#6954,#6955,#6956));
#6953 = ORIENTED_EDGE('',*,*,#6544,.F.);
#6954 = ORIENTED_EDGE('',*,*,#6520,.F.);
#6955 = ORIENTED_EDGE('',*,*,#6594,.T.);
#6956 = ORIENTED_EDGE('',*,*,#6575,.T.);
#6957 = PLANE('',#6958);
#6958 = AXIS2_PLACEMENT_3D('',#6959,#6960,#6961);
#6959 = CARTESIAN_POINT('',(2.25,-0.25,5.));
#6960 = DIRECTION('',(-0.,0.,-1.));
#6961 = DIRECTION('',(1.224646799147E-16,1.,0.));
#6962 = ADVANCED_FACE('',(#6963),#6969,.F.);
#6963 = FACE_BOUND('',#6964,.F.);
#6964 = EDGE_LOOP('',(#6965,#6966,#6967,#6968));
#6965 = ORIENTED_EDGE('',*,*,#6664,.F.);
#6966 = ORIENTED_EDGE('',*,*,#6649,.T.);
#6967 = ORIENTED_EDGE('',*,*,#6616,.T.);
#6968 = ORIENTED_EDGE('',*,*,#6688,.F.);
#6969 = PLANE('',#6970);
#6970 = AXIS2_PLACEMENT_3D('',#6971,#6972,#6973);
#6971 = CARTESIAN_POINT('',(12.25,-0.25,5.));
#6972 = DIRECTION('',(-0.,0.,-1.));
#6973 = DIRECTION('',(1.224646799147E-16,1.,0.));
#6974 = ADVANCED_FACE('',(#6975),#6981,.F.);
#6975 = FACE_BOUND('',#6976,.F.);
#6976 = EDGE_LOOP('',(#6977,#6978,#6979,#6980));
#6977 = ORIENTED_EDGE('',*,*,#6712,.F.);
#6978 = ORIENTED_EDGE('',*,*,#6786,.T.);
#6979 = ORIENTED_EDGE('',*,*,#6767,.T.);
#6980 = ORIENTED_EDGE('',*,*,#6736,.F.);
#6981 = PLANE('',#6982);
#6982 = AXIS2_PLACEMENT_3D('',#6983,#6984,#6985);
#6983 = CARTESIAN_POINT('',(0.25,-0.25,5.));
#6984 = DIRECTION('',(-0.,0.,-1.));
#6985 = DIRECTION('',(1.224646799147E-16,1.,0.));
#6986 = ( GEOMETRIC_REPRESENTATION_CONTEXT(3) 
GLOBAL_UNCERTAINTY_ASSIGNED_CONTEXT((#6990)) 
GLOBAL_UNIT_ASSIGNED_CONTEXT((#6987,#6988,#6989)) REPRESENTATION_CONTEXT
('Context #1','3D Context with UNIT and UNCERTAINTY') );
#6987 = ( LENGTH_UNIT() NAMED_UNIT(*) SI_UNIT(.MILLI.,.METRE.) );
#6988 = ( NAMED_UNIT(*) PLANE_ANGLE_UNIT() SI_UNIT($,.RADIAN.) );
#6989 = ( NAMED_UNIT(*) SI_UNIT($,.STERADIAN.) SOLID_ANGLE_UNIT() );
#6990 = UNCERTAINTY_MEASURE_WITH_UNIT(LENGTH_MEASURE(1.E-07),#6987,
  'distance_accuracy_value','confusion accuracy');
#6991 = CONTEXT_DEPENDENT_SHAPE_REPRESENTATION(#6992,#6994);
#6992 = ( REPRESENTATION_RELATIONSHIP('','',#63,#40) 
REPRESENTATION_RELATIONSHIP_WITH_TRANSFORMATION(#6993) 
SHAPE_REPRESENTATION_RELATIONSHIP() );
#6993 = ITEM_DEFINED_TRANSFORMATION('','',#11,#41);
#6994 = PRODUCT_DEFINITION_SHAPE('Placement','Placement of an item',
  #6995);
#6995 = NEXT_ASSEMBLY_USAGE_OCCURRENCE('1','=>[0:1:1:3]','',#35,#58,$);
#6996 = PRODUCT_RELATED_PRODUCT_CATEGORY('part',$,(#60));
#6997 = SHAPE_DEFINITION_REPRESENTATION(#6998,#7004);
#6998 = PRODUCT_DEFINITION_SHAPE('','',#6999);
#6999 = PRODUCT_DEFINITION('design','',#7000,#7003);
#7000 = PRODUCT_DEFINITION_FORMATION('','',#7001);
#7001 = PRODUCT(
'electronic_connector_jst_ph_2_mm_pitch_through_hole_vertical_7_pin_jst_
b7b_ph_k_s_render_pad',
'electronic_connector_jst_ph_2_mm_pitch_through_hole_vertical_7_pin_jst_
b7b_ph_k_s_render_pad','',(#7002));
#7002 = PRODUCT_CONTEXT('',#2,'mechanical');
#7003 = PRODUCT_DEFINITION_CONTEXT('part definition',#2,'design');
#7004 = SHAPE_REPRESENTATION('',(#11,#7005,#7334,#7663,#7755,#7948,#8141
    ,#8233,#8426,#8619,#8711,#8904,#9097,#9189,#9382,#9575,#9667,#9860,
    #10053,#10145,#10338,#10531),#10623);
#7005 = MANIFOLD_SOLID_BREP('',#7006);
#7006 = CLOSED_SHELL('',(#7007,#7049,#7080,#7111,#7174,#7237,#7254,#7271
    ,#7288,#7305,#7317));
#7007 = ADVANCED_FACE('',(#7008),#7044,.T.);
#7008 = FACE_BOUND('',#7009,.T.);
#7009 = EDGE_LOOP('',(#7010,#7020,#7029,#7037));
#7010 = ORIENTED_EDGE('',*,*,#7011,.T.);
#7011 = EDGE_CURVE('',#7012,#7014,#7016,.T.);
#7012 = VERTEX_POINT('',#7013);
#7013 = CARTESIAN_POINT('',(-0.6,0.625,1.51));
#7014 = VERTEX_POINT('',#7015);
#7015 = CARTESIAN_POINT('',(-0.6,0.625,1.55));
#7016 = LINE('',#7017,#7018);
#7017 = CARTESIAN_POINT('',(-0.6,0.625,1.51));
#7018 = VECTOR('',#7019,1.);
#7019 = DIRECTION('',(0.,0.,1.));
#7020 = ORIENTED_EDGE('',*,*,#7021,.T.);
#7021 = EDGE_CURVE('',#7014,#7022,#7024,.T.);
#7022 = VERTEX_POINT('',#7023);
#7023 = CARTESIAN_POINT('',(-0.35,0.875,1.55));
#7024 = CIRCLE('',#7025,0.249998959685);
#7025 = AXIS2_PLACEMENT_3D('',#7026,#7027,#7028);
#7026 = CARTESIAN_POINT('',(-0.350001040317,0.625001040317,1.55));
#7027 = DIRECTION('',(0.,0.,-1.));
#7028 = DIRECTION('',(-0.999999999991,-4.16128583307E-06,-0.));
#7029 = ORIENTED_EDGE('',*,*,#7030,.F.);
#7030 = EDGE_CURVE('',#7031,#7022,#7033,.T.);
#7031 = VERTEX_POINT('',#7032);
#7032 = CARTESIAN_POINT('',(-0.35,0.875,1.51));
#7033 = LINE('',#7034,#7035);
#7034 = CARTESIAN_POINT('',(-0.35,0.875,1.51));
#7035 = VECTOR('',#7036,1.);
#7036 = DIRECTION('',(0.,0.,1.));
#7037 = ORIENTED_EDGE('',*,*,#7038,.F.);
#7038 = EDGE_CURVE('',#7012,#7031,#7039,.T.);
#7039 = CIRCLE('',#7040,0.249998959685);
#7040 = AXIS2_PLACEMENT_3D('',#7041,#7042,#7043);
#7041 = CARTESIAN_POINT('',(-0.350001040317,0.625001040317,1.51));
#7042 = DIRECTION('',(0.,0.,-1.));
#7043 = DIRECTION('',(-0.999999999991,-4.16128583307E-06,-0.));
#7044 = CYLINDRICAL_SURFACE('',#7045,0.249998959685);
#7045 = AXIS2_PLACEMENT_3D('',#7046,#7047,#7048);
#7046 = CARTESIAN_POINT('',(-0.350001040317,0.625001040317,1.51));
#7047 = DIRECTION('',(0.,0.,-1.));
#7048 = DIRECTION('',(-0.999999999991,-4.16128583307E-06,-0.));
#7049 = ADVANCED_FACE('',(#7050),#7075,.T.);
#7050 = FACE_BOUND('',#7051,.T.);
#7051 = EDGE_LOOP('',(#7052,#7062,#7068,#7069));
#7052 = ORIENTED_EDGE('',*,*,#7053,.T.);
#7053 = EDGE_CURVE('',#7054,#7056,#7058,.T.);
#7054 = VERTEX_POINT('',#7055);
#7055 = CARTESIAN_POINT('',(-0.6,-0.625,1.51));
#7056 = VERTEX_POINT('',#7057);
#7057 = CARTESIAN_POINT('',(-0.6,-0.625,1.55));
#7058 = LINE('',#7059,#7060);
#7059 = CARTESIAN_POINT('',(-0.6,-0.625,1.51));
#7060 = VECTOR('',#7061,1.);
#7061 = DIRECTION('',(0.,0.,1.));
#7062 = ORIENTED_EDGE('',*,*,#7063,.T.);
#7063 = EDGE_CURVE('',#7056,#7014,#7064,.T.);
#7064 = LINE('',#7065,#7066);
#7065 = CARTESIAN_POINT('',(-0.6,-0.625,1.55));
#7066 = VECTOR('',#7067,1.);
#7067 = DIRECTION('',(0.,1.,0.));
#7068 = ORIENTED_EDGE('',*,*,#7011,.F.);
#7069 = ORIENTED_EDGE('',*,*,#7070,.F.);
#7070 = EDGE_CURVE('',#7054,#7012,#7071,.T.);
#7071 = LINE('',#7072,#7073);
#7072 = CARTESIAN_POINT('',(-0.6,-0.625,1.51));
#7073 = VECTOR('',#7074,1.);
#7074 = DIRECTION('',(0.,1.,0.));
#7075 = PLANE('',#7076);
#7076 = AXIS2_PLACEMENT_3D('',#7077,#7078,#7079);
#7077 = CARTESIAN_POINT('',(-0.6,-0.625,1.51));
#7078 = DIRECTION('',(-1.,0.,0.));
#7079 = DIRECTION('',(0.,1.,0.));
#7080 = ADVANCED_FACE('',(#7081),#7106,.T.);
#7081 = FACE_BOUND('',#7082,.T.);
#7082 = EDGE_LOOP('',(#7083,#7084,#7092,#7100));
#7083 = ORIENTED_EDGE('',*,*,#7030,.T.);
#7084 = ORIENTED_EDGE('',*,*,#7085,.T.);
#7085 = EDGE_CURVE('',#7022,#7086,#7088,.T.);
#7086 = VERTEX_POINT('',#7087);
#7087 = CARTESIAN_POINT('',(0.35,0.875,1.55));
#7088 = LINE('',#7089,#7090);
#7089 = CARTESIAN_POINT('',(-0.35,0.875,1.55));
#7090 = VECTOR('',#7091,1.);
#7091 = DIRECTION('',(1.,0.,0.));
#7092 = ORIENTED_EDGE('',*,*,#7093,.F.);
#7093 = EDGE_CURVE('',#7094,#7086,#7096,.T.);
#7094 = VERTEX_POINT('',#7095);
#7095 = CARTESIAN_POINT('',(0.35,0.875,1.51));
#7096 = LINE('',#7097,#7098);
#7097 = CARTESIAN_POINT('',(0.35,0.875,1.51));
#7098 = VECTOR('',#7099,1.);
#7099 = DIRECTION('',(0.,0.,1.));
#7100 = ORIENTED_EDGE('',*,*,#7101,.F.);
#7101 = EDGE_CURVE('',#7031,#7094,#7102,.T.);
#7102 = LINE('',#7103,#7104);
#7103 = CARTESIAN_POINT('',(-0.35,0.875,1.51));
#7104 = VECTOR('',#7105,1.);
#7105 = DIRECTION('',(1.,0.,0.));
#7106 = PLANE('',#7107);
#7107 = AXIS2_PLACEMENT_3D('',#7108,#7109,#7110);
#7108 = CARTESIAN_POINT('',(-0.35,0.875,1.51));
#7109 = DIRECTION('',(0.,1.,0.));
#7110 = DIRECTION('',(1.,0.,0.));
#7111 = ADVANCED_FACE('',(#7112,#7158),#7169,.F.);
#7112 = FACE_BOUND('',#7113,.F.);
#7113 = EDGE_LOOP('',(#7114,#7115,#7116,#7125,#7133,#7142,#7150,#7157));
#7114 = ORIENTED_EDGE('',*,*,#7038,.F.);
#7115 = ORIENTED_EDGE('',*,*,#7070,.F.);
#7116 = ORIENTED_EDGE('',*,*,#7117,.F.);
#7117 = EDGE_CURVE('',#7118,#7054,#7120,.T.);
#7118 = VERTEX_POINT('',#7119);
#7119 = CARTESIAN_POINT('',(-0.35,-0.875,1.51));
#7120 = CIRCLE('',#7121,0.249998959685);
#7121 = AXIS2_PLACEMENT_3D('',#7122,#7123,#7124);
#7122 = CARTESIAN_POINT('',(-0.350001040317,-0.625001040317,1.51));
#7123 = DIRECTION('',(0.,0.,-1.));
#7124 = DIRECTION('',(4.161285832848E-06,-0.999999999991,0.));
#7125 = ORIENTED_EDGE('',*,*,#7126,.F.);
#7126 = EDGE_CURVE('',#7127,#7118,#7129,.T.);
#7127 = VERTEX_POINT('',#7128);
#7128 = CARTESIAN_POINT('',(0.35,-0.875,1.51));
#7129 = LINE('',#7130,#7131);
#7130 = CARTESIAN_POINT('',(0.35,-0.875,1.51));
#7131 = VECTOR('',#7132,1.);
#7132 = DIRECTION('',(-1.,0.,0.));
#7133 = ORIENTED_EDGE('',*,*,#7134,.F.);
#7134 = EDGE_CURVE('',#7135,#7127,#7137,.T.);
#7135 = VERTEX_POINT('',#7136);
#7136 = CARTESIAN_POINT('',(0.6,-0.625,1.51));
#7137 = CIRCLE('',#7138,0.249998959685);
#7138 = AXIS2_PLACEMENT_3D('',#7139,#7140,#7141);
#7139 = CARTESIAN_POINT('',(0.350001040317,-0.625001040317,1.51));
#7140 = DIRECTION('',(0.,0.,-1.));
#7141 = DIRECTION('',(0.999999999991,4.16128583307E-06,0.));
#7142 = ORIENTED_EDGE('',*,*,#7143,.F.);
#7143 = EDGE_CURVE('',#7144,#7135,#7146,.T.);
#7144 = VERTEX_POINT('',#7145);
#7145 = CARTESIAN_POINT('',(0.6,0.625,1.51));
#7146 = LINE('',#7147,#7148);
#7147 = CARTESIAN_POINT('',(0.6,0.625,1.51));
#7148 = VECTOR('',#7149,1.);
#7149 = DIRECTION('',(0.,-1.,0.));
#7150 = ORIENTED_EDGE('',*,*,#7151,.F.);
#7151 = EDGE_CURVE('',#7094,#7144,#7152,.T.);
#7152 = CIRCLE('',#7153,0.249998959685);
#7153 = AXIS2_PLACEMENT_3D('',#7154,#7155,#7156);
#7154 = CARTESIAN_POINT('',(0.350001040317,0.625001040317,1.51));
#7155 = DIRECTION('',(0.,0.,-1.));
#7156 = DIRECTION('',(-4.161285832848E-06,0.999999999991,0.));
#7157 = ORIENTED_EDGE('',*,*,#7101,.F.);
#7158 = FACE_BOUND('',#7159,.F.);
#7159 = EDGE_LOOP('',(#7160));
#7160 = ORIENTED_EDGE('',*,*,#7161,.T.);
#7161 = EDGE_CURVE('',#7162,#7162,#7164,.T.);
#7162 = VERTEX_POINT('',#7163);
#7163 = CARTESIAN_POINT('',(0.,-0.35,1.51));
#7164 = CIRCLE('',#7165,0.35);
#7165 = AXIS2_PLACEMENT_3D('',#7166,#7167,#7168);
#7166 = CARTESIAN_POINT('',(-4.163336342344E-17,6.938893903907E-17,1.51)
  );
#7167 = DIRECTION('',(-0.,0.,-1.));
#7168 = DIRECTION('',(1.189524669241E-16,-1.,-0.));
#7169 = PLANE('',#7170);
#7170 = AXIS2_PLACEMENT_3D('',#7171,#7172,#7173);
#7171 = CARTESIAN_POINT('',(0.,0.,1.51));
#7172 = DIRECTION('',(0.,0.,1.));
#7173 = DIRECTION('',(1.,0.,-0.));
#7174 = ADVANCED_FACE('',(#7175,#7221),#7232,.T.);
#7175 = FACE_BOUND('',#7176,.T.);
#7176 = EDGE_LOOP('',(#7177,#7178,#7179,#7188,#7196,#7205,#7213,#7220));
#7177 = ORIENTED_EDGE('',*,*,#7021,.F.);
#7178 = ORIENTED_EDGE('',*,*,#7063,.F.);
#7179 = ORIENTED_EDGE('',*,*,#7180,.F.);
#7180 = EDGE_CURVE('',#7181,#7056,#7183,.T.);
#7181 = VERTEX_POINT('',#7182);
#7182 = CARTESIAN_POINT('',(-0.35,-0.875,1.55));
#7183 = CIRCLE('',#7184,0.249998959685);
#7184 = AXIS2_PLACEMENT_3D('',#7185,#7186,#7187);
#7185 = CARTESIAN_POINT('',(-0.350001040317,-0.625001040317,1.55));
#7186 = DIRECTION('',(0.,0.,-1.));
#7187 = DIRECTION('',(4.161285832848E-06,-0.999999999991,0.));
#7188 = ORIENTED_EDGE('',*,*,#7189,.F.);
#7189 = EDGE_CURVE('',#7190,#7181,#7192,.T.);
#7190 = VERTEX_POINT('',#7191);
#7191 = CARTESIAN_POINT('',(0.35,-0.875,1.55));
#7192 = LINE('',#7193,#7194);
#7193 = CARTESIAN_POINT('',(0.35,-0.875,1.55));
#7194 = VECTOR('',#7195,1.);
#7195 = DIRECTION('',(-1.,0.,0.));
#7196 = ORIENTED_EDGE('',*,*,#7197,.F.);
#7197 = EDGE_CURVE('',#7198,#7190,#7200,.T.);
#7198 = VERTEX_POINT('',#7199);
#7199 = CARTESIAN_POINT('',(0.6,-0.625,1.55));
#7200 = CIRCLE('',#7201,0.249998959685);
#7201 = AXIS2_PLACEMENT_3D('',#7202,#7203,#7204);
#7202 = CARTESIAN_POINT('',(0.350001040317,-0.625001040317,1.55));
#7203 = DIRECTION('',(0.,0.,-1.));
#7204 = DIRECTION('',(0.999999999991,4.16128583307E-06,0.));
#7205 = ORIENTED_EDGE('',*,*,#7206,.F.);
#7206 = EDGE_CURVE('',#7207,#7198,#7209,.T.);
#7207 = VERTEX_POINT('',#7208);
#7208 = CARTESIAN_POINT('',(0.6,0.625,1.55));
#7209 = LINE('',#7210,#7211);
#7210 = CARTESIAN_POINT('',(0.6,0.625,1.55));
#7211 = VECTOR('',#7212,1.);
#7212 = DIRECTION('',(0.,-1.,0.));
#7213 = ORIENTED_EDGE('',*,*,#7214,.F.);
#7214 = EDGE_CURVE('',#7086,#7207,#7215,.T.);
#7215 = CIRCLE('',#7216,0.249998959685);
#7216 = AXIS2_PLACEMENT_3D('',#7217,#7218,#7219);
#7217 = CARTESIAN_POINT('',(0.350001040317,0.625001040317,1.55));
#7218 = DIRECTION('',(0.,0.,-1.));
#7219 = DIRECTION('',(-4.161285832848E-06,0.999999999991,0.));
#7220 = ORIENTED_EDGE('',*,*,#7085,.F.);
#7221 = FACE_BOUND('',#7222,.T.);
#7222 = EDGE_LOOP('',(#7223));
#7223 = ORIENTED_EDGE('',*,*,#7224,.T.);
#7224 = EDGE_CURVE('',#7225,#7225,#7227,.T.);
#7225 = VERTEX_POINT('',#7226);
#7226 = CARTESIAN_POINT('',(0.,-0.35,1.55));
#7227 = CIRCLE('',#7228,0.35);
#7228 = AXIS2_PLACEMENT_3D('',#7229,#7230,#7231);
#7229 = CARTESIAN_POINT('',(-4.163336342344E-17,6.938893903907E-17,1.55)
  );
#7230 = DIRECTION('',(-0.,0.,-1.));
#7231 = DIRECTION('',(1.189524669241E-16,-1.,-0.));
#7232 = PLANE('',#7233);
#7233 = AXIS2_PLACEMENT_3D('',#7234,#7235,#7236);
#7234 = CARTESIAN_POINT('',(0.,0.,1.55));
#7235 = DIRECTION('',(0.,0.,1.));
#7236 = DIRECTION('',(1.,0.,-0.));
#7237 = ADVANCED_FACE('',(#7238),#7249,.T.);
#7238 = FACE_BOUND('',#7239,.T.);
#7239 = EDGE_LOOP('',(#7240,#7246,#7247,#7248));
#7240 = ORIENTED_EDGE('',*,*,#7241,.T.);
#7241 = EDGE_CURVE('',#7118,#7181,#7242,.T.);
#7242 = LINE('',#7243,#7244);
#7243 = CARTESIAN_POINT('',(-0.35,-0.875,1.51));
#7244 = VECTOR('',#7245,1.);
#7245 = DIRECTION('',(0.,0.,1.));
#7246 = ORIENTED_EDGE('',*,*,#7180,.T.);
#7247 = ORIENTED_EDGE('',*,*,#7053,.F.);
#7248 = ORIENTED_EDGE('',*,*,#7117,.F.);
#7249 = CYLINDRICAL_SURFACE('',#7250,0.249998959685);
#7250 = AXIS2_PLACEMENT_3D('',#7251,#7252,#7253);
#7251 = CARTESIAN_POINT('',(-0.350001040317,-0.625001040317,1.51));
#7252 = DIRECTION('',(0.,0.,-1.));
#7253 = DIRECTION('',(4.161285832848E-06,-0.999999999991,0.));
#7254 = ADVANCED_FACE('',(#7255),#7266,.T.);
#7255 = FACE_BOUND('',#7256,.T.);
#7256 = EDGE_LOOP('',(#7257,#7258,#7259,#7265));
#7257 = ORIENTED_EDGE('',*,*,#7093,.T.);
#7258 = ORIENTED_EDGE('',*,*,#7214,.T.);
#7259 = ORIENTED_EDGE('',*,*,#7260,.F.);
#7260 = EDGE_CURVE('',#7144,#7207,#7261,.T.);
#7261 = LINE('',#7262,#7263);
#7262 = CARTESIAN_POINT('',(0.6,0.625,1.51));
#7263 = VECTOR('',#7264,1.);
#7264 = DIRECTION('',(0.,0.,1.));
#7265 = ORIENTED_EDGE('',*,*,#7151,.F.);
#7266 = CYLINDRICAL_SURFACE('',#7267,0.249998959685);
#7267 = AXIS2_PLACEMENT_3D('',#7268,#7269,#7270);
#7268 = CARTESIAN_POINT('',(0.350001040317,0.625001040317,1.51));
#7269 = DIRECTION('',(0.,0.,-1.));
#7270 = DIRECTION('',(-4.161285832848E-06,0.999999999991,0.));
#7271 = ADVANCED_FACE('',(#7272),#7283,.T.);
#7272 = FACE_BOUND('',#7273,.T.);
#7273 = EDGE_LOOP('',(#7274,#7280,#7281,#7282));
#7274 = ORIENTED_EDGE('',*,*,#7275,.T.);
#7275 = EDGE_CURVE('',#7127,#7190,#7276,.T.);
#7276 = LINE('',#7277,#7278);
#7277 = CARTESIAN_POINT('',(0.35,-0.875,1.51));
#7278 = VECTOR('',#7279,1.);
#7279 = DIRECTION('',(0.,0.,1.));
#7280 = ORIENTED_EDGE('',*,*,#7189,.T.);
#7281 = ORIENTED_EDGE('',*,*,#7241,.F.);
#7282 = ORIENTED_EDGE('',*,*,#7126,.F.);
#7283 = PLANE('',#7284);
#7284 = AXIS2_PLACEMENT_3D('',#7285,#7286,#7287);
#7285 = CARTESIAN_POINT('',(0.35,-0.875,1.51));
#7286 = DIRECTION('',(0.,-1.,0.));
#7287 = DIRECTION('',(-1.,0.,0.));
#7288 = ADVANCED_FACE('',(#7289),#7300,.T.);
#7289 = FACE_BOUND('',#7290,.T.);
#7290 = EDGE_LOOP('',(#7291,#7292,#7293,#7299));
#7291 = ORIENTED_EDGE('',*,*,#7260,.T.);
#7292 = ORIENTED_EDGE('',*,*,#7206,.T.);
#7293 = ORIENTED_EDGE('',*,*,#7294,.F.);
#7294 = EDGE_CURVE('',#7135,#7198,#7295,.T.);
#7295 = LINE('',#7296,#7297);
#7296 = CARTESIAN_POINT('',(0.6,-0.625,1.51));
#7297 = VECTOR('',#7298,1.);
#7298 = DIRECTION('',(0.,0.,1.));
#7299 = ORIENTED_EDGE('',*,*,#7143,.F.);
#7300 = PLANE('',#7301);
#7301 = AXIS2_PLACEMENT_3D('',#7302,#7303,#7304);
#7302 = CARTESIAN_POINT('',(0.6,0.625,1.51));
#7303 = DIRECTION('',(1.,0.,-0.));
#7304 = DIRECTION('',(0.,-1.,0.));
#7305 = ADVANCED_FACE('',(#7306),#7312,.T.);
#7306 = FACE_BOUND('',#7307,.T.);
#7307 = EDGE_LOOP('',(#7308,#7309,#7310,#7311));
#7308 = ORIENTED_EDGE('',*,*,#7294,.T.);
#7309 = ORIENTED_EDGE('',*,*,#7197,.T.);
#7310 = ORIENTED_EDGE('',*,*,#7275,.F.);
#7311 = ORIENTED_EDGE('',*,*,#7134,.F.);
#7312 = CYLINDRICAL_SURFACE('',#7313,0.249998959685);
#7313 = AXIS2_PLACEMENT_3D('',#7314,#7315,#7316);
#7314 = CARTESIAN_POINT('',(0.350001040317,-0.625001040317,1.51));
#7315 = DIRECTION('',(0.,0.,-1.));
#7316 = DIRECTION('',(0.999999999991,4.16128583307E-06,0.));
#7317 = ADVANCED_FACE('',(#7318),#7329,.F.);
#7318 = FACE_BOUND('',#7319,.T.);
#7319 = EDGE_LOOP('',(#7320,#7321,#7327,#7328));
#7320 = ORIENTED_EDGE('',*,*,#7161,.T.);
#7321 = ORIENTED_EDGE('',*,*,#7322,.T.);
#7322 = EDGE_CURVE('',#7162,#7225,#7323,.T.);
#7323 = LINE('',#7324,#7325);
#7324 = CARTESIAN_POINT('',(0.,-0.35,-4.6E-02));
#7325 = VECTOR('',#7326,1.);
#7326 = DIRECTION('',(0.,0.,1.));
#7327 = ORIENTED_EDGE('',*,*,#7224,.F.);
#7328 = ORIENTED_EDGE('',*,*,#7322,.F.);
#7329 = CYLINDRICAL_SURFACE('',#7330,0.35);
#7330 = AXIS2_PLACEMENT_3D('',#7331,#7332,#7333);
#7331 = CARTESIAN_POINT('',(-4.163336342344E-17,6.938893903907E-17,
    -4.6E-02));
#7332 = DIRECTION('',(-0.,0.,-1.));
#7333 = DIRECTION('',(1.189524669241E-16,-1.,-0.));
#7334 = MANIFOLD_SOLID_BREP('',#7335);
#7335 = CLOSED_SHELL('',(#7336,#7378,#7409,#7440,#7503,#7566,#7583,#7600
    ,#7617,#7634,#7646));
#7336 = ADVANCED_FACE('',(#7337),#7373,.T.);
#7337 = FACE_BOUND('',#7338,.F.);
#7338 = EDGE_LOOP('',(#7339,#7349,#7358,#7366));
#7339 = ORIENTED_EDGE('',*,*,#7340,.T.);
#7340 = EDGE_CURVE('',#7341,#7343,#7345,.T.);
#7341 = VERTEX_POINT('',#7342);
#7342 = CARTESIAN_POINT('',(-0.6,0.625,0.));
#7343 = VERTEX_POINT('',#7344);
#7344 = CARTESIAN_POINT('',(-0.6,0.625,-4.E-02));
#7345 = LINE('',#7346,#7347);
#7346 = CARTESIAN_POINT('',(-0.6,0.625,0.));
#7347 = VECTOR('',#7348,1.);
#7348 = DIRECTION('',(0.,0.,-1.));
#7349 = ORIENTED_EDGE('',*,*,#7350,.T.);
#7350 = EDGE_CURVE('',#7343,#7351,#7353,.T.);
#7351 = VERTEX_POINT('',#7352);
#7352 = CARTESIAN_POINT('',(-0.35,0.875,-4.E-02));
#7353 = CIRCLE('',#7354,0.249998959685);
#7354 = AXIS2_PLACEMENT_3D('',#7355,#7356,#7357);
#7355 = CARTESIAN_POINT('',(-0.350001040317,0.625001040317,-4.E-02));
#7356 = DIRECTION('',(0.,0.,-1.));
#7357 = DIRECTION('',(-0.999999999991,-4.16128583307E-06,-0.));
#7358 = ORIENTED_EDGE('',*,*,#7359,.F.);
#7359 = EDGE_CURVE('',#7360,#7351,#7362,.T.);
#7360 = VERTEX_POINT('',#7361);
#7361 = CARTESIAN_POINT('',(-0.35,0.875,0.));
#7362 = LINE('',#7363,#7364);
#7363 = CARTESIAN_POINT('',(-0.35,0.875,0.));
#7364 = VECTOR('',#7365,1.);
#7365 = DIRECTION('',(0.,0.,-1.));
#7366 = ORIENTED_EDGE('',*,*,#7367,.F.);
#7367 = EDGE_CURVE('',#7341,#7360,#7368,.T.);
#7368 = CIRCLE('',#7369,0.249998959685);
#7369 = AXIS2_PLACEMENT_3D('',#7370,#7371,#7372);
#7370 = CARTESIAN_POINT('',(-0.350001040317,0.625001040317,0.));
#7371 = DIRECTION('',(0.,0.,-1.));
#7372 = DIRECTION('',(-0.999999999991,-4.16128583307E-06,-0.));
#7373 = CYLINDRICAL_SURFACE('',#7374,0.249998959685);
#7374 = AXIS2_PLACEMENT_3D('',#7375,#7376,#7377);
#7375 = CARTESIAN_POINT('',(-0.350001040317,0.625001040317,0.));
#7376 = DIRECTION('',(-0.,-0.,1.));
#7377 = DIRECTION('',(-0.999999999991,-4.16128583307E-06,-0.));
#7378 = ADVANCED_FACE('',(#7379),#7404,.F.);
#7379 = FACE_BOUND('',#7380,.F.);
#7380 = EDGE_LOOP('',(#7381,#7391,#7397,#7398));
#7381 = ORIENTED_EDGE('',*,*,#7382,.T.);
#7382 = EDGE_CURVE('',#7383,#7385,#7387,.T.);
#7383 = VERTEX_POINT('',#7384);
#7384 = CARTESIAN_POINT('',(-0.6,-0.625,0.));
#7385 = VERTEX_POINT('',#7386);
#7386 = CARTESIAN_POINT('',(-0.6,-0.625,-4.E-02));
#7387 = LINE('',#7388,#7389);
#7388 = CARTESIAN_POINT('',(-0.6,-0.625,0.));
#7389 = VECTOR('',#7390,1.);
#7390 = DIRECTION('',(0.,0.,-1.));
#7391 = ORIENTED_EDGE('',*,*,#7392,.T.);
#7392 = EDGE_CURVE('',#7385,#7343,#7393,.T.);
#7393 = LINE('',#7394,#7395);
#7394 = CARTESIAN_POINT('',(-0.6,-0.625,-4.E-02));
#7395 = VECTOR('',#7396,1.);
#7396 = DIRECTION('',(0.,1.,0.));
#7397 = ORIENTED_EDGE('',*,*,#7340,.F.);
#7398 = ORIENTED_EDGE('',*,*,#7399,.F.);
#7399 = EDGE_CURVE('',#7383,#7341,#7400,.T.);
#7400 = LINE('',#7401,#7402);
#7401 = CARTESIAN_POINT('',(-0.6,-0.625,0.));
#7402 = VECTOR('',#7403,1.);
#7403 = DIRECTION('',(0.,1.,0.));
#7404 = PLANE('',#7405);
#7405 = AXIS2_PLACEMENT_3D('',#7406,#7407,#7408);
#7406 = CARTESIAN_POINT('',(-0.6,-0.625,0.));
#7407 = DIRECTION('',(1.,-0.,0.));
#7408 = DIRECTION('',(0.,1.,0.));
#7409 = ADVANCED_FACE('',(#7410),#7435,.F.);
#7410 = FACE_BOUND('',#7411,.F.);
#7411 = EDGE_LOOP('',(#7412,#7413,#7421,#7429));
#7412 = ORIENTED_EDGE('',*,*,#7359,.T.);
#7413 = ORIENTED_EDGE('',*,*,#7414,.T.);
#7414 = EDGE_CURVE('',#7351,#7415,#7417,.T.);
#7415 = VERTEX_POINT('',#7416);
#7416 = CARTESIAN_POINT('',(0.35,0.875,-4.E-02));
#7417 = LINE('',#7418,#7419);
#7418 = CARTESIAN_POINT('',(-0.35,0.875,-4.E-02));
#7419 = VECTOR('',#7420,1.);
#7420 = DIRECTION('',(1.,0.,0.));
#7421 = ORIENTED_EDGE('',*,*,#7422,.F.);
#7422 = EDGE_CURVE('',#7423,#7415,#7425,.T.);
#7423 = VERTEX_POINT('',#7424);
#7424 = CARTESIAN_POINT('',(0.35,0.875,0.));
#7425 = LINE('',#7426,#7427);
#7426 = CARTESIAN_POINT('',(0.35,0.875,0.));
#7427 = VECTOR('',#7428,1.);
#7428 = DIRECTION('',(0.,0.,-1.));
#7429 = ORIENTED_EDGE('',*,*,#7430,.F.);
#7430 = EDGE_CURVE('',#7360,#7423,#7431,.T.);
#7431 = LINE('',#7432,#7433);
#7432 = CARTESIAN_POINT('',(-0.35,0.875,0.));
#7433 = VECTOR('',#7434,1.);
#7434 = DIRECTION('',(1.,0.,0.));
#7435 = PLANE('',#7436);
#7436 = AXIS2_PLACEMENT_3D('',#7437,#7438,#7439);
#7437 = CARTESIAN_POINT('',(-0.35,0.875,0.));
#7438 = DIRECTION('',(0.,-1.,0.));
#7439 = DIRECTION('',(1.,0.,0.));
#7440 = ADVANCED_FACE('',(#7441,#7487),#7498,.F.);
#7441 = FACE_BOUND('',#7442,.F.);
#7442 = EDGE_LOOP('',(#7443,#7444,#7445,#7454,#7462,#7471,#7479,#7486));
#7443 = ORIENTED_EDGE('',*,*,#7367,.T.);
#7444 = ORIENTED_EDGE('',*,*,#7430,.T.);
#7445 = ORIENTED_EDGE('',*,*,#7446,.T.);
#7446 = EDGE_CURVE('',#7423,#7447,#7449,.T.);
#7447 = VERTEX_POINT('',#7448);
#7448 = CARTESIAN_POINT('',(0.6,0.625,0.));
#7449 = CIRCLE('',#7450,0.249998959685);
#7450 = AXIS2_PLACEMENT_3D('',#7451,#7452,#7453);
#7451 = CARTESIAN_POINT('',(0.350001040317,0.625001040317,0.));
#7452 = DIRECTION('',(0.,0.,-1.));
#7453 = DIRECTION('',(-4.161285832848E-06,0.999999999991,0.));
#7454 = ORIENTED_EDGE('',*,*,#7455,.T.);
#7455 = EDGE_CURVE('',#7447,#7456,#7458,.T.);
#7456 = VERTEX_POINT('',#7457);
#7457 = CARTESIAN_POINT('',(0.6,-0.625,0.));
#7458 = LINE('',#7459,#7460);
#7459 = CARTESIAN_POINT('',(0.6,0.625,0.));
#7460 = VECTOR('',#7461,1.);
#7461 = DIRECTION('',(0.,-1.,0.));
#7462 = ORIENTED_EDGE('',*,*,#7463,.T.);
#7463 = EDGE_CURVE('',#7456,#7464,#7466,.T.);
#7464 = VERTEX_POINT('',#7465);
#7465 = CARTESIAN_POINT('',(0.35,-0.875,0.));
#7466 = CIRCLE('',#7467,0.249998959685);
#7467 = AXIS2_PLACEMENT_3D('',#7468,#7469,#7470);
#7468 = CARTESIAN_POINT('',(0.350001040317,-0.625001040317,0.));
#7469 = DIRECTION('',(0.,0.,-1.));
#7470 = DIRECTION('',(0.999999999991,4.16128583307E-06,0.));
#7471 = ORIENTED_EDGE('',*,*,#7472,.T.);
#7472 = EDGE_CURVE('',#7464,#7473,#7475,.T.);
#7473 = VERTEX_POINT('',#7474);
#7474 = CARTESIAN_POINT('',(-0.35,-0.875,0.));
#7475 = LINE('',#7476,#7477);
#7476 = CARTESIAN_POINT('',(0.35,-0.875,0.));
#7477 = VECTOR('',#7478,1.);
#7478 = DIRECTION('',(-1.,0.,0.));
#7479 = ORIENTED_EDGE('',*,*,#7480,.T.);
#7480 = EDGE_CURVE('',#7473,#7383,#7481,.T.);
#7481 = CIRCLE('',#7482,0.249998959685);
#7482 = AXIS2_PLACEMENT_3D('',#7483,#7484,#7485);
#7483 = CARTESIAN_POINT('',(-0.350001040317,-0.625001040317,0.));
#7484 = DIRECTION('',(0.,0.,-1.));
#7485 = DIRECTION('',(4.161285832848E-06,-0.999999999991,0.));
#7486 = ORIENTED_EDGE('',*,*,#7399,.T.);
#7487 = FACE_BOUND('',#7488,.F.);
#7488 = EDGE_LOOP('',(#7489));
#7489 = ORIENTED_EDGE('',*,*,#7490,.F.);
#7490 = EDGE_CURVE('',#7491,#7491,#7493,.T.);
#7491 = VERTEX_POINT('',#7492);
#7492 = CARTESIAN_POINT('',(0.,-0.35,0.));
#7493 = CIRCLE('',#7494,0.35);
#7494 = AXIS2_PLACEMENT_3D('',#7495,#7496,#7497);
#7495 = CARTESIAN_POINT('',(-4.163336342344E-17,6.938893903907E-17,0.));
#7496 = DIRECTION('',(-0.,0.,-1.));
#7497 = DIRECTION('',(1.189524669241E-16,-1.,-0.));
#7498 = PLANE('',#7499);
#7499 = AXIS2_PLACEMENT_3D('',#7500,#7501,#7502);
#7500 = CARTESIAN_POINT('',(0.,0.,0.));
#7501 = DIRECTION('',(-0.,-0.,-1.));
#7502 = DIRECTION('',(-1.,0.,0.));
#7503 = ADVANCED_FACE('',(#7504,#7550),#7561,.T.);
#7504 = FACE_BOUND('',#7505,.T.);
#7505 = EDGE_LOOP('',(#7506,#7507,#7508,#7517,#7525,#7534,#7542,#7549));
#7506 = ORIENTED_EDGE('',*,*,#7350,.T.);
#7507 = ORIENTED_EDGE('',*,*,#7414,.T.);
#7508 = ORIENTED_EDGE('',*,*,#7509,.T.);
#7509 = EDGE_CURVE('',#7415,#7510,#7512,.T.);
#7510 = VERTEX_POINT('',#7511);
#7511 = CARTESIAN_POINT('',(0.6,0.625,-4.E-02));
#7512 = CIRCLE('',#7513,0.249998959685);
#7513 = AXIS2_PLACEMENT_3D('',#7514,#7515,#7516);
#7514 = CARTESIAN_POINT('',(0.350001040317,0.625001040317,-4.E-02));
#7515 = DIRECTION('',(0.,0.,-1.));
#7516 = DIRECTION('',(-4.161285832848E-06,0.999999999991,0.));
#7517 = ORIENTED_EDGE('',*,*,#7518,.T.);
#7518 = EDGE_CURVE('',#7510,#7519,#7521,.T.);
#7519 = VERTEX_POINT('',#7520);
#7520 = CARTESIAN_POINT('',(0.6,-0.625,-4.E-02));
#7521 = LINE('',#7522,#7523);
#7522 = CARTESIAN_POINT('',(0.6,0.625,-4.E-02));
#7523 = VECTOR('',#7524,1.);
#7524 = DIRECTION('',(0.,-1.,0.));
#7525 = ORIENTED_EDGE('',*,*,#7526,.T.);
#7526 = EDGE_CURVE('',#7519,#7527,#7529,.T.);
#7527 = VERTEX_POINT('',#7528);
#7528 = CARTESIAN_POINT('',(0.35,-0.875,-4.E-02));
#7529 = CIRCLE('',#7530,0.249998959685);
#7530 = AXIS2_PLACEMENT_3D('',#7531,#7532,#7533);
#7531 = CARTESIAN_POINT('',(0.350001040317,-0.625001040317,-4.E-02));
#7532 = DIRECTION('',(0.,0.,-1.));
#7533 = DIRECTION('',(0.999999999991,4.16128583307E-06,0.));
#7534 = ORIENTED_EDGE('',*,*,#7535,.T.);
#7535 = EDGE_CURVE('',#7527,#7536,#7538,.T.);
#7536 = VERTEX_POINT('',#7537);
#7537 = CARTESIAN_POINT('',(-0.35,-0.875,-4.E-02));
#7538 = LINE('',#7539,#7540);
#7539 = CARTESIAN_POINT('',(0.35,-0.875,-4.E-02));
#7540 = VECTOR('',#7541,1.);
#7541 = DIRECTION('',(-1.,0.,0.));
#7542 = ORIENTED_EDGE('',*,*,#7543,.T.);
#7543 = EDGE_CURVE('',#7536,#7385,#7544,.T.);
#7544 = CIRCLE('',#7545,0.249998959685);
#7545 = AXIS2_PLACEMENT_3D('',#7546,#7547,#7548);
#7546 = CARTESIAN_POINT('',(-0.350001040317,-0.625001040317,-4.E-02));
#7547 = DIRECTION('',(0.,0.,-1.));
#7548 = DIRECTION('',(4.161285832848E-06,-0.999999999991,0.));
#7549 = ORIENTED_EDGE('',*,*,#7392,.T.);
#7550 = FACE_BOUND('',#7551,.T.);
#7551 = EDGE_LOOP('',(#7552));
#7552 = ORIENTED_EDGE('',*,*,#7553,.F.);
#7553 = EDGE_CURVE('',#7554,#7554,#7556,.T.);
#7554 = VERTEX_POINT('',#7555);
#7555 = CARTESIAN_POINT('',(0.,-0.35,-4.E-02));
#7556 = CIRCLE('',#7557,0.35);
#7557 = AXIS2_PLACEMENT_3D('',#7558,#7559,#7560);
#7558 = CARTESIAN_POINT('',(-4.163336342344E-17,6.938893903907E-17,
    -4.E-02));
#7559 = DIRECTION('',(-0.,0.,-1.));
#7560 = DIRECTION('',(1.189524669241E-16,-1.,-0.));
#7561 = PLANE('',#7562);
#7562 = AXIS2_PLACEMENT_3D('',#7563,#7564,#7565);
#7563 = CARTESIAN_POINT('',(0.,0.,-4.E-02));
#7564 = DIRECTION('',(-0.,-0.,-1.));
#7565 = DIRECTION('',(-1.,0.,0.));
#7566 = ADVANCED_FACE('',(#7567),#7578,.T.);
#7567 = FACE_BOUND('',#7568,.F.);
#7568 = EDGE_LOOP('',(#7569,#7575,#7576,#7577));
#7569 = ORIENTED_EDGE('',*,*,#7570,.T.);
#7570 = EDGE_CURVE('',#7473,#7536,#7571,.T.);
#7571 = LINE('',#7572,#7573);
#7572 = CARTESIAN_POINT('',(-0.35,-0.875,0.));
#7573 = VECTOR('',#7574,1.);
#7574 = DIRECTION('',(0.,0.,-1.));
#7575 = ORIENTED_EDGE('',*,*,#7543,.T.);
#7576 = ORIENTED_EDGE('',*,*,#7382,.F.);
#7577 = ORIENTED_EDGE('',*,*,#7480,.F.);
#7578 = CYLINDRICAL_SURFACE('',#7579,0.249998959685);
#7579 = AXIS2_PLACEMENT_3D('',#7580,#7581,#7582);
#7580 = CARTESIAN_POINT('',(-0.350001040317,-0.625001040317,0.));
#7581 = DIRECTION('',(-0.,-0.,1.));
#7582 = DIRECTION('',(4.161285832848E-06,-0.999999999991,0.));
#7583 = ADVANCED_FACE('',(#7584),#7595,.T.);
#7584 = FACE_BOUND('',#7585,.F.);
#7585 = EDGE_LOOP('',(#7586,#7587,#7588,#7594));
#7586 = ORIENTED_EDGE('',*,*,#7422,.T.);
#7587 = ORIENTED_EDGE('',*,*,#7509,.T.);
#7588 = ORIENTED_EDGE('',*,*,#7589,.F.);
#7589 = EDGE_CURVE('',#7447,#7510,#7590,.T.);
#7590 = LINE('',#7591,#7592);
#7591 = CARTESIAN_POINT('',(0.6,0.625,0.));
#7592 = VECTOR('',#7593,1.);
#7593 = DIRECTION('',(0.,0.,-1.));
#7594 = ORIENTED_EDGE('',*,*,#7446,.F.);
#7595 = CYLINDRICAL_SURFACE('',#7596,0.249998959685);
#7596 = AXIS2_PLACEMENT_3D('',#7597,#7598,#7599);
#7597 = CARTESIAN_POINT('',(0.350001040317,0.625001040317,0.));
#7598 = DIRECTION('',(-0.,-0.,1.));
#7599 = DIRECTION('',(-4.161285832848E-06,0.999999999991,0.));
#7600 = ADVANCED_FACE('',(#7601),#7612,.F.);
#7601 = FACE_BOUND('',#7602,.F.);
#7602 = EDGE_LOOP('',(#7603,#7609,#7610,#7611));
#7603 = ORIENTED_EDGE('',*,*,#7604,.T.);
#7604 = EDGE_CURVE('',#7464,#7527,#7605,.T.);
#7605 = LINE('',#7606,#7607);
#7606 = CARTESIAN_POINT('',(0.35,-0.875,0.));
#7607 = VECTOR('',#7608,1.);
#7608 = DIRECTION('',(0.,0.,-1.));
#7609 = ORIENTED_EDGE('',*,*,#7535,.T.);
#7610 = ORIENTED_EDGE('',*,*,#7570,.F.);
#7611 = ORIENTED_EDGE('',*,*,#7472,.F.);
#7612 = PLANE('',#7613);
#7613 = AXIS2_PLACEMENT_3D('',#7614,#7615,#7616);
#7614 = CARTESIAN_POINT('',(0.35,-0.875,0.));
#7615 = DIRECTION('',(0.,1.,0.));
#7616 = DIRECTION('',(-1.,0.,0.));
#7617 = ADVANCED_FACE('',(#7618),#7629,.F.);
#7618 = FACE_BOUND('',#7619,.F.);
#7619 = EDGE_LOOP('',(#7620,#7621,#7622,#7628));
#7620 = ORIENTED_EDGE('',*,*,#7589,.T.);
#7621 = ORIENTED_EDGE('',*,*,#7518,.T.);
#7622 = ORIENTED_EDGE('',*,*,#7623,.F.);
#7623 = EDGE_CURVE('',#7456,#7519,#7624,.T.);
#7624 = LINE('',#7625,#7626);
#7625 = CARTESIAN_POINT('',(0.6,-0.625,0.));
#7626 = VECTOR('',#7627,1.);
#7627 = DIRECTION('',(0.,0.,-1.));
#7628 = ORIENTED_EDGE('',*,*,#7455,.F.);
#7629 = PLANE('',#7630);
#7630 = AXIS2_PLACEMENT_3D('',#7631,#7632,#7633);
#7631 = CARTESIAN_POINT('',(0.6,0.625,0.));
#7632 = DIRECTION('',(-1.,-0.,-0.));
#7633 = DIRECTION('',(0.,-1.,0.));
#7634 = ADVANCED_FACE('',(#7635),#7641,.T.);
#7635 = FACE_BOUND('',#7636,.F.);
#7636 = EDGE_LOOP('',(#7637,#7638,#7639,#7640));
#7637 = ORIENTED_EDGE('',*,*,#7623,.T.);
#7638 = ORIENTED_EDGE('',*,*,#7526,.T.);
#7639 = ORIENTED_EDGE('',*,*,#7604,.F.);
#7640 = ORIENTED_EDGE('',*,*,#7463,.F.);
#7641 = CYLINDRICAL_SURFACE('',#7642,0.249998959685);
#7642 = AXIS2_PLACEMENT_3D('',#7643,#7644,#7645);
#7643 = CARTESIAN_POINT('',(0.350001040317,-0.625001040317,0.));
#7644 = DIRECTION('',(-0.,-0.,1.));
#7645 = DIRECTION('',(0.999999999991,4.16128583307E-06,0.));
#7646 = ADVANCED_FACE('',(#7647),#7658,.F.);
#7647 = FACE_BOUND('',#7648,.T.);
#7648 = EDGE_LOOP('',(#7649,#7650,#7656,#7657));
#7649 = ORIENTED_EDGE('',*,*,#7553,.T.);
#7650 = ORIENTED_EDGE('',*,*,#7651,.T.);
#7651 = EDGE_CURVE('',#7554,#7491,#7652,.T.);
#7652 = LINE('',#7653,#7654);
#7653 = CARTESIAN_POINT('',(0.,-0.35,-4.6E-02));
#7654 = VECTOR('',#7655,1.);
#7655 = DIRECTION('',(0.,0.,1.));
#7656 = ORIENTED_EDGE('',*,*,#7490,.F.);
#7657 = ORIENTED_EDGE('',*,*,#7651,.F.);
#7658 = CYLINDRICAL_SURFACE('',#7659,0.35);
#7659 = AXIS2_PLACEMENT_3D('',#7660,#7661,#7662);
#7660 = CARTESIAN_POINT('',(-4.163336342344E-17,6.938893903907E-17,
    -4.6E-02));
#7661 = DIRECTION('',(-0.,0.,-1.));
#7662 = DIRECTION('',(1.189524669241E-16,-1.,-0.));
#7663 = MANIFOLD_SOLID_BREP('',#7664);
#7664 = CLOSED_SHELL('',(#7665,#7698,#7718,#7738));
#7665 = ADVANCED_FACE('',(#7666),#7693,.T.);
#7666 = FACE_BOUND('',#7667,.F.);
#7667 = EDGE_LOOP('',(#7668,#7678,#7685,#7686));
#7668 = ORIENTED_EDGE('',*,*,#7669,.T.);
#7669 = EDGE_CURVE('',#7670,#7672,#7674,.T.);
#7670 = VERTEX_POINT('',#7671);
#7671 = CARTESIAN_POINT('',(-6.162975822039E-33,-0.375,-4.E-02));
#7672 = VERTEX_POINT('',#7673);
#7673 = CARTESIAN_POINT('',(-6.162975822039E-33,-0.375,1.55));
#7674 = LINE('',#7675,#7676);
#7675 = CARTESIAN_POINT('',(-6.162975822039E-33,-0.375,-4.E-02));
#7676 = VECTOR('',#7677,1.);
#7677 = DIRECTION('',(0.,0.,1.));
#7678 = ORIENTED_EDGE('',*,*,#7679,.T.);
#7679 = EDGE_CURVE('',#7672,#7672,#7680,.T.);
#7680 = CIRCLE('',#7681,0.375);
#7681 = AXIS2_PLACEMENT_3D('',#7682,#7683,#7684);
#7682 = CARTESIAN_POINT('',(-4.163336342344E-17,6.938893903907E-17,1.55)
  );
#7683 = DIRECTION('',(0.,-0.,1.));
#7684 = DIRECTION('',(1.110223024625E-16,-1.,-0.));
#7685 = ORIENTED_EDGE('',*,*,#7669,.F.);
#7686 = ORIENTED_EDGE('',*,*,#7687,.F.);
#7687 = EDGE_CURVE('',#7670,#7670,#7688,.T.);
#7688 = CIRCLE('',#7689,0.375);
#7689 = AXIS2_PLACEMENT_3D('',#7690,#7691,#7692);
#7690 = CARTESIAN_POINT('',(-4.163336342344E-17,6.938893903907E-17,
    -4.E-02));
#7691 = DIRECTION('',(0.,-0.,1.));
#7692 = DIRECTION('',(1.110223024625E-16,-1.,-0.));
#7693 = CYLINDRICAL_SURFACE('',#7694,0.375);
#7694 = AXIS2_PLACEMENT_3D('',#7695,#7696,#7697);
#7695 = CARTESIAN_POINT('',(-4.163336342344E-17,6.938893903907E-17,
    -4.E-02));
#7696 = DIRECTION('',(-0.,0.,-1.));
#7697 = DIRECTION('',(1.110223024625E-16,-1.,-0.));
#7698 = ADVANCED_FACE('',(#7699,#7702),#7713,.F.);
#7699 = FACE_BOUND('',#7700,.F.);
#7700 = EDGE_LOOP('',(#7701));
#7701 = ORIENTED_EDGE('',*,*,#7687,.T.);
#7702 = FACE_BOUND('',#7703,.F.);
#7703 = EDGE_LOOP('',(#7704));
#7704 = ORIENTED_EDGE('',*,*,#7705,.T.);
#7705 = EDGE_CURVE('',#7706,#7706,#7708,.T.);
#7706 = VERTEX_POINT('',#7707);
#7707 = CARTESIAN_POINT('',(0.,-0.35,-4.E-02));
#7708 = CIRCLE('',#7709,0.35);
#7709 = AXIS2_PLACEMENT_3D('',#7710,#7711,#7712);
#7710 = CARTESIAN_POINT('',(-4.163336342344E-17,6.938893903907E-17,
    -4.E-02));
#7711 = DIRECTION('',(-0.,0.,-1.));
#7712 = DIRECTION('',(1.189524669241E-16,-1.,-0.));
#7713 = PLANE('',#7714);
#7714 = AXIS2_PLACEMENT_3D('',#7715,#7716,#7717);
#7715 = CARTESIAN_POINT('',(0.,-0.375,-4.E-02));
#7716 = DIRECTION('',(0.,0.,1.));
#7717 = DIRECTION('',(1.,0.,-0.));
#7718 = ADVANCED_FACE('',(#7719,#7722),#7733,.T.);
#7719 = FACE_BOUND('',#7720,.T.);
#7720 = EDGE_LOOP('',(#7721));
#7721 = ORIENTED_EDGE('',*,*,#7679,.T.);
#7722 = FACE_BOUND('',#7723,.T.);
#7723 = EDGE_LOOP('',(#7724));
#7724 = ORIENTED_EDGE('',*,*,#7725,.T.);
#7725 = EDGE_CURVE('',#7726,#7726,#7728,.T.);
#7726 = VERTEX_POINT('',#7727);
#7727 = CARTESIAN_POINT('',(0.,-0.35,1.55));
#7728 = CIRCLE('',#7729,0.35);
#7729 = AXIS2_PLACEMENT_3D('',#7730,#7731,#7732);
#7730 = CARTESIAN_POINT('',(-4.163336342344E-17,6.938893903907E-17,1.55)
  );
#7731 = DIRECTION('',(-0.,0.,-1.));
#7732 = DIRECTION('',(1.189524669241E-16,-1.,-0.));
#7733 = PLANE('',#7734);
#7734 = AXIS2_PLACEMENT_3D('',#7735,#7736,#7737);
#7735 = CARTESIAN_POINT('',(0.,-0.375,1.55));
#7736 = DIRECTION('',(0.,0.,1.));
#7737 = DIRECTION('',(1.,0.,-0.));
#7738 = ADVANCED_FACE('',(#7739),#7750,.F.);
#7739 = FACE_BOUND('',#7740,.T.);
#7740 = EDGE_LOOP('',(#7741,#7742,#7748,#7749));
#7741 = ORIENTED_EDGE('',*,*,#7705,.T.);
#7742 = ORIENTED_EDGE('',*,*,#7743,.T.);
#7743 = EDGE_CURVE('',#7706,#7726,#7744,.T.);
#7744 = LINE('',#7745,#7746);
#7745 = CARTESIAN_POINT('',(0.,-0.35,-4.6E-02));
#7746 = VECTOR('',#7747,1.);
#7747 = DIRECTION('',(0.,0.,1.));
#7748 = ORIENTED_EDGE('',*,*,#7725,.F.);
#7749 = ORIENTED_EDGE('',*,*,#7743,.F.);
#7750 = CYLINDRICAL_SURFACE('',#7751,0.35);
#7751 = AXIS2_PLACEMENT_3D('',#7752,#7753,#7754);
#7752 = CARTESIAN_POINT('',(-4.163336342344E-17,6.938893903907E-17,
    -4.6E-02));
#7753 = DIRECTION('',(-0.,0.,-1.));
#7754 = DIRECTION('',(1.189524669241E-16,-1.,-0.));
#7755 = MANIFOLD_SOLID_BREP('',#7756);
#7756 = CLOSED_SHELL('',(#7757,#7799,#7830,#7861,#7890,#7919,#7931));
#7757 = ADVANCED_FACE('',(#7758),#7794,.T.);
#7758 = FACE_BOUND('',#7759,.T.);
#7759 = EDGE_LOOP('',(#7760,#7770,#7779,#7787));
#7760 = ORIENTED_EDGE('',*,*,#7761,.T.);
#7761 = EDGE_CURVE('',#7762,#7764,#7766,.T.);
#7762 = VERTEX_POINT('',#7763);
#7763 = CARTESIAN_POINT('',(2.6,-0.275,1.51));
#7764 = VERTEX_POINT('',#7765);
#7765 = CARTESIAN_POINT('',(2.6,-0.275,1.55));
#7766 = LINE('',#7767,#7768);
#7767 = CARTESIAN_POINT('',(2.6,-0.275,1.51));
#7768 = VECTOR('',#7769,1.);
#7769 = DIRECTION('',(0.,0.,1.));
#7770 = ORIENTED_EDGE('',*,*,#7771,.T.);
#7771 = EDGE_CURVE('',#7764,#7772,#7774,.T.);
#7772 = VERTEX_POINT('',#7773);
#7773 = CARTESIAN_POINT('',(1.4,-0.275,1.55));
#7774 = CIRCLE('',#7775,0.6);
#7775 = AXIS2_PLACEMENT_3D('',#7776,#7777,#7778);
#7776 = CARTESIAN_POINT('',(2.,-0.275000120653,1.55));
#7777 = DIRECTION('',(0.,0.,-1.));
#7778 = DIRECTION('',(1.,2.010883661437E-07,0.));
#7779 = ORIENTED_EDGE('',*,*,#7780,.F.);
#7780 = EDGE_CURVE('',#7781,#7772,#7783,.T.);
#7781 = VERTEX_POINT('',#7782);
#7782 = CARTESIAN_POINT('',(1.4,-0.275,1.51));
#7783 = LINE('',#7784,#7785);
#7784 = CARTESIAN_POINT('',(1.4,-0.275,1.51));
#7785 = VECTOR('',#7786,1.);
#7786 = DIRECTION('',(0.,0.,1.));
#7787 = ORIENTED_EDGE('',*,*,#7788,.F.);
#7788 = EDGE_CURVE('',#7762,#7781,#7789,.T.);
#7789 = CIRCLE('',#7790,0.6);
#7790 = AXIS2_PLACEMENT_3D('',#7791,#7792,#7793);
#7791 = CARTESIAN_POINT('',(2.,-0.275000120653,1.51));
#7792 = DIRECTION('',(0.,0.,-1.));
#7793 = DIRECTION('',(1.,2.010883661437E-07,0.));
#7794 = CYLINDRICAL_SURFACE('',#7795,0.6);
#7795 = AXIS2_PLACEMENT_3D('',#7796,#7797,#7798);
#7796 = CARTESIAN_POINT('',(2.,-0.275000120653,1.51));
#7797 = DIRECTION('',(0.,0.,-1.));
#7798 = DIRECTION('',(1.,2.010883661437E-07,0.));
#7799 = ADVANCED_FACE('',(#7800),#7825,.T.);
#7800 = FACE_BOUND('',#7801,.T.);
#7801 = EDGE_LOOP('',(#7802,#7812,#7818,#7819));
#7802 = ORIENTED_EDGE('',*,*,#7803,.T.);
#7803 = EDGE_CURVE('',#7804,#7806,#7808,.T.);
#7804 = VERTEX_POINT('',#7805);
#7805 = CARTESIAN_POINT('',(2.6,0.275,1.51));
#7806 = VERTEX_POINT('',#7807);
#7807 = CARTESIAN_POINT('',(2.6,0.275,1.55));
#7808 = LINE('',#7809,#7810);
#7809 = CARTESIAN_POINT('',(2.6,0.275,1.51));
#7810 = VECTOR('',#7811,1.);
#7811 = DIRECTION('',(0.,0.,1.));
#7812 = ORIENTED_EDGE('',*,*,#7813,.T.);
#7813 = EDGE_CURVE('',#7806,#7764,#7814,.T.);
#7814 = LINE('',#7815,#7816);
#7815 = CARTESIAN_POINT('',(2.6,0.275,1.55));
#7816 = VECTOR('',#7817,1.);
#7817 = DIRECTION('',(0.,-1.,0.));
#7818 = ORIENTED_EDGE('',*,*,#7761,.F.);
#7819 = ORIENTED_EDGE('',*,*,#7820,.F.);
#7820 = EDGE_CURVE('',#7804,#7762,#7821,.T.);
#7821 = LINE('',#7822,#7823);
#7822 = CARTESIAN_POINT('',(2.6,0.275,1.51));
#7823 = VECTOR('',#7824,1.);
#7824 = DIRECTION('',(0.,-1.,0.));
#7825 = PLANE('',#7826);
#7826 = AXIS2_PLACEMENT_3D('',#7827,#7828,#7829);
#7827 = CARTESIAN_POINT('',(2.6,0.275,1.51));
#7828 = DIRECTION('',(1.,0.,-0.));
#7829 = DIRECTION('',(0.,-1.,0.));
#7830 = ADVANCED_FACE('',(#7831),#7856,.T.);
#7831 = FACE_BOUND('',#7832,.T.);
#7832 = EDGE_LOOP('',(#7833,#7834,#7842,#7850));
#7833 = ORIENTED_EDGE('',*,*,#7780,.T.);
#7834 = ORIENTED_EDGE('',*,*,#7835,.T.);
#7835 = EDGE_CURVE('',#7772,#7836,#7838,.T.);
#7836 = VERTEX_POINT('',#7837);
#7837 = CARTESIAN_POINT('',(1.4,0.275,1.55));
#7838 = LINE('',#7839,#7840);
#7839 = CARTESIAN_POINT('',(1.4,-0.275,1.55));
#7840 = VECTOR('',#7841,1.);
#7841 = DIRECTION('',(0.,1.,0.));
#7842 = ORIENTED_EDGE('',*,*,#7843,.F.);
#7843 = EDGE_CURVE('',#7844,#7836,#7846,.T.);
#7844 = VERTEX_POINT('',#7845);
#7845 = CARTESIAN_POINT('',(1.4,0.275,1.51));
#7846 = LINE('',#7847,#7848);
#7847 = CARTESIAN_POINT('',(1.4,0.275,1.51));
#7848 = VECTOR('',#7849,1.);
#7849 = DIRECTION('',(0.,0.,1.));
#7850 = ORIENTED_EDGE('',*,*,#7851,.F.);
#7851 = EDGE_CURVE('',#7781,#7844,#7852,.T.);
#7852 = LINE('',#7853,#7854);
#7853 = CARTESIAN_POINT('',(1.4,-0.275,1.51));
#7854 = VECTOR('',#7855,1.);
#7855 = DIRECTION('',(0.,1.,0.));
#7856 = PLANE('',#7857);
#7857 = AXIS2_PLACEMENT_3D('',#7858,#7859,#7860);
#7858 = CARTESIAN_POINT('',(1.4,-0.275,1.51));
#7859 = DIRECTION('',(-1.,0.,0.));
#7860 = DIRECTION('',(0.,1.,0.));
#7861 = ADVANCED_FACE('',(#7862,#7874),#7885,.F.);
#7862 = FACE_BOUND('',#7863,.F.);
#7863 = EDGE_LOOP('',(#7864,#7865,#7866,#7873));
#7864 = ORIENTED_EDGE('',*,*,#7788,.F.);
#7865 = ORIENTED_EDGE('',*,*,#7820,.F.);
#7866 = ORIENTED_EDGE('',*,*,#7867,.F.);
#7867 = EDGE_CURVE('',#7844,#7804,#7868,.T.);
#7868 = CIRCLE('',#7869,0.6);
#7869 = AXIS2_PLACEMENT_3D('',#7870,#7871,#7872);
#7870 = CARTESIAN_POINT('',(2.,0.275000617752,1.51));
#7871 = DIRECTION('',(0.,0.,-1.));
#7872 = DIRECTION('',(-0.999999999999,-1.02958639947E-06,-0.));
#7873 = ORIENTED_EDGE('',*,*,#7851,.F.);
#7874 = FACE_BOUND('',#7875,.F.);
#7875 = EDGE_LOOP('',(#7876));
#7876 = ORIENTED_EDGE('',*,*,#7877,.T.);
#7877 = EDGE_CURVE('',#7878,#7878,#7880,.T.);
#7878 = VERTEX_POINT('',#7879);
#7879 = CARTESIAN_POINT('',(2.,-0.35,1.51));
#7880 = CIRCLE('',#7881,0.35);
#7881 = AXIS2_PLACEMENT_3D('',#7882,#7883,#7884);
#7882 = CARTESIAN_POINT('',(2.,-4.163336342344E-17,1.51));
#7883 = DIRECTION('',(-0.,0.,-1.));
#7884 = DIRECTION('',(-0.,-1.,0.));
#7885 = PLANE('',#7886);
#7886 = AXIS2_PLACEMENT_3D('',#7887,#7888,#7889);
#7887 = CARTESIAN_POINT('',(0.,0.,1.51));
#7888 = DIRECTION('',(0.,0.,1.));
#7889 = DIRECTION('',(1.,0.,-0.));
#7890 = ADVANCED_FACE('',(#7891,#7903),#7914,.T.);
#7891 = FACE_BOUND('',#7892,.T.);
#7892 = EDGE_LOOP('',(#7893,#7894,#7895,#7902));
#7893 = ORIENTED_EDGE('',*,*,#7771,.F.);
#7894 = ORIENTED_EDGE('',*,*,#7813,.F.);
#7895 = ORIENTED_EDGE('',*,*,#7896,.F.);
#7896 = EDGE_CURVE('',#7836,#7806,#7897,.T.);
#7897 = CIRCLE('',#7898,0.6);
#7898 = AXIS2_PLACEMENT_3D('',#7899,#7900,#7901);
#7899 = CARTESIAN_POINT('',(2.,0.275000617752,1.55));
#7900 = DIRECTION('',(0.,0.,-1.));
#7901 = DIRECTION('',(-0.999999999999,-1.02958639947E-06,-0.));
#7902 = ORIENTED_EDGE('',*,*,#7835,.F.);
#7903 = FACE_BOUND('',#7904,.T.);
#7904 = EDGE_LOOP('',(#7905));
#7905 = ORIENTED_EDGE('',*,*,#7906,.T.);
#7906 = EDGE_CURVE('',#7907,#7907,#7909,.T.);
#7907 = VERTEX_POINT('',#7908);
#7908 = CARTESIAN_POINT('',(2.,-0.35,1.55));
#7909 = CIRCLE('',#7910,0.35);
#7910 = AXIS2_PLACEMENT_3D('',#7911,#7912,#7913);
#7911 = CARTESIAN_POINT('',(2.,-4.163336342344E-17,1.55));
#7912 = DIRECTION('',(-0.,0.,-1.));
#7913 = DIRECTION('',(-0.,-1.,0.));
#7914 = PLANE('',#7915);
#7915 = AXIS2_PLACEMENT_3D('',#7916,#7917,#7918);
#7916 = CARTESIAN_POINT('',(0.,0.,1.55));
#7917 = DIRECTION('',(0.,0.,1.));
#7918 = DIRECTION('',(1.,0.,-0.));
#7919 = ADVANCED_FACE('',(#7920),#7926,.T.);
#7920 = FACE_BOUND('',#7921,.T.);
#7921 = EDGE_LOOP('',(#7922,#7923,#7924,#7925));
#7922 = ORIENTED_EDGE('',*,*,#7843,.T.);
#7923 = ORIENTED_EDGE('',*,*,#7896,.T.);
#7924 = ORIENTED_EDGE('',*,*,#7803,.F.);
#7925 = ORIENTED_EDGE('',*,*,#7867,.F.);
#7926 = CYLINDRICAL_SURFACE('',#7927,0.6);
#7927 = AXIS2_PLACEMENT_3D('',#7928,#7929,#7930);
#7928 = CARTESIAN_POINT('',(2.,0.275000617752,1.51));
#7929 = DIRECTION('',(0.,0.,-1.));
#7930 = DIRECTION('',(-0.999999999999,-1.02958639947E-06,-0.));
#7931 = ADVANCED_FACE('',(#7932),#7943,.F.);
#7932 = FACE_BOUND('',#7933,.T.);
#7933 = EDGE_LOOP('',(#7934,#7935,#7941,#7942));
#7934 = ORIENTED_EDGE('',*,*,#7877,.T.);
#7935 = ORIENTED_EDGE('',*,*,#7936,.T.);
#7936 = EDGE_CURVE('',#7878,#7907,#7937,.T.);
#7937 = LINE('',#7938,#7939);
#7938 = CARTESIAN_POINT('',(2.,-0.35,-4.6E-02));
#7939 = VECTOR('',#7940,1.);
#7940 = DIRECTION('',(0.,0.,1.));
#7941 = ORIENTED_EDGE('',*,*,#7906,.F.);
#7942 = ORIENTED_EDGE('',*,*,#7936,.F.);
#7943 = CYLINDRICAL_SURFACE('',#7944,0.35);
#7944 = AXIS2_PLACEMENT_3D('',#7945,#7946,#7947);
#7945 = CARTESIAN_POINT('',(2.,-4.163336342344E-17,-4.6E-02));
#7946 = DIRECTION('',(-0.,-0.,-1.));
#7947 = DIRECTION('',(-0.,-1.,0.));
#7948 = MANIFOLD_SOLID_BREP('',#7949);
#7949 = CLOSED_SHELL('',(#7950,#7992,#8023,#8054,#8083,#8112,#8124));
#7950 = ADVANCED_FACE('',(#7951),#7987,.T.);
#7951 = FACE_BOUND('',#7952,.F.);
#7952 = EDGE_LOOP('',(#7953,#7963,#7972,#7980));
#7953 = ORIENTED_EDGE('',*,*,#7954,.T.);
#7954 = EDGE_CURVE('',#7955,#7957,#7959,.T.);
#7955 = VERTEX_POINT('',#7956);
#7956 = CARTESIAN_POINT('',(2.6,-0.275,0.));
#7957 = VERTEX_POINT('',#7958);
#7958 = CARTESIAN_POINT('',(2.6,-0.275,-4.E-02));
#7959 = LINE('',#7960,#7961);
#7960 = CARTESIAN_POINT('',(2.6,-0.275,0.));
#7961 = VECTOR('',#7962,1.);
#7962 = DIRECTION('',(0.,0.,-1.));
#7963 = ORIENTED_EDGE('',*,*,#7964,.T.);
#7964 = EDGE_CURVE('',#7957,#7965,#7967,.T.);
#7965 = VERTEX_POINT('',#7966);
#7966 = CARTESIAN_POINT('',(1.4,-0.275,-4.E-02));
#7967 = CIRCLE('',#7968,0.6);
#7968 = AXIS2_PLACEMENT_3D('',#7969,#7970,#7971);
#7969 = CARTESIAN_POINT('',(2.,-0.275000120653,-4.E-02));
#7970 = DIRECTION('',(0.,0.,-1.));
#7971 = DIRECTION('',(1.,2.010883661437E-07,0.));
#7972 = ORIENTED_EDGE('',*,*,#7973,.F.);
#7973 = EDGE_CURVE('',#7974,#7965,#7976,.T.);
#7974 = VERTEX_POINT('',#7975);
#7975 = CARTESIAN_POINT('',(1.4,-0.275,0.));
#7976 = LINE('',#7977,#7978);
#7977 = CARTESIAN_POINT('',(1.4,-0.275,0.));
#7978 = VECTOR('',#7979,1.);
#7979 = DIRECTION('',(0.,0.,-1.));
#7980 = ORIENTED_EDGE('',*,*,#7981,.F.);
#7981 = EDGE_CURVE('',#7955,#7974,#7982,.T.);
#7982 = CIRCLE('',#7983,0.6);
#7983 = AXIS2_PLACEMENT_3D('',#7984,#7985,#7986);
#7984 = CARTESIAN_POINT('',(2.,-0.275000120653,0.));
#7985 = DIRECTION('',(0.,0.,-1.));
#7986 = DIRECTION('',(1.,2.010883661437E-07,0.));
#7987 = CYLINDRICAL_SURFACE('',#7988,0.6);
#7988 = AXIS2_PLACEMENT_3D('',#7989,#7990,#7991);
#7989 = CARTESIAN_POINT('',(2.,-0.275000120653,0.));
#7990 = DIRECTION('',(-0.,-0.,1.));
#7991 = DIRECTION('',(1.,2.010883661437E-07,0.));
#7992 = ADVANCED_FACE('',(#7993),#8018,.F.);
#7993 = FACE_BOUND('',#7994,.F.);
#7994 = EDGE_LOOP('',(#7995,#8005,#8011,#8012));
#7995 = ORIENTED_EDGE('',*,*,#7996,.T.);
#7996 = EDGE_CURVE('',#7997,#7999,#8001,.T.);
#7997 = VERTEX_POINT('',#7998);
#7998 = CARTESIAN_POINT('',(2.6,0.275,0.));
#7999 = VERTEX_POINT('',#8000);
#8000 = CARTESIAN_POINT('',(2.6,0.275,-4.E-02));
#8001 = LINE('',#8002,#8003);
#8002 = CARTESIAN_POINT('',(2.6,0.275,0.));
#8003 = VECTOR('',#8004,1.);
#8004 = DIRECTION('',(0.,0.,-1.));
#8005 = ORIENTED_EDGE('',*,*,#8006,.T.);
#8006 = EDGE_CURVE('',#7999,#7957,#8007,.T.);
#8007 = LINE('',#8008,#8009);
#8008 = CARTESIAN_POINT('',(2.6,0.275,-4.E-02));
#8009 = VECTOR('',#8010,1.);
#8010 = DIRECTION('',(0.,-1.,0.));
#8011 = ORIENTED_EDGE('',*,*,#7954,.F.);
#8012 = ORIENTED_EDGE('',*,*,#8013,.F.);
#8013 = EDGE_CURVE('',#7997,#7955,#8014,.T.);
#8014 = LINE('',#8015,#8016);
#8015 = CARTESIAN_POINT('',(2.6,0.275,0.));
#8016 = VECTOR('',#8017,1.);
#8017 = DIRECTION('',(0.,-1.,0.));
#8018 = PLANE('',#8019);
#8019 = AXIS2_PLACEMENT_3D('',#8020,#8021,#8022);
#8020 = CARTESIAN_POINT('',(2.6,0.275,0.));
#8021 = DIRECTION('',(-1.,-0.,-0.));
#8022 = DIRECTION('',(0.,-1.,0.));
#8023 = ADVANCED_FACE('',(#8024),#8049,.F.);
#8024 = FACE_BOUND('',#8025,.F.);
#8025 = EDGE_LOOP('',(#8026,#8027,#8035,#8043));
#8026 = ORIENTED_EDGE('',*,*,#7973,.T.);
#8027 = ORIENTED_EDGE('',*,*,#8028,.T.);
#8028 = EDGE_CURVE('',#7965,#8029,#8031,.T.);
#8029 = VERTEX_POINT('',#8030);
#8030 = CARTESIAN_POINT('',(1.4,0.275,-4.E-02));
#8031 = LINE('',#8032,#8033);
#8032 = CARTESIAN_POINT('',(1.4,-0.275,-4.E-02));
#8033 = VECTOR('',#8034,1.);
#8034 = DIRECTION('',(0.,1.,0.));
#8035 = ORIENTED_EDGE('',*,*,#8036,.F.);
#8036 = EDGE_CURVE('',#8037,#8029,#8039,.T.);
#8037 = VERTEX_POINT('',#8038);
#8038 = CARTESIAN_POINT('',(1.4,0.275,0.));
#8039 = LINE('',#8040,#8041);
#8040 = CARTESIAN_POINT('',(1.4,0.275,0.));
#8041 = VECTOR('',#8042,1.);
#8042 = DIRECTION('',(0.,0.,-1.));
#8043 = ORIENTED_EDGE('',*,*,#8044,.F.);
#8044 = EDGE_CURVE('',#7974,#8037,#8045,.T.);
#8045 = LINE('',#8046,#8047);
#8046 = CARTESIAN_POINT('',(1.4,-0.275,0.));
#8047 = VECTOR('',#8048,1.);
#8048 = DIRECTION('',(0.,1.,0.));
#8049 = PLANE('',#8050);
#8050 = AXIS2_PLACEMENT_3D('',#8051,#8052,#8053);
#8051 = CARTESIAN_POINT('',(1.4,-0.275,0.));
#8052 = DIRECTION('',(1.,-0.,0.));
#8053 = DIRECTION('',(0.,1.,0.));
#8054 = ADVANCED_FACE('',(#8055,#8067),#8078,.F.);
#8055 = FACE_BOUND('',#8056,.F.);
#8056 = EDGE_LOOP('',(#8057,#8058,#8059,#8066));
#8057 = ORIENTED_EDGE('',*,*,#7981,.T.);
#8058 = ORIENTED_EDGE('',*,*,#8044,.T.);
#8059 = ORIENTED_EDGE('',*,*,#8060,.T.);
#8060 = EDGE_CURVE('',#8037,#7997,#8061,.T.);
#8061 = CIRCLE('',#8062,0.6);
#8062 = AXIS2_PLACEMENT_3D('',#8063,#8064,#8065);
#8063 = CARTESIAN_POINT('',(2.,0.275000617752,0.));
#8064 = DIRECTION('',(0.,0.,-1.));
#8065 = DIRECTION('',(-0.999999999999,-1.02958639947E-06,-0.));
#8066 = ORIENTED_EDGE('',*,*,#8013,.T.);
#8067 = FACE_BOUND('',#8068,.F.);
#8068 = EDGE_LOOP('',(#8069));
#8069 = ORIENTED_EDGE('',*,*,#8070,.F.);
#8070 = EDGE_CURVE('',#8071,#8071,#8073,.T.);
#8071 = VERTEX_POINT('',#8072);
#8072 = CARTESIAN_POINT('',(2.,-0.35,0.));
#8073 = CIRCLE('',#8074,0.35);
#8074 = AXIS2_PLACEMENT_3D('',#8075,#8076,#8077);
#8075 = CARTESIAN_POINT('',(2.,-4.163336342344E-17,0.));
#8076 = DIRECTION('',(-0.,0.,-1.));
#8077 = DIRECTION('',(-0.,-1.,0.));
#8078 = PLANE('',#8079);
#8079 = AXIS2_PLACEMENT_3D('',#8080,#8081,#8082);
#8080 = CARTESIAN_POINT('',(0.,0.,0.));
#8081 = DIRECTION('',(-0.,-0.,-1.));
#8082 = DIRECTION('',(-1.,0.,0.));
#8083 = ADVANCED_FACE('',(#8084,#8096),#8107,.T.);
#8084 = FACE_BOUND('',#8085,.T.);
#8085 = EDGE_LOOP('',(#8086,#8087,#8088,#8095));
#8086 = ORIENTED_EDGE('',*,*,#7964,.T.);
#8087 = ORIENTED_EDGE('',*,*,#8028,.T.);
#8088 = ORIENTED_EDGE('',*,*,#8089,.T.);
#8089 = EDGE_CURVE('',#8029,#7999,#8090,.T.);
#8090 = CIRCLE('',#8091,0.6);
#8091 = AXIS2_PLACEMENT_3D('',#8092,#8093,#8094);
#8092 = CARTESIAN_POINT('',(2.,0.275000617752,-4.E-02));
#8093 = DIRECTION('',(0.,0.,-1.));
#8094 = DIRECTION('',(-0.999999999999,-1.02958639947E-06,-0.));
#8095 = ORIENTED_EDGE('',*,*,#8006,.T.);
#8096 = FACE_BOUND('',#8097,.T.);
#8097 = EDGE_LOOP('',(#8098));
#8098 = ORIENTED_EDGE('',*,*,#8099,.F.);
#8099 = EDGE_CURVE('',#8100,#8100,#8102,.T.);
#8100 = VERTEX_POINT('',#8101);
#8101 = CARTESIAN_POINT('',(2.,-0.35,-4.E-02));
#8102 = CIRCLE('',#8103,0.35);
#8103 = AXIS2_PLACEMENT_3D('',#8104,#8105,#8106);
#8104 = CARTESIAN_POINT('',(2.,-4.163336342344E-17,-4.E-02));
#8105 = DIRECTION('',(-0.,0.,-1.));
#8106 = DIRECTION('',(-0.,-1.,0.));
#8107 = PLANE('',#8108);
#8108 = AXIS2_PLACEMENT_3D('',#8109,#8110,#8111);
#8109 = CARTESIAN_POINT('',(0.,0.,-4.E-02));
#8110 = DIRECTION('',(-0.,-0.,-1.));
#8111 = DIRECTION('',(-1.,0.,0.));
#8112 = ADVANCED_FACE('',(#8113),#8119,.T.);
#8113 = FACE_BOUND('',#8114,.F.);
#8114 = EDGE_LOOP('',(#8115,#8116,#8117,#8118));
#8115 = ORIENTED_EDGE('',*,*,#8036,.T.);
#8116 = ORIENTED_EDGE('',*,*,#8089,.T.);
#8117 = ORIENTED_EDGE('',*,*,#7996,.F.);
#8118 = ORIENTED_EDGE('',*,*,#8060,.F.);
#8119 = CYLINDRICAL_SURFACE('',#8120,0.6);
#8120 = AXIS2_PLACEMENT_3D('',#8121,#8122,#8123);
#8121 = CARTESIAN_POINT('',(2.,0.275000617752,0.));
#8122 = DIRECTION('',(-0.,-0.,1.));
#8123 = DIRECTION('',(-0.999999999999,-1.02958639947E-06,-0.));
#8124 = ADVANCED_FACE('',(#8125),#8136,.F.);
#8125 = FACE_BOUND('',#8126,.T.);
#8126 = EDGE_LOOP('',(#8127,#8128,#8134,#8135));
#8127 = ORIENTED_EDGE('',*,*,#8099,.T.);
#8128 = ORIENTED_EDGE('',*,*,#8129,.T.);
#8129 = EDGE_CURVE('',#8100,#8071,#8130,.T.);
#8130 = LINE('',#8131,#8132);
#8131 = CARTESIAN_POINT('',(2.,-0.35,-4.6E-02));
#8132 = VECTOR('',#8133,1.);
#8133 = DIRECTION('',(0.,0.,1.));
#8134 = ORIENTED_EDGE('',*,*,#8070,.F.);
#8135 = ORIENTED_EDGE('',*,*,#8129,.F.);
#8136 = CYLINDRICAL_SURFACE('',#8137,0.35);
#8137 = AXIS2_PLACEMENT_3D('',#8138,#8139,#8140);
#8138 = CARTESIAN_POINT('',(2.,-4.163336342344E-17,-4.6E-02));
#8139 = DIRECTION('',(-0.,-0.,-1.));
#8140 = DIRECTION('',(-0.,-1.,0.));
#8141 = MANIFOLD_SOLID_BREP('',#8142);
#8142 = CLOSED_SHELL('',(#8143,#8176,#8196,#8216));
#8143 = ADVANCED_FACE('',(#8144),#8171,.T.);
#8144 = FACE_BOUND('',#8145,.F.);
#8145 = EDGE_LOOP('',(#8146,#8156,#8163,#8164));
#8146 = ORIENTED_EDGE('',*,*,#8147,.T.);
#8147 = EDGE_CURVE('',#8148,#8150,#8152,.T.);
#8148 = VERTEX_POINT('',#8149);
#8149 = CARTESIAN_POINT('',(2.,-0.375,-4.E-02));
#8150 = VERTEX_POINT('',#8151);
#8151 = CARTESIAN_POINT('',(2.,-0.375,1.55));
#8152 = LINE('',#8153,#8154);
#8153 = CARTESIAN_POINT('',(2.,-0.375,-4.E-02));
#8154 = VECTOR('',#8155,1.);
#8155 = DIRECTION('',(0.,0.,1.));
#8156 = ORIENTED_EDGE('',*,*,#8157,.T.);
#8157 = EDGE_CURVE('',#8150,#8150,#8158,.T.);
#8158 = CIRCLE('',#8159,0.375);
#8159 = AXIS2_PLACEMENT_3D('',#8160,#8161,#8162);
#8160 = CARTESIAN_POINT('',(2.,6.938893903907E-17,1.55));
#8161 = DIRECTION('',(0.,0.,1.));
#8162 = DIRECTION('',(-0.,-1.,0.));
#8163 = ORIENTED_EDGE('',*,*,#8147,.F.);
#8164 = ORIENTED_EDGE('',*,*,#8165,.F.);
#8165 = EDGE_CURVE('',#8148,#8148,#8166,.T.);
#8166 = CIRCLE('',#8167,0.375);
#8167 = AXIS2_PLACEMENT_3D('',#8168,#8169,#8170);
#8168 = CARTESIAN_POINT('',(2.,6.938893903907E-17,-4.E-02));
#8169 = DIRECTION('',(0.,0.,1.));
#8170 = DIRECTION('',(-0.,-1.,0.));
#8171 = CYLINDRICAL_SURFACE('',#8172,0.375);
#8172 = AXIS2_PLACEMENT_3D('',#8173,#8174,#8175);
#8173 = CARTESIAN_POINT('',(2.,6.938893903907E-17,-4.E-02));
#8174 = DIRECTION('',(-0.,-0.,-1.));
#8175 = DIRECTION('',(-0.,-1.,0.));
#8176 = ADVANCED_FACE('',(#8177,#8180),#8191,.F.);
#8177 = FACE_BOUND('',#8178,.F.);
#8178 = EDGE_LOOP('',(#8179));
#8179 = ORIENTED_EDGE('',*,*,#8165,.T.);
#8180 = FACE_BOUND('',#8181,.F.);
#8181 = EDGE_LOOP('',(#8182));
#8182 = ORIENTED_EDGE('',*,*,#8183,.T.);
#8183 = EDGE_CURVE('',#8184,#8184,#8186,.T.);
#8184 = VERTEX_POINT('',#8185);
#8185 = CARTESIAN_POINT('',(2.,-0.35,-4.E-02));
#8186 = CIRCLE('',#8187,0.35);
#8187 = AXIS2_PLACEMENT_3D('',#8188,#8189,#8190);
#8188 = CARTESIAN_POINT('',(2.,-4.163336342344E-17,-4.E-02));
#8189 = DIRECTION('',(-0.,0.,-1.));
#8190 = DIRECTION('',(-0.,-1.,0.));
#8191 = PLANE('',#8192);
#8192 = AXIS2_PLACEMENT_3D('',#8193,#8194,#8195);
#8193 = CARTESIAN_POINT('',(2.,-0.375,-4.E-02));
#8194 = DIRECTION('',(0.,0.,1.));
#8195 = DIRECTION('',(1.,0.,-0.));
#8196 = ADVANCED_FACE('',(#8197,#8200),#8211,.T.);
#8197 = FACE_BOUND('',#8198,.T.);
#8198 = EDGE_LOOP('',(#8199));
#8199 = ORIENTED_EDGE('',*,*,#8157,.T.);
#8200 = FACE_BOUND('',#8201,.T.);
#8201 = EDGE_LOOP('',(#8202));
#8202 = ORIENTED_EDGE('',*,*,#8203,.T.);
#8203 = EDGE_CURVE('',#8204,#8204,#8206,.T.);
#8204 = VERTEX_POINT('',#8205);
#8205 = CARTESIAN_POINT('',(2.,-0.35,1.55));
#8206 = CIRCLE('',#8207,0.35);
#8207 = AXIS2_PLACEMENT_3D('',#8208,#8209,#8210);
#8208 = CARTESIAN_POINT('',(2.,-4.163336342344E-17,1.55));
#8209 = DIRECTION('',(-0.,0.,-1.));
#8210 = DIRECTION('',(-0.,-1.,0.));
#8211 = PLANE('',#8212);
#8212 = AXIS2_PLACEMENT_3D('',#8213,#8214,#8215);
#8213 = CARTESIAN_POINT('',(2.,-0.375,1.55));
#8214 = DIRECTION('',(0.,0.,1.));
#8215 = DIRECTION('',(1.,0.,-0.));
#8216 = ADVANCED_FACE('',(#8217),#8228,.F.);
#8217 = FACE_BOUND('',#8218,.T.);
#8218 = EDGE_LOOP('',(#8219,#8220,#8226,#8227));
#8219 = ORIENTED_EDGE('',*,*,#8183,.T.);
#8220 = ORIENTED_EDGE('',*,*,#8221,.T.);
#8221 = EDGE_CURVE('',#8184,#8204,#8222,.T.);
#8222 = LINE('',#8223,#8224);
#8223 = CARTESIAN_POINT('',(2.,-0.35,-4.6E-02));
#8224 = VECTOR('',#8225,1.);
#8225 = DIRECTION('',(0.,0.,1.));
#8226 = ORIENTED_EDGE('',*,*,#8203,.F.);
#8227 = ORIENTED_EDGE('',*,*,#8221,.F.);
#8228 = CYLINDRICAL_SURFACE('',#8229,0.35);
#8229 = AXIS2_PLACEMENT_3D('',#8230,#8231,#8232);
#8230 = CARTESIAN_POINT('',(2.,-4.163336342344E-17,-4.6E-02));
#8231 = DIRECTION('',(-0.,-0.,-1.));
#8232 = DIRECTION('',(-0.,-1.,0.));
#8233 = MANIFOLD_SOLID_BREP('',#8234);
#8234 = CLOSED_SHELL('',(#8235,#8277,#8308,#8339,#8368,#8397,#8409));
#8235 = ADVANCED_FACE('',(#8236),#8272,.T.);
#8236 = FACE_BOUND('',#8237,.T.);
#8237 = EDGE_LOOP('',(#8238,#8248,#8257,#8265));
#8238 = ORIENTED_EDGE('',*,*,#8239,.T.);
#8239 = EDGE_CURVE('',#8240,#8242,#8244,.T.);
#8240 = VERTEX_POINT('',#8241);
#8241 = CARTESIAN_POINT('',(4.6,-0.275,1.51));
#8242 = VERTEX_POINT('',#8243);
#8243 = CARTESIAN_POINT('',(4.6,-0.275,1.55));
#8244 = LINE('',#8245,#8246);
#8245 = CARTESIAN_POINT('',(4.6,-0.275,1.51));
#8246 = VECTOR('',#8247,1.);
#8247 = DIRECTION('',(0.,0.,1.));
#8248 = ORIENTED_EDGE('',*,*,#8249,.T.);
#8249 = EDGE_CURVE('',#8242,#8250,#8252,.T.);
#8250 = VERTEX_POINT('',#8251);
#8251 = CARTESIAN_POINT('',(3.4,-0.275,1.55));
#8252 = CIRCLE('',#8253,0.6);
#8253 = AXIS2_PLACEMENT_3D('',#8254,#8255,#8256);
#8254 = CARTESIAN_POINT('',(4.,-0.275000120653,1.55));
#8255 = DIRECTION('',(0.,0.,-1.));
#8256 = DIRECTION('',(1.,2.010883669764E-07,0.));
#8257 = ORIENTED_EDGE('',*,*,#8258,.F.);
#8258 = EDGE_CURVE('',#8259,#8250,#8261,.T.);
#8259 = VERTEX_POINT('',#8260);
#8260 = CARTESIAN_POINT('',(3.4,-0.275,1.51));
#8261 = LINE('',#8262,#8263);
#8262 = CARTESIAN_POINT('',(3.4,-0.275,1.51));
#8263 = VECTOR('',#8264,1.);
#8264 = DIRECTION('',(0.,0.,1.));
#8265 = ORIENTED_EDGE('',*,*,#8266,.F.);
#8266 = EDGE_CURVE('',#8240,#8259,#8267,.T.);
#8267 = CIRCLE('',#8268,0.6);
#8268 = AXIS2_PLACEMENT_3D('',#8269,#8270,#8271);
#8269 = CARTESIAN_POINT('',(4.,-0.275000120653,1.51));
#8270 = DIRECTION('',(0.,0.,-1.));
#8271 = DIRECTION('',(1.,2.010883669764E-07,0.));
#8272 = CYLINDRICAL_SURFACE('',#8273,0.6);
#8273 = AXIS2_PLACEMENT_3D('',#8274,#8275,#8276);
#8274 = CARTESIAN_POINT('',(4.,-0.275000120653,1.51));
#8275 = DIRECTION('',(0.,0.,-1.));
#8276 = DIRECTION('',(1.,2.010883669764E-07,0.));
#8277 = ADVANCED_FACE('',(#8278),#8303,.T.);
#8278 = FACE_BOUND('',#8279,.T.);
#8279 = EDGE_LOOP('',(#8280,#8290,#8296,#8297));
#8280 = ORIENTED_EDGE('',*,*,#8281,.T.);
#8281 = EDGE_CURVE('',#8282,#8284,#8286,.T.);
#8282 = VERTEX_POINT('',#8283);
#8283 = CARTESIAN_POINT('',(4.6,0.275,1.51));
#8284 = VERTEX_POINT('',#8285);
#8285 = CARTESIAN_POINT('',(4.6,0.275,1.55));
#8286 = LINE('',#8287,#8288);
#8287 = CARTESIAN_POINT('',(4.6,0.275,1.51));
#8288 = VECTOR('',#8289,1.);
#8289 = DIRECTION('',(0.,0.,1.));
#8290 = ORIENTED_EDGE('',*,*,#8291,.T.);
#8291 = EDGE_CURVE('',#8284,#8242,#8292,.T.);
#8292 = LINE('',#8293,#8294);
#8293 = CARTESIAN_POINT('',(4.6,0.275,1.55));
#8294 = VECTOR('',#8295,1.);
#8295 = DIRECTION('',(0.,-1.,0.));
#8296 = ORIENTED_EDGE('',*,*,#8239,.F.);
#8297 = ORIENTED_EDGE('',*,*,#8298,.F.);
#8298 = EDGE_CURVE('',#8282,#8240,#8299,.T.);
#8299 = LINE('',#8300,#8301);
#8300 = CARTESIAN_POINT('',(4.6,0.275,1.51));
#8301 = VECTOR('',#8302,1.);
#8302 = DIRECTION('',(0.,-1.,0.));
#8303 = PLANE('',#8304);
#8304 = AXIS2_PLACEMENT_3D('',#8305,#8306,#8307);
#8305 = CARTESIAN_POINT('',(4.6,0.275,1.51));
#8306 = DIRECTION('',(1.,0.,-0.));
#8307 = DIRECTION('',(0.,-1.,0.));
#8308 = ADVANCED_FACE('',(#8309),#8334,.T.);
#8309 = FACE_BOUND('',#8310,.T.);
#8310 = EDGE_LOOP('',(#8311,#8312,#8320,#8328));
#8311 = ORIENTED_EDGE('',*,*,#8258,.T.);
#8312 = ORIENTED_EDGE('',*,*,#8313,.T.);
#8313 = EDGE_CURVE('',#8250,#8314,#8316,.T.);
#8314 = VERTEX_POINT('',#8315);
#8315 = CARTESIAN_POINT('',(3.4,0.275,1.55));
#8316 = LINE('',#8317,#8318);
#8317 = CARTESIAN_POINT('',(3.4,-0.275,1.55));
#8318 = VECTOR('',#8319,1.);
#8319 = DIRECTION('',(0.,1.,0.));
#8320 = ORIENTED_EDGE('',*,*,#8321,.F.);
#8321 = EDGE_CURVE('',#8322,#8314,#8324,.T.);
#8322 = VERTEX_POINT('',#8323);
#8323 = CARTESIAN_POINT('',(3.4,0.275,1.51));
#8324 = LINE('',#8325,#8326);
#8325 = CARTESIAN_POINT('',(3.4,0.275,1.51));
#8326 = VECTOR('',#8327,1.);
#8327 = DIRECTION('',(0.,0.,1.));
#8328 = ORIENTED_EDGE('',*,*,#8329,.F.);
#8329 = EDGE_CURVE('',#8259,#8322,#8330,.T.);
#8330 = LINE('',#8331,#8332);
#8331 = CARTESIAN_POINT('',(3.4,-0.275,1.51));
#8332 = VECTOR('',#8333,1.);
#8333 = DIRECTION('',(0.,1.,0.));
#8334 = PLANE('',#8335);
#8335 = AXIS2_PLACEMENT_3D('',#8336,#8337,#8338);
#8336 = CARTESIAN_POINT('',(3.4,-0.275,1.51));
#8337 = DIRECTION('',(-1.,0.,0.));
#8338 = DIRECTION('',(0.,1.,0.));
#8339 = ADVANCED_FACE('',(#8340,#8352),#8363,.F.);
#8340 = FACE_BOUND('',#8341,.F.);
#8341 = EDGE_LOOP('',(#8342,#8343,#8344,#8351));
#8342 = ORIENTED_EDGE('',*,*,#8266,.F.);
#8343 = ORIENTED_EDGE('',*,*,#8298,.F.);
#8344 = ORIENTED_EDGE('',*,*,#8345,.F.);
#8345 = EDGE_CURVE('',#8322,#8282,#8346,.T.);
#8346 = CIRCLE('',#8347,0.6);
#8347 = AXIS2_PLACEMENT_3D('',#8348,#8349,#8350);
#8348 = CARTESIAN_POINT('',(4.,0.275000617752,1.51));
#8349 = DIRECTION('',(0.,0.,-1.));
#8350 = DIRECTION('',(-0.999999999999,-1.029586399562E-06,-0.));
#8351 = ORIENTED_EDGE('',*,*,#8329,.F.);
#8352 = FACE_BOUND('',#8353,.F.);
#8353 = EDGE_LOOP('',(#8354));
#8354 = ORIENTED_EDGE('',*,*,#8355,.T.);
#8355 = EDGE_CURVE('',#8356,#8356,#8358,.T.);
#8356 = VERTEX_POINT('',#8357);
#8357 = CARTESIAN_POINT('',(4.,-0.35,1.51));
#8358 = CIRCLE('',#8359,0.35);
#8359 = AXIS2_PLACEMENT_3D('',#8360,#8361,#8362);
#8360 = CARTESIAN_POINT('',(4.,-2.914335439641E-16,1.51));
#8361 = DIRECTION('',(-0.,0.,-1.));
#8362 = DIRECTION('',(-0.,-1.,0.));
#8363 = PLANE('',#8364);
#8364 = AXIS2_PLACEMENT_3D('',#8365,#8366,#8367);
#8365 = CARTESIAN_POINT('',(0.,0.,1.51));
#8366 = DIRECTION('',(0.,0.,1.));
#8367 = DIRECTION('',(1.,0.,-0.));
#8368 = ADVANCED_FACE('',(#8369,#8381),#8392,.T.);
#8369 = FACE_BOUND('',#8370,.T.);
#8370 = EDGE_LOOP('',(#8371,#8372,#8373,#8380));
#8371 = ORIENTED_EDGE('',*,*,#8249,.F.);
#8372 = ORIENTED_EDGE('',*,*,#8291,.F.);
#8373 = ORIENTED_EDGE('',*,*,#8374,.F.);
#8374 = EDGE_CURVE('',#8314,#8284,#8375,.T.);
#8375 = CIRCLE('',#8376,0.6);
#8376 = AXIS2_PLACEMENT_3D('',#8377,#8378,#8379);
#8377 = CARTESIAN_POINT('',(4.,0.275000617752,1.55));
#8378 = DIRECTION('',(0.,0.,-1.));
#8379 = DIRECTION('',(-0.999999999999,-1.029586399562E-06,-0.));
#8380 = ORIENTED_EDGE('',*,*,#8313,.F.);
#8381 = FACE_BOUND('',#8382,.T.);
#8382 = EDGE_LOOP('',(#8383));
#8383 = ORIENTED_EDGE('',*,*,#8384,.T.);
#8384 = EDGE_CURVE('',#8385,#8385,#8387,.T.);
#8385 = VERTEX_POINT('',#8386);
#8386 = CARTESIAN_POINT('',(4.,-0.35,1.55));
#8387 = CIRCLE('',#8388,0.35);
#8388 = AXIS2_PLACEMENT_3D('',#8389,#8390,#8391);
#8389 = CARTESIAN_POINT('',(4.,-2.914335439641E-16,1.55));
#8390 = DIRECTION('',(-0.,0.,-1.));
#8391 = DIRECTION('',(-0.,-1.,0.));
#8392 = PLANE('',#8393);
#8393 = AXIS2_PLACEMENT_3D('',#8394,#8395,#8396);
#8394 = CARTESIAN_POINT('',(0.,0.,1.55));
#8395 = DIRECTION('',(0.,0.,1.));
#8396 = DIRECTION('',(1.,0.,-0.));
#8397 = ADVANCED_FACE('',(#8398),#8404,.T.);
#8398 = FACE_BOUND('',#8399,.T.);
#8399 = EDGE_LOOP('',(#8400,#8401,#8402,#8403));
#8400 = ORIENTED_EDGE('',*,*,#8321,.T.);
#8401 = ORIENTED_EDGE('',*,*,#8374,.T.);
#8402 = ORIENTED_EDGE('',*,*,#8281,.F.);
#8403 = ORIENTED_EDGE('',*,*,#8345,.F.);
#8404 = CYLINDRICAL_SURFACE('',#8405,0.6);
#8405 = AXIS2_PLACEMENT_3D('',#8406,#8407,#8408);
#8406 = CARTESIAN_POINT('',(4.,0.275000617752,1.51));
#8407 = DIRECTION('',(0.,0.,-1.));
#8408 = DIRECTION('',(-0.999999999999,-1.029586399562E-06,-0.));
#8409 = ADVANCED_FACE('',(#8410),#8421,.F.);
#8410 = FACE_BOUND('',#8411,.T.);
#8411 = EDGE_LOOP('',(#8412,#8413,#8419,#8420));
#8412 = ORIENTED_EDGE('',*,*,#8355,.T.);
#8413 = ORIENTED_EDGE('',*,*,#8414,.T.);
#8414 = EDGE_CURVE('',#8356,#8385,#8415,.T.);
#8415 = LINE('',#8416,#8417);
#8416 = CARTESIAN_POINT('',(4.,-0.35,-4.6E-02));
#8417 = VECTOR('',#8418,1.);
#8418 = DIRECTION('',(0.,0.,1.));
#8419 = ORIENTED_EDGE('',*,*,#8384,.F.);
#8420 = ORIENTED_EDGE('',*,*,#8414,.F.);
#8421 = CYLINDRICAL_SURFACE('',#8422,0.35);
#8422 = AXIS2_PLACEMENT_3D('',#8423,#8424,#8425);
#8423 = CARTESIAN_POINT('',(4.,-2.914335439641E-16,-4.6E-02));
#8424 = DIRECTION('',(-0.,-0.,-1.));
#8425 = DIRECTION('',(-0.,-1.,0.));
#8426 = MANIFOLD_SOLID_BREP('',#8427);
#8427 = CLOSED_SHELL('',(#8428,#8470,#8501,#8532,#8561,#8590,#8602));
#8428 = ADVANCED_FACE('',(#8429),#8465,.T.);
#8429 = FACE_BOUND('',#8430,.F.);
#8430 = EDGE_LOOP('',(#8431,#8441,#8450,#8458));
#8431 = ORIENTED_EDGE('',*,*,#8432,.T.);
#8432 = EDGE_CURVE('',#8433,#8435,#8437,.T.);
#8433 = VERTEX_POINT('',#8434);
#8434 = CARTESIAN_POINT('',(4.6,-0.275,0.));
#8435 = VERTEX_POINT('',#8436);
#8436 = CARTESIAN_POINT('',(4.6,-0.275,-4.E-02));
#8437 = LINE('',#8438,#8439);
#8438 = CARTESIAN_POINT('',(4.6,-0.275,0.));
#8439 = VECTOR('',#8440,1.);
#8440 = DIRECTION('',(0.,0.,-1.));
#8441 = ORIENTED_EDGE('',*,*,#8442,.T.);
#8442 = EDGE_CURVE('',#8435,#8443,#8445,.T.);
#8443 = VERTEX_POINT('',#8444);
#8444 = CARTESIAN_POINT('',(3.4,-0.275,-4.E-02));
#8445 = CIRCLE('',#8446,0.6);
#8446 = AXIS2_PLACEMENT_3D('',#8447,#8448,#8449);
#8447 = CARTESIAN_POINT('',(4.,-0.275000120653,-4.E-02));
#8448 = DIRECTION('',(0.,0.,-1.));
#8449 = DIRECTION('',(1.,2.010883669764E-07,0.));
#8450 = ORIENTED_EDGE('',*,*,#8451,.F.);
#8451 = EDGE_CURVE('',#8452,#8443,#8454,.T.);
#8452 = VERTEX_POINT('',#8453);
#8453 = CARTESIAN_POINT('',(3.4,-0.275,0.));
#8454 = LINE('',#8455,#8456);
#8455 = CARTESIAN_POINT('',(3.4,-0.275,0.));
#8456 = VECTOR('',#8457,1.);
#8457 = DIRECTION('',(0.,0.,-1.));
#8458 = ORIENTED_EDGE('',*,*,#8459,.F.);
#8459 = EDGE_CURVE('',#8433,#8452,#8460,.T.);
#8460 = CIRCLE('',#8461,0.6);
#8461 = AXIS2_PLACEMENT_3D('',#8462,#8463,#8464);
#8462 = CARTESIAN_POINT('',(4.,-0.275000120653,0.));
#8463 = DIRECTION('',(0.,0.,-1.));
#8464 = DIRECTION('',(1.,2.010883669764E-07,0.));
#8465 = CYLINDRICAL_SURFACE('',#8466,0.6);
#8466 = AXIS2_PLACEMENT_3D('',#8467,#8468,#8469);
#8467 = CARTESIAN_POINT('',(4.,-0.275000120653,0.));
#8468 = DIRECTION('',(-0.,-0.,1.));
#8469 = DIRECTION('',(1.,2.010883669764E-07,0.));
#8470 = ADVANCED_FACE('',(#8471),#8496,.F.);
#8471 = FACE_BOUND('',#8472,.F.);
#8472 = EDGE_LOOP('',(#8473,#8483,#8489,#8490));
#8473 = ORIENTED_EDGE('',*,*,#8474,.T.);
#8474 = EDGE_CURVE('',#8475,#8477,#8479,.T.);
#8475 = VERTEX_POINT('',#8476);
#8476 = CARTESIAN_POINT('',(4.6,0.275,0.));
#8477 = VERTEX_POINT('',#8478);
#8478 = CARTESIAN_POINT('',(4.6,0.275,-4.E-02));
#8479 = LINE('',#8480,#8481);
#8480 = CARTESIAN_POINT('',(4.6,0.275,0.));
#8481 = VECTOR('',#8482,1.);
#8482 = DIRECTION('',(0.,0.,-1.));
#8483 = ORIENTED_EDGE('',*,*,#8484,.T.);
#8484 = EDGE_CURVE('',#8477,#8435,#8485,.T.);
#8485 = LINE('',#8486,#8487);
#8486 = CARTESIAN_POINT('',(4.6,0.275,-4.E-02));
#8487 = VECTOR('',#8488,1.);
#8488 = DIRECTION('',(0.,-1.,0.));
#8489 = ORIENTED_EDGE('',*,*,#8432,.F.);
#8490 = ORIENTED_EDGE('',*,*,#8491,.F.);
#8491 = EDGE_CURVE('',#8475,#8433,#8492,.T.);
#8492 = LINE('',#8493,#8494);
#8493 = CARTESIAN_POINT('',(4.6,0.275,0.));
#8494 = VECTOR('',#8495,1.);
#8495 = DIRECTION('',(0.,-1.,0.));
#8496 = PLANE('',#8497);
#8497 = AXIS2_PLACEMENT_3D('',#8498,#8499,#8500);
#8498 = CARTESIAN_POINT('',(4.6,0.275,0.));
#8499 = DIRECTION('',(-1.,-0.,-0.));
#8500 = DIRECTION('',(0.,-1.,0.));
#8501 = ADVANCED_FACE('',(#8502),#8527,.F.);
#8502 = FACE_BOUND('',#8503,.F.);
#8503 = EDGE_LOOP('',(#8504,#8505,#8513,#8521));
#8504 = ORIENTED_EDGE('',*,*,#8451,.T.);
#8505 = ORIENTED_EDGE('',*,*,#8506,.T.);
#8506 = EDGE_CURVE('',#8443,#8507,#8509,.T.);
#8507 = VERTEX_POINT('',#8508);
#8508 = CARTESIAN_POINT('',(3.4,0.275,-4.E-02));
#8509 = LINE('',#8510,#8511);
#8510 = CARTESIAN_POINT('',(3.4,-0.275,-4.E-02));
#8511 = VECTOR('',#8512,1.);
#8512 = DIRECTION('',(0.,1.,0.));
#8513 = ORIENTED_EDGE('',*,*,#8514,.F.);
#8514 = EDGE_CURVE('',#8515,#8507,#8517,.T.);
#8515 = VERTEX_POINT('',#8516);
#8516 = CARTESIAN_POINT('',(3.4,0.275,0.));
#8517 = LINE('',#8518,#8519);
#8518 = CARTESIAN_POINT('',(3.4,0.275,0.));
#8519 = VECTOR('',#8520,1.);
#8520 = DIRECTION('',(0.,0.,-1.));
#8521 = ORIENTED_EDGE('',*,*,#8522,.F.);
#8522 = EDGE_CURVE('',#8452,#8515,#8523,.T.);
#8523 = LINE('',#8524,#8525);
#8524 = CARTESIAN_POINT('',(3.4,-0.275,0.));
#8525 = VECTOR('',#8526,1.);
#8526 = DIRECTION('',(0.,1.,0.));
#8527 = PLANE('',#8528);
#8528 = AXIS2_PLACEMENT_3D('',#8529,#8530,#8531);
#8529 = CARTESIAN_POINT('',(3.4,-0.275,0.));
#8530 = DIRECTION('',(1.,-0.,0.));
#8531 = DIRECTION('',(0.,1.,0.));
#8532 = ADVANCED_FACE('',(#8533,#8545),#8556,.F.);
#8533 = FACE_BOUND('',#8534,.F.);
#8534 = EDGE_LOOP('',(#8535,#8536,#8537,#8544));
#8535 = ORIENTED_EDGE('',*,*,#8459,.T.);
#8536 = ORIENTED_EDGE('',*,*,#8522,.T.);
#8537 = ORIENTED_EDGE('',*,*,#8538,.T.);
#8538 = EDGE_CURVE('',#8515,#8475,#8539,.T.);
#8539 = CIRCLE('',#8540,0.6);
#8540 = AXIS2_PLACEMENT_3D('',#8541,#8542,#8543);
#8541 = CARTESIAN_POINT('',(4.,0.275000617752,0.));
#8542 = DIRECTION('',(0.,0.,-1.));
#8543 = DIRECTION('',(-0.999999999999,-1.029586399562E-06,-0.));
#8544 = ORIENTED_EDGE('',*,*,#8491,.T.);
#8545 = FACE_BOUND('',#8546,.F.);
#8546 = EDGE_LOOP('',(#8547));
#8547 = ORIENTED_EDGE('',*,*,#8548,.F.);
#8548 = EDGE_CURVE('',#8549,#8549,#8551,.T.);
#8549 = VERTEX_POINT('',#8550);
#8550 = CARTESIAN_POINT('',(4.,-0.35,0.));
#8551 = CIRCLE('',#8552,0.35);
#8552 = AXIS2_PLACEMENT_3D('',#8553,#8554,#8555);
#8553 = CARTESIAN_POINT('',(4.,-2.914335439641E-16,0.));
#8554 = DIRECTION('',(-0.,0.,-1.));
#8555 = DIRECTION('',(-0.,-1.,0.));
#8556 = PLANE('',#8557);
#8557 = AXIS2_PLACEMENT_3D('',#8558,#8559,#8560);
#8558 = CARTESIAN_POINT('',(0.,0.,0.));
#8559 = DIRECTION('',(-0.,-0.,-1.));
#8560 = DIRECTION('',(-1.,0.,0.));
#8561 = ADVANCED_FACE('',(#8562,#8574),#8585,.T.);
#8562 = FACE_BOUND('',#8563,.T.);
#8563 = EDGE_LOOP('',(#8564,#8565,#8566,#8573));
#8564 = ORIENTED_EDGE('',*,*,#8442,.T.);
#8565 = ORIENTED_EDGE('',*,*,#8506,.T.);
#8566 = ORIENTED_EDGE('',*,*,#8567,.T.);
#8567 = EDGE_CURVE('',#8507,#8477,#8568,.T.);
#8568 = CIRCLE('',#8569,0.6);
#8569 = AXIS2_PLACEMENT_3D('',#8570,#8571,#8572);
#8570 = CARTESIAN_POINT('',(4.,0.275000617752,-4.E-02));
#8571 = DIRECTION('',(0.,0.,-1.));
#8572 = DIRECTION('',(-0.999999999999,-1.029586399562E-06,-0.));
#8573 = ORIENTED_EDGE('',*,*,#8484,.T.);
#8574 = FACE_BOUND('',#8575,.T.);
#8575 = EDGE_LOOP('',(#8576));
#8576 = ORIENTED_EDGE('',*,*,#8577,.F.);
#8577 = EDGE_CURVE('',#8578,#8578,#8580,.T.);
#8578 = VERTEX_POINT('',#8579);
#8579 = CARTESIAN_POINT('',(4.,-0.35,-4.E-02));
#8580 = CIRCLE('',#8581,0.35);
#8581 = AXIS2_PLACEMENT_3D('',#8582,#8583,#8584);
#8582 = CARTESIAN_POINT('',(4.,-2.914335439641E-16,-4.E-02));
#8583 = DIRECTION('',(-0.,0.,-1.));
#8584 = DIRECTION('',(-0.,-1.,0.));
#8585 = PLANE('',#8586);
#8586 = AXIS2_PLACEMENT_3D('',#8587,#8588,#8589);
#8587 = CARTESIAN_POINT('',(0.,0.,-4.E-02));
#8588 = DIRECTION('',(-0.,-0.,-1.));
#8589 = DIRECTION('',(-1.,0.,0.));
#8590 = ADVANCED_FACE('',(#8591),#8597,.T.);
#8591 = FACE_BOUND('',#8592,.F.);
#8592 = EDGE_LOOP('',(#8593,#8594,#8595,#8596));
#8593 = ORIENTED_EDGE('',*,*,#8514,.T.);
#8594 = ORIENTED_EDGE('',*,*,#8567,.T.);
#8595 = ORIENTED_EDGE('',*,*,#8474,.F.);
#8596 = ORIENTED_EDGE('',*,*,#8538,.F.);
#8597 = CYLINDRICAL_SURFACE('',#8598,0.6);
#8598 = AXIS2_PLACEMENT_3D('',#8599,#8600,#8601);
#8599 = CARTESIAN_POINT('',(4.,0.275000617752,0.));
#8600 = DIRECTION('',(-0.,-0.,1.));
#8601 = DIRECTION('',(-0.999999999999,-1.029586399562E-06,-0.));
#8602 = ADVANCED_FACE('',(#8603),#8614,.F.);
#8603 = FACE_BOUND('',#8604,.T.);
#8604 = EDGE_LOOP('',(#8605,#8606,#8612,#8613));
#8605 = ORIENTED_EDGE('',*,*,#8577,.T.);
#8606 = ORIENTED_EDGE('',*,*,#8607,.T.);
#8607 = EDGE_CURVE('',#8578,#8549,#8608,.T.);
#8608 = LINE('',#8609,#8610);
#8609 = CARTESIAN_POINT('',(4.,-0.35,-4.6E-02));
#8610 = VECTOR('',#8611,1.);
#8611 = DIRECTION('',(0.,0.,1.));
#8612 = ORIENTED_EDGE('',*,*,#8548,.F.);
#8613 = ORIENTED_EDGE('',*,*,#8607,.F.);
#8614 = CYLINDRICAL_SURFACE('',#8615,0.35);
#8615 = AXIS2_PLACEMENT_3D('',#8616,#8617,#8618);
#8616 = CARTESIAN_POINT('',(4.,-2.914335439641E-16,-4.6E-02));
#8617 = DIRECTION('',(-0.,-0.,-1.));
#8618 = DIRECTION('',(-0.,-1.,0.));
#8619 = MANIFOLD_SOLID_BREP('',#8620);
#8620 = CLOSED_SHELL('',(#8621,#8654,#8674,#8694));
#8621 = ADVANCED_FACE('',(#8622),#8649,.T.);
#8622 = FACE_BOUND('',#8623,.F.);
#8623 = EDGE_LOOP('',(#8624,#8634,#8641,#8642));
#8624 = ORIENTED_EDGE('',*,*,#8625,.T.);
#8625 = EDGE_CURVE('',#8626,#8628,#8630,.T.);
#8626 = VERTEX_POINT('',#8627);
#8627 = CARTESIAN_POINT('',(4.,-0.375,-4.E-02));
#8628 = VERTEX_POINT('',#8629);
#8629 = CARTESIAN_POINT('',(4.,-0.375,1.55));
#8630 = LINE('',#8631,#8632);
#8631 = CARTESIAN_POINT('',(4.,-0.375,-4.E-02));
#8632 = VECTOR('',#8633,1.);
#8633 = DIRECTION('',(0.,0.,1.));
#8634 = ORIENTED_EDGE('',*,*,#8635,.T.);
#8635 = EDGE_CURVE('',#8628,#8628,#8636,.T.);
#8636 = CIRCLE('',#8637,0.375);
#8637 = AXIS2_PLACEMENT_3D('',#8638,#8639,#8640);
#8638 = CARTESIAN_POINT('',(4.,6.938893903907E-17,1.55));
#8639 = DIRECTION('',(0.,0.,1.));
#8640 = DIRECTION('',(-0.,-1.,0.));
#8641 = ORIENTED_EDGE('',*,*,#8625,.F.);
#8642 = ORIENTED_EDGE('',*,*,#8643,.F.);
#8643 = EDGE_CURVE('',#8626,#8626,#8644,.T.);
#8644 = CIRCLE('',#8645,0.375);
#8645 = AXIS2_PLACEMENT_3D('',#8646,#8647,#8648);
#8646 = CARTESIAN_POINT('',(4.,6.938893903907E-17,-4.E-02));
#8647 = DIRECTION('',(0.,0.,1.));
#8648 = DIRECTION('',(-0.,-1.,0.));
#8649 = CYLINDRICAL_SURFACE('',#8650,0.375);
#8650 = AXIS2_PLACEMENT_3D('',#8651,#8652,#8653);
#8651 = CARTESIAN_POINT('',(4.,6.938893903907E-17,-4.E-02));
#8652 = DIRECTION('',(-0.,-0.,-1.));
#8653 = DIRECTION('',(-0.,-1.,0.));
#8654 = ADVANCED_FACE('',(#8655,#8658),#8669,.F.);
#8655 = FACE_BOUND('',#8656,.F.);
#8656 = EDGE_LOOP('',(#8657));
#8657 = ORIENTED_EDGE('',*,*,#8643,.T.);
#8658 = FACE_BOUND('',#8659,.F.);
#8659 = EDGE_LOOP('',(#8660));
#8660 = ORIENTED_EDGE('',*,*,#8661,.T.);
#8661 = EDGE_CURVE('',#8662,#8662,#8664,.T.);
#8662 = VERTEX_POINT('',#8663);
#8663 = CARTESIAN_POINT('',(4.,-0.35,-4.E-02));
#8664 = CIRCLE('',#8665,0.35);
#8665 = AXIS2_PLACEMENT_3D('',#8666,#8667,#8668);
#8666 = CARTESIAN_POINT('',(4.,-2.914335439641E-16,-4.E-02));
#8667 = DIRECTION('',(-0.,0.,-1.));
#8668 = DIRECTION('',(-0.,-1.,0.));
#8669 = PLANE('',#8670);
#8670 = AXIS2_PLACEMENT_3D('',#8671,#8672,#8673);
#8671 = CARTESIAN_POINT('',(4.,-0.375,-4.E-02));
#8672 = DIRECTION('',(0.,0.,1.));
#8673 = DIRECTION('',(1.,0.,-0.));
#8674 = ADVANCED_FACE('',(#8675,#8678),#8689,.T.);
#8675 = FACE_BOUND('',#8676,.T.);
#8676 = EDGE_LOOP('',(#8677));
#8677 = ORIENTED_EDGE('',*,*,#8635,.T.);
#8678 = FACE_BOUND('',#8679,.T.);
#8679 = EDGE_LOOP('',(#8680));
#8680 = ORIENTED_EDGE('',*,*,#8681,.T.);
#8681 = EDGE_CURVE('',#8682,#8682,#8684,.T.);
#8682 = VERTEX_POINT('',#8683);
#8683 = CARTESIAN_POINT('',(4.,-0.35,1.55));
#8684 = CIRCLE('',#8685,0.35);
#8685 = AXIS2_PLACEMENT_3D('',#8686,#8687,#8688);
#8686 = CARTESIAN_POINT('',(4.,-2.914335439641E-16,1.55));
#8687 = DIRECTION('',(-0.,0.,-1.));
#8688 = DIRECTION('',(-0.,-1.,0.));
#8689 = PLANE('',#8690);
#8690 = AXIS2_PLACEMENT_3D('',#8691,#8692,#8693);
#8691 = CARTESIAN_POINT('',(4.,-0.375,1.55));
#8692 = DIRECTION('',(0.,0.,1.));
#8693 = DIRECTION('',(1.,0.,-0.));
#8694 = ADVANCED_FACE('',(#8695),#8706,.F.);
#8695 = FACE_BOUND('',#8696,.T.);
#8696 = EDGE_LOOP('',(#8697,#8698,#8704,#8705));
#8697 = ORIENTED_EDGE('',*,*,#8661,.T.);
#8698 = ORIENTED_EDGE('',*,*,#8699,.T.);
#8699 = EDGE_CURVE('',#8662,#8682,#8700,.T.);
#8700 = LINE('',#8701,#8702);
#8701 = CARTESIAN_POINT('',(4.,-0.35,-4.6E-02));
#8702 = VECTOR('',#8703,1.);
#8703 = DIRECTION('',(0.,0.,1.));
#8704 = ORIENTED_EDGE('',*,*,#8681,.F.);
#8705 = ORIENTED_EDGE('',*,*,#8699,.F.);
#8706 = CYLINDRICAL_SURFACE('',#8707,0.35);
#8707 = AXIS2_PLACEMENT_3D('',#8708,#8709,#8710);
#8708 = CARTESIAN_POINT('',(4.,-2.914335439641E-16,-4.6E-02));
#8709 = DIRECTION('',(-0.,-0.,-1.));
#8710 = DIRECTION('',(-0.,-1.,0.));
#8711 = MANIFOLD_SOLID_BREP('',#8712);
#8712 = CLOSED_SHELL('',(#8713,#8755,#8786,#8817,#8846,#8875,#8887));
#8713 = ADVANCED_FACE('',(#8714),#8750,.T.);
#8714 = FACE_BOUND('',#8715,.T.);
#8715 = EDGE_LOOP('',(#8716,#8726,#8735,#8743));
#8716 = ORIENTED_EDGE('',*,*,#8717,.T.);
#8717 = EDGE_CURVE('',#8718,#8720,#8722,.T.);
#8718 = VERTEX_POINT('',#8719);
#8719 = CARTESIAN_POINT('',(6.6,-0.275,1.51));
#8720 = VERTEX_POINT('',#8721);
#8721 = CARTESIAN_POINT('',(6.6,-0.275,1.55));
#8722 = LINE('',#8723,#8724);
#8723 = CARTESIAN_POINT('',(6.6,-0.275,1.51));
#8724 = VECTOR('',#8725,1.);
#8725 = DIRECTION('',(0.,0.,1.));
#8726 = ORIENTED_EDGE('',*,*,#8727,.T.);
#8727 = EDGE_CURVE('',#8720,#8728,#8730,.T.);
#8728 = VERTEX_POINT('',#8729);
#8729 = CARTESIAN_POINT('',(5.4,-0.275,1.55));
#8730 = CIRCLE('',#8731,0.6);
#8731 = AXIS2_PLACEMENT_3D('',#8732,#8733,#8734);
#8732 = CARTESIAN_POINT('',(6.,-0.275000120653,1.55));
#8733 = DIRECTION('',(0.,0.,-1.));
#8734 = DIRECTION('',(1.,2.010883671614E-07,0.));
#8735 = ORIENTED_EDGE('',*,*,#8736,.F.);
#8736 = EDGE_CURVE('',#8737,#8728,#8739,.T.);
#8737 = VERTEX_POINT('',#8738);
#8738 = CARTESIAN_POINT('',(5.4,-0.275,1.51));
#8739 = LINE('',#8740,#8741);
#8740 = CARTESIAN_POINT('',(5.4,-0.275,1.51));
#8741 = VECTOR('',#8742,1.);
#8742 = DIRECTION('',(0.,0.,1.));
#8743 = ORIENTED_EDGE('',*,*,#8744,.F.);
#8744 = EDGE_CURVE('',#8718,#8737,#8745,.T.);
#8745 = CIRCLE('',#8746,0.6);
#8746 = AXIS2_PLACEMENT_3D('',#8747,#8748,#8749);
#8747 = CARTESIAN_POINT('',(6.,-0.275000120653,1.51));
#8748 = DIRECTION('',(0.,0.,-1.));
#8749 = DIRECTION('',(1.,2.010883671614E-07,0.));
#8750 = CYLINDRICAL_SURFACE('',#8751,0.6);
#8751 = AXIS2_PLACEMENT_3D('',#8752,#8753,#8754);
#8752 = CARTESIAN_POINT('',(6.,-0.275000120653,1.51));
#8753 = DIRECTION('',(0.,0.,-1.));
#8754 = DIRECTION('',(1.,2.010883671614E-07,0.));
#8755 = ADVANCED_FACE('',(#8756),#8781,.T.);
#8756 = FACE_BOUND('',#8757,.T.);
#8757 = EDGE_LOOP('',(#8758,#8768,#8774,#8775));
#8758 = ORIENTED_EDGE('',*,*,#8759,.T.);
#8759 = EDGE_CURVE('',#8760,#8762,#8764,.T.);
#8760 = VERTEX_POINT('',#8761);
#8761 = CARTESIAN_POINT('',(6.6,0.275,1.51));
#8762 = VERTEX_POINT('',#8763);
#8763 = CARTESIAN_POINT('',(6.6,0.275,1.55));
#8764 = LINE('',#8765,#8766);
#8765 = CARTESIAN_POINT('',(6.6,0.275,1.51));
#8766 = VECTOR('',#8767,1.);
#8767 = DIRECTION('',(0.,0.,1.));
#8768 = ORIENTED_EDGE('',*,*,#8769,.T.);
#8769 = EDGE_CURVE('',#8762,#8720,#8770,.T.);
#8770 = LINE('',#8771,#8772);
#8771 = CARTESIAN_POINT('',(6.6,0.275,1.55));
#8772 = VECTOR('',#8773,1.);
#8773 = DIRECTION('',(0.,-1.,0.));
#8774 = ORIENTED_EDGE('',*,*,#8717,.F.);
#8775 = ORIENTED_EDGE('',*,*,#8776,.F.);
#8776 = EDGE_CURVE('',#8760,#8718,#8777,.T.);
#8777 = LINE('',#8778,#8779);
#8778 = CARTESIAN_POINT('',(6.6,0.275,1.51));
#8779 = VECTOR('',#8780,1.);
#8780 = DIRECTION('',(0.,-1.,0.));
#8781 = PLANE('',#8782);
#8782 = AXIS2_PLACEMENT_3D('',#8783,#8784,#8785);
#8783 = CARTESIAN_POINT('',(6.6,0.275,1.51));
#8784 = DIRECTION('',(1.,0.,-0.));
#8785 = DIRECTION('',(0.,-1.,0.));
#8786 = ADVANCED_FACE('',(#8787),#8812,.T.);
#8787 = FACE_BOUND('',#8788,.T.);
#8788 = EDGE_LOOP('',(#8789,#8790,#8798,#8806));
#8789 = ORIENTED_EDGE('',*,*,#8736,.T.);
#8790 = ORIENTED_EDGE('',*,*,#8791,.T.);
#8791 = EDGE_CURVE('',#8728,#8792,#8794,.T.);
#8792 = VERTEX_POINT('',#8793);
#8793 = CARTESIAN_POINT('',(5.4,0.275,1.55));
#8794 = LINE('',#8795,#8796);
#8795 = CARTESIAN_POINT('',(5.4,-0.275,1.55));
#8796 = VECTOR('',#8797,1.);
#8797 = DIRECTION('',(0.,1.,0.));
#8798 = ORIENTED_EDGE('',*,*,#8799,.F.);
#8799 = EDGE_CURVE('',#8800,#8792,#8802,.T.);
#8800 = VERTEX_POINT('',#8801);
#8801 = CARTESIAN_POINT('',(5.4,0.275,1.51));
#8802 = LINE('',#8803,#8804);
#8803 = CARTESIAN_POINT('',(5.4,0.275,1.51));
#8804 = VECTOR('',#8805,1.);
#8805 = DIRECTION('',(0.,0.,1.));
#8806 = ORIENTED_EDGE('',*,*,#8807,.F.);
#8807 = EDGE_CURVE('',#8737,#8800,#8808,.T.);
#8808 = LINE('',#8809,#8810);
#8809 = CARTESIAN_POINT('',(5.4,-0.275,1.51));
#8810 = VECTOR('',#8811,1.);
#8811 = DIRECTION('',(0.,1.,0.));
#8812 = PLANE('',#8813);
#8813 = AXIS2_PLACEMENT_3D('',#8814,#8815,#8816);
#8814 = CARTESIAN_POINT('',(5.4,-0.275,1.51));
#8815 = DIRECTION('',(-1.,0.,0.));
#8816 = DIRECTION('',(0.,1.,0.));
#8817 = ADVANCED_FACE('',(#8818,#8830),#8841,.F.);
#8818 = FACE_BOUND('',#8819,.F.);
#8819 = EDGE_LOOP('',(#8820,#8821,#8822,#8829));
#8820 = ORIENTED_EDGE('',*,*,#8744,.F.);
#8821 = ORIENTED_EDGE('',*,*,#8776,.F.);
#8822 = ORIENTED_EDGE('',*,*,#8823,.F.);
#8823 = EDGE_CURVE('',#8800,#8760,#8824,.T.);
#8824 = CIRCLE('',#8825,0.6);
#8825 = AXIS2_PLACEMENT_3D('',#8826,#8827,#8828);
#8826 = CARTESIAN_POINT('',(6.,0.275000617752,1.51));
#8827 = DIRECTION('',(0.,0.,-1.));
#8828 = DIRECTION('',(-0.999999999999,-1.02958640132E-06,-0.));
#8829 = ORIENTED_EDGE('',*,*,#8807,.F.);
#8830 = FACE_BOUND('',#8831,.F.);
#8831 = EDGE_LOOP('',(#8832));
#8832 = ORIENTED_EDGE('',*,*,#8833,.T.);
#8833 = EDGE_CURVE('',#8834,#8834,#8836,.T.);
#8834 = VERTEX_POINT('',#8835);
#8835 = CARTESIAN_POINT('',(6.,-0.35,1.51));
#8836 = CIRCLE('',#8837,0.35);
#8837 = AXIS2_PLACEMENT_3D('',#8838,#8839,#8840);
#8838 = CARTESIAN_POINT('',(6.,-2.914335439641E-16,1.51));
#8839 = DIRECTION('',(-0.,0.,-1.));
#8840 = DIRECTION('',(-0.,-1.,0.));
#8841 = PLANE('',#8842);
#8842 = AXIS2_PLACEMENT_3D('',#8843,#8844,#8845);
#8843 = CARTESIAN_POINT('',(0.,0.,1.51));
#8844 = DIRECTION('',(0.,0.,1.));
#8845 = DIRECTION('',(1.,0.,-0.));
#8846 = ADVANCED_FACE('',(#8847,#8859),#8870,.T.);
#8847 = FACE_BOUND('',#8848,.T.);
#8848 = EDGE_LOOP('',(#8849,#8850,#8851,#8858));
#8849 = ORIENTED_EDGE('',*,*,#8727,.F.);
#8850 = ORIENTED_EDGE('',*,*,#8769,.F.);
#8851 = ORIENTED_EDGE('',*,*,#8852,.F.);
#8852 = EDGE_CURVE('',#8792,#8762,#8853,.T.);
#8853 = CIRCLE('',#8854,0.6);
#8854 = AXIS2_PLACEMENT_3D('',#8855,#8856,#8857);
#8855 = CARTESIAN_POINT('',(6.,0.275000617752,1.55));
#8856 = DIRECTION('',(0.,0.,-1.));
#8857 = DIRECTION('',(-0.999999999999,-1.02958640132E-06,-0.));
#8858 = ORIENTED_EDGE('',*,*,#8791,.F.);
#8859 = FACE_BOUND('',#8860,.T.);
#8860 = EDGE_LOOP('',(#8861));
#8861 = ORIENTED_EDGE('',*,*,#8862,.T.);
#8862 = EDGE_CURVE('',#8863,#8863,#8865,.T.);
#8863 = VERTEX_POINT('',#8864);
#8864 = CARTESIAN_POINT('',(6.,-0.35,1.55));
#8865 = CIRCLE('',#8866,0.35);
#8866 = AXIS2_PLACEMENT_3D('',#8867,#8868,#8869);
#8867 = CARTESIAN_POINT('',(6.,-2.914335439641E-16,1.55));
#8868 = DIRECTION('',(-0.,0.,-1.));
#8869 = DIRECTION('',(-0.,-1.,0.));
#8870 = PLANE('',#8871);
#8871 = AXIS2_PLACEMENT_3D('',#8872,#8873,#8874);
#8872 = CARTESIAN_POINT('',(0.,0.,1.55));
#8873 = DIRECTION('',(0.,0.,1.));
#8874 = DIRECTION('',(1.,0.,-0.));
#8875 = ADVANCED_FACE('',(#8876),#8882,.T.);
#8876 = FACE_BOUND('',#8877,.T.);
#8877 = EDGE_LOOP('',(#8878,#8879,#8880,#8881));
#8878 = ORIENTED_EDGE('',*,*,#8799,.T.);
#8879 = ORIENTED_EDGE('',*,*,#8852,.T.);
#8880 = ORIENTED_EDGE('',*,*,#8759,.F.);
#8881 = ORIENTED_EDGE('',*,*,#8823,.F.);
#8882 = CYLINDRICAL_SURFACE('',#8883,0.6);
#8883 = AXIS2_PLACEMENT_3D('',#8884,#8885,#8886);
#8884 = CARTESIAN_POINT('',(6.,0.275000617752,1.51));
#8885 = DIRECTION('',(0.,0.,-1.));
#8886 = DIRECTION('',(-0.999999999999,-1.02958640132E-06,-0.));
#8887 = ADVANCED_FACE('',(#8888),#8899,.F.);
#8888 = FACE_BOUND('',#8889,.T.);
#8889 = EDGE_LOOP('',(#8890,#8891,#8897,#8898));
#8890 = ORIENTED_EDGE('',*,*,#8833,.T.);
#8891 = ORIENTED_EDGE('',*,*,#8892,.T.);
#8892 = EDGE_CURVE('',#8834,#8863,#8893,.T.);
#8893 = LINE('',#8894,#8895);
#8894 = CARTESIAN_POINT('',(6.,-0.35,-4.6E-02));
#8895 = VECTOR('',#8896,1.);
#8896 = DIRECTION('',(0.,0.,1.));
#8897 = ORIENTED_EDGE('',*,*,#8862,.F.);
#8898 = ORIENTED_EDGE('',*,*,#8892,.F.);
#8899 = CYLINDRICAL_SURFACE('',#8900,0.35);
#8900 = AXIS2_PLACEMENT_3D('',#8901,#8902,#8903);
#8901 = CARTESIAN_POINT('',(6.,-2.914335439641E-16,-4.6E-02));
#8902 = DIRECTION('',(-0.,-0.,-1.));
#8903 = DIRECTION('',(-0.,-1.,0.));
#8904 = MANIFOLD_SOLID_BREP('',#8905);
#8905 = CLOSED_SHELL('',(#8906,#8948,#8979,#9010,#9039,#9068,#9080));
#8906 = ADVANCED_FACE('',(#8907),#8943,.T.);
#8907 = FACE_BOUND('',#8908,.F.);
#8908 = EDGE_LOOP('',(#8909,#8919,#8928,#8936));
#8909 = ORIENTED_EDGE('',*,*,#8910,.T.);
#8910 = EDGE_CURVE('',#8911,#8913,#8915,.T.);
#8911 = VERTEX_POINT('',#8912);
#8912 = CARTESIAN_POINT('',(6.6,-0.275,0.));
#8913 = VERTEX_POINT('',#8914);
#8914 = CARTESIAN_POINT('',(6.6,-0.275,-4.E-02));
#8915 = LINE('',#8916,#8917);
#8916 = CARTESIAN_POINT('',(6.6,-0.275,0.));
#8917 = VECTOR('',#8918,1.);
#8918 = DIRECTION('',(0.,0.,-1.));
#8919 = ORIENTED_EDGE('',*,*,#8920,.T.);
#8920 = EDGE_CURVE('',#8913,#8921,#8923,.T.);
#8921 = VERTEX_POINT('',#8922);
#8922 = CARTESIAN_POINT('',(5.4,-0.275,-4.E-02));
#8923 = CIRCLE('',#8924,0.6);
#8924 = AXIS2_PLACEMENT_3D('',#8925,#8926,#8927);
#8925 = CARTESIAN_POINT('',(6.,-0.275000120653,-4.E-02));
#8926 = DIRECTION('',(0.,0.,-1.));
#8927 = DIRECTION('',(1.,2.010883671614E-07,0.));
#8928 = ORIENTED_EDGE('',*,*,#8929,.F.);
#8929 = EDGE_CURVE('',#8930,#8921,#8932,.T.);
#8930 = VERTEX_POINT('',#8931);
#8931 = CARTESIAN_POINT('',(5.4,-0.275,0.));
#8932 = LINE('',#8933,#8934);
#8933 = CARTESIAN_POINT('',(5.4,-0.275,0.));
#8934 = VECTOR('',#8935,1.);
#8935 = DIRECTION('',(0.,0.,-1.));
#8936 = ORIENTED_EDGE('',*,*,#8937,.F.);
#8937 = EDGE_CURVE('',#8911,#8930,#8938,.T.);
#8938 = CIRCLE('',#8939,0.6);
#8939 = AXIS2_PLACEMENT_3D('',#8940,#8941,#8942);
#8940 = CARTESIAN_POINT('',(6.,-0.275000120653,0.));
#8941 = DIRECTION('',(0.,0.,-1.));
#8942 = DIRECTION('',(1.,2.010883671614E-07,0.));
#8943 = CYLINDRICAL_SURFACE('',#8944,0.6);
#8944 = AXIS2_PLACEMENT_3D('',#8945,#8946,#8947);
#8945 = CARTESIAN_POINT('',(6.,-0.275000120653,0.));
#8946 = DIRECTION('',(-0.,-0.,1.));
#8947 = DIRECTION('',(1.,2.010883671614E-07,0.));
#8948 = ADVANCED_FACE('',(#8949),#8974,.F.);
#8949 = FACE_BOUND('',#8950,.F.);
#8950 = EDGE_LOOP('',(#8951,#8961,#8967,#8968));
#8951 = ORIENTED_EDGE('',*,*,#8952,.T.);
#8952 = EDGE_CURVE('',#8953,#8955,#8957,.T.);
#8953 = VERTEX_POINT('',#8954);
#8954 = CARTESIAN_POINT('',(6.6,0.275,0.));
#8955 = VERTEX_POINT('',#8956);
#8956 = CARTESIAN_POINT('',(6.6,0.275,-4.E-02));
#8957 = LINE('',#8958,#8959);
#8958 = CARTESIAN_POINT('',(6.6,0.275,0.));
#8959 = VECTOR('',#8960,1.);
#8960 = DIRECTION('',(0.,0.,-1.));
#8961 = ORIENTED_EDGE('',*,*,#8962,.T.);
#8962 = EDGE_CURVE('',#8955,#8913,#8963,.T.);
#8963 = LINE('',#8964,#8965);
#8964 = CARTESIAN_POINT('',(6.6,0.275,-4.E-02));
#8965 = VECTOR('',#8966,1.);
#8966 = DIRECTION('',(0.,-1.,0.));
#8967 = ORIENTED_EDGE('',*,*,#8910,.F.);
#8968 = ORIENTED_EDGE('',*,*,#8969,.F.);
#8969 = EDGE_CURVE('',#8953,#8911,#8970,.T.);
#8970 = LINE('',#8971,#8972);
#8971 = CARTESIAN_POINT('',(6.6,0.275,0.));
#8972 = VECTOR('',#8973,1.);
#8973 = DIRECTION('',(0.,-1.,0.));
#8974 = PLANE('',#8975);
#8975 = AXIS2_PLACEMENT_3D('',#8976,#8977,#8978);
#8976 = CARTESIAN_POINT('',(6.6,0.275,0.));
#8977 = DIRECTION('',(-1.,-0.,-0.));
#8978 = DIRECTION('',(0.,-1.,0.));
#8979 = ADVANCED_FACE('',(#8980),#9005,.F.);
#8980 = FACE_BOUND('',#8981,.F.);
#8981 = EDGE_LOOP('',(#8982,#8983,#8991,#8999));
#8982 = ORIENTED_EDGE('',*,*,#8929,.T.);
#8983 = ORIENTED_EDGE('',*,*,#8984,.T.);
#8984 = EDGE_CURVE('',#8921,#8985,#8987,.T.);
#8985 = VERTEX_POINT('',#8986);
#8986 = CARTESIAN_POINT('',(5.4,0.275,-4.E-02));
#8987 = LINE('',#8988,#8989);
#8988 = CARTESIAN_POINT('',(5.4,-0.275,-4.E-02));
#8989 = VECTOR('',#8990,1.);
#8990 = DIRECTION('',(0.,1.,0.));
#8991 = ORIENTED_EDGE('',*,*,#8992,.F.);
#8992 = EDGE_CURVE('',#8993,#8985,#8995,.T.);
#8993 = VERTEX_POINT('',#8994);
#8994 = CARTESIAN_POINT('',(5.4,0.275,0.));
#8995 = LINE('',#8996,#8997);
#8996 = CARTESIAN_POINT('',(5.4,0.275,0.));
#8997 = VECTOR('',#8998,1.);
#8998 = DIRECTION('',(0.,0.,-1.));
#8999 = ORIENTED_EDGE('',*,*,#9000,.F.);
#9000 = EDGE_CURVE('',#8930,#8993,#9001,.T.);
#9001 = LINE('',#9002,#9003);
#9002 = CARTESIAN_POINT('',(5.4,-0.275,0.));
#9003 = VECTOR('',#9004,1.);
#9004 = DIRECTION('',(0.,1.,0.));
#9005 = PLANE('',#9006);
#9006 = AXIS2_PLACEMENT_3D('',#9007,#9008,#9009);
#9007 = CARTESIAN_POINT('',(5.4,-0.275,0.));
#9008 = DIRECTION('',(1.,-0.,0.));
#9009 = DIRECTION('',(0.,1.,0.));
#9010 = ADVANCED_FACE('',(#9011,#9023),#9034,.F.);
#9011 = FACE_BOUND('',#9012,.F.);
#9012 = EDGE_LOOP('',(#9013,#9014,#9015,#9022));
#9013 = ORIENTED_EDGE('',*,*,#8937,.T.);
#9014 = ORIENTED_EDGE('',*,*,#9000,.T.);
#9015 = ORIENTED_EDGE('',*,*,#9016,.T.);
#9016 = EDGE_CURVE('',#8993,#8953,#9017,.T.);
#9017 = CIRCLE('',#9018,0.6);
#9018 = AXIS2_PLACEMENT_3D('',#9019,#9020,#9021);
#9019 = CARTESIAN_POINT('',(6.,0.275000617752,0.));
#9020 = DIRECTION('',(0.,0.,-1.));
#9021 = DIRECTION('',(-0.999999999999,-1.02958640132E-06,-0.));
#9022 = ORIENTED_EDGE('',*,*,#8969,.T.);
#9023 = FACE_BOUND('',#9024,.F.);
#9024 = EDGE_LOOP('',(#9025));
#9025 = ORIENTED_EDGE('',*,*,#9026,.F.);
#9026 = EDGE_CURVE('',#9027,#9027,#9029,.T.);
#9027 = VERTEX_POINT('',#9028);
#9028 = CARTESIAN_POINT('',(6.,-0.35,0.));
#9029 = CIRCLE('',#9030,0.35);
#9030 = AXIS2_PLACEMENT_3D('',#9031,#9032,#9033);
#9031 = CARTESIAN_POINT('',(6.,-2.914335439641E-16,0.));
#9032 = DIRECTION('',(-0.,0.,-1.));
#9033 = DIRECTION('',(-0.,-1.,0.));
#9034 = PLANE('',#9035);
#9035 = AXIS2_PLACEMENT_3D('',#9036,#9037,#9038);
#9036 = CARTESIAN_POINT('',(0.,0.,0.));
#9037 = DIRECTION('',(-0.,-0.,-1.));
#9038 = DIRECTION('',(-1.,0.,0.));
#9039 = ADVANCED_FACE('',(#9040,#9052),#9063,.T.);
#9040 = FACE_BOUND('',#9041,.T.);
#9041 = EDGE_LOOP('',(#9042,#9043,#9044,#9051));
#9042 = ORIENTED_EDGE('',*,*,#8920,.T.);
#9043 = ORIENTED_EDGE('',*,*,#8984,.T.);
#9044 = ORIENTED_EDGE('',*,*,#9045,.T.);
#9045 = EDGE_CURVE('',#8985,#8955,#9046,.T.);
#9046 = CIRCLE('',#9047,0.6);
#9047 = AXIS2_PLACEMENT_3D('',#9048,#9049,#9050);
#9048 = CARTESIAN_POINT('',(6.,0.275000617752,-4.E-02));
#9049 = DIRECTION('',(0.,0.,-1.));
#9050 = DIRECTION('',(-0.999999999999,-1.02958640132E-06,-0.));
#9051 = ORIENTED_EDGE('',*,*,#8962,.T.);
#9052 = FACE_BOUND('',#9053,.T.);
#9053 = EDGE_LOOP('',(#9054));
#9054 = ORIENTED_EDGE('',*,*,#9055,.F.);
#9055 = EDGE_CURVE('',#9056,#9056,#9058,.T.);
#9056 = VERTEX_POINT('',#9057);
#9057 = CARTESIAN_POINT('',(6.,-0.35,-4.E-02));
#9058 = CIRCLE('',#9059,0.35);
#9059 = AXIS2_PLACEMENT_3D('',#9060,#9061,#9062);
#9060 = CARTESIAN_POINT('',(6.,-2.914335439641E-16,-4.E-02));
#9061 = DIRECTION('',(-0.,0.,-1.));
#9062 = DIRECTION('',(-0.,-1.,0.));
#9063 = PLANE('',#9064);
#9064 = AXIS2_PLACEMENT_3D('',#9065,#9066,#9067);
#9065 = CARTESIAN_POINT('',(0.,0.,-4.E-02));
#9066 = DIRECTION('',(-0.,-0.,-1.));
#9067 = DIRECTION('',(-1.,0.,0.));
#9068 = ADVANCED_FACE('',(#9069),#9075,.T.);
#9069 = FACE_BOUND('',#9070,.F.);
#9070 = EDGE_LOOP('',(#9071,#9072,#9073,#9074));
#9071 = ORIENTED_EDGE('',*,*,#8992,.T.);
#9072 = ORIENTED_EDGE('',*,*,#9045,.T.);
#9073 = ORIENTED_EDGE('',*,*,#8952,.F.);
#9074 = ORIENTED_EDGE('',*,*,#9016,.F.);
#9075 = CYLINDRICAL_SURFACE('',#9076,0.6);
#9076 = AXIS2_PLACEMENT_3D('',#9077,#9078,#9079);
#9077 = CARTESIAN_POINT('',(6.,0.275000617752,0.));
#9078 = DIRECTION('',(-0.,-0.,1.));
#9079 = DIRECTION('',(-0.999999999999,-1.02958640132E-06,-0.));
#9080 = ADVANCED_FACE('',(#9081),#9092,.F.);
#9081 = FACE_BOUND('',#9082,.T.);
#9082 = EDGE_LOOP('',(#9083,#9084,#9090,#9091));
#9083 = ORIENTED_EDGE('',*,*,#9055,.T.);
#9084 = ORIENTED_EDGE('',*,*,#9085,.T.);
#9085 = EDGE_CURVE('',#9056,#9027,#9086,.T.);
#9086 = LINE('',#9087,#9088);
#9087 = CARTESIAN_POINT('',(6.,-0.35,-4.6E-02));
#9088 = VECTOR('',#9089,1.);
#9089 = DIRECTION('',(0.,0.,1.));
#9090 = ORIENTED_EDGE('',*,*,#9026,.F.);
#9091 = ORIENTED_EDGE('',*,*,#9085,.F.);
#9092 = CYLINDRICAL_SURFACE('',#9093,0.35);
#9093 = AXIS2_PLACEMENT_3D('',#9094,#9095,#9096);
#9094 = CARTESIAN_POINT('',(6.,-2.914335439641E-16,-4.6E-02));
#9095 = DIRECTION('',(-0.,-0.,-1.));
#9096 = DIRECTION('',(-0.,-1.,0.));
#9097 = MANIFOLD_SOLID_BREP('',#9098);
#9098 = CLOSED_SHELL('',(#9099,#9132,#9152,#9172));
#9099 = ADVANCED_FACE('',(#9100),#9127,.T.);
#9100 = FACE_BOUND('',#9101,.F.);
#9101 = EDGE_LOOP('',(#9102,#9112,#9119,#9120));
#9102 = ORIENTED_EDGE('',*,*,#9103,.T.);
#9103 = EDGE_CURVE('',#9104,#9106,#9108,.T.);
#9104 = VERTEX_POINT('',#9105);
#9105 = CARTESIAN_POINT('',(6.,-0.375,-4.E-02));
#9106 = VERTEX_POINT('',#9107);
#9107 = CARTESIAN_POINT('',(6.,-0.375,1.55));
#9108 = LINE('',#9109,#9110);
#9109 = CARTESIAN_POINT('',(6.,-0.375,-4.E-02));
#9110 = VECTOR('',#9111,1.);
#9111 = DIRECTION('',(0.,0.,1.));
#9112 = ORIENTED_EDGE('',*,*,#9113,.T.);
#9113 = EDGE_CURVE('',#9106,#9106,#9114,.T.);
#9114 = CIRCLE('',#9115,0.375);
#9115 = AXIS2_PLACEMENT_3D('',#9116,#9117,#9118);
#9116 = CARTESIAN_POINT('',(6.,6.938893903907E-17,1.55));
#9117 = DIRECTION('',(0.,0.,1.));
#9118 = DIRECTION('',(-0.,-1.,0.));
#9119 = ORIENTED_EDGE('',*,*,#9103,.F.);
#9120 = ORIENTED_EDGE('',*,*,#9121,.F.);
#9121 = EDGE_CURVE('',#9104,#9104,#9122,.T.);
#9122 = CIRCLE('',#9123,0.375);
#9123 = AXIS2_PLACEMENT_3D('',#9124,#9125,#9126);
#9124 = CARTESIAN_POINT('',(6.,6.938893903907E-17,-4.E-02));
#9125 = DIRECTION('',(0.,0.,1.));
#9126 = DIRECTION('',(-0.,-1.,0.));
#9127 = CYLINDRICAL_SURFACE('',#9128,0.375);
#9128 = AXIS2_PLACEMENT_3D('',#9129,#9130,#9131);
#9129 = CARTESIAN_POINT('',(6.,6.938893903907E-17,-4.E-02));
#9130 = DIRECTION('',(-0.,-0.,-1.));
#9131 = DIRECTION('',(-0.,-1.,0.));
#9132 = ADVANCED_FACE('',(#9133,#9136),#9147,.F.);
#9133 = FACE_BOUND('',#9134,.F.);
#9134 = EDGE_LOOP('',(#9135));
#9135 = ORIENTED_EDGE('',*,*,#9121,.T.);
#9136 = FACE_BOUND('',#9137,.F.);
#9137 = EDGE_LOOP('',(#9138));
#9138 = ORIENTED_EDGE('',*,*,#9139,.T.);
#9139 = EDGE_CURVE('',#9140,#9140,#9142,.T.);
#9140 = VERTEX_POINT('',#9141);
#9141 = CARTESIAN_POINT('',(6.,-0.35,-4.E-02));
#9142 = CIRCLE('',#9143,0.35);
#9143 = AXIS2_PLACEMENT_3D('',#9144,#9145,#9146);
#9144 = CARTESIAN_POINT('',(6.,-2.914335439641E-16,-4.E-02));
#9145 = DIRECTION('',(-0.,0.,-1.));
#9146 = DIRECTION('',(-0.,-1.,0.));
#9147 = PLANE('',#9148);
#9148 = AXIS2_PLACEMENT_3D('',#9149,#9150,#9151);
#9149 = CARTESIAN_POINT('',(6.,-0.375,-4.E-02));
#9150 = DIRECTION('',(0.,0.,1.));
#9151 = DIRECTION('',(1.,0.,-0.));
#9152 = ADVANCED_FACE('',(#9153,#9156),#9167,.T.);
#9153 = FACE_BOUND('',#9154,.T.);
#9154 = EDGE_LOOP('',(#9155));
#9155 = ORIENTED_EDGE('',*,*,#9113,.T.);
#9156 = FACE_BOUND('',#9157,.T.);
#9157 = EDGE_LOOP('',(#9158));
#9158 = ORIENTED_EDGE('',*,*,#9159,.T.);
#9159 = EDGE_CURVE('',#9160,#9160,#9162,.T.);
#9160 = VERTEX_POINT('',#9161);
#9161 = CARTESIAN_POINT('',(6.,-0.35,1.55));
#9162 = CIRCLE('',#9163,0.35);
#9163 = AXIS2_PLACEMENT_3D('',#9164,#9165,#9166);
#9164 = CARTESIAN_POINT('',(6.,-2.914335439641E-16,1.55));
#9165 = DIRECTION('',(-0.,0.,-1.));
#9166 = DIRECTION('',(-0.,-1.,0.));
#9167 = PLANE('',#9168);
#9168 = AXIS2_PLACEMENT_3D('',#9169,#9170,#9171);
#9169 = CARTESIAN_POINT('',(6.,-0.375,1.55));
#9170 = DIRECTION('',(0.,0.,1.));
#9171 = DIRECTION('',(1.,0.,-0.));
#9172 = ADVANCED_FACE('',(#9173),#9184,.F.);
#9173 = FACE_BOUND('',#9174,.T.);
#9174 = EDGE_LOOP('',(#9175,#9176,#9182,#9183));
#9175 = ORIENTED_EDGE('',*,*,#9139,.T.);
#9176 = ORIENTED_EDGE('',*,*,#9177,.T.);
#9177 = EDGE_CURVE('',#9140,#9160,#9178,.T.);
#9178 = LINE('',#9179,#9180);
#9179 = CARTESIAN_POINT('',(6.,-0.35,-4.6E-02));
#9180 = VECTOR('',#9181,1.);
#9181 = DIRECTION('',(0.,0.,1.));
#9182 = ORIENTED_EDGE('',*,*,#9159,.F.);
#9183 = ORIENTED_EDGE('',*,*,#9177,.F.);
#9184 = CYLINDRICAL_SURFACE('',#9185,0.35);
#9185 = AXIS2_PLACEMENT_3D('',#9186,#9187,#9188);
#9186 = CARTESIAN_POINT('',(6.,-2.914335439641E-16,-4.6E-02));
#9187 = DIRECTION('',(-0.,-0.,-1.));
#9188 = DIRECTION('',(-0.,-1.,0.));
#9189 = MANIFOLD_SOLID_BREP('',#9190);
#9190 = CLOSED_SHELL('',(#9191,#9233,#9264,#9295,#9324,#9353,#9365));
#9191 = ADVANCED_FACE('',(#9192),#9228,.T.);
#9192 = FACE_BOUND('',#9193,.T.);
#9193 = EDGE_LOOP('',(#9194,#9204,#9213,#9221));
#9194 = ORIENTED_EDGE('',*,*,#9195,.T.);
#9195 = EDGE_CURVE('',#9196,#9198,#9200,.T.);
#9196 = VERTEX_POINT('',#9197);
#9197 = CARTESIAN_POINT('',(8.6,-0.275,1.51));
#9198 = VERTEX_POINT('',#9199);
#9199 = CARTESIAN_POINT('',(8.6,-0.275,1.55));
#9200 = LINE('',#9201,#9202);
#9201 = CARTESIAN_POINT('',(8.6,-0.275,1.51));
#9202 = VECTOR('',#9203,1.);
#9203 = DIRECTION('',(0.,0.,1.));
#9204 = ORIENTED_EDGE('',*,*,#9205,.T.);
#9205 = EDGE_CURVE('',#9198,#9206,#9208,.T.);
#9206 = VERTEX_POINT('',#9207);
#9207 = CARTESIAN_POINT('',(7.4,-0.275,1.55));
#9208 = CIRCLE('',#9209,0.6);
#9209 = AXIS2_PLACEMENT_3D('',#9210,#9211,#9212);
#9210 = CARTESIAN_POINT('',(8.,-0.275000120653,1.55));
#9211 = DIRECTION('',(0.,0.,-1.));
#9212 = DIRECTION('',(1.,2.010883668839E-07,0.));
#9213 = ORIENTED_EDGE('',*,*,#9214,.F.);
#9214 = EDGE_CURVE('',#9215,#9206,#9217,.T.);
#9215 = VERTEX_POINT('',#9216);
#9216 = CARTESIAN_POINT('',(7.4,-0.275,1.51));
#9217 = LINE('',#9218,#9219);
#9218 = CARTESIAN_POINT('',(7.4,-0.275,1.51));
#9219 = VECTOR('',#9220,1.);
#9220 = DIRECTION('',(0.,0.,1.));
#9221 = ORIENTED_EDGE('',*,*,#9222,.F.);
#9222 = EDGE_CURVE('',#9196,#9215,#9223,.T.);
#9223 = CIRCLE('',#9224,0.6);
#9224 = AXIS2_PLACEMENT_3D('',#9225,#9226,#9227);
#9225 = CARTESIAN_POINT('',(8.,-0.275000120653,1.51));
#9226 = DIRECTION('',(0.,0.,-1.));
#9227 = DIRECTION('',(1.,2.010883668839E-07,0.));
#9228 = CYLINDRICAL_SURFACE('',#9229,0.6);
#9229 = AXIS2_PLACEMENT_3D('',#9230,#9231,#9232);
#9230 = CARTESIAN_POINT('',(8.,-0.275000120653,1.51));
#9231 = DIRECTION('',(0.,0.,-1.));
#9232 = DIRECTION('',(1.,2.010883668839E-07,0.));
#9233 = ADVANCED_FACE('',(#9234),#9259,.T.);
#9234 = FACE_BOUND('',#9235,.T.);
#9235 = EDGE_LOOP('',(#9236,#9246,#9252,#9253));
#9236 = ORIENTED_EDGE('',*,*,#9237,.T.);
#9237 = EDGE_CURVE('',#9238,#9240,#9242,.T.);
#9238 = VERTEX_POINT('',#9239);
#9239 = CARTESIAN_POINT('',(8.6,0.275,1.51));
#9240 = VERTEX_POINT('',#9241);
#9241 = CARTESIAN_POINT('',(8.6,0.275,1.55));
#9242 = LINE('',#9243,#9244);
#9243 = CARTESIAN_POINT('',(8.6,0.275,1.51));
#9244 = VECTOR('',#9245,1.);
#9245 = DIRECTION('',(0.,0.,1.));
#9246 = ORIENTED_EDGE('',*,*,#9247,.T.);
#9247 = EDGE_CURVE('',#9240,#9198,#9248,.T.);
#9248 = LINE('',#9249,#9250);
#9249 = CARTESIAN_POINT('',(8.6,0.275,1.55));
#9250 = VECTOR('',#9251,1.);
#9251 = DIRECTION('',(0.,-1.,0.));
#9252 = ORIENTED_EDGE('',*,*,#9195,.F.);
#9253 = ORIENTED_EDGE('',*,*,#9254,.F.);
#9254 = EDGE_CURVE('',#9238,#9196,#9255,.T.);
#9255 = LINE('',#9256,#9257);
#9256 = CARTESIAN_POINT('',(8.6,0.275,1.51));
#9257 = VECTOR('',#9258,1.);
#9258 = DIRECTION('',(0.,-1.,0.));
#9259 = PLANE('',#9260);
#9260 = AXIS2_PLACEMENT_3D('',#9261,#9262,#9263);
#9261 = CARTESIAN_POINT('',(8.6,0.275,1.51));
#9262 = DIRECTION('',(1.,0.,-0.));
#9263 = DIRECTION('',(0.,-1.,0.));
#9264 = ADVANCED_FACE('',(#9265),#9290,.T.);
#9265 = FACE_BOUND('',#9266,.T.);
#9266 = EDGE_LOOP('',(#9267,#9268,#9276,#9284));
#9267 = ORIENTED_EDGE('',*,*,#9214,.T.);
#9268 = ORIENTED_EDGE('',*,*,#9269,.T.);
#9269 = EDGE_CURVE('',#9206,#9270,#9272,.T.);
#9270 = VERTEX_POINT('',#9271);
#9271 = CARTESIAN_POINT('',(7.4,0.275,1.55));
#9272 = LINE('',#9273,#9274);
#9273 = CARTESIAN_POINT('',(7.4,-0.275,1.55));
#9274 = VECTOR('',#9275,1.);
#9275 = DIRECTION('',(0.,1.,0.));
#9276 = ORIENTED_EDGE('',*,*,#9277,.F.);
#9277 = EDGE_CURVE('',#9278,#9270,#9280,.T.);
#9278 = VERTEX_POINT('',#9279);
#9279 = CARTESIAN_POINT('',(7.4,0.275,1.51));
#9280 = LINE('',#9281,#9282);
#9281 = CARTESIAN_POINT('',(7.4,0.275,1.51));
#9282 = VECTOR('',#9283,1.);
#9283 = DIRECTION('',(0.,0.,1.));
#9284 = ORIENTED_EDGE('',*,*,#9285,.F.);
#9285 = EDGE_CURVE('',#9215,#9278,#9286,.T.);
#9286 = LINE('',#9287,#9288);
#9287 = CARTESIAN_POINT('',(7.4,-0.275,1.51));
#9288 = VECTOR('',#9289,1.);
#9289 = DIRECTION('',(0.,1.,0.));
#9290 = PLANE('',#9291);
#9291 = AXIS2_PLACEMENT_3D('',#9292,#9293,#9294);
#9292 = CARTESIAN_POINT('',(7.4,-0.275,1.51));
#9293 = DIRECTION('',(-1.,0.,0.));
#9294 = DIRECTION('',(0.,1.,0.));
#9295 = ADVANCED_FACE('',(#9296,#9308),#9319,.F.);
#9296 = FACE_BOUND('',#9297,.F.);
#9297 = EDGE_LOOP('',(#9298,#9299,#9300,#9307));
#9298 = ORIENTED_EDGE('',*,*,#9222,.F.);
#9299 = ORIENTED_EDGE('',*,*,#9254,.F.);
#9300 = ORIENTED_EDGE('',*,*,#9301,.F.);
#9301 = EDGE_CURVE('',#9278,#9238,#9302,.T.);
#9302 = CIRCLE('',#9303,0.6);
#9303 = AXIS2_PLACEMENT_3D('',#9304,#9305,#9306);
#9304 = CARTESIAN_POINT('',(8.,0.275000617752,1.51));
#9305 = DIRECTION('',(0.,0.,-1.));
#9306 = DIRECTION('',(-0.999999999999,-1.02958640132E-06,-0.));
#9307 = ORIENTED_EDGE('',*,*,#9285,.F.);
#9308 = FACE_BOUND('',#9309,.F.);
#9309 = EDGE_LOOP('',(#9310));
#9310 = ORIENTED_EDGE('',*,*,#9311,.T.);
#9311 = EDGE_CURVE('',#9312,#9312,#9314,.T.);
#9312 = VERTEX_POINT('',#9313);
#9313 = CARTESIAN_POINT('',(8.,-0.35,1.51));
#9314 = CIRCLE('',#9315,0.35);
#9315 = AXIS2_PLACEMENT_3D('',#9316,#9317,#9318);
#9316 = CARTESIAN_POINT('',(8.,5.96744875736E-16,1.51));
#9317 = DIRECTION('',(-0.,0.,-1.));
#9318 = DIRECTION('',(-0.,-1.,0.));
#9319 = PLANE('',#9320);
#9320 = AXIS2_PLACEMENT_3D('',#9321,#9322,#9323);
#9321 = CARTESIAN_POINT('',(0.,0.,1.51));
#9322 = DIRECTION('',(0.,0.,1.));
#9323 = DIRECTION('',(1.,0.,-0.));
#9324 = ADVANCED_FACE('',(#9325,#9337),#9348,.T.);
#9325 = FACE_BOUND('',#9326,.T.);
#9326 = EDGE_LOOP('',(#9327,#9328,#9329,#9336));
#9327 = ORIENTED_EDGE('',*,*,#9205,.F.);
#9328 = ORIENTED_EDGE('',*,*,#9247,.F.);
#9329 = ORIENTED_EDGE('',*,*,#9330,.F.);
#9330 = EDGE_CURVE('',#9270,#9240,#9331,.T.);
#9331 = CIRCLE('',#9332,0.6);
#9332 = AXIS2_PLACEMENT_3D('',#9333,#9334,#9335);
#9333 = CARTESIAN_POINT('',(8.,0.275000617752,1.55));
#9334 = DIRECTION('',(0.,0.,-1.));
#9335 = DIRECTION('',(-0.999999999999,-1.02958640132E-06,-0.));
#9336 = ORIENTED_EDGE('',*,*,#9269,.F.);
#9337 = FACE_BOUND('',#9338,.T.);
#9338 = EDGE_LOOP('',(#9339));
#9339 = ORIENTED_EDGE('',*,*,#9340,.T.);
#9340 = EDGE_CURVE('',#9341,#9341,#9343,.T.);
#9341 = VERTEX_POINT('',#9342);
#9342 = CARTESIAN_POINT('',(8.,-0.35,1.55));
#9343 = CIRCLE('',#9344,0.35);
#9344 = AXIS2_PLACEMENT_3D('',#9345,#9346,#9347);
#9345 = CARTESIAN_POINT('',(8.,5.96744875736E-16,1.55));
#9346 = DIRECTION('',(-0.,0.,-1.));
#9347 = DIRECTION('',(-0.,-1.,0.));
#9348 = PLANE('',#9349);
#9349 = AXIS2_PLACEMENT_3D('',#9350,#9351,#9352);
#9350 = CARTESIAN_POINT('',(0.,0.,1.55));
#9351 = DIRECTION('',(0.,0.,1.));
#9352 = DIRECTION('',(1.,0.,-0.));
#9353 = ADVANCED_FACE('',(#9354),#9360,.T.);
#9354 = FACE_BOUND('',#9355,.T.);
#9355 = EDGE_LOOP('',(#9356,#9357,#9358,#9359));
#9356 = ORIENTED_EDGE('',*,*,#9277,.T.);
#9357 = ORIENTED_EDGE('',*,*,#9330,.T.);
#9358 = ORIENTED_EDGE('',*,*,#9237,.F.);
#9359 = ORIENTED_EDGE('',*,*,#9301,.F.);
#9360 = CYLINDRICAL_SURFACE('',#9361,0.6);
#9361 = AXIS2_PLACEMENT_3D('',#9362,#9363,#9364);
#9362 = CARTESIAN_POINT('',(8.,0.275000617752,1.51));
#9363 = DIRECTION('',(0.,0.,-1.));
#9364 = DIRECTION('',(-0.999999999999,-1.02958640132E-06,-0.));
#9365 = ADVANCED_FACE('',(#9366),#9377,.F.);
#9366 = FACE_BOUND('',#9367,.T.);
#9367 = EDGE_LOOP('',(#9368,#9369,#9375,#9376));
#9368 = ORIENTED_EDGE('',*,*,#9311,.T.);
#9369 = ORIENTED_EDGE('',*,*,#9370,.T.);
#9370 = EDGE_CURVE('',#9312,#9341,#9371,.T.);
#9371 = LINE('',#9372,#9373);
#9372 = CARTESIAN_POINT('',(8.,-0.35,-4.6E-02));
#9373 = VECTOR('',#9374,1.);
#9374 = DIRECTION('',(0.,0.,1.));
#9375 = ORIENTED_EDGE('',*,*,#9340,.F.);
#9376 = ORIENTED_EDGE('',*,*,#9370,.F.);
#9377 = CYLINDRICAL_SURFACE('',#9378,0.35);
#9378 = AXIS2_PLACEMENT_3D('',#9379,#9380,#9381);
#9379 = CARTESIAN_POINT('',(8.,5.96744875736E-16,-4.6E-02));
#9380 = DIRECTION('',(-0.,-0.,-1.));
#9381 = DIRECTION('',(-0.,-1.,0.));
#9382 = MANIFOLD_SOLID_BREP('',#9383);
#9383 = CLOSED_SHELL('',(#9384,#9426,#9457,#9488,#9517,#9546,#9558));
#9384 = ADVANCED_FACE('',(#9385),#9421,.T.);
#9385 = FACE_BOUND('',#9386,.F.);
#9386 = EDGE_LOOP('',(#9387,#9397,#9406,#9414));
#9387 = ORIENTED_EDGE('',*,*,#9388,.T.);
#9388 = EDGE_CURVE('',#9389,#9391,#9393,.T.);
#9389 = VERTEX_POINT('',#9390);
#9390 = CARTESIAN_POINT('',(8.6,-0.275,0.));
#9391 = VERTEX_POINT('',#9392);
#9392 = CARTESIAN_POINT('',(8.6,-0.275,-4.E-02));
#9393 = LINE('',#9394,#9395);
#9394 = CARTESIAN_POINT('',(8.6,-0.275,0.));
#9395 = VECTOR('',#9396,1.);
#9396 = DIRECTION('',(0.,0.,-1.));
#9397 = ORIENTED_EDGE('',*,*,#9398,.T.);
#9398 = EDGE_CURVE('',#9391,#9399,#9401,.T.);
#9399 = VERTEX_POINT('',#9400);
#9400 = CARTESIAN_POINT('',(7.4,-0.275,-4.E-02));
#9401 = CIRCLE('',#9402,0.6);
#9402 = AXIS2_PLACEMENT_3D('',#9403,#9404,#9405);
#9403 = CARTESIAN_POINT('',(8.,-0.275000120653,-4.E-02));
#9404 = DIRECTION('',(0.,0.,-1.));
#9405 = DIRECTION('',(1.,2.010883668839E-07,0.));
#9406 = ORIENTED_EDGE('',*,*,#9407,.F.);
#9407 = EDGE_CURVE('',#9408,#9399,#9410,.T.);
#9408 = VERTEX_POINT('',#9409);
#9409 = CARTESIAN_POINT('',(7.4,-0.275,0.));
#9410 = LINE('',#9411,#9412);
#9411 = CARTESIAN_POINT('',(7.4,-0.275,0.));
#9412 = VECTOR('',#9413,1.);
#9413 = DIRECTION('',(0.,0.,-1.));
#9414 = ORIENTED_EDGE('',*,*,#9415,.F.);
#9415 = EDGE_CURVE('',#9389,#9408,#9416,.T.);
#9416 = CIRCLE('',#9417,0.6);
#9417 = AXIS2_PLACEMENT_3D('',#9418,#9419,#9420);
#9418 = CARTESIAN_POINT('',(8.,-0.275000120653,0.));
#9419 = DIRECTION('',(0.,0.,-1.));
#9420 = DIRECTION('',(1.,2.010883668839E-07,0.));
#9421 = CYLINDRICAL_SURFACE('',#9422,0.6);
#9422 = AXIS2_PLACEMENT_3D('',#9423,#9424,#9425);
#9423 = CARTESIAN_POINT('',(8.,-0.275000120653,0.));
#9424 = DIRECTION('',(-0.,-0.,1.));
#9425 = DIRECTION('',(1.,2.010883668839E-07,0.));
#9426 = ADVANCED_FACE('',(#9427),#9452,.F.);
#9427 = FACE_BOUND('',#9428,.F.);
#9428 = EDGE_LOOP('',(#9429,#9439,#9445,#9446));
#9429 = ORIENTED_EDGE('',*,*,#9430,.T.);
#9430 = EDGE_CURVE('',#9431,#9433,#9435,.T.);
#9431 = VERTEX_POINT('',#9432);
#9432 = CARTESIAN_POINT('',(8.6,0.275,0.));
#9433 = VERTEX_POINT('',#9434);
#9434 = CARTESIAN_POINT('',(8.6,0.275,-4.E-02));
#9435 = LINE('',#9436,#9437);
#9436 = CARTESIAN_POINT('',(8.6,0.275,0.));
#9437 = VECTOR('',#9438,1.);
#9438 = DIRECTION('',(0.,0.,-1.));
#9439 = ORIENTED_EDGE('',*,*,#9440,.T.);
#9440 = EDGE_CURVE('',#9433,#9391,#9441,.T.);
#9441 = LINE('',#9442,#9443);
#9442 = CARTESIAN_POINT('',(8.6,0.275,-4.E-02));
#9443 = VECTOR('',#9444,1.);
#9444 = DIRECTION('',(0.,-1.,0.));
#9445 = ORIENTED_EDGE('',*,*,#9388,.F.);
#9446 = ORIENTED_EDGE('',*,*,#9447,.F.);
#9447 = EDGE_CURVE('',#9431,#9389,#9448,.T.);
#9448 = LINE('',#9449,#9450);
#9449 = CARTESIAN_POINT('',(8.6,0.275,0.));
#9450 = VECTOR('',#9451,1.);
#9451 = DIRECTION('',(0.,-1.,0.));
#9452 = PLANE('',#9453);
#9453 = AXIS2_PLACEMENT_3D('',#9454,#9455,#9456);
#9454 = CARTESIAN_POINT('',(8.6,0.275,0.));
#9455 = DIRECTION('',(-1.,-0.,-0.));
#9456 = DIRECTION('',(0.,-1.,0.));
#9457 = ADVANCED_FACE('',(#9458),#9483,.F.);
#9458 = FACE_BOUND('',#9459,.F.);
#9459 = EDGE_LOOP('',(#9460,#9461,#9469,#9477));
#9460 = ORIENTED_EDGE('',*,*,#9407,.T.);
#9461 = ORIENTED_EDGE('',*,*,#9462,.T.);
#9462 = EDGE_CURVE('',#9399,#9463,#9465,.T.);
#9463 = VERTEX_POINT('',#9464);
#9464 = CARTESIAN_POINT('',(7.4,0.275,-4.E-02));
#9465 = LINE('',#9466,#9467);
#9466 = CARTESIAN_POINT('',(7.4,-0.275,-4.E-02));
#9467 = VECTOR('',#9468,1.);
#9468 = DIRECTION('',(0.,1.,0.));
#9469 = ORIENTED_EDGE('',*,*,#9470,.F.);
#9470 = EDGE_CURVE('',#9471,#9463,#9473,.T.);
#9471 = VERTEX_POINT('',#9472);
#9472 = CARTESIAN_POINT('',(7.4,0.275,0.));
#9473 = LINE('',#9474,#9475);
#9474 = CARTESIAN_POINT('',(7.4,0.275,0.));
#9475 = VECTOR('',#9476,1.);
#9476 = DIRECTION('',(0.,0.,-1.));
#9477 = ORIENTED_EDGE('',*,*,#9478,.F.);
#9478 = EDGE_CURVE('',#9408,#9471,#9479,.T.);
#9479 = LINE('',#9480,#9481);
#9480 = CARTESIAN_POINT('',(7.4,-0.275,0.));
#9481 = VECTOR('',#9482,1.);
#9482 = DIRECTION('',(0.,1.,0.));
#9483 = PLANE('',#9484);
#9484 = AXIS2_PLACEMENT_3D('',#9485,#9486,#9487);
#9485 = CARTESIAN_POINT('',(7.4,-0.275,0.));
#9486 = DIRECTION('',(1.,-0.,0.));
#9487 = DIRECTION('',(0.,1.,0.));
#9488 = ADVANCED_FACE('',(#9489,#9501),#9512,.F.);
#9489 = FACE_BOUND('',#9490,.F.);
#9490 = EDGE_LOOP('',(#9491,#9492,#9493,#9500));
#9491 = ORIENTED_EDGE('',*,*,#9415,.T.);
#9492 = ORIENTED_EDGE('',*,*,#9478,.T.);
#9493 = ORIENTED_EDGE('',*,*,#9494,.T.);
#9494 = EDGE_CURVE('',#9471,#9431,#9495,.T.);
#9495 = CIRCLE('',#9496,0.6);
#9496 = AXIS2_PLACEMENT_3D('',#9497,#9498,#9499);
#9497 = CARTESIAN_POINT('',(8.,0.275000617752,0.));
#9498 = DIRECTION('',(0.,0.,-1.));
#9499 = DIRECTION('',(-0.999999999999,-1.02958640132E-06,-0.));
#9500 = ORIENTED_EDGE('',*,*,#9447,.T.);
#9501 = FACE_BOUND('',#9502,.F.);
#9502 = EDGE_LOOP('',(#9503));
#9503 = ORIENTED_EDGE('',*,*,#9504,.F.);
#9504 = EDGE_CURVE('',#9505,#9505,#9507,.T.);
#9505 = VERTEX_POINT('',#9506);
#9506 = CARTESIAN_POINT('',(8.,-0.35,0.));
#9507 = CIRCLE('',#9508,0.35);
#9508 = AXIS2_PLACEMENT_3D('',#9509,#9510,#9511);
#9509 = CARTESIAN_POINT('',(8.,5.96744875736E-16,0.));
#9510 = DIRECTION('',(-0.,0.,-1.));
#9511 = DIRECTION('',(-0.,-1.,0.));
#9512 = PLANE('',#9513);
#9513 = AXIS2_PLACEMENT_3D('',#9514,#9515,#9516);
#9514 = CARTESIAN_POINT('',(0.,0.,0.));
#9515 = DIRECTION('',(-0.,-0.,-1.));
#9516 = DIRECTION('',(-1.,0.,0.));
#9517 = ADVANCED_FACE('',(#9518,#9530),#9541,.T.);
#9518 = FACE_BOUND('',#9519,.T.);
#9519 = EDGE_LOOP('',(#9520,#9521,#9522,#9529));
#9520 = ORIENTED_EDGE('',*,*,#9398,.T.);
#9521 = ORIENTED_EDGE('',*,*,#9462,.T.);
#9522 = ORIENTED_EDGE('',*,*,#9523,.T.);
#9523 = EDGE_CURVE('',#9463,#9433,#9524,.T.);
#9524 = CIRCLE('',#9525,0.6);
#9525 = AXIS2_PLACEMENT_3D('',#9526,#9527,#9528);
#9526 = CARTESIAN_POINT('',(8.,0.275000617752,-4.E-02));
#9527 = DIRECTION('',(0.,0.,-1.));
#9528 = DIRECTION('',(-0.999999999999,-1.02958640132E-06,-0.));
#9529 = ORIENTED_EDGE('',*,*,#9440,.T.);
#9530 = FACE_BOUND('',#9531,.T.);
#9531 = EDGE_LOOP('',(#9532));
#9532 = ORIENTED_EDGE('',*,*,#9533,.F.);
#9533 = EDGE_CURVE('',#9534,#9534,#9536,.T.);
#9534 = VERTEX_POINT('',#9535);
#9535 = CARTESIAN_POINT('',(8.,-0.35,-4.E-02));
#9536 = CIRCLE('',#9537,0.35);
#9537 = AXIS2_PLACEMENT_3D('',#9538,#9539,#9540);
#9538 = CARTESIAN_POINT('',(8.,5.96744875736E-16,-4.E-02));
#9539 = DIRECTION('',(-0.,0.,-1.));
#9540 = DIRECTION('',(-0.,-1.,0.));
#9541 = PLANE('',#9542);
#9542 = AXIS2_PLACEMENT_3D('',#9543,#9544,#9545);
#9543 = CARTESIAN_POINT('',(0.,0.,-4.E-02));
#9544 = DIRECTION('',(-0.,-0.,-1.));
#9545 = DIRECTION('',(-1.,0.,0.));
#9546 = ADVANCED_FACE('',(#9547),#9553,.T.);
#9547 = FACE_BOUND('',#9548,.F.);
#9548 = EDGE_LOOP('',(#9549,#9550,#9551,#9552));
#9549 = ORIENTED_EDGE('',*,*,#9470,.T.);
#9550 = ORIENTED_EDGE('',*,*,#9523,.T.);
#9551 = ORIENTED_EDGE('',*,*,#9430,.F.);
#9552 = ORIENTED_EDGE('',*,*,#9494,.F.);
#9553 = CYLINDRICAL_SURFACE('',#9554,0.6);
#9554 = AXIS2_PLACEMENT_3D('',#9555,#9556,#9557);
#9555 = CARTESIAN_POINT('',(8.,0.275000617752,0.));
#9556 = DIRECTION('',(-0.,-0.,1.));
#9557 = DIRECTION('',(-0.999999999999,-1.02958640132E-06,-0.));
#9558 = ADVANCED_FACE('',(#9559),#9570,.F.);
#9559 = FACE_BOUND('',#9560,.T.);
#9560 = EDGE_LOOP('',(#9561,#9562,#9568,#9569));
#9561 = ORIENTED_EDGE('',*,*,#9533,.T.);
#9562 = ORIENTED_EDGE('',*,*,#9563,.T.);
#9563 = EDGE_CURVE('',#9534,#9505,#9564,.T.);
#9564 = LINE('',#9565,#9566);
#9565 = CARTESIAN_POINT('',(8.,-0.35,-4.6E-02));
#9566 = VECTOR('',#9567,1.);
#9567 = DIRECTION('',(0.,0.,1.));
#9568 = ORIENTED_EDGE('',*,*,#9504,.F.);
#9569 = ORIENTED_EDGE('',*,*,#9563,.F.);
#9570 = CYLINDRICAL_SURFACE('',#9571,0.35);
#9571 = AXIS2_PLACEMENT_3D('',#9572,#9573,#9574);
#9572 = CARTESIAN_POINT('',(8.,5.96744875736E-16,-4.6E-02));
#9573 = DIRECTION('',(-0.,-0.,-1.));
#9574 = DIRECTION('',(-0.,-1.,0.));
#9575 = MANIFOLD_SOLID_BREP('',#9576);
#9576 = CLOSED_SHELL('',(#9577,#9610,#9630,#9650));
#9577 = ADVANCED_FACE('',(#9578),#9605,.T.);
#9578 = FACE_BOUND('',#9579,.F.);
#9579 = EDGE_LOOP('',(#9580,#9590,#9597,#9598));
#9580 = ORIENTED_EDGE('',*,*,#9581,.T.);
#9581 = EDGE_CURVE('',#9582,#9584,#9586,.T.);
#9582 = VERTEX_POINT('',#9583);
#9583 = CARTESIAN_POINT('',(8.,-0.375,-4.E-02));
#9584 = VERTEX_POINT('',#9585);
#9585 = CARTESIAN_POINT('',(8.,-0.375,1.55));
#9586 = LINE('',#9587,#9588);
#9587 = CARTESIAN_POINT('',(8.,-0.375,-4.E-02));
#9588 = VECTOR('',#9589,1.);
#9589 = DIRECTION('',(0.,0.,1.));
#9590 = ORIENTED_EDGE('',*,*,#9591,.T.);
#9591 = EDGE_CURVE('',#9584,#9584,#9592,.T.);
#9592 = CIRCLE('',#9593,0.375);
#9593 = AXIS2_PLACEMENT_3D('',#9594,#9595,#9596);
#9594 = CARTESIAN_POINT('',(8.,6.938893903907E-17,1.55));
#9595 = DIRECTION('',(0.,0.,1.));
#9596 = DIRECTION('',(-0.,-1.,0.));
#9597 = ORIENTED_EDGE('',*,*,#9581,.F.);
#9598 = ORIENTED_EDGE('',*,*,#9599,.F.);
#9599 = EDGE_CURVE('',#9582,#9582,#9600,.T.);
#9600 = CIRCLE('',#9601,0.375);
#9601 = AXIS2_PLACEMENT_3D('',#9602,#9603,#9604);
#9602 = CARTESIAN_POINT('',(8.,6.938893903907E-17,-4.E-02));
#9603 = DIRECTION('',(0.,0.,1.));
#9604 = DIRECTION('',(-0.,-1.,0.));
#9605 = CYLINDRICAL_SURFACE('',#9606,0.375);
#9606 = AXIS2_PLACEMENT_3D('',#9607,#9608,#9609);
#9607 = CARTESIAN_POINT('',(8.,6.938893903907E-17,-4.E-02));
#9608 = DIRECTION('',(-0.,-0.,-1.));
#9609 = DIRECTION('',(-0.,-1.,0.));
#9610 = ADVANCED_FACE('',(#9611,#9614),#9625,.F.);
#9611 = FACE_BOUND('',#9612,.F.);
#9612 = EDGE_LOOP('',(#9613));
#9613 = ORIENTED_EDGE('',*,*,#9599,.T.);
#9614 = FACE_BOUND('',#9615,.F.);
#9615 = EDGE_LOOP('',(#9616));
#9616 = ORIENTED_EDGE('',*,*,#9617,.T.);
#9617 = EDGE_CURVE('',#9618,#9618,#9620,.T.);
#9618 = VERTEX_POINT('',#9619);
#9619 = CARTESIAN_POINT('',(8.,-0.35,-4.E-02));
#9620 = CIRCLE('',#9621,0.35);
#9621 = AXIS2_PLACEMENT_3D('',#9622,#9623,#9624);
#9622 = CARTESIAN_POINT('',(8.,5.96744875736E-16,-4.E-02));
#9623 = DIRECTION('',(-0.,0.,-1.));
#9624 = DIRECTION('',(-0.,-1.,0.));
#9625 = PLANE('',#9626);
#9626 = AXIS2_PLACEMENT_3D('',#9627,#9628,#9629);
#9627 = CARTESIAN_POINT('',(8.,-0.375,-4.E-02));
#9628 = DIRECTION('',(0.,0.,1.));
#9629 = DIRECTION('',(1.,0.,-0.));
#9630 = ADVANCED_FACE('',(#9631,#9634),#9645,.T.);
#9631 = FACE_BOUND('',#9632,.T.);
#9632 = EDGE_LOOP('',(#9633));
#9633 = ORIENTED_EDGE('',*,*,#9591,.T.);
#9634 = FACE_BOUND('',#9635,.T.);
#9635 = EDGE_LOOP('',(#9636));
#9636 = ORIENTED_EDGE('',*,*,#9637,.T.);
#9637 = EDGE_CURVE('',#9638,#9638,#9640,.T.);
#9638 = VERTEX_POINT('',#9639);
#9639 = CARTESIAN_POINT('',(8.,-0.35,1.55));
#9640 = CIRCLE('',#9641,0.35);
#9641 = AXIS2_PLACEMENT_3D('',#9642,#9643,#9644);
#9642 = CARTESIAN_POINT('',(8.,5.96744875736E-16,1.55));
#9643 = DIRECTION('',(-0.,0.,-1.));
#9644 = DIRECTION('',(-0.,-1.,0.));
#9645 = PLANE('',#9646);
#9646 = AXIS2_PLACEMENT_3D('',#9647,#9648,#9649);
#9647 = CARTESIAN_POINT('',(8.,-0.375,1.55));
#9648 = DIRECTION('',(0.,0.,1.));
#9649 = DIRECTION('',(1.,0.,-0.));
#9650 = ADVANCED_FACE('',(#9651),#9662,.F.);
#9651 = FACE_BOUND('',#9652,.T.);
#9652 = EDGE_LOOP('',(#9653,#9654,#9660,#9661));
#9653 = ORIENTED_EDGE('',*,*,#9617,.T.);
#9654 = ORIENTED_EDGE('',*,*,#9655,.T.);
#9655 = EDGE_CURVE('',#9618,#9638,#9656,.T.);
#9656 = LINE('',#9657,#9658);
#9657 = CARTESIAN_POINT('',(8.,-0.35,-4.6E-02));
#9658 = VECTOR('',#9659,1.);
#9659 = DIRECTION('',(0.,0.,1.));
#9660 = ORIENTED_EDGE('',*,*,#9637,.F.);
#9661 = ORIENTED_EDGE('',*,*,#9655,.F.);
#9662 = CYLINDRICAL_SURFACE('',#9663,0.35);
#9663 = AXIS2_PLACEMENT_3D('',#9664,#9665,#9666);
#9664 = CARTESIAN_POINT('',(8.,5.96744875736E-16,-4.6E-02));
#9665 = DIRECTION('',(-0.,-0.,-1.));
#9666 = DIRECTION('',(-0.,-1.,0.));
#9667 = MANIFOLD_SOLID_BREP('',#9668);
#9668 = CLOSED_SHELL('',(#9669,#9711,#9742,#9773,#9802,#9831,#9843));
#9669 = ADVANCED_FACE('',(#9670),#9706,.T.);
#9670 = FACE_BOUND('',#9671,.T.);
#9671 = EDGE_LOOP('',(#9672,#9682,#9691,#9699));
#9672 = ORIENTED_EDGE('',*,*,#9673,.T.);
#9673 = EDGE_CURVE('',#9674,#9676,#9678,.T.);
#9674 = VERTEX_POINT('',#9675);
#9675 = CARTESIAN_POINT('',(10.6,-0.275,1.51));
#9676 = VERTEX_POINT('',#9677);
#9677 = CARTESIAN_POINT('',(10.6,-0.275,1.55));
#9678 = LINE('',#9679,#9680);
#9679 = CARTESIAN_POINT('',(10.6,-0.275,1.51));
#9680 = VECTOR('',#9681,1.);
#9681 = DIRECTION('',(0.,0.,1.));
#9682 = ORIENTED_EDGE('',*,*,#9683,.T.);
#9683 = EDGE_CURVE('',#9676,#9684,#9686,.T.);
#9684 = VERTEX_POINT('',#9685);
#9685 = CARTESIAN_POINT('',(9.4,-0.275,1.55));
#9686 = CIRCLE('',#9687,0.6);
#9687 = AXIS2_PLACEMENT_3D('',#9688,#9689,#9690);
#9688 = CARTESIAN_POINT('',(10.,-0.275000120653,1.55));
#9689 = DIRECTION('',(0.,0.,-1.));
#9690 = DIRECTION('',(1.,2.010883668839E-07,0.));
#9691 = ORIENTED_EDGE('',*,*,#9692,.F.);
#9692 = EDGE_CURVE('',#9693,#9684,#9695,.T.);
#9693 = VERTEX_POINT('',#9694);
#9694 = CARTESIAN_POINT('',(9.4,-0.275,1.51));
#9695 = LINE('',#9696,#9697);
#9696 = CARTESIAN_POINT('',(9.4,-0.275,1.51));
#9697 = VECTOR('',#9698,1.);
#9698 = DIRECTION('',(0.,0.,1.));
#9699 = ORIENTED_EDGE('',*,*,#9700,.F.);
#9700 = EDGE_CURVE('',#9674,#9693,#9701,.T.);
#9701 = CIRCLE('',#9702,0.6);
#9702 = AXIS2_PLACEMENT_3D('',#9703,#9704,#9705);
#9703 = CARTESIAN_POINT('',(10.,-0.275000120653,1.51));
#9704 = DIRECTION('',(0.,0.,-1.));
#9705 = DIRECTION('',(1.,2.010883668839E-07,0.));
#9706 = CYLINDRICAL_SURFACE('',#9707,0.6);
#9707 = AXIS2_PLACEMENT_3D('',#9708,#9709,#9710);
#9708 = CARTESIAN_POINT('',(10.,-0.275000120653,1.51));
#9709 = DIRECTION('',(0.,0.,-1.));
#9710 = DIRECTION('',(1.,2.010883668839E-07,0.));
#9711 = ADVANCED_FACE('',(#9712),#9737,.T.);
#9712 = FACE_BOUND('',#9713,.T.);
#9713 = EDGE_LOOP('',(#9714,#9724,#9730,#9731));
#9714 = ORIENTED_EDGE('',*,*,#9715,.T.);
#9715 = EDGE_CURVE('',#9716,#9718,#9720,.T.);
#9716 = VERTEX_POINT('',#9717);
#9717 = CARTESIAN_POINT('',(10.6,0.275,1.51));
#9718 = VERTEX_POINT('',#9719);
#9719 = CARTESIAN_POINT('',(10.6,0.275,1.55));
#9720 = LINE('',#9721,#9722);
#9721 = CARTESIAN_POINT('',(10.6,0.275,1.51));
#9722 = VECTOR('',#9723,1.);
#9723 = DIRECTION('',(0.,0.,1.));
#9724 = ORIENTED_EDGE('',*,*,#9725,.T.);
#9725 = EDGE_CURVE('',#9718,#9676,#9726,.T.);
#9726 = LINE('',#9727,#9728);
#9727 = CARTESIAN_POINT('',(10.6,0.275,1.55));
#9728 = VECTOR('',#9729,1.);
#9729 = DIRECTION('',(0.,-1.,0.));
#9730 = ORIENTED_EDGE('',*,*,#9673,.F.);
#9731 = ORIENTED_EDGE('',*,*,#9732,.F.);
#9732 = EDGE_CURVE('',#9716,#9674,#9733,.T.);
#9733 = LINE('',#9734,#9735);
#9734 = CARTESIAN_POINT('',(10.6,0.275,1.51));
#9735 = VECTOR('',#9736,1.);
#9736 = DIRECTION('',(0.,-1.,0.));
#9737 = PLANE('',#9738);
#9738 = AXIS2_PLACEMENT_3D('',#9739,#9740,#9741);
#9739 = CARTESIAN_POINT('',(10.6,0.275,1.51));
#9740 = DIRECTION('',(1.,0.,-0.));
#9741 = DIRECTION('',(0.,-1.,0.));
#9742 = ADVANCED_FACE('',(#9743),#9768,.T.);
#9743 = FACE_BOUND('',#9744,.T.);
#9744 = EDGE_LOOP('',(#9745,#9746,#9754,#9762));
#9745 = ORIENTED_EDGE('',*,*,#9692,.T.);
#9746 = ORIENTED_EDGE('',*,*,#9747,.T.);
#9747 = EDGE_CURVE('',#9684,#9748,#9750,.T.);
#9748 = VERTEX_POINT('',#9749);
#9749 = CARTESIAN_POINT('',(9.4,0.275,1.55));
#9750 = LINE('',#9751,#9752);
#9751 = CARTESIAN_POINT('',(9.4,-0.275,1.55));
#9752 = VECTOR('',#9753,1.);
#9753 = DIRECTION('',(0.,1.,0.));
#9754 = ORIENTED_EDGE('',*,*,#9755,.F.);
#9755 = EDGE_CURVE('',#9756,#9748,#9758,.T.);
#9756 = VERTEX_POINT('',#9757);
#9757 = CARTESIAN_POINT('',(9.4,0.275,1.51));
#9758 = LINE('',#9759,#9760);
#9759 = CARTESIAN_POINT('',(9.4,0.275,1.51));
#9760 = VECTOR('',#9761,1.);
#9761 = DIRECTION('',(0.,0.,1.));
#9762 = ORIENTED_EDGE('',*,*,#9763,.F.);
#9763 = EDGE_CURVE('',#9693,#9756,#9764,.T.);
#9764 = LINE('',#9765,#9766);
#9765 = CARTESIAN_POINT('',(9.4,-0.275,1.51));
#9766 = VECTOR('',#9767,1.);
#9767 = DIRECTION('',(0.,1.,0.));
#9768 = PLANE('',#9769);
#9769 = AXIS2_PLACEMENT_3D('',#9770,#9771,#9772);
#9770 = CARTESIAN_POINT('',(9.4,-0.275,1.51));
#9771 = DIRECTION('',(-1.,0.,0.));
#9772 = DIRECTION('',(0.,1.,0.));
#9773 = ADVANCED_FACE('',(#9774,#9786),#9797,.F.);
#9774 = FACE_BOUND('',#9775,.F.);
#9775 = EDGE_LOOP('',(#9776,#9777,#9778,#9785));
#9776 = ORIENTED_EDGE('',*,*,#9700,.F.);
#9777 = ORIENTED_EDGE('',*,*,#9732,.F.);
#9778 = ORIENTED_EDGE('',*,*,#9779,.F.);
#9779 = EDGE_CURVE('',#9756,#9716,#9780,.T.);
#9780 = CIRCLE('',#9781,0.6);
#9781 = AXIS2_PLACEMENT_3D('',#9782,#9783,#9784);
#9782 = CARTESIAN_POINT('',(10.,0.275000617752,1.51));
#9783 = DIRECTION('',(0.,0.,-1.));
#9784 = DIRECTION('',(-0.999999999999,-1.02958640132E-06,-0.));
#9785 = ORIENTED_EDGE('',*,*,#9763,.F.);
#9786 = FACE_BOUND('',#9787,.F.);
#9787 = EDGE_LOOP('',(#9788));
#9788 = ORIENTED_EDGE('',*,*,#9789,.T.);
#9789 = EDGE_CURVE('',#9790,#9790,#9792,.T.);
#9790 = VERTEX_POINT('',#9791);
#9791 = CARTESIAN_POINT('',(10.,-0.35,1.51));
#9792 = CIRCLE('',#9793,0.35);
#9793 = AXIS2_PLACEMENT_3D('',#9794,#9795,#9796);
#9794 = CARTESIAN_POINT('',(10.,5.96744875736E-16,1.51));
#9795 = DIRECTION('',(-0.,0.,-1.));
#9796 = DIRECTION('',(-0.,-1.,0.));
#9797 = PLANE('',#9798);
#9798 = AXIS2_PLACEMENT_3D('',#9799,#9800,#9801);
#9799 = CARTESIAN_POINT('',(0.,0.,1.51));
#9800 = DIRECTION('',(0.,0.,1.));
#9801 = DIRECTION('',(1.,0.,-0.));
#9802 = ADVANCED_FACE('',(#9803,#9815),#9826,.T.);
#9803 = FACE_BOUND('',#9804,.T.);
#9804 = EDGE_LOOP('',(#9805,#9806,#9807,#9814));
#9805 = ORIENTED_EDGE('',*,*,#9683,.F.);
#9806 = ORIENTED_EDGE('',*,*,#9725,.F.);
#9807 = ORIENTED_EDGE('',*,*,#9808,.F.);
#9808 = EDGE_CURVE('',#9748,#9718,#9809,.T.);
#9809 = CIRCLE('',#9810,0.6);
#9810 = AXIS2_PLACEMENT_3D('',#9811,#9812,#9813);
#9811 = CARTESIAN_POINT('',(10.,0.275000617752,1.55));
#9812 = DIRECTION('',(0.,0.,-1.));
#9813 = DIRECTION('',(-0.999999999999,-1.02958640132E-06,-0.));
#9814 = ORIENTED_EDGE('',*,*,#9747,.F.);
#9815 = FACE_BOUND('',#9816,.T.);
#9816 = EDGE_LOOP('',(#9817));
#9817 = ORIENTED_EDGE('',*,*,#9818,.T.);
#9818 = EDGE_CURVE('',#9819,#9819,#9821,.T.);
#9819 = VERTEX_POINT('',#9820);
#9820 = CARTESIAN_POINT('',(10.,-0.35,1.55));
#9821 = CIRCLE('',#9822,0.35);
#9822 = AXIS2_PLACEMENT_3D('',#9823,#9824,#9825);
#9823 = CARTESIAN_POINT('',(10.,5.96744875736E-16,1.55));
#9824 = DIRECTION('',(-0.,0.,-1.));
#9825 = DIRECTION('',(-0.,-1.,0.));
#9826 = PLANE('',#9827);
#9827 = AXIS2_PLACEMENT_3D('',#9828,#9829,#9830);
#9828 = CARTESIAN_POINT('',(0.,0.,1.55));
#9829 = DIRECTION('',(0.,0.,1.));
#9830 = DIRECTION('',(1.,0.,-0.));
#9831 = ADVANCED_FACE('',(#9832),#9838,.T.);
#9832 = FACE_BOUND('',#9833,.T.);
#9833 = EDGE_LOOP('',(#9834,#9835,#9836,#9837));
#9834 = ORIENTED_EDGE('',*,*,#9755,.T.);
#9835 = ORIENTED_EDGE('',*,*,#9808,.T.);
#9836 = ORIENTED_EDGE('',*,*,#9715,.F.);
#9837 = ORIENTED_EDGE('',*,*,#9779,.F.);
#9838 = CYLINDRICAL_SURFACE('',#9839,0.6);
#9839 = AXIS2_PLACEMENT_3D('',#9840,#9841,#9842);
#9840 = CARTESIAN_POINT('',(10.,0.275000617752,1.51));
#9841 = DIRECTION('',(0.,0.,-1.));
#9842 = DIRECTION('',(-0.999999999999,-1.02958640132E-06,-0.));
#9843 = ADVANCED_FACE('',(#9844),#9855,.F.);
#9844 = FACE_BOUND('',#9845,.T.);
#9845 = EDGE_LOOP('',(#9846,#9847,#9853,#9854));
#9846 = ORIENTED_EDGE('',*,*,#9789,.T.);
#9847 = ORIENTED_EDGE('',*,*,#9848,.T.);
#9848 = EDGE_CURVE('',#9790,#9819,#9849,.T.);
#9849 = LINE('',#9850,#9851);
#9850 = CARTESIAN_POINT('',(10.,-0.35,-4.6E-02));
#9851 = VECTOR('',#9852,1.);
#9852 = DIRECTION('',(0.,0.,1.));
#9853 = ORIENTED_EDGE('',*,*,#9818,.F.);
#9854 = ORIENTED_EDGE('',*,*,#9848,.F.);
#9855 = CYLINDRICAL_SURFACE('',#9856,0.35);
#9856 = AXIS2_PLACEMENT_3D('',#9857,#9858,#9859);
#9857 = CARTESIAN_POINT('',(10.,5.96744875736E-16,-4.6E-02));
#9858 = DIRECTION('',(-0.,-0.,-1.));
#9859 = DIRECTION('',(-0.,-1.,0.));
#9860 = MANIFOLD_SOLID_BREP('',#9861);
#9861 = CLOSED_SHELL('',(#9862,#9904,#9935,#9966,#9995,#10024,#10036));
#9862 = ADVANCED_FACE('',(#9863),#9899,.T.);
#9863 = FACE_BOUND('',#9864,.F.);
#9864 = EDGE_LOOP('',(#9865,#9875,#9884,#9892));
#9865 = ORIENTED_EDGE('',*,*,#9866,.T.);
#9866 = EDGE_CURVE('',#9867,#9869,#9871,.T.);
#9867 = VERTEX_POINT('',#9868);
#9868 = CARTESIAN_POINT('',(10.6,-0.275,0.));
#9869 = VERTEX_POINT('',#9870);
#9870 = CARTESIAN_POINT('',(10.6,-0.275,-4.E-02));
#9871 = LINE('',#9872,#9873);
#9872 = CARTESIAN_POINT('',(10.6,-0.275,0.));
#9873 = VECTOR('',#9874,1.);
#9874 = DIRECTION('',(0.,0.,-1.));
#9875 = ORIENTED_EDGE('',*,*,#9876,.T.);
#9876 = EDGE_CURVE('',#9869,#9877,#9879,.T.);
#9877 = VERTEX_POINT('',#9878);
#9878 = CARTESIAN_POINT('',(9.4,-0.275,-4.E-02));
#9879 = CIRCLE('',#9880,0.6);
#9880 = AXIS2_PLACEMENT_3D('',#9881,#9882,#9883);
#9881 = CARTESIAN_POINT('',(10.,-0.275000120653,-4.E-02));
#9882 = DIRECTION('',(0.,0.,-1.));
#9883 = DIRECTION('',(1.,2.010883668839E-07,0.));
#9884 = ORIENTED_EDGE('',*,*,#9885,.F.);
#9885 = EDGE_CURVE('',#9886,#9877,#9888,.T.);
#9886 = VERTEX_POINT('',#9887);
#9887 = CARTESIAN_POINT('',(9.4,-0.275,0.));
#9888 = LINE('',#9889,#9890);
#9889 = CARTESIAN_POINT('',(9.4,-0.275,0.));
#9890 = VECTOR('',#9891,1.);
#9891 = DIRECTION('',(0.,0.,-1.));
#9892 = ORIENTED_EDGE('',*,*,#9893,.F.);
#9893 = EDGE_CURVE('',#9867,#9886,#9894,.T.);
#9894 = CIRCLE('',#9895,0.6);
#9895 = AXIS2_PLACEMENT_3D('',#9896,#9897,#9898);
#9896 = CARTESIAN_POINT('',(10.,-0.275000120653,0.));
#9897 = DIRECTION('',(0.,0.,-1.));
#9898 = DIRECTION('',(1.,2.010883668839E-07,0.));
#9899 = CYLINDRICAL_SURFACE('',#9900,0.6);
#9900 = AXIS2_PLACEMENT_3D('',#9901,#9902,#9903);
#9901 = CARTESIAN_POINT('',(10.,-0.275000120653,0.));
#9902 = DIRECTION('',(-0.,-0.,1.));
#9903 = DIRECTION('',(1.,2.010883668839E-07,0.));
#9904 = ADVANCED_FACE('',(#9905),#9930,.F.);
#9905 = FACE_BOUND('',#9906,.F.);
#9906 = EDGE_LOOP('',(#9907,#9917,#9923,#9924));
#9907 = ORIENTED_EDGE('',*,*,#9908,.T.);
#9908 = EDGE_CURVE('',#9909,#9911,#9913,.T.);
#9909 = VERTEX_POINT('',#9910);
#9910 = CARTESIAN_POINT('',(10.6,0.275,0.));
#9911 = VERTEX_POINT('',#9912);
#9912 = CARTESIAN_POINT('',(10.6,0.275,-4.E-02));
#9913 = LINE('',#9914,#9915);
#9914 = CARTESIAN_POINT('',(10.6,0.275,0.));
#9915 = VECTOR('',#9916,1.);
#9916 = DIRECTION('',(0.,0.,-1.));
#9917 = ORIENTED_EDGE('',*,*,#9918,.T.);
#9918 = EDGE_CURVE('',#9911,#9869,#9919,.T.);
#9919 = LINE('',#9920,#9921);
#9920 = CARTESIAN_POINT('',(10.6,0.275,-4.E-02));
#9921 = VECTOR('',#9922,1.);
#9922 = DIRECTION('',(0.,-1.,0.));
#9923 = ORIENTED_EDGE('',*,*,#9866,.F.);
#9924 = ORIENTED_EDGE('',*,*,#9925,.F.);
#9925 = EDGE_CURVE('',#9909,#9867,#9926,.T.);
#9926 = LINE('',#9927,#9928);
#9927 = CARTESIAN_POINT('',(10.6,0.275,0.));
#9928 = VECTOR('',#9929,1.);
#9929 = DIRECTION('',(0.,-1.,0.));
#9930 = PLANE('',#9931);
#9931 = AXIS2_PLACEMENT_3D('',#9932,#9933,#9934);
#9932 = CARTESIAN_POINT('',(10.6,0.275,0.));
#9933 = DIRECTION('',(-1.,-0.,-0.));
#9934 = DIRECTION('',(0.,-1.,0.));
#9935 = ADVANCED_FACE('',(#9936),#9961,.F.);
#9936 = FACE_BOUND('',#9937,.F.);
#9937 = EDGE_LOOP('',(#9938,#9939,#9947,#9955));
#9938 = ORIENTED_EDGE('',*,*,#9885,.T.);
#9939 = ORIENTED_EDGE('',*,*,#9940,.T.);
#9940 = EDGE_CURVE('',#9877,#9941,#9943,.T.);
#9941 = VERTEX_POINT('',#9942);
#9942 = CARTESIAN_POINT('',(9.4,0.275,-4.E-02));
#9943 = LINE('',#9944,#9945);
#9944 = CARTESIAN_POINT('',(9.4,-0.275,-4.E-02));
#9945 = VECTOR('',#9946,1.);
#9946 = DIRECTION('',(0.,1.,0.));
#9947 = ORIENTED_EDGE('',*,*,#9948,.F.);
#9948 = EDGE_CURVE('',#9949,#9941,#9951,.T.);
#9949 = VERTEX_POINT('',#9950);
#9950 = CARTESIAN_POINT('',(9.4,0.275,0.));
#9951 = LINE('',#9952,#9953);
#9952 = CARTESIAN_POINT('',(9.4,0.275,0.));
#9953 = VECTOR('',#9954,1.);
#9954 = DIRECTION('',(0.,0.,-1.));
#9955 = ORIENTED_EDGE('',*,*,#9956,.F.);
#9956 = EDGE_CURVE('',#9886,#9949,#9957,.T.);
#9957 = LINE('',#9958,#9959);
#9958 = CARTESIAN_POINT('',(9.4,-0.275,0.));
#9959 = VECTOR('',#9960,1.);
#9960 = DIRECTION('',(0.,1.,0.));
#9961 = PLANE('',#9962);
#9962 = AXIS2_PLACEMENT_3D('',#9963,#9964,#9965);
#9963 = CARTESIAN_POINT('',(9.4,-0.275,0.));
#9964 = DIRECTION('',(1.,-0.,0.));
#9965 = DIRECTION('',(0.,1.,0.));
#9966 = ADVANCED_FACE('',(#9967,#9979),#9990,.F.);
#9967 = FACE_BOUND('',#9968,.F.);
#9968 = EDGE_LOOP('',(#9969,#9970,#9971,#9978));
#9969 = ORIENTED_EDGE('',*,*,#9893,.T.);
#9970 = ORIENTED_EDGE('',*,*,#9956,.T.);
#9971 = ORIENTED_EDGE('',*,*,#9972,.T.);
#9972 = EDGE_CURVE('',#9949,#9909,#9973,.T.);
#9973 = CIRCLE('',#9974,0.6);
#9974 = AXIS2_PLACEMENT_3D('',#9975,#9976,#9977);
#9975 = CARTESIAN_POINT('',(10.,0.275000617752,0.));
#9976 = DIRECTION('',(0.,0.,-1.));
#9977 = DIRECTION('',(-0.999999999999,-1.02958640132E-06,-0.));
#9978 = ORIENTED_EDGE('',*,*,#9925,.T.);
#9979 = FACE_BOUND('',#9980,.F.);
#9980 = EDGE_LOOP('',(#9981));
#9981 = ORIENTED_EDGE('',*,*,#9982,.F.);
#9982 = EDGE_CURVE('',#9983,#9983,#9985,.T.);
#9983 = VERTEX_POINT('',#9984);
#9984 = CARTESIAN_POINT('',(10.,-0.35,0.));
#9985 = CIRCLE('',#9986,0.35);
#9986 = AXIS2_PLACEMENT_3D('',#9987,#9988,#9989);
#9987 = CARTESIAN_POINT('',(10.,5.96744875736E-16,0.));
#9988 = DIRECTION('',(-0.,0.,-1.));
#9989 = DIRECTION('',(-0.,-1.,0.));
#9990 = PLANE('',#9991);
#9991 = AXIS2_PLACEMENT_3D('',#9992,#9993,#9994);
#9992 = CARTESIAN_POINT('',(0.,0.,0.));
#9993 = DIRECTION('',(-0.,-0.,-1.));
#9994 = DIRECTION('',(-1.,0.,0.));
#9995 = ADVANCED_FACE('',(#9996,#10008),#10019,.T.);
#9996 = FACE_BOUND('',#9997,.T.);
#9997 = EDGE_LOOP('',(#9998,#9999,#10000,#10007));
#9998 = ORIENTED_EDGE('',*,*,#9876,.T.);
#9999 = ORIENTED_EDGE('',*,*,#9940,.T.);
#10000 = ORIENTED_EDGE('',*,*,#10001,.T.);
#10001 = EDGE_CURVE('',#9941,#9911,#10002,.T.);
#10002 = CIRCLE('',#10003,0.6);
#10003 = AXIS2_PLACEMENT_3D('',#10004,#10005,#10006);
#10004 = CARTESIAN_POINT('',(10.,0.275000617752,-4.E-02));
#10005 = DIRECTION('',(0.,0.,-1.));
#10006 = DIRECTION('',(-0.999999999999,-1.02958640132E-06,-0.));
#10007 = ORIENTED_EDGE('',*,*,#9918,.T.);
#10008 = FACE_BOUND('',#10009,.T.);
#10009 = EDGE_LOOP('',(#10010));
#10010 = ORIENTED_EDGE('',*,*,#10011,.F.);
#10011 = EDGE_CURVE('',#10012,#10012,#10014,.T.);
#10012 = VERTEX_POINT('',#10013);
#10013 = CARTESIAN_POINT('',(10.,-0.35,-4.E-02));
#10014 = CIRCLE('',#10015,0.35);
#10015 = AXIS2_PLACEMENT_3D('',#10016,#10017,#10018);
#10016 = CARTESIAN_POINT('',(10.,5.96744875736E-16,-4.E-02));
#10017 = DIRECTION('',(-0.,0.,-1.));
#10018 = DIRECTION('',(-0.,-1.,0.));
#10019 = PLANE('',#10020);
#10020 = AXIS2_PLACEMENT_3D('',#10021,#10022,#10023);
#10021 = CARTESIAN_POINT('',(0.,0.,-4.E-02));
#10022 = DIRECTION('',(-0.,-0.,-1.));
#10023 = DIRECTION('',(-1.,0.,0.));
#10024 = ADVANCED_FACE('',(#10025),#10031,.T.);
#10025 = FACE_BOUND('',#10026,.F.);
#10026 = EDGE_LOOP('',(#10027,#10028,#10029,#10030));
#10027 = ORIENTED_EDGE('',*,*,#9948,.T.);
#10028 = ORIENTED_EDGE('',*,*,#10001,.T.);
#10029 = ORIENTED_EDGE('',*,*,#9908,.F.);
#10030 = ORIENTED_EDGE('',*,*,#9972,.F.);
#10031 = CYLINDRICAL_SURFACE('',#10032,0.6);
#10032 = AXIS2_PLACEMENT_3D('',#10033,#10034,#10035);
#10033 = CARTESIAN_POINT('',(10.,0.275000617752,0.));
#10034 = DIRECTION('',(-0.,-0.,1.));
#10035 = DIRECTION('',(-0.999999999999,-1.02958640132E-06,-0.));
#10036 = ADVANCED_FACE('',(#10037),#10048,.F.);
#10037 = FACE_BOUND('',#10038,.T.);
#10038 = EDGE_LOOP('',(#10039,#10040,#10046,#10047));
#10039 = ORIENTED_EDGE('',*,*,#10011,.T.);
#10040 = ORIENTED_EDGE('',*,*,#10041,.T.);
#10041 = EDGE_CURVE('',#10012,#9983,#10042,.T.);
#10042 = LINE('',#10043,#10044);
#10043 = CARTESIAN_POINT('',(10.,-0.35,-4.6E-02));
#10044 = VECTOR('',#10045,1.);
#10045 = DIRECTION('',(0.,0.,1.));
#10046 = ORIENTED_EDGE('',*,*,#9982,.F.);
#10047 = ORIENTED_EDGE('',*,*,#10041,.F.);
#10048 = CYLINDRICAL_SURFACE('',#10049,0.35);
#10049 = AXIS2_PLACEMENT_3D('',#10050,#10051,#10052);
#10050 = CARTESIAN_POINT('',(10.,5.96744875736E-16,-4.6E-02));
#10051 = DIRECTION('',(-0.,-0.,-1.));
#10052 = DIRECTION('',(-0.,-1.,0.));
#10053 = MANIFOLD_SOLID_BREP('',#10054);
#10054 = CLOSED_SHELL('',(#10055,#10088,#10108,#10128));
#10055 = ADVANCED_FACE('',(#10056),#10083,.T.);
#10056 = FACE_BOUND('',#10057,.F.);
#10057 = EDGE_LOOP('',(#10058,#10068,#10075,#10076));
#10058 = ORIENTED_EDGE('',*,*,#10059,.T.);
#10059 = EDGE_CURVE('',#10060,#10062,#10064,.T.);
#10060 = VERTEX_POINT('',#10061);
#10061 = CARTESIAN_POINT('',(10.,-0.375,-4.E-02));
#10062 = VERTEX_POINT('',#10063);
#10063 = CARTESIAN_POINT('',(10.,-0.375,1.55));
#10064 = LINE('',#10065,#10066);
#10065 = CARTESIAN_POINT('',(10.,-0.375,-4.E-02));
#10066 = VECTOR('',#10067,1.);
#10067 = DIRECTION('',(0.,0.,1.));
#10068 = ORIENTED_EDGE('',*,*,#10069,.T.);
#10069 = EDGE_CURVE('',#10062,#10062,#10070,.T.);
#10070 = CIRCLE('',#10071,0.375);
#10071 = AXIS2_PLACEMENT_3D('',#10072,#10073,#10074);
#10072 = CARTESIAN_POINT('',(10.,6.938893903907E-17,1.55));
#10073 = DIRECTION('',(0.,0.,1.));
#10074 = DIRECTION('',(-0.,-1.,0.));
#10075 = ORIENTED_EDGE('',*,*,#10059,.F.);
#10076 = ORIENTED_EDGE('',*,*,#10077,.F.);
#10077 = EDGE_CURVE('',#10060,#10060,#10078,.T.);
#10078 = CIRCLE('',#10079,0.375);
#10079 = AXIS2_PLACEMENT_3D('',#10080,#10081,#10082);
#10080 = CARTESIAN_POINT('',(10.,6.938893903907E-17,-4.E-02));
#10081 = DIRECTION('',(0.,0.,1.));
#10082 = DIRECTION('',(-0.,-1.,0.));
#10083 = CYLINDRICAL_SURFACE('',#10084,0.375);
#10084 = AXIS2_PLACEMENT_3D('',#10085,#10086,#10087);
#10085 = CARTESIAN_POINT('',(10.,6.938893903907E-17,-4.E-02));
#10086 = DIRECTION('',(-0.,-0.,-1.));
#10087 = DIRECTION('',(-0.,-1.,0.));
#10088 = ADVANCED_FACE('',(#10089,#10092),#10103,.F.);
#10089 = FACE_BOUND('',#10090,.F.);
#10090 = EDGE_LOOP('',(#10091));
#10091 = ORIENTED_EDGE('',*,*,#10077,.T.);
#10092 = FACE_BOUND('',#10093,.F.);
#10093 = EDGE_LOOP('',(#10094));
#10094 = ORIENTED_EDGE('',*,*,#10095,.T.);
#10095 = EDGE_CURVE('',#10096,#10096,#10098,.T.);
#10096 = VERTEX_POINT('',#10097);
#10097 = CARTESIAN_POINT('',(10.,-0.35,-4.E-02));
#10098 = CIRCLE('',#10099,0.35);
#10099 = AXIS2_PLACEMENT_3D('',#10100,#10101,#10102);
#10100 = CARTESIAN_POINT('',(10.,5.96744875736E-16,-4.E-02));
#10101 = DIRECTION('',(-0.,0.,-1.));
#10102 = DIRECTION('',(-0.,-1.,0.));
#10103 = PLANE('',#10104);
#10104 = AXIS2_PLACEMENT_3D('',#10105,#10106,#10107);
#10105 = CARTESIAN_POINT('',(10.,-0.375,-4.E-02));
#10106 = DIRECTION('',(0.,0.,1.));
#10107 = DIRECTION('',(1.,0.,-0.));
#10108 = ADVANCED_FACE('',(#10109,#10112),#10123,.T.);
#10109 = FACE_BOUND('',#10110,.T.);
#10110 = EDGE_LOOP('',(#10111));
#10111 = ORIENTED_EDGE('',*,*,#10069,.T.);
#10112 = FACE_BOUND('',#10113,.T.);
#10113 = EDGE_LOOP('',(#10114));
#10114 = ORIENTED_EDGE('',*,*,#10115,.T.);
#10115 = EDGE_CURVE('',#10116,#10116,#10118,.T.);
#10116 = VERTEX_POINT('',#10117);
#10117 = CARTESIAN_POINT('',(10.,-0.35,1.55));
#10118 = CIRCLE('',#10119,0.35);
#10119 = AXIS2_PLACEMENT_3D('',#10120,#10121,#10122);
#10120 = CARTESIAN_POINT('',(10.,5.96744875736E-16,1.55));
#10121 = DIRECTION('',(-0.,0.,-1.));
#10122 = DIRECTION('',(-0.,-1.,0.));
#10123 = PLANE('',#10124);
#10124 = AXIS2_PLACEMENT_3D('',#10125,#10126,#10127);
#10125 = CARTESIAN_POINT('',(10.,-0.375,1.55));
#10126 = DIRECTION('',(0.,0.,1.));
#10127 = DIRECTION('',(1.,0.,-0.));
#10128 = ADVANCED_FACE('',(#10129),#10140,.F.);
#10129 = FACE_BOUND('',#10130,.T.);
#10130 = EDGE_LOOP('',(#10131,#10132,#10138,#10139));
#10131 = ORIENTED_EDGE('',*,*,#10095,.T.);
#10132 = ORIENTED_EDGE('',*,*,#10133,.T.);
#10133 = EDGE_CURVE('',#10096,#10116,#10134,.T.);
#10134 = LINE('',#10135,#10136);
#10135 = CARTESIAN_POINT('',(10.,-0.35,-4.6E-02));
#10136 = VECTOR('',#10137,1.);
#10137 = DIRECTION('',(0.,0.,1.));
#10138 = ORIENTED_EDGE('',*,*,#10115,.F.);
#10139 = ORIENTED_EDGE('',*,*,#10133,.F.);
#10140 = CYLINDRICAL_SURFACE('',#10141,0.35);
#10141 = AXIS2_PLACEMENT_3D('',#10142,#10143,#10144);
#10142 = CARTESIAN_POINT('',(10.,5.96744875736E-16,-4.6E-02));
#10143 = DIRECTION('',(-0.,-0.,-1.));
#10144 = DIRECTION('',(-0.,-1.,0.));
#10145 = MANIFOLD_SOLID_BREP('',#10146);
#10146 = CLOSED_SHELL('',(#10147,#10189,#10220,#10251,#10280,#10309,
    #10321));
#10147 = ADVANCED_FACE('',(#10148),#10184,.T.);
#10148 = FACE_BOUND('',#10149,.T.);
#10149 = EDGE_LOOP('',(#10150,#10160,#10169,#10177));
#10150 = ORIENTED_EDGE('',*,*,#10151,.T.);
#10151 = EDGE_CURVE('',#10152,#10154,#10156,.T.);
#10152 = VERTEX_POINT('',#10153);
#10153 = CARTESIAN_POINT('',(12.6,-0.275,1.51));
#10154 = VERTEX_POINT('',#10155);
#10155 = CARTESIAN_POINT('',(12.6,-0.275,1.55));
#10156 = LINE('',#10157,#10158);
#10157 = CARTESIAN_POINT('',(12.6,-0.275,1.51));
#10158 = VECTOR('',#10159,1.);
#10159 = DIRECTION('',(0.,0.,1.));
#10160 = ORIENTED_EDGE('',*,*,#10161,.T.);
#10161 = EDGE_CURVE('',#10154,#10162,#10164,.T.);
#10162 = VERTEX_POINT('',#10163);
#10163 = CARTESIAN_POINT('',(11.4,-0.275,1.55));
#10164 = CIRCLE('',#10165,0.6);
#10165 = AXIS2_PLACEMENT_3D('',#10166,#10167,#10168);
#10166 = CARTESIAN_POINT('',(12.,-0.275000120653,1.55));
#10167 = DIRECTION('',(0.,0.,-1.));
#10168 = DIRECTION('',(1.,2.010883668839E-07,0.));
#10169 = ORIENTED_EDGE('',*,*,#10170,.F.);
#10170 = EDGE_CURVE('',#10171,#10162,#10173,.T.);
#10171 = VERTEX_POINT('',#10172);
#10172 = CARTESIAN_POINT('',(11.4,-0.275,1.51));
#10173 = LINE('',#10174,#10175);
#10174 = CARTESIAN_POINT('',(11.4,-0.275,1.51));
#10175 = VECTOR('',#10176,1.);
#10176 = DIRECTION('',(0.,0.,1.));
#10177 = ORIENTED_EDGE('',*,*,#10178,.F.);
#10178 = EDGE_CURVE('',#10152,#10171,#10179,.T.);
#10179 = CIRCLE('',#10180,0.6);
#10180 = AXIS2_PLACEMENT_3D('',#10181,#10182,#10183);
#10181 = CARTESIAN_POINT('',(12.,-0.275000120653,1.51));
#10182 = DIRECTION('',(0.,0.,-1.));
#10183 = DIRECTION('',(1.,2.010883668839E-07,0.));
#10184 = CYLINDRICAL_SURFACE('',#10185,0.6);
#10185 = AXIS2_PLACEMENT_3D('',#10186,#10187,#10188);
#10186 = CARTESIAN_POINT('',(12.,-0.275000120653,1.51));
#10187 = DIRECTION('',(0.,0.,-1.));
#10188 = DIRECTION('',(1.,2.010883668839E-07,0.));
#10189 = ADVANCED_FACE('',(#10190),#10215,.T.);
#10190 = FACE_BOUND('',#10191,.T.);
#10191 = EDGE_LOOP('',(#10192,#10202,#10208,#10209));
#10192 = ORIENTED_EDGE('',*,*,#10193,.T.);
#10193 = EDGE_CURVE('',#10194,#10196,#10198,.T.);
#10194 = VERTEX_POINT('',#10195);
#10195 = CARTESIAN_POINT('',(12.6,0.275,1.51));
#10196 = VERTEX_POINT('',#10197);
#10197 = CARTESIAN_POINT('',(12.6,0.275,1.55));
#10198 = LINE('',#10199,#10200);
#10199 = CARTESIAN_POINT('',(12.6,0.275,1.51));
#10200 = VECTOR('',#10201,1.);
#10201 = DIRECTION('',(0.,0.,1.));
#10202 = ORIENTED_EDGE('',*,*,#10203,.T.);
#10203 = EDGE_CURVE('',#10196,#10154,#10204,.T.);
#10204 = LINE('',#10205,#10206);
#10205 = CARTESIAN_POINT('',(12.6,0.275,1.55));
#10206 = VECTOR('',#10207,1.);
#10207 = DIRECTION('',(0.,-1.,0.));
#10208 = ORIENTED_EDGE('',*,*,#10151,.F.);
#10209 = ORIENTED_EDGE('',*,*,#10210,.F.);
#10210 = EDGE_CURVE('',#10194,#10152,#10211,.T.);
#10211 = LINE('',#10212,#10213);
#10212 = CARTESIAN_POINT('',(12.6,0.275,1.51));
#10213 = VECTOR('',#10214,1.);
#10214 = DIRECTION('',(0.,-1.,0.));
#10215 = PLANE('',#10216);
#10216 = AXIS2_PLACEMENT_3D('',#10217,#10218,#10219);
#10217 = CARTESIAN_POINT('',(12.6,0.275,1.51));
#10218 = DIRECTION('',(1.,0.,-0.));
#10219 = DIRECTION('',(0.,-1.,0.));
#10220 = ADVANCED_FACE('',(#10221),#10246,.T.);
#10221 = FACE_BOUND('',#10222,.T.);
#10222 = EDGE_LOOP('',(#10223,#10224,#10232,#10240));
#10223 = ORIENTED_EDGE('',*,*,#10170,.T.);
#10224 = ORIENTED_EDGE('',*,*,#10225,.T.);
#10225 = EDGE_CURVE('',#10162,#10226,#10228,.T.);
#10226 = VERTEX_POINT('',#10227);
#10227 = CARTESIAN_POINT('',(11.4,0.275,1.55));
#10228 = LINE('',#10229,#10230);
#10229 = CARTESIAN_POINT('',(11.4,-0.275,1.55));
#10230 = VECTOR('',#10231,1.);
#10231 = DIRECTION('',(0.,1.,0.));
#10232 = ORIENTED_EDGE('',*,*,#10233,.F.);
#10233 = EDGE_CURVE('',#10234,#10226,#10236,.T.);
#10234 = VERTEX_POINT('',#10235);
#10235 = CARTESIAN_POINT('',(11.4,0.275,1.51));
#10236 = LINE('',#10237,#10238);
#10237 = CARTESIAN_POINT('',(11.4,0.275,1.51));
#10238 = VECTOR('',#10239,1.);
#10239 = DIRECTION('',(0.,0.,1.));
#10240 = ORIENTED_EDGE('',*,*,#10241,.F.);
#10241 = EDGE_CURVE('',#10171,#10234,#10242,.T.);
#10242 = LINE('',#10243,#10244);
#10243 = CARTESIAN_POINT('',(11.4,-0.275,1.51));
#10244 = VECTOR('',#10245,1.);
#10245 = DIRECTION('',(0.,1.,0.));
#10246 = PLANE('',#10247);
#10247 = AXIS2_PLACEMENT_3D('',#10248,#10249,#10250);
#10248 = CARTESIAN_POINT('',(11.4,-0.275,1.51));
#10249 = DIRECTION('',(-1.,0.,0.));
#10250 = DIRECTION('',(0.,1.,0.));
#10251 = ADVANCED_FACE('',(#10252,#10264),#10275,.F.);
#10252 = FACE_BOUND('',#10253,.F.);
#10253 = EDGE_LOOP('',(#10254,#10255,#10256,#10263));
#10254 = ORIENTED_EDGE('',*,*,#10178,.F.);
#10255 = ORIENTED_EDGE('',*,*,#10210,.F.);
#10256 = ORIENTED_EDGE('',*,*,#10257,.F.);
#10257 = EDGE_CURVE('',#10234,#10194,#10258,.T.);
#10258 = CIRCLE('',#10259,0.6);
#10259 = AXIS2_PLACEMENT_3D('',#10260,#10261,#10262);
#10260 = CARTESIAN_POINT('',(12.,0.275000617752,1.51));
#10261 = DIRECTION('',(0.,0.,-1.));
#10262 = DIRECTION('',(-0.999999999999,-1.02958640132E-06,-0.));
#10263 = ORIENTED_EDGE('',*,*,#10241,.F.);
#10264 = FACE_BOUND('',#10265,.F.);
#10265 = EDGE_LOOP('',(#10266));
#10266 = ORIENTED_EDGE('',*,*,#10267,.T.);
#10267 = EDGE_CURVE('',#10268,#10268,#10270,.T.);
#10268 = VERTEX_POINT('',#10269);
#10269 = CARTESIAN_POINT('',(12.,-0.35,1.51));
#10270 = CIRCLE('',#10271,0.35);
#10271 = AXIS2_PLACEMENT_3D('',#10272,#10273,#10274);
#10272 = CARTESIAN_POINT('',(12.,5.96744875736E-16,1.51));
#10273 = DIRECTION('',(-0.,0.,-1.));
#10274 = DIRECTION('',(-0.,-1.,0.));
#10275 = PLANE('',#10276);
#10276 = AXIS2_PLACEMENT_3D('',#10277,#10278,#10279);
#10277 = CARTESIAN_POINT('',(0.,0.,1.51));
#10278 = DIRECTION('',(0.,0.,1.));
#10279 = DIRECTION('',(1.,0.,-0.));
#10280 = ADVANCED_FACE('',(#10281,#10293),#10304,.T.);
#10281 = FACE_BOUND('',#10282,.T.);
#10282 = EDGE_LOOP('',(#10283,#10284,#10285,#10292));
#10283 = ORIENTED_EDGE('',*,*,#10161,.F.);
#10284 = ORIENTED_EDGE('',*,*,#10203,.F.);
#10285 = ORIENTED_EDGE('',*,*,#10286,.F.);
#10286 = EDGE_CURVE('',#10226,#10196,#10287,.T.);
#10287 = CIRCLE('',#10288,0.6);
#10288 = AXIS2_PLACEMENT_3D('',#10289,#10290,#10291);
#10289 = CARTESIAN_POINT('',(12.,0.275000617752,1.55));
#10290 = DIRECTION('',(0.,0.,-1.));
#10291 = DIRECTION('',(-0.999999999999,-1.02958640132E-06,-0.));
#10292 = ORIENTED_EDGE('',*,*,#10225,.F.);
#10293 = FACE_BOUND('',#10294,.T.);
#10294 = EDGE_LOOP('',(#10295));
#10295 = ORIENTED_EDGE('',*,*,#10296,.T.);
#10296 = EDGE_CURVE('',#10297,#10297,#10299,.T.);
#10297 = VERTEX_POINT('',#10298);
#10298 = CARTESIAN_POINT('',(12.,-0.35,1.55));
#10299 = CIRCLE('',#10300,0.35);
#10300 = AXIS2_PLACEMENT_3D('',#10301,#10302,#10303);
#10301 = CARTESIAN_POINT('',(12.,5.96744875736E-16,1.55));
#10302 = DIRECTION('',(-0.,0.,-1.));
#10303 = DIRECTION('',(-0.,-1.,0.));
#10304 = PLANE('',#10305);
#10305 = AXIS2_PLACEMENT_3D('',#10306,#10307,#10308);
#10306 = CARTESIAN_POINT('',(0.,0.,1.55));
#10307 = DIRECTION('',(0.,0.,1.));
#10308 = DIRECTION('',(1.,0.,-0.));
#10309 = ADVANCED_FACE('',(#10310),#10316,.T.);
#10310 = FACE_BOUND('',#10311,.T.);
#10311 = EDGE_LOOP('',(#10312,#10313,#10314,#10315));
#10312 = ORIENTED_EDGE('',*,*,#10233,.T.);
#10313 = ORIENTED_EDGE('',*,*,#10286,.T.);
#10314 = ORIENTED_EDGE('',*,*,#10193,.F.);
#10315 = ORIENTED_EDGE('',*,*,#10257,.F.);
#10316 = CYLINDRICAL_SURFACE('',#10317,0.6);
#10317 = AXIS2_PLACEMENT_3D('',#10318,#10319,#10320);
#10318 = CARTESIAN_POINT('',(12.,0.275000617752,1.51));
#10319 = DIRECTION('',(0.,0.,-1.));
#10320 = DIRECTION('',(-0.999999999999,-1.02958640132E-06,-0.));
#10321 = ADVANCED_FACE('',(#10322),#10333,.F.);
#10322 = FACE_BOUND('',#10323,.T.);
#10323 = EDGE_LOOP('',(#10324,#10325,#10331,#10332));
#10324 = ORIENTED_EDGE('',*,*,#10267,.T.);
#10325 = ORIENTED_EDGE('',*,*,#10326,.T.);
#10326 = EDGE_CURVE('',#10268,#10297,#10327,.T.);
#10327 = LINE('',#10328,#10329);
#10328 = CARTESIAN_POINT('',(12.,-0.35,-4.6E-02));
#10329 = VECTOR('',#10330,1.);
#10330 = DIRECTION('',(0.,0.,1.));
#10331 = ORIENTED_EDGE('',*,*,#10296,.F.);
#10332 = ORIENTED_EDGE('',*,*,#10326,.F.);
#10333 = CYLINDRICAL_SURFACE('',#10334,0.35);
#10334 = AXIS2_PLACEMENT_3D('',#10335,#10336,#10337);
#10335 = CARTESIAN_POINT('',(12.,5.96744875736E-16,-4.6E-02));
#10336 = DIRECTION('',(-0.,-0.,-1.));
#10337 = DIRECTION('',(-0.,-1.,0.));
#10338 = MANIFOLD_SOLID_BREP('',#10339);
#10339 = CLOSED_SHELL('',(#10340,#10382,#10413,#10444,#10473,#10502,
    #10514));
#10340 = ADVANCED_FACE('',(#10341),#10377,.T.);
#10341 = FACE_BOUND('',#10342,.F.);
#10342 = EDGE_LOOP('',(#10343,#10353,#10362,#10370));
#10343 = ORIENTED_EDGE('',*,*,#10344,.T.);
#10344 = EDGE_CURVE('',#10345,#10347,#10349,.T.);
#10345 = VERTEX_POINT('',#10346);
#10346 = CARTESIAN_POINT('',(12.6,-0.275,0.));
#10347 = VERTEX_POINT('',#10348);
#10348 = CARTESIAN_POINT('',(12.6,-0.275,-4.E-02));
#10349 = LINE('',#10350,#10351);
#10350 = CARTESIAN_POINT('',(12.6,-0.275,0.));
#10351 = VECTOR('',#10352,1.);
#10352 = DIRECTION('',(0.,0.,-1.));
#10353 = ORIENTED_EDGE('',*,*,#10354,.T.);
#10354 = EDGE_CURVE('',#10347,#10355,#10357,.T.);
#10355 = VERTEX_POINT('',#10356);
#10356 = CARTESIAN_POINT('',(11.4,-0.275,-4.E-02));
#10357 = CIRCLE('',#10358,0.6);
#10358 = AXIS2_PLACEMENT_3D('',#10359,#10360,#10361);
#10359 = CARTESIAN_POINT('',(12.,-0.275000120653,-4.E-02));
#10360 = DIRECTION('',(0.,0.,-1.));
#10361 = DIRECTION('',(1.,2.010883668839E-07,0.));
#10362 = ORIENTED_EDGE('',*,*,#10363,.F.);
#10363 = EDGE_CURVE('',#10364,#10355,#10366,.T.);
#10364 = VERTEX_POINT('',#10365);
#10365 = CARTESIAN_POINT('',(11.4,-0.275,0.));
#10366 = LINE('',#10367,#10368);
#10367 = CARTESIAN_POINT('',(11.4,-0.275,0.));
#10368 = VECTOR('',#10369,1.);
#10369 = DIRECTION('',(0.,0.,-1.));
#10370 = ORIENTED_EDGE('',*,*,#10371,.F.);
#10371 = EDGE_CURVE('',#10345,#10364,#10372,.T.);
#10372 = CIRCLE('',#10373,0.6);
#10373 = AXIS2_PLACEMENT_3D('',#10374,#10375,#10376);
#10374 = CARTESIAN_POINT('',(12.,-0.275000120653,0.));
#10375 = DIRECTION('',(0.,0.,-1.));
#10376 = DIRECTION('',(1.,2.010883668839E-07,0.));
#10377 = CYLINDRICAL_SURFACE('',#10378,0.6);
#10378 = AXIS2_PLACEMENT_3D('',#10379,#10380,#10381);
#10379 = CARTESIAN_POINT('',(12.,-0.275000120653,0.));
#10380 = DIRECTION('',(-0.,-0.,1.));
#10381 = DIRECTION('',(1.,2.010883668839E-07,0.));
#10382 = ADVANCED_FACE('',(#10383),#10408,.F.);
#10383 = FACE_BOUND('',#10384,.F.);
#10384 = EDGE_LOOP('',(#10385,#10395,#10401,#10402));
#10385 = ORIENTED_EDGE('',*,*,#10386,.T.);
#10386 = EDGE_CURVE('',#10387,#10389,#10391,.T.);
#10387 = VERTEX_POINT('',#10388);
#10388 = CARTESIAN_POINT('',(12.6,0.275,0.));
#10389 = VERTEX_POINT('',#10390);
#10390 = CARTESIAN_POINT('',(12.6,0.275,-4.E-02));
#10391 = LINE('',#10392,#10393);
#10392 = CARTESIAN_POINT('',(12.6,0.275,0.));
#10393 = VECTOR('',#10394,1.);
#10394 = DIRECTION('',(0.,0.,-1.));
#10395 = ORIENTED_EDGE('',*,*,#10396,.T.);
#10396 = EDGE_CURVE('',#10389,#10347,#10397,.T.);
#10397 = LINE('',#10398,#10399);
#10398 = CARTESIAN_POINT('',(12.6,0.275,-4.E-02));
#10399 = VECTOR('',#10400,1.);
#10400 = DIRECTION('',(0.,-1.,0.));
#10401 = ORIENTED_EDGE('',*,*,#10344,.F.);
#10402 = ORIENTED_EDGE('',*,*,#10403,.F.);
#10403 = EDGE_CURVE('',#10387,#10345,#10404,.T.);
#10404 = LINE('',#10405,#10406);
#10405 = CARTESIAN_POINT('',(12.6,0.275,0.));
#10406 = VECTOR('',#10407,1.);
#10407 = DIRECTION('',(0.,-1.,0.));
#10408 = PLANE('',#10409);
#10409 = AXIS2_PLACEMENT_3D('',#10410,#10411,#10412);
#10410 = CARTESIAN_POINT('',(12.6,0.275,0.));
#10411 = DIRECTION('',(-1.,-0.,-0.));
#10412 = DIRECTION('',(0.,-1.,0.));
#10413 = ADVANCED_FACE('',(#10414),#10439,.F.);
#10414 = FACE_BOUND('',#10415,.F.);
#10415 = EDGE_LOOP('',(#10416,#10417,#10425,#10433));
#10416 = ORIENTED_EDGE('',*,*,#10363,.T.);
#10417 = ORIENTED_EDGE('',*,*,#10418,.T.);
#10418 = EDGE_CURVE('',#10355,#10419,#10421,.T.);
#10419 = VERTEX_POINT('',#10420);
#10420 = CARTESIAN_POINT('',(11.4,0.275,-4.E-02));
#10421 = LINE('',#10422,#10423);
#10422 = CARTESIAN_POINT('',(11.4,-0.275,-4.E-02));
#10423 = VECTOR('',#10424,1.);
#10424 = DIRECTION('',(0.,1.,0.));
#10425 = ORIENTED_EDGE('',*,*,#10426,.F.);
#10426 = EDGE_CURVE('',#10427,#10419,#10429,.T.);
#10427 = VERTEX_POINT('',#10428);
#10428 = CARTESIAN_POINT('',(11.4,0.275,0.));
#10429 = LINE('',#10430,#10431);
#10430 = CARTESIAN_POINT('',(11.4,0.275,0.));
#10431 = VECTOR('',#10432,1.);
#10432 = DIRECTION('',(0.,0.,-1.));
#10433 = ORIENTED_EDGE('',*,*,#10434,.F.);
#10434 = EDGE_CURVE('',#10364,#10427,#10435,.T.);
#10435 = LINE('',#10436,#10437);
#10436 = CARTESIAN_POINT('',(11.4,-0.275,0.));
#10437 = VECTOR('',#10438,1.);
#10438 = DIRECTION('',(0.,1.,0.));
#10439 = PLANE('',#10440);
#10440 = AXIS2_PLACEMENT_3D('',#10441,#10442,#10443);
#10441 = CARTESIAN_POINT('',(11.4,-0.275,0.));
#10442 = DIRECTION('',(1.,-0.,0.));
#10443 = DIRECTION('',(0.,1.,0.));
#10444 = ADVANCED_FACE('',(#10445,#10457),#10468,.F.);
#10445 = FACE_BOUND('',#10446,.F.);
#10446 = EDGE_LOOP('',(#10447,#10448,#10449,#10456));
#10447 = ORIENTED_EDGE('',*,*,#10371,.T.);
#10448 = ORIENTED_EDGE('',*,*,#10434,.T.);
#10449 = ORIENTED_EDGE('',*,*,#10450,.T.);
#10450 = EDGE_CURVE('',#10427,#10387,#10451,.T.);
#10451 = CIRCLE('',#10452,0.6);
#10452 = AXIS2_PLACEMENT_3D('',#10453,#10454,#10455);
#10453 = CARTESIAN_POINT('',(12.,0.275000617752,0.));
#10454 = DIRECTION('',(0.,0.,-1.));
#10455 = DIRECTION('',(-0.999999999999,-1.02958640132E-06,-0.));
#10456 = ORIENTED_EDGE('',*,*,#10403,.T.);
#10457 = FACE_BOUND('',#10458,.F.);
#10458 = EDGE_LOOP('',(#10459));
#10459 = ORIENTED_EDGE('',*,*,#10460,.F.);
#10460 = EDGE_CURVE('',#10461,#10461,#10463,.T.);
#10461 = VERTEX_POINT('',#10462);
#10462 = CARTESIAN_POINT('',(12.,-0.35,0.));
#10463 = CIRCLE('',#10464,0.35);
#10464 = AXIS2_PLACEMENT_3D('',#10465,#10466,#10467);
#10465 = CARTESIAN_POINT('',(12.,5.96744875736E-16,0.));
#10466 = DIRECTION('',(-0.,0.,-1.));
#10467 = DIRECTION('',(-0.,-1.,0.));
#10468 = PLANE('',#10469);
#10469 = AXIS2_PLACEMENT_3D('',#10470,#10471,#10472);
#10470 = CARTESIAN_POINT('',(0.,0.,0.));
#10471 = DIRECTION('',(-0.,-0.,-1.));
#10472 = DIRECTION('',(-1.,0.,0.));
#10473 = ADVANCED_FACE('',(#10474,#10486),#10497,.T.);
#10474 = FACE_BOUND('',#10475,.T.);
#10475 = EDGE_LOOP('',(#10476,#10477,#10478,#10485));
#10476 = ORIENTED_EDGE('',*,*,#10354,.T.);
#10477 = ORIENTED_EDGE('',*,*,#10418,.T.);
#10478 = ORIENTED_EDGE('',*,*,#10479,.T.);
#10479 = EDGE_CURVE('',#10419,#10389,#10480,.T.);
#10480 = CIRCLE('',#10481,0.6);
#10481 = AXIS2_PLACEMENT_3D('',#10482,#10483,#10484);
#10482 = CARTESIAN_POINT('',(12.,0.275000617752,-4.E-02));
#10483 = DIRECTION('',(0.,0.,-1.));
#10484 = DIRECTION('',(-0.999999999999,-1.02958640132E-06,-0.));
#10485 = ORIENTED_EDGE('',*,*,#10396,.T.);
#10486 = FACE_BOUND('',#10487,.T.);
#10487 = EDGE_LOOP('',(#10488));
#10488 = ORIENTED_EDGE('',*,*,#10489,.F.);
#10489 = EDGE_CURVE('',#10490,#10490,#10492,.T.);
#10490 = VERTEX_POINT('',#10491);
#10491 = CARTESIAN_POINT('',(12.,-0.35,-4.E-02));
#10492 = CIRCLE('',#10493,0.35);
#10493 = AXIS2_PLACEMENT_3D('',#10494,#10495,#10496);
#10494 = CARTESIAN_POINT('',(12.,5.96744875736E-16,-4.E-02));
#10495 = DIRECTION('',(-0.,0.,-1.));
#10496 = DIRECTION('',(-0.,-1.,0.));
#10497 = PLANE('',#10498);
#10498 = AXIS2_PLACEMENT_3D('',#10499,#10500,#10501);
#10499 = CARTESIAN_POINT('',(0.,0.,-4.E-02));
#10500 = DIRECTION('',(-0.,-0.,-1.));
#10501 = DIRECTION('',(-1.,0.,0.));
#10502 = ADVANCED_FACE('',(#10503),#10509,.T.);
#10503 = FACE_BOUND('',#10504,.F.);
#10504 = EDGE_LOOP('',(#10505,#10506,#10507,#10508));
#10505 = ORIENTED_EDGE('',*,*,#10426,.T.);
#10506 = ORIENTED_EDGE('',*,*,#10479,.T.);
#10507 = ORIENTED_EDGE('',*,*,#10386,.F.);
#10508 = ORIENTED_EDGE('',*,*,#10450,.F.);
#10509 = CYLINDRICAL_SURFACE('',#10510,0.6);
#10510 = AXIS2_PLACEMENT_3D('',#10511,#10512,#10513);
#10511 = CARTESIAN_POINT('',(12.,0.275000617752,0.));
#10512 = DIRECTION('',(-0.,-0.,1.));
#10513 = DIRECTION('',(-0.999999999999,-1.02958640132E-06,-0.));
#10514 = ADVANCED_FACE('',(#10515),#10526,.F.);
#10515 = FACE_BOUND('',#10516,.T.);
#10516 = EDGE_LOOP('',(#10517,#10518,#10524,#10525));
#10517 = ORIENTED_EDGE('',*,*,#10489,.T.);
#10518 = ORIENTED_EDGE('',*,*,#10519,.T.);
#10519 = EDGE_CURVE('',#10490,#10461,#10520,.T.);
#10520 = LINE('',#10521,#10522);
#10521 = CARTESIAN_POINT('',(12.,-0.35,-4.6E-02));
#10522 = VECTOR('',#10523,1.);
#10523 = DIRECTION('',(0.,0.,1.));
#10524 = ORIENTED_EDGE('',*,*,#10460,.F.);
#10525 = ORIENTED_EDGE('',*,*,#10519,.F.);
#10526 = CYLINDRICAL_SURFACE('',#10527,0.35);
#10527 = AXIS2_PLACEMENT_3D('',#10528,#10529,#10530);
#10528 = CARTESIAN_POINT('',(12.,5.96744875736E-16,-4.6E-02));
#10529 = DIRECTION('',(-0.,-0.,-1.));
#10530 = DIRECTION('',(-0.,-1.,0.));
#10531 = MANIFOLD_SOLID_BREP('',#10532);
#10532 = CLOSED_SHELL('',(#10533,#10566,#10586,#10606));
#10533 = ADVANCED_FACE('',(#10534),#10561,.T.);
#10534 = FACE_BOUND('',#10535,.F.);
#10535 = EDGE_LOOP('',(#10536,#10546,#10553,#10554));
#10536 = ORIENTED_EDGE('',*,*,#10537,.T.);
#10537 = EDGE_CURVE('',#10538,#10540,#10542,.T.);
#10538 = VERTEX_POINT('',#10539);
#10539 = CARTESIAN_POINT('',(12.,-0.375,-4.E-02));
#10540 = VERTEX_POINT('',#10541);
#10541 = CARTESIAN_POINT('',(12.,-0.375,1.55));
#10542 = LINE('',#10543,#10544);
#10543 = CARTESIAN_POINT('',(12.,-0.375,-4.E-02));
#10544 = VECTOR('',#10545,1.);
#10545 = DIRECTION('',(0.,0.,1.));
#10546 = ORIENTED_EDGE('',*,*,#10547,.T.);
#10547 = EDGE_CURVE('',#10540,#10540,#10548,.T.);
#10548 = CIRCLE('',#10549,0.375);
#10549 = AXIS2_PLACEMENT_3D('',#10550,#10551,#10552);
#10550 = CARTESIAN_POINT('',(12.,6.938893903907E-17,1.55));
#10551 = DIRECTION('',(0.,0.,1.));
#10552 = DIRECTION('',(-0.,-1.,0.));
#10553 = ORIENTED_EDGE('',*,*,#10537,.F.);
#10554 = ORIENTED_EDGE('',*,*,#10555,.F.);
#10555 = EDGE_CURVE('',#10538,#10538,#10556,.T.);
#10556 = CIRCLE('',#10557,0.375);
#10557 = AXIS2_PLACEMENT_3D('',#10558,#10559,#10560);
#10558 = CARTESIAN_POINT('',(12.,6.938893903907E-17,-4.E-02));
#10559 = DIRECTION('',(0.,0.,1.));
#10560 = DIRECTION('',(-0.,-1.,0.));
#10561 = CYLINDRICAL_SURFACE('',#10562,0.375);
#10562 = AXIS2_PLACEMENT_3D('',#10563,#10564,#10565);
#10563 = CARTESIAN_POINT('',(12.,6.938893903907E-17,-4.E-02));
#10564 = DIRECTION('',(-0.,-0.,-1.));
#10565 = DIRECTION('',(-0.,-1.,0.));
#10566 = ADVANCED_FACE('',(#10567,#10570),#10581,.F.);
#10567 = FACE_BOUND('',#10568,.F.);
#10568 = EDGE_LOOP('',(#10569));
#10569 = ORIENTED_EDGE('',*,*,#10555,.T.);
#10570 = FACE_BOUND('',#10571,.F.);
#10571 = EDGE_LOOP('',(#10572));
#10572 = ORIENTED_EDGE('',*,*,#10573,.T.);
#10573 = EDGE_CURVE('',#10574,#10574,#10576,.T.);
#10574 = VERTEX_POINT('',#10575);
#10575 = CARTESIAN_POINT('',(12.,-0.35,-4.E-02));
#10576 = CIRCLE('',#10577,0.35);
#10577 = AXIS2_PLACEMENT_3D('',#10578,#10579,#10580);
#10578 = CARTESIAN_POINT('',(12.,5.96744875736E-16,-4.E-02));
#10579 = DIRECTION('',(-0.,0.,-1.));
#10580 = DIRECTION('',(-0.,-1.,0.));
#10581 = PLANE('',#10582);
#10582 = AXIS2_PLACEMENT_3D('',#10583,#10584,#10585);
#10583 = CARTESIAN_POINT('',(12.,-0.375,-4.E-02));
#10584 = DIRECTION('',(0.,0.,1.));
#10585 = DIRECTION('',(1.,0.,-0.));
#10586 = ADVANCED_FACE('',(#10587,#10590),#10601,.T.);
#10587 = FACE_BOUND('',#10588,.T.);
#10588 = EDGE_LOOP('',(#10589));
#10589 = ORIENTED_EDGE('',*,*,#10547,.T.);
#10590 = FACE_BOUND('',#10591,.T.);
#10591 = EDGE_LOOP('',(#10592));
#10592 = ORIENTED_EDGE('',*,*,#10593,.T.);
#10593 = EDGE_CURVE('',#10594,#10594,#10596,.T.);
#10594 = VERTEX_POINT('',#10595);
#10595 = CARTESIAN_POINT('',(12.,-0.35,1.55));
#10596 = CIRCLE('',#10597,0.35);
#10597 = AXIS2_PLACEMENT_3D('',#10598,#10599,#10600);
#10598 = CARTESIAN_POINT('',(12.,5.96744875736E-16,1.55));
#10599 = DIRECTION('',(-0.,0.,-1.));
#10600 = DIRECTION('',(-0.,-1.,0.));
#10601 = PLANE('',#10602);
#10602 = AXIS2_PLACEMENT_3D('',#10603,#10604,#10605);
#10603 = CARTESIAN_POINT('',(12.,-0.375,1.55));
#10604 = DIRECTION('',(0.,0.,1.));
#10605 = DIRECTION('',(1.,0.,-0.));
#10606 = ADVANCED_FACE('',(#10607),#10618,.F.);
#10607 = FACE_BOUND('',#10608,.T.);
#10608 = EDGE_LOOP('',(#10609,#10610,#10616,#10617));
#10609 = ORIENTED_EDGE('',*,*,#10573,.T.);
#10610 = ORIENTED_EDGE('',*,*,#10611,.T.);
#10611 = EDGE_CURVE('',#10574,#10594,#10612,.T.);
#10612 = LINE('',#10613,#10614);
#10613 = CARTESIAN_POINT('',(12.,-0.35,-4.6E-02));
#10614 = VECTOR('',#10615,1.);
#10615 = DIRECTION('',(0.,0.,1.));
#10616 = ORIENTED_EDGE('',*,*,#10593,.F.);
#10617 = ORIENTED_EDGE('',*,*,#10611,.F.);
#10618 = CYLINDRICAL_SURFACE('',#10619,0.35);
#10619 = AXIS2_PLACEMENT_3D('',#10620,#10621,#10622);
#10620 = CARTESIAN_POINT('',(12.,5.96744875736E-16,-4.6E-02));
#10621 = DIRECTION('',(-0.,-0.,-1.));
#10622 = DIRECTION('',(-0.,-1.,0.));
#10623 = ( GEOMETRIC_REPRESENTATION_CONTEXT(3) 
GLOBAL_UNCERTAINTY_ASSIGNED_CONTEXT((#10627)) 
GLOBAL_UNIT_ASSIGNED_CONTEXT((#10624,#10625,#10626)) 
REPRESENTATION_CONTEXT('Context #1',
  '3D Context with UNIT and UNCERTAINTY') );
#10624 = ( LENGTH_UNIT() NAMED_UNIT(*) SI_UNIT(.MILLI.,.METRE.) );
#10625 = ( NAMED_UNIT(*) PLANE_ANGLE_UNIT() SI_UNIT($,.RADIAN.) );
#10626 = ( NAMED_UNIT(*) SI_UNIT($,.STERADIAN.) SOLID_ANGLE_UNIT() );
#10627 = UNCERTAINTY_MEASURE_WITH_UNIT(LENGTH_MEASURE(1.E-07),#10624,
  'distance_accuracy_value','confusion accuracy');
#10628 = CONTEXT_DEPENDENT_SHAPE_REPRESENTATION(#10629,#10631);
#10629 = ( REPRESENTATION_RELATIONSHIP('','',#7004,#10) 
REPRESENTATION_RELATIONSHIP_WITH_TRANSFORMATION(#10630) 
SHAPE_REPRESENTATION_RELATIONSHIP() );
#10630 = ITEM_DEFINED_TRANSFORMATION('','',#11,#19);
#10631 = PRODUCT_DEFINITION_SHAPE('Placement','Placement of an item',
  #10632);
#10632 = NEXT_ASSEMBLY_USAGE_OCCURRENCE('3','=>[0:1:1:4]','',#5,#6999,$
  );
#10633 = PRODUCT_RELATED_PRODUCT_CATEGORY('part',$,(#7001));
#10634 = SHAPE_DEFINITION_REPRESENTATION(#10635,#10641);
#10635 = PRODUCT_DEFINITION_SHAPE('','',#10636);
#10636 = PRODUCT_DEFINITION('design','',#10637,#10640);
#10637 = PRODUCT_DEFINITION_FORMATION('','',#10638);
#10638 = PRODUCT(
'electronic_connector_jst_ph_2_mm_pitch_through_hole_vertical_7_pin_jst_
b7b_ph_k_s_render_PCB',
'electronic_connector_jst_ph_2_mm_pitch_through_hole_vertical_7_pin_jst_
b7b_ph_k_s_render_PCB','',(#10639));
#10639 = PRODUCT_CONTEXT('',#2,'mechanical');
#10640 = PRODUCT_DEFINITION_CONTEXT('part definition',#2,'design');
#10641 = ADVANCED_BREP_SHAPE_REPRESENTATION('',(#11,#10642),#11065);
#10642 = MANIFOLD_SOLID_BREP('',#10643);
#10643 = CLOSED_SHELL('',(#10644,#10684,#10715,#10746,#10840,#10934,
    #10946,#10963,#10980,#10997,#11014,#11031,#11048));
#10644 = ADVANCED_FACE('',(#10645),#10679,.T.);
#10645 = FACE_BOUND('',#10646,.T.);
#10646 = EDGE_LOOP('',(#10647,#10657,#10665,#10673));
#10647 = ORIENTED_EDGE('',*,*,#10648,.T.);
#10648 = EDGE_CURVE('',#10649,#10651,#10653,.T.);
#10649 = VERTEX_POINT('',#10650);
#10650 = CARTESIAN_POINT('',(16.45,-5.3,0.));
#10651 = VERTEX_POINT('',#10652);
#10652 = CARTESIAN_POINT('',(16.45,-5.3,1.51));
#10653 = LINE('',#10654,#10655);
#10654 = CARTESIAN_POINT('',(16.45,-5.3,0.));
#10655 = VECTOR('',#10656,1.);
#10656 = DIRECTION('',(0.,0.,1.));
#10657 = ORIENTED_EDGE('',*,*,#10658,.T.);
#10658 = EDGE_CURVE('',#10651,#10659,#10661,.T.);
#10659 = VERTEX_POINT('',#10660);
#10660 = CARTESIAN_POINT('',(-4.45,-5.3,1.51));
#10661 = LINE('',#10662,#10663);
#10662 = CARTESIAN_POINT('',(16.45,-5.3,1.51));
#10663 = VECTOR('',#10664,1.);
#10664 = DIRECTION('',(-1.,0.,0.));
#10665 = ORIENTED_EDGE('',*,*,#10666,.F.);
#10666 = EDGE_CURVE('',#10667,#10659,#10669,.T.);
#10667 = VERTEX_POINT('',#10668);
#10668 = CARTESIAN_POINT('',(-4.45,-5.3,0.));
#10669 = LINE('',#10670,#10671);
#10670 = CARTESIAN_POINT('',(-4.45,-5.3,0.));
#10671 = VECTOR('',#10672,1.);
#10672 = DIRECTION('',(0.,0.,1.));
#10673 = ORIENTED_EDGE('',*,*,#10674,.F.);
#10674 = EDGE_CURVE('',#10649,#10667,#10675,.T.);
#10675 = LINE('',#10676,#10677);
#10676 = CARTESIAN_POINT('',(16.45,-5.3,0.));
#10677 = VECTOR('',#10678,1.);
#10678 = DIRECTION('',(-1.,0.,0.));
#10679 = PLANE('',#10680);
#10680 = AXIS2_PLACEMENT_3D('',#10681,#10682,#10683);
#10681 = CARTESIAN_POINT('',(16.45,-5.3,0.));
#10682 = DIRECTION('',(0.,-1.,0.));
#10683 = DIRECTION('',(-1.,0.,0.));
#10684 = ADVANCED_FACE('',(#10685),#10710,.T.);
#10685 = FACE_BOUND('',#10686,.T.);
#10686 = EDGE_LOOP('',(#10687,#10697,#10703,#10704));
#10687 = ORIENTED_EDGE('',*,*,#10688,.T.);
#10688 = EDGE_CURVE('',#10689,#10691,#10693,.T.);
#10689 = VERTEX_POINT('',#10690);
#10690 = CARTESIAN_POINT('',(16.45,4.2,0.));
#10691 = VERTEX_POINT('',#10692);
#10692 = CARTESIAN_POINT('',(16.45,4.2,1.51));
#10693 = LINE('',#10694,#10695);
#10694 = CARTESIAN_POINT('',(16.45,4.2,0.));
#10695 = VECTOR('',#10696,1.);
#10696 = DIRECTION('',(0.,0.,1.));
#10697 = ORIENTED_EDGE('',*,*,#10698,.T.);
#10698 = EDGE_CURVE('',#10691,#10651,#10699,.T.);
#10699 = LINE('',#10700,#10701);
#10700 = CARTESIAN_POINT('',(16.45,4.2,1.51));
#10701 = VECTOR('',#10702,1.);
#10702 = DIRECTION('',(0.,-1.,0.));
#10703 = ORIENTED_EDGE('',*,*,#10648,.F.);
#10704 = ORIENTED_EDGE('',*,*,#10705,.F.);
#10705 = EDGE_CURVE('',#10689,#10649,#10706,.T.);
#10706 = LINE('',#10707,#10708);
#10707 = CARTESIAN_POINT('',(16.45,4.2,0.));
#10708 = VECTOR('',#10709,1.);
#10709 = DIRECTION('',(0.,-1.,0.));
#10710 = PLANE('',#10711);
#10711 = AXIS2_PLACEMENT_3D('',#10712,#10713,#10714);
#10712 = CARTESIAN_POINT('',(16.45,4.2,0.));
#10713 = DIRECTION('',(1.,0.,-0.));
#10714 = DIRECTION('',(0.,-1.,0.));
#10715 = ADVANCED_FACE('',(#10716),#10741,.T.);
#10716 = FACE_BOUND('',#10717,.T.);
#10717 = EDGE_LOOP('',(#10718,#10719,#10727,#10735));
#10718 = ORIENTED_EDGE('',*,*,#10666,.T.);
#10719 = ORIENTED_EDGE('',*,*,#10720,.T.);
#10720 = EDGE_CURVE('',#10659,#10721,#10723,.T.);
#10721 = VERTEX_POINT('',#10722);
#10722 = CARTESIAN_POINT('',(-4.45,4.2,1.51));
#10723 = LINE('',#10724,#10725);
#10724 = CARTESIAN_POINT('',(-4.45,-5.3,1.51));
#10725 = VECTOR('',#10726,1.);
#10726 = DIRECTION('',(0.,1.,0.));
#10727 = ORIENTED_EDGE('',*,*,#10728,.F.);
#10728 = EDGE_CURVE('',#10729,#10721,#10731,.T.);
#10729 = VERTEX_POINT('',#10730);
#10730 = CARTESIAN_POINT('',(-4.45,4.2,0.));
#10731 = LINE('',#10732,#10733);
#10732 = CARTESIAN_POINT('',(-4.45,4.2,0.));
#10733 = VECTOR('',#10734,1.);
#10734 = DIRECTION('',(0.,0.,1.));
#10735 = ORIENTED_EDGE('',*,*,#10736,.F.);
#10736 = EDGE_CURVE('',#10667,#10729,#10737,.T.);
#10737 = LINE('',#10738,#10739);
#10738 = CARTESIAN_POINT('',(-4.45,-5.3,0.));
#10739 = VECTOR('',#10740,1.);
#10740 = DIRECTION('',(0.,1.,0.));
#10741 = PLANE('',#10742);
#10742 = AXIS2_PLACEMENT_3D('',#10743,#10744,#10745);
#10743 = CARTESIAN_POINT('',(-4.45,-5.3,0.));
#10744 = DIRECTION('',(-1.,0.,0.));
#10745 = DIRECTION('',(0.,1.,0.));
#10746 = ADVANCED_FACE('',(#10747,#10758,#10769,#10780,#10791,#10802,
    #10813,#10824),#10835,.F.);
#10747 = FACE_BOUND('',#10748,.F.);
#10748 = EDGE_LOOP('',(#10749,#10750,#10751,#10757));
#10749 = ORIENTED_EDGE('',*,*,#10674,.F.);
#10750 = ORIENTED_EDGE('',*,*,#10705,.F.);
#10751 = ORIENTED_EDGE('',*,*,#10752,.F.);
#10752 = EDGE_CURVE('',#10729,#10689,#10753,.T.);
#10753 = LINE('',#10754,#10755);
#10754 = CARTESIAN_POINT('',(-4.45,4.2,0.));
#10755 = VECTOR('',#10756,1.);
#10756 = DIRECTION('',(1.,0.,0.));
#10757 = ORIENTED_EDGE('',*,*,#10736,.F.);
#10758 = FACE_BOUND('',#10759,.F.);
#10759 = EDGE_LOOP('',(#10760));
#10760 = ORIENTED_EDGE('',*,*,#10761,.T.);
#10761 = EDGE_CURVE('',#10762,#10762,#10764,.T.);
#10762 = VERTEX_POINT('',#10763);
#10763 = CARTESIAN_POINT('',(-6.162975822039E-33,-0.375,0.));
#10764 = CIRCLE('',#10765,0.375);
#10765 = AXIS2_PLACEMENT_3D('',#10766,#10767,#10768);
#10766 = CARTESIAN_POINT('',(-4.163336342344E-17,6.938893903907E-17,0.)
  );
#10767 = DIRECTION('',(-0.,0.,-1.));
#10768 = DIRECTION('',(1.110223024625E-16,-1.,-0.));
#10769 = FACE_BOUND('',#10770,.F.);
#10770 = EDGE_LOOP('',(#10771));
#10771 = ORIENTED_EDGE('',*,*,#10772,.T.);
#10772 = EDGE_CURVE('',#10773,#10773,#10775,.T.);
#10773 = VERTEX_POINT('',#10774);
#10774 = CARTESIAN_POINT('',(2.,-0.375,0.));
#10775 = CIRCLE('',#10776,0.375);
#10776 = AXIS2_PLACEMENT_3D('',#10777,#10778,#10779);
#10777 = CARTESIAN_POINT('',(2.,6.938893903907E-17,0.));
#10778 = DIRECTION('',(-0.,0.,-1.));
#10779 = DIRECTION('',(-0.,-1.,0.));
#10780 = FACE_BOUND('',#10781,.F.);
#10781 = EDGE_LOOP('',(#10782));
#10782 = ORIENTED_EDGE('',*,*,#10783,.T.);
#10783 = EDGE_CURVE('',#10784,#10784,#10786,.T.);
#10784 = VERTEX_POINT('',#10785);
#10785 = CARTESIAN_POINT('',(4.,-0.375,0.));
#10786 = CIRCLE('',#10787,0.375);
#10787 = AXIS2_PLACEMENT_3D('',#10788,#10789,#10790);
#10788 = CARTESIAN_POINT('',(4.,6.938893903907E-17,0.));
#10789 = DIRECTION('',(-0.,0.,-1.));
#10790 = DIRECTION('',(-0.,-1.,0.));
#10791 = FACE_BOUND('',#10792,.F.);
#10792 = EDGE_LOOP('',(#10793));
#10793 = ORIENTED_EDGE('',*,*,#10794,.T.);
#10794 = EDGE_CURVE('',#10795,#10795,#10797,.T.);
#10795 = VERTEX_POINT('',#10796);
#10796 = CARTESIAN_POINT('',(6.,-0.375,0.));
#10797 = CIRCLE('',#10798,0.375);
#10798 = AXIS2_PLACEMENT_3D('',#10799,#10800,#10801);
#10799 = CARTESIAN_POINT('',(6.,6.938893903907E-17,0.));
#10800 = DIRECTION('',(-0.,0.,-1.));
#10801 = DIRECTION('',(-0.,-1.,0.));
#10802 = FACE_BOUND('',#10803,.F.);
#10803 = EDGE_LOOP('',(#10804));
#10804 = ORIENTED_EDGE('',*,*,#10805,.T.);
#10805 = EDGE_CURVE('',#10806,#10806,#10808,.T.);
#10806 = VERTEX_POINT('',#10807);
#10807 = CARTESIAN_POINT('',(8.,-0.375,0.));
#10808 = CIRCLE('',#10809,0.375);
#10809 = AXIS2_PLACEMENT_3D('',#10810,#10811,#10812);
#10810 = CARTESIAN_POINT('',(8.,6.938893903907E-17,0.));
#10811 = DIRECTION('',(-0.,0.,-1.));
#10812 = DIRECTION('',(-0.,-1.,0.));
#10813 = FACE_BOUND('',#10814,.F.);
#10814 = EDGE_LOOP('',(#10815));
#10815 = ORIENTED_EDGE('',*,*,#10816,.T.);
#10816 = EDGE_CURVE('',#10817,#10817,#10819,.T.);
#10817 = VERTEX_POINT('',#10818);
#10818 = CARTESIAN_POINT('',(10.,-0.375,0.));
#10819 = CIRCLE('',#10820,0.375);
#10820 = AXIS2_PLACEMENT_3D('',#10821,#10822,#10823);
#10821 = CARTESIAN_POINT('',(10.,6.938893903907E-17,0.));
#10822 = DIRECTION('',(-0.,0.,-1.));
#10823 = DIRECTION('',(-0.,-1.,0.));
#10824 = FACE_BOUND('',#10825,.F.);
#10825 = EDGE_LOOP('',(#10826));
#10826 = ORIENTED_EDGE('',*,*,#10827,.T.);
#10827 = EDGE_CURVE('',#10828,#10828,#10830,.T.);
#10828 = VERTEX_POINT('',#10829);
#10829 = CARTESIAN_POINT('',(12.,-0.375,0.));
#10830 = CIRCLE('',#10831,0.375);
#10831 = AXIS2_PLACEMENT_3D('',#10832,#10833,#10834);
#10832 = CARTESIAN_POINT('',(12.,6.938893903907E-17,0.));
#10833 = DIRECTION('',(-0.,0.,-1.));
#10834 = DIRECTION('',(-0.,-1.,0.));
#10835 = PLANE('',#10836);
#10836 = AXIS2_PLACEMENT_3D('',#10837,#10838,#10839);
#10837 = CARTESIAN_POINT('',(0.,0.,0.));
#10838 = DIRECTION('',(0.,0.,1.));
#10839 = DIRECTION('',(1.,0.,-0.));
#10840 = ADVANCED_FACE('',(#10841,#10852,#10863,#10874,#10885,#10896,
    #10907,#10918),#10929,.T.);
#10841 = FACE_BOUND('',#10842,.T.);
#10842 = EDGE_LOOP('',(#10843,#10844,#10845,#10851));
#10843 = ORIENTED_EDGE('',*,*,#10658,.F.);
#10844 = ORIENTED_EDGE('',*,*,#10698,.F.);
#10845 = ORIENTED_EDGE('',*,*,#10846,.F.);
#10846 = EDGE_CURVE('',#10721,#10691,#10847,.T.);
#10847 = LINE('',#10848,#10849);
#10848 = CARTESIAN_POINT('',(-4.45,4.2,1.51));
#10849 = VECTOR('',#10850,1.);
#10850 = DIRECTION('',(1.,0.,0.));
#10851 = ORIENTED_EDGE('',*,*,#10720,.F.);
#10852 = FACE_BOUND('',#10853,.T.);
#10853 = EDGE_LOOP('',(#10854));
#10854 = ORIENTED_EDGE('',*,*,#10855,.T.);
#10855 = EDGE_CURVE('',#10856,#10856,#10858,.T.);
#10856 = VERTEX_POINT('',#10857);
#10857 = CARTESIAN_POINT('',(-6.162975822039E-33,-0.375,1.51));
#10858 = CIRCLE('',#10859,0.375);
#10859 = AXIS2_PLACEMENT_3D('',#10860,#10861,#10862);
#10860 = CARTESIAN_POINT('',(-4.163336342344E-17,6.938893903907E-17,1.51
    ));
#10861 = DIRECTION('',(-0.,0.,-1.));
#10862 = DIRECTION('',(1.110223024625E-16,-1.,-0.));
#10863 = FACE_BOUND('',#10864,.T.);
#10864 = EDGE_LOOP('',(#10865));
#10865 = ORIENTED_EDGE('',*,*,#10866,.T.);
#10866 = EDGE_CURVE('',#10867,#10867,#10869,.T.);
#10867 = VERTEX_POINT('',#10868);
#10868 = CARTESIAN_POINT('',(2.,-0.375,1.51));
#10869 = CIRCLE('',#10870,0.375);
#10870 = AXIS2_PLACEMENT_3D('',#10871,#10872,#10873);
#10871 = CARTESIAN_POINT('',(2.,6.938893903907E-17,1.51));
#10872 = DIRECTION('',(-0.,0.,-1.));
#10873 = DIRECTION('',(-0.,-1.,0.));
#10874 = FACE_BOUND('',#10875,.T.);
#10875 = EDGE_LOOP('',(#10876));
#10876 = ORIENTED_EDGE('',*,*,#10877,.T.);
#10877 = EDGE_CURVE('',#10878,#10878,#10880,.T.);
#10878 = VERTEX_POINT('',#10879);
#10879 = CARTESIAN_POINT('',(4.,-0.375,1.51));
#10880 = CIRCLE('',#10881,0.375);
#10881 = AXIS2_PLACEMENT_3D('',#10882,#10883,#10884);
#10882 = CARTESIAN_POINT('',(4.,6.938893903907E-17,1.51));
#10883 = DIRECTION('',(-0.,0.,-1.));
#10884 = DIRECTION('',(-0.,-1.,0.));
#10885 = FACE_BOUND('',#10886,.T.);
#10886 = EDGE_LOOP('',(#10887));
#10887 = ORIENTED_EDGE('',*,*,#10888,.T.);
#10888 = EDGE_CURVE('',#10889,#10889,#10891,.T.);
#10889 = VERTEX_POINT('',#10890);
#10890 = CARTESIAN_POINT('',(6.,-0.375,1.51));
#10891 = CIRCLE('',#10892,0.375);
#10892 = AXIS2_PLACEMENT_3D('',#10893,#10894,#10895);
#10893 = CARTESIAN_POINT('',(6.,6.938893903907E-17,1.51));
#10894 = DIRECTION('',(-0.,0.,-1.));
#10895 = DIRECTION('',(-0.,-1.,0.));
#10896 = FACE_BOUND('',#10897,.T.);
#10897 = EDGE_LOOP('',(#10898));
#10898 = ORIENTED_EDGE('',*,*,#10899,.T.);
#10899 = EDGE_CURVE('',#10900,#10900,#10902,.T.);
#10900 = VERTEX_POINT('',#10901);
#10901 = CARTESIAN_POINT('',(8.,-0.375,1.51));
#10902 = CIRCLE('',#10903,0.375);
#10903 = AXIS2_PLACEMENT_3D('',#10904,#10905,#10906);
#10904 = CARTESIAN_POINT('',(8.,6.938893903907E-17,1.51));
#10905 = DIRECTION('',(-0.,0.,-1.));
#10906 = DIRECTION('',(-0.,-1.,0.));
#10907 = FACE_BOUND('',#10908,.T.);
#10908 = EDGE_LOOP('',(#10909));
#10909 = ORIENTED_EDGE('',*,*,#10910,.T.);
#10910 = EDGE_CURVE('',#10911,#10911,#10913,.T.);
#10911 = VERTEX_POINT('',#10912);
#10912 = CARTESIAN_POINT('',(10.,-0.375,1.51));
#10913 = CIRCLE('',#10914,0.375);
#10914 = AXIS2_PLACEMENT_3D('',#10915,#10916,#10917);
#10915 = CARTESIAN_POINT('',(10.,6.938893903907E-17,1.51));
#10916 = DIRECTION('',(-0.,0.,-1.));
#10917 = DIRECTION('',(-0.,-1.,0.));
#10918 = FACE_BOUND('',#10919,.T.);
#10919 = EDGE_LOOP('',(#10920));
#10920 = ORIENTED_EDGE('',*,*,#10921,.T.);
#10921 = EDGE_CURVE('',#10922,#10922,#10924,.T.);
#10922 = VERTEX_POINT('',#10923);
#10923 = CARTESIAN_POINT('',(12.,-0.375,1.51));
#10924 = CIRCLE('',#10925,0.375);
#10925 = AXIS2_PLACEMENT_3D('',#10926,#10927,#10928);
#10926 = CARTESIAN_POINT('',(12.,6.938893903907E-17,1.51));
#10927 = DIRECTION('',(-0.,0.,-1.));
#10928 = DIRECTION('',(-0.,-1.,0.));
#10929 = PLANE('',#10930);
#10930 = AXIS2_PLACEMENT_3D('',#10931,#10932,#10933);
#10931 = CARTESIAN_POINT('',(0.,0.,1.51));
#10932 = DIRECTION('',(0.,0.,1.));
#10933 = DIRECTION('',(1.,0.,-0.));
#10934 = ADVANCED_FACE('',(#10935),#10941,.T.);
#10935 = FACE_BOUND('',#10936,.T.);
#10936 = EDGE_LOOP('',(#10937,#10938,#10939,#10940));
#10937 = ORIENTED_EDGE('',*,*,#10728,.T.);
#10938 = ORIENTED_EDGE('',*,*,#10846,.T.);
#10939 = ORIENTED_EDGE('',*,*,#10688,.F.);
#10940 = ORIENTED_EDGE('',*,*,#10752,.F.);
#10941 = PLANE('',#10942);
#10942 = AXIS2_PLACEMENT_3D('',#10943,#10944,#10945);
#10943 = CARTESIAN_POINT('',(-4.45,4.2,0.));
#10944 = DIRECTION('',(0.,1.,0.));
#10945 = DIRECTION('',(1.,0.,0.));
#10946 = ADVANCED_FACE('',(#10947),#10958,.F.);
#10947 = FACE_BOUND('',#10948,.T.);
#10948 = EDGE_LOOP('',(#10949,#10950,#10956,#10957));
#10949 = ORIENTED_EDGE('',*,*,#10761,.T.);
#10950 = ORIENTED_EDGE('',*,*,#10951,.T.);
#10951 = EDGE_CURVE('',#10762,#10856,#10952,.T.);
#10952 = LINE('',#10953,#10954);
#10953 = CARTESIAN_POINT('',(-6.162975822039E-33,-0.375,-4.6E-02));
#10954 = VECTOR('',#10955,1.);
#10955 = DIRECTION('',(0.,0.,1.));
#10956 = ORIENTED_EDGE('',*,*,#10855,.F.);
#10957 = ORIENTED_EDGE('',*,*,#10951,.F.);
#10958 = CYLINDRICAL_SURFACE('',#10959,0.375);
#10959 = AXIS2_PLACEMENT_3D('',#10960,#10961,#10962);
#10960 = CARTESIAN_POINT('',(-4.163336342344E-17,6.938893903907E-17,
    -4.6E-02));
#10961 = DIRECTION('',(-0.,0.,-1.));
#10962 = DIRECTION('',(1.110223024625E-16,-1.,-0.));
#10963 = ADVANCED_FACE('',(#10964),#10975,.F.);
#10964 = FACE_BOUND('',#10965,.T.);
#10965 = EDGE_LOOP('',(#10966,#10967,#10973,#10974));
#10966 = ORIENTED_EDGE('',*,*,#10772,.T.);
#10967 = ORIENTED_EDGE('',*,*,#10968,.T.);
#10968 = EDGE_CURVE('',#10773,#10867,#10969,.T.);
#10969 = LINE('',#10970,#10971);
#10970 = CARTESIAN_POINT('',(2.,-0.375,-4.6E-02));
#10971 = VECTOR('',#10972,1.);
#10972 = DIRECTION('',(0.,0.,1.));
#10973 = ORIENTED_EDGE('',*,*,#10866,.F.);
#10974 = ORIENTED_EDGE('',*,*,#10968,.F.);
#10975 = CYLINDRICAL_SURFACE('',#10976,0.375);
#10976 = AXIS2_PLACEMENT_3D('',#10977,#10978,#10979);
#10977 = CARTESIAN_POINT('',(2.,6.938893903907E-17,-4.6E-02));
#10978 = DIRECTION('',(-0.,-0.,-1.));
#10979 = DIRECTION('',(-0.,-1.,0.));
#10980 = ADVANCED_FACE('',(#10981),#10992,.F.);
#10981 = FACE_BOUND('',#10982,.T.);
#10982 = EDGE_LOOP('',(#10983,#10984,#10990,#10991));
#10983 = ORIENTED_EDGE('',*,*,#10783,.T.);
#10984 = ORIENTED_EDGE('',*,*,#10985,.T.);
#10985 = EDGE_CURVE('',#10784,#10878,#10986,.T.);
#10986 = LINE('',#10987,#10988);
#10987 = CARTESIAN_POINT('',(4.,-0.375,-4.6E-02));
#10988 = VECTOR('',#10989,1.);
#10989 = DIRECTION('',(0.,0.,1.));
#10990 = ORIENTED_EDGE('',*,*,#10877,.F.);
#10991 = ORIENTED_EDGE('',*,*,#10985,.F.);
#10992 = CYLINDRICAL_SURFACE('',#10993,0.375);
#10993 = AXIS2_PLACEMENT_3D('',#10994,#10995,#10996);
#10994 = CARTESIAN_POINT('',(4.,6.938893903907E-17,-4.6E-02));
#10995 = DIRECTION('',(-0.,-0.,-1.));
#10996 = DIRECTION('',(-0.,-1.,0.));
#10997 = ADVANCED_FACE('',(#10998),#11009,.F.);
#10998 = FACE_BOUND('',#10999,.T.);
#10999 = EDGE_LOOP('',(#11000,#11001,#11007,#11008));
#11000 = ORIENTED_EDGE('',*,*,#10794,.T.);
#11001 = ORIENTED_EDGE('',*,*,#11002,.T.);
#11002 = EDGE_CURVE('',#10795,#10889,#11003,.T.);
#11003 = LINE('',#11004,#11005);
#11004 = CARTESIAN_POINT('',(6.,-0.375,-4.6E-02));
#11005 = VECTOR('',#11006,1.);
#11006 = DIRECTION('',(0.,0.,1.));
#11007 = ORIENTED_EDGE('',*,*,#10888,.F.);
#11008 = ORIENTED_EDGE('',*,*,#11002,.F.);
#11009 = CYLINDRICAL_SURFACE('',#11010,0.375);
#11010 = AXIS2_PLACEMENT_3D('',#11011,#11012,#11013);
#11011 = CARTESIAN_POINT('',(6.,6.938893903907E-17,-4.6E-02));
#11012 = DIRECTION('',(-0.,-0.,-1.));
#11013 = DIRECTION('',(-0.,-1.,0.));
#11014 = ADVANCED_FACE('',(#11015),#11026,.F.);
#11015 = FACE_BOUND('',#11016,.T.);
#11016 = EDGE_LOOP('',(#11017,#11018,#11024,#11025));
#11017 = ORIENTED_EDGE('',*,*,#10805,.T.);
#11018 = ORIENTED_EDGE('',*,*,#11019,.T.);
#11019 = EDGE_CURVE('',#10806,#10900,#11020,.T.);
#11020 = LINE('',#11021,#11022);
#11021 = CARTESIAN_POINT('',(8.,-0.375,-4.6E-02));
#11022 = VECTOR('',#11023,1.);
#11023 = DIRECTION('',(0.,0.,1.));
#11024 = ORIENTED_EDGE('',*,*,#10899,.F.);
#11025 = ORIENTED_EDGE('',*,*,#11019,.F.);
#11026 = CYLINDRICAL_SURFACE('',#11027,0.375);
#11027 = AXIS2_PLACEMENT_3D('',#11028,#11029,#11030);
#11028 = CARTESIAN_POINT('',(8.,6.938893903907E-17,-4.6E-02));
#11029 = DIRECTION('',(-0.,-0.,-1.));
#11030 = DIRECTION('',(-0.,-1.,0.));
#11031 = ADVANCED_FACE('',(#11032),#11043,.F.);
#11032 = FACE_BOUND('',#11033,.T.);
#11033 = EDGE_LOOP('',(#11034,#11035,#11041,#11042));
#11034 = ORIENTED_EDGE('',*,*,#10816,.T.);
#11035 = ORIENTED_EDGE('',*,*,#11036,.T.);
#11036 = EDGE_CURVE('',#10817,#10911,#11037,.T.);
#11037 = LINE('',#11038,#11039);
#11038 = CARTESIAN_POINT('',(10.,-0.375,-4.6E-02));
#11039 = VECTOR('',#11040,1.);
#11040 = DIRECTION('',(0.,0.,1.));
#11041 = ORIENTED_EDGE('',*,*,#10910,.F.);
#11042 = ORIENTED_EDGE('',*,*,#11036,.F.);
#11043 = CYLINDRICAL_SURFACE('',#11044,0.375);
#11044 = AXIS2_PLACEMENT_3D('',#11045,#11046,#11047);
#11045 = CARTESIAN_POINT('',(10.,6.938893903907E-17,-4.6E-02));
#11046 = DIRECTION('',(-0.,-0.,-1.));
#11047 = DIRECTION('',(-0.,-1.,0.));
#11048 = ADVANCED_FACE('',(#11049),#11060,.F.);
#11049 = FACE_BOUND('',#11050,.T.);
#11050 = EDGE_LOOP('',(#11051,#11052,#11058,#11059));
#11051 = ORIENTED_EDGE('',*,*,#10827,.T.);
#11052 = ORIENTED_EDGE('',*,*,#11053,.T.);
#11053 = EDGE_CURVE('',#10828,#10922,#11054,.T.);
#11054 = LINE('',#11055,#11056);
#11055 = CARTESIAN_POINT('',(12.,-0.375,-4.6E-02));
#11056 = VECTOR('',#11057,1.);
#11057 = DIRECTION('',(0.,0.,1.));
#11058 = ORIENTED_EDGE('',*,*,#10921,.F.);
#11059 = ORIENTED_EDGE('',*,*,#11053,.F.);
#11060 = CYLINDRICAL_SURFACE('',#11061,0.375);
#11061 = AXIS2_PLACEMENT_3D('',#11062,#11063,#11064);
#11062 = CARTESIAN_POINT('',(12.,6.938893903907E-17,-4.6E-02));
#11063 = DIRECTION('',(-0.,-0.,-1.));
#11064 = DIRECTION('',(-0.,-1.,0.));
#11065 = ( GEOMETRIC_REPRESENTATION_CONTEXT(3) 
GLOBAL_UNCERTAINTY_ASSIGNED_CONTEXT((#11069)) 
GLOBAL_UNIT_ASSIGNED_CONTEXT((#11066,#11067,#11068)) 
REPRESENTATION_CONTEXT('Context #1',
  '3D Context with UNIT and UNCERTAINTY') );
#11066 = ( LENGTH_UNIT() NAMED_UNIT(*) SI_UNIT(.MILLI.,.METRE.) );
#11067 = ( NAMED_UNIT(*) PLANE_ANGLE_UNIT() SI_UNIT($,.RADIAN.) );
#11068 = ( NAMED_UNIT(*) SI_UNIT($,.STERADIAN.) SOLID_ANGLE_UNIT() );
#11069 = UNCERTAINTY_MEASURE_WITH_UNIT(LENGTH_MEASURE(1.E-07),#11066,
  'distance_accuracy_value','confusion accuracy');
#11070 = CONTEXT_DEPENDENT_SHAPE_REPRESENTATION(#11071,#11073);
#11071 = ( REPRESENTATION_RELATIONSHIP('','',#10641,#10) 
REPRESENTATION_RELATIONSHIP_WITH_TRANSFORMATION(#11072) 
SHAPE_REPRESENTATION_RELATIONSHIP() );
#11072 = ITEM_DEFINED_TRANSFORMATION('','',#11,#23);
#11073 = PRODUCT_DEFINITION_SHAPE('Placement','Placement of an item',
  #11074);
#11074 = NEXT_ASSEMBLY_USAGE_OCCURRENCE('4','=>[0:1:1:5]','',#5,#10636,$
  );
#11075 = PRODUCT_RELATED_PRODUCT_CATEGORY('part',$,(#10638));
#11076 = MECHANICAL_DESIGN_GEOMETRIC_PRESENTATION_REPRESENTATION('',(
    #11077),#11065);
#11077 = STYLED_ITEM('color',(#11078),#10642);
#11078 = PRESENTATION_STYLE_ASSIGNMENT((#11079));
#11079 = SURFACE_STYLE_USAGE(.BOTH.,#11080);
#11080 = SURFACE_SIDE_STYLE('',(#11081));
#11081 = SURFACE_STYLE_FILL_AREA(#11082);
#11082 = FILL_AREA_STYLE('',(#11083));
#11083 = FILL_AREA_STYLE_COLOUR('',#11084);
#11084 = COLOUR_RGB('',0.313304153717,0.484529207832,0.410020903123);
#11085 = MECHANICAL_DESIGN_GEOMETRIC_PRESENTATION_REPRESENTATION('',(
    #11086,#11094,#11101,#11108,#11115,#11122,#11129,#11136,#11143,
    #11150,#11157,#11164,#11171,#11178,#11185,#11192,#11199,#11206,
    #11213,#11220,#11227),#10623);
#11086 = STYLED_ITEM('color',(#11087),#7005);
#11087 = PRESENTATION_STYLE_ASSIGNMENT((#11088));
#11088 = SURFACE_STYLE_USAGE(.BOTH.,#11089);
#11089 = SURFACE_SIDE_STYLE('',(#11090));
#11090 = SURFACE_STYLE_FILL_AREA(#11091);
#11091 = FILL_AREA_STYLE('',(#11092));
#11092 = FILL_AREA_STYLE_COLOUR('',#11093);
#11093 = COLOUR_RGB('',0.735356983052,0.735356983052,0.735356983052);
#11094 = STYLED_ITEM('color',(#11095),#7334);
#11095 = PRESENTATION_STYLE_ASSIGNMENT((#11096));
#11096 = SURFACE_STYLE_USAGE(.BOTH.,#11097);
#11097 = SURFACE_SIDE_STYLE('',(#11098));
#11098 = SURFACE_STYLE_FILL_AREA(#11099);
#11099 = FILL_AREA_STYLE('',(#11100));
#11100 = FILL_AREA_STYLE_COLOUR('',#11093);
#11101 = STYLED_ITEM('color',(#11102),#7663);
#11102 = PRESENTATION_STYLE_ASSIGNMENT((#11103));
#11103 = SURFACE_STYLE_USAGE(.BOTH.,#11104);
#11104 = SURFACE_SIDE_STYLE('',(#11105));
#11105 = SURFACE_STYLE_FILL_AREA(#11106);
#11106 = FILL_AREA_STYLE('',(#11107));
#11107 = FILL_AREA_STYLE_COLOUR('',#11093);
#11108 = STYLED_ITEM('color',(#11109),#7755);
#11109 = PRESENTATION_STYLE_ASSIGNMENT((#11110));
#11110 = SURFACE_STYLE_USAGE(.BOTH.,#11111);
#11111 = SURFACE_SIDE_STYLE('',(#11112));
#11112 = SURFACE_STYLE_FILL_AREA(#11113);
#11113 = FILL_AREA_STYLE('',(#11114));
#11114 = FILL_AREA_STYLE_COLOUR('',#11093);
#11115 = STYLED_ITEM('color',(#11116),#7948);
#11116 = PRESENTATION_STYLE_ASSIGNMENT((#11117));
#11117 = SURFACE_STYLE_USAGE(.BOTH.,#11118);
#11118 = SURFACE_SIDE_STYLE('',(#11119));
#11119 = SURFACE_STYLE_FILL_AREA(#11120);
#11120 = FILL_AREA_STYLE('',(#11121));
#11121 = FILL_AREA_STYLE_COLOUR('',#11093);
#11122 = STYLED_ITEM('color',(#11123),#8141);
#11123 = PRESENTATION_STYLE_ASSIGNMENT((#11124));
#11124 = SURFACE_STYLE_USAGE(.BOTH.,#11125);
#11125 = SURFACE_SIDE_STYLE('',(#11126));
#11126 = SURFACE_STYLE_FILL_AREA(#11127);
#11127 = FILL_AREA_STYLE('',(#11128));
#11128 = FILL_AREA_STYLE_COLOUR('',#11093);
#11129 = STYLED_ITEM('color',(#11130),#8233);
#11130 = PRESENTATION_STYLE_ASSIGNMENT((#11131));
#11131 = SURFACE_STYLE_USAGE(.BOTH.,#11132);
#11132 = SURFACE_SIDE_STYLE('',(#11133));
#11133 = SURFACE_STYLE_FILL_AREA(#11134);
#11134 = FILL_AREA_STYLE('',(#11135));
#11135 = FILL_AREA_STYLE_COLOUR('',#11093);
#11136 = STYLED_ITEM('color',(#11137),#8426);
#11137 = PRESENTATION_STYLE_ASSIGNMENT((#11138));
#11138 = SURFACE_STYLE_USAGE(.BOTH.,#11139);
#11139 = SURFACE_SIDE_STYLE('',(#11140));
#11140 = SURFACE_STYLE_FILL_AREA(#11141);
#11141 = FILL_AREA_STYLE('',(#11142));
#11142 = FILL_AREA_STYLE_COLOUR('',#11093);
#11143 = STYLED_ITEM('color',(#11144),#8619);
#11144 = PRESENTATION_STYLE_ASSIGNMENT((#11145));
#11145 = SURFACE_STYLE_USAGE(.BOTH.,#11146);
#11146 = SURFACE_SIDE_STYLE('',(#11147));
#11147 = SURFACE_STYLE_FILL_AREA(#11148);
#11148 = FILL_AREA_STYLE('',(#11149));
#11149 = FILL_AREA_STYLE_COLOUR('',#11093);
#11150 = STYLED_ITEM('color',(#11151),#8711);
#11151 = PRESENTATION_STYLE_ASSIGNMENT((#11152));
#11152 = SURFACE_STYLE_USAGE(.BOTH.,#11153);
#11153 = SURFACE_SIDE_STYLE('',(#11154));
#11154 = SURFACE_STYLE_FILL_AREA(#11155);
#11155 = FILL_AREA_STYLE('',(#11156));
#11156 = FILL_AREA_STYLE_COLOUR('',#11093);
#11157 = STYLED_ITEM('color',(#11158),#8904);
#11158 = PRESENTATION_STYLE_ASSIGNMENT((#11159));
#11159 = SURFACE_STYLE_USAGE(.BOTH.,#11160);
#11160 = SURFACE_SIDE_STYLE('',(#11161));
#11161 = SURFACE_STYLE_FILL_AREA(#11162);
#11162 = FILL_AREA_STYLE('',(#11163));
#11163 = FILL_AREA_STYLE_COLOUR('',#11093);
#11164 = STYLED_ITEM('color',(#11165),#9097);
#11165 = PRESENTATION_STYLE_ASSIGNMENT((#11166));
#11166 = SURFACE_STYLE_USAGE(.BOTH.,#11167);
#11167 = SURFACE_SIDE_STYLE('',(#11168));
#11168 = SURFACE_STYLE_FILL_AREA(#11169);
#11169 = FILL_AREA_STYLE('',(#11170));
#11170 = FILL_AREA_STYLE_COLOUR('',#11093);
#11171 = STYLED_ITEM('color',(#11172),#9189);
#11172 = PRESENTATION_STYLE_ASSIGNMENT((#11173));
#11173 = SURFACE_STYLE_USAGE(.BOTH.,#11174);
#11174 = SURFACE_SIDE_STYLE('',(#11175));
#11175 = SURFACE_STYLE_FILL_AREA(#11176);
#11176 = FILL_AREA_STYLE('',(#11177));
#11177 = FILL_AREA_STYLE_COLOUR('',#11093);
#11178 = STYLED_ITEM('color',(#11179),#9382);
#11179 = PRESENTATION_STYLE_ASSIGNMENT((#11180));
#11180 = SURFACE_STYLE_USAGE(.BOTH.,#11181);
#11181 = SURFACE_SIDE_STYLE('',(#11182));
#11182 = SURFACE_STYLE_FILL_AREA(#11183);
#11183 = FILL_AREA_STYLE('',(#11184));
#11184 = FILL_AREA_STYLE_COLOUR('',#11093);
#11185 = STYLED_ITEM('color',(#11186),#9575);
#11186 = PRESENTATION_STYLE_ASSIGNMENT((#11187));
#11187 = SURFACE_STYLE_USAGE(.BOTH.,#11188);
#11188 = SURFACE_SIDE_STYLE('',(#11189));
#11189 = SURFACE_STYLE_FILL_AREA(#11190);
#11190 = FILL_AREA_STYLE('',(#11191));
#11191 = FILL_AREA_STYLE_COLOUR('',#11093);
#11192 = STYLED_ITEM('color',(#11193),#9667);
#11193 = PRESENTATION_STYLE_ASSIGNMENT((#11194));
#11194 = SURFACE_STYLE_USAGE(.BOTH.,#11195);
#11195 = SURFACE_SIDE_STYLE('',(#11196));
#11196 = SURFACE_STYLE_FILL_AREA(#11197);
#11197 = FILL_AREA_STYLE('',(#11198));
#11198 = FILL_AREA_STYLE_COLOUR('',#11093);
#11199 = STYLED_ITEM('color',(#11200),#9860);
#11200 = PRESENTATION_STYLE_ASSIGNMENT((#11201));
#11201 = SURFACE_STYLE_USAGE(.BOTH.,#11202);
#11202 = SURFACE_SIDE_STYLE('',(#11203));
#11203 = SURFACE_STYLE_FILL_AREA(#11204);
#11204 = FILL_AREA_STYLE('',(#11205));
#11205 = FILL_AREA_STYLE_COLOUR('',#11093);
#11206 = STYLED_ITEM('color',(#11207),#10053);
#11207 = PRESENTATION_STYLE_ASSIGNMENT((#11208));
#11208 = SURFACE_STYLE_USAGE(.BOTH.,#11209);
#11209 = SURFACE_SIDE_STYLE('',(#11210));
#11210 = SURFACE_STYLE_FILL_AREA(#11211);
#11211 = FILL_AREA_STYLE('',(#11212));
#11212 = FILL_AREA_STYLE_COLOUR('',#11093);
#11213 = STYLED_ITEM('color',(#11214),#10145);
#11214 = PRESENTATION_STYLE_ASSIGNMENT((#11215));
#11215 = SURFACE_STYLE_USAGE(.BOTH.,#11216);
#11216 = SURFACE_SIDE_STYLE('',(#11217));
#11217 = SURFACE_STYLE_FILL_AREA(#11218);
#11218 = FILL_AREA_STYLE('',(#11219));
#11219 = FILL_AREA_STYLE_COLOUR('',#11093);
#11220 = STYLED_ITEM('color',(#11221),#10338);
#11221 = PRESENTATION_STYLE_ASSIGNMENT((#11222));
#11222 = SURFACE_STYLE_USAGE(.BOTH.,#11223);
#11223 = SURFACE_SIDE_STYLE('',(#11224));
#11224 = SURFACE_STYLE_FILL_AREA(#11225);
#11225 = FILL_AREA_STYLE('',(#11226));
#11226 = FILL_AREA_STYLE_COLOUR('',#11093);
#11227 = STYLED_ITEM('color',(#11228),#10531);
#11228 = PRESENTATION_STYLE_ASSIGNMENT((#11229));
#11229 = SURFACE_STYLE_USAGE(.BOTH.,#11230);
#11230 = SURFACE_SIDE_STYLE('',(#11231));
#11231 = SURFACE_STYLE_FILL_AREA(#11232);
#11232 = FILL_AREA_STYLE('',(#11233));
#11233 = FILL_AREA_STYLE_COLOUR('',#11093);
#11234 = MECHANICAL_DESIGN_GEOMETRIC_PRESENTATION_REPRESENTATION('',(
    #11235,#11243,#11250,#11257,#11264,#11271,#11278,#11285,#11292,
    #11299,#11306,#11313,#11320,#11327,#11334,#11341,#11348,#11355,
    #11362,#11369,#11376,#11383,#11390,#11397,#11404,#11411,#11418,
    #11425,#11432,#11439,#11446,#11453,#11460,#11467,#11474,#11481,
    #11488,#11495,#11502,#11509,#11516,#11523,#11530,#11537,#11544,
    #11551,#11558,#11565,#11572,#11579,#11586,#11593,#11600,#11607,
    #11614,#11621,#11628,#11635,#11642,#11649,#11656,#11663,#11670,
    #11677,#11684,#11691,#11698,#11705,#11712,#11719,#11726,#11733,
    #11740,#11747,#11755,#11762,#11769,#11776,#11783,#11790,#11797,
    #11804,#11811,#11818,#11825,#11832,#11839,#11846,#11853,#11860,
    #11867,#11874,#11881,#11888,#11895,#11902,#11909,#11916,#11923,
    #11930,#11937,#11944,#11951,#11958,#11965,#11972,#11979,#11986,
    #11993,#12000,#12007,#12014,#12021,#12028,#12035,#12042,#12049,
    #12056,#12063,#12070,#12077,#12084,#12091,#12098,#12105,#12112,
    #12119,#12126,#12133,#12140,#12147,#12154,#12161,#12168,#12175,
    #12182,#12189,#12196,#12203,#12210,#12217,#12224,#12231,#12238,
    #12245,#12252,#12259,#12266,#12273,#12280,#12287,#12294,#12301,
    #12308,#12315,#12322,#12329,#12336,#12343,#12350,#12357,#12364,
    #12371,#12378,#12385,#12392,#12399,#12406,#12413,#12420,#12427,
    #12434,#12441,#12448,#12455,#12462,#12469,#12476,#12483,#12490,
    #12497,#12504,#12511,#12518,#12525,#12532,#12539,#12546,#12553,
    #12560,#12567,#12574,#12581,#12588,#12595,#12602,#12609,#12616,
    #12623,#12630,#12637,#12644,#12651,#12658,#12665,#12672,#12679,
    #12686,#12693,#12700,#12707,#12714,#12721,#12728,#12735,#12742,
    #12749,#12756,#12763,#12770,#12777,#12784,#12791,#12798,#12805,
    #12812,#12819,#12826,#12833,#12840,#12847,#12854,#12861),#6986);
#11235 = STYLED_ITEM('color',(#11236),#66);
#11236 = PRESENTATION_STYLE_ASSIGNMENT((#11237));
#11237 = SURFACE_STYLE_USAGE(.BOTH.,#11238);
#11238 = SURFACE_SIDE_STYLE('',(#11239));
#11239 = SURFACE_STYLE_FILL_AREA(#11240);
#11240 = FILL_AREA_STYLE('',(#11241));
#11241 = FILL_AREA_STYLE_COLOUR('',#11242);
#11242 = COLOUR_RGB('',0.894117649055,0.890196087049,0.811764731185);
#11243 = STYLED_ITEM('color',(#11244),#106);
#11244 = PRESENTATION_STYLE_ASSIGNMENT((#11245));
#11245 = SURFACE_STYLE_USAGE(.BOTH.,#11246);
#11246 = SURFACE_SIDE_STYLE('',(#11247));
#11247 = SURFACE_STYLE_FILL_AREA(#11248);
#11248 = FILL_AREA_STYLE('',(#11249));
#11249 = FILL_AREA_STYLE_COLOUR('',#11242);
#11250 = STYLED_ITEM('color',(#11251),#170);
#11251 = PRESENTATION_STYLE_ASSIGNMENT((#11252));
#11252 = SURFACE_STYLE_USAGE(.BOTH.,#11253);
#11253 = SURFACE_SIDE_STYLE('',(#11254));
#11254 = SURFACE_STYLE_FILL_AREA(#11255);
#11255 = FILL_AREA_STYLE('',(#11256));
#11256 = FILL_AREA_STYLE_COLOUR('',#11242);
#11257 = STYLED_ITEM('color',(#11258),#418);
#11258 = PRESENTATION_STYLE_ASSIGNMENT((#11259));
#11259 = SURFACE_STYLE_USAGE(.BOTH.,#11260);
#11260 = SURFACE_SIDE_STYLE('',(#11261));
#11261 = SURFACE_STYLE_FILL_AREA(#11262);
#11262 = FILL_AREA_STYLE('',(#11263));
#11263 = FILL_AREA_STYLE_COLOUR('',#11242);
#11264 = STYLED_ITEM('color',(#11265),#458);
#11265 = PRESENTATION_STYLE_ASSIGNMENT((#11266));
#11266 = SURFACE_STYLE_USAGE(.BOTH.,#11267);
#11267 = SURFACE_SIDE_STYLE('',(#11268));
#11268 = SURFACE_STYLE_FILL_AREA(#11269);
#11269 = FILL_AREA_STYLE('',(#11270));
#11270 = FILL_AREA_STYLE_COLOUR('',#11242);
#11271 = STYLED_ITEM('color',(#11272),#829);
#11272 = PRESENTATION_STYLE_ASSIGNMENT((#11273));
#11273 = SURFACE_STYLE_USAGE(.BOTH.,#11274);
#11274 = SURFACE_SIDE_STYLE('',(#11275));
#11275 = SURFACE_STYLE_FILL_AREA(#11276);
#11276 = FILL_AREA_STYLE('',(#11277));
#11277 = FILL_AREA_STYLE_COLOUR('',#11242);
#11278 = STYLED_ITEM('color',(#11279),#869);
#11279 = PRESENTATION_STYLE_ASSIGNMENT((#11280));
#11280 = SURFACE_STYLE_USAGE(.BOTH.,#11281);
#11281 = SURFACE_SIDE_STYLE('',(#11282));
#11282 = SURFACE_STYLE_FILL_AREA(#11283);
#11283 = FILL_AREA_STYLE('',(#11284));
#11284 = FILL_AREA_STYLE_COLOUR('',#11242);
#11285 = STYLED_ITEM('color',(#11286),#893);
#11286 = PRESENTATION_STYLE_ASSIGNMENT((#11287));
#11287 = SURFACE_STYLE_USAGE(.BOTH.,#11288);
#11288 = SURFACE_SIDE_STYLE('',(#11289));
#11289 = SURFACE_STYLE_FILL_AREA(#11290);
#11290 = FILL_AREA_STYLE('',(#11291));
#11291 = FILL_AREA_STYLE_COLOUR('',#11242);
#11292 = STYLED_ITEM('color',(#11293),#918);
#11293 = PRESENTATION_STYLE_ASSIGNMENT((#11294));
#11294 = SURFACE_STYLE_USAGE(.BOTH.,#11295);
#11295 = SURFACE_SIDE_STYLE('',(#11296));
#11296 = SURFACE_STYLE_FILL_AREA(#11297);
#11297 = FILL_AREA_STYLE('',(#11298));
#11298 = FILL_AREA_STYLE_COLOUR('',#11242);
#11299 = STYLED_ITEM('color',(#11300),#942);
#11300 = PRESENTATION_STYLE_ASSIGNMENT((#11301));
#11301 = SURFACE_STYLE_USAGE(.BOTH.,#11302);
#11302 = SURFACE_SIDE_STYLE('',(#11303));
#11303 = SURFACE_STYLE_FILL_AREA(#11304);
#11304 = FILL_AREA_STYLE('',(#11305));
#11305 = FILL_AREA_STYLE_COLOUR('',#11242);
#11306 = STYLED_ITEM('color',(#11307),#991);
#11307 = PRESENTATION_STYLE_ASSIGNMENT((#11308));
#11308 = SURFACE_STYLE_USAGE(.BOTH.,#11309);
#11309 = SURFACE_SIDE_STYLE('',(#11310));
#11310 = SURFACE_STYLE_FILL_AREA(#11311);
#11311 = FILL_AREA_STYLE('',(#11312));
#11312 = FILL_AREA_STYLE_COLOUR('',#11242);
#11313 = STYLED_ITEM('color',(#11314),#1013);
#11314 = PRESENTATION_STYLE_ASSIGNMENT((#11315));
#11315 = SURFACE_STYLE_USAGE(.BOTH.,#11316);
#11316 = SURFACE_SIDE_STYLE('',(#11317));
#11317 = SURFACE_STYLE_FILL_AREA(#11318);
#11318 = FILL_AREA_STYLE('',(#11319));
#11319 = FILL_AREA_STYLE_COLOUR('',#11242);
#11320 = STYLED_ITEM('color',(#11321),#1046);
#11321 = PRESENTATION_STYLE_ASSIGNMENT((#11322));
#11322 = SURFACE_STYLE_USAGE(.BOTH.,#11323);
#11323 = SURFACE_SIDE_STYLE('',(#11324));
#11324 = SURFACE_STYLE_FILL_AREA(#11325);
#11325 = FILL_AREA_STYLE('',(#11326));
#11326 = FILL_AREA_STYLE_COLOUR('',#11242);
#11327 = STYLED_ITEM('color',(#11328),#1070);
#11328 = PRESENTATION_STYLE_ASSIGNMENT((#11329));
#11329 = SURFACE_STYLE_USAGE(.BOTH.,#11330);
#11330 = SURFACE_SIDE_STYLE('',(#11331));
#11331 = SURFACE_STYLE_FILL_AREA(#11332);
#11332 = FILL_AREA_STYLE('',(#11333));
#11333 = FILL_AREA_STYLE_COLOUR('',#11242);
#11334 = STYLED_ITEM('color',(#11335),#1101);
#11335 = PRESENTATION_STYLE_ASSIGNMENT((#11336));
#11336 = SURFACE_STYLE_USAGE(.BOTH.,#11337);
#11337 = SURFACE_SIDE_STYLE('',(#11338));
#11338 = SURFACE_STYLE_FILL_AREA(#11339);
#11339 = FILL_AREA_STYLE('',(#11340));
#11340 = FILL_AREA_STYLE_COLOUR('',#11242);
#11341 = STYLED_ITEM('color',(#11342),#1118);
#11342 = PRESENTATION_STYLE_ASSIGNMENT((#11343));
#11343 = SURFACE_STYLE_USAGE(.BOTH.,#11344);
#11344 = SURFACE_SIDE_STYLE('',(#11345));
#11345 = SURFACE_STYLE_FILL_AREA(#11346);
#11346 = FILL_AREA_STYLE('',(#11347));
#11347 = FILL_AREA_STYLE_COLOUR('',#11242);
#11348 = STYLED_ITEM('color',(#11349),#1151);
#11349 = PRESENTATION_STYLE_ASSIGNMENT((#11350));
#11350 = SURFACE_STYLE_USAGE(.BOTH.,#11351);
#11351 = SURFACE_SIDE_STYLE('',(#11352));
#11352 = SURFACE_STYLE_FILL_AREA(#11353);
#11353 = FILL_AREA_STYLE('',(#11354));
#11354 = FILL_AREA_STYLE_COLOUR('',#11242);
#11355 = STYLED_ITEM('color',(#11356),#1175);
#11356 = PRESENTATION_STYLE_ASSIGNMENT((#11357));
#11357 = SURFACE_STYLE_USAGE(.BOTH.,#11358);
#11358 = SURFACE_SIDE_STYLE('',(#11359));
#11359 = SURFACE_STYLE_FILL_AREA(#11360);
#11360 = FILL_AREA_STYLE('',(#11361));
#11361 = FILL_AREA_STYLE_COLOUR('',#11242);
#11362 = STYLED_ITEM('color',(#11363),#1206);
#11363 = PRESENTATION_STYLE_ASSIGNMENT((#11364));
#11364 = SURFACE_STYLE_USAGE(.BOTH.,#11365);
#11365 = SURFACE_SIDE_STYLE('',(#11366));
#11366 = SURFACE_STYLE_FILL_AREA(#11367);
#11367 = FILL_AREA_STYLE('',(#11368));
#11368 = FILL_AREA_STYLE_COLOUR('',#11242);
#11369 = STYLED_ITEM('color',(#11370),#1223);
#11370 = PRESENTATION_STYLE_ASSIGNMENT((#11371));
#11371 = SURFACE_STYLE_USAGE(.BOTH.,#11372);
#11372 = SURFACE_SIDE_STYLE('',(#11373));
#11373 = SURFACE_STYLE_FILL_AREA(#11374);
#11374 = FILL_AREA_STYLE('',(#11375));
#11375 = FILL_AREA_STYLE_COLOUR('',#11242);
#11376 = STYLED_ITEM('color',(#11377),#1256);
#11377 = PRESENTATION_STYLE_ASSIGNMENT((#11378));
#11378 = SURFACE_STYLE_USAGE(.BOTH.,#11379);
#11379 = SURFACE_SIDE_STYLE('',(#11380));
#11380 = SURFACE_STYLE_FILL_AREA(#11381);
#11381 = FILL_AREA_STYLE('',(#11382));
#11382 = FILL_AREA_STYLE_COLOUR('',#11242);
#11383 = STYLED_ITEM('color',(#11384),#1280);
#11384 = PRESENTATION_STYLE_ASSIGNMENT((#11385));
#11385 = SURFACE_STYLE_USAGE(.BOTH.,#11386);
#11386 = SURFACE_SIDE_STYLE('',(#11387));
#11387 = SURFACE_STYLE_FILL_AREA(#11388);
#11388 = FILL_AREA_STYLE('',(#11389));
#11389 = FILL_AREA_STYLE_COLOUR('',#11242);
#11390 = STYLED_ITEM('color',(#11391),#1311);
#11391 = PRESENTATION_STYLE_ASSIGNMENT((#11392));
#11392 = SURFACE_STYLE_USAGE(.BOTH.,#11393);
#11393 = SURFACE_SIDE_STYLE('',(#11394));
#11394 = SURFACE_STYLE_FILL_AREA(#11395);
#11395 = FILL_AREA_STYLE('',(#11396));
#11396 = FILL_AREA_STYLE_COLOUR('',#11242);
#11397 = STYLED_ITEM('color',(#11398),#1328);
#11398 = PRESENTATION_STYLE_ASSIGNMENT((#11399));
#11399 = SURFACE_STYLE_USAGE(.BOTH.,#11400);
#11400 = SURFACE_SIDE_STYLE('',(#11401));
#11401 = SURFACE_STYLE_FILL_AREA(#11402);
#11402 = FILL_AREA_STYLE('',(#11403));
#11403 = FILL_AREA_STYLE_COLOUR('',#11242);
#11404 = STYLED_ITEM('color',(#11405),#1361);
#11405 = PRESENTATION_STYLE_ASSIGNMENT((#11406));
#11406 = SURFACE_STYLE_USAGE(.BOTH.,#11407);
#11407 = SURFACE_SIDE_STYLE('',(#11408));
#11408 = SURFACE_STYLE_FILL_AREA(#11409);
#11409 = FILL_AREA_STYLE('',(#11410));
#11410 = FILL_AREA_STYLE_COLOUR('',#11242);
#11411 = STYLED_ITEM('color',(#11412),#1385);
#11412 = PRESENTATION_STYLE_ASSIGNMENT((#11413));
#11413 = SURFACE_STYLE_USAGE(.BOTH.,#11414);
#11414 = SURFACE_SIDE_STYLE('',(#11415));
#11415 = SURFACE_STYLE_FILL_AREA(#11416);
#11416 = FILL_AREA_STYLE('',(#11417));
#11417 = FILL_AREA_STYLE_COLOUR('',#11242);
#11418 = STYLED_ITEM('color',(#11419),#1416);
#11419 = PRESENTATION_STYLE_ASSIGNMENT((#11420));
#11420 = SURFACE_STYLE_USAGE(.BOTH.,#11421);
#11421 = SURFACE_SIDE_STYLE('',(#11422));
#11422 = SURFACE_STYLE_FILL_AREA(#11423);
#11423 = FILL_AREA_STYLE('',(#11424));
#11424 = FILL_AREA_STYLE_COLOUR('',#11242);
#11425 = STYLED_ITEM('color',(#11426),#1433);
#11426 = PRESENTATION_STYLE_ASSIGNMENT((#11427));
#11427 = SURFACE_STYLE_USAGE(.BOTH.,#11428);
#11428 = SURFACE_SIDE_STYLE('',(#11429));
#11429 = SURFACE_STYLE_FILL_AREA(#11430);
#11430 = FILL_AREA_STYLE('',(#11431));
#11431 = FILL_AREA_STYLE_COLOUR('',#11242);
#11432 = STYLED_ITEM('color',(#11433),#1466);
#11433 = PRESENTATION_STYLE_ASSIGNMENT((#11434));
#11434 = SURFACE_STYLE_USAGE(.BOTH.,#11435);
#11435 = SURFACE_SIDE_STYLE('',(#11436));
#11436 = SURFACE_STYLE_FILL_AREA(#11437);
#11437 = FILL_AREA_STYLE('',(#11438));
#11438 = FILL_AREA_STYLE_COLOUR('',#11242);
#11439 = STYLED_ITEM('color',(#11440),#1490);
#11440 = PRESENTATION_STYLE_ASSIGNMENT((#11441));
#11441 = SURFACE_STYLE_USAGE(.BOTH.,#11442);
#11442 = SURFACE_SIDE_STYLE('',(#11443));
#11443 = SURFACE_STYLE_FILL_AREA(#11444);
#11444 = FILL_AREA_STYLE('',(#11445));
#11445 = FILL_AREA_STYLE_COLOUR('',#11242);
#11446 = STYLED_ITEM('color',(#11447),#1521);
#11447 = PRESENTATION_STYLE_ASSIGNMENT((#11448));
#11448 = SURFACE_STYLE_USAGE(.BOTH.,#11449);
#11449 = SURFACE_SIDE_STYLE('',(#11450));
#11450 = SURFACE_STYLE_FILL_AREA(#11451);
#11451 = FILL_AREA_STYLE('',(#11452));
#11452 = FILL_AREA_STYLE_COLOUR('',#11242);
#11453 = STYLED_ITEM('color',(#11454),#1538);
#11454 = PRESENTATION_STYLE_ASSIGNMENT((#11455));
#11455 = SURFACE_STYLE_USAGE(.BOTH.,#11456);
#11456 = SURFACE_SIDE_STYLE('',(#11457));
#11457 = SURFACE_STYLE_FILL_AREA(#11458);
#11458 = FILL_AREA_STYLE('',(#11459));
#11459 = FILL_AREA_STYLE_COLOUR('',#11242);
#11460 = STYLED_ITEM('color',(#11461),#1571);
#11461 = PRESENTATION_STYLE_ASSIGNMENT((#11462));
#11462 = SURFACE_STYLE_USAGE(.BOTH.,#11463);
#11463 = SURFACE_SIDE_STYLE('',(#11464));
#11464 = SURFACE_STYLE_FILL_AREA(#11465);
#11465 = FILL_AREA_STYLE('',(#11466));
#11466 = FILL_AREA_STYLE_COLOUR('',#11242);
#11467 = STYLED_ITEM('color',(#11468),#1595);
#11468 = PRESENTATION_STYLE_ASSIGNMENT((#11469));
#11469 = SURFACE_STYLE_USAGE(.BOTH.,#11470);
#11470 = SURFACE_SIDE_STYLE('',(#11471));
#11471 = SURFACE_STYLE_FILL_AREA(#11472);
#11472 = FILL_AREA_STYLE('',(#11473));
#11473 = FILL_AREA_STYLE_COLOUR('',#11242);
#11474 = STYLED_ITEM('color',(#11475),#1626);
#11475 = PRESENTATION_STYLE_ASSIGNMENT((#11476));
#11476 = SURFACE_STYLE_USAGE(.BOTH.,#11477);
#11477 = SURFACE_SIDE_STYLE('',(#11478));
#11478 = SURFACE_STYLE_FILL_AREA(#11479);
#11479 = FILL_AREA_STYLE('',(#11480));
#11480 = FILL_AREA_STYLE_COLOUR('',#11242);
#11481 = STYLED_ITEM('color',(#11482),#1643);
#11482 = PRESENTATION_STYLE_ASSIGNMENT((#11483));
#11483 = SURFACE_STYLE_USAGE(.BOTH.,#11484);
#11484 = SURFACE_SIDE_STYLE('',(#11485));
#11485 = SURFACE_STYLE_FILL_AREA(#11486);
#11486 = FILL_AREA_STYLE('',(#11487));
#11487 = FILL_AREA_STYLE_COLOUR('',#11242);
#11488 = STYLED_ITEM('color',(#11489),#1676);
#11489 = PRESENTATION_STYLE_ASSIGNMENT((#11490));
#11490 = SURFACE_STYLE_USAGE(.BOTH.,#11491);
#11491 = SURFACE_SIDE_STYLE('',(#11492));
#11492 = SURFACE_STYLE_FILL_AREA(#11493);
#11493 = FILL_AREA_STYLE('',(#11494));
#11494 = FILL_AREA_STYLE_COLOUR('',#11242);
#11495 = STYLED_ITEM('color',(#11496),#1693);
#11496 = PRESENTATION_STYLE_ASSIGNMENT((#11497));
#11497 = SURFACE_STYLE_USAGE(.BOTH.,#11498);
#11498 = SURFACE_SIDE_STYLE('',(#11499));
#11499 = SURFACE_STYLE_FILL_AREA(#11500);
#11500 = FILL_AREA_STYLE('',(#11501));
#11501 = FILL_AREA_STYLE_COLOUR('',#11242);
#11502 = STYLED_ITEM('color',(#11503),#1736);
#11503 = PRESENTATION_STYLE_ASSIGNMENT((#11504));
#11504 = SURFACE_STYLE_USAGE(.BOTH.,#11505);
#11505 = SURFACE_SIDE_STYLE('',(#11506));
#11506 = SURFACE_STYLE_FILL_AREA(#11507);
#11507 = FILL_AREA_STYLE('',(#11508));
#11508 = FILL_AREA_STYLE_COLOUR('',#11242);
#11509 = STYLED_ITEM('color',(#11510),#1753);
#11510 = PRESENTATION_STYLE_ASSIGNMENT((#11511));
#11511 = SURFACE_STYLE_USAGE(.BOTH.,#11512);
#11512 = SURFACE_SIDE_STYLE('',(#11513));
#11513 = SURFACE_STYLE_FILL_AREA(#11514);
#11514 = FILL_AREA_STYLE('',(#11515));
#11515 = FILL_AREA_STYLE_COLOUR('',#11242);
#11516 = STYLED_ITEM('color',(#11517),#1799);
#11517 = PRESENTATION_STYLE_ASSIGNMENT((#11518));
#11518 = SURFACE_STYLE_USAGE(.BOTH.,#11519);
#11519 = SURFACE_SIDE_STYLE('',(#11520));
#11520 = SURFACE_STYLE_FILL_AREA(#11521);
#11521 = FILL_AREA_STYLE('',(#11522));
#11522 = FILL_AREA_STYLE_COLOUR('',#11242);
#11523 = STYLED_ITEM('color',(#11524),#1816);
#11524 = PRESENTATION_STYLE_ASSIGNMENT((#11525));
#11525 = SURFACE_STYLE_USAGE(.BOTH.,#11526);
#11526 = SURFACE_SIDE_STYLE('',(#11527));
#11527 = SURFACE_STYLE_FILL_AREA(#11528);
#11528 = FILL_AREA_STYLE('',(#11529));
#11529 = FILL_AREA_STYLE_COLOUR('',#11242);
#11530 = STYLED_ITEM('color',(#11531),#1833);
#11531 = PRESENTATION_STYLE_ASSIGNMENT((#11532));
#11532 = SURFACE_STYLE_USAGE(.BOTH.,#11533);
#11533 = SURFACE_SIDE_STYLE('',(#11534));
#11534 = SURFACE_STYLE_FILL_AREA(#11535);
#11535 = FILL_AREA_STYLE('',(#11536));
#11536 = FILL_AREA_STYLE_COLOUR('',#11242);
#11537 = STYLED_ITEM('color',(#11538),#1850);
#11538 = PRESENTATION_STYLE_ASSIGNMENT((#11539));
#11539 = SURFACE_STYLE_USAGE(.BOTH.,#11540);
#11540 = SURFACE_SIDE_STYLE('',(#11541));
#11541 = SURFACE_STYLE_FILL_AREA(#11542);
#11542 = FILL_AREA_STYLE('',(#11543));
#11543 = FILL_AREA_STYLE_COLOUR('',#11242);
#11544 = STYLED_ITEM('color',(#11545),#1867);
#11545 = PRESENTATION_STYLE_ASSIGNMENT((#11546));
#11546 = SURFACE_STYLE_USAGE(.BOTH.,#11547);
#11547 = SURFACE_SIDE_STYLE('',(#11548));
#11548 = SURFACE_STYLE_FILL_AREA(#11549);
#11549 = FILL_AREA_STYLE('',(#11550));
#11550 = FILL_AREA_STYLE_COLOUR('',#11242);
#11551 = STYLED_ITEM('color',(#11552),#1884);
#11552 = PRESENTATION_STYLE_ASSIGNMENT((#11553));
#11553 = SURFACE_STYLE_USAGE(.BOTH.,#11554);
#11554 = SURFACE_SIDE_STYLE('',(#11555));
#11555 = SURFACE_STYLE_FILL_AREA(#11556);
#11556 = FILL_AREA_STYLE('',(#11557));
#11557 = FILL_AREA_STYLE_COLOUR('',#11242);
#11558 = STYLED_ITEM('color',(#11559),#1901);
#11559 = PRESENTATION_STYLE_ASSIGNMENT((#11560));
#11560 = SURFACE_STYLE_USAGE(.BOTH.,#11561);
#11561 = SURFACE_SIDE_STYLE('',(#11562));
#11562 = SURFACE_STYLE_FILL_AREA(#11563);
#11563 = FILL_AREA_STYLE('',(#11564));
#11564 = FILL_AREA_STYLE_COLOUR('',#11242);
#11565 = STYLED_ITEM('color',(#11566),#1964);
#11566 = PRESENTATION_STYLE_ASSIGNMENT((#11567));
#11567 = SURFACE_STYLE_USAGE(.BOTH.,#11568);
#11568 = SURFACE_SIDE_STYLE('',(#11569));
#11569 = SURFACE_STYLE_FILL_AREA(#11570);
#11570 = FILL_AREA_STYLE('',(#11571));
#11571 = FILL_AREA_STYLE_COLOUR('',#11242);
#11572 = STYLED_ITEM('color',(#11573),#1988);
#11573 = PRESENTATION_STYLE_ASSIGNMENT((#11574));
#11574 = SURFACE_STYLE_USAGE(.BOTH.,#11575);
#11575 = SURFACE_SIDE_STYLE('',(#11576));
#11576 = SURFACE_STYLE_FILL_AREA(#11577);
#11577 = FILL_AREA_STYLE('',(#11578));
#11578 = FILL_AREA_STYLE_COLOUR('',#11242);
#11579 = STYLED_ITEM('color',(#11580),#2035);
#11580 = PRESENTATION_STYLE_ASSIGNMENT((#11581));
#11581 = SURFACE_STYLE_USAGE(.BOTH.,#11582);
#11582 = SURFACE_SIDE_STYLE('',(#11583));
#11583 = SURFACE_STYLE_FILL_AREA(#11584);
#11584 = FILL_AREA_STYLE('',(#11585));
#11585 = FILL_AREA_STYLE_COLOUR('',#11242);
#11586 = STYLED_ITEM('color',(#11587),#2059);
#11587 = PRESENTATION_STYLE_ASSIGNMENT((#11588));
#11588 = SURFACE_STYLE_USAGE(.BOTH.,#11589);
#11589 = SURFACE_SIDE_STYLE('',(#11590));
#11590 = SURFACE_STYLE_FILL_AREA(#11591);
#11591 = FILL_AREA_STYLE('',(#11592));
#11592 = FILL_AREA_STYLE_COLOUR('',#11242);
#11593 = STYLED_ITEM('color',(#11594),#2083);
#11594 = PRESENTATION_STYLE_ASSIGNMENT((#11595));
#11595 = SURFACE_STYLE_USAGE(.BOTH.,#11596);
#11596 = SURFACE_SIDE_STYLE('',(#11597));
#11597 = SURFACE_STYLE_FILL_AREA(#11598);
#11598 = FILL_AREA_STYLE('',(#11599));
#11599 = FILL_AREA_STYLE_COLOUR('',#11242);
#11600 = STYLED_ITEM('color',(#11601),#2100);
#11601 = PRESENTATION_STYLE_ASSIGNMENT((#11602));
#11602 = SURFACE_STYLE_USAGE(.BOTH.,#11603);
#11603 = SURFACE_SIDE_STYLE('',(#11604));
#11604 = SURFACE_STYLE_FILL_AREA(#11605);
#11605 = FILL_AREA_STYLE('',(#11606));
#11606 = FILL_AREA_STYLE_COLOUR('',#11242);
#11607 = STYLED_ITEM('color',(#11608),#2117);
#11608 = PRESENTATION_STYLE_ASSIGNMENT((#11609));
#11609 = SURFACE_STYLE_USAGE(.BOTH.,#11610);
#11610 = SURFACE_SIDE_STYLE('',(#11611));
#11611 = SURFACE_STYLE_FILL_AREA(#11612);
#11612 = FILL_AREA_STYLE('',(#11613));
#11613 = FILL_AREA_STYLE_COLOUR('',#11242);
#11614 = STYLED_ITEM('color',(#11615),#2141);
#11615 = PRESENTATION_STYLE_ASSIGNMENT((#11616));
#11616 = SURFACE_STYLE_USAGE(.BOTH.,#11617);
#11617 = SURFACE_SIDE_STYLE('',(#11618));
#11618 = SURFACE_STYLE_FILL_AREA(#11619);
#11619 = FILL_AREA_STYLE('',(#11620));
#11620 = FILL_AREA_STYLE_COLOUR('',#11242);
#11621 = STYLED_ITEM('color',(#11622),#2165);
#11622 = PRESENTATION_STYLE_ASSIGNMENT((#11623));
#11623 = SURFACE_STYLE_USAGE(.BOTH.,#11624);
#11624 = SURFACE_SIDE_STYLE('',(#11625));
#11625 = SURFACE_STYLE_FILL_AREA(#11626);
#11626 = FILL_AREA_STYLE('',(#11627));
#11627 = FILL_AREA_STYLE_COLOUR('',#11242);
#11628 = STYLED_ITEM('color',(#11629),#2182);
#11629 = PRESENTATION_STYLE_ASSIGNMENT((#11630));
#11630 = SURFACE_STYLE_USAGE(.BOTH.,#11631);
#11631 = SURFACE_SIDE_STYLE('',(#11632));
#11632 = SURFACE_STYLE_FILL_AREA(#11633);
#11633 = FILL_AREA_STYLE('',(#11634));
#11634 = FILL_AREA_STYLE_COLOUR('',#11242);
#11635 = STYLED_ITEM('color',(#11636),#2213);
#11636 = PRESENTATION_STYLE_ASSIGNMENT((#11637));
#11637 = SURFACE_STYLE_USAGE(.BOTH.,#11638);
#11638 = SURFACE_SIDE_STYLE('',(#11639));
#11639 = SURFACE_STYLE_FILL_AREA(#11640);
#11640 = FILL_AREA_STYLE('',(#11641));
#11641 = FILL_AREA_STYLE_COLOUR('',#11242);
#11642 = STYLED_ITEM('color',(#11643),#2237);
#11643 = PRESENTATION_STYLE_ASSIGNMENT((#11644));
#11644 = SURFACE_STYLE_USAGE(.BOTH.,#11645);
#11645 = SURFACE_SIDE_STYLE('',(#11646));
#11646 = SURFACE_STYLE_FILL_AREA(#11647);
#11647 = FILL_AREA_STYLE('',(#11648));
#11648 = FILL_AREA_STYLE_COLOUR('',#11242);
#11649 = STYLED_ITEM('color',(#11650),#2261);
#11650 = PRESENTATION_STYLE_ASSIGNMENT((#11651));
#11651 = SURFACE_STYLE_USAGE(.BOTH.,#11652);
#11652 = SURFACE_SIDE_STYLE('',(#11653));
#11653 = SURFACE_STYLE_FILL_AREA(#11654);
#11654 = FILL_AREA_STYLE('',(#11655));
#11655 = FILL_AREA_STYLE_COLOUR('',#11242);
#11656 = STYLED_ITEM('color',(#11657),#2278);
#11657 = PRESENTATION_STYLE_ASSIGNMENT((#11658));
#11658 = SURFACE_STYLE_USAGE(.BOTH.,#11659);
#11659 = SURFACE_SIDE_STYLE('',(#11660));
#11660 = SURFACE_STYLE_FILL_AREA(#11661);
#11661 = FILL_AREA_STYLE('',(#11662));
#11662 = FILL_AREA_STYLE_COLOUR('',#11242);
#11663 = STYLED_ITEM('color',(#11664),#2313);
#11664 = PRESENTATION_STYLE_ASSIGNMENT((#11665));
#11665 = SURFACE_STYLE_USAGE(.BOTH.,#11666);
#11666 = SURFACE_SIDE_STYLE('',(#11667));
#11667 = SURFACE_STYLE_FILL_AREA(#11668);
#11668 = FILL_AREA_STYLE('',(#11669));
#11669 = FILL_AREA_STYLE_COLOUR('',#11242);
#11670 = STYLED_ITEM('color',(#11671),#2353);
#11671 = PRESENTATION_STYLE_ASSIGNMENT((#11672));
#11672 = SURFACE_STYLE_USAGE(.BOTH.,#11673);
#11673 = SURFACE_SIDE_STYLE('',(#11674));
#11674 = SURFACE_STYLE_FILL_AREA(#11675);
#11675 = FILL_AREA_STYLE('',(#11676));
#11676 = FILL_AREA_STYLE_COLOUR('',#11242);
#11677 = STYLED_ITEM('color',(#11678),#2377);
#11678 = PRESENTATION_STYLE_ASSIGNMENT((#11679));
#11679 = SURFACE_STYLE_USAGE(.BOTH.,#11680);
#11680 = SURFACE_SIDE_STYLE('',(#11681));
#11681 = SURFACE_STYLE_FILL_AREA(#11682);
#11682 = FILL_AREA_STYLE('',(#11683));
#11683 = FILL_AREA_STYLE_COLOUR('',#11242);
#11684 = STYLED_ITEM('color',(#11685),#2418);
#11685 = PRESENTATION_STYLE_ASSIGNMENT((#11686));
#11686 = SURFACE_STYLE_USAGE(.BOTH.,#11687);
#11687 = SURFACE_SIDE_STYLE('',(#11688));
#11688 = SURFACE_STYLE_FILL_AREA(#11689);
#11689 = FILL_AREA_STYLE('',(#11690));
#11690 = FILL_AREA_STYLE_COLOUR('',#11242);
#11691 = STYLED_ITEM('color',(#11692),#2627);
#11692 = PRESENTATION_STYLE_ASSIGNMENT((#11693));
#11693 = SURFACE_STYLE_USAGE(.BOTH.,#11694);
#11694 = SURFACE_SIDE_STYLE('',(#11695));
#11695 = SURFACE_STYLE_FILL_AREA(#11696);
#11696 = FILL_AREA_STYLE('',(#11697));
#11697 = FILL_AREA_STYLE_COLOUR('',#11242);
#11698 = STYLED_ITEM('color',(#11699),#2673);
#11699 = PRESENTATION_STYLE_ASSIGNMENT((#11700));
#11700 = SURFACE_STYLE_USAGE(.BOTH.,#11701);
#11701 = SURFACE_SIDE_STYLE('',(#11702));
#11702 = SURFACE_STYLE_FILL_AREA(#11703);
#11703 = FILL_AREA_STYLE('',(#11704));
#11704 = FILL_AREA_STYLE_COLOUR('',#11242);
#11705 = STYLED_ITEM('color',(#11706),#2719);
#11706 = PRESENTATION_STYLE_ASSIGNMENT((#11707));
#11707 = SURFACE_STYLE_USAGE(.BOTH.,#11708);
#11708 = SURFACE_SIDE_STYLE('',(#11709));
#11709 = SURFACE_STYLE_FILL_AREA(#11710);
#11710 = FILL_AREA_STYLE('',(#11711));
#11711 = FILL_AREA_STYLE_COLOUR('',#11242);
#11712 = STYLED_ITEM('color',(#11713),#2765);
#11713 = PRESENTATION_STYLE_ASSIGNMENT((#11714));
#11714 = SURFACE_STYLE_USAGE(.BOTH.,#11715);
#11715 = SURFACE_SIDE_STYLE('',(#11716));
#11716 = SURFACE_STYLE_FILL_AREA(#11717);
#11717 = FILL_AREA_STYLE('',(#11718));
#11718 = FILL_AREA_STYLE_COLOUR('',#11242);
#11719 = STYLED_ITEM('color',(#11720),#2811);
#11720 = PRESENTATION_STYLE_ASSIGNMENT((#11721));
#11721 = SURFACE_STYLE_USAGE(.BOTH.,#11722);
#11722 = SURFACE_SIDE_STYLE('',(#11723));
#11723 = SURFACE_STYLE_FILL_AREA(#11724);
#11724 = FILL_AREA_STYLE('',(#11725));
#11725 = FILL_AREA_STYLE_COLOUR('',#11242);
#11726 = STYLED_ITEM('color',(#11727),#2857);
#11727 = PRESENTATION_STYLE_ASSIGNMENT((#11728));
#11728 = SURFACE_STYLE_USAGE(.BOTH.,#11729);
#11729 = SURFACE_SIDE_STYLE('',(#11730));
#11730 = SURFACE_STYLE_FILL_AREA(#11731);
#11731 = FILL_AREA_STYLE('',(#11732));
#11732 = FILL_AREA_STYLE_COLOUR('',#11242);
#11733 = STYLED_ITEM('color',(#11734),#2903);
#11734 = PRESENTATION_STYLE_ASSIGNMENT((#11735));
#11735 = SURFACE_STYLE_USAGE(.BOTH.,#11736);
#11736 = SURFACE_SIDE_STYLE('',(#11737));
#11737 = SURFACE_STYLE_FILL_AREA(#11738);
#11738 = FILL_AREA_STYLE('',(#11739));
#11739 = FILL_AREA_STYLE_COLOUR('',#11242);
#11740 = STYLED_ITEM('color',(#11741),#2920);
#11741 = PRESENTATION_STYLE_ASSIGNMENT((#11742));
#11742 = SURFACE_STYLE_USAGE(.BOTH.,#11743);
#11743 = SURFACE_SIDE_STYLE('',(#11744));
#11744 = SURFACE_STYLE_FILL_AREA(#11745);
#11745 = FILL_AREA_STYLE('',(#11746));
#11746 = FILL_AREA_STYLE_COLOUR('',#11242);
#11747 = STYLED_ITEM('color',(#11748),#2932);
#11748 = PRESENTATION_STYLE_ASSIGNMENT((#11749));
#11749 = SURFACE_STYLE_USAGE(.BOTH.,#11750);
#11750 = SURFACE_SIDE_STYLE('',(#11751));
#11751 = SURFACE_STYLE_FILL_AREA(#11752);
#11752 = FILL_AREA_STYLE('',(#11753));
#11753 = FILL_AREA_STYLE_COLOUR('',#11754);
#11754 = COLOUR_RGB('',0.823529417451,0.819607860991,0.780392170416);
#11755 = STYLED_ITEM('color',(#11756),#2995);
#11756 = PRESENTATION_STYLE_ASSIGNMENT((#11757));
#11757 = SURFACE_STYLE_USAGE(.BOTH.,#11758);
#11758 = SURFACE_SIDE_STYLE('',(#11759));
#11759 = SURFACE_STYLE_FILL_AREA(#11760);
#11760 = FILL_AREA_STYLE('',(#11761));
#11761 = FILL_AREA_STYLE_COLOUR('',#11754);
#11762 = STYLED_ITEM('color',(#11763),#3019);
#11763 = PRESENTATION_STYLE_ASSIGNMENT((#11764));
#11764 = SURFACE_STYLE_USAGE(.BOTH.,#11765);
#11765 = SURFACE_SIDE_STYLE('',(#11766));
#11766 = SURFACE_STYLE_FILL_AREA(#11767);
#11767 = FILL_AREA_STYLE('',(#11768));
#11768 = FILL_AREA_STYLE_COLOUR('',#11754);
#11769 = STYLED_ITEM('color',(#11770),#3075);
#11770 = PRESENTATION_STYLE_ASSIGNMENT((#11771));
#11771 = SURFACE_STYLE_USAGE(.BOTH.,#11772);
#11772 = SURFACE_SIDE_STYLE('',(#11773));
#11773 = SURFACE_STYLE_FILL_AREA(#11774);
#11774 = FILL_AREA_STYLE('',(#11775));
#11775 = FILL_AREA_STYLE_COLOUR('',#11754);
#11776 = STYLED_ITEM('color',(#11777),#3092);
#11777 = PRESENTATION_STYLE_ASSIGNMENT((#11778));
#11778 = SURFACE_STYLE_USAGE(.BOTH.,#11779);
#11779 = SURFACE_SIDE_STYLE('',(#11780));
#11780 = SURFACE_STYLE_FILL_AREA(#11781);
#11781 = FILL_AREA_STYLE('',(#11782));
#11782 = FILL_AREA_STYLE_COLOUR('',#11242);
#11783 = STYLED_ITEM('color',(#11784),#3104);
#11784 = PRESENTATION_STYLE_ASSIGNMENT((#11785));
#11785 = SURFACE_STYLE_USAGE(.BOTH.,#11786);
#11786 = SURFACE_SIDE_STYLE('',(#11787));
#11787 = SURFACE_STYLE_FILL_AREA(#11788);
#11788 = FILL_AREA_STYLE('',(#11789));
#11789 = FILL_AREA_STYLE_COLOUR('',#11242);
#11790 = STYLED_ITEM('color',(#11791),#3492);
#11791 = PRESENTATION_STYLE_ASSIGNMENT((#11792));
#11792 = SURFACE_STYLE_USAGE(.BOTH.,#11793);
#11793 = SURFACE_SIDE_STYLE('',(#11794));
#11794 = SURFACE_STYLE_FILL_AREA(#11795);
#11795 = FILL_AREA_STYLE('',(#11796));
#11796 = FILL_AREA_STYLE_COLOUR('',#11242);
#11797 = STYLED_ITEM('color',(#11798),#3516);
#11798 = PRESENTATION_STYLE_ASSIGNMENT((#11799));
#11799 = SURFACE_STYLE_USAGE(.BOTH.,#11800);
#11800 = SURFACE_SIDE_STYLE('',(#11801));
#11801 = SURFACE_STYLE_FILL_AREA(#11802);
#11802 = FILL_AREA_STYLE('',(#11803));
#11803 = FILL_AREA_STYLE_COLOUR('',#11242);
#11804 = STYLED_ITEM('color',(#11805),#3540);
#11805 = PRESENTATION_STYLE_ASSIGNMENT((#11806));
#11806 = SURFACE_STYLE_USAGE(.BOTH.,#11807);
#11807 = SURFACE_SIDE_STYLE('',(#11808));
#11808 = SURFACE_STYLE_FILL_AREA(#11809);
#11809 = FILL_AREA_STYLE('',(#11810));
#11810 = FILL_AREA_STYLE_COLOUR('',#11242);
#11811 = STYLED_ITEM('color',(#11812),#3557);
#11812 = PRESENTATION_STYLE_ASSIGNMENT((#11813));
#11813 = SURFACE_STYLE_USAGE(.BOTH.,#11814);
#11814 = SURFACE_SIDE_STYLE('',(#11815));
#11815 = SURFACE_STYLE_FILL_AREA(#11816);
#11816 = FILL_AREA_STYLE('',(#11817));
#11817 = FILL_AREA_STYLE_COLOUR('',#11242);
#11818 = STYLED_ITEM('color',(#11819),#3581);
#11819 = PRESENTATION_STYLE_ASSIGNMENT((#11820));
#11820 = SURFACE_STYLE_USAGE(.BOTH.,#11821);
#11821 = SURFACE_SIDE_STYLE('',(#11822));
#11822 = SURFACE_STYLE_FILL_AREA(#11823);
#11823 = FILL_AREA_STYLE('',(#11824));
#11824 = FILL_AREA_STYLE_COLOUR('',#11242);
#11825 = STYLED_ITEM('color',(#11826),#3605);
#11826 = PRESENTATION_STYLE_ASSIGNMENT((#11827));
#11827 = SURFACE_STYLE_USAGE(.BOTH.,#11828);
#11828 = SURFACE_SIDE_STYLE('',(#11829));
#11829 = SURFACE_STYLE_FILL_AREA(#11830);
#11830 = FILL_AREA_STYLE('',(#11831));
#11831 = FILL_AREA_STYLE_COLOUR('',#11242);
#11832 = STYLED_ITEM('color',(#11833),#3622);
#11833 = PRESENTATION_STYLE_ASSIGNMENT((#11834));
#11834 = SURFACE_STYLE_USAGE(.BOTH.,#11835);
#11835 = SURFACE_SIDE_STYLE('',(#11836));
#11836 = SURFACE_STYLE_FILL_AREA(#11837);
#11837 = FILL_AREA_STYLE('',(#11838));
#11838 = FILL_AREA_STYLE_COLOUR('',#11242);
#11839 = STYLED_ITEM('color',(#11840),#3646);
#11840 = PRESENTATION_STYLE_ASSIGNMENT((#11841));
#11841 = SURFACE_STYLE_USAGE(.BOTH.,#11842);
#11842 = SURFACE_SIDE_STYLE('',(#11843));
#11843 = SURFACE_STYLE_FILL_AREA(#11844);
#11844 = FILL_AREA_STYLE('',(#11845));
#11845 = FILL_AREA_STYLE_COLOUR('',#11242);
#11846 = STYLED_ITEM('color',(#11847),#3670);
#11847 = PRESENTATION_STYLE_ASSIGNMENT((#11848));
#11848 = SURFACE_STYLE_USAGE(.BOTH.,#11849);
#11849 = SURFACE_SIDE_STYLE('',(#11850));
#11850 = SURFACE_STYLE_FILL_AREA(#11851);
#11851 = FILL_AREA_STYLE('',(#11852));
#11852 = FILL_AREA_STYLE_COLOUR('',#11242);
#11853 = STYLED_ITEM('color',(#11854),#3687);
#11854 = PRESENTATION_STYLE_ASSIGNMENT((#11855));
#11855 = SURFACE_STYLE_USAGE(.BOTH.,#11856);
#11856 = SURFACE_SIDE_STYLE('',(#11857));
#11857 = SURFACE_STYLE_FILL_AREA(#11858);
#11858 = FILL_AREA_STYLE('',(#11859));
#11859 = FILL_AREA_STYLE_COLOUR('',#11242);
#11860 = STYLED_ITEM('color',(#11861),#3711);
#11861 = PRESENTATION_STYLE_ASSIGNMENT((#11862));
#11862 = SURFACE_STYLE_USAGE(.BOTH.,#11863);
#11863 = SURFACE_SIDE_STYLE('',(#11864));
#11864 = SURFACE_STYLE_FILL_AREA(#11865);
#11865 = FILL_AREA_STYLE('',(#11866));
#11866 = FILL_AREA_STYLE_COLOUR('',#11242);
#11867 = STYLED_ITEM('color',(#11868),#3735);
#11868 = PRESENTATION_STYLE_ASSIGNMENT((#11869));
#11869 = SURFACE_STYLE_USAGE(.BOTH.,#11870);
#11870 = SURFACE_SIDE_STYLE('',(#11871));
#11871 = SURFACE_STYLE_FILL_AREA(#11872);
#11872 = FILL_AREA_STYLE('',(#11873));
#11873 = FILL_AREA_STYLE_COLOUR('',#11242);
#11874 = STYLED_ITEM('color',(#11875),#3752);
#11875 = PRESENTATION_STYLE_ASSIGNMENT((#11876));
#11876 = SURFACE_STYLE_USAGE(.BOTH.,#11877);
#11877 = SURFACE_SIDE_STYLE('',(#11878));
#11878 = SURFACE_STYLE_FILL_AREA(#11879);
#11879 = FILL_AREA_STYLE('',(#11880));
#11880 = FILL_AREA_STYLE_COLOUR('',#11242);
#11881 = STYLED_ITEM('color',(#11882),#3776);
#11882 = PRESENTATION_STYLE_ASSIGNMENT((#11883));
#11883 = SURFACE_STYLE_USAGE(.BOTH.,#11884);
#11884 = SURFACE_SIDE_STYLE('',(#11885));
#11885 = SURFACE_STYLE_FILL_AREA(#11886);
#11886 = FILL_AREA_STYLE('',(#11887));
#11887 = FILL_AREA_STYLE_COLOUR('',#11242);
#11888 = STYLED_ITEM('color',(#11889),#3800);
#11889 = PRESENTATION_STYLE_ASSIGNMENT((#11890));
#11890 = SURFACE_STYLE_USAGE(.BOTH.,#11891);
#11891 = SURFACE_SIDE_STYLE('',(#11892));
#11892 = SURFACE_STYLE_FILL_AREA(#11893);
#11893 = FILL_AREA_STYLE('',(#11894));
#11894 = FILL_AREA_STYLE_COLOUR('',#11242);
#11895 = STYLED_ITEM('color',(#11896),#3817);
#11896 = PRESENTATION_STYLE_ASSIGNMENT((#11897));
#11897 = SURFACE_STYLE_USAGE(.BOTH.,#11898);
#11898 = SURFACE_SIDE_STYLE('',(#11899));
#11899 = SURFACE_STYLE_FILL_AREA(#11900);
#11900 = FILL_AREA_STYLE('',(#11901));
#11901 = FILL_AREA_STYLE_COLOUR('',#11242);
#11902 = STYLED_ITEM('color',(#11903),#3841);
#11903 = PRESENTATION_STYLE_ASSIGNMENT((#11904));
#11904 = SURFACE_STYLE_USAGE(.BOTH.,#11905);
#11905 = SURFACE_SIDE_STYLE('',(#11906));
#11906 = SURFACE_STYLE_FILL_AREA(#11907);
#11907 = FILL_AREA_STYLE('',(#11908));
#11908 = FILL_AREA_STYLE_COLOUR('',#11242);
#11909 = STYLED_ITEM('color',(#11910),#3865);
#11910 = PRESENTATION_STYLE_ASSIGNMENT((#11911));
#11911 = SURFACE_STYLE_USAGE(.BOTH.,#11912);
#11912 = SURFACE_SIDE_STYLE('',(#11913));
#11913 = SURFACE_STYLE_FILL_AREA(#11914);
#11914 = FILL_AREA_STYLE('',(#11915));
#11915 = FILL_AREA_STYLE_COLOUR('',#11242);
#11916 = STYLED_ITEM('color',(#11917),#3882);
#11917 = PRESENTATION_STYLE_ASSIGNMENT((#11918));
#11918 = SURFACE_STYLE_USAGE(.BOTH.,#11919);
#11919 = SURFACE_SIDE_STYLE('',(#11920));
#11920 = SURFACE_STYLE_FILL_AREA(#11921);
#11921 = FILL_AREA_STYLE('',(#11922));
#11922 = FILL_AREA_STYLE_COLOUR('',#11754);
#11923 = STYLED_ITEM('color',(#11924),#3945);
#11924 = PRESENTATION_STYLE_ASSIGNMENT((#11925));
#11925 = SURFACE_STYLE_USAGE(.BOTH.,#11926);
#11926 = SURFACE_SIDE_STYLE('',(#11927));
#11927 = SURFACE_STYLE_FILL_AREA(#11928);
#11928 = FILL_AREA_STYLE('',(#11929));
#11929 = FILL_AREA_STYLE_COLOUR('',#11754);
#11930 = STYLED_ITEM('color',(#11931),#3969);
#11931 = PRESENTATION_STYLE_ASSIGNMENT((#11932));
#11932 = SURFACE_STYLE_USAGE(.BOTH.,#11933);
#11933 = SURFACE_SIDE_STYLE('',(#11934));
#11934 = SURFACE_STYLE_FILL_AREA(#11935);
#11935 = FILL_AREA_STYLE('',(#11936));
#11936 = FILL_AREA_STYLE_COLOUR('',#11754);
#11937 = STYLED_ITEM('color',(#11938),#4025);
#11938 = PRESENTATION_STYLE_ASSIGNMENT((#11939));
#11939 = SURFACE_STYLE_USAGE(.BOTH.,#11940);
#11940 = SURFACE_SIDE_STYLE('',(#11941));
#11941 = SURFACE_STYLE_FILL_AREA(#11942);
#11942 = FILL_AREA_STYLE('',(#11943));
#11943 = FILL_AREA_STYLE_COLOUR('',#11754);
#11944 = STYLED_ITEM('color',(#11945),#4042);
#11945 = PRESENTATION_STYLE_ASSIGNMENT((#11946));
#11946 = SURFACE_STYLE_USAGE(.BOTH.,#11947);
#11947 = SURFACE_SIDE_STYLE('',(#11948));
#11948 = SURFACE_STYLE_FILL_AREA(#11949);
#11949 = FILL_AREA_STYLE('',(#11950));
#11950 = FILL_AREA_STYLE_COLOUR('',#11754);
#11951 = STYLED_ITEM('color',(#11952),#4073);
#11952 = PRESENTATION_STYLE_ASSIGNMENT((#11953));
#11953 = SURFACE_STYLE_USAGE(.BOTH.,#11954);
#11954 = SURFACE_SIDE_STYLE('',(#11955));
#11955 = SURFACE_STYLE_FILL_AREA(#11956);
#11956 = FILL_AREA_STYLE('',(#11957));
#11957 = FILL_AREA_STYLE_COLOUR('',#11754);
#11958 = STYLED_ITEM('color',(#11959),#4097);
#11959 = PRESENTATION_STYLE_ASSIGNMENT((#11960));
#11960 = SURFACE_STYLE_USAGE(.BOTH.,#11961);
#11961 = SURFACE_SIDE_STYLE('',(#11962));
#11962 = SURFACE_STYLE_FILL_AREA(#11963);
#11963 = FILL_AREA_STYLE('',(#11964));
#11964 = FILL_AREA_STYLE_COLOUR('',#11754);
#11965 = STYLED_ITEM('color',(#11966),#4121);
#11966 = PRESENTATION_STYLE_ASSIGNMENT((#11967));
#11967 = SURFACE_STYLE_USAGE(.BOTH.,#11968);
#11968 = SURFACE_SIDE_STYLE('',(#11969));
#11969 = SURFACE_STYLE_FILL_AREA(#11970);
#11970 = FILL_AREA_STYLE('',(#11971));
#11971 = FILL_AREA_STYLE_COLOUR('',#11754);
#11972 = STYLED_ITEM('color',(#11973),#4138);
#11973 = PRESENTATION_STYLE_ASSIGNMENT((#11974));
#11974 = SURFACE_STYLE_USAGE(.BOTH.,#11975);
#11975 = SURFACE_SIDE_STYLE('',(#11976));
#11976 = SURFACE_STYLE_FILL_AREA(#11977);
#11977 = FILL_AREA_STYLE('',(#11978));
#11978 = FILL_AREA_STYLE_COLOUR('',#11754);
#11979 = STYLED_ITEM('color',(#11980),#4169);
#11980 = PRESENTATION_STYLE_ASSIGNMENT((#11981));
#11981 = SURFACE_STYLE_USAGE(.BOTH.,#11982);
#11982 = SURFACE_SIDE_STYLE('',(#11983));
#11983 = SURFACE_STYLE_FILL_AREA(#11984);
#11984 = FILL_AREA_STYLE('',(#11985));
#11985 = FILL_AREA_STYLE_COLOUR('',#11754);
#11986 = STYLED_ITEM('color',(#11987),#4193);
#11987 = PRESENTATION_STYLE_ASSIGNMENT((#11988));
#11988 = SURFACE_STYLE_USAGE(.BOTH.,#11989);
#11989 = SURFACE_SIDE_STYLE('',(#11990));
#11990 = SURFACE_STYLE_FILL_AREA(#11991);
#11991 = FILL_AREA_STYLE('',(#11992));
#11992 = FILL_AREA_STYLE_COLOUR('',#11754);
#11993 = STYLED_ITEM('color',(#11994),#4217);
#11994 = PRESENTATION_STYLE_ASSIGNMENT((#11995));
#11995 = SURFACE_STYLE_USAGE(.BOTH.,#11996);
#11996 = SURFACE_SIDE_STYLE('',(#11997));
#11997 = SURFACE_STYLE_FILL_AREA(#11998);
#11998 = FILL_AREA_STYLE('',(#11999));
#11999 = FILL_AREA_STYLE_COLOUR('',#11754);
#12000 = STYLED_ITEM('color',(#12001),#4234);
#12001 = PRESENTATION_STYLE_ASSIGNMENT((#12002));
#12002 = SURFACE_STYLE_USAGE(.BOTH.,#12003);
#12003 = SURFACE_SIDE_STYLE('',(#12004));
#12004 = SURFACE_STYLE_FILL_AREA(#12005);
#12005 = FILL_AREA_STYLE('',(#12006));
#12006 = FILL_AREA_STYLE_COLOUR('',#11754);
#12007 = STYLED_ITEM('color',(#12008),#4265);
#12008 = PRESENTATION_STYLE_ASSIGNMENT((#12009));
#12009 = SURFACE_STYLE_USAGE(.BOTH.,#12010);
#12010 = SURFACE_SIDE_STYLE('',(#12011));
#12011 = SURFACE_STYLE_FILL_AREA(#12012);
#12012 = FILL_AREA_STYLE('',(#12013));
#12013 = FILL_AREA_STYLE_COLOUR('',#11754);
#12014 = STYLED_ITEM('color',(#12015),#4289);
#12015 = PRESENTATION_STYLE_ASSIGNMENT((#12016));
#12016 = SURFACE_STYLE_USAGE(.BOTH.,#12017);
#12017 = SURFACE_SIDE_STYLE('',(#12018));
#12018 = SURFACE_STYLE_FILL_AREA(#12019);
#12019 = FILL_AREA_STYLE('',(#12020));
#12020 = FILL_AREA_STYLE_COLOUR('',#11754);
#12021 = STYLED_ITEM('color',(#12022),#4313);
#12022 = PRESENTATION_STYLE_ASSIGNMENT((#12023));
#12023 = SURFACE_STYLE_USAGE(.BOTH.,#12024);
#12024 = SURFACE_SIDE_STYLE('',(#12025));
#12025 = SURFACE_STYLE_FILL_AREA(#12026);
#12026 = FILL_AREA_STYLE('',(#12027));
#12027 = FILL_AREA_STYLE_COLOUR('',#11754);
#12028 = STYLED_ITEM('color',(#12029),#4330);
#12029 = PRESENTATION_STYLE_ASSIGNMENT((#12030));
#12030 = SURFACE_STYLE_USAGE(.BOTH.,#12031);
#12031 = SURFACE_SIDE_STYLE('',(#12032));
#12032 = SURFACE_STYLE_FILL_AREA(#12033);
#12033 = FILL_AREA_STYLE('',(#12034));
#12034 = FILL_AREA_STYLE_COLOUR('',#11754);
#12035 = STYLED_ITEM('color',(#12036),#4361);
#12036 = PRESENTATION_STYLE_ASSIGNMENT((#12037));
#12037 = SURFACE_STYLE_USAGE(.BOTH.,#12038);
#12038 = SURFACE_SIDE_STYLE('',(#12039));
#12039 = SURFACE_STYLE_FILL_AREA(#12040);
#12040 = FILL_AREA_STYLE('',(#12041));
#12041 = FILL_AREA_STYLE_COLOUR('',#11754);
#12042 = STYLED_ITEM('color',(#12043),#4385);
#12043 = PRESENTATION_STYLE_ASSIGNMENT((#12044));
#12044 = SURFACE_STYLE_USAGE(.BOTH.,#12045);
#12045 = SURFACE_SIDE_STYLE('',(#12046));
#12046 = SURFACE_STYLE_FILL_AREA(#12047);
#12047 = FILL_AREA_STYLE('',(#12048));
#12048 = FILL_AREA_STYLE_COLOUR('',#11754);
#12049 = STYLED_ITEM('color',(#12050),#4409);
#12050 = PRESENTATION_STYLE_ASSIGNMENT((#12051));
#12051 = SURFACE_STYLE_USAGE(.BOTH.,#12052);
#12052 = SURFACE_SIDE_STYLE('',(#12053));
#12053 = SURFACE_STYLE_FILL_AREA(#12054);
#12054 = FILL_AREA_STYLE('',(#12055));
#12055 = FILL_AREA_STYLE_COLOUR('',#11754);
#12056 = STYLED_ITEM('color',(#12057),#4426);
#12057 = PRESENTATION_STYLE_ASSIGNMENT((#12058));
#12058 = SURFACE_STYLE_USAGE(.BOTH.,#12059);
#12059 = SURFACE_SIDE_STYLE('',(#12060));
#12060 = SURFACE_STYLE_FILL_AREA(#12061);
#12061 = FILL_AREA_STYLE('',(#12062));
#12062 = FILL_AREA_STYLE_COLOUR('',#11754);
#12063 = STYLED_ITEM('color',(#12064),#4457);
#12064 = PRESENTATION_STYLE_ASSIGNMENT((#12065));
#12065 = SURFACE_STYLE_USAGE(.BOTH.,#12066);
#12066 = SURFACE_SIDE_STYLE('',(#12067));
#12067 = SURFACE_STYLE_FILL_AREA(#12068);
#12068 = FILL_AREA_STYLE('',(#12069));
#12069 = FILL_AREA_STYLE_COLOUR('',#11754);
#12070 = STYLED_ITEM('color',(#12071),#4481);
#12071 = PRESENTATION_STYLE_ASSIGNMENT((#12072));
#12072 = SURFACE_STYLE_USAGE(.BOTH.,#12073);
#12073 = SURFACE_SIDE_STYLE('',(#12074));
#12074 = SURFACE_STYLE_FILL_AREA(#12075);
#12075 = FILL_AREA_STYLE('',(#12076));
#12076 = FILL_AREA_STYLE_COLOUR('',#11754);
#12077 = STYLED_ITEM('color',(#12078),#4505);
#12078 = PRESENTATION_STYLE_ASSIGNMENT((#12079));
#12079 = SURFACE_STYLE_USAGE(.BOTH.,#12080);
#12080 = SURFACE_SIDE_STYLE('',(#12081));
#12081 = SURFACE_STYLE_FILL_AREA(#12082);
#12082 = FILL_AREA_STYLE('',(#12083));
#12083 = FILL_AREA_STYLE_COLOUR('',#11754);
#12084 = STYLED_ITEM('color',(#12085),#4522);
#12085 = PRESENTATION_STYLE_ASSIGNMENT((#12086));
#12086 = SURFACE_STYLE_USAGE(.BOTH.,#12087);
#12087 = SURFACE_SIDE_STYLE('',(#12088));
#12088 = SURFACE_STYLE_FILL_AREA(#12089);
#12089 = FILL_AREA_STYLE('',(#12090));
#12090 = FILL_AREA_STYLE_COLOUR('',#11754);
#12091 = STYLED_ITEM('color',(#12092),#4569);
#12092 = PRESENTATION_STYLE_ASSIGNMENT((#12093));
#12093 = SURFACE_STYLE_USAGE(.BOTH.,#12094);
#12094 = SURFACE_SIDE_STYLE('',(#12095));
#12095 = SURFACE_STYLE_FILL_AREA(#12096);
#12096 = FILL_AREA_STYLE('',(#12097));
#12097 = FILL_AREA_STYLE_COLOUR('',#11754);
#12098 = STYLED_ITEM('color',(#12099),#4600);
#12099 = PRESENTATION_STYLE_ASSIGNMENT((#12100));
#12100 = SURFACE_STYLE_USAGE(.BOTH.,#12101);
#12101 = SURFACE_SIDE_STYLE('',(#12102));
#12102 = SURFACE_STYLE_FILL_AREA(#12103);
#12103 = FILL_AREA_STYLE('',(#12104));
#12104 = FILL_AREA_STYLE_COLOUR('',#11754);
#12105 = STYLED_ITEM('color',(#12106),#4612);
#12106 = PRESENTATION_STYLE_ASSIGNMENT((#12107));
#12107 = SURFACE_STYLE_USAGE(.BOTH.,#12108);
#12108 = SURFACE_SIDE_STYLE('',(#12109));
#12109 = SURFACE_STYLE_FILL_AREA(#12110);
#12110 = FILL_AREA_STYLE('',(#12111));
#12111 = FILL_AREA_STYLE_COLOUR('',#11754);
#12112 = STYLED_ITEM('color',(#12113),#4629);
#12113 = PRESENTATION_STYLE_ASSIGNMENT((#12114));
#12114 = SURFACE_STYLE_USAGE(.BOTH.,#12115);
#12115 = SURFACE_SIDE_STYLE('',(#12116));
#12116 = SURFACE_STYLE_FILL_AREA(#12117);
#12117 = FILL_AREA_STYLE('',(#12118));
#12118 = FILL_AREA_STYLE_COLOUR('',#11754);
#12119 = STYLED_ITEM('color',(#12120),#4655);
#12120 = PRESENTATION_STYLE_ASSIGNMENT((#12121));
#12121 = SURFACE_STYLE_USAGE(.BOTH.,#12122);
#12122 = SURFACE_SIDE_STYLE('',(#12123));
#12123 = SURFACE_STYLE_FILL_AREA(#12124);
#12124 = FILL_AREA_STYLE('',(#12125));
#12125 = FILL_AREA_STYLE_COLOUR('',#11754);
#12126 = STYLED_ITEM('color',(#12127),#4688);
#12127 = PRESENTATION_STYLE_ASSIGNMENT((#12128));
#12128 = SURFACE_STYLE_USAGE(.BOTH.,#12129);
#12129 = SURFACE_SIDE_STYLE('',(#12130));
#12130 = SURFACE_STYLE_FILL_AREA(#12131);
#12131 = FILL_AREA_STYLE('',(#12132));
#12132 = FILL_AREA_STYLE_COLOUR('',#11242);
#12133 = STYLED_ITEM('color',(#12134),#4700);
#12134 = PRESENTATION_STYLE_ASSIGNMENT((#12135));
#12135 = SURFACE_STYLE_USAGE(.BOTH.,#12136);
#12136 = SURFACE_SIDE_STYLE('',(#12137));
#12137 = SURFACE_STYLE_FILL_AREA(#12138);
#12138 = FILL_AREA_STYLE('',(#12139));
#12139 = FILL_AREA_STYLE_COLOUR('',#11242);
#12140 = STYLED_ITEM('color',(#12141),#4712);
#12141 = PRESENTATION_STYLE_ASSIGNMENT((#12142));
#12142 = SURFACE_STYLE_USAGE(.BOTH.,#12143);
#12143 = SURFACE_SIDE_STYLE('',(#12144));
#12144 = SURFACE_STYLE_FILL_AREA(#12145);
#12145 = FILL_AREA_STYLE('',(#12146));
#12146 = FILL_AREA_STYLE_COLOUR('',#11242);
#12147 = STYLED_ITEM('color',(#12148),#4724);
#12148 = PRESENTATION_STYLE_ASSIGNMENT((#12149));
#12149 = SURFACE_STYLE_USAGE(.BOTH.,#12150);
#12150 = SURFACE_SIDE_STYLE('',(#12151));
#12151 = SURFACE_STYLE_FILL_AREA(#12152);
#12152 = FILL_AREA_STYLE('',(#12153));
#12153 = FILL_AREA_STYLE_COLOUR('',#11242);
#12154 = STYLED_ITEM('color',(#12155),#4736);
#12155 = PRESENTATION_STYLE_ASSIGNMENT((#12156));
#12156 = SURFACE_STYLE_USAGE(.BOTH.,#12157);
#12157 = SURFACE_SIDE_STYLE('',(#12158));
#12158 = SURFACE_STYLE_FILL_AREA(#12159);
#12159 = FILL_AREA_STYLE('',(#12160));
#12160 = FILL_AREA_STYLE_COLOUR('',#11242);
#12161 = STYLED_ITEM('color',(#12162),#4748);
#12162 = PRESENTATION_STYLE_ASSIGNMENT((#12163));
#12163 = SURFACE_STYLE_USAGE(.BOTH.,#12164);
#12164 = SURFACE_SIDE_STYLE('',(#12165));
#12165 = SURFACE_STYLE_FILL_AREA(#12166);
#12166 = FILL_AREA_STYLE('',(#12167));
#12167 = FILL_AREA_STYLE_COLOUR('',#11242);
#12168 = STYLED_ITEM('color',(#12169),#4760);
#12169 = PRESENTATION_STYLE_ASSIGNMENT((#12170));
#12170 = SURFACE_STYLE_USAGE(.BOTH.,#12171);
#12171 = SURFACE_SIDE_STYLE('',(#12172));
#12172 = SURFACE_STYLE_FILL_AREA(#12173);
#12173 = FILL_AREA_STYLE('',(#12174));
#12174 = FILL_AREA_STYLE_COLOUR('',#11754);
#12175 = STYLED_ITEM('color',(#12176),#4791);
#12176 = PRESENTATION_STYLE_ASSIGNMENT((#12177));
#12177 = SURFACE_STYLE_USAGE(.BOTH.,#12178);
#12178 = SURFACE_SIDE_STYLE('',(#12179));
#12179 = SURFACE_STYLE_FILL_AREA(#12180);
#12180 = FILL_AREA_STYLE('',(#12181));
#12181 = FILL_AREA_STYLE_COLOUR('',#11754);
#12182 = STYLED_ITEM('color',(#12183),#4815);
#12183 = PRESENTATION_STYLE_ASSIGNMENT((#12184));
#12184 = SURFACE_STYLE_USAGE(.BOTH.,#12185);
#12185 = SURFACE_SIDE_STYLE('',(#12186));
#12186 = SURFACE_STYLE_FILL_AREA(#12187);
#12187 = FILL_AREA_STYLE('',(#12188));
#12188 = FILL_AREA_STYLE_COLOUR('',#11754);
#12189 = STYLED_ITEM('color',(#12190),#4839);
#12190 = PRESENTATION_STYLE_ASSIGNMENT((#12191));
#12191 = SURFACE_STYLE_USAGE(.BOTH.,#12192);
#12192 = SURFACE_SIDE_STYLE('',(#12193));
#12193 = SURFACE_STYLE_FILL_AREA(#12194);
#12194 = FILL_AREA_STYLE('',(#12195));
#12195 = FILL_AREA_STYLE_COLOUR('',#11754);
#12196 = STYLED_ITEM('color',(#12197),#4856);
#12197 = PRESENTATION_STYLE_ASSIGNMENT((#12198));
#12198 = SURFACE_STYLE_USAGE(.BOTH.,#12199);
#12199 = SURFACE_SIDE_STYLE('',(#12200));
#12200 = SURFACE_STYLE_FILL_AREA(#12201);
#12201 = FILL_AREA_STYLE('',(#12202));
#12202 = FILL_AREA_STYLE_COLOUR('',#11754);
#12203 = STYLED_ITEM('color',(#12204),#4887);
#12204 = PRESENTATION_STYLE_ASSIGNMENT((#12205));
#12205 = SURFACE_STYLE_USAGE(.BOTH.,#12206);
#12206 = SURFACE_SIDE_STYLE('',(#12207));
#12207 = SURFACE_STYLE_FILL_AREA(#12208);
#12208 = FILL_AREA_STYLE('',(#12209));
#12209 = FILL_AREA_STYLE_COLOUR('',#11754);
#12210 = STYLED_ITEM('color',(#12211),#4911);
#12211 = PRESENTATION_STYLE_ASSIGNMENT((#12212));
#12212 = SURFACE_STYLE_USAGE(.BOTH.,#12213);
#12213 = SURFACE_SIDE_STYLE('',(#12214));
#12214 = SURFACE_STYLE_FILL_AREA(#12215);
#12215 = FILL_AREA_STYLE('',(#12216));
#12216 = FILL_AREA_STYLE_COLOUR('',#11754);
#12217 = STYLED_ITEM('color',(#12218),#4935);
#12218 = PRESENTATION_STYLE_ASSIGNMENT((#12219));
#12219 = SURFACE_STYLE_USAGE(.BOTH.,#12220);
#12220 = SURFACE_SIDE_STYLE('',(#12221));
#12221 = SURFACE_STYLE_FILL_AREA(#12222);
#12222 = FILL_AREA_STYLE('',(#12223));
#12223 = FILL_AREA_STYLE_COLOUR('',#11754);
#12224 = STYLED_ITEM('color',(#12225),#4952);
#12225 = PRESENTATION_STYLE_ASSIGNMENT((#12226));
#12226 = SURFACE_STYLE_USAGE(.BOTH.,#12227);
#12227 = SURFACE_SIDE_STYLE('',(#12228));
#12228 = SURFACE_STYLE_FILL_AREA(#12229);
#12229 = FILL_AREA_STYLE('',(#12230));
#12230 = FILL_AREA_STYLE_COLOUR('',#11754);
#12231 = STYLED_ITEM('color',(#12232),#4983);
#12232 = PRESENTATION_STYLE_ASSIGNMENT((#12233));
#12233 = SURFACE_STYLE_USAGE(.BOTH.,#12234);
#12234 = SURFACE_SIDE_STYLE('',(#12235));
#12235 = SURFACE_STYLE_FILL_AREA(#12236);
#12236 = FILL_AREA_STYLE('',(#12237));
#12237 = FILL_AREA_STYLE_COLOUR('',#11754);
#12238 = STYLED_ITEM('color',(#12239),#5007);
#12239 = PRESENTATION_STYLE_ASSIGNMENT((#12240));
#12240 = SURFACE_STYLE_USAGE(.BOTH.,#12241);
#12241 = SURFACE_SIDE_STYLE('',(#12242));
#12242 = SURFACE_STYLE_FILL_AREA(#12243);
#12243 = FILL_AREA_STYLE('',(#12244));
#12244 = FILL_AREA_STYLE_COLOUR('',#11754);
#12245 = STYLED_ITEM('color',(#12246),#5031);
#12246 = PRESENTATION_STYLE_ASSIGNMENT((#12247));
#12247 = SURFACE_STYLE_USAGE(.BOTH.,#12248);
#12248 = SURFACE_SIDE_STYLE('',(#12249));
#12249 = SURFACE_STYLE_FILL_AREA(#12250);
#12250 = FILL_AREA_STYLE('',(#12251));
#12251 = FILL_AREA_STYLE_COLOUR('',#11754);
#12252 = STYLED_ITEM('color',(#12253),#5048);
#12253 = PRESENTATION_STYLE_ASSIGNMENT((#12254));
#12254 = SURFACE_STYLE_USAGE(.BOTH.,#12255);
#12255 = SURFACE_SIDE_STYLE('',(#12256));
#12256 = SURFACE_STYLE_FILL_AREA(#12257);
#12257 = FILL_AREA_STYLE('',(#12258));
#12258 = FILL_AREA_STYLE_COLOUR('',#11754);
#12259 = STYLED_ITEM('color',(#12260),#5079);
#12260 = PRESENTATION_STYLE_ASSIGNMENT((#12261));
#12261 = SURFACE_STYLE_USAGE(.BOTH.,#12262);
#12262 = SURFACE_SIDE_STYLE('',(#12263));
#12263 = SURFACE_STYLE_FILL_AREA(#12264);
#12264 = FILL_AREA_STYLE('',(#12265));
#12265 = FILL_AREA_STYLE_COLOUR('',#11754);
#12266 = STYLED_ITEM('color',(#12267),#5103);
#12267 = PRESENTATION_STYLE_ASSIGNMENT((#12268));
#12268 = SURFACE_STYLE_USAGE(.BOTH.,#12269);
#12269 = SURFACE_SIDE_STYLE('',(#12270));
#12270 = SURFACE_STYLE_FILL_AREA(#12271);
#12271 = FILL_AREA_STYLE('',(#12272));
#12272 = FILL_AREA_STYLE_COLOUR('',#11754);
#12273 = STYLED_ITEM('color',(#12274),#5127);
#12274 = PRESENTATION_STYLE_ASSIGNMENT((#12275));
#12275 = SURFACE_STYLE_USAGE(.BOTH.,#12276);
#12276 = SURFACE_SIDE_STYLE('',(#12277));
#12277 = SURFACE_STYLE_FILL_AREA(#12278);
#12278 = FILL_AREA_STYLE('',(#12279));
#12279 = FILL_AREA_STYLE_COLOUR('',#11754);
#12280 = STYLED_ITEM('color',(#12281),#5144);
#12281 = PRESENTATION_STYLE_ASSIGNMENT((#12282));
#12282 = SURFACE_STYLE_USAGE(.BOTH.,#12283);
#12283 = SURFACE_SIDE_STYLE('',(#12284));
#12284 = SURFACE_STYLE_FILL_AREA(#12285);
#12285 = FILL_AREA_STYLE('',(#12286));
#12286 = FILL_AREA_STYLE_COLOUR('',#11754);
#12287 = STYLED_ITEM('color',(#12288),#5175);
#12288 = PRESENTATION_STYLE_ASSIGNMENT((#12289));
#12289 = SURFACE_STYLE_USAGE(.BOTH.,#12290);
#12290 = SURFACE_SIDE_STYLE('',(#12291));
#12291 = SURFACE_STYLE_FILL_AREA(#12292);
#12292 = FILL_AREA_STYLE('',(#12293));
#12293 = FILL_AREA_STYLE_COLOUR('',#11754);
#12294 = STYLED_ITEM('color',(#12295),#5199);
#12295 = PRESENTATION_STYLE_ASSIGNMENT((#12296));
#12296 = SURFACE_STYLE_USAGE(.BOTH.,#12297);
#12297 = SURFACE_SIDE_STYLE('',(#12298));
#12298 = SURFACE_STYLE_FILL_AREA(#12299);
#12299 = FILL_AREA_STYLE('',(#12300));
#12300 = FILL_AREA_STYLE_COLOUR('',#11754);
#12301 = STYLED_ITEM('color',(#12302),#5223);
#12302 = PRESENTATION_STYLE_ASSIGNMENT((#12303));
#12303 = SURFACE_STYLE_USAGE(.BOTH.,#12304);
#12304 = SURFACE_SIDE_STYLE('',(#12305));
#12305 = SURFACE_STYLE_FILL_AREA(#12306);
#12306 = FILL_AREA_STYLE('',(#12307));
#12307 = FILL_AREA_STYLE_COLOUR('',#11754);
#12308 = STYLED_ITEM('color',(#12309),#5240);
#12309 = PRESENTATION_STYLE_ASSIGNMENT((#12310));
#12310 = SURFACE_STYLE_USAGE(.BOTH.,#12311);
#12311 = SURFACE_SIDE_STYLE('',(#12312));
#12312 = SURFACE_STYLE_FILL_AREA(#12313);
#12313 = FILL_AREA_STYLE('',(#12314));
#12314 = FILL_AREA_STYLE_COLOUR('',#11754);
#12315 = STYLED_ITEM('color',(#12316),#5271);
#12316 = PRESENTATION_STYLE_ASSIGNMENT((#12317));
#12317 = SURFACE_STYLE_USAGE(.BOTH.,#12318);
#12318 = SURFACE_SIDE_STYLE('',(#12319));
#12319 = SURFACE_STYLE_FILL_AREA(#12320);
#12320 = FILL_AREA_STYLE('',(#12321));
#12321 = FILL_AREA_STYLE_COLOUR('',#11754);
#12322 = STYLED_ITEM('color',(#12323),#5295);
#12323 = PRESENTATION_STYLE_ASSIGNMENT((#12324));
#12324 = SURFACE_STYLE_USAGE(.BOTH.,#12325);
#12325 = SURFACE_SIDE_STYLE('',(#12326));
#12326 = SURFACE_STYLE_FILL_AREA(#12327);
#12327 = FILL_AREA_STYLE('',(#12328));
#12328 = FILL_AREA_STYLE_COLOUR('',#11754);
#12329 = STYLED_ITEM('color',(#12330),#5319);
#12330 = PRESENTATION_STYLE_ASSIGNMENT((#12331));
#12331 = SURFACE_STYLE_USAGE(.BOTH.,#12332);
#12332 = SURFACE_SIDE_STYLE('',(#12333));
#12333 = SURFACE_STYLE_FILL_AREA(#12334);
#12334 = FILL_AREA_STYLE('',(#12335));
#12335 = FILL_AREA_STYLE_COLOUR('',#11754);
#12336 = STYLED_ITEM('color',(#12337),#5336);
#12337 = PRESENTATION_STYLE_ASSIGNMENT((#12338));
#12338 = SURFACE_STYLE_USAGE(.BOTH.,#12339);
#12339 = SURFACE_SIDE_STYLE('',(#12340));
#12340 = SURFACE_STYLE_FILL_AREA(#12341);
#12341 = FILL_AREA_STYLE('',(#12342));
#12342 = FILL_AREA_STYLE_COLOUR('',#11754);
#12343 = STYLED_ITEM('color',(#12344),#5367);
#12344 = PRESENTATION_STYLE_ASSIGNMENT((#12345));
#12345 = SURFACE_STYLE_USAGE(.BOTH.,#12346);
#12346 = SURFACE_SIDE_STYLE('',(#12347));
#12347 = SURFACE_STYLE_FILL_AREA(#12348);
#12348 = FILL_AREA_STYLE('',(#12349));
#12349 = FILL_AREA_STYLE_COLOUR('',#11754);
#12350 = STYLED_ITEM('color',(#12351),#5391);
#12351 = PRESENTATION_STYLE_ASSIGNMENT((#12352));
#12352 = SURFACE_STYLE_USAGE(.BOTH.,#12353);
#12353 = SURFACE_SIDE_STYLE('',(#12354));
#12354 = SURFACE_STYLE_FILL_AREA(#12355);
#12355 = FILL_AREA_STYLE('',(#12356));
#12356 = FILL_AREA_STYLE_COLOUR('',#11754);
#12357 = STYLED_ITEM('color',(#12358),#5415);
#12358 = PRESENTATION_STYLE_ASSIGNMENT((#12359));
#12359 = SURFACE_STYLE_USAGE(.BOTH.,#12360);
#12360 = SURFACE_SIDE_STYLE('',(#12361));
#12361 = SURFACE_STYLE_FILL_AREA(#12362);
#12362 = FILL_AREA_STYLE('',(#12363));
#12363 = FILL_AREA_STYLE_COLOUR('',#11754);
#12364 = STYLED_ITEM('color',(#12365),#5432);
#12365 = PRESENTATION_STYLE_ASSIGNMENT((#12366));
#12366 = SURFACE_STYLE_USAGE(.BOTH.,#12367);
#12367 = SURFACE_SIDE_STYLE('',(#12368));
#12368 = SURFACE_STYLE_FILL_AREA(#12369);
#12369 = FILL_AREA_STYLE('',(#12370));
#12370 = FILL_AREA_STYLE_COLOUR('',#11754);
#12371 = STYLED_ITEM('color',(#12372),#5479);
#12372 = PRESENTATION_STYLE_ASSIGNMENT((#12373));
#12373 = SURFACE_STYLE_USAGE(.BOTH.,#12374);
#12374 = SURFACE_SIDE_STYLE('',(#12375));
#12375 = SURFACE_STYLE_FILL_AREA(#12376);
#12376 = FILL_AREA_STYLE('',(#12377));
#12377 = FILL_AREA_STYLE_COLOUR('',#11754);
#12378 = STYLED_ITEM('color',(#12379),#5510);
#12379 = PRESENTATION_STYLE_ASSIGNMENT((#12380));
#12380 = SURFACE_STYLE_USAGE(.BOTH.,#12381);
#12381 = SURFACE_SIDE_STYLE('',(#12382));
#12382 = SURFACE_STYLE_FILL_AREA(#12383);
#12383 = FILL_AREA_STYLE('',(#12384));
#12384 = FILL_AREA_STYLE_COLOUR('',#11754);
#12385 = STYLED_ITEM('color',(#12386),#5522);
#12386 = PRESENTATION_STYLE_ASSIGNMENT((#12387));
#12387 = SURFACE_STYLE_USAGE(.BOTH.,#12388);
#12388 = SURFACE_SIDE_STYLE('',(#12389));
#12389 = SURFACE_STYLE_FILL_AREA(#12390);
#12390 = FILL_AREA_STYLE('',(#12391));
#12391 = FILL_AREA_STYLE_COLOUR('',#11754);
#12392 = STYLED_ITEM('color',(#12393),#5539);
#12393 = PRESENTATION_STYLE_ASSIGNMENT((#12394));
#12394 = SURFACE_STYLE_USAGE(.BOTH.,#12395);
#12395 = SURFACE_SIDE_STYLE('',(#12396));
#12396 = SURFACE_STYLE_FILL_AREA(#12397);
#12397 = FILL_AREA_STYLE('',(#12398));
#12398 = FILL_AREA_STYLE_COLOUR('',#11754);
#12399 = STYLED_ITEM('color',(#12400),#5565);
#12400 = PRESENTATION_STYLE_ASSIGNMENT((#12401));
#12401 = SURFACE_STYLE_USAGE(.BOTH.,#12402);
#12402 = SURFACE_SIDE_STYLE('',(#12403));
#12403 = SURFACE_STYLE_FILL_AREA(#12404);
#12404 = FILL_AREA_STYLE('',(#12405));
#12405 = FILL_AREA_STYLE_COLOUR('',#11754);
#12406 = STYLED_ITEM('color',(#12407),#5598);
#12407 = PRESENTATION_STYLE_ASSIGNMENT((#12408));
#12408 = SURFACE_STYLE_USAGE(.BOTH.,#12409);
#12409 = SURFACE_SIDE_STYLE('',(#12410));
#12410 = SURFACE_STYLE_FILL_AREA(#12411);
#12411 = FILL_AREA_STYLE('',(#12412));
#12412 = FILL_AREA_STYLE_COLOUR('',#11754);
#12413 = STYLED_ITEM('color',(#12414),#5629);
#12414 = PRESENTATION_STYLE_ASSIGNMENT((#12415));
#12415 = SURFACE_STYLE_USAGE(.BOTH.,#12416);
#12416 = SURFACE_SIDE_STYLE('',(#12417));
#12417 = SURFACE_STYLE_FILL_AREA(#12418);
#12418 = FILL_AREA_STYLE('',(#12419));
#12419 = FILL_AREA_STYLE_COLOUR('',#11754);
#12420 = STYLED_ITEM('color',(#12421),#5653);
#12421 = PRESENTATION_STYLE_ASSIGNMENT((#12422));
#12422 = SURFACE_STYLE_USAGE(.BOTH.,#12423);
#12423 = SURFACE_SIDE_STYLE('',(#12424));
#12424 = SURFACE_STYLE_FILL_AREA(#12425);
#12425 = FILL_AREA_STYLE('',(#12426));
#12426 = FILL_AREA_STYLE_COLOUR('',#11754);
#12427 = STYLED_ITEM('color',(#12428),#5677);
#12428 = PRESENTATION_STYLE_ASSIGNMENT((#12429));
#12429 = SURFACE_STYLE_USAGE(.BOTH.,#12430);
#12430 = SURFACE_SIDE_STYLE('',(#12431));
#12431 = SURFACE_STYLE_FILL_AREA(#12432);
#12432 = FILL_AREA_STYLE('',(#12433));
#12433 = FILL_AREA_STYLE_COLOUR('',#11754);
#12434 = STYLED_ITEM('color',(#12435),#5694);
#12435 = PRESENTATION_STYLE_ASSIGNMENT((#12436));
#12436 = SURFACE_STYLE_USAGE(.BOTH.,#12437);
#12437 = SURFACE_SIDE_STYLE('',(#12438));
#12438 = SURFACE_STYLE_FILL_AREA(#12439);
#12439 = FILL_AREA_STYLE('',(#12440));
#12440 = FILL_AREA_STYLE_COLOUR('',#11754);
#12441 = STYLED_ITEM('color',(#12442),#5725);
#12442 = PRESENTATION_STYLE_ASSIGNMENT((#12443));
#12443 = SURFACE_STYLE_USAGE(.BOTH.,#12444);
#12444 = SURFACE_SIDE_STYLE('',(#12445));
#12445 = SURFACE_STYLE_FILL_AREA(#12446);
#12446 = FILL_AREA_STYLE('',(#12447));
#12447 = FILL_AREA_STYLE_COLOUR('',#11754);
#12448 = STYLED_ITEM('color',(#12449),#5749);
#12449 = PRESENTATION_STYLE_ASSIGNMENT((#12450));
#12450 = SURFACE_STYLE_USAGE(.BOTH.,#12451);
#12451 = SURFACE_SIDE_STYLE('',(#12452));
#12452 = SURFACE_STYLE_FILL_AREA(#12453);
#12453 = FILL_AREA_STYLE('',(#12454));
#12454 = FILL_AREA_STYLE_COLOUR('',#11754);
#12455 = STYLED_ITEM('color',(#12456),#5773);
#12456 = PRESENTATION_STYLE_ASSIGNMENT((#12457));
#12457 = SURFACE_STYLE_USAGE(.BOTH.,#12458);
#12458 = SURFACE_SIDE_STYLE('',(#12459));
#12459 = SURFACE_STYLE_FILL_AREA(#12460);
#12460 = FILL_AREA_STYLE('',(#12461));
#12461 = FILL_AREA_STYLE_COLOUR('',#11754);
#12462 = STYLED_ITEM('color',(#12463),#5790);
#12463 = PRESENTATION_STYLE_ASSIGNMENT((#12464));
#12464 = SURFACE_STYLE_USAGE(.BOTH.,#12465);
#12465 = SURFACE_SIDE_STYLE('',(#12466));
#12466 = SURFACE_STYLE_FILL_AREA(#12467);
#12467 = FILL_AREA_STYLE('',(#12468));
#12468 = FILL_AREA_STYLE_COLOUR('',#11754);
#12469 = STYLED_ITEM('color',(#12470),#5821);
#12470 = PRESENTATION_STYLE_ASSIGNMENT((#12471));
#12471 = SURFACE_STYLE_USAGE(.BOTH.,#12472);
#12472 = SURFACE_SIDE_STYLE('',(#12473));
#12473 = SURFACE_STYLE_FILL_AREA(#12474);
#12474 = FILL_AREA_STYLE('',(#12475));
#12475 = FILL_AREA_STYLE_COLOUR('',#11754);
#12476 = STYLED_ITEM('color',(#12477),#5845);
#12477 = PRESENTATION_STYLE_ASSIGNMENT((#12478));
#12478 = SURFACE_STYLE_USAGE(.BOTH.,#12479);
#12479 = SURFACE_SIDE_STYLE('',(#12480));
#12480 = SURFACE_STYLE_FILL_AREA(#12481);
#12481 = FILL_AREA_STYLE('',(#12482));
#12482 = FILL_AREA_STYLE_COLOUR('',#11754);
#12483 = STYLED_ITEM('color',(#12484),#5869);
#12484 = PRESENTATION_STYLE_ASSIGNMENT((#12485));
#12485 = SURFACE_STYLE_USAGE(.BOTH.,#12486);
#12486 = SURFACE_SIDE_STYLE('',(#12487));
#12487 = SURFACE_STYLE_FILL_AREA(#12488);
#12488 = FILL_AREA_STYLE('',(#12489));
#12489 = FILL_AREA_STYLE_COLOUR('',#11754);
#12490 = STYLED_ITEM('color',(#12491),#5886);
#12491 = PRESENTATION_STYLE_ASSIGNMENT((#12492));
#12492 = SURFACE_STYLE_USAGE(.BOTH.,#12493);
#12493 = SURFACE_SIDE_STYLE('',(#12494));
#12494 = SURFACE_STYLE_FILL_AREA(#12495);
#12495 = FILL_AREA_STYLE('',(#12496));
#12496 = FILL_AREA_STYLE_COLOUR('',#11754);
#12497 = STYLED_ITEM('color',(#12498),#5917);
#12498 = PRESENTATION_STYLE_ASSIGNMENT((#12499));
#12499 = SURFACE_STYLE_USAGE(.BOTH.,#12500);
#12500 = SURFACE_SIDE_STYLE('',(#12501));
#12501 = SURFACE_STYLE_FILL_AREA(#12502);
#12502 = FILL_AREA_STYLE('',(#12503));
#12503 = FILL_AREA_STYLE_COLOUR('',#11754);
#12504 = STYLED_ITEM('color',(#12505),#5941);
#12505 = PRESENTATION_STYLE_ASSIGNMENT((#12506));
#12506 = SURFACE_STYLE_USAGE(.BOTH.,#12507);
#12507 = SURFACE_SIDE_STYLE('',(#12508));
#12508 = SURFACE_STYLE_FILL_AREA(#12509);
#12509 = FILL_AREA_STYLE('',(#12510));
#12510 = FILL_AREA_STYLE_COLOUR('',#11754);
#12511 = STYLED_ITEM('color',(#12512),#5965);
#12512 = PRESENTATION_STYLE_ASSIGNMENT((#12513));
#12513 = SURFACE_STYLE_USAGE(.BOTH.,#12514);
#12514 = SURFACE_SIDE_STYLE('',(#12515));
#12515 = SURFACE_STYLE_FILL_AREA(#12516);
#12516 = FILL_AREA_STYLE('',(#12517));
#12517 = FILL_AREA_STYLE_COLOUR('',#11754);
#12518 = STYLED_ITEM('color',(#12519),#5982);
#12519 = PRESENTATION_STYLE_ASSIGNMENT((#12520));
#12520 = SURFACE_STYLE_USAGE(.BOTH.,#12521);
#12521 = SURFACE_SIDE_STYLE('',(#12522));
#12522 = SURFACE_STYLE_FILL_AREA(#12523);
#12523 = FILL_AREA_STYLE('',(#12524));
#12524 = FILL_AREA_STYLE_COLOUR('',#11754);
#12525 = STYLED_ITEM('color',(#12526),#6013);
#12526 = PRESENTATION_STYLE_ASSIGNMENT((#12527));
#12527 = SURFACE_STYLE_USAGE(.BOTH.,#12528);
#12528 = SURFACE_SIDE_STYLE('',(#12529));
#12529 = SURFACE_STYLE_FILL_AREA(#12530);
#12530 = FILL_AREA_STYLE('',(#12531));
#12531 = FILL_AREA_STYLE_COLOUR('',#11754);
#12532 = STYLED_ITEM('color',(#12533),#6037);
#12533 = PRESENTATION_STYLE_ASSIGNMENT((#12534));
#12534 = SURFACE_STYLE_USAGE(.BOTH.,#12535);
#12535 = SURFACE_SIDE_STYLE('',(#12536));
#12536 = SURFACE_STYLE_FILL_AREA(#12537);
#12537 = FILL_AREA_STYLE('',(#12538));
#12538 = FILL_AREA_STYLE_COLOUR('',#11754);
#12539 = STYLED_ITEM('color',(#12540),#6061);
#12540 = PRESENTATION_STYLE_ASSIGNMENT((#12541));
#12541 = SURFACE_STYLE_USAGE(.BOTH.,#12542);
#12542 = SURFACE_SIDE_STYLE('',(#12543));
#12543 = SURFACE_STYLE_FILL_AREA(#12544);
#12544 = FILL_AREA_STYLE('',(#12545));
#12545 = FILL_AREA_STYLE_COLOUR('',#11754);
#12546 = STYLED_ITEM('color',(#12547),#6078);
#12547 = PRESENTATION_STYLE_ASSIGNMENT((#12548));
#12548 = SURFACE_STYLE_USAGE(.BOTH.,#12549);
#12549 = SURFACE_SIDE_STYLE('',(#12550));
#12550 = SURFACE_STYLE_FILL_AREA(#12551);
#12551 = FILL_AREA_STYLE('',(#12552));
#12552 = FILL_AREA_STYLE_COLOUR('',#11754);
#12553 = STYLED_ITEM('color',(#12554),#6095);
#12554 = PRESENTATION_STYLE_ASSIGNMENT((#12555));
#12555 = SURFACE_STYLE_USAGE(.BOTH.,#12556);
#12556 = SURFACE_SIDE_STYLE('',(#12557));
#12557 = SURFACE_STYLE_FILL_AREA(#12558);
#12558 = FILL_AREA_STYLE('',(#12559));
#12559 = FILL_AREA_STYLE_COLOUR('',#11754);
#12560 = STYLED_ITEM('color',(#12561),#6112);
#12561 = PRESENTATION_STYLE_ASSIGNMENT((#12562));
#12562 = SURFACE_STYLE_USAGE(.BOTH.,#12563);
#12563 = SURFACE_SIDE_STYLE('',(#12564));
#12564 = SURFACE_STYLE_FILL_AREA(#12565);
#12565 = FILL_AREA_STYLE('',(#12566));
#12566 = FILL_AREA_STYLE_COLOUR('',#11754);
#12567 = STYLED_ITEM('color',(#12568),#6124);
#12568 = PRESENTATION_STYLE_ASSIGNMENT((#12569));
#12569 = SURFACE_STYLE_USAGE(.BOTH.,#12570);
#12570 = SURFACE_SIDE_STYLE('',(#12571));
#12571 = SURFACE_STYLE_FILL_AREA(#12572);
#12572 = FILL_AREA_STYLE('',(#12573));
#12573 = FILL_AREA_STYLE_COLOUR('',#11754);
#12574 = STYLED_ITEM('color',(#12575),#6155);
#12575 = PRESENTATION_STYLE_ASSIGNMENT((#12576));
#12576 = SURFACE_STYLE_USAGE(.BOTH.,#12577);
#12577 = SURFACE_SIDE_STYLE('',(#12578));
#12578 = SURFACE_STYLE_FILL_AREA(#12579);
#12579 = FILL_AREA_STYLE('',(#12580));
#12580 = FILL_AREA_STYLE_COLOUR('',#11754);
#12581 = STYLED_ITEM('color',(#12582),#6179);
#12582 = PRESENTATION_STYLE_ASSIGNMENT((#12583));
#12583 = SURFACE_STYLE_USAGE(.BOTH.,#12584);
#12584 = SURFACE_SIDE_STYLE('',(#12585));
#12585 = SURFACE_STYLE_FILL_AREA(#12586);
#12586 = FILL_AREA_STYLE('',(#12587));
#12587 = FILL_AREA_STYLE_COLOUR('',#11754);
#12588 = STYLED_ITEM('color',(#12589),#6203);
#12589 = PRESENTATION_STYLE_ASSIGNMENT((#12590));
#12590 = SURFACE_STYLE_USAGE(.BOTH.,#12591);
#12591 = SURFACE_SIDE_STYLE('',(#12592));
#12592 = SURFACE_STYLE_FILL_AREA(#12593);
#12593 = FILL_AREA_STYLE('',(#12594));
#12594 = FILL_AREA_STYLE_COLOUR('',#11754);
#12595 = STYLED_ITEM('color',(#12596),#6220);
#12596 = PRESENTATION_STYLE_ASSIGNMENT((#12597));
#12597 = SURFACE_STYLE_USAGE(.BOTH.,#12598);
#12598 = SURFACE_SIDE_STYLE('',(#12599));
#12599 = SURFACE_STYLE_FILL_AREA(#12600);
#12600 = FILL_AREA_STYLE('',(#12601));
#12601 = FILL_AREA_STYLE_COLOUR('',#11754);
#12602 = STYLED_ITEM('color',(#12603),#6251);
#12603 = PRESENTATION_STYLE_ASSIGNMENT((#12604));
#12604 = SURFACE_STYLE_USAGE(.BOTH.,#12605);
#12605 = SURFACE_SIDE_STYLE('',(#12606));
#12606 = SURFACE_STYLE_FILL_AREA(#12607);
#12607 = FILL_AREA_STYLE('',(#12608));
#12608 = FILL_AREA_STYLE_COLOUR('',#11754);
#12609 = STYLED_ITEM('color',(#12610),#6275);
#12610 = PRESENTATION_STYLE_ASSIGNMENT((#12611));
#12611 = SURFACE_STYLE_USAGE(.BOTH.,#12612);
#12612 = SURFACE_SIDE_STYLE('',(#12613));
#12613 = SURFACE_STYLE_FILL_AREA(#12614);
#12614 = FILL_AREA_STYLE('',(#12615));
#12615 = FILL_AREA_STYLE_COLOUR('',#11754);
#12616 = STYLED_ITEM('color',(#12617),#6299);
#12617 = PRESENTATION_STYLE_ASSIGNMENT((#12618));
#12618 = SURFACE_STYLE_USAGE(.BOTH.,#12619);
#12619 = SURFACE_SIDE_STYLE('',(#12620));
#12620 = SURFACE_STYLE_FILL_AREA(#12621);
#12621 = FILL_AREA_STYLE('',(#12622));
#12622 = FILL_AREA_STYLE_COLOUR('',#11754);
#12623 = STYLED_ITEM('color',(#12624),#6316);
#12624 = PRESENTATION_STYLE_ASSIGNMENT((#12625));
#12625 = SURFACE_STYLE_USAGE(.BOTH.,#12626);
#12626 = SURFACE_SIDE_STYLE('',(#12627));
#12627 = SURFACE_STYLE_FILL_AREA(#12628);
#12628 = FILL_AREA_STYLE('',(#12629));
#12629 = FILL_AREA_STYLE_COLOUR('',#11754);
#12630 = STYLED_ITEM('color',(#12631),#6347);
#12631 = PRESENTATION_STYLE_ASSIGNMENT((#12632));
#12632 = SURFACE_STYLE_USAGE(.BOTH.,#12633);
#12633 = SURFACE_SIDE_STYLE('',(#12634));
#12634 = SURFACE_STYLE_FILL_AREA(#12635);
#12635 = FILL_AREA_STYLE('',(#12636));
#12636 = FILL_AREA_STYLE_COLOUR('',#11754);
#12637 = STYLED_ITEM('color',(#12638),#6371);
#12638 = PRESENTATION_STYLE_ASSIGNMENT((#12639));
#12639 = SURFACE_STYLE_USAGE(.BOTH.,#12640);
#12640 = SURFACE_SIDE_STYLE('',(#12641));
#12641 = SURFACE_STYLE_FILL_AREA(#12642);
#12642 = FILL_AREA_STYLE('',(#12643));
#12643 = FILL_AREA_STYLE_COLOUR('',#11754);
#12644 = STYLED_ITEM('color',(#12645),#6395);
#12645 = PRESENTATION_STYLE_ASSIGNMENT((#12646));
#12646 = SURFACE_STYLE_USAGE(.BOTH.,#12647);
#12647 = SURFACE_SIDE_STYLE('',(#12648));
#12648 = SURFACE_STYLE_FILL_AREA(#12649);
#12649 = FILL_AREA_STYLE('',(#12650));
#12650 = FILL_AREA_STYLE_COLOUR('',#11754);
#12651 = STYLED_ITEM('color',(#12652),#6412);
#12652 = PRESENTATION_STYLE_ASSIGNMENT((#12653));
#12653 = SURFACE_STYLE_USAGE(.BOTH.,#12654);
#12654 = SURFACE_SIDE_STYLE('',(#12655));
#12655 = SURFACE_STYLE_FILL_AREA(#12656);
#12656 = FILL_AREA_STYLE('',(#12657));
#12657 = FILL_AREA_STYLE_COLOUR('',#11754);
#12658 = STYLED_ITEM('color',(#12659),#6443);
#12659 = PRESENTATION_STYLE_ASSIGNMENT((#12660));
#12660 = SURFACE_STYLE_USAGE(.BOTH.,#12661);
#12661 = SURFACE_SIDE_STYLE('',(#12662));
#12662 = SURFACE_STYLE_FILL_AREA(#12663);
#12663 = FILL_AREA_STYLE('',(#12664));
#12664 = FILL_AREA_STYLE_COLOUR('',#11754);
#12665 = STYLED_ITEM('color',(#12666),#6467);
#12666 = PRESENTATION_STYLE_ASSIGNMENT((#12667));
#12667 = SURFACE_STYLE_USAGE(.BOTH.,#12668);
#12668 = SURFACE_SIDE_STYLE('',(#12669));
#12669 = SURFACE_STYLE_FILL_AREA(#12670);
#12670 = FILL_AREA_STYLE('',(#12671));
#12671 = FILL_AREA_STYLE_COLOUR('',#11754);
#12672 = STYLED_ITEM('color',(#12673),#6491);
#12673 = PRESENTATION_STYLE_ASSIGNMENT((#12674));
#12674 = SURFACE_STYLE_USAGE(.BOTH.,#12675);
#12675 = SURFACE_SIDE_STYLE('',(#12676));
#12676 = SURFACE_STYLE_FILL_AREA(#12677);
#12677 = FILL_AREA_STYLE('',(#12678));
#12678 = FILL_AREA_STYLE_COLOUR('',#11754);
#12679 = STYLED_ITEM('color',(#12680),#6508);
#12680 = PRESENTATION_STYLE_ASSIGNMENT((#12681));
#12681 = SURFACE_STYLE_USAGE(.BOTH.,#12682);
#12682 = SURFACE_SIDE_STYLE('',(#12683));
#12683 = SURFACE_STYLE_FILL_AREA(#12684);
#12684 = FILL_AREA_STYLE('',(#12685));
#12685 = FILL_AREA_STYLE_COLOUR('',#11754);
#12686 = STYLED_ITEM('color',(#12687),#6539);
#12687 = PRESENTATION_STYLE_ASSIGNMENT((#12688));
#12688 = SURFACE_STYLE_USAGE(.BOTH.,#12689);
#12689 = SURFACE_SIDE_STYLE('',(#12690));
#12690 = SURFACE_STYLE_FILL_AREA(#12691);
#12691 = FILL_AREA_STYLE('',(#12692));
#12692 = FILL_AREA_STYLE_COLOUR('',#11754);
#12693 = STYLED_ITEM('color',(#12694),#6563);
#12694 = PRESENTATION_STYLE_ASSIGNMENT((#12695));
#12695 = SURFACE_STYLE_USAGE(.BOTH.,#12696);
#12696 = SURFACE_SIDE_STYLE('',(#12697));
#12697 = SURFACE_STYLE_FILL_AREA(#12698);
#12698 = FILL_AREA_STYLE('',(#12699));
#12699 = FILL_AREA_STYLE_COLOUR('',#11754);
#12700 = STYLED_ITEM('color',(#12701),#6587);
#12701 = PRESENTATION_STYLE_ASSIGNMENT((#12702));
#12702 = SURFACE_STYLE_USAGE(.BOTH.,#12703);
#12703 = SURFACE_SIDE_STYLE('',(#12704));
#12704 = SURFACE_STYLE_FILL_AREA(#12705);
#12705 = FILL_AREA_STYLE('',(#12706));
#12706 = FILL_AREA_STYLE_COLOUR('',#11754);
#12707 = STYLED_ITEM('color',(#12708),#6604);
#12708 = PRESENTATION_STYLE_ASSIGNMENT((#12709));
#12709 = SURFACE_STYLE_USAGE(.BOTH.,#12710);
#12710 = SURFACE_SIDE_STYLE('',(#12711));
#12711 = SURFACE_STYLE_FILL_AREA(#12712);
#12712 = FILL_AREA_STYLE('',(#12713));
#12713 = FILL_AREA_STYLE_COLOUR('',#11754);
#12714 = STYLED_ITEM('color',(#12715),#6635);
#12715 = PRESENTATION_STYLE_ASSIGNMENT((#12716));
#12716 = SURFACE_STYLE_USAGE(.BOTH.,#12717);
#12717 = SURFACE_SIDE_STYLE('',(#12718));
#12718 = SURFACE_STYLE_FILL_AREA(#12719);
#12719 = FILL_AREA_STYLE('',(#12720));
#12720 = FILL_AREA_STYLE_COLOUR('',#11754);
#12721 = STYLED_ITEM('color',(#12722),#6659);
#12722 = PRESENTATION_STYLE_ASSIGNMENT((#12723));
#12723 = SURFACE_STYLE_USAGE(.BOTH.,#12724);
#12724 = SURFACE_SIDE_STYLE('',(#12725));
#12725 = SURFACE_STYLE_FILL_AREA(#12726);
#12726 = FILL_AREA_STYLE('',(#12727));
#12727 = FILL_AREA_STYLE_COLOUR('',#11754);
#12728 = STYLED_ITEM('color',(#12729),#6683);
#12729 = PRESENTATION_STYLE_ASSIGNMENT((#12730));
#12730 = SURFACE_STYLE_USAGE(.BOTH.,#12731);
#12731 = SURFACE_SIDE_STYLE('',(#12732));
#12732 = SURFACE_STYLE_FILL_AREA(#12733);
#12733 = FILL_AREA_STYLE('',(#12734));
#12734 = FILL_AREA_STYLE_COLOUR('',#11754);
#12735 = STYLED_ITEM('color',(#12736),#6700);
#12736 = PRESENTATION_STYLE_ASSIGNMENT((#12737));
#12737 = SURFACE_STYLE_USAGE(.BOTH.,#12738);
#12738 = SURFACE_SIDE_STYLE('',(#12739));
#12739 = SURFACE_STYLE_FILL_AREA(#12740);
#12740 = FILL_AREA_STYLE('',(#12741));
#12741 = FILL_AREA_STYLE_COLOUR('',#11754);
#12742 = STYLED_ITEM('color',(#12743),#6731);
#12743 = PRESENTATION_STYLE_ASSIGNMENT((#12744));
#12744 = SURFACE_STYLE_USAGE(.BOTH.,#12745);
#12745 = SURFACE_SIDE_STYLE('',(#12746));
#12746 = SURFACE_STYLE_FILL_AREA(#12747);
#12747 = FILL_AREA_STYLE('',(#12748));
#12748 = FILL_AREA_STYLE_COLOUR('',#11754);
#12749 = STYLED_ITEM('color',(#12750),#6755);
#12750 = PRESENTATION_STYLE_ASSIGNMENT((#12751));
#12751 = SURFACE_STYLE_USAGE(.BOTH.,#12752);
#12752 = SURFACE_SIDE_STYLE('',(#12753));
#12753 = SURFACE_STYLE_FILL_AREA(#12754);
#12754 = FILL_AREA_STYLE('',(#12755));
#12755 = FILL_AREA_STYLE_COLOUR('',#11754);
#12756 = STYLED_ITEM('color',(#12757),#6779);
#12757 = PRESENTATION_STYLE_ASSIGNMENT((#12758));
#12758 = SURFACE_STYLE_USAGE(.BOTH.,#12759);
#12759 = SURFACE_SIDE_STYLE('',(#12760));
#12760 = SURFACE_STYLE_FILL_AREA(#12761);
#12761 = FILL_AREA_STYLE('',(#12762));
#12762 = FILL_AREA_STYLE_COLOUR('',#11754);
#12763 = STYLED_ITEM('color',(#12764),#6796);
#12764 = PRESENTATION_STYLE_ASSIGNMENT((#12765));
#12765 = SURFACE_STYLE_USAGE(.BOTH.,#12766);
#12766 = SURFACE_SIDE_STYLE('',(#12767));
#12767 = SURFACE_STYLE_FILL_AREA(#12768);
#12768 = FILL_AREA_STYLE('',(#12769));
#12769 = FILL_AREA_STYLE_COLOUR('',#11754);
#12770 = STYLED_ITEM('color',(#12771),#6813);
#12771 = PRESENTATION_STYLE_ASSIGNMENT((#12772));
#12772 = SURFACE_STYLE_USAGE(.BOTH.,#12773);
#12773 = SURFACE_SIDE_STYLE('',(#12774));
#12774 = SURFACE_STYLE_FILL_AREA(#12775);
#12775 = FILL_AREA_STYLE('',(#12776));
#12776 = FILL_AREA_STYLE_COLOUR('',#11754);
#12777 = STYLED_ITEM('color',(#12778),#6830);
#12778 = PRESENTATION_STYLE_ASSIGNMENT((#12779));
#12779 = SURFACE_STYLE_USAGE(.BOTH.,#12780);
#12780 = SURFACE_SIDE_STYLE('',(#12781));
#12781 = SURFACE_STYLE_FILL_AREA(#12782);
#12782 = FILL_AREA_STYLE('',(#12783));
#12783 = FILL_AREA_STYLE_COLOUR('',#11754);
#12784 = STYLED_ITEM('color',(#12785),#6842);
#12785 = PRESENTATION_STYLE_ASSIGNMENT((#12786));
#12786 = SURFACE_STYLE_USAGE(.BOTH.,#12787);
#12787 = SURFACE_SIDE_STYLE('',(#12788));
#12788 = SURFACE_STYLE_FILL_AREA(#12789);
#12789 = FILL_AREA_STYLE('',(#12790));
#12790 = FILL_AREA_STYLE_COLOUR('',#11754);
#12791 = STYLED_ITEM('color',(#12792),#6854);
#12792 = PRESENTATION_STYLE_ASSIGNMENT((#12793));
#12793 = SURFACE_STYLE_USAGE(.BOTH.,#12794);
#12794 = SURFACE_SIDE_STYLE('',(#12795));
#12795 = SURFACE_STYLE_FILL_AREA(#12796);
#12796 = FILL_AREA_STYLE('',(#12797));
#12797 = FILL_AREA_STYLE_COLOUR('',#11754);
#12798 = STYLED_ITEM('color',(#12799),#6866);
#12799 = PRESENTATION_STYLE_ASSIGNMENT((#12800));
#12800 = SURFACE_STYLE_USAGE(.BOTH.,#12801);
#12801 = SURFACE_SIDE_STYLE('',(#12802));
#12802 = SURFACE_STYLE_FILL_AREA(#12803);
#12803 = FILL_AREA_STYLE('',(#12804));
#12804 = FILL_AREA_STYLE_COLOUR('',#11754);
#12805 = STYLED_ITEM('color',(#12806),#6878);
#12806 = PRESENTATION_STYLE_ASSIGNMENT((#12807));
#12807 = SURFACE_STYLE_USAGE(.BOTH.,#12808);
#12808 = SURFACE_SIDE_STYLE('',(#12809));
#12809 = SURFACE_STYLE_FILL_AREA(#12810);
#12810 = FILL_AREA_STYLE('',(#12811));
#12811 = FILL_AREA_STYLE_COLOUR('',#11754);
#12812 = STYLED_ITEM('color',(#12813),#6890);
#12813 = PRESENTATION_STYLE_ASSIGNMENT((#12814));
#12814 = SURFACE_STYLE_USAGE(.BOTH.,#12815);
#12815 = SURFACE_SIDE_STYLE('',(#12816));
#12816 = SURFACE_STYLE_FILL_AREA(#12817);
#12817 = FILL_AREA_STYLE('',(#12818));
#12818 = FILL_AREA_STYLE_COLOUR('',#11754);
#12819 = STYLED_ITEM('color',(#12820),#6902);
#12820 = PRESENTATION_STYLE_ASSIGNMENT((#12821));
#12821 = SURFACE_STYLE_USAGE(.BOTH.,#12822);
#12822 = SURFACE_SIDE_STYLE('',(#12823));
#12823 = SURFACE_STYLE_FILL_AREA(#12824);
#12824 = FILL_AREA_STYLE('',(#12825));
#12825 = FILL_AREA_STYLE_COLOUR('',#11754);
#12826 = STYLED_ITEM('color',(#12827),#6914);
#12827 = PRESENTATION_STYLE_ASSIGNMENT((#12828));
#12828 = SURFACE_STYLE_USAGE(.BOTH.,#12829);
#12829 = SURFACE_SIDE_STYLE('',(#12830));
#12830 = SURFACE_STYLE_FILL_AREA(#12831);
#12831 = FILL_AREA_STYLE('',(#12832));
#12832 = FILL_AREA_STYLE_COLOUR('',#11754);
#12833 = STYLED_ITEM('color',(#12834),#6926);
#12834 = PRESENTATION_STYLE_ASSIGNMENT((#12835));
#12835 = SURFACE_STYLE_USAGE(.BOTH.,#12836);
#12836 = SURFACE_SIDE_STYLE('',(#12837));
#12837 = SURFACE_STYLE_FILL_AREA(#12838);
#12838 = FILL_AREA_STYLE('',(#12839));
#12839 = FILL_AREA_STYLE_COLOUR('',#11754);
#12840 = STYLED_ITEM('color',(#12841),#6938);
#12841 = PRESENTATION_STYLE_ASSIGNMENT((#12842));
#12842 = SURFACE_STYLE_USAGE(.BOTH.,#12843);
#12843 = SURFACE_SIDE_STYLE('',(#12844));
#12844 = SURFACE_STYLE_FILL_AREA(#12845);
#12845 = FILL_AREA_STYLE('',(#12846));
#12846 = FILL_AREA_STYLE_COLOUR('',#11754);
#12847 = STYLED_ITEM('color',(#12848),#6950);
#12848 = PRESENTATION_STYLE_ASSIGNMENT((#12849));
#12849 = SURFACE_STYLE_USAGE(.BOTH.,#12850);
#12850 = SURFACE_SIDE_STYLE('',(#12851));
#12851 = SURFACE_STYLE_FILL_AREA(#12852);
#12852 = FILL_AREA_STYLE('',(#12853));
#12853 = FILL_AREA_STYLE_COLOUR('',#11754);
#12854 = STYLED_ITEM('color',(#12855),#6962);
#12855 = PRESENTATION_STYLE_ASSIGNMENT((#12856));
#12856 = SURFACE_STYLE_USAGE(.BOTH.,#12857);
#12857 = SURFACE_SIDE_STYLE('',(#12858));
#12858 = SURFACE_STYLE_FILL_AREA(#12859);
#12859 = FILL_AREA_STYLE('',(#12860));
#12860 = FILL_AREA_STYLE_COLOUR('',#11754);
#12861 = STYLED_ITEM('color',(#12862),#6974);
#12862 = PRESENTATION_STYLE_ASSIGNMENT((#12863));
#12863 = SURFACE_STYLE_USAGE(.BOTH.,#12864);
#12864 = SURFACE_SIDE_STYLE('',(#12865));
#12865 = SURFACE_STYLE_FILL_AREA(#12866);
#12866 = FILL_AREA_STYLE('',(#12867));
#12867 = FILL_AREA_STYLE_COLOUR('',#11754);
ENDSEC;
END-ISO-10303-21;
